id	pdf_page	starred_heading	contains_editorial_star	first_line
1.3	5	0	0	(Well-known problem). Can the group ring Z[G] of a torsion-free group G
1.5	5	0	0	(Well-known problem). Does there exist a group whose group ring does not
1.6	5	0	0	(A. I. Mal’cev). Is the group ring of a right-ordered group embeddable into a
1.12	5	0	0	(W. Magnus). The problem of the isomorphism to the trivial group for all
1.20	5	0	0	For which groups (classes of groups) is the lattice of normal subgroups first
1.27	5	0	0	Describe the universal theory of free groups.                   M. I. Kargapolov
1.28	5	0	0	Describe the universal theory of a free nilpotent group.        M. I. Kargapolov
1.31	5	0	0	Is a residually finite group with the maximum condition for subgroups almost
1.33	5	0	0	(A. I. Mal’cev). Describe the automorphism group of a free solvable group.
1.35	5	0	0	c) (A. I. Mal’cev, L. Fuchs). Do there exist simple pro-orderable groups?
1.40	5	0	0	Is a group a nilgroup if it is the product of two normal nilsubgroups?
1.46	5	0	0	What conditions ensure the normalizer of a relatively convex subgroup to be
1.51	5	0	0	What conditions ensure a matrix group over a field (of complex numbers) to
1.54	5	0	0	Describe all linear orderings of a free metabelian group with a finite number of
1.55	5	0	0	Give an elementary classification of linearly ordered free groups with a fixed
1.65	6	0	0	Is the class of groups of abelian extensions of abelian groups closed under taking
1.67	6	0	0	Suppose that G is a finitely presented group, F a free group whose rank is
1.74	6	0	0	Describe all minimal topological groups, that is, non-discrete groups all of whose
1.86	6	0	0	Is it true that the identical relations of a polycyclic group have a finite basis?
1.87	6	0	0	The same question for matrix groups (at least over a field of characteristic 0).
2.5	7	0	0	According to Plotkin, a group is called an N R-group if the set of its nil-elements
2.6	7	0	0	In an N R-group, the set of generalized central elements coincides with the nil-
2.9	7	0	0	Do there exist regular associative operations on the class of groups satisfying the
2.22	7	0	0	a) An abstract group-theoretic property Σ is said to be radical (in our sense)
2.24	7	0	0	Are Engel torsion-free groups orderable?                              A. I. Kokorin
2.25	7	0	0	a) (L. Fuchs). Describe the groups which are linearly orderable in only finitely
2.26	7	0	0	(L. Fuchs). Characterize as abstract groups the multiplicative groups of order-
2.28	7	0	0	Can every orderable group be embedded in a pro-orderable group? (See 1.35
2.40	7	0	0	c) The I-theory (Q-theory) of a class K of universal algebras is the totality of
2.42	8	0	0	What is the structure of the groupoid of quasivarieties
2.45	8	0	1	b) (P. Hall). Prove or refute the following conjecture: If the marginal subgroup
2.48	8	1	1	(N. Aronszajn). Let G be a connected topological group locally satisfying
2.56	8	0	0	Classify up to isomorphism the abelian connected algebraic unipotent linear
2.67	8	0	0	Find conditions which ensure that the nilpotent product of pure nilpotent
2.68	8	0	0	What can one say about lattice isomorphisms of a pure soluble group? Is
2.74	8	0	0	(Well-known problem). Describe the finite groups all of whose involutions have
2.78	8	0	0	Any set of all subgroups of the same given order of a finite group G that
2.80	9	0	0	Does every non-trivial group satisfying the normalizer condition contain a
2.81	9	0	0	a) Does there exist an axiomatizable class of lattices K such that the lattice of
2.82	9	0	0	Can the class of groups with the nth Engel condition [x, y, . . . , y ] = 1 be
2.84	9	0	0	Suppose that a locally finite group G is a product of two locally nilpotent
3.3	10	0	0	(Well-known problem). Describe the automorphism group of the free associative
3.5	10	0	0	Can a subgroup of a relatively free group be radicable? In particular, can a
3.12	10	0	0	(Well-known problem). Is a locally finite group with a full Sylow basis locally
3.16	10	0	0	The word problem for a group admitting a single defining relation in the variety
3.20	10	0	0	Does the class of orderable groups coincide with the smallest axiomatizable
3.34	10	0	0	(Well-known problem). The conjugacy problem for groups with a single defining
3.38	10	0	0	Describe the topological groups which have no proper closed subgroups.
3.43	10	0	0	Let µ be an infinite cardinal number. A group G is said to be µ-overnilpotent
3.44	10	0	0	Suppose that a group is generated by its ascendant soluble subgroups. Is it
3.45	10	0	0	Let X be a hereditary radical. Is it true that, in a locally nilpotent torsion-free
3.46	11	1	1	Does there exist a group having more than one, but finitely many maximal
3.47	11	0	0	(Well-known problem of A. I. Maltsev). Is it true that every locally nilpotent
3.48	11	0	0	It can be shown that hereditary radicals form a semigroup with respect to
3.49	11	0	0	Does the semigroup generated by all indecomposable radicals satisfy any iden-
3.55	11	0	0	Is every binary soluble group all of whose abelian subgroups have finite rank,
3.57	11	0	0	Determine the laws of distribution of non-soluble and simple group-theoretic
3.60	11	0	0	The notion of the p-length of an arbitrary finite group was introduced in
4.2	12	0	0	a) Find an infinite finitely generated group of exponent < 100.
4.5	12	0	0	b) Is it true that an arbitrary finitely presented group has either polynomial or
4.6	12	0	0	(P. Hall). Are the projective groups in the variety of metabelian groups free?
4.7	12	0	0	(Well-known problem). For which ring epimorphisms R → Q is the correspond-
4.9	12	0	0	Let G be a finitely generated torsion-free nilpotent group. Are there only a finite
4.11	12	0	0	Let F be the free group of rank 2 in some variety of groups. If F is not finitely
4.13	12	0	0	Prove that every finite non-abelian p-group admits an automorphism of order
4.17	12	0	0	If V is a variety of groups, denote by V  e the class of all finite V-groups. How
4.18	12	0	0	Characterize the classes K of groups, meeting the following requirements: sub-
4.19	12	0	0	Denote by C the class of all groups G with the following property: if U and V
4.24	12	0	0	Suppose T is a non-abelian Sylow 2-subgroup of a finite simple group G.
4.30	13	0	0	Describe the groups (finite groups, abelian groups) that are the full automor-
4.31	13	0	0	Describe the lattice of quasivarieties of nilpotent groups of nilpotency class 2.
4.33	13	0	0	Let Kn be the class of all groups with a single defining relation in the variety
4.34	13	0	0	Let v be a group word, and let Kv be the class of groups G such that there
4.40	13	0	0	Let C be a fixed non-trivial group (for instance, C = Z/2Z). As it is shown in
4.42	13	0	0	For what natural numbers n does the following equality hold:
4.44	13	0	0	(Well-known problem). Describe the groups whose automorphism groups are
4.46	13	0	0	a) We call a variety of groups a limit variety if it cannot be defined by finitely
4.48	14	0	0	A locally finite group is said to be an A-group if all of its Sylow subgroups are
4.50	14	0	0	What are the soluble varieties of groups all of whose finitely generated sub-
4.55	14	0	0	Let G be a finite group, and Z(p) the localization at p. Can every projective
4.56	14	0	0	Let R be a commutative Noetherian ring with 1, and Λ an R-algebra, which is
4.65	14	0	0	Conjecture:             never divides           if p, q are distinct primes. The
4.66	14	0	0	Let P be a presentation of a finite group G on mp generators and rp relations.
4.72	14	0	0	Is it true that every variety of groups whose free groups are residually nilpotent
4.74	14	0	0	b) Is every binary-finite 2-group of order greater than 2 non-simple?
4.75	14	0	0	Let G be a periodic group containing an involution i and suppose that the
5.1	15	0	0	b) Is every locally finite minimal non-F C-group distinct from its derived sub-
5.5	15	0	0	If G is a finitely generated abelian-by-polycyclic-by-finite group, does there exist
5.14	15	0	0	An intersection of some Sylow 2-subgroups is called a Sylow intersection and
5.15	15	0	0	Do there exist finitely presented residually finite groups with recursive, but not
5.16	15	0	0	Is every countable locally linear group embeddable in a finitely presented group?
5.25	15	0	0	Prove that the factor-group of any soluble linearly ordered group by its derived
5.26	15	0	0	Let G be a finite p-group with the minimal number of generators d, and let r1
5.27	16	0	0	Prove that if G is a torsion-free pro-p-group with a single defining relation,
5.30	16	0	0	(Well-known problem). Suppose that G is a finite soluble group, A ⩽ Aut G,
5.33	16	0	0	(Y. Ihara). Consider the quaternion algebra Q with norm f = x2 − τ y 2 −
5.35	16	0	0	Let V be a vector space of dimension n over a field. A subgroup G of GLn (V )
5.36	16	0	0	What profinite groups satisfy the maximum condition for closed subgroups?
5.38	16	0	0	Is it the case that if A, B are finitely generated soluble Hopfian groups then
5.39	16	0	0	Prove that every countable group can act faithfully as a group of automorphisms
5.42	16	0	0	Does the free group of rank 2 have an infinite ascending chain of verbal sub-
5.44	17	0	0	A union A = Vα of varieties of groups (in the lattice of varieties) is called
5.47	17	1	1	Is every countable abelian group embeddable in the center of some finitely
5.48	17	0	0	Suppose that G and H are finitely generated residually finite groups having
5.52	17	1	1	It is not hard to show that a finite perfect group is the normal closure of a
5.54	17	0	0	Let p, q, r be distinct primes and u(x, y, z) a commutator word in three vari-
5.55	17	0	0	Find a finite p-group that cannot be embedded in a finite p-group with trivial
5.56	17	0	0	a) Let p be a prime greater than 3. Is it true that every finite group of expo-
5.59	17	0	0	Let G be a locally finite group which is the product of a p-subgroup and a
5.67	17	0	0	Is a periodic residually finite group finite if it satisfies the weak minimum
6.1	18	0	0	A subgroup H of an arbitrary group G is said to be C-closed if H = C 2 (H) =
6.2	18	0	0	The totality of C-closed subgroups of an arbitrary group G is a complete lattice
6.3	18	0	0	A group G is called of type (F P )∞ if the trivial G-module Z has a resolution by
6.5	18	0	0	Is it the case that every soluble group G of type (F P )∞ is constructible in the
6.9	18	0	0	Is the derived subgroup of any locally normal group decomposable into a product
6.10	18	0	0	Let p be a prime and n be an integer with p > 2n + 1. Let x, y be p-elements
6.11	18	0	0	Let L be the class of locally compact groups with no small subgroups
6.21	19	0	0	G. Higman proved that, for any prime number p, there exists a natural number
6.24	19	0	0	The membership problem for the braid group on four strings. It is known
6.26	19	0	0	Let D be a normal set of involutions in a finite group G and let Γ(D) be the
6.28	19	0	0	Let A be an elementary abelian 2-group which is a T I-subgroup of a finite
6.29	19	0	0	Suppose that a finite group A is isomorphic to the group of all topological
6.30	19	1	1	Let G be a residually finite Hopfian group, and let G
6.31	19	0	0	b) Let G be a finitely generated residually finite group, d(G) the minimal
6.32	19	0	0	Let Fn be the free profinite group of finite rank n > 1. Is it true that for
6.38	19	0	0	b) Is it true that an arbitrary subgroup of GLn (k) that intersects every con-
6.39	20	0	0	A class of groups K is said to be radical if it is closed under taking homomorphic
6.45	20	1	1	Construct a characteristic subgroup N of a finitely generated free group
6.47	20	0	0	(C. D. H. Cooper). Let G be a group, v a group word in two variables such that
6.48	20	0	0	Is every infinite binary finite p-group non-simple? Here p is a prime number.
6.51	20	0	0	Let F be a local subformation of some formation X of finite groups and let Ω
6.55	20	0	0	A group G of the form G = F ⋋ H is said to be a Frobenius group withSkernel
6.56	20	0	0	Let G = F · ⟨a⟩ be a Frobenius group with the complement ⟨a⟩ of prime order.
6.59	20	0	0	A group G is said to be (conjugacy, p-conjugacy) biprimitively finite if, for any
6.60	21	0	0	Do there exist infinite finitely generated simple periodic (conjugacy) biprim-
6.61	21	0	0	Is every infinite periodic (conjugacy) biprimitively finite group without involu-
6.62	21	0	0	Is a (conjugacy, p-conjugacy) biprimitively finite group finite if it has a finite
7.3	22	0	0	Prove that the periodic product of odd exponent n ⩾ 665 of non-trivial groups
7.5	22	0	0	We say that a group is indecomposable if any two of its proper subgroups generate
7.15	22	0	1	Prove that if F ∗ (G) is quasisimple and α ∈ Aut G, |α| = 2, then CG (α)
7.19	22	0	0	Construct an explicit example of a finitely presented simple group with word
7.21	22	0	0	Is there an algorithm which decides if an arbitrary finitely presented solvable
7.23	22	0	0	Does there exist an algorithm which decides, for a given list of group identities,
7.25	22	0	0	We associate with words in the alphabet x, x−1 , y, y −1 , z, z −1 , . . . operations
7.26	23	0	0	The ordinal height of a variety of groups is, by definition, the supremum of
7.27	23	0	0	Is it true that the group SLn (q) contains, for sufficiently large q, a diagonal
7.28	23	0	0	Let G(K) be the Chevalley group over a commutative ring K associated with
7.31	23	0	0	Let A be a group of automorphisms of a finite non-abelian 2-group G acting
7.33	23	0	0	An elementary T I-subgroup V of a finite group G is said to be a subgroup
7.34	23	0	0	In many of the sporadic finite simple groups the 2-ranks of the centralizers of
7.35	23	0	0	What varieties of groups V have the following property: the group G/V(G) is
7.38	24	0	0	A variety of profinite groups is a non-empty class of profinite groups closed
7.39	24	0	0	Let G = a, b | ap = (ab)3 = b2 = (aσ ba2/σ b)2 = 1 , where p is a prime, σ is
7.41	24	0	0	(John S. Wilson). Is every linear SI-group an SN -group?          Yu. I. Merzlyakov
7.45	24	0	0	Does the Q-theory of the class of all finite groups (in the sense of 2.40) coincide
7.49	24	0	0	Let G be a finitely generated group, and N a minimal normal subgroup of G
7.50	24	0	0	Study the structure of the primitive permutation groups (finite and infinite),
7.51	24	0	0	What are the primitive permutation groups (finite and infinite) which have a
7.52	24	0	0	Describe the locally finite primitive permutation groups in which the centre of
7.54	24	0	0	Does there exist a group of infinite special rank which can be represented as a
7.55	24	0	0	Is it true that a group which is a product of two almost abelian subgroups is
7.56	25	0	0	(B. Amberg). Does a group satisfy the minimum (respectively, maximum)
7.57	25	0	0	a) A set of generators of a finitely generated group G consisting of the least
7.58	25	0	0	Suppose that F is an absolutely free group, R a normal subgroup of F , and
8.1	26	0	0	Characterize all groups (or at least all soluble groups) G and fields F such that
8.2	26	0	0	Let G be the amalgamated free product of two polycyclic groups, amalgamating
8.3	26	0	0	Let m and n be positive integers and p a prime. Let Pn (Zpm ) be the group of
8.4	26	0	0	Construct a finite nilpotent loop with no finite basis for its laws.
8.8	26	0	0	b) (D. V. Anosov). Does there exist a non-cyclic finitely presented group G which
8.9	26	0	0	(C. Chou). We say that a group G has property P if for every finite subset F
8.11	27	1	1	Consider the group
8.12	27	0	0	Let D0 denote the class of finite groups of deficiency zero, i. e. having a
8.14	27	0	0	b) Assume a group G is existentially closed in one of the classes LN+ , LSπ ,
8.15	27	0	0	(Well-known problem). Is every N    e -group a Z-group? For definitions, see
8.16	27	0	0	Is the class of all Z-groups closed under taking normal subgroups?
8.19	27	0	0	Which of the following properties of (soluble) varieties of groups are equivalent
8.21	27	0	0	If the commutator subgroup G′ of a relatively free group G is periodic, must
8.23	27	0	0	If the dihedral group D of order 18 is a section of a direct product A × B, must
8.24	27	0	0	Prove that every linearly ordered group of finite rank is soluble.
8.25	27	0	0	Does there exist an algorithm which recognizes by an identity whether it defines
8.27	28	0	0	Does the lattice of all varieties of groups possess non-trivial automorphisms?
8.29	28	0	0	Do there exist locally nilpotent groups with trivial centre satisfying the weak
8.30	28	0	1	Let X, Y be Fitting classes of soluble groups which satisfy the Lockett condition,
8.33	28	0	0	Let a, b be two elements
8.35	28	0	0	c) Determine the conjugacy classes of maximal subgroups in the sporadic
8.40	28	0	0	Describe the finite groups generated by a conjugacy class D of involutions
8.41	28	0	0	What finite groups G contain a normal set of involutions D which contains a
8.42	28	0	0	Describe the finite groups all of whose soluble subgroups of odd indices have
8.43	28	0	1	(F. Timmesfeld). Let T be a Sylow 2-subgroup of a finite group G. Suppose that
8.44	28	0	0	Prove or disprove that for all, but finitely many, primes p the group
8.45	28	0	0	When it follows that a group is residually a (X∩Y)-group, if it is both residually
8.50	29	0	0	At a conference in Oberwolfach in 1979 I exhibited a finitely generated soluble
8.51	29	1	1	(J. McKay). If G is a finite group and p a prime let m (G) denote the number
8.52	29	0	0	(Well-known problem).       Do there exist infinite finitely presented periodic
8.53	29	0	0	a) Let n be a sufficiently large odd number. Describe the automorphisms of
8.54	29	0	0	a) (Well-known problem). Classify metabelian varieties of groups (or show that
8.55	29	0	0	It is easy to see that the set of all quasivarieties of groups, in each of which
8.58	29	0	0	Does a locally compact locally nilpotent nonabelian group without elements of
8.59	29	0	0	Suppose that, in a locally compact locally nilpotent group G, all proper closed
8.60	29	0	0	Describe the locally compact primary locally soluble groups which are covered
8.62	29	0	0	Describe the locally compact locally pronilpotent groups for which the space of
8.64	29	0	0	Does the class of all finite groups possess an independent basis of quasiidenti-
8.67	30	0	0	Do there exist Golod groups all of whose abelian subgroups have finite ranks?
8.72	30	0	0	Does there exist a finitely presented group G which is not free or cyclic of prime
8.74	30	0	0	A subnormal subgroup H◁◁ G of a group G is said to be good if and only if
8.75	30	1	1	(A known problem). Suppose G is a finite primitive permutation group on
8.77	30	0	0	Do there exist strongly regular graphs with parameters λ = 0, µ = 2 of degree
8.78	30	0	0	It is known that there exists a countable locally finite group that contains a
8.79	30	0	0	Does there exist a countable infinite locally finite group G that is complete,
8.82	30	0	0	Let H = C × R = {(z, r) | z ∈ C, r > 0} be the three-dimensional Poincaré
8.83	31	0	0	In the notation of 8.82, for r(π) > 0, one can define via Hecke algebras a
8.85	31	0	0	Construct a finite p-group G whose Hughes subgroup Hp (G) = ⟨x ∈ G |
8.86	31	0	0	(Well-known problem). Suppose that all proper closed subgroups of a locally
9.1	32	0	0	A group G is said to be potent if, to each x ∈ G and each positive integer n
9.4	32	0	0	It is known that if M is a variety (quasivariety, pseudovariety) of groups, then
9.5	32	0	0	A variety of groups is called primitive if each of its subquasivarieties is a variety.
9.6	32	0	0	Is it true that an independent basis of quasiidentities of any finite group is finite?
9.7	32	0	0	(A. M. Stëpin). Does there exist an infinite finitely generated amenable group of
9.9	32	0	0	Does there exist a finitely generated group which is not nilpotent-by-finite
9.11	32	0	0	Is an abelian minimal normal subgroup A of a group G an elementary p-group
9.13	32	0	0	Is a soluble torsion-free group minimax if it satisfies the weak minimum condi-
9.14	32	0	0	Is a group locally finite if it decomposes into a product of periodic abelian
9.15	32	0	0	Describe, without using CFSG, all subgroups L of a finite Chevalley group G
9.17	32	0	0	b) Let G be a locally normal residually finite group. Does there exist a normal
9.19	33	0	0	a) Let n(X) denote the minimum of the indices of proper subgroups of a
9.23	33	0	0	Let G be a finite group, B a block of characters of G, D(B) its defect group
9.24	33	0	0	(J. G. Thompson). Conjecture: every finite simple non-abelian group G can be
9.26	33	0	0	b) Describe the finite groups of 2-local 3-rank 1 which have non-cyclic Sylow
9.28	33	0	0	Suppose that a finite group G is generated by a conjugacy class D of involutions
9.29	33	0	0	(Well-known problem). According to a classical theorem of Magnus, the word
9.31	33	0	0	Let k be a field of characteristic 0. According to (Yu. I. Merzlyakov, Proc. Stek-
9.35	33	0	0	A topological group is said to be inductively compact if any finite set of its
9.36	33	0	0	Characterize the lattices of closed subgroups in locally compact groups. In the
9.37	33	0	0	Is a compactly generated inductively prosoluble locally compact group pro-
9.38	34	0	0	A group is said to be compactly covered if it is the union of its compact sub-
9.39	34	0	0	Let Ω be a countable set and m a cardinal number such that ℵ0 ⩽ m ⩽ 2ℵ0
9.40	34	0	0	Let Ω be a countably infinite set. Define a moiety of Ω to be a subset Σ such
9.41	34	0	1	Let Ω be a countably infinite set. For k ⩾ 2 define a k-section of Ω to be a
9.42	34	1	1	Let Ω be a countable set and let D be the set of total order relations on Ω for
9.43	34	0	0	b) The group G indicated in (N. D. Podufalov, Abstracts of the 9th All–Union
9.44	34	0	0	A topological group is said to be layer compact if the full inverse images of all
9.45	34	0	0	Let a be a vector in Rn with rational coordinates and set
9.47	35	0	0	Is it true that every scattered compact can be homeomorphically embedded
9.51	35	0	0	Does there exist a finitely presented soluble group satisfying the maximum con-
9.52	35	0	0	Does a finitely presented soluble group of finite rank have soluble conjugacy
9.53	35	0	0	Is the isomorphism problem soluble for finitely presented soluble groups of
9.55	35	0	0	Does there exist a finite p-group G and a central augmented automorphism φ
9.57	35	0	0	The set of subformations of a given formation is a lattice with respect to
9.61	35	0	0	Two varieties are said to be S-equivalent if they have the same Mal’cev theory
9.65	35	0	0	Is a locally soluble group periodic if it is a product of two periodic subgroups?
9.66	35	1	1	a) B. Jonsson’s Conjecture: elementary equivalence is preserved under taking
9.68	35	0	0	Let V be a variety of groups which is not the variety of all groups, and let p
9.69	36	1	1	(P. Cameron). Let G be a finite primitive permutation group and suppose
9.70	36	0	0	Prove or disprove the conjecture of P. Cameron (Bull. London Math. Soc., 13,
9.71	36	0	0	Is it true that every infinite 2-transitive permutation groups with locally soluble
9.72	36	0	0	Let G1 and G2 be Lie groups with the following property: each Gi contains
9.75	36	0	0	Find all local formations F of finite groups such that, in every finite group, the
9.76	36	0	0	We define a Golod group to be the r-generated, r ⩾ 2, subgroup ⟨1 + x1 + I,
9.77	36	0	0	Does there exist an infinite finitely generated residually finite binary finite
9.78	36	0	1	Does there exist a periodic residually finite F ∗ -group (see Archive, 7.42) all of
9.83	37	0	0	Suppose that G is a (periodic) p-conjugacy biprimitively finite group (see 6.59)
9.84	37	0	0	a) Is every binary finite 2-group of finite exponent locally finite?
10.2	38	0	0	A mixed identity of a group G is, by definition, an identity of an algebraic system
10.3	38	0	0	Characterize (in terms of bases of mixed identities or in terms of generating
10.4	38	0	0	Let p be a prime number. Is it true that a mixed variety of groups generated by
10.5	38	0	0	Construct an example of a finite group whose mixed identities do not have a
10.8	38	0	0	Does there exist a topological group which cannot be embedded in the multi-
10.10	38	0	0	Is it true that a quasivariety generated by a finitely generated torsion-free
10.11	38	0	0	Is it true that every finitely presented group contains either a free subsemi-
10.12	38	0	0	Does there exist a finitely generated semigroup S with cancellation having
10.13	38	0	0	Does there exist a massive set of independent elements in a free group F2 on
10.15	39	0	0	For every (known) finite quasisimple group and every prime p, find the faithful
10.16	39	0	0	A class of groups is called a direct variety if it is closed under taking sub-
10.17	39	0	0	(M. J. Tomkinson). Let G be an F C-group whose derived subgroup is embed-
10.18	39	0	0	(M. J. Tomkinson). Let G be an F C-group which is residually in the class
10.19	39	0	0	Characterize the radical associative rings such that the set of all normal
10.20	39	0	0	In a Chevalley group of rank ⩽ 6 over a finite field of order ⩽ 9, describe
10.26	39	0	0	b) Does there exist an algorithm which decides whether the equation of the
10.27	39	0	1	a) Let t be an involution of a finite group G and suppose that the set D =
10.29	39	0	0	Describe the finite groups which contain a set of involutions D such that, for
10.31	40	0	0	Suppose that G is an algebraic group, H is a closed normal subgroup of G
10.32	40	0	0	A group word is said to be universal on a group G if its values on G run
10.34	40	1	1	Does there exist a non-soluble finite group which coincides with the product
10.35	40	0	0	Is it true that every finitely generated torsion-free subgroup of GLn (C) is
10.36	40	0	0	Is it true that SLn (Z[x1 , . . . , xr ]), for n sufficiently large, is a group of type
10.38	40	0	0	(W. van der Kallen). Does En+3 (Z[x1 , . . . , xn ]), n ⩾ 1, have finite breadth
10.39	40	0	0	a) Is the membership problem soluble for the subgroup En (R) of SLn (R)
10.40	41	0	0	P(H. Bass). Let G be a group, e an idempotent matrix over ZG and let
10.42	41	0	0	(J. T. Stafford). Let G be a poly-Z-group and let k be a field. Is it true that
10.43	41	0	1	Let R and S be associative rings with identity such that 2 is invertible in S.
10.44	41	0	0	Prove that every standard homomorphism Λ of En (R) ⊂ GLn (R) = GL(V )
10.45	41	0	0	Let n ⩾ 3 and suppose that N is a subgroup of GLn (R) which is normalized
10.46	41	0	0	Prove that for every element σ ∈ GLn (R), n ⩾ 3, there exist transvections
10.47	42	0	0	Describe the automorphisms of P E2 (R) in the case where the ring R is
10.49	42	0	0	Does there exist a group G satisfying the following four conditions:
10.50	42	0	0	Complex characters of a finite group G induced by linear characters of cyclic
10.51	42	0	0	Describe the structure of thin abelian p-groups. Such a description is known
10.52	42	0	0	(R. Mines). It is well known that the topology on the completion of an abelian
10.53	42	0	0	(M. Dugas). Let R be the Reid class, i. e. the smallest containing Z and
10.54	42	0	0	(R. Göbel). For a cardinal number µ, let
10.55	42	0	0	(A. Mader). “Standard B”, that is, B = Z(p) ⊕ Z(p2 ) ⊕ · · · , is slender as
10.57	43	0	0	What are the minimal non-A-formations? An A-formation is, by definition,
10.58	43	0	0	Is the subsemigroup generated by the undecomposable formations in the
10.59	43	0	0	Is a p′ -group G locally nilpotent if it admits a splitting automorphism φ of
10.60	43	0	0	Does every periodic group (p-group) A of regular automorphisms of an abelian
10.61	43	0	0	Suppose that H is a proper subgroup of a group G, a ∈ H, a2 ̸= 1 and
10.62	43	0	0	Construct an example of a (periodic) group without subgroups of index 2
10.64	43	1	1	Does there exist a non-periodic doubly transitive permutation group with a
10.65	43	0	0	Determine the structure of infinite 2-transitive permutation groups (G, Ω) in
10.67	44	0	0	The class LN Mp of locally nilpotent groups admitting a splitting automor-
10.70	44	0	0	Find a geometrical justification for the Whitehead method for free products
10.71	44	0	0	Is it true that the centralizer of any automorphism (any finite set of automor-
10.73	44	0	0	Enumerate all formations of finite groups all of whose subformations are
10.74	44	0	0	Suppose that a group G contains an element a of prime order such that its
10.75	44	0	0	Suppose that a group G contains an element a of prime order p such that
10.77	44	0	0	Suppose that G is a periodic group containing an elementary abelian subgroup
10.78	45	0	0	Does there exist a non-Chernikov group which is a product of two Chernikov
11.1	46	0	0	(Well-known problem). Describe the structure of the centralizers of unipotent
11.3	46	0	0	(M. Aschbacher). A p-local subgroup H in a group G is said to be a superlocal
11.5	46	0	0	Let k be a commutative ring and let G be a torsion-free almost polycyclic
11.7	46	0	1	a) Find conditions for a group G, given by its presentation, under which the
11.8	46	0	0	b) For a finite group X, let χ1 (X) denote the totality of the degrees of all
11.9	46	1	1	(I. I. Pyatetskiı̆-Shapiro). Does there exist a finite non-soluble group G such
11.10	46	0	0	(R. C. Lyndon). a) Does there exist an algorithm that, given a group
11.12	46	0	0	a) Suppose that G is a simple locally finite group in which the centralizer of
11.14	47	0	0	Is every finite simple group characterized by its Cartan matrix over an al-
11.15	47	0	0	It is known that for each prime number p there exists a series a1 , a2 , . . . of
11.16	47	0	0	Let Vr be the class of all finite groups G satisfying a law [x, r y] = [x, s y] for
11.17	47	0	0	Let G be a finite group and let d = d(G) be the least positive integer such
11.18	47	0	0	Let G(a, b) = ⟨x, y | x = [x, a y], y = [y, b x]⟩. Is G(a, b) finite?
11.19	47	0	0	(C. Sims). Is the nth term of the lower central series of an absolutely free group
11.22	47	0	0	Characterize all p-groups, p a prime, that can be faithfully represented as
11.23	48	0	0	An automorphism φ of a group G is called a nil-automorphism if, for every
11.25	48	0	0	b) Do there exist local Fitting classes which are decomposable into a non-
11.28	48	0	0	Suppose the prime graph of the finite group G is disconnected. (This means
11.29	48	0	0	Let F be a free group and f = ZF (F −1) the augmentation ideal of the integral
11.30	48	0	0	Is it true that the rank of a torsion-free soluble group is equal to the rank
11.31	48	0	0	Is a radical group polycyclic if it is a product of two polycyclic subgroups?
11.32	49	1	1	Describe the primitive finite linear groups that contain a matrix with simple
11.33	49	0	0	b) Let G(q) be a simple Chevalley group over a field of order q. Prove that
11.34	49	0	0	Describe the complex representations of quasisimple finite groups which re-
11.36	49	0	0	Let G = B(m, n) be the free Burnside group of rank m and of odd exponent
11.37	49	0	0	a) Can the free Burnside group B(m, n), for any m and n, be given by defining
11.38	49	0	0	Does there exist a finitely presented Noetherian group which is not almost
11.39	49	0	0	(Well-known problem). Does there exist a group which is not almost poly-
11.40	50	0	0	Prove or disprove that a torsion-free group G with the small cancellation
11.44	50	0	0	For a finite group X, we denote by r(X) its sectional rank. Is it true that the
11.45	50	0	0	A t-(v, k, λ) design D = (X, B) contains a set X of v points and a set B of
11.46	50	0	0	a) Does there exist a finite 3-group G of nilpotency class 3 with the property
11.48	50	0	0	Is the commutator [x, y, y, y, y, y, y] a product of fifth powers in the free
11.49	50	0	0	B. Hartley (Proc. London Math. Soc., 35, no. 1 (1977), 55–75) constructed
11.50	51	0	0	Let A, C be abelian groups. If A[n] = 0, i. e. for a 
11.51	51	0	0	Are there (large, non-trivial) classes X of torsion-free abelian groups such that
11.56	51	0	0	a) Does every infinite residually finite group contain an infinite abelian sub-
11.58	51	0	0	Describe the finite groups which contain a tightly embedded subgroup H such
11.59	51	0	0	A T I-subgroup A of a group G is called a subgroup of root type if [A, Ag ] = 1
11.60	51	0	0	Is it true that the hypothetical Moore graph with 3250 vertices of valence
11.61	51	0	0	Let F be a non-abelian free pro-p-group. Is it true that the subset {r ∈ F |
11.62	51	0	0	Describe the groups over which any equation is soluble. In particular, is it
11.63	52	0	0	Suppose that G is a one-relator group containing non-trivial elements of finite
11.65	52	0	0	Conjecture: any finitely generated soluble torsion-free pro-p-group with de-
11.66	52	0	0	(Yu. L. Ershov). Is the elementary theory of a free pro-p-group decidable?
11.67	52	1	1	Does there exist a torsion-free group with exactly 3 classes of conjugate
11.69	52	0	0	A group G acting on a set Ω will be said to be 1-{2}-transitive if it acts
11.70	52	0	0	Let F be an infinite field or a skew-field.
11.71	52	0	0	Let A be a finite group with a normal
11.72	52	0	0	Suppose that a variety of groups V is non-regular, that is, the free group
11.73	53	0	0	If a relatively free group is finitely presented, is it virtually nilpotent?
11.76	53	0	0	(Well-known problem). Is the group of collineations of a finite non-Desar-
11.77	53	0	0	(Well-known problem). Describe the finite translation planes whose collinea-
11.78	53	0	0	An isomorphism of groups of points of algebraic groups is called semialgebraic
11.80	53	0	0	Let G be a primitive permutation group on a finite set Ω and suppose that,
11.81	53	0	0	A topological group is said to be F -balanced if for any subset X and any
11.83	53	0	0	Is the conjugacy problem soluble for finitely generated abelian-by-polycyclic
11.84	54	0	0	Is the isomorphism problem soluble
11.85	54	0	0	Let F be a free pro-p-group with a basis X and let R = rF be the closed
11.86	54	0	0	Does every group G = ⟨x1 , . . . , xn | r1 = · · · = rm = 1⟩ possess, in a natural
11.87	54	0	0	(Well-known problem). Is the automorphism group of a free metabelian group
11.89	54	0	0	Let k be an
11.90	54	0	0	Let V be a variety of groups and let k be an infinite cardinal number. A group
11.92	54	0	0	What are the soluble hereditary non-one-generator formations of finite groups
11.95	54	0	0	Suppose that G is a p-group G containing an element a of order p such that
11.96	55	1	1	(a) Is it true that, for a given number n, there exist only finitely many finite
11.98	55	0	0	a) (R. Brauer). Find the best-possible estimate of the form |G| ⩽ f (r) where
11.99	55	0	0	Find (in group-theoretic terms) necessary and sufficient conditions for a finite
11.100	55	0	0	Is it true that every periodic conjugacy biprimitively finite group (see 6.59)
11.102	55	0	0	Does there exist a residually soluble but insoluble group satisfying the max-
11.105	55	0	0	b) Let V be a variety of groups. Its relatively free group of given rank has a
11.107	55	0	0	Is there a non-linear locally finite simple group each of whose proper sub-
11.109	55	0	0	Is it true that the union of an ascending series of groups of Lie type of equal
11.111	55	0	0	Does every infinite locally finite simple group G contain a nonabelian finite
11.112	56	0	0	Let L = L(K(p)) be the associated Lie ring of a free countably generated
11.113	56	0	0	(B. Hartley). Is it true that the derived length of a nilpotent periodic group
11.114	56	0	0	Is every locally graded group of finite special rank almost hyperabelian?
11.115	56	0	0	Suppose that X is a free non-cyclic group, N is a non-trivial normal subgroup
11.116	56	0	0	The dimension of a partially ordered set ⟨P, ⩽⟩ is, by definition, the least
11.117	56	0	0	Let X be a soluble non-empty Fitting class. Is it true that every finite
11.118	56	0	0	What are the hereditary soluble local formations F of finite groups such that
11.119	56	0	0	Is it true that, for any non-empty set of primes π, the π-length of any finite
11.120	56	0	0	Let F be a soluble saturated Fitting formation. Is it true that lF (G) ⩽
11.121	56	0	0	Does there exist a local formation of finite groups which has a non-trivial
11.122	56	0	0	Does every non-zero submodule of a free module over the group ring of a
11.123	57	0	0	(Well-known problem). For a given group G, define the following sequence
11.124	57	0	0	Let F be a non-cyclic free group and R a non-cyclic subgroup of F . Is it
11.125	57	0	0	Let G be a finite group admitting a regular elementary abelian
11.127	57	0	0	Is every group of exponent 12 locally finite?                   V. P. Shunkov
12.1	58	0	0	a) H. Bass (Topology, 4, no. 4 (1966), 391–400) has constructed explicitly a
12.3	58	0	0	A p-group is called thin if every set of pairwise incomparable (by inclusion)
12.4	58	0	0	Let G be a group and assume that we have [x, y]3 = 1 for all x, y ∈ G. Is G′
12.6	58	0	0	Let G be a finitely generated group and suppose that H is a p-subgroup of
12.8	58	0	0	Let V be a non-trivial variety of groups and let a1 , . . . , ar freely generate a
12.9	58	0	0	Following Bass, call a group tree-free if there is an ordered Abelian group Λ
12.11	58	0	1	Suppose that G, H are countable or finite groups and A is a proper subgroup
12.12	58	0	0	Is the conjugacy problem for nilpotent finitely generated lattice-ordered
12.13	59	0	0	If ⟨Ω, ⩽⟩ is the countable universal poset, then G = Aut (⟨Ω, ⩽⟩) is simple
12.15	59	1	1	Suppose that, in a finite 2-group G, any two elements are conjugate whenever
12.16	59	0	0	Is the class of groups of recursive automorphisms of arbitrary models closed
12.17	59	0	0	Find a description of autostable periodic abelian groups.                   S. S. Goncharov
12.19	59	0	0	Is it true that, for every n ⩾ 2 and every two epimorphisms φ and ψ of a free
12.20	59	0	0	(Well-known problem). Is R. Thompson’s group
12.21	59	0	0	Let R be a commutative ring with identity and let G be a finite group. Prove
12.23	59	0	0	The index of permutability of a group G is defined to be the minimal integer
12.27	59	0	0	Let G be a simple locally finite group. We say that G is a group of finite
12.28	60	0	1	Let G be a group. A function f : G → C is called
12.29	60	0	0	Classify the locally finite groups for which the augmentation ideal of the
12.30	60	0	0	(O. N. Golovin). On the class of all groups, do there exist associative op-
12.33	60	0	0	Suppose that G is a finite group and x is an element of G such that the
12.34	60	0	0	Describe the finite groups G such that the sum of the cubes of the degrees of
12.35	60	0	0	Suppose that F is a radical composition formation of finite groups. Prove that
12.37	60	1	1	(J. G. Thompson). For a finite group G and natural number n, set G(n) =
12.40	60	0	0	Let φ be an irreducible p-modular character of a finite group G. Find the
12.41	61	1	1	Let F be a free group on two generators x, y and let φ be the automorphism
12.43	61	0	0	(Well-known problem). Does there exist an infinite finitely-generated residu-
12.48	61	0	0	Let G be a sharply doubly transitive permutation group on a set Ω (see
12.50	61	0	0	(Well-known problem). Find an algorithm which decides, by a given finite
12.51	61	1	1	Does the free group F (1 < η < ∞) have a finite subset S for which there
12.52	61	0	0	Is the free l-group Fη of rank η (1 < η < ∞) Hopfian? That is, are l-homo-
12.53	61	0	0	Is it decidable whether or not two elements of a free l-group are conjugate?
12.54	61	0	0	Is there a normal valued l-group G for which there is no abelian l-group A
12.55	62	0	0	Let f (n, p) be the number of groups of order pn . Is f (n, p) an increasing
12.56	62	0	0	Let ⟨X | R⟩ be a finite presentation (the words in R are assumed cyclically
12.57	62	0	0	Suppose that a cyclic group A of order 4 is a T I-subgroup of a finite group G.
12.58	62	0	0	A generalized quadrangle GQ(s, t) with parameters s, t is by definition an
12.59	62	0	0	Does there exist a strongly regular graph with parameters (85, 14, 3, 2) and
12.60	62	0	0	Describe the strongly regular graphs in which the neighborhoods of vertices
12.62	62	0	0	A Frobenius group is a transitive permutation group in which the stabilizer of
12.63	62	0	0	Does there exist a soluble permutation group of infinite degree that has only
12.64	63	0	0	Is it true that for a given number k ⩾ 2 and for any (prime) number n,
12.66	63	0	0	Describe the finite translation planes whose collineation groups act doubly
12.67	63	0	0	Describe the structure of the locally compact soluble groups with the maxi-
12.68	63	0	0	Describe the locally compact abelian groups in which any two closed subgroups
12.69	63	0	0	Let F be a countably infinite field and G a finite group of automorphisms
12.72	63	0	0	Let F be a soluble local hereditary formation of finite groups. Prove that F is
12.73	63	0	0	A formation H of finite groups is said to have length t if there is a chain of
12.75	63	0	0	(B. Jonsson). Is the class N of the lattices of normal subgroups of groups
12.81	63	0	0	What is the cardinality of the set of subvarieties of the group variety A3p
12.85	63	0	0	Does every variety which is generated by a (known) finite simple group con-
12.86	63	0	0	For each known finite simple group, find its maximal 2-generator direct power.
12.87	64	0	0	Let Γ be a connected undirected graph without loops or multiple edges and
12.88	64	0	0	An undirected graph is called a locally finite Cayley graph of a group G if
12.89	64	0	0	Describe the infinite connected graphs to which the sequences of finite con-
12.92	64	0	0	For a field K of characteristic 2, each finite group G = {g1 , . . . , gn } of odd
12.95	64	0	0	Let G be a finitely generated pro-p-group and let g1 , . . . , gn ∈ G. Let H be an
12.100	64	0	0	Is every periodic group with a regular automorphism of order 4 locally finite?
12.101	65	0	0	We call a group G containing an involution i a T0 -group if
13.1	66	0	0	Let U (K) denote the group of units of a ring K. Let G be a finite group, ZG
13.2	66	0	0	Does there exist a finitely based variety of groups V such that the word problem
13.3	66	0	0	Let M be an arbitrary variety of groups. Is it true that every infinitely generated
13.4	66	0	0	Let G be a group with a normal (pro-) 2-subgroup N such that G/N is isomor-
13.5	66	0	0	Groups A and B are said to be locally equivalent if for every finitely generated
13.6	66	0	0	(B. Hartley). Is it true that a locally finite group containing an element with
13.7	66	0	0	(B. Hartley). Is it true that a simple locally finite group containing a finite
13.8	66	0	1	(B. Hartley). Is it true that a locally soluble periodic group has a finite normal
13.9	66	0	0	Is it true that a locally soluble periodic group containing a finite nilpotent
13.12	67	0	0	Is the group of all automorphisms of an arbitrary hyperbolic group finitely
13.13	67	0	0	Let G and H be finite p-groups with isomorphic Burnside rings. Is the nilpo-
13.14	67	0	0	Is the lattice of quasivarieties of nilpotent torsion-free groups of nilpotency
13.15	67	0	0	Does a free non-abelian nilpotent group of class 3 possess an independent
13.17	67	0	0	A representation of a group G on a vector space V is called a nil-represen-
13.19	67	0	0	Suppose that both a group Q and its normal subgroup H are subgroups of
13.20	67	0	0	Is it true that the generating series of the growth function of every finitely
13.21	67	0	0	b) What is the minimal possible rate of growth of the function π(n) = max |g|
13.22	67	0	0	Let the group G = AB be the product of two polycyclic subgroups A and B,
13.23	67	1	1	Let the group G have a finite normal series with infinite cyclic factors (con-
13.24	68	0	0	Let G be a non-discrete topological group with only finitely many ultrafilters
13.25	68	0	0	Let (G, τ ) be a topological group with finite semigroup τ (G) of ultrafilters
13.27	68	0	0	(B. Amberg). Suppose that G = AB = AC = BC for a group G and its
13.30	68	0	0	A group G is called a B-group if every primitive permutation group which
13.31	68	0	0	Let G be a permutation group on a set Ω. A sequence of points of Ω is a base
13.32	68	0	0	(Well-known problem). On a group, a partial order that is directed upwards
13.35	68	0	0	Does every non-soluble pro-p-group of cohomological dimension 2 contain a
13.36	68	0	0	For a finitely generated pro-p-group G set an (G) = dim Fp I n /I n+1 , where I
13.37	68	0	0	Let G be a torsion-free pro-p-group, U an open subgroup of G. Suppose that
13.39	69	0	0	Let A be an associative ring with unity and with torsion-free additive group,
13.41	69	0	0	Is the elementary theory of the class of all groups acting freely on Λ-trees
13.42	69	0	0	Prove that the tensor A-completion (see A. G. Myasnikov, V. N. Remeslenni-
13.43	69	1	1	(G. R. Robinson). Let G be a finite group and B be a p-block of characters
13.44	69	0	0	For any partition of an arbitrary group G into finitely many subsets G =
13.48	69	0	0	(W. W. Comfort, J. van Mill). A topological group is said to be irresolvable
13.49	69	0	0	(V. I. Malykhin). Can a topological group be partitioned into two dense
13.51	70	0	0	Is every finite modular lattice embeddable in the lattice of formations of finite
13.52	70	0	0	The dimension of a finitely based variety of algebras V is defined to be the
13.53	70	0	0	Let a, b be elements of finite order of the infinite group G = ⟨a, b⟩. Is it
13.54	70	0	0	a) Is it true that, for p sufficiently large, every (finite) p-group can be a com-
13.55	70	0	0	Does there exist a Golod group (see 9.76), which is isomorphic to an AT -
13.57	70	0	0	Let φ be an automorphism of prime order p of a finite group G such that
13.59	70	0	0	One can show that any extension of shape Zd . S Ld (Z) is residually finite,
13.60	70	0	0	If a locally graded group G is a product of two subgroups of finite special
13.64	70	0	0	Let πe (G) denote the set of orders of elements of a group G. A group G is
13.65	71	0	0	A finite simple group is called a Kn -group if its order is divisible by exactly
13.67	71	0	0	Let G be a T0 -group (see 12.101), i an involution in G and G = ⟨ig | g ∈ G⟩.
14.2	72	0	0	(S. D. Berman). Prove that every automorphism of the centre of the integral
14.3	72	0	0	Is it true that every central unit of the integral group ring of a finite group is
14.4	72	1	1	a) Is it true that there exists a nilpotent group G for which the lattice L (G) of
14.5	72	0	1	Let G be an infinite group admitting non-discrete Hausdorff group topologies,
14.6	73	0	1	A group Γ is said to have Property Pnai if, for any finite subset F of Γ \ {1},
14.7	73	0	0	Let Γg be the fundamental group of a closed surface of genus g ⩾ 2. For
14.8	73	0	0	Let G denote the group of germs at +∞ of orientation-preserving homeomor-
14.9	73	0	1	(Well-known problem). Let W ∗ (Fk ) denote the von Neumann algebra of the
14.10	73	0	0	c) Find an explicit and “natural” finitely presented group Γn and an embed-
14.11	74	0	0	(Yu. I. Merzlyakov). It is a well-known fact that for the ring R = Q[x, y] the
14.12	74	0	0	(Yu. I. Merzlyakov, J. S. Birman). Is it true that all braid groups Bn , n ⩾ 3,
14.14	74	0	0	(C. C. Edmunds, G. Rosenberger). We call a pair of natural numbers (k, m)
14.15	74	0	0	For the automorphism group An = Aut Fn of a free group Fn of rank n ⩾ 3
14.16	74	0	0	Following Yu. I. Merzlyakov we define the width of a verbal subgroup V (G)
14.17	74	0	0	Let IMA(G) denote the subgroup of the automorphism group Aut G consisting
14.18	74	0	0	We say that a family of groups D discriminates a group G if for any finite
14.19	74	1	1	We say that a group G has the Noetherian Equation Property if every system
14.20	75	1	1	Does a free product of two groups have the Noetherian Equation Property
14.21	75	0	0	Does a free pro-p-group have the Noetherian Equation Property?
14.22	75	0	1	Prove that any irreducible system of equations S(x1 , . . . , xn ) = 1 with
14.23	75	1	1	Let Fn be a free group with basis {x1 , . . . , xn }, and let | · | be the
14.24	75	0	0	Let Aut Fn be the automorphism group of a free group of rank n with norm
14.26	75	0	0	A quasivariety M is closed under direct Z-wreath products if the direct wreath
14.28	75	0	0	Let F be a soluble Fitting formation of finite groups with Kegel’s property,
14.29	76	0	0	Is there a soluble Fitting class of finite groups F such that F is not a formation
14.30	76	0	0	Let lFitX be the local Fitting class generated by a set of groups X and let Ψ(G)
14.31	76	0	0	Is the lattice of Fitting subclasses of the Fitting class generated by a finite
14.35	76	0	0	Is every finitely presented group of prime exponent finite?                  N. D. Gupta
14.36	76	0	0	A group G is called a T -group if every subnormal subgroup of G is normal,
14.37	76	0	0	Let G(n) be one of the classical groups (special, orthogonal, or symplectic) of
14.38	76	0	0	For every pro-p-group G of (2 × 2)-matrices for p ̸= 2 an analogue of the Tits
14.39	76	0	0	Let F (V ) be a free group of some variety of pro-p-groups V . Is there a uniform
14.40	76	0	0	Is a free pro-p-group representable as an abstract group by matrices over
14.41	76	0	0	A group G is said to be para-free if all factors γi (G)/γi+1 (G) of its lower
14.42	77	0	0	Is a free pro-p-group representable by matrices over an associative-commuta-
14.43	77	0	0	Suppose that a finite group G has the form G = AB, where A and B are
14.44	77	0	0	Let k(X) denote the number of conjugacy classes of a finite group X. Suppose
14.45	77	0	0	Does there exist a (non-abelian simple) linearly right-orderable group all of
14.46	77	0	0	A finite group G is said to be almost simple if T ⩽ G ⩽ Aut(T ) for some
14.47	77	0	0	Is the lattice of all soluble Fitting classes of finite groups modular?
14.51	78	0	0	(Well-known problems). Is there a finite basis for the identities of any
14.53	78	0	0	Conjecture: Let G be a profinite group such that the set of solutions of the
14.54	78	1	1	Let k(G) denote the number of conjugacy classes of a finite group G. Is it
14.55	78	0	0	b) Prove that the Nottingham group J = N (Z/pZ) (as defined in Archive,
14.56	78	0	0	Prove that if G is an infinite pro-p-group with G/γ2p+1 (G) isomorphic to
14.57	78	0	0	Describe the hereditarily just infinite pro-p-groups of finite width.
14.58	78	0	0	a) Suppose that A is a periodic group of regular automorphisms of an abelian
14.59	78	0	0	Suppose that G is a triply transitive group in which a stabilizer of two points
14.61	79	0	0	Determine all pairs (S , G), where S is a semipartial geometry and G is
14.64	79	0	0	(M. F. Newman). Classify the finite 5-groups of maximal class; computer
14.65	79	0	0	(Well-known problem). For a finite group G let ρ(G) denote the set of prime
14.67	79	0	0	Suppose that a is a non-trivial element of a finite group G such that |CG (a)| ⩾
14.68	79	0	0	(Well-known problem). Suppose that F is an automorphism of order 2 of the
14.69	79	0	1	For every finite simple group find the minimum of the number of generating
14.70	80	0	0	A group G is called n-Engel if it satisfies the identity [x, y, . . . , y] = 1, where
14.72	80	0	0	Let X be a regular algebraic variety over a field of arbitrary characteristic,
14.73	80	0	0	Conjecture: There is a function f on the natural numbers such that, if Γ is
14.74	80	0	0	Let k(G) denote the number of conjugacy classes of a finite group G. Is it
14.75	80	0	0	Suppose that G = {G1 , G2 , . . .} is a family of finite 2-generated groups which
14.76	80	0	0	Does there exist an absolute constant c such that any finite p-group P has an
14.78	81	0	0	Suppose that H ⊆ F1 ⊆ M and H ⊆ F2 ⊆ M where H and M are
14.79	81	0	0	Suppose that F = MH = lFit(G) is a soluble one-generated local Fitting class
14.81	81	0	0	Prove that the formation generated by a finite group has only finitely many
14.83	81	0	0	We say that an infinite simple group G is a monster of the third kind if for
14.84	81	0	0	An element g of a (relatively) free group Fr (M) of rank r of a variety M is
14.85	81	1	1	Suppose that an endomorphism φ of a free metabelian group of rank r takes
14.89	81	0	0	(E. A. O’Brien, A. Shalev). Let P be a finite p-group of order pm and let
14.90	82	0	0	Let P be a finite p-group of abundance a and nilpotency class c. Does there
14.91	82	0	0	Let p be a fixed prime. Do there exist finite p-groups of abundance a for any
14.93	82	0	0	Let N (Z/pZ) be the group defined in Archive, 12.24 (the so-called “Notting-
14.94	82	0	0	For each positive integer r find the p-cohomological dimension
14.95	82	0	0	(C. R. Leedham-Green, P. M. Neumann, J. Wiegold). For a finite p-group P ,
14.97	82	0	0	Is it true that for any two different prime numbers p and q there exists a non-
14.98	82	1	1	We say that a metric space is a 2-end one (a narrow one), if it is quasiiso-
14.99	82	0	0	a) A formation F of finite groups is called superradical if it is Sn -closed and
14.100	83	0	0	Is it true that in a Shunkov group (i. e. conjugately biprimitively finite group,
14.101	83	0	0	A group G is saturated with groups from a class X if every finite subgroup
14.102	83	1	1	(V. Lin). Let B be the braid group on n strings, and let n > 4.
15.1	84	0	1	(P. Longobardi, M. Maj, A. H. Rhemtulla). Let w = w(x1 , . . . , xn ) be a group
15.2	84	0	0	By a theorem of W. Burnside, if χ ∈ Irr(G) and χ(1) > 1, then there exists
15.3	84	0	0	Let α and β be faithful non-linear irreducible characters of a finite group G.
15.8	84	0	0	b) Let G be any Lie group (indeed, any separable continuous group) made
15.9	85	0	0	An automorphism φ of the free group Fn on the free generators x1 , x2 , . . . , xn
15.11	85	0	0	(M. Morigi). An automorphism of a group is called a power automorphism
15.12	85	0	0	Let G be a group acting faithfully and level-transitively by automorphisms
15.13	85	0	0	Do there exist finitely presented branch groups?
15.14	85	1	1	b) Do there exist finitely generated branch groups that are non-amenable
15.16	85	0	0	Do there exist groups whose rate of growth is e n
15.19	86	0	1	Let p be a prime, and Fp the class of finitely generated groups acting faith-
15.20	86	0	0	(B. Hartley). An infinite transitive permutation group is said to be barely
15.21	86	0	0	(B. Hartley). Do there exist torsion-free barely transitive groups?
15.22	86	0	0	A permutation group is said to be finitary if each of its elements moves only
15.23	86	0	0	A transitive permutation group is said to be totally imprimitive if every finite
15.26	86	1	1	A partition of a group is a representation of it as a set-theoretic union of
15.28	86	0	0	Suppose that a finite p-group G is the product of two subgroups: G = AB.
15.29	87	0	0	(A. Mann). The dihedral group of order 8 is isomorphic to its own automor-
15.30	87	0	0	Is it true that every finite abelian p-group is isomorphic to the Schur multiplier
15.31	87	0	0	M. R. Vaughan-Lee and J. Wiegold (Proc. R. Soc. Edinburgh Sect. A, 95
15.32	87	0	0	Does there exist a function f (k) (possibly depending also on p) such that if
15.36	87	0	0	For a class M of groups let L(M ) be the class of groups G such that the
15.37	87	0	0	Let G be a group satisfying the minimum condition for centralizers. Suppose
15.40	87	1	1	Let N be a nilpotent subgroup of a finite simple group G. Is it true that
15.41	88	0	0	Let R(m, p) denote the largest finite m-generator group of prime exponent p.
15.42	88	0	0	Is it true that the group algebra k[F ] of R. Thompson’s group F (see 12.20)
15.44	88	0	0	a) Let G be a reductive group over an algebraically closed field K of arbitrary
15.45	89	0	1	We define the class of hierarchically decomposable groups in the following
15.46	89	0	0	Can the question 7.28 on conditions for admissibility of an elementary carpet
15.47	89	0	0	Let M < G ⩽ Sym(Ω), where Ω is finite, be such that M is transitive on Ω
15.48	89	0	0	Let G be any non-trivial finite group, and let X be any generating set for G.
15.50	89	0	0	Let G be a group of automorphisms of an abelian group of prime exponent.
15.51	89	0	0	Suppose that G is a periodic group satisfying the identity [x, y]5 = 1. Is then
15.52	90	0	0	(Well-known problem). By a famous theorem of Wielandt the sequence G0 =
15.53	90	1	1	Let S be the set of all prime numbers p for which there exists a finite simple
15.54	90	0	0	Suppose that G is a periodic group containing an involution i such that the
15.55	90	0	0	a) The Monster, M , is a 6-transposition group. Pairs of Fischer transpositions
15.56	90	0	0	Is there a spin manifold such that the Monster acts on its loop space? Perhaps
15.57	90	0	0	Suppose that H is a subgroup of SL2 (Q) that is dense in the Zariski topology
15.58	90	0	1	Suppose that a free profinite product G ∗ H is a free profinite group of finite
15.59	91	0	0	Does there exist a profinite group G that is not free but can be represented
15.61	91	0	0	Is it true that lπn (G) ⩽ n(Gπ ) − 1 + maxp∈π lp (G) for any π-soluble group G?
15.63	91	0	0	a) Let Fn be the free group of finite rank n on the free generators x1 , . . . , xn .
15.64	91	0	0	For finite groups G, X define r(G; X) to be the number of inequivalent actions
15.65	91	0	0	A square matrix is said to be separable if its minimal polynomial has no
15.66	92	0	0	For a class X of groups let gX (n) be the number of groups of order n in the
15.67	92	0	0	Which adjoint Chevalley groups (of normal type) over the integers are gener-
15.68	92	0	0	Does there exist an infinite finitely generated 2-group (of finite exponent) all
15.69	92	0	0	Is it true that every hyperbolic group has a free normal subgroup with the
15.70	92	1	1	Do there exist groups of arbitrarily large cardinality that satisfy the mini-
15.71	92	0	0	(B. Huppert). Let G be a finite solvable group, and let ρ(G) denote the
15.72	92	0	0	For a fixed prime p does there exist a sequence of groups Pn of order
15.73	93	0	0	Is it true that for every finite lattice L there exists a finite group G and a
15.74	93	0	0	For every prime p find a finite p-group of nilpotence class p such that its
15.75	93	0	0	b) Consider the sequence u1 = [x, y], . . ., un+1 = [[un , x], [un , y]]. Is it true
15.76	93	0	0	b) If Θ is a variety of groups, then let Θ0 denote the category of all free groups
15.77	93	0	0	Elements a, b of a group G are said to be symmetric with respect to an element
15.78	93	0	0	(R. I. Grigorchuk). Is it true that for any n-colouring of a free group of any
15.80	93	1	1	A sequence {F } of pairwise disjoint finite subsets of a topological group is
15.82	94	0	0	Suppose that a periodic group G contains a strongly isolated 2-subgroup U .
15.83	94	0	0	(Yu. I. Merzlyakov).
15.84	94	0	0	Yu. I. Merzlyakov (Sov. Math. Dokl., 19 (1978), 64–68) proved that if the
15.85	94	0	0	A torsion-free group all of whose subgroups are subnormal is nilpotent
15.87	94	0	0	Suppose that a 2-group G admits a regular periodic locally cyclic group of
15.88	94	0	0	Let A and Nc denote the varieties of abelian groups and nilpotent groups of
15.89	94	0	0	Let Γ be an infinite undirected connected vertex-symmetric graph of finite
15.90	94	0	0	Let Γ be an infinite directed graph, and Γ the underlying undirected graph.
15.91	95	0	0	Is it true that any irreducible faithful representation of a linear group G of
15.92	95	0	0	A group x, y | xl = y m = (xy)n is called the triangle group with parame-
15.93	95	0	0	Let G be a pro-p group, p > 2, and φ an automorphism of G of order 2.
15.94	95	0	1	Define the weight of a group G to be the minimum number of generators of G
15.95	95	0	0	(A. Mann, Ch. Praeger). Suppose that all fixed-point-free elements of a tran-
15.96	95	0	0	An automorphism φ of a group G is called a splitting automorphism of order
15.97	95	0	0	Let p be a prime. A group G satisfies the p-minimal condition if there are no
15.98	96	0	0	Let F be a saturated formation, and G a finite soluble minimal non-F-group
15.99	96	0	0	Let f (n) be the number of isomorphism classes of finite groups of order n.
15.100	96	0	0	Is a periodic group locally finite if it has a non-cyclic subgroup of order 4
15.101	96	0	0	Is a periodic group locally finite if it has an involution whose centralizer is
15.102	96	0	0	(W. Magnus). An element r of a free group Fn is called a normal root of an
15.103	96	0	0	(Well-known problem). Is the group Out(F3 ) of outer automorphisms of a
15.104	96	0	0	Let n be a positive integer and let w be a group word in the variables
16.1	97	0	0	Let G be a finite non-abelian group, and Z(G) its centre. One can associate a
16.3	97	0	0	Is it true that if G is a finite group with all conjugacy classes of distinct sizes,
16.4	97	0	0	Let G be a finite group with C, D two nontrivial conjugacy classes such that
16.5	97	0	0	A group is said to be perfect if it coincides with its derived subgroup. Does
16.6	97	0	0	Can a perfect locally finite p-group be generated by a subset of bounded
16.7	97	0	0	Is it true that the membership problem is undecidable for any semidirect
16.9	97	0	0	An element g of a free group Fn on the free generators x1 , . . . , xn is called a
16.10	98	0	0	Is there an algorithm for finding the primitive length of a given element of Fn ?
16.11	98	1	1	Let G be a finite p-group. Does there always exist a finite p-group H such
16.14	98	0	0	Let G be a finite 2-group such that Ω1 (G) ⩽ Z(G). Is it true that the rank
16.15	98	0	0	An element g of a group G is an Engel element if for every h ∈ G there exists
16.16	98	0	0	a) Does the set of (not necessarily boundedly) Engel elements of a group
16.18	98	0	0	Does there exist a linearly orderable soluble group of derived length exactly n
16.19	98	0	0	Is the variety of lattice-ordered groups generated by nilpotent groups finitely
16.20	98	0	0	Let M be a quasivariety of groups. The dominion domM       A (H) of a subgroup
16.21	98	0	0	Given a non-central matrix α ∈ SLn (F ) over a field F for n > 2, is it true
16.22	99	0	0	(Well-known problem.) Let En (A) be the subgroup of GLn (A) generated by
16.23	99	0	0	Is there, for some n > 2 and a ring A with 1, a matrix in En (A) that is
16.26	99	0	0	We say that the prime graphs of finite groups G and H coincide if the sets
16.28	99	0	0	Let G be a connected linear reductive algebraic group over a field of positive
16.29	99	0	0	Which finite simple groups of Lie type G have the following property: for
16.30	99	0	0	Suppose that A and B are subgroups of a group G and G = AB. Will G have
16.32	99	0	0	Suppose that a group G has a composition series and let Fit(G) be the Fitting
16.33	99	0	0	Suppose that a finite p-group G has an abelian subgroup A of order pn . Does
16.34	100	0	0	Suppose that G is a finitely generated group acting faithfully on a regular
16.38	100	0	0	Let G be a soluble group, and let A and B be periodic subgroups of G. Is
16.39	100	0	0	(J. E. Humphreys, D. N. Verma). Let G be a semisimple algebraic group over
16.40	100	0	0	Let ∆ be a subgroup of the automorphism group of a free pro-p group of finite
16.41	100	0	0	Let F be a free pro-p group of finite rank n > 1. Does Aut F possess an open
16.44	100	0	0	Is there in ZFC a countable non-discrete topological group not containing
16.45	100	0	0	Let G be a permutation group on a set Ω. A sequence of points of Ω is a base
16.46	101	0	0	Among the finitely-presented groups that act arc-transitively on the (infinite)
16.47	101	0	0	(P. Conrad). Is it true that every torsion-free abelian group admits an Archi-
16.48	101	1	1	A group H is said to have generalized torsion if there exists an element h ̸= 1
16.51	101	1	1	Do there exist groups that can be right-ordered in infinitely countably many
16.53	101	0	0	Let d(G) denote the smallest cardinality of a generating set of the group G.
16.56	101	0	0	The spectrum ω(G) of a group G is the set of orders of elements of G. Suppose
16.60	101	0	0	If G is a finite group, let T (G) be the sum of the degrees of the irreducible
16.63	102	0	0	Is there a non-trivial finite p-group G of odd order such that |Aut G| = |G|?
16.64	102	0	0	A non-abelian variety in which all finite groups are abelian is called pseudo-
16.66	102	0	0	For a group G, let Dn (G) denote the n-th dimension subgroup of G,
16.68	102	0	0	Let W (x, y) be a non-trivial reduced group word, and G one of the groups
16.69	102	0	0	Let W be as above.
16.70	102	0	0	Suppose that a finitely generated group G acts freely on an A-tree, where A
16.72	102	0	0	Does there exist an exponential-time algorithm for obtaining a JSJ-decompo-
16.73	103	0	1	b) Let G be a group generated by a finite set S, and let l(g) denote the word
16.74	103	0	0	b) Is it true that all groups generated by automata of polynomial growth in
16.76	103	0	0	We call a group G strictly real if each of its non-trivial elements is conjugate
16.77	103	0	0	It is known that in every Noetherian group the nilpotent radical coincides
16.78	103	0	0	Do there exist linear non-abelian simple groups without involutions?
16.80	103	0	0	Suppose that a group G is obtained from the free product of torsion-free
16.83	103	0	0	b) Let En be a free locally nilpotent n-Engel group on countably many
16.84	103	0	0	Can the braid group Bn , n ⩾ 4, act faithfully on a regular rooted tree by
16.87	103	0	0	Let M be a variety of groups and let Gr be a free r-generator group in M. A
16.88	104	0	0	(G. M. Bergman). The width of a group G with respect to a generating set X
16.89	104	0	0	(G. M. Bergman). Is it true that the automorphism group of an infinitely
16.90	104	0	0	Is it true that the automorphism group Aut F of an infinitely generated free
16.91	104	0	0	Let F be an infinitely generated free group. Is there an IA-automorphism of
16.92	104	0	0	Let F be an infinitely generated free group. Is Aut F equal to its derived
16.93	104	0	0	Let Fn be a free group of finite rank n ⩾ 2. Is the group Inn Fn of inner
16.94	104	0	0	If G = [G, G], then the commutator width of the group G is its width relative
16.95	104	0	0	Conjecture: If F is a field and A is in GL(n, F ), then there is a permutation
16.96	104	0	0	Let G be a locally finite n-Engel p-group where p a prime greater than n. Is
16.97	105	0	0	Let G be a torsion-free group with all subgroups subnormal of defect at
16.98	105	0	0	Suppose that G is a solvable finite group and A is a group of automorphisms
16.99	105	0	0	Suppose that G is a finite solvable group, A ⩽ Aut G, CG (A) = 1, the orders
16.100	105	0	0	Is there an (infinite) 2-generator simple group G such that Aut F2 is transitive
16.102	105	0	0	We say that a group G is rational if any two elements x, y ∈ G satisfying
16.105	105	0	0	Is it true that a locally graded group which is a product of two almost
16.108	105	0	0	Do braid groups Bn , n > 4, have non-elementary hyperbolic factor groups?
16.110	105	0	0	(I. Kapovich, P. Schupp). Is there an algorithm which, when given two
16.111	105	0	0	Must an infinite simple periodic group with a dihedral Sylow 2-subgroup be
17.1	106	0	0	(I. M. Isaacs). Does there exist a finite group partitioned by subgroups of equal
17.4	106	0	0	Let x be a right 4-Engel element of a group G.
17.5	106	0	0	Is the nilpotency class of a nilpotent group generated by d left 3-Engel elements
17.6	106	0	0	a) Is there a function f : N × N → N such that every nilpotent group generated
17.7	106	0	0	a) Is there a group in which the set of right Engel elements does not form a
17.8	106	0	0	a) Is there a group containing a right Engel element which is not a left Engel
17.9	106	0	0	Is there a group containing a left Engel element whose inverse is not a left
17.10	106	0	0	Is there a group containing a right 4-Engel element which does not belong to
17.11	106	0	0	Is there a group containing a left 3-Engel element which does not belong to
17.13	106	0	0	Let G be a totally imprimitive p-group of finitary permutations on an infinite
17.15	107	0	0	Construct an algorithm which, for a given polynomial f ∈ Z[x1 , x2 , . . . , xn ],
17.16	107	0	0	Let A be an Artin group of finite type, that is, the corresponding Coxeter
17.18	107	0	0	Let A be the class of compact groups A with the property that whenever two
17.22	107	0	0	Suppose A is a group which belongs to a variety V of groups, and which is
17.23	107	0	0	Suppose the full symmetric group S on a countably infinite set is generated
17.25	107	0	0	(S. P. Farbman). Let X be the set of complex numbers α such that the group
17.26	107	0	0	Are the classes of right-orderable and right-ordered groups closed under taking
17.27	108	0	0	Can the free product of two ordered groups with order-isomorphic amalga-
17.30	108	0	0	Is there a constant l such that every finitely presented soluble group has a
17.31	108	0	0	Can a soluble right-orderable group have finite quotient by the derived sub-
17.32	108	1	1	Is the following analogue of the Cayley–Hamilton theorem true for the free
17.33	108	0	0	Can the quasivariety generated by the group ⟨a, b | a−1 ba = b−1 ⟩ be defined
17.34	108	0	0	Let Nc be the quasivariety of nilpotent torsion-free groups of class at most c.
17.37	108	1	1	Is there an integer n such that for all m > n the alternating group A
17.38	108	0	0	A formation F is called radical in a class H if F ⊆ H and in every H-group
17.39	108	0	0	Is there a positive integer n such that the hypercenter of any finite soluble
17.41	109	0	0	Let S be a solvable subgroup of a finite group G that has no nontrivial solvable
17.42	109	1	1	Let G be a simple algebraic group of adjoint type over the algebraic closure
17.43	109	0	0	Let π be a set of primes. Find all finite simple Dπ -groups (see Archive, 3.62)
17.45	109	0	0	c) A subgroup H of a group G is called pronormal if H and H g are conjugate
17.47	110	1	1	Let G be a nilpotent group in which every coset x[G, G] for x ̸∈ [G, G]
17.48	110	0	0	Does the free product of two groups with stable first-order theory also have
17.49	110	0	0	Is it consistent with ZFC that every non-discrete topological group contains
17.51	110	0	0	Is it true that every non-discrete topological group containing no countable
17.52	110	0	0	(N. Eggert). Let R be a commutative associative finite-dimensional nilpotent
17.53	110	0	0	A finite group G is called simply reducible (SR-group) if every element of G is
17.54	110	0	0	Does there exist a non-hereditary local formation F of finite groups such
17.56	110	1	1	Suppose that a subgroup H of a finite group G is such that HM = M H for
17.57	111	0	0	Let r(m) = {r +km | k ∈ Z} for integers 0 ⩽ r < m. For r1 (m1 )∩r2 (m2 ) = ∅
17.58	111	0	0	Does CT(Z) have subgroups of intermediate (word-) growth?               S. Kohl
17.59	111	0	0	A permutation of Z is called residue-class-wise affine if there is a positive
17.60	111	0	0	Given a set P of odd primes, let CTP (Z) denote the subgroup of CT(Z)
17.61	111	0	0	The group CTP (Z) is finitely generated if and only if P is finite. If
17.62	111	1	1	Given a free group F and a proper characteristic subgroup C, is it ever
17.63	111	0	0	Prove that if p is an odd prime and s is a positive integer, then there are only
17.64	111	0	0	Say that a group G is an n-approximation to the Nottingham group J =
17.65	111	0	0	If Problem 17.64 has an affirmative answer, does it follow that, for some
17.66	112	0	0	(R. Guralnick). Does there exist a positive integer d such that dim H 1 (G, V ) ⩽
17.68	112	0	0	Let C be a cyclic subgroup of a group G and G = CF C where F is a finite
17.69	112	0	0	Let G be a group of prime exponent acting freely on a non-trivial abelian
17.70	112	0	0	Let α be an automorphism of prime order q of an infinite free Burnside group
17.71	112	0	0	b) Let α be a fixed-point-free automorphism of prime order p of a periodic
17.72	112	0	0	b) Let AB be a Frobenius group with kernel A and complement B. Suppose
17.75	112	1	1	Can the Monster M act on a nontrivial finite 3-group V so that all elements
17.76	112	1	1	Does there exist a finite group G, with |G| > 2, such that there is exactly
17.78	112	0	0	Does there exist a finitely generated group without free subsemigroups gen-
17.80	112	0	0	Let [u, n v] := [u, v, . . . , v ]. Is the group Mn = ⟨x, y | x = [x, n y], y = [y, n x] ⟩
17.81	113	0	0	Given normal  subgroups R1 , . . . , Rn of a group G, let [[R1 , . . . , Rn ]] :=
17.83	113	0	0	Does there exist a group such that every central extension of it is residually
17.84	113	0	0	An associative algebra A is said to be Calabi–Yau of dimension d (for short,
17.85	113	0	0	Let V be a variety of groups such that any free group in V has torsion-free
17.86	113	0	0	(Simplest questions related to the Whitehead asphericity conjecture). Let
17.87	113	0	0	Construct a group of intermediate growth with finitely generated Schur mul-
17.88	113	0	0	Compute K0 (F2 G) and K1 (F2 G), where G is the first Grigorchuk group,
17.89	113	0	0	By Bousfield’s theorem, the free pronilpotent completion of a non-cyclic free
17.90	113	0	0	(G. Baumslag). A group is parafree if it is residually nilpotent and has the
17.91	113	0	0	Let d(X) denote the derived length of a group X.
17.93	114	0	0	(Well-known problem). Let G be a compact topological group which has
17.94	114	0	1	(Well-known problem). Can the free product Z ∗ G of the infinite cyclic group
17.95	114	0	0	Let G be a permutation group on the finite set Ω. A partition ρ of Ω is said
17.96	114	0	0	Does there exist a variety of groups which contains only countably many
17.97	114	0	0	Is every variety of groups of exponent 4 finitely based?           P. M. Neumann
17.98	114	0	0	A variety of groups is said to be small if it contains only countably many
17.99	114	1	1	Consider the group B = ⟨a, b | (bab−1 )a(bab−1 )−1 = a2 ⟩ introduced by
17.100	114	0	0	Conjecture: A finite group is not simple if it has an irreducible complex
17.101	115	0	0	According to P. Hall, a group G is said to be homogeneous if every iso-
17.102	115	1	1	We say that two subsets A, B of an infinite group G are separated if there
17.103	115	0	0	Does there exist a continuum of sets π of primes for which every finite group
17.104	115	0	0	Let Γ be a finite non-oriented graph on the set of vertices {x1 , . . . , xn } and let
17.105	115	0	0	An equation over a pro-p-group G is an expression v(x) = 1, where v(x) is an
17.107	115	0	0	Does G = SL2 (C) contain a 2-generated free subgroup that is conjugate in G
17.109	115	0	0	A non-trivial group word w is uniformly elliptic in a class C if there is
17.110	116	0	0	a) Is it true that for each word w, there is a function h : N × N → N such
17.112	116	0	0	A subgroup A of a group G is said to be G-permutable in G if for every
17.113	116	0	0	Do there exist for p > 3 2-generator finite p-groups with deficiency zero (see
17.114	116	0	0	Does every generalized free product (with amalgamation) of two non-trivial
17.115	116	0	0	Can a locally free non-abelian group have non-trivial Frattini subgroup?
17.117	116	0	1	(Well-known problem). If groups A and B have decidable elementary theo-
17.118	116	0	0	Suppose that a finite p-group G has a subgroup of exponent p and of index p.
17.119	116	0	0	Suppose that a finite soluble group G admits a soluble group of automor-
17.120	116	0	0	Is a residually finite group all of whose subgroups of infinite index are finite
17.121	117	0	0	Let G be a group whose set of elements is the real numbers and which is
17.122	117	0	0	The same questions as 17.121 for an abelian group G.                   S. Shelah
17.123	117	0	0	Do there exist finite groups G1 , G2 such that πe (G1 ) = πe (G2 ), h(πe (G1 )) <
17.124	117	0	0	Is the set of finitely presented metabelian groups recursively enumerable?
17.125	117	0	0	Does every finite group G contain a pair of conjugate elements a, b such that
17.126	117	0	0	Suppose that G is a residually finite group satisfying the identity [x, y]n = 1.
17.127	117	0	0	Suppose that a finite soluble group G of derived length d admits an elemen-
17.128	117	0	0	Let T be a finite p-group admitting an elementary abelian group of auto-
18.1	118	1	1	Given a group G of finite order n, does there necessarily exist a bijection f
18.2	118	0	0	Let the group G = AB be the product of two Chernikov subgroups A and B
18.3	118	0	0	Let the group G = AB be the product of two central-by-finite subgroups A
18.4	118	0	0	(A. Rhemtulla, S. Sidki). a) Is a group of the form G = ABA with cyclic
18.5	118	0	0	Let the (soluble) group G = AB with finite torsion-free rank r0 (G) be the
18.6	118	0	0	Is every finitely generated one-relator group residually amenable?
18.7	118	0	0	Let n ⩾ 665 be an odd integer. Is it true that the group of outer automorphisms
18.8	118	0	0	Let X be a class of finite simple groups such that π(X ) = char(X ). A formation
18.10	118	0	0	A formation F of finite groups satisfies the Wielandt property for residuals if
18.11	118	0	1	Let G and H be subgroups of the automorphism group Aut(Fn ) of a free group
18.12	119	0	0	Let G be a finitely generated group of intermediate growth. Is it true that
18.13	119	0	1	(D. B. A. Epstein). Is it true that the group H = (Z3 × Z) ∗ (Z2 × Z) =
18.14	119	1	1	For an automorphism φ ∈ Aut(G) of a group G, let [e] = {g −1 g φ | g ∈ G}.
18.16	119	1	1	Is it true that any definable endomorphism of any ordered abelian group is
18.18	119	0	0	Mal’cev proved that the set of sentences that hold in all finite groups is not
18.19	119	0	0	Is any torsion-free, relatively free group of infinite rank not ℵ1 -homoge-
18.20	119	0	0	Characters φ and ψ of a finite group G are said to be semiproportional if
18.21	119	0	0	(B. H. Neumann and H. Neumann). Fix an integer d ⩾ 2. If V is a variety of
18.22	119	0	0	(H. Neumann). Is the Kostrikin variety of all locally finite groups of given
18.24	120	0	0	For a group G, a function ϕ : G → R is a quasimorphism if there is a least
18.25	120	0	0	Let form(G) be the formation generated by a finite group G. Suppose that G
18.26	120	0	0	Suppose that a finite group G has a normal series 1 < G1 < G2 < G such
18.27	120	0	0	Does there exist an algorithm that determines whether there are finitely many
18.28	120	0	0	Is it true that any subformation of every one-generator formation form(G) is
18.29	120	0	0	Let F be a Fitting class of finite soluble groups which contains every soluble
18.34	120	0	0	Let G be a topological group and S = G0 ⩽ . . . ⩽ Gn = G a subnormal series
18.35	120	0	0	A family F of group homomorphisms A → B is separating if for every
18.36	121	1	1	There are groups of cardinality at most 2ℵ0 , even nilpotent of class 2,
18.37	121	0	0	(Well-known problem). Is every locally graded group of finite rank almost
18.38	121	1	1	Let E denote the class of finite groups that contain a Hall π-subgroup.
18.39	121	0	0	Conjecture: Let G be a hyperbolic group. Then every 2-dimensional rational
18.40	121	0	0	The commutator length cl(g) of g ∈ [G, G] is the least number of com-
18.41	121	0	0	Let F be a free group of rank 2.
18.42	122	0	0	For an orientation-preserving homeomorphism f : S 1 → S 1 of a unit circle
18.43	122	0	0	a) Do there exist elements u, v of a 2-generator free group F (a, b) such that
18.44	122	0	0	Let G be a finite non-abelian group and V a finite faithful irreducible G-
18.45	122	0	0	Let G be a finite p-group of maximal class such that all its irreducible charac-
18.46	122	0	0	Every finite group G can be embedded in a group H in such a way that every
18.47	122	0	0	Is it algorithmically decidable whether a group generated by three given class
18.48	123	0	0	Is it true that there are only finitely many integers which occur as orders of
18.50	123	1	1	Let n ∈ N. Is it true that for every k ∈ {1, . . . , n!} there is some group G and
18.51	123	0	0	Given a prime p and n ∈ N, let fp (n) be the smallest number such that there
18.53	123	0	0	Is there a non-linear simple locally finite group in which every centralizer of a
18.54	123	0	0	Can a group be equal to the union of conjugates of a proper finite nonabelian
18.55	123	0	0	a) Can a locally finite p-group G of finite exponent be the union of conjugates
18.56	123	0	0	Let G be a finite 2-group, of order greater than 2, such that |H/HG | ⩽ 2
18.58	123	0	0	Let G be a group generated by finite number n of involutions in which
18.59	123	0	0	Does there exist a periodic group G such that G contains an involution, all
18.60	124	0	1	Let V be an infinite countable elementary abelian additive 2-group. Does
18.61	124	0	0	Is a 2-group nilpotent if all its finite subgroups are nilpotent of class at most 3?
18.62	124	0	0	The spectrum of a finite group is the set of orders of its elements. Let ω be a
18.63	124	0	0	Let G be a periodic group generated by two fixed-point-free automorphisms
18.64	124	0	0	(K. Harada). Conjecture: Let G be a finite group, P
18.65	124	0	0	(R. Guralnick, G. Malle). Conjecture: Let p be a prime different from 5, and
18.66	124	0	0	Suppose that a finite group G admits a Frobenius group of automorphisms
18.67	124	0	0	Suppose that a finite group G admits a Frobenius group of automorphisms
18.68	125	0	0	What are the nonabelian composition factors of a finite nonsoluble group all
18.69	125	0	0	Does there exist a relatively free group G containing a free subsemigroup and
18.70	125	0	0	Is every finitely generated Coxeter group conjugacy separable?
18.71	125	1	1	(N. Aronszajn). Suppose that W (x, y) = 1 in an open subset of G × G,
18.72	125	0	0	Is it true that an existentially closed subgroup of a nonabelian free group of fi-
18.73	125	0	0	a) Does every finitely generated solvable group of derived length l ⩾ 2 embed
18.74	125	0	0	Let G be a finitely generated elementary amenable group which is not virtually
18.76	125	0	0	Let A be a division ring, G a subgroup of the multiplicative group of A, and
18.77	126	0	0	Let G be a finite p-group and let pe be the largest degree  T of an irreducible
18.78	126	0	0	Let K t G be a twisted group algebra of the finite group G over the field K.
18.79	126	0	0	Let K[G] be the group algebra of the finitely generated group G over the field
18.80	126	0	0	(I. Kaplansky). For G ̸= 1, show that the augmentation ideal of the group
18.81	126	0	0	Let G be a finitely generated p-group that is residually finite. Are all maximal
18.83	126	0	0	A generating system X of a group G is fast if there is an integer n such that
18.84	126	0	0	Let π be a set of primes. We say that a finite group is a BSπ -group if every
18.85	126	0	0	A subset of a group is said to be rational if it can be obtained from finite
18.87	127	0	0	A system of equations with coefficients in a group G is said to be independent
18.88	127	0	0	Can a finitely generated infinite group of finite exponent be the quotient of a
18.89	127	1	1	Consider the set of balanced presentations ⟨x , . . . , x | r , . . . , r ⟩ with fixed
18.90	127	0	0	Prove that the group Y (m, n) = ⟨a1 , a2 , . . . , am | ank = 1 (1 ⩽ k ⩽
18.92	128	0	0	A non-empty set θ of formations is called a complete lattice of formations
18.93	128	0	0	Let M be a one-generated saturated formation, that is, the intersection of all
18.96	128	0	0	Suppose that a periodic group G contains involutions and the centralizer of
18.97	128	0	0	Let G be a periodic Zassenhaus group, that is, a two-transitive permutation
18.98	128	0	0	The work of many authors shows that most finite simple groups are generated
18.99	128	0	0	Let cd(G) be the set of all complex irreducible character degrees of a finite
18.100	129	0	1	For a given class of groups X, let (X, ∞)∗ denote the class of groups in which
18.102	129	0	0	(E. C. Dade). Let C be a Carter subgroup of a finite solvable group G, and
18.103	129	0	0	A group is said to be minimax if it has a finite subnormal series each of
18.104	129	0	0	Construct an example of a pro-p group G and a proper abstract normal
18.105	129	0	0	Let R be the formal power series algebra in commuting indeterminates
18.106	129	0	0	Let R be a group that acts coprimely on the finite group G. Let p be a
18.107	129	0	0	Is there a finitely generated infinite residually finite p-group such that every
18.108	130	0	0	A group G is said to have property (τ ) if its trivial representation is an
18.109	130	0	0	Is it true that a group satisfying Kazhdan’s property (T) cannot homomor-
18.110	130	0	0	The non-p-soluble length of a finite group G is the number of non-p-soluble
18.111	130	0	0	Let G be a discrete countable group, given as a central extension 0 → Z →
18.113	130	0	0	Let M be a finite set of finite simple nonabelian groups. Is it true that a
18.114	130	0	0	Does there exist an irreducible 5′ -subgroup G of GL(V ) for some finite F5 -
18.116	130	0	0	Given a finite 2-group G of order 2n , does there exist a finite set S of rational
18.117	131	0	0	Is every element of a nonabelian finite simple group a commutator of two
18.118	131	0	0	Let G be a profinite group such that G/Z(G) is periodic. Is [G, G] necessarily
18.119	131	0	0	A multilinear commutator word is any commutator of weight n in n distinct
18.120	131	0	0	Let P = AB be a finite p-group factorized by an abelian subgroup A and
19.1	132	0	0	An element g of a group G is a non-near generator of G if for every subset
19.2	132	0	0	For a subgroup L of a group G, let LG denote the largest normal subgroup of
19.3	132	0	1	Let G = A ∗H B be the generalized free product of groups A and B with
19.4	132	0	0	a) If G is the free product of infinitely many finitely generated free groups with
19.5	132	0	0	If G is the free product of infinitely many finitely generated abelian groups
19.6	132	0	1	Let G = A ∗H B be the generalized free product of groups A and B with
19.7	133	0	0	The group of virtual pure braids V Pn , n ⩾ 2, is generated by elements λij ,
19.8	133	1	1	A word in an alphabet A = {a , a , . . . , a } is called a palindrome if it reads
19.9	133	0	0	Let G be a finitely generated linear group.
19.10	133	0	1	∗ a) Is it possible to embed a finitely generated non-abelian free pro-p group
19.11	133	0	0	Does there exist a constant c such that the number of conjugacy classes in a
19.12	133	0	0	A finite group G is called conjugacy-expansive if for every normal subset N
19.13	134	0	0	The well-known Baer–Suzuki theorem states that if every two conjugates of
19.14	134	0	0	Let G be a finite group such that the quasivariety generated by all its Sylow
19.15	134	0	0	For a class of groups M , let L(M ) denote the class of all groups G in which
19.16	134	0	0	(C. Drutu and M. Sapir). Is every free-by-cyclic group of the form Fn ⋊ Z
19.17	134	0	0	(Well-known problem). Suppose that G is a finitely presented group such that
19.18	134	0	0	Given an infinite set Ω, define an algebra A (the reduced incidence algebra of
19.19	134	0	0	A finite transitive permutation group G is said to have the road closure
19.20	135	0	0	For a finite group G, let End(G) denote the semigroup of endomorphisms
19.21	135	0	0	Can a non-discrete, compactly generated, topologically simple, locally com-
19.22	135	0	1	Let S denote the class of nondiscrete compactly generated, topologically
19.26	135	0	0	(Y. O. Hamidoune). Suppose that A and B are finite subsets of a group G
19.27	135	0	0	(Well-known question). A finitely generated group G that acts on a tree in
19.28	135	0	0	Let G be a group, and φ an automorphism of G. Elements x, y ∈ G are said
19.29	136	0	0	Let Φ ∈ Out G = Aut G/Inn G. Two automorphisms φ, ψ ∈ Φ are said to be
19.30	136	0	0	An element g of a finite group G is said to be vanishing if χ(g) = 0 for some
19.31	136	1	1	Let ω(G, S) be the exponential growth rate of a group G with a finite gen-
19.32	136	0	0	Let p ⩾ 673 be a prime and r ⩾ 2 be an integer. Let B be the free group
19.33	136	0	0	Conjecture: Let G be a finite group, p a prime number, and P a Sylow p-
19.34	136	0	0	Let G be a finitely generated group such that for every element g ∈ G the
19.38	136	1	1	Suppose that H is a subgroup of a finite soluble group G that covers all
19.39	136	0	0	A group is said to be X-critical if it does not belong to X but all its proper
19.41	137	1	1	Let ϕ be an automorphism of a free group F of finite rank, and let F ⋊ Z
19.42	137	0	0	Suppose that H is a word-hyperbolic subgroup of a word-hyperbolic group
19.43	137	1	1	Suppose that φ is an automorphism of a finite soluble group G. Is the
19.44	137	0	0	By definition a profinite group has finite rank at most r if every subgroup of
19.45	137	0	0	Let G be a group generated by 3 class transpositions (see the definition in
19.46	137	0	0	Does the group CT(Z) have finitely generated infinite periodic subgroups?
19.47	138	0	1	Let K be a finite extension of degree n of a field k of odd characteristic.
19.48	138	0	0	A system of additive subgroups σij , 1 ⩽ i, j ⩽ n, of a field K is called a net
19.51	138	0	0	A finite group is monomial if each irreducible character of it is induced
19.52	138	0	0	The Gruenberg–Kegel graph (or the prime graph) GK(G) of a finite group G
19.53	138	0	0	Let G be a group generated by elements x, y, z such that
19.54	139	0	0	What are the chief factors of a finite group in which every 2-maximal subgroup
19.56	139	0	0	A ⋆-commutator is a commutator [x, y] of two elements x, y of coprime prime-
19.57	139	0	0	What are the non-abelian composition factors of a finite group G in which
19.58	139	0	0	What are the non-abelian composition factors of a finite group in which every
19.59	139	0	0	Does the group of isometries of Q3 have a free non-abelian subgroup such
19.60	139	0	0	Let R be a principal ideal domain, let d be a positive integer, and let
19.61	139	0	0	Let A = {Ar | r ∈ Φ} be an elementary carpet of type Φ over a commutative
19.62	139	0	0	Let A = {Ar | r ∈ Φ} be an elementary carpet of type  P Φ of rank         l ⩾ 2 (see
19.63	140	1	1	Let A = {A | r ∈ Φ} be an elementary carpet of type Φ over a commutative
19.64	140	0	0	Let G be a group, and (g1 , . . . , gn ) a tuple of its elements. The type of this tuple
19.65	140	0	0	It is well known that varieties of groups form a free semigroup N
19.66	140	0	0	We say that a variety Θ is of Tarski type if any two non-abelian Θ-free groups
19.68	140	0	0	For a finite group G and a permutation group K, let bG (K) denote the
19.69	141	0	0	(P. Wesolek). The acronym tdlc stands for totally disconnected and locally
19.70	141	0	0	(P. Wesolek and P.-E. Caprace). Let S denote the class of nondiscrete com-
19.71	141	0	0	(G. Willis). Can a group G in S be such that every element of G normalizes
19.72	141	0	0	Let G be a group in S . Can every element of G have trivial contraction
19.73	141	0	0	(P.-E. Caprace and N. Monod). Is there a compactly generated, locally com-
19.74	141	1	1	A subgroup H of a group G is called pronormal if H and H g are conjugate in
19.76	141	0	0	A semigroup presentation is called tree-like if all relations have the form a = bc
19.77	141	0	0	The Stable Small Cancellation Conjecture: If F is a free group of rank r ⩾ 2,
19.78	142	0	0	Does there exist an infinite simple subgroup of SL(2, Q)?
19.79	142	0	0	(T. Springer). Let G be a group. Suppose that for every integer n > 0 the
19.82	142	0	1	Let h∗ (G) denote the generalized Fitting height of a finite group G defined
19.83	142	0	0	An element g of a group G is almost Engel if there is a finite set E (g) such
19.86	142	0	0	Suppose that a finite group G has a σi -Hall subgroup for every i ∈ I. Suppose
19.89	142	0	0	A permutation group is subdegree-finite if every orbit of every point stabiliser
19.90	142	0	0	A skew brace is a set B equipped with two operations + and · such that (B, +)
19.91	143	0	0	Let G be a finite group with an abelian Sylow p-subgroup A. Suppose that
19.92	143	1	1	Let A be the algebra of 3×3 skew-Hermitian matrices over the real octonions,
19.93	143	0	0	Conjecture: There exists a function f : N × N → N such that, if G is a finite
19.94	143	1	1	By definition two elements g and g of a free metabelian group F with
19.95	143	0	0	Let GΓ be a partially commutative soluble group of derived length n ⩾ 3 with
19.96	143	0	0	Let M be a free metabelian group of finite rank r ⩾ 2, and let P be the set of
19.97	144	0	0	Let G be an m-generated group the elementary theory of which T h(G) coin-
19.99	144	0	0	Is it true that for any positive integer t there is a positive integer n(t) such
19.100	144	1	1	Suppose that a finite group G admits a factorization G = AB = BC = CA,
19.102	144	1	1	A subgroup H of a free group F is called inert if r(H ∩ K) ⩽ r(K) for
19.103	144	1	1	Is it true that an intersection of compressed subgroups is compressed?
19.104	144	1	1	Is there an algorithm which decides whether a given subgroup of F is inert?
19.105	144	1	1	Is it true that the fixed subgroups of endomorphisms of F are inert?
19.106	144	0	0	Let G be a uniformly locally finite group (which means that there is a
19.107	145	0	0	Let A E be the smallest class of locally compact groups such that
19.108	145	0	0	Let P be a finite p-group, where p is an odd prime. Let χ be a complex
19.110	145	0	0	(G. M. Bergman and A. Magidin). Do there exist varieties of groups in which
19.111	145	0	0	Do there exist infinite groups all of whose proper subgroups are cyclic of
20.1	146	0	0	For k ⩾ 1, a group G is said to be totally k-closed if in each of its faithful
20.2	146	1	1	Are there any nonabelian simple groups of Lie type which are totally 3-closed?
20.3	146	0	0	For each k, each group of order k is totally k-closed, while the alternating group
20.4	146	0	0	A finite group G is said to be cut (or inverse semi-rational ) if ⟨x⟩ = ⟨y⟩ implies
20.5	146	0	0	(Well-known problem). Let G be a finite group, and V(ZG) the group of
20.6	147	0	0	(W. Kimmerle). The prime graph (or Gruenberg–Kegel graph) Γ(X) of a group
20.7	147	0	0	(W. Boone and G. Higman) Does every finitely generated group with solvable
20.8	147	0	0	Suppose K < H < F are free groups of finite rank such that rank(H) <
20.9	147	0	0	In the group algebra of a free group over a field, does every element whose
20.10	147	0	1	(a) If U and U ′ are nonprincipal ultrafilters on N, can every group which
20.11	148	0	0	Let F ⩽ H be free groups such that there exists a free group G of finite rank
20.12	148	0	0	Let us say that a group G has the unique n-fold product property (u.-n-p.) if
20.13	148	1	1	(a) If an abelian group can be written as a homomorphic image of a non-
20.14	149	0	1	(a) Do there exist a variety V of groups and a group G ∈ V such that the
20.15	149	0	0	Let κ be an infinite cardinal. If a residually finite group G is embeddable
20.16	149	0	0	By Hartley’s theorem (based on CFSG), if a simple locally finite group does
20.17	150	0	1	The normal covering number γ(G) of a finite non-cyclic group G is the mini-
20.18	150	0	0	Let Rpk be the variety of class 2 nilpotent groups of exponent pk , where p is
20.19	150	0	0	A subgroup H of a group G is called commensurated if for all g ∈ G, the
20.20	150	0	0	Let E(l, m, n) be a group on generators a, b with the presentation ⟨a, b |
20.21	150	0	0	(G. Verret). Does there exist a finite group G with two normal subgroups
20.22	150	1	1	Let G be a non-free and non-cyclic one-relator group in which every subgroup
20.23	151	1	1	Is there a constant δ with 0 < δ < 1 and an integer N such that whenever
20.24	151	0	0	Does the group SL2 (Z[ 2]) admit a faithful transitive amenable action?
20.25	151	0	0	Let n = k 2 . Let σ ∈ Sn be the product of k disjoint cycles, of lengths
20.26	151	0	0	Let ϕ be the Euler totient function. Does there exist a constant a > 0 such
12.77	151	0	0	J. González-Sánchez, A. Jaikin-Zapirain
20.27	151	1	1	Let G be a finite group, p a prime number, and let |xG | denote the maximum
20.28	151	0	0	Let L be a non-abelian finite simple group, and let H(L) = M (L).L be the
20.29	151	0	0	Let S be a non-abelian finite simple group. Is it true that for any n ∈ N, if
20.30	151	0	0	(P. M. Neumann and M. R. Vaughan-Lee). Let G be a perfect and centreless
20.31	152	0	0	Let ω(G) denote the set of element orders of a finite group G, and h(G) the
20.32	152	0	0	(E. Rapaport Strasser). The Lovász conjecture states that a vertex-transitive
20.33	152	0	0	(A. Bauer). Does Higman’s Embedding Theorem relativize in the following
20.34	152	0	0	Let f be an inner screen of a saturated formation F and suppose that a finite
20.35	152	0	0	(Well-known problem). Let S be a connected orientable hyperbolic surface of
20.36	152	0	0	The free Burnside group of exponent four on three generators, B(3, 4), has
20.37	153	0	0	Is it true that for every finite group G and every factorization |G| = ab there
20.38	153	0	0	Suppose that H is an almost simple group of Lie type and G is a finite group
20.39	153	0	0	Let F be a non-abelian finitely generated free group, 1 ̸= w ∈ F , and n ⩾ 1.
20.40	153	0	0	Let G be a κ-existentially closed group of cardinality λ > κ, where κ is a
20.41	153	1	1	(L. Ciobanu, B. Fine, G. Rosenberger). Suppose that G is a non-cyclic resid-
20.42	153	0	0	(Y. Cornulier, A. Mann, A. Thom). Does there exist a finitely generated resid-
20.43	153	0	0	Is every family of finite groups satisfying a common group law uniformly
20.44	153	0	0	The definition of CT(Z) is given in 17.57. Is it true that a finitely generated
20.45	154	0	0	Let n be a positive integer, and let G ⩽ GL(n, Z) be finitely generated. Given
20.46	154	0	0	A group action on a compact space is said to be topologically free if the set of
20.47	154	0	0	Let G = Fn be a finitely generated free group. Let X be a compact G-space
20.48	154	0	0	Suppose that P is a finite p-group with a non-trivial partition (which is
20.49	154	0	0	Is it true that any finite group contains a 2-generated subgroup with the same
20.50	154	0	0	For a positive integer m, let Gm be the largest group generated by m invo-
20.51	154	0	0	Is it true that for every odd integer t > 3 there exists a finite non-abelian
20.52	154	0	0	A famous result of Burnside states that if k(G) is the number of conjugacy
20.53	154	0	0	A nonisotropic unitary graph Γ is distance-regular with intersection array
20.54	155	0	0	A distance-regular graph of diameter 3 with the second eigenvalue θ1 = a3 is
20.55	155	0	0	Are there soluble finite groups G and H, of derived lengths 2 and 4 and having
20.56	155	0	0	Is a periodic group G locally finite if it is generated by involutions and the
20.57	155	0	0	Is a periodic group G locally finite if every finite subgroup of G is contained
20.58	155	0	1	Let ω(G) denote the set of element orders of a finite group G. A finite group G
20.59	155	0	0	A subgroup H is called a virtual retract of a group G if H is a retract of
20.60	155	0	0	We say that G is a virtually compact special group if G has a finite-index
20.61	156	0	0	Suppose that G is a virtually compact special group. Is it true that the
20.62	156	0	0	(J. Dixmier) A group is said to be unitarisable if its every uniformly
20.63	156	0	0	a) Prove that every unitarisable group has trivial cost.
20.64	156	0	0	Let G be a non-amenable group.
20.65	156	0	0	Given a complex irreducible character χ ∈ Irr(G) of a finite group G, let Q(χ)
20.66	156	0	0	A Schmidt (p, q)-group is a finite non-nilpotent group all of whose proper
20.67	156	0	0	Suppose that G is a finite group, p is a prime, and B is a Brauer p-block of
20.68	156	0	0	The submonoid membership problem for a group G generated by an alphabet A
20.69	156	0	0	Is the submonoid membership problem decidable for every one-relator group
20.70	157	0	0	As a strengthening of the Burnside restriction, for every pair (k, n) of positive
20.71	157	0	1	(J. Lauri). A card of a finite simple undirected graph G of order n = |V (G)|
20.72	157	0	0	Is there a variety of groups Θ such that the group of automorphisms of the
20.73	157	0	0	Can every countable group G be factorized G = AB into infinite subsets A, B
20.74	157	0	1	a) Conjecture: there are only finitely many nonabelian finite simple groups G
20.75	157	0	0	Let G be a finite p-group and assume that all abelian normal subgroups of G
20.76	158	0	0	Let G be a finite p-group and assume that all abelian normal subgroups of G
20.77	158	0	0	(O. I. Tavgen’). A group is said to be boundedly generated if it is a product
20.78	158	0	0	For an irreducible complex character χ of a finite group G, the codegree of χ is
20.79	158	0	0	Conjecture: Suppose that G is a non-abelian simple group and H is a finite
20.80	158	0	0	Let G be a finite group, and χ an irreducible complex character of G. We call
20.81	158	0	0	Does there exist a class X of finite groups satisfying the following conditions:
20.82	159	0	0	Two groups are said to be isospectral if they have the same set of element
20.83	159	0	1	Let X be a class of finite groups that is closed with respect to taking sub-
20.84	159	0	0	Does there exist a nilpotent group of class 3 with a non-trivial 5-th dimension
20.85	159	0	0	Let F be a free group. An element ω ∈ F is said to be primitive if there is
20.86	159	0	0	Suppose G is a finite group and p a prime such that the number sp (G) = 1+kp
20.87	159	0	0	What are the non-abelian composition factors of finite groups in which the
20.88	160	1	1	Let u be an element of a free group F . Is it true that there is v ∈ F (that
20.89	160	0	0	An element g of a group G is said to be almost Engel if there is a fi-
20.90	160	0	0	A profinite group in which all centralizers of non-trivial elements are pronilpo-
20.91	160	0	0	A group G is said to be stable if for any first-order formula ϕ(x̄, ȳ) (in the
20.92	161	0	1	This question is about existence of an analogue of the Lazard correspondence
20.93	161	0	1	A group G is called a Shunkov group if for any finite subgroup H ⩽ G any
20.94	161	0	0	Does there exist an infinite periodic simple group saturated (see the definition
20.95	161	0	0	Is a periodic group a Frobenius group (see 6.53) if it is saturated with finite
20.96	161	1	1	Is a periodic group a Frobenius group if it has a proper non-trivial normal
20.97	162	0	0	Is a 2-group locally finite if the centralizer of every involution is locally finite?
20.98	162	1	1	Let G be a group of permutations of the set of positive integers N isomorphic
20.99	162	0	0	Conjecture: Let a1 G1 , . . . , ak Gk , k > 1, be finitely many pairwise disjoint left
20.100	162	0	0	Conjecture: Let n be a positive integer, and let G be a group containing no
20.101	162	1	1	Let G be a finitely generated branch group. Are all finite-index maximal
20.102	162	0	0	(Y. Barnea, A. Shalev). Let G be a finitely generated pro-p group. Must G
20.103	162	0	0	Let GΓ be a partially commutative soluble group of derived length n ⩾ 3
20.104	162	0	0	(Well-known questions). Suppose that a group G is finitely generated and
20.105	163	0	0	Is there a perfect locally nilpotent p-group, for some prime p, whose proper
20.106	163	0	0	Let G be a residually finite 2-group and let x ∈ G be a left 3-Engel element
20.107	163	0	0	Let G be a group of exponent 8 and x ∈ G a left 3-Engel element of order 2.
20.108	163	0	0	The holomorph Hol(G) of a group G can be defined as the normalizer of
20.109	163	1	1	A skew brace is a set B equipped with two operations + and · such that
20.110	163	0	0	Are there residually finite hereditarily just infinite groups that are
20.111	163	0	0	Are there residually finite hereditarily just infinite groups admitting a self-
20.112	164	0	1	Let F be a hereditary saturated formation and let w∗ F denote the class of
20.113	164	0	0	Let H(q, c) = ⟨a, b, c, d | [b, a] = [d, c], of exponent q, nilpotent of class c⟩.
20.114	164	0	0	Is there a positive integer c such that for any q the exponent of the Schur
20.115	164	0	0	Let χ be a complex irreducible character of a finite group G. If χ(x) ̸= 0 for
20.116	164	0	0	(Well-known problem). Does a profinite torsion group have finite exponent?
20.117	164	0	0	Let G be a pro-p group that is a 3-dimensional Poincaré duality group. Is
20.118	164	0	0	Let G be a pro-p group that is a 3-dimensional Poincaré duality group. Can
20.119	164	0	0	(G. Wilkes). A pro-p group is said to be accessible if there is a number
20.120	164	0	0	Let G be a locally nilpotent group with an automorphism (of infinite order).
20.121	165	1	1	Let G be a finite almost simple group such that Soc(G) is a non-soluble
20.122	165	0	0	For nilpotent subgroups A, B, C of a finite group G, let MinG (A, B, C)
20.123	165	0	1	A finite group is called a Dπ -group if any two of its maximal π-subgroups
20.124	165	0	0	A Rota–Baxter operator
20.125	165	1	1	Does there exist a non-abelian group G and a Rota–Baxter operator B :
20.126	166	0	0	A brace (G; +, ◦) is non-empty set G with two binary operations +, ◦ such
21.1	167	0	0	Let n be a positive integer. For a finite group K and an automorphism
21.2	167	0	0	Let S be a finite simple group, and let G be a finite group for which there exists
21.3	167	0	0	Let G = An or Sn and let H, K be soluble subgroups of G. For all sufficiently
21.4	167	0	0	Let G be a finite group with trivial solvable radical and let H1 , . . . , H5 be
21.5	167	0	1	Let p be a prime. Let G be a transitive subgroup of the group of finitary
21.6	168	0	0	Let p be a prime. A totally imprimitive p-group H of finitary permutations is
21.7	168	0	0	(Well-known problem). A finite group G is called an IYB-group if it is iso-
21.8	168	1	1	As in 17.57, let r(m) = {r + km | k ∈ Z} for integers 0 ⩽ r < m; for
21.9	168	0	0	Let F be a non-abelian free pro-p group of finite rank. Can one find a finite
21.10	168	1	1	We call a group presentation finite if it represents a finite group. We say
21.11	169	0	0	Can some or all groups of the following sorts be written as homomorphic
21.12	169	1	1	Suppose that U is a nonprincipal ultrafilter on ω, and B is a group such
21.13	169	0	0	It is known that the group Zω has a subgroup whose dual is free abelian
21.14	169	1	1	Suppose α is an endomorphism of a group G such that for every group H
21.15	169	1	1	Suppose B is a subgroup of the symmetric group S
21.16	170	0	0	Let the width of a group (respectively, a monoid) H with respect to a gen-
21.17	170	0	0	If X is a class of groups, let H(X) denote the class of homomorphic images of
21.18	170	1	1	Suppose that G is a finite group, and A , A , A are subsets of G such that
21.19	170	0	0	Suppose that S and M are groups of finite Morley rank, S is an infinite group,
21.20	170	0	0	Prove that a simple group of finite Morley rank without involutions cannot
21.21	170	0	0	Prove that a simple (that is, without proper non-trivial connected normal
21.22	171	0	0	Is the (standard, restricted) wreath product G ≀ H of two finitely generated
21.23	171	0	0	A graph is called a cograph if it has no induced subgraph isomorphic to a
21.24	171	1	1	For a finite group G, the power graph P(G) is the graph with vertex set G
21.25	171	0	0	(T. Breuer, R. M. Guralnick). Let G be a finite simple group and let p1 , p2 be
21.26	171	0	0	(F. Lisi, L. Sabatini). Let G be a non-trivial finite group and let p1 , . . . , pk be
21.27	171	0	0	(M. Larsen, A. Shalev, P. H. Tiep). A permutation on a set Ω is called a
21.28	172	0	0	Let G be a finite simple transitive permutation group, and let δ(G) be the
21.29	172	0	0	Let G ⩽ Sym(Ω) be a finite primitive permutation group with a regular
21.30	172	0	0	(Well-known question). A discrete group G is said to have the Haagerup
21.31	172	0	0	Conjecture: If N is a finite soluble group, then any regular subgroup in the
21.32	172	0	0	Is the following problem decidable, and if so, what is its complexity? Given
21.33	172	0	0	Does an analogue of Dunwoody’s theorem hold for totally disconnected lo-
21.34	172	0	0	(Well-known problem). A group G is a unique product group if, for any
21.35	172	0	0	Let G be a finite group, w a multilinear commutator group-word, and p a
21.36	173	0	0	Kropholler’s hierarchy (see 15.45) is closed under finite extensions, that is,
21.37	173	0	0	By definition, a constructible totally disconnected, locally compact (tdlc)
21.38	173	0	0	(S. Harper, C. Donoven). The spread of a group G is the greatest nonnegative
21.39	173	0	0	It is known that there exist residually finite, locally finite, characteristically
21.40	173	0	0	Let G be a subgroup of GL(n, Q) with finitely many orbits under automor-
21.41	173	0	0	A group is said to be self-similar if it admits a faithful state-closed representa-
21.42	173	0	0	Let Td,c denote the class of d-generated, torsion-free nilpotent groups having
21.43	174	1	1	Conjecture: Suppose that for a fixed positive integer k at least half of the
21.44	174	0	0	Let Wn = A5 ≀· · ·≀A5 be the n-times iterated permutational wreath product of
21.45	174	0	0	(Well-known problem). Does there exist a finitely presented (infinite) simple
21.46	174	0	0	(Well-known problem). Does there exist a finitely presented (infinite) simple
21.47	174	0	0	(Well-known problem). Does there exist a finitely presented group G such
21.48	174	0	0	A quasimorphism on a group G is a function f : G → R such that the quantity
21.49	174	0	0	An isometric action of a group G on a metric space S is called acylindrical if for
21.50	174	0	0	Does every finite 3-group T have a nontrivial characteristic subgroup C such
21.51	175	0	0	Let p be a prime, and P a finite p-group.
21.52	175	0	0	Let L be a finite non-abelian simple group, and let D be a conjugacy class
21.53	175	0	0	In the notation of 21.52, let Autt (Γ) be the set of permutations τT∈ SD such
21.54	175	0	0	Let G be a finite soluble group with triality, which means that G admits
21.55	175	0	0	Let q be a power of a prime p, and let mn (q) be the maximum p-length of
21.56	175	0	0	Let ℓ(X) denote the composition length of a finite group X. Let A be a finite
21.57	176	0	0	Let X be a non-empty class of finite groups of odd order closed under taking
21.58	176	1	1	We say that a product XY = {xy | x ∈ X, y ∈ Y } of two subsets X, Y
21.59	176	0	1	For a finite group G, let χ1 (G) denote the totality of the degrees of all irre-
21.60	176	0	0	Let G be a finite group, Z(p) the localization at p, and Fp the field of p elements.
21.61	176	0	0	For a fixed (finitely generated free)-by-cyclic group G = Fn ⋊ Z, is there
21.62	176	0	0	Is the uniform subgroup membership problem decidable for (finitely generated
21.63	177	0	0	(E. Zelmanov). Let F be a field of characteristic p > 0, and let Γ be the
21.64	177	0	0	Is it true that if a normal subgroup A of a Sylow p-subgroup of a p-soluble
21.65	177	0	0	Suppose that φ is an automorphism of a finite soluble group G. Must G
21.66	177	0	0	Suppose that A is a nilpotent group of automorphisms of a finite soluble group
21.67	177	0	0	Suppose that φ is an automorphism of a finite soluble group G, and let r
21.68	177	0	0	A finite group G is said to be semi-abelian if it has a sequence of subgroups
21.69	177	0	0	Is there an algorithm deciding if a given one-relator group is hyperbolic?
21.70	177	0	0	A group G is called an orientable Poincaré duality group of dimension n over
21.71	178	0	0	For a ring R, we say that a group G is of type FL(R) if the trivial RG-module
21.72	178	0	0	We say that a group is a Tarski monster if it is finitely generated, not cyclic,
21.73	178	0	0	Is the conjugacy problem in CT(Z) algorithmically decidable?
21.74	178	0	0	Is it algorithmically decidable whether a given element g ∈ CT(Z)
21.75	178	0	0	Given two distinct sets P1 and P2 of odd primes none of which is a subset of
21.76	178	0	0	Let σ = (σij ), 1 ⩽ i ̸= j ⩽ n, be an irreducible elementary net (carpet)
21.77	178	0	1	Let d be an integer that is not divisible√by n-th powers of primes, let xn − d
21.78	179	0	1	Let p be a prime and let G be a pro-p group. Suppose that all of the
21.79	179	0	1	Let G be a finitely generated group with a fixed finite generating set S and
21.80	179	0	0	Do there exist finitely generated left-orderable groups with only one nontrivial
21.81	179	0	0	(J. Wiegold). Let Γ be a finite simple group and let Nn (Γ) denote the set of
21.82	179	0	0	Conjecture: For n ⩾ 3, there are no finite simple characteristic quotients of
21.83	179	0	0	The function dn (σ, τ ) = (1/n)·|{x ∈ {1, . . . , n} | σ(x) ̸= τ (x)}| is a distance on
21.84	180	0	0	For σ ∈ Sn and τ ∈ Sm , where n ⩽ m, let
21.85	180	0	0	Is a flexibly permutation-stable group always permutation-stable?
21.86	180	0	0	(M. Gromov, B. Weiss). A group G is said to be sofic if for every finite set
21.87	180	1	1	Assume that a finite group G has a family of d-generator subgroups whose
21.88	180	1	1	Is there a finite non-abelian group G of odd order, with k(G) conjugacy
21.89	180	0	0	For n > 39, is it true that the number of conjugacy classes in the symmetric
21.90	180	0	0	Let Γ be a graph of diameter d. For i ∈ {1, 2, . . . , d}, let Γi be the graph on
21.91	180	0	0	(W. Willems). Conjecture: The sum of squares of the degrees of the irreducible
21.92	181	0	0	Conjecture: The number of irreducible p-Brauer characters of a finite group
21.93	181	0	0	(M. Herzog, J. Schönheim). Let G be a group and let k ⩾ 2. Let H1 , . . . , Hk
21.94	181	0	0	The Gruenberg–Kegel graph (or the prime graph) GK(G) of a finite group G
21.95	181	0	0	Is there an almost simple but not simple group which is recognizable by the
21.96	181	0	0	Is it true that a periodic group containing an involution is locally finite if the
21.97	181	1	1	(M. Tărnăuceanu). Is it true that for every positive rational number r there
21.98	181	0	0	Let w be a multilinear commutator word, and assume that G is a group where
21.99	182	0	0	Conjecture: If G is a transitive permutation group on a finite set Ω, then for
21.100	182	0	1	Suppose that A and G are finite groups such that A acts coprimely on G by
21.101	182	0	0	Which finite almost simple groups are the automorphism groups of regular
21.102	182	0	0	Let V be a variety generated by a finite group, and let f (n)p be the order
21.103	182	0	0	(V. V. Uspenskii). A Hausdorff topological group G is called minimal if it
21.104	182	0	0	For a group word w(x1 , . . . , xn ) on n letters, define e0 (x1 , . . . , xn ) = x1 and
21.105	182	0	0	(D. Segal). A group word w is said to be concise in a class C of groups if for
21.106	183	0	0	A first order formula φ(x) in the group language with one free variable is
21.107	183	0	0	A sequence {Fn } of pairwise disjoint finite subsets of a topological group is
21.108	183	0	0	For a finite group G let Cod(G) denote the set of irreducible character
21.109	183	0	0	Conjecture: The derived length of a finite solvable group G does not exceed
21.110	183	0	0	Let S be a nonabelian finite simple group, and x a nonidentity automor-
21.111	183	0	0	Let S be a finite simple nonabelian group that is not isomorphic to any group
21.112	184	0	0	A nonempty class X of finite groups is said to be complete if X is closed under
21.113	184	0	0	Let G be a finite group and p be a prime. Let Ψp,G be the class function
21.114	184	0	0	A finite group G is called weakly ab-maximal if |H : [H, H]| ⩽ |G : [G, G]|
21.115	184	0	0	Let C1 , . . . , Cn be (left or right) cosets of a finite group G such that U :=
21.116	184	0	0	A group is boundedly acyclic if its bounded cohomology with trivial real
21.117	185	1	1	(a) Does there exist a finitely generated simple group that is of exponential
21.118	185	0	0	(A. Thom). Is there any group which is not isomorphic to the quotient of a
21.119	185	0	0	Does there exist a group G that contains a family (Gn )n∈N of finite-index
21.120	185	0	0	A pro-p group is (relatively) strictly finitely presented if it is the pro-p
21.121	185	0	0	Let p be a prime number. A group Γ is called p-Jordan if there exist
21.122	185	0	0	Let w be a group word, and G a profinite group. Is it true that the cardinality
21.123	185	0	0	Is it true that the extension of the A. Agrachev–R. Gamkrelidze construction
21.124	186	0	0	A group G is said to be virtually special if G has a finite-index subgroup
21.125	186	0	0	(M. Bridson). Let Fm be a free group of rank m and let ϕ ∈ Aut(Fm ) be
21.126	186	0	0	(N. Brady). Do there exist finitely presented subgroups of right-angled
21.127	186	0	0	Let G be a right-angled Artin group. Is the stable commutator length scl(g)
21.128	186	0	0	Two groups G1 and G2 are said to be commensurable if there exist finite-
21.129	186	0	0	If two Artin groups of spherical type are quasi-isometric, must they be
21.130	186	0	0	Conjecture: Let G be a finite additive abelian group with |G| odd. Then any
21.131	186	0	0	Construct a homomorphism of a subgroup of a Golod group (see 9.76) onto
21.132	187	0	0	Based on the development of E. S. Golod’s construction (see, for example,
21.133	187	0	0	Does a group need to have a subnormal abelian series if every countable
21.134	187	1	1	For a finite group G, let the type of G be the function on positive integers
21.135	187	0	0	For a finite group G, let χ1 (G) denote the totality of the degrees of all
21.136	187	0	0	Let G be a profinite group with fewer than 2ℵ0 conjugacy classes of elements
21.137	187	1	1	If the p-th powers in a finite p-group form a subgroup, must that subgroup
21.138	187	0	0	Let G be an infinite finitely presented group such that every subgroup of
21.139	188	0	0	Let G be a hyperbolic group which is virtually compact special in the sense
21.140	188	0	0	Let G be a torsion-free group of type F∞ of infinite cohomological dimension.
21.141	188	0	0	Let G = G1 ⨿H G2 be a free pro-p product of coherent pro-p groups with
21.142	188	1	1	A group G is said to be invariably generated by a and b if G is generated
21.143	188	0	0	(Well-known problem). Is Thompson’s group F automatic?
21.144	188	0	0	(M. Brin, M. Sapir). Conjecture: Every subgroup of Thompson’s group F is
21.145	188	0	0	(M. Bridson). Is Thompson’s group F quasi-isometric
21.146	188	0	0	(Well-known problem). A classifying space for a group G is a connected CW -
21.147	189	1	1	(V. M. Kopytov, N. Ya. Medvedev). A subgroup H of a right-orderable
21.148	189	0	0	(V. M. Kopytov, N. Ya. Medvedev). Is it true that the lattice of right-
21.149	189	0	0	(V. M. Kopytov, N. Ya. Medvedev). Are there order automorphisms of Dlab
21.150	189	1	1	Let G be an extension of a normal elementary abelian subgroup A by
