START_BLOCKS tables=2750 max_classes=100 max_block=6 gap=4.16.1
BLOCK_TABLE index=1 name=(2xA6).2_3 classes=16 eligible=true blocks=0 tested=0 integral=0 nonmonomial=0
BLOCK_TABLE index=2 name=2.A10 classes=39 eligible=true blocks=0 tested=0 integral=0 nonmonomial=0
BLOCK_TABLE index=3 name=2.A10.2 classes=57 eligible=true blocks=0 tested=0 integral=0 nonmonomial=0
BLOCK_TABLE index=4 name=Isoclinic(2.A10.2) classes=57 eligible=true blocks=0 tested=0 integral=0 nonmonomial=0
BLOCK_TABLE index=5 name=2.A11 classes=49 eligible=true blocks=0 tested=0 integral=0 nonmonomial=0
BLOCK_TABLE index=6 name=2.A11.2 classes=74 eligible=true blocks=0 tested=0 integral=0 nonmonomial=0
BLOCK_TABLE index=7 name=Isoclinic(2.A11.2) classes=74 eligible=true blocks=0 tested=0 integral=0 nonmonomial=0
BLOCK_TABLE index=8 name=2.A12 classes=65 eligible=true blocks=0 tested=0 integral=0 nonmonomial=0
BLOCK_TABLE index=9 name=2.A12.2 classes=100 eligible=true blocks=1 tested=4 integral=0 nonmonomial=0
BLOCK_TABLE index=10 name=Isoclinic(2.A12.2) classes=100 eligible=true blocks=1 tested=4 integral=0 nonmonomial=0
BLOCK_TABLE index=11 name=2.A13 classes=82 eligible=true blocks=0 tested=0 integral=0 nonmonomial=0
BLOCK_TABLE index=12 name=2.A13.2 classes=128 eligible=false blocks=0 tested=0 integral=0 nonmonomial=0
BLOCK_TABLE index=13 name=Isoclinic(2.A13.2) classes=128 eligible=false blocks=0 tested=0 integral=0 nonmonomial=0
BLOCK_TABLE index=14 name=2.A14.2 classes=168 eligible=false blocks=0 tested=0 integral=0 nonmonomial=0
BLOCK_TABLE index=15 name=Isoclinic(2.A14.2) classes=168 eligible=false blocks=0 tested=0 integral=0 nonmonomial=0
BLOCK_TABLE index=16 name=2.A15.2 classes=216 eligible=false blocks=0 tested=0 integral=0 nonmonomial=0
BLOCK_TABLE index=17 name=2.A16.2 classes=279 eligible=false blocks=0 tested=0 integral=0 nonmonomial=0
BLOCK_TABLE index=18 name=2.A17.2 classes=354 eligible=false blocks=0 tested=0 integral=0 nonmonomial=0
BLOCK_TABLE index=19 name=2.A18.2 classes=454 eligible=false blocks=0 tested=0 integral=0 nonmonomial=0
BLOCK_TABLE index=20 name=2.A5 classes=9 eligible=true blocks=0 tested=0 integral=0 nonmonomial=0
BLOCK_TABLE index=21 name=2.A5.2 classes=12 eligible=true blocks=0 tested=0 integral=0 nonmonomial=0
BLOCK_TABLE index=22 name=Isoclinic(2.A5.2) classes=12 eligible=true blocks=0 tested=0 integral=0 nonmonomial=0
BLOCK_TABLE index=23 name=2.A6 classes=13 eligible=true blocks=0 tested=0 integral=0 nonmonomial=0
BLOCK_TABLE index=24 name=2.A6.2_1 classes=17 eligible=true blocks=0 tested=0 integral=0 nonmonomial=0
BLOCK_TABLE index=25 name=2.A6.2_2 classes=20 eligible=true blocks=0 tested=0 integral=0 nonmonomial=0
BLOCK_TABLE index=26 name=Isoclinic(2.A6.2_2) classes=20 eligible=true blocks=0 tested=0 integral=0 nonmonomial=0
BLOCK_TABLE index=27 name=2.A7 classes=16 eligible=true blocks=0 tested=0 integral=0 nonmonomial=0
BLOCK_TABLE index=28 name=2.A7.2 classes=23 eligible=true blocks=0 tested=0 integral=0 nonmonomial=0
BLOCK_TABLE index=29 name=Isoclinic(2.A7.2) classes=23 eligible=true blocks=0 tested=0 integral=0 nonmonomial=0
BLOCK_TABLE index=30 name=2.A8 classes=23 eligible=true blocks=0 tested=0 integral=0 nonmonomial=0
BLOCK_TABLE index=31 name=2.A8.2 classes=31 eligible=true blocks=0 tested=0 integral=0 nonmonomial=0
BLOCK_TABLE index=32 name=Isoclinic(2.A8.2) classes=31 eligible=true blocks=0 tested=0 integral=0 nonmonomial=0
BLOCK_TABLE index=33 name=2.A9 classes=30 eligible=true blocks=0 tested=0 integral=0 nonmonomial=0
BLOCK_TABLE index=34 name=2.A9.2 classes=42 eligible=true blocks=0 tested=0 integral=0 nonmonomial=0
BLOCK_TABLE index=35 name=Isoclinic(2.A9.2) classes=42 eligible=true blocks=0 tested=0 integral=0 nonmonomial=0
BLOCK_TABLE index=36 name=2F4(2)'M7 classes=13 eligible=true blocks=0 tested=0 integral=0 nonmonomial=0
BLOCK_TABLE index=37 name=3.A6 classes=17 eligible=true blocks=0 tested=0 integral=0 nonmonomial=0
BLOCK_TABLE index=38 name=3.A6.2^2 classes=20 eligible=true blocks=0 tested=0 integral=0 nonmonomial=0
BLOCK_TABLE index=39 name=3.A6.2_1 classes=16 eligible=true blocks=0 tested=0 integral=0 nonmonomial=0
BLOCK_TABLE index=40 name=3.A6.2_2 classes=16 eligible=true blocks=0 tested=0 integral=0 nonmonomial=0
BLOCK_TABLE index=41 name=3.A6.2_3 classes=22 eligible=true blocks=0 tested=0 integral=0 nonmonomial=0
BLOCK_TABLE index=42 name=3.A7 classes=23 eligible=true blocks=0 tested=0 integral=0 nonmonomial=0
BLOCK_TABLE index=43 name=3.A7.2 classes=22 eligible=true blocks=0 tested=0 integral=0 nonmonomial=0
BLOCK_TABLE index=44 name=Isoclinic(2.A6x2) classes=26 eligible=true blocks=0 tested=0 integral=0 nonmonomial=0
BLOCK_TABLE index=45 name=4.A6.2_3 classes=22 eligible=true blocks=0 tested=0 integral=0 nonmonomial=0
BLOCK_TABLE index=46 name=6.A6 classes=31 eligible=true blocks=0 tested=0 integral=0 nonmonomial=0
BLOCK_TABLE index=47 name=6.A6.2_1 classes=26 eligible=true blocks=0 tested=0 integral=0 nonmonomial=0
BLOCK_TABLE index=48 name=6.A6.2_2 classes=29 eligible=true blocks=0 tested=0 integral=0 nonmonomial=0
BLOCK_TABLE index=49 name=Isoclinic(6.A6.2_2) classes=29 eligible=true blocks=0 tested=0 integral=0 nonmonomial=0
BLOCK_TABLE index=50 name=6.A7 classes=40 eligible=true blocks=0 tested=0 integral=0 nonmonomial=0
BLOCK_TABLE index=51 name=6.A7.2 classes=35 eligible=true blocks=0 tested=0 integral=0 nonmonomial=0
BLOCK_TABLE index=52 name=Isoclinic(6.A7.2) classes=35 eligible=true blocks=0 tested=0 integral=0 nonmonomial=0
BLOCK_TABLE index=53 name=A10 classes=24 eligible=true blocks=0 tested=0 integral=0 nonmonomial=0
BLOCK_TABLE index=54 name=A10.2 classes=42 eligible=true blocks=0 tested=0 integral=0 nonmonomial=0
BLOCK_TABLE index=55 name=A11 classes=31 eligible=true blocks=0 tested=0 integral=0 nonmonomial=0
BLOCK_TABLE index=56 name=A11.2 classes=56 eligible=true blocks=0 tested=0 integral=0 nonmonomial=0
BLOCK_TABLE index=57 name=A12 classes=43 eligible=true blocks=0 tested=0 integral=0 nonmonomial=0
BLOCK_TABLE index=58 name=A12.2 classes=77 eligible=true blocks=0 tested=0 integral=0 nonmonomial=0
BLOCK_TABLE index=59 name=A13 classes=55 eligible=true blocks=0 tested=0 integral=0 nonmonomial=0
BLOCK_TABLE index=60 name=A13.2 classes=101 eligible=false blocks=0 tested=0 integral=0 nonmonomial=0
BLOCK_TABLE index=61 name=A14 classes=72 eligible=true blocks=0 tested=0 integral=0 nonmonomial=0
BLOCK_TABLE index=62 name=A5 classes=5 eligible=true blocks=0 tested=0 integral=0 nonmonomial=0
BLOCK_TABLE index=63 name=A6M2 classes=5 eligible=true blocks=0 tested=0 integral=0 nonmonomial=0
BLOCK_TABLE index=64 name=A5.2 classes=7 eligible=true blocks=0 tested=0 integral=0 nonmonomial=0
BLOCK_TABLE index=65 name=A6.2_1M3 classes=7 eligible=true blocks=0 tested=0 integral=0 nonmonomial=0
BLOCK_TABLE index=66 name=A6 classes=7 eligible=true blocks=0 tested=0 integral=0 nonmonomial=0
BLOCK_TABLE index=67 name=A6.2^2 classes=13 eligible=true blocks=0 tested=0 integral=0 nonmonomial=0
BLOCK_TABLE index=68 name=U4(3).2_3M10 classes=13 eligible=true blocks=0 tested=0 integral=0 nonmonomial=0
BLOCK_TABLE index=69 name=A6.2_1 classes=11 eligible=true blocks=0 tested=0 integral=0 nonmonomial=0
BLOCK_TABLE index=70 name=A6.2_2 classes=11 eligible=true blocks=0 tested=0 integral=0 nonmonomial=0
BLOCK_TABLE index=71 name=A6.2_3 classes=8 eligible=true blocks=0 tested=0 integral=0 nonmonomial=0
BLOCK_TABLE index=72 name=A7 classes=9 eligible=true blocks=0 tested=0 integral=0 nonmonomial=0
BLOCK_TABLE index=73 name=A7.2 classes=15 eligible=true blocks=0 tested=0 integral=0 nonmonomial=0
BLOCK_TABLE index=74 name=A8 classes=14 eligible=true blocks=0 tested=0 integral=0 nonmonomial=0
BLOCK_TABLE index=75 name=A8.2 classes=22 eligible=true blocks=0 tested=0 integral=0 nonmonomial=0
BLOCK_TABLE index=76 name=A9 classes=18 eligible=true blocks=0 tested=0 integral=0 nonmonomial=0
BLOCK_TABLE index=77 name=A9.2 classes=30 eligible=true blocks=0 tested=0 integral=0 nonmonomial=0
BLOCK_TABLE index=78 name=M12M4 classes=13 eligible=true blocks=0 tested=0 integral=0 nonmonomial=0
BLOCK_TABLE index=79 name=A14.2 classes=135 eligible=false blocks=0 tested=0 integral=0 nonmonomial=0
BLOCK_TABLE index=80 name=A15.2 classes=176 eligible=false blocks=0 tested=0 integral=0 nonmonomial=0
BLOCK_TABLE index=81 name=A15 classes=94 eligible=true blocks=0 tested=0 integral=0 nonmonomial=0
BLOCK_TABLE index=82 name=A16.2 classes=231 eligible=false blocks=0 tested=0 integral=0 nonmonomial=0
BLOCK_TABLE index=83 name=A16 classes=123 eligible=false blocks=0 tested=0 integral=0 nonmonomial=0
BLOCK_TABLE index=84 name=A17 classes=156 eligible=false blocks=0 tested=0 integral=0 nonmonomial=0
BLOCK_TABLE index=85 name=A17.2 classes=297 eligible=false blocks=0 tested=0 integral=0 nonmonomial=0
BLOCK_TABLE index=86 name=A18 classes=200 eligible=false blocks=0 tested=0 integral=0 nonmonomial=0
BLOCK_TABLE index=87 name=A18.2 classes=385 eligible=false blocks=0 tested=0 integral=0 nonmonomial=0
BLOCK_TABLE index=88 name=A19 classes=254 eligible=false blocks=0 tested=0 integral=0 nonmonomial=0
BLOCK_TABLE index=89 name=A19.2 classes=490 eligible=false blocks=0 tested=0 integral=0 nonmonomial=0
BLOCK_TABLE index=90 name=Isoclinic(6.A6x2) classes=62 eligible=true blocks=0 tested=0 integral=0 nonmonomial=0
BLOCK_TABLE index=91 name=Isoclinic(3.A6.2_3x2) classes=44 eligible=true blocks=0 tested=0 integral=0 nonmonomial=0
BLOCK_TABLE index=92 name=12.A6.2_3 classes=58 eligible=true blocks=0 tested=0 integral=0 nonmonomial=0
BLOCK_TABLE index=93 name=2.F4(2) classes=170 eligible=false blocks=0 tested=0 integral=0 nonmonomial=0
BLOCK_TABLE index=94 name=2.F4(2).2 classes=151 eligible=false blocks=0 tested=0 integral=0 nonmonomial=0
BLOCK_TABLE index=95 name=Isoclinic(2.F4(2).2) classes=151 eligible=false blocks=0 tested=0 integral=0 nonmonomial=0
BLOCK_TABLE index=96 name=Isoclinic(2x2.F4(2).2) classes=302 eligible=false blocks=0 tested=0 integral=0 nonmonomial=0
BLOCK_TABLE index=97 name=2.(2xF4(2)).2 classes=302 eligible=false blocks=0 tested=0 integral=0 nonmonomial=0
BLOCK_TABLE index=98 name=2.G2(4) classes=55 eligible=true blocks=0 tested=0 integral=0 nonmonomial=0
BLOCK_TABLE index=99 name=2.G2(4).2 classes=65 eligible=true blocks=0 tested=0 integral=0 nonmonomial=0
BLOCK_TABLE index=100 name=Isoclinic(2.G2(4).2) classes=65 eligible=true blocks=0 tested=0 integral=0 nonmonomial=0
BLOCK_TABLE index=101 name=2.Sz(8) classes=19 eligible=true blocks=0 tested=0 integral=0 nonmonomial=0
BLOCK_TABLE index=102 name=2^2.Sz(8) classes=35 eligible=true blocks=0 tested=0 integral=0 nonmonomial=0
BLOCK_TABLE index=103 name=2^2.Sz(8).3 classes=25 eligible=true blocks=0 tested=0 integral=0 nonmonomial=0
BLOCK_TABLE index=104 name=3.G2(3) classes=45 eligible=true blocks=0 tested=0 integral=0 nonmonomial=0
BLOCK_TABLE index=105 name=3.G2(3).2 classes=39 eligible=true blocks=0 tested=0 integral=0 nonmonomial=0
BLOCK_TABLE index=106 name=F4(2) classes=95 eligible=true blocks=0 tested=0 integral=0 nonmonomial=0
BLOCK_TABLE index=107 name=F4(2).2 classes=91 eligible=true blocks=0 tested=0 integral=0 nonmonomial=0
BLOCK_TABLE index=108 name=G2(3) classes=23 eligible=true blocks=0 tested=0 integral=0 nonmonomial=0
BLOCK_TABLE index=109 name=G2(3).2 classes=28 eligible=true blocks=0 tested=0 integral=0 nonmonomial=0
BLOCK_TABLE index=110 name=G2(4) classes=32 eligible=true blocks=0 tested=0 integral=0 nonmonomial=0
BLOCK_TABLE index=111 name=G2(4).2 classes=40 eligible=true blocks=0 tested=0 integral=0 nonmonomial=0
BLOCK_TABLE index=112 name=G2(5) classes=44 eligible=true blocks=0 tested=0 integral=0 nonmonomial=0
BLOCK_TABLE index=113 name=G2(7) classes=72 eligible=true blocks=0 tested=0 integral=0 nonmonomial=0
BLOCK_TABLE index=114 name=R(27) classes=35 eligible=true blocks=0 tested=0 integral=0 nonmonomial=0
BLOCK_TABLE index=115 name=R(27).3 classes=41 eligible=true blocks=0 tested=0 integral=0 nonmonomial=0
BLOCK_TABLE index=116 name=Sz(32) classes=35 eligible=true blocks=0 tested=0 integral=0 nonmonomial=0
BLOCK_TABLE index=117 name=Sz(32).5 classes=31 eligible=true blocks=0 tested=0 integral=0 nonmonomial=0
BLOCK_TABLE index=118 name=Sz(8) classes=11 eligible=true blocks=0 tested=0 integral=0 nonmonomial=0
BLOCK_TABLE index=119 name=Sz(8).3 classes=17 eligible=true blocks=0 tested=0 integral=0 nonmonomial=0
BLOCK_TABLE index=120 name=3^(1+10):U5(2):2 classes=187 eligible=false blocks=0 tested=0 integral=0 nonmonomial=0
BLOCK_TABLE index=121 name=3^5:U4(2) classes=65 eligible=true blocks=0 tested=0 integral=0 nonmonomial=0
BLOCK_TABLE index=122 name=3^7:O7(3) classes=191 eligible=false blocks=0 tested=0 integral=0 nonmonomial=0
BLOCK_TABLE index=123 name=2^7:S6(2) classes=134 eligible=false blocks=0 tested=0 integral=0 nonmonomial=0
BLOCK_TABLE index=124 name=2^8:O8+(2) classes=124 eligible=false blocks=0 tested=0 integral=0 nonmonomial=0
BLOCK_TABLE index=125 name=2^8:S8(2) classes=195 eligible=false blocks=0 tested=0 integral=0 nonmonomial=0
BLOCK_TABLE index=126 name=2^(1+22).Co2 classes=448 eligible=false blocks=0 tested=0 integral=0 nonmonomial=0
BLOCK_TABLE index=127 name=2.Co1 classes=167 eligible=false blocks=0 tested=0 integral=0 nonmonomial=0
BLOCK_TABLE index=128 name=2.J2 classes=38 eligible=true blocks=0 tested=0 integral=0 nonmonomial=0
BLOCK_TABLE index=129 name=2.J2.2 classes=46 eligible=true blocks=0 tested=0 integral=0 nonmonomial=0
BLOCK_TABLE index=130 name=Isoclinic(2.J2.2) classes=46 eligible=true blocks=0 tested=0 integral=0 nonmonomial=0
BLOCK_TABLE index=131 name=3.J3 classes=55 eligible=true blocks=0 tested=0 integral=0 nonmonomial=0
BLOCK_TABLE index=132 name=3.J3.2 classes=47 eligible=true blocks=0 tested=0 integral=0 nonmonomial=0
BLOCK_TABLE index=133 name=Co1 classes=101 eligible=false blocks=0 tested=0 integral=0 nonmonomial=0
BLOCK_TABLE index=134 name=Co2 classes=60 eligible=true blocks=0 tested=0 integral=0 nonmonomial=0
BLOCK_TABLE index=135 name=Co3 classes=42 eligible=true blocks=0 tested=0 integral=0 nonmonomial=0
BLOCK_TABLE index=136 name=J1 classes=15 eligible=true blocks=0 tested=0 integral=0 nonmonomial=0
BLOCK_TABLE index=137 name=J2 classes=21 eligible=true blocks=0 tested=0 integral=0 nonmonomial=0
BLOCK_TABLE index=138 name=J2.2 classes=27 eligible=true blocks=0 tested=0 integral=0 nonmonomial=0
BLOCK_TABLE index=139 name=J3 classes=21 eligible=true blocks=0 tested=0 integral=0 nonmonomial=0
BLOCK_TABLE index=140 name=J3.2 classes=30 eligible=true blocks=0 tested=0 integral=0 nonmonomial=0
BLOCK_TABLE index=141 name=J4 classes=62 eligible=true blocks=0 tested=0 integral=0 nonmonomial=0
BLOCK_TABLE index=142 name=NDG(12.M22,3^2) classes=58 eligible=true blocks=0 tested=0 integral=0 nonmonomial=0
BLOCK_TABLE index=143 name=12.M22N3 classes=64 eligible=true blocks=0 tested=0 integral=0 nonmonomial=0
BLOCK_TABLE index=144 name=3xIsoclinic(2x5:8) classes=60 eligible=true blocks=0 tested=0 integral=0 nonmonomial=0
BLOCK_TABLE index=145 name=12x7:3 classes=60 eligible=true blocks=0 tested=0 integral=0 nonmonomial=0
BLOCK_TABLE index=146 name=12x11:5 classes=84 eligible=true blocks=0 tested=0 integral=0 nonmonomial=0
BLOCK_TABLE index=147 name=3x2.M22N2 classes=93 eligible=true blocks=0 tested=0 integral=0 nonmonomial=0
BLOCK_TABLE index=148 name=2x3.(A4x3):2 classes=38 eligible=true blocks=0 tested=0 integral=0 nonmonomial=0
BLOCK_TABLE index=149 name=(GL(2,3)x2F4(2)').2 classes=196 eligible=false blocks=0 tested=0 integral=0 nonmonomial=0
BLOCK_TABLE index=150 name=D8x2F4(2)'.2 classes=145 eligible=false blocks=0 tested=0 integral=0 nonmonomial=0
BLOCK_TABLE index=151 name=QD16.2 classes=11 eligible=true blocks=0 tested=0 integral=0 nonmonomial=0
BLOCK_TABLE index=152 name=(QD16x2F4(2)').2 classes=167 eligible=false blocks=0 tested=0 integral=0 nonmonomial=0
BLOCK_TABLE index=153 name=2.(3^2:D8xU4(3).2^2).2 classes=453 eligible=false blocks=0 tested=0 integral=0 nonmonomial=0
BLOCK_TABLE index=154 name=2xBN5 classes=116 eligible=false blocks=0 tested=0 integral=0 nonmonomial=0
BLOCK_TABLE index=155 name=(5^2:4S4x2.A5):2 classes=192 eligible=false blocks=0 tested=0 integral=0 nonmonomial=0
BLOCK_TABLE index=156 name=2.BN7 classes=108 eligible=false blocks=0 tested=0 integral=0 nonmonomial=0
BLOCK_TABLE index=157 name=(3^2x2).U4(3).D8 classes=193 eligible=false blocks=0 tested=0 integral=0 nonmonomial=0
BLOCK_TABLE index=158 name=NDG(2.Co1,3^3) classes=137 eligible=false blocks=0 tested=0 integral=0 nonmonomial=0
BLOCK_TABLE index=159 name=NDG(Co1,5^2) classes=62 eligible=true blocks=0 tested=0 integral=0 nonmonomial=0
BLOCK_TABLE index=160 name=NDG(2.Co1,5^2) classes=108 eligible=false blocks=0 tested=0 integral=0 nonmonomial=0
BLOCK_TABLE index=161 name=2xCo1N3 classes=256 eligible=false blocks=0 tested=0 integral=0 nonmonomial=0
BLOCK_TABLE index=162 name=2xCo1N5 classes=74 eligible=true blocks=0 tested=0 integral=0 nonmonomial=0
BLOCK_TABLE index=163 name=2x5^(1+2):GL2(5) classes=76 eligible=true blocks=0 tested=0 integral=0 nonmonomial=0
BLOCK_TABLE index=164 name=2x7^2:(3x2A4) classes=54 eligible=true blocks=0 tested=0 integral=0 nonmonomial=0
BLOCK_TABLE index=165 name=2.HS.2N3 classes=36 eligible=true blocks=0 tested=0 integral=0 nonmonomial=0
BLOCK_TABLE index=166 name=2.HSN2 classes=58 eligible=true blocks=0 tested=0 integral=0 nonmonomial=0
BLOCK_TABLE index=167 name=2.HS.2N2 classes=74 eligible=true blocks=0 tested=0 integral=0 nonmonomial=0
BLOCK_TABLE index=168 name=NDG(2.HS,Q8) classes=35 eligible=true blocks=0 tested=0 integral=0 nonmonomial=0
BLOCK_TABLE index=169 name=NDG(2.HS,Q8).2 classes=34 eligible=true blocks=1 tested=4 integral=0 nonmonomial=0
BLOCK_TABLE index=170 name=5^(1+2):8:4 classes=34 eligible=true blocks=0 tested=0 integral=0 nonmonomial=0
BLOCK_TABLE index=171 name=2.J2N2 classes=37 eligible=true blocks=0 tested=0 integral=0 nonmonomial=0
BLOCK_TABLE index=172 name=2.J2N3 classes=26 eligible=true blocks=0 tested=0 integral=0 nonmonomial=0
BLOCK_TABLE index=173 name=2.J2.2N5 classes=32 eligible=true blocks=0 tested=0 integral=0 nonmonomial=0
BLOCK_TABLE index=174 name=2.M12N2 classes=23 eligible=true blocks=0 tested=0 integral=0 nonmonomial=0
BLOCK_TABLE index=175 name=2xM12N3 classes=22 eligible=true blocks=0 tested=0 integral=0 nonmonomial=0
BLOCK_TABLE index=176 name=2.RuN2 classes=131 eligible=false blocks=0 tested=0 integral=0 nonmonomial=0
BLOCK_TABLE index=177 name=5^(1+2):(4x4):4 classes=50 eligible=true blocks=0 tested=0 integral=0 nonmonomial=0
BLOCK_TABLE index=178 name=3.F3+N5 classes=136 eligible=false blocks=0 tested=0 integral=0 nonmonomial=0
BLOCK_TABLE index=179 name=3.F3+.2N5 classes=140 eligible=false blocks=0 tested=0 integral=0 nonmonomial=0
BLOCK_TABLE index=180 name=3xF3+N7 classes=93 eligible=true blocks=0 tested=0 integral=0 nonmonomial=0
BLOCK_TABLE index=181 name=3.F3+.2N7 classes=72 eligible=true blocks=1 tested=4 integral=0 nonmonomial=0
BLOCK_TABLE index=182 name=(A4x11:5).2 classes=29 eligible=true blocks=0 tested=0 integral=0 nonmonomial=0
BLOCK_TABLE index=183 name=3x(A4x11:5).2 classes=87 eligible=true blocks=0 tested=0 integral=0 nonmonomial=0
BLOCK_TABLE index=184 name=(3^(1+2)_+:2x13:6).2 classes=94 eligible=true blocks=0 tested=0 integral=0 nonmonomial=0
BLOCK_TABLE index=185 name=3x17:16 classes=51 eligible=true blocks=0 tested=0 integral=0 nonmonomial=0
BLOCK_TABLE index=186 name=3x23:11 classes=39 eligible=true blocks=0 tested=0 integral=0 nonmonomial=0
BLOCK_TABLE index=187 name=3x29:14 classes=48 eligible=true blocks=0 tested=0 integral=0 nonmonomial=0
BLOCK_TABLE index=188 name=3x(D10xA9).2 classes=234 eligible=false blocks=0 tested=0 integral=0 nonmonomial=0
BLOCK_TABLE index=189 name=3x(3xA6):2_2 classes=54 eligible=true blocks=0 tested=0 integral=0 nonmonomial=0
BLOCK_TABLE index=190 name=3.(3xM10):2 classes=39 eligible=true blocks=1 tested=1 integral=0 nonmonomial=0
BLOCK_TABLE index=191 name=3xJ3N2 classes=57 eligible=true blocks=0 tested=0 integral=0 nonmonomial=0
BLOCK_TABLE index=192 name=3^3.3^(1+2):8 classes=40 eligible=true blocks=0 tested=0 integral=0 nonmonomial=0
BLOCK_TABLE index=193 name=3^3.3^(1+2):8.2 classes=32 eligible=true blocks=0 tested=0 integral=0 nonmonomial=0
BLOCK_TABLE index=194 name=3.McL.2N5 classes=45 eligible=true blocks=0 tested=0 integral=0 nonmonomial=0
BLOCK_TABLE index=195 name=3xMcLN2 classes=51 eligible=true blocks=0 tested=0 integral=0 nonmonomial=0
BLOCK_TABLE index=196 name=(3xMcLN2).2 classes=39 eligible=true blocks=0 tested=0 integral=0 nonmonomial=0
BLOCK_TABLE index=197 name=McL.2N3 classes=30 eligible=true blocks=1 tested=4 integral=0 nonmonomial=0
BLOCK_TABLE index=198 name=3.McL.2N3 classes=45 eligible=true blocks=2 tested=24 integral=0 nonmonomial=0
BLOCK_TABLE index=199 name=3xONN2 classes=96 eligible=true blocks=0 tested=0 integral=0 nonmonomial=0
BLOCK_TABLE index=200 name=ON.2N2 classes=40 eligible=true blocks=1 tested=4 integral=0 nonmonomial=0
BLOCK_TABLE index=201 name=(3xONN2).2 classes=72 eligible=true blocks=1 tested=4 integral=0 nonmonomial=0
BLOCK_TABLE index=202 name=NDG(ON,D8) classes=24 eligible=true blocks=0 tested=0 integral=0 nonmonomial=0
BLOCK_TABLE index=203 name=NDG(3.ON,D8) classes=62 eligible=true blocks=0 tested=0 integral=0 nonmonomial=0
BLOCK_TABLE index=204 name=NDG(ON,D8).2 classes=36 eligible=true blocks=0 tested=0 integral=0 nonmonomial=0
BLOCK_TABLE index=205 name=3x(4x2^2).2^4.S3 classes=72 eligible=true blocks=0 tested=0 integral=0 nonmonomial=0
BLOCK_TABLE index=206 name=3x(4^2x2).2^3.S3 classes=78 eligible=true blocks=0 tested=0 integral=0 nonmonomial=0
BLOCK_TABLE index=207 name=3.ON.2N3 classes=38 eligible=true blocks=0 tested=0 integral=0 nonmonomial=0
BLOCK_TABLE index=208 name=3.ON.2M4 classes=64 eligible=true blocks=1 tested=4 integral=0 nonmonomial=0
BLOCK_TABLE index=209 name=3.ON.2N7 classes=57 eligible=true blocks=0 tested=0 integral=0 nonmonomial=0
BLOCK_TABLE index=210 name=2.M22N2 classes=31 eligible=true blocks=0 tested=0 integral=0 nonmonomial=0
BLOCK_TABLE index=211 name=4.M22N2 classes=35 eligible=true blocks=0 tested=0 integral=0 nonmonomial=0
BLOCK_TABLE index=212 name=3x4.M22N2 classes=105 eligible=false blocks=0 tested=0 integral=0 nonmonomial=0
BLOCK_TABLE index=213 name=Isoclinic(2x(2.A4x3).2) classes=30 eligible=true blocks=0 tested=0 integral=0 nonmonomial=0
BLOCK_TABLE index=214 name=Isoclinic(4x3^2:Q8) classes=24 eligible=true blocks=0 tested=0 integral=0 nonmonomial=0
BLOCK_TABLE index=215 name=Isoclinic(2x5:8) classes=20 eligible=true blocks=0 tested=0 integral=0 nonmonomial=0
BLOCK_TABLE index=216 name=4x7:3 classes=20 eligible=true blocks=0 tested=0 integral=0 nonmonomial=0
BLOCK_TABLE index=217 name=4x11:5 classes=28 eligible=true blocks=0 tested=0 integral=0 nonmonomial=0
BLOCK_TABLE index=218 name=2x11:10 classes=22 eligible=true blocks=0 tested=0 integral=0 nonmonomial=0
BLOCK_TABLE index=219 name=6.A6N2 classes=21 eligible=true blocks=0 tested=0 integral=0 nonmonomial=0
BLOCK_TABLE index=220 name=2^6.2^5.S6 classes=137 eligible=false blocks=0 tested=0 integral=0 nonmonomial=0
BLOCK_TABLE index=221 name=2^10.2^3.L3(2) classes=105 eligible=false blocks=0 tested=0 integral=0 nonmonomial=0
BLOCK_TABLE index=222 name=2^(5+8):(2xA6) classes=88 eligible=true blocks=7 tested=2140 integral=0 nonmonomial=0
BLOCK_TABLE index=223 name=(2x2^(1+8)_+).2.2^4.(S3xS3) classes=167 eligible=false blocks=0 tested=0 integral=0 nonmonomial=0
BLOCK_TABLE index=224 name=2^(5+8):(S3xS4) classes=139 eligible=false blocks=0 tested=0 integral=0 nonmonomial=0
BLOCK_TABLE index=225 name=2^(5+8):(S3xD8) classes=196 eligible=false blocks=0 tested=0 integral=0 nonmonomial=0
BLOCK_TABLE index=226 name=2^10.2^4.S5 classes=97 eligible=true blocks=3 tested=26 integral=0 nonmonomial=0
BLOCK_TABLE index=227 name=2^(5+8):(2xS4) classes=149 eligible=false blocks=0 tested=0 integral=0 nonmonomial=0
BLOCK_TABLE index=228 name=2^10.2^2.2^2.S4 classes=150 eligible=false blocks=0 tested=0 integral=0 nonmonomial=0
BLOCK_TABLE index=229 name=2^10.2^3.S4 classes=199 eligible=false blocks=0 tested=0 integral=0 nonmonomial=0
BLOCK_TABLE index=230 name=2^(5+8):(S3x3.A6) classes=286 eligible=false blocks=0 tested=0 integral=0 nonmonomial=0
BLOCK_TABLE index=231 name=2^(5+8):(2x3.A6) classes=248 eligible=false blocks=0 tested=0 integral=0 nonmonomial=0
BLOCK_TABLE index=232 name=S3x6_1.U4(3).2_2 classes=507 eligible=false blocks=0 tested=0 integral=0 nonmonomial=0
BLOCK_TABLE index=233 name=2x3^5:U4(2):2 classes=152 eligible=false blocks=0 tested=0 integral=0 nonmonomial=0
BLOCK_TABLE index=234 name=2x3^5.3^3.(2xS4) classes=200 eligible=false blocks=0 tested=0 integral=0 nonmonomial=0
BLOCK_TABLE index=235 name=2x(3^(1+6).3)a.2.S4 classes=146 eligible=false blocks=0 tested=0 integral=0 nonmonomial=0
BLOCK_TABLE index=236 name=2x(3^(1+6).3)b.2.S4 classes=146 eligible=false blocks=0 tested=0 integral=0 nonmonomial=0
BLOCK_TABLE index=237 name=2x3^5.3^(1+2).2.S4 classes=158 eligible=false blocks=0 tested=0 integral=0 nonmonomial=0
BLOCK_TABLE index=238 name=2xFi22N3 classes=206 eligible=false blocks=0 tested=0 integral=0 nonmonomial=0
BLOCK_TABLE index=239 name=2xS3x7:6 classes=42 eligible=true blocks=0 tested=0 integral=0 nonmonomial=0
BLOCK_TABLE index=240 name=2^2x11:5 classes=28 eligible=true blocks=0 tested=0 integral=0 nonmonomial=0
BLOCK_TABLE index=241 name=2x13:6 classes=16 eligible=true blocks=0 tested=0 integral=0 nonmonomial=0
BLOCK_TABLE index=242 name=3.Fi22N3 classes=125 eligible=false blocks=0 tested=0 integral=0 nonmonomial=0
BLOCK_TABLE index=243 name=3x2^6:S6(2) classes=201 eligible=false blocks=0 tested=0 integral=0 nonmonomial=0
BLOCK_TABLE index=244 name=S3x3_1.U4(3).2_2 classes=276 eligible=false blocks=0 tested=0 integral=0 nonmonomial=0
BLOCK_TABLE index=245 name=3.3^(1+6):2^(3+4):3^2:2 classes=170 eligible=false blocks=0 tested=0 integral=0 nonmonomial=0
BLOCK_TABLE index=246 name=3x2^6.2^5.S6 classes=411 eligible=false blocks=0 tested=0 integral=0 nonmonomial=0
BLOCK_TABLE index=247 name=3x2^10.2^3.L3(2) classes=315 eligible=false blocks=0 tested=0 integral=0 nonmonomial=0
BLOCK_TABLE index=248 name=3x2^10.2^4.S5 classes=291 eligible=false blocks=0 tested=0 integral=0 nonmonomial=0
BLOCK_TABLE index=249 name=3x2^(5+8):(S3xS4) classes=417 eligible=false blocks=0 tested=0 integral=0 nonmonomial=0
BLOCK_TABLE index=250 name=3x(2x2^(1+8)_+).2.2^4.(S3xS3) classes=501 eligible=false blocks=0 tested=0 integral=0 nonmonomial=0
BLOCK_TABLE index=251 name=3x2^10.2^3.S4 classes=597 eligible=false blocks=0 tested=0 integral=0 nonmonomial=0
BLOCK_TABLE index=252 name=3x2^10.2^2.2^2.S4 classes=450 eligible=false blocks=0 tested=0 integral=0 nonmonomial=0
BLOCK_TABLE index=253 name=3x2^(5+8):(S3xD8) classes=588 eligible=false blocks=0 tested=0 integral=0 nonmonomial=0
BLOCK_TABLE index=254 name=3x2^(5+8):(2xS4) classes=447 eligible=false blocks=0 tested=0 integral=0 nonmonomial=0
BLOCK_TABLE index=255 name=3xFi22N2 classes=645 eligible=false blocks=0 tested=0 integral=0 nonmonomial=0
BLOCK_TABLE index=256 name=3x5:4xS5 classes=105 eligible=false blocks=0 tested=0 integral=0 nonmonomial=0
BLOCK_TABLE index=257 name=6x5:4xS5 classes=210 eligible=false blocks=0 tested=0 integral=0 nonmonomial=0
BLOCK_TABLE index=258 name=3xFi22N5 classes=60 eligible=true blocks=0 tested=0 integral=0 nonmonomial=0
BLOCK_TABLE index=259 name=3xS3x7:6 classes=63 eligible=true blocks=0 tested=0 integral=0 nonmonomial=0
BLOCK_TABLE index=260 name=6xS3x7:6 classes=126 eligible=false blocks=0 tested=0 integral=0 nonmonomial=0
BLOCK_TABLE index=261 name=6x11:5 classes=42 eligible=true blocks=0 tested=0 integral=0 nonmonomial=0
BLOCK_TABLE index=262 name=2x6x11:5 classes=84 eligible=true blocks=0 tested=0 integral=0 nonmonomial=0
BLOCK_TABLE index=263 name=2x3.Fi22N3 classes=250 eligible=false blocks=0 tested=0 integral=0 nonmonomial=0
BLOCK_TABLE index=264 name=2xFi22N5 classes=40 eligible=true blocks=0 tested=0 integral=0 nonmonomial=0
BLOCK_TABLE index=265 name=6xFi22N5 classes=120 eligible=false blocks=0 tested=0 integral=0 nonmonomial=0
BLOCK_TABLE index=266 name=3x5^2:(4xS3) classes=48 eligible=true blocks=0 tested=0 integral=0 nonmonomial=0
BLOCK_TABLE index=267 name=3x2.J2.2N5 classes=96 eligible=true blocks=0 tested=0 integral=0 nonmonomial=0
BLOCK_TABLE index=268 name=D8xS6(2) classes=150 eligible=false blocks=0 tested=0 integral=0 nonmonomial=0
BLOCK_TABLE index=269 name=NDG(He.2,3^2) classes=31 eligible=true blocks=0 tested=0 integral=0 nonmonomial=0
BLOCK_TABLE index=270 name=NDG(HN,3^2) classes=42 eligible=true blocks=1 tested=672 integral=0 nonmonomial=0
BLOCK_TABLE index=271 name=NDG(HN.2,3^2) classes=72 eligible=true blocks=0 tested=0 integral=0 nonmonomial=0
BLOCK_TABLE index=272 name=HNN3 classes=30 eligible=true blocks=0 tested=0 integral=0 nonmonomial=0
BLOCK_TABLE index=273 name=HN.2N3 classes=48 eligible=true blocks=1 tested=96 integral=0 nonmonomial=0
BLOCK_TABLE index=274 name=3^4.(3xSL(2,3)).2 classes=30 eligible=true blocks=0 tested=0 integral=0 nonmonomial=0
BLOCK_TABLE index=275 name=HNN5 classes=68 eligible=true blocks=0 tested=0 integral=0 nonmonomial=0
BLOCK_TABLE index=276 name=NDG(J4,3^2) classes=31 eligible=true blocks=0 tested=0 integral=0 nonmonomial=0
BLOCK_TABLE index=277 name=(3^(1+2):2^2xG2(3)):2 classes=209 eligible=false blocks=0 tested=0 integral=0 nonmonomial=0
BLOCK_TABLE index=278 name=(3^2:2x13:6).2 classes=42 eligible=true blocks=0 tested=0 integral=0 nonmonomial=0
BLOCK_TABLE index=279 name=(D10xA9).2 classes=78 eligible=true blocks=0 tested=0 integral=0 nonmonomial=0
BLOCK_TABLE index=280 name=MN5 classes=201 eligible=false blocks=0 tested=0 integral=0 nonmonomial=0
BLOCK_TABLE index=281 name=(11:5xM12):2 classes=120 eligible=false blocks=0 tested=0 integral=0 nonmonomial=0
BLOCK_TABLE index=282 name=2F4(2)'N2 classes=35 eligible=true blocks=2 tested=116 integral=0 nonmonomial=0
BLOCK_TABLE index=283 name=2F4(2)'.2N2 classes=61 eligible=true blocks=1 tested=96 integral=0 nonmonomial=0
BLOCK_TABLE index=284 name=2^(3+1+3).L3(2) classes=32 eligible=true blocks=0 tested=0 integral=0 nonmonomial=0
BLOCK_TABLE index=285 name=2^(2+2+4).(S3xS3) classes=40 eligible=true blocks=0 tested=0 integral=0 nonmonomial=0
BLOCK_TABLE index=286 name=NRS(M24,2^(2+2+4)a) classes=40 eligible=true blocks=0 tested=0 integral=0 nonmonomial=0
BLOCK_TABLE index=287 name=NRS(M24,2^(4+4)) classes=41 eligible=true blocks=0 tested=0 integral=0 nonmonomial=0
BLOCK_TABLE index=288 name=[2^9].S3a classes=45 eligible=true blocks=1 tested=20 integral=0 nonmonomial=0
BLOCK_TABLE index=289 name=NRS(M24,[2^9]a) classes=45 eligible=true blocks=1 tested=20 integral=0 nonmonomial=0
BLOCK_TABLE index=290 name=[2^9].S3b classes=48 eligible=true blocks=0 tested=0 integral=0 nonmonomial=0
BLOCK_TABLE index=291 name=NRS(M24,[2^9]b) classes=48 eligible=true blocks=0 tested=0 integral=0 nonmonomial=0
BLOCK_TABLE index=292 name=L3(2)xS3 classes=18 eligible=true blocks=0 tested=0 integral=0 nonmonomial=0
BLOCK_TABLE index=293 name=3x2^(1+4)_-:A5 classes=48 eligible=true blocks=0 tested=0 integral=0 nonmonomial=0
BLOCK_TABLE index=294 name=3x2^(2+4):(3xS3) classes=60 eligible=true blocks=0 tested=0 integral=0 nonmonomial=0
BLOCK_TABLE index=295 name=3x11:5 classes=21 eligible=true blocks=0 tested=0 integral=0 nonmonomial=0
BLOCK_TABLE index=296 name=6x7:3 classes=30 eligible=true blocks=0 tested=0 integral=0 nonmonomial=0
BLOCK_TABLE index=297 name=G2(3).2N2 classes=17 eligible=true blocks=0 tested=0 integral=0 nonmonomial=0
BLOCK_TABLE index=298 name=3^2.(3x3^(1+2)+):2^2 classes=40 eligible=true blocks=0 tested=0 integral=0 nonmonomial=0
BLOCK_TABLE index=299 name=3^3.(3x3^(1+2)+):2^2 classes=48 eligible=true blocks=0 tested=0 integral=0 nonmonomial=0
BLOCK_TABLE index=300 name=U3(5).2N2 classes=11 eligible=true blocks=0 tested=0 integral=0 nonmonomial=0
BLOCK_TABLE index=301 name=(D10xU3(5)N2).2 classes=29 eligible=true blocks=2 tested=676 integral=0 nonmonomial=0
BLOCK_TABLE index=302 name=5:4xU3(5).2N2 classes=55 eligible=true blocks=1 tested=20 integral=0 nonmonomial=0
BLOCK_TABLE index=303 name=2^(1+8)_+.(2xA5) classes=55 eligible=true blocks=1 tested=4 integral=0 nonmonomial=0
BLOCK_TABLE index=304 name=2^(1+8)_+.(A4xA5) classes=56 eligible=true blocks=0 tested=0 integral=0 nonmonomial=0
BLOCK_TABLE index=305 name=2^(1+8)_+.(A4xA4).2 classes=61 eligible=true blocks=1 tested=672 integral=0 nonmonomial=0
BLOCK_TABLE index=306 name=(D8xA6).2^2 classes=47 eligible=true blocks=1 tested=96 integral=0 nonmonomial=0
BLOCK_TABLE index=307 name=(7:3xA5):2 classes=26 eligible=true blocks=0 tested=0 integral=0 nonmonomial=0
BLOCK_TABLE index=308 name=2^(2+1+2+4+2).(3xS4) classes=66 eligible=true blocks=1 tested=20 integral=0 nonmonomial=0
BLOCK_TABLE index=309 name=D8xU3(3).2 classes=80 eligible=true blocks=1 tested=96 integral=0 nonmonomial=0
BLOCK_TABLE index=310 name=(Q16xU3(3)).2 classes=94 eligible=true blocks=1 tested=672 integral=0 nonmonomial=0
BLOCK_TABLE index=311 name=3x4^2:D12 classes=42 eligible=true blocks=0 tested=0 integral=0 nonmonomial=0
BLOCK_TABLE index=312 name=3xM12N2 classes=48 eligible=true blocks=0 tested=0 integral=0 nonmonomial=0
BLOCK_TABLE index=313 name=3x7:6 classes=21 eligible=true blocks=0 tested=0 integral=0 nonmonomial=0
BLOCK_TABLE index=314 name=3x13:6 classes=24 eligible=true blocks=0 tested=0 integral=0 nonmonomial=0
BLOCK_TABLE index=315 name=6x13:6 classes=48 eligible=true blocks=0 tested=0 integral=0 nonmonomial=0
BLOCK_TABLE index=316 name=S3x13:6 classes=24 eligible=true blocks=0 tested=0 integral=0 nonmonomial=0
BLOCK_TABLE index=317 name=5:4xS7 classes=75 eligible=true blocks=0 tested=0 integral=0 nonmonomial=0
BLOCK_TABLE index=318 name=S3xA5 classes=15 eligible=true blocks=0 tested=0 integral=0 nonmonomial=0
BLOCK_TABLE index=319 name=G2(4)N2 classes=46 eligible=true blocks=0 tested=0 integral=0 nonmonomial=0
BLOCK_TABLE index=320 name=3^(1+2):8:4 classes=28 eligible=true blocks=0 tested=0 integral=0 nonmonomial=0
BLOCK_TABLE index=321 name=S3x2.A5 classes=27 eligible=true blocks=0 tested=0 integral=0 nonmonomial=0
BLOCK_TABLE index=322 name=2.A5.2xS3 classes=36 eligible=true blocks=0 tested=0 integral=0 nonmonomial=0
BLOCK_TABLE index=323 name=2.D10xA5 classes=40 eligible=true blocks=0 tested=0 integral=0 nonmonomial=0
BLOCK_TABLE index=324 name=(7:3x3):4 classes=24 eligible=true blocks=0 tested=0 integral=0 nonmonomial=0
BLOCK_TABLE index=325 name=2.M12N5 classes=14 eligible=true blocks=1 tested=20 integral=0 nonmonomial=0
BLOCK_TABLE index=326 name=7:12 classes=14 eligible=true blocks=0 tested=0 integral=0 nonmonomial=0
BLOCK_TABLE index=327 name=NRS(M22,[2^6]) classes=12 eligible=true blocks=0 tested=0 integral=0 nonmonomial=0
BLOCK_TABLE index=328 name=2^(2+8):(3xA5):2 classes=43 eligible=true blocks=2 tested=100 integral=0 nonmonomial=0
BLOCK_TABLE index=329 name=2^(4+6):(A5x3):2 classes=42 eligible=true blocks=0 tested=0 integral=0 nonmonomial=0
BLOCK_TABLE index=330 name=2.HSN3A classes=42 eligible=true blocks=0 tested=0 integral=0 nonmonomial=0
BLOCK_TABLE index=331 name=2^3.(2x2^3.L3(2)) classes=32 eligible=true blocks=0 tested=0 integral=0 nonmonomial=0
BLOCK_TABLE index=332 name=(7:3xL2(7)):2 classes=33 eligible=true blocks=0 tested=0 integral=0 nonmonomial=0
BLOCK_TABLE index=333 name=F4(2)N7B classes=33 eligible=true blocks=0 tested=0 integral=0 nonmonomial=0
BLOCK_TABLE index=334 name=3x19:9 classes=33 eligible=true blocks=0 tested=0 integral=0 nonmonomial=0
BLOCK_TABLE index=335 name=3x17:8 classes=30 eligible=true blocks=0 tested=0 integral=0 nonmonomial=0
BLOCK_TABLE index=336 name=3xD6xD10 classes=36 eligible=true blocks=0 tested=0 integral=0 nonmonomial=0
BLOCK_TABLE index=337 name=3x2^3.S4v1 classes=42 eligible=true blocks=0 tested=0 integral=0 nonmonomial=0
BLOCK_TABLE index=338 name=3xNRS(M22,[2^6]) classes=36 eligible=true blocks=0 tested=0 integral=0 nonmonomial=0
BLOCK_TABLE index=339 name=2.2^3.2^5.S3 classes=45 eligible=true blocks=1 tested=20 integral=0 nonmonomial=0
BLOCK_TABLE index=340 name=(2^2x4).2^5.S3 classes=45 eligible=true blocks=1 tested=20 integral=0 nonmonomial=0
BLOCK_TABLE index=341 name=2.2^4.2^4.S3 classes=58 eligible=true blocks=2 tested=100 integral=0 nonmonomial=0
BLOCK_TABLE index=342 name=(2x4^2).2^4.S3 classes=48 eligible=true blocks=0 tested=0 integral=0 nonmonomial=0
BLOCK_TABLE index=343 name=2.2^(4+6).2.S3 classes=64 eligible=true blocks=1 tested=96 integral=0 nonmonomial=0
BLOCK_TABLE index=344 name=S3xU4(2).2 classes=75 eligible=true blocks=0 tested=0 integral=0 nonmonomial=0
BLOCK_TABLE index=345 name=3^4.A6.D8 classes=42 eligible=true blocks=0 tested=0 integral=0 nonmonomial=0
BLOCK_TABLE index=346 name=(Q8xD14):3 classes=19 eligible=true blocks=0 tested=0 integral=0 nonmonomial=0
BLOCK_TABLE index=347 name=(Q8x13:4):3 classes=33 eligible=true blocks=0 tested=0 integral=0 nonmonomial=0
BLOCK_TABLE index=348 name=5:4xS5x2 classes=70 eligible=true blocks=0 tested=0 integral=0 nonmonomial=0
BLOCK_TABLE index=349 name=2^5.2^4.L4(2) classes=47 eligible=true blocks=0 tested=0 integral=0 nonmonomial=0
BLOCK_TABLE index=350 name=(2^5.2^6)a.(S3xL3(2)) classes=56 eligible=true blocks=0 tested=0 integral=0 nonmonomial=0
BLOCK_TABLE index=351 name=(2^5.2^6)b.(L3(2)xS3) classes=55 eligible=true blocks=0 tested=0 integral=0 nonmonomial=0
BLOCK_TABLE index=352 name=2^5.2^6.(2xL3(2)) classes=57 eligible=true blocks=0 tested=0 integral=0 nonmonomial=0
BLOCK_TABLE index=353 name=(2^5.2^6.2^2)a.S3^2 classes=69 eligible=true blocks=1 tested=96 integral=0 nonmonomial=0
BLOCK_TABLE index=354 name=(2^5.2^6.2^2)b.S3^2 classes=67 eligible=true blocks=0 tested=0 integral=0 nonmonomial=0
BLOCK_TABLE index=355 name=2^5.2^6.D8.S3 classes=75 eligible=true blocks=0 tested=0 integral=0 nonmonomial=0
BLOCK_TABLE index=356 name=(2^(1+8).2^3)a.L3(2) classes=60 eligible=true blocks=1 tested=4 integral=0 nonmonomial=0
BLOCK_TABLE index=357 name=(2^(1+8).2^3)b.L3(2) classes=57 eligible=true blocks=0 tested=0 integral=0 nonmonomial=0
BLOCK_TABLE index=358 name=2^(1+8).2^4.S3^2 classes=68 eligible=true blocks=1 tested=1 integral=0 nonmonomial=0
BLOCK_TABLE index=359 name=2^(1+8).2^4.2.S3 classes=79 eligible=true blocks=1 tested=96 integral=0 nonmonomial=0
BLOCK_TABLE index=360 name=2^(1+8).2^3.2^2.S3 classes=73 eligible=true blocks=1 tested=672 integral=0 nonmonomial=0
BLOCK_TABLE index=361 name=2^(1+8).2^(1+4).S3 classes=75 eligible=true blocks=1 tested=672 integral=0 nonmonomial=0
BLOCK_TABLE index=362 name=2^(1+8).2^2.(3xA5).2 classes=52 eligible=true blocks=0 tested=0 integral=0 nonmonomial=0
BLOCK_TABLE index=363 name=2^(1+8).2^2.S3^2 classes=60 eligible=true blocks=2 tested=97 integral=0 nonmonomial=0
BLOCK_TABLE index=364 name=2^(1+8).D8.S3 classes=64 eligible=true blocks=1 tested=96 integral=0 nonmonomial=0
BLOCK_TABLE index=365 name=(D10xA6).2 classes=23 eligible=true blocks=0 tested=0 integral=0 nonmonomial=0
BLOCK_TABLE index=366 name=5:8 classes=10 eligible=true blocks=0 tested=0 integral=0 nonmonomial=0
BLOCK_TABLE index=367 name=(2.D10xA6).2 classes=46 eligible=true blocks=0 tested=0 integral=0 nonmonomial=0
BLOCK_TABLE index=368 name=2x3^5:(3^2:SD16) classes=78 eligible=true blocks=1 tested=672 integral=0 nonmonomial=0
BLOCK_TABLE index=369 name=31:6 classes=11 eligible=true blocks=0 tested=0 integral=0 nonmonomial=0
BLOCK_TABLE index=370 name=11:5xS3 classes=21 eligible=true blocks=0 tested=0 integral=0 nonmonomial=0
BLOCK_TABLE index=371 name=(SL2(3)x7:3).2 classes=31 eligible=true blocks=0 tested=0 integral=0 nonmonomial=0
BLOCK_TABLE index=372 name=3^5.3^3.(2xS4) classes=100 eligible=true blocks=1 tested=4 integral=0 nonmonomial=0
BLOCK_TABLE index=373 name=(3^(1+6).3)a.2.S4 classes=73 eligible=true blocks=0 tested=0 integral=0 nonmonomial=0
BLOCK_TABLE index=374 name=(3^(1+6).3)b.2.S4 classes=73 eligible=true blocks=0 tested=0 integral=0 nonmonomial=0
BLOCK_TABLE index=375 name=3^5.3^(1+2).2.S4 classes=79 eligible=true blocks=0 tested=0 integral=0 nonmonomial=0
BLOCK_TABLE index=376 name=(3^2:4xD10).2 classes=18 eligible=true blocks=1 tested=20 integral=0 nonmonomial=0
BLOCK_TABLE index=377 name=(3^2:D8xD10).2 classes=27 eligible=true blocks=1 tested=20 integral=0 nonmonomial=0
BLOCK_TABLE index=378 name=S4x3^2:4 classes=30 eligible=true blocks=0 tested=0 integral=0 nonmonomial=0
BLOCK_TABLE index=379 name=S4x3^(1+2):4 classes=70 eligible=true blocks=0 tested=0 integral=0 nonmonomial=0
BLOCK_TABLE index=380 name=(3^(1+2):4xD10).2 classes=46 eligible=true blocks=1 tested=20 integral=0 nonmonomial=0
BLOCK_TABLE index=381 name=3x7^(1+2):(D8x3) classes=72 eligible=true blocks=0 tested=0 integral=0 nonmonomial=0
BLOCK_TABLE index=382 name=3x19:6 classes=27 eligible=true blocks=0 tested=0 integral=0 nonmonomial=0
BLOCK_TABLE index=383 name=3x31:15 classes=51 eligible=true blocks=0 tested=0 integral=0 nonmonomial=0
BLOCK_TABLE index=384 name=2.(S4xS5) classes=44 eligible=true blocks=0 tested=0 integral=0 nonmonomial=0
BLOCK_TABLE index=385 name=2.D8.S5 classes=39 eligible=true blocks=0 tested=0 integral=0 nonmonomial=0
BLOCK_TABLE index=386 name=(2^(1+4)x3).GO+(4,2) classes=48 eligible=true blocks=1 tested=96 integral=0 nonmonomial=0
BLOCK_TABLE index=387 name=2^(1+4).S3^2 classes=31 eligible=true blocks=1 tested=1 integral=0 nonmonomial=0
BLOCK_TABLE index=388 name=2.(D8x2^2).S3 classes=28 eligible=true blocks=0 tested=0 integral=0 nonmonomial=0
BLOCK_TABLE index=389 name=2.2^4.2.S3 classes=28 eligible=true blocks=0 tested=0 integral=0 nonmonomial=0
BLOCK_TABLE index=390 name=(4x2^2).2^4.S3 classes=24 eligible=true blocks=0 tested=0 integral=0 nonmonomial=0
BLOCK_TABLE index=391 name=(4^2x2).2^3.S3 classes=26 eligible=true blocks=0 tested=0 integral=0 nonmonomial=0
BLOCK_TABLE index=392 name=2^(1+6)_-.2^4.A5 classes=60 eligible=true blocks=2 tested=8 integral=0 nonmonomial=0
BLOCK_TABLE index=393 name=2^(4+6).2^2.(3xS3) classes=77 eligible=true blocks=0 tested=0 integral=0 nonmonomial=0
BLOCK_TABLE index=394 name=2^(2+8).2^2.(3xS3) classes=59 eligible=true blocks=1 tested=4 integral=0 nonmonomial=0
BLOCK_TABLE index=395 name=(A4x7:3):2 classes=19 eligible=true blocks=0 tested=0 integral=0 nonmonomial=0
BLOCK_TABLE index=396 name=S4x3^2:Q8 classes=30 eligible=true blocks=1 tested=4 integral=0 nonmonomial=0
BLOCK_TABLE index=397 name=11:20 classes=22 eligible=true blocks=0 tested=0 integral=0 nonmonomial=0
BLOCK_TABLE index=398 name=(SL(2,3)x7:3).2 classes=31 eligible=true blocks=0 tested=0 integral=0 nonmonomial=0
BLOCK_TABLE index=399 name=3x(A5xD10).2 classes=57 eligible=true blocks=0 tested=0 integral=0 nonmonomial=0
BLOCK_TABLE index=400 name=(D10x3.A6).2_3 classes=61 eligible=true blocks=0 tested=0 integral=0 nonmonomial=0
BLOCK_TABLE index=401 name=3x(A4x7:3):2 classes=57 eligible=true blocks=0 tested=0 integral=0 nonmonomial=0
BLOCK_TABLE index=402 name=3x11:10 classes=33 eligible=true blocks=0 tested=0 integral=0 nonmonomial=0
BLOCK_TABLE index=403 name=S4x3^(1+2)_+:Q8 classes=80 eligible=true blocks=1 tested=4 integral=0 nonmonomial=0
BLOCK_TABLE index=404 name=D8x3^(1+2)_+:Q8 classes=80 eligible=true blocks=0 tested=0 integral=0 nonmonomial=0
BLOCK_TABLE index=405 name=2.(D8x3^2:Q8) classes=36 eligible=true blocks=0 tested=0 integral=0 nonmonomial=0
BLOCK_TABLE index=406 name=3x2^(1+6)_-.2^4.A5 classes=180 eligible=false blocks=0 tested=0 integral=0 nonmonomial=0
BLOCK_TABLE index=407 name=3x2^(2+8).2^2.(3xS3) classes=177 eligible=false blocks=0 tested=0 integral=0 nonmonomial=0
BLOCK_TABLE index=408 name=3x2^(4+6).2^2.(3xS3) classes=231 eligible=false blocks=0 tested=0 integral=0 nonmonomial=0
BLOCK_TABLE index=409 name=3xSuzN2 classes=243 eligible=false blocks=0 tested=0 integral=0 nonmonomial=0
BLOCK_TABLE index=410 name=(2.D10x3.A6).2_3 classes=122 eligible=false blocks=0 tested=0 integral=0 nonmonomial=0
BLOCK_TABLE index=411 name=3x(SL(2,3)x7:3).2 classes=93 eligible=true blocks=0 tested=0 integral=0 nonmonomial=0
BLOCK_TABLE index=412 name=3x11:20 classes=66 eligible=true blocks=0 tested=0 integral=0 nonmonomial=0
BLOCK_TABLE index=413 name=3x(2x13).6 classes=48 eligible=true blocks=0 tested=0 integral=0 nonmonomial=0
BLOCK_TABLE index=414 name=3x(2.A5xD10).2 classes=99 eligible=true blocks=0 tested=0 integral=0 nonmonomial=0
BLOCK_TABLE index=415 name=2^(1+8)_+.2^5.S4(2) classes=148 eligible=false blocks=0 tested=0 integral=0 nonmonomial=0
BLOCK_TABLE index=416 name=2^3.(2x2^(1+3+3+3).L3(2)) classes=186 eligible=false blocks=0 tested=0 integral=0 nonmonomial=0
BLOCK_TABLE index=417 name=2^(1+1+3+3).(2x2^(3+3).L3(2)) classes=147 eligible=false blocks=0 tested=0 integral=0 nonmonomial=0
BLOCK_TABLE index=418 name=2^(1+1+2+4).(2x2^(2+4).S3^2) classes=262 eligible=false blocks=0 tested=0 integral=0 nonmonomial=0
BLOCK_TABLE index=419 name=2^10.2^3.2^3.S3 classes=354 eligible=false blocks=0 tested=0 integral=0 nonmonomial=0
BLOCK_TABLE index=420 name=2^(1+8)_+.2^3.2^2.2^3.S3 classes=270 eligible=false blocks=0 tested=0 integral=0 nonmonomial=0
BLOCK_TABLE index=421 name=2^(1+8)_+.2^2.2^2.2^4.S3 classes=264 eligible=false blocks=0 tested=0 integral=0 nonmonomial=0
BLOCK_TABLE index=422 name=2^(1+8)_+.2^3.2^5.S3 classes=261 eligible=false blocks=0 tested=0 integral=0 nonmonomial=0
BLOCK_TABLE index=423 name=3xD10 classes=12 eligible=true blocks=0 tested=0 integral=0 nonmonomial=0
BLOCK_TABLE index=424 name=2.SuzN2 classes=132 eligible=false blocks=0 tested=0 integral=0 nonmonomial=0
BLOCK_TABLE index=425 name=2.G2(4)N2 classes=71 eligible=true blocks=1 tested=4 integral=0 nonmonomial=0
BLOCK_TABLE index=426 name=3.3^5:(3^2:SD16) classes=115 eligible=false blocks=0 tested=0 integral=0 nonmonomial=0
BLOCK_TABLE index=427 name=3x2.SuzN2 classes=396 eligible=false blocks=0 tested=0 integral=0 nonmonomial=0
BLOCK_TABLE index=428 name=2x3.3^5:(3^2:SD16) classes=230 eligible=false blocks=0 tested=0 integral=0 nonmonomial=0
BLOCK_TABLE index=429 name=2.(D8x3^(1+2)_+:Q8) classes=94 eligible=true blocks=0 tested=0 integral=0 nonmonomial=0
BLOCK_TABLE index=430 name=2.Fi22N2 classes=319 eligible=false blocks=0 tested=0 integral=0 nonmonomial=0
BLOCK_TABLE index=431 name=3x2.Fi22N2 classes=957 eligible=false blocks=0 tested=0 integral=0 nonmonomial=0
BLOCK_TABLE index=432 name=(2^2x11:5).2 classes=29 eligible=true blocks=0 tested=0 integral=0 nonmonomial=0
BLOCK_TABLE index=433 name=2^5:A6 classes=24 eligible=true blocks=0 tested=0 integral=0 nonmonomial=0
BLOCK_TABLE index=434 name=3^4:S6 classes=33 eligible=true blocks=0 tested=0 integral=0 nonmonomial=0
BLOCK_TABLE index=435 name=3^4:3^2:D8 classes=39 eligible=true blocks=1 tested=96 integral=0 nonmonomial=0
BLOCK_TABLE index=436 name=S3x5:4 classes=15 eligible=true blocks=0 tested=0 integral=0 nonmonomial=0
BLOCK_TABLE index=437 name=3^3:(S3x2) classes=17 eligible=true blocks=0 tested=0 integral=0 nonmonomial=0
BLOCK_TABLE index=438 name=3^3:S3 classes=22 eligible=true blocks=0 tested=0 integral=0 nonmonomial=0
BLOCK_TABLE index=439 name=2^4:A4 classes=16 eligible=true blocks=0 tested=0 integral=0 nonmonomial=0
BLOCK_TABLE index=440 name=2x7:6 classes=14 eligible=true blocks=0 tested=0 integral=0 nonmonomial=0
BLOCK_TABLE index=441 name=5:4xS4 classes=25 eligible=true blocks=0 tested=0 integral=0 nonmonomial=0
BLOCK_TABLE index=442 name=(3x2.D10).2 classes=18 eligible=true blocks=0 tested=0 integral=0 nonmonomial=0
BLOCK_TABLE index=443 name=2.A8N3 classes=15 eligible=true blocks=1 tested=96 integral=0 nonmonomial=0
BLOCK_TABLE index=444 name=S6(2)N2 classes=56 eligible=true blocks=0 tested=0 integral=0 nonmonomial=0
BLOCK_TABLE index=445 name=2x3^3:S3 classes=44 eligible=true blocks=0 tested=0 integral=0 nonmonomial=0
BLOCK_TABLE index=446 name=2.U4(2)N2 classes=20 eligible=true blocks=0 tested=0 integral=0 nonmonomial=0
BLOCK_TABLE index=447 name=2.(S3x5:4) classes=24 eligible=true blocks=0 tested=0 integral=0 nonmonomial=0
BLOCK_TABLE index=448 name=2x3^3:(S3x2) classes=34 eligible=true blocks=0 tested=0 integral=0 nonmonomial=0
BLOCK_TABLE index=449 name=2^6:S4a classes=40 eligible=true blocks=0 tested=0 integral=0 nonmonomial=0
BLOCK_TABLE index=450 name=2^6:S4b classes=40 eligible=true blocks=0 tested=0 integral=0 nonmonomial=0
BLOCK_TABLE index=451 name=2.[2^6].(2xS3) classes=53 eligible=true blocks=1 tested=96 integral=0 nonmonomial=0
BLOCK_TABLE index=452 name=3x2.D10 classes=24 eligible=true blocks=0 tested=0 integral=0 nonmonomial=0
BLOCK_TABLE index=453 name=(D10x2^3.L3(2)).2 classes=43 eligible=true blocks=1 tested=4 integral=0 nonmonomial=0
BLOCK_TABLE index=454 name=7:3xS5 classes=35 eligible=true blocks=0 tested=0 integral=0 nonmonomial=0
BLOCK_TABLE index=455 name=31:10 classes=13 eligible=true blocks=0 tested=0 integral=0 nonmonomial=0
BLOCK_TABLE index=456 name=23:22 classes=23 eligible=true blocks=0 tested=0 integral=0 nonmonomial=0
BLOCK_TABLE index=457 name=11:10xS3 classes=33 eligible=true blocks=0 tested=0 integral=0 nonmonomial=0
BLOCK_TABLE index=458 name=(7:3xA7):2 classes=54 eligible=true blocks=0 tested=0 integral=0 nonmonomial=0
BLOCK_TABLE index=459 name=(13:6xA4).2 classes=34 eligible=true blocks=0 tested=0 integral=0 nonmonomial=0
BLOCK_TABLE index=460 name=5^3:(4x(2xA5).2) classes=88 eligible=true blocks=0 tested=0 integral=0 nonmonomial=0
BLOCK_TABLE index=461 name=(D10xJ2).2 classes=75 eligible=true blocks=0 tested=0 integral=0 nonmonomial=0
BLOCK_TABLE index=462 name=2^4:A4b classes=9 eligible=true blocks=0 tested=0 integral=0 nonmonomial=0
BLOCK_TABLE index=463 name=3^4.3^2:4 classes=24 eligible=true blocks=0 tested=0 integral=0 nonmonomial=0
BLOCK_TABLE index=464 name=2^(4+8).(2xA4) classes=81 eligible=true blocks=0 tested=0 integral=0 nonmonomial=0
BLOCK_TABLE index=465 name=2^9.2^4.A5a classes=53 eligible=true blocks=1 tested=4 integral=0 nonmonomial=0
BLOCK_TABLE index=466 name=2^9.2^4.A5b classes=59 eligible=true blocks=0 tested=0 integral=0 nonmonomial=0
BLOCK_TABLE index=467 name=2^(4+8):(A4xS3) classes=96 eligible=true blocks=1 tested=4 integral=0 nonmonomial=0
BLOCK_TABLE index=468 name=S6xD8 classes=55 eligible=true blocks=0 tested=0 integral=0 nonmonomial=0
BLOCK_TABLE index=469 name=(2^4:A4xA4).2 classes=56 eligible=true blocks=1 tested=20 integral=0 nonmonomial=0
BLOCK_TABLE index=470 name=(2x2^(1+8)_+).O8+(2) classes=264 eligible=false blocks=0 tested=0 integral=0 nonmonomial=0
BLOCK_TABLE index=471 name=2.2^(2+12):(A8xS3) classes=248 eligible=false blocks=0 tested=0 integral=0 nonmonomial=0
BLOCK_TABLE index=472 name=2.(A5wr2) classes=34 eligible=true blocks=0 tested=0 integral=0 nonmonomial=0
BLOCK_TABLE index=473 name=(D10x2.(A5xA5).2).2 classes=116 eligible=false blocks=0 tested=0 integral=0 nonmonomial=0
BLOCK_TABLE index=474 name=(11:5xD12).2 classes=51 eligible=true blocks=0 tested=0 integral=0 nonmonomial=0
BLOCK_TABLE index=475 name=2.(13:6xA4).2 classes=55 eligible=true blocks=0 tested=0 integral=0 nonmonomial=0
BLOCK_TABLE index=476 name=(7:3x2.A7):2 classes=85 eligible=true blocks=0 tested=0 integral=0 nonmonomial=0
BLOCK_TABLE index=477 name=2.(D10xJ2).2 classes=130 eligible=false blocks=0 tested=0 integral=0 nonmonomial=0
BLOCK_TABLE index=478 name=2x(7:3xL2(7)):2 classes=66 eligible=true blocks=0 tested=0 integral=0 nonmonomial=0
BLOCK_TABLE index=479 name=(7:3x2.L3(4).2).2 classes=144 eligible=false blocks=0 tested=0 integral=0 nonmonomial=0
BLOCK_TABLE index=480 name=(3^(1+2):8x2.A6).2 classes=137 eligible=false blocks=0 tested=0 integral=0 nonmonomial=0
BLOCK_TABLE index=481 name=3^6:L4(3):2_2 classes=159 eligible=false blocks=0 tested=0 integral=0 nonmonomial=0
BLOCK_TABLE index=482 name=3^(3+6):(L3(3)x2) classes=149 eligible=false blocks=0 tested=0 integral=0 nonmonomial=0
BLOCK_TABLE index=483 name=2^(1+6).3^(1+2).2S4 classes=53 eligible=true blocks=0 tested=0 integral=0 nonmonomial=0
BLOCK_TABLE index=484 name=L3(3)x2 classes=24 eligible=true blocks=0 tested=0 integral=0 nonmonomial=0
BLOCK_TABLE index=485 name=(3xSL(2,3)):2 classes=15 eligible=true blocks=0 tested=0 integral=0 nonmonomial=0
BLOCK_TABLE index=486 name=S3x(3xSL(2,3)):2 classes=45 eligible=true blocks=0 tested=0 integral=0 nonmonomial=0
BLOCK_TABLE index=487 name=2^(1+4)_+.(S3x3^2:2) classes=48 eligible=true blocks=0 tested=0 integral=0 nonmonomial=0
BLOCK_TABLE index=488 name=A7xS3 classes=27 eligible=true blocks=0 tested=0 integral=0 nonmonomial=0
BLOCK_TABLE index=489 name=D8xS3 classes=15 eligible=true blocks=0 tested=0 integral=0 nonmonomial=0
BLOCK_TABLE index=490 name=2.2^4.(S3x3^2:2) classes=48 eligible=true blocks=0 tested=0 integral=0 nonmonomial=0
BLOCK_TABLE index=491 name=2.2^(4+12).(S3x3S6) classes=305 eligible=false blocks=0 tested=0 integral=0 nonmonomial=0
BLOCK_TABLE index=492 name=2x3^(1+4).2U4(2).2 classes=180 eligible=false blocks=0 tested=0 integral=0 nonmonomial=0
BLOCK_TABLE index=493 name=3^(3+4):(2.S4)^2 classes=204 eligible=false blocks=0 tested=0 integral=0 nonmonomial=0
BLOCK_TABLE index=494 name=(2.A7xL2(7)).2 classes=108 eligible=false blocks=0 tested=0 integral=0 nonmonomial=0
BLOCK_TABLE index=495 name=(2.A6xU3(3)).2 classes=154 eligible=false blocks=0 tested=0 integral=0 nonmonomial=0
BLOCK_TABLE index=496 name=(2.A4x2.G2(4)).2 classes=305 eligible=false blocks=0 tested=0 integral=0 nonmonomial=0
BLOCK_TABLE index=497 name=2.(A4xG2(4)).2 classes=160 eligible=false blocks=0 tested=0 integral=0 nonmonomial=0
BLOCK_TABLE index=498 name=(2.A5x2.J2).2 classes=306 eligible=false blocks=0 tested=0 integral=0 nonmonomial=0
BLOCK_TABLE index=499 name=2.(A5xJ2).2 classes=157 eligible=false blocks=0 tested=0 integral=0 nonmonomial=0
BLOCK_TABLE index=500 name=2(S4xS4) classes=34 eligible=true blocks=0 tested=0 integral=0 nonmonomial=0
BLOCK_TABLE index=501 name=S3x2.S4 classes=24 eligible=true blocks=0 tested=0 integral=0 nonmonomial=0
BLOCK_TABLE index=502 name=2^6:S7 classes=55 eligible=true blocks=0 tested=0 integral=0 nonmonomial=0
BLOCK_TABLE index=503 name=S4xU3(3).2 classes=80 eligible=true blocks=1 tested=20 integral=0 nonmonomial=0
BLOCK_TABLE index=504 name=A8xS3 classes=42 eligible=true blocks=0 tested=0 integral=0 nonmonomial=0
BLOCK_TABLE index=505 name=2x2.M12 classes=52 eligible=true blocks=0 tested=0 integral=0 nonmonomial=0
BLOCK_TABLE index=506 name=2x2.A4xS3 classes=42 eligible=true blocks=0 tested=0 integral=0 nonmonomial=0
BLOCK_TABLE index=507 name=2^2x3^2.2.S4 classes=44 eligible=true blocks=0 tested=0 integral=0 nonmonomial=0
BLOCK_TABLE index=508 name=2.S4x2.S4 classes=64 eligible=true blocks=0 tested=0 integral=0 nonmonomial=0
BLOCK_TABLE index=509 name=2x2.U4(2).2 classes=76 eligible=true blocks=0 tested=0 integral=0 nonmonomial=0
BLOCK_TABLE index=510 name=2x2.(3^3:(S4x2)) classes=68 eligible=true blocks=0 tested=0 integral=0 nonmonomial=0
BLOCK_TABLE index=511 name=2xS3x2.S4 classes=48 eligible=true blocks=0 tested=0 integral=0 nonmonomial=0
BLOCK_TABLE index=512 name=S3x3.S6 classes=48 eligible=true blocks=0 tested=0 integral=0 nonmonomial=0
BLOCK_TABLE index=513 name=2x3.S6 classes=32 eligible=true blocks=0 tested=0 integral=0 nonmonomial=0
BLOCK_TABLE index=514 name=(D10xD10).2^2 classes=16 eligible=true blocks=0 tested=0 integral=0 nonmonomial=0
BLOCK_TABLE index=515 name=(3x3^3:S3):2 classes=39 eligible=true blocks=0 tested=0 integral=0 nonmonomial=0
BLOCK_TABLE index=516 name=(3x3^(1+2)+:2A4).2 classes=42 eligible=true blocks=0 tested=0 integral=0 nonmonomial=0
BLOCK_TABLE index=517 name=2^12.(S3x3S6) classes=140 eligible=false blocks=0 tested=0 integral=0 nonmonomial=0
BLOCK_TABLE index=518 name=2^12.(2^2xD8) classes=590 eligible=false blocks=0 tested=0 integral=0 nonmonomial=0
BLOCK_TABLE index=519 name=2^(3+3+3).L3(2) classes=45 eligible=true blocks=0 tested=0 integral=0 nonmonomial=0
BLOCK_TABLE index=520 name=NRS(O8+(2),2^(3+3+3)_a) classes=45 eligible=true blocks=0 tested=0 integral=0 nonmonomial=0
BLOCK_TABLE index=521 name=NRS(O8+(2),2^(3+3+3)_b) classes=45 eligible=true blocks=0 tested=0 integral=0 nonmonomial=0
BLOCK_TABLE index=522 name=O8+(2)N2 classes=103 eligible=false blocks=0 tested=0 integral=0 nonmonomial=0
BLOCK_TABLE index=523 name=5:4xS6 classes=55 eligible=true blocks=0 tested=0 integral=0 nonmonomial=0
BLOCK_TABLE index=524 name=E6(2) classes=180 eligible=false blocks=0 tested=0 integral=0 nonmonomial=0
BLOCK_TABLE index=525 name=F4(3) classes=273 eligible=false blocks=0 tested=0 integral=0 nonmonomial=0
BLOCK_TABLE index=526 name=2.Fi22 classes=114 eligible=false blocks=0 tested=0 integral=0 nonmonomial=0
BLOCK_TABLE index=527 name=2.Fi22.2 classes=150 eligible=false blocks=0 tested=0 integral=0 nonmonomial=0
BLOCK_TABLE index=528 name=Isoclinic(2.Fi22.2) classes=150 eligible=false blocks=0 tested=0 integral=0 nonmonomial=0
BLOCK_TABLE index=529 name=3.Fi22 classes=165 eligible=false blocks=0 tested=0 integral=0 nonmonomial=0
BLOCK_TABLE index=530 name=3.Fi22.2 classes=162 eligible=false blocks=0 tested=0 integral=0 nonmonomial=0
BLOCK_TABLE index=531 name=6.Fi22 classes=282 eligible=false blocks=0 tested=0 integral=0 nonmonomial=0
BLOCK_TABLE index=532 name=6.Fi22.2 classes=234 eligible=false blocks=0 tested=0 integral=0 nonmonomial=0
BLOCK_TABLE index=533 name=Isoclinic(6.Fi22.2) classes=234 eligible=false blocks=0 tested=0 integral=0 nonmonomial=0
BLOCK_TABLE index=534 name=Fi22 classes=65 eligible=true blocks=0 tested=0 integral=0 nonmonomial=0
BLOCK_TABLE index=535 name=Fi22.2 classes=112 eligible=false blocks=0 tested=0 integral=0 nonmonomial=0
BLOCK_TABLE index=536 name=3.F3+ classes=256 eligible=false blocks=0 tested=0 integral=0 nonmonomial=0
BLOCK_TABLE index=537 name=3.F3+.2 classes=257 eligible=false blocks=0 tested=0 integral=0 nonmonomial=0
BLOCK_TABLE index=538 name=F3+ classes=108 eligible=false blocks=0 tested=0 integral=0 nonmonomial=0
BLOCK_TABLE index=539 name=F3+.2 classes=183 eligible=false blocks=0 tested=0 integral=0 nonmonomial=0
BLOCK_TABLE index=540 name=Fi23 classes=98 eligible=true blocks=0 tested=0 integral=0 nonmonomial=0
BLOCK_TABLE index=541 name=P1/G1/L1/V1/ext2 classes=12 eligible=true blocks=0 tested=0 integral=0 nonmonomial=0
BLOCK_TABLE index=542 name=P1/G1/L1/V1/ext3 classes=24 eligible=true blocks=0 tested=0 integral=0 nonmonomial=0
BLOCK_TABLE index=543 name=P1/G1/L1/V1/ext4 classes=42 eligible=true blocks=0 tested=0 integral=0 nonmonomial=0
BLOCK_TABLE index=544 name=P1/G1/L1/V1/ext5 classes=77 eligible=true blocks=0 tested=0 integral=0 nonmonomial=0
BLOCK_TABLE index=545 name=P1/G1/L1/V1/ext6 classes=102 eligible=false blocks=0 tested=0 integral=0 nonmonomial=0
BLOCK_TABLE index=546 name=P1/G1/L1/V2/ext3 classes=24 eligible=true blocks=0 tested=0 integral=0 nonmonomial=0
BLOCK_TABLE index=547 name=P1/G1/L1/V2/ext6 classes=102 eligible=false blocks=0 tested=0 integral=0 nonmonomial=0
BLOCK_TABLE index=548 name=P1/G2/L1/V1/ext2 classes=16 eligible=true blocks=0 tested=0 integral=0 nonmonomial=0
BLOCK_TABLE index=549 name=P1/G2/L1/V1/ext3 classes=48 eligible=true blocks=0 tested=0 integral=0 nonmonomial=0
BLOCK_TABLE index=550 name=P1/G2/L1/V1/ext4 classes=88 eligible=true blocks=0 tested=0 integral=0 nonmonomial=0
BLOCK_TABLE index=551 name=P1/G2/L1/V2/ext2 classes=16 eligible=true blocks=0 tested=0 integral=0 nonmonomial=0
BLOCK_TABLE index=552 name=P1/G2/L1/V2/ext4 classes=88 eligible=true blocks=0 tested=0 integral=0 nonmonomial=0
BLOCK_TABLE index=553 name=P1/G2/L2/V2/ext2 classes=14 eligible=true blocks=0 tested=0 integral=0 nonmonomial=0
BLOCK_TABLE index=554 name=P1/G2/L2/V2/ext4 classes=80 eligible=true blocks=0 tested=0 integral=0 nonmonomial=0
BLOCK_TABLE index=555 name=P1/G3/L2/V1/ext2 classes=30 eligible=true blocks=0 tested=0 integral=0 nonmonomial=0
BLOCK_TABLE index=556 name=P1/G3/L2/V1/ext3 classes=53 eligible=true blocks=0 tested=0 integral=0 nonmonomial=0
BLOCK_TABLE index=557 name=P11/G1/L1/V1/ext2 classes=24 eligible=true blocks=0 tested=0 integral=0 nonmonomial=0
BLOCK_TABLE index=558 name=P11/G1/L1/V1/ext3 classes=36 eligible=true blocks=0 tested=0 integral=0 nonmonomial=0
BLOCK_TABLE index=559 name=P11/G1/L1/V1/ext4 classes=104 eligible=false blocks=0 tested=0 integral=0 nonmonomial=0
BLOCK_TABLE index=560 name=P11/G1/L1/V2/ext2 classes=24 eligible=true blocks=0 tested=0 integral=0 nonmonomial=0
BLOCK_TABLE index=561 name=P11/G1/L1/V2/ext4 classes=100 eligible=true blocks=2 tested=5 integral=0 nonmonomial=0
BLOCK_TABLE index=562 name=P11/G1/L1/V3/ext2 classes=24 eligible=true blocks=0 tested=0 integral=0 nonmonomial=0
BLOCK_TABLE index=563 name=P11/G1/L1/V3/ext4 classes=96 eligible=true blocks=1 tested=4 integral=0 nonmonomial=0
BLOCK_TABLE index=564 name=P11/G2/L1/V1/ext2 classes=24 eligible=true blocks=0 tested=0 integral=0 nonmonomial=0
BLOCK_TABLE index=565 name=P11/G2/L1/V1/ext3 classes=76 eligible=true blocks=0 tested=0 integral=0 nonmonomial=0
BLOCK_TABLE index=566 name=P11/G2/L1/V2/ext2 classes=24 eligible=true blocks=0 tested=0 integral=0 nonmonomial=0
BLOCK_TABLE index=567 name=P11/G3/L1/V1/ext2 classes=32 eligible=true blocks=0 tested=0 integral=0 nonmonomial=0
BLOCK_TABLE index=568 name=P11/G3/L1/V1/ext3 classes=72 eligible=true blocks=0 tested=0 integral=0 nonmonomial=0
BLOCK_TABLE index=569 name=P11/G3/L1/V2/ext3 classes=72 eligible=true blocks=0 tested=0 integral=0 nonmonomial=0
BLOCK_TABLE index=570 name=P11/G3/L3/V1/ext2 classes=32 eligible=true blocks=0 tested=0 integral=0 nonmonomial=0
BLOCK_TABLE index=571 name=P11/G3/L3/V2/ext3 classes=72 eligible=true blocks=0 tested=0 integral=0 nonmonomial=0
BLOCK_TABLE index=572 name=P11/G3/L4/V2/ext2 classes=40 eligible=true blocks=0 tested=0 integral=0 nonmonomial=0
BLOCK_TABLE index=573 name=P11/G3/L4/V2/ext3 classes=72 eligible=true blocks=0 tested=0 integral=0 nonmonomial=0
BLOCK_TABLE index=574 name=P11/G3/L4/V3/ext2 classes=40 eligible=true blocks=0 tested=0 integral=0 nonmonomial=0
BLOCK_TABLE index=575 name=P11/G4/L1/V1/ext2 classes=30 eligible=true blocks=0 tested=0 integral=0 nonmonomial=0
BLOCK_TABLE index=576 name=P11/G4/L1/V1/ext3 classes=144 eligible=false blocks=0 tested=0 integral=0 nonmonomial=0
BLOCK_TABLE index=577 name=P12/G1/L2/V1/ext2 classes=88 eligible=true blocks=0 tested=0 integral=0 nonmonomial=0
BLOCK_TABLE index=578 name=P12/G1/L2/V1/ext3 classes=93 eligible=true blocks=0 tested=0 integral=0 nonmonomial=0
BLOCK_TABLE index=579 name=P13/G1/L2/V1/ext2 classes=75 eligible=true blocks=0 tested=0 integral=0 nonmonomial=0
BLOCK_TABLE index=580 name=P13/G1/L2/V1/ext3 classes=120 eligible=false blocks=0 tested=0 integral=0 nonmonomial=0
BLOCK_TABLE index=581 name=P13/G1/L6/V1/ext2 classes=56 eligible=true blocks=0 tested=0 integral=0 nonmonomial=0
BLOCK_TABLE index=582 name=P2/G1/L1/V1/ext2 classes=80 eligible=true blocks=0 tested=0 integral=0 nonmonomial=0
BLOCK_TABLE index=583 name=P2/G1/L1/V1/ext3 classes=117 eligible=false blocks=0 tested=0 integral=0 nonmonomial=0
BLOCK_TABLE index=584 name=P2/G2/L1/V1/ext2 classes=40 eligible=true blocks=0 tested=0 integral=0 nonmonomial=0
BLOCK_TABLE index=585 name=P2/G2/L1/V1/ext3 classes=117 eligible=false blocks=0 tested=0 integral=0 nonmonomial=0
BLOCK_TABLE index=586 name=P2/G2/L1/V2/ext2 classes=40 eligible=true blocks=0 tested=0 integral=0 nonmonomial=0
BLOCK_TABLE index=587 name=P21/G1/L1/V1/ext2 classes=23 eligible=true blocks=0 tested=0 integral=0 nonmonomial=0
BLOCK_TABLE index=588 name=P21/G1/L1/V1/ext3 classes=47 eligible=true blocks=0 tested=0 integral=0 nonmonomial=0
BLOCK_TABLE index=589 name=P21/G1/L1/V1/ext4 classes=92 eligible=true blocks=1 tested=20 integral=0 nonmonomial=0
BLOCK_TABLE index=590 name=P21/G1/L3/V2/ext3 classes=43 eligible=true blocks=0 tested=0 integral=0 nonmonomial=0
BLOCK_TABLE index=591 name=P21/G2/L1/V1/ext2 classes=44 eligible=true blocks=0 tested=0 integral=0 nonmonomial=0
BLOCK_TABLE index=592 name=P21/G2/L1/V2/ext2 classes=44 eligible=true blocks=0 tested=0 integral=0 nonmonomial=0
BLOCK_TABLE index=593 name=P21/G2/L1/V3/ext2 classes=44 eligible=true blocks=0 tested=0 integral=0 nonmonomial=0
BLOCK_TABLE index=594 name=P21/G2/L2/V1/ext2 classes=46 eligible=true blocks=0 tested=0 integral=0 nonmonomial=0
BLOCK_TABLE index=595 name=P21/G2/L2/V2/ext2 classes=46 eligible=true blocks=0 tested=0 integral=0 nonmonomial=0
BLOCK_TABLE index=596 name=P21/G2/L2/V3/ext2 classes=42 eligible=true blocks=0 tested=0 integral=0 nonmonomial=0
BLOCK_TABLE index=597 name=P21/G2/L5/V2/ext2 classes=40 eligible=true blocks=0 tested=0 integral=0 nonmonomial=0
BLOCK_TABLE index=598 name=P21/G3/L2/V1/ext2 classes=74 eligible=true blocks=0 tested=0 integral=0 nonmonomial=0
BLOCK_TABLE index=599 name=P21/G3/L5/V1/ext2 classes=74 eligible=true blocks=0 tested=0 integral=0 nonmonomial=0
BLOCK_TABLE index=600 name=P27/G1/L1/V1/ext2 classes=32 eligible=true blocks=0 tested=0 integral=0 nonmonomial=0
BLOCK_TABLE index=601 name=P27/G1/L1/V1/ext3 classes=82 eligible=true blocks=0 tested=0 integral=0 nonmonomial=0
BLOCK_TABLE index=602 name=P27/G1/L1/V1/ext4 classes=176 eligible=false blocks=0 tested=0 integral=0 nonmonomial=0
BLOCK_TABLE index=603 name=P31/G1/L1/V1/ext2 classes=62 eligible=true blocks=0 tested=0 integral=0 nonmonomial=0
BLOCK_TABLE index=604 name=P31/G1/L1/V1/ext3 classes=150 eligible=false blocks=0 tested=0 integral=0 nonmonomial=0
BLOCK_TABLE index=605 name=P41/G1/L1/V1/ext2 classes=28 eligible=true blocks=0 tested=0 integral=0 nonmonomial=0
BLOCK_TABLE index=606 name=P41/G1/L1/V1/ext3 classes=51 eligible=true blocks=0 tested=0 integral=0 nonmonomial=0
BLOCK_TABLE index=607 name=P41/G1/L1/V2/ext2 classes=28 eligible=true blocks=0 tested=0 integral=0 nonmonomial=0
BLOCK_TABLE index=608 name=P41/G1/L1/V3/ext3 classes=51 eligible=true blocks=0 tested=0 integral=0 nonmonomial=0
BLOCK_TABLE index=609 name=P41/G1/L1/V4/ext2 classes=28 eligible=true blocks=0 tested=0 integral=0 nonmonomial=0
BLOCK_TABLE index=610 name=P41/G1/L1/V4/ext3 classes=51 eligible=true blocks=0 tested=0 integral=0 nonmonomial=0
BLOCK_TABLE index=611 name=P41/G2/L1/V1/ext2 classes=29 eligible=true blocks=0 tested=0 integral=0 nonmonomial=0
BLOCK_TABLE index=612 name=P41/G2/L1/V1/ext3 classes=105 eligible=false blocks=0 tested=0 integral=0 nonmonomial=0
BLOCK_TABLE index=613 name=P43/G1/L1/V1/ext2 classes=56 eligible=true blocks=0 tested=0 integral=0 nonmonomial=0
BLOCK_TABLE index=614 name=P43/G2/L1/V1/ext2 classes=56 eligible=true blocks=0 tested=0 integral=0 nonmonomial=0
BLOCK_TABLE index=615 name=P43/G3/L1/V1/ext2 classes=48 eligible=true blocks=0 tested=0 integral=0 nonmonomial=0
BLOCK_TABLE index=616 name=P43/G3/L1/V2/ext2 classes=48 eligible=true blocks=0 tested=0 integral=0 nonmonomial=0
BLOCK_TABLE index=617 name=P48/G1/L1/V1/ext2 classes=52 eligible=true blocks=1 tested=4 integral=0 nonmonomial=0
BLOCK_TABLE index=618 name=P48/G1/L1/V2/ext2 classes=52 eligible=true blocks=1 tested=4 integral=0 nonmonomial=0
BLOCK_TABLE index=619 name=P49/G1/L1/V1/ext2 classes=43 eligible=true blocks=0 tested=0 integral=0 nonmonomial=0
BLOCK_TABLE index=620 name=P49/G1/L1/V1/ext3 classes=63 eligible=true blocks=0 tested=0 integral=0 nonmonomial=0
BLOCK_TABLE index=621 name=P49/G1/L1/V2/ext3 classes=55 eligible=true blocks=0 tested=0 integral=0 nonmonomial=0
BLOCK_TABLE index=622 name=P50/G1/L1/V1/ext2 classes=43 eligible=true blocks=1 tested=20 integral=0 nonmonomial=0
BLOCK_TABLE index=623 name=P50/G1/L1/V1/ext3 classes=103 eligible=false blocks=0 tested=0 integral=0 nonmonomial=0
BLOCK_TABLE index=624 name=P50/G1/L1/V1/ext4 classes=133 eligible=false blocks=0 tested=0 integral=0 nonmonomial=0
BLOCK_TABLE index=625 name=S3 classes=3 eligible=true blocks=0 tested=0 integral=0 nonmonomial=0
BLOCK_TABLE index=626 name=2.S3 classes=6 eligible=true blocks=0 tested=0 integral=0 nonmonomial=0
BLOCK_TABLE index=627 name=Symm(4) classes=5 eligible=true blocks=0 tested=0 integral=0 nonmonomial=0
BLOCK_TABLE index=628 name=2.Symm(4) classes=8 eligible=true blocks=0 tested=0 integral=0 nonmonomial=0
BLOCK_TABLE index=629 name=D8 classes=5 eligible=true blocks=0 tested=0 integral=0 nonmonomial=0
BLOCK_TABLE index=630 name=2.D8 classes=7 eligible=true blocks=0 tested=0 integral=0 nonmonomial=0
BLOCK_TABLE index=631 name=D10 classes=4 eligible=true blocks=0 tested=0 integral=0 nonmonomial=0
BLOCK_TABLE index=632 name=7:3 classes=5 eligible=true blocks=0 tested=0 integral=0 nonmonomial=0
BLOCK_TABLE index=633 name=2x7:3 classes=10 eligible=true blocks=0 tested=0 integral=0 nonmonomial=0
BLOCK_TABLE index=634 name=C2 classes=2 eligible=true blocks=0 tested=0 integral=0 nonmonomial=0
BLOCK_TABLE index=635 name=C3 classes=3 eligible=true blocks=0 tested=0 integral=0 nonmonomial=0
BLOCK_TABLE index=636 name=C4 classes=4 eligible=true blocks=0 tested=0 integral=0 nonmonomial=0
BLOCK_TABLE index=637 name=C6 classes=6 eligible=true blocks=0 tested=0 integral=0 nonmonomial=0
BLOCK_TABLE index=638 name=3^2:2 classes=6 eligible=true blocks=0 tested=0 integral=0 nonmonomial=0
BLOCK_TABLE index=639 name=3^(1+2)_+:2 classes=10 eligible=true blocks=0 tested=0 integral=0 nonmonomial=0
BLOCK_TABLE index=640 name=3^2:4 classes=6 eligible=true blocks=0 tested=0 integral=0 nonmonomial=0
BLOCK_TABLE index=641 name=2^3.S3 classes=10 eligible=true blocks=0 tested=0 integral=0 nonmonomial=0
BLOCK_TABLE index=642 name=2^3.D8 classes=16 eligible=true blocks=0 tested=0 integral=0 nonmonomial=0
BLOCK_TABLE index=643 name=2^3.S4v1 classes=14 eligible=true blocks=0 tested=0 integral=0 nonmonomial=0
BLOCK_TABLE index=644 name=2^3.S4v2 classes=13 eligible=true blocks=0 tested=0 integral=0 nonmonomial=0
BLOCK_TABLE index=645 name=2xSymm(4) classes=10 eligible=true blocks=0 tested=0 integral=0 nonmonomial=0
BLOCK_TABLE index=646 name=D8x2 classes=10 eligible=true blocks=0 tested=0 integral=0 nonmonomial=0
BLOCK_TABLE index=647 name=2^2:S4 classes=10 eligible=true blocks=0 tested=0 integral=0 nonmonomial=0
BLOCK_TABLE index=648 name=(A4x3):2 classes=9 eligible=true blocks=0 tested=0 integral=0 nonmonomial=0
BLOCK_TABLE index=649 name=S3x2 classes=6 eligible=true blocks=0 tested=0 integral=0 nonmonomial=0
BLOCK_TABLE index=650 name=(A5x3):2 classes=12 eligible=true blocks=0 tested=0 integral=0 nonmonomial=0
BLOCK_TABLE index=651 name=2^4:(3x3):2 classes=14 eligible=true blocks=0 tested=0 integral=0 nonmonomial=0
BLOCK_TABLE index=652 name=2^3:7 classes=8 eligible=true blocks=0 tested=0 integral=0 nonmonomial=0
BLOCK_TABLE index=653 name=2^3 classes=8 eligible=true blocks=0 tested=0 integral=0 nonmonomial=0
BLOCK_TABLE index=654 name=S3xS3 classes=9 eligible=true blocks=0 tested=0 integral=0 nonmonomial=0
BLOCK_TABLE index=655 name=3^(1+2):4 classes=14 eligible=true blocks=0 tested=0 integral=0 nonmonomial=0
BLOCK_TABLE index=656 name=4^2:3 classes=8 eligible=true blocks=0 tested=0 integral=0 nonmonomial=0
BLOCK_TABLE index=657 name=3^2 classes=9 eligible=true blocks=0 tested=0 integral=0 nonmonomial=0
BLOCK_TABLE index=658 name=3^(1+2)_+ classes=11 eligible=true blocks=0 tested=0 integral=0 nonmonomial=0
BLOCK_TABLE index=659 name=2.2^4:3 classes=11 eligible=true blocks=0 tested=0 integral=0 nonmonomial=0
BLOCK_TABLE index=660 name=2.L2(11) classes=15 eligible=true blocks=0 tested=0 integral=0 nonmonomial=0
BLOCK_TABLE index=661 name=2.L2(11).2 classes=24 eligible=true blocks=0 tested=0 integral=0 nonmonomial=0
BLOCK_TABLE index=662 name=Isoclinic(2.L2(11).2) classes=24 eligible=true blocks=0 tested=0 integral=0 nonmonomial=0
BLOCK_TABLE index=663 name=2.L2(13) classes=17 eligible=true blocks=0 tested=0 integral=0 nonmonomial=0
BLOCK_TABLE index=664 name=2.L2(13).2 classes=28 eligible=true blocks=0 tested=0 integral=0 nonmonomial=0
BLOCK_TABLE index=665 name=Isoclinic(2.L2(13).2) classes=28 eligible=true blocks=0 tested=0 integral=0 nonmonomial=0
BLOCK_TABLE index=666 name=2.L2(17) classes=21 eligible=true blocks=0 tested=0 integral=0 nonmonomial=0
BLOCK_TABLE index=667 name=2.L2(17).2 classes=36 eligible=true blocks=0 tested=0 integral=0 nonmonomial=0
BLOCK_TABLE index=668 name=Isoclinic(2.L2(17).2) classes=36 eligible=true blocks=0 tested=0 integral=0 nonmonomial=0
BLOCK_TABLE index=669 name=2.L2(19) classes=23 eligible=true blocks=0 tested=0 integral=0 nonmonomial=0
BLOCK_TABLE index=670 name=2.L2(19).2 classes=40 eligible=true blocks=0 tested=0 integral=0 nonmonomial=0
BLOCK_TABLE index=671 name=Isoclinic(2.L2(19).2) classes=40 eligible=true blocks=0 tested=0 integral=0 nonmonomial=0
BLOCK_TABLE index=672 name=2.L2(23) classes=27 eligible=true blocks=0 tested=0 integral=0 nonmonomial=0
BLOCK_TABLE index=673 name=2.L2(23).2 classes=48 eligible=true blocks=0 tested=0 integral=0 nonmonomial=0
BLOCK_TABLE index=674 name=Isoclinic(2.L2(23).2) classes=48 eligible=true blocks=0 tested=0 integral=0 nonmonomial=0
BLOCK_TABLE index=675 name=2.L2(25) classes=29 eligible=true blocks=0 tested=0 integral=0 nonmonomial=0
BLOCK_TABLE index=676 name=2.L2(25).2_1 classes=52 eligible=true blocks=0 tested=0 integral=0 nonmonomial=0
BLOCK_TABLE index=677 name=Isoclinic(2.L2(25).2_1) classes=52 eligible=true blocks=0 tested=0 integral=0 nonmonomial=0
BLOCK_TABLE index=678 name=2.L2(25).2_2 classes=28 eligible=true blocks=0 tested=0 integral=0 nonmonomial=0
BLOCK_TABLE index=679 name=Isoclinic(2.L2(25)x2) classes=58 eligible=true blocks=0 tested=0 integral=0 nonmonomial=0
BLOCK_TABLE index=680 name=Isoclinic(L2(25).2_3x2) classes=30 eligible=true blocks=0 tested=0 integral=0 nonmonomial=0
BLOCK_TABLE index=681 name=4.L2(25).2_3 classes=44 eligible=true blocks=0 tested=0 integral=0 nonmonomial=0
BLOCK_TABLE index=682 name=2.L2(27) classes=31 eligible=true blocks=0 tested=0 integral=0 nonmonomial=0
BLOCK_TABLE index=683 name=2.L2(27).2 classes=56 eligible=true blocks=0 tested=0 integral=0 nonmonomial=0
BLOCK_TABLE index=684 name=Isoclinic(2.L2(27).2) classes=56 eligible=true blocks=0 tested=0 integral=0 nonmonomial=0
BLOCK_TABLE index=685 name=2.L2(27).3 classes=29 eligible=true blocks=0 tested=0 integral=0 nonmonomial=0
BLOCK_TABLE index=686 name=2.L2(27).6 classes=40 eligible=true blocks=0 tested=0 integral=0 nonmonomial=0
BLOCK_TABLE index=687 name=Isoclinic(2.L2(27).6) classes=40 eligible=true blocks=0 tested=0 integral=0 nonmonomial=0
BLOCK_TABLE index=688 name=2.L2(29) classes=33 eligible=true blocks=0 tested=0 integral=0 nonmonomial=0
BLOCK_TABLE index=689 name=2.L2(29).2 classes=60 eligible=true blocks=0 tested=0 integral=0 nonmonomial=0
BLOCK_TABLE index=690 name=Isoclinic(2.L2(29).2) classes=60 eligible=true blocks=0 tested=0 integral=0 nonmonomial=0
BLOCK_TABLE index=691 name=2.L2(31) classes=35 eligible=true blocks=0 tested=0 integral=0 nonmonomial=0
BLOCK_TABLE index=692 name=2.L2(31).2 classes=64 eligible=true blocks=0 tested=0 integral=0 nonmonomial=0
BLOCK_TABLE index=693 name=Isoclinic(2.L2(31).2) classes=64 eligible=true blocks=0 tested=0 integral=0 nonmonomial=0
BLOCK_TABLE index=694 name=J3M3 classes=12 eligible=true blocks=0 tested=0 integral=0 nonmonomial=0
BLOCK_TABLE index=695 name=L2(11) classes=8 eligible=true blocks=0 tested=0 integral=0 nonmonomial=0
BLOCK_TABLE index=696 name=L2(11).2 classes=13 eligible=true blocks=0 tested=0 integral=0 nonmonomial=0
BLOCK_TABLE index=697 name=L2(121)M3 classes=13 eligible=true blocks=0 tested=0 integral=0 nonmonomial=0
BLOCK_TABLE index=698 name=M12.2M3 classes=13 eligible=true blocks=0 tested=0 integral=0 nonmonomial=0
BLOCK_TABLE index=699 name=U3(11)M4 classes=13 eligible=true blocks=0 tested=0 integral=0 nonmonomial=0
BLOCK_TABLE index=700 name=U3(11)M5 classes=13 eligible=true blocks=0 tested=0 integral=0 nonmonomial=0
BLOCK_TABLE index=701 name=L2(13) classes=9 eligible=true blocks=0 tested=0 integral=0 nonmonomial=0
BLOCK_TABLE index=702 name=L2(13).2 classes=15 eligible=true blocks=0 tested=0 integral=0 nonmonomial=0
BLOCK_TABLE index=703 name=L2(16) classes=17 eligible=true blocks=0 tested=0 integral=0 nonmonomial=0
BLOCK_TABLE index=704 name=L2(16).2 classes=16 eligible=true blocks=0 tested=0 integral=0 nonmonomial=0
BLOCK_TABLE index=705 name=S4(4)M4 classes=16 eligible=true blocks=0 tested=0 integral=0 nonmonomial=0
BLOCK_TABLE index=706 name=L2(16).4 classes=17 eligible=true blocks=0 tested=0 integral=0 nonmonomial=0
BLOCK_TABLE index=707 name=S4(4).2M5 classes=17 eligible=true blocks=0 tested=0 integral=0 nonmonomial=0
BLOCK_TABLE index=708 name=L2(17) classes=11 eligible=true blocks=0 tested=0 integral=0 nonmonomial=0
BLOCK_TABLE index=709 name=L2(17).2 classes=19 eligible=true blocks=0 tested=0 integral=0 nonmonomial=0
BLOCK_TABLE index=710 name=L2(19) classes=12 eligible=true blocks=0 tested=0 integral=0 nonmonomial=0
BLOCK_TABLE index=711 name=L2(19).2 classes=21 eligible=true blocks=0 tested=0 integral=0 nonmonomial=0
BLOCK_TABLE index=712 name=L2(23) classes=14 eligible=true blocks=0 tested=0 integral=0 nonmonomial=0
BLOCK_TABLE index=713 name=L2(23).2 classes=25 eligible=true blocks=0 tested=0 integral=0 nonmonomial=0
BLOCK_TABLE index=714 name=L2(25) classes=15 eligible=true blocks=0 tested=0 integral=0 nonmonomial=0
BLOCK_TABLE index=715 name=L2(25).2^2 classes=24 eligible=true blocks=0 tested=0 integral=0 nonmonomial=0
BLOCK_TABLE index=716 name=L2(25).2_1 classes=27 eligible=true blocks=0 tested=0 integral=0 nonmonomial=0
BLOCK_TABLE index=717 name=L2(25).2_2 classes=18 eligible=true blocks=0 tested=0 integral=0 nonmonomial=0
BLOCK_TABLE index=718 name=L2(25).2_3 classes=15 eligible=true blocks=0 tested=0 integral=0 nonmonomial=0
BLOCK_TABLE index=719 name=L2(27) classes=16 eligible=true blocks=0 tested=0 integral=0 nonmonomial=0
BLOCK_TABLE index=720 name=L2(27).2 classes=29 eligible=true blocks=0 tested=0 integral=0 nonmonomial=0
BLOCK_TABLE index=721 name=L2(27).3 classes=16 eligible=true blocks=0 tested=0 integral=0 nonmonomial=0
BLOCK_TABLE index=722 name=L2(27).6 classes=23 eligible=true blocks=0 tested=0 integral=0 nonmonomial=0
BLOCK_TABLE index=723 name=L2(29) classes=17 eligible=true blocks=0 tested=0 integral=0 nonmonomial=0
BLOCK_TABLE index=724 name=L2(29).2 classes=31 eligible=true blocks=0 tested=0 integral=0 nonmonomial=0
BLOCK_TABLE index=725 name=L2(31) classes=18 eligible=true blocks=0 tested=0 integral=0 nonmonomial=0
BLOCK_TABLE index=726 name=L2(31).2 classes=33 eligible=true blocks=0 tested=0 integral=0 nonmonomial=0
BLOCK_TABLE index=727 name=L2(32) classes=33 eligible=true blocks=0 tested=0 integral=0 nonmonomial=0
BLOCK_TABLE index=728 name=L2(32).5 classes=21 eligible=true blocks=0 tested=0 integral=0 nonmonomial=0
BLOCK_TABLE index=729 name=L2(8) classes=9 eligible=true blocks=0 tested=0 integral=0 nonmonomial=0
BLOCK_TABLE index=730 name=L2(8).3 classes=11 eligible=true blocks=0 tested=0 integral=0 nonmonomial=0
BLOCK_TABLE index=731 name=A9M5 classes=11 eligible=true blocks=0 tested=0 integral=0 nonmonomial=0
BLOCK_TABLE index=732 name=ONM8 classes=18 eligible=true blocks=0 tested=0 integral=0 nonmonomial=0
BLOCK_TABLE index=733 name=2.L2(49) classes=53 eligible=true blocks=0 tested=0 integral=0 nonmonomial=0
BLOCK_TABLE index=734 name=2.L2(49).2_1 classes=100 eligible=true blocks=0 tested=0 integral=0 nonmonomial=0
BLOCK_TABLE index=735 name=Isoclinic(2.L2(49).2_1) classes=100 eligible=true blocks=0 tested=0 integral=0 nonmonomial=0
BLOCK_TABLE index=736 name=2.L2(49).2_2 classes=43 eligible=true blocks=0 tested=0 integral=0 nonmonomial=0
BLOCK_TABLE index=737 name=Isoclinic(2.L2(49)x2) classes=106 eligible=false blocks=0 tested=0 integral=0 nonmonomial=0
BLOCK_TABLE index=738 name=Isoclinic(L2(49).2_3x2) classes=48 eligible=true blocks=0 tested=0 integral=0 nonmonomial=0
BLOCK_TABLE index=739 name=4.L2(49).2_3 classes=74 eligible=true blocks=0 tested=0 integral=0 nonmonomial=0
BLOCK_TABLE index=740 name=2.L2(81) classes=85 eligible=true blocks=0 tested=0 integral=0 nonmonomial=0
BLOCK_TABLE index=741 name=2.L2(81).2_1 classes=62 eligible=true blocks=0 tested=0 integral=0 nonmonomial=0
BLOCK_TABLE index=742 name=2.L2(81).2_2 classes=164 eligible=false blocks=0 tested=0 integral=0 nonmonomial=0
BLOCK_TABLE index=743 name=Isoclinic(2.L2(81).2_2) classes=164 eligible=false blocks=0 tested=0 integral=0 nonmonomial=0
BLOCK_TABLE index=744 name=Isoclinic(2.L2(81)x2) classes=170 eligible=false blocks=0 tested=0 integral=0 nonmonomial=0
BLOCK_TABLE index=745 name=Isoclinic(L2(81).2_3x2) classes=70 eligible=true blocks=0 tested=0 integral=0 nonmonomial=0
BLOCK_TABLE index=746 name=4.L2(81).2_3 classes=112 eligible=false blocks=0 tested=0 integral=0 nonmonomial=0
BLOCK_TABLE index=747 name=2.L2(81).4_1 classes=52 eligible=true blocks=0 tested=0 integral=0 nonmonomial=0
BLOCK_TABLE index=748 name=4.L2(81).4_2 classes=80 eligible=true blocks=0 tested=0 integral=0 nonmonomial=0
BLOCK_TABLE index=749 name=L2(49) classes=27 eligible=true blocks=0 tested=0 integral=0 nonmonomial=0
BLOCK_TABLE index=750 name=L2(49).2_1 classes=51 eligible=true blocks=0 tested=0 integral=0 nonmonomial=0
BLOCK_TABLE index=751 name=L2(49).2_2 classes=27 eligible=true blocks=0 tested=0 integral=0 nonmonomial=0
BLOCK_TABLE index=752 name=L2(49).2_3 classes=24 eligible=true blocks=0 tested=0 integral=0 nonmonomial=0
BLOCK_TABLE index=753 name=L2(49).2^2 classes=39 eligible=true blocks=0 tested=0 integral=0 nonmonomial=0
BLOCK_TABLE index=754 name=L2(81) classes=43 eligible=true blocks=0 tested=0 integral=0 nonmonomial=0
BLOCK_TABLE index=755 name=L2(81).2_1 classes=38 eligible=true blocks=0 tested=0 integral=0 nonmonomial=0
BLOCK_TABLE index=756 name=L2(81).2_2 classes=83 eligible=true blocks=0 tested=0 integral=0 nonmonomial=0
BLOCK_TABLE index=757 name=L2(81).2_3 classes=35 eligible=true blocks=0 tested=0 integral=0 nonmonomial=0
BLOCK_TABLE index=758 name=L2(81).2^2 classes=58 eligible=true blocks=0 tested=0 integral=0 nonmonomial=0
BLOCK_TABLE index=759 name=L2(81).4_1 classes=34 eligible=true blocks=0 tested=0 integral=0 nonmonomial=0
BLOCK_TABLE index=760 name=L2(81).4_2 classes=28 eligible=true blocks=0 tested=0 integral=0 nonmonomial=0
BLOCK_TABLE index=761 name=L2(81).(2x4) classes=44 eligible=true blocks=0 tested=0 integral=0 nonmonomial=0
BLOCK_TABLE index=762 name=12_1.L3(4) classes=82 eligible=true blocks=0 tested=0 integral=0 nonmonomial=0
BLOCK_TABLE index=763 name=12_1.L3(4).2_1 classes=80 eligible=true blocks=0 tested=0 integral=0 nonmonomial=0
BLOCK_TABLE index=764 name=Isoclinic(12_1.L3(4).2_1) classes=80 eligible=true blocks=0 tested=0 integral=0 nonmonomial=0
BLOCK_TABLE index=765 name=12_1.L3(4).2_2 classes=59 eligible=true blocks=0 tested=0 integral=0 nonmonomial=0
BLOCK_TABLE index=766 name=Isoclinic(12_1.L3(4).2_2) classes=59 eligible=true blocks=0 tested=0 integral=0 nonmonomial=0
BLOCK_TABLE index=767 name=12_1.L3(4).2_3 classes=71 eligible=true blocks=0 tested=0 integral=0 nonmonomial=0
BLOCK_TABLE index=768 name=12_2.L3(4) classes=88 eligible=true blocks=0 tested=0 integral=0 nonmonomial=0
BLOCK_TABLE index=769 name=12_2.L3(4).2_1 classes=83 eligible=true blocks=0 tested=0 integral=0 nonmonomial=0
BLOCK_TABLE index=770 name=Isoclinic(12_2.L3(4).2_1) classes=83 eligible=true blocks=0 tested=0 integral=0 nonmonomial=0
BLOCK_TABLE index=771 name=12_2.L3(4).2_2 classes=77 eligible=true blocks=0 tested=0 integral=0 nonmonomial=0
BLOCK_TABLE index=772 name=12_2.L3(4).2_3 classes=62 eligible=true blocks=0 tested=0 integral=0 nonmonomial=0
BLOCK_TABLE index=773 name=Isoclinic(12_2.L3(4).2_3) classes=62 eligible=true blocks=0 tested=0 integral=0 nonmonomial=0
BLOCK_TABLE index=774 name=2.L3(4) classes=18 eligible=true blocks=0 tested=0 integral=0 nonmonomial=0
BLOCK_TABLE index=775 name=2.L3(4).2_1 classes=24 eligible=true blocks=0 tested=0 integral=0 nonmonomial=0
BLOCK_TABLE index=776 name=Isoclinic(2.L3(4).2_1) classes=24 eligible=true blocks=0 tested=0 integral=0 nonmonomial=0
BLOCK_TABLE index=777 name=2.L3(4).2_2 classes=27 eligible=true blocks=0 tested=0 integral=0 nonmonomial=0
BLOCK_TABLE index=778 name=Isoclinic(2.L3(4).2_2) classes=27 eligible=true blocks=0 tested=0 integral=0 nonmonomial=0
BLOCK_TABLE index=779 name=2.L3(4).2_3 classes=27 eligible=true blocks=0 tested=0 integral=0 nonmonomial=0
BLOCK_TABLE index=780 name=Isoclinic(2.L3(4).2_3) classes=27 eligible=true blocks=0 tested=0 integral=0 nonmonomial=0
BLOCK_TABLE index=781 name=2.L3(4).(2^2)_{123} classes=39 eligible=true blocks=0 tested=0 integral=0 nonmonomial=0
BLOCK_TABLE index=782 name=2.L3(4).(2^2)_{1*23} classes=33 eligible=true blocks=0 tested=0 integral=0 nonmonomial=0
BLOCK_TABLE index=783 name=2.L3(4).(2^2)_{12*3} classes=33 eligible=true blocks=0 tested=0 integral=0 nonmonomial=0
BLOCK_TABLE index=784 name=2.L3(4).(2^2)_{123*} classes=33 eligible=true blocks=0 tested=0 integral=0 nonmonomial=0
BLOCK_TABLE index=785 name=2.L3(4).(2^2)_{1*2*3} classes=39 eligible=true blocks=0 tested=0 integral=0 nonmonomial=0
BLOCK_TABLE index=786 name=2.L3(4).(2^2)_{1*23*} classes=39 eligible=true blocks=0 tested=0 integral=0 nonmonomial=0
BLOCK_TABLE index=787 name=2.L3(4).(2^2)_{12*3*} classes=39 eligible=true blocks=0 tested=0 integral=0 nonmonomial=0
BLOCK_TABLE index=788 name=2.L3(4).(2^2)_{1*2*3*} classes=33 eligible=true blocks=0 tested=0 integral=0 nonmonomial=0
BLOCK_TABLE index=789 name=2^2.L3(4) classes=34 eligible=true blocks=0 tested=0 integral=0 nonmonomial=0
BLOCK_TABLE index=790 name=(2x4).L3(4) classes=60 eligible=true blocks=0 tested=0 integral=0 nonmonomial=0
BLOCK_TABLE index=791 name=4^2.L3(4) classes=112 eligible=false blocks=0 tested=0 integral=0 nonmonomial=0
BLOCK_TABLE index=792 name=(4^2x3).L3(4) classes=304 eligible=false blocks=0 tested=0 integral=0 nonmonomial=0
BLOCK_TABLE index=793 name=3.L3(4) classes=28 eligible=true blocks=0 tested=0 integral=0 nonmonomial=0
BLOCK_TABLE index=794 name=3.L3(4).2^2 classes=34 eligible=true blocks=0 tested=0 integral=0 nonmonomial=0
BLOCK_TABLE index=795 name=3.L3(4).2_1 classes=38 eligible=true blocks=0 tested=0 integral=0 nonmonomial=0
BLOCK_TABLE index=796 name=3.L3(4).2_2 classes=23 eligible=true blocks=0 tested=0 integral=0 nonmonomial=0
BLOCK_TABLE index=797 name=3.L3(4).2_3 classes=23 eligible=true blocks=0 tested=0 integral=0 nonmonomial=0
BLOCK_TABLE index=798 name=3.L3(4).3 classes=60 eligible=true blocks=0 tested=0 integral=0 nonmonomial=0
BLOCK_TABLE index=799 name=Isoclinic(3.L3(4).3,1) classes=60 eligible=true blocks=0 tested=0 integral=0 nonmonomial=0
BLOCK_TABLE index=800 name=Isoclinic(3.L3(4).3,2) classes=60 eligible=true blocks=0 tested=0 integral=0 nonmonomial=0
BLOCK_TABLE index=801 name=3.L3(4).6 classes=66 eligible=true blocks=0 tested=0 integral=0 nonmonomial=0
BLOCK_TABLE index=802 name=Isoclinic(3.L3(4).6,1) classes=66 eligible=true blocks=0 tested=0 integral=0 nonmonomial=0
BLOCK_TABLE index=803 name=Isoclinic(3.L3(4).6,2) classes=66 eligible=true blocks=0 tested=0 integral=0 nonmonomial=0
BLOCK_TABLE index=804 name=4_1.L3(4) classes=30 eligible=true blocks=0 tested=0 integral=0 nonmonomial=0
BLOCK_TABLE index=805 name=4_1.L3(4).2_1 classes=30 eligible=true blocks=0 tested=0 integral=0 nonmonomial=0
BLOCK_TABLE index=806 name=Isoclinic(4_1.L3(4).2_1) classes=30 eligible=true blocks=0 tested=0 integral=0 nonmonomial=0
BLOCK_TABLE index=807 name=4_1.L3(4).2_2 classes=33 eligible=true blocks=0 tested=0 integral=0 nonmonomial=0
BLOCK_TABLE index=808 name=Isoclinic(4_1.L3(4).2_2) classes=33 eligible=true blocks=0 tested=0 integral=0 nonmonomial=0
BLOCK_TABLE index=809 name=4_1.L3(4).2_3 classes=45 eligible=true blocks=0 tested=0 integral=0 nonmonomial=0
BLOCK_TABLE index=810 name=4_1.L3(4).2_3* classes=45 eligible=true blocks=0 tested=0 integral=0 nonmonomial=0
BLOCK_TABLE index=811 name=4_1.L3(4).(2^2)_{123} classes=48 eligible=true blocks=0 tested=0 integral=0 nonmonomial=0
BLOCK_TABLE index=812 name=4_1.L3(4).(2^2)_{1*23} classes=48 eligible=true blocks=0 tested=0 integral=0 nonmonomial=0
BLOCK_TABLE index=813 name=4_1.L3(4).(2^2)_{12*3} classes=48 eligible=true blocks=0 tested=0 integral=0 nonmonomial=0
BLOCK_TABLE index=814 name=4_1.L3(4).(2^2)_{123*} classes=42 eligible=true blocks=0 tested=0 integral=0 nonmonomial=0
BLOCK_TABLE index=815 name=4_1.L3(4).(2^2)_{1*2*3} classes=48 eligible=true blocks=0 tested=0 integral=0 nonmonomial=0
BLOCK_TABLE index=816 name=4_1.L3(4).(2^2)_{1*23*} classes=42 eligible=true blocks=0 tested=0 integral=0 nonmonomial=0
BLOCK_TABLE index=817 name=4_1.L3(4).(2^2)_{12*3*} classes=42 eligible=true blocks=0 tested=0 integral=0 nonmonomial=0
BLOCK_TABLE index=818 name=4_1.L3(4).(2^2)_{1*2*3*} classes=42 eligible=true blocks=0 tested=0 integral=0 nonmonomial=0
BLOCK_TABLE index=819 name=4_2.L3(4) classes=32 eligible=true blocks=0 tested=0 integral=0 nonmonomial=0
BLOCK_TABLE index=820 name=4_2.L3(4).2_1 classes=31 eligible=true blocks=0 tested=0 integral=0 nonmonomial=0
BLOCK_TABLE index=821 name=Isoclinic(4_2.L3(4).2_1) classes=31 eligible=true blocks=0 tested=0 integral=0 nonmonomial=0
BLOCK_TABLE index=822 name=4_2.L3(4).2_2 classes=49 eligible=true blocks=0 tested=0 integral=0 nonmonomial=0
BLOCK_TABLE index=823 name=4_2.L3(4).2_2* classes=49 eligible=true blocks=0 tested=0 integral=0 nonmonomial=0
BLOCK_TABLE index=824 name=4_2.L3(4).2_3 classes=34 eligible=true blocks=0 tested=0 integral=0 nonmonomial=0
BLOCK_TABLE index=825 name=Isoclinic(4_2.L3(4).2_3) classes=34 eligible=true blocks=0 tested=0 integral=0 nonmonomial=0
BLOCK_TABLE index=826 name=4_2.L3(4).(2^2)_{123} classes=50 eligible=true blocks=0 tested=0 integral=0 nonmonomial=0
BLOCK_TABLE index=827 name=4_2.L3(4).(2^2)_{1*23} classes=50 eligible=true blocks=0 tested=0 integral=0 nonmonomial=0
BLOCK_TABLE index=828 name=4_2.L3(4).(2^2)_{12*3} classes=44 eligible=true blocks=0 tested=0 integral=0 nonmonomial=0
BLOCK_TABLE index=829 name=4_2.L3(4).(2^2)_{123*} classes=50 eligible=true blocks=0 tested=0 integral=0 nonmonomial=0
BLOCK_TABLE index=830 name=4_2.L3(4).(2^2)_{1*2*3} classes=44 eligible=true blocks=0 tested=0 integral=0 nonmonomial=0
BLOCK_TABLE index=831 name=4_2.L3(4).(2^2)_{1*23*} classes=50 eligible=true blocks=0 tested=0 integral=0 nonmonomial=0
BLOCK_TABLE index=832 name=4_2.L3(4).(2^2)_{12*3*} classes=44 eligible=true blocks=0 tested=0 integral=0 nonmonomial=0
BLOCK_TABLE index=833 name=4_2.L3(4).(2^2)_{1*2*3*} classes=44 eligible=true blocks=0 tested=0 integral=0 nonmonomial=0
BLOCK_TABLE index=834 name=6.L3(4) classes=50 eligible=true blocks=0 tested=0 integral=0 nonmonomial=0
BLOCK_TABLE index=835 name=6.L3(4).2_1 classes=64 eligible=true blocks=0 tested=0 integral=0 nonmonomial=0
BLOCK_TABLE index=836 name=Isoclinic(6.L3(4).2_1) classes=64 eligible=true blocks=0 tested=0 integral=0 nonmonomial=0
BLOCK_TABLE index=837 name=6.L3(4).2_2 classes=43 eligible=true blocks=0 tested=0 integral=0 nonmonomial=0
BLOCK_TABLE index=838 name=Isoclinic(6.L3(4).2_2) classes=43 eligible=true blocks=0 tested=0 integral=0 nonmonomial=0
BLOCK_TABLE index=839 name=6.L3(4).2_3 classes=43 eligible=true blocks=0 tested=0 integral=0 nonmonomial=0
BLOCK_TABLE index=840 name=Isoclinic(6.L3(4).2_3) classes=43 eligible=true blocks=0 tested=0 integral=0 nonmonomial=0
BLOCK_TABLE index=841 name=6.L3(4).(2^2)_{123} classes=59 eligible=true blocks=0 tested=0 integral=0 nonmonomial=0
BLOCK_TABLE index=842 name=6.L3(4).(2^2)_{1*23} classes=53 eligible=true blocks=0 tested=0 integral=0 nonmonomial=0
BLOCK_TABLE index=843 name=6.L3(4).(2^2)_{12*3} classes=53 eligible=true blocks=0 tested=0 integral=0 nonmonomial=0
BLOCK_TABLE index=844 name=6.L3(4).(2^2)_{123*} classes=53 eligible=true blocks=0 tested=0 integral=0 nonmonomial=0
BLOCK_TABLE index=845 name=6.L3(4).(2^2)_{1*2*3} classes=59 eligible=true blocks=0 tested=0 integral=0 nonmonomial=0
BLOCK_TABLE index=846 name=6.L3(4).(2^2)_{1*23*} classes=59 eligible=true blocks=0 tested=0 integral=0 nonmonomial=0
BLOCK_TABLE index=847 name=6.L3(4).(2^2)_{12*3*} classes=59 eligible=true blocks=0 tested=0 integral=0 nonmonomial=0
BLOCK_TABLE index=848 name=6.L3(4).(2^2)_{1*2*3*} classes=53 eligible=true blocks=0 tested=0 integral=0 nonmonomial=0
BLOCK_TABLE index=849 name=(2x12).L3(4) classes=164 eligible=false blocks=0 tested=0 integral=0 nonmonomial=0
BLOCK_TABLE index=850 name=L3(4) classes=10 eligible=true blocks=0 tested=0 integral=0 nonmonomial=0
BLOCK_TABLE index=851 name=L3(4).2^2 classes=22 eligible=true blocks=0 tested=0 integral=0 nonmonomial=0
BLOCK_TABLE index=852 name=U4(3).(2^2)_{133}M6 classes=22 eligible=true blocks=0 tested=0 integral=0 nonmonomial=0
BLOCK_TABLE index=853 name=L3(4).2_1 classes=14 eligible=true blocks=0 tested=0 integral=0 nonmonomial=0
BLOCK_TABLE index=854 name=L3(4).2_2 classes=14 eligible=true blocks=0 tested=0 integral=0 nonmonomial=0
BLOCK_TABLE index=855 name=L3(4).2_3 classes=14 eligible=true blocks=0 tested=0 integral=0 nonmonomial=0
BLOCK_TABLE index=856 name=L3(4).3 classes=22 eligible=true blocks=0 tested=0 integral=0 nonmonomial=0
BLOCK_TABLE index=857 name=L3(4).3.2_2 classes=20 eligible=true blocks=0 tested=0 integral=0 nonmonomial=0
BLOCK_TABLE index=858 name=L3(4).3.2_3 classes=20 eligible=true blocks=0 tested=0 integral=0 nonmonomial=0
BLOCK_TABLE index=859 name=L3(4).6 classes=26 eligible=true blocks=0 tested=0 integral=0 nonmonomial=0
BLOCK_TABLE index=860 name=L3(4).D12 classes=28 eligible=true blocks=0 tested=0 integral=0 nonmonomial=0
BLOCK_TABLE index=861 name=(2^2x3).L3(4) classes=94 eligible=true blocks=0 tested=0 integral=0 nonmonomial=0
BLOCK_TABLE index=862 name=(2^2x3).L3(4).2_1 classes=116 eligible=false blocks=0 tested=0 integral=0 nonmonomial=0
BLOCK_TABLE index=863 name=(2^2x3).L3(4).2_2 classes=65 eligible=true blocks=0 tested=0 integral=0 nonmonomial=0
BLOCK_TABLE index=864 name=(2^2x3).L3(4).2_3 classes=65 eligible=true blocks=0 tested=0 integral=0 nonmonomial=0
BLOCK_TABLE index=865 name=(2^2x3).L3(4).3 classes=82 eligible=true blocks=0 tested=0 integral=0 nonmonomial=0
BLOCK_TABLE index=866 name=2^2.L3(4).2_1 classes=44 eligible=true blocks=0 tested=0 integral=0 nonmonomial=0
BLOCK_TABLE index=867 name=2^2.L3(4).2_2 classes=35 eligible=true blocks=0 tested=0 integral=0 nonmonomial=0
BLOCK_TABLE index=868 name=2^2.L3(4).2_3 classes=35 eligible=true blocks=0 tested=0 integral=0 nonmonomial=0
BLOCK_TABLE index=869 name=2^2.L3(4).3 classes=30 eligible=true blocks=0 tested=0 integral=0 nonmonomial=0
BLOCK_TABLE index=870 name=2^2.L3(4).3.2_2 classes=33 eligible=true blocks=0 tested=0 integral=0 nonmonomial=0
BLOCK_TABLE index=871 name=2^2.L3(4).3.2_3 classes=33 eligible=true blocks=0 tested=0 integral=0 nonmonomial=0
BLOCK_TABLE index=872 name=3.L3(4).3.2_2 classes=39 eligible=true blocks=0 tested=0 integral=0 nonmonomial=0
BLOCK_TABLE index=873 name=3.L3(4).3.2_3 classes=39 eligible=true blocks=0 tested=0 integral=0 nonmonomial=0
BLOCK_TABLE index=874 name=2^2.L3(4).2^2 classes=49 eligible=true blocks=0 tested=0 integral=0 nonmonomial=0
BLOCK_TABLE index=875 name=2^2.L3(4).6 classes=36 eligible=true blocks=0 tested=0 integral=0 nonmonomial=0
BLOCK_TABLE index=876 name=2^2.L3(4).D12 classes=45 eligible=true blocks=0 tested=0 integral=0 nonmonomial=0
BLOCK_TABLE index=877 name=2.L3(2) classes=11 eligible=true blocks=0 tested=0 integral=0 nonmonomial=0
BLOCK_TABLE index=878 name=2.L3(2).2 classes=16 eligible=true blocks=0 tested=0 integral=0 nonmonomial=0
BLOCK_TABLE index=879 name=Isoclinic(2.L3(2).2) classes=16 eligible=true blocks=0 tested=0 integral=0 nonmonomial=0
BLOCK_TABLE index=880 name=2F4(2)'M2 classes=15 eligible=true blocks=0 tested=0 integral=0 nonmonomial=0
BLOCK_TABLE index=881 name=3.L3(7) classes=64 eligible=true blocks=0 tested=0 integral=0 nonmonomial=0
BLOCK_TABLE index=882 name=3.L3(7).2 classes=47 eligible=true blocks=0 tested=0 integral=0 nonmonomial=0
BLOCK_TABLE index=883 name=3.L3(7).3 classes=168 eligible=false blocks=0 tested=0 integral=0 nonmonomial=0
BLOCK_TABLE index=884 name=Isoclinic(3.L3(7).3,1) classes=168 eligible=false blocks=0 tested=0 integral=0 nonmonomial=0
BLOCK_TABLE index=885 name=Isoclinic(3.L3(7).3,2) classes=168 eligible=false blocks=0 tested=0 integral=0 nonmonomial=0
BLOCK_TABLE index=886 name=3.L3(7).S3 classes=99 eligible=true blocks=0 tested=0 integral=0 nonmonomial=0
BLOCK_TABLE index=887 name=L3(2) classes=6 eligible=true blocks=0 tested=0 integral=0 nonmonomial=0
BLOCK_TABLE index=888 name=L3(2).2 classes=9 eligible=true blocks=0 tested=0 integral=0 nonmonomial=0
BLOCK_TABLE index=889 name=L3(3) classes=12 eligible=true blocks=0 tested=0 integral=0 nonmonomial=0
BLOCK_TABLE index=890 name=L3(3).2 classes=15 eligible=true blocks=0 tested=0 integral=0 nonmonomial=0
BLOCK_TABLE index=891 name=G2(3)M6 classes=15 eligible=true blocks=0 tested=0 integral=0 nonmonomial=0
BLOCK_TABLE index=892 name=L3(5) classes=30 eligible=true blocks=0 tested=0 integral=0 nonmonomial=0
BLOCK_TABLE index=893 name=L3(5).2 classes=27 eligible=true blocks=1 tested=96 integral=0 nonmonomial=0
BLOCK_TABLE index=894 name=L3(7) classes=22 eligible=true blocks=0 tested=0 integral=0 nonmonomial=0
BLOCK_TABLE index=895 name=L3(7).2 classes=26 eligible=true blocks=0 tested=0 integral=0 nonmonomial=0
BLOCK_TABLE index=896 name=L3(7).3 classes=58 eligible=true blocks=0 tested=0 integral=0 nonmonomial=0
BLOCK_TABLE index=897 name=L3(7).S3 classes=44 eligible=true blocks=0 tested=0 integral=0 nonmonomial=0
BLOCK_TABLE index=898 name=L3(8) classes=72 eligible=true blocks=0 tested=0 integral=0 nonmonomial=0
BLOCK_TABLE index=899 name=L3(8).2 classes=51 eligible=true blocks=0 tested=0 integral=0 nonmonomial=0
BLOCK_TABLE index=900 name=L3(8).3 classes=40 eligible=true blocks=0 tested=0 integral=0 nonmonomial=0
BLOCK_TABLE index=901 name=L3(8).6 classes=41 eligible=true blocks=0 tested=0 integral=0 nonmonomial=0
BLOCK_TABLE index=902 name=ONM2 classes=26 eligible=true blocks=0 tested=0 integral=0 nonmonomial=0
BLOCK_TABLE index=903 name=2.L4(3) classes=51 eligible=true blocks=0 tested=0 integral=0 nonmonomial=0
BLOCK_TABLE index=904 name=2.L4(3).2_1 classes=78 eligible=true blocks=0 tested=0 integral=0 nonmonomial=0
BLOCK_TABLE index=905 name=Isoclinic(2.L4(3).2_1) classes=78 eligible=true blocks=0 tested=0 integral=0 nonmonomial=0
BLOCK_TABLE index=906 name=2.L4(3).2_2 classes=69 eligible=true blocks=1 tested=4 integral=0 nonmonomial=0
BLOCK_TABLE index=907 name=Isoclinic(2.L4(3).2_2) classes=69 eligible=true blocks=1 tested=4 integral=0 nonmonomial=0
BLOCK_TABLE index=908 name=2.L4(3).2_3 classes=51 eligible=true blocks=1 tested=1 integral=0 nonmonomial=0
BLOCK_TABLE index=909 name=Isoclinic(2.L4(3).2_3) classes=51 eligible=true blocks=1 tested=1 integral=0 nonmonomial=0
BLOCK_TABLE index=910 name=L3(9) classes=90 eligible=true blocks=0 tested=0 integral=0 nonmonomial=0
BLOCK_TABLE index=911 name=L3(9).2_1 classes=63 eligible=true blocks=0 tested=0 integral=0 nonmonomial=0
BLOCK_TABLE index=912 name=L3(9).2_2 classes=63 eligible=true blocks=0 tested=0 integral=0 nonmonomial=0
BLOCK_TABLE index=913 name=L3(9).2_3 classes=66 eligible=true blocks=0 tested=0 integral=0 nonmonomial=0
BLOCK_TABLE index=914 name=L3(9).2^2 classes=60 eligible=true blocks=1 tested=96 integral=0 nonmonomial=0
BLOCK_TABLE index=915 name=L4(3) classes=29 eligible=true blocks=0 tested=0 integral=0 nonmonomial=0
BLOCK_TABLE index=916 name=L4(3).2_1 classes=43 eligible=true blocks=0 tested=0 integral=0 nonmonomial=0
BLOCK_TABLE index=917 name=L4(3).2_2 classes=49 eligible=true blocks=0 tested=0 integral=0 nonmonomial=0
BLOCK_TABLE index=918 name=L4(3).2_3 classes=34 eligible=true blocks=0 tested=0 integral=0 nonmonomial=0
BLOCK_TABLE index=919 name=L4(3).2^2 classes=56 eligible=true blocks=0 tested=0 integral=0 nonmonomial=0
BLOCK_TABLE index=920 name=L5(2) classes=27 eligible=true blocks=0 tested=0 integral=0 nonmonomial=0
BLOCK_TABLE index=921 name=L5(2).2 classes=33 eligible=true blocks=0 tested=0 integral=0 nonmonomial=0
BLOCK_TABLE index=922 name=L6(2) classes=60 eligible=true blocks=0 tested=0 integral=0 nonmonomial=0
BLOCK_TABLE index=923 name=L6(2).2 classes=72 eligible=true blocks=0 tested=0 integral=0 nonmonomial=0
BLOCK_TABLE index=924 name=L4(4) classes=84 eligible=true blocks=0 tested=0 integral=0 nonmonomial=0
BLOCK_TABLE index=925 name=L4(4).2_1 classes=63 eligible=true blocks=0 tested=0 integral=0 nonmonomial=0
BLOCK_TABLE index=926 name=L4(4).2_2 classes=81 eligible=true blocks=0 tested=0 integral=0 nonmonomial=0
BLOCK_TABLE index=927 name=L4(4).2_3 classes=72 eligible=true blocks=0 tested=0 integral=0 nonmonomial=0
BLOCK_TABLE index=928 name=L4(4).2^2 classes=81 eligible=true blocks=0 tested=0 integral=0 nonmonomial=0
BLOCK_TABLE index=929 name=L7(2) classes=117 eligible=false blocks=0 tested=0 integral=0 nonmonomial=0
BLOCK_TABLE index=930 name=L7(2).2 classes=114 eligible=false blocks=0 tested=0 integral=0 nonmonomial=0
BLOCK_TABLE index=931 name=L5(3) classes=116 eligible=false blocks=0 tested=0 integral=0 nonmonomial=0
BLOCK_TABLE index=932 name=L5(3).2 classes=100 eligible=true blocks=0 tested=0 integral=0 nonmonomial=0
BLOCK_TABLE index=933 name=L2(37) classes=21 eligible=true blocks=0 tested=0 integral=0 nonmonomial=0
BLOCK_TABLE index=934 name=L2(41) classes=23 eligible=true blocks=0 tested=0 integral=0 nonmonomial=0
BLOCK_TABLE index=935 name=L2(43) classes=24 eligible=true blocks=0 tested=0 integral=0 nonmonomial=0
BLOCK_TABLE index=936 name=L2(47) classes=26 eligible=true blocks=0 tested=0 integral=0 nonmonomial=0
BLOCK_TABLE index=937 name=L2(53) classes=29 eligible=true blocks=0 tested=0 integral=0 nonmonomial=0
BLOCK_TABLE index=938 name=L2(59) classes=32 eligible=true blocks=0 tested=0 integral=0 nonmonomial=0
BLOCK_TABLE index=939 name=L2(61) classes=33 eligible=true blocks=0 tested=0 integral=0 nonmonomial=0
BLOCK_TABLE index=940 name=L2(64) classes=65 eligible=true blocks=0 tested=0 integral=0 nonmonomial=0
BLOCK_TABLE index=941 name=L2(64).6 classes=34 eligible=true blocks=0 tested=0 integral=0 nonmonomial=0
BLOCK_TABLE index=942 name=L2(67) classes=36 eligible=true blocks=0 tested=0 integral=0 nonmonomial=0
BLOCK_TABLE index=943 name=L2(71) classes=38 eligible=true blocks=0 tested=0 integral=0 nonmonomial=0
BLOCK_TABLE index=944 name=L2(73) classes=39 eligible=true blocks=0 tested=0 integral=0 nonmonomial=0
BLOCK_TABLE index=945 name=L2(79) classes=42 eligible=true blocks=0 tested=0 integral=0 nonmonomial=0
BLOCK_TABLE index=946 name=L2(83) classes=44 eligible=true blocks=0 tested=0 integral=0 nonmonomial=0
BLOCK_TABLE index=947 name=L2(89) classes=47 eligible=true blocks=0 tested=0 integral=0 nonmonomial=0
BLOCK_TABLE index=948 name=L2(97) classes=51 eligible=true blocks=0 tested=0 integral=0 nonmonomial=0
BLOCK_TABLE index=949 name=L2(101) classes=53 eligible=true blocks=0 tested=0 integral=0 nonmonomial=0
BLOCK_TABLE index=950 name=L2(103) classes=54 eligible=true blocks=0 tested=0 integral=0 nonmonomial=0
BLOCK_TABLE index=951 name=L2(107) classes=56 eligible=true blocks=0 tested=0 integral=0 nonmonomial=0
BLOCK_TABLE index=952 name=L2(109) classes=57 eligible=true blocks=0 tested=0 integral=0 nonmonomial=0
BLOCK_TABLE index=953 name=L2(113) classes=59 eligible=true blocks=0 tested=0 integral=0 nonmonomial=0
BLOCK_TABLE index=954 name=L2(121) classes=63 eligible=true blocks=0 tested=0 integral=0 nonmonomial=0
BLOCK_TABLE index=955 name=L2(125) classes=65 eligible=true blocks=0 tested=0 integral=0 nonmonomial=0
BLOCK_TABLE index=956 name=L4(5) classes=49 eligible=true blocks=0 tested=0 integral=0 nonmonomial=0
BLOCK_TABLE index=957 name=2.L4(5) classes=97 eligible=true blocks=0 tested=0 integral=0 nonmonomial=0
BLOCK_TABLE index=958 name=4.L4(5) classes=185 eligible=false blocks=0 tested=0 integral=0 nonmonomial=0
BLOCK_TABLE index=959 name=L4(9) classes=219 eligible=false blocks=0 tested=0 integral=0 nonmonomial=0
BLOCK_TABLE index=960 name=L8(2) classes=246 eligible=false blocks=0 tested=0 integral=0 nonmonomial=0
BLOCK_TABLE index=961 name=L3(11) classes=132 eligible=false blocks=0 tested=0 integral=0 nonmonomial=0
BLOCK_TABLE index=962 name=12.M22 classes=109 eligible=false blocks=0 tested=0 integral=0 nonmonomial=0
BLOCK_TABLE index=963 name=12.M22.2 classes=80 eligible=true blocks=0 tested=0 integral=0 nonmonomial=0
BLOCK_TABLE index=964 name=Isoclinic(12.M22.2) classes=80 eligible=true blocks=0 tested=0 integral=0 nonmonomial=0
BLOCK_TABLE index=965 name=2.M12 classes=26 eligible=true blocks=0 tested=0 integral=0 nonmonomial=0
BLOCK_TABLE index=966 name=2.M12.2 classes=34 eligible=true blocks=1 tested=4 integral=0 nonmonomial=0
BLOCK_TABLE index=967 name=Isoclinic(2.M12.2) classes=34 eligible=true blocks=1 tested=4 integral=0 nonmonomial=0
BLOCK_TABLE index=968 name=2.M22 classes=23 eligible=true blocks=0 tested=0 integral=0 nonmonomial=0
BLOCK_TABLE index=969 name=2.M22.2 classes=37 eligible=true blocks=0 tested=0 integral=0 nonmonomial=0
BLOCK_TABLE index=970 name=Isoclinic(2.M22.2) classes=37 eligible=true blocks=0 tested=0 integral=0 nonmonomial=0
BLOCK_TABLE index=971 name=3.M22 classes=34 eligible=true blocks=0 tested=0 integral=0 nonmonomial=0
BLOCK_TABLE index=972 name=3.M22.2 classes=32 eligible=true blocks=0 tested=0 integral=0 nonmonomial=0
BLOCK_TABLE index=973 name=4.M22 classes=39 eligible=true blocks=0 tested=0 integral=0 nonmonomial=0
BLOCK_TABLE index=974 name=4.M22.2 classes=45 eligible=true blocks=0 tested=0 integral=0 nonmonomial=0
BLOCK_TABLE index=975 name=Isoclinic(4.M22.2) classes=45 eligible=true blocks=0 tested=0 integral=0 nonmonomial=0
BLOCK_TABLE index=976 name=6.M22 classes=65 eligible=true blocks=0 tested=0 integral=0 nonmonomial=0
BLOCK_TABLE index=977 name=6.M22.2 classes=58 eligible=true blocks=0 tested=0 integral=0 nonmonomial=0
BLOCK_TABLE index=978 name=Isoclinic(6.M22.2) classes=58 eligible=true blocks=0 tested=0 integral=0 nonmonomial=0
BLOCK_TABLE index=979 name=HNM12 classes=21 eligible=true blocks=0 tested=0 integral=0 nonmonomial=0
BLOCK_TABLE index=980 name=HSM9 classes=10 eligible=true blocks=0 tested=0 integral=0 nonmonomial=0
BLOCK_TABLE index=981 name=M11 classes=10 eligible=true blocks=0 tested=0 integral=0 nonmonomial=0
BLOCK_TABLE index=982 name=M12 classes=15 eligible=true blocks=0 tested=0 integral=0 nonmonomial=0
BLOCK_TABLE index=983 name=M12.2 classes=21 eligible=true blocks=0 tested=0 integral=0 nonmonomial=0
BLOCK_TABLE index=984 name=M12M2 classes=10 eligible=true blocks=0 tested=0 integral=0 nonmonomial=0
BLOCK_TABLE index=985 name=M22 classes=12 eligible=true blocks=0 tested=0 integral=0 nonmonomial=0
BLOCK_TABLE index=986 name=M22.2 classes=21 eligible=true blocks=0 tested=0 integral=0 nonmonomial=0
BLOCK_TABLE index=987 name=M23 classes=17 eligible=true blocks=0 tested=0 integral=0 nonmonomial=0
BLOCK_TABLE index=988 name=M24 classes=26 eligible=true blocks=0 tested=0 integral=0 nonmonomial=0
BLOCK_TABLE index=989 name=McLM3 classes=12 eligible=true blocks=0 tested=0 integral=0 nonmonomial=0
BLOCK_TABLE index=990 name=3.McLM3 classes=34 eligible=true blocks=0 tested=0 integral=0 nonmonomial=0
BLOCK_TABLE index=991 name=ONM11 classes=10 eligible=true blocks=0 tested=0 integral=0 nonmonomial=0
BLOCK_TABLE index=992 name=2.A12M8 classes=26 eligible=true blocks=0 tested=0 integral=0 nonmonomial=0
BLOCK_TABLE index=993 name=3^7.O7(3):2 classes=291 eligible=false blocks=0 tested=0 integral=0 nonmonomial=0
BLOCK_TABLE index=994 name=2^(3+12).(L3(2)xA6) classes=134 eligible=false blocks=0 tested=0 integral=0 nonmonomial=0
BLOCK_TABLE index=995 name=2^(6+8).(S3xA8) classes=159 eligible=false blocks=0 tested=0 integral=0 nonmonomial=0
BLOCK_TABLE index=996 name=3^2.3^4.3^8.(A5x2A4).2 classes=276 eligible=false blocks=0 tested=0 integral=0 nonmonomial=0
BLOCK_TABLE index=997 name=S3xO8+(3):S3 classes=375 eligible=false blocks=0 tested=0 integral=0 nonmonomial=0
BLOCK_TABLE index=998 name=3^(1+10):(2xU5(2):2) classes=326 eligible=false blocks=0 tested=0 integral=0 nonmonomial=0
BLOCK_TABLE index=999 name=2^2.U6(2):S3x2 classes=298 eligible=false blocks=0 tested=0 integral=0 nonmonomial=0
BLOCK_TABLE index=1000 name=2^(1+12)_+.3_1.U4(3).2^2_{122} classes=283 eligible=false blocks=0 tested=0 integral=0 nonmonomial=0
BLOCK_TABLE index=1001 name=3^3.[3^10].(L3(3)x2^2) classes=426 eligible=false blocks=0 tested=0 integral=0 nonmonomial=0
BLOCK_TABLE index=1002 name=3^2.3^4.3^8.(S5x2S4) classes=438 eligible=false blocks=0 tested=0 integral=0 nonmonomial=0
BLOCK_TABLE index=1003 name=S4xO8+(2):S3 classes=340 eligible=false blocks=0 tested=0 integral=0 nonmonomial=0
BLOCK_TABLE index=1004 name=2^(3+12).(L3(2)xS6) classes=223 eligible=false blocks=0 tested=0 integral=0 nonmonomial=0
BLOCK_TABLE index=1005 name=2^(7+8).(S3xA8) classes=294 eligible=false blocks=0 tested=0 integral=0 nonmonomial=0
BLOCK_TABLE index=1006 name=(S3xS3xG2(3)):2 classes=153 eligible=false blocks=0 tested=0 integral=0 nonmonomial=0
BLOCK_TABLE index=1007 name=S5xS9 classes=210 eligible=false blocks=0 tested=0 integral=0 nonmonomial=0
BLOCK_TABLE index=1008 name=S6xL2(8):3 classes=121 eligible=false blocks=0 tested=0 integral=0 nonmonomial=0
BLOCK_TABLE index=1009 name=7:6xS7 classes=105 eligible=false blocks=0 tested=0 integral=0 nonmonomial=0
BLOCK_TABLE index=1010 name=7^(1+2)_+:(6xS3).2 classes=41 eligible=true blocks=0 tested=0 integral=0 nonmonomial=0
BLOCK_TABLE index=1011 name=13:3 classes=7 eligible=true blocks=0 tested=0 integral=0 nonmonomial=0
BLOCK_TABLE index=1012 name=19:3 classes=9 eligible=true blocks=0 tested=0 integral=0 nonmonomial=0
BLOCK_TABLE index=1013 name=31:3 classes=13 eligible=true blocks=0 tested=0 integral=0 nonmonomial=0
BLOCK_TABLE index=1014 name=37:3 classes=15 eligible=true blocks=0 tested=0 integral=0 nonmonomial=0
BLOCK_TABLE index=1015 name=43:3 classes=17 eligible=true blocks=0 tested=0 integral=0 nonmonomial=0
BLOCK_TABLE index=1016 name=73:3 classes=27 eligible=true blocks=0 tested=0 integral=0 nonmonomial=0
BLOCK_TABLE index=1017 name=91:3 classes=33 eligible=true blocks=0 tested=0 integral=0 nonmonomial=0
BLOCK_TABLE index=1018 name=133:3 classes=47 eligible=true blocks=0 tested=0 integral=0 nonmonomial=0
BLOCK_TABLE index=1019 name=31:5 classes=11 eligible=true blocks=0 tested=0 integral=0 nonmonomial=0
BLOCK_TABLE index=1020 name=109:54 classes=56 eligible=true blocks=0 tested=0 integral=0 nonmonomial=0
BLOCK_TABLE index=1021 name=113:56 classes=58 eligible=true blocks=0 tested=0 integral=0 nonmonomial=0
BLOCK_TABLE index=1022 name=D14 classes=5 eligible=true blocks=0 tested=0 integral=0 nonmonomial=0
BLOCK_TABLE index=1023 name=D110 classes=29 eligible=true blocks=0 tested=0 integral=0 nonmonomial=0
BLOCK_TABLE index=1024 name=D114 classes=30 eligible=true blocks=0 tested=0 integral=0 nonmonomial=0
BLOCK_TABLE index=1025 name=D122 classes=32 eligible=true blocks=0 tested=0 integral=0 nonmonomial=0
BLOCK_TABLE index=1026 name=D126 classes=33 eligible=true blocks=0 tested=0 integral=0 nonmonomial=0
BLOCK_TABLE index=1027 name=S6x2 classes=22 eligible=true blocks=0 tested=0 integral=0 nonmonomial=0
BLOCK_TABLE index=1028 name=S7x2 classes=30 eligible=true blocks=0 tested=0 integral=0 nonmonomial=0
BLOCK_TABLE index=1029 name=S8x2 classes=44 eligible=true blocks=0 tested=0 integral=0 nonmonomial=0
BLOCK_TABLE index=1030 name=S9x2 classes=60 eligible=true blocks=0 tested=0 integral=0 nonmonomial=0
BLOCK_TABLE index=1031 name=S10x2 classes=84 eligible=true blocks=0 tested=0 integral=0 nonmonomial=0
BLOCK_TABLE index=1032 name=2.Fi22M13 classes=84 eligible=true blocks=0 tested=0 integral=0 nonmonomial=0
BLOCK_TABLE index=1033 name=S11x2 classes=112 eligible=false blocks=0 tested=0 integral=0 nonmonomial=0
BLOCK_TABLE index=1034 name=S5xS3 classes=21 eligible=true blocks=0 tested=0 integral=0 nonmonomial=0
BLOCK_TABLE index=1035 name=S7xS3 classes=45 eligible=true blocks=0 tested=0 integral=0 nonmonomial=0
BLOCK_TABLE index=1036 name=S8xS3 classes=66 eligible=true blocks=0 tested=0 integral=0 nonmonomial=0
BLOCK_TABLE index=1037 name=S9xS3 classes=90 eligible=true blocks=0 tested=0 integral=0 nonmonomial=0
BLOCK_TABLE index=1038 name=S10xS3 classes=126 eligible=false blocks=0 tested=0 integral=0 nonmonomial=0
BLOCK_TABLE index=1039 name=S4xS4 classes=25 eligible=true blocks=0 tested=0 integral=0 nonmonomial=0
BLOCK_TABLE index=1040 name=S5xS4 classes=35 eligible=true blocks=0 tested=0 integral=0 nonmonomial=0
BLOCK_TABLE index=1041 name=S6xS4 classes=55 eligible=true blocks=0 tested=0 integral=0 nonmonomial=0
BLOCK_TABLE index=1042 name=S7xS4 classes=75 eligible=true blocks=0 tested=0 integral=0 nonmonomial=0
BLOCK_TABLE index=1043 name=S8xS4 classes=110 eligible=false blocks=0 tested=0 integral=0 nonmonomial=0
BLOCK_TABLE index=1044 name=S9xS4 classes=150 eligible=false blocks=0 tested=0 integral=0 nonmonomial=0
BLOCK_TABLE index=1045 name=S6xS5 classes=77 eligible=true blocks=0 tested=0 integral=0 nonmonomial=0
BLOCK_TABLE index=1046 name=S7xS5 classes=105 eligible=false blocks=0 tested=0 integral=0 nonmonomial=0
BLOCK_TABLE index=1047 name=S8xS5 classes=154 eligible=false blocks=0 tested=0 integral=0 nonmonomial=0
BLOCK_TABLE index=1048 name=S7xS6 classes=165 eligible=false blocks=0 tested=0 integral=0 nonmonomial=0
BLOCK_TABLE index=1049 name=(A10x3):2 classes=66 eligible=true blocks=0 tested=0 integral=0 nonmonomial=0
BLOCK_TABLE index=1050 name=(A9xA4):2 classes=78 eligible=true blocks=0 tested=0 integral=0 nonmonomial=0
BLOCK_TABLE index=1051 name=(A8xA5):2 classes=80 eligible=true blocks=0 tested=0 integral=0 nonmonomial=0
BLOCK_TABLE index=1052 name=(A7xA6):2 classes=84 eligible=true blocks=0 tested=0 integral=0 nonmonomial=0
BLOCK_TABLE index=1053 name=D62x2 classes=34 eligible=true blocks=0 tested=0 integral=0 nonmonomial=0
BLOCK_TABLE index=1054 name=S3xL2(8) classes=27 eligible=true blocks=0 tested=0 integral=0 nonmonomial=0
BLOCK_TABLE index=1055 name=5xA5 classes=25 eligible=true blocks=0 tested=0 integral=0 nonmonomial=0
BLOCK_TABLE index=1056 name=3xL2(8) classes=27 eligible=true blocks=0 tested=0 integral=0 nonmonomial=0
BLOCK_TABLE index=1057 name=5xIsoclinic(2.A6.2_2) classes=100 eligible=true blocks=0 tested=0 integral=0 nonmonomial=0
BLOCK_TABLE index=1058 name=3xU4(2) classes=60 eligible=true blocks=0 tested=0 integral=0 nonmonomial=0
BLOCK_TABLE index=1059 name=3^(1+2)+:2A4 classes=24 eligible=true blocks=0 tested=0 integral=0 nonmonomial=0
BLOCK_TABLE index=1060 name=S3x3^(1+2)+:2A4 classes=72 eligible=true blocks=0 tested=0 integral=0 nonmonomial=0
BLOCK_TABLE index=1061 name=3x2S5 classes=36 eligible=true blocks=0 tested=0 integral=0 nonmonomial=0
BLOCK_TABLE index=1062 name=7:3x3 classes=15 eligible=true blocks=0 tested=0 integral=0 nonmonomial=0
BLOCK_TABLE index=1063 name=M10x2 classes=16 eligible=true blocks=0 tested=0 integral=0 nonmonomial=0
BLOCK_TABLE index=1064 name=L2(8):3x2 classes=22 eligible=true blocks=0 tested=0 integral=0 nonmonomial=0
BLOCK_TABLE index=1065 name=2^2xA6 classes=28 eligible=true blocks=0 tested=0 integral=0 nonmonomial=0
BLOCK_TABLE index=1066 name=2^2.L3(4)M4 classes=28 eligible=true blocks=0 tested=0 integral=0 nonmonomial=0
BLOCK_TABLE index=1067 name=2^2.L3(4)M5 classes=28 eligible=true blocks=0 tested=0 integral=0 nonmonomial=0
BLOCK_TABLE index=1068 name=2^2xL2(7) classes=24 eligible=true blocks=0 tested=0 integral=0 nonmonomial=0
BLOCK_TABLE index=1069 name=2^2.L3(4)M7 classes=24 eligible=true blocks=0 tested=0 integral=0 nonmonomial=0
BLOCK_TABLE index=1070 name=2^2.L3(4)M8 classes=24 eligible=true blocks=0 tested=0 integral=0 nonmonomial=0
BLOCK_TABLE index=1071 name=A4x7:3 classes=20 eligible=true blocks=0 tested=0 integral=0 nonmonomial=0
BLOCK_TABLE index=1072 name=7^2:24 classes=26 eligible=true blocks=0 tested=0 integral=0 nonmonomial=0
BLOCK_TABLE index=1073 name=3^4:40 classes=42 eligible=true blocks=0 tested=0 integral=0 nonmonomial=0
BLOCK_TABLE index=1074 name=2^4:A5 classes=9 eligible=true blocks=0 tested=0 integral=0 nonmonomial=0
BLOCK_TABLE index=1075 name=L3(4)M4 classes=7 eligible=true blocks=0 tested=0 integral=0 nonmonomial=0
BLOCK_TABLE index=1076 name=L3(4)M5 classes=7 eligible=true blocks=0 tested=0 integral=0 nonmonomial=0
BLOCK_TABLE index=1077 name=L3(4)M7 classes=6 eligible=true blocks=0 tested=0 integral=0 nonmonomial=0
BLOCK_TABLE index=1078 name=L3(4)M8 classes=6 eligible=true blocks=0 tested=0 integral=0 nonmonomial=0
BLOCK_TABLE index=1079 name=2xA6 classes=14 eligible=true blocks=0 tested=0 integral=0 nonmonomial=0
BLOCK_TABLE index=1080 name=2.L3(4)M4 classes=14 eligible=true blocks=0 tested=0 integral=0 nonmonomial=0
BLOCK_TABLE index=1081 name=2.L3(4)M5 classes=14 eligible=true blocks=0 tested=0 integral=0 nonmonomial=0
BLOCK_TABLE index=1082 name=2xL3(2) classes=12 eligible=true blocks=0 tested=0 integral=0 nonmonomial=0
BLOCK_TABLE index=1083 name=2.L3(4)M7 classes=12 eligible=true blocks=0 tested=0 integral=0 nonmonomial=0
BLOCK_TABLE index=1084 name=2.L3(4)M8 classes=12 eligible=true blocks=0 tested=0 integral=0 nonmonomial=0
BLOCK_TABLE index=1085 name=Isoclinic(2x3^2:Q8) classes=12 eligible=true blocks=0 tested=0 integral=0 nonmonomial=0
BLOCK_TABLE index=1086 name=4_1.2^4:A5 classes=24 eligible=true blocks=0 tested=0 integral=0 nonmonomial=0
BLOCK_TABLE index=1087 name=4_2.2^4:A5 classes=26 eligible=true blocks=0 tested=0 integral=0 nonmonomial=0
BLOCK_TABLE index=1088 name=3x2^4:A5 classes=27 eligible=true blocks=0 tested=0 integral=0 nonmonomial=0
BLOCK_TABLE index=1089 name=3.L3(4)M4 classes=17 eligible=true blocks=0 tested=0 integral=0 nonmonomial=0
BLOCK_TABLE index=1090 name=3.L3(4)M5 classes=17 eligible=true blocks=0 tested=0 integral=0 nonmonomial=0
BLOCK_TABLE index=1091 name=3.L3(4)M7 classes=18 eligible=true blocks=0 tested=0 integral=0 nonmonomial=0
BLOCK_TABLE index=1092 name=3.L3(4)M8 classes=18 eligible=true blocks=0 tested=0 integral=0 nonmonomial=0
BLOCK_TABLE index=1093 name=3^(1+2)_+:Q8 classes=16 eligible=true blocks=0 tested=0 integral=0 nonmonomial=0
BLOCK_TABLE index=1094 name=3x2^5.A5 classes=48 eligible=true blocks=0 tested=0 integral=0 nonmonomial=0
BLOCK_TABLE index=1095 name=6xL3(2) classes=36 eligible=true blocks=0 tested=0 integral=0 nonmonomial=0
BLOCK_TABLE index=1096 name=6.L3(4)M7 classes=36 eligible=true blocks=0 tested=0 integral=0 nonmonomial=0
BLOCK_TABLE index=1097 name=6.L3(4)M8 classes=36 eligible=true blocks=0 tested=0 integral=0 nonmonomial=0
BLOCK_TABLE index=1098 name=Isoclinic(2x3^(1+2)_+:Q8) classes=32 eligible=true blocks=0 tested=0 integral=0 nonmonomial=0
BLOCK_TABLE index=1099 name=3x4_1.2^4:A5 classes=72 eligible=true blocks=0 tested=0 integral=0 nonmonomial=0
BLOCK_TABLE index=1100 name=3x4_2.2^4:A5 classes=78 eligible=true blocks=0 tested=0 integral=0 nonmonomial=0
BLOCK_TABLE index=1101 name=3^(1+4)_+.2S4 classes=22 eligible=true blocks=0 tested=0 integral=0 nonmonomial=0
BLOCK_TABLE index=1102 name=2(A4xA4).2^2 classes=22 eligible=true blocks=0 tested=0 integral=0 nonmonomial=0
BLOCK_TABLE index=1103 name=U4(3)M3 classes=20 eligible=true blocks=0 tested=0 integral=0 nonmonomial=0
BLOCK_TABLE index=1104 name=U4(3)M9 classes=12 eligible=true blocks=0 tested=0 integral=0 nonmonomial=0
BLOCK_TABLE index=1105 name=U4(3)M12 classes=9 eligible=true blocks=0 tested=0 integral=0 nonmonomial=0
BLOCK_TABLE index=1106 name=2.A6M2 classes=9 eligible=true blocks=0 tested=0 integral=0 nonmonomial=0
BLOCK_TABLE index=1107 name=3^2:8 classes=12 eligible=true blocks=0 tested=0 integral=0 nonmonomial=0
BLOCK_TABLE index=1108 name=2.A6M5 classes=8 eligible=true blocks=0 tested=0 integral=0 nonmonomial=0
BLOCK_TABLE index=1109 name=3xA5 classes=15 eligible=true blocks=0 tested=0 integral=0 nonmonomial=0
BLOCK_TABLE index=1110 name=3.A6M2 classes=15 eligible=true blocks=0 tested=0 integral=0 nonmonomial=0
BLOCK_TABLE index=1111 name=3xSymm(4) classes=15 eligible=true blocks=0 tested=0 integral=0 nonmonomial=0
BLOCK_TABLE index=1112 name=3.A6M5 classes=15 eligible=true blocks=0 tested=0 integral=0 nonmonomial=0
BLOCK_TABLE index=1113 name=3x2.A5 classes=27 eligible=true blocks=0 tested=0 integral=0 nonmonomial=0
BLOCK_TABLE index=1114 name=6.A6M2 classes=27 eligible=true blocks=0 tested=0 integral=0 nonmonomial=0
BLOCK_TABLE index=1115 name=3x2.Symm(4) classes=24 eligible=true blocks=0 tested=0 integral=0 nonmonomial=0
BLOCK_TABLE index=1116 name=6.A6M5 classes=24 eligible=true blocks=0 tested=0 integral=0 nonmonomial=0
BLOCK_TABLE index=1117 name=2.A4x3 classes=21 eligible=true blocks=0 tested=0 integral=0 nonmonomial=0
BLOCK_TABLE index=1118 name=(2.A4x3).2 classes=15 eligible=true blocks=0 tested=0 integral=0 nonmonomial=0
BLOCK_TABLE index=1119 name=3xL3(2) classes=18 eligible=true blocks=0 tested=0 integral=0 nonmonomial=0
BLOCK_TABLE index=1120 name=3xA5.2 classes=21 eligible=true blocks=0 tested=0 integral=0 nonmonomial=0
BLOCK_TABLE index=1121 name=3.(A4x3):2 classes=19 eligible=true blocks=0 tested=0 integral=0 nonmonomial=0
BLOCK_TABLE index=1122 name=3x2.L3(2) classes=33 eligible=true blocks=0 tested=0 integral=0 nonmonomial=0
BLOCK_TABLE index=1123 name=3xIsoclinic(2.A5.2) classes=36 eligible=true blocks=0 tested=0 integral=0 nonmonomial=0
BLOCK_TABLE index=1124 name=(2.A5x3).2 classes=21 eligible=true blocks=0 tested=0 integral=0 nonmonomial=0
BLOCK_TABLE index=1125 name=2.A6x3 classes=39 eligible=true blocks=0 tested=0 integral=0 nonmonomial=0
BLOCK_TABLE index=1126 name=(2.A6x3).2_1 classes=30 eligible=true blocks=0 tested=0 integral=0 nonmonomial=0
BLOCK_TABLE index=1127 name=2.A9M5 classes=22 eligible=true blocks=0 tested=0 integral=0 nonmonomial=0
BLOCK_TABLE index=1128 name=2.(A5xA4).2 classes=28 eligible=true blocks=0 tested=0 integral=0 nonmonomial=0
BLOCK_TABLE index=1129 name=(2x3^3).S4 classes=26 eligible=true blocks=0 tested=0 integral=0 nonmonomial=0
BLOCK_TABLE index=1130 name=3^2:2A4 classes=10 eligible=true blocks=0 tested=0 integral=0 nonmonomial=0
BLOCK_TABLE index=1131 name=U3(8)M4 classes=10 eligible=true blocks=0 tested=0 integral=0 nonmonomial=0
BLOCK_TABLE index=1132 name=U3(8)M5 classes=10 eligible=true blocks=0 tested=0 integral=0 nonmonomial=0
BLOCK_TABLE index=1133 name=2x3^2:2A4 classes=20 eligible=true blocks=0 tested=0 integral=0 nonmonomial=0
BLOCK_TABLE index=1134 name=A7x3 classes=27 eligible=true blocks=0 tested=0 integral=0 nonmonomial=0
BLOCK_TABLE index=1135 name=(A7x3).2 classes=24 eligible=true blocks=0 tested=0 integral=0 nonmonomial=0
BLOCK_TABLE index=1136 name=2.A7x3 classes=48 eligible=true blocks=0 tested=0 integral=0 nonmonomial=0
BLOCK_TABLE index=1137 name=(2.A7x3).2 classes=39 eligible=true blocks=0 tested=0 integral=0 nonmonomial=0
BLOCK_TABLE index=1138 name=(A5xA5):4 classes=22 eligible=true blocks=0 tested=0 integral=0 nonmonomial=0
BLOCK_TABLE index=1139 name=2.(A5xA5).4 classes=35 eligible=true blocks=0 tested=0 integral=0 nonmonomial=0
BLOCK_TABLE index=1140 name=(A6xA4).2 classes=29 eligible=true blocks=0 tested=0 integral=0 nonmonomial=0
BLOCK_TABLE index=1141 name=2.(A6xA4).2 classes=41 eligible=true blocks=0 tested=0 integral=0 nonmonomial=0
BLOCK_TABLE index=1142 name=A8x3 classes=42 eligible=true blocks=0 tested=0 integral=0 nonmonomial=0
BLOCK_TABLE index=1143 name=(A8x3).2 classes=36 eligible=true blocks=0 tested=0 integral=0 nonmonomial=0
BLOCK_TABLE index=1144 name=(2.A8x3).2 classes=54 eligible=true blocks=0 tested=0 integral=0 nonmonomial=0
BLOCK_TABLE index=1145 name=(A7xA4):2 classes=39 eligible=true blocks=0 tested=0 integral=0 nonmonomial=0
BLOCK_TABLE index=1146 name=2.(A7xA4).2 classes=54 eligible=true blocks=0 tested=0 integral=0 nonmonomial=0
BLOCK_TABLE index=1147 name=(A6xA5):2 classes=40 eligible=true blocks=0 tested=0 integral=0 nonmonomial=0
BLOCK_TABLE index=1148 name=2.(A6xA5).2 classes=58 eligible=true blocks=0 tested=0 integral=0 nonmonomial=0
BLOCK_TABLE index=1149 name=A9x3 classes=54 eligible=true blocks=0 tested=0 integral=0 nonmonomial=0
BLOCK_TABLE index=1150 name=(A9x3):2 classes=48 eligible=true blocks=0 tested=0 integral=0 nonmonomial=0
BLOCK_TABLE index=1151 name=2.A9x3 classes=90 eligible=true blocks=0 tested=0 integral=0 nonmonomial=0
BLOCK_TABLE index=1152 name=(2.A9x3).2 classes=72 eligible=true blocks=0 tested=0 integral=0 nonmonomial=0
BLOCK_TABLE index=1153 name=7^(1+2).Sp(2,7) classes=84 eligible=true blocks=0 tested=0 integral=0 nonmonomial=0
BLOCK_TABLE index=1154 name=3xO8+(2) classes=159 eligible=false blocks=0 tested=0 integral=0 nonmonomial=0
BLOCK_TABLE index=1155 name=(3xO8+(2)):2 classes=120 eligible=false blocks=0 tested=0 integral=0 nonmonomial=0
BLOCK_TABLE index=1156 name=3^(3+6):26 classes=34 eligible=true blocks=0 tested=0 integral=0 nonmonomial=0
BLOCK_TABLE index=1157 name=2x3^4:(2xA6) classes=60 eligible=true blocks=0 tested=0 integral=0 nonmonomial=0
BLOCK_TABLE index=1158 name=[2^30].L5(2) classes=1033 eligible=false blocks=0 tested=0 integral=0 nonmonomial=0
BLOCK_TABLE index=1159 name=2^(9+16).S8(2) classes=703 eligible=false blocks=0 tested=0 integral=0 nonmonomial=0
BLOCK_TABLE index=1160 name=[2^35].(S5xL3(2)) classes=2168 eligible=false blocks=0 tested=0 integral=0 nonmonomial=0
BLOCK_TABLE index=1161 name=2^(2+10+20).(M22.2xS3) classes=1226 eligible=false blocks=0 tested=0 integral=0 nonmonomial=0
BLOCK_TABLE index=1162 name=3^(1+12):6.Suz.2 classes=533 eligible=false blocks=0 tested=0 integral=0 nonmonomial=0
BLOCK_TABLE index=1163 name=3^12.6.Suz.2 classes=323 eligible=false blocks=0 tested=0 integral=0 nonmonomial=0
BLOCK_TABLE index=1164 name=3^(1+12).2.Suz.2 classes=253 eligible=false blocks=0 tested=0 integral=0 nonmonomial=0
BLOCK_TABLE index=1165 name=3^(1+12).(2xU5(2).2) classes=488 eligible=false blocks=0 tested=0 integral=0 nonmonomial=0
BLOCK_TABLE index=1166 name=5^(1+6):2.J2.4 classes=162 eligible=false blocks=0 tested=0 integral=0 nonmonomial=0
BLOCK_TABLE index=1167 name=(7:3xHe):2 classes=168 eligible=false blocks=0 tested=0 integral=0 nonmonomial=0
BLOCK_TABLE index=1168 name=(A5xA12):2 classes=274 eligible=false blocks=0 tested=0 integral=0 nonmonomial=0
BLOCK_TABLE index=1169 name=5^(3+3).(2xL3(5)) classes=118 eligible=false blocks=0 tested=0 integral=0 nonmonomial=0
BLOCK_TABLE index=1170 name=(A6xA6xA6).(2xS4) classes=187 eligible=false blocks=0 tested=0 integral=0 nonmonomial=0
BLOCK_TABLE index=1171 name=(A5xU3(8):3):2 classes=153 eligible=false blocks=0 tested=0 integral=0 nonmonomial=0
BLOCK_TABLE index=1172 name=5^(2+2+4):(S3xGL2(5)) classes=172 eligible=false blocks=0 tested=0 integral=0 nonmonomial=0
BLOCK_TABLE index=1173 name=(L3(2)xS4(4):2).2 classes=150 eligible=false blocks=0 tested=0 integral=0 nonmonomial=0
BLOCK_TABLE index=1174 name=(5^2:[2^4]xU3(5)).S3 classes=192 eligible=false blocks=0 tested=0 integral=0 nonmonomial=0
BLOCK_TABLE index=1175 name=(L2(11)xM12):2 classes=141 eligible=false blocks=0 tested=0 integral=0 nonmonomial=0
BLOCK_TABLE index=1176 name=(A7x(A5xA5):2^2):2 classes=270 eligible=false blocks=0 tested=0 integral=0 nonmonomial=0
BLOCK_TABLE index=1177 name=5^4:(3x2.L2(25)).2 classes=70 eligible=true blocks=0 tested=0 integral=0 nonmonomial=0
BLOCK_TABLE index=1178 name=7^(2+1+2):GL2(7) classes=91 eligible=true blocks=0 tested=0 integral=0 nonmonomial=0
BLOCK_TABLE index=1179 name=M11xA6.2^2 classes=130 eligible=false blocks=0 tested=0 integral=0 nonmonomial=0
BLOCK_TABLE index=1180 name=(S5xS5xS5):S3 classes=140 eligible=false blocks=0 tested=0 integral=0 nonmonomial=0
BLOCK_TABLE index=1181 name=(L2(11)xL2(11)):4 classes=61 eligible=true blocks=0 tested=0 integral=0 nonmonomial=0
BLOCK_TABLE index=1182 name=13^2:2.L2(13).4 classes=63 eligible=true blocks=0 tested=0 integral=0 nonmonomial=0
BLOCK_TABLE index=1183 name=(7^2:(3x2A4)xL2(7)).2 classes=135 eligible=false blocks=0 tested=0 integral=0 nonmonomial=0
BLOCK_TABLE index=1184 name=(13:6xL3(3)).2 classes=102 eligible=false blocks=0 tested=0 integral=0 nonmonomial=0
BLOCK_TABLE index=1185 name=3^3:L3(3) classes=22 eligible=true blocks=0 tested=0 integral=0 nonmonomial=0
BLOCK_TABLE index=1186 name=L4(3)M4 classes=25 eligible=true blocks=0 tested=0 integral=0 nonmonomial=0
BLOCK_TABLE index=1187 name=3^4:2(A4xA4).2 classes=36 eligible=true blocks=0 tested=0 integral=0 nonmonomial=0
BLOCK_TABLE index=1188 name=(4xA6):2 classes=29 eligible=true blocks=0 tested=0 integral=0 nonmonomial=0
BLOCK_TABLE index=1189 name=(3x2S5).2 classes=30 eligible=true blocks=0 tested=0 integral=0 nonmonomial=0
BLOCK_TABLE index=1190 name=O8+(2)M2 classes=30 eligible=true blocks=0 tested=0 integral=0 nonmonomial=0
BLOCK_TABLE index=1191 name=O8+(2)M3 classes=30 eligible=true blocks=0 tested=0 integral=0 nonmonomial=0
BLOCK_TABLE index=1192 name=O8+(2)M5 classes=41 eligible=true blocks=1 tested=20 integral=0 nonmonomial=0
BLOCK_TABLE index=1193 name=O8+(2)M6 classes=41 eligible=true blocks=1 tested=20 integral=0 nonmonomial=0
BLOCK_TABLE index=1194 name=O8+(2)M8 classes=18 eligible=true blocks=0 tested=0 integral=0 nonmonomial=0
BLOCK_TABLE index=1195 name=O8+(2)M9 classes=18 eligible=true blocks=0 tested=0 integral=0 nonmonomial=0
BLOCK_TABLE index=1196 name=(3xU4(2)):2 classes=45 eligible=true blocks=0 tested=0 integral=0 nonmonomial=0
BLOCK_TABLE index=1197 name=O8+(2)M11 classes=45 eligible=true blocks=0 tested=0 integral=0 nonmonomial=0
BLOCK_TABLE index=1198 name=O8+(2)M12 classes=45 eligible=true blocks=0 tested=0 integral=0 nonmonomial=0
BLOCK_TABLE index=1199 name=2^(1+8)_+:(S3xS3xS3) classes=92 eligible=true blocks=0 tested=0 integral=0 nonmonomial=0
BLOCK_TABLE index=1200 name=3^4:2^3.S4(a) classes=39 eligible=true blocks=0 tested=0 integral=0 nonmonomial=0
BLOCK_TABLE index=1201 name=2x2.S6(2) classes=86 eligible=true blocks=0 tested=0 integral=0 nonmonomial=0
BLOCK_TABLE index=1202 name=2^2.O8+(2)M2 classes=86 eligible=true blocks=0 tested=0 integral=0 nonmonomial=0
BLOCK_TABLE index=1203 name=2^2.O8+(2)M3 classes=86 eligible=true blocks=0 tested=0 integral=0 nonmonomial=0
BLOCK_TABLE index=1204 name=(2x2^(1+6)_+).A8 classes=90 eligible=true blocks=1 tested=4 integral=0 nonmonomial=0
BLOCK_TABLE index=1205 name=2^2.O8+(2)M5 classes=90 eligible=true blocks=1 tested=4 integral=0 nonmonomial=0
BLOCK_TABLE index=1206 name=2^2.O8+(2)M6 classes=90 eligible=true blocks=1 tested=4 integral=0 nonmonomial=0
BLOCK_TABLE index=1207 name=2x2.A9 classes=60 eligible=true blocks=0 tested=0 integral=0 nonmonomial=0
BLOCK_TABLE index=1208 name=2^2.O8+(2)M8 classes=60 eligible=true blocks=0 tested=0 integral=0 nonmonomial=0
BLOCK_TABLE index=1209 name=2^2.O8+(2)M9 classes=60 eligible=true blocks=0 tested=0 integral=0 nonmonomial=0
BLOCK_TABLE index=1210 name=2x(3x2.U4(2)):2 classes=144 eligible=false blocks=0 tested=0 integral=0 nonmonomial=0
BLOCK_TABLE index=1211 name=2^2.O8+(2)M11 classes=144 eligible=false blocks=0 tested=0 integral=0 nonmonomial=0
BLOCK_TABLE index=1212 name=2^2.O8+(2)M12 classes=144 eligible=false blocks=0 tested=0 integral=0 nonmonomial=0
BLOCK_TABLE index=1213 name=2^2.(2^(1+8)_+:(S3xS3xS3)) classes=182 eligible=false blocks=0 tested=0 integral=0 nonmonomial=0
BLOCK_TABLE index=1214 name=(2^2x3^4).2^3.S4 classes=111 eligible=false blocks=0 tested=0 integral=0 nonmonomial=0
BLOCK_TABLE index=1215 name=(2x2.(A5xA5)):2^2 classes=82 eligible=true blocks=0 tested=0 integral=0 nonmonomial=0
BLOCK_TABLE index=1216 name=2^2.O8+(2)M16 classes=82 eligible=true blocks=0 tested=0 integral=0 nonmonomial=0
BLOCK_TABLE index=1217 name=2^2.O8+(2)M17 classes=82 eligible=true blocks=0 tested=0 integral=0 nonmonomial=0
BLOCK_TABLE index=1218 name=(4^2x2)(2xS4) classes=36 eligible=true blocks=0 tested=0 integral=0 nonmonomial=0
BLOCK_TABLE index=1219 name=(4^2x2)S4 classes=18 eligible=true blocks=0 tested=0 integral=0 nonmonomial=0
BLOCK_TABLE index=1220 name=(4^2x3):S3 classes=18 eligible=true blocks=0 tested=0 integral=0 nonmonomial=0
BLOCK_TABLE index=1221 name=(7:3x3):2 classes=12 eligible=true blocks=0 tested=0 integral=0 nonmonomial=0
BLOCK_TABLE index=1222 name=(7xL2(7)):2 classes=27 eligible=true blocks=0 tested=0 integral=0 nonmonomial=0
BLOCK_TABLE index=1223 name=(9x3).S3 classes=13 eligible=true blocks=0 tested=0 integral=0 nonmonomial=0
BLOCK_TABLE index=1224 name=(A5xA5):2^2 classes=25 eligible=true blocks=0 tested=0 integral=0 nonmonomial=0
BLOCK_TABLE index=1225 name=S4(4).2M7 classes=25 eligible=true blocks=0 tested=0 integral=0 nonmonomial=0
BLOCK_TABLE index=1226 name=O8+(2)M16 classes=25 eligible=true blocks=0 tested=0 integral=0 nonmonomial=0
BLOCK_TABLE index=1227 name=O8+(2)M17 classes=25 eligible=true blocks=0 tested=0 integral=0 nonmonomial=0
BLOCK_TABLE index=1228 name=2.O8+(2)M3 classes=43 eligible=true blocks=0 tested=0 integral=0 nonmonomial=0
BLOCK_TABLE index=1229 name=2.O8+(2)M6 classes=55 eligible=true blocks=1 tested=20 integral=0 nonmonomial=0
BLOCK_TABLE index=1230 name=2xA9 classes=36 eligible=true blocks=0 tested=0 integral=0 nonmonomial=0
BLOCK_TABLE index=1231 name=2.O8+(2)M9 classes=30 eligible=true blocks=0 tested=0 integral=0 nonmonomial=0
BLOCK_TABLE index=1232 name=2x(3xU4(2)):2 classes=90 eligible=true blocks=0 tested=0 integral=0 nonmonomial=0
BLOCK_TABLE index=1233 name=(3x2.U4(2)):2 classes=72 eligible=true blocks=0 tested=0 integral=0 nonmonomial=0
BLOCK_TABLE index=1234 name=2.O8+(2)M12 classes=72 eligible=true blocks=0 tested=0 integral=0 nonmonomial=0
BLOCK_TABLE index=1235 name=2.2^(1+8)_+:(S3xS3xS3) classes=122 eligible=false blocks=0 tested=0 integral=0 nonmonomial=0
BLOCK_TABLE index=1236 name=(2x3^4:2^3).S4 classes=63 eligible=true blocks=0 tested=0 integral=0 nonmonomial=0
BLOCK_TABLE index=1237 name=(A5xA5).(2x4) classes=50 eligible=true blocks=0 tested=0 integral=0 nonmonomial=0
BLOCK_TABLE index=1238 name=2.(A5xA5).2^2 classes=41 eligible=true blocks=0 tested=0 integral=0 nonmonomial=0
BLOCK_TABLE index=1239 name=2.O8+(2)M17 classes=41 eligible=true blocks=0 tested=0 integral=0 nonmonomial=0
BLOCK_TABLE index=1240 name=(A8xA4):2 classes=58 eligible=true blocks=0 tested=0 integral=0 nonmonomial=0
BLOCK_TABLE index=1241 name=(A7xA5):2 classes=54 eligible=true blocks=0 tested=0 integral=0 nonmonomial=0
BLOCK_TABLE index=1242 name=(S3xS3xA5):2 classes=36 eligible=true blocks=2 tested=192 integral=0 nonmonomial=0
BLOCK_TABLE index=1243 name=2^{3+6}:(L3(2)x3) classes=47 eligible=true blocks=0 tested=0 integral=0 nonmonomial=0
BLOCK_TABLE index=1244 name=2^{1+8}_+:(S3xA5) classes=54 eligible=true blocks=1 tested=4 integral=0 nonmonomial=0
BLOCK_TABLE index=1245 name=10^2:S3 classes=33 eligible=true blocks=0 tested=0 integral=0 nonmonomial=0
BLOCK_TABLE index=1246 name=11^(1+2)+:40 classes=47 eligible=true blocks=0 tested=0 integral=0 nonmonomial=0
BLOCK_TABLE index=1247 name=11^2:(5x2L2(11).2) classes=131 eligible=false blocks=0 tested=0 integral=0 nonmonomial=0
BLOCK_TABLE index=1248 name=11^2:60 classes=62 eligible=true blocks=0 tested=0 integral=0 nonmonomial=0
BLOCK_TABLE index=1249 name=2(A4xA4).4.2 classes=26 eligible=true blocks=1 tested=96 integral=0 nonmonomial=0
BLOCK_TABLE index=1250 name=2(A4xA4).4.2^2 classes=46 eligible=true blocks=0 tested=0 integral=0 nonmonomial=0
BLOCK_TABLE index=1251 name=2(L2(11)x2).2 classes=48 eligible=true blocks=0 tested=0 integral=0 nonmonomial=0
BLOCK_TABLE index=1252 name=2(L2(7)x4).2 classes=64 eligible=true blocks=0 tested=0 integral=0 nonmonomial=0
BLOCK_TABLE index=1253 name=2.(2.(A4xA4).2.2) classes=34 eligible=true blocks=0 tested=0 integral=0 nonmonomial=0
BLOCK_TABLE index=1254 name=2.(2^5:S6) classes=44 eligible=true blocks=2 tested=97 integral=0 nonmonomial=0
BLOCK_TABLE index=1255 name=2x3^(1+2)_+:2S4 classes=36 eligible=true blocks=0 tested=0 integral=0 nonmonomial=0
BLOCK_TABLE index=1256 name=2.(3^3:(S4x2)) classes=34 eligible=true blocks=0 tested=0 integral=0 nonmonomial=0
BLOCK_TABLE index=1257 name=2.(S3xS6) classes=45 eligible=true blocks=1 tested=20 integral=0 nonmonomial=0
BLOCK_TABLE index=1258 name=2.(S6x2) classes=28 eligible=true blocks=1 tested=20 integral=0 nonmonomial=0
BLOCK_TABLE index=1259 name=2.2^6.L3(2) classes=30 eligible=true blocks=0 tested=0 integral=0 nonmonomial=0
BLOCK_TABLE index=1260 name=D108 classes=30 eligible=true blocks=0 tested=0 integral=0 nonmonomial=0
BLOCK_TABLE index=1261 name=D112 classes=31 eligible=true blocks=0 tested=0 integral=0 nonmonomial=0
BLOCK_TABLE index=1262 name=2^(1+4)+.(S3xS3) classes=22 eligible=true blocks=0 tested=0 integral=0 nonmonomial=0
BLOCK_TABLE index=1263 name=2^(1+8)+:L2(8) classes=38 eligible=true blocks=0 tested=0 integral=0 nonmonomial=0
BLOCK_TABLE index=1264 name=2^(2+4):(3xD10) classes=18 eligible=true blocks=0 tested=0 integral=0 nonmonomial=0
BLOCK_TABLE index=1265 name=2^(2+4):15 classes=21 eligible=true blocks=0 tested=0 integral=0 nonmonomial=0
BLOCK_TABLE index=1266 name=2^(3+6):21 classes=27 eligible=true blocks=0 tested=0 integral=0 nonmonomial=0
BLOCK_TABLE index=1267 name=2^2.(3^2:2A4) classes=16 eligible=true blocks=0 tested=0 integral=0 nonmonomial=0
BLOCK_TABLE index=1268 name=2^2.(3^2:Q8) classes=24 eligible=true blocks=0 tested=0 integral=0 nonmonomial=0
BLOCK_TABLE index=1269 name=2^2.(3^2:Q8.2) classes=24 eligible=true blocks=0 tested=0 integral=0 nonmonomial=0
BLOCK_TABLE index=1270 name=7:3xS4 classes=25 eligible=true blocks=0 tested=0 integral=0 nonmonomial=0
BLOCK_TABLE index=1271 name=D8xL3(2) classes=30 eligible=true blocks=0 tested=0 integral=0 nonmonomial=0
BLOCK_TABLE index=1272 name=2^2.[2^6].(S3xS3) classes=54 eligible=true blocks=0 tested=0 integral=0 nonmonomial=0
BLOCK_TABLE index=1273 name=2^2.S6 classes=29 eligible=true blocks=0 tested=0 integral=0 nonmonomial=0
BLOCK_TABLE index=1274 name=2^3.L3(2):2 classes=16 eligible=true blocks=0 tested=0 integral=0 nonmonomial=0
BLOCK_TABLE index=1275 name=2^6:(3xA5) classes=26 eligible=true blocks=0 tested=0 integral=0 nonmonomial=0
BLOCK_TABLE index=1276 name=S4(4)M2 classes=26 eligible=true blocks=0 tested=0 integral=0 nonmonomial=0
BLOCK_TABLE index=1277 name=2^6:(3xA5):2 classes=28 eligible=true blocks=0 tested=0 integral=0 nonmonomial=0
BLOCK_TABLE index=1278 name=S4(4).2M3 classes=28 eligible=true blocks=0 tested=0 integral=0 nonmonomial=0
BLOCK_TABLE index=1279 name=2^6:(7xL2(8)) classes=71 eligible=true blocks=0 tested=0 integral=0 nonmonomial=0
BLOCK_TABLE index=1280 name=2^6:3^3:S4 classes=40 eligible=true blocks=1 tested=4 integral=0 nonmonomial=0
BLOCK_TABLE index=1281 name=2S5.2 classes=18 eligible=true blocks=0 tested=0 integral=0 nonmonomial=0
BLOCK_TABLE index=1282 name=3^(1+2)+.2S4 classes=18 eligible=true blocks=0 tested=0 integral=0 nonmonomial=0
BLOCK_TABLE index=1283 name=3^(1+2)+:2S4 classes=18 eligible=true blocks=0 tested=0 integral=0 nonmonomial=0
BLOCK_TABLE index=1284 name=3^(1+4)+.2^(1+4)-.S3 classes=43 eligible=true blocks=0 tested=0 integral=0 nonmonomial=0
BLOCK_TABLE index=1285 name=3^(1+4)+.4S4 classes=38 eligible=true blocks=0 tested=0 integral=0 nonmonomial=0
BLOCK_TABLE index=1286 name=3^(2+4):80 classes=91 eligible=true blocks=0 tested=0 integral=0 nonmonomial=0
BLOCK_TABLE index=1287 name=3^2.(3x3^(1+2)+):D8 classes=35 eligible=true blocks=1 tested=96 integral=0 nonmonomial=0
BLOCK_TABLE index=1288 name=3^3:S4` classes=17 eligible=true blocks=0 tested=0 integral=0 nonmonomial=0
BLOCK_TABLE index=1289 name=3^4:(2xA6) classes=30 eligible=true blocks=0 tested=0 integral=0 nonmonomial=0
BLOCK_TABLE index=1290 name=3^4:2^3.S4 classes=30 eligible=true blocks=0 tested=0 integral=0 nonmonomial=0
BLOCK_TABLE index=1291 name=3^4:GL2(9) classes=89 eligible=true blocks=0 tested=0 integral=0 nonmonomial=0
BLOCK_TABLE index=1292 name=4(A4xA4).4 classes=38 eligible=true blocks=0 tested=0 integral=0 nonmonomial=0
BLOCK_TABLE index=1293 name=5^(1+2)+:24 classes=31 eligible=true blocks=0 tested=0 integral=0 nonmonomial=0
BLOCK_TABLE index=1294 name=5^(1+2)+:4A5 classes=40 eligible=true blocks=0 tested=0 integral=0 nonmonomial=0
BLOCK_TABLE index=1295 name=5^(1+2)+:8 classes=13 eligible=true blocks=0 tested=0 integral=0 nonmonomial=0
BLOCK_TABLE index=1296 name=5^2:S3 classes=13 eligible=true blocks=0 tested=0 integral=0 nonmonomial=0
BLOCK_TABLE index=1297 name=5^3:(2xA5).2 classes=31 eligible=true blocks=0 tested=0 integral=0 nonmonomial=0
BLOCK_TABLE index=1298 name=5^3:62 classes=64 eligible=true blocks=0 tested=0 integral=0 nonmonomial=0
BLOCK_TABLE index=1299 name=6^2:D12 classes=20 eligible=true blocks=0 tested=0 integral=0 nonmonomial=0
BLOCK_TABLE index=1300 name=6^2:S3 classes=19 eligible=true blocks=0 tested=0 integral=0 nonmonomial=0
BLOCK_TABLE index=1301 name=7^(1+2):48 classes=57 eligible=true blocks=0 tested=0 integral=0 nonmonomial=0
BLOCK_TABLE index=1302 name=7^2:2A4 classes=17 eligible=true blocks=0 tested=0 integral=0 nonmonomial=0
BLOCK_TABLE index=1303 name=7^2:S3 classes=20 eligible=true blocks=0 tested=0 integral=0 nonmonomial=0
BLOCK_TABLE index=1304 name=8^2:S3 classes=24 eligible=true blocks=0 tested=0 integral=0 nonmonomial=0
BLOCK_TABLE index=1305 name=2^(1+8)_+:U4(2) classes=69 eligible=true blocks=1 tested=4 integral=0 nonmonomial=0
BLOCK_TABLE index=1306 name=U6(2)M5 classes=34 eligible=true blocks=0 tested=0 integral=0 nonmonomial=0
BLOCK_TABLE index=1307 name=U6(2)M6 classes=34 eligible=true blocks=0 tested=0 integral=0 nonmonomial=0
BLOCK_TABLE index=1308 name=U6(2)M9 classes=30 eligible=true blocks=0 tested=0 integral=0 nonmonomial=0
BLOCK_TABLE index=1309 name=U6(2)M10 classes=30 eligible=true blocks=0 tested=0 integral=0 nonmonomial=0
BLOCK_TABLE index=1310 name=U6(2)M12 classes=12 eligible=true blocks=0 tested=0 integral=0 nonmonomial=0
BLOCK_TABLE index=1311 name=U6(2)M13 classes=12 eligible=true blocks=0 tested=0 integral=0 nonmonomial=0
BLOCK_TABLE index=1312 name=3^(1+4).2^(1+1+2+2).S3 classes=46 eligible=true blocks=1 tested=1 integral=0 nonmonomial=0
BLOCK_TABLE index=1313 name=2.2^(1+8)_+:U4(2) classes=113 eligible=false blocks=0 tested=0 integral=0 nonmonomial=0
BLOCK_TABLE index=1314 name=2.U6(2)M6 classes=63 eligible=true blocks=0 tested=0 integral=0 nonmonomial=0
BLOCK_TABLE index=1315 name=2.2^(4+8):(S3xA5) classes=111 eligible=false blocks=0 tested=0 integral=0 nonmonomial=0
BLOCK_TABLE index=1316 name=2.U6(2)M9 classes=60 eligible=true blocks=0 tested=0 integral=0 nonmonomial=0
BLOCK_TABLE index=1317 name=2.U6(2)M10 classes=60 eligible=true blocks=0 tested=0 integral=0 nonmonomial=0
BLOCK_TABLE index=1318 name=2xM22 classes=24 eligible=true blocks=0 tested=0 integral=0 nonmonomial=0
BLOCK_TABLE index=1319 name=2.U6(2)M13 classes=23 eligible=true blocks=0 tested=0 integral=0 nonmonomial=0
BLOCK_TABLE index=1320 name=2xS3xU4(2) classes=120 eligible=false blocks=0 tested=0 integral=0 nonmonomial=0
BLOCK_TABLE index=1321 name=2.(3^(1+4).[2^7.3]) classes=80 eligible=true blocks=2 tested=8 integral=0 nonmonomial=0
BLOCK_TABLE index=1322 name=3x2^(1+8)_+:U4(2) classes=207 eligible=false blocks=0 tested=0 integral=0 nonmonomial=0
BLOCK_TABLE index=1323 name=3.U6(2)M5 classes=92 eligible=true blocks=0 tested=0 integral=0 nonmonomial=0
BLOCK_TABLE index=1324 name=3.U6(2)M6 classes=92 eligible=true blocks=0 tested=0 integral=0 nonmonomial=0
BLOCK_TABLE index=1325 name=3x2^(4+8):(S3xA5) classes=204 eligible=false blocks=0 tested=0 integral=0 nonmonomial=0
BLOCK_TABLE index=1326 name=3xS6(2) classes=90 eligible=true blocks=0 tested=0 integral=0 nonmonomial=0
BLOCK_TABLE index=1327 name=3.U6(2)M9 classes=90 eligible=true blocks=0 tested=0 integral=0 nonmonomial=0
BLOCK_TABLE index=1328 name=3.U6(2)M10 classes=90 eligible=true blocks=0 tested=0 integral=0 nonmonomial=0
BLOCK_TABLE index=1329 name=3.U6(2)M12 classes=34 eligible=true blocks=0 tested=0 integral=0 nonmonomial=0
BLOCK_TABLE index=1330 name=3.U6(2)M13 classes=34 eligible=true blocks=0 tested=0 integral=0 nonmonomial=0
BLOCK_TABLE index=1331 name=3xS3xU4(2) classes=180 eligible=false blocks=0 tested=0 integral=0 nonmonomial=0
BLOCK_TABLE index=1332 name=3.(3^(1+4).[2^7.3]) classes=132 eligible=false blocks=0 tested=0 integral=0 nonmonomial=0
BLOCK_TABLE index=1333 name=3x2.2^(1+8)_+:U4(2) classes=339 eligible=false blocks=0 tested=0 integral=0 nonmonomial=0
BLOCK_TABLE index=1334 name=6.U6(2)M6 classes=169 eligible=false blocks=0 tested=0 integral=0 nonmonomial=0
BLOCK_TABLE index=1335 name=3x2.2^(4+8):(S3xA5) classes=333 eligible=false blocks=0 tested=0 integral=0 nonmonomial=0
BLOCK_TABLE index=1336 name=6xS6(2) classes=180 eligible=false blocks=0 tested=0 integral=0 nonmonomial=0
BLOCK_TABLE index=1337 name=6.U6(2)M9 classes=180 eligible=false blocks=0 tested=0 integral=0 nonmonomial=0
BLOCK_TABLE index=1338 name=6.U6(2)M10 classes=180 eligible=false blocks=0 tested=0 integral=0 nonmonomial=0
BLOCK_TABLE index=1339 name=2x3.M22 classes=68 eligible=true blocks=0 tested=0 integral=0 nonmonomial=0
BLOCK_TABLE index=1340 name=6.U6(2)M13 classes=65 eligible=true blocks=0 tested=0 integral=0 nonmonomial=0
BLOCK_TABLE index=1341 name=6xS3xU4(2) classes=360 eligible=false blocks=0 tested=0 integral=0 nonmonomial=0
BLOCK_TABLE index=1342 name=6.(3^(1+4).[2^7.3]) classes=228 eligible=false blocks=0 tested=0 integral=0 nonmonomial=0
BLOCK_TABLE index=1343 name=2^2xU5(2) classes=188 eligible=false blocks=0 tested=0 integral=0 nonmonomial=0
BLOCK_TABLE index=1344 name=2^2.2^(1+8)_+:U4(2) classes=201 eligible=false blocks=0 tested=0 integral=0 nonmonomial=0
BLOCK_TABLE index=1345 name=2^2.U6(2)M5 classes=126 eligible=false blocks=0 tested=0 integral=0 nonmonomial=0
BLOCK_TABLE index=1346 name=2^2.U6(2)M6 classes=126 eligible=false blocks=0 tested=0 integral=0 nonmonomial=0
BLOCK_TABLE index=1347 name=2^2.2^(4+8):(S3xA5) classes=197 eligible=false blocks=0 tested=0 integral=0 nonmonomial=0
BLOCK_TABLE index=1348 name=2^2xS6(2) classes=120 eligible=false blocks=0 tested=0 integral=0 nonmonomial=0
BLOCK_TABLE index=1349 name=2^2.U6(2)M9 classes=120 eligible=false blocks=0 tested=0 integral=0 nonmonomial=0
BLOCK_TABLE index=1350 name=2^2.U6(2)M10 classes=120 eligible=false blocks=0 tested=0 integral=0 nonmonomial=0
BLOCK_TABLE index=1351 name=2x2.M22 classes=46 eligible=true blocks=0 tested=0 integral=0 nonmonomial=0
BLOCK_TABLE index=1352 name=2^2.U6(2)M12 classes=46 eligible=true blocks=0 tested=0 integral=0 nonmonomial=0
BLOCK_TABLE index=1353 name=2^2.U6(2)M13 classes=46 eligible=true blocks=0 tested=0 integral=0 nonmonomial=0
BLOCK_TABLE index=1354 name=2^2xS3xU4(2) classes=240 eligible=false blocks=0 tested=0 integral=0 nonmonomial=0
BLOCK_TABLE index=1355 name=2^2x3xU5(2) classes=564 eligible=false blocks=0 tested=0 integral=0 nonmonomial=0
BLOCK_TABLE index=1356 name=3x2^2.2^(1+8)_+:U4(2) classes=603 eligible=false blocks=0 tested=0 integral=0 nonmonomial=0
BLOCK_TABLE index=1357 name=2x6_1.U4(3).2_2 classes=338 eligible=false blocks=0 tested=0 integral=0 nonmonomial=0
BLOCK_TABLE index=1358 name=(2^2x3).U6(2)M5 classes=338 eligible=false blocks=0 tested=0 integral=0 nonmonomial=0
BLOCK_TABLE index=1359 name=(2^2x3).U6(2)M6 classes=338 eligible=false blocks=0 tested=0 integral=0 nonmonomial=0
BLOCK_TABLE index=1360 name=3x2^2.2^(4+8):(S3xA5) classes=591 eligible=false blocks=0 tested=0 integral=0 nonmonomial=0
BLOCK_TABLE index=1361 name=2^2x3xS6(2) classes=360 eligible=false blocks=0 tested=0 integral=0 nonmonomial=0
BLOCK_TABLE index=1362 name=(2^2x3).U6(2)M9 classes=360 eligible=false blocks=0 tested=0 integral=0 nonmonomial=0
BLOCK_TABLE index=1363 name=(2^2x3).U6(2)M10 classes=360 eligible=false blocks=0 tested=0 integral=0 nonmonomial=0
BLOCK_TABLE index=1364 name=2x6.M22 classes=130 eligible=false blocks=0 tested=0 integral=0 nonmonomial=0
BLOCK_TABLE index=1365 name=(2^2x3).U6(2)M12 classes=130 eligible=false blocks=0 tested=0 integral=0 nonmonomial=0
BLOCK_TABLE index=1366 name=(2^2x3).U6(2)M13 classes=130 eligible=false blocks=0 tested=0 integral=0 nonmonomial=0
BLOCK_TABLE index=1367 name=2^2x3xS3xU4(2) classes=720 eligible=false blocks=0 tested=0 integral=0 nonmonomial=0
BLOCK_TABLE index=1368 name=(2^2x3).(3^(1+4).[2^7.3]) classes=420 eligible=false blocks=0 tested=0 integral=0 nonmonomial=0
BLOCK_TABLE index=1369 name=3^5:U4(2):2 classes=76 eligible=true blocks=0 tested=0 integral=0 nonmonomial=0
BLOCK_TABLE index=1370 name=O7(3)M5 classes=23 eligible=true blocks=0 tested=0 integral=0 nonmonomial=0
BLOCK_TABLE index=1371 name=3^(3+3):L3(3) classes=46 eligible=true blocks=0 tested=0 integral=0 nonmonomial=0
BLOCK_TABLE index=1372 name=3^(3+3)b:L3(3) classes=46 eligible=true blocks=0 tested=0 integral=0 nonmonomial=0
BLOCK_TABLE index=1373 name=O7(3)M8 classes=30 eligible=true blocks=0 tested=0 integral=0 nonmonomial=0
BLOCK_TABLE index=1374 name=O7(3)M11 classes=30 eligible=true blocks=0 tested=0 integral=0 nonmonomial=0
BLOCK_TABLE index=1375 name=(2^2xU4(2)):2 classes=70 eligible=true blocks=2 tested=100 integral=0 nonmonomial=0
BLOCK_TABLE index=1376 name=(A4x2(A4xA4).2).2 classes=73 eligible=true blocks=0 tested=0 integral=0 nonmonomial=0
BLOCK_TABLE index=1377 name=(2x3^5).U4(2).2 classes=119 eligible=false blocks=0 tested=0 integral=0 nonmonomial=0
BLOCK_TABLE index=1378 name=2xG2(3) classes=46 eligible=true blocks=0 tested=0 integral=0 nonmonomial=0
BLOCK_TABLE index=1379 name=2.O7(3)M5 classes=46 eligible=true blocks=0 tested=0 integral=0 nonmonomial=0
BLOCK_TABLE index=1380 name=2x3^(3+3):L3(3) classes=92 eligible=true blocks=0 tested=0 integral=0 nonmonomial=0
BLOCK_TABLE index=1381 name=2x3^(3+3)b:L3(3) classes=92 eligible=true blocks=0 tested=0 integral=0 nonmonomial=0
BLOCK_TABLE index=1382 name=2.O7(3)M8 classes=43 eligible=true blocks=0 tested=0 integral=0 nonmonomial=0
BLOCK_TABLE index=1383 name=2.O7(3)M9 classes=141 eligible=false blocks=0 tested=0 integral=0 nonmonomial=0
BLOCK_TABLE index=1384 name=2.O7(3)M11 classes=42 eligible=true blocks=0 tested=0 integral=0 nonmonomial=0
BLOCK_TABLE index=1385 name=2.(2^2xU4(2)).2 classes=83 eligible=true blocks=2 tested=204 integral=0 nonmonomial=0
BLOCK_TABLE index=1386 name=2^(1+6)_+:A7 classes=41 eligible=true blocks=0 tested=0 integral=0 nonmonomial=0
BLOCK_TABLE index=1387 name=2.(S6xS4) classes=67 eligible=true blocks=1 tested=4 integral=0 nonmonomial=0
BLOCK_TABLE index=1388 name=2.(A4x2(A4xA4).2).2 classes=94 eligible=true blocks=0 tested=0 integral=0 nonmonomial=0
BLOCK_TABLE index=1389 name=3.3^5:U4(2):2 classes=140 eligible=false blocks=0 tested=0 integral=0 nonmonomial=0
BLOCK_TABLE index=1390 name=3xL4(3).2_2 classes=147 eligible=false blocks=0 tested=0 integral=0 nonmonomial=0
BLOCK_TABLE index=1391 name=3.O7(3)M5 classes=45 eligible=true blocks=0 tested=0 integral=0 nonmonomial=0
BLOCK_TABLE index=1392 name=3.(3^(3+3):L3(3)) classes=70 eligible=true blocks=0 tested=0 integral=0 nonmonomial=0
BLOCK_TABLE index=1393 name=3.O7(3)M8 classes=90 eligible=true blocks=0 tested=0 integral=0 nonmonomial=0
BLOCK_TABLE index=1394 name=3.O7(3)M9 classes=148 eligible=false blocks=0 tested=0 integral=0 nonmonomial=0
BLOCK_TABLE index=1395 name=3xS9 classes=90 eligible=true blocks=0 tested=0 integral=0 nonmonomial=0
BLOCK_TABLE index=1396 name=3.O7(3)M11 classes=90 eligible=true blocks=0 tested=0 integral=0 nonmonomial=0
BLOCK_TABLE index=1397 name=3x(2^2xU4(2)):2 classes=210 eligible=false blocks=0 tested=0 integral=0 nonmonomial=0
BLOCK_TABLE index=1398 name=2^6:3A7 classes=80 eligible=true blocks=0 tested=0 integral=0 nonmonomial=0
BLOCK_TABLE index=1399 name=3xS6xS4 classes=165 eligible=false blocks=0 tested=0 integral=0 nonmonomial=0
BLOCK_TABLE index=1400 name=3.(A4x2(A4xA4).2).2 classes=163 eligible=false blocks=0 tested=0 integral=0 nonmonomial=0
BLOCK_TABLE index=1401 name=6.(3^5:U4(2):2) classes=205 eligible=false blocks=0 tested=0 integral=0 nonmonomial=0
BLOCK_TABLE index=1402 name=3x2.L4(3).2_2 classes=207 eligible=false blocks=0 tested=0 integral=0 nonmonomial=0
BLOCK_TABLE index=1403 name=2x3.G2(3) classes=90 eligible=true blocks=0 tested=0 integral=0 nonmonomial=0
BLOCK_TABLE index=1404 name=6.O7(3)M5 classes=90 eligible=true blocks=0 tested=0 integral=0 nonmonomial=0
BLOCK_TABLE index=1405 name=2x3.(3^(3+3):L3(3)) classes=140 eligible=false blocks=0 tested=0 integral=0 nonmonomial=0
BLOCK_TABLE index=1406 name=3x2.S6(2) classes=129 eligible=false blocks=0 tested=0 integral=0 nonmonomial=0
BLOCK_TABLE index=1407 name=6.O7(3)M8 classes=129 eligible=false blocks=0 tested=0 integral=0 nonmonomial=0
BLOCK_TABLE index=1408 name=6.O7(3)M9 classes=227 eligible=false blocks=0 tested=0 integral=0 nonmonomial=0
BLOCK_TABLE index=1409 name=3xIsoclinic(2.A9.2) classes=126 eligible=false blocks=0 tested=0 integral=0 nonmonomial=0
BLOCK_TABLE index=1410 name=6.O7(3)M11 classes=126 eligible=false blocks=0 tested=0 integral=0 nonmonomial=0
BLOCK_TABLE index=1411 name=3x2.(2^2xU4(2)).2 classes=249 eligible=false blocks=0 tested=0 integral=0 nonmonomial=0
BLOCK_TABLE index=1412 name=2^(1+6)_+:3A7 classes=103 eligible=false blocks=0 tested=0 integral=0 nonmonomial=0
BLOCK_TABLE index=1413 name=3x2.(S6xS4) classes=201 eligible=false blocks=0 tested=0 integral=0 nonmonomial=0
BLOCK_TABLE index=1414 name=6.(A4x2(A4xA4).2).2 classes=194 eligible=false blocks=0 tested=0 integral=0 nonmonomial=0
BLOCK_TABLE index=1415 name=3^6:(L4(3)x2) classes=144 eligible=false blocks=0 tested=0 integral=0 nonmonomial=0
BLOCK_TABLE index=1416 name=L4(3)x2 classes=58 eligible=true blocks=0 tested=0 integral=0 nonmonomial=0
BLOCK_TABLE index=1417 name=3^6:2U4(3).2_1 classes=146 eligible=false blocks=0 tested=0 integral=0 nonmonomial=0
BLOCK_TABLE index=1418 name=2^8:O8+(2):2 classes=191 eligible=false blocks=0 tested=0 integral=0 nonmonomial=0
BLOCK_TABLE index=1419 name=2^8:O8-(2):2 classes=185 eligible=false blocks=0 tested=0 integral=0 nonmonomial=0
BLOCK_TABLE index=1420 name=3xU3(3).2 classes=48 eligible=true blocks=0 tested=0 integral=0 nonmonomial=0
BLOCK_TABLE index=1421 name=3.G2(3)M2 classes=48 eligible=true blocks=0 tested=0 integral=0 nonmonomial=0
BLOCK_TABLE index=1422 name=3.(3^(1+2)+x3^2):2S4 classes=45 eligible=true blocks=0 tested=0 integral=0 nonmonomial=0
BLOCK_TABLE index=1423 name=3.G2(3)M4 classes=45 eligible=true blocks=0 tested=0 integral=0 nonmonomial=0
BLOCK_TABLE index=1424 name=3.G2(3)M6 classes=45 eligible=true blocks=0 tested=0 integral=0 nonmonomial=0
BLOCK_TABLE index=1425 name=3xL2(8).3 classes=33 eligible=true blocks=0 tested=0 integral=0 nonmonomial=0
BLOCK_TABLE index=1426 name=3x2^3.L3(2) classes=33 eligible=true blocks=0 tested=0 integral=0 nonmonomial=0
BLOCK_TABLE index=1427 name=3xL2(13) classes=27 eligible=true blocks=0 tested=0 integral=0 nonmonomial=0
BLOCK_TABLE index=1428 name=3.2^(1+4)+:3^2.2 classes=44 eligible=true blocks=0 tested=0 integral=0 nonmonomial=0
BLOCK_TABLE index=1429 name=2.2^(4+6).(A5x3) classes=65 eligible=true blocks=0 tested=0 integral=0 nonmonomial=0
BLOCK_TABLE index=1430 name=Isoclinic(2xU3(4).2) classes=40 eligible=true blocks=0 tested=0 integral=0 nonmonomial=0
BLOCK_TABLE index=1431 name=Isoclinic(2xU3(3).2) classes=32 eligible=true blocks=0 tested=0 integral=0 nonmonomial=0
BLOCK_TABLE index=1432 name=2.A5xA5 classes=45 eligible=true blocks=0 tested=0 integral=0 nonmonomial=0
BLOCK_TABLE index=1433 name=U3(5)M2 classes=9 eligible=true blocks=0 tested=0 integral=0 nonmonomial=0
BLOCK_TABLE index=1434 name=U3(5)M3 classes=9 eligible=true blocks=0 tested=0 integral=0 nonmonomial=0
BLOCK_TABLE index=1435 name=U3(5)M6 classes=8 eligible=true blocks=0 tested=0 integral=0 nonmonomial=0
BLOCK_TABLE index=1436 name=U3(5)M7 classes=8 eligible=true blocks=0 tested=0 integral=0 nonmonomial=0
BLOCK_TABLE index=1437 name=3.U3(5)M2 classes=23 eligible=true blocks=0 tested=0 integral=0 nonmonomial=0
BLOCK_TABLE index=1438 name=3.U3(5)M3 classes=23 eligible=true blocks=0 tested=0 integral=0 nonmonomial=0
BLOCK_TABLE index=1439 name=3x5^(1+2)_+:8 classes=39 eligible=true blocks=0 tested=0 integral=0 nonmonomial=0
BLOCK_TABLE index=1440 name=3.U3(5)M6 classes=22 eligible=true blocks=0 tested=0 integral=0 nonmonomial=0
BLOCK_TABLE index=1441 name=3.U3(5)M7 classes=22 eligible=true blocks=0 tested=0 integral=0 nonmonomial=0
BLOCK_TABLE index=1442 name=2.2^(3+3):7 classes=17 eligible=true blocks=0 tested=0 integral=0 nonmonomial=0
BLOCK_TABLE index=1443 name=2x13:4 classes=14 eligible=true blocks=0 tested=0 integral=0 nonmonomial=0
BLOCK_TABLE index=1444 name=2^2.2^(3+3):7 classes=31 eligible=true blocks=0 tested=0 integral=0 nonmonomial=0
BLOCK_TABLE index=1445 name=2^2x13:4 classes=28 eligible=true blocks=0 tested=0 integral=0 nonmonomial=0
BLOCK_TABLE index=1446 name=2^2xD14 classes=20 eligible=true blocks=0 tested=0 integral=0 nonmonomial=0
BLOCK_TABLE index=1447 name=L3(7)M2 classes=21 eligible=true blocks=0 tested=0 integral=0 nonmonomial=0
BLOCK_TABLE index=1448 name=L3(7)M4 classes=9 eligible=true blocks=0 tested=0 integral=0 nonmonomial=0
BLOCK_TABLE index=1449 name=L3(7)M5 classes=9 eligible=true blocks=0 tested=0 integral=0 nonmonomial=0
BLOCK_TABLE index=1450 name=3x7^2:2.L2(7).2 classes=63 eligible=true blocks=0 tested=0 integral=0 nonmonomial=0
BLOCK_TABLE index=1451 name=3.L3(7)M2 classes=63 eligible=true blocks=0 tested=0 integral=0 nonmonomial=0
BLOCK_TABLE index=1452 name=3xL3(2).2 classes=27 eligible=true blocks=0 tested=0 integral=0 nonmonomial=0
BLOCK_TABLE index=1453 name=3.L3(7)M4 classes=27 eligible=true blocks=0 tested=0 integral=0 nonmonomial=0
BLOCK_TABLE index=1454 name=3.L3(7)M5 classes=27 eligible=true blocks=0 tested=0 integral=0 nonmonomial=0
BLOCK_TABLE index=1455 name=3x19:3 classes=27 eligible=true blocks=0 tested=0 integral=0 nonmonomial=0
BLOCK_TABLE index=1456 name=2.(A6xA6).2^2 classes=67 eligible=true blocks=1 tested=4 integral=0 nonmonomial=0
BLOCK_TABLE index=1457 name=2.(A8xA4).2 classes=76 eligible=true blocks=0 tested=0 integral=0 nonmonomial=0
BLOCK_TABLE index=1458 name=2.(A7xA5).2 classes=77 eligible=true blocks=0 tested=0 integral=0 nonmonomial=0
BLOCK_TABLE index=1459 name=2.2^5.S6 classes=43 eligible=true blocks=1 tested=96 integral=0 nonmonomial=0
BLOCK_TABLE index=1460 name=2^(1+6)_-.3^3.S4 classes=52 eligible=true blocks=1 tested=4 integral=0 nonmonomial=0
BLOCK_TABLE index=1461 name=2.3^4.2^3.S4 classes=51 eligible=true blocks=0 tested=0 integral=0 nonmonomial=0
BLOCK_TABLE index=1462 name=2.(2^4:A5) classes=17 eligible=true blocks=0 tested=0 integral=0 nonmonomial=0
BLOCK_TABLE index=1463 name=2x3^(1+2)+:2A4 classes=48 eligible=true blocks=0 tested=0 integral=0 nonmonomial=0
BLOCK_TABLE index=1464 name=(2x3^3).S4` classes=29 eligible=true blocks=0 tested=0 integral=0 nonmonomial=0
BLOCK_TABLE index=1465 name=2.(2.(A4xA4).2) classes=35 eligible=true blocks=0 tested=0 integral=0 nonmonomial=0
BLOCK_TABLE index=1466 name=3xF4(2) classes=285 eligible=false blocks=0 tested=0 integral=0 nonmonomial=0
BLOCK_TABLE index=1467 name=3.2E6(2)M4 classes=285 eligible=false blocks=0 tested=0 integral=0 nonmonomial=0
BLOCK_TABLE index=1468 name=3.2E6(2)M5 classes=285 eligible=false blocks=0 tested=0 integral=0 nonmonomial=0
BLOCK_TABLE index=1469 name=3.2E6(2)M8 classes=165 eligible=false blocks=0 tested=0 integral=0 nonmonomial=0
BLOCK_TABLE index=1470 name=3.2E6(2)M9 classes=165 eligible=false blocks=0 tested=0 integral=0 nonmonomial=0
BLOCK_TABLE index=1471 name=6xF4(2) classes=570 eligible=false blocks=0 tested=0 integral=0 nonmonomial=0
BLOCK_TABLE index=1472 name=3x2.F4(2) classes=510 eligible=false blocks=0 tested=0 integral=0 nonmonomial=0
BLOCK_TABLE index=1473 name=6.2E6(2)M5 classes=510 eligible=false blocks=0 tested=0 integral=0 nonmonomial=0
BLOCK_TABLE index=1474 name=6x2.F4(2) classes=1020 eligible=false blocks=0 tested=0 integral=0 nonmonomial=0
BLOCK_TABLE index=1475 name=(2^2x3).2E6(2)M4 classes=1020 eligible=false blocks=0 tested=0 integral=0 nonmonomial=0
BLOCK_TABLE index=1476 name=(2^2x3).2E6(2)M5 classes=1020 eligible=false blocks=0 tested=0 integral=0 nonmonomial=0
BLOCK_TABLE index=1477 name=2x3.Fi22 classes=330 eligible=false blocks=0 tested=0 integral=0 nonmonomial=0
BLOCK_TABLE index=1478 name=6.2E6(2)M9 classes=282 eligible=false blocks=0 tested=0 integral=0 nonmonomial=0
BLOCK_TABLE index=1479 name=2x6.Fi22 classes=564 eligible=false blocks=0 tested=0 integral=0 nonmonomial=0
BLOCK_TABLE index=1480 name=(2^2x3).2E6(2)M8 classes=564 eligible=false blocks=0 tested=0 integral=0 nonmonomial=0
BLOCK_TABLE index=1481 name=(2^2x3).2E6(2)M9 classes=564 eligible=false blocks=0 tested=0 integral=0 nonmonomial=0
BLOCK_TABLE index=1482 name=2.D12 classes=9 eligible=true blocks=0 tested=0 integral=0 nonmonomial=0
BLOCK_TABLE index=1483 name=2.D14 classes=10 eligible=true blocks=0 tested=0 integral=0 nonmonomial=0
BLOCK_TABLE index=1484 name=D16 classes=7 eligible=true blocks=0 tested=0 integral=0 nonmonomial=0
BLOCK_TABLE index=1485 name=2.D16 classes=11 eligible=true blocks=0 tested=0 integral=0 nonmonomial=0
BLOCK_TABLE index=1486 name=D18 classes=6 eligible=true blocks=0 tested=0 integral=0 nonmonomial=0
BLOCK_TABLE index=1487 name=2.D18 classes=12 eligible=true blocks=0 tested=0 integral=0 nonmonomial=0
BLOCK_TABLE index=1488 name=2.D20 classes=13 eligible=true blocks=0 tested=0 integral=0 nonmonomial=0
BLOCK_TABLE index=1489 name=D22 classes=7 eligible=true blocks=0 tested=0 integral=0 nonmonomial=0
BLOCK_TABLE index=1490 name=2.D22 classes=14 eligible=true blocks=0 tested=0 integral=0 nonmonomial=0
BLOCK_TABLE index=1491 name=2.D24 classes=15 eligible=true blocks=0 tested=0 integral=0 nonmonomial=0
BLOCK_TABLE index=1492 name=D26 classes=8 eligible=true blocks=0 tested=0 integral=0 nonmonomial=0
BLOCK_TABLE index=1493 name=2.D26 classes=16 eligible=true blocks=0 tested=0 integral=0 nonmonomial=0
BLOCK_TABLE index=1494 name=D28 classes=10 eligible=true blocks=0 tested=0 integral=0 nonmonomial=0
BLOCK_TABLE index=1495 name=2.D28 classes=17 eligible=true blocks=0 tested=0 integral=0 nonmonomial=0
BLOCK_TABLE index=1496 name=D30 classes=9 eligible=true blocks=0 tested=0 integral=0 nonmonomial=0
BLOCK_TABLE index=1497 name=2.D30 classes=18 eligible=true blocks=0 tested=0 integral=0 nonmonomial=0
BLOCK_TABLE index=1498 name=D32 classes=11 eligible=true blocks=0 tested=0 integral=0 nonmonomial=0
BLOCK_TABLE index=1499 name=2.D32 classes=19 eligible=true blocks=0 tested=0 integral=0 nonmonomial=0
BLOCK_TABLE index=1500 name=(2x29).14 classes=32 eligible=true blocks=0 tested=0 integral=0 nonmonomial=0
BLOCK_TABLE index=1501 name=2x31:15 classes=34 eligible=true blocks=0 tested=0 integral=0 nonmonomial=0
BLOCK_TABLE index=1502 name=3^3:13 classes=15 eligible=true blocks=0 tested=0 integral=0 nonmonomial=0
BLOCK_TABLE index=1503 name=2x3^3:13 classes=30 eligible=true blocks=0 tested=0 integral=0 nonmonomial=0
BLOCK_TABLE index=1504 name=5^2:12 classes=14 eligible=true blocks=0 tested=0 integral=0 nonmonomial=0
BLOCK_TABLE index=1505 name=(2x5^2).12 classes=28 eligible=true blocks=0 tested=0 integral=0 nonmonomial=0
BLOCK_TABLE index=1506 name=L2(25)M3 classes=7 eligible=true blocks=0 tested=0 integral=0 nonmonomial=0
BLOCK_TABLE index=1507 name=2.L2(25)M3 classes=12 eligible=true blocks=0 tested=0 integral=0 nonmonomial=0
BLOCK_TABLE index=1508 name=2x23:11 classes=26 eligible=true blocks=0 tested=0 integral=0 nonmonomial=0
BLOCK_TABLE index=1509 name=2x19:9 classes=22 eligible=true blocks=0 tested=0 integral=0 nonmonomial=0
BLOCK_TABLE index=1510 name=(2x17).8 classes=20 eligible=true blocks=0 tested=0 integral=0 nonmonomial=0
BLOCK_TABLE index=1511 name=(2x13).6 classes=16 eligible=true blocks=0 tested=0 integral=0 nonmonomial=0
BLOCK_TABLE index=1512 name=6.A6M3 classes=28 eligible=true blocks=0 tested=0 integral=0 nonmonomial=0
BLOCK_TABLE index=1513 name=6.(A4x3).2 classes=29 eligible=true blocks=0 tested=0 integral=0 nonmonomial=0
BLOCK_TABLE index=1514 name=127:7 classes=25 eligible=true blocks=0 tested=0 integral=0 nonmonomial=0
BLOCK_TABLE index=1515 name=9:6 classes=10 eligible=true blocks=0 tested=0 integral=0 nonmonomial=0
BLOCK_TABLE index=1516 name=2^2.[2^9]:(7xS3) classes=45 eligible=true blocks=0 tested=0 integral=0 nonmonomial=0
BLOCK_TABLE index=1517 name=2^(1+8)_+:L2(8):3 classes=50 eligible=true blocks=1 tested=1 integral=0 nonmonomial=0
BLOCK_TABLE index=1518 name=2^2.[2^9]:(7:3xS3) classes=55 eligible=true blocks=0 tested=0 integral=0 nonmonomial=0
BLOCK_TABLE index=1519 name=3^(1+2)_+.(2S4x3) classes=38 eligible=true blocks=0 tested=0 integral=0 nonmonomial=0
BLOCK_TABLE index=1520 name=3^2:2A4x3 classes=30 eligible=true blocks=0 tested=0 integral=0 nonmonomial=0
BLOCK_TABLE index=1521 name=2x(A4x3):2 classes=18 eligible=true blocks=0 tested=0 integral=0 nonmonomial=0
BLOCK_TABLE index=1522 name=(2^4:S5x3).2 classes=36 eligible=true blocks=0 tested=0 integral=0 nonmonomial=0
BLOCK_TABLE index=1523 name=2^3:L3(2)xS3 classes=33 eligible=true blocks=0 tested=0 integral=0 nonmonomial=0
BLOCK_TABLE index=1524 name=(L2(11)x3).2 classes=21 eligible=true blocks=0 tested=0 integral=0 nonmonomial=0
BLOCK_TABLE index=1525 name=3^5:(M10x2) classes=39 eligible=true blocks=0 tested=0 integral=0 nonmonomial=0
BLOCK_TABLE index=1526 name=(3xL3(4).2_2).2 classes=36 eligible=true blocks=0 tested=0 integral=0 nonmonomial=0
BLOCK_TABLE index=1527 name=M11xS3 classes=30 eligible=true blocks=0 tested=0 integral=0 nonmonomial=0
BLOCK_TABLE index=1528 name=3.2^(2+4):(S3xS3) classes=35 eligible=true blocks=0 tested=0 integral=0 nonmonomial=0
BLOCK_TABLE index=1529 name=3x2(A4xA4).2^2 classes=66 eligible=true blocks=0 tested=0 integral=0 nonmonomial=0
BLOCK_TABLE index=1530 name=3xM22C2A classes=51 eligible=true blocks=0 tested=0 integral=0 nonmonomial=0
BLOCK_TABLE index=1531 name=3xJ1 classes=45 eligible=true blocks=0 tested=0 integral=0 nonmonomial=0
BLOCK_TABLE index=1532 name=3xL2(31) classes=54 eligible=true blocks=0 tested=0 integral=0 nonmonomial=0
BLOCK_TABLE index=1533 name=3xONM8 classes=54 eligible=true blocks=0 tested=0 integral=0 nonmonomial=0
BLOCK_TABLE index=1534 name=3xL3(7).2 classes=78 eligible=true blocks=0 tested=0 integral=0 nonmonomial=0
BLOCK_TABLE index=1535 name=3xONM2 classes=78 eligible=true blocks=0 tested=0 integral=0 nonmonomial=0
BLOCK_TABLE index=1536 name=3x4^3.L3(2) classes=54 eligible=true blocks=0 tested=0 integral=0 nonmonomial=0
BLOCK_TABLE index=1537 name=3xD8 classes=15 eligible=true blocks=0 tested=0 integral=0 nonmonomial=0
BLOCK_TABLE index=1538 name=3x5:8 classes=30 eligible=true blocks=0 tested=0 integral=0 nonmonomial=0
BLOCK_TABLE index=1539 name=(3xL2(16):2).2 classes=33 eligible=true blocks=0 tested=0 integral=0 nonmonomial=0
BLOCK_TABLE index=1540 name=[2^20]:(S3xL3(2)) classes=358 eligible=false blocks=0 tested=0 integral=0 nonmonomial=0
BLOCK_TABLE index=1541 name=2.F4(2)M5 classes=633 eligible=false blocks=0 tested=0 integral=0 nonmonomial=0
BLOCK_TABLE index=1542 name=F4(2)M6 classes=358 eligible=false blocks=0 tested=0 integral=0 nonmonomial=0
BLOCK_TABLE index=1543 name=2.F4(2)M6 classes=633 eligible=false blocks=0 tested=0 integral=0 nonmonomial=0
BLOCK_TABLE index=1544 name=F4(2)M13 classes=61 eligible=true blocks=0 tested=0 integral=0 nonmonomial=0
BLOCK_TABLE index=1545 name=(L3(2)xL3(2)):2 classes=42 eligible=true blocks=0 tested=0 integral=0 nonmonomial=0
BLOCK_TABLE index=1546 name=2^(2+11+22).(M24xS3) classes=674 eligible=false blocks=0 tested=0 integral=0 nonmonomial=0
BLOCK_TABLE index=1547 name=2^[39].(L3(2)x3.S6) classes=1371 eligible=false blocks=0 tested=0 integral=0 nonmonomial=0
BLOCK_TABLE index=1548 name=[2^20]:A6.2^2 classes=331 eligible=false blocks=0 tested=0 integral=0 nonmonomial=0
BLOCK_TABLE index=1549 name=[2^22]:(S3xS3):2 classes=424 eligible=false blocks=0 tested=0 integral=0 nonmonomial=0
BLOCK_TABLE index=1550 name=2F4(2)x2 classes=58 eligible=true blocks=0 tested=0 integral=0 nonmonomial=0
BLOCK_TABLE index=1551 name=(S6wr2).2 classes=73 eligible=true blocks=0 tested=0 integral=0 nonmonomial=0
BLOCK_TABLE index=1552 name=F4(2).2M8 classes=56 eligible=true blocks=2 tested=5 integral=0 nonmonomial=0
BLOCK_TABLE index=1553 name=(L3(2)xL3(2)).4 classes=33 eligible=true blocks=0 tested=0 integral=0 nonmonomial=0
BLOCK_TABLE index=1554 name=2^(5+10+20).(S3xL5(2)) classes=718 eligible=false blocks=0 tested=0 integral=0 nonmonomial=0
BLOCK_TABLE index=1555 name=2^4:s5 classes=12 eligible=true blocks=0 tested=0 integral=0 nonmonomial=0
BLOCK_TABLE index=1556 name=2.M22M5 classes=23 eligible=true blocks=0 tested=0 integral=0 nonmonomial=0
BLOCK_TABLE index=1557 name=2.S4 classes=8 eligible=true blocks=0 tested=0 integral=0 nonmonomial=0
BLOCK_TABLE index=1558 name=23:11 classes=13 eligible=true blocks=0 tested=0 integral=0 nonmonomial=0
BLOCK_TABLE index=1559 name=2^3:sl(3,2) classes=11 eligible=true blocks=0 tested=0 integral=0 nonmonomial=0
BLOCK_TABLE index=1560 name=2^4:(3xA5).2 classes=17 eligible=true blocks=0 tested=0 integral=0 nonmonomial=0
BLOCK_TABLE index=1561 name=2^4:a6 classes=12 eligible=true blocks=0 tested=0 integral=0 nonmonomial=0
BLOCK_TABLE index=1562 name=2.M22M2 classes=23 eligible=true blocks=0 tested=0 integral=0 nonmonomial=0
BLOCK_TABLE index=1563 name=3.M22M2 classes=32 eligible=true blocks=0 tested=0 integral=0 nonmonomial=0
BLOCK_TABLE index=1564 name=4.M22M2 classes=35 eligible=true blocks=0 tested=0 integral=0 nonmonomial=0
BLOCK_TABLE index=1565 name=6.M22M2 classes=61 eligible=true blocks=0 tested=0 integral=0 nonmonomial=0
BLOCK_TABLE index=1566 name=12.M22M2 classes=89 eligible=true blocks=0 tested=0 integral=0 nonmonomial=0
BLOCK_TABLE index=1567 name=2^4:3.S6 classes=31 eligible=true blocks=0 tested=0 integral=0 nonmonomial=0
BLOCK_TABLE index=1568 name=2^4:a7 classes=15 eligible=true blocks=0 tested=0 integral=0 nonmonomial=0
BLOCK_TABLE index=1569 name=3.2^4:a7 classes=41 eligible=true blocks=0 tested=0 integral=0 nonmonomial=0
BLOCK_TABLE index=1570 name=3.McLM10 classes=41 eligible=true blocks=0 tested=0 integral=0 nonmonomial=0
BLOCK_TABLE index=1571 name=2xA7 classes=18 eligible=true blocks=0 tested=0 integral=0 nonmonomial=0
BLOCK_TABLE index=1572 name=2x(3.A7) classes=46 eligible=true blocks=0 tested=0 integral=0 nonmonomial=0
BLOCK_TABLE index=1573 name=2.(2xA7) classes=32 eligible=true blocks=0 tested=0 integral=0 nonmonomial=0
BLOCK_TABLE index=1574 name=2.(2x3.A7) classes=80 eligible=true blocks=0 tested=0 integral=0 nonmonomial=0
BLOCK_TABLE index=1575 name=3x2^4:s5 classes=36 eligible=true blocks=0 tested=0 integral=0 nonmonomial=0
BLOCK_TABLE index=1576 name=4.M22M5 classes=33 eligible=true blocks=0 tested=0 integral=0 nonmonomial=0
BLOCK_TABLE index=1577 name=3x2.M22M5 classes=69 eligible=true blocks=0 tested=0 integral=0 nonmonomial=0
BLOCK_TABLE index=1578 name=3x4.M22M5 classes=99 eligible=true blocks=0 tested=0 integral=0 nonmonomial=0
BLOCK_TABLE index=1579 name=2x2^3:L3(2) classes=22 eligible=true blocks=0 tested=0 integral=0 nonmonomial=0
BLOCK_TABLE index=1580 name=2x2^3:L3(2)x2 classes=44 eligible=true blocks=0 tested=0 integral=0 nonmonomial=0
BLOCK_TABLE index=1581 name=(2xA6).2^2 classes=23 eligible=true blocks=0 tested=0 integral=0 nonmonomial=0
BLOCK_TABLE index=1582 name=3x2^3:L3(2) classes=33 eligible=true blocks=0 tested=0 integral=0 nonmonomial=0
BLOCK_TABLE index=1583 name=4.M22M6 classes=32 eligible=true blocks=0 tested=0 integral=0 nonmonomial=0
BLOCK_TABLE index=1584 name=6x2^3:L3(2) classes=66 eligible=true blocks=0 tested=0 integral=0 nonmonomial=0
BLOCK_TABLE index=1585 name=3x4.M22M6 classes=96 eligible=true blocks=0 tested=0 integral=0 nonmonomial=0
BLOCK_TABLE index=1586 name=(4xA6).2_3 classes=32 eligible=true blocks=0 tested=0 integral=0 nonmonomial=0
BLOCK_TABLE index=1587 name=6.M22M7 classes=44 eligible=true blocks=0 tested=0 integral=0 nonmonomial=0
BLOCK_TABLE index=1588 name=12.M22M7 classes=88 eligible=true blocks=0 tested=0 integral=0 nonmonomial=0
BLOCK_TABLE index=1589 name=2xL2(11) classes=16 eligible=true blocks=0 tested=0 integral=0 nonmonomial=0
BLOCK_TABLE index=1590 name=2xL2(11).2 classes=26 eligible=true blocks=0 tested=0 integral=0 nonmonomial=0
BLOCK_TABLE index=1591 name=3xL2(11) classes=24 eligible=true blocks=0 tested=0 integral=0 nonmonomial=0
BLOCK_TABLE index=1592 name=2.(2xL2(11)) classes=30 eligible=true blocks=0 tested=0 integral=0 nonmonomial=0
BLOCK_TABLE index=1593 name=6xL2(11) classes=48 eligible=true blocks=0 tested=0 integral=0 nonmonomial=0
BLOCK_TABLE index=1594 name=3x2.(2xL2(11)) classes=90 eligible=true blocks=0 tested=0 integral=0 nonmonomial=0
BLOCK_TABLE index=1595 name=McLM10 classes=15 eligible=true blocks=0 tested=0 integral=0 nonmonomial=0
BLOCK_TABLE index=1596 name=2^4:a8 classes=25 eligible=true blocks=0 tested=0 integral=0 nonmonomial=0
BLOCK_TABLE index=1597 name=2^6:(psl(3,2)xs3) classes=33 eligible=true blocks=0 tested=0 integral=0 nonmonomial=0
BLOCK_TABLE index=1598 name=2^6:3.s6 classes=33 eligible=true blocks=0 tested=0 integral=0 nonmonomial=0
BLOCK_TABLE index=1599 name=2xS5 classes=14 eligible=true blocks=0 tested=0 integral=0 nonmonomial=0
BLOCK_TABLE index=1600 name=3^2.2.S4 classes=11 eligible=true blocks=0 tested=0 integral=0 nonmonomial=0
BLOCK_TABLE index=1601 name=4^2:D12 classes=14 eligible=true blocks=0 tested=0 integral=0 nonmonomial=0
BLOCK_TABLE index=1602 name=4^2:D12.2 classes=16 eligible=true blocks=0 tested=0 integral=0 nonmonomial=0
BLOCK_TABLE index=1603 name=A4xS3 classes=12 eligible=true blocks=0 tested=0 integral=0 nonmonomial=0
BLOCK_TABLE index=1604 name=M12M7 classes=11 eligible=true blocks=0 tested=0 integral=0 nonmonomial=0
BLOCK_TABLE index=1605 name=M22.2M4 classes=24 eligible=true blocks=0 tested=0 integral=0 nonmonomial=0
BLOCK_TABLE index=1606 name=M8.S4 classes=13 eligible=true blocks=0 tested=0 integral=0 nonmonomial=0
BLOCK_TABLE index=1607 name=S4xS3 classes=15 eligible=true blocks=0 tested=0 integral=0 nonmonomial=0
BLOCK_TABLE index=1608 name=2xM11 classes=20 eligible=true blocks=0 tested=0 integral=0 nonmonomial=0
BLOCK_TABLE index=1609 name=2.HSM9 classes=20 eligible=true blocks=0 tested=0 integral=0 nonmonomial=0
BLOCK_TABLE index=1610 name=2.M12M2 classes=20 eligible=true blocks=0 tested=0 integral=0 nonmonomial=0
BLOCK_TABLE index=1611 name=2.A11M7 classes=20 eligible=true blocks=0 tested=0 integral=0 nonmonomial=0
BLOCK_TABLE index=1612 name=2.M12M4 classes=23 eligible=true blocks=0 tested=0 integral=0 nonmonomial=0
BLOCK_TABLE index=1613 name=2x3^2.2.S4 classes=22 eligible=true blocks=0 tested=0 integral=0 nonmonomial=0
BLOCK_TABLE index=1614 name=2.M12M7 classes=22 eligible=true blocks=0 tested=0 integral=0 nonmonomial=0
BLOCK_TABLE index=1615 name=2.M12M8 classes=19 eligible=true blocks=1 tested=96 integral=0 nonmonomial=0
BLOCK_TABLE index=1616 name=2.M12M9 classes=21 eligible=true blocks=0 tested=0 integral=0 nonmonomial=0
BLOCK_TABLE index=1617 name=2.M12M10 classes=21 eligible=true blocks=0 tested=0 integral=0 nonmonomial=0
BLOCK_TABLE index=1618 name=2.A4xS3 classes=21 eligible=true blocks=0 tested=0 integral=0 nonmonomial=0
BLOCK_TABLE index=1619 name=(2^2xSz(8)):3 classes=28 eligible=true blocks=0 tested=0 integral=0 nonmonomial=0
BLOCK_TABLE index=1620 name=(3^2:4xa6).2 classes=36 eligible=true blocks=1 tested=4 integral=0 nonmonomial=0
BLOCK_TABLE index=1621 name=(3^2:4x2.A6).2 classes=60 eligible=true blocks=2 tested=780 integral=0 nonmonomial=0
BLOCK_TABLE index=1622 name=(3xG2(3)):2 classes=51 eligible=true blocks=0 tested=0 integral=0 nonmonomial=0
BLOCK_TABLE index=1623 name=(D10xU3(5)).2 classes=52 eligible=true blocks=1 tested=4 integral=0 nonmonomial=0
BLOCK_TABLE index=1624 name=(a4xpsl(3,4)):2 classes=38 eligible=true blocks=0 tested=0 integral=0 nonmonomial=0
BLOCK_TABLE index=1625 name=2.(A4xL3(4)).2 classes=56 eligible=true blocks=0 tested=0 integral=0 nonmonomial=0
BLOCK_TABLE index=1626 name=(a6xa5).2 classes=31 eligible=true blocks=0 tested=0 integral=0 nonmonomial=0
BLOCK_TABLE index=1627 name=2.(2^2xSz(8)):3 classes=45 eligible=true blocks=0 tested=0 integral=0 nonmonomial=0
BLOCK_TABLE index=1628 name=2.2.2^4+6:S5 classes=82 eligible=true blocks=1 tested=4 integral=0 nonmonomial=0
BLOCK_TABLE index=1629 name=2xA8 classes=28 eligible=true blocks=0 tested=0 integral=0 nonmonomial=0
BLOCK_TABLE index=1630 name=2.2^3+8:L3(2) classes=55 eligible=true blocks=0 tested=0 integral=0 nonmonomial=0
BLOCK_TABLE index=1631 name=2.2^4+6:S5 classes=49 eligible=true blocks=1 tested=4 integral=0 nonmonomial=0
BLOCK_TABLE index=1632 name=2.2^6:u3(3):2 classes=53 eligible=true blocks=0 tested=0 integral=0 nonmonomial=0
BLOCK_TABLE index=1633 name=2.RuM1 classes=58 eligible=true blocks=0 tested=0 integral=0 nonmonomial=0
BLOCK_TABLE index=1634 name=2^(1+8).(A5xA5).2 classes=56 eligible=true blocks=1 tested=4 integral=0 nonmonomial=0
BLOCK_TABLE index=1635 name=2^1+6.psl(3,2) classes=30 eligible=true blocks=0 tested=0 integral=0 nonmonomial=0
BLOCK_TABLE index=1636 name=2^1+6.u4q2 classes=57 eligible=true blocks=1 tested=20 integral=0 nonmonomial=0
BLOCK_TABLE index=1637 name=2.SuzM4 classes=102 eligible=false blocks=0 tested=0 integral=0 nonmonomial=0
BLOCK_TABLE index=1638 name=2^1+8.a9 classes=52 eligible=true blocks=0 tested=0 integral=0 nonmonomial=0
BLOCK_TABLE index=1639 name=2^1+8.2.A9 classes=98 eligible=true blocks=0 tested=0 integral=0 nonmonomial=0
BLOCK_TABLE index=1640 name=2^2+8(a5xs3) classes=49 eligible=true blocks=1 tested=4 integral=0 nonmonomial=0
BLOCK_TABLE index=1641 name=2.SuzM9 classes=82 eligible=true blocks=0 tested=0 integral=0 nonmonomial=0
BLOCK_TABLE index=1642 name=(2xL3(3)).2 classes=30 eligible=true blocks=0 tested=0 integral=0 nonmonomial=0
BLOCK_TABLE index=1643 name=2^2.psl(3,4).s3 classes=33 eligible=true blocks=0 tested=0 integral=0 nonmonomial=0
BLOCK_TABLE index=1644 name=2^3+8:L3(2) classes=35 eligible=true blocks=0 tested=0 integral=0 nonmonomial=0
BLOCK_TABLE index=1645 name=2^3.2^2.2^6.(3xL3(2)) classes=50 eligible=true blocks=1 tested=4 integral=0 nonmonomial=0
BLOCK_TABLE index=1646 name=2^4+6:3a6 classes=47 eligible=true blocks=0 tested=0 integral=0 nonmonomial=0
BLOCK_TABLE index=1647 name=2.SuzM7 classes=80 eligible=true blocks=2 tested=2 integral=0 nonmonomial=0
BLOCK_TABLE index=1648 name=2^4.s6 classes=21 eligible=true blocks=0 tested=0 integral=0 nonmonomial=0
BLOCK_TABLE index=1649 name=U4(3).2_1M10 classes=21 eligible=true blocks=0 tested=0 integral=0 nonmonomial=0
BLOCK_TABLE index=1650 name=2^5.S6 classes=42 eligible=true blocks=0 tested=0 integral=0 nonmonomial=0
BLOCK_TABLE index=1651 name=2.2^4.S6 classes=37 eligible=true blocks=1 tested=4 integral=0 nonmonomial=0
BLOCK_TABLE index=1652 name=2^4.(S4x2) classes=24 eligible=true blocks=0 tested=0 integral=0 nonmonomial=0
BLOCK_TABLE index=1653 name=2^5.psl(5,2) classes=41 eligible=true blocks=0 tested=0 integral=0 nonmonomial=0
BLOCK_TABLE index=1654 name=2^6.U4(2) classes=43 eligible=true blocks=1 tested=20 integral=0 nonmonomial=0
BLOCK_TABLE index=1655 name=2^6.U4(2).2 classes=65 eligible=true blocks=2 tested=100 integral=0 nonmonomial=0
BLOCK_TABLE index=1656 name=2^6:u3(3):2 classes=30 eligible=true blocks=0 tested=0 integral=0 nonmonomial=0
BLOCK_TABLE index=1657 name=2xa6.2^2 classes=26 eligible=true blocks=0 tested=0 integral=0 nonmonomial=0
BLOCK_TABLE index=1658 name=U4(3).(2^2)_{133}M11 classes=26 eligible=true blocks=0 tested=0 integral=0 nonmonomial=0
BLOCK_TABLE index=1659 name=U4(3).(2^2)_{133}M12 classes=26 eligible=true blocks=0 tested=0 integral=0 nonmonomial=0
BLOCK_TABLE index=1660 name=(2xA6.2^2).2 classes=37 eligible=true blocks=0 tested=0 integral=0 nonmonomial=0
BLOCK_TABLE index=1661 name=2.HSM11 classes=37 eligible=true blocks=0 tested=0 integral=0 nonmonomial=0
BLOCK_TABLE index=1662 name=3.3^(1+4):2S5 classes=66 eligible=true blocks=0 tested=0 integral=0 nonmonomial=0
BLOCK_TABLE index=1663 name=3.3^(1+4):4S5 classes=54 eligible=true blocks=0 tested=0 integral=0 nonmonomial=0
BLOCK_TABLE index=1664 name=2^(1+3):L3(2) classes=16 eligible=true blocks=0 tested=0 integral=0 nonmonomial=0
BLOCK_TABLE index=1665 name=2^(2+4):(3x3):2 classes=17 eligible=true blocks=0 tested=0 integral=0 nonmonomial=0
BLOCK_TABLE index=1666 name=3.2^(2+4):(3x3):2 classes=43 eligible=true blocks=0 tested=0 integral=0 nonmonomial=0
BLOCK_TABLE index=1667 name=2^(1+1+2+2):S3 classes=16 eligible=true blocks=0 tested=0 integral=0 nonmonomial=0
BLOCK_TABLE index=1668 name=2^(2+4).S3 classes=16 eligible=true blocks=0 tested=0 integral=0 nonmonomial=0
BLOCK_TABLE index=1669 name=2^(2+4).(S3x2) classes=23 eligible=true blocks=0 tested=0 integral=0 nonmonomial=0
BLOCK_TABLE index=1670 name=3.ONM5 classes=68 eligible=true blocks=1 tested=4 integral=0 nonmonomial=0
BLOCK_TABLE index=1671 name=31:15 classes=17 eligible=true blocks=0 tested=0 integral=0 nonmonomial=0
BLOCK_TABLE index=1672 name=31:30 classes=31 eligible=true blocks=0 tested=0 integral=0 nonmonomial=0
BLOCK_TABLE index=1673 name=37:18 classes=20 eligible=true blocks=0 tested=0 integral=0 nonmonomial=0
BLOCK_TABLE index=1674 name=47:23 classes=25 eligible=true blocks=0 tested=0 integral=0 nonmonomial=0
BLOCK_TABLE index=1675 name=3^(1+4):2S5 classes=24 eligible=true blocks=0 tested=0 integral=0 nonmonomial=0
BLOCK_TABLE index=1676 name=3^(1+4):4A5 classes=33 eligible=true blocks=0 tested=0 integral=0 nonmonomial=0
BLOCK_TABLE index=1677 name=3^(1+4):4S5 classes=33 eligible=true blocks=0 tested=0 integral=0 nonmonomial=0
BLOCK_TABLE index=1678 name=3^(1+6):2^(3+4):3^2:2 classes=88 eligible=true blocks=2 tested=114 integral=0 nonmonomial=0
BLOCK_TABLE index=1679 name=3^(1+6)_+:2^(3+4):(S3xS3) classes=125 eligible=false blocks=0 tested=0 integral=0 nonmonomial=0
BLOCK_TABLE index=1680 name=3^(2+4):2A5.D8 classes=57 eligible=true blocks=1 tested=96 integral=0 nonmonomial=0
BLOCK_TABLE index=1681 name=3^2+4:2(2^2xa4)2 classes=49 eligible=true blocks=0 tested=0 integral=0 nonmonomial=0
BLOCK_TABLE index=1682 name=3^4:2(A4xA4).4 classes=30 eligible=true blocks=1 tested=4 integral=0 nonmonomial=0
BLOCK_TABLE index=1683 name=3^4:m10 classes=18 eligible=true blocks=0 tested=0 integral=0 nonmonomial=0
BLOCK_TABLE index=1684 name=3^5:M10 classes=42 eligible=true blocks=0 tested=0 integral=0 nonmonomial=0
BLOCK_TABLE index=1685 name=3^4.3^2.Q8 classes=21 eligible=true blocks=0 tested=0 integral=0 nonmonomial=0
BLOCK_TABLE index=1686 name=3.3^4.3^2.Q8 classes=51 eligible=true blocks=0 tested=0 integral=0 nonmonomial=0
BLOCK_TABLE index=1687 name=3xL3(4).2_2 classes=42 eligible=true blocks=0 tested=0 integral=0 nonmonomial=0
BLOCK_TABLE index=1688 name=3x2.A8 classes=69 eligible=true blocks=0 tested=0 integral=0 nonmonomial=0
BLOCK_TABLE index=1689 name=3xM11 classes=30 eligible=true blocks=0 tested=0 integral=0 nonmonomial=0
BLOCK_TABLE index=1690 name=3xONM11 classes=30 eligible=true blocks=0 tested=0 integral=0 nonmonomial=0
BLOCK_TABLE index=1691 name=3x5^(1+2):3:8 classes=57 eligible=true blocks=0 tested=0 integral=0 nonmonomial=0
BLOCK_TABLE index=1692 name=3^5:2S6 classes=48 eligible=true blocks=0 tested=0 integral=0 nonmonomial=0
BLOCK_TABLE index=1693 name=3^5:M11 classes=24 eligible=true blocks=0 tested=0 integral=0 nonmonomial=0
BLOCK_TABLE index=1694 name=3^6.M11 classes=70 eligible=true blocks=0 tested=0 integral=0 nonmonomial=0
BLOCK_TABLE index=1695 name=3x2.SuzM4 classes=306 eligible=false blocks=0 tested=0 integral=0 nonmonomial=0
BLOCK_TABLE index=1696 name=2x3^6.M11 classes=140 eligible=false blocks=0 tested=0 integral=0 nonmonomial=0
BLOCK_TABLE index=1697 name=3x2.J2.2 classes=138 eligible=false blocks=0 tested=0 integral=0 nonmonomial=0
BLOCK_TABLE index=1698 name=3x2.SuzM7 classes=240 eligible=false blocks=0 tested=0 integral=0 nonmonomial=0
BLOCK_TABLE index=1699 name=3x2.SuzM9 classes=246 eligible=false blocks=0 tested=0 integral=0 nonmonomial=0
BLOCK_TABLE index=1700 name=3xIsoclinic(2.M12.2) classes=102 eligible=false blocks=0 tested=0 integral=0 nonmonomial=0
BLOCK_TABLE index=1701 name=4.2^4.S5 classes=28 eligible=true blocks=0 tested=0 integral=0 nonmonomial=0
BLOCK_TABLE index=1702 name=2^(1+6)_+:S5 classes=47 eligible=true blocks=0 tested=0 integral=0 nonmonomial=0
BLOCK_TABLE index=1703 name=2.HSM10 classes=49 eligible=true blocks=0 tested=0 integral=0 nonmonomial=0
BLOCK_TABLE index=1704 name=4.2^4:(2xS3) classes=31 eligible=true blocks=0 tested=0 integral=0 nonmonomial=0
BLOCK_TABLE index=1705 name=4.2^4 classes=22 eligible=true blocks=0 tested=0 integral=0 nonmonomial=0
BLOCK_TABLE index=1706 name=S4x2^2 classes=20 eligible=true blocks=0 tested=0 integral=0 nonmonomial=0
BLOCK_TABLE index=1707 name=4.2^4:S4 classes=27 eligible=true blocks=0 tested=0 integral=0 nonmonomial=0
BLOCK_TABLE index=1708 name=J1x2 classes=30 eligible=true blocks=0 tested=0 integral=0 nonmonomial=0
BLOCK_TABLE index=1709 name=7^(1+2)_+:(3xD16) classes=33 eligible=true blocks=0 tested=0 integral=0 nonmonomial=0
BLOCK_TABLE index=1710 name=4^3.L3(2) classes=18 eligible=true blocks=0 tested=0 integral=0 nonmonomial=0
BLOCK_TABLE index=1711 name=(3^2:4xA6).2^2 classes=45 eligible=true blocks=0 tested=0 integral=0 nonmonomial=0
BLOCK_TABLE index=1712 name=4^3.(L3(2)x2) classes=24 eligible=true blocks=0 tested=0 integral=0 nonmonomial=0
BLOCK_TABLE index=1713 name=4^3:psl(3,2) classes=19 eligible=true blocks=0 tested=0 integral=0 nonmonomial=0
BLOCK_TABLE index=1714 name=4^3:(L3(2)x2) classes=32 eligible=true blocks=0 tested=0 integral=0 nonmonomial=0
BLOCK_TABLE index=1715 name=2.4^3.L3(2) classes=30 eligible=true blocks=0 tested=0 integral=0 nonmonomial=0
BLOCK_TABLE index=1716 name=4^3:S4 classes=27 eligible=true blocks=0 tested=0 integral=0 nonmonomial=0
BLOCK_TABLE index=1717 name=5:4xa5 classes=25 eligible=true blocks=0 tested=0 integral=0 nonmonomial=0
BLOCK_TABLE index=1718 name=5:4xS5 classes=35 eligible=true blocks=0 tested=0 integral=0 nonmonomial=0
BLOCK_TABLE index=1719 name=5:4x2.A5 classes=45 eligible=true blocks=0 tested=0 integral=0 nonmonomial=0
BLOCK_TABLE index=1720 name=5:4xA4 classes=20 eligible=true blocks=0 tested=0 integral=0 nonmonomial=0
BLOCK_TABLE index=1721 name=5:4x2^2 classes=20 eligible=true blocks=0 tested=0 integral=0 nonmonomial=0
BLOCK_TABLE index=1722 name=A4xC4 classes=16 eligible=true blocks=0 tested=0 integral=0 nonmonomial=0
BLOCK_TABLE index=1723 name=D8xV4 classes=20 eligible=true blocks=0 tested=0 integral=0 nonmonomial=0
BLOCK_TABLE index=1724 name=5^(1+4):2^(1+4).5.4 classes=53 eligible=true blocks=0 tested=0 integral=0 nonmonomial=0
BLOCK_TABLE index=1725 name=5^(1+4):4S6 classes=55 eligible=true blocks=0 tested=0 integral=0 nonmonomial=0
BLOCK_TABLE index=1726 name=5^2.5.5^2.4A5 classes=60 eligible=true blocks=0 tested=0 integral=0 nonmonomial=0
BLOCK_TABLE index=1727 name=5^2:4s5 classes=29 eligible=true blocks=0 tested=0 integral=0 nonmonomial=0
BLOCK_TABLE index=1728 name=2xU3(5).2 classes=38 eligible=true blocks=0 tested=0 integral=0 nonmonomial=0
BLOCK_TABLE index=1729 name=L2(25).(2x4) classes=48 eligible=true blocks=0 tested=0 integral=0 nonmonomial=0
BLOCK_TABLE index=1730 name=2x5^2:4S5 classes=58 eligible=true blocks=0 tested=0 integral=0 nonmonomial=0
BLOCK_TABLE index=1731 name=3.A6.(2x4) classes=40 eligible=true blocks=0 tested=0 integral=0 nonmonomial=0
BLOCK_TABLE index=1732 name=Isoclinic(L2(13).2x2) classes=30 eligible=true blocks=0 tested=0 integral=0 nonmonomial=0
BLOCK_TABLE index=1733 name=5^3.psl(3,5) classes=39 eligible=true blocks=0 tested=0 integral=0 nonmonomial=0
BLOCK_TABLE index=1734 name=67:22 classes=25 eligible=true blocks=0 tested=0 integral=0 nonmonomial=0
BLOCK_TABLE index=1735 name=7:3xpsl(3,2) classes=30 eligible=true blocks=0 tested=0 integral=0 nonmonomial=0
BLOCK_TABLE index=1736 name=7^2:(3x2S4) classes=27 eligible=true blocks=0 tested=0 integral=0 nonmonomial=0
BLOCK_TABLE index=1737 name=7^2:2psl(2,7) classes=18 eligible=true blocks=0 tested=0 integral=0 nonmonomial=0
BLOCK_TABLE index=1738 name=LyM6 classes=36 eligible=true blocks=0 tested=0 integral=0 nonmonomial=0
BLOCK_TABLE index=1739 name=ONM5 classes=30 eligible=true blocks=1 tested=4 integral=0 nonmonomial=0
BLOCK_TABLE index=1740 name=ThM7 classes=52 eligible=true blocks=1 tested=18 integral=0 nonmonomial=0
BLOCK_TABLE index=1741 name=ThN3B classes=62 eligible=true blocks=0 tested=0 integral=0 nonmonomial=0
BLOCK_TABLE index=1742 name=s4xpsl(3,2) classes=30 eligible=true blocks=0 tested=0 integral=0 nonmonomial=0
BLOCK_TABLE index=1743 name=2^(1+6)_+.L3(2).2 classes=36 eligible=true blocks=2 tested=676 integral=0 nonmonomial=0
BLOCK_TABLE index=1744 name=S4xL3(2).2 classes=45 eligible=true blocks=0 tested=0 integral=0 nonmonomial=0
BLOCK_TABLE index=1745 name=7:6xL3(2) classes=42 eligible=true blocks=0 tested=0 integral=0 nonmonomial=0
BLOCK_TABLE index=1746 name=2^(1+6)_-.U4(2).2 classes=78 eligible=true blocks=2 tested=100 integral=0 nonmonomial=0
BLOCK_TABLE index=1747 name=3^5:(M11x2) classes=36 eligible=true blocks=0 tested=0 integral=0 nonmonomial=0
BLOCK_TABLE index=1748 name=J2.2x2 classes=54 eligible=true blocks=0 tested=0 integral=0 nonmonomial=0
BLOCK_TABLE index=1749 name=2^(4+6):3S6 classes=58 eligible=true blocks=0 tested=0 integral=0 nonmonomial=0
BLOCK_TABLE index=1750 name=(A4xL3(4):2_3):2 classes=58 eligible=true blocks=0 tested=0 integral=0 nonmonomial=0
BLOCK_TABLE index=1751 name=2^(2+8):(S5xS3) classes=74 eligible=true blocks=1 tested=672 integral=0 nonmonomial=0
BLOCK_TABLE index=1752 name=M12.2x2 classes=42 eligible=true blocks=0 tested=0 integral=0 nonmonomial=0
BLOCK_TABLE index=1753 name=3^(2+4):2(S4xD8) classes=68 eligible=true blocks=0 tested=0 integral=0 nonmonomial=0
BLOCK_TABLE index=1754 name=(A6:2_2xA5).2 classes=50 eligible=true blocks=1 tested=4 integral=0 nonmonomial=0
BLOCK_TABLE index=1755 name=(3^2:8xA6).2 classes=54 eligible=true blocks=1 tested=96 integral=0 nonmonomial=0
BLOCK_TABLE index=1756 name=3xG2(4) classes=96 eligible=true blocks=0 tested=0 integral=0 nonmonomial=0
BLOCK_TABLE index=1757 name=3x2.G2(4) classes=165 eligible=false blocks=0 tested=0 integral=0 nonmonomial=0
BLOCK_TABLE index=1758 name=2xU5(2) classes=94 eligible=true blocks=0 tested=0 integral=0 nonmonomial=0
BLOCK_TABLE index=1759 name=3xU5(2) classes=141 eligible=false blocks=0 tested=0 integral=0 nonmonomial=0
BLOCK_TABLE index=1760 name=3x2^(1+6)_-.U4(2) classes=171 eligible=false blocks=0 tested=0 integral=0 nonmonomial=0
BLOCK_TABLE index=1761 name=3xJ2.2 classes=81 eligible=true blocks=0 tested=0 integral=0 nonmonomial=0
BLOCK_TABLE index=1762 name=3x2^(4+6).3A6 classes=141 eligible=false blocks=0 tested=0 integral=0 nonmonomial=0
BLOCK_TABLE index=1763 name=(A4x3.L3(4)).2 classes=104 eligible=false blocks=0 tested=0 integral=0 nonmonomial=0
BLOCK_TABLE index=1764 name=3x2^(2+8):(A5xS3) classes=147 eligible=false blocks=0 tested=0 integral=0 nonmonomial=0
BLOCK_TABLE index=1765 name=3xM12.2 classes=63 eligible=true blocks=0 tested=0 integral=0 nonmonomial=0
BLOCK_TABLE index=1766 name=3.3^(2+4):2(A4x2^2).2 classes=139 eligible=false blocks=0 tested=0 integral=0 nonmonomial=0
BLOCK_TABLE index=1767 name=(3.A6xA5):2 classes=83 eligible=true blocks=0 tested=0 integral=0 nonmonomial=0
BLOCK_TABLE index=1768 name=(3^(1+2):4xA6).2 classes=94 eligible=true blocks=1 tested=4 integral=0 nonmonomial=0
BLOCK_TABLE index=1769 name=3xL3(3).2 classes=45 eligible=true blocks=0 tested=0 integral=0 nonmonomial=0
BLOCK_TABLE index=1770 name=3xL2(25) classes=45 eligible=true blocks=0 tested=0 integral=0 nonmonomial=0
BLOCK_TABLE index=1771 name=(3xG2(4)).2 classes=72 eligible=true blocks=0 tested=0 integral=0 nonmonomial=0
BLOCK_TABLE index=1772 name=(3xU5(2)).2 classes=90 eligible=true blocks=0 tested=0 integral=0 nonmonomial=0
BLOCK_TABLE index=1773 name=(3x2^(1+6)_-.U4(2)).2 classes=135 eligible=false blocks=0 tested=0 integral=0 nonmonomial=0
BLOCK_TABLE index=1774 name=3^6:(M11x2) classes=59 eligible=true blocks=0 tested=0 integral=0 nonmonomial=0
BLOCK_TABLE index=1775 name=S3xJ2.2 classes=81 eligible=true blocks=0 tested=0 integral=0 nonmonomial=0
BLOCK_TABLE index=1776 name=(3x2^(4+6):3A6).2 classes=105 eligible=false blocks=0 tested=0 integral=0 nonmonomial=0
BLOCK_TABLE index=1777 name=(A4x3.L3(4).2_3).2 classes=91 eligible=true blocks=0 tested=0 integral=0 nonmonomial=0
BLOCK_TABLE index=1778 name=(3x2^(2+8):(A5xS3)).2 classes=123 eligible=false blocks=0 tested=0 integral=0 nonmonomial=0
BLOCK_TABLE index=1779 name=S3xM12.2 classes=63 eligible=true blocks=0 tested=0 integral=0 nonmonomial=0
BLOCK_TABLE index=1780 name=3.3^(2+4):2(S4xD8) classes=113 eligible=false blocks=0 tested=0 integral=0 nonmonomial=0
BLOCK_TABLE index=1781 name=(3.A6.2_2xA5):2 classes=76 eligible=true blocks=1 tested=4 integral=0 nonmonomial=0
BLOCK_TABLE index=1782 name=(3^(1+2):8xA6).2 classes=83 eligible=true blocks=1 tested=96 integral=0 nonmonomial=0
BLOCK_TABLE index=1783 name=(3xL2(25)).2_2 classes=33 eligible=true blocks=0 tested=0 integral=0 nonmonomial=0
BLOCK_TABLE index=1784 name=3^4:(M10x2) classes=27 eligible=true blocks=0 tested=0 integral=0 nonmonomial=0
BLOCK_TABLE index=1785 name=2x3^5:M11 classes=48 eligible=true blocks=0 tested=0 integral=0 nonmonomial=0
BLOCK_TABLE index=1786 name=2.SuzM11 classes=95 eligible=true blocks=1 tested=4 integral=0 nonmonomial=0
BLOCK_TABLE index=1787 name=6.SuzM8 classes=152 eligible=false blocks=0 tested=0 integral=0 nonmonomial=0
BLOCK_TABLE index=1788 name=6.SuzM11 classes=269 eligible=false blocks=0 tested=0 integral=0 nonmonomial=0
BLOCK_TABLE index=1789 name=3x(2xL3(3)).2 classes=90 eligible=true blocks=0 tested=0 integral=0 nonmonomial=0
BLOCK_TABLE index=1790 name=3x2.L2(25) classes=87 eligible=true blocks=0 tested=0 integral=0 nonmonomial=0
BLOCK_TABLE index=1791 name=(3^(1+2):4x2.A6).2 classes=154 eligible=false blocks=0 tested=0 integral=0 nonmonomial=0
BLOCK_TABLE index=1792 name=(A6x2.A5).2 classes=54 eligible=true blocks=0 tested=0 integral=0 nonmonomial=0
BLOCK_TABLE index=1793 name=(3.A6x2.A5).2 classes=144 eligible=false blocks=0 tested=0 integral=0 nonmonomial=0
BLOCK_TABLE index=1794 name=2xU5(2).2 classes=86 eligible=true blocks=0 tested=0 integral=0 nonmonomial=0
BLOCK_TABLE index=1795 name=Isoclinic(S8x2) classes=44 eligible=true blocks=0 tested=0 integral=0 nonmonomial=0
BLOCK_TABLE index=1796 name=Isoclinic(U3(5).2x2) classes=38 eligible=true blocks=0 tested=0 integral=0 nonmonomial=0
BLOCK_TABLE index=1797 name=2.HSM3 classes=38 eligible=true blocks=0 tested=0 integral=0 nonmonomial=0
BLOCK_TABLE index=1798 name=2^(1+8)_+.(A5xA5).2^2 classes=79 eligible=true blocks=2 tested=1344 integral=0 nonmonomial=0
BLOCK_TABLE index=1799 name=5:4xU3(5):2 classes=95 eligible=true blocks=1 tested=20 integral=0 nonmonomial=0
BLOCK_TABLE index=1800 name=5^(1+4)_+:(4Y2^(1+4)_-.5.4) classes=70 eligible=true blocks=0 tested=0 integral=0 nonmonomial=0
BLOCK_TABLE index=1801 name=(S6xS6).2^2 classes=73 eligible=true blocks=0 tested=0 integral=0 nonmonomial=0
BLOCK_TABLE index=1802 name=2^3.2^2.2^6.(S3xL3(2)) classes=61 eligible=true blocks=2 tested=676 integral=0 nonmonomial=0
BLOCK_TABLE index=1803 name=5^2.5.5^2.4S5 classes=51 eligible=true blocks=0 tested=0 integral=0 nonmonomial=0
BLOCK_TABLE index=1804 name=3^4:2(S4xS4).2 classes=48 eligible=true blocks=3 tested=196 integral=0 nonmonomial=0
BLOCK_TABLE index=1805 name=HN.2M13 classes=42 eligible=true blocks=0 tested=0 integral=0 nonmonomial=0
BLOCK_TABLE index=1806 name=(A4xG2(4)):2 classes=112 eligible=false blocks=0 tested=0 integral=0 nonmonomial=0
BLOCK_TABLE index=1807 name=(A5xJ2):2 classes=102 eligible=false blocks=0 tested=0 integral=0 nonmonomial=0
BLOCK_TABLE index=1808 name=(A6xU3(3)):2 classes=94 eligible=true blocks=2 tested=21 integral=0 nonmonomial=0
BLOCK_TABLE index=1809 name=(A7xL2(7)):2 classes=69 eligible=true blocks=0 tested=0 integral=0 nonmonomial=0
BLOCK_TABLE index=1810 name=(D10x(A5xA5).2).2 classes=70 eligible=true blocks=0 tested=0 integral=0 nonmonomial=0
BLOCK_TABLE index=1811 name=2.2^11:M24 classes=117 eligible=false blocks=0 tested=0 integral=0 nonmonomial=0
BLOCK_TABLE index=1812 name=2^(1+8)+.O8+(2) classes=154 eligible=false blocks=0 tested=0 integral=0 nonmonomial=0
BLOCK_TABLE index=1813 name=2^(2+12):(A8xS3) classes=172 eligible=false blocks=0 tested=0 integral=0 nonmonomial=0
BLOCK_TABLE index=1814 name=2^(4+10)(S5xS3) classes=156 eligible=false blocks=0 tested=0 integral=0 nonmonomial=0
BLOCK_TABLE index=1815 name=2^(4+12).(S3x3S6) classes=220 eligible=false blocks=0 tested=0 integral=0 nonmonomial=0
BLOCK_TABLE index=1816 name=2^1+4+6.a8 classes=111 eligible=false blocks=0 tested=0 integral=0 nonmonomial=0
BLOCK_TABLE index=1817 name=2^1+8:s6f2 classes=100 eligible=true blocks=2 tested=216 integral=0 nonmonomial=0
BLOCK_TABLE index=1818 name=2^10:m22:2 classes=79 eligible=true blocks=2 tested=8 integral=0 nonmonomial=0
BLOCK_TABLE index=1819 name=2^11:M24 classes=80 eligible=true blocks=0 tested=0 integral=0 nonmonomial=0
BLOCK_TABLE index=1820 name=2^2.[2^7*3^2].S3 classes=45 eligible=true blocks=0 tested=0 integral=0 nonmonomial=0
BLOCK_TABLE index=1821 name=2^4.a8 classes=25 eligible=true blocks=0 tested=0 integral=0 nonmonomial=0
BLOCK_TABLE index=1822 name=2xm12 classes=30 eligible=true blocks=0 tested=0 integral=0 nonmonomial=0
BLOCK_TABLE index=1823 name=3^(3+4):2(S4xS4) classes=108 eligible=false blocks=0 tested=0 integral=0 nonmonomial=0
BLOCK_TABLE index=1824 name=3^1+4:2^1+4.s5 classes=50 eligible=true blocks=1 tested=4 integral=0 nonmonomial=0
BLOCK_TABLE index=1825 name=3^1+4:4s6 classes=54 eligible=true blocks=1 tested=20 integral=0 nonmonomial=0
BLOCK_TABLE index=1826 name=3^5:(2xm11) classes=37 eligible=true blocks=1 tested=96 integral=0 nonmonomial=0
BLOCK_TABLE index=1827 name=3^6:2M12 classes=58 eligible=true blocks=0 tested=0 integral=0 nonmonomial=0
BLOCK_TABLE index=1828 name=5^(1+2):GL2(5) classes=38 eligible=true blocks=0 tested=0 integral=0 nonmonomial=0
BLOCK_TABLE index=1829 name=5^2:2A5 classes=14 eligible=true blocks=0 tested=0 integral=0 nonmonomial=0
BLOCK_TABLE index=1830 name=5^3:(4xS5) classes=44 eligible=true blocks=0 tested=0 integral=0 nonmonomial=0
BLOCK_TABLE index=1831 name=A9xS3 classes=54 eligible=true blocks=0 tested=0 integral=0 nonmonomial=0
BLOCK_TABLE index=1832 name=a4xs5 classes=28 eligible=true blocks=0 tested=0 integral=0 nonmonomial=0
BLOCK_TABLE index=1833 name=s3xpsl(2,8).3 classes=33 eligible=true blocks=0 tested=0 integral=0 nonmonomial=0
BLOCK_TABLE index=1834 name=2xCo2 classes=120 eligible=false blocks=0 tested=0 integral=0 nonmonomial=0
BLOCK_TABLE index=1835 name=2xCo3 classes=84 eligible=true blocks=0 tested=0 integral=0 nonmonomial=0
BLOCK_TABLE index=1836 name=2xU6(2).3.2 classes=198 eligible=false blocks=0 tested=0 integral=0 nonmonomial=0
BLOCK_TABLE index=1837 name=2x3^6:2.M12 classes=116 eligible=false blocks=0 tested=0 integral=0 nonmonomial=0
BLOCK_TABLE index=1838 name=2.A9xS3 classes=90 eligible=true blocks=0 tested=0 integral=0 nonmonomial=0
BLOCK_TABLE index=1839 name=2x5^2:2A5 classes=28 eligible=true blocks=0 tested=0 integral=0 nonmonomial=0
BLOCK_TABLE index=1840 name=(2^2x2^(1+8)).(3xU4(2)).2 classes=194 eligible=false blocks=0 tested=0 integral=0 nonmonomial=0
BLOCK_TABLE index=1841 name=(3xO8+(3):3):2 classes=219 eligible=false blocks=0 tested=0 integral=0 nonmonomial=0
BLOCK_TABLE index=1842 name=(A4xO8+(2).3).2 classes=191 eligible=false blocks=0 tested=0 integral=0 nonmonomial=0
BLOCK_TABLE index=1843 name=(A5xA9):2 classes=108 eligible=false blocks=0 tested=0 integral=0 nonmonomial=0
BLOCK_TABLE index=1844 name=29:14 classes=16 eligible=true blocks=0 tested=0 integral=0 nonmonomial=0
BLOCK_TABLE index=1845 name=2^(5+8):(S3xA6) classes=106 eligible=false blocks=0 tested=0 integral=0 nonmonomial=0
BLOCK_TABLE index=1846 name=2^(1+5+8).(S3xA6) classes=166 eligible=false blocks=0 tested=0 integral=0 nonmonomial=0
BLOCK_TABLE index=1847 name=2x2F4(2)' classes=44 eligible=true blocks=0 tested=0 integral=0 nonmonomial=0
BLOCK_TABLE index=1848 name=2^(6+8):(A7xS3) classes=133 eligible=false blocks=0 tested=0 integral=0 nonmonomial=0
BLOCK_TABLE index=1849 name=2x3.O7(3) classes=252 eligible=false blocks=0 tested=0 integral=0 nonmonomial=0
BLOCK_TABLE index=1850 name=6.Fi22M3 classes=252 eligible=false blocks=0 tested=0 integral=0 nonmonomial=0
BLOCK_TABLE index=1851 name=2xO7(3) classes=116 eligible=false blocks=0 tested=0 integral=0 nonmonomial=0
BLOCK_TABLE index=1852 name=2.Fi22M3 classes=116 eligible=false blocks=0 tested=0 integral=0 nonmonomial=0
BLOCK_TABLE index=1853 name=3^(1+8).2^(1+6).3^(1+2).2S4 classes=181 eligible=false blocks=0 tested=0 integral=0 nonmonomial=0
BLOCK_TABLE index=1854 name=7:6xA7 classes=63 eligible=true blocks=0 tested=0 integral=0 nonmonomial=0
BLOCK_TABLE index=1855 name=A6xL2(8):3 classes=77 eligible=true blocks=1 tested=1 integral=0 nonmonomial=0
BLOCK_TABLE index=1856 name=Fi23M8 classes=128 eligible=false blocks=0 tested=0 integral=0 nonmonomial=0
BLOCK_TABLE index=1857 name=S3xO7(3) classes=174 eligible=false blocks=0 tested=0 integral=0 nonmonomial=0
BLOCK_TABLE index=1858 name=S3xU4(3).(2^2)_{122} classes=177 eligible=false blocks=0 tested=0 integral=0 nonmonomial=0
BLOCK_TABLE index=1859 name=2xS3xU4(3).(2^2)_{122} classes=354 eligible=false blocks=0 tested=0 integral=0 nonmonomial=0
BLOCK_TABLE index=1860 name=S3x2.U4(3).2_2 classes=189 eligible=false blocks=0 tested=0 integral=0 nonmonomial=0
BLOCK_TABLE index=1861 name=2xS3x2.U4(3).2_2 classes=378 eligible=false blocks=0 tested=0 integral=0 nonmonomial=0
BLOCK_TABLE index=1862 name=S3xU4(3).2_2 classes=102 eligible=false blocks=0 tested=0 integral=0 nonmonomial=0
BLOCK_TABLE index=1863 name=2xS3xU4(3).2_2 classes=204 eligible=false blocks=0 tested=0 integral=0 nonmonomial=0
BLOCK_TABLE index=1864 name=S4xS6(2) classes=150 eligible=false blocks=0 tested=0 integral=0 nonmonomial=0
BLOCK_TABLE index=1865 name=O8+(2):S3x2 classes=136 eligible=false blocks=0 tested=0 integral=0 nonmonomial=0
BLOCK_TABLE index=1866 name=3xO8+(2):S3 classes=204 eligible=false blocks=0 tested=0 integral=0 nonmonomial=0
BLOCK_TABLE index=1867 name=6xO8+(2):S3 classes=408 eligible=false blocks=0 tested=0 integral=0 nonmonomial=0
BLOCK_TABLE index=1868 name=2x2.U4(3).2_2 classes=126 eligible=false blocks=0 tested=0 integral=0 nonmonomial=0
BLOCK_TABLE index=1869 name=2^2.U4(3).(2^2)_{122} classes=147 eligible=false blocks=0 tested=0 integral=0 nonmonomial=0
BLOCK_TABLE index=1870 name=2xU4(3).(2^2)_{122} classes=118 eligible=false blocks=0 tested=0 integral=0 nonmonomial=0
BLOCK_TABLE index=1871 name=3x2.U4(3).(2^2)_{122} classes=261 eligible=false blocks=0 tested=0 integral=0 nonmonomial=0
BLOCK_TABLE index=1872 name=(S3x2.U4(3).2_2).2 classes=234 eligible=false blocks=0 tested=0 integral=0 nonmonomial=0
BLOCK_TABLE index=1873 name=(2x2^(1+8)):U4(2):2 classes=115 eligible=false blocks=0 tested=0 integral=0 nonmonomial=0
BLOCK_TABLE index=1874 name=(2x2^(1+8)):(U4(2):2x2) classes=200 eligible=false blocks=0 tested=0 integral=0 nonmonomial=0
BLOCK_TABLE index=1875 name=2.(2x2^(1+8)):U4(2):2 classes=189 eligible=false blocks=0 tested=0 integral=0 nonmonomial=0
BLOCK_TABLE index=1876 name=3x(2x2^(1+8)):U4(2):2 classes=345 eligible=false blocks=0 tested=0 integral=0 nonmonomial=0
BLOCK_TABLE index=1877 name=3xA10.2 classes=126 eligible=false blocks=0 tested=0 integral=0 nonmonomial=0
BLOCK_TABLE index=1878 name=3xM12 classes=45 eligible=true blocks=0 tested=0 integral=0 nonmonomial=0
BLOCK_TABLE index=1879 name=3.(2x2^(1+8)):(U4(2):2x2) classes=315 eligible=false blocks=0 tested=0 integral=0 nonmonomial=0
BLOCK_TABLE index=1880 name=3x2F4(2)' classes=66 eligible=true blocks=0 tested=0 integral=0 nonmonomial=0
BLOCK_TABLE index=1881 name=Fi22.2M4 classes=77 eligible=true blocks=0 tested=0 integral=0 nonmonomial=0
BLOCK_TABLE index=1882 name=2.(3^(1+6):2^(3+4):3^2:2) classes=167 eligible=false blocks=0 tested=0 integral=0 nonmonomial=0
BLOCK_TABLE index=1883 name=2^12.3_1.U4(3).2_2' classes=123 eligible=false blocks=0 tested=0 integral=0 nonmonomial=0
BLOCK_TABLE index=1884 name=2^(1+12).3_1.U4(3).2_2' classes=167 eligible=false blocks=0 tested=0 integral=0 nonmonomial=0
BLOCK_TABLE index=1885 name=2^12.3^2.U4(3).2_2' classes=321 eligible=false blocks=0 tested=0 integral=0 nonmonomial=0
BLOCK_TABLE index=1886 name=3.2^(1+12).3U4(3).2 classes=437 eligible=false blocks=0 tested=0 integral=0 nonmonomial=0
BLOCK_TABLE index=1887 name=3^3.[3^10].GL3(3) classes=255 eligible=false blocks=0 tested=0 integral=0 nonmonomial=0
BLOCK_TABLE index=1888 name=2^12.M24 classes=117 eligible=false blocks=0 tested=0 integral=0 nonmonomial=0
BLOCK_TABLE index=1889 name=3xFi23 classes=294 eligible=false blocks=0 tested=0 integral=0 nonmonomial=0
BLOCK_TABLE index=1890 name=2^(5+8):(S3xS6) classes=188 eligible=false blocks=0 tested=0 integral=0 nonmonomial=0
BLOCK_TABLE index=1891 name=3^5:(2xU4(2).2) classes=119 eligible=false blocks=0 tested=0 integral=0 nonmonomial=0
BLOCK_TABLE index=1892 name=2.[2^6]:(S3xS3) classes=45 eligible=true blocks=0 tested=0 integral=0 nonmonomial=0
BLOCK_TABLE index=1893 name=2^5:S6 classes=37 eligible=true blocks=1 tested=96 integral=0 nonmonomial=0
BLOCK_TABLE index=1894 name=2^6:L3(2) classes=24 eligible=true blocks=0 tested=0 integral=0 nonmonomial=0
BLOCK_TABLE index=1895 name=S3xS6 classes=33 eligible=true blocks=0 tested=0 integral=0 nonmonomial=0
BLOCK_TABLE index=1896 name=(2^6x2^8):S6(2) classes=167 eligible=false blocks=0 tested=0 integral=0 nonmonomial=0
BLOCK_TABLE index=1897 name=(2^(1+8)x2^6):S6(2) classes=214 eligible=false blocks=0 tested=0 integral=0 nonmonomial=0
BLOCK_TABLE index=1898 name=2.F4(2)M1 classes=379 eligible=false blocks=0 tested=0 integral=0 nonmonomial=0
BLOCK_TABLE index=1899 name=F4(2)M2 classes=214 eligible=false blocks=0 tested=0 integral=0 nonmonomial=0
BLOCK_TABLE index=1900 name=2.F4(2)M2 classes=379 eligible=false blocks=0 tested=0 integral=0 nonmonomial=0
BLOCK_TABLE index=1901 name=3^6:L3(3) classes=62 eligible=true blocks=0 tested=0 integral=0 nonmonomial=0
BLOCK_TABLE index=1902 name=3^(3+4):2(S4xA4) classes=135 eligible=false blocks=0 tested=0 integral=0 nonmonomial=0
BLOCK_TABLE index=1903 name=A4xU4(2) classes=80 eligible=true blocks=0 tested=0 integral=0 nonmonomial=0
BLOCK_TABLE index=1904 name=2.(A4xU4(2)) classes=122 eligible=false blocks=0 tested=0 integral=0 nonmonomial=0
BLOCK_TABLE index=1905 name=2^(2+6):3^3:S3 classes=76 eligible=true blocks=1 tested=1 integral=0 nonmonomial=0
BLOCK_TABLE index=1906 name=2xU3(3).2 classes=32 eligible=true blocks=0 tested=0 integral=0 nonmonomial=0
BLOCK_TABLE index=1907 name=(2x3.A6).2 classes=32 eligible=true blocks=0 tested=0 integral=0 nonmonomial=0
BLOCK_TABLE index=1908 name=(2xL3(2)).2 classes=18 eligible=true blocks=0 tested=0 integral=0 nonmonomial=0
BLOCK_TABLE index=1909 name=(3xM10):2 classes=21 eligible=true blocks=0 tested=0 integral=0 nonmonomial=0
BLOCK_TABLE index=1910 name=11:10 classes=11 eligible=true blocks=0 tested=0 integral=0 nonmonomial=0
BLOCK_TABLE index=1911 name=13:6 classes=8 eligible=true blocks=0 tested=0 integral=0 nonmonomial=0
BLOCK_TABLE index=1912 name=19:18 classes=19 eligible=true blocks=0 tested=0 integral=0 nonmonomial=0
BLOCK_TABLE index=1913 name=19:6 classes=9 eligible=true blocks=0 tested=0 integral=0 nonmonomial=0
BLOCK_TABLE index=1914 name=2.J2M8 classes=28 eligible=true blocks=0 tested=0 integral=0 nonmonomial=0
BLOCK_TABLE index=1915 name=2A4xA5 classes=35 eligible=true blocks=0 tested=0 integral=0 nonmonomial=0
BLOCK_TABLE index=1916 name=2A5xD10 classes=36 eligible=true blocks=0 tested=0 integral=0 nonmonomial=0
BLOCK_TABLE index=1917 name=(2.A5xD10).2 classes=33 eligible=true blocks=0 tested=0 integral=0 nonmonomial=0
BLOCK_TABLE index=1918 name=2^(1+4).S5 classes=23 eligible=true blocks=1 tested=4 integral=0 nonmonomial=0
BLOCK_TABLE index=1919 name=2^(2+4):(S3xS3) classes=22 eligible=true blocks=0 tested=0 integral=0 nonmonomial=0
BLOCK_TABLE index=1920 name=2^1+4b:a5 classes=16 eligible=true blocks=0 tested=0 integral=0 nonmonomial=0
BLOCK_TABLE index=1921 name=2^2+4.3xs3 classes=20 eligible=true blocks=0 tested=0 integral=0 nonmonomial=0
BLOCK_TABLE index=1922 name=2^{1+4}_-:2A5 classes=31 eligible=true blocks=1 tested=4 integral=0 nonmonomial=0
BLOCK_TABLE index=1923 name=2^{3+4}:(3xS3) classes=37 eligible=true blocks=0 tested=0 integral=0 nonmonomial=0
BLOCK_TABLE index=1924 name=2xA5 classes=10 eligible=true blocks=0 tested=0 integral=0 nonmonomial=0
BLOCK_TABLE index=1925 name=2xU3(3) classes=28 eligible=true blocks=0 tested=0 integral=0 nonmonomial=0
BLOCK_TABLE index=1926 name=37:12 classes=15 eligible=true blocks=0 tested=0 integral=0 nonmonomial=0
BLOCK_TABLE index=1927 name=3^2.3^(1+2):8.2 classes=20 eligible=true blocks=0 tested=0 integral=0 nonmonomial=0
BLOCK_TABLE index=1928 name=3x2^4:(3xA5) classes=57 eligible=true blocks=0 tested=0 integral=0 nonmonomial=0
BLOCK_TABLE index=1929 name=3xL2(16).2 classes=48 eligible=true blocks=0 tested=0 integral=0 nonmonomial=0
BLOCK_TABLE index=1930 name=3xL2(19) classes=36 eligible=true blocks=0 tested=0 integral=0 nonmonomial=0
BLOCK_TABLE index=1931 name=3xL2(17) classes=33 eligible=true blocks=0 tested=0 integral=0 nonmonomial=0
BLOCK_TABLE index=1932 name=43:14 classes=17 eligible=true blocks=0 tested=0 integral=0 nonmonomial=0
BLOCK_TABLE index=1933 name=5^2:D12 classes=14 eligible=true blocks=0 tested=0 integral=0 nonmonomial=0
BLOCK_TABLE index=1934 name=7:6 classes=7 eligible=true blocks=0 tested=0 integral=0 nonmonomial=0
BLOCK_TABLE index=1935 name=D6xD10 classes=12 eligible=true blocks=0 tested=0 integral=0 nonmonomial=0
BLOCK_TABLE index=1936 name=(2^2xA5):2 classes=19 eligible=true blocks=1 tested=96 integral=0 nonmonomial=0
BLOCK_TABLE index=1937 name=2^3.(S4x2) classes=17 eligible=true blocks=0 tested=0 integral=0 nonmonomial=0
BLOCK_TABLE index=1938 name=F3+M7 classes=72 eligible=true blocks=0 tested=0 integral=0 nonmonomial=0
BLOCK_TABLE index=1939 name=J4M4 classes=140 eligible=false blocks=0 tested=0 integral=0 nonmonomial=0
BLOCK_TABLE index=1940 name=L2(17)x2 classes=22 eligible=true blocks=0 tested=0 integral=0 nonmonomial=0
BLOCK_TABLE index=1941 name=a4xa5 classes=20 eligible=true blocks=0 tested=0 integral=0 nonmonomial=0
BLOCK_TABLE index=1942 name=a5xd10 classes=20 eligible=true blocks=0 tested=0 integral=0 nonmonomial=0
BLOCK_TABLE index=1943 name=D10xA5 classes=20 eligible=true blocks=0 tested=0 integral=0 nonmonomial=0
BLOCK_TABLE index=1944 name=c2aj4 classes=113 eligible=false blocks=0 tested=0 integral=0 nonmonomial=0
BLOCK_TABLE index=1945 name=frob classes=29 eligible=true blocks=0 tested=0 integral=0 nonmonomial=0
BLOCK_TABLE index=1946 name=j3m4 classes=19 eligible=true blocks=0 tested=0 integral=0 nonmonomial=0
BLOCK_TABLE index=1947 name=j3m6 classes=18 eligible=true blocks=0 tested=0 integral=0 nonmonomial=0
BLOCK_TABLE index=1948 name=2^10:L5(2) classes=81 eligible=true blocks=1 tested=20 integral=0 nonmonomial=0
BLOCK_TABLE index=1949 name=O10+(2)M4 classes=81 eligible=true blocks=1 tested=20 integral=0 nonmonomial=0
BLOCK_TABLE index=1950 name=(3xO8-(2)):2 classes=99 eligible=true blocks=1 tested=96 integral=0 nonmonomial=0
BLOCK_TABLE index=1951 name=(A5xU4(2)):2 classes=95 eligible=true blocks=0 tested=0 integral=0 nonmonomial=0
BLOCK_TABLE index=1952 name=mx1j4 classes=72 eligible=true blocks=0 tested=0 integral=0 nonmonomial=0
BLOCK_TABLE index=1953 name=(A4xA5):2 classes=19 eligible=true blocks=0 tested=0 integral=0 nonmonomial=0
BLOCK_TABLE index=1954 name=(A5xD10).2 classes=19 eligible=true blocks=0 tested=0 integral=0 nonmonomial=0
BLOCK_TABLE index=1955 name=(D10xA5).2 classes=19 eligible=true blocks=0 tested=0 integral=0 nonmonomial=0
BLOCK_TABLE index=1956 name=O8+(2)N5C classes=19 eligible=true blocks=0 tested=0 integral=0 nonmonomial=0
BLOCK_TABLE index=1957 name=(A5xA5):2 classes=26 eligible=true blocks=0 tested=0 integral=0 nonmonomial=0
BLOCK_TABLE index=1958 name=(2.A5xA5):2 classes=45 eligible=true blocks=0 tested=0 integral=0 nonmonomial=0
BLOCK_TABLE index=1959 name=L3(2).2x2 classes=18 eligible=true blocks=0 tested=0 integral=0 nonmonomial=0
BLOCK_TABLE index=1960 name=3^5.U4(2) classes=47 eligible=true blocks=0 tested=0 integral=0 nonmonomial=0
BLOCK_TABLE index=1961 name=3.3^5.U4(2) classes=85 eligible=true blocks=0 tested=0 integral=0 nonmonomial=0
BLOCK_TABLE index=1962 name=C9Y3.3^5.U4(2) classes=255 eligible=false blocks=0 tested=0 integral=0 nonmonomial=0
BLOCK_TABLE index=1963 name=2^24.Co1 classes=283 eligible=false blocks=0 tested=0 integral=0 nonmonomial=0
BLOCK_TABLE index=1964 name=2^1+24.Co1 classes=349 eligible=false blocks=0 tested=0 integral=0 nonmonomial=0
BLOCK_TABLE index=1965 name=2^1+24.2.Co1 classes=655 eligible=false blocks=0 tested=0 integral=0 nonmonomial=0
BLOCK_TABLE index=1966 name=2xF4(2) classes=190 eligible=false blocks=0 tested=0 integral=0 nonmonomial=0
BLOCK_TABLE index=1967 name=2^2xF4(2) classes=380 eligible=false blocks=0 tested=0 integral=0 nonmonomial=0
BLOCK_TABLE index=1968 name=2xF4(2).2 classes=182 eligible=false blocks=0 tested=0 integral=0 nonmonomial=0
BLOCK_TABLE index=1969 name=(2^2xF4(2)):2 classes=277 eligible=false blocks=0 tested=0 integral=0 nonmonomial=0
BLOCK_TABLE index=1970 name=2x2.F4(2) classes=340 eligible=false blocks=0 tested=0 integral=0 nonmonomial=0
BLOCK_TABLE index=1971 name=2^2.2E6(2)M4 classes=340 eligible=false blocks=0 tested=0 integral=0 nonmonomial=0
BLOCK_TABLE index=1972 name=2^2.2E6(2)M5 classes=340 eligible=false blocks=0 tested=0 integral=0 nonmonomial=0
BLOCK_TABLE index=1973 name=2.2E6(2)M5 classes=170 eligible=false blocks=0 tested=0 integral=0 nonmonomial=0
BLOCK_TABLE index=1974 name=2E6(2)M4 classes=95 eligible=true blocks=0 tested=0 integral=0 nonmonomial=0
BLOCK_TABLE index=1975 name=2E6(2)M5 classes=95 eligible=true blocks=0 tested=0 integral=0 nonmonomial=0
BLOCK_TABLE index=1976 name=S3xFi22.2 classes=336 eligible=false blocks=0 tested=0 integral=0 nonmonomial=0
BLOCK_TABLE index=1977 name=2xFi22 classes=130 eligible=false blocks=0 tested=0 integral=0 nonmonomial=0
BLOCK_TABLE index=1978 name=2xFi22.2 classes=224 eligible=false blocks=0 tested=0 integral=0 nonmonomial=0
BLOCK_TABLE index=1979 name=2x2.Fi22 classes=228 eligible=false blocks=0 tested=0 integral=0 nonmonomial=0
BLOCK_TABLE index=1980 name=2^2.2E6(2)M8 classes=228 eligible=false blocks=0 tested=0 integral=0 nonmonomial=0
BLOCK_TABLE index=1981 name=2^2.2E6(2)M9 classes=228 eligible=false blocks=0 tested=0 integral=0 nonmonomial=0
BLOCK_TABLE index=1982 name=2.2E6(2)M9 classes=114 eligible=false blocks=0 tested=0 integral=0 nonmonomial=0
BLOCK_TABLE index=1983 name=2E6(2)M8 classes=65 eligible=true blocks=0 tested=0 integral=0 nonmonomial=0
BLOCK_TABLE index=1984 name=2E6(2)M9 classes=65 eligible=true blocks=0 tested=0 integral=0 nonmonomial=0
BLOCK_TABLE index=1985 name=(L3(2)xL3(4)).2 classes=66 eligible=true blocks=0 tested=0 integral=0 nonmonomial=0
BLOCK_TABLE index=1986 name=(L3(2)xL3(4).2_2).2 classes=102 eligible=false blocks=0 tested=0 integral=0 nonmonomial=0
BLOCK_TABLE index=1987 name=2E6(2)N3C classes=121 eligible=false blocks=0 tested=0 integral=0 nonmonomial=0
BLOCK_TABLE index=1988 name=2E6(2).2N3C classes=164 eligible=false blocks=0 tested=0 integral=0 nonmonomial=0
BLOCK_TABLE index=1989 name=2^2.Fi22.2 classes=273 eligible=false blocks=0 tested=0 integral=0 nonmonomial=0
BLOCK_TABLE index=1990 name=3x2.Fi22.2 classes=450 eligible=false blocks=0 tested=0 integral=0 nonmonomial=0
BLOCK_TABLE index=1991 name=(S3x2.Fi22).2 classes=423 eligible=false blocks=0 tested=0 integral=0 nonmonomial=0
BLOCK_TABLE index=1992 name=2xFi23 classes=196 eligible=false blocks=0 tested=0 integral=0 nonmonomial=0
BLOCK_TABLE index=1993 name=2xTh classes=96 eligible=true blocks=0 tested=0 integral=0 nonmonomial=0
BLOCK_TABLE index=1994 name=S3xTh classes=144 eligible=false blocks=0 tested=0 integral=0 nonmonomial=0
BLOCK_TABLE index=1995 name=(3^2:D8xU4(3).2^2).2 classes=360 eligible=false blocks=0 tested=0 integral=0 nonmonomial=0
BLOCK_TABLE index=1996 name=2x47:23 classes=50 eligible=true blocks=0 tested=0 integral=0 nonmonomial=0
BLOCK_TABLE index=1997 name=59:29 classes=31 eligible=true blocks=0 tested=0 integral=0 nonmonomial=0
BLOCK_TABLE index=1998 name=41:40 classes=41 eligible=true blocks=0 tested=0 integral=0 nonmonomial=0
BLOCK_TABLE index=1999 name=L3(3)xD8 classes=60 eligible=true blocks=0 tested=0 integral=0 nonmonomial=0
BLOCK_TABLE index=2000 name=5:4xHS.2 classes=195 eligible=false blocks=0 tested=0 integral=0 nonmonomial=0
BLOCK_TABLE index=2001 name=S4x2F4(2)'.2 classes=145 eligible=false blocks=0 tested=0 integral=0 nonmonomial=0
BLOCK_TABLE index=2002 name=A5.2xM22.2 classes=147 eligible=false blocks=0 tested=0 integral=0 nonmonomial=0
BLOCK_TABLE index=2003 name=5^2:4S4xS5 classes=140 eligible=false blocks=0 tested=0 integral=0 nonmonomial=0
BLOCK_TABLE index=2004 name=3^(3+6):(L3(3)xD8) classes=170 eligible=false blocks=0 tested=0 integral=0 nonmonomial=0
BLOCK_TABLE index=2005 name=3^6.L4(3).D8 classes=195 eligible=false blocks=0 tested=0 integral=0 nonmonomial=0
BLOCK_TABLE index=2006 name=2^2.(U3(3).2xS4) classes=124 eligible=false blocks=0 tested=0 integral=0 nonmonomial=0
BLOCK_TABLE index=2007 name=3^(1+8).2^(1+6).U4(2).2 classes=213 eligible=false blocks=0 tested=0 integral=0 nonmonomial=0
BLOCK_TABLE index=2008 name=3^2.3^3.3^6.(S4x2S4) classes=214 eligible=false blocks=0 tested=0 integral=0 nonmonomial=0
BLOCK_TABLE index=2009 name=(S6xL3(4).2).2 classes=152 eligible=false blocks=0 tested=0 integral=0 nonmonomial=0
BLOCK_TABLE index=2010 name=5^(1+4).2^(1+4).A5.4 classes=86 eligible=true blocks=1 tested=20 integral=0 nonmonomial=0
BLOCK_TABLE index=2011 name=(S6xS6).4 classes=64 eligible=true blocks=0 tested=0 integral=0 nonmonomial=0
BLOCK_TABLE index=2012 name=(D10xHN).2 classes=210 eligible=false blocks=0 tested=0 integral=0 nonmonomial=0
BLOCK_TABLE index=2013 name=7^(1+4):(3x2.S7) classes=101 eligible=false blocks=0 tested=0 integral=0 nonmonomial=0
BLOCK_TABLE index=2014 name=2^(10+16).O10+(2) classes=478 eligible=false blocks=0 tested=0 integral=0 nonmonomial=0
BLOCK_TABLE index=2015 name=3^8.O8-(3).2_3 classes=220 eligible=false blocks=0 tested=0 integral=0 nonmonomial=0
BLOCK_TABLE index=2016 name=(3^2:2xO8+(3)).S4 classes=384 eligible=false blocks=0 tested=0 integral=0 nonmonomial=0
BLOCK_TABLE index=2017 name=(2xO8+(3)).S4 classes=259 eligible=false blocks=0 tested=0 integral=0 nonmonomial=0
BLOCK_TABLE index=2018 name=3^(2+5+10).(M11x2S4) classes=342 eligible=false blocks=0 tested=0 integral=0 nonmonomial=0
BLOCK_TABLE index=2019 name=3^(3+2+6+6):(L3(3)xSD16) classes=364 eligible=false blocks=0 tested=0 integral=0 nonmonomial=0
BLOCK_TABLE index=2020 name=(3^(1+2)+x3^2):2S4 classes=31 eligible=true blocks=0 tested=0 integral=0 nonmonomial=0
BLOCK_TABLE index=2021 name=G2(3)M4 classes=31 eligible=true blocks=0 tested=0 integral=0 nonmonomial=0
BLOCK_TABLE index=2022 name=2^(1+4)+:3^2.2 classes=20 eligible=true blocks=0 tested=0 integral=0 nonmonomial=0
BLOCK_TABLE index=2023 name=A5xA5 classes=25 eligible=true blocks=0 tested=0 integral=0 nonmonomial=0
BLOCK_TABLE index=2024 name=2.(A5xA5).2 classes=40 eligible=true blocks=0 tested=0 integral=0 nonmonomial=0
BLOCK_TABLE index=2025 name=2^(5+5):31 classes=34 eligible=true blocks=0 tested=0 integral=0 nonmonomial=0
BLOCK_TABLE index=2026 name=41:4 classes=14 eligible=true blocks=0 tested=0 integral=0 nonmonomial=0
BLOCK_TABLE index=2027 name=25:4 classes=10 eligible=true blocks=0 tested=0 integral=0 nonmonomial=0
BLOCK_TABLE index=2028 name=D62 classes=17 eligible=true blocks=0 tested=0 integral=0 nonmonomial=0
BLOCK_TABLE index=2029 name=D24 classes=9 eligible=true blocks=0 tested=0 integral=0 nonmonomial=0
BLOCK_TABLE index=2030 name=D20 classes=8 eligible=true blocks=0 tested=0 integral=0 nonmonomial=0
BLOCK_TABLE index=2031 name=S3xU4(2) classes=60 eligible=true blocks=0 tested=0 integral=0 nonmonomial=0
BLOCK_TABLE index=2032 name=2xU4(3).2_2 classes=68 eligible=true blocks=0 tested=0 integral=0 nonmonomial=0
BLOCK_TABLE index=2033 name=2x3_1.U4(3).2_2 classes=184 eligible=false blocks=0 tested=0 integral=0 nonmonomial=0
BLOCK_TABLE index=2034 name=O8+(3)M14 classes=253 eligible=false blocks=0 tested=0 integral=0 nonmonomial=0
BLOCK_TABLE index=2035 name=(A4xU4(2)):2 classes=70 eligible=true blocks=0 tested=0 integral=0 nonmonomial=0
BLOCK_TABLE index=2036 name=O8+(3)M19 classes=70 eligible=true blocks=0 tested=0 integral=0 nonmonomial=0
BLOCK_TABLE index=2037 name=O8+(3)M20 classes=70 eligible=true blocks=0 tested=0 integral=0 nonmonomial=0
BLOCK_TABLE index=2038 name=O8+(3)M21 classes=70 eligible=true blocks=0 tested=0 integral=0 nonmonomial=0
BLOCK_TABLE index=2039 name=O8+(3)M22 classes=70 eligible=true blocks=0 tested=0 integral=0 nonmonomial=0
BLOCK_TABLE index=2040 name=O8+(3)M23 classes=70 eligible=true blocks=0 tested=0 integral=0 nonmonomial=0
BLOCK_TABLE index=2041 name=(A6xA6):2^2 classes=49 eligible=true blocks=0 tested=0 integral=0 nonmonomial=0
BLOCK_TABLE index=2042 name=O8+(3)M25 classes=49 eligible=true blocks=0 tested=0 integral=0 nonmonomial=0
BLOCK_TABLE index=2043 name=O8+(3)M26 classes=49 eligible=true blocks=0 tested=0 integral=0 nonmonomial=0
BLOCK_TABLE index=2044 name=(A4wr2^2):2 classes=95 eligible=true blocks=0 tested=0 integral=0 nonmonomial=0
BLOCK_TABLE index=2045 name=O8+(3)M27 classes=137 eligible=false blocks=0 tested=0 integral=0 nonmonomial=0
BLOCK_TABLE index=2046 name=2^8.A9 classes=84 eligible=true blocks=0 tested=0 integral=0 nonmonomial=0
BLOCK_TABLE index=2047 name=2..11.m23 classes=56 eligible=true blocks=0 tested=0 integral=0 nonmonomial=0
BLOCK_TABLE index=2048 name=2.2^8.f20 classes=28 eligible=true blocks=0 tested=0 integral=0 nonmonomial=0
BLOCK_TABLE index=2049 name=2^10:(2^5:s5) classes=187 eligible=false blocks=0 tested=0 integral=0 nonmonomial=0
BLOCK_TABLE index=2050 name=2^2.2^8:s3 classes=27 eligible=true blocks=0 tested=0 integral=0 nonmonomial=0
BLOCK_TABLE index=2051 name=2.[2^9]:5:4 classes=47 eligible=true blocks=0 tested=0 integral=0 nonmonomial=0
BLOCK_TABLE index=2052 name=2^2.[2^9]:S3 classes=42 eligible=true blocks=1 tested=4 integral=0 nonmonomial=0
BLOCK_TABLE index=2053 name=2^6:u3(3) classes=24 eligible=true blocks=0 tested=0 integral=0 nonmonomial=0
BLOCK_TABLE index=2054 name=2^{1+6}:3^{1+2}:2A4 classes=64 eligible=true blocks=0 tested=0 integral=0 nonmonomial=0
BLOCK_TABLE index=2055 name=2^(4+4):(3xA5) classes=43 eligible=true blocks=0 tested=0 integral=0 nonmonomial=0
BLOCK_TABLE index=2056 name=3^4:S5 classes=36 eligible=true blocks=0 tested=0 integral=0 nonmonomial=0
BLOCK_TABLE index=2057 name=3.s7x2 classes=44 eligible=true blocks=0 tested=0 integral=0 nonmonomial=0
BLOCK_TABLE index=2058 name=4.s4 classes=16 eligible=true blocks=0 tested=0 integral=0 nonmonomial=0
BLOCK_TABLE index=2059 name=4^2:s3 classes=10 eligible=true blocks=0 tested=0 integral=0 nonmonomial=0
BLOCK_TABLE index=2060 name=A11Syl2 classes=20 eligible=true blocks=0 tested=0 integral=0 nonmonomial=0
BLOCK_TABLE index=2061 name=a4 classes=4 eligible=true blocks=0 tested=0 integral=0 nonmonomial=0
BLOCK_TABLE index=2062 name=2.L2(3) classes=7 eligible=true blocks=0 tested=0 integral=0 nonmonomial=0
BLOCK_TABLE index=2063 name=a5wc2 classes=20 eligible=true blocks=0 tested=0 integral=0 nonmonomial=0
BLOCK_TABLE index=2064 name=S4(4)M6 classes=20 eligible=true blocks=0 tested=0 integral=0 nonmonomial=0
BLOCK_TABLE index=2065 name=affine classes=33 eligible=true blocks=1 tested=4 integral=0 nonmonomial=0
BLOCK_TABLE index=2066 name=b33141 classes=23 eligible=true blocks=0 tested=0 integral=0 nonmonomial=0
BLOCK_TABLE index=2067 name=bd10 classes=8 eligible=true blocks=0 tested=0 integral=0 nonmonomial=0
BLOCK_TABLE index=2068 name=bd6 classes=6 eligible=true blocks=0 tested=0 integral=0 nonmonomial=0
BLOCK_TABLE index=2069 name=bd8 classes=7 eligible=true blocks=0 tested=0 integral=0 nonmonomial=0
BLOCK_TABLE index=2070 name=M22C2A classes=17 eligible=true blocks=0 tested=0 integral=0 nonmonomial=0
BLOCK_TABLE index=2071 name=M24C2B classes=30 eligible=true blocks=1 tested=4 integral=0 nonmonomial=0
BLOCK_TABLE index=2072 name=c3d2 classes=24 eligible=true blocks=0 tested=0 integral=0 nonmonomial=0
BLOCK_TABLE index=2073 name=D120 classes=33 eligible=true blocks=0 tested=0 integral=0 nonmonomial=0
BLOCK_TABLE index=2074 name=esp43t classes=90 eligible=true blocks=0 tested=0 integral=0 nonmonomial=0
BLOCK_TABLE index=2075 name=j2nd2 classes=20 eligible=true blocks=0 tested=0 integral=0 nonmonomial=0
BLOCK_TABLE index=2076 name=2^10:m22 classes=43 eligible=true blocks=0 tested=0 integral=0 nonmonomial=0
BLOCK_TABLE index=2077 name=2.Fi22M5 classes=69 eligible=true blocks=0 tested=0 integral=0 nonmonomial=0
BLOCK_TABLE index=2078 name=3.Fi22M5 classes=121 eligible=false blocks=0 tested=0 integral=0 nonmonomial=0
BLOCK_TABLE index=2079 name=6.Fi22M5 classes=191 eligible=false blocks=0 tested=0 integral=0 nonmonomial=0
BLOCK_TABLE index=2080 name=2^6:s6f2 classes=67 eligible=true blocks=1 tested=96 integral=0 nonmonomial=0
BLOCK_TABLE index=2081 name=f22s2 classes=215 eligible=false blocks=0 tested=0 integral=0 nonmonomial=0
BLOCK_TABLE index=2082 name=g61 classes=61 eligible=true blocks=0 tested=0 integral=0 nonmonomial=0
BLOCK_TABLE index=2083 name=g61s1 classes=60 eligible=true blocks=0 tested=0 integral=0 nonmonomial=0
BLOCK_TABLE index=2084 name=g72x16 classes=80 eligible=true blocks=0 tested=0 integral=0 nonmonomial=0
BLOCK_TABLE index=2085 name=ghh classes=27 eligible=true blocks=0 tested=0 integral=0 nonmonomial=0
BLOCK_TABLE index=2086 name=gl25 classes=24 eligible=true blocks=0 tested=0 integral=0 nonmonomial=0
BLOCK_TABLE index=2087 name=group2 classes=41 eligible=true blocks=0 tested=0 integral=0 nonmonomial=0
BLOCK_TABLE index=2088 name=group3 classes=15 eligible=true blocks=0 tested=0 integral=0 nonmonomial=0
BLOCK_TABLE index=2089 name=group5 classes=24 eligible=true blocks=0 tested=0 integral=0 nonmonomial=0
BLOCK_TABLE index=2090 name=group6 classes=13 eligible=true blocks=0 tested=0 integral=0 nonmonomial=0
BLOCK_TABLE index=2091 name=gs4 classes=16 eligible=true blocks=0 tested=0 integral=0 nonmonomial=0
BLOCK_TABLE index=2092 name=h4 classes=34 eligible=true blocks=0 tested=0 integral=0 nonmonomial=0
BLOCK_TABLE index=2093 name=hed3 classes=20 eligible=true blocks=0 tested=0 integral=0 nonmonomial=0
BLOCK_TABLE index=2094 name=hess classes=24 eligible=true blocks=0 tested=0 integral=0 nonmonomial=0
BLOCK_TABLE index=2095 name=hsd2 classes=20 eligible=true blocks=0 tested=0 integral=0 nonmonomial=0
BLOCK_TABLE index=2096 name=m12d2 classes=12 eligible=true blocks=0 tested=0 integral=0 nonmonomial=0
BLOCK_TABLE index=2097 name=mo61 classes=20 eligible=true blocks=1 tested=96 integral=0 nonmonomial=0
BLOCK_TABLE index=2098 name=2^4:(S3xS3) classes=16 eligible=true blocks=0 tested=0 integral=0 nonmonomial=0
BLOCK_TABLE index=2099 name=mo62 classes=18 eligible=true blocks=1 tested=4 integral=0 nonmonomial=0
BLOCK_TABLE index=2100 name=mo62p classes=12 eligible=true blocks=0 tested=0 integral=0 nonmonomial=0
BLOCK_TABLE index=2101 name=mo81 classes=64 eligible=true blocks=0 tested=0 integral=0 nonmonomial=0
BLOCK_TABLE index=2102 name=2^6:A8 classes=41 eligible=true blocks=1 tested=20 integral=0 nonmonomial=0
BLOCK_TABLE index=2103 name=2^(1+6)_+.A8 classes=55 eligible=true blocks=1 tested=20 integral=0 nonmonomial=0
BLOCK_TABLE index=2104 name=ons1 classes=18 eligible=true blocks=0 tested=0 integral=0 nonmonomial=0
BLOCK_TABLE index=2105 name=S3xU4(3) classes=60 eligible=true blocks=0 tested=0 integral=0 nonmonomial=0
BLOCK_TABLE index=2106 name=P1L62 classes=52 eligible=true blocks=0 tested=0 integral=0 nonmonomial=0
BLOCK_TABLE index=2107 name=2^6:L6(2) classes=112 eligible=false blocks=0 tested=0 integral=0 nonmonomial=0
BLOCK_TABLE index=2108 name=P1L82 classes=229 eligible=false blocks=0 tested=0 integral=0 nonmonomial=0
BLOCK_TABLE index=2109 name=P2L62 classes=80 eligible=true blocks=0 tested=0 integral=0 nonmonomial=0
BLOCK_TABLE index=2110 name=2^10:(L5(2)xS3) classes=164 eligible=false blocks=0 tested=0 integral=0 nonmonomial=0
BLOCK_TABLE index=2111 name=P3L62 classes=77 eligible=true blocks=0 tested=0 integral=0 nonmonomial=0
BLOCK_TABLE index=2112 name=2^12:(L4(2)xL3(2)) classes=180 eligible=false blocks=0 tested=0 integral=0 nonmonomial=0
BLOCK_TABLE index=2113 name=P2L82 classes=364 eligible=false blocks=0 tested=0 integral=0 nonmonomial=0
BLOCK_TABLE index=2114 name=L3(4)Syl2 classes=19 eligible=true blocks=0 tested=0 integral=0 nonmonomial=0
BLOCK_TABLE index=2115 name=M23C2A classes=16 eligible=true blocks=0 tested=0 integral=0 nonmonomial=0
BLOCK_TABLE index=2116 name=U72CT classes=278 eligible=false blocks=0 tested=0 integral=0 nonmonomial=0
BLOCK_TABLE index=2117 name=pap classes=11 eligible=true blocks=0 tested=0 integral=0 nonmonomial=0
BLOCK_TABLE index=2118 name=V4 classes=4 eligible=true blocks=0 tested=0 integral=0 nonmonomial=0
BLOCK_TABLE index=2119 name=Q8 classes=5 eligible=true blocks=0 tested=0 integral=0 nonmonomial=0
BLOCK_TABLE index=2120 name=M24C2A classes=30 eligible=true blocks=0 tested=0 integral=0 nonmonomial=0
BLOCK_TABLE index=2121 name=s2wrs2 classes=5 eligible=true blocks=0 tested=0 integral=0 nonmonomial=0
BLOCK_TABLE index=2122 name=s2wrs3 classes=10 eligible=true blocks=0 tested=0 integral=0 nonmonomial=0
BLOCK_TABLE index=2123 name=s2wrs4 classes=20 eligible=true blocks=0 tested=0 integral=0 nonmonomial=0
BLOCK_TABLE index=2124 name=s2wrs5 classes=36 eligible=true blocks=1 tested=672 integral=0 nonmonomial=0
BLOCK_TABLE index=2125 name=s3wrs2 classes=9 eligible=true blocks=1 tested=96 integral=0 nonmonomial=0
BLOCK_TABLE index=2126 name=s3wrs3 classes=22 eligible=true blocks=0 tested=0 integral=0 nonmonomial=0
BLOCK_TABLE index=2127 name=s4 classes=5 eligible=true blocks=0 tested=0 integral=0 nonmonomial=0
BLOCK_TABLE index=2128 name=A6M5 classes=5 eligible=true blocks=0 tested=0 integral=0 nonmonomial=0
BLOCK_TABLE index=2129 name=s4wrs2 classes=20 eligible=true blocks=1 tested=96 integral=0 nonmonomial=0
BLOCK_TABLE index=2130 name=s5wrs2 classes=35 eligible=true blocks=0 tested=0 integral=0 nonmonomial=0
BLOCK_TABLE index=2131 name=S4wrS3 classes=65 eligible=true blocks=1 tested=672 integral=0 nonmonomial=0
BLOCK_TABLE index=2132 name=S3wrS4 classes=51 eligible=true blocks=0 tested=0 integral=0 nonmonomial=0
BLOCK_TABLE index=2133 name=2^6:S6 classes=65 eligible=true blocks=0 tested=0 integral=0 nonmonomial=0
BLOCK_TABLE index=2134 name=A8.2N2 classes=20 eligible=true blocks=0 tested=0 integral=0 nonmonomial=0
BLOCK_TABLE index=2135 name=s61p classes=16 eligible=true blocks=0 tested=0 integral=0 nonmonomial=0
BLOCK_TABLE index=2136 name=sl25ex classes=33 eligible=true blocks=0 tested=0 integral=0 nonmonomial=0
BLOCK_TABLE index=2137 name=D8x3^2:Q8 classes=30 eligible=true blocks=0 tested=0 integral=0 nonmonomial=0
BLOCK_TABLE index=2138 name=suzd2 classes=30 eligible=true blocks=0 tested=0 integral=0 nonmonomial=0
BLOCK_TABLE index=2139 name=suzdx classes=36 eligible=true blocks=1 tested=4 integral=0 nonmonomial=0
BLOCK_TABLE index=2140 name=suzs2 classes=107 eligible=false blocks=0 tested=0 integral=0 nonmonomial=0
BLOCK_TABLE index=2141 name=twd5a classes=25 eligible=true blocks=1 tested=4 integral=0 nonmonomial=0
BLOCK_TABLE index=2142 name=w(d4) classes=13 eligible=true blocks=0 tested=0 integral=0 nonmonomial=0
BLOCK_TABLE index=2143 name=w(d5) classes=18 eligible=true blocks=1 tested=4 integral=0 nonmonomial=0
BLOCK_TABLE index=2144 name=w(f4) classes=25 eligible=true blocks=0 tested=0 integral=0 nonmonomial=0
BLOCK_TABLE index=2145 name=2^4:3^2:4 classes=13 eligible=true blocks=0 tested=0 integral=0 nonmonomial=0
BLOCK_TABLE index=2146 name=2^6:3^(1+2).D8 classes=30 eligible=true blocks=1 tested=96 integral=0 nonmonomial=0
BLOCK_TABLE index=2147 name=3^(1+4):4S4 classes=26 eligible=true blocks=0 tested=0 integral=0 nonmonomial=0
BLOCK_TABLE index=2148 name=2^(4+4).(S3xS3).2 classes=37 eligible=true blocks=1 tested=96 integral=0 nonmonomial=0
BLOCK_TABLE index=2149 name=2.2^(2+2).2^(1+1+2+2):S4 classes=52 eligible=true blocks=0 tested=0 integral=0 nonmonomial=0
BLOCK_TABLE index=2150 name=2^(2+1+2).2^(1+1+2).2^2.S4 classes=53 eligible=true blocks=0 tested=0 integral=0 nonmonomial=0
BLOCK_TABLE index=2151 name=2^(4+10).(S4xS3) classes=205 eligible=false blocks=0 tested=0 integral=0 nonmonomial=0
BLOCK_TABLE index=2152 name=5^(1+4):4.3^2:D8 classes=50 eligible=true blocks=1 tested=672 integral=0 nonmonomial=0
BLOCK_TABLE index=2153 name=2^11.2^6.3^(1+2).D8 classes=199 eligible=false blocks=0 tested=0 integral=0 nonmonomial=0
BLOCK_TABLE index=2154 name=2^(4+12).(S3x3^(1+2)_+:D8) classes=238 eligible=false blocks=0 tested=0 integral=0 nonmonomial=0
BLOCK_TABLE index=2155 name=3^(1+10)_+:2^(1+6)_-:3^(1+2)_+:2S4 classes=283 eligible=false blocks=0 tested=0 integral=0 nonmonomial=0
BLOCK_TABLE index=2156 name=3^(1+10)_+:(2x2^(1+6)_-:3^(1+2)_+:2S4) classes=503 eligible=false blocks=0 tested=0 integral=0 nonmonomial=0
BLOCK_TABLE index=2157 name=2^12:Sz(8) classes=41 eligible=true blocks=0 tested=0 integral=0 nonmonomial=0
BLOCK_TABLE index=2158 name=2^10:M22' classes=47 eligible=true blocks=0 tested=0 integral=0 nonmonomial=0
BLOCK_TABLE index=2159 name=2^12:J2 classes=53 eligible=true blocks=0 tested=0 integral=0 nonmonomial=0
BLOCK_TABLE index=2160 name=2.B classes=247 eligible=false blocks=0 tested=0 integral=0 nonmonomial=0
BLOCK_TABLE index=2161 name=B classes=184 eligible=false blocks=0 tested=0 integral=0 nonmonomial=0
BLOCK_TABLE index=2162 name=M classes=194 eligible=false blocks=0 tested=0 integral=0 nonmonomial=0
BLOCK_TABLE index=2163 name=(3^2:2xG2(3)).2 classes=102 eligible=false blocks=0 tested=0 integral=0 nonmonomial=0
BLOCK_TABLE index=2164 name=(3xA6).2_1 classes=18 eligible=true blocks=0 tested=0 integral=0 nonmonomial=0
BLOCK_TABLE index=2165 name=(A6xA6).D8 classes=44 eligible=true blocks=0 tested=0 integral=0 nonmonomial=0
BLOCK_TABLE index=2166 name=2.(A4xA4) classes=25 eligible=true blocks=0 tested=0 integral=0 nonmonomial=0
BLOCK_TABLE index=2167 name=2.2^(2+8).(3xA5) classes=59 eligible=true blocks=0 tested=0 integral=0 nonmonomial=0
BLOCK_TABLE index=2168 name=2F4(8) classes=113 eligible=false blocks=0 tested=0 integral=0 nonmonomial=0
BLOCK_TABLE index=2169 name=2^(1+6)_-3.3.3^2:2 classes=41 eligible=true blocks=1 tested=18 integral=0 nonmonomial=0
BLOCK_TABLE index=2170 name=2^(2+8):(3xA5) classes=35 eligible=true blocks=0 tested=0 integral=0 nonmonomial=0
BLOCK_TABLE index=2171 name=2^(4+6):(A5x3) classes=42 eligible=true blocks=0 tested=0 integral=0 nonmonomial=0
BLOCK_TABLE index=2172 name=2^(4+8):(S3xA5) classes=68 eligible=true blocks=0 tested=0 integral=0 nonmonomial=0
BLOCK_TABLE index=2173 name=2^5:L5(2) classes=52 eligible=true blocks=0 tested=0 integral=0 nonmonomial=0
BLOCK_TABLE index=2174 name=2^6:U4(2) classes=43 eligible=true blocks=1 tested=20 integral=0 nonmonomial=0
BLOCK_TABLE index=2175 name=2^8:O8-(2) classes=112 eligible=false blocks=0 tested=0 integral=0 nonmonomial=0
BLOCK_TABLE index=2176 name=2^9.L3(4) classes=35 eligible=true blocks=0 tested=0 integral=0 nonmonomial=0
BLOCK_TABLE index=2177 name=2.U6(2)M3 classes=53 eligible=true blocks=0 tested=0 integral=0 nonmonomial=0
BLOCK_TABLE index=2178 name=3.U6(2)M3 classes=101 eligible=false blocks=0 tested=0 integral=0 nonmonomial=0
BLOCK_TABLE index=2179 name=6.U6(2)M3 classes=151 eligible=false blocks=0 tested=0 integral=0 nonmonomial=0
BLOCK_TABLE index=2180 name=2^2.U6(2)M3 classes=89 eligible=true blocks=0 tested=0 integral=0 nonmonomial=0
BLOCK_TABLE index=2181 name=(2^2x3).U6(2)M3 classes=251 eligible=false blocks=0 tested=0 integral=0 nonmonomial=0
BLOCK_TABLE index=2182 name=2xS6(2) classes=60 eligible=true blocks=0 tested=0 integral=0 nonmonomial=0
BLOCK_TABLE index=2183 name=3.ONM6 classes=46 eligible=true blocks=0 tested=0 integral=0 nonmonomial=0
BLOCK_TABLE index=2184 name=3^(1+4).2U4(2) classes=126 eligible=false blocks=0 tested=0 integral=0 nonmonomial=0
BLOCK_TABLE index=2185 name=3^(1+4).2U4(2).2 classes=90 eligible=true blocks=0 tested=0 integral=0 nonmonomial=0
BLOCK_TABLE index=2186 name=3^3.S4 classes=14 eligible=true blocks=0 tested=0 integral=0 nonmonomial=0
BLOCK_TABLE index=2187 name=3^3:A4 classes=13 eligible=true blocks=0 tested=0 integral=0 nonmonomial=0
BLOCK_TABLE index=2188 name=3^4.2U4(2) classes=58 eligible=true blocks=0 tested=0 integral=0 nonmonomial=0
BLOCK_TABLE index=2189 name=3^4.2U4(2).2 classes=56 eligible=true blocks=0 tested=0 integral=0 nonmonomial=0
BLOCK_TABLE index=2190 name=3^4:(2xA5) classes=24 eligible=true blocks=0 tested=0 integral=0 nonmonomial=0
BLOCK_TABLE index=2191 name=3^4:A6 classes=21 eligible=true blocks=0 tested=0 integral=0 nonmonomial=0
BLOCK_TABLE index=2192 name=2x3^4:A6 classes=42 eligible=true blocks=0 tested=0 integral=0 nonmonomial=0
BLOCK_TABLE index=2193 name=3^4:2.A6 classes=39 eligible=true blocks=0 tested=0 integral=0 nonmonomial=0
BLOCK_TABLE index=2194 name=2.(2x3^4:A6) classes=78 eligible=true blocks=0 tested=0 integral=0 nonmonomial=0
BLOCK_TABLE index=2195 name=4.3^(1+4)_+.2S4 classes=88 eligible=true blocks=0 tested=0 integral=0 nonmonomial=0
BLOCK_TABLE index=2196 name=3^2.(3^4:A6) classes=109 eligible=false blocks=0 tested=0 integral=0 nonmonomial=0
BLOCK_TABLE index=2197 name=3^2.(3^(1+4)_+.2S4) classes=154 eligible=false blocks=0 tested=0 integral=0 nonmonomial=0
BLOCK_TABLE index=2198 name=3^6:L4(3) classes=111 eligible=false blocks=0 tested=0 integral=0 nonmonomial=0
BLOCK_TABLE index=2199 name=O8+(3)M8 classes=111 eligible=false blocks=0 tested=0 integral=0 nonmonomial=0
BLOCK_TABLE index=2200 name=O8+(3)M9 classes=111 eligible=false blocks=0 tested=0 integral=0 nonmonomial=0
BLOCK_TABLE index=2201 name=3^7.O7(3) classes=183 eligible=false blocks=0 tested=0 integral=0 nonmonomial=0
BLOCK_TABLE index=2202 name=5^(1+4):GL(2,5) classes=50 eligible=true blocks=0 tested=0 integral=0 nonmonomial=0
BLOCK_TABLE index=2203 name=6xU5(2) classes=282 eligible=false blocks=0 tested=0 integral=0 nonmonomial=0
BLOCK_TABLE index=2204 name=7^2:2.L2(7).2 classes=21 eligible=true blocks=0 tested=0 integral=0 nonmonomial=0
BLOCK_TABLE index=2205 name=(7^2)b:2.L2(7).2 classes=21 eligible=true blocks=0 tested=0 integral=0 nonmonomial=0
BLOCK_TABLE index=2206 name=A6.D8 classes=23 eligible=true blocks=0 tested=0 integral=0 nonmonomial=0
BLOCK_TABLE index=2207 name=D8xL4(3).2_2 classes=245 eligible=false blocks=0 tested=0 integral=0 nonmonomial=0
BLOCK_TABLE index=2208 name=M22.2M3 classes=21 eligible=true blocks=0 tested=0 integral=0 nonmonomial=0
BLOCK_TABLE index=2209 name=O7(3).2x2 classes=196 eligible=false blocks=0 tested=0 integral=0 nonmonomial=0
BLOCK_TABLE index=2210 name=O8-(3).2_1M4 classes=196 eligible=false blocks=0 tested=0 integral=0 nonmonomial=0
BLOCK_TABLE index=2211 name=S4xU4(2).2 classes=125 eligible=false blocks=0 tested=0 integral=0 nonmonomial=0
BLOCK_TABLE index=2212 name=O8-(3)M8 classes=125 eligible=false blocks=0 tested=0 integral=0 nonmonomial=0
BLOCK_TABLE index=2213 name=2^6:U4(2).2 classes=65 eligible=true blocks=2 tested=100 integral=0 nonmonomial=0
BLOCK_TABLE index=2214 name=(S3xS3):2xS5 classes=63 eligible=true blocks=1 tested=96 integral=0 nonmonomial=0
BLOCK_TABLE index=2215 name=2^3.L3(2) classes=11 eligible=true blocks=0 tested=0 integral=0 nonmonomial=0
BLOCK_TABLE index=2216 name=S8(2)M3 classes=114 eligible=false blocks=0 tested=0 integral=0 nonmonomial=0
BLOCK_TABLE index=2217 name=2^10.A8 classes=81 eligible=true blocks=1 tested=4 integral=0 nonmonomial=0
BLOCK_TABLE index=2218 name=(S6xS6):2 classes=77 eligible=true blocks=0 tested=0 integral=0 nonmonomial=0
BLOCK_TABLE index=2219 name=2^(3+8):(S3xS6) classes=185 eligible=false blocks=0 tested=0 integral=0 nonmonomial=0
BLOCK_TABLE index=2220 name=S3xS6(2) classes=90 eligible=true blocks=0 tested=0 integral=0 nonmonomial=0
BLOCK_TABLE index=2221 name=2xS3xS6(2) classes=180 eligible=false blocks=0 tested=0 integral=0 nonmonomial=0
BLOCK_TABLE index=2222 name=2^(6+6):(S3xL3(2)) classes=139 eligible=false blocks=0 tested=0 integral=0 nonmonomial=0
BLOCK_TABLE index=2223 name=2^8:S6(2) classes=70 eligible=true blocks=1 tested=20 integral=0 nonmonomial=0
BLOCK_TABLE index=2224 name=2^6:S8 classes=64 eligible=true blocks=0 tested=0 integral=0 nonmonomial=0
BLOCK_TABLE index=2225 name=2^(1+4).S3 classes=17 eligible=true blocks=0 tested=0 integral=0 nonmonomial=0
BLOCK_TABLE index=2226 name=2x3.A6 classes=34 eligible=true blocks=0 tested=0 integral=0 nonmonomial=0
BLOCK_TABLE index=2227 name=7^1+2.6 classes=50 eligible=true blocks=0 tested=0 integral=0 nonmonomial=0
BLOCK_TABLE index=2228 name=M12C4 classes=14 eligible=true blocks=0 tested=0 integral=0 nonmonomial=0
BLOCK_TABLE index=2229 name=1/2(8xS3) classes=12 eligible=true blocks=0 tested=0 integral=0 nonmonomial=0
BLOCK_TABLE index=2230 name=(2^2x3).2 classes=9 eligible=true blocks=0 tested=0 integral=0 nonmonomial=0
BLOCK_TABLE index=2231 name=4.2^2 classes=10 eligible=true blocks=0 tested=0 integral=0 nonmonomial=0
BLOCK_TABLE index=2232 name=(4xA6).2^2 classes=46 eligible=true blocks=0 tested=0 integral=0 nonmonomial=0
BLOCK_TABLE index=2233 name=5^1+2.2A4 classes=36 eligible=true blocks=0 tested=0 integral=0 nonmonomial=0
BLOCK_TABLE index=2234 name=13^1+2.2A4 classes=98 eligible=true blocks=0 tested=0 integral=0 nonmonomial=0
BLOCK_TABLE index=2235 name=7^1+4.2A7 classes=130 eligible=false blocks=0 tested=0 integral=0 nonmonomial=0
BLOCK_TABLE index=2236 name=7xL2(8) classes=63 eligible=true blocks=0 tested=0 integral=0 nonmonomial=0
BLOCK_TABLE index=2237 name=(7xL2(8)).3 classes=29 eligible=true blocks=0 tested=0 integral=0 nonmonomial=0
BLOCK_TABLE index=2238 name=O7(3)N3A classes=84 eligible=true blocks=0 tested=0 integral=0 nonmonomial=0
BLOCK_TABLE index=2239 name=2^6:A7 classes=32 eligible=true blocks=0 tested=0 integral=0 nonmonomial=0
BLOCK_TABLE index=2240 name=2^8:S8 classes=62 eligible=true blocks=1 tested=4 integral=0 nonmonomial=0
BLOCK_TABLE index=2241 name=2^(1+8):S8 classes=84 eligible=true blocks=1 tested=4 integral=0 nonmonomial=0
BLOCK_TABLE index=2242 name=2^6:S5 classes=40 eligible=true blocks=0 tested=0 integral=0 nonmonomial=0
BLOCK_TABLE index=2243 name=L3(2)wr2 classes=27 eligible=true blocks=0 tested=0 integral=0 nonmonomial=0
BLOCK_TABLE index=2244 name=O10+(3) classes=393 eligible=false blocks=0 tested=0 integral=0 nonmonomial=0
BLOCK_TABLE index=2245 name=2.O7(3) classes=88 eligible=true blocks=0 tested=0 integral=0 nonmonomial=0
BLOCK_TABLE index=2246 name=2.O7(3).2 classes=140 eligible=false blocks=0 tested=0 integral=0 nonmonomial=0
BLOCK_TABLE index=2247 name=Isoclinic(2.O7(3).2) classes=140 eligible=false blocks=0 tested=0 integral=0 nonmonomial=0
BLOCK_TABLE index=2248 name=3.O7(3) classes=126 eligible=false blocks=0 tested=0 integral=0 nonmonomial=0
BLOCK_TABLE index=2249 name=3.Fi22M3 classes=126 eligible=false blocks=0 tested=0 integral=0 nonmonomial=0
BLOCK_TABLE index=2250 name=3.O7(3).2 classes=132 eligible=false blocks=0 tested=0 integral=0 nonmonomial=0
BLOCK_TABLE index=2251 name=6.O7(3) classes=180 eligible=false blocks=0 tested=0 integral=0 nonmonomial=0
BLOCK_TABLE index=2252 name=6.O7(3).2 classes=186 eligible=false blocks=0 tested=0 integral=0 nonmonomial=0
BLOCK_TABLE index=2253 name=Isoclinic(6.O7(3).2) classes=186 eligible=false blocks=0 tested=0 integral=0 nonmonomial=0
BLOCK_TABLE index=2254 name=Fi22M3 classes=58 eligible=true blocks=0 tested=0 integral=0 nonmonomial=0
BLOCK_TABLE index=2255 name=O7(3) classes=58 eligible=true blocks=0 tested=0 integral=0 nonmonomial=0
BLOCK_TABLE index=2256 name=O8+(3)M2 classes=58 eligible=true blocks=0 tested=0 integral=0 nonmonomial=0
BLOCK_TABLE index=2257 name=O8+(3)M3 classes=58 eligible=true blocks=0 tested=0 integral=0 nonmonomial=0
BLOCK_TABLE index=2258 name=O8+(3)M4 classes=58 eligible=true blocks=0 tested=0 integral=0 nonmonomial=0
BLOCK_TABLE index=2259 name=O8+(3)M5 classes=58 eligible=true blocks=0 tested=0 integral=0 nonmonomial=0
BLOCK_TABLE index=2260 name=O8+(3)M6 classes=58 eligible=true blocks=0 tested=0 integral=0 nonmonomial=0
BLOCK_TABLE index=2261 name=O7(3).2 classes=98 eligible=true blocks=0 tested=0 integral=0 nonmonomial=0
BLOCK_TABLE index=2262 name=O8-(3)M3 classes=98 eligible=true blocks=0 tested=0 integral=0 nonmonomial=0
BLOCK_TABLE index=2263 name=2.O8+(2) classes=83 eligible=true blocks=0 tested=0 integral=0 nonmonomial=0
BLOCK_TABLE index=2264 name=2.O8+(2).2 classes=112 eligible=false blocks=0 tested=0 integral=0 nonmonomial=0
BLOCK_TABLE index=2265 name=Isoclinic(2.O8+(2).2) classes=112 eligible=false blocks=0 tested=0 integral=0 nonmonomial=0
BLOCK_TABLE index=2266 name=2^2.O8+(2) classes=143 eligible=false blocks=0 tested=0 integral=0 nonmonomial=0
BLOCK_TABLE index=2267 name=2^2.O8+(2).2 classes=142 eligible=false blocks=0 tested=0 integral=0 nonmonomial=0
BLOCK_TABLE index=2268 name=2^2.O8+(2).3 classes=85 eligible=true blocks=0 tested=0 integral=0 nonmonomial=0
BLOCK_TABLE index=2269 name=2^2.O8+(2).3.2 classes=113 eligible=false blocks=0 tested=0 integral=0 nonmonomial=0
BLOCK_TABLE index=2270 name=O8+(2) classes=53 eligible=true blocks=0 tested=0 integral=0 nonmonomial=0
BLOCK_TABLE index=2271 name=O8+(3)M11 classes=53 eligible=true blocks=0 tested=0 integral=0 nonmonomial=0
BLOCK_TABLE index=2272 name=O8+(3)M12 classes=53 eligible=true blocks=0 tested=0 integral=0 nonmonomial=0
BLOCK_TABLE index=2273 name=O8+(3)M13 classes=53 eligible=true blocks=0 tested=0 integral=0 nonmonomial=0
BLOCK_TABLE index=2274 name=O8+(2).2 classes=67 eligible=true blocks=1 tested=18 integral=0 nonmonomial=0
BLOCK_TABLE index=2275 name=O8+(2).3 classes=55 eligible=true blocks=0 tested=0 integral=0 nonmonomial=0
BLOCK_TABLE index=2276 name=O8+(2).3.2 classes=68 eligible=true blocks=0 tested=0 integral=0 nonmonomial=0
BLOCK_TABLE index=2277 name=F4(2)M8 classes=68 eligible=true blocks=0 tested=0 integral=0 nonmonomial=0
BLOCK_TABLE index=2278 name=O8+(3) classes=114 eligible=false blocks=0 tested=0 integral=0 nonmonomial=0
BLOCK_TABLE index=2279 name=O8+(3).2_1 classes=144 eligible=false blocks=0 tested=0 integral=0 nonmonomial=0
BLOCK_TABLE index=2280 name=O8+(3).2_1' classes=144 eligible=false blocks=0 tested=0 integral=0 nonmonomial=0
BLOCK_TABLE index=2281 name=O8+(3).2_1'' classes=144 eligible=false blocks=0 tested=0 integral=0 nonmonomial=0
BLOCK_TABLE index=2282 name=O8+(3).2_2 classes=135 eligible=false blocks=0 tested=0 integral=0 nonmonomial=0
BLOCK_TABLE index=2283 name=O8+(3).2_2' classes=135 eligible=false blocks=0 tested=0 integral=0 nonmonomial=0
BLOCK_TABLE index=2284 name=O8+(3).3 classes=94 eligible=true blocks=1 tested=20 integral=0 nonmonomial=0
BLOCK_TABLE index=2285 name=O8+(3).3.2 classes=125 eligible=false blocks=0 tested=0 integral=0 nonmonomial=0
BLOCK_TABLE index=2286 name=O8+(3).4 classes=144 eligible=false blocks=0 tested=0 integral=0 nonmonomial=0
BLOCK_TABLE index=2287 name=O8+(3).(2^2)_{111} classes=219 eligible=false blocks=0 tested=0 integral=0 nonmonomial=0
BLOCK_TABLE index=2288 name=O8+(3).(2^2)_{122} classes=213 eligible=false blocks=0 tested=0 integral=0 nonmonomial=0
BLOCK_TABLE index=2289 name=O8+(3).D8 classes=216 eligible=false blocks=0 tested=0 integral=0 nonmonomial=0
BLOCK_TABLE index=2290 name=O8+(3).A4 classes=129 eligible=false blocks=0 tested=0 integral=0 nonmonomial=0
BLOCK_TABLE index=2291 name=O8+(3).S4 classes=171 eligible=false blocks=0 tested=0 integral=0 nonmonomial=0
BLOCK_TABLE index=2292 name=2.O8+(3) classes=194 eligible=false blocks=0 tested=0 integral=0 nonmonomial=0
BLOCK_TABLE index=2293 name=2^2.O8+(3) classes=354 eligible=false blocks=0 tested=0 integral=0 nonmonomial=0
BLOCK_TABLE index=2294 name=2^2.O8+(3).3 classes=174 eligible=false blocks=0 tested=0 integral=0 nonmonomial=0
BLOCK_TABLE index=2295 name=O10+(2) classes=97 eligible=true blocks=0 tested=0 integral=0 nonmonomial=0
BLOCK_TABLE index=2296 name=O10+(2).2 classes=155 eligible=false blocks=0 tested=0 integral=0 nonmonomial=0
BLOCK_TABLE index=2297 name=O10-(2) classes=115 eligible=false blocks=0 tested=0 integral=0 nonmonomial=0
BLOCK_TABLE index=2298 name=O10-(2).2 classes=164 eligible=false blocks=0 tested=0 integral=0 nonmonomial=0
BLOCK_TABLE index=2299 name=O8-(2) classes=39 eligible=true blocks=0 tested=0 integral=0 nonmonomial=0
BLOCK_TABLE index=2300 name=O8-(2).2 classes=60 eligible=true blocks=1 tested=96 integral=0 nonmonomial=0
BLOCK_TABLE index=2301 name=O8-(3) classes=112 eligible=false blocks=0 tested=0 integral=0 nonmonomial=0
BLOCK_TABLE index=2302 name=2.O8-(3) classes=190 eligible=false blocks=0 tested=0 integral=0 nonmonomial=0
BLOCK_TABLE index=2303 name=O8-(3).2_1 classes=188 eligible=false blocks=0 tested=0 integral=0 nonmonomial=0
BLOCK_TABLE index=2304 name=O8-(3).2_2 classes=155 eligible=false blocks=0 tested=0 integral=0 nonmonomial=0
BLOCK_TABLE index=2305 name=O8-(3).2_3 classes=119 eligible=false blocks=0 tested=0 integral=0 nonmonomial=0
BLOCK_TABLE index=2306 name=O8-(3).2^2 classes=184 eligible=false blocks=0 tested=0 integral=0 nonmonomial=0
BLOCK_TABLE index=2307 name=O12-(2) classes=237 eligible=false blocks=0 tested=0 integral=0 nonmonomial=0
BLOCK_TABLE index=2308 name=O12-(2).2 classes=375 eligible=false blocks=0 tested=0 integral=0 nonmonomial=0
BLOCK_TABLE index=2309 name=O12+(2) classes=271 eligible=false blocks=0 tested=0 integral=0 nonmonomial=0
BLOCK_TABLE index=2310 name=O12+(2).2 classes=392 eligible=false blocks=0 tested=0 integral=0 nonmonomial=0
BLOCK_TABLE index=2311 name=O7(5) classes=144 eligible=false blocks=0 tested=0 integral=0 nonmonomial=0
BLOCK_TABLE index=2312 name=O7(5).2 classes=264 eligible=false blocks=0 tested=0 integral=0 nonmonomial=0
BLOCK_TABLE index=2313 name=O9(3) classes=218 eligible=false blocks=0 tested=0 integral=0 nonmonomial=0
BLOCK_TABLE index=2314 name=2.O9(3) classes=326 eligible=false blocks=0 tested=0 integral=0 nonmonomial=0
BLOCK_TABLE index=2315 name=O10-(3) classes=226 eligible=false blocks=0 tested=0 integral=0 nonmonomial=0
BLOCK_TABLE index=2316 name=2.O10-(3) classes=445 eligible=false blocks=0 tested=0 integral=0 nonmonomial=0
BLOCK_TABLE index=2317 name=O8+(7) classes=976 eligible=false blocks=0 tested=0 integral=0 nonmonomial=0
BLOCK_TABLE index=2318 name=2.O8+(7) classes=1858 eligible=false blocks=0 tested=0 integral=0 nonmonomial=0
BLOCK_TABLE index=2319 name=O12+(3) classes=864 eligible=false blocks=0 tested=0 integral=0 nonmonomial=0
BLOCK_TABLE index=2320 name=2_1.O12+(3) classes=1636 eligible=false blocks=0 tested=0 integral=0 nonmonomial=0
BLOCK_TABLE index=2321 name=O12-(3) classes=1326 eligible=false blocks=0 tested=0 integral=0 nonmonomial=0
BLOCK_TABLE index=2322 name=2.HS classes=42 eligible=true blocks=0 tested=0 integral=0 nonmonomial=0
BLOCK_TABLE index=2323 name=2.HS.2 classes=57 eligible=true blocks=0 tested=0 integral=0 nonmonomial=0
BLOCK_TABLE index=2324 name=Isoclinic(2.HS.2) classes=57 eligible=true blocks=0 tested=0 integral=0 nonmonomial=0
BLOCK_TABLE index=2325 name=HS.2x2 classes=78 eligible=true blocks=0 tested=0 integral=0 nonmonomial=0
BLOCK_TABLE index=2326 name=Isoclinic(2.HSx2) classes=84 eligible=true blocks=0 tested=0 integral=0 nonmonomial=0
BLOCK_TABLE index=2327 name=4.HS.2 classes=96 eligible=true blocks=0 tested=0 integral=0 nonmonomial=0
BLOCK_TABLE index=2328 name=2.Ru classes=61 eligible=true blocks=0 tested=0 integral=0 nonmonomial=0
BLOCK_TABLE index=2329 name=2.Suz classes=76 eligible=true blocks=0 tested=0 integral=0 nonmonomial=0
BLOCK_TABLE index=2330 name=2.Suz.2 classes=107 eligible=false blocks=0 tested=0 integral=0 nonmonomial=0
BLOCK_TABLE index=2331 name=Isoclinic(2.Suz.2) classes=107 eligible=false blocks=0 tested=0 integral=0 nonmonomial=0
BLOCK_TABLE index=2332 name=3.McL classes=66 eligible=true blocks=0 tested=0 integral=0 nonmonomial=0
BLOCK_TABLE index=2333 name=3.McL.2 classes=54 eligible=true blocks=0 tested=0 integral=0 nonmonomial=0
BLOCK_TABLE index=2334 name=3.ON classes=80 eligible=true blocks=0 tested=0 integral=0 nonmonomial=0
BLOCK_TABLE index=2335 name=3.ON.2 classes=70 eligible=true blocks=1 tested=1 integral=0 nonmonomial=0
BLOCK_TABLE index=2336 name=3.Suz classes=119 eligible=false blocks=0 tested=0 integral=0 nonmonomial=0
BLOCK_TABLE index=2337 name=3.Suz.2 classes=106 eligible=false blocks=0 tested=0 integral=0 nonmonomial=0
BLOCK_TABLE index=2338 name=6.Suz classes=210 eligible=false blocks=0 tested=0 integral=0 nonmonomial=0
BLOCK_TABLE index=2339 name=6.Suz.2 classes=174 eligible=false blocks=0 tested=0 integral=0 nonmonomial=0
BLOCK_TABLE index=2340 name=Isoclinic(6.Suz.2) classes=174 eligible=false blocks=0 tested=0 integral=0 nonmonomial=0
BLOCK_TABLE index=2341 name=F3+M14 classes=45 eligible=true blocks=0 tested=0 integral=0 nonmonomial=0
BLOCK_TABLE index=2342 name=HN classes=54 eligible=true blocks=0 tested=0 integral=0 nonmonomial=0
BLOCK_TABLE index=2343 name=HN.2 classes=78 eligible=true blocks=0 tested=0 integral=0 nonmonomial=0
BLOCK_TABLE index=2344 name=HS classes=24 eligible=true blocks=0 tested=0 integral=0 nonmonomial=0
BLOCK_TABLE index=2345 name=HS.2 classes=39 eligible=true blocks=0 tested=0 integral=0 nonmonomial=0
BLOCK_TABLE index=2346 name=He classes=33 eligible=true blocks=0 tested=0 integral=0 nonmonomial=0
BLOCK_TABLE index=2347 name=He.2 classes=45 eligible=true blocks=0 tested=0 integral=0 nonmonomial=0
BLOCK_TABLE index=2348 name=Ly classes=53 eligible=true blocks=0 tested=0 integral=0 nonmonomial=0
BLOCK_TABLE index=2349 name=McL classes=24 eligible=true blocks=0 tested=0 integral=0 nonmonomial=0
BLOCK_TABLE index=2350 name=McL.2 classes=33 eligible=true blocks=0 tested=0 integral=0 nonmonomial=0
BLOCK_TABLE index=2351 name=ON classes=30 eligible=true blocks=0 tested=0 integral=0 nonmonomial=0
BLOCK_TABLE index=2352 name=ON.2 classes=45 eligible=true blocks=0 tested=0 integral=0 nonmonomial=0
BLOCK_TABLE index=2353 name=Ru classes=36 eligible=true blocks=0 tested=0 integral=0 nonmonomial=0
BLOCK_TABLE index=2354 name=Suz classes=43 eligible=true blocks=0 tested=0 integral=0 nonmonomial=0
BLOCK_TABLE index=2355 name=Suz.2 classes=68 eligible=true blocks=1 tested=18 integral=0 nonmonomial=0
BLOCK_TABLE index=2356 name=Th classes=48 eligible=true blocks=0 tested=0 integral=0 nonmonomial=0
BLOCK_TABLE index=2357 name=(3^(1+2)x2).SD16 classes=46 eligible=true blocks=0 tested=0 integral=0 nonmonomial=0
BLOCK_TABLE index=2358 name=(2x3^(1+2)_+:8):2 classes=28 eligible=true blocks=0 tested=0 integral=0 nonmonomial=0
BLOCK_TABLE index=2359 name=11+^(1+2):(5x2S4) classes=49 eligible=true blocks=0 tested=0 integral=0 nonmonomial=0
BLOCK_TABLE index=2360 name=2.HS.2N5 classes=41 eligible=true blocks=1 tested=4 integral=0 nonmonomial=0
BLOCK_TABLE index=2361 name=2^3.7.3 classes=8 eligible=true blocks=0 tested=0 integral=0 nonmonomial=0
BLOCK_TABLE index=2362 name=2^4:D8 classes=17 eligible=true blocks=0 tested=0 integral=0 nonmonomial=0
BLOCK_TABLE index=2363 name=2x(3^2.QD16) classes=18 eligible=true blocks=0 tested=0 integral=0 nonmonomial=0
BLOCK_TABLE index=2364 name=3^(1+2):8 classes=13 eligible=true blocks=0 tested=0 integral=0 nonmonomial=0
BLOCK_TABLE index=2365 name=3^(1+2):D8 classes=13 eligible=true blocks=1 tested=96 integral=0 nonmonomial=0
BLOCK_TABLE index=2366 name=3^(1+2):SD16 classes=14 eligible=true blocks=0 tested=0 integral=0 nonmonomial=0
BLOCK_TABLE index=2367 name=3^2.3^(1+2):8 classes=16 eligible=true blocks=0 tested=0 integral=0 nonmonomial=0
BLOCK_TABLE index=2368 name=3^2:Q8 classes=6 eligible=true blocks=0 tested=0 integral=0 nonmonomial=0
BLOCK_TABLE index=2369 name=3^2:Q8.2 classes=9 eligible=true blocks=0 tested=0 integral=0 nonmonomial=0
BLOCK_TABLE index=2370 name=3^4:(3^2:Q8) classes=21 eligible=true blocks=0 tested=0 integral=0 nonmonomial=0
BLOCK_TABLE index=2371 name=3^4:2^(1+4)D10 classes=18 eligible=true blocks=0 tested=0 integral=0 nonmonomial=0
BLOCK_TABLE index=2372 name=3^4:2^(1+4).(5:4) classes=24 eligible=true blocks=0 tested=0 integral=0 nonmonomial=0
BLOCK_TABLE index=2373 name=3^5:(3^2:SD16) classes=39 eligible=true blocks=2 tested=24 integral=0 nonmonomial=0
BLOCK_TABLE index=2374 name=4^3.D8 classes=32 eligible=true blocks=0 tested=0 integral=0 nonmonomial=0
BLOCK_TABLE index=2375 name=5^(1+2):(24:2) classes=26 eligible=true blocks=0 tested=0 integral=0 nonmonomial=0
BLOCK_TABLE index=2376 name=5^(1+2):(8.2) classes=17 eligible=true blocks=0 tested=0 integral=0 nonmonomial=0
BLOCK_TABLE index=2377 name=5^(1+2):3:8 classes=19 eligible=true blocks=0 tested=0 integral=0 nonmonomial=0
BLOCK_TABLE index=2378 name=5^(1+2):4S4 classes=27 eligible=true blocks=0 tested=0 integral=0 nonmonomial=0
BLOCK_TABLE index=2379 name=5^1+2:(2^5) classes=25 eligible=true blocks=0 tested=0 integral=0 nonmonomial=0
BLOCK_TABLE index=2380 name=5^2:(4xS3) classes=16 eligible=true blocks=0 tested=0 integral=0 nonmonomial=0
BLOCK_TABLE index=2381 name=5^2:4A4 classes=16 eligible=true blocks=0 tested=0 integral=0 nonmonomial=0
BLOCK_TABLE index=2382 name=7^(1+2):(D8x3) classes=24 eligible=true blocks=0 tested=0 integral=0 nonmonomial=0
BLOCK_TABLE index=2383 name=7^(1+2):(S3x3) classes=23 eligible=true blocks=0 tested=0 integral=0 nonmonomial=0
BLOCK_TABLE index=2384 name=7^(1+2):(S3x6) classes=31 eligible=true blocks=0 tested=0 integral=0 nonmonomial=0
BLOCK_TABLE index=2385 name=7^2:(3x2A4) classes=27 eligible=true blocks=0 tested=0 integral=0 nonmonomial=0
BLOCK_TABLE index=2386 name=Co1N3 classes=128 eligible=false blocks=0 tested=0 integral=0 nonmonomial=0
BLOCK_TABLE index=2387 name=Co3N2 classes=61 eligible=true blocks=1 tested=672 integral=0 nonmonomial=0
BLOCK_TABLE index=2388 name=Co3N3 classes=52 eligible=true blocks=1 tested=672 integral=0 nonmonomial=0
BLOCK_TABLE index=2389 name=Fi22N3 classes=103 eligible=false blocks=0 tested=0 integral=0 nonmonomial=0
BLOCK_TABLE index=2390 name=Fi22N5 classes=20 eligible=true blocks=0 tested=0 integral=0 nonmonomial=0
BLOCK_TABLE index=2391 name=HS.2N5 classes=25 eligible=true blocks=0 tested=0 integral=0 nonmonomial=0
BLOCK_TABLE index=2392 name=HSN2 classes=35 eligible=true blocks=0 tested=0 integral=0 nonmonomial=0
BLOCK_TABLE index=2393 name=J2N2 classes=19 eligible=true blocks=0 tested=0 integral=0 nonmonomial=0
BLOCK_TABLE index=2394 name=J3N2 classes=19 eligible=true blocks=0 tested=0 integral=0 nonmonomial=0
BLOCK_TABLE index=2395 name=LyN2 classes=22 eligible=true blocks=0 tested=0 integral=0 nonmonomial=0
BLOCK_TABLE index=2396 name=LyN3 classes=51 eligible=true blocks=1 tested=96 integral=0 nonmonomial=0
BLOCK_TABLE index=2397 name=LyN5 classes=58 eligible=true blocks=0 tested=0 integral=0 nonmonomial=0
BLOCK_TABLE index=2398 name=M11N2 classes=7 eligible=true blocks=0 tested=0 integral=0 nonmonomial=0
BLOCK_TABLE index=2399 name=M12N2 classes=16 eligible=true blocks=0 tested=0 integral=0 nonmonomial=0
BLOCK_TABLE index=2400 name=M12N3 classes=11 eligible=true blocks=0 tested=0 integral=0 nonmonomial=0
BLOCK_TABLE index=2401 name=M24N2 classes=61 eligible=true blocks=1 tested=672 integral=0 nonmonomial=0
BLOCK_TABLE index=2402 name=McLN2 classes=17 eligible=true blocks=0 tested=0 integral=0 nonmonomial=0
BLOCK_TABLE index=2403 name=RuN2 classes=85 eligible=true blocks=1 tested=4 integral=0 nonmonomial=0
BLOCK_TABLE index=2404 name=(2^2xD14):3 classes=12 eligible=true blocks=0 tested=0 integral=0 nonmonomial=0
BLOCK_TABLE index=2405 name=(2^2x13:4):3 classes=20 eligible=true blocks=0 tested=0 integral=0 nonmonomial=0
BLOCK_TABLE index=2406 name=SuzN2 classes=81 eligible=true blocks=2 tested=116 integral=0 nonmonomial=0
BLOCK_TABLE index=2407 name=ThN2 classes=89 eligible=true blocks=0 tested=0 integral=0 nonmonomial=0
BLOCK_TABLE index=2408 name=ThN3 classes=73 eligible=true blocks=1 tested=18 integral=0 nonmonomial=0
BLOCK_TABLE index=2409 name=2.HSN3 classes=27 eligible=true blocks=0 tested=0 integral=0 nonmonomial=0
BLOCK_TABLE index=2410 name=5:4 classes=5 eligible=true blocks=0 tested=0 integral=0 nonmonomial=0
BLOCK_TABLE index=2411 name=2x5:4 classes=10 eligible=true blocks=0 tested=0 integral=0 nonmonomial=0
BLOCK_TABLE index=2412 name=5:4x3 classes=15 eligible=true blocks=0 tested=0 integral=0 nonmonomial=0
BLOCK_TABLE index=2413 name=6x5:4 classes=30 eligible=true blocks=0 tested=0 integral=0 nonmonomial=0
BLOCK_TABLE index=2414 name=11:5 classes=7 eligible=true blocks=0 tested=0 integral=0 nonmonomial=0
BLOCK_TABLE index=2415 name=2x11:5 classes=14 eligible=true blocks=0 tested=0 integral=0 nonmonomial=0
BLOCK_TABLE index=2416 name=17:8 classes=10 eligible=true blocks=0 tested=0 integral=0 nonmonomial=0
BLOCK_TABLE index=2417 name=17:16 classes=17 eligible=true blocks=0 tested=0 integral=0 nonmonomial=0
BLOCK_TABLE index=2418 name=19:9 classes=11 eligible=true blocks=0 tested=0 integral=0 nonmonomial=0
BLOCK_TABLE index=2419 name=(3xD10).2 classes=9 eligible=true blocks=0 tested=0 integral=0 nonmonomial=0
BLOCK_TABLE index=2420 name=7:3xS3 classes=15 eligible=true blocks=0 tested=0 integral=0 nonmonomial=0
BLOCK_TABLE index=2421 name=S3x7:6 classes=21 eligible=true blocks=0 tested=0 integral=0 nonmonomial=0
BLOCK_TABLE index=2422 name=(A4xD10).2 classes=14 eligible=true blocks=0 tested=0 integral=0 nonmonomial=0
BLOCK_TABLE index=2423 name=Co2N2 classes=394 eligible=false blocks=0 tested=0 integral=0 nonmonomial=0
BLOCK_TABLE index=2424 name=3^(1+4)_+:(S3xQD16) classes=45 eligible=true blocks=1 tested=96 integral=0 nonmonomial=0
BLOCK_TABLE index=2425 name=Co2N7 classes=26 eligible=true blocks=0 tested=0 integral=0 nonmonomial=0
BLOCK_TABLE index=2426 name=Co1N5 classes=37 eligible=true blocks=0 tested=0 integral=0 nonmonomial=0
BLOCK_TABLE index=2427 name=F3+N5 classes=56 eligible=true blocks=0 tested=0 integral=0 nonmonomial=0
BLOCK_TABLE index=2428 name=S4x5^2:4S4 classes=100 eligible=true blocks=0 tested=0 integral=0 nonmonomial=0
BLOCK_TABLE index=2429 name=BN7 classes=81 eligible=true blocks=1 tested=4 integral=0 nonmonomial=0
BLOCK_TABLE index=2430 name=11^2:(5x2.A5) classes=50 eligible=true blocks=0 tested=0 integral=0 nonmonomial=0
BLOCK_TABLE index=2431 name=13^(1+2):(3x4S4) classes=62 eligible=true blocks=0 tested=0 integral=0 nonmonomial=0
BLOCK_TABLE index=2432 name=13:4 classes=7 eligible=true blocks=0 tested=0 integral=0 nonmonomial=0
BLOCK_TABLE index=2433 name=13:12 classes=13 eligible=true blocks=0 tested=0 integral=0 nonmonomial=0
BLOCK_TABLE index=2434 name=2^(3+3):7 classes=10 eligible=true blocks=0 tested=0 integral=0 nonmonomial=0
BLOCK_TABLE index=2435 name=2^(3+3):7:3 classes=14 eligible=true blocks=0 tested=0 integral=0 nonmonomial=0
BLOCK_TABLE index=2436 name=7:6xA5.2 classes=49 eligible=true blocks=0 tested=0 integral=0 nonmonomial=0
BLOCK_TABLE index=2437 name=HNN2 classes=74 eligible=true blocks=0 tested=0 integral=0 nonmonomial=0
BLOCK_TABLE index=2438 name=[7^6]:(6x6) classes=100 eligible=true blocks=0 tested=0 integral=0 nonmonomial=0
BLOCK_TABLE index=2439 name=(3x13:6).2 classes=21 eligible=true blocks=0 tested=0 integral=0 nonmonomial=0
BLOCK_TABLE index=2440 name=Fi23N3 classes=292 eligible=false blocks=0 tested=0 integral=0 nonmonomial=0
BLOCK_TABLE index=2441 name=2.S4(5) classes=60 eligible=true blocks=0 tested=0 integral=0 nonmonomial=0
BLOCK_TABLE index=2442 name=2.S4(5).2 classes=78 eligible=true blocks=0 tested=0 integral=0 nonmonomial=0
BLOCK_TABLE index=2443 name=Isoclinic(2.S4(5).2) classes=78 eligible=true blocks=0 tested=0 integral=0 nonmonomial=0
BLOCK_TABLE index=2444 name=2.S6(2) classes=43 eligible=true blocks=0 tested=0 integral=0 nonmonomial=0
BLOCK_TABLE index=2445 name=2.S6(3) classes=141 eligible=false blocks=0 tested=0 integral=0 nonmonomial=0
BLOCK_TABLE index=2446 name=2.S6(3).2 classes=138 eligible=false blocks=0 tested=0 integral=0 nonmonomial=0
BLOCK_TABLE index=2447 name=Isoclinic(2.S6(3).2) classes=138 eligible=false blocks=0 tested=0 integral=0 nonmonomial=0
BLOCK_TABLE index=2448 name=S10(2) classes=198 eligible=false blocks=0 tested=0 integral=0 nonmonomial=0
BLOCK_TABLE index=2449 name=S4(4) classes=27 eligible=true blocks=0 tested=0 integral=0 nonmonomial=0
BLOCK_TABLE index=2450 name=S4(4).2 classes=30 eligible=true blocks=0 tested=0 integral=0 nonmonomial=0
BLOCK_TABLE index=2451 name=S4(4).4 classes=30 eligible=true blocks=0 tested=0 integral=0 nonmonomial=0
BLOCK_TABLE index=2452 name=S4(5) classes=34 eligible=true blocks=0 tested=0 integral=0 nonmonomial=0
BLOCK_TABLE index=2453 name=S4(5).2 classes=47 eligible=true blocks=0 tested=0 integral=0 nonmonomial=0
BLOCK_TABLE index=2454 name=S6(2) classes=30 eligible=true blocks=0 tested=0 integral=0 nonmonomial=0
BLOCK_TABLE index=2455 name=S6(3) classes=74 eligible=true blocks=0 tested=0 integral=0 nonmonomial=0
BLOCK_TABLE index=2456 name=S6(3).2 classes=76 eligible=true blocks=0 tested=0 integral=0 nonmonomial=0
BLOCK_TABLE index=2457 name=S8(2) classes=81 eligible=true blocks=0 tested=0 integral=0 nonmonomial=0
BLOCK_TABLE index=2458 name=F4(2)M4 classes=81 eligible=true blocks=0 tested=0 integral=0 nonmonomial=0
BLOCK_TABLE index=2459 name=S4(7) classes=52 eligible=true blocks=0 tested=0 integral=0 nonmonomial=0
BLOCK_TABLE index=2460 name=S4(8) classes=83 eligible=true blocks=0 tested=0 integral=0 nonmonomial=0
BLOCK_TABLE index=2461 name=S4(8).3 classes=57 eligible=true blocks=0 tested=0 integral=0 nonmonomial=0
BLOCK_TABLE index=2462 name=S4(7).2 classes=77 eligible=true blocks=0 tested=0 integral=0 nonmonomial=0
BLOCK_TABLE index=2463 name=S4(9) classes=74 eligible=true blocks=0 tested=0 integral=0 nonmonomial=0
BLOCK_TABLE index=2464 name=S4(9).2_1 classes=73 eligible=true blocks=1 tested=20 integral=0 nonmonomial=0
BLOCK_TABLE index=2465 name=S4(9).2_2 classes=115 eligible=false blocks=0 tested=0 integral=0 nonmonomial=0
BLOCK_TABLE index=2466 name=S4(9).2_3 classes=58 eligible=true blocks=0 tested=0 integral=0 nonmonomial=0
BLOCK_TABLE index=2467 name=S4(9).2^2 classes=95 eligible=true blocks=0 tested=0 integral=0 nonmonomial=0
BLOCK_TABLE index=2468 name=S6(4) classes=120 eligible=false blocks=0 tested=0 integral=0 nonmonomial=0
BLOCK_TABLE index=2469 name=S6(4).2 classes=105 eligible=false blocks=0 tested=0 integral=0 nonmonomial=0
BLOCK_TABLE index=2470 name=S6(5) classes=179 eligible=false blocks=0 tested=0 integral=0 nonmonomial=0
BLOCK_TABLE index=2471 name=S8(3) classes=278 eligible=false blocks=0 tested=0 integral=0 nonmonomial=0
BLOCK_TABLE index=2472 name=S12(2) classes=477 eligible=false blocks=0 tested=0 integral=0 nonmonomial=0
BLOCK_TABLE index=2473 name=2F4(2)' classes=22 eligible=true blocks=0 tested=0 integral=0 nonmonomial=0
BLOCK_TABLE index=2474 name=2F4(2)'.2 classes=29 eligible=true blocks=0 tested=0 integral=0 nonmonomial=0
BLOCK_TABLE index=2475 name=3D4(2) classes=35 eligible=true blocks=0 tested=0 integral=0 nonmonomial=0
BLOCK_TABLE index=2476 name=3D4(2).3 classes=49 eligible=true blocks=0 tested=0 integral=0 nonmonomial=0
BLOCK_TABLE index=2477 name=F4(2)M10 classes=49 eligible=true blocks=0 tested=0 integral=0 nonmonomial=0
BLOCK_TABLE index=2478 name=3D4(3) classes=126 eligible=false blocks=0 tested=0 integral=0 nonmonomial=0
BLOCK_TABLE index=2479 name=3D4(4) classes=345 eligible=false blocks=0 tested=0 integral=0 nonmonomial=0
BLOCK_TABLE index=2480 name=2.2E6(2) classes=202 eligible=false blocks=0 tested=0 integral=0 nonmonomial=0
BLOCK_TABLE index=2481 name=2.2E6(2).2 classes=320 eligible=false blocks=0 tested=0 integral=0 nonmonomial=0
BLOCK_TABLE index=2482 name=2^2.2E6(2) classes=354 eligible=false blocks=0 tested=0 integral=0 nonmonomial=0
BLOCK_TABLE index=2483 name=2^2.2E6(2).2 classes=396 eligible=false blocks=0 tested=0 integral=0 nonmonomial=0
BLOCK_TABLE index=2484 name=2^2.2E6(2).3 classes=342 eligible=false blocks=0 tested=0 integral=0 nonmonomial=0
BLOCK_TABLE index=2485 name=2^2.2E6(2).3.2 classes=390 eligible=false blocks=0 tested=0 integral=0 nonmonomial=0
BLOCK_TABLE index=2486 name=2E6(2) classes=126 eligible=false blocks=0 tested=0 integral=0 nonmonomial=0
BLOCK_TABLE index=2487 name=2E6(2).2 classes=189 eligible=false blocks=0 tested=0 integral=0 nonmonomial=0
BLOCK_TABLE index=2488 name=2E6(2).3 classes=266 eligible=false blocks=0 tested=0 integral=0 nonmonomial=0
BLOCK_TABLE index=2489 name=2E6(2).3.2 classes=259 eligible=false blocks=0 tested=0 integral=0 nonmonomial=0
BLOCK_TABLE index=2490 name=3.2E6(2) classes=346 eligible=false blocks=0 tested=0 integral=0 nonmonomial=0
BLOCK_TABLE index=2491 name=3.2E6(2).2 classes=299 eligible=false blocks=0 tested=0 integral=0 nonmonomial=0
BLOCK_TABLE index=2492 name=6.2E6(2) classes=542 eligible=false blocks=0 tested=0 integral=0 nonmonomial=0
BLOCK_TABLE index=2493 name=6.2E6(2).2 classes=490 eligible=false blocks=0 tested=0 integral=0 nonmonomial=0
BLOCK_TABLE index=2494 name=(2^2x3).2E6(2) classes=934 eligible=false blocks=0 tested=0 integral=0 nonmonomial=0
BLOCK_TABLE index=2495 name=(2^2x3).2E6(2).2 classes=686 eligible=false blocks=0 tested=0 integral=0 nonmonomial=0
BLOCK_TABLE index=2496 name=12_1.U4(3) classes=181 eligible=false blocks=0 tested=0 integral=0 nonmonomial=0
BLOCK_TABLE index=2497 name=12_1.U4(3).2_1 classes=173 eligible=false blocks=0 tested=0 integral=0 nonmonomial=0
BLOCK_TABLE index=2498 name=12_1.U4(3).2_2 classes=209 eligible=false blocks=0 tested=0 integral=0 nonmonomial=0
BLOCK_TABLE index=2499 name=Isoclinic(12_1.U4(3).2_2) classes=209 eligible=false blocks=0 tested=0 integral=0 nonmonomial=0
BLOCK_TABLE index=2500 name=12_1.U4(3).2_2' classes=134 eligible=false blocks=0 tested=0 integral=0 nonmonomial=0
BLOCK_TABLE index=2501 name=Isoclinic(12_1.U4(3).2_2') classes=134 eligible=false blocks=0 tested=0 integral=0 nonmonomial=0
BLOCK_TABLE index=2502 name=12_2.U4(3) classes=157 eligible=false blocks=0 tested=0 integral=0 nonmonomial=0
BLOCK_TABLE index=2503 name=12_2.U4(3).2_1 classes=161 eligible=false blocks=0 tested=0 integral=0 nonmonomial=0
BLOCK_TABLE index=2504 name=12_2.U4(3).2_3 classes=149 eligible=false blocks=0 tested=0 integral=0 nonmonomial=0
BLOCK_TABLE index=2505 name=Isoclinic(12_2.U4(3).2_3) classes=149 eligible=false blocks=0 tested=0 integral=0 nonmonomial=0
BLOCK_TABLE index=2506 name=12_2.U4(3).2_3' classes=104 eligible=false blocks=0 tested=0 integral=0 nonmonomial=0
BLOCK_TABLE index=2507 name=Isoclinic(12_2.U4(3).2_3') classes=104 eligible=false blocks=0 tested=0 integral=0 nonmonomial=0
BLOCK_TABLE index=2508 name=2.U4(3) classes=39 eligible=true blocks=0 tested=0 integral=0 nonmonomial=0
BLOCK_TABLE index=2509 name=2.U4(3).2_1 classes=66 eligible=true blocks=0 tested=0 integral=0 nonmonomial=0
BLOCK_TABLE index=2510 name=Isoclinic(2.U4(3).2_1) classes=66 eligible=true blocks=0 tested=0 integral=0 nonmonomial=0
BLOCK_TABLE index=2511 name=2.U4(3).2_2 classes=63 eligible=true blocks=0 tested=0 integral=0 nonmonomial=0
BLOCK_TABLE index=2512 name=Isoclinic(2.U4(3).2_2) classes=63 eligible=true blocks=0 tested=0 integral=0 nonmonomial=0
BLOCK_TABLE index=2513 name=2.U4(3).2_2' classes=63 eligible=true blocks=0 tested=0 integral=0 nonmonomial=0
BLOCK_TABLE index=2514 name=Isoclinic(2.U4(3).2_2') classes=63 eligible=true blocks=0 tested=0 integral=0 nonmonomial=0
BLOCK_TABLE index=2515 name=2.U4(3).2_3 classes=45 eligible=true blocks=0 tested=0 integral=0 nonmonomial=0
BLOCK_TABLE index=2516 name=Isoclinic(2.U4(3).2_3) classes=45 eligible=true blocks=0 tested=0 integral=0 nonmonomial=0
BLOCK_TABLE index=2517 name=2.U4(3).2_3' classes=45 eligible=true blocks=0 tested=0 integral=0 nonmonomial=0
BLOCK_TABLE index=2518 name=Isoclinic(2.U4(3).2_3') classes=45 eligible=true blocks=0 tested=0 integral=0 nonmonomial=0
BLOCK_TABLE index=2519 name=2.U4(3).4 classes=102 eligible=false blocks=0 tested=0 integral=0 nonmonomial=0
BLOCK_TABLE index=2520 name=2.U4(3).(2^2)_{122} classes=87 eligible=true blocks=0 tested=0 integral=0 nonmonomial=0
BLOCK_TABLE index=2521 name=2.U4(3).(2^2)_{1*22} classes=102 eligible=false blocks=0 tested=0 integral=0 nonmonomial=0
BLOCK_TABLE index=2522 name=2.U4(3).(2^2)_{12*2} classes=102 eligible=false blocks=0 tested=0 integral=0 nonmonomial=0
BLOCK_TABLE index=2523 name=2.U4(3).(2^2)_{1*2*2} classes=87 eligible=true blocks=0 tested=0 integral=0 nonmonomial=0
BLOCK_TABLE index=2524 name=2.U4(3).(2^2)_{12*2*} classes=87 eligible=true blocks=0 tested=0 integral=0 nonmonomial=0
BLOCK_TABLE index=2525 name=2.U4(3).(2^2)_{1*2*2*} classes=102 eligible=false blocks=0 tested=0 integral=0 nonmonomial=0
BLOCK_TABLE index=2526 name=2.U4(3).(2^2)_{133} classes=69 eligible=true blocks=1 tested=1 integral=0 nonmonomial=0
BLOCK_TABLE index=2527 name=2.U4(3).(2^2)_{1*33} classes=72 eligible=true blocks=0 tested=0 integral=0 nonmonomial=0
BLOCK_TABLE index=2528 name=2.U4(3).(2^2)_{13*3} classes=72 eligible=true blocks=0 tested=0 integral=0 nonmonomial=0
BLOCK_TABLE index=2529 name=2.U4(3).(2^2)_{1*3*3} classes=69 eligible=true blocks=1 tested=1 integral=0 nonmonomial=0
BLOCK_TABLE index=2530 name=2.U4(3).(2^2)_{13*3*} classes=69 eligible=true blocks=1 tested=1 integral=0 nonmonomial=0
BLOCK_TABLE index=2531 name=2.U4(3).(2^2)_{1*3*3*} classes=72 eligible=true blocks=0 tested=0 integral=0 nonmonomial=0
BLOCK_TABLE index=2532 name=2.U4(3).D8 classes=96 eligible=true blocks=0 tested=0 integral=0 nonmonomial=0
BLOCK_TABLE index=2533 name=O8+(3)M16 classes=87 eligible=true blocks=0 tested=0 integral=0 nonmonomial=0
BLOCK_TABLE index=2534 name=O8+(3)M17 classes=87 eligible=true blocks=0 tested=0 integral=0 nonmonomial=0
BLOCK_TABLE index=2535 name=3^2.U4(3) classes=136 eligible=false blocks=0 tested=0 integral=0 nonmonomial=0
BLOCK_TABLE index=2536 name=3^2.U4(3).2_3' classes=110 eligible=false blocks=0 tested=0 integral=0 nonmonomial=0
BLOCK_TABLE index=2537 name=3^2.U4(3).(2^2)_{133} classes=100 eligible=true blocks=1 tested=4 integral=0 nonmonomial=0
BLOCK_TABLE index=2538 name=3^2.U4(3).D8 classes=110 eligible=false blocks=0 tested=0 integral=0 nonmonomial=0
BLOCK_TABLE index=2539 name=3_1.U4(3) classes=52 eligible=true blocks=0 tested=0 integral=0 nonmonomial=0
BLOCK_TABLE index=2540 name=3_1.U4(3).2_1 classes=50 eligible=true blocks=0 tested=0 integral=0 nonmonomial=0
BLOCK_TABLE index=2541 name=3_1.U4(3).2_2 classes=92 eligible=true blocks=0 tested=0 integral=0 nonmonomial=0
BLOCK_TABLE index=2542 name=3_1.U4(3).2_2' classes=50 eligible=true blocks=0 tested=0 integral=0 nonmonomial=0
BLOCK_TABLE index=2543 name=3_1.U4(3).(2^2)_{122} classes=88 eligible=true blocks=0 tested=0 integral=0 nonmonomial=0
BLOCK_TABLE index=2544 name=3_2.U4(3) classes=46 eligible=true blocks=0 tested=0 integral=0 nonmonomial=0
BLOCK_TABLE index=2545 name=3_2.U4(3).2_1 classes=47 eligible=true blocks=0 tested=0 integral=0 nonmonomial=0
BLOCK_TABLE index=2546 name=3_2.U4(3).2_3 classes=65 eligible=true blocks=0 tested=0 integral=0 nonmonomial=0
BLOCK_TABLE index=2547 name=3_2.U4(3).2_3' classes=38 eligible=true blocks=0 tested=0 integral=0 nonmonomial=0
BLOCK_TABLE index=2548 name=3_2.U4(3).(2^2)_{133} classes=64 eligible=true blocks=0 tested=0 integral=0 nonmonomial=0
BLOCK_TABLE index=2549 name=4.U4(3) classes=71 eligible=true blocks=0 tested=0 integral=0 nonmonomial=0
BLOCK_TABLE index=2550 name=4.U4(3).2_1 classes=118 eligible=false blocks=0 tested=0 integral=0 nonmonomial=0
BLOCK_TABLE index=2551 name=4.U4(3).2_2 classes=79 eligible=true blocks=1 tested=18 integral=0 nonmonomial=0
BLOCK_TABLE index=2552 name=Isoclinic(4.U4(3).2_2) classes=79 eligible=true blocks=1 tested=18 integral=0 nonmonomial=0
BLOCK_TABLE index=2553 name=4.U4(3).2_3 classes=61 eligible=true blocks=0 tested=0 integral=0 nonmonomial=0
BLOCK_TABLE index=2554 name=Isoclinic(4.U4(3).2_3) classes=61 eligible=true blocks=0 tested=0 integral=0 nonmonomial=0
BLOCK_TABLE index=2555 name=4.U4(3).4 classes=188 eligible=false blocks=0 tested=0 integral=0 nonmonomial=0
BLOCK_TABLE index=2556 name=6_1.U4(3) classes=101 eligible=false blocks=0 tested=0 integral=0 nonmonomial=0
BLOCK_TABLE index=2557 name=6_1.U4(3).2_1 classes=97 eligible=true blocks=1 tested=4 integral=0 nonmonomial=0
BLOCK_TABLE index=2558 name=Isoclinic(6_1.U4(3).2_1) classes=97 eligible=true blocks=1 tested=4 integral=0 nonmonomial=0
BLOCK_TABLE index=2559 name=6_1.U4(3).2_2 classes=169 eligible=false blocks=0 tested=0 integral=0 nonmonomial=0
BLOCK_TABLE index=2560 name=Isoclinic(6_1.U4(3).2_2) classes=169 eligible=false blocks=0 tested=0 integral=0 nonmonomial=0
BLOCK_TABLE index=2561 name=6_1.U4(3).2_2' classes=94 eligible=true blocks=2 tested=8 integral=0 nonmonomial=0
BLOCK_TABLE index=2562 name=Isoclinic(6_1.U4(3).2_2') classes=94 eligible=true blocks=2 tested=8 integral=0 nonmonomial=0
BLOCK_TABLE index=2563 name=6_2.U4(3) classes=89 eligible=true blocks=0 tested=0 integral=0 nonmonomial=0
BLOCK_TABLE index=2564 name=6_2.U4(3).2_1 classes=91 eligible=true blocks=1 tested=1 integral=0 nonmonomial=0
BLOCK_TABLE index=2565 name=Isoclinic(6_2.U4(3).2_1) classes=91 eligible=true blocks=1 tested=1 integral=0 nonmonomial=0
BLOCK_TABLE index=2566 name=6_2.U4(3).2_3 classes=115 eligible=false blocks=0 tested=0 integral=0 nonmonomial=0
BLOCK_TABLE index=2567 name=Isoclinic(6_2.U4(3).2_3) classes=115 eligible=false blocks=0 tested=0 integral=0 nonmonomial=0
BLOCK_TABLE index=2568 name=6_2.U4(3).2_3' classes=70 eligible=true blocks=1 tested=1 integral=0 nonmonomial=0
BLOCK_TABLE index=2569 name=Isoclinic(6_2.U4(3).2_3') classes=70 eligible=true blocks=1 tested=1 integral=0 nonmonomial=0
BLOCK_TABLE index=2570 name=U4(3) classes=20 eligible=true blocks=0 tested=0 integral=0 nonmonomial=0
BLOCK_TABLE index=2571 name=U4(3).(2^2)_{122} classes=59 eligible=true blocks=0 tested=0 integral=0 nonmonomial=0
BLOCK_TABLE index=2572 name=U4(3).(2^2)_{133} classes=44 eligible=true blocks=0 tested=0 integral=0 nonmonomial=0
BLOCK_TABLE index=2573 name=U4(3).2_1 classes=34 eligible=true blocks=0 tested=0 integral=0 nonmonomial=0
BLOCK_TABLE index=2574 name=U4(3).2_2 classes=34 eligible=true blocks=0 tested=0 integral=0 nonmonomial=0
BLOCK_TABLE index=2575 name=U4(3).2_2' classes=34 eligible=true blocks=0 tested=0 integral=0 nonmonomial=0
BLOCK_TABLE index=2576 name=U4(3).2_3 classes=25 eligible=true blocks=0 tested=0 integral=0 nonmonomial=0
BLOCK_TABLE index=2577 name=U4(3).2_3' classes=25 eligible=true blocks=0 tested=0 integral=0 nonmonomial=0
BLOCK_TABLE index=2578 name=U4(3).4 classes=53 eligible=true blocks=0 tested=0 integral=0 nonmonomial=0
BLOCK_TABLE index=2579 name=U4(3).D8 classes=61 eligible=true blocks=0 tested=0 integral=0 nonmonomial=0
BLOCK_TABLE index=2580 name=(3^2x2).U4(3) classes=263 eligible=false blocks=0 tested=0 integral=0 nonmonomial=0
BLOCK_TABLE index=2581 name=(3^2x4).U4(3) classes=463 eligible=false blocks=0 tested=0 integral=0 nonmonomial=0
BLOCK_TABLE index=2582 name=(3^2x2).U4(3).2_3' classes=202 eligible=false blocks=0 tested=0 integral=0 nonmonomial=0
BLOCK_TABLE index=2583 name=Isoclinic((3^2x2).U4(3).2_3') classes=202 eligible=false blocks=0 tested=0 integral=0 nonmonomial=0
BLOCK_TABLE index=2584 name=3.U3(5) classes=40 eligible=true blocks=0 tested=0 integral=0 nonmonomial=0
BLOCK_TABLE index=2585 name=3.U3(5).2 classes=32 eligible=true blocks=0 tested=0 integral=0 nonmonomial=0
BLOCK_TABLE index=2586 name=3.U3(5).3 classes=96 eligible=true blocks=0 tested=0 integral=0 nonmonomial=0
BLOCK_TABLE index=2587 name=Isoclinic(3.U3(5).3,1) classes=96 eligible=true blocks=0 tested=0 integral=0 nonmonomial=0
BLOCK_TABLE index=2588 name=Isoclinic(3.U3(5).3,2) classes=96 eligible=true blocks=0 tested=0 integral=0 nonmonomial=0
BLOCK_TABLE index=2589 name=3.U3(5).S3 classes=60 eligible=true blocks=0 tested=0 integral=0 nonmonomial=0
BLOCK_TABLE index=2590 name=3.U3(8) classes=82 eligible=true blocks=0 tested=0 integral=0 nonmonomial=0
BLOCK_TABLE index=2591 name=3.U3(8).2 classes=56 eligible=true blocks=0 tested=0 integral=0 nonmonomial=0
BLOCK_TABLE index=2592 name=3.U3(8).3_1 classes=70 eligible=true blocks=0 tested=0 integral=0 nonmonomial=0
BLOCK_TABLE index=2593 name=3.U3(8).3_2 classes=222 eligible=false blocks=0 tested=0 integral=0 nonmonomial=0
BLOCK_TABLE index=2594 name=Isoclinic(3.U3(8).3_2,1) classes=222 eligible=false blocks=0 tested=0 integral=0 nonmonomial=0
BLOCK_TABLE index=2595 name=Isoclinic(3.U3(8).3_2,2) classes=222 eligible=false blocks=0 tested=0 integral=0 nonmonomial=0
BLOCK_TABLE index=2596 name=3.U3(8).6 classes=56 eligible=true blocks=0 tested=0 integral=0 nonmonomial=0
BLOCK_TABLE index=2597 name=3.U3(8).S3 classes=126 eligible=false blocks=0 tested=0 integral=0 nonmonomial=0
BLOCK_TABLE index=2598 name=Isoclinic(3.U3(8)x3) classes=246 eligible=false blocks=0 tested=0 integral=0 nonmonomial=0
BLOCK_TABLE index=2599 name=Isoclinic(U3(8).3_3x3) classes=84 eligible=true blocks=0 tested=0 integral=0 nonmonomial=0
BLOCK_TABLE index=2600 name=9.U3(8).3_3 classes=138 eligible=false blocks=0 tested=0 integral=0 nonmonomial=0
BLOCK_TABLE index=2601 name=HSM3 classes=19 eligible=true blocks=0 tested=0 integral=0 nonmonomial=0
BLOCK_TABLE index=2602 name=U3(3) classes=14 eligible=true blocks=0 tested=0 integral=0 nonmonomial=0
BLOCK_TABLE index=2603 name=U3(3).2 classes=16 eligible=true blocks=0 tested=0 integral=0 nonmonomial=0
BLOCK_TABLE index=2604 name=G2(3)M2 classes=16 eligible=true blocks=0 tested=0 integral=0 nonmonomial=0
BLOCK_TABLE index=2605 name=U3(4) classes=22 eligible=true blocks=0 tested=0 integral=0 nonmonomial=0
BLOCK_TABLE index=2606 name=U3(4).2 classes=20 eligible=true blocks=0 tested=0 integral=0 nonmonomial=0
BLOCK_TABLE index=2607 name=U3(4).4 classes=22 eligible=true blocks=0 tested=0 integral=0 nonmonomial=0
BLOCK_TABLE index=2608 name=U3(5) classes=14 eligible=true blocks=0 tested=0 integral=0 nonmonomial=0
BLOCK_TABLE index=2609 name=U3(5).2 classes=19 eligible=true blocks=0 tested=0 integral=0 nonmonomial=0
BLOCK_TABLE index=2610 name=U3(5).3 classes=34 eligible=true blocks=0 tested=0 integral=0 nonmonomial=0
BLOCK_TABLE index=2611 name=U3(5).3.2 classes=29 eligible=true blocks=0 tested=0 integral=0 nonmonomial=0
BLOCK_TABLE index=2612 name=U3(7) classes=58 eligible=true blocks=0 tested=0 integral=0 nonmonomial=0
BLOCK_TABLE index=2613 name=U3(7).2 classes=44 eligible=true blocks=0 tested=0 integral=0 nonmonomial=0
BLOCK_TABLE index=2614 name=U3(8) classes=28 eligible=true blocks=0 tested=0 integral=0 nonmonomial=0
BLOCK_TABLE index=2615 name=U3(8).2 classes=29 eligible=true blocks=0 tested=0 integral=0 nonmonomial=0
BLOCK_TABLE index=2616 name=U3(8).3_1 classes=36 eligible=true blocks=0 tested=0 integral=0 nonmonomial=0
BLOCK_TABLE index=2617 name=U3(8).3_2 classes=76 eligible=true blocks=0 tested=0 integral=0 nonmonomial=0
BLOCK_TABLE index=2618 name=U3(8).3_3 classes=28 eligible=true blocks=0 tested=0 integral=0 nonmonomial=0
BLOCK_TABLE index=2619 name=U3(8).6 classes=39 eligible=true blocks=0 tested=0 integral=0 nonmonomial=0
BLOCK_TABLE index=2620 name=U3(8).S3 classes=53 eligible=true blocks=0 tested=0 integral=0 nonmonomial=0
BLOCK_TABLE index=2621 name=U3(8).3^2 classes=52 eligible=true blocks=0 tested=0 integral=0 nonmonomial=0
BLOCK_TABLE index=2622 name=U3(8).(S3x3) classes=47 eligible=true blocks=0 tested=0 integral=0 nonmonomial=0
BLOCK_TABLE index=2623 name=U3(9) classes=92 eligible=true blocks=0 tested=0 integral=0 nonmonomial=0
BLOCK_TABLE index=2624 name=U3(9).2 classes=64 eligible=true blocks=0 tested=0 integral=0 nonmonomial=0
BLOCK_TABLE index=2625 name=U3(9).4 classes=50 eligible=true blocks=1 tested=4 integral=0 nonmonomial=0
BLOCK_TABLE index=2626 name=2.U4(2) classes=34 eligible=true blocks=0 tested=0 integral=0 nonmonomial=0
BLOCK_TABLE index=2627 name=2.U4(2).2 classes=38 eligible=true blocks=0 tested=0 integral=0 nonmonomial=0
BLOCK_TABLE index=2628 name=Isoclinic(2.U4(2).2) classes=38 eligible=true blocks=0 tested=0 integral=0 nonmonomial=0
BLOCK_TABLE index=2629 name=3.U3(11) classes=142 eligible=false blocks=0 tested=0 integral=0 nonmonomial=0
BLOCK_TABLE index=2630 name=3.U3(11).2 classes=92 eligible=true blocks=0 tested=0 integral=0 nonmonomial=0
BLOCK_TABLE index=2631 name=3.U3(11).3 classes=402 eligible=false blocks=0 tested=0 integral=0 nonmonomial=0
BLOCK_TABLE index=2632 name=Isoclinic(3.U3(11).3,1) classes=402 eligible=false blocks=0 tested=0 integral=0 nonmonomial=0
BLOCK_TABLE index=2633 name=Isoclinic(3.U3(11).3,2) classes=402 eligible=false blocks=0 tested=0 integral=0 nonmonomial=0
BLOCK_TABLE index=2634 name=3.U3(11).S3 classes=222 eligible=false blocks=0 tested=0 integral=0 nonmonomial=0
BLOCK_TABLE index=2635 name=U3(11) classes=48 eligible=true blocks=0 tested=0 integral=0 nonmonomial=0
BLOCK_TABLE index=2636 name=U3(11).2 classes=45 eligible=true blocks=0 tested=0 integral=0 nonmonomial=0
BLOCK_TABLE index=2637 name=U3(11).3 classes=136 eligible=false blocks=0 tested=0 integral=0 nonmonomial=0
BLOCK_TABLE index=2638 name=U3(11).S3 classes=89 eligible=true blocks=0 tested=0 integral=0 nonmonomial=0
BLOCK_TABLE index=2639 name=U4(2) classes=20 eligible=true blocks=0 tested=0 integral=0 nonmonomial=0
BLOCK_TABLE index=2640 name=U4(2).2 classes=25 eligible=true blocks=0 tested=0 integral=0 nonmonomial=0
BLOCK_TABLE index=2641 name=U4(3).2_1M4 classes=25 eligible=true blocks=0 tested=0 integral=0 nonmonomial=0
BLOCK_TABLE index=2642 name=U5(2) classes=47 eligible=true blocks=0 tested=0 integral=0 nonmonomial=0
BLOCK_TABLE index=2643 name=U5(2).2 classes=43 eligible=true blocks=0 tested=0 integral=0 nonmonomial=0
BLOCK_TABLE index=2644 name=2.U6(2) classes=77 eligible=true blocks=0 tested=0 integral=0 nonmonomial=0
BLOCK_TABLE index=2645 name=2.U6(2).2 classes=115 eligible=false blocks=0 tested=0 integral=0 nonmonomial=0
BLOCK_TABLE index=2646 name=Isoclinic(2.U6(2).2) classes=115 eligible=false blocks=0 tested=0 integral=0 nonmonomial=0
BLOCK_TABLE index=2647 name=2^2.U6(2) classes=139 eligible=false blocks=0 tested=0 integral=0 nonmonomial=0
BLOCK_TABLE index=2648 name=2^2.U6(2).2 classes=146 eligible=false blocks=0 tested=0 integral=0 nonmonomial=0
BLOCK_TABLE index=2649 name=2^2.U6(2).3 classes=145 eligible=false blocks=0 tested=0 integral=0 nonmonomial=0
BLOCK_TABLE index=2650 name=2^2.U6(2).3.2 classes=149 eligible=false blocks=0 tested=0 integral=0 nonmonomial=0
BLOCK_TABLE index=2651 name=3.U6(2) classes=132 eligible=false blocks=0 tested=0 integral=0 nonmonomial=0
BLOCK_TABLE index=2652 name=3.U6(2).2 classes=108 eligible=false blocks=0 tested=0 integral=0 nonmonomial=0
BLOCK_TABLE index=2653 name=3.U6(2).3 classes=324 eligible=false blocks=0 tested=0 integral=0 nonmonomial=0
BLOCK_TABLE index=2654 name=Isoclinic(3.U6(2).3,1) classes=324 eligible=false blocks=0 tested=0 integral=0 nonmonomial=0
BLOCK_TABLE index=2655 name=Isoclinic(3.U6(2).3,2) classes=324 eligible=false blocks=0 tested=0 integral=0 nonmonomial=0
BLOCK_TABLE index=2656 name=6.U6(2) classes=219 eligible=false blocks=0 tested=0 integral=0 nonmonomial=0
BLOCK_TABLE index=2657 name=6.U6(2).2 classes=186 eligible=false blocks=0 tested=0 integral=0 nonmonomial=0
BLOCK_TABLE index=2658 name=Isoclinic(6.U6(2).2) classes=186 eligible=false blocks=0 tested=0 integral=0 nonmonomial=0
BLOCK_TABLE index=2659 name=U6(2) classes=46 eligible=true blocks=0 tested=0 integral=0 nonmonomial=0
BLOCK_TABLE index=2660 name=U6(2).2 classes=65 eligible=true blocks=1 tested=4 integral=0 nonmonomial=0
BLOCK_TABLE index=2661 name=U6(2).3 classes=114 eligible=false blocks=0 tested=0 integral=0 nonmonomial=0
BLOCK_TABLE index=2662 name=U6(2).3.2 classes=99 eligible=true blocks=0 tested=0 integral=0 nonmonomial=0
BLOCK_TABLE index=2663 name=3.U6(2).3.2 classes=204 eligible=false blocks=0 tested=0 integral=0 nonmonomial=0
BLOCK_TABLE index=2664 name=(2^2x3).U6(2) classes=393 eligible=false blocks=0 tested=0 integral=0 nonmonomial=0
BLOCK_TABLE index=2665 name=(2^2x3).U6(2).2 classes=273 eligible=false blocks=0 tested=0 integral=0 nonmonomial=0
BLOCK_TABLE index=2666 name=(2^2x3).U6(2).3 classes=411 eligible=false blocks=0 tested=0 integral=0 nonmonomial=0
BLOCK_TABLE index=2667 name=U4(4) classes=94 eligible=true blocks=0 tested=0 integral=0 nonmonomial=0
BLOCK_TABLE index=2668 name=U4(4).4 classes=73 eligible=true blocks=0 tested=0 integral=0 nonmonomial=0
BLOCK_TABLE index=2669 name=U4(5) classes=97 eligible=true blocks=0 tested=0 integral=0 nonmonomial=0
BLOCK_TABLE index=2670 name=U4(5).2_1 classes=116 eligible=false blocks=0 tested=0 integral=0 nonmonomial=0
BLOCK_TABLE index=2671 name=U4(5).2_2 classes=173 eligible=false blocks=0 tested=0 integral=0 nonmonomial=0
BLOCK_TABLE index=2672 name=U4(5).2_3 classes=95 eligible=true blocks=0 tested=0 integral=0 nonmonomial=0
BLOCK_TABLE index=2673 name=U4(5).2^2 classes=154 eligible=false blocks=0 tested=0 integral=0 nonmonomial=0
BLOCK_TABLE index=2674 name=U5(4) classes=83 eligible=true blocks=0 tested=0 integral=0 nonmonomial=0
BLOCK_TABLE index=2675 name=U5(4).2 classes=88 eligible=true blocks=0 tested=0 integral=0 nonmonomial=0
BLOCK_TABLE index=2676 name=U5(3) classes=150 eligible=false blocks=0 tested=0 integral=0 nonmonomial=0
BLOCK_TABLE index=2677 name=U7(2) classes=239 eligible=false blocks=0 tested=0 integral=0 nonmonomial=0
BLOCK_TABLE index=2678 name=U6(4) classes=1580 eligible=false blocks=0 tested=0 integral=0 nonmonomial=0
BLOCK_TABLE index=2679 name=Alt(2) classes=1 eligible=true blocks=0 tested=0 integral=0 nonmonomial=0
BLOCK_TABLE index=2680 name=2.Alt(2) classes=2 eligible=true blocks=0 tested=0 integral=0 nonmonomial=0
BLOCK_TABLE index=2681 name=Sym(2) classes=2 eligible=true blocks=0 tested=0 integral=0 nonmonomial=0
BLOCK_TABLE index=2682 name=2.Sym(2) classes=4 eligible=true blocks=0 tested=0 integral=0 nonmonomial=0
BLOCK_TABLE index=2683 name=Alt(3) classes=3 eligible=true blocks=0 tested=0 integral=0 nonmonomial=0
BLOCK_TABLE index=2684 name=2.Alt(3) classes=6 eligible=true blocks=0 tested=0 integral=0 nonmonomial=0
BLOCK_TABLE index=2685 name=Sym(3) classes=3 eligible=true blocks=0 tested=0 integral=0 nonmonomial=0
BLOCK_TABLE index=2686 name=2.Sym(3) classes=6 eligible=true blocks=0 tested=0 integral=0 nonmonomial=0
BLOCK_TABLE index=2687 name=Alt(4) classes=4 eligible=true blocks=0 tested=0 integral=0 nonmonomial=0
BLOCK_TABLE index=2688 name=2.Alt(4) classes=7 eligible=true blocks=0 tested=0 integral=0 nonmonomial=0
BLOCK_TABLE index=2689 name=Sym(4) classes=5 eligible=true blocks=0 tested=0 integral=0 nonmonomial=0
BLOCK_TABLE index=2690 name=2.Sym(4) classes=8 eligible=true blocks=0 tested=0 integral=0 nonmonomial=0
BLOCK_TABLE index=2691 name=Alt(5) classes=5 eligible=true blocks=0 tested=0 integral=0 nonmonomial=0
BLOCK_TABLE index=2692 name=2.Alt(5) classes=9 eligible=true blocks=0 tested=0 integral=0 nonmonomial=0
BLOCK_TABLE index=2693 name=Sym(5) classes=7 eligible=true blocks=0 tested=0 integral=0 nonmonomial=0
BLOCK_TABLE index=2694 name=2.Sym(5) classes=12 eligible=true blocks=0 tested=0 integral=0 nonmonomial=0
BLOCK_TABLE index=2695 name=Alt(6) classes=7 eligible=true blocks=0 tested=0 integral=0 nonmonomial=0
BLOCK_TABLE index=2696 name=2.Alt(6) classes=13 eligible=true blocks=0 tested=0 integral=0 nonmonomial=0
BLOCK_TABLE index=2697 name=Sym(6) classes=11 eligible=true blocks=0 tested=0 integral=0 nonmonomial=0
BLOCK_TABLE index=2698 name=2.Sym(6) classes=17 eligible=true blocks=0 tested=0 integral=0 nonmonomial=0
BLOCK_TABLE index=2699 name=Alt(7) classes=9 eligible=true blocks=0 tested=0 integral=0 nonmonomial=0
BLOCK_TABLE index=2700 name=2.Alt(7) classes=16 eligible=true blocks=0 tested=0 integral=0 nonmonomial=0
BLOCK_TABLE index=2701 name=Sym(7) classes=15 eligible=true blocks=0 tested=0 integral=0 nonmonomial=0
BLOCK_TABLE index=2702 name=2.Sym(7) classes=23 eligible=true blocks=0 tested=0 integral=0 nonmonomial=0
BLOCK_TABLE index=2703 name=Alt(8) classes=14 eligible=true blocks=0 tested=0 integral=0 nonmonomial=0
BLOCK_TABLE index=2704 name=2.Alt(8) classes=23 eligible=true blocks=0 tested=0 integral=0 nonmonomial=0
BLOCK_TABLE index=2705 name=Sym(8) classes=22 eligible=true blocks=0 tested=0 integral=0 nonmonomial=0
BLOCK_TABLE index=2706 name=2.Sym(8) classes=31 eligible=true blocks=0 tested=0 integral=0 nonmonomial=0
BLOCK_TABLE index=2707 name=Alt(9) classes=18 eligible=true blocks=0 tested=0 integral=0 nonmonomial=0
BLOCK_TABLE index=2708 name=2.Alt(9) classes=30 eligible=true blocks=0 tested=0 integral=0 nonmonomial=0
BLOCK_TABLE index=2709 name=Sym(9) classes=30 eligible=true blocks=0 tested=0 integral=0 nonmonomial=0
BLOCK_TABLE index=2710 name=2.Sym(9) classes=42 eligible=true blocks=0 tested=0 integral=0 nonmonomial=0
BLOCK_TABLE index=2711 name=Alt(10) classes=24 eligible=true blocks=0 tested=0 integral=0 nonmonomial=0
BLOCK_TABLE index=2712 name=2.Alt(10) classes=39 eligible=true blocks=0 tested=0 integral=0 nonmonomial=0
BLOCK_TABLE index=2713 name=Sym(10) classes=42 eligible=true blocks=0 tested=0 integral=0 nonmonomial=0
BLOCK_TABLE index=2714 name=2.Sym(10) classes=57 eligible=true blocks=0 tested=0 integral=0 nonmonomial=0
BLOCK_TABLE index=2715 name=Alt(11) classes=31 eligible=true blocks=0 tested=0 integral=0 nonmonomial=0
BLOCK_TABLE index=2716 name=2.Alt(11) classes=49 eligible=true blocks=0 tested=0 integral=0 nonmonomial=0
BLOCK_TABLE index=2717 name=Sym(11) classes=56 eligible=true blocks=0 tested=0 integral=0 nonmonomial=0
BLOCK_TABLE index=2718 name=2.Sym(11) classes=74 eligible=true blocks=0 tested=0 integral=0 nonmonomial=0
BLOCK_TABLE index=2719 name=Alt(12) classes=43 eligible=true blocks=0 tested=0 integral=0 nonmonomial=0
BLOCK_TABLE index=2720 name=2.Alt(12) classes=65 eligible=true blocks=0 tested=0 integral=0 nonmonomial=0
BLOCK_TABLE index=2721 name=Sym(12) classes=77 eligible=true blocks=0 tested=0 integral=0 nonmonomial=0
BLOCK_TABLE index=2722 name=2.Sym(12) classes=100 eligible=true blocks=1 tested=4 integral=0 nonmonomial=0
BLOCK_TABLE index=2723 name=Alt(13) classes=55 eligible=true blocks=0 tested=0 integral=0 nonmonomial=0
BLOCK_TABLE index=2724 name=2.Alt(13) classes=82 eligible=true blocks=0 tested=0 integral=0 nonmonomial=0
BLOCK_TABLE index=2725 name=Sym(13) classes=101 eligible=false blocks=0 tested=0 integral=0 nonmonomial=0
BLOCK_TABLE index=2726 name=2.Sym(13) classes=128 eligible=false blocks=0 tested=0 integral=0 nonmonomial=0
BLOCK_TABLE index=2727 name=Alt(14) classes=72 eligible=true blocks=0 tested=0 integral=0 nonmonomial=0
BLOCK_TABLE index=2728 name=2.Alt(14) classes=105 eligible=false blocks=0 tested=0 integral=0 nonmonomial=0
BLOCK_TABLE index=2729 name=Sym(14) classes=135 eligible=false blocks=0 tested=0 integral=0 nonmonomial=0
BLOCK_TABLE index=2730 name=2.Sym(14) classes=168 eligible=false blocks=0 tested=0 integral=0 nonmonomial=0
BLOCK_TABLE index=2731 name=Alt(15) classes=94 eligible=true blocks=0 tested=0 integral=0 nonmonomial=0
BLOCK_TABLE index=2732 name=2.Alt(15) classes=135 eligible=false blocks=0 tested=0 integral=0 nonmonomial=0
BLOCK_TABLE index=2733 name=Sym(15) classes=176 eligible=false blocks=0 tested=0 integral=0 nonmonomial=0
BLOCK_TABLE index=2734 name=2.Sym(15) classes=216 eligible=false blocks=0 tested=0 integral=0 nonmonomial=0
BLOCK_TABLE index=2735 name=Alt(16) classes=123 eligible=false blocks=0 tested=0 integral=0 nonmonomial=0
BLOCK_TABLE index=2736 name=2.Alt(16) classes=171 eligible=false blocks=0 tested=0 integral=0 nonmonomial=0
BLOCK_TABLE index=2737 name=Sym(16) classes=231 eligible=false blocks=0 tested=0 integral=0 nonmonomial=0
BLOCK_TABLE index=2738 name=2.Sym(16) classes=279 eligible=false blocks=0 tested=0 integral=0 nonmonomial=0
BLOCK_TABLE index=2739 name=Alt(17) classes=156 eligible=false blocks=0 tested=0 integral=0 nonmonomial=0
BLOCK_TABLE index=2740 name=2.Alt(17) classes=213 eligible=false blocks=0 tested=0 integral=0 nonmonomial=0
BLOCK_TABLE index=2741 name=Sym(17) classes=297 eligible=false blocks=0 tested=0 integral=0 nonmonomial=0
BLOCK_TABLE index=2742 name=2.Sym(17) classes=354 eligible=false blocks=0 tested=0 integral=0 nonmonomial=0
BLOCK_TABLE index=2743 name=Alt(18) classes=200 eligible=false blocks=0 tested=0 integral=0 nonmonomial=0
BLOCK_TABLE index=2744 name=2.Alt(18) classes=269 eligible=false blocks=0 tested=0 integral=0 nonmonomial=0
BLOCK_TABLE index=2745 name=Sym(18) classes=385 eligible=false blocks=0 tested=0 integral=0 nonmonomial=0
BLOCK_TABLE index=2746 name=2.Sym(18) classes=454 eligible=false blocks=0 tested=0 integral=0 nonmonomial=0
BLOCK_TABLE index=2747 name=Alt(19) classes=254 eligible=false blocks=0 tested=0 integral=0 nonmonomial=0
BLOCK_TABLE index=2748 name=2.Alt(19) classes=335 eligible=false blocks=0 tested=0 integral=0 nonmonomial=0
BLOCK_TABLE index=2749 name=Sym(19) classes=490 eligible=false blocks=0 tested=0 integral=0 nonmonomial=0
BLOCK_TABLE index=2750 name=2.Sym(19) classes=571 eligible=false blocks=0 tested=0 integral=0 nonmonomial=0
DONE_BLOCKS tables=2750 blocks=249 tested=21646 integral=0 nonmonomial=0
