START143 tables=2750 gap=4.16.1
TABLE143 index=1 name=(2xA6).2_3 order=1440 central_classes=2 central_squares=1 real_characters=10 surviving_elements=0
TABLE143 index=2 name=2.A10 order=3628800 central_classes=2 central_squares=1 real_characters=37 surviving_elements=0
TABLE143 index=3 name=2.A10.2 order=7257600 central_classes=2 central_squares=1 real_characters=49 surviving_elements=0
TABLE143 index=4 name=Isoclinic(2.A10.2) order=7257600 central_classes=2 central_squares=1 real_characters=55 surviving_elements=0
TABLE143 index=5 name=2.A11 order=39916800 central_classes=2 central_squares=1 real_characters=45 surviving_elements=0
TABLE143 index=6 name=2.A11.2 order=79833600 central_classes=2 central_squares=1 real_characters=72 surviving_elements=0
TABLE143 index=7 name=Isoclinic(2.A11.2) order=79833600 central_classes=2 central_squares=1 real_characters=64 surviving_elements=0
TABLE143 index=8 name=2.A12 order=479001600 central_classes=2 central_squares=1 real_characters=49 surviving_elements=0
TABLE143 index=9 name=2.A12.2 order=958003200 central_classes=2 central_squares=1 real_characters=98 surviving_elements=0
TABLE143 index=10 name=Isoclinic(2.A12.2) order=958003200 central_classes=2 central_squares=1 real_characters=86 surviving_elements=0
TABLE143 index=11 name=2.A13 order=6227020800 central_classes=2 central_squares=1 real_characters=62 surviving_elements=0
TABLE143 index=12 name=2.A13.2 order=12454041600 central_classes=2 central_squares=1 real_characters=116 surviving_elements=0
TABLE143 index=13 name=Isoclinic(2.A13.2) order=12454041600 central_classes=2 central_squares=1 real_characters=122 surviving_elements=0
TABLE143 index=14 name=2.A14.2 order=174356582400 central_classes=2 central_squares=1 real_characters=148 surviving_elements=0
TABLE143 index=15 name=Isoclinic(2.A14.2) order=174356582400 central_classes=2 central_squares=1 real_characters=166 surviving_elements=0
TABLE143 index=16 name=2.A15.2 order=2615348736000 central_classes=2 central_squares=1 real_characters=204 surviving_elements=0
TABLE143 index=17 name=2.A16.2 order=41845579776000 central_classes=2 central_squares=1 real_characters=275 surviving_elements=0
TABLE143 index=18 name=2.A17.2 order=711374856192000 central_classes=2 central_squares=1 real_characters=338 surviving_elements=0
TABLE143 index=19 name=2.A18.2 order=12804747411456000 central_classes=2 central_squares=1 real_characters=416 surviving_elements=0
TABLE143 index=20 name=2.A5 order=120 central_classes=2 central_squares=1 real_characters=9 surviving_elements=0
TABLE143 index=21 name=2.A5.2 order=240 central_classes=2 central_squares=1 real_characters=8 surviving_elements=0
TABLE143 index=22 name=Isoclinic(2.A5.2) order=240 central_classes=2 central_squares=1 real_characters=12 surviving_elements=0
TABLE143 index=23 name=2.A6 order=720 central_classes=2 central_squares=1 real_characters=13 surviving_elements=0
TABLE143 index=24 name=2.A6.2_1 order=1440 central_classes=2 central_squares=1 real_characters=15 surviving_elements=0
TABLE143 index=25 name=2.A6.2_2 order=1440 central_classes=2 central_squares=1 real_characters=20 surviving_elements=0
TABLE143 index=26 name=Isoclinic(2.A6.2_2) order=1440 central_classes=2 central_squares=1 real_characters=12 surviving_elements=0
TABLE143 index=27 name=2.A7 order=5040 central_classes=2 central_squares=1 real_characters=12 surviving_elements=0
TABLE143 index=28 name=2.A7.2 order=10080 central_classes=2 central_squares=1 real_characters=23 surviving_elements=0
TABLE143 index=29 name=Isoclinic(2.A7.2) order=10080 central_classes=2 central_squares=1 real_characters=17 surviving_elements=0
TABLE143 index=30 name=2.A8 order=40320 central_classes=2 central_squares=1 real_characters=13 surviving_elements=0
TABLE143 index=31 name=2.A8.2 order=80640 central_classes=2 central_squares=1 real_characters=29 surviving_elements=0
TABLE143 index=32 name=Isoclinic(2.A8.2) order=80640 central_classes=2 central_squares=1 real_characters=27 surviving_elements=0
TABLE143 index=33 name=2.A9 order=362880 central_classes=2 central_squares=1 real_characters=22 surviving_elements=0
TABLE143 index=34 name=2.A9.2 order=725760 central_classes=2 central_squares=1 real_characters=34 surviving_elements=0
TABLE143 index=35 name=Isoclinic(2.A9.2) order=725760 central_classes=2 central_squares=1 real_characters=42 surviving_elements=0
TABLE143 index=36 name=2F4(2)'M7 order=1440 central_classes=1 central_squares=1 real_characters=13 surviving_elements=0
TABLE143 index=37 name=3.A6 order=1080 central_classes=3 central_squares=3 real_characters=7 surviving_elements=0
TABLE143 index=38 name=3.A6.2^2 order=4320 central_classes=1 central_squares=1 real_characters=20 surviving_elements=0
TABLE143 index=39 name=3.A6.2_1 order=2160 central_classes=1 central_squares=1 real_characters=14 surviving_elements=0
TABLE143 index=40 name=3.A6.2_2 order=2160 central_classes=1 central_squares=1 real_characters=16 surviving_elements=0
TABLE143 index=41 name=3.A6.2_3 order=2160 central_classes=3 central_squares=3 real_characters=6 surviving_elements=0
TABLE143 index=42 name=3.A7 order=7560 central_classes=3 central_squares=3 real_characters=7 surviving_elements=0
TABLE143 index=43 name=3.A7.2 order=15120 central_classes=1 central_squares=1 real_characters=22 surviving_elements=0
TABLE143 index=44 name=Isoclinic(2.A6x2) order=1440 central_classes=4 central_squares=2 real_characters=14 surviving_elements=0
FLAG143 name=4.A6.2_3 central_indices=[ 2 ] orders=[ 2 ]
TABLE143 index=45 name=4.A6.2_3 order=2880 central_classes=2 central_squares=1 real_characters=10 surviving_elements=1
TABLE143 index=46 name=6.A6 order=2160 central_classes=6 central_squares=3 real_characters=13 surviving_elements=0
TABLE143 index=47 name=6.A6.2_1 order=4320 central_classes=2 central_squares=1 real_characters=18 surviving_elements=0
TABLE143 index=48 name=6.A6.2_2 order=4320 central_classes=2 central_squares=1 real_characters=29 surviving_elements=0
TABLE143 index=49 name=Isoclinic(6.A6.2_2) order=4320 central_classes=2 central_squares=1 real_characters=21 surviving_elements=0
TABLE143 index=50 name=6.A7 order=15120 central_classes=6 central_squares=3 real_characters=12 surviving_elements=0
TABLE143 index=51 name=6.A7.2 order=30240 central_classes=2 central_squares=1 real_characters=33 surviving_elements=0
TABLE143 index=52 name=Isoclinic(6.A7.2) order=30240 central_classes=2 central_squares=1 real_characters=27 surviving_elements=0
TABLE143 index=53 name=A10 order=1814400 central_classes=1 central_squares=1 real_characters=24 surviving_elements=0
TABLE143 index=54 name=A10.2 order=3628800 central_classes=1 central_squares=1 real_characters=42 surviving_elements=0
TABLE143 index=55 name=A11 order=19958400 central_classes=1 central_squares=1 real_characters=29 surviving_elements=0
TABLE143 index=56 name=A11.2 order=39916800 central_classes=1 central_squares=1 real_characters=56 surviving_elements=0
TABLE143 index=57 name=A12 order=239500800 central_classes=1 central_squares=1 real_characters=37 surviving_elements=0
TABLE143 index=58 name=A12.2 order=479001600 central_classes=1 central_squares=1 real_characters=77 surviving_elements=0
TABLE143 index=59 name=A13 order=3113510400 central_classes=1 central_squares=1 real_characters=51 surviving_elements=0
TABLE143 index=60 name=A13.2 order=6227020800 central_classes=1 central_squares=1 real_characters=101 surviving_elements=0
TABLE143 index=61 name=A14 order=43589145600 central_classes=1 central_squares=1 real_characters=72 surviving_elements=0
TABLE143 index=62 name=A5 order=60 central_classes=1 central_squares=1 real_characters=5 surviving_elements=0
TABLE143 index=63 name=A6M2 order=60 central_classes=1 central_squares=1 real_characters=5 surviving_elements=0
TABLE143 index=64 name=A5.2 order=120 central_classes=1 central_squares=1 real_characters=7 surviving_elements=0
TABLE143 index=65 name=A6.2_1M3 order=120 central_classes=1 central_squares=1 real_characters=7 surviving_elements=0
TABLE143 index=66 name=A6 order=360 central_classes=1 central_squares=1 real_characters=7 surviving_elements=0
TABLE143 index=67 name=A6.2^2 order=1440 central_classes=1 central_squares=1 real_characters=13 surviving_elements=0
TABLE143 index=68 name=U4(3).2_3M10 order=1440 central_classes=1 central_squares=1 real_characters=13 surviving_elements=0
TABLE143 index=69 name=A6.2_1 order=720 central_classes=1 central_squares=1 real_characters=11 surviving_elements=0
TABLE143 index=70 name=A6.2_2 order=720 central_classes=1 central_squares=1 real_characters=11 surviving_elements=0
TABLE143 index=71 name=A6.2_3 order=720 central_classes=1 central_squares=1 real_characters=6 surviving_elements=0
TABLE143 index=72 name=A7 order=2520 central_classes=1 central_squares=1 real_characters=7 surviving_elements=0
TABLE143 index=73 name=A7.2 order=5040 central_classes=1 central_squares=1 real_characters=15 surviving_elements=0
TABLE143 index=74 name=A8 order=20160 central_classes=1 central_squares=1 real_characters=10 surviving_elements=0
TABLE143 index=75 name=A8.2 order=40320 central_classes=1 central_squares=1 real_characters=22 surviving_elements=0
TABLE143 index=76 name=A9 order=181440 central_classes=1 central_squares=1 real_characters=16 surviving_elements=0
TABLE143 index=77 name=A9.2 order=362880 central_classes=1 central_squares=1 real_characters=30 surviving_elements=0
TABLE143 index=78 name=M12M4 order=1440 central_classes=1 central_squares=1 real_characters=13 surviving_elements=0
TABLE143 index=79 name=A14.2 order=87178291200 central_classes=1 central_squares=1 real_characters=135 surviving_elements=0
TABLE143 index=80 name=A15.2 order=1307674368000 central_classes=1 central_squares=1 real_characters=176 surviving_elements=0
TABLE143 index=81 name=A15 order=653837184000 central_classes=1 central_squares=1 real_characters=92 surviving_elements=0
TABLE143 index=82 name=A16.2 order=20922789888000 central_classes=1 central_squares=1 real_characters=231 surviving_elements=0
TABLE143 index=83 name=A16 order=10461394944000 central_classes=1 central_squares=1 real_characters=115 surviving_elements=0
TABLE143 index=84 name=A17 order=177843714048000 central_classes=1 central_squares=1 real_characters=148 surviving_elements=0
TABLE143 index=85 name=A17.2 order=355687428096000 central_classes=1 central_squares=1 real_characters=297 surviving_elements=0
TABLE143 index=86 name=A18 order=3201186852864000 central_classes=1 central_squares=1 real_characters=198 surviving_elements=0
TABLE143 index=87 name=A18.2 order=6402373705728000 central_classes=1 central_squares=1 real_characters=385 surviving_elements=0
TABLE143 index=88 name=A19 order=60822550204416000 central_classes=1 central_squares=1 real_characters=252 surviving_elements=0
TABLE143 index=89 name=A19.2 order=121645100408832000 central_classes=1 central_squares=1 real_characters=490 surviving_elements=0
TABLE143 index=90 name=Isoclinic(6.A6x2) order=4320 central_classes=12 central_squares=6 real_characters=14 surviving_elements=0
TABLE143 index=91 name=Isoclinic(3.A6.2_3x2) order=4320 central_classes=6 central_squares=3 real_characters=10 surviving_elements=0
FLAG143 name=12.A6.2_3 central_indices=[ 4, 5, 6 ] orders=[ 2, 6, 6 ]
TABLE143 index=92 name=12.A6.2_3 order=8640 central_classes=6 central_squares=3 real_characters=10 surviving_elements=3
TABLE143 index=93 name=2.F4(2) order=6622253206732800 central_classes=2 central_squares=1 real_characters=166 surviving_elements=0
TABLE143 index=94 name=2.F4(2).2 order=13244506413465600 central_classes=2 central_squares=1 real_characters=131 surviving_elements=0
TABLE143 index=95 name=Isoclinic(2.F4(2).2) order=13244506413465600 central_classes=2 central_squares=1 real_characters=121 surviving_elements=0
TABLE143 index=96 name=Isoclinic(2x2.F4(2).2) order=26489012826931200 central_classes=4 central_squares=2 real_characters=162 surviving_elements=0
TABLE143 index=97 name=2.(2xF4(2)).2 order=26489012826931200 central_classes=4 central_squares=2 real_characters=116 surviving_elements=0
TABLE143 index=98 name=2.G2(4) order=503193600 central_classes=2 central_squares=1 real_characters=53 surviving_elements=0
TABLE143 index=99 name=2.G2(4).2 order=1006387200 central_classes=2 central_squares=1 real_characters=47 surviving_elements=0
TABLE143 index=100 name=Isoclinic(2.G2(4).2) order=1006387200 central_classes=2 central_squares=1 real_characters=53 surviving_elements=0
TABLE143 index=101 name=2.Sz(8) order=58240 central_classes=2 central_squares=1 real_characters=17 surviving_elements=0
TABLE143 index=102 name=2^2.Sz(8) order=116480 central_classes=4 central_squares=1 real_characters=33 surviving_elements=0
TABLE143 index=103 name=2^2.Sz(8).3 order=349440 central_classes=1 central_squares=1 real_characters=13 surviving_elements=0
TABLE143 index=104 name=3.G2(3) order=12737088 central_classes=3 central_squares=3 real_characters=21 surviving_elements=0
TABLE143 index=105 name=3.G2(3).2 order=25474176 central_classes=1 central_squares=1 real_characters=25 surviving_elements=0
TABLE143 index=106 name=F4(2) order=3311126603366400 central_classes=1 central_squares=1 real_characters=91 surviving_elements=0
TABLE143 index=107 name=F4(2).2 order=6622253206732800 central_classes=1 central_squares=1 real_characters=81 surviving_elements=0
TABLE143 index=108 name=G2(3) order=4245696 central_classes=1 central_squares=1 real_characters=21 surviving_elements=0
TABLE143 index=109 name=G2(3).2 order=8491392 central_classes=1 central_squares=1 real_characters=22 surviving_elements=0
TABLE143 index=110 name=G2(4) order=251596800 central_classes=1 central_squares=1 real_characters=30 surviving_elements=0
TABLE143 index=111 name=G2(4).2 order=503193600 central_classes=1 central_squares=1 real_characters=34 surviving_elements=0
TABLE143 index=112 name=G2(5) order=5859000000 central_classes=1 central_squares=1 real_characters=42 surviving_elements=0
TABLE143 index=113 name=G2(7) order=664376138496 central_classes=1 central_squares=1 real_characters=70 surviving_elements=0
TABLE143 index=114 name=R(27) order=10073444472 central_classes=1 central_squares=1 real_characters=29 surviving_elements=0
TABLE143 index=115 name=R(27).3 order=30220333416 central_classes=1 central_squares=1 real_characters=13 surviving_elements=0
TABLE143 index=116 name=Sz(32) order=32537600 central_classes=1 central_squares=1 real_characters=33 surviving_elements=0
TABLE143 index=117 name=Sz(32).5 order=162688000 central_classes=1 central_squares=1 real_characters=9 surviving_elements=0
TABLE143 index=118 name=Sz(8) order=29120 central_classes=1 central_squares=1 real_characters=9 surviving_elements=0
TABLE143 index=119 name=Sz(8).3 order=87360 central_classes=1 central_squares=1 real_characters=5 surviving_elements=0
TABLE143 index=120 name=3^(1+10):U5(2):2 order=4848782653440 central_classes=1 central_squares=1 real_characters=161 surviving_elements=0
TABLE143 index=121 name=3^5:U4(2) order=6298560 central_classes=1 central_squares=1 real_characters=29 surviving_elements=0
TABLE143 index=122 name=3^7:O7(3) order=10028164124160 central_classes=1 central_squares=1 real_characters=185 surviving_elements=0
TABLE143 index=123 name=2^7:S6(2) order=185794560 central_classes=1 central_squares=1 real_characters=134 surviving_elements=0
TABLE143 index=124 name=2^8:O8+(2) order=44590694400 central_classes=1 central_squares=1 real_characters=120 surviving_elements=0
TABLE143 index=125 name=2^8:S8(2) order=12128668876800 central_classes=1 central_squares=1 real_characters=195 surviving_elements=0
TABLE143 index=126 name=2^(1+22).Co2 order=354883595661213696000 central_classes=2 central_squares=1 real_characters=420 surviving_elements=0
TABLE143 index=127 name=2.Co1 order=8315553613086720000 central_classes=2 central_squares=1 real_characters=153 surviving_elements=0
TABLE143 index=128 name=2.J2 order=1209600 central_classes=2 central_squares=1 real_characters=36 surviving_elements=0
TABLE143 index=129 name=2.J2.2 order=2419200 central_classes=2 central_squares=1 real_characters=46 surviving_elements=0
TABLE143 index=130 name=Isoclinic(2.J2.2) order=2419200 central_classes=2 central_squares=1 real_characters=32 surviving_elements=0
TABLE143 index=131 name=3.J3 order=150698880 central_classes=3 central_squares=3 real_characters=19 surviving_elements=0
TABLE143 index=132 name=3.J3.2 order=301397760 central_classes=1 central_squares=1 real_characters=41 surviving_elements=0
TABLE143 index=133 name=Co1 order=4157776806543360000 central_classes=1 central_squares=1 real_characters=97 surviving_elements=0
TABLE143 index=134 name=Co2 order=42305421312000 central_classes=1 central_squares=1 real_characters=52 surviving_elements=0
TABLE143 index=135 name=Co3 order=495766656000 central_classes=1 central_squares=1 real_characters=34 surviving_elements=0
TABLE143 index=136 name=J1 order=175560 central_classes=1 central_squares=1 real_characters=15 surviving_elements=0
TABLE143 index=137 name=J2 order=604800 central_classes=1 central_squares=1 real_characters=21 surviving_elements=0
TABLE143 index=138 name=J2.2 order=1209600 central_classes=1 central_squares=1 real_characters=27 surviving_elements=0
TABLE143 index=139 name=J3 order=50232960 central_classes=1 central_squares=1 real_characters=19 surviving_elements=0
TABLE143 index=140 name=J3.2 order=100465920 central_classes=1 central_squares=1 real_characters=30 surviving_elements=0
TABLE143 index=141 name=J4 order=86775571046077562880 central_classes=1 central_squares=1 real_characters=48 surviving_elements=0
TABLE143 index=142 name=NDG(12.M22,3^2) order=864 central_classes=12 central_squares=6 real_characters=18 surviving_elements=0
TABLE143 index=143 name=12.M22N3 order=864 central_classes=12 central_squares=6 real_characters=8 surviving_elements=0
TABLE143 index=144 name=3xIsoclinic(2x5:8) order=240 central_classes=12 central_squares=6 real_characters=6 surviving_elements=0
TABLE143 index=145 name=12x7:3 order=252 central_classes=12 central_squares=6 real_characters=2 surviving_elements=0
TABLE143 index=146 name=12x11:5 order=660 central_classes=12 central_squares=6 real_characters=2 surviving_elements=0
TABLE143 index=147 name=3x2.M22N2 order=768 central_classes=12 central_squares=3 real_characters=29 surviving_elements=0
TABLE143 index=148 name=2x3.(A4x3):2 order=432 central_classes=6 central_squares=3 real_characters=18 surviving_elements=0
TABLE143 index=149 name=(GL(2,3)x2F4(2)').2 order=1725235200 central_classes=2 central_squares=1 real_characters=104 surviving_elements=0
TABLE143 index=150 name=D8x2F4(2)'.2 order=287539200 central_classes=2 central_squares=1 real_characters=85 surviving_elements=0
TABLE143 index=151 name=QD16.2 order=32 central_classes=2 central_squares=1 real_characters=11 surviving_elements=0
TABLE143 index=152 name=(QD16x2F4(2)').2 order=575078400 central_classes=2 central_squares=1 real_characters=95 surviving_elements=0
TABLE143 index=153 name=2.(3^2:D8xU4(3).2^2).2 order=3762339840 central_classes=2 central_squares=1 real_characters=391 surviving_elements=0
TABLE143 index=154 name=2xBN5 order=500000 central_classes=2 central_squares=1 real_characters=68 surviving_elements=0
TABLE143 index=155 name=(5^2:4S4x2.A5):2 order=576000 central_classes=2 central_squares=1 real_characters=84 surviving_elements=0
TABLE143 index=156 name=2.BN7 order=56448 central_classes=2 central_squares=1 real_characters=32 surviving_elements=0
TABLE143 index=157 name=(3^2x2).U4(3).D8 order=470292480 central_classes=2 central_squares=1 real_characters=151 surviving_elements=0
TABLE143 index=158 name=NDG(2.Co1,3^3) order=311040 central_classes=2 central_squares=1 real_characters=79 surviving_elements=0
TABLE143 index=159 name=NDG(Co1,5^2) order=36000 central_classes=1 central_squares=1 real_characters=44 surviving_elements=0
TABLE143 index=160 name=NDG(2.Co1,5^2) order=72000 central_classes=2 central_squares=1 real_characters=52 surviving_elements=0
TABLE143 index=161 name=2xCo1N3 order=314928 central_classes=2 central_squares=1 real_characters=256 surviving_elements=0
TABLE143 index=162 name=2xCo1N5 order=20000 central_classes=2 central_squares=1 real_characters=34 surviving_elements=0
TABLE143 index=163 name=2x5^(1+2):GL2(5) order=120000 central_classes=2 central_squares=1 real_characters=40 surviving_elements=0
TABLE143 index=164 name=2x7^2:(3x2A4) order=7056 central_classes=2 central_squares=1 real_characters=10 surviving_elements=0
TABLE143 index=165 name=2.HS.2N3 order=1152 central_classes=2 central_squares=1 real_characters=30 surviving_elements=0
TABLE143 index=166 name=2.HSN2 order=1024 central_classes=4 central_squares=1 real_characters=32 surviving_elements=0
TABLE143 index=167 name=2.HS.2N2 order=2048 central_classes=4 central_squares=1 real_characters=74 surviving_elements=0
TABLE143 index=168 name=NDG(2.HS,Q8) order=480 central_classes=2 central_squares=1 real_characters=9 surviving_elements=0
TABLE143 index=169 name=NDG(2.HS,Q8).2 order=960 central_classes=2 central_squares=1 real_characters=20 surviving_elements=0
TABLE143 index=170 name=5^(1+2):8:4 order=4000 central_classes=2 central_squares=1 real_characters=12 surviving_elements=0
TABLE143 index=171 name=2.J2N2 order=768 central_classes=4 central_squares=1 real_characters=15 surviving_elements=0
TABLE143 index=172 name=2.J2N3 order=432 central_classes=2 central_squares=1 real_characters=10 surviving_elements=0
TABLE143 index=173 name=2.J2.2N5 order=1200 central_classes=2 central_squares=1 real_characters=12 surviving_elements=0
TABLE143 index=174 name=2.M12N2 order=128 central_classes=4 central_squares=1 real_characters=19 surviving_elements=0
TABLE143 index=175 name=2xM12N3 order=216 central_classes=2 central_squares=1 real_characters=22 surviving_elements=0
TABLE143 index=176 name=2.RuN2 order=32768 central_classes=4 central_squares=1 real_characters=97 surviving_elements=0
TABLE143 index=177 name=5^(1+2):(4x4):4 order=8000 central_classes=2 central_squares=1 real_characters=20 surviving_elements=0
TABLE143 index=178 name=3.F3+N5 order=86400 central_classes=3 central_squares=3 real_characters=26 surviving_elements=0
TABLE143 index=179 name=3.F3+.2N5 order=172800 central_classes=1 central_squares=1 real_characters=58 surviving_elements=0
TABLE143 index=180 name=3xF3+N7 order=37044 central_classes=3 central_squares=3 real_characters=17 surviving_elements=0
TABLE143 index=181 name=3.F3+.2N7 order=74088 central_classes=1 central_squares=1 real_characters=24 surviving_elements=0
TABLE143 index=182 name=(A4x11:5).2 order=1320 central_classes=1 central_squares=1 real_characters=9 surviving_elements=0
TABLE143 index=183 name=3x(A4x11:5).2 order=3960 central_classes=3 central_squares=3 real_characters=9 surviving_elements=0
TABLE143 index=184 name=(3^(1+2)_+:2x13:6).2 order=8424 central_classes=3 central_squares=3 real_characters=14 surviving_elements=0
TABLE143 index=185 name=3x17:16 order=816 central_classes=3 central_squares=3 real_characters=3 surviving_elements=0
TABLE143 index=186 name=3x23:11 order=759 central_classes=3 central_squares=3 real_characters=1 surviving_elements=0
TABLE143 index=187 name=3x29:14 order=1218 central_classes=3 central_squares=3 real_characters=4 surviving_elements=0
TABLE143 index=188 name=3x(D10xA9).2 order=10886400 central_classes=3 central_squares=3 real_characters=48 surviving_elements=0
TABLE143 index=189 name=3x(3xA6):2_2 order=6480 central_classes=3 central_squares=3 real_characters=16 surviving_elements=0
TABLE143 index=190 name=3.(3xM10):2 order=12960 central_classes=1 central_squares=1 real_characters=31 surviving_elements=0
TABLE143 index=191 name=3xJ3N2 order=1152 central_classes=6 central_squares=3 real_characters=9 surviving_elements=0
TABLE143 index=192 name=3^3.3^(1+2):8 order=5832 central_classes=3 central_squares=3 real_characters=8 surviving_elements=0
TABLE143 index=193 name=3^3.3^(1+2):8.2 order=11664 central_classes=1 central_squares=1 real_characters=24 surviving_elements=0
TABLE143 index=194 name=3.McL.2N5 order=18000 central_classes=1 central_squares=1 real_characters=23 surviving_elements=0
TABLE143 index=195 name=3xMcLN2 order=384 central_classes=6 central_squares=3 real_characters=17 surviving_elements=0
TABLE143 index=196 name=(3xMcLN2).2 order=768 central_classes=2 central_squares=1 real_characters=31 surviving_elements=0
TABLE143 index=197 name=McL.2N3 order=11664 central_classes=1 central_squares=1 real_characters=28 surviving_elements=0
TABLE143 index=198 name=3.McL.2N3 order=34992 central_classes=1 central_squares=1 real_characters=39 surviving_elements=0
TABLE143 index=199 name=3xONN2 order=1536 central_classes=6 central_squares=3 real_characters=30 surviving_elements=0
TABLE143 index=200 name=ON.2N2 order=1024 central_classes=2 central_squares=1 real_characters=38 surviving_elements=0
TABLE143 index=201 name=(3xONN2).2 order=3072 central_classes=2 central_squares=1 real_characters=56 surviving_elements=0
TABLE143 index=202 name=NDG(ON,D8) order=576 central_classes=2 central_squares=1 real_characters=18 surviving_elements=0
TABLE143 index=203 name=NDG(3.ON,D8) order=1728 central_classes=6 central_squares=3 real_characters=18 surviving_elements=0
TABLE143 index=204 name=NDG(ON,D8).2 order=1152 central_classes=2 central_squares=1 real_characters=22 surviving_elements=0
TABLE143 index=205 name=3x(4x2^2).2^4.S3 order=4608 central_classes=6 central_squares=3 real_characters=24 surviving_elements=0
TABLE143 index=206 name=3x(4^2x2).2^3.S3 order=4608 central_classes=3 central_squares=3 real_characters=26 surviving_elements=0
TABLE143 index=207 name=3.ON.2N3 order=155520 central_classes=1 central_squares=1 real_characters=18 surviving_elements=0
TABLE143 index=208 name=3.ON.2M4 order=155520 central_classes=1 central_squares=1 real_characters=44 surviving_elements=0
TABLE143 index=209 name=3.ON.2N7 order=49392 central_classes=1 central_squares=1 real_characters=27 surviving_elements=0
TABLE143 index=210 name=2.M22N2 order=256 central_classes=4 central_squares=1 real_characters=29 surviving_elements=0
TABLE143 index=211 name=4.M22N2 order=512 central_classes=4 central_squares=2 real_characters=29 surviving_elements=0
TABLE143 index=212 name=3x4.M22N2 order=1536 central_classes=12 central_squares=6 real_characters=29 surviving_elements=0
TABLE143 index=213 name=Isoclinic(2x(2.A4x3).2) order=288 central_classes=4 central_squares=2 real_characters=18 surviving_elements=0
TABLE143 index=214 name=Isoclinic(4x3^2:Q8) order=288 central_classes=4 central_squares=2 real_characters=8 surviving_elements=0
TABLE143 index=215 name=Isoclinic(2x5:8) order=80 central_classes=4 central_squares=2 real_characters=6 surviving_elements=0
TABLE143 index=216 name=4x7:3 order=84 central_classes=4 central_squares=2 real_characters=2 surviving_elements=0
TABLE143 index=217 name=4x11:5 order=220 central_classes=4 central_squares=2 real_characters=2 surviving_elements=0
TABLE143 index=218 name=2x11:10 order=220 central_classes=2 central_squares=1 real_characters=6 surviving_elements=0
TABLE143 index=219 name=6.A6N2 order=48 central_classes=6 central_squares=3 real_characters=7 surviving_elements=0
TABLE143 index=220 name=2^6.2^5.S6 order=1474560 central_classes=2 central_squares=1 real_characters=137 surviving_elements=0
TABLE143 index=221 name=2^10.2^3.L3(2) order=1376256 central_classes=1 central_squares=1 real_characters=97 surviving_elements=0
TABLE143 index=222 name=2^(5+8):(2xA6) order=5898240 central_classes=1 central_squares=1 real_characters=86 surviving_elements=0
TABLE143 index=223 name=(2x2^(1+8)_+).2.2^4.(S3xS3) order=1179648 central_classes=2 central_squares=1 real_characters=149 surviving_elements=0
TABLE143 index=224 name=2^(5+8):(S3xS4) order=1179648 central_classes=1 central_squares=1 real_characters=133 surviving_elements=0
TABLE143 index=225 name=2^(5+8):(S3xD8) order=393216 central_classes=2 central_squares=1 real_characters=194 surviving_elements=0
TABLE143 index=226 name=2^10.2^4.S5 order=1966080 central_classes=2 central_squares=1 real_characters=91 surviving_elements=0
TABLE143 index=227 name=2^(5+8):(2xS4) order=393216 central_classes=1 central_squares=1 real_characters=139 surviving_elements=0
TABLE143 index=228 name=2^10.2^2.2^2.S4 order=393216 central_classes=2 central_squares=1 real_characters=138 surviving_elements=0
TABLE143 index=229 name=2^10.2^3.S4 order=196608 central_classes=2 central_squares=1 real_characters=195 surviving_elements=0
TABLE143 index=230 name=2^(5+8):(S3x3.A6) order=53084160 central_classes=3 central_squares=3 real_characters=104 surviving_elements=0
TABLE143 index=231 name=2^(5+8):(2x3.A6) order=17694720 central_classes=3 central_squares=3 real_characters=86 surviving_elements=0
TABLE143 index=232 name=S3x6_1.U4(3).2_2 order=235146240 central_classes=6 central_squares=3 real_characters=147 surviving_elements=0
TABLE143 index=233 name=2x3^5:U4(2):2 order=25194240 central_classes=2 central_squares=1 real_characters=148 surviving_elements=0
TABLE143 index=234 name=2x3^5.3^3.(2xS4) order=629856 central_classes=2 central_squares=1 real_characters=196 surviving_elements=0
TABLE143 index=235 name=2x(3^(1+6).3)a.2.S4 order=629856 central_classes=2 central_squares=1 real_characters=142 surviving_elements=0
TABLE143 index=236 name=2x(3^(1+6).3)b.2.S4 order=629856 central_classes=2 central_squares=1 real_characters=142 surviving_elements=0
TABLE143 index=237 name=2x3^5.3^(1+2).2.S4 order=629856 central_classes=2 central_squares=1 real_characters=154 surviving_elements=0
TABLE143 index=238 name=2xFi22N3 order=157464 central_classes=2 central_squares=1 real_characters=206 surviving_elements=0
TABLE143 index=239 name=2xS3x7:6 order=504 central_classes=2 central_squares=1 real_characters=18 surviving_elements=0
TABLE143 index=240 name=2^2x11:5 order=220 central_classes=4 central_squares=1 real_characters=4 surviving_elements=0
TABLE143 index=241 name=2x13:6 order=156 central_classes=2 central_squares=1 real_characters=8 surviving_elements=0
TABLE143 index=242 name=3.Fi22N3 order=236196 central_classes=3 central_squares=3 real_characters=103 surviving_elements=0
TABLE143 index=243 name=3x2^6:S6(2) order=278691840 central_classes=3 central_squares=3 real_characters=67 surviving_elements=0
TABLE143 index=244 name=S3x3_1.U4(3).2_2 order=117573120 central_classes=3 central_squares=3 real_characters=84 surviving_elements=0
TABLE143 index=245 name=3.3^(1+6):2^(3+4):3^2:2 order=15116544 central_classes=3 central_squares=3 real_characters=82 surviving_elements=0
TABLE143 index=246 name=3x2^6.2^5.S6 order=4423680 central_classes=6 central_squares=3 real_characters=137 surviving_elements=0
TABLE143 index=247 name=3x2^10.2^3.L3(2) order=4128768 central_classes=3 central_squares=3 real_characters=97 surviving_elements=0
TABLE143 index=248 name=3x2^10.2^4.S5 order=5898240 central_classes=6 central_squares=3 real_characters=91 surviving_elements=0
TABLE143 index=249 name=3x2^(5+8):(S3xS4) order=3538944 central_classes=3 central_squares=3 real_characters=133 surviving_elements=0
TABLE143 index=250 name=3x(2x2^(1+8)_+).2.2^4.(S3xS3) order=3538944 central_classes=6 central_squares=3 real_characters=149 surviving_elements=0
TABLE143 index=251 name=3x2^10.2^3.S4 order=589824 central_classes=6 central_squares=3 real_characters=195 surviving_elements=0
TABLE143 index=252 name=3x2^10.2^2.2^2.S4 order=1179648 central_classes=6 central_squares=3 real_characters=138 surviving_elements=0
TABLE143 index=253 name=3x2^(5+8):(S3xD8) order=1179648 central_classes=6 central_squares=3 real_characters=194 surviving_elements=0
TABLE143 index=254 name=3x2^(5+8):(2xS4) order=1179648 central_classes=3 central_squares=3 real_characters=139 surviving_elements=0
TABLE143 index=255 name=3xFi22N2 order=393216 central_classes=6 central_squares=3 real_characters=211 surviving_elements=0
TABLE143 index=256 name=3x5:4xS5 order=7200 central_classes=3 central_squares=3 real_characters=21 surviving_elements=0
TABLE143 index=257 name=6x5:4xS5 order=14400 central_classes=6 central_squares=3 real_characters=42 surviving_elements=0
TABLE143 index=258 name=3xFi22N5 order=7200 central_classes=3 central_squares=3 real_characters=8 surviving_elements=0
TABLE143 index=259 name=3xS3x7:6 order=756 central_classes=3 central_squares=3 real_characters=9 surviving_elements=0
TABLE143 index=260 name=6xS3x7:6 order=1512 central_classes=6 central_squares=3 real_characters=18 surviving_elements=0
TABLE143 index=261 name=6x11:5 order=330 central_classes=6 central_squares=3 real_characters=2 surviving_elements=0
TABLE143 index=262 name=2x6x11:5 order=660 central_classes=12 central_squares=3 real_characters=4 surviving_elements=0
TABLE143 index=263 name=2x3.Fi22N3 order=472392 central_classes=6 central_squares=3 real_characters=206 surviving_elements=0
TABLE143 index=264 name=2xFi22N5 order=4800 central_classes=2 central_squares=1 real_characters=16 surviving_elements=0
TABLE143 index=265 name=6xFi22N5 order=14400 central_classes=6 central_squares=3 real_characters=16 surviving_elements=0
TABLE143 index=266 name=3x5^2:(4xS3) order=1800 central_classes=3 central_squares=3 real_characters=10 surviving_elements=0
TABLE143 index=267 name=3x2.J2.2N5 order=3600 central_classes=6 central_squares=3 real_characters=12 surviving_elements=0
TABLE143 index=268 name=D8xS6(2) order=11612160 central_classes=2 central_squares=1 real_characters=150 surviving_elements=0
TABLE143 index=269 name=NDG(He.2,3^2) order=3456 central_classes=1 central_squares=1 real_characters=27 surviving_elements=0
TABLE143 index=270 name=NDG(HN,3^2) order=51840 central_classes=1 central_squares=1 real_characters=36 surviving_elements=0
TABLE143 index=271 name=NDG(HN.2,3^2) order=103680 central_classes=1 central_squares=1 real_characters=62 surviving_elements=0
TABLE143 index=272 name=HNN3 order=5832 central_classes=1 central_squares=1 real_characters=22 surviving_elements=0
TABLE143 index=273 name=HN.2N3 order=11664 central_classes=1 central_squares=1 real_characters=48 surviving_elements=0
TABLE143 index=274 name=3^4.(3xSL(2,3)).2 order=11664 central_classes=1 central_squares=1 real_characters=28 surviving_elements=0
TABLE143 index=275 name=HNN5 order=125000 central_classes=1 central_squares=1 real_characters=56 surviving_elements=0
TABLE143 index=276 name=NDG(J4,3^2) order=3456 central_classes=1 central_squares=1 real_characters=27 surviving_elements=0
TABLE143 index=277 name=(3^(1+2):2^2xG2(3)):2 order=917070336 central_classes=1 central_squares=1 real_characters=173 surviving_elements=0
TABLE143 index=278 name=(3^2:2x13:6).2 order=2808 central_classes=1 central_squares=1 real_characters=14 surviving_elements=0
TABLE143 index=279 name=(D10xA9).2 order=3628800 central_classes=1 central_squares=1 real_characters=48 surviving_elements=0
TABLE143 index=280 name=MN5 order=187500000 central_classes=1 central_squares=1 real_characters=111 surviving_elements=0
TABLE143 index=281 name=(11:5xM12):2 order=10454400 central_classes=1 central_squares=1 real_characters=32 surviving_elements=0
TABLE143 index=282 name=2F4(2)'N2 order=2048 central_classes=2 central_squares=1 real_characters=23 surviving_elements=0
FLAG143 name=2F4(2)'.2N2 central_indices=[ 2 ] orders=[ 2 ]
TABLE143 index=283 name=2F4(2)'.2N2 order=4096 central_classes=2 central_squares=1 real_characters=29 surviving_elements=1
TABLE143 index=284 name=2^(3+1+3).L3(2) order=21504 central_classes=1 central_squares=1 real_characters=28 surviving_elements=0
TABLE143 index=285 name=2^(2+2+4).(S3xS3) order=9216 central_classes=1 central_squares=1 real_characters=40 surviving_elements=0
TABLE143 index=286 name=NRS(M24,2^(2+2+4)a) order=9216 central_classes=1 central_squares=1 real_characters=40 surviving_elements=0
TABLE143 index=287 name=NRS(M24,2^(4+4)) order=9216 central_classes=1 central_squares=1 real_characters=41 surviving_elements=0
TABLE143 index=288 name=[2^9].S3a order=3072 central_classes=2 central_squares=1 real_characters=45 surviving_elements=0
TABLE143 index=289 name=NRS(M24,[2^9]a) order=3072 central_classes=2 central_squares=1 real_characters=45 surviving_elements=0
TABLE143 index=290 name=[2^9].S3b order=3072 central_classes=1 central_squares=1 real_characters=48 surviving_elements=0
TABLE143 index=291 name=NRS(M24,[2^9]b) order=3072 central_classes=1 central_squares=1 real_characters=48 surviving_elements=0
TABLE143 index=292 name=L3(2)xS3 order=1008 central_classes=1 central_squares=1 real_characters=12 surviving_elements=0
TABLE143 index=293 name=3x2^(1+4)_-:A5 order=5760 central_classes=6 central_squares=3 real_characters=14 surviving_elements=0
TABLE143 index=294 name=3x2^(2+4):(3xS3) order=3456 central_classes=3 central_squares=3 real_characters=8 surviving_elements=0
TABLE143 index=295 name=3x11:5 order=165 central_classes=3 central_squares=3 real_characters=1 surviving_elements=0
TABLE143 index=296 name=6x7:3 order=126 central_classes=6 central_squares=3 real_characters=2 surviving_elements=0
TABLE143 index=297 name=G2(3).2N2 order=128 central_classes=2 central_squares=1 real_characters=17 surviving_elements=0
TABLE143 index=298 name=3^2.(3x3^(1+2)+):2^2 order=2916 central_classes=1 central_squares=1 real_characters=38 surviving_elements=0
TABLE143 index=299 name=3^3.(3x3^(1+2)+):2^2 order=8748 central_classes=3 central_squares=3 real_characters=38 surviving_elements=0
TABLE143 index=300 name=U3(5).2N2 order=32 central_classes=2 central_squares=1 real_characters=11 surviving_elements=0
TABLE143 index=301 name=(D10xU3(5)N2).2 order=320 central_classes=2 central_squares=1 real_characters=17 surviving_elements=0
TABLE143 index=302 name=5:4xU3(5).2N2 order=640 central_classes=2 central_squares=1 real_characters=33 surviving_elements=0
TABLE143 index=303 name=2^(1+8)_+.(2xA5) order=61440 central_classes=2 central_squares=1 real_characters=47 surviving_elements=0
TABLE143 index=304 name=2^(1+8)_+.(A4xA5) order=368640 central_classes=2 central_squares=1 real_characters=28 surviving_elements=0
TABLE143 index=305 name=2^(1+8)_+.(A4xA4).2 order=147456 central_classes=2 central_squares=1 real_characters=29 surviving_elements=0
TABLE143 index=306 name=(D8xA6).2^2 order=11520 central_classes=2 central_squares=1 real_characters=41 surviving_elements=0
TABLE143 index=307 name=(7:3xA5):2 order=2520 central_classes=1 central_squares=1 real_characters=10 surviving_elements=0
TABLE143 index=308 name=2^(2+1+2+4+2).(3xS4) order=147456 central_classes=1 central_squares=1 real_characters=32 surviving_elements=0
TABLE143 index=309 name=D8xU3(3).2 order=96768 central_classes=2 central_squares=1 real_characters=70 surviving_elements=0
TABLE143 index=310 name=(Q16xU3(3)).2 order=193536 central_classes=2 central_squares=1 real_characters=76 surviving_elements=0
TABLE143 index=311 name=3x4^2:D12 order=576 central_classes=3 central_squares=3 real_characters=14 surviving_elements=0
TABLE143 index=312 name=3xM12N2 order=192 central_classes=6 central_squares=3 real_characters=16 surviving_elements=0
TABLE143 index=313 name=3x7:6 order=126 central_classes=3 central_squares=3 real_characters=3 surviving_elements=0
TABLE143 index=314 name=3x13:6 order=234 central_classes=3 central_squares=3 real_characters=4 surviving_elements=0
TABLE143 index=315 name=6x13:6 order=468 central_classes=6 central_squares=3 real_characters=8 surviving_elements=0
TABLE143 index=316 name=S3x13:6 order=468 central_classes=1 central_squares=1 real_characters=12 surviving_elements=0
TABLE143 index=317 name=5:4xS7 order=100800 central_classes=1 central_squares=1 real_characters=45 surviving_elements=0
TABLE143 index=318 name=S3xA5 order=360 central_classes=1 central_squares=1 real_characters=15 surviving_elements=0
TABLE143 index=319 name=G2(4)N2 order=36864 central_classes=1 central_squares=1 real_characters=20 surviving_elements=0
TABLE143 index=320 name=3^(1+2):8:4 order=864 central_classes=2 central_squares=1 real_characters=14 surviving_elements=0
TABLE143 index=321 name=S3x2.A5 order=720 central_classes=2 central_squares=1 real_characters=27 surviving_elements=0
TABLE143 index=322 name=2.A5.2xS3 order=1440 central_classes=2 central_squares=1 real_characters=24 surviving_elements=0
TABLE143 index=323 name=2.D10xA5 order=1200 central_classes=2 central_squares=1 real_characters=30 surviving_elements=0
TABLE143 index=324 name=(7:3x3):4 order=252 central_classes=2 central_squares=1 real_characters=10 surviving_elements=0
TABLE143 index=325 name=2.M12N5 order=80 central_classes=2 central_squares=1 real_characters=8 surviving_elements=0
TABLE143 index=326 name=7:12 order=84 central_classes=2 central_squares=1 real_characters=4 surviving_elements=0
TABLE143 index=327 name=NRS(M22,[2^6]) order=384 central_classes=1 central_squares=1 real_characters=12 surviving_elements=0
TABLE143 index=328 name=2^(2+8):(3xA5):2 order=368640 central_classes=1 central_squares=1 real_characters=35 surviving_elements=0
TABLE143 index=329 name=2^(4+6):(A5x3):2 order=368640 central_classes=1 central_squares=1 real_characters=36 surviving_elements=0
TABLE143 index=330 name=2.HSN3A order=1440 central_classes=2 central_squares=1 real_characters=22 surviving_elements=0
TABLE143 index=331 name=2^3.(2x2^3.L3(2)) order=21504 central_classes=1 central_squares=1 real_characters=28 surviving_elements=0
TABLE143 index=332 name=(7:3xL2(7)):2 order=7056 central_classes=1 central_squares=1 real_characters=15 surviving_elements=0
TABLE143 index=333 name=F4(2)N7B order=7056 central_classes=1 central_squares=1 real_characters=15 surviving_elements=0
TABLE143 index=334 name=3x19:9 order=513 central_classes=3 central_squares=3 real_characters=1 surviving_elements=0
TABLE143 index=335 name=3x17:8 order=408 central_classes=3 central_squares=3 real_characters=4 surviving_elements=0
TABLE143 index=336 name=3xD6xD10 order=180 central_classes=3 central_squares=3 real_characters=12 surviving_elements=0
TABLE143 index=337 name=3x2^3.S4v1 order=576 central_classes=3 central_squares=3 real_characters=14 surviving_elements=0
TABLE143 index=338 name=3xNRS(M22,[2^6]) order=1152 central_classes=3 central_squares=3 real_characters=12 surviving_elements=0
TABLE143 index=339 name=2.2^3.2^5.S3 order=3072 central_classes=2 central_squares=1 real_characters=45 surviving_elements=0
TABLE143 index=340 name=(2^2x4).2^5.S3 order=3072 central_classes=2 central_squares=1 real_characters=45 surviving_elements=0
TABLE143 index=341 name=2.2^4.2^4.S3 order=3072 central_classes=2 central_squares=1 real_characters=58 surviving_elements=0
TABLE143 index=342 name=(2x4^2).2^4.S3 order=3072 central_classes=1 central_squares=1 real_characters=48 surviving_elements=0
TABLE143 index=343 name=2.2^(4+6).2.S3 order=24576 central_classes=2 central_squares=1 real_characters=64 surviving_elements=0
TABLE143 index=344 name=S3xU4(2).2 order=311040 central_classes=1 central_squares=1 real_characters=75 surviving_elements=0
TABLE143 index=345 name=3^4.A6.D8 order=233280 central_classes=1 central_squares=1 real_characters=34 surviving_elements=0
TABLE143 index=346 name=(Q8xD14):3 order=336 central_classes=2 central_squares=1 real_characters=11 surviving_elements=0
TABLE143 index=347 name=(Q8x13:4):3 order=1248 central_classes=2 central_squares=1 real_characters=11 surviving_elements=0
TABLE143 index=348 name=5:4xS5x2 order=4800 central_classes=2 central_squares=1 real_characters=42 surviving_elements=0
TABLE143 index=349 name=2^5.2^4.L4(2) order=10321920 central_classes=1 central_squares=1 real_characters=25 surviving_elements=0
TABLE143 index=350 name=(2^5.2^6)a.(S3xL3(2)) order=2064384 central_classes=1 central_squares=1 real_characters=34 surviving_elements=0
TABLE143 index=351 name=(2^5.2^6)b.(L3(2)xS3) order=2064384 central_classes=1 central_squares=1 real_characters=35 surviving_elements=0
TABLE143 index=352 name=2^5.2^6.(2xL3(2)) order=688128 central_classes=1 central_squares=1 real_characters=37 surviving_elements=0
TABLE143 index=353 name=(2^5.2^6.2^2)a.S3^2 order=294912 central_classes=1 central_squares=1 real_characters=55 surviving_elements=0
TABLE143 index=354 name=(2^5.2^6.2^2)b.S3^2 order=294912 central_classes=1 central_squares=1 real_characters=51 surviving_elements=0
TABLE143 index=355 name=2^5.2^6.D8.S3 order=98304 central_classes=1 central_squares=1 real_characters=65 surviving_elements=0
TABLE143 index=356 name=(2^(1+8).2^3)a.L3(2) order=688128 central_classes=2 central_squares=1 real_characters=40 surviving_elements=0
TABLE143 index=357 name=(2^(1+8).2^3)b.L3(2) order=688128 central_classes=2 central_squares=1 real_characters=37 surviving_elements=0
TABLE143 index=358 name=2^(1+8).2^4.S3^2 order=294912 central_classes=2 central_squares=1 real_characters=56 surviving_elements=0
TABLE143 index=359 name=2^(1+8).2^4.2.S3 order=98304 central_classes=2 central_squares=1 real_characters=69 surviving_elements=0
TABLE143 index=360 name=2^(1+8).2^3.2^2.S3 order=98304 central_classes=2 central_squares=1 real_characters=63 surviving_elements=0
TABLE143 index=361 name=2^(1+8).2^(1+4).S3 order=98304 central_classes=2 central_squares=1 real_characters=65 surviving_elements=0
TABLE143 index=362 name=2^(1+8).2^2.(3xA5).2 order=737280 central_classes=2 central_squares=1 real_characters=42 surviving_elements=0
TABLE143 index=363 name=2^(1+8).2^2.S3^2 order=73728 central_classes=2 central_squares=1 real_characters=52 surviving_elements=0
TABLE143 index=364 name=2^(1+8).D8.S3 order=24576 central_classes=2 central_squares=1 real_characters=62 surviving_elements=0
TABLE143 index=365 name=(D10xA6).2 order=7200 central_classes=1 central_squares=1 real_characters=17 surviving_elements=0
TABLE143 index=366 name=5:8 order=40 central_classes=2 central_squares=1 real_characters=4 surviving_elements=0
TABLE143 index=367 name=(2.D10xA6).2 order=14400 central_classes=2 central_squares=1 real_characters=24 surviving_elements=0
TABLE143 index=368 name=2x3^5:(3^2:SD16) order=69984 central_classes=2 central_squares=1 real_characters=42 surviving_elements=0
TABLE143 index=369 name=31:6 order=186 central_classes=1 central_squares=1 real_characters=7 surviving_elements=0
TABLE143 index=370 name=11:5xS3 order=330 central_classes=1 central_squares=1 real_characters=3 surviving_elements=0
TABLE143 index=371 name=(SL2(3)x7:3).2 order=1008 central_classes=2 central_squares=1 real_characters=13 surviving_elements=0
TABLE143 index=372 name=3^5.3^3.(2xS4) order=314928 central_classes=1 central_squares=1 real_characters=98 surviving_elements=0
TABLE143 index=373 name=(3^(1+6).3)a.2.S4 order=314928 central_classes=1 central_squares=1 real_characters=71 surviving_elements=0
TABLE143 index=374 name=(3^(1+6).3)b.2.S4 order=314928 central_classes=1 central_squares=1 real_characters=71 surviving_elements=0
TABLE143 index=375 name=3^5.3^(1+2).2.S4 order=314928 central_classes=1 central_squares=1 real_characters=77 surviving_elements=0
TABLE143 index=376 name=(3^2:4xD10).2 order=720 central_classes=1 central_squares=1 real_characters=12 surviving_elements=0
TABLE143 index=377 name=(3^2:D8xD10).2 order=1440 central_classes=1 central_squares=1 real_characters=21 surviving_elements=0
TABLE143 index=378 name=S4x3^2:4 order=864 central_classes=1 central_squares=1 real_characters=20 surviving_elements=0
TABLE143 index=379 name=S4x3^(1+2):4 order=2592 central_classes=3 central_squares=3 real_characters=20 surviving_elements=0
TABLE143 index=380 name=(3^(1+2):4xD10).2 order=2160 central_classes=3 central_squares=3 real_characters=12 surviving_elements=0
TABLE143 index=381 name=3x7^(1+2):(D8x3) order=24696 central_classes=3 central_squares=3 real_characters=14 surviving_elements=0
TABLE143 index=382 name=3x19:6 order=342 central_classes=3 central_squares=3 real_characters=5 surviving_elements=0
TABLE143 index=383 name=3x31:15 order=1395 central_classes=3 central_squares=3 real_characters=1 surviving_elements=0
TABLE143 index=384 name=2.(S4xS5) order=5760 central_classes=2 central_squares=1 real_characters=44 surviving_elements=0
TABLE143 index=385 name=2.D8.S5 order=1920 central_classes=2 central_squares=1 real_characters=39 surviving_elements=0
TABLE143 index=386 name=(2^(1+4)x3).GO+(4,2) order=6912 central_classes=2 central_squares=1 real_characters=32 surviving_elements=0
TABLE143 index=387 name=2^(1+4).S3^2 order=1152 central_classes=2 central_squares=1 real_characters=29 surviving_elements=0
TABLE143 index=388 name=2.(D8x2^2).S3 order=384 central_classes=2 central_squares=1 real_characters=26 surviving_elements=0
TABLE143 index=389 name=2.2^4.2.S3 order=384 central_classes=2 central_squares=1 real_characters=28 surviving_elements=0
TABLE143 index=390 name=(4x2^2).2^4.S3 order=1536 central_classes=2 central_squares=1 real_characters=24 surviving_elements=0
TABLE143 index=391 name=(4^2x2).2^3.S3 order=1536 central_classes=1 central_squares=1 real_characters=26 surviving_elements=0
TABLE143 index=392 name=2^(1+6)_-.2^4.A5 order=122880 central_classes=2 central_squares=1 real_characters=52 surviving_elements=0
TABLE143 index=393 name=2^(4+6).2^2.(3xS3) order=73728 central_classes=2 central_squares=1 real_characters=37 surviving_elements=0
TABLE143 index=394 name=2^(2+8).2^2.(3xS3) order=73728 central_classes=1 central_squares=1 real_characters=33 surviving_elements=0
TABLE143 index=395 name=(A4x7:3):2 order=504 central_classes=1 central_squares=1 real_characters=9 surviving_elements=0
TABLE143 index=396 name=S4x3^2:Q8 order=1728 central_classes=1 central_squares=1 real_characters=30 surviving_elements=0
TABLE143 index=397 name=11:20 order=220 central_classes=2 central_squares=1 real_characters=4 surviving_elements=0
TABLE143 index=398 name=(SL(2,3)x7:3).2 order=1008 central_classes=2 central_squares=1 real_characters=15 surviving_elements=0
TABLE143 index=399 name=3x(A5xD10).2 order=3600 central_classes=3 central_squares=3 real_characters=13 surviving_elements=0
TABLE143 index=400 name=(D10x3.A6).2_3 order=21600 central_classes=3 central_squares=3 real_characters=17 surviving_elements=0
TABLE143 index=401 name=3x(A4x7:3):2 order=1512 central_classes=3 central_squares=3 real_characters=9 surviving_elements=0
TABLE143 index=402 name=3x11:10 order=330 central_classes=3 central_squares=3 real_characters=3 surviving_elements=0
TABLE143 index=403 name=S4x3^(1+2)_+:Q8 order=5184 central_classes=3 central_squares=3 real_characters=30 surviving_elements=0
TABLE143 index=404 name=D8x3^(1+2)_+:Q8 order=1728 central_classes=6 central_squares=3 real_characters=30 surviving_elements=0
TABLE143 index=405 name=2.(D8x3^2:Q8) order=1152 central_classes=2 central_squares=1 real_characters=34 surviving_elements=0
TABLE143 index=406 name=3x2^(1+6)_-.2^4.A5 order=368640 central_classes=6 central_squares=3 real_characters=52 surviving_elements=0
TABLE143 index=407 name=3x2^(2+8).2^2.(3xS3) order=221184 central_classes=3 central_squares=3 real_characters=33 surviving_elements=0
TABLE143 index=408 name=3x2^(4+6).2^2.(3xS3) order=221184 central_classes=6 central_squares=3 real_characters=37 surviving_elements=0
TABLE143 index=409 name=3xSuzN2 order=73728 central_classes=6 central_squares=3 real_characters=47 surviving_elements=0
TABLE143 index=410 name=(2.D10x3.A6).2_3 order=43200 central_classes=6 central_squares=3 real_characters=24 surviving_elements=0
TABLE143 index=411 name=3x(SL(2,3)x7:3).2 order=3024 central_classes=6 central_squares=3 real_characters=15 surviving_elements=0
TABLE143 index=412 name=3x11:20 order=660 central_classes=6 central_squares=3 real_characters=4 surviving_elements=0
TABLE143 index=413 name=3x(2x13).6 order=468 central_classes=6 central_squares=3 real_characters=6 surviving_elements=0
TABLE143 index=414 name=3x(2.A5xD10).2 order=7200 central_classes=6 central_squares=3 real_characters=23 surviving_elements=0
TABLE143 index=415 name=2^(1+8)_+.2^5.S4(2) order=11796480 central_classes=2 central_squares=1 real_characters=148 surviving_elements=0
TABLE143 index=416 name=2^3.(2x2^(1+3+3+3).L3(2)) order=2752512 central_classes=2 central_squares=1 real_characters=178 surviving_elements=0
TABLE143 index=417 name=2^(1+1+3+3).(2x2^(3+3).L3(2)) order=5505024 central_classes=2 central_squares=1 real_characters=137 surviving_elements=0
TABLE143 index=418 name=2^(1+1+2+4).(2x2^(2+4).S3^2) order=1179648 central_classes=2 central_squares=1 real_characters=262 surviving_elements=0
TABLE143 index=419 name=2^10.2^3.2^3.S3 order=393216 central_classes=2 central_squares=1 real_characters=354 surviving_elements=0
TABLE143 index=420 name=2^(1+8)_+.2^3.2^2.2^3.S3 order=786432 central_classes=2 central_squares=1 real_characters=270 surviving_elements=0
TABLE143 index=421 name=2^(1+8)_+.2^2.2^2.2^4.S3 order=786432 central_classes=2 central_squares=1 real_characters=264 surviving_elements=0
TABLE143 index=422 name=2^(1+8)_+.2^3.2^5.S3 order=786432 central_classes=2 central_squares=1 real_characters=261 surviving_elements=0
TABLE143 index=423 name=3xD10 order=30 central_classes=3 central_squares=3 real_characters=4 surviving_elements=0
TABLE143 index=424 name=2.SuzN2 order=49152 central_classes=4 central_squares=1 real_characters=68 surviving_elements=0
TABLE143 index=425 name=2.G2(4)N2 order=73728 central_classes=2 central_squares=1 real_characters=29 surviving_elements=0
TABLE143 index=426 name=3.3^5:(3^2:SD16) order=104976 central_classes=3 central_squares=3 real_characters=21 surviving_elements=0
TABLE143 index=427 name=3x2.SuzN2 order=147456 central_classes=12 central_squares=3 real_characters=68 surviving_elements=0
TABLE143 index=428 name=2x3.3^5:(3^2:SD16) order=209952 central_classes=6 central_squares=3 real_characters=42 surviving_elements=0
TABLE143 index=429 name=2.(D8x3^(1+2)_+:Q8) order=3456 central_classes=6 central_squares=3 real_characters=34 surviving_elements=0
TABLE143 index=430 name=2.Fi22N2 order=262144 central_classes=4 central_squares=1 real_characters=315 surviving_elements=0
TABLE143 index=431 name=3x2.Fi22N2 order=786432 central_classes=12 central_squares=3 real_characters=315 surviving_elements=0
TABLE143 index=432 name=(2^2x11:5).2 order=440 central_classes=2 central_squares=1 real_characters=7 surviving_elements=0
TABLE143 index=433 name=2^5:A6 order=11520 central_classes=1 central_squares=1 real_characters=24 surviving_elements=0
TABLE143 index=434 name=3^4:S6 order=58320 central_classes=1 central_squares=1 real_characters=27 surviving_elements=0
TABLE143 index=435 name=3^4:3^2:D8 order=5832 central_classes=1 central_squares=1 real_characters=27 surviving_elements=0
TABLE143 index=436 name=S3x5:4 order=120 central_classes=1 central_squares=1 real_characters=9 surviving_elements=0
TABLE143 index=437 name=3^3:(S3x2) order=324 central_classes=1 central_squares=1 real_characters=17 surviving_elements=0
TABLE143 index=438 name=3^3:S3 order=162 central_classes=3 central_squares=3 real_characters=4 surviving_elements=0
TABLE143 index=439 name=2^4:A4 order=192 central_classes=2 central_squares=1 real_characters=8 surviving_elements=0
TABLE143 index=440 name=2x7:6 order=84 central_classes=2 central_squares=1 real_characters=6 surviving_elements=0
TABLE143 index=441 name=5:4xS4 order=480 central_classes=1 central_squares=1 real_characters=15 surviving_elements=0
TABLE143 index=442 name=(3x2.D10).2 order=120 central_classes=2 central_squares=1 real_characters=6 surviving_elements=0
TABLE143 index=443 name=2.A8N3 order=144 central_classes=2 central_squares=1 real_characters=11 surviving_elements=0
TABLE143 index=444 name=S6(2)N2 order=512 central_classes=4 central_squares=1 real_characters=56 surviving_elements=0
TABLE143 index=445 name=2x3^3:S3 order=324 central_classes=6 central_squares=3 real_characters=8 surviving_elements=0
TABLE143 index=446 name=2.U4(2)N2 order=384 central_classes=2 central_squares=1 real_characters=10 surviving_elements=0
TABLE143 index=447 name=2.(S3x5:4) order=240 central_classes=2 central_squares=1 real_characters=10 surviving_elements=0
TABLE143 index=448 name=2x3^3:(S3x2) order=648 central_classes=2 central_squares=1 real_characters=34 surviving_elements=0
TABLE143 index=449 name=2^6:S4a order=1536 central_classes=2 central_squares=1 real_characters=40 surviving_elements=0
TABLE143 index=450 name=2^6:S4b order=1536 central_classes=2 central_squares=1 real_characters=40 surviving_elements=0
TABLE143 index=451 name=2.[2^6].(2xS3) order=1536 central_classes=4 central_squares=1 real_characters=53 surviving_elements=0
TABLE143 index=452 name=3x2.D10 order=60 central_classes=6 central_squares=3 real_characters=6 surviving_elements=0
TABLE143 index=453 name=(D10x2^3.L3(2)).2 order=26880 central_classes=1 central_squares=1 real_characters=23 surviving_elements=0
TABLE143 index=454 name=7:3xS5 order=2520 central_classes=1 central_squares=1 real_characters=7 surviving_elements=0
TABLE143 index=455 name=31:10 order=310 central_classes=1 central_squares=1 real_characters=5 surviving_elements=0
TABLE143 index=456 name=23:22 order=506 central_classes=1 central_squares=1 real_characters=3 surviving_elements=0
TABLE143 index=457 name=11:10xS3 order=660 central_classes=1 central_squares=1 real_characters=9 surviving_elements=0
TABLE143 index=458 name=(7:3xA7):2 order=105840 central_classes=1 central_squares=1 real_characters=24 surviving_elements=0
TABLE143 index=459 name=(13:6xA4).2 order=1872 central_classes=1 central_squares=1 real_characters=8 surviving_elements=0
TABLE143 index=460 name=5^3:(4x(2xA5).2) order=120000 central_classes=2 central_squares=1 real_characters=34 surviving_elements=0
TABLE143 index=461 name=(D10xJ2).2 order=12096000 central_classes=1 central_squares=1 real_characters=53 surviving_elements=0
TABLE143 index=462 name=2^4:A4b order=192 central_classes=1 central_squares=1 real_characters=7 surviving_elements=0
TABLE143 index=463 name=3^4.3^2:4 order=2916 central_classes=1 central_squares=1 real_characters=18 surviving_elements=0
TABLE143 index=464 name=2^(4+8).(2xA4) order=98304 central_classes=2 central_squares=1 real_characters=65 surviving_elements=0
TABLE143 index=465 name=2^9.2^4.A5a order=491520 central_classes=2 central_squares=1 real_characters=49 surviving_elements=0
TABLE143 index=466 name=2^9.2^4.A5b order=491520 central_classes=1 central_squares=1 real_characters=55 surviving_elements=0
TABLE143 index=467 name=2^(4+8):(A4xS3) order=294912 central_classes=2 central_squares=1 real_characters=58 surviving_elements=0
TABLE143 index=468 name=S6xD8 order=5760 central_classes=2 central_squares=1 real_characters=55 surviving_elements=0
TABLE143 index=469 name=(2^4:A4xA4).2 order=4608 central_classes=2 central_squares=1 real_characters=56 surviving_elements=0
TABLE143 index=470 name=(2x2^(1+8)_+).O8+(2) order=178362777600 central_classes=4 central_squares=1 real_characters=254 surviving_elements=0
TABLE143 index=471 name=2.2^(2+12):(A8xS3) order=3963617280 central_classes=2 central_squares=1 real_characters=188 surviving_elements=0
TABLE143 index=472 name=2.(A5wr2) order=14400 central_classes=2 central_squares=1 real_characters=34 surviving_elements=0
TABLE143 index=473 name=(D10x2.(A5xA5).2).2 order=288000 central_classes=2 central_squares=1 real_characters=84 surviving_elements=0
TABLE143 index=474 name=(11:5xD12).2 order=1320 central_classes=2 central_squares=1 real_characters=13 surviving_elements=0
TABLE143 index=475 name=2.(13:6xA4).2 order=3744 central_classes=2 central_squares=1 real_characters=9 surviving_elements=0
TABLE143 index=476 name=(7:3x2.A7):2 order=211680 central_classes=2 central_squares=1 real_characters=31 surviving_elements=0
TABLE143 index=477 name=2.(D10xJ2).2 order=24192000 central_classes=2 central_squares=1 real_characters=68 surviving_elements=0
TABLE143 index=478 name=2x(7:3xL2(7)):2 order=14112 central_classes=2 central_squares=1 real_characters=30 surviving_elements=0
TABLE143 index=479 name=(7:3x2.L3(4).2).2 order=3386880 central_classes=2 central_squares=1 real_characters=66 surviving_elements=0
TABLE143 index=480 name=(3^(1+2):8x2.A6).2 order=311040 central_classes=2 central_squares=1 real_characters=79 surviving_elements=0
TABLE143 index=481 name=3^6:L4(3):2_2 order=8843178240 central_classes=1 central_squares=1 real_characters=159 surviving_elements=0
TABLE143 index=482 name=3^(3+6):(L3(3)x2) order=221079456 central_classes=1 central_squares=1 real_characters=135 surviving_elements=0
TABLE143 index=483 name=2^(1+6).3^(1+2).2S4 order=165888 central_classes=2 central_squares=1 real_characters=43 surviving_elements=0
TABLE143 index=484 name=L3(3)x2 order=11232 central_classes=2 central_squares=1 real_characters=12 surviving_elements=0
TABLE143 index=485 name=(3xSL(2,3)):2 order=144 central_classes=2 central_squares=1 real_characters=13 surviving_elements=0
TABLE143 index=486 name=S3x(3xSL(2,3)):2 order=864 central_classes=2 central_squares=1 real_characters=39 surviving_elements=0
TABLE143 index=487 name=2^(1+4)_+.(S3x3^2:2) order=3456 central_classes=2 central_squares=1 real_characters=48 surviving_elements=0
TABLE143 index=488 name=A7xS3 order=15120 central_classes=1 central_squares=1 real_characters=21 surviving_elements=0
TABLE143 index=489 name=D8xS3 order=48 central_classes=2 central_squares=1 real_characters=15 surviving_elements=0
TABLE143 index=490 name=2.2^4.(S3x3^2:2) order=3456 central_classes=2 central_squares=1 real_characters=48 surviving_elements=0
TABLE143 index=491 name=2.2^(4+12).(S3x3S6) order=1698693120 central_classes=2 central_squares=1 real_characters=281 surviving_elements=0
TABLE143 index=492 name=2x3^(1+4).2U4(2).2 order=50388480 central_classes=2 central_squares=1 real_characters=160 surviving_elements=0
TABLE143 index=493 name=3^(3+4):(2.S4)^2 order=5038848 central_classes=2 central_squares=1 real_characters=162 surviving_elements=0
TABLE143 index=494 name=(2.A7xL2(7)).2 order=1693440 central_classes=2 central_squares=1 real_characters=82 surviving_elements=0
TABLE143 index=495 name=(2.A6xU3(3)).2 order=8709120 central_classes=2 central_squares=1 real_characters=108 surviving_elements=0
TABLE143 index=496 name=(2.A4x2.G2(4)).2 order=24153292800 central_classes=4 central_squares=1 real_characters=175 surviving_elements=0
TABLE143 index=497 name=2.(A4xG2(4)).2 order=12076646400 central_classes=2 central_squares=1 real_characters=104 surviving_elements=0
TABLE143 index=498 name=(2.A5x2.J2).2 order=290304000 central_classes=4 central_squares=1 real_characters=230 surviving_elements=0
TABLE143 index=499 name=2.(A5xJ2).2 order=145152000 central_classes=2 central_squares=1 real_characters=127 surviving_elements=0
TABLE143 index=500 name=2(S4xS4) order=1152 central_classes=2 central_squares=1 real_characters=26 surviving_elements=0
TABLE143 index=501 name=S3x2.S4 order=288 central_classes=2 central_squares=1 real_characters=18 surviving_elements=0
TABLE143 index=502 name=2^6:S7 order=322560 central_classes=1 central_squares=1 real_characters=55 surviving_elements=0
TABLE143 index=503 name=S4xU3(3).2 order=290304 central_classes=1 central_squares=1 real_characters=70 surviving_elements=0
TABLE143 index=504 name=A8xS3 order=120960 central_classes=1 central_squares=1 real_characters=30 surviving_elements=0
TABLE143 index=505 name=2x2.M12 order=380160 central_classes=4 central_squares=1 real_characters=32 surviving_elements=0
TABLE143 index=506 name=2x2.A4xS3 order=288 central_classes=4 central_squares=1 real_characters=18 surviving_elements=0
TABLE143 index=507 name=2^2x3^2.2.S4 order=1728 central_classes=4 central_squares=1 real_characters=36 surviving_elements=0
TABLE143 index=508 name=2.S4x2.S4 order=2304 central_classes=4 central_squares=1 real_characters=36 surviving_elements=0
TABLE143 index=509 name=2x2.U4(2).2 order=207360 central_classes=4 central_squares=1 real_characters=60 surviving_elements=0
TABLE143 index=510 name=2x2.(3^3:(S4x2)) order=5184 central_classes=4 central_squares=1 real_characters=56 surviving_elements=0
TABLE143 index=511 name=2xS3x2.S4 order=576 central_classes=4 central_squares=1 real_characters=36 surviving_elements=0
TABLE143 index=512 name=S3x3.S6 order=12960 central_classes=1 central_squares=1 real_characters=42 surviving_elements=0
TABLE143 index=513 name=2x3.S6 order=4320 central_classes=2 central_squares=1 real_characters=28 surviving_elements=0
TABLE143 index=514 name=(D10xD10).2^2 order=400 central_classes=1 central_squares=1 real_characters=14 surviving_elements=0
TABLE143 index=515 name=(3x3^3:S3):2 order=972 central_classes=1 central_squares=1 real_characters=39 surviving_elements=0
TABLE143 index=516 name=(3x3^(1+2)+:2A4).2 order=3888 central_classes=1 central_squares=1 real_characters=40 surviving_elements=0
TABLE143 index=517 name=2^12.(S3x3S6) order=53084160 central_classes=1 central_squares=1 real_characters=132 surviving_elements=0
TABLE143 index=518 name=2^12.(2^2xD8) order=131072 central_classes=2 central_squares=1 real_characters=590 surviving_elements=0
TABLE143 index=519 name=2^(3+3+3).L3(2) order=86016 central_classes=1 central_squares=1 real_characters=43 surviving_elements=0
TABLE143 index=520 name=NRS(O8+(2),2^(3+3+3)_a) order=86016 central_classes=1 central_squares=1 real_characters=43 surviving_elements=0
TABLE143 index=521 name=NRS(O8+(2),2^(3+3+3)_b) order=86016 central_classes=1 central_squares=1 real_characters=43 surviving_elements=0
TABLE143 index=522 name=O8+(2)N2 order=4096 central_classes=2 central_squares=1 real_characters=103 surviving_elements=0
TABLE143 index=523 name=5:4xS6 order=14400 central_classes=1 central_squares=1 real_characters=33 surviving_elements=0
TABLE143 index=524 name=E6(2) order=214841575522005575270400 central_classes=1 central_squares=1 real_characters=82 surviving_elements=0
TABLE143 index=525 name=F4(3) order=5734420792816671844761600 central_classes=1 central_squares=1 real_characters=269 surviving_elements=0
TABLE143 index=526 name=2.Fi22 order=129123503308800 central_classes=2 central_squares=1 real_characters=100 surviving_elements=0
TABLE143 index=527 name=2.Fi22.2 order=258247006617600 central_classes=2 central_squares=1 real_characters=132 surviving_elements=0
TABLE143 index=528 name=Isoclinic(2.Fi22.2) order=258247006617600 central_classes=2 central_squares=1 real_characters=142 surviving_elements=0
TABLE143 index=529 name=3.Fi22 order=193685254963200 central_classes=3 central_squares=3 real_characters=57 surviving_elements=0
TABLE143 index=530 name=3.Fi22.2 order=387370509926400 central_classes=1 central_squares=1 real_characters=160 surviving_elements=0
TABLE143 index=531 name=6.Fi22 order=387370509926400 central_classes=6 central_squares=3 real_characters=100 surviving_elements=0
TABLE143 index=532 name=6.Fi22.2 order=774741019852800 central_classes=2 central_squares=1 real_characters=182 surviving_elements=0
TABLE143 index=533 name=Isoclinic(6.Fi22.2) order=774741019852800 central_classes=2 central_squares=1 real_characters=192 surviving_elements=0
TABLE143 index=534 name=Fi22 order=64561751654400 central_classes=1 central_squares=1 real_characters=57 surviving_elements=0
TABLE143 index=535 name=Fi22.2 order=129123503308800 central_classes=1 central_squares=1 real_characters=112 surviving_elements=0
TABLE143 index=536 name=3.F3+ order=3765617127571985163878400 central_classes=3 central_squares=3 real_characters=104 surviving_elements=0
TABLE143 index=537 name=3.F3+.2 order=7531234255143970327756800 central_classes=1 central_squares=1 real_characters=241 surviving_elements=0
TABLE143 index=538 name=F3+ order=1255205709190661721292800 central_classes=1 central_squares=1 real_characters=104 surviving_elements=0
TABLE143 index=539 name=F3+.2 order=2510411418381323442585600 central_classes=1 central_squares=1 real_characters=179 surviving_elements=0
TABLE143 index=540 name=Fi23 order=4089470473293004800 central_classes=1 central_squares=1 real_characters=92 surviving_elements=0
TABLE143 index=541 name=P1/G1/L1/V1/ext2 order=960 central_classes=1 central_squares=1 real_characters=10 surviving_elements=0
TABLE143 index=542 name=P1/G1/L1/V1/ext3 order=4860 central_classes=1 central_squares=1 real_characters=10 surviving_elements=0
TABLE143 index=543 name=P1/G1/L1/V1/ext4 order=15360 central_classes=1 central_squares=1 real_characters=16 surviving_elements=0
TABLE143 index=544 name=P1/G1/L1/V1/ext5 order=37500 central_classes=5 central_squares=5 real_characters=25 surviving_elements=0
TABLE143 index=545 name=P1/G1/L1/V1/ext6 order=77760 central_classes=1 central_squares=1 real_characters=24 surviving_elements=0
TABLE143 index=546 name=P1/G1/L1/V2/ext3 order=4860 central_classes=1 central_squares=1 real_characters=10 surviving_elements=0
TABLE143 index=547 name=P1/G1/L1/V2/ext6 order=77760 central_classes=1 central_squares=1 real_characters=24 surviving_elements=0
TABLE143 index=548 name=P1/G2/L1/V1/ext2 order=1920 central_classes=2 central_squares=1 real_characters=16 surviving_elements=0
TABLE143 index=549 name=P1/G2/L1/V1/ext3 order=14580 central_classes=3 central_squares=3 real_characters=10 surviving_elements=0
FLAG143 name=P1/G2/L1/V1/ext4 central_indices=[ 35 ] orders=[ 2 ]
TABLE143 index=550 name=P1/G2/L1/V1/ext4 order=61440 central_classes=2 central_squares=1 real_characters=24 surviving_elements=1
TABLE143 index=551 name=P1/G2/L1/V2/ext2 order=1920 central_classes=2 central_squares=1 real_characters=12 surviving_elements=0
FLAG143 name=P1/G2/L1/V2/ext4 central_indices=[ 35 ] orders=[ 2 ]
TABLE143 index=552 name=P1/G2/L1/V2/ext4 order=61440 central_classes=2 central_squares=1 real_characters=20 surviving_elements=1
TABLE143 index=553 name=P1/G2/L2/V2/ext2 order=1920 central_classes=1 central_squares=1 real_characters=10 surviving_elements=0
TABLE143 index=554 name=P1/G2/L2/V2/ext4 order=61440 central_classes=1 central_squares=1 real_characters=16 surviving_elements=0
TABLE143 index=555 name=P1/G3/L2/V1/ext2 order=3840 central_classes=4 central_squares=1 real_characters=30 surviving_elements=0
TABLE143 index=556 name=P1/G3/L2/V1/ext3 order=43740 central_classes=1 central_squares=1 real_characters=53 surviving_elements=0
TABLE143 index=557 name=P11/G1/L1/V1/ext2 order=10752 central_classes=1 central_squares=1 real_characters=22 surviving_elements=0
TABLE143 index=558 name=P11/G1/L1/V1/ext3 order=122472 central_classes=1 central_squares=1 real_characters=34 surviving_elements=0
TABLE143 index=559 name=P11/G1/L1/V1/ext4 order=688128 central_classes=1 central_squares=1 real_characters=94 surviving_elements=0
TABLE143 index=560 name=P11/G1/L1/V2/ext2 order=10752 central_classes=1 central_squares=1 real_characters=22 surviving_elements=0
TABLE143 index=561 name=P11/G1/L1/V2/ext4 order=688128 central_classes=1 central_squares=1 real_characters=90 surviving_elements=0
TABLE143 index=562 name=P11/G1/L1/V3/ext2 order=10752 central_classes=1 central_squares=1 real_characters=22 surviving_elements=0
TABLE143 index=563 name=P11/G1/L1/V3/ext4 order=688128 central_classes=1 central_squares=1 real_characters=90 surviving_elements=0
TABLE143 index=564 name=P11/G2/L1/V1/ext2 order=10752 central_classes=1 central_squares=1 real_characters=22 surviving_elements=0
TABLE143 index=565 name=P11/G2/L1/V1/ext3 order=122472 central_classes=1 central_squares=1 real_characters=10 surviving_elements=0
TABLE143 index=566 name=P11/G2/L1/V2/ext2 order=10752 central_classes=1 central_squares=1 real_characters=12 surviving_elements=0
TABLE143 index=567 name=P11/G3/L1/V1/ext2 order=21504 central_classes=2 central_squares=1 real_characters=24 surviving_elements=0
TABLE143 index=568 name=P11/G3/L1/V1/ext3 order=367416 central_classes=1 central_squares=1 real_characters=32 surviving_elements=0
TABLE143 index=569 name=P11/G3/L1/V2/ext3 order=367416 central_classes=1 central_squares=1 real_characters=32 surviving_elements=0
TABLE143 index=570 name=P11/G3/L3/V1/ext2 order=21504 central_classes=2 central_squares=1 real_characters=24 surviving_elements=0
TABLE143 index=571 name=P11/G3/L3/V2/ext3 order=367416 central_classes=1 central_squares=1 real_characters=32 surviving_elements=0
TABLE143 index=572 name=P11/G3/L4/V2/ext2 order=21504 central_classes=2 central_squares=1 real_characters=34 surviving_elements=0
TABLE143 index=573 name=P11/G3/L4/V2/ext3 order=367416 central_classes=1 central_squares=1 real_characters=32 surviving_elements=0
TABLE143 index=574 name=P11/G3/L4/V3/ext2 order=21504 central_classes=2 central_squares=1 real_characters=34 surviving_elements=0
TABLE143 index=575 name=P11/G4/L1/V1/ext2 order=43008 central_classes=1 central_squares=1 real_characters=18 surviving_elements=0
TABLE143 index=576 name=P11/G4/L1/V1/ext3 order=1102248 central_classes=3 central_squares=3 real_characters=32 surviving_elements=0
TABLE143 index=577 name=P12/G1/L2/V1/ext2 order=86016 central_classes=8 central_squares=1 real_characters=46 surviving_elements=0
TABLE143 index=578 name=P12/G1/L2/V1/ext3 order=2204496 central_classes=1 central_squares=1 real_characters=41 surviving_elements=0
TABLE143 index=579 name=P13/G1/L2/V1/ext2 order=172032 central_classes=2 central_squares=1 real_characters=71 surviving_elements=0
TABLE143 index=580 name=P13/G1/L2/V1/ext3 order=2939328 central_classes=1 central_squares=1 real_characters=38 surviving_elements=0
TABLE143 index=581 name=P13/G1/L6/V1/ext2 order=172032 central_classes=2 central_squares=1 real_characters=52 surviving_elements=0
TABLE143 index=582 name=P2/G1/L1/V1/ext2 order=30720 central_classes=2 central_squares=1 real_characters=44 surviving_elements=0
TABLE143 index=583 name=P2/G1/L1/V1/ext3 order=787320 central_classes=1 central_squares=1 real_characters=77 surviving_elements=0
TABLE143 index=584 name=P2/G2/L1/V1/ext2 order=30720 central_classes=2 central_squares=1 real_characters=40 surviving_elements=0
TABLE143 index=585 name=P2/G2/L1/V1/ext3 order=787320 central_classes=1 central_squares=1 real_characters=77 surviving_elements=0
TABLE143 index=586 name=P2/G2/L1/V2/ext2 order=30720 central_classes=1 central_squares=1 real_characters=24 surviving_elements=0
TABLE143 index=587 name=P21/G1/L1/V1/ext2 order=11520 central_classes=2 central_squares=1 real_characters=21 surviving_elements=0
TABLE143 index=588 name=P21/G1/L1/V1/ext3 order=87480 central_classes=3 central_squares=3 real_characters=17 surviving_elements=0
TABLE143 index=589 name=P21/G1/L1/V1/ext4 order=368640 central_classes=2 central_squares=1 real_characters=38 surviving_elements=0
TABLE143 index=590 name=P21/G1/L3/V2/ext3 order=87480 central_classes=1 central_squares=1 real_characters=15 surviving_elements=0
TABLE143 index=591 name=P21/G2/L1/V1/ext2 order=184320 central_classes=2 central_squares=1 real_characters=40 surviving_elements=0
TABLE143 index=592 name=P21/G2/L1/V2/ext2 order=184320 central_classes=2 central_squares=1 real_characters=40 surviving_elements=0
TABLE143 index=593 name=P21/G2/L1/V3/ext2 order=184320 central_classes=2 central_squares=1 real_characters=30 surviving_elements=0
TABLE143 index=594 name=P21/G2/L2/V1/ext2 order=184320 central_classes=1 central_squares=1 real_characters=42 surviving_elements=0
TABLE143 index=595 name=P21/G2/L2/V2/ext2 order=184320 central_classes=1 central_squares=1 real_characters=42 surviving_elements=0
TABLE143 index=596 name=P21/G2/L2/V3/ext2 order=184320 central_classes=1 central_squares=1 real_characters=24 surviving_elements=0
TABLE143 index=597 name=P21/G2/L5/V2/ext2 order=184320 central_classes=1 central_squares=1 real_characters=22 surviving_elements=0
TABLE143 index=598 name=P21/G3/L2/V1/ext2 order=368640 central_classes=2 central_squares=1 real_characters=70 surviving_elements=0
TABLE143 index=599 name=P21/G3/L5/V1/ext2 order=368640 central_classes=2 central_squares=1 real_characters=70 surviving_elements=0
TABLE143 index=600 name=P27/G1/L1/V1/ext2 order=161280 central_classes=1 central_squares=1 real_characters=30 surviving_elements=0
TABLE143 index=601 name=P27/G1/L1/V1/ext3 order=1837080 central_classes=1 central_squares=1 real_characters=16 surviving_elements=0
TABLE143 index=602 name=P27/G1/L1/V1/ext4 order=10321920 central_classes=1 central_squares=1 real_characters=48 surviving_elements=0
TABLE143 index=603 name=P31/G1/L1/V1/ext2 order=2580480 central_classes=2 central_squares=1 real_characters=54 surviving_elements=0
TABLE143 index=604 name=P31/G1/L1/V1/ext3 order=44089920 central_classes=1 central_squares=1 real_characters=30 surviving_elements=0
TABLE143 index=605 name=P41/G1/L1/V1/ext2 order=64512 central_classes=2 central_squares=1 real_characters=28 surviving_elements=0
TABLE143 index=606 name=P41/G1/L1/V1/ext3 order=1102248 central_classes=1 central_squares=1 real_characters=45 surviving_elements=0
TABLE143 index=607 name=P41/G1/L1/V2/ext2 order=64512 central_classes=2 central_squares=1 real_characters=28 surviving_elements=0
TABLE143 index=608 name=P41/G1/L1/V3/ext3 order=1102248 central_classes=1 central_squares=1 real_characters=45 surviving_elements=0
TABLE143 index=609 name=P41/G1/L1/V4/ext2 order=64512 central_classes=2 central_squares=1 real_characters=24 surviving_elements=0
TABLE143 index=610 name=P41/G1/L1/V4/ext3 order=1102248 central_classes=1 central_squares=1 real_characters=45 surviving_elements=0
TABLE143 index=611 name=P41/G2/L1/V1/ext2 order=129024 central_classes=1 central_squares=1 real_characters=23 surviving_elements=0
TABLE143 index=612 name=P41/G2/L1/V1/ext3 order=3306744 central_classes=3 central_squares=3 real_characters=45 surviving_elements=0
TABLE143 index=613 name=P43/G1/L1/V1/ext2 order=675840 central_classes=1 central_squares=1 real_characters=52 surviving_elements=0
TABLE143 index=614 name=P43/G2/L1/V1/ext2 order=675840 central_classes=1 central_squares=1 real_characters=52 surviving_elements=0
TABLE143 index=615 name=P43/G3/L1/V1/ext2 order=675840 central_classes=1 central_squares=1 real_characters=46 surviving_elements=0
TABLE143 index=616 name=P43/G3/L1/V2/ext2 order=675840 central_classes=1 central_squares=1 real_characters=22 surviving_elements=0
TABLE143 index=617 name=P48/G1/L1/V1/ext2 order=8110080 central_classes=1 central_squares=1 real_characters=40 surviving_elements=0
TABLE143 index=618 name=P48/G1/L1/V2/ext2 order=8110080 central_classes=1 central_squares=1 real_characters=36 surviving_elements=0
TABLE143 index=619 name=P49/G1/L1/V1/ext2 order=774144 central_classes=2 central_squares=1 real_characters=21 surviving_elements=0
TABLE143 index=620 name=P49/G1/L1/V1/ext3 order=13226976 central_classes=1 central_squares=1 real_characters=23 surviving_elements=0
TABLE143 index=621 name=P49/G1/L1/V2/ext3 order=13226976 central_classes=1 central_squares=1 real_characters=21 surviving_elements=0
TABLE143 index=622 name=P50/G1/L1/V1/ext2 order=1658880 central_classes=1 central_squares=1 real_characters=31 surviving_elements=0
TABLE143 index=623 name=P50/G1/L1/V1/ext3 order=18895680 central_classes=3 central_squares=3 real_characters=29 surviving_elements=0
TABLE143 index=624 name=P50/G1/L1/V1/ext4 order=106168320 central_classes=1 central_squares=1 real_characters=53 surviving_elements=0
TABLE143 index=625 name=S3 order=6 central_classes=1 central_squares=1 real_characters=3 surviving_elements=0
TABLE143 index=626 name=2.S3 order=12 central_classes=2 central_squares=1 real_characters=4 surviving_elements=0
TABLE143 index=627 name=Symm(4) order=24 central_classes=1 central_squares=1 real_characters=5 surviving_elements=0
TABLE143 index=628 name=2.Symm(4) order=48 central_classes=2 central_squares=1 real_characters=8 surviving_elements=0
TABLE143 index=629 name=D8 order=8 central_classes=2 central_squares=1 real_characters=5 surviving_elements=0
TABLE143 index=630 name=2.D8 order=16 central_classes=2 central_squares=1 real_characters=7 surviving_elements=0
TABLE143 index=631 name=D10 order=10 central_classes=1 central_squares=1 real_characters=4 surviving_elements=0
TABLE143 index=632 name=7:3 order=21 central_classes=1 central_squares=1 real_characters=1 surviving_elements=0
TABLE143 index=633 name=2x7:3 order=42 central_classes=2 central_squares=1 real_characters=2 surviving_elements=0
TABLE143 index=634 name=C2 order=2 central_classes=2 central_squares=1 real_characters=2 surviving_elements=0
TABLE143 index=635 name=C3 order=3 central_classes=3 central_squares=3 real_characters=1 surviving_elements=0
TABLE143 index=636 name=C4 order=4 central_classes=4 central_squares=2 real_characters=2 surviving_elements=0
TABLE143 index=637 name=C6 order=6 central_classes=6 central_squares=3 real_characters=2 surviving_elements=0
TABLE143 index=638 name=3^2:2 order=18 central_classes=1 central_squares=1 real_characters=6 surviving_elements=0
TABLE143 index=639 name=3^(1+2)_+:2 order=54 central_classes=3 central_squares=3 real_characters=6 surviving_elements=0
TABLE143 index=640 name=3^2:4 order=36 central_classes=1 central_squares=1 real_characters=4 surviving_elements=0
TABLE143 index=641 name=2^3.S3 order=48 central_classes=2 central_squares=1 real_characters=10 surviving_elements=0
TABLE143 index=642 name=2^3.D8 order=64 central_classes=2 central_squares=1 real_characters=16 surviving_elements=0
TABLE143 index=643 name=2^3.S4v1 order=192 central_classes=1 central_squares=1 real_characters=14 surviving_elements=0
TABLE143 index=644 name=2^3.S4v2 order=192 central_classes=2 central_squares=1 real_characters=13 surviving_elements=0
TABLE143 index=645 name=2xSymm(4) order=48 central_classes=2 central_squares=1 real_characters=10 surviving_elements=0
TABLE143 index=646 name=D8x2 order=16 central_classes=4 central_squares=1 real_characters=10 surviving_elements=0
TABLE143 index=647 name=2^2:S4 order=96 central_classes=1 central_squares=1 real_characters=10 surviving_elements=0
TABLE143 index=648 name=(A4x3):2 order=72 central_classes=1 central_squares=1 real_characters=9 surviving_elements=0
TABLE143 index=649 name=S3x2 order=12 central_classes=2 central_squares=1 real_characters=6 surviving_elements=0
TABLE143 index=650 name=(A5x3):2 order=360 central_classes=1 central_squares=1 real_characters=10 surviving_elements=0
TABLE143 index=651 name=2^4:(3x3):2 order=288 central_classes=1 central_squares=1 real_characters=14 surviving_elements=0
TABLE143 index=652 name=2^3:7 order=56 central_classes=1 central_squares=1 real_characters=2 surviving_elements=0
TABLE143 index=653 name=2^3 order=8 central_classes=8 central_squares=1 real_characters=8 surviving_elements=0
TABLE143 index=654 name=S3xS3 order=36 central_classes=1 central_squares=1 real_characters=9 surviving_elements=0
TABLE143 index=655 name=3^(1+2):4 order=108 central_classes=3 central_squares=3 real_characters=4 surviving_elements=0
TABLE143 index=656 name=4^2:3 order=48 central_classes=1 central_squares=1 real_characters=2 surviving_elements=0
TABLE143 index=657 name=3^2 order=9 central_classes=9 central_squares=9 real_characters=1 surviving_elements=0
TABLE143 index=658 name=3^(1+2)_+ order=27 central_classes=3 central_squares=3 real_characters=1 surviving_elements=0
TABLE143 index=659 name=2.2^4:3 order=96 central_classes=2 central_squares=1 real_characters=7 surviving_elements=0
TABLE143 index=660 name=2.L2(11) order=1320 central_classes=2 central_squares=1 real_characters=11 surviving_elements=0
TABLE143 index=661 name=2.L2(11).2 order=2640 central_classes=2 central_squares=1 real_characters=24 surviving_elements=0
TABLE143 index=662 name=Isoclinic(2.L2(11).2) order=2640 central_classes=2 central_squares=1 real_characters=14 surviving_elements=0
TABLE143 index=663 name=2.L2(13) order=2184 central_classes=2 central_squares=1 real_characters=17 surviving_elements=0
TABLE143 index=664 name=2.L2(13).2 order=4368 central_classes=2 central_squares=1 real_characters=28 surviving_elements=0
TABLE143 index=665 name=Isoclinic(2.L2(13).2) order=4368 central_classes=2 central_squares=1 real_characters=16 surviving_elements=0
TABLE143 index=666 name=2.L2(17) order=4896 central_classes=2 central_squares=1 real_characters=21 surviving_elements=0
TABLE143 index=667 name=2.L2(17).2 order=9792 central_classes=2 central_squares=1 real_characters=36 surviving_elements=0
TABLE143 index=668 name=Isoclinic(2.L2(17).2) order=9792 central_classes=2 central_squares=1 real_characters=20 surviving_elements=0
TABLE143 index=669 name=2.L2(19) order=6840 central_classes=2 central_squares=1 real_characters=19 surviving_elements=0
TABLE143 index=670 name=2.L2(19).2 order=13680 central_classes=2 central_squares=1 real_characters=40 surviving_elements=0
TABLE143 index=671 name=Isoclinic(2.L2(19).2) order=13680 central_classes=2 central_squares=1 real_characters=22 surviving_elements=0
TABLE143 index=672 name=2.L2(23) order=12144 central_classes=2 central_squares=1 real_characters=23 surviving_elements=0
TABLE143 index=673 name=2.L2(23).2 order=24288 central_classes=2 central_squares=1 real_characters=48 surviving_elements=0
TABLE143 index=674 name=Isoclinic(2.L2(23).2) order=24288 central_classes=2 central_squares=1 real_characters=26 surviving_elements=0
TABLE143 index=675 name=2.L2(25) order=15600 central_classes=2 central_squares=1 real_characters=29 surviving_elements=0
TABLE143 index=676 name=2.L2(25).2_1 order=31200 central_classes=2 central_squares=1 real_characters=52 surviving_elements=0
TABLE143 index=677 name=Isoclinic(2.L2(25).2_1) order=31200 central_classes=2 central_squares=1 real_characters=28 surviving_elements=0
TABLE143 index=678 name=2.L2(25).2_2 order=31200 central_classes=2 central_squares=1 real_characters=26 surviving_elements=0
TABLE143 index=679 name=Isoclinic(2.L2(25)x2) order=31200 central_classes=4 central_squares=2 real_characters=30 surviving_elements=0
TABLE143 index=680 name=Isoclinic(L2(25).2_3x2) order=31200 central_classes=2 central_squares=1 real_characters=20 surviving_elements=0
FLAG143 name=4.L2(25).2_3 central_indices=[ 3 ] orders=[ 2 ]
TABLE143 index=681 name=4.L2(25).2_3 order=62400 central_classes=2 central_squares=1 real_characters=20 surviving_elements=1
TABLE143 index=682 name=2.L2(27) order=19656 central_classes=2 central_squares=1 real_characters=27 surviving_elements=0
TABLE143 index=683 name=2.L2(27).2 order=39312 central_classes=2 central_squares=1 real_characters=56 surviving_elements=0
TABLE143 index=684 name=Isoclinic(2.L2(27).2) order=39312 central_classes=2 central_squares=1 real_characters=30 surviving_elements=0
TABLE143 index=685 name=2.L2(27).3 order=58968 central_classes=2 central_squares=1 real_characters=11 surviving_elements=0
TABLE143 index=686 name=2.L2(27).6 order=117936 central_classes=2 central_squares=1 real_characters=24 surviving_elements=0
TABLE143 index=687 name=Isoclinic(2.L2(27).6) order=117936 central_classes=2 central_squares=1 real_characters=14 surviving_elements=0
TABLE143 index=688 name=2.L2(29) order=24360 central_classes=2 central_squares=1 real_characters=33 surviving_elements=0
TABLE143 index=689 name=2.L2(29).2 order=48720 central_classes=2 central_squares=1 real_characters=60 surviving_elements=0
TABLE143 index=690 name=Isoclinic(2.L2(29).2) order=48720 central_classes=2 central_squares=1 real_characters=32 surviving_elements=0
TABLE143 index=691 name=2.L2(31) order=29760 central_classes=2 central_squares=1 real_characters=31 surviving_elements=0
TABLE143 index=692 name=2.L2(31).2 order=59520 central_classes=2 central_squares=1 real_characters=64 surviving_elements=0
TABLE143 index=693 name=Isoclinic(2.L2(31).2) order=59520 central_classes=2 central_squares=1 real_characters=34 surviving_elements=0
TABLE143 index=694 name=J3M3 order=3420 central_classes=1 central_squares=1 real_characters=10 surviving_elements=0
TABLE143 index=695 name=L2(11) order=660 central_classes=1 central_squares=1 real_characters=6 surviving_elements=0
TABLE143 index=696 name=L2(11).2 order=1320 central_classes=1 central_squares=1 real_characters=13 surviving_elements=0
TABLE143 index=697 name=L2(121)M3 order=1320 central_classes=1 central_squares=1 real_characters=13 surviving_elements=0
TABLE143 index=698 name=M12.2M3 order=1320 central_classes=1 central_squares=1 real_characters=13 surviving_elements=0
TABLE143 index=699 name=U3(11)M4 order=1320 central_classes=1 central_squares=1 real_characters=13 surviving_elements=0
TABLE143 index=700 name=U3(11)M5 order=1320 central_classes=1 central_squares=1 real_characters=13 surviving_elements=0
TABLE143 index=701 name=L2(13) order=1092 central_classes=1 central_squares=1 real_characters=9 surviving_elements=0
TABLE143 index=702 name=L2(13).2 order=2184 central_classes=1 central_squares=1 real_characters=15 surviving_elements=0
TABLE143 index=703 name=L2(16) order=4080 central_classes=1 central_squares=1 real_characters=17 surviving_elements=0
TABLE143 index=704 name=L2(16).2 order=8160 central_classes=1 central_squares=1 real_characters=16 surviving_elements=0
TABLE143 index=705 name=S4(4)M4 order=8160 central_classes=1 central_squares=1 real_characters=16 surviving_elements=0
TABLE143 index=706 name=L2(16).4 order=16320 central_classes=1 central_squares=1 real_characters=11 surviving_elements=0
TABLE143 index=707 name=S4(4).2M5 order=16320 central_classes=1 central_squares=1 real_characters=11 surviving_elements=0
TABLE143 index=708 name=L2(17) order=2448 central_classes=1 central_squares=1 real_characters=11 surviving_elements=0
TABLE143 index=709 name=L2(17).2 order=4896 central_classes=1 central_squares=1 real_characters=19 surviving_elements=0
TABLE143 index=710 name=L2(19) order=3420 central_classes=1 central_squares=1 real_characters=10 surviving_elements=0
TABLE143 index=711 name=L2(19).2 order=6840 central_classes=1 central_squares=1 real_characters=21 surviving_elements=0
TABLE143 index=712 name=L2(23) order=6072 central_classes=1 central_squares=1 real_characters=12 surviving_elements=0
TABLE143 index=713 name=L2(23).2 order=12144 central_classes=1 central_squares=1 real_characters=25 surviving_elements=0
TABLE143 index=714 name=L2(25) order=7800 central_classes=1 central_squares=1 real_characters=15 surviving_elements=0
TABLE143 index=715 name=L2(25).2^2 order=31200 central_classes=1 central_squares=1 real_characters=24 surviving_elements=0
TABLE143 index=716 name=L2(25).2_1 order=15600 central_classes=1 central_squares=1 real_characters=27 surviving_elements=0
TABLE143 index=717 name=L2(25).2_2 order=15600 central_classes=1 central_squares=1 real_characters=18 surviving_elements=0
TABLE143 index=718 name=L2(25).2_3 order=15600 central_classes=1 central_squares=1 real_characters=11 surviving_elements=0
TABLE143 index=719 name=L2(27) order=9828 central_classes=1 central_squares=1 real_characters=14 surviving_elements=0
TABLE143 index=720 name=L2(27).2 order=19656 central_classes=1 central_squares=1 real_characters=29 surviving_elements=0
TABLE143 index=721 name=L2(27).3 order=29484 central_classes=1 central_squares=1 real_characters=6 surviving_elements=0
TABLE143 index=722 name=L2(27).6 order=58968 central_classes=1 central_squares=1 real_characters=13 surviving_elements=0
TABLE143 index=723 name=L2(29) order=12180 central_classes=1 central_squares=1 real_characters=17 surviving_elements=0
TABLE143 index=724 name=L2(29).2 order=24360 central_classes=1 central_squares=1 real_characters=31 surviving_elements=0
TABLE143 index=725 name=L2(31) order=14880 central_classes=1 central_squares=1 real_characters=16 surviving_elements=0
TABLE143 index=726 name=L2(31).2 order=29760 central_classes=1 central_squares=1 real_characters=33 surviving_elements=0
TABLE143 index=727 name=L2(32) order=32736 central_classes=1 central_squares=1 real_characters=33 surviving_elements=0
TABLE143 index=728 name=L2(32).5 order=163680 central_classes=1 central_squares=1 real_characters=9 surviving_elements=0
TABLE143 index=729 name=L2(8) order=504 central_classes=1 central_squares=1 real_characters=9 surviving_elements=0
TABLE143 index=730 name=L2(8).3 order=1512 central_classes=1 central_squares=1 real_characters=5 surviving_elements=0
TABLE143 index=731 name=A9M5 order=1512 central_classes=1 central_squares=1 real_characters=5 surviving_elements=0
TABLE143 index=732 name=ONM8 order=14880 central_classes=1 central_squares=1 real_characters=16 surviving_elements=0
TABLE143 index=733 name=2.L2(49) order=117600 central_classes=2 central_squares=1 real_characters=53 surviving_elements=0
TABLE143 index=734 name=2.L2(49).2_1 order=235200 central_classes=2 central_squares=1 real_characters=100 surviving_elements=0
TABLE143 index=735 name=Isoclinic(2.L2(49).2_1) order=235200 central_classes=2 central_squares=1 real_characters=52 surviving_elements=0
TABLE143 index=736 name=2.L2(49).2_2 order=235200 central_classes=2 central_squares=1 real_characters=41 surviving_elements=0
TABLE143 index=737 name=Isoclinic(2.L2(49)x2) order=235200 central_classes=4 central_squares=2 real_characters=54 surviving_elements=0
TABLE143 index=738 name=Isoclinic(L2(49).2_3x2) order=235200 central_classes=2 central_squares=1 real_characters=34 surviving_elements=0
FLAG143 name=4.L2(49).2_3 central_indices=[ 3 ] orders=[ 2 ]
TABLE143 index=739 name=4.L2(49).2_3 order=470400 central_classes=2 central_squares=1 real_characters=34 surviving_elements=1
TABLE143 index=740 name=2.L2(81) order=531360 central_classes=2 central_squares=1 real_characters=85 surviving_elements=0
TABLE143 index=741 name=2.L2(81).2_1 order=1062720 central_classes=2 central_squares=1 real_characters=60 surviving_elements=0
TABLE143 index=742 name=2.L2(81).2_2 order=1062720 central_classes=2 central_squares=1 real_characters=164 surviving_elements=0
TABLE143 index=743 name=Isoclinic(2.L2(81).2_2) order=1062720 central_classes=2 central_squares=1 real_characters=84 surviving_elements=0
TABLE143 index=744 name=Isoclinic(2.L2(81)x2) order=1062720 central_classes=4 central_squares=2 real_characters=86 surviving_elements=0
TABLE143 index=745 name=Isoclinic(L2(81).2_3x2) order=1062720 central_classes=2 central_squares=1 real_characters=52 surviving_elements=0
FLAG143 name=4.L2(81).2_3 central_indices=[ 3 ] orders=[ 2 ]
TABLE143 index=746 name=4.L2(81).2_3 order=2125440 central_classes=2 central_squares=1 real_characters=52 surviving_elements=1
TABLE143 index=747 name=2.L2(81).4_1 order=2125440 central_classes=2 central_squares=1 real_characters=36 surviving_elements=0
FLAG143 name=4.L2(81).4_2 central_indices=[ 2 ] orders=[ 2 ]
TABLE143 index=748 name=4.L2(81).4_2 order=4250880 central_classes=2 central_squares=1 real_characters=30 surviving_elements=1
TABLE143 index=749 name=L2(49) order=58800 central_classes=1 central_squares=1 real_characters=27 surviving_elements=0
TABLE143 index=750 name=L2(49).2_1 order=117600 central_classes=1 central_squares=1 real_characters=51 surviving_elements=0
TABLE143 index=751 name=L2(49).2_2 order=117600 central_classes=1 central_squares=1 real_characters=27 surviving_elements=0
TABLE143 index=752 name=L2(49).2_3 order=117600 central_classes=1 central_squares=1 real_characters=18 surviving_elements=0
TABLE143 index=753 name=L2(49).2^2 order=235200 central_classes=1 central_squares=1 real_characters=39 surviving_elements=0
TABLE143 index=754 name=L2(81) order=265680 central_classes=1 central_squares=1 real_characters=43 surviving_elements=0
TABLE143 index=755 name=L2(81).2_1 order=531360 central_classes=1 central_squares=1 real_characters=38 surviving_elements=0
TABLE143 index=756 name=L2(81).2_2 order=531360 central_classes=1 central_squares=1 real_characters=83 surviving_elements=0
TABLE143 index=757 name=L2(81).2_3 order=531360 central_classes=1 central_squares=1 real_characters=27 surviving_elements=0
TABLE143 index=758 name=L2(81).2^2 order=1062720 central_classes=1 central_squares=1 real_characters=58 surviving_elements=0
TABLE143 index=759 name=L2(81).4_1 order=1062720 central_classes=1 central_squares=1 real_characters=24 surviving_elements=0
TABLE143 index=760 name=L2(81).4_2 order=1062720 central_classes=1 central_squares=1 real_characters=22 surviving_elements=0
TABLE143 index=761 name=L2(81).(2x4) order=2125440 central_classes=1 central_squares=1 real_characters=34 surviving_elements=0
TABLE143 index=762 name=12_1.L3(4) order=241920 central_classes=12 central_squares=6 real_characters=14 surviving_elements=0
TABLE143 index=763 name=12_1.L3(4).2_1 order=483840 central_classes=6 central_squares=3 real_characters=28 surviving_elements=0
TABLE143 index=764 name=Isoclinic(12_1.L3(4).2_1) order=483840 central_classes=6 central_squares=3 real_characters=28 surviving_elements=0
TABLE143 index=765 name=12_1.L3(4).2_2 order=483840 central_classes=2 central_squares=1 real_characters=27 surviving_elements=0
TABLE143 index=766 name=Isoclinic(12_1.L3(4).2_2) order=483840 central_classes=2 central_squares=1 real_characters=27 surviving_elements=0
TABLE143 index=767 name=12_1.L3(4).2_3 order=483840 central_classes=4 central_squares=2 real_characters=41 surviving_elements=0
TABLE143 index=768 name=12_2.L3(4) order=241920 central_classes=12 central_squares=6 real_characters=14 surviving_elements=0
TABLE143 index=769 name=12_2.L3(4).2_1 order=483840 central_classes=6 central_squares=3 real_characters=29 surviving_elements=0
TABLE143 index=770 name=Isoclinic(12_2.L3(4).2_1) order=483840 central_classes=6 central_squares=3 real_characters=29 surviving_elements=0
TABLE143 index=771 name=12_2.L3(4).2_2 order=483840 central_classes=4 central_squares=2 real_characters=23 surviving_elements=0
TABLE143 index=772 name=12_2.L3(4).2_3 order=483840 central_classes=2 central_squares=1 real_characters=60 surviving_elements=0
TABLE143 index=773 name=Isoclinic(12_2.L3(4).2_3) order=483840 central_classes=2 central_squares=1 real_characters=60 surviving_elements=0
TABLE143 index=774 name=2.L3(4) order=40320 central_classes=2 central_squares=1 real_characters=14 surviving_elements=0
TABLE143 index=775 name=2.L3(4).2_1 order=80640 central_classes=2 central_squares=1 real_characters=24 surviving_elements=0
TABLE143 index=776 name=Isoclinic(2.L3(4).2_1) order=80640 central_classes=2 central_squares=1 real_characters=16 surviving_elements=0
TABLE143 index=777 name=2.L3(4).2_2 order=80640 central_classes=2 central_squares=1 real_characters=17 surviving_elements=0
TABLE143 index=778 name=Isoclinic(2.L3(4).2_2) order=80640 central_classes=2 central_squares=1 real_characters=13 surviving_elements=0
TABLE143 index=779 name=2.L3(4).2_3 order=80640 central_classes=2 central_squares=1 real_characters=27 surviving_elements=0
TABLE143 index=780 name=Isoclinic(2.L3(4).2_3) order=80640 central_classes=2 central_squares=1 real_characters=15 surviving_elements=0
TABLE143 index=781 name=2.L3(4).(2^2)_{123} order=161280 central_classes=2 central_squares=1 real_characters=39 surviving_elements=0
TABLE143 index=782 name=2.L3(4).(2^2)_{1*23} order=161280 central_classes=2 central_squares=1 real_characters=27 surviving_elements=0
TABLE143 index=783 name=2.L3(4).(2^2)_{12*3} order=161280 central_classes=2 central_squares=1 real_characters=33 surviving_elements=0
TABLE143 index=784 name=2.L3(4).(2^2)_{123*} order=161280 central_classes=2 central_squares=1 real_characters=25 surviving_elements=0
TABLE143 index=785 name=2.L3(4).(2^2)_{1*2*3} order=161280 central_classes=2 central_squares=1 real_characters=25 surviving_elements=0
TABLE143 index=786 name=2.L3(4).(2^2)_{1*23*} order=161280 central_classes=2 central_squares=1 real_characters=25 surviving_elements=0
TABLE143 index=787 name=2.L3(4).(2^2)_{12*3*} order=161280 central_classes=2 central_squares=1 real_characters=23 surviving_elements=0
TABLE143 index=788 name=2.L3(4).(2^2)_{1*2*3*} order=161280 central_classes=2 central_squares=1 real_characters=27 surviving_elements=0
TABLE143 index=789 name=2^2.L3(4) order=80640 central_classes=4 central_squares=1 real_characters=26 surviving_elements=0
TABLE143 index=790 name=(2x4).L3(4) order=161280 central_classes=8 central_squares=2 real_characters=26 surviving_elements=0
TABLE143 index=791 name=4^2.L3(4) order=322560 central_classes=16 central_squares=4 real_characters=26 surviving_elements=0
TABLE143 index=792 name=(4^2x3).L3(4) order=967680 central_classes=48 central_squares=12 real_characters=26 surviving_elements=0
TABLE143 index=793 name=3.L3(4) order=60480 central_classes=3 central_squares=3 real_characters=8 surviving_elements=0
TABLE143 index=794 name=3.L3(4).2^2 order=241920 central_classes=1 central_squares=1 real_characters=30 surviving_elements=0
TABLE143 index=795 name=3.L3(4).2_1 order=120960 central_classes=3 central_squares=3 real_characters=14 surviving_elements=0
TABLE143 index=796 name=3.L3(4).2_2 order=120960 central_classes=1 central_squares=1 real_characters=13 surviving_elements=0
TABLE143 index=797 name=3.L3(4).2_3 order=120960 central_classes=1 central_squares=1 real_characters=21 surviving_elements=0
TABLE143 index=798 name=3.L3(4).3 order=181440 central_classes=3 central_squares=3 real_characters=6 surviving_elements=0
TABLE143 index=799 name=Isoclinic(3.L3(4).3,1) order=181440 central_classes=3 central_squares=3 real_characters=6 surviving_elements=0
TABLE143 index=800 name=Isoclinic(3.L3(4).3,2) order=181440 central_classes=3 central_squares=3 real_characters=6 surviving_elements=0
TABLE143 index=801 name=3.L3(4).6 order=362880 central_classes=3 central_squares=3 real_characters=10 surviving_elements=0
TABLE143 index=802 name=Isoclinic(3.L3(4).6,1) order=362880 central_classes=3 central_squares=3 real_characters=10 surviving_elements=0
TABLE143 index=803 name=Isoclinic(3.L3(4).6,2) order=362880 central_classes=3 central_squares=3 real_characters=10 surviving_elements=0
TABLE143 index=804 name=4_1.L3(4) order=80640 central_classes=4 central_squares=2 real_characters=14 surviving_elements=0
TABLE143 index=805 name=4_1.L3(4).2_1 order=161280 central_classes=2 central_squares=1 real_characters=28 surviving_elements=0
TABLE143 index=806 name=Isoclinic(4_1.L3(4).2_1) order=161280 central_classes=2 central_squares=1 real_characters=28 surviving_elements=0
TABLE143 index=807 name=4_1.L3(4).2_2 order=161280 central_classes=2 central_squares=1 real_characters=19 surviving_elements=0
TABLE143 index=808 name=Isoclinic(4_1.L3(4).2_2) order=161280 central_classes=2 central_squares=1 real_characters=19 surviving_elements=0
TABLE143 index=809 name=4_1.L3(4).2_3 order=161280 central_classes=4 central_squares=2 real_characters=27 surviving_elements=0
TABLE143 index=810 name=4_1.L3(4).2_3* order=161280 central_classes=4 central_squares=2 real_characters=15 surviving_elements=0
TABLE143 index=811 name=4_1.L3(4).(2^2)_{123} order=322560 central_classes=2 central_squares=1 real_characters=44 surviving_elements=0
TABLE143 index=812 name=4_1.L3(4).(2^2)_{1*23} order=322560 central_classes=2 central_squares=1 real_characters=40 surviving_elements=0
TABLE143 index=813 name=4_1.L3(4).(2^2)_{12*3} order=322560 central_classes=2 central_squares=1 real_characters=40 surviving_elements=0
TABLE143 index=814 name=4_1.L3(4).(2^2)_{123*} order=322560 central_classes=2 central_squares=1 real_characters=30 surviving_elements=0
TABLE143 index=815 name=4_1.L3(4).(2^2)_{1*2*3} order=322560 central_classes=2 central_squares=1 real_characters=44 surviving_elements=0
TABLE143 index=816 name=4_1.L3(4).(2^2)_{1*23*} order=322560 central_classes=2 central_squares=1 real_characters=26 surviving_elements=0
TABLE143 index=817 name=4_1.L3(4).(2^2)_{12*3*} order=322560 central_classes=2 central_squares=1 real_characters=26 surviving_elements=0
TABLE143 index=818 name=4_1.L3(4).(2^2)_{1*2*3*} order=322560 central_classes=2 central_squares=1 real_characters=30 surviving_elements=0
TABLE143 index=819 name=4_2.L3(4) order=80640 central_classes=4 central_squares=2 real_characters=14 surviving_elements=0
TABLE143 index=820 name=4_2.L3(4).2_1 order=161280 central_classes=2 central_squares=1 real_characters=29 surviving_elements=0
TABLE143 index=821 name=Isoclinic(4_2.L3(4).2_1) order=161280 central_classes=2 central_squares=1 real_characters=29 surviving_elements=0
TABLE143 index=822 name=4_2.L3(4).2_2 order=161280 central_classes=4 central_squares=2 real_characters=17 surviving_elements=0
TABLE143 index=823 name=4_2.L3(4).2_2* order=161280 central_classes=4 central_squares=2 real_characters=13 surviving_elements=0
TABLE143 index=824 name=4_2.L3(4).2_3 order=161280 central_classes=2 central_squares=1 real_characters=34 surviving_elements=0
TABLE143 index=825 name=Isoclinic(4_2.L3(4).2_3) order=161280 central_classes=2 central_squares=1 real_characters=34 surviving_elements=0
TABLE143 index=826 name=4_2.L3(4).(2^2)_{123} order=322560 central_classes=2 central_squares=1 real_characters=50 surviving_elements=0
TABLE143 index=827 name=4_2.L3(4).(2^2)_{1*23} order=322560 central_classes=2 central_squares=1 real_characters=40 surviving_elements=0
TABLE143 index=828 name=4_2.L3(4).(2^2)_{12*3} order=322560 central_classes=2 central_squares=1 real_characters=44 surviving_elements=0
TABLE143 index=829 name=4_2.L3(4).(2^2)_{123*} order=322560 central_classes=2 central_squares=1 real_characters=40 surviving_elements=0
TABLE143 index=830 name=4_2.L3(4).(2^2)_{1*2*3} order=322560 central_classes=2 central_squares=1 real_characters=34 surviving_elements=0
TABLE143 index=831 name=4_2.L3(4).(2^2)_{1*23*} order=322560 central_classes=2 central_squares=1 real_characters=50 surviving_elements=0
TABLE143 index=832 name=4_2.L3(4).(2^2)_{12*3*} order=322560 central_classes=2 central_squares=1 real_characters=34 surviving_elements=0
TABLE143 index=833 name=4_2.L3(4).(2^2)_{1*2*3*} order=322560 central_classes=2 central_squares=1 real_characters=44 surviving_elements=0
TABLE143 index=834 name=6.L3(4) order=120960 central_classes=6 central_squares=3 real_characters=14 surviving_elements=0
TABLE143 index=835 name=6.L3(4).2_1 order=241920 central_classes=6 central_squares=3 real_characters=24 surviving_elements=0
TABLE143 index=836 name=Isoclinic(6.L3(4).2_1) order=241920 central_classes=6 central_squares=3 real_characters=16 surviving_elements=0
TABLE143 index=837 name=6.L3(4).2_2 order=241920 central_classes=2 central_squares=1 real_characters=23 surviving_elements=0
TABLE143 index=838 name=Isoclinic(6.L3(4).2_2) order=241920 central_classes=2 central_squares=1 real_characters=19 surviving_elements=0
TABLE143 index=839 name=6.L3(4).2_3 order=241920 central_classes=2 central_squares=1 real_characters=41 surviving_elements=0
TABLE143 index=840 name=Isoclinic(6.L3(4).2_3) order=241920 central_classes=2 central_squares=1 real_characters=29 surviving_elements=0
TABLE143 index=841 name=6.L3(4).(2^2)_{123} order=483840 central_classes=2 central_squares=1 real_characters=53 surviving_elements=0
TABLE143 index=842 name=6.L3(4).(2^2)_{1*23} order=483840 central_classes=2 central_squares=1 real_characters=41 surviving_elements=0
TABLE143 index=843 name=6.L3(4).(2^2)_{12*3} order=483840 central_classes=2 central_squares=1 real_characters=45 surviving_elements=0
TABLE143 index=844 name=6.L3(4).(2^2)_{123*} order=483840 central_classes=2 central_squares=1 real_characters=37 surviving_elements=0
TABLE143 index=845 name=6.L3(4).(2^2)_{1*2*3} order=483840 central_classes=2 central_squares=1 real_characters=37 surviving_elements=0
TABLE143 index=846 name=6.L3(4).(2^2)_{1*23*} order=483840 central_classes=2 central_squares=1 real_characters=37 surviving_elements=0
TABLE143 index=847 name=6.L3(4).(2^2)_{12*3*} order=483840 central_classes=2 central_squares=1 real_characters=37 surviving_elements=0
TABLE143 index=848 name=6.L3(4).(2^2)_{1*2*3*} order=483840 central_classes=2 central_squares=1 real_characters=41 surviving_elements=0
TABLE143 index=849 name=(2x12).L3(4) order=483840 central_classes=24 central_squares=6 real_characters=26 surviving_elements=0
TABLE143 index=850 name=L3(4) order=20160 central_classes=1 central_squares=1 real_characters=8 surviving_elements=0
TABLE143 index=851 name=L3(4).2^2 order=80640 central_classes=1 central_squares=1 real_characters=22 surviving_elements=0
TABLE143 index=852 name=U4(3).(2^2)_{133}M6 order=80640 central_classes=1 central_squares=1 real_characters=22 surviving_elements=0
TABLE143 index=853 name=L3(4).2_1 order=40320 central_classes=1 central_squares=1 real_characters=14 surviving_elements=0
TABLE143 index=854 name=L3(4).2_2 order=40320 central_classes=1 central_squares=1 real_characters=10 surviving_elements=0
TABLE143 index=855 name=L3(4).2_3 order=40320 central_classes=1 central_squares=1 real_characters=14 surviving_elements=0
TABLE143 index=856 name=L3(4).3 order=60480 central_classes=1 central_squares=1 real_characters=6 surviving_elements=0
TABLE143 index=857 name=L3(4).3.2_2 order=120960 central_classes=1 central_squares=1 real_characters=12 surviving_elements=0
TABLE143 index=858 name=L3(4).3.2_3 order=120960 central_classes=1 central_squares=1 real_characters=20 surviving_elements=0
TABLE143 index=859 name=L3(4).6 order=120960 central_classes=1 central_squares=1 real_characters=10 surviving_elements=0
TABLE143 index=860 name=L3(4).D12 order=241920 central_classes=1 central_squares=1 real_characters=28 surviving_elements=0
TABLE143 index=861 name=(2^2x3).L3(4) order=241920 central_classes=12 central_squares=3 real_characters=26 surviving_elements=0
TABLE143 index=862 name=(2^2x3).L3(4).2_1 order=483840 central_classes=12 central_squares=3 real_characters=44 surviving_elements=0
TABLE143 index=863 name=(2^2x3).L3(4).2_2 order=483840 central_classes=2 central_squares=1 real_characters=29 surviving_elements=0
TABLE143 index=864 name=(2^2x3).L3(4).2_3 order=483840 central_classes=2 central_squares=1 real_characters=47 surviving_elements=0
TABLE143 index=865 name=(2^2x3).L3(4).3 order=725760 central_classes=3 central_squares=3 real_characters=12 surviving_elements=0
TABLE143 index=866 name=2^2.L3(4).2_1 order=161280 central_classes=4 central_squares=1 real_characters=44 surviving_elements=0
TABLE143 index=867 name=2^2.L3(4).2_2 order=161280 central_classes=2 central_squares=1 real_characters=23 surviving_elements=0
TABLE143 index=868 name=2^2.L3(4).2_3 order=161280 central_classes=2 central_squares=1 real_characters=33 surviving_elements=0
TABLE143 index=869 name=2^2.L3(4).3 order=241920 central_classes=1 central_squares=1 real_characters=12 surviving_elements=0
TABLE143 index=870 name=2^2.L3(4).3.2_2 order=483840 central_classes=1 central_squares=1 real_characters=19 surviving_elements=0
TABLE143 index=871 name=2^2.L3(4).3.2_3 order=483840 central_classes=1 central_squares=1 real_characters=33 surviving_elements=0
TABLE143 index=872 name=3.L3(4).3.2_2 order=362880 central_classes=1 central_squares=1 real_characters=19 surviving_elements=0
TABLE143 index=873 name=3.L3(4).3.2_3 order=362880 central_classes=1 central_squares=1 real_characters=39 surviving_elements=0
TABLE143 index=874 name=2^2.L3(4).2^2 order=322560 central_classes=2 central_squares=1 real_characters=49 surviving_elements=0
TABLE143 index=875 name=2^2.L3(4).6 order=483840 central_classes=1 central_squares=1 real_characters=20 surviving_elements=0
TABLE143 index=876 name=2^2.L3(4).D12 order=967680 central_classes=1 central_squares=1 real_characters=45 surviving_elements=0
TABLE143 index=877 name=2.L3(2) order=336 central_classes=2 central_squares=1 real_characters=7 surviving_elements=0
TABLE143 index=878 name=2.L3(2).2 order=672 central_classes=2 central_squares=1 real_characters=16 surviving_elements=0
TABLE143 index=879 name=Isoclinic(2.L3(2).2) order=672 central_classes=2 central_squares=1 real_characters=10 surviving_elements=0
TABLE143 index=880 name=2F4(2)'M2 order=11232 central_classes=1 central_squares=1 real_characters=15 surviving_elements=0
TABLE143 index=881 name=3.L3(7) order=5630688 central_classes=3 central_squares=3 real_characters=12 surviving_elements=0
TABLE143 index=882 name=3.L3(7).2 order=11261376 central_classes=1 central_squares=1 real_characters=45 surviving_elements=0
TABLE143 index=883 name=3.L3(7).3 order=16892064 central_classes=3 central_squares=3 real_characters=10 surviving_elements=0
TABLE143 index=884 name=Isoclinic(3.L3(7).3,1) order=16892064 central_classes=3 central_squares=3 real_characters=10 surviving_elements=0
TABLE143 index=885 name=Isoclinic(3.L3(7).3,2) order=16892064 central_classes=3 central_squares=3 real_characters=10 surviving_elements=0
TABLE143 index=886 name=3.L3(7).S3 order=33784128 central_classes=1 central_squares=1 real_characters=99 surviving_elements=0
TABLE143 index=887 name=L3(2) order=168 central_classes=1 central_squares=1 real_characters=4 surviving_elements=0
TABLE143 index=888 name=L3(2).2 order=336 central_classes=1 central_squares=1 real_characters=9 surviving_elements=0
TABLE143 index=889 name=L3(3) order=5616 central_classes=1 central_squares=1 real_characters=6 surviving_elements=0
TABLE143 index=890 name=L3(3).2 order=11232 central_classes=1 central_squares=1 real_characters=15 surviving_elements=0
TABLE143 index=891 name=G2(3)M6 order=11232 central_classes=1 central_squares=1 real_characters=15 surviving_elements=0
TABLE143 index=892 name=L3(5) order=372000 central_classes=1 central_squares=1 real_characters=8 surviving_elements=0
TABLE143 index=893 name=L3(5).2 order=744000 central_classes=1 central_squares=1 real_characters=27 surviving_elements=0
TABLE143 index=894 name=L3(7) order=1876896 central_classes=1 central_squares=1 real_characters=12 surviving_elements=0
TABLE143 index=895 name=L3(7).2 order=3753792 central_classes=1 central_squares=1 real_characters=26 surviving_elements=0
TABLE143 index=896 name=L3(7).3 order=5630688 central_classes=1 central_squares=1 real_characters=10 surviving_elements=0
TABLE143 index=897 name=L3(7).S3 order=11261376 central_classes=1 central_squares=1 real_characters=44 surviving_elements=0
TABLE143 index=898 name=L3(8) order=16482816 central_classes=1 central_squares=1 real_characters=10 surviving_elements=0
TABLE143 index=899 name=L3(8).2 order=32965632 central_classes=1 central_squares=1 real_characters=51 surviving_elements=0
TABLE143 index=900 name=L3(8).3 order=49448448 central_classes=1 central_squares=1 real_characters=6 surviving_elements=0
TABLE143 index=901 name=L3(8).6 order=98896896 central_classes=1 central_squares=1 real_characters=23 surviving_elements=0
TABLE143 index=902 name=ONM2 order=3753792 central_classes=1 central_squares=1 real_characters=26 surviving_elements=0
TABLE143 index=903 name=2.L4(3) order=12130560 central_classes=2 central_squares=1 real_characters=29 surviving_elements=0
TABLE143 index=904 name=2.L4(3).2_1 order=24261120 central_classes=2 central_squares=1 real_characters=30 surviving_elements=0
TABLE143 index=905 name=Isoclinic(2.L4(3).2_1) order=24261120 central_classes=2 central_squares=1 real_characters=26 surviving_elements=0
TABLE143 index=906 name=2.L4(3).2_2 order=24261120 central_classes=2 central_squares=1 real_characters=69 surviving_elements=0
TABLE143 index=907 name=Isoclinic(2.L4(3).2_2) order=24261120 central_classes=2 central_squares=1 real_characters=57 surviving_elements=0
TABLE143 index=908 name=2.L4(3).2_3 order=24261120 central_classes=2 central_squares=1 real_characters=49 surviving_elements=0
TABLE143 index=909 name=Isoclinic(2.L4(3).2_3) order=24261120 central_classes=2 central_squares=1 real_characters=41 surviving_elements=0
TABLE143 index=910 name=L3(9) order=42456960 central_classes=1 central_squares=1 real_characters=12 surviving_elements=0
TABLE143 index=911 name=L3(9).2_1 order=84913920 central_classes=1 central_squares=1 real_characters=63 surviving_elements=0
TABLE143 index=912 name=L3(9).2_2 order=84913920 central_classes=1 central_squares=1 real_characters=19 surviving_elements=0
TABLE143 index=913 name=L3(9).2_3 order=84913920 central_classes=1 central_squares=1 real_characters=18 surviving_elements=0
TABLE143 index=914 name=L3(9).2^2 order=169827840 central_classes=1 central_squares=1 real_characters=60 surviving_elements=0
TABLE143 index=915 name=L4(3) order=6065280 central_classes=1 central_squares=1 real_characters=23 surviving_elements=0
TABLE143 index=916 name=L4(3).2_1 order=12130560 central_classes=1 central_squares=1 real_characters=23 surviving_elements=0
TABLE143 index=917 name=L4(3).2_2 order=12130560 central_classes=1 central_squares=1 real_characters=49 surviving_elements=0
TABLE143 index=918 name=L4(3).2_3 order=12130560 central_classes=1 central_squares=1 real_characters=34 surviving_elements=0
TABLE143 index=919 name=L4(3).2^2 order=24261120 central_classes=1 central_squares=1 real_characters=56 surviving_elements=0
TABLE143 index=920 name=L5(2) order=9999360 central_classes=1 central_squares=1 real_characters=13 surviving_elements=0
TABLE143 index=921 name=L5(2).2 order=19998720 central_classes=1 central_squares=1 real_characters=33 surviving_elements=0
TABLE143 index=922 name=L6(2) order=20158709760 central_classes=1 central_squares=1 real_characters=28 surviving_elements=0
TABLE143 index=923 name=L6(2).2 order=40317419520 central_classes=1 central_squares=1 real_characters=72 surviving_elements=0
TABLE143 index=924 name=L4(4) order=987033600 central_classes=1 central_squares=1 real_characters=26 surviving_elements=0
TABLE143 index=925 name=L4(4).2_1 order=1974067200 central_classes=1 central_squares=1 real_characters=33 surviving_elements=0
TABLE143 index=926 name=L4(4).2_2 order=1974067200 central_classes=1 central_squares=1 real_characters=81 surviving_elements=0
TABLE143 index=927 name=L4(4).2_3 order=1974067200 central_classes=1 central_squares=1 real_characters=30 surviving_elements=0
TABLE143 index=928 name=L4(4).2^2 order=3948134400 central_classes=1 central_squares=1 real_characters=81 surviving_elements=0
TABLE143 index=929 name=L7(2) order=163849992929280 central_classes=1 central_squares=1 real_characters=37 surviving_elements=0
TABLE143 index=930 name=L7(2).2 order=327699985858560 central_classes=1 central_squares=1 real_characters=114 surviving_elements=0
TABLE143 index=931 name=L5(3) order=237783237120 central_classes=1 central_squares=1 real_characters=28 surviving_elements=0
TABLE143 index=932 name=L5(3).2 order=475566474240 central_classes=1 central_squares=1 real_characters=100 surviving_elements=0
TABLE143 index=933 name=L2(37) order=25308 central_classes=1 central_squares=1 real_characters=21 surviving_elements=0
TABLE143 index=934 name=L2(41) order=34440 central_classes=1 central_squares=1 real_characters=23 surviving_elements=0
TABLE143 index=935 name=L2(43) order=39732 central_classes=1 central_squares=1 real_characters=22 surviving_elements=0
TABLE143 index=936 name=L2(47) order=51888 central_classes=1 central_squares=1 real_characters=24 surviving_elements=0
TABLE143 index=937 name=L2(53) order=74412 central_classes=1 central_squares=1 real_characters=29 surviving_elements=0
TABLE143 index=938 name=L2(59) order=102660 central_classes=1 central_squares=1 real_characters=30 surviving_elements=0
TABLE143 index=939 name=L2(61) order=113460 central_classes=1 central_squares=1 real_characters=33 surviving_elements=0
TABLE143 index=940 name=L2(64) order=262080 central_classes=1 central_squares=1 real_characters=65 surviving_elements=0
TABLE143 index=941 name=L2(64).6 order=1572480 central_classes=1 central_squares=1 real_characters=20 surviving_elements=0
TABLE143 index=942 name=L2(67) order=150348 central_classes=1 central_squares=1 real_characters=34 surviving_elements=0
TABLE143 index=943 name=L2(71) order=178920 central_classes=1 central_squares=1 real_characters=36 surviving_elements=0
TABLE143 index=944 name=L2(73) order=194472 central_classes=1 central_squares=1 real_characters=39 surviving_elements=0
TABLE143 index=945 name=L2(79) order=246480 central_classes=1 central_squares=1 real_characters=40 surviving_elements=0
TABLE143 index=946 name=L2(83) order=285852 central_classes=1 central_squares=1 real_characters=42 surviving_elements=0
TABLE143 index=947 name=L2(89) order=352440 central_classes=1 central_squares=1 real_characters=47 surviving_elements=0
TABLE143 index=948 name=L2(97) order=456288 central_classes=1 central_squares=1 real_characters=51 surviving_elements=0
TABLE143 index=949 name=L2(101) order=515100 central_classes=1 central_squares=1 real_characters=53 surviving_elements=0
TABLE143 index=950 name=L2(103) order=546312 central_classes=1 central_squares=1 real_characters=52 surviving_elements=0
TABLE143 index=951 name=L2(107) order=612468 central_classes=1 central_squares=1 real_characters=54 surviving_elements=0
TABLE143 index=952 name=L2(109) order=647460 central_classes=1 central_squares=1 real_characters=57 surviving_elements=0
TABLE143 index=953 name=L2(113) order=721392 central_classes=1 central_squares=1 real_characters=59 surviving_elements=0
TABLE143 index=954 name=L2(121) order=885720 central_classes=1 central_squares=1 real_characters=63 surviving_elements=0
TABLE143 index=955 name=L2(125) order=976500 central_classes=1 central_squares=1 real_characters=65 surviving_elements=0
TABLE143 index=956 name=L4(5) order=7254000000 central_classes=1 central_squares=1 real_characters=31 surviving_elements=0
TABLE143 index=957 name=2.L4(5) order=14508000000 central_classes=2 central_squares=1 real_characters=57 surviving_elements=0
TABLE143 index=958 name=4.L4(5) order=29016000000 central_classes=4 central_squares=2 real_characters=57 surviving_elements=0
TABLE143 index=959 name=L4(9) order=50759843097600 central_classes=1 central_squares=1 real_characters=71 surviving_elements=0
TABLE143 index=960 name=L8(2) order=5348063769211699200 central_classes=1 central_squares=1 real_characters=74 surviving_elements=0
TABLE143 index=961 name=L3(11) order=212427600 central_classes=1 central_squares=1 real_characters=14 surviving_elements=0
TABLE143 index=962 name=12.M22 order=5322240 central_classes=12 central_squares=6 real_characters=13 surviving_elements=0
TABLE143 index=963 name=12.M22.2 order=10644480 central_classes=2 central_squares=1 real_characters=56 surviving_elements=0
TABLE143 index=964 name=Isoclinic(12.M22.2) order=10644480 central_classes=2 central_squares=1 real_characters=56 surviving_elements=0
TABLE143 index=965 name=2.M12 order=190080 central_classes=2 central_squares=1 real_characters=16 surviving_elements=0
TABLE143 index=966 name=2.M12.2 order=380160 central_classes=2 central_squares=1 real_characters=28 surviving_elements=0
TABLE143 index=967 name=Isoclinic(2.M12.2) order=380160 central_classes=2 central_squares=1 real_characters=26 surviving_elements=0
TABLE143 index=968 name=2.M22 order=887040 central_classes=2 central_squares=1 real_characters=13 surviving_elements=0
TABLE143 index=969 name=2.M22.2 order=1774080 central_classes=2 central_squares=1 real_characters=29 surviving_elements=0
TABLE143 index=970 name=Isoclinic(2.M22.2) order=1774080 central_classes=2 central_squares=1 real_characters=19 surviving_elements=0
TABLE143 index=971 name=3.M22 order=1330560 central_classes=3 central_squares=3 real_characters=8 surviving_elements=0
TABLE143 index=972 name=3.M22.2 order=2661120 central_classes=1 central_squares=1 real_characters=26 surviving_elements=0
TABLE143 index=973 name=4.M22 order=1774080 central_classes=4 central_squares=2 real_characters=13 surviving_elements=0
TABLE143 index=974 name=4.M22.2 order=3548160 central_classes=2 central_squares=1 real_characters=33 surviving_elements=0
TABLE143 index=975 name=Isoclinic(4.M22.2) order=3548160 central_classes=2 central_squares=1 real_characters=33 surviving_elements=0
TABLE143 index=976 name=6.M22 order=2661120 central_classes=6 central_squares=3 real_characters=13 surviving_elements=0
TABLE143 index=977 name=6.M22.2 order=5322240 central_classes=2 central_squares=1 real_characters=46 surviving_elements=0
TABLE143 index=978 name=Isoclinic(6.M22.2) order=5322240 central_classes=2 central_squares=1 real_characters=36 surviving_elements=0
TABLE143 index=979 name=HNM12 order=190080 central_classes=1 central_squares=1 real_characters=21 surviving_elements=0
TABLE143 index=980 name=HSM9 order=7920 central_classes=1 central_squares=1 real_characters=6 surviving_elements=0
TABLE143 index=981 name=M11 order=7920 central_classes=1 central_squares=1 real_characters=6 surviving_elements=0
TABLE143 index=982 name=M12 order=95040 central_classes=1 central_squares=1 real_characters=13 surviving_elements=0
TABLE143 index=983 name=M12.2 order=190080 central_classes=1 central_squares=1 real_characters=21 surviving_elements=0
TABLE143 index=984 name=M12M2 order=7920 central_classes=1 central_squares=1 real_characters=6 surviving_elements=0
TABLE143 index=985 name=M22 order=443520 central_classes=1 central_squares=1 real_characters=8 surviving_elements=0
TABLE143 index=986 name=M22.2 order=887040 central_classes=1 central_squares=1 real_characters=17 surviving_elements=0
TABLE143 index=987 name=M23 order=10200960 central_classes=1 central_squares=1 real_characters=7 surviving_elements=0
TABLE143 index=988 name=M24 order=244823040 central_classes=1 central_squares=1 real_characters=16 surviving_elements=0
TABLE143 index=989 name=McLM3 order=443520 central_classes=1 central_squares=1 real_characters=8 surviving_elements=0
TABLE143 index=990 name=3.McLM3 order=1330560 central_classes=3 central_squares=3 real_characters=8 surviving_elements=0
TABLE143 index=991 name=ONM11 order=7920 central_classes=1 central_squares=1 real_characters=6 surviving_elements=0
TABLE143 index=992 name=2.A12M8 order=190080 central_classes=2 central_squares=1 real_characters=16 surviving_elements=0
TABLE143 index=993 name=3^7.O7(3):2 order=20056328248320 central_classes=1 central_squares=1 real_characters=291 surviving_elements=0
TABLE143 index=994 name=2^(3+12).(L3(2)xA6) order=1981808640 central_classes=1 central_squares=1 real_characters=118 surviving_elements=0
TABLE143 index=995 name=2^(6+8).(S3xA8) order=1981808640 central_classes=1 central_squares=1 real_characters=129 surviving_elements=0
TABLE143 index=996 name=3^2.3^4.3^8.(A5x2A4).2 order=13774950720 central_classes=1 central_squares=1 real_characters=244 surviving_elements=0
TABLE143 index=997 name=S3xO8+(3):S3 order=178278473318400 central_classes=1 central_squares=1 real_characters=375 surviving_elements=0
TABLE143 index=998 name=3^(1+10):(2xU5(2):2) order=9697565306880 central_classes=1 central_squares=1 real_characters=306 surviving_elements=0
TABLE143 index=999 name=2^2.U6(2):S3x2 order=441447874560 central_classes=2 central_squares=1 real_characters=294 surviving_elements=0
TABLE143 index=1000 name=2^(1+12)_+.3_1.U4(3).2^2_{122} order=321052999680 central_classes=2 central_squares=1 real_characters=283 surviving_elements=0
TABLE143 index=1001 name=3^3.[3^10].(L3(3)x2^2) order=35814871872 central_classes=1 central_squares=1 real_characters=378 surviving_elements=0
TABLE143 index=1002 name=3^2.3^4.3^8.(S5x2S4) order=27549901440 central_classes=1 central_squares=1 real_characters=414 surviving_elements=0
TABLE143 index=1003 name=S4xO8+(2):S3 order=25082265600 central_classes=1 central_squares=1 real_characters=340 surviving_elements=0
TABLE143 index=1004 name=2^(3+12).(L3(2)xS6) order=3963617280 central_classes=1 central_squares=1 real_characters=195 surviving_elements=0
TABLE143 index=1005 name=2^(7+8).(S3xA8) order=3963617280 central_classes=1 central_squares=1 real_characters=262 surviving_elements=0
TABLE143 index=1006 name=(S3xS3xG2(3)):2 order=305690112 central_classes=1 central_squares=1 real_characters=129 surviving_elements=0
TABLE143 index=1007 name=S5xS9 order=43545600 central_classes=1 central_squares=1 real_characters=210 surviving_elements=0
TABLE143 index=1008 name=S6xL2(8):3 order=1088640 central_classes=1 central_squares=1 real_characters=55 surviving_elements=0
TABLE143 index=1009 name=7:6xS7 order=211680 central_classes=1 central_squares=1 real_characters=45 surviving_elements=0
TABLE143 index=1010 name=7^(1+2)_+:(6xS3).2 order=24696 central_classes=1 central_squares=1 real_characters=17 surviving_elements=0
TABLE143 index=1011 name=13:3 order=39 central_classes=1 central_squares=1 real_characters=1 surviving_elements=0
TABLE143 index=1012 name=19:3 order=57 central_classes=1 central_squares=1 real_characters=1 surviving_elements=0
TABLE143 index=1013 name=31:3 order=93 central_classes=1 central_squares=1 real_characters=1 surviving_elements=0
TABLE143 index=1014 name=37:3 order=111 central_classes=1 central_squares=1 real_characters=1 surviving_elements=0
TABLE143 index=1015 name=43:3 order=129 central_classes=1 central_squares=1 real_characters=1 surviving_elements=0
TABLE143 index=1016 name=73:3 order=219 central_classes=1 central_squares=1 real_characters=1 surviving_elements=0
TABLE143 index=1017 name=91:3 order=273 central_classes=1 central_squares=1 real_characters=1 surviving_elements=0
TABLE143 index=1018 name=133:3 order=399 central_classes=1 central_squares=1 real_characters=1 surviving_elements=0
TABLE143 index=1019 name=31:5 order=155 central_classes=1 central_squares=1 real_characters=1 surviving_elements=0
TABLE143 index=1020 name=109:54 order=5886 central_classes=1 central_squares=1 real_characters=4 surviving_elements=0
TABLE143 index=1021 name=113:56 order=6328 central_classes=1 central_squares=1 real_characters=4 surviving_elements=0
TABLE143 index=1022 name=D14 order=14 central_classes=1 central_squares=1 real_characters=5 surviving_elements=0
TABLE143 index=1023 name=D110 order=110 central_classes=1 central_squares=1 real_characters=29 surviving_elements=0
TABLE143 index=1024 name=D114 order=114 central_classes=1 central_squares=1 real_characters=30 surviving_elements=0
TABLE143 index=1025 name=D122 order=122 central_classes=1 central_squares=1 real_characters=32 surviving_elements=0
TABLE143 index=1026 name=D126 order=126 central_classes=1 central_squares=1 real_characters=33 surviving_elements=0
TABLE143 index=1027 name=S6x2 order=1440 central_classes=2 central_squares=1 real_characters=22 surviving_elements=0
TABLE143 index=1028 name=S7x2 order=10080 central_classes=2 central_squares=1 real_characters=30 surviving_elements=0
TABLE143 index=1029 name=S8x2 order=80640 central_classes=2 central_squares=1 real_characters=44 surviving_elements=0
TABLE143 index=1030 name=S9x2 order=725760 central_classes=2 central_squares=1 real_characters=60 surviving_elements=0
TABLE143 index=1031 name=S10x2 order=7257600 central_classes=2 central_squares=1 real_characters=84 surviving_elements=0
TABLE143 index=1032 name=2.Fi22M13 order=7257600 central_classes=2 central_squares=1 real_characters=84 surviving_elements=0
TABLE143 index=1033 name=S11x2 order=79833600 central_classes=2 central_squares=1 real_characters=112 surviving_elements=0
TABLE143 index=1034 name=S5xS3 order=720 central_classes=1 central_squares=1 real_characters=21 surviving_elements=0
TABLE143 index=1035 name=S7xS3 order=30240 central_classes=1 central_squares=1 real_characters=45 surviving_elements=0
TABLE143 index=1036 name=S8xS3 order=241920 central_classes=1 central_squares=1 real_characters=66 surviving_elements=0
TABLE143 index=1037 name=S9xS3 order=2177280 central_classes=1 central_squares=1 real_characters=90 surviving_elements=0
TABLE143 index=1038 name=S10xS3 order=21772800 central_classes=1 central_squares=1 real_characters=126 surviving_elements=0
TABLE143 index=1039 name=S4xS4 order=576 central_classes=1 central_squares=1 real_characters=25 surviving_elements=0
TABLE143 index=1040 name=S5xS4 order=2880 central_classes=1 central_squares=1 real_characters=35 surviving_elements=0
TABLE143 index=1041 name=S6xS4 order=17280 central_classes=1 central_squares=1 real_characters=55 surviving_elements=0
TABLE143 index=1042 name=S7xS4 order=120960 central_classes=1 central_squares=1 real_characters=75 surviving_elements=0
TABLE143 index=1043 name=S8xS4 order=967680 central_classes=1 central_squares=1 real_characters=110 surviving_elements=0
TABLE143 index=1044 name=S9xS4 order=8709120 central_classes=1 central_squares=1 real_characters=150 surviving_elements=0
TABLE143 index=1045 name=S6xS5 order=86400 central_classes=1 central_squares=1 real_characters=77 surviving_elements=0
TABLE143 index=1046 name=S7xS5 order=604800 central_classes=1 central_squares=1 real_characters=105 surviving_elements=0
TABLE143 index=1047 name=S8xS5 order=4838400 central_classes=1 central_squares=1 real_characters=154 surviving_elements=0
TABLE143 index=1048 name=S7xS6 order=3628800 central_classes=1 central_squares=1 real_characters=165 surviving_elements=0
TABLE143 index=1049 name=(A10x3):2 order=10886400 central_classes=1 central_squares=1 real_characters=62 surviving_elements=0
TABLE143 index=1050 name=(A9xA4):2 order=4354560 central_classes=1 central_squares=1 real_characters=76 surviving_elements=0
TABLE143 index=1051 name=(A8xA5):2 order=2419200 central_classes=1 central_squares=1 real_characters=76 surviving_elements=0
TABLE143 index=1052 name=(A7xA6):2 order=1814400 central_classes=1 central_squares=1 real_characters=82 surviving_elements=0
TABLE143 index=1053 name=D62x2 order=124 central_classes=2 central_squares=1 real_characters=34 surviving_elements=0
TABLE143 index=1054 name=S3xL2(8) order=3024 central_classes=1 central_squares=1 real_characters=27 surviving_elements=0
TABLE143 index=1055 name=5xA5 order=300 central_classes=5 central_squares=5 real_characters=5 surviving_elements=0
TABLE143 index=1056 name=3xL2(8) order=1512 central_classes=3 central_squares=3 real_characters=9 surviving_elements=0
TABLE143 index=1057 name=5xIsoclinic(2.A6.2_2) order=7200 central_classes=10 central_squares=5 real_characters=12 surviving_elements=0
TABLE143 index=1058 name=3xU4(2) order=77760 central_classes=3 central_squares=3 real_characters=10 surviving_elements=0
TABLE143 index=1059 name=3^(1+2)+:2A4 order=648 central_classes=3 central_squares=3 real_characters=4 surviving_elements=0
TABLE143 index=1060 name=S3x3^(1+2)+:2A4 order=3888 central_classes=3 central_squares=3 real_characters=12 surviving_elements=0
TABLE143 index=1061 name=3x2S5 order=720 central_classes=6 central_squares=3 real_characters=8 surviving_elements=0
TABLE143 index=1062 name=7:3x3 order=63 central_classes=3 central_squares=3 real_characters=1 surviving_elements=0
TABLE143 index=1063 name=M10x2 order=1440 central_classes=2 central_squares=1 real_characters=12 surviving_elements=0
TABLE143 index=1064 name=L2(8):3x2 order=3024 central_classes=2 central_squares=1 real_characters=10 surviving_elements=0
TABLE143 index=1065 name=2^2xA6 order=1440 central_classes=4 central_squares=1 real_characters=28 surviving_elements=0
TABLE143 index=1066 name=2^2.L3(4)M4 order=1440 central_classes=4 central_squares=1 real_characters=28 surviving_elements=0
TABLE143 index=1067 name=2^2.L3(4)M5 order=1440 central_classes=4 central_squares=1 real_characters=28 surviving_elements=0
TABLE143 index=1068 name=2^2xL2(7) order=672 central_classes=4 central_squares=1 real_characters=16 surviving_elements=0
TABLE143 index=1069 name=2^2.L3(4)M7 order=672 central_classes=4 central_squares=1 real_characters=16 surviving_elements=0
TABLE143 index=1070 name=2^2.L3(4)M8 order=672 central_classes=4 central_squares=1 real_characters=16 surviving_elements=0
TABLE143 index=1071 name=A4x7:3 order=252 central_classes=1 central_squares=1 real_characters=2 surviving_elements=0
TABLE143 index=1072 name=7^2:24 order=1176 central_classes=1 central_squares=1 real_characters=4 surviving_elements=0
TABLE143 index=1073 name=3^4:40 order=3240 central_classes=1 central_squares=1 real_characters=4 surviving_elements=0
TABLE143 index=1074 name=2^4:A5 order=960 central_classes=1 central_squares=1 real_characters=9 surviving_elements=0
TABLE143 index=1075 name=L3(4)M4 order=360 central_classes=1 central_squares=1 real_characters=7 surviving_elements=0
TABLE143 index=1076 name=L3(4)M5 order=360 central_classes=1 central_squares=1 real_characters=7 surviving_elements=0
TABLE143 index=1077 name=L3(4)M7 order=168 central_classes=1 central_squares=1 real_characters=4 surviving_elements=0
TABLE143 index=1078 name=L3(4)M8 order=168 central_classes=1 central_squares=1 real_characters=4 surviving_elements=0
TABLE143 index=1079 name=2xA6 order=720 central_classes=2 central_squares=1 real_characters=14 surviving_elements=0
TABLE143 index=1080 name=2.L3(4)M4 order=720 central_classes=2 central_squares=1 real_characters=14 surviving_elements=0
TABLE143 index=1081 name=2.L3(4)M5 order=720 central_classes=2 central_squares=1 real_characters=14 surviving_elements=0
TABLE143 index=1082 name=2xL3(2) order=336 central_classes=2 central_squares=1 real_characters=8 surviving_elements=0
TABLE143 index=1083 name=2.L3(4)M7 order=336 central_classes=2 central_squares=1 real_characters=8 surviving_elements=0
TABLE143 index=1084 name=2.L3(4)M8 order=336 central_classes=2 central_squares=1 real_characters=8 surviving_elements=0
TABLE143 index=1085 name=Isoclinic(2x3^2:Q8) order=144 central_classes=2 central_squares=1 real_characters=8 surviving_elements=0
TABLE143 index=1086 name=4_1.2^4:A5 order=3840 central_classes=4 central_squares=2 real_characters=16 surviving_elements=0
TABLE143 index=1087 name=4_2.2^4:A5 order=3840 central_classes=4 central_squares=2 real_characters=16 surviving_elements=0
TABLE143 index=1088 name=3x2^4:A5 order=2880 central_classes=3 central_squares=3 real_characters=9 surviving_elements=0
TABLE143 index=1089 name=3.L3(4)M4 order=1080 central_classes=3 central_squares=3 real_characters=7 surviving_elements=0
TABLE143 index=1090 name=3.L3(4)M5 order=1080 central_classes=3 central_squares=3 real_characters=7 surviving_elements=0
TABLE143 index=1091 name=3.L3(4)M7 order=504 central_classes=3 central_squares=3 real_characters=4 surviving_elements=0
TABLE143 index=1092 name=3.L3(4)M8 order=504 central_classes=3 central_squares=3 real_characters=4 surviving_elements=0
TABLE143 index=1093 name=3^(1+2)_+:Q8 order=216 central_classes=3 central_squares=3 real_characters=6 surviving_elements=0
TABLE143 index=1094 name=3x2^5.A5 order=5760 central_classes=6 central_squares=3 real_characters=16 surviving_elements=0
TABLE143 index=1095 name=6xL3(2) order=1008 central_classes=6 central_squares=3 real_characters=8 surviving_elements=0
TABLE143 index=1096 name=6.L3(4)M7 order=1008 central_classes=6 central_squares=3 real_characters=8 surviving_elements=0
TABLE143 index=1097 name=6.L3(4)M8 order=1008 central_classes=6 central_squares=3 real_characters=8 surviving_elements=0
TABLE143 index=1098 name=Isoclinic(2x3^(1+2)_+:Q8) order=432 central_classes=6 central_squares=3 real_characters=8 surviving_elements=0
TABLE143 index=1099 name=3x4_1.2^4:A5 order=11520 central_classes=12 central_squares=6 real_characters=16 surviving_elements=0
TABLE143 index=1100 name=3x4_2.2^4:A5 order=11520 central_classes=12 central_squares=6 real_characters=16 surviving_elements=0
TABLE143 index=1101 name=3^(1+4)_+.2S4 order=11664 central_classes=1 central_squares=1 real_characters=18 surviving_elements=0
TABLE143 index=1102 name=2(A4xA4).2^2 order=1152 central_classes=2 central_squares=1 real_characters=18 surviving_elements=0
TABLE143 index=1103 name=U4(3)M3 order=25920 central_classes=1 central_squares=1 real_characters=10 surviving_elements=0
TABLE143 index=1104 name=U4(3)M9 order=5760 central_classes=1 central_squares=1 real_characters=12 surviving_elements=0
TABLE143 index=1105 name=U4(3)M12 order=2520 central_classes=1 central_squares=1 real_characters=7 surviving_elements=0
TABLE143 index=1106 name=2.A6M2 order=120 central_classes=2 central_squares=1 real_characters=9 surviving_elements=0
TABLE143 index=1107 name=3^2:8 order=72 central_classes=2 central_squares=1 real_characters=6 surviving_elements=0
TABLE143 index=1108 name=2.A6M5 order=48 central_classes=2 central_squares=1 real_characters=8 surviving_elements=0
TABLE143 index=1109 name=3xA5 order=180 central_classes=3 central_squares=3 real_characters=5 surviving_elements=0
TABLE143 index=1110 name=3.A6M2 order=180 central_classes=3 central_squares=3 real_characters=5 surviving_elements=0
TABLE143 index=1111 name=3xSymm(4) order=72 central_classes=3 central_squares=3 real_characters=5 surviving_elements=0
TABLE143 index=1112 name=3.A6M5 order=72 central_classes=3 central_squares=3 real_characters=5 surviving_elements=0
TABLE143 index=1113 name=3x2.A5 order=360 central_classes=6 central_squares=3 real_characters=9 surviving_elements=0
TABLE143 index=1114 name=6.A6M2 order=360 central_classes=6 central_squares=3 real_characters=9 surviving_elements=0
TABLE143 index=1115 name=3x2.Symm(4) order=144 central_classes=6 central_squares=3 real_characters=8 surviving_elements=0
TABLE143 index=1116 name=6.A6M5 order=144 central_classes=6 central_squares=3 real_characters=8 surviving_elements=0
TABLE143 index=1117 name=2.A4x3 order=72 central_classes=6 central_squares=3 real_characters=3 surviving_elements=0
TABLE143 index=1118 name=(2.A4x3).2 order=144 central_classes=2 central_squares=1 real_characters=15 surviving_elements=0
TABLE143 index=1119 name=3xL3(2) order=504 central_classes=3 central_squares=3 real_characters=4 surviving_elements=0
TABLE143 index=1120 name=3xA5.2 order=360 central_classes=3 central_squares=3 real_characters=7 surviving_elements=0
TABLE143 index=1121 name=3.(A4x3):2 order=216 central_classes=3 central_squares=3 real_characters=9 surviving_elements=0
TABLE143 index=1122 name=3x2.L3(2) order=1008 central_classes=6 central_squares=3 real_characters=7 surviving_elements=0
TABLE143 index=1123 name=3xIsoclinic(2.A5.2) order=720 central_classes=6 central_squares=3 real_characters=12 surviving_elements=0
TABLE143 index=1124 name=(2.A5x3).2 order=720 central_classes=2 central_squares=1 real_characters=17 surviving_elements=0
TABLE143 index=1125 name=2.A6x3 order=2160 central_classes=6 central_squares=3 real_characters=13 surviving_elements=0
TABLE143 index=1126 name=(2.A6x3).2_1 order=4320 central_classes=2 central_squares=1 real_characters=22 surviving_elements=0
TABLE143 index=1127 name=2.A9M5 order=3024 central_classes=2 central_squares=1 real_characters=10 surviving_elements=0
TABLE143 index=1128 name=2.(A5xA4).2 order=2880 central_classes=2 central_squares=1 real_characters=20 surviving_elements=0
TABLE143 index=1129 name=(2x3^3).S4 order=1296 central_classes=2 central_squares=1 real_characters=18 surviving_elements=0
TABLE143 index=1130 name=3^2:2A4 order=216 central_classes=1 central_squares=1 real_characters=4 surviving_elements=0
TABLE143 index=1131 name=U3(8)M4 order=216 central_classes=1 central_squares=1 real_characters=4 surviving_elements=0
TABLE143 index=1132 name=U3(8)M5 order=216 central_classes=1 central_squares=1 real_characters=4 surviving_elements=0
TABLE143 index=1133 name=2x3^2:2A4 order=432 central_classes=2 central_squares=1 real_characters=8 surviving_elements=0
TABLE143 index=1134 name=A7x3 order=7560 central_classes=3 central_squares=3 real_characters=7 surviving_elements=0
TABLE143 index=1135 name=(A7x3).2 order=15120 central_classes=1 central_squares=1 real_characters=24 surviving_elements=0
TABLE143 index=1136 name=2.A7x3 order=15120 central_classes=6 central_squares=3 real_characters=12 surviving_elements=0
TABLE143 index=1137 name=(2.A7x3).2 order=30240 central_classes=2 central_squares=1 real_characters=31 surviving_elements=0
TABLE143 index=1138 name=(A5xA5):4 order=14400 central_classes=1 central_squares=1 real_characters=16 surviving_elements=0
TABLE143 index=1139 name=2.(A5xA5).4 order=28800 central_classes=2 central_squares=1 real_characters=19 surviving_elements=0
TABLE143 index=1140 name=(A6xA4).2 order=8640 central_classes=1 central_squares=1 real_characters=27 surviving_elements=0
TABLE143 index=1141 name=2.(A6xA4).2 order=17280 central_classes=2 central_squares=1 real_characters=33 surviving_elements=0
TABLE143 index=1142 name=A8x3 order=60480 central_classes=3 central_squares=3 real_characters=10 surviving_elements=0
TABLE143 index=1143 name=(A8x3).2 order=120960 central_classes=1 central_squares=1 real_characters=36 surviving_elements=0
TABLE143 index=1144 name=(2.A8x3).2 order=241920 central_classes=2 central_squares=1 real_characters=50 surviving_elements=0
TABLE143 index=1145 name=(A7xA4):2 order=60480 central_classes=1 central_squares=1 real_characters=39 surviving_elements=0
TABLE143 index=1146 name=2.(A7xA4).2 order=120960 central_classes=2 central_squares=1 real_characters=52 surviving_elements=0
TABLE143 index=1147 name=(A6xA5):2 order=43200 central_classes=1 central_squares=1 real_characters=40 surviving_elements=0
TABLE143 index=1148 name=2.(A6xA5).2 order=86400 central_classes=2 central_squares=1 real_characters=54 surviving_elements=0
TABLE143 index=1149 name=A9x3 order=544320 central_classes=3 central_squares=3 real_characters=16 surviving_elements=0
TABLE143 index=1150 name=(A9x3):2 order=1088640 central_classes=1 central_squares=1 real_characters=46 surviving_elements=0
TABLE143 index=1151 name=2.A9x3 order=1088640 central_classes=6 central_squares=3 real_characters=22 surviving_elements=0
TABLE143 index=1152 name=(2.A9x3).2 order=2177280 central_classes=2 central_squares=1 real_characters=68 surviving_elements=0
TABLE143 index=1153 name=7^(1+2).Sp(2,7) order=115248 central_classes=7 central_squares=7 real_characters=8 surviving_elements=0
TABLE143 index=1154 name=3xO8+(2) order=522547200 central_classes=3 central_squares=3 real_characters=53 surviving_elements=0
TABLE143 index=1155 name=(3xO8+(2)):2 order=1045094400 central_classes=1 central_squares=1 real_characters=94 surviving_elements=0
TABLE143 index=1156 name=3^(3+6):26 order=511758 central_classes=1 central_squares=1 real_characters=4 surviving_elements=0
TABLE143 index=1157 name=2x3^4:(2xA6) order=116640 central_classes=2 central_squares=1 real_characters=56 surviving_elements=0
TABLE143 index=1158 name=[2^30].L5(2) order=10736731045232640 central_classes=1 central_squares=1 real_characters=963 surviving_elements=0
TABLE143 index=1159 name=2^(9+16).S8(2) order=1589728887019929600 central_classes=1 central_squares=1 real_characters=687 surviving_elements=0
TABLE143 index=1160 name=[2^35].(S5xL3(2)) order=692692325498880 central_classes=1 central_squares=1 real_characters=2098 surviving_elements=0
TABLE143 index=1161 name=2^(2+10+20).(M22.2xS3) order=22858846741463040 central_classes=1 central_squares=1 real_characters=1168 surviving_elements=0
TABLE143 index=1162 name=3^(1+12):6.Suz.2 order=8577690465241497600 central_classes=1 central_squares=1 real_characters=437 surviving_elements=0
TABLE143 index=1163 name=3^12.6.Suz.2 order=2859230155080499200 central_classes=1 central_squares=1 real_characters=263 surviving_elements=0
TABLE143 index=1164 name=3^(1+12).2.Suz.2 order=2859230155080499200 central_classes=1 central_squares=1 real_characters=197 surviving_elements=0
TABLE143 index=1165 name=3^(1+12).(2xU5(2).2) order=87278087761920 central_classes=1 central_squares=1 real_characters=458 surviving_elements=0
TABLE143 index=1166 name=5^(1+6):2.J2.4 order=378000000000 central_classes=1 central_squares=1 real_characters=86 surviving_elements=0
TABLE143 index=1167 name=(7:3xHe):2 order=169276262400 central_classes=1 central_squares=1 real_characters=76 surviving_elements=0
TABLE143 index=1168 name=(A5xA12):2 order=28740096000 central_classes=1 central_squares=1 real_characters=268 surviving_elements=0
TABLE143 index=1169 name=5^(3+3).(2xL3(5)) order=11625000000 central_classes=1 central_squares=1 real_characters=66 surviving_elements=0
TABLE143 index=1170 name=(A6xA6xA6).(2xS4) order=2239488000 central_classes=1 central_squares=1 real_characters=159 surviving_elements=0
TABLE143 index=1171 name=(A5xU3(8):3):2 order=1985679360 central_classes=1 central_squares=1 real_characters=53 surviving_elements=0
TABLE143 index=1172 name=5^(2+2+4):(S3xGL2(5)) order=1125000000 central_classes=1 central_squares=1 real_characters=98 surviving_elements=0
TABLE143 index=1173 name=(L3(2)xS4(4):2).2 order=658022400 central_classes=1 central_squares=1 real_characters=80 surviving_elements=0
TABLE143 index=1174 name=(5^2:[2^4]xU3(5)).S3 order=302400000 central_classes=1 central_squares=1 real_characters=86 surviving_elements=0
TABLE143 index=1175 name=(L2(11)xM12):2 order=125452800 central_classes=1 central_squares=1 real_characters=137 surviving_elements=0
TABLE143 index=1176 name=(A7x(A5xA5):2^2):2 order=72576000 central_classes=1 central_squares=1 real_characters=260 surviving_elements=0
TABLE143 index=1177 name=5^4:(3x2.L2(25)).2 order=58500000 central_classes=1 central_squares=1 real_characters=40 surviving_elements=0
TABLE143 index=1178 name=7^(2+1+2):GL2(7) order=33882912 central_classes=1 central_squares=1 real_characters=39 surviving_elements=0
TABLE143 index=1179 name=M11xA6.2^2 order=11404800 central_classes=1 central_squares=1 real_characters=78 surviving_elements=0
TABLE143 index=1180 name=(S5xS5xS5):S3 order=10368000 central_classes=1 central_squares=1 real_characters=140 surviving_elements=0
TABLE143 index=1181 name=(L2(11)xL2(11)):4 order=1742400 central_classes=1 central_squares=1 real_characters=49 surviving_elements=0
TABLE143 index=1182 name=13^2:2.L2(13).4 order=1476384 central_classes=1 central_squares=1 real_characters=21 surviving_elements=0
TABLE143 index=1183 name=(7^2:(3x2A4)xL2(7)).2 order=1185408 central_classes=1 central_squares=1 real_characters=43 surviving_elements=0
TABLE143 index=1184 name=(13:6xL3(3)).2 order=876096 central_classes=1 central_squares=1 real_characters=24 surviving_elements=0
TABLE143 index=1185 name=3^3:L3(3) order=151632 central_classes=1 central_squares=1 real_characters=16 surviving_elements=0
TABLE143 index=1186 name=L4(3)M4 order=51840 central_classes=1 central_squares=1 real_characters=25 surviving_elements=0
TABLE143 index=1187 name=3^4:2(A4xA4).2 order=46656 central_classes=1 central_squares=1 real_characters=36 surviving_elements=0
TABLE143 index=1188 name=(4xA6):2 order=2880 central_classes=2 central_squares=1 real_characters=27 surviving_elements=0
TABLE143 index=1189 name=(3x2S5).2 order=1440 central_classes=2 central_squares=1 real_characters=28 surviving_elements=0
TABLE143 index=1190 name=O8+(2)M2 order=1451520 central_classes=1 central_squares=1 real_characters=30 surviving_elements=0
TABLE143 index=1191 name=O8+(2)M3 order=1451520 central_classes=1 central_squares=1 real_characters=30 surviving_elements=0
TABLE143 index=1192 name=O8+(2)M5 order=1290240 central_classes=1 central_squares=1 real_characters=37 surviving_elements=0
TABLE143 index=1193 name=O8+(2)M6 order=1290240 central_classes=1 central_squares=1 real_characters=37 surviving_elements=0
TABLE143 index=1194 name=O8+(2)M8 order=181440 central_classes=1 central_squares=1 real_characters=16 surviving_elements=0
TABLE143 index=1195 name=O8+(2)M9 order=181440 central_classes=1 central_squares=1 real_characters=16 surviving_elements=0
TABLE143 index=1196 name=(3xU4(2)):2 order=155520 central_classes=1 central_squares=1 real_characters=45 surviving_elements=0
TABLE143 index=1197 name=O8+(2)M11 order=155520 central_classes=1 central_squares=1 real_characters=45 surviving_elements=0
TABLE143 index=1198 name=O8+(2)M12 order=155520 central_classes=1 central_squares=1 real_characters=45 surviving_elements=0
TABLE143 index=1199 name=2^(1+8)_+:(S3xS3xS3) order=110592 central_classes=2 central_squares=1 real_characters=92 surviving_elements=0
TABLE143 index=1200 name=3^4:2^3.S4(a) order=15552 central_classes=1 central_squares=1 real_characters=39 surviving_elements=0
TABLE143 index=1201 name=2x2.S6(2) order=5806080 central_classes=4 central_squares=1 real_characters=82 surviving_elements=0
TABLE143 index=1202 name=2^2.O8+(2)M2 order=5806080 central_classes=4 central_squares=1 real_characters=82 surviving_elements=0
TABLE143 index=1203 name=2^2.O8+(2)M3 order=5806080 central_classes=4 central_squares=1 real_characters=82 surviving_elements=0
TABLE143 index=1204 name=(2x2^(1+6)_+).A8 order=5160960 central_classes=4 central_squares=1 real_characters=74 surviving_elements=0
TABLE143 index=1205 name=2^2.O8+(2)M5 order=5160960 central_classes=4 central_squares=1 real_characters=74 surviving_elements=0
TABLE143 index=1206 name=2^2.O8+(2)M6 order=5160960 central_classes=4 central_squares=1 real_characters=74 surviving_elements=0
TABLE143 index=1207 name=2x2.A9 order=725760 central_classes=4 central_squares=1 real_characters=44 surviving_elements=0
TABLE143 index=1208 name=2^2.O8+(2)M8 order=725760 central_classes=4 central_squares=1 real_characters=44 surviving_elements=0
TABLE143 index=1209 name=2^2.O8+(2)M9 order=725760 central_classes=4 central_squares=1 real_characters=44 surviving_elements=0
TABLE143 index=1210 name=2x(3x2.U4(2)):2 order=622080 central_classes=4 central_squares=1 real_characters=128 surviving_elements=0
TABLE143 index=1211 name=2^2.O8+(2)M11 order=622080 central_classes=4 central_squares=1 real_characters=128 surviving_elements=0
TABLE143 index=1212 name=2^2.O8+(2)M12 order=622080 central_classes=4 central_squares=1 real_characters=128 surviving_elements=0
TABLE143 index=1213 name=2^2.(2^(1+8)_+:(S3xS3xS3)) order=442368 central_classes=4 central_squares=1 real_characters=182 surviving_elements=0
TABLE143 index=1214 name=(2^2x3^4).2^3.S4 order=62208 central_classes=4 central_squares=1 real_characters=87 surviving_elements=0
TABLE143 index=1215 name=(2x2.(A5xA5)):2^2 order=57600 central_classes=4 central_squares=1 real_characters=42 surviving_elements=0
TABLE143 index=1216 name=2^2.O8+(2)M16 order=57600 central_classes=4 central_squares=1 real_characters=42 surviving_elements=0
TABLE143 index=1217 name=2^2.O8+(2)M17 order=57600 central_classes=4 central_squares=1 real_characters=42 surviving_elements=0
TABLE143 index=1218 name=(4^2x2)(2xS4) order=1536 central_classes=1 central_squares=1 real_characters=36 surviving_elements=0
TABLE143 index=1219 name=(4^2x2)S4 order=768 central_classes=1 central_squares=1 real_characters=18 surviving_elements=0
TABLE143 index=1220 name=(4^2x3):S3 order=288 central_classes=1 central_squares=1 real_characters=12 surviving_elements=0
TABLE143 index=1221 name=(7:3x3):2 order=126 central_classes=1 central_squares=1 real_characters=6 surviving_elements=0
TABLE143 index=1222 name=(7xL2(7)):2 order=2352 central_classes=1 central_squares=1 real_characters=27 surviving_elements=0
TABLE143 index=1223 name=(9x3).S3 order=162 central_classes=1 central_squares=1 real_characters=9 surviving_elements=0
TABLE143 index=1224 name=(A5xA5):2^2 order=14400 central_classes=1 central_squares=1 real_characters=25 surviving_elements=0
TABLE143 index=1225 name=S4(4).2M7 order=14400 central_classes=1 central_squares=1 real_characters=25 surviving_elements=0
TABLE143 index=1226 name=O8+(2)M16 order=14400 central_classes=1 central_squares=1 real_characters=25 surviving_elements=0
TABLE143 index=1227 name=O8+(2)M17 order=14400 central_classes=1 central_squares=1 real_characters=25 surviving_elements=0
TABLE143 index=1228 name=2.O8+(2)M3 order=2903040 central_classes=2 central_squares=1 real_characters=41 surviving_elements=0
TABLE143 index=1229 name=2.O8+(2)M6 order=2580480 central_classes=2 central_squares=1 real_characters=47 surviving_elements=0
TABLE143 index=1230 name=2xA9 order=362880 central_classes=2 central_squares=1 real_characters=32 surviving_elements=0
TABLE143 index=1231 name=2.O8+(2)M9 order=362880 central_classes=2 central_squares=1 real_characters=22 surviving_elements=0
TABLE143 index=1232 name=2x(3xU4(2)):2 order=311040 central_classes=2 central_squares=1 real_characters=90 surviving_elements=0
TABLE143 index=1233 name=(3x2.U4(2)):2 order=311040 central_classes=2 central_squares=1 real_characters=64 surviving_elements=0
TABLE143 index=1234 name=2.O8+(2)M12 order=311040 central_classes=2 central_squares=1 real_characters=64 surviving_elements=0
TABLE143 index=1235 name=2.2^(1+8)_+:(S3xS3xS3) order=221184 central_classes=2 central_squares=1 real_characters=122 surviving_elements=0
TABLE143 index=1236 name=(2x3^4:2^3).S4 order=31104 central_classes=2 central_squares=1 real_characters=55 surviving_elements=0
TABLE143 index=1237 name=(A5xA5).(2x4) order=28800 central_classes=2 central_squares=1 real_characters=34 surviving_elements=0
TABLE143 index=1238 name=2.(A5xA5).2^2 order=28800 central_classes=2 central_squares=1 real_characters=29 surviving_elements=0
TABLE143 index=1239 name=2.O8+(2)M17 order=28800 central_classes=2 central_squares=1 real_characters=29 surviving_elements=0
TABLE143 index=1240 name=(A8xA4):2 order=483840 central_classes=1 central_squares=1 real_characters=58 surviving_elements=0
TABLE143 index=1241 name=(A7xA5):2 order=302400 central_classes=1 central_squares=1 real_characters=52 surviving_elements=0
TABLE143 index=1242 name=(S3xS3xA5):2 order=4320 central_classes=1 central_squares=1 real_characters=36 surviving_elements=0
TABLE143 index=1243 name=2^{3+6}:(L3(2)x3) order=258048 central_classes=1 central_squares=1 real_characters=21 surviving_elements=0
TABLE143 index=1244 name=2^{1+8}_+:(S3xA5) order=184320 central_classes=2 central_squares=1 real_characters=50 surviving_elements=0
TABLE143 index=1245 name=10^2:S3 order=600 central_classes=1 central_squares=1 real_characters=9 surviving_elements=0
TABLE143 index=1246 name=11^(1+2)+:40 order=53240 central_classes=1 central_squares=1 real_characters=7 surviving_elements=0
TABLE143 index=1247 name=11^2:(5x2L2(11).2) order=1597200 central_classes=1 central_squares=1 real_characters=17 surviving_elements=0
TABLE143 index=1248 name=11^2:60 order=7260 central_classes=1 central_squares=1 real_characters=4 surviving_elements=0
TABLE143 index=1249 name=2(A4xA4).4.2 order=2304 central_classes=2 central_squares=1 real_characters=22 surviving_elements=0
TABLE143 index=1250 name=2(A4xA4).4.2^2 order=4608 central_classes=2 central_squares=1 real_characters=46 surviving_elements=0
TABLE143 index=1251 name=2(L2(11)x2).2 order=5280 central_classes=4 central_squares=2 real_characters=14 surviving_elements=0
TABLE143 index=1252 name=2(L2(7)x4).2 order=2688 central_classes=8 central_squares=4 real_characters=10 surviving_elements=0
TABLE143 index=1253 name=2.(2.(A4xA4).2.2) order=2304 central_classes=2 central_squares=1 real_characters=30 surviving_elements=0
TABLE143 index=1254 name=2.(2^5:S6) order=46080 central_classes=2 central_squares=1 real_characters=42 surviving_elements=0
TABLE143 index=1255 name=2x3^(1+2)_+:2S4 order=2592 central_classes=2 central_squares=1 real_characters=32 surviving_elements=0
TABLE143 index=1256 name=2.(3^3:(S4x2)) order=2592 central_classes=2 central_squares=1 real_characters=28 surviving_elements=0
TABLE143 index=1257 name=2.(S3xS6) order=8640 central_classes=2 central_squares=1 real_characters=39 surviving_elements=0
TABLE143 index=1258 name=2.(S6x2) order=2880 central_classes=2 central_squares=1 real_characters=24 surviving_elements=0
TABLE143 index=1259 name=2.2^6.L3(2) order=21504 central_classes=2 central_squares=1 real_characters=26 surviving_elements=0
TABLE143 index=1260 name=D108 order=108 central_classes=2 central_squares=1 real_characters=30 surviving_elements=0
TABLE143 index=1261 name=D112 order=112 central_classes=2 central_squares=1 real_characters=31 surviving_elements=0
TABLE143 index=1262 name=2^(1+4)+.(S3xS3) order=1152 central_classes=2 central_squares=1 real_characters=20 surviving_elements=0
TABLE143 index=1263 name=2^(1+8)+:L2(8) order=258048 central_classes=2 central_squares=1 real_characters=32 surviving_elements=0
TABLE143 index=1264 name=2^(2+4):(3xD10) order=1920 central_classes=1 central_squares=1 real_characters=8 surviving_elements=0
TABLE143 index=1265 name=2^(2+4):15 order=960 central_classes=1 central_squares=1 real_characters=3 surviving_elements=0
TABLE143 index=1266 name=2^(3+6):21 order=10752 central_classes=1 central_squares=1 real_characters=5 surviving_elements=0
TABLE143 index=1267 name=2^2.(3^2:2A4) order=864 central_classes=1 central_squares=1 real_characters=6 surviving_elements=0
TABLE143 index=1268 name=2^2.(3^2:Q8) order=288 central_classes=4 central_squares=1 real_characters=12 surviving_elements=0
TABLE143 index=1269 name=2^2.(3^2:Q8.2) order=576 central_classes=2 central_squares=1 real_characters=14 surviving_elements=0
TABLE143 index=1270 name=7:3xS4 order=504 central_classes=1 central_squares=1 real_characters=5 surviving_elements=0
TABLE143 index=1271 name=D8xL3(2) order=1344 central_classes=2 central_squares=1 real_characters=20 surviving_elements=0
TABLE143 index=1272 name=2^2.[2^6].(S3xS3) order=9216 central_classes=2 central_squares=1 real_characters=54 surviving_elements=0
TABLE143 index=1273 name=2^2.S6 order=2880 central_classes=2 central_squares=1 real_characters=29 surviving_elements=0
TABLE143 index=1274 name=2^3.L3(2):2 order=2688 central_classes=1 central_squares=1 real_characters=10 surviving_elements=0
TABLE143 index=1275 name=2^6:(3xA5) order=11520 central_classes=1 central_squares=1 real_characters=14 surviving_elements=0
TABLE143 index=1276 name=S4(4)M2 order=11520 central_classes=1 central_squares=1 real_characters=14 surviving_elements=0
TABLE143 index=1277 name=2^6:(3xA5):2 order=23040 central_classes=1 central_squares=1 real_characters=24 surviving_elements=0
TABLE143 index=1278 name=S4(4).2M3 order=23040 central_classes=1 central_squares=1 real_characters=24 surviving_elements=0
TABLE143 index=1279 name=2^6:(7xL2(8)) order=225792 central_classes=1 central_squares=1 real_characters=11 surviving_elements=0
TABLE143 index=1280 name=2^6:3^3:S4 order=41472 central_classes=1 central_squares=1 real_characters=30 surviving_elements=0
TABLE143 index=1281 name=2S5.2 order=480 central_classes=2 central_squares=1 real_characters=16 surviving_elements=0
TABLE143 index=1282 name=3^(1+2)+.2S4 order=1296 central_classes=1 central_squares=1 real_characters=16 surviving_elements=0
TABLE143 index=1283 name=3^(1+2)+:2S4 order=1296 central_classes=1 central_squares=1 real_characters=16 surviving_elements=0
TABLE143 index=1284 name=3^(1+4)+.2^(1+4)-.S3 order=46656 central_classes=1 central_squares=1 real_characters=39 surviving_elements=0
TABLE143 index=1285 name=3^(1+4)+.4S4 order=23328 central_classes=1 central_squares=1 real_characters=26 surviving_elements=0
TABLE143 index=1286 name=3^(2+4):80 order=58320 central_classes=1 central_squares=1 real_characters=5 surviving_elements=0
TABLE143 index=1287 name=3^2.(3x3^(1+2)+):D8 order=5832 central_classes=1 central_squares=1 real_characters=29 surviving_elements=0
TABLE143 index=1288 name=3^3:S4` order=648 central_classes=1 central_squares=1 real_characters=9 surviving_elements=0
TABLE143 index=1289 name=3^4:(2xA6) order=58320 central_classes=1 central_squares=1 real_characters=28 surviving_elements=0
TABLE143 index=1290 name=3^4:2^3.S4 order=15552 central_classes=1 central_squares=1 real_characters=28 surviving_elements=0
TABLE143 index=1291 name=3^4:GL2(9) order=466560 central_classes=1 central_squares=1 real_characters=15 surviving_elements=0
TABLE143 index=1292 name=4(A4xA4).4 order=2304 central_classes=2 central_squares=1 real_characters=36 surviving_elements=0
TABLE143 index=1293 name=5^(1+2)+:24 order=3000 central_classes=1 central_squares=1 real_characters=5 surviving_elements=0
TABLE143 index=1294 name=5^(1+2)+:4A5 order=30000 central_classes=1 central_squares=1 real_characters=32 surviving_elements=0
TABLE143 index=1295 name=5^(1+2)+:8 order=1000 central_classes=1 central_squares=1 real_characters=7 surviving_elements=0
TABLE143 index=1296 name=5^2:S3 order=150 central_classes=1 central_squares=1 real_characters=5 surviving_elements=0
TABLE143 index=1297 name=5^3:(2xA5).2 order=30000 central_classes=1 central_squares=1 real_characters=21 surviving_elements=0
TABLE143 index=1298 name=5^3:62 order=7750 central_classes=1 central_squares=1 real_characters=4 surviving_elements=0
TABLE143 index=1299 name=6^2:D12 order=432 central_classes=1 central_squares=1 real_characters=20 surviving_elements=0
TABLE143 index=1300 name=6^2:S3 order=216 central_classes=1 central_squares=1 real_characters=7 surviving_elements=0
TABLE143 index=1301 name=7^(1+2):48 order=16464 central_classes=1 central_squares=1 real_characters=5 surviving_elements=0
TABLE143 index=1302 name=7^2:2A4 order=1176 central_classes=1 central_squares=1 real_characters=7 surviving_elements=0
TABLE143 index=1303 name=7^2:S3 order=294 central_classes=1 central_squares=1 real_characters=6 surviving_elements=0
TABLE143 index=1304 name=8^2:S3 order=384 central_classes=1 central_squares=1 real_characters=8 surviving_elements=0
TABLE143 index=1305 name=2^(1+8)_+:U4(2) order=13271040 central_classes=2 central_squares=1 real_characters=39 surviving_elements=0
TABLE143 index=1306 name=U6(2)M5 order=6531840 central_classes=1 central_squares=1 real_characters=28 surviving_elements=0
TABLE143 index=1307 name=U6(2)M6 order=6531840 central_classes=1 central_squares=1 real_characters=28 surviving_elements=0
TABLE143 index=1308 name=U6(2)M9 order=1451520 central_classes=1 central_squares=1 real_characters=30 surviving_elements=0
TABLE143 index=1309 name=U6(2)M10 order=1451520 central_classes=1 central_squares=1 real_characters=30 surviving_elements=0
TABLE143 index=1310 name=U6(2)M12 order=443520 central_classes=1 central_squares=1 real_characters=8 surviving_elements=0
TABLE143 index=1311 name=U6(2)M13 order=443520 central_classes=1 central_squares=1 real_characters=8 surviving_elements=0
TABLE143 index=1312 name=3^(1+4).2^(1+1+2+2).S3 order=93312 central_classes=1 central_squares=1 real_characters=30 surviving_elements=0
TABLE143 index=1313 name=2.2^(1+8)_+:U4(2) order=26542080 central_classes=4 central_squares=1 real_characters=65 surviving_elements=0
TABLE143 index=1314 name=2.U6(2)M6 order=13063680 central_classes=2 central_squares=1 real_characters=49 surviving_elements=0
TABLE143 index=1315 name=2.2^(4+8):(S3xA5) order=2949120 central_classes=2 central_squares=1 real_characters=95 surviving_elements=0
TABLE143 index=1316 name=2.U6(2)M9 order=2903040 central_classes=2 central_squares=1 real_characters=60 surviving_elements=0
TABLE143 index=1317 name=2.U6(2)M10 order=2903040 central_classes=2 central_squares=1 real_characters=60 surviving_elements=0
TABLE143 index=1318 name=2xM22 order=887040 central_classes=2 central_squares=1 real_characters=16 surviving_elements=0
TABLE143 index=1319 name=2.U6(2)M13 order=887040 central_classes=2 central_squares=1 real_characters=13 surviving_elements=0
TABLE143 index=1320 name=2xS3xU4(2) order=311040 central_classes=2 central_squares=1 real_characters=60 surviving_elements=0
TABLE143 index=1321 name=2.(3^(1+4).[2^7.3]) order=186624 central_classes=2 central_squares=1 real_characters=48 surviving_elements=0
TABLE143 index=1322 name=3x2^(1+8)_+:U4(2) order=39813120 central_classes=6 central_squares=3 real_characters=39 surviving_elements=0
TABLE143 index=1323 name=3.U6(2)M5 order=19595520 central_classes=3 central_squares=3 real_characters=28 surviving_elements=0
TABLE143 index=1324 name=3.U6(2)M6 order=19595520 central_classes=3 central_squares=3 real_characters=28 surviving_elements=0
TABLE143 index=1325 name=3x2^(4+8):(S3xA5) order=4423680 central_classes=3 central_squares=3 real_characters=58 surviving_elements=0
TABLE143 index=1326 name=3xS6(2) order=4354560 central_classes=3 central_squares=3 real_characters=30 surviving_elements=0
TABLE143 index=1327 name=3.U6(2)M9 order=4354560 central_classes=3 central_squares=3 real_characters=30 surviving_elements=0
TABLE143 index=1328 name=3.U6(2)M10 order=4354560 central_classes=3 central_squares=3 real_characters=30 surviving_elements=0
TABLE143 index=1329 name=3.U6(2)M12 order=1330560 central_classes=3 central_squares=3 real_characters=8 surviving_elements=0
TABLE143 index=1330 name=3.U6(2)M13 order=1330560 central_classes=3 central_squares=3 real_characters=8 surviving_elements=0
TABLE143 index=1331 name=3xS3xU4(2) order=466560 central_classes=3 central_squares=3 real_characters=30 surviving_elements=0
TABLE143 index=1332 name=3.(3^(1+4).[2^7.3]) order=279936 central_classes=3 central_squares=3 real_characters=30 surviving_elements=0
TABLE143 index=1333 name=3x2.2^(1+8)_+:U4(2) order=79626240 central_classes=12 central_squares=3 real_characters=65 surviving_elements=0
TABLE143 index=1334 name=6.U6(2)M6 order=39191040 central_classes=6 central_squares=3 real_characters=49 surviving_elements=0
TABLE143 index=1335 name=3x2.2^(4+8):(S3xA5) order=8847360 central_classes=6 central_squares=3 real_characters=95 surviving_elements=0
TABLE143 index=1336 name=6xS6(2) order=8709120 central_classes=6 central_squares=3 real_characters=60 surviving_elements=0
TABLE143 index=1337 name=6.U6(2)M9 order=8709120 central_classes=6 central_squares=3 real_characters=60 surviving_elements=0
TABLE143 index=1338 name=6.U6(2)M10 order=8709120 central_classes=6 central_squares=3 real_characters=60 surviving_elements=0
TABLE143 index=1339 name=2x3.M22 order=2661120 central_classes=6 central_squares=3 real_characters=16 surviving_elements=0
TABLE143 index=1340 name=6.U6(2)M13 order=2661120 central_classes=6 central_squares=3 real_characters=13 surviving_elements=0
TABLE143 index=1341 name=6xS3xU4(2) order=933120 central_classes=6 central_squares=3 real_characters=60 surviving_elements=0
TABLE143 index=1342 name=6.(3^(1+4).[2^7.3]) order=559872 central_classes=6 central_squares=3 real_characters=48 surviving_elements=0
TABLE143 index=1343 name=2^2xU5(2) order=54743040 central_classes=4 central_squares=1 real_characters=52 surviving_elements=0
TABLE143 index=1344 name=2^2.2^(1+8)_+:U4(2) order=53084160 central_classes=8 central_squares=1 real_characters=117 surviving_elements=0
TABLE143 index=1345 name=2^2.U6(2)M5 order=26127360 central_classes=4 central_squares=1 real_characters=98 surviving_elements=0
TABLE143 index=1346 name=2^2.U6(2)M6 order=26127360 central_classes=4 central_squares=1 real_characters=98 surviving_elements=0
TABLE143 index=1347 name=2^2.2^(4+8):(S3xA5) order=5898240 central_classes=4 central_squares=1 real_characters=169 surviving_elements=0
TABLE143 index=1348 name=2^2xS6(2) order=5806080 central_classes=4 central_squares=1 real_characters=120 surviving_elements=0
TABLE143 index=1349 name=2^2.U6(2)M9 order=5806080 central_classes=4 central_squares=1 real_characters=120 surviving_elements=0
TABLE143 index=1350 name=2^2.U6(2)M10 order=5806080 central_classes=4 central_squares=1 real_characters=120 surviving_elements=0
TABLE143 index=1351 name=2x2.M22 order=1774080 central_classes=4 central_squares=1 real_characters=26 surviving_elements=0
TABLE143 index=1352 name=2^2.U6(2)M12 order=1774080 central_classes=4 central_squares=1 real_characters=26 surviving_elements=0
TABLE143 index=1353 name=2^2.U6(2)M13 order=1774080 central_classes=4 central_squares=1 real_characters=26 surviving_elements=0
TABLE143 index=1354 name=2^2xS3xU4(2) order=622080 central_classes=4 central_squares=1 real_characters=120 surviving_elements=0
TABLE143 index=1355 name=2^2x3xU5(2) order=164229120 central_classes=12 central_squares=3 real_characters=52 surviving_elements=0
TABLE143 index=1356 name=3x2^2.2^(1+8)_+:U4(2) order=159252480 central_classes=24 central_squares=3 real_characters=117 surviving_elements=0
TABLE143 index=1357 name=2x6_1.U4(3).2_2 order=78382080 central_classes=12 central_squares=3 real_characters=98 surviving_elements=0
TABLE143 index=1358 name=(2^2x3).U6(2)M5 order=78382080 central_classes=12 central_squares=3 real_characters=98 surviving_elements=0
TABLE143 index=1359 name=(2^2x3).U6(2)M6 order=78382080 central_classes=12 central_squares=3 real_characters=98 surviving_elements=0
TABLE143 index=1360 name=3x2^2.2^(4+8):(S3xA5) order=17694720 central_classes=12 central_squares=3 real_characters=169 surviving_elements=0
TABLE143 index=1361 name=2^2x3xS6(2) order=17418240 central_classes=12 central_squares=3 real_characters=120 surviving_elements=0
TABLE143 index=1362 name=(2^2x3).U6(2)M9 order=17418240 central_classes=12 central_squares=3 real_characters=120 surviving_elements=0
TABLE143 index=1363 name=(2^2x3).U6(2)M10 order=17418240 central_classes=12 central_squares=3 real_characters=120 surviving_elements=0
TABLE143 index=1364 name=2x6.M22 order=5322240 central_classes=12 central_squares=3 real_characters=26 surviving_elements=0
TABLE143 index=1365 name=(2^2x3).U6(2)M12 order=5322240 central_classes=12 central_squares=3 real_characters=26 surviving_elements=0
TABLE143 index=1366 name=(2^2x3).U6(2)M13 order=5322240 central_classes=12 central_squares=3 real_characters=26 surviving_elements=0
TABLE143 index=1367 name=2^2x3xS3xU4(2) order=1866240 central_classes=12 central_squares=3 real_characters=120 surviving_elements=0
TABLE143 index=1368 name=(2^2x3).(3^(1+4).[2^7.3]) order=1119744 central_classes=12 central_squares=3 real_characters=84 surviving_elements=0
TABLE143 index=1369 name=3^5:U4(2):2 order=12597120 central_classes=1 central_squares=1 real_characters=74 surviving_elements=0
TABLE143 index=1370 name=O7(3)M5 order=4245696 central_classes=1 central_squares=1 real_characters=21 surviving_elements=0
TABLE143 index=1371 name=3^(3+3):L3(3) order=4094064 central_classes=1 central_squares=1 real_characters=40 surviving_elements=0
TABLE143 index=1372 name=3^(3+3)b:L3(3) order=4094064 central_classes=1 central_squares=1 real_characters=40 surviving_elements=0
TABLE143 index=1373 name=O7(3)M8 order=1451520 central_classes=1 central_squares=1 real_characters=30 surviving_elements=0
TABLE143 index=1374 name=O7(3)M11 order=362880 central_classes=1 central_squares=1 real_characters=30 surviving_elements=0
TABLE143 index=1375 name=(2^2xU4(2)):2 order=207360 central_classes=2 central_squares=1 real_characters=60 surviving_elements=0
TABLE143 index=1376 name=(A4x2(A4xA4).2).2 order=13824 central_classes=2 central_squares=1 real_characters=73 surviving_elements=0
TABLE143 index=1377 name=(2x3^5).U4(2).2 order=25194240 central_classes=2 central_squares=1 real_characters=107 surviving_elements=0
TABLE143 index=1378 name=2xG2(3) order=8491392 central_classes=2 central_squares=1 real_characters=42 surviving_elements=0
TABLE143 index=1379 name=2.O7(3)M5 order=8491392 central_classes=2 central_squares=1 real_characters=42 surviving_elements=0
TABLE143 index=1380 name=2x3^(3+3):L3(3) order=8188128 central_classes=2 central_squares=1 real_characters=80 surviving_elements=0
TABLE143 index=1381 name=2x3^(3+3)b:L3(3) order=8188128 central_classes=2 central_squares=1 real_characters=80 surviving_elements=0
TABLE143 index=1382 name=2.O7(3)M8 order=2903040 central_classes=2 central_squares=1 real_characters=41 surviving_elements=0
TABLE143 index=1383 name=2.O7(3)M9 order=2519424 central_classes=2 central_squares=1 real_characters=129 surviving_elements=0
TABLE143 index=1384 name=2.O7(3)M11 order=725760 central_classes=2 central_squares=1 real_characters=42 surviving_elements=0
TABLE143 index=1385 name=2.(2^2xU4(2)).2 order=414720 central_classes=2 central_squares=1 real_characters=73 surviving_elements=0
TABLE143 index=1386 name=2^(1+6)_+:A7 order=322560 central_classes=2 central_squares=1 real_characters=37 surviving_elements=0
TABLE143 index=1387 name=2.(S6xS4) order=34560 central_classes=2 central_squares=1 real_characters=65 surviving_elements=0
TABLE143 index=1388 name=2.(A4x2(A4xA4).2).2 order=27648 central_classes=2 central_squares=1 real_characters=94 surviving_elements=0
TABLE143 index=1389 name=3.3^5:U4(2):2 order=37791360 central_classes=3 central_squares=3 real_characters=74 surviving_elements=0
TABLE143 index=1390 name=3xL4(3).2_2 order=36391680 central_classes=3 central_squares=3 real_characters=49 surviving_elements=0
TABLE143 index=1391 name=3.O7(3)M5 order=12737088 central_classes=3 central_squares=3 real_characters=21 surviving_elements=0
TABLE143 index=1392 name=3.(3^(3+3):L3(3)) order=12282192 central_classes=3 central_squares=3 real_characters=40 surviving_elements=0
TABLE143 index=1393 name=3.O7(3)M8 order=4354560 central_classes=3 central_squares=3 real_characters=30 surviving_elements=0
TABLE143 index=1394 name=3.O7(3)M9 order=3779136 central_classes=3 central_squares=3 real_characters=78 surviving_elements=0
TABLE143 index=1395 name=3xS9 order=1088640 central_classes=3 central_squares=3 real_characters=30 surviving_elements=0
TABLE143 index=1396 name=3.O7(3)M11 order=1088640 central_classes=3 central_squares=3 real_characters=30 surviving_elements=0
TABLE143 index=1397 name=3x(2^2xU4(2)):2 order=622080 central_classes=6 central_squares=3 real_characters=60 surviving_elements=0
TABLE143 index=1398 name=2^6:3A7 order=483840 central_classes=3 central_squares=3 real_characters=30 surviving_elements=0
TABLE143 index=1399 name=3xS6xS4 order=51840 central_classes=3 central_squares=3 real_characters=55 surviving_elements=0
TABLE143 index=1400 name=3.(A4x2(A4xA4).2).2 order=41472 central_classes=6 central_squares=3 real_characters=73 surviving_elements=0
TABLE143 index=1401 name=6.(3^5:U4(2):2) order=75582720 central_classes=6 central_squares=3 real_characters=107 surviving_elements=0
TABLE143 index=1402 name=3x2.L4(3).2_2 order=72783360 central_classes=6 central_squares=3 real_characters=69 surviving_elements=0
TABLE143 index=1403 name=2x3.G2(3) order=25474176 central_classes=6 central_squares=3 real_characters=42 surviving_elements=0
TABLE143 index=1404 name=6.O7(3)M5 order=25474176 central_classes=6 central_squares=3 real_characters=42 surviving_elements=0
TABLE143 index=1405 name=2x3.(3^(3+3):L3(3)) order=24564384 central_classes=6 central_squares=3 real_characters=80 surviving_elements=0
TABLE143 index=1406 name=3x2.S6(2) order=8709120 central_classes=6 central_squares=3 real_characters=41 surviving_elements=0
TABLE143 index=1407 name=6.O7(3)M8 order=8709120 central_classes=6 central_squares=3 real_characters=41 surviving_elements=0
TABLE143 index=1408 name=6.O7(3)M9 order=7558272 central_classes=6 central_squares=3 real_characters=129 surviving_elements=0
TABLE143 index=1409 name=3xIsoclinic(2.A9.2) order=2177280 central_classes=6 central_squares=3 real_characters=42 surviving_elements=0
TABLE143 index=1410 name=6.O7(3)M11 order=2177280 central_classes=6 central_squares=3 real_characters=42 surviving_elements=0
TABLE143 index=1411 name=3x2.(2^2xU4(2)).2 order=1244160 central_classes=6 central_squares=3 real_characters=73 surviving_elements=0
TABLE143 index=1412 name=2^(1+6)_+:3A7 order=967680 central_classes=6 central_squares=3 real_characters=37 surviving_elements=0
TABLE143 index=1413 name=3x2.(S6xS4) order=103680 central_classes=6 central_squares=3 real_characters=65 surviving_elements=0
TABLE143 index=1414 name=6.(A4x2(A4xA4).2).2 order=82944 central_classes=6 central_squares=3 real_characters=94 surviving_elements=0
TABLE143 index=1415 name=3^6:(L4(3)x2) order=8843178240 central_classes=1 central_squares=1 real_characters=132 surviving_elements=0
TABLE143 index=1416 name=L4(3)x2 order=12130560 central_classes=2 central_squares=1 real_characters=46 surviving_elements=0
TABLE143 index=1417 name=3^6:2U4(3).2_1 order=9523422720 central_classes=1 central_squares=1 real_characters=124 surviving_elements=0
TABLE143 index=1418 name=2^8:O8+(2):2 order=89181388800 central_classes=1 central_squares=1 real_characters=191 surviving_elements=0
TABLE143 index=1419 name=2^8:O8-(2):2 order=101072240640 central_classes=1 central_squares=1 real_characters=185 surviving_elements=0
TABLE143 index=1420 name=3xU3(3).2 order=36288 central_classes=3 central_squares=3 real_characters=14 surviving_elements=0
TABLE143 index=1421 name=3.G2(3)M2 order=36288 central_classes=3 central_squares=3 real_characters=14 surviving_elements=0
TABLE143 index=1422 name=3.(3^(1+2)+x3^2):2S4 order=34992 central_classes=3 central_squares=3 real_characters=27 surviving_elements=0
TABLE143 index=1423 name=3.G2(3)M4 order=34992 central_classes=3 central_squares=3 real_characters=27 surviving_elements=0
TABLE143 index=1424 name=3.G2(3)M6 order=33696 central_classes=3 central_squares=3 real_characters=15 surviving_elements=0
TABLE143 index=1425 name=3xL2(8).3 order=4536 central_classes=3 central_squares=3 real_characters=5 surviving_elements=0
TABLE143 index=1426 name=3x2^3.L3(2) order=4032 central_classes=3 central_squares=3 real_characters=9 surviving_elements=0
TABLE143 index=1427 name=3xL2(13) order=3276 central_classes=3 central_squares=3 real_characters=9 surviving_elements=0
TABLE143 index=1428 name=3.2^(1+4)+:3^2.2 order=1728 central_classes=6 central_squares=3 real_characters=20 surviving_elements=0
TABLE143 index=1429 name=2.2^(4+6).(A5x3) order=368640 central_classes=2 central_squares=1 real_characters=31 surviving_elements=0
TABLE143 index=1430 name=Isoclinic(2xU3(4).2) order=249600 central_classes=2 central_squares=1 real_characters=28 surviving_elements=0
TABLE143 index=1431 name=Isoclinic(2xU3(3).2) order=24192 central_classes=2 central_squares=1 real_characters=20 surviving_elements=0
TABLE143 index=1432 name=2.A5xA5 order=7200 central_classes=2 central_squares=1 real_characters=45 surviving_elements=0
TABLE143 index=1433 name=U3(5)M2 order=2520 central_classes=1 central_squares=1 real_characters=7 surviving_elements=0
TABLE143 index=1434 name=U3(5)M3 order=2520 central_classes=1 central_squares=1 real_characters=7 surviving_elements=0
TABLE143 index=1435 name=U3(5)M6 order=720 central_classes=1 central_squares=1 real_characters=6 surviving_elements=0
TABLE143 index=1436 name=U3(5)M7 order=720 central_classes=1 central_squares=1 real_characters=6 surviving_elements=0
TABLE143 index=1437 name=3.U3(5)M2 order=7560 central_classes=3 central_squares=3 real_characters=7 surviving_elements=0
TABLE143 index=1438 name=3.U3(5)M3 order=7560 central_classes=3 central_squares=3 real_characters=7 surviving_elements=0
TABLE143 index=1439 name=3x5^(1+2)_+:8 order=3000 central_classes=3 central_squares=3 real_characters=7 surviving_elements=0
TABLE143 index=1440 name=3.U3(5)M6 order=2160 central_classes=3 central_squares=3 real_characters=6 surviving_elements=0
TABLE143 index=1441 name=3.U3(5)M7 order=2160 central_classes=3 central_squares=3 real_characters=6 surviving_elements=0
TABLE143 index=1442 name=2.2^(3+3):7 order=896 central_classes=2 central_squares=1 real_characters=3 surviving_elements=0
TABLE143 index=1443 name=2x13:4 order=104 central_classes=2 central_squares=1 real_characters=10 surviving_elements=0
TABLE143 index=1444 name=2^2.2^(3+3):7 order=1792 central_classes=4 central_squares=1 real_characters=5 surviving_elements=0
TABLE143 index=1445 name=2^2x13:4 order=208 central_classes=4 central_squares=1 real_characters=20 surviving_elements=0
TABLE143 index=1446 name=2^2xD14 order=56 central_classes=4 central_squares=1 real_characters=20 surviving_elements=0
TABLE143 index=1447 name=L3(7)M2 order=32928 central_classes=1 central_squares=1 real_characters=15 surviving_elements=0
TABLE143 index=1448 name=L3(7)M4 order=336 central_classes=1 central_squares=1 real_characters=9 surviving_elements=0
TABLE143 index=1449 name=L3(7)M5 order=336 central_classes=1 central_squares=1 real_characters=9 surviving_elements=0
TABLE143 index=1450 name=3x7^2:2.L2(7).2 order=98784 central_classes=3 central_squares=3 real_characters=15 surviving_elements=0
TABLE143 index=1451 name=3.L3(7)M2 order=98784 central_classes=3 central_squares=3 real_characters=15 surviving_elements=0
TABLE143 index=1452 name=3xL3(2).2 order=1008 central_classes=3 central_squares=3 real_characters=9 surviving_elements=0
TABLE143 index=1453 name=3.L3(7)M4 order=1008 central_classes=3 central_squares=3 real_characters=9 surviving_elements=0
TABLE143 index=1454 name=3.L3(7)M5 order=1008 central_classes=3 central_squares=3 real_characters=9 surviving_elements=0
TABLE143 index=1455 name=3x19:3 order=171 central_classes=3 central_squares=3 real_characters=1 surviving_elements=0
TABLE143 index=1456 name=2.(A6xA6).2^2 order=1036800 central_classes=2 central_squares=1 real_characters=59 surviving_elements=0
TABLE143 index=1457 name=2.(A8xA4).2 order=967680 central_classes=2 central_squares=1 real_characters=74 surviving_elements=0
TABLE143 index=1458 name=2.(A7xA5).2 order=604800 central_classes=2 central_squares=1 real_characters=73 surviving_elements=0
TABLE143 index=1459 name=2.2^5.S6 order=46080 central_classes=2 central_squares=1 real_characters=39 surviving_elements=0
TABLE143 index=1460 name=2^(1+6)_-.3^3.S4 order=82944 central_classes=2 central_squares=1 real_characters=32 surviving_elements=0
TABLE143 index=1461 name=2.3^4.2^3.S4 order=31104 central_classes=2 central_squares=1 real_characters=35 surviving_elements=0
TABLE143 index=1462 name=2.(2^4:A5) order=1920 central_classes=2 central_squares=1 real_characters=15 surviving_elements=0
TABLE143 index=1463 name=2x3^(1+2)+:2A4 order=1296 central_classes=6 central_squares=3 real_characters=8 surviving_elements=0
TABLE143 index=1464 name=(2x3^3).S4` order=1296 central_classes=2 central_squares=1 real_characters=11 surviving_elements=0
TABLE143 index=1465 name=2.(2.(A4xA4).2) order=1152 central_classes=2 central_squares=1 real_characters=11 surviving_elements=0
TABLE143 index=1466 name=3xF4(2) order=9933379810099200 central_classes=3 central_squares=3 real_characters=91 surviving_elements=0
TABLE143 index=1467 name=3.2E6(2)M4 order=9933379810099200 central_classes=3 central_squares=3 real_characters=91 surviving_elements=0
TABLE143 index=1468 name=3.2E6(2)M5 order=9933379810099200 central_classes=3 central_squares=3 real_characters=91 surviving_elements=0
TABLE143 index=1469 name=3.2E6(2)M8 order=193685254963200 central_classes=3 central_squares=3 real_characters=57 surviving_elements=0
TABLE143 index=1470 name=3.2E6(2)M9 order=193685254963200 central_classes=3 central_squares=3 real_characters=57 surviving_elements=0
TABLE143 index=1471 name=6xF4(2) order=19866759620198400 central_classes=6 central_squares=3 real_characters=182 surviving_elements=0
TABLE143 index=1472 name=3x2.F4(2) order=19866759620198400 central_classes=6 central_squares=3 real_characters=166 surviving_elements=0
TABLE143 index=1473 name=6.2E6(2)M5 order=19866759620198400 central_classes=6 central_squares=3 real_characters=166 surviving_elements=0
TABLE143 index=1474 name=6x2.F4(2) order=39733519240396800 central_classes=12 central_squares=3 real_characters=332 surviving_elements=0
TABLE143 index=1475 name=(2^2x3).2E6(2)M4 order=39733519240396800 central_classes=12 central_squares=3 real_characters=332 surviving_elements=0
TABLE143 index=1476 name=(2^2x3).2E6(2)M5 order=39733519240396800 central_classes=12 central_squares=3 real_characters=332 surviving_elements=0
TABLE143 index=1477 name=2x3.Fi22 order=387370509926400 central_classes=6 central_squares=3 real_characters=114 surviving_elements=0
TABLE143 index=1478 name=6.2E6(2)M9 order=387370509926400 central_classes=6 central_squares=3 real_characters=100 surviving_elements=0
TABLE143 index=1479 name=2x6.Fi22 order=774741019852800 central_classes=12 central_squares=3 real_characters=200 surviving_elements=0
TABLE143 index=1480 name=(2^2x3).2E6(2)M8 order=774741019852800 central_classes=12 central_squares=3 real_characters=200 surviving_elements=0
TABLE143 index=1481 name=(2^2x3).2E6(2)M9 order=774741019852800 central_classes=12 central_squares=3 real_characters=200 surviving_elements=0
TABLE143 index=1482 name=2.D12 order=24 central_classes=2 central_squares=1 real_characters=9 surviving_elements=0
TABLE143 index=1483 name=2.D14 order=28 central_classes=2 central_squares=1 real_characters=8 surviving_elements=0
TABLE143 index=1484 name=D16 order=16 central_classes=2 central_squares=1 real_characters=7 surviving_elements=0
TABLE143 index=1485 name=2.D16 order=32 central_classes=2 central_squares=1 real_characters=11 surviving_elements=0
TABLE143 index=1486 name=D18 order=18 central_classes=1 central_squares=1 real_characters=6 surviving_elements=0
TABLE143 index=1487 name=2.D18 order=36 central_classes=2 central_squares=1 real_characters=10 surviving_elements=0
TABLE143 index=1488 name=2.D20 order=40 central_classes=2 central_squares=1 real_characters=13 surviving_elements=0
TABLE143 index=1489 name=D22 order=22 central_classes=1 central_squares=1 real_characters=7 surviving_elements=0
TABLE143 index=1490 name=2.D22 order=44 central_classes=2 central_squares=1 real_characters=12 surviving_elements=0
TABLE143 index=1491 name=2.D24 order=48 central_classes=2 central_squares=1 real_characters=15 surviving_elements=0
TABLE143 index=1492 name=D26 order=26 central_classes=1 central_squares=1 real_characters=8 surviving_elements=0
TABLE143 index=1493 name=2.D26 order=52 central_classes=2 central_squares=1 real_characters=14 surviving_elements=0
TABLE143 index=1494 name=D28 order=28 central_classes=2 central_squares=1 real_characters=10 surviving_elements=0
TABLE143 index=1495 name=2.D28 order=56 central_classes=2 central_squares=1 real_characters=17 surviving_elements=0
TABLE143 index=1496 name=D30 order=30 central_classes=1 central_squares=1 real_characters=9 surviving_elements=0
TABLE143 index=1497 name=2.D30 order=60 central_classes=2 central_squares=1 real_characters=16 surviving_elements=0
TABLE143 index=1498 name=D32 order=32 central_classes=2 central_squares=1 real_characters=11 surviving_elements=0
TABLE143 index=1499 name=2.D32 order=64 central_classes=2 central_squares=1 real_characters=19 surviving_elements=0
TABLE143 index=1500 name=(2x29).14 order=812 central_classes=2 central_squares=1 real_characters=6 surviving_elements=0
TABLE143 index=1501 name=2x31:15 order=930 central_classes=2 central_squares=1 real_characters=2 surviving_elements=0
TABLE143 index=1502 name=3^3:13 order=351 central_classes=1 central_squares=1 real_characters=1 surviving_elements=0
TABLE143 index=1503 name=2x3^3:13 order=702 central_classes=2 central_squares=1 real_characters=2 surviving_elements=0
TABLE143 index=1504 name=5^2:12 order=300 central_classes=1 central_squares=1 real_characters=4 surviving_elements=0
TABLE143 index=1505 name=(2x5^2).12 order=600 central_classes=2 central_squares=1 real_characters=6 surviving_elements=0
TABLE143 index=1506 name=L2(25)M3 order=120 central_classes=1 central_squares=1 real_characters=7 surviving_elements=0
TABLE143 index=1507 name=2.L2(25)M3 order=240 central_classes=2 central_squares=1 real_characters=12 surviving_elements=0
TABLE143 index=1508 name=2x23:11 order=506 central_classes=2 central_squares=1 real_characters=2 surviving_elements=0
TABLE143 index=1509 name=2x19:9 order=342 central_classes=2 central_squares=1 real_characters=2 surviving_elements=0
TABLE143 index=1510 name=(2x17).8 order=272 central_classes=2 central_squares=1 real_characters=6 surviving_elements=0
TABLE143 index=1511 name=(2x13).6 order=156 central_classes=2 central_squares=1 real_characters=6 surviving_elements=0
TABLE143 index=1512 name=6.A6M3 order=216 central_classes=6 central_squares=3 real_characters=6 surviving_elements=0
TABLE143 index=1513 name=6.(A4x3).2 order=432 central_classes=6 central_squares=3 real_characters=15 surviving_elements=0
TABLE143 index=1514 name=127:7 order=889 central_classes=1 central_squares=1 real_characters=1 surviving_elements=0
TABLE143 index=1515 name=9:6 order=54 central_classes=1 central_squares=1 real_characters=4 surviving_elements=0
TABLE143 index=1516 name=2^2.[2^9]:(7xS3) order=86016 central_classes=1 central_squares=1 real_characters=15 surviving_elements=0
TABLE143 index=1517 name=2^(1+8)_+:L2(8):3 order=774144 central_classes=2 central_squares=1 real_characters=20 surviving_elements=0
TABLE143 index=1518 name=2^2.[2^9]:(7:3xS3) order=258048 central_classes=1 central_squares=1 real_characters=15 surviving_elements=0
TABLE143 index=1519 name=3^(1+2)_+.(2S4x3) order=3888 central_classes=1 central_squares=1 real_characters=12 surviving_elements=0
TABLE143 index=1520 name=3^2:2A4x3 order=648 central_classes=3 central_squares=3 real_characters=4 surviving_elements=0
TABLE143 index=1521 name=2x(A4x3):2 order=144 central_classes=2 central_squares=1 real_characters=18 surviving_elements=0
TABLE143 index=1522 name=(2^4:S5x3).2 order=11520 central_classes=1 central_squares=1 real_characters=36 surviving_elements=0
TABLE143 index=1523 name=2^3:L3(2)xS3 order=8064 central_classes=1 central_squares=1 real_characters=27 surviving_elements=0
TABLE143 index=1524 name=(L2(11)x3).2 order=3960 central_classes=1 central_squares=1 real_characters=21 surviving_elements=0
TABLE143 index=1525 name=3^5:(M10x2) order=349920 central_classes=1 central_squares=1 real_characters=31 surviving_elements=0
TABLE143 index=1526 name=(3xL3(4).2_2).2 order=241920 central_classes=1 central_squares=1 real_characters=36 surviving_elements=0
TABLE143 index=1527 name=M11xS3 order=47520 central_classes=1 central_squares=1 real_characters=18 surviving_elements=0
TABLE143 index=1528 name=3.2^(2+4):(S3xS3) order=6912 central_classes=1 central_squares=1 real_characters=29 surviving_elements=0
TABLE143 index=1529 name=3x2(A4xA4).2^2 order=3456 central_classes=6 central_squares=3 real_characters=18 surviving_elements=0
TABLE143 index=1530 name=3xM22C2A order=1152 central_classes=6 central_squares=3 real_characters=15 surviving_elements=0
TABLE143 index=1531 name=3xJ1 order=526680 central_classes=3 central_squares=3 real_characters=15 surviving_elements=0
TABLE143 index=1532 name=3xL2(31) order=44640 central_classes=3 central_squares=3 real_characters=16 surviving_elements=0
TABLE143 index=1533 name=3xONM8 order=44640 central_classes=3 central_squares=3 real_characters=16 surviving_elements=0
TABLE143 index=1534 name=3xL3(7).2 order=11261376 central_classes=3 central_squares=3 real_characters=26 surviving_elements=0
TABLE143 index=1535 name=3xONM2 order=11261376 central_classes=3 central_squares=3 real_characters=26 surviving_elements=0
TABLE143 index=1536 name=3x4^3.L3(2) order=32256 central_classes=3 central_squares=3 real_characters=16 surviving_elements=0
TABLE143 index=1537 name=3xD8 order=24 central_classes=6 central_squares=3 real_characters=5 surviving_elements=0
TABLE143 index=1538 name=3x5:8 order=120 central_classes=6 central_squares=3 real_characters=4 surviving_elements=0
TABLE143 index=1539 name=(3xL2(16):2).2 order=48960 central_classes=1 central_squares=1 real_characters=17 surviving_elements=0
TABLE143 index=1540 name=[2^20]:(S3xL3(2)) order=1056964608 central_classes=1 central_squares=1 real_characters=344 surviving_elements=0
TABLE143 index=1541 name=2.F4(2)M5 order=2113929216 central_classes=2 central_squares=1 real_characters=609 surviving_elements=0
TABLE143 index=1542 name=F4(2)M6 order=1056964608 central_classes=1 central_squares=1 real_characters=344 surviving_elements=0
TABLE143 index=1543 name=2.F4(2)M6 order=2113929216 central_classes=2 central_squares=1 real_characters=609 surviving_elements=0
TABLE143 index=1544 name=F4(2)M13 order=93312 central_classes=1 central_squares=1 real_characters=47 surviving_elements=0
TABLE143 index=1545 name=(L3(2)xL3(2)):2 order=56448 central_classes=1 central_squares=1 real_characters=42 surviving_elements=0
TABLE143 index=1546 name=2^(2+11+22).(M24xS3) order=50472333605150392320 central_classes=1 central_squares=1 real_characters=528 surviving_elements=0
TABLE143 index=1547 name=2^[39].(L3(2)x3.S6) order=199495389743677440 central_classes=1 central_squares=1 real_characters=1243 surviving_elements=0
TABLE143 index=1548 name=[2^20]:A6.2^2 order=1509949440 central_classes=2 central_squares=1 real_characters=325 surviving_elements=0
TABLE143 index=1549 name=[2^22]:(S3xS3):2 order=301989888 central_classes=1 central_squares=1 real_characters=414 surviving_elements=0
TABLE143 index=1550 name=2F4(2)x2 order=71884800 central_classes=2 central_squares=1 real_characters=34 surviving_elements=0
TABLE143 index=1551 name=(S6wr2).2 order=2073600 central_classes=1 central_squares=1 real_characters=73 surviving_elements=0
TABLE143 index=1552 name=F4(2).2M8 order=186624 central_classes=1 central_squares=1 real_characters=46 surviving_elements=0
TABLE143 index=1553 name=(L3(2)xL3(2)).4 order=112896 central_classes=1 central_squares=1 real_characters=25 surviving_elements=0
TABLE143 index=1554 name=2^(5+10+20).(S3xL5(2)) order=2061452360684666880 central_classes=1 central_squares=1 real_characters=556 surviving_elements=0
TABLE143 index=1555 name=2^4:s5 order=1920 central_classes=1 central_squares=1 real_characters=12 surviving_elements=0
TABLE143 index=1556 name=2.M22M5 order=3840 central_classes=2 central_squares=1 real_characters=21 surviving_elements=0
TABLE143 index=1557 name=2.S4 order=48 central_classes=2 central_squares=1 real_characters=6 surviving_elements=0
TABLE143 index=1558 name=23:11 order=253 central_classes=1 central_squares=1 real_characters=1 surviving_elements=0
TABLE143 index=1559 name=2^3:sl(3,2) order=1344 central_classes=1 central_squares=1 real_characters=9 surviving_elements=0
TABLE143 index=1560 name=2^4:(3xA5).2 order=5760 central_classes=1 central_squares=1 real_characters=15 surviving_elements=0
TABLE143 index=1561 name=2^4:a6 order=5760 central_classes=1 central_squares=1 real_characters=12 surviving_elements=0
TABLE143 index=1562 name=2.M22M2 order=11520 central_classes=2 central_squares=1 real_characters=21 surviving_elements=0
TABLE143 index=1563 name=3.M22M2 order=17280 central_classes=3 central_squares=3 real_characters=12 surviving_elements=0
TABLE143 index=1564 name=4.M22M2 order=23040 central_classes=4 central_squares=2 real_characters=21 surviving_elements=0
TABLE143 index=1565 name=6.M22M2 order=34560 central_classes=6 central_squares=3 real_characters=21 surviving_elements=0
TABLE143 index=1566 name=12.M22M2 order=69120 central_classes=12 central_squares=6 real_characters=21 surviving_elements=0
TABLE143 index=1567 name=2^4:3.S6 order=34560 central_classes=1 central_squares=1 real_characters=29 surviving_elements=0
TABLE143 index=1568 name=2^4:a7 order=40320 central_classes=1 central_squares=1 real_characters=11 surviving_elements=0
TABLE143 index=1569 name=3.2^4:a7 order=120960 central_classes=3 central_squares=3 real_characters=11 surviving_elements=0
TABLE143 index=1570 name=3.McLM10 order=120960 central_classes=3 central_squares=3 real_characters=11 surviving_elements=0
TABLE143 index=1571 name=2xA7 order=5040 central_classes=2 central_squares=1 real_characters=14 surviving_elements=0
TABLE143 index=1572 name=2x(3.A7) order=15120 central_classes=6 central_squares=3 real_characters=14 surviving_elements=0
TABLE143 index=1573 name=2.(2xA7) order=10080 central_classes=4 central_squares=2 real_characters=14 surviving_elements=0
TABLE143 index=1574 name=2.(2x3.A7) order=30240 central_classes=12 central_squares=6 real_characters=14 surviving_elements=0
TABLE143 index=1575 name=3x2^4:s5 order=5760 central_classes=3 central_squares=3 real_characters=12 surviving_elements=0
TABLE143 index=1576 name=4.M22M5 order=7680 central_classes=4 central_squares=2 real_characters=21 surviving_elements=0
TABLE143 index=1577 name=3x2.M22M5 order=11520 central_classes=6 central_squares=3 real_characters=21 surviving_elements=0
TABLE143 index=1578 name=3x4.M22M5 order=23040 central_classes=12 central_squares=6 real_characters=21 surviving_elements=0
TABLE143 index=1579 name=2x2^3:L3(2) order=2688 central_classes=2 central_squares=1 real_characters=18 surviving_elements=0
TABLE143 index=1580 name=2x2^3:L3(2)x2 order=5376 central_classes=4 central_squares=1 real_characters=36 surviving_elements=0
TABLE143 index=1581 name=(2xA6).2^2 order=2880 central_classes=2 central_squares=1 real_characters=23 surviving_elements=0
TABLE143 index=1582 name=3x2^3:L3(2) order=4032 central_classes=3 central_squares=3 real_characters=9 surviving_elements=0
TABLE143 index=1583 name=4.M22M6 order=5376 central_classes=4 central_squares=2 real_characters=18 surviving_elements=0
TABLE143 index=1584 name=6x2^3:L3(2) order=8064 central_classes=6 central_squares=3 real_characters=18 surviving_elements=0
TABLE143 index=1585 name=3x4.M22M6 order=16128 central_classes=12 central_squares=6 real_characters=18 surviving_elements=0
TABLE143 index=1586 name=(4xA6).2_3 order=2880 central_classes=4 central_squares=2 real_characters=10 surviving_elements=0
TABLE143 index=1587 name=6.M22M7 order=4320 central_classes=6 central_squares=3 real_characters=10 surviving_elements=0
TABLE143 index=1588 name=12.M22M7 order=8640 central_classes=12 central_squares=6 real_characters=10 surviving_elements=0
TABLE143 index=1589 name=2xL2(11) order=1320 central_classes=2 central_squares=1 real_characters=12 surviving_elements=0
TABLE143 index=1590 name=2xL2(11).2 order=2640 central_classes=2 central_squares=1 real_characters=26 surviving_elements=0
TABLE143 index=1591 name=3xL2(11) order=1980 central_classes=3 central_squares=3 real_characters=6 surviving_elements=0
TABLE143 index=1592 name=2.(2xL2(11)) order=2640 central_classes=4 central_squares=2 real_characters=12 surviving_elements=0
TABLE143 index=1593 name=6xL2(11) order=3960 central_classes=6 central_squares=3 real_characters=12 surviving_elements=0
TABLE143 index=1594 name=3x2.(2xL2(11)) order=7920 central_classes=12 central_squares=6 real_characters=12 surviving_elements=0
TABLE143 index=1595 name=McLM10 order=40320 central_classes=1 central_squares=1 real_characters=11 surviving_elements=0
TABLE143 index=1596 name=2^4:a8 order=322560 central_classes=1 central_squares=1 real_characters=19 surviving_elements=0
TABLE143 index=1597 name=2^6:(psl(3,2)xs3) order=64512 central_classes=1 central_squares=1 real_characters=27 surviving_elements=0
TABLE143 index=1598 name=2^6:3.s6 order=138240 central_classes=1 central_squares=1 real_characters=31 surviving_elements=0
TABLE143 index=1599 name=2xS5 order=240 central_classes=2 central_squares=1 real_characters=14 surviving_elements=0
TABLE143 index=1600 name=3^2.2.S4 order=432 central_classes=1 central_squares=1 real_characters=9 surviving_elements=0
TABLE143 index=1601 name=4^2:D12 order=192 central_classes=1 central_squares=1 real_characters=14 surviving_elements=0
TABLE143 index=1602 name=4^2:D12.2 order=384 central_classes=1 central_squares=1 real_characters=14 surviving_elements=0
TABLE143 index=1603 name=A4xS3 order=72 central_classes=1 central_squares=1 real_characters=6 surviving_elements=0
TABLE143 index=1604 name=M12M7 order=432 central_classes=1 central_squares=1 real_characters=9 surviving_elements=0
TABLE143 index=1605 name=M22.2M4 order=3840 central_classes=1 central_squares=1 real_characters=24 surviving_elements=0
TABLE143 index=1606 name=M8.S4 order=192 central_classes=2 central_squares=1 real_characters=13 surviving_elements=0
TABLE143 index=1607 name=S4xS3 order=144 central_classes=1 central_squares=1 real_characters=15 surviving_elements=0
TABLE143 index=1608 name=2xM11 order=15840 central_classes=2 central_squares=1 real_characters=12 surviving_elements=0
TABLE143 index=1609 name=2.HSM9 order=15840 central_classes=2 central_squares=1 real_characters=12 surviving_elements=0
TABLE143 index=1610 name=2.M12M2 order=15840 central_classes=2 central_squares=1 real_characters=12 surviving_elements=0
TABLE143 index=1611 name=2.A11M7 order=15840 central_classes=2 central_squares=1 real_characters=12 surviving_elements=0
TABLE143 index=1612 name=2.M12M4 order=2880 central_classes=2 central_squares=1 real_characters=17 surviving_elements=0
TABLE143 index=1613 name=2x3^2.2.S4 order=864 central_classes=2 central_squares=1 real_characters=18 surviving_elements=0
TABLE143 index=1614 name=2.M12M7 order=864 central_classes=2 central_squares=1 real_characters=18 surviving_elements=0
TABLE143 index=1615 name=2.M12M8 order=480 central_classes=2 central_squares=1 real_characters=17 surviving_elements=0
TABLE143 index=1616 name=2.M12M9 order=384 central_classes=4 central_squares=1 real_characters=17 surviving_elements=0
TABLE143 index=1617 name=2.M12M10 order=384 central_classes=2 central_squares=1 real_characters=17 surviving_elements=0
TABLE143 index=1618 name=2.A4xS3 order=144 central_classes=2 central_squares=1 real_characters=9 surviving_elements=0
TABLE143 index=1619 name=(2^2xSz(8)):3 order=349440 central_classes=1 central_squares=1 real_characters=14 surviving_elements=0
TABLE143 index=1620 name=(3^2:4xa6).2 order=25920 central_classes=1 central_squares=1 real_characters=34 surviving_elements=0
TABLE143 index=1621 name=(3^2:4x2.A6).2 order=51840 central_classes=2 central_squares=1 real_characters=50 surviving_elements=0
TABLE143 index=1622 name=(3xG2(3)):2 order=25474176 central_classes=1 central_squares=1 real_characters=31 surviving_elements=0
TABLE143 index=1623 name=(D10xU3(5)).2 order=2520000 central_classes=1 central_squares=1 real_characters=32 surviving_elements=0
TABLE143 index=1624 name=(a4xpsl(3,4)):2 order=483840 central_classes=1 central_squares=1 real_characters=36 surviving_elements=0
TABLE143 index=1625 name=2.(A4xL3(4)).2 order=967680 central_classes=2 central_squares=1 real_characters=52 surviving_elements=0
TABLE143 index=1626 name=(a6xa5).2 order=43200 central_classes=1 central_squares=1 real_characters=25 surviving_elements=0
TABLE143 index=1627 name=2.(2^2xSz(8)):3 order=698880 central_classes=2 central_squares=1 real_characters=19 surviving_elements=0
TABLE143 index=1628 name=2.2.2^4+6:S5 order=491520 central_classes=4 central_squares=1 real_characters=52 surviving_elements=0
TABLE143 index=1629 name=2xA8 order=40320 central_classes=2 central_squares=1 real_characters=20 surviving_elements=0
TABLE143 index=1630 name=2.2^3+8:L3(2) order=688128 central_classes=2 central_squares=1 real_characters=31 surviving_elements=0
TABLE143 index=1631 name=2.2^4+6:S5 order=245760 central_classes=2 central_squares=1 real_characters=47 surviving_elements=0
TABLE143 index=1632 name=2.2^6:u3(3):2 order=1548288 central_classes=2 central_squares=1 real_characters=45 surviving_elements=0
TABLE143 index=1633 name=2.RuM1 order=71884800 central_classes=2 central_squares=1 real_characters=26 surviving_elements=0
TABLE143 index=1634 name=2^(1+8).(A5xA5).2 order=3686400 central_classes=2 central_squares=1 real_characters=52 surviving_elements=0
TABLE143 index=1635 name=2^1+6.psl(3,2) order=21504 central_classes=2 central_squares=1 real_characters=26 surviving_elements=0
TABLE143 index=1636 name=2^1+6.u4q2 order=3317760 central_classes=2 central_squares=1 real_characters=35 surviving_elements=0
TABLE143 index=1637 name=2.SuzM4 order=6635520 central_classes=4 central_squares=1 real_characters=58 surviving_elements=0
TABLE143 index=1638 name=2^1+8.a9 order=92897280 central_classes=2 central_squares=1 real_characters=36 surviving_elements=0
TABLE143 index=1639 name=2^1+8.2.A9 order=185794560 central_classes=4 central_squares=1 real_characters=64 surviving_elements=0
TABLE143 index=1640 name=2^2+8(a5xs3) order=368640 central_classes=1 central_squares=1 real_characters=45 surviving_elements=0
TABLE143 index=1641 name=2.SuzM9 order=737280 central_classes=2 central_squares=1 real_characters=74 surviving_elements=0
TABLE143 index=1642 name=(2xL3(3)).2 order=22464 central_classes=2 central_squares=1 real_characters=18 surviving_elements=0
TABLE143 index=1643 name=2^2.psl(3,4).s3 order=483840 central_classes=1 central_squares=1 real_characters=19 surviving_elements=0
TABLE143 index=1644 name=2^3+8:L3(2) order=344064 central_classes=1 central_squares=1 real_characters=23 surviving_elements=0
TABLE143 index=1645 name=2^3.2^2.2^6.(3xL3(2)) order=1032192 central_classes=1 central_squares=1 real_characters=18 surviving_elements=0
TABLE143 index=1646 name=2^4+6:3a6 order=1105920 central_classes=1 central_squares=1 real_characters=27 surviving_elements=0
TABLE143 index=1647 name=2.SuzM7 order=2211840 central_classes=2 central_squares=1 real_characters=38 surviving_elements=0
TABLE143 index=1648 name=2^4.s6 order=11520 central_classes=1 central_squares=1 real_characters=21 surviving_elements=0
TABLE143 index=1649 name=U4(3).2_1M10 order=11520 central_classes=1 central_squares=1 real_characters=21 surviving_elements=0
TABLE143 index=1650 name=2^5.S6 order=23040 central_classes=1 central_squares=1 real_characters=42 surviving_elements=0
TABLE143 index=1651 name=2.2^4.S6 order=23040 central_classes=2 central_squares=1 real_characters=25 surviving_elements=0
TABLE143 index=1652 name=2^4.(S4x2) order=768 central_classes=1 central_squares=1 real_characters=24 surviving_elements=0
TABLE143 index=1653 name=2^5.psl(5,2) order=319979520 central_classes=1 central_squares=1 real_characters=17 surviving_elements=0
TABLE143 index=1654 name=2^6.U4(2) order=1658880 central_classes=1 central_squares=1 real_characters=31 surviving_elements=0
TABLE143 index=1655 name=2^6.U4(2).2 order=3317760 central_classes=1 central_squares=1 real_characters=65 surviving_elements=0
TABLE143 index=1656 name=2^6:u3(3):2 order=774144 central_classes=1 central_squares=1 real_characters=28 surviving_elements=0
TABLE143 index=1657 name=2xa6.2^2 order=2880 central_classes=2 central_squares=1 real_characters=26 surviving_elements=0
TABLE143 index=1658 name=U4(3).(2^2)_{133}M11 order=2880 central_classes=2 central_squares=1 real_characters=26 surviving_elements=0
TABLE143 index=1659 name=U4(3).(2^2)_{133}M12 order=2880 central_classes=2 central_squares=1 real_characters=26 surviving_elements=0
TABLE143 index=1660 name=(2xA6.2^2).2 order=5760 central_classes=2 central_squares=1 real_characters=37 surviving_elements=0
TABLE143 index=1661 name=2.HSM11 order=5760 central_classes=2 central_squares=1 real_characters=29 surviving_elements=0
TABLE143 index=1662 name=3.3^(1+4):2S5 order=174960 central_classes=3 central_squares=3 real_characters=18 surviving_elements=0
TABLE143 index=1663 name=3.3^(1+4):4S5 order=349920 central_classes=1 central_squares=1 real_characters=44 surviving_elements=0
TABLE143 index=1664 name=2^(1+3):L3(2) order=2688 central_classes=2 central_squares=1 real_characters=10 surviving_elements=0
TABLE143 index=1665 name=2^(2+4):(3x3):2 order=1152 central_classes=1 central_squares=1 real_characters=17 surviving_elements=0
TABLE143 index=1666 name=3.2^(2+4):(3x3):2 order=3456 central_classes=3 central_squares=3 real_characters=17 surviving_elements=0
TABLE143 index=1667 name=2^(1+1+2+2):S3 order=384 central_classes=2 central_squares=1 real_characters=14 surviving_elements=0
TABLE143 index=1668 name=2^(2+4).S3 order=384 central_classes=2 central_squares=1 real_characters=14 surviving_elements=0
TABLE143 index=1669 name=2^(2+4).(S3x2) order=768 central_classes=2 central_squares=1 real_characters=23 surviving_elements=0
TABLE143 index=1670 name=3.ONM5 order=77760 central_classes=3 central_squares=3 real_characters=22 surviving_elements=0
TABLE143 index=1671 name=31:15 order=465 central_classes=1 central_squares=1 real_characters=1 surviving_elements=0
TABLE143 index=1672 name=31:30 order=930 central_classes=1 central_squares=1 real_characters=3 surviving_elements=0
TABLE143 index=1673 name=37:18 order=666 central_classes=1 central_squares=1 real_characters=4 surviving_elements=0
TABLE143 index=1674 name=47:23 order=1081 central_classes=1 central_squares=1 real_characters=1 surviving_elements=0
TABLE143 index=1675 name=3^(1+4):2S5 order=58320 central_classes=1 central_squares=1 real_characters=18 surviving_elements=0
TABLE143 index=1676 name=3^(1+4):4A5 order=58320 central_classes=1 central_squares=1 real_characters=25 surviving_elements=0
TABLE143 index=1677 name=3^(1+4):4S5 order=116640 central_classes=1 central_squares=1 real_characters=27 surviving_elements=0
TABLE143 index=1678 name=3^(1+6):2^(3+4):3^2:2 order=5038848 central_classes=1 central_squares=1 real_characters=82 surviving_elements=0
TABLE143 index=1679 name=3^(1+6)_+:2^(3+4):(S3xS3) order=10077696 central_classes=1 central_squares=1 real_characters=119 surviving_elements=0
TABLE143 index=1680 name=3^(2+4):2A5.D8 order=699840 central_classes=1 central_squares=1 real_characters=43 surviving_elements=0
TABLE143 index=1681 name=3^2+4:2(2^2xa4)2 order=139968 central_classes=1 central_squares=1 real_characters=29 surviving_elements=0
TABLE143 index=1682 name=3^4:2(A4xA4).4 order=93312 central_classes=1 central_squares=1 real_characters=22 surviving_elements=0
TABLE143 index=1683 name=3^4:m10 order=58320 central_classes=1 central_squares=1 real_characters=14 surviving_elements=0
TABLE143 index=1684 name=3^5:M10 order=174960 central_classes=3 central_squares=3 real_characters=14 surviving_elements=0
TABLE143 index=1685 name=3^4.3^2.Q8 order=5832 central_classes=1 central_squares=1 real_characters=19 surviving_elements=0
TABLE143 index=1686 name=3.3^4.3^2.Q8 order=17496 central_classes=3 central_squares=3 real_characters=19 surviving_elements=0
TABLE143 index=1687 name=3xL3(4).2_2 order=120960 central_classes=3 central_squares=3 real_characters=10 surviving_elements=0
TABLE143 index=1688 name=3x2.A8 order=120960 central_classes=6 central_squares=3 real_characters=13 surviving_elements=0
TABLE143 index=1689 name=3xM11 order=23760 central_classes=3 central_squares=3 real_characters=6 surviving_elements=0
TABLE143 index=1690 name=3xONM11 order=23760 central_classes=3 central_squares=3 real_characters=6 surviving_elements=0
TABLE143 index=1691 name=3x5^(1+2):3:8 order=9000 central_classes=3 central_squares=3 real_characters=7 surviving_elements=0
TABLE143 index=1692 name=3^5:2S6 order=349920 central_classes=1 central_squares=1 real_characters=28 surviving_elements=0
TABLE143 index=1693 name=3^5:M11 order=1924560 central_classes=1 central_squares=1 real_characters=12 surviving_elements=0
TABLE143 index=1694 name=3^6.M11 order=5773680 central_classes=3 central_squares=3 real_characters=12 surviving_elements=0
TABLE143 index=1695 name=3x2.SuzM4 order=19906560 central_classes=12 central_squares=3 real_characters=58 surviving_elements=0
TABLE143 index=1696 name=2x3^6.M11 order=11547360 central_classes=6 central_squares=3 real_characters=24 surviving_elements=0
TABLE143 index=1697 name=3x2.J2.2 order=7257600 central_classes=6 central_squares=3 real_characters=46 surviving_elements=0
TABLE143 index=1698 name=3x2.SuzM7 order=6635520 central_classes=6 central_squares=3 real_characters=38 surviving_elements=0
TABLE143 index=1699 name=3x2.SuzM9 order=2211840 central_classes=6 central_squares=3 real_characters=74 surviving_elements=0
TABLE143 index=1700 name=3xIsoclinic(2.M12.2) order=1140480 central_classes=6 central_squares=3 real_characters=26 surviving_elements=0
TABLE143 index=1701 name=4.2^4.S5 order=7680 central_classes=2 central_squares=1 real_characters=24 surviving_elements=0
TABLE143 index=1702 name=2^(1+6)_+:S5 order=15360 central_classes=2 central_squares=1 real_characters=47 surviving_elements=0
TABLE143 index=1703 name=2.HSM10 order=15360 central_classes=4 central_squares=1 real_characters=27 surviving_elements=0
TABLE143 index=1704 name=4.2^4:(2xS3) order=768 central_classes=2 central_squares=1 real_characters=31 surviving_elements=0
TABLE143 index=1705 name=4.2^4 order=64 central_classes=4 central_squares=1 real_characters=22 surviving_elements=0
TABLE143 index=1706 name=S4x2^2 order=96 central_classes=4 central_squares=1 real_characters=20 surviving_elements=0
TABLE143 index=1707 name=4.2^4:S4 order=1536 central_classes=2 central_squares=1 real_characters=25 surviving_elements=0
TABLE143 index=1708 name=J1x2 order=351120 central_classes=2 central_squares=1 real_characters=30 surviving_elements=0
TABLE143 index=1709 name=7^(1+2)_+:(3xD16) order=16464 central_classes=1 central_squares=1 real_characters=19 surviving_elements=0
TABLE143 index=1710 name=4^3.L3(2) order=10752 central_classes=1 central_squares=1 real_characters=16 surviving_elements=0
TABLE143 index=1711 name=(3^2:4xA6).2^2 order=51840 central_classes=1 central_squares=1 real_characters=31 surviving_elements=0
TABLE143 index=1712 name=4^3.(L3(2)x2) order=21504 central_classes=1 central_squares=1 real_characters=16 surviving_elements=0
TABLE143 index=1713 name=4^3:psl(3,2) order=10752 central_classes=1 central_squares=1 real_characters=17 surviving_elements=0
TABLE143 index=1714 name=4^3:(L3(2)x2) order=21504 central_classes=1 central_squares=1 real_characters=28 surviving_elements=0
TABLE143 index=1715 name=2.4^3.L3(2) order=21504 central_classes=2 central_squares=1 real_characters=18 surviving_elements=0
TABLE143 index=1716 name=4^3:S4 order=1536 central_classes=1 central_squares=1 real_characters=27 surviving_elements=0
TABLE143 index=1717 name=5:4xa5 order=1200 central_classes=1 central_squares=1 real_characters=15 surviving_elements=0
TABLE143 index=1718 name=5:4xS5 order=2400 central_classes=1 central_squares=1 real_characters=21 surviving_elements=0
TABLE143 index=1719 name=5:4x2.A5 order=2400 central_classes=2 central_squares=1 real_characters=27 surviving_elements=0
TABLE143 index=1720 name=5:4xA4 order=240 central_classes=1 central_squares=1 real_characters=6 surviving_elements=0
TABLE143 index=1721 name=5:4x2^2 order=80 central_classes=4 central_squares=1 real_characters=12 surviving_elements=0
TABLE143 index=1722 name=A4xC4 order=48 central_classes=4 central_squares=2 real_characters=4 surviving_elements=0
TABLE143 index=1723 name=D8xV4 order=32 central_classes=8 central_squares=1 real_characters=20 surviving_elements=0
TABLE143 index=1724 name=5^(1+4):2^(1+4).5.4 order=2000000 central_classes=1 central_squares=1 real_characters=35 surviving_elements=0
TABLE143 index=1725 name=5^(1+4):4S6 order=9000000 central_classes=1 central_squares=1 real_characters=31 surviving_elements=0
TABLE143 index=1726 name=5^2.5.5^2.4A5 order=750000 central_classes=1 central_squares=1 real_characters=52 surviving_elements=0
TABLE143 index=1727 name=5^2:4s5 order=12000 central_classes=1 central_squares=1 real_characters=11 surviving_elements=0
TABLE143 index=1728 name=2xU3(5).2 order=504000 central_classes=2 central_squares=1 real_characters=34 surviving_elements=0
TABLE143 index=1729 name=L2(25).(2x4) order=62400 central_classes=2 central_squares=1 real_characters=28 surviving_elements=0
TABLE143 index=1730 name=2x5^2:4S5 order=24000 central_classes=2 central_squares=1 real_characters=22 surviving_elements=0
TABLE143 index=1731 name=3.A6.(2x4) order=8640 central_classes=2 central_squares=1 real_characters=24 surviving_elements=0
TABLE143 index=1732 name=Isoclinic(L2(13).2x2) order=4368 central_classes=2 central_squares=1 real_characters=16 surviving_elements=0
TABLE143 index=1733 name=5^3.psl(3,5) order=46500000 central_classes=1 central_squares=1 real_characters=17 surviving_elements=0
TABLE143 index=1734 name=67:22 order=1474 central_classes=1 central_squares=1 real_characters=5 surviving_elements=0
TABLE143 index=1735 name=7:3xpsl(3,2) order=3528 central_classes=1 central_squares=1 real_characters=4 surviving_elements=0
TABLE143 index=1736 name=7^2:(3x2S4) order=7056 central_classes=1 central_squares=1 real_characters=9 surviving_elements=0
TABLE143 index=1737 name=7^2:2psl(2,7) order=16464 central_classes=1 central_squares=1 real_characters=8 surviving_elements=0
TABLE143 index=1738 name=LyM6 order=3849120 central_classes=1 central_squares=1 real_characters=26 surviving_elements=0
TABLE143 index=1739 name=ONM5 order=25920 central_classes=1 central_squares=1 real_characters=22 surviving_elements=0
TABLE143 index=1740 name=ThM7 order=944784 central_classes=1 central_squares=1 real_characters=42 surviving_elements=0
TABLE143 index=1741 name=ThN3B order=944784 central_classes=1 central_squares=1 real_characters=42 surviving_elements=0
TABLE143 index=1742 name=s4xpsl(3,2) order=4032 central_classes=1 central_squares=1 real_characters=20 surviving_elements=0
TABLE143 index=1743 name=2^(1+6)_+.L3(2).2 order=43008 central_classes=2 central_squares=1 real_characters=36 surviving_elements=0
TABLE143 index=1744 name=S4xL3(2).2 order=8064 central_classes=1 central_squares=1 real_characters=45 surviving_elements=0
TABLE143 index=1745 name=7:6xL3(2) order=7056 central_classes=1 central_squares=1 real_characters=12 surviving_elements=0
TABLE143 index=1746 name=2^(1+6)_-.U4(2).2 order=6635520 central_classes=2 central_squares=1 real_characters=78 surviving_elements=0
TABLE143 index=1747 name=3^5:(M11x2) order=3849120 central_classes=1 central_squares=1 real_characters=26 surviving_elements=0
TABLE143 index=1748 name=J2.2x2 order=2419200 central_classes=2 central_squares=1 real_characters=54 surviving_elements=0
TABLE143 index=1749 name=2^(4+6):3S6 order=2211840 central_classes=1 central_squares=1 real_characters=56 surviving_elements=0
TABLE143 index=1750 name=(A4xL3(4):2_3):2 order=967680 central_classes=1 central_squares=1 real_characters=54 surviving_elements=0
TABLE143 index=1751 name=2^(2+8):(S5xS3) order=737280 central_classes=1 central_squares=1 real_characters=74 surviving_elements=0
TABLE143 index=1752 name=M12.2x2 order=380160 central_classes=2 central_squares=1 real_characters=42 surviving_elements=0
TABLE143 index=1753 name=3^(2+4):2(S4xD8) order=279936 central_classes=1 central_squares=1 real_characters=60 surviving_elements=0
TABLE143 index=1754 name=(A6:2_2xA5).2 order=86400 central_classes=1 central_squares=1 real_characters=50 surviving_elements=0
TABLE143 index=1755 name=(3^2:8xA6).2 order=51840 central_classes=1 central_squares=1 real_characters=38 surviving_elements=0
TABLE143 index=1756 name=3xG2(4) order=754790400 central_classes=3 central_squares=3 real_characters=30 surviving_elements=0
TABLE143 index=1757 name=3x2.G2(4) order=1509580800 central_classes=6 central_squares=3 real_characters=53 surviving_elements=0
TABLE143 index=1758 name=2xU5(2) order=27371520 central_classes=2 central_squares=1 real_characters=26 surviving_elements=0
TABLE143 index=1759 name=3xU5(2) order=41057280 central_classes=3 central_squares=3 real_characters=13 surviving_elements=0
TABLE143 index=1760 name=3x2^(1+6)_-.U4(2) order=9953280 central_classes=6 central_squares=3 real_characters=35 surviving_elements=0
TABLE143 index=1761 name=3xJ2.2 order=3628800 central_classes=3 central_squares=3 real_characters=27 surviving_elements=0
TABLE143 index=1762 name=3x2^(4+6).3A6 order=3317760 central_classes=3 central_squares=3 real_characters=27 surviving_elements=0
TABLE143 index=1763 name=(A4x3.L3(4)).2 order=1451520 central_classes=3 central_squares=3 real_characters=36 surviving_elements=0
TABLE143 index=1764 name=3x2^(2+8):(A5xS3) order=1105920 central_classes=3 central_squares=3 real_characters=45 surviving_elements=0
TABLE143 index=1765 name=3xM12.2 order=570240 central_classes=3 central_squares=3 real_characters=21 surviving_elements=0
TABLE143 index=1766 name=3.3^(2+4):2(A4x2^2).2 order=419904 central_classes=3 central_squares=3 real_characters=29 surviving_elements=0
TABLE143 index=1767 name=(3.A6xA5):2 order=129600 central_classes=3 central_squares=3 real_characters=25 surviving_elements=0
TABLE143 index=1768 name=(3^(1+2):4xA6).2 order=77760 central_classes=3 central_squares=3 real_characters=34 surviving_elements=0
TABLE143 index=1769 name=3xL3(3).2 order=33696 central_classes=3 central_squares=3 real_characters=15 surviving_elements=0
TABLE143 index=1770 name=3xL2(25) order=23400 central_classes=3 central_squares=3 real_characters=15 surviving_elements=0
TABLE143 index=1771 name=(3xG2(4)).2 order=1509580800 central_classes=1 central_squares=1 real_characters=48 surviving_elements=0
TABLE143 index=1772 name=(3xU5(2)).2 order=82114560 central_classes=1 central_squares=1 real_characters=84 surviving_elements=0
TABLE143 index=1773 name=(3x2^(1+6)_-.U4(2)).2 order=19906560 central_classes=2 central_squares=1 real_characters=133 surviving_elements=0
TABLE143 index=1774 name=3^6:(M11x2) order=11547360 central_classes=1 central_squares=1 real_characters=45 surviving_elements=0
TABLE143 index=1775 name=S3xJ2.2 order=7257600 central_classes=1 central_squares=1 real_characters=81 surviving_elements=0
TABLE143 index=1776 name=(3x2^(4+6):3A6).2 order=6635520 central_classes=1 central_squares=1 real_characters=95 surviving_elements=0
TABLE143 index=1777 name=(A4x3.L3(4).2_3).2 order=2903040 central_classes=1 central_squares=1 real_characters=73 surviving_elements=0
TABLE143 index=1778 name=(3x2^(2+8):(A5xS3)).2 order=2211840 central_classes=1 central_squares=1 real_characters=111 surviving_elements=0
TABLE143 index=1779 name=S3xM12.2 order=1140480 central_classes=1 central_squares=1 real_characters=63 surviving_elements=0
TABLE143 index=1780 name=3.3^(2+4):2(S4xD8) order=839808 central_classes=1 central_squares=1 real_characters=105 surviving_elements=0
TABLE143 index=1781 name=(3.A6.2_2xA5):2 order=259200 central_classes=1 central_squares=1 real_characters=76 surviving_elements=0
TABLE143 index=1782 name=(3^(1+2):8xA6).2 order=155520 central_classes=1 central_squares=1 real_characters=55 surviving_elements=0
TABLE143 index=1783 name=(3xL2(25)).2_2 order=46800 central_classes=1 central_squares=1 real_characters=25 surviving_elements=0
TABLE143 index=1784 name=3^4:(M10x2) order=116640 central_classes=1 central_squares=1 real_characters=23 surviving_elements=0
TABLE143 index=1785 name=2x3^5:M11 order=3849120 central_classes=2 central_squares=1 real_characters=24 surviving_elements=0
TABLE143 index=1786 name=2.SuzM11 order=279936 central_classes=2 central_squares=1 real_characters=43 surviving_elements=0
TABLE143 index=1787 name=6.SuzM8 order=2903040 central_classes=6 central_squares=3 real_characters=52 surviving_elements=0
TABLE143 index=1788 name=6.SuzM11 order=839808 central_classes=6 central_squares=3 real_characters=43 surviving_elements=0
TABLE143 index=1789 name=3x(2xL3(3)).2 order=67392 central_classes=6 central_squares=3 real_characters=18 surviving_elements=0
TABLE143 index=1790 name=3x2.L2(25) order=46800 central_classes=6 central_squares=3 real_characters=29 surviving_elements=0
TABLE143 index=1791 name=(3^(1+2):4x2.A6).2 order=155520 central_classes=6 central_squares=3 real_characters=50 surviving_elements=0
TABLE143 index=1792 name=(A6x2.A5).2 order=86400 central_classes=2 central_squares=1 real_characters=44 surviving_elements=0
TABLE143 index=1793 name=(3.A6x2.A5).2 order=259200 central_classes=6 central_squares=3 real_characters=44 surviving_elements=0
TABLE143 index=1794 name=2xU5(2).2 order=54743040 central_classes=2 central_squares=1 real_characters=74 surviving_elements=0
TABLE143 index=1795 name=Isoclinic(S8x2) order=80640 central_classes=2 central_squares=1 real_characters=24 surviving_elements=0
TABLE143 index=1796 name=Isoclinic(U3(5).2x2) order=504000 central_classes=2 central_squares=1 real_characters=22 surviving_elements=0
TABLE143 index=1797 name=2.HSM3 order=504000 central_classes=2 central_squares=1 real_characters=22 surviving_elements=0
TABLE143 index=1798 name=2^(1+8)_+.(A5xA5).2^2 order=7372800 central_classes=2 central_squares=1 real_characters=79 surviving_elements=0
TABLE143 index=1799 name=5:4xU3(5):2 order=5040000 central_classes=1 central_squares=1 real_characters=51 surviving_elements=0
TABLE143 index=1800 name=5^(1+4)_+:(4Y2^(1+4)_-.5.4) order=4000000 central_classes=1 central_squares=1 real_characters=42 surviving_elements=0
TABLE143 index=1801 name=(S6xS6).2^2 order=2073600 central_classes=1 central_squares=1 real_characters=73 surviving_elements=0
TABLE143 index=1802 name=2^3.2^2.2^6.(S3xL3(2)) order=2064384 central_classes=1 central_squares=1 real_characters=47 surviving_elements=0
TABLE143 index=1803 name=5^2.5.5^2.4S5 order=1500000 central_classes=1 central_squares=1 real_characters=31 surviving_elements=0
TABLE143 index=1804 name=3^4:2(S4xS4).2 order=186624 central_classes=1 central_squares=1 real_characters=42 surviving_elements=0
TABLE143 index=1805 name=HN.2M13 order=116640 central_classes=1 central_squares=1 real_characters=40 surviving_elements=0
TABLE143 index=1806 name=(A4xG2(4)):2 order=6038323200 central_classes=1 central_squares=1 real_characters=82 surviving_elements=0
TABLE143 index=1807 name=(A5xJ2):2 order=72576000 central_classes=1 central_squares=1 real_characters=102 surviving_elements=0
TABLE143 index=1808 name=(A6xU3(3)):2 order=4354560 central_classes=1 central_squares=1 real_characters=76 surviving_elements=0
TABLE143 index=1809 name=(A7xL2(7)):2 order=846720 central_classes=1 central_squares=1 real_characters=69 surviving_elements=0
TABLE143 index=1810 name=(D10x(A5xA5).2).2 order=144000 central_classes=1 central_squares=1 real_characters=50 surviving_elements=0
TABLE143 index=1811 name=2.2^11:M24 order=1002795171840 central_classes=2 central_squares=1 real_characters=83 surviving_elements=0
TABLE143 index=1812 name=2^(1+8)+.O8+(2) order=89181388800 central_classes=2 central_squares=1 real_characters=150 surviving_elements=0
TABLE143 index=1813 name=2^(2+12):(A8xS3) order=1981808640 central_classes=1 central_squares=1 real_characters=148 surviving_elements=0
TABLE143 index=1814 name=2^(4+10)(S5xS3) order=11796480 central_classes=1 central_squares=1 real_characters=156 surviving_elements=0
TABLE143 index=1815 name=2^(4+12).(S3x3S6) order=849346560 central_classes=1 central_squares=1 real_characters=212 surviving_elements=0
TABLE143 index=1816 name=2^1+4+6.a8 order=41287680 central_classes=2 central_squares=1 real_characters=99 surviving_elements=0
TABLE143 index=1817 name=2^1+8:s6f2 order=743178240 central_classes=2 central_squares=1 real_characters=96 surviving_elements=0
TABLE143 index=1818 name=2^10:m22:2 order=908328960 central_classes=1 central_squares=1 real_characters=71 surviving_elements=0
TABLE143 index=1819 name=2^11:M24 order=501397585920 central_classes=1 central_squares=1 real_characters=64 surviving_elements=0
TABLE143 index=1820 name=2^2.[2^7*3^2].S3 order=27648 central_classes=1 central_squares=1 real_characters=45 surviving_elements=0
TABLE143 index=1821 name=2^4.a8 order=322560 central_classes=1 central_squares=1 real_characters=19 surviving_elements=0
TABLE143 index=1822 name=2xm12 order=190080 central_classes=2 central_squares=1 real_characters=26 surviving_elements=0
TABLE143 index=1823 name=3^(3+4):2(S4xS4) order=2519424 central_classes=1 central_squares=1 real_characters=100 surviving_elements=0
TABLE143 index=1824 name=3^1+4:2^1+4.s5 order=933120 central_classes=1 central_squares=1 real_characters=38 surviving_elements=0
TABLE143 index=1825 name=3^1+4:4s6 order=699840 central_classes=1 central_squares=1 real_characters=48 surviving_elements=0
TABLE143 index=1826 name=3^5:(2xm11) order=3849120 central_classes=1 central_squares=1 real_characters=27 surviving_elements=0
TABLE143 index=1827 name=3^6:2M12 order=138568320 central_classes=1 central_squares=1 real_characters=42 surviving_elements=0
TABLE143 index=1828 name=5^(1+2):GL2(5) order=60000 central_classes=1 central_squares=1 real_characters=20 surviving_elements=0
TABLE143 index=1829 name=5^2:2A5 order=3000 central_classes=1 central_squares=1 real_characters=10 surviving_elements=0
TABLE143 index=1830 name=5^3:(4xS5) order=60000 central_classes=1 central_squares=1 real_characters=28 surviving_elements=0
TABLE143 index=1831 name=A9xS3 order=1088640 central_classes=1 central_squares=1 real_characters=48 surviving_elements=0
TABLE143 index=1832 name=a4xs5 order=1440 central_classes=1 central_squares=1 real_characters=14 surviving_elements=0
TABLE143 index=1833 name=s3xpsl(2,8).3 order=9072 central_classes=1 central_squares=1 real_characters=15 surviving_elements=0
TABLE143 index=1834 name=2xCo2 order=84610842624000 central_classes=2 central_squares=1 real_characters=104 surviving_elements=0
TABLE143 index=1835 name=2xCo3 order=991533312000 central_classes=2 central_squares=1 real_characters=68 surviving_elements=0
TABLE143 index=1836 name=2xU6(2).3.2 order=110361968640 central_classes=2 central_squares=1 real_characters=194 surviving_elements=0
TABLE143 index=1837 name=2x3^6:2.M12 order=277136640 central_classes=2 central_squares=1 real_characters=84 surviving_elements=0
TABLE143 index=1838 name=2.A9xS3 order=2177280 central_classes=2 central_squares=1 real_characters=66 surviving_elements=0
TABLE143 index=1839 name=2x5^2:2A5 order=6000 central_classes=2 central_squares=1 real_characters=20 surviving_elements=0
TABLE143 index=1840 name=(2^2x2^(1+8)).(3xU4(2)).2 order=318504960 central_classes=2 central_squares=1 real_characters=192 surviving_elements=0
TABLE143 index=1841 name=(3xO8+(3):3):2 order=89139236659200 central_classes=1 central_squares=1 real_characters=219 surviving_elements=0
TABLE143 index=1842 name=(A4xO8+(2).3).2 order=12541132800 central_classes=1 central_squares=1 real_characters=191 surviving_elements=0
TABLE143 index=1843 name=(A5xA9):2 order=21772800 central_classes=1 central_squares=1 real_characters=106 surviving_elements=0
TABLE143 index=1844 name=29:14 order=406 central_classes=1 central_squares=1 real_characters=4 surviving_elements=0
TABLE143 index=1845 name=2^(5+8):(S3xA6) order=17694720 central_classes=1 central_squares=1 real_characters=104 surviving_elements=0
TABLE143 index=1846 name=2^(1+5+8).(S3xA6) order=35389440 central_classes=2 central_squares=1 real_characters=164 surviving_elements=0
TABLE143 index=1847 name=2x2F4(2)' order=35942400 central_classes=2 central_squares=1 real_characters=32 surviving_elements=0
TABLE143 index=1848 name=2^(6+8):(A7xS3) order=247726080 central_classes=1 central_squares=1 real_characters=121 surviving_elements=0
TABLE143 index=1849 name=2x3.O7(3) order=27512110080 central_classes=6 central_squares=3 real_characters=112 surviving_elements=0
TABLE143 index=1850 name=6.Fi22M3 order=27512110080 central_classes=6 central_squares=3 real_characters=112 surviving_elements=0
TABLE143 index=1851 name=2xO7(3) order=9170703360 central_classes=2 central_squares=1 real_characters=112 surviving_elements=0
TABLE143 index=1852 name=2.Fi22M3 order=9170703360 central_classes=2 central_squares=1 real_characters=112 surviving_elements=0
TABLE143 index=1853 name=3^(1+8).2^(1+6).3^(1+2).2S4 order=3265173504 central_classes=1 central_squares=1 real_characters=167 surviving_elements=0
TABLE143 index=1854 name=7:6xA7 order=105840 central_classes=1 central_squares=1 real_characters=21 surviving_elements=0
TABLE143 index=1855 name=A6xL2(8):3 order=544320 central_classes=1 central_squares=1 real_characters=35 surviving_elements=0
TABLE143 index=1856 name=Fi23M8 order=663238368 central_classes=1 central_squares=1 real_characters=108 surviving_elements=0
TABLE143 index=1857 name=S3xO7(3) order=27512110080 central_classes=1 central_squares=1 real_characters=168 surviving_elements=0
TABLE143 index=1858 name=S3xU4(3).(2^2)_{122} order=78382080 central_classes=1 central_squares=1 real_characters=177 surviving_elements=0
TABLE143 index=1859 name=2xS3xU4(3).(2^2)_{122} order=156764160 central_classes=2 central_squares=1 real_characters=354 surviving_elements=0
TABLE143 index=1860 name=S3x2.U4(3).2_2 order=78382080 central_classes=2 central_squares=1 real_characters=147 surviving_elements=0
TABLE143 index=1861 name=2xS3x2.U4(3).2_2 order=156764160 central_classes=4 central_squares=1 real_characters=294 surviving_elements=0
TABLE143 index=1862 name=S3xU4(3).2_2 order=39191040 central_classes=1 central_squares=1 real_characters=84 surviving_elements=0
TABLE143 index=1863 name=2xS3xU4(3).2_2 order=78382080 central_classes=2 central_squares=1 real_characters=168 surviving_elements=0
TABLE143 index=1864 name=S4xS6(2) order=34836480 central_classes=1 central_squares=1 real_characters=150 surviving_elements=0
TABLE143 index=1865 name=O8+(2):S3x2 order=2090188800 central_classes=2 central_squares=1 real_characters=136 surviving_elements=0
TABLE143 index=1866 name=3xO8+(2):S3 order=3135283200 central_classes=3 central_squares=3 real_characters=68 surviving_elements=0
TABLE143 index=1867 name=6xO8+(2):S3 order=6270566400 central_classes=6 central_squares=3 real_characters=136 surviving_elements=0
TABLE143 index=1868 name=2x2.U4(3).2_2 order=26127360 central_classes=4 central_squares=1 real_characters=98 surviving_elements=0
TABLE143 index=1869 name=2^2.U4(3).(2^2)_{122} order=52254720 central_classes=2 central_squares=1 real_characters=139 surviving_elements=0
TABLE143 index=1870 name=2xU4(3).(2^2)_{122} order=26127360 central_classes=2 central_squares=1 real_characters=118 surviving_elements=0
TABLE143 index=1871 name=3x2.U4(3).(2^2)_{122} order=78382080 central_classes=6 central_squares=3 real_characters=75 surviving_elements=0
TABLE143 index=1872 name=(S3x2.U4(3).2_2).2 order=156764160 central_classes=2 central_squares=1 real_characters=208 surviving_elements=0
TABLE143 index=1873 name=(2x2^(1+8)):U4(2):2 order=53084160 central_classes=2 central_squares=1 real_characters=101 surviving_elements=0
TABLE143 index=1874 name=(2x2^(1+8)):(U4(2):2x2) order=106168320 central_classes=2 central_squares=1 real_characters=200 surviving_elements=0
TABLE143 index=1875 name=2.(2x2^(1+8)):U4(2):2 order=106168320 central_classes=4 central_squares=1 real_characters=167 surviving_elements=0
TABLE143 index=1876 name=3x(2x2^(1+8)):U4(2):2 order=159252480 central_classes=6 central_squares=3 real_characters=101 surviving_elements=0
TABLE143 index=1877 name=3xA10.2 order=10886400 central_classes=3 central_squares=3 real_characters=42 surviving_elements=0
TABLE143 index=1878 name=3xM12 order=285120 central_classes=3 central_squares=3 real_characters=13 surviving_elements=0
TABLE143 index=1879 name=3.(2x2^(1+8)):(U4(2):2x2) order=318504960 central_classes=2 central_squares=1 real_characters=309 surviving_elements=0
TABLE143 index=1880 name=3x2F4(2)' order=53913600 central_classes=3 central_squares=3 real_characters=16 surviving_elements=0
TABLE143 index=1881 name=Fi22.2M4 order=908328960 central_classes=1 central_squares=1 real_characters=69 surviving_elements=0
TABLE143 index=1882 name=2.(3^(1+6):2^(3+4):3^2:2) order=10077696 central_classes=2 central_squares=1 real_characters=147 surviving_elements=0
TABLE143 index=1883 name=2^12.3_1.U4(3).2_2' order=80263249920 central_classes=1 central_squares=1 real_characters=117 surviving_elements=0
TABLE143 index=1884 name=2^(1+12).3_1.U4(3).2_2' order=160526499840 central_classes=2 central_squares=1 real_characters=153 surviving_elements=0
TABLE143 index=1885 name=2^12.3^2.U4(3).2_2' order=240789749760 central_classes=3 central_squares=3 real_characters=117 surviving_elements=0
TABLE143 index=1886 name=3.2^(1+12).3U4(3).2 order=481579499520 central_classes=6 central_squares=3 real_characters=153 surviving_elements=0
TABLE143 index=1887 name=3^3.[3^10].GL3(3) order=17907435936 central_classes=1 central_squares=1 real_characters=213 surviving_elements=0
TABLE143 index=1888 name=2^12.M24 order=1002795171840 central_classes=1 central_squares=1 real_characters=83 surviving_elements=0
TABLE143 index=1889 name=3xFi23 order=12268411419879014400 central_classes=3 central_squares=3 real_characters=92 surviving_elements=0
TABLE143 index=1890 name=2^(5+8):(S3xS6) order=35389440 central_classes=1 central_squares=1 real_characters=188 surviving_elements=0
TABLE143 index=1891 name=3^5:(2xU4(2).2) order=25194240 central_classes=1 central_squares=1 real_characters=119 surviving_elements=0
TABLE143 index=1892 name=2.[2^6]:(S3xS3) order=4608 central_classes=2 central_squares=1 real_characters=45 surviving_elements=0
TABLE143 index=1893 name=2^5:S6 order=23040 central_classes=2 central_squares=1 real_characters=37 surviving_elements=0
TABLE143 index=1894 name=2^6:L3(2) order=10752 central_classes=1 central_squares=1 real_characters=22 surviving_elements=0
TABLE143 index=1895 name=S3xS6 order=4320 central_classes=1 central_squares=1 real_characters=33 surviving_elements=0
TABLE143 index=1896 name=(2^6x2^8):S6(2) order=23781703680 central_classes=1 central_squares=1 real_characters=161 surviving_elements=0
TABLE143 index=1897 name=(2^(1+8)x2^6):S6(2) order=47563407360 central_classes=2 central_squares=1 real_characters=208 surviving_elements=0
TABLE143 index=1898 name=2.F4(2)M1 order=95126814720 central_classes=4 central_squares=1 real_characters=371 surviving_elements=0
TABLE143 index=1899 name=F4(2)M2 order=47563407360 central_classes=2 central_squares=1 real_characters=208 surviving_elements=0
TABLE143 index=1900 name=2.F4(2)M2 order=95126814720 central_classes=4 central_squares=1 real_characters=371 surviving_elements=0
TABLE143 index=1901 name=3^6:L3(3) order=4094064 central_classes=1 central_squares=1 real_characters=12 surviving_elements=0
TABLE143 index=1902 name=3^(3+4):2(S4xA4) order=1259712 central_classes=1 central_squares=1 real_characters=25 surviving_elements=0
TABLE143 index=1903 name=A4xU4(2) order=311040 central_classes=1 central_squares=1 real_characters=20 surviving_elements=0
TABLE143 index=1904 name=2.(A4xU4(2)) order=622080 central_classes=2 central_squares=1 real_characters=24 surviving_elements=0
TABLE143 index=1905 name=2^(2+6):3^3:S3 order=41472 central_classes=1 central_squares=1 real_characters=18 surviving_elements=0
TABLE143 index=1906 name=2xU3(3).2 order=24192 central_classes=2 central_squares=1 real_characters=28 surviving_elements=0
TABLE143 index=1907 name=(2x3.A6).2 order=4320 central_classes=2 central_squares=1 real_characters=22 surviving_elements=0
TABLE143 index=1908 name=(2xL3(2)).2 order=672 central_classes=2 central_squares=1 real_characters=10 surviving_elements=0
TABLE143 index=1909 name=(3xM10):2 order=4320 central_classes=1 central_squares=1 real_characters=21 surviving_elements=0
TABLE143 index=1910 name=11:10 order=110 central_classes=1 central_squares=1 real_characters=3 surviving_elements=0
TABLE143 index=1911 name=13:6 order=78 central_classes=1 central_squares=1 real_characters=4 surviving_elements=0
TABLE143 index=1912 name=19:18 order=342 central_classes=1 central_squares=1 real_characters=3 surviving_elements=0
TABLE143 index=1913 name=19:6 order=114 central_classes=1 central_squares=1 real_characters=5 surviving_elements=0
TABLE143 index=1914 name=2.J2M8 order=600 central_classes=2 central_squares=1 real_characters=18 surviving_elements=0
TABLE143 index=1915 name=2A4xA5 order=1440 central_classes=2 central_squares=1 real_characters=15 surviving_elements=0
TABLE143 index=1916 name=2A5xD10 order=1200 central_classes=2 central_squares=1 real_characters=36 surviving_elements=0
TABLE143 index=1917 name=(2.A5xD10).2 order=2400 central_classes=2 central_squares=1 real_characters=23 surviving_elements=0
TABLE143 index=1918 name=2^(1+4).S5 order=3840 central_classes=2 central_squares=1 real_characters=23 surviving_elements=0
TABLE143 index=1919 name=2^(2+4):(S3xS3) order=2304 central_classes=1 central_squares=1 real_characters=22 surviving_elements=0
TABLE143 index=1920 name=2^1+4b:a5 order=1920 central_classes=2 central_squares=1 real_characters=14 surviving_elements=0
TABLE143 index=1921 name=2^2+4.3xs3 order=1152 central_classes=1 central_squares=1 real_characters=8 surviving_elements=0
TABLE143 index=1922 name=2^{1+4}_-:2A5 order=3840 central_classes=4 central_squares=1 real_characters=25 surviving_elements=0
TABLE143 index=1923 name=2^{3+4}:(3xS3) order=2304 central_classes=2 central_squares=1 real_characters=13 surviving_elements=0
TABLE143 index=1924 name=2xA5 order=120 central_classes=2 central_squares=1 real_characters=10 surviving_elements=0
TABLE143 index=1925 name=2xU3(3) order=12096 central_classes=2 central_squares=1 real_characters=12 surviving_elements=0
TABLE143 index=1926 name=37:12 order=444 central_classes=1 central_squares=1 real_characters=5 surviving_elements=0
TABLE143 index=1927 name=3^2.3^(1+2):8.2 order=3888 central_classes=1 central_squares=1 real_characters=16 surviving_elements=0
TABLE143 index=1928 name=3x2^4:(3xA5) order=8640 central_classes=3 central_squares=3 real_characters=7 surviving_elements=0
TABLE143 index=1929 name=3xL2(16).2 order=24480 central_classes=3 central_squares=3 real_characters=16 surviving_elements=0
TABLE143 index=1930 name=3xL2(19) order=10260 central_classes=3 central_squares=3 real_characters=10 surviving_elements=0
TABLE143 index=1931 name=3xL2(17) order=7344 central_classes=3 central_squares=3 real_characters=11 surviving_elements=0
TABLE143 index=1932 name=43:14 order=602 central_classes=1 central_squares=1 real_characters=5 surviving_elements=0
TABLE143 index=1933 name=5^2:D12 order=300 central_classes=1 central_squares=1 real_characters=14 surviving_elements=0
TABLE143 index=1934 name=7:6 order=42 central_classes=1 central_squares=1 real_characters=3 surviving_elements=0
TABLE143 index=1935 name=D6xD10 order=60 central_classes=1 central_squares=1 real_characters=12 surviving_elements=0
TABLE143 index=1936 name=(2^2xA5):2 order=480 central_classes=2 central_squares=1 real_characters=19 surviving_elements=0
TABLE143 index=1937 name=2^3.(S4x2) order=384 central_classes=2 central_squares=1 real_characters=17 surviving_elements=0
TABLE143 index=1938 name=F3+M7 order=501397585920 central_classes=1 central_squares=1 real_characters=56 surviving_elements=0
TABLE143 index=1939 name=J4M4 order=660602880 central_classes=1 central_squares=1 real_characters=124 surviving_elements=0
TABLE143 index=1940 name=L2(17)x2 order=4896 central_classes=2 central_squares=1 real_characters=22 surviving_elements=0
TABLE143 index=1941 name=a4xa5 order=720 central_classes=1 central_squares=1 real_characters=10 surviving_elements=0
TABLE143 index=1942 name=a5xd10 order=600 central_classes=1 central_squares=1 real_characters=20 surviving_elements=0
TABLE143 index=1943 name=D10xA5 order=600 central_classes=1 central_squares=1 real_characters=20 surviving_elements=0
TABLE143 index=1944 name=c2aj4 order=21799895040 central_classes=2 central_squares=1 real_characters=101 surviving_elements=0
TABLE143 index=1945 name=frob order=812 central_classes=1 central_squares=1 real_characters=3 surviving_elements=0
TABLE143 index=1946 name=j3m4 order=2880 central_classes=1 central_squares=1 real_characters=7 surviving_elements=0
TABLE143 index=1947 name=j3m6 order=2160 central_classes=1 central_squares=1 real_characters=16 surviving_elements=0
TABLE143 index=1948 name=2^10:L5(2) order=10239344640 central_classes=1 central_squares=1 real_characters=61 surviving_elements=0
TABLE143 index=1949 name=O10+(2)M4 order=10239344640 central_classes=1 central_squares=1 real_characters=61 surviving_elements=0
TABLE143 index=1950 name=(3xO8-(2)):2 order=1184440320 central_classes=1 central_squares=1 real_characters=87 surviving_elements=0
TABLE143 index=1951 name=(A5xU4(2)):2 order=3110400 central_classes=1 central_squares=1 real_characters=85 surviving_elements=0
TABLE143 index=1952 name=mx1j4 order=501397585920 central_classes=1 central_squares=1 real_characters=56 surviving_elements=0
TABLE143 index=1953 name=(A4xA5):2 order=1440 central_classes=1 central_squares=1 real_characters=17 surviving_elements=0
TABLE143 index=1954 name=(A5xD10).2 order=1200 central_classes=1 central_squares=1 real_characters=13 surviving_elements=0
TABLE143 index=1955 name=(D10xA5).2 order=1200 central_classes=1 central_squares=1 real_characters=13 surviving_elements=0
TABLE143 index=1956 name=O8+(2)N5C order=1200 central_classes=1 central_squares=1 real_characters=13 surviving_elements=0
TABLE143 index=1957 name=(A5xA5):2 order=7200 central_classes=1 central_squares=1 real_characters=26 surviving_elements=0
TABLE143 index=1958 name=(2.A5xA5):2 order=14400 central_classes=2 central_squares=1 real_characters=45 surviving_elements=0
TABLE143 index=1959 name=L3(2).2x2 order=672 central_classes=2 central_squares=1 real_characters=18 surviving_elements=0
TABLE143 index=1960 name=3^5.U4(2) order=6298560 central_classes=1 central_squares=1 real_characters=23 surviving_elements=0
TABLE143 index=1961 name=3.3^5.U4(2) order=18895680 central_classes=3 central_squares=3 real_characters=23 surviving_elements=0
TABLE143 index=1962 name=C9Y3.3^5.U4(2) order=56687040 central_classes=9 central_squares=9 real_characters=23 surviving_elements=0
TABLE143 index=1963 name=2^24.Co1 order=69755919563168164085760000 central_classes=1 central_squares=1 real_characters=247 surviving_elements=0
TABLE143 index=1964 name=2^1+24.Co1 order=139511839126336328171520000 central_classes=2 central_squares=1 real_characters=303 surviving_elements=0
TABLE143 index=1965 name=2^1+24.2.Co1 order=279023678252672656343040000 central_classes=4 central_squares=1 real_characters=561 surviving_elements=0
TABLE143 index=1966 name=2xF4(2) order=6622253206732800 central_classes=2 central_squares=1 real_characters=182 surviving_elements=0
TABLE143 index=1967 name=2^2xF4(2) order=13244506413465600 central_classes=4 central_squares=1 real_characters=364 surviving_elements=0
TABLE143 index=1968 name=2xF4(2).2 order=13244506413465600 central_classes=2 central_squares=1 real_characters=162 surviving_elements=0
TABLE143 index=1969 name=(2^2xF4(2)):2 order=26489012826931200 central_classes=2 central_squares=1 real_characters=253 surviving_elements=0
TABLE143 index=1970 name=2x2.F4(2) order=13244506413465600 central_classes=4 central_squares=1 real_characters=332 surviving_elements=0
TABLE143 index=1971 name=2^2.2E6(2)M4 order=13244506413465600 central_classes=4 central_squares=1 real_characters=332 surviving_elements=0
TABLE143 index=1972 name=2^2.2E6(2)M5 order=13244506413465600 central_classes=4 central_squares=1 real_characters=332 surviving_elements=0
TABLE143 index=1973 name=2.2E6(2)M5 order=6622253206732800 central_classes=2 central_squares=1 real_characters=166 surviving_elements=0
TABLE143 index=1974 name=2E6(2)M4 order=3311126603366400 central_classes=1 central_squares=1 real_characters=91 surviving_elements=0
TABLE143 index=1975 name=2E6(2)M5 order=3311126603366400 central_classes=1 central_squares=1 real_characters=91 surviving_elements=0
TABLE143 index=1976 name=S3xFi22.2 order=774741019852800 central_classes=1 central_squares=1 real_characters=336 surviving_elements=0
TABLE143 index=1977 name=2xFi22 order=129123503308800 central_classes=2 central_squares=1 real_characters=114 surviving_elements=0
TABLE143 index=1978 name=2xFi22.2 order=258247006617600 central_classes=2 central_squares=1 real_characters=224 surviving_elements=0
TABLE143 index=1979 name=2x2.Fi22 order=258247006617600 central_classes=4 central_squares=1 real_characters=200 surviving_elements=0
TABLE143 index=1980 name=2^2.2E6(2)M8 order=258247006617600 central_classes=4 central_squares=1 real_characters=200 surviving_elements=0
TABLE143 index=1981 name=2^2.2E6(2)M9 order=258247006617600 central_classes=4 central_squares=1 real_characters=200 surviving_elements=0
TABLE143 index=1982 name=2.2E6(2)M9 order=129123503308800 central_classes=2 central_squares=1 real_characters=100 surviving_elements=0
TABLE143 index=1983 name=2E6(2)M8 order=64561751654400 central_classes=1 central_squares=1 real_characters=57 surviving_elements=0
TABLE143 index=1984 name=2E6(2)M9 order=64561751654400 central_classes=1 central_squares=1 real_characters=57 surviving_elements=0
TABLE143 index=1985 name=(L3(2)xL3(4)).2 order=6773760 central_classes=1 central_squares=1 real_characters=64 surviving_elements=0
TABLE143 index=1986 name=(L3(2)xL3(4).2_2).2 order=13547520 central_classes=1 central_squares=1 real_characters=102 surviving_elements=0
TABLE143 index=1987 name=2E6(2)N3C order=20155392 central_classes=1 central_squares=1 real_characters=103 surviving_elements=0
TABLE143 index=1988 name=2E6(2).2N3C order=40310784 central_classes=1 central_squares=1 real_characters=134 surviving_elements=0
TABLE143 index=1989 name=2^2.Fi22.2 order=516494013235200 central_classes=2 central_squares=1 real_characters=267 surviving_elements=0
TABLE143 index=1990 name=3x2.Fi22.2 order=774741019852800 central_classes=6 central_squares=3 real_characters=132 surviving_elements=0
TABLE143 index=1991 name=(S3x2.Fi22).2 order=1549482039705600 central_classes=2 central_squares=1 real_characters=409 surviving_elements=0
TABLE143 index=1992 name=2xFi23 order=8178940946586009600 central_classes=2 central_squares=1 real_characters=184 surviving_elements=0
TABLE143 index=1993 name=2xTh order=181491887775744000 central_classes=2 central_squares=1 real_characters=60 surviving_elements=0
TABLE143 index=1994 name=S3xTh order=544475663327232000 central_classes=1 central_squares=1 real_characters=90 surviving_elements=0
TABLE143 index=1995 name=(3^2:D8xU4(3).2^2).2 order=1881169920 central_classes=1 central_squares=1 real_characters=318 surviving_elements=0
TABLE143 index=1996 name=2x47:23 order=2162 central_classes=2 central_squares=1 real_characters=2 surviving_elements=0
TABLE143 index=1997 name=59:29 order=1711 central_classes=1 central_squares=1 real_characters=1 surviving_elements=0
TABLE143 index=1998 name=41:40 order=1640 central_classes=1 central_squares=1 real_characters=3 surviving_elements=0
TABLE143 index=1999 name=L3(3)xD8 order=44928 central_classes=2 central_squares=1 real_characters=30 surviving_elements=0
TABLE143 index=2000 name=5:4xHS.2 order=1774080000 central_classes=1 central_squares=1 real_characters=117 surviving_elements=0
TABLE143 index=2001 name=S4x2F4(2)'.2 order=862617600 central_classes=1 central_squares=1 real_characters=85 surviving_elements=0
TABLE143 index=2002 name=A5.2xM22.2 order=106444800 central_classes=1 central_squares=1 real_characters=119 surviving_elements=0
TABLE143 index=2003 name=5^2:4S4xS5 order=288000 central_classes=1 central_squares=1 real_characters=56 surviving_elements=0
TABLE143 index=2004 name=3^(3+6):(L3(3)xD8) order=884317824 central_classes=1 central_squares=1 real_characters=126 surviving_elements=0
TABLE143 index=2005 name=3^6.L4(3).D8 order=35372712960 central_classes=1 central_squares=1 real_characters=167 surviving_elements=0
TABLE143 index=2006 name=2^2.(U3(3).2xS4) order=1161216 central_classes=1 central_squares=1 real_characters=112 surviving_elements=0
TABLE143 index=2007 name=3^(1+8).2^(1+6).U4(2).2 order=130606940160 central_classes=1 central_squares=1 real_characters=187 surviving_elements=0
TABLE143 index=2008 name=3^2.3^3.3^6.(S4x2S4) order=204073344 central_classes=1 central_squares=1 real_characters=196 surviving_elements=0
TABLE143 index=2009 name=(S6xL3(4).2).2 order=58060800 central_classes=1 central_squares=1 real_characters=140 surviving_elements=0
TABLE143 index=2010 name=5^(1+4).2^(1+4).A5.4 order=24000000 central_classes=1 central_squares=1 real_characters=44 surviving_elements=0
TABLE143 index=2011 name=(S6xS6).4 order=2073600 central_classes=1 central_squares=1 real_characters=54 surviving_elements=0
TABLE143 index=2012 name=(D10xHN).2 order=5460618240000000 central_classes=1 central_squares=1 real_characters=136 surviving_elements=0
TABLE143 index=2013 name=7^(1+4):(3x2.S7) order=508243680 central_classes=1 central_squares=1 real_characters=37 surviving_elements=0
TABLE143 index=2014 name=2^(10+16).O10+(2) order=1577011055923770163200 central_classes=1 central_squares=1 real_characters=412 surviving_elements=0
TABLE143 index=2015 name=3^8.O8-(3).2_3 order=133214132225341440 central_classes=1 central_squares=1 real_characters=168 surviving_elements=0
TABLE143 index=2016 name=(3^2:2xO8+(3)).S4 order=2139341679820800 central_classes=1 central_squares=1 real_characters=336 surviving_elements=0
TABLE143 index=2017 name=(2xO8+(3)).S4 order=237704631091200 central_classes=2 central_squares=1 real_characters=211 surviving_elements=0
TABLE143 index=2018 name=3^(2+5+10).(M11x2S4) order=49093924366080 central_classes=1 central_squares=1 real_characters=260 surviving_elements=0
TABLE143 index=2019 name=3^(3+2+6+6):(L3(3)xSD16) order=11604018486528 central_classes=1 central_squares=1 real_characters=254 surviving_elements=0
TABLE143 index=2020 name=(3^(1+2)+x3^2):2S4 order=11664 central_classes=1 central_squares=1 real_characters=27 surviving_elements=0
TABLE143 index=2021 name=G2(3)M4 order=11664 central_classes=1 central_squares=1 real_characters=27 surviving_elements=0
TABLE143 index=2022 name=2^(1+4)+:3^2.2 order=576 central_classes=2 central_squares=1 real_characters=20 surviving_elements=0
TABLE143 index=2023 name=A5xA5 order=3600 central_classes=1 central_squares=1 real_characters=25 surviving_elements=0
TABLE143 index=2024 name=2.(A5xA5).2 order=14400 central_classes=2 central_squares=1 real_characters=40 surviving_elements=0
TABLE143 index=2025 name=2^(5+5):31 order=31744 central_classes=1 central_squares=1 real_characters=2 surviving_elements=0
TABLE143 index=2026 name=41:4 order=164 central_classes=1 central_squares=1 real_characters=12 surviving_elements=0
TABLE143 index=2027 name=25:4 order=100 central_classes=1 central_squares=1 real_characters=8 surviving_elements=0
TABLE143 index=2028 name=D62 order=62 central_classes=1 central_squares=1 real_characters=17 surviving_elements=0
TABLE143 index=2029 name=D24 order=24 central_classes=2 central_squares=1 real_characters=9 surviving_elements=0
TABLE143 index=2030 name=D20 order=20 central_classes=2 central_squares=1 real_characters=8 surviving_elements=0
TABLE143 index=2031 name=S3xU4(2) order=155520 central_classes=1 central_squares=1 real_characters=30 surviving_elements=0
TABLE143 index=2032 name=2xU4(3).2_2 order=13063680 central_classes=2 central_squares=1 real_characters=56 surviving_elements=0
TABLE143 index=2033 name=2x3_1.U4(3).2_2 order=39191040 central_classes=6 central_squares=3 real_characters=56 surviving_elements=0
TABLE143 index=2034 name=O8+(3)M14 order=136048896 central_classes=1 central_squares=1 real_characters=251 surviving_elements=0
TABLE143 index=2035 name=(A4xU4(2)):2 order=622080 central_classes=1 central_squares=1 real_characters=70 surviving_elements=0
TABLE143 index=2036 name=O8+(3)M19 order=622080 central_classes=1 central_squares=1 real_characters=70 surviving_elements=0
TABLE143 index=2037 name=O8+(3)M20 order=622080 central_classes=1 central_squares=1 real_characters=70 surviving_elements=0
TABLE143 index=2038 name=O8+(3)M21 order=622080 central_classes=1 central_squares=1 real_characters=70 surviving_elements=0
TABLE143 index=2039 name=O8+(3)M22 order=622080 central_classes=1 central_squares=1 real_characters=70 surviving_elements=0
TABLE143 index=2040 name=O8+(3)M23 order=622080 central_classes=1 central_squares=1 real_characters=70 surviving_elements=0
TABLE143 index=2041 name=(A6xA6):2^2 order=518400 central_classes=1 central_squares=1 real_characters=49 surviving_elements=0
TABLE143 index=2042 name=O8+(3)M25 order=518400 central_classes=1 central_squares=1 real_characters=49 surviving_elements=0
TABLE143 index=2043 name=O8+(3)M26 order=518400 central_classes=1 central_squares=1 real_characters=49 surviving_elements=0
TABLE143 index=2044 name=(A4wr2^2):2 order=165888 central_classes=1 central_squares=1 real_characters=95 surviving_elements=0
TABLE143 index=2045 name=O8+(3)M27 order=331776 central_classes=2 central_squares=1 real_characters=137 surviving_elements=0
TABLE143 index=2046 name=2^8.A9 order=46448640 central_classes=1 central_squares=1 real_characters=74 surviving_elements=0
TABLE143 index=2047 name=2..11.m23 order=20891566080 central_classes=1 central_squares=1 real_characters=34 surviving_elements=0
TABLE143 index=2048 name=2.2^8.f20 order=10240 central_classes=2 central_squares=1 real_characters=16 surviving_elements=0
TABLE143 index=2049 name=2^10:(2^5:s5) order=3932160 central_classes=1 central_squares=1 real_characters=187 surviving_elements=0
TABLE143 index=2050 name=2^2.2^8:s3 order=6144 central_classes=1 central_squares=1 real_characters=21 surviving_elements=0
FLAG143 name=2.[2^9]:5:4 central_indices=[ 2 ] orders=[ 2 ]
TABLE143 index=2051 name=2.[2^9]:5:4 order=20480 central_classes=2 central_squares=1 real_characters=21 surviving_elements=1
TABLE143 index=2052 name=2^2.[2^9]:S3 order=12288 central_classes=1 central_squares=1 real_characters=24 surviving_elements=0
TABLE143 index=2053 name=2^6:u3(3) order=387072 central_classes=1 central_squares=1 real_characters=12 surviving_elements=0
TABLE143 index=2054 name=2^{1+6}:3^{1+2}:2A4 order=82944 central_classes=2 central_squares=1 real_characters=14 surviving_elements=0
TABLE143 index=2055 name=2^(4+4):(3xA5) order=46080 central_classes=1 central_squares=1 real_characters=13 surviving_elements=0
TABLE143 index=2056 name=3^4:S5 order=9720 central_classes=1 central_squares=1 real_characters=12 surviving_elements=0
TABLE143 index=2057 name=3.s7x2 order=30240 central_classes=2 central_squares=1 real_characters=44 surviving_elements=0
TABLE143 index=2058 name=4.s4 order=96 central_classes=4 central_squares=2 real_characters=6 surviving_elements=0
TABLE143 index=2059 name=4^2:s3 order=96 central_classes=1 central_squares=1 real_characters=6 surviving_elements=0
TABLE143 index=2060 name=A11Syl2 order=128 central_classes=2 central_squares=1 real_characters=20 surviving_elements=0
TABLE143 index=2061 name=a4 order=12 central_classes=1 central_squares=1 real_characters=2 surviving_elements=0
TABLE143 index=2062 name=2.L2(3) order=24 central_classes=2 central_squares=1 real_characters=3 surviving_elements=0
TABLE143 index=2063 name=a5wc2 order=7200 central_classes=1 central_squares=1 real_characters=20 surviving_elements=0
TABLE143 index=2064 name=S4(4)M6 order=7200 central_classes=1 central_squares=1 real_characters=20 surviving_elements=0
TABLE143 index=2065 name=affine order=311040 central_classes=1 central_squares=1 real_characters=25 surviving_elements=0
TABLE143 index=2066 name=b33141 order=576 central_classes=2 central_squares=1 real_characters=9 surviving_elements=0
TABLE143 index=2067 name=bd10 order=20 central_classes=2 central_squares=1 real_characters=6 surviving_elements=0
TABLE143 index=2068 name=bd6 order=12 central_classes=2 central_squares=1 real_characters=4 surviving_elements=0
TABLE143 index=2069 name=bd8 order=16 central_classes=2 central_squares=1 real_characters=7 surviving_elements=0
TABLE143 index=2070 name=M22C2A order=384 central_classes=2 central_squares=1 real_characters=15 surviving_elements=0
TABLE143 index=2071 name=M24C2B order=7680 central_classes=2 central_squares=1 real_characters=28 surviving_elements=0
TABLE143 index=2072 name=c3d2 order=1008 central_classes=1 central_squares=1 real_characters=6 surviving_elements=0
TABLE143 index=2073 name=D120 order=120 central_classes=2 central_squares=1 real_characters=33 surviving_elements=0
TABLE143 index=2074 name=esp43t order=25194240 central_classes=1 central_squares=1 real_characters=80 surviving_elements=0
TABLE143 index=2075 name=j2nd2 order=720 central_classes=1 central_squares=1 real_characters=10 surviving_elements=0
TABLE143 index=2076 name=2^10:m22 order=454164480 central_classes=1 central_squares=1 real_characters=35 surviving_elements=0
TABLE143 index=2077 name=2.Fi22M5 order=908328960 central_classes=2 central_squares=1 real_characters=55 surviving_elements=0
TABLE143 index=2078 name=3.Fi22M5 order=1362493440 central_classes=3 central_squares=3 real_characters=35 surviving_elements=0
TABLE143 index=2079 name=6.Fi22M5 order=2724986880 central_classes=6 central_squares=3 real_characters=55 surviving_elements=0
TABLE143 index=2080 name=2^6:s6f2 order=92897280 central_classes=1 central_squares=1 real_characters=67 surviving_elements=0
TABLE143 index=2081 name=f22s2 order=131072 central_classes=2 central_squares=1 real_characters=211 surviving_elements=0
TABLE143 index=2082 name=g61 order=390000 central_classes=1 central_squares=1 real_characters=11 surviving_elements=0
TABLE143 index=2083 name=g61s1 order=624 central_classes=4 central_squares=2 real_characters=14 surviving_elements=0
TABLE143 index=2084 name=g72x16 order=1152 central_classes=4 central_squares=1 real_characters=40 surviving_elements=0
TABLE143 index=2085 name=ghh order=12000 central_classes=1 central_squares=1 real_characters=11 surviving_elements=0
TABLE143 index=2086 name=gl25 order=480 central_classes=4 central_squares=2 real_characters=8 surviving_elements=0
TABLE143 index=2087 name=group2 order=512 central_classes=4 central_squares=2 real_characters=29 surviving_elements=0
TABLE143 index=2088 name=group3 order=63 central_classes=3 central_squares=3 real_characters=1 surviving_elements=0
TABLE143 index=2089 name=group5 order=1176 central_classes=1 central_squares=1 real_characters=2 surviving_elements=0
TABLE143 index=2090 name=group6 order=96 central_classes=2 central_squares=1 real_characters=13 surviving_elements=0
TABLE143 index=2091 name=gs4 order=96 central_classes=4 central_squares=2 real_characters=6 surviving_elements=0
TABLE143 index=2092 name=h4 order=14400 central_classes=2 central_squares=1 real_characters=34 surviving_elements=0
TABLE143 index=2093 name=hed3 order=1728 central_classes=1 central_squares=1 real_characters=14 surviving_elements=0
TABLE143 index=2094 name=hess order=648 central_classes=3 central_squares=3 real_characters=4 surviving_elements=0
TABLE143 index=2095 name=hsd2 order=240 central_classes=1 central_squares=1 real_characters=6 surviving_elements=0
TABLE143 index=2096 name=m12d2 order=72 central_classes=1 central_squares=1 real_characters=6 surviving_elements=0
TABLE143 index=2097 name=mo61 order=1152 central_classes=1 central_squares=1 real_characters=20 surviving_elements=0
TABLE143 index=2098 name=2^4:(S3xS3) order=576 central_classes=1 central_squares=1 real_characters=16 surviving_elements=0
TABLE143 index=2099 name=mo62 order=1920 central_classes=1 central_squares=1 real_characters=18 surviving_elements=0
TABLE143 index=2100 name=mo62p order=960 central_classes=1 central_squares=1 real_characters=10 surviving_elements=0
TABLE143 index=2101 name=mo81 order=2580480 central_classes=1 central_squares=1 real_characters=64 surviving_elements=0
TABLE143 index=2102 name=2^6:A8 order=1290240 central_classes=1 central_squares=1 real_characters=37 surviving_elements=0
TABLE143 index=2103 name=2^(1+6)_+.A8 order=2580480 central_classes=2 central_squares=1 real_characters=47 surviving_elements=0
TABLE143 index=2104 name=ons1 order=10752 central_classes=1 central_squares=1 real_characters=16 surviving_elements=0
TABLE143 index=2105 name=S3xU4(3) order=19595520 central_classes=1 central_squares=1 real_characters=42 surviving_elements=0
TABLE143 index=2106 name=P1L62 order=319979520 central_classes=1 central_squares=1 real_characters=32 surviving_elements=0
TABLE143 index=2107 name=2^6:L6(2) order=1290157424640 central_classes=1 central_squares=1 real_characters=60 surviving_elements=0
TABLE143 index=2108 name=P1L82 order=20972799094947840 central_classes=1 central_squares=1 real_characters=97 surviving_elements=0
TABLE143 index=2109 name=P2L62 order=30965760 central_classes=1 central_squares=1 real_characters=64 surviving_elements=0
TABLE143 index=2110 name=2^10:(L5(2)xS3) order=61436067840 central_classes=1 central_squares=1 real_characters=104 surviving_elements=0
TABLE143 index=2111 name=P3L62 order=14450688 central_classes=1 central_squares=1 real_characters=55 surviving_elements=0
TABLE143 index=2112 name=2^12:(L4(2)xL3(2)) order=13872660480 central_classes=1 central_squares=1 real_characters=124 surviving_elements=0
TABLE143 index=2113 name=P2L82 order=495420451061760 central_classes=1 central_squares=1 real_characters=212 surviving_elements=0
TABLE143 index=2114 name=L3(4)Syl2 order=64 central_classes=4 central_squares=1 real_characters=19 surviving_elements=0
TABLE143 index=2115 name=M23C2A order=2688 central_classes=2 central_squares=1 real_characters=10 surviving_elements=0
TABLE143 index=2116 name=U72CT order=168170618880 central_classes=2 central_squares=1 real_characters=242 surviving_elements=0
TABLE143 index=2117 name=pap order=108 central_classes=1 central_squares=1 real_characters=11 surviving_elements=0
TABLE143 index=2118 name=V4 order=4 central_classes=4 central_squares=1 real_characters=4 surviving_elements=0
TABLE143 index=2119 name=Q8 order=8 central_classes=2 central_squares=1 real_characters=5 surviving_elements=0
TABLE143 index=2120 name=M24C2A order=21504 central_classes=2 central_squares=1 real_characters=26 surviving_elements=0
TABLE143 index=2121 name=s2wrs2 order=8 central_classes=2 central_squares=1 real_characters=5 surviving_elements=0
TABLE143 index=2122 name=s2wrs3 order=48 central_classes=2 central_squares=1 real_characters=10 surviving_elements=0
TABLE143 index=2123 name=s2wrs4 order=384 central_classes=2 central_squares=1 real_characters=20 surviving_elements=0
TABLE143 index=2124 name=s2wrs5 order=3840 central_classes=2 central_squares=1 real_characters=36 surviving_elements=0
TABLE143 index=2125 name=s3wrs2 order=72 central_classes=1 central_squares=1 real_characters=9 surviving_elements=0
TABLE143 index=2126 name=s3wrs3 order=1296 central_classes=1 central_squares=1 real_characters=22 surviving_elements=0
TABLE143 index=2127 name=s4 order=24 central_classes=1 central_squares=1 real_characters=5 surviving_elements=0
TABLE143 index=2128 name=A6M5 order=24 central_classes=1 central_squares=1 real_characters=5 surviving_elements=0
TABLE143 index=2129 name=s4wrs2 order=1152 central_classes=1 central_squares=1 real_characters=20 surviving_elements=0
TABLE143 index=2130 name=s5wrs2 order=28800 central_classes=1 central_squares=1 real_characters=35 surviving_elements=0
TABLE143 index=2131 name=S4wrS3 order=82944 central_classes=1 central_squares=1 real_characters=65 surviving_elements=0
TABLE143 index=2132 name=S3wrS4 order=31104 central_classes=1 central_squares=1 real_characters=51 surviving_elements=0
TABLE143 index=2133 name=2^6:S6 order=46080 central_classes=2 central_squares=1 real_characters=65 surviving_elements=0
TABLE143 index=2134 name=A8.2N2 order=128 central_classes=2 central_squares=1 real_characters=20 surviving_elements=0
TABLE143 index=2135 name=s61p order=64 central_classes=2 central_squares=1 real_characters=16 surviving_elements=0
TABLE143 index=2136 name=sl25ex order=29160 central_classes=3 central_squares=3 real_characters=11 surviving_elements=0
TABLE143 index=2137 name=D8x3^2:Q8 order=576 central_classes=2 central_squares=1 real_characters=30 surviving_elements=0
TABLE143 index=2138 name=suzd2 order=576 central_classes=2 central_squares=1 real_characters=30 surviving_elements=0
TABLE143 index=2139 name=suzdx order=25920 central_classes=1 central_squares=1 real_characters=34 surviving_elements=0
TABLE143 index=2140 name=suzs2 order=8192 central_classes=2 central_squares=1 real_characters=107 surviving_elements=0
TABLE143 index=2141 name=twd5a order=3840 central_classes=2 central_squares=1 real_characters=19 surviving_elements=0
TABLE143 index=2142 name=w(d4) order=192 central_classes=2 central_squares=1 real_characters=13 surviving_elements=0
TABLE143 index=2143 name=w(d5) order=1920 central_classes=1 central_squares=1 real_characters=18 surviving_elements=0
TABLE143 index=2144 name=w(f4) order=1152 central_classes=2 central_squares=1 real_characters=25 surviving_elements=0
TABLE143 index=2145 name=2^4:3^2:4 order=576 central_classes=1 central_squares=1 real_characters=9 surviving_elements=0
TABLE143 index=2146 name=2^6:3^(1+2).D8 order=13824 central_classes=1 central_squares=1 real_characters=30 surviving_elements=0
TABLE143 index=2147 name=3^(1+4):4S4 order=23328 central_classes=1 central_squares=1 real_characters=22 surviving_elements=0
TABLE143 index=2148 name=2^(4+4).(S3xS3).2 order=18432 central_classes=1 central_squares=1 real_characters=37 surviving_elements=0
TABLE143 index=2149 name=2.2^(2+2).2^(1+1+2+2):S4 order=49152 central_classes=2 central_squares=1 real_characters=48 surviving_elements=0
TABLE143 index=2150 name=2^(2+1+2).2^(1+1+2).2^2.S4 order=49152 central_classes=1 central_squares=1 real_characters=49 surviving_elements=0
TABLE143 index=2151 name=2^(4+10).(S4xS3) order=2359296 central_classes=2 central_squares=1 real_characters=203 surviving_elements=0
TABLE143 index=2152 name=5^(1+4):4.3^2:D8 order=900000 central_classes=1 central_squares=1 real_characters=24 surviving_elements=0
TABLE143 index=2153 name=2^11.2^6.3^(1+2).D8 order=28311552 central_classes=2 central_squares=1 real_characters=195 surviving_elements=0
TABLE143 index=2154 name=2^(4+12).(S3x3^(1+2)_+:D8) order=84934656 central_classes=1 central_squares=1 real_characters=238 surviving_elements=0
TABLE143 index=2155 name=3^(1+10)_+:2^(1+6)_-:3^(1+2)_+:2S4 order=29386561536 central_classes=1 central_squares=1 real_characters=257 surviving_elements=0
TABLE143 index=2156 name=3^(1+10)_+:(2x2^(1+6)_-:3^(1+2)_+:2S4) order=58773123072 central_classes=1 central_squares=1 real_characters=467 surviving_elements=0
TABLE143 index=2157 name=2^12:Sz(8) order=119275520 central_classes=1 central_squares=1 real_characters=25 surviving_elements=0
TABLE143 index=2158 name=2^10:M22' order=454164480 central_classes=1 central_squares=1 real_characters=37 surviving_elements=0
TABLE143 index=2159 name=2^12:J2 order=2477260800 central_classes=1 central_squares=1 real_characters=53 surviving_elements=0
TABLE143 index=2160 name=2.B order=8309562962452852382355161088000000 central_classes=2 central_squares=1 real_characters=211 surviving_elements=0
TABLE143 index=2161 name=B order=4154781481226426191177580544000000 central_classes=1 central_squares=1 real_characters=172 surviving_elements=0
TABLE143 index=2162 name=M order=808017424794512875886459904961710757005754368000000000 central_classes=1 central_squares=1 real_characters=150 surviving_elements=0
TABLE143 index=2163 name=(3^2:2xG2(3)).2 order=152845056 central_classes=1 central_squares=1 real_characters=72 surviving_elements=0
TABLE143 index=2164 name=(3xA6).2_1 order=2160 central_classes=1 central_squares=1 real_characters=16 surviving_elements=0
TABLE143 index=2165 name=(A6xA6).D8 order=1036800 central_classes=1 central_squares=1 real_characters=36 surviving_elements=0
TABLE143 index=2166 name=2.(A4xA4) order=288 central_classes=2 central_squares=1 real_characters=5 surviving_elements=0
TABLE143 index=2167 name=2.2^(2+8).(3xA5) order=368640 central_classes=2 central_squares=1 real_characters=33 surviving_elements=0
TABLE143 index=2168 name=2F4(8) order=264905352699586176614400 central_classes=1 central_squares=1 real_characters=89 surviving_elements=0
TABLE143 index=2169 name=2^(1+6)_-3.3.3^2:2 order=20736 central_classes=2 central_squares=1 real_characters=25 surviving_elements=0
TABLE143 index=2170 name=2^(2+8):(3xA5) order=184320 central_classes=1 central_squares=1 real_characters=19 surviving_elements=0
TABLE143 index=2171 name=2^(4+6):(A5x3) order=184320 central_classes=1 central_squares=1 real_characters=22 surviving_elements=0
TABLE143 index=2172 name=2^(4+8):(S3xA5) order=1474560 central_classes=1 central_squares=1 real_characters=58 surviving_elements=0
TABLE143 index=2173 name=2^5:L5(2) order=319979520 central_classes=1 central_squares=1 real_characters=32 surviving_elements=0
TABLE143 index=2174 name=2^6:U4(2) order=1658880 central_classes=1 central_squares=1 real_characters=31 surviving_elements=0
TABLE143 index=2175 name=2^8:O8-(2) order=50536120320 central_classes=1 central_squares=1 real_characters=100 surviving_elements=0
TABLE143 index=2176 name=2^9.L3(4) order=10321920 central_classes=1 central_squares=1 real_characters=33 surviving_elements=0
TABLE143 index=2177 name=2.U6(2)M3 order=20643840 central_classes=2 central_squares=1 real_characters=49 surviving_elements=0
TABLE143 index=2178 name=3.U6(2)M3 order=30965760 central_classes=3 central_squares=3 real_characters=33 surviving_elements=0
TABLE143 index=2179 name=6.U6(2)M3 order=61931520 central_classes=6 central_squares=3 real_characters=49 surviving_elements=0
TABLE143 index=2180 name=2^2.U6(2)M3 order=41287680 central_classes=4 central_squares=1 real_characters=81 surviving_elements=0
TABLE143 index=2181 name=(2^2x3).U6(2)M3 order=123863040 central_classes=12 central_squares=3 real_characters=81 surviving_elements=0
TABLE143 index=2182 name=2xS6(2) order=2903040 central_classes=2 central_squares=1 real_characters=60 surviving_elements=0
TABLE143 index=2183 name=3.ONM6 order=77760 central_classes=3 central_squares=3 real_characters=16 surviving_elements=0
TABLE143 index=2184 name=3^(1+4).2U4(2) order=12597120 central_classes=3 central_squares=3 real_characters=18 surviving_elements=0
TABLE143 index=2185 name=3^(1+4).2U4(2).2 order=25194240 central_classes=1 central_squares=1 real_characters=80 surviving_elements=0
TABLE143 index=2186 name=3^3.S4 order=648 central_classes=1 central_squares=1 real_characters=14 surviving_elements=0
TABLE143 index=2187 name=3^3:A4 order=324 central_classes=1 central_squares=1 real_characters=5 surviving_elements=0
TABLE143 index=2188 name=3^4.2U4(2) order=4199040 central_classes=1 central_squares=1 real_characters=18 surviving_elements=0
TABLE143 index=2189 name=3^4.2U4(2).2 order=8398080 central_classes=1 central_squares=1 real_characters=46 surviving_elements=0
TABLE143 index=2190 name=3^4:(2xA5) order=9720 central_classes=1 central_squares=1 real_characters=22 surviving_elements=0
TABLE143 index=2191 name=3^4:A6 order=29160 central_classes=1 central_squares=1 real_characters=17 surviving_elements=0
TABLE143 index=2192 name=2x3^4:A6 order=58320 central_classes=2 central_squares=1 real_characters=34 surviving_elements=0
TABLE143 index=2193 name=3^4:2.A6 order=58320 central_classes=2 central_squares=1 real_characters=29 surviving_elements=0
TABLE143 index=2194 name=2.(2x3^4:A6) order=116640 central_classes=4 central_squares=2 real_characters=34 surviving_elements=0
TABLE143 index=2195 name=4.3^(1+4)_+.2S4 order=46656 central_classes=4 central_squares=2 real_characters=30 surviving_elements=0
TABLE143 index=2196 name=3^2.(3^4:A6) order=262440 central_classes=9 central_squares=9 real_characters=17 surviving_elements=0
TABLE143 index=2197 name=3^2.(3^(1+4)_+.2S4) order=104976 central_classes=9 central_squares=9 real_characters=18 surviving_elements=0
TABLE143 index=2198 name=3^6:L4(3) order=4421589120 central_classes=1 central_squares=1 real_characters=105 surviving_elements=0
TABLE143 index=2199 name=O8+(3)M8 order=4421589120 central_classes=1 central_squares=1 real_characters=105 surviving_elements=0
TABLE143 index=2200 name=O8+(3)M9 order=4421589120 central_classes=1 central_squares=1 real_characters=105 surviving_elements=0
TABLE143 index=2201 name=3^7.O7(3) order=10028164124160 central_classes=1 central_squares=1 real_characters=181 surviving_elements=0
TABLE143 index=2202 name=5^(1+4):GL(2,5) order=1500000 central_classes=1 central_squares=1 real_characters=28 surviving_elements=0
TABLE143 index=2203 name=6xU5(2) order=82114560 central_classes=6 central_squares=3 real_characters=26 surviving_elements=0
TABLE143 index=2204 name=7^2:2.L2(7).2 order=32928 central_classes=1 central_squares=1 real_characters=15 surviving_elements=0
TABLE143 index=2205 name=(7^2)b:2.L2(7).2 order=32928 central_classes=1 central_squares=1 real_characters=15 surviving_elements=0
TABLE143 index=2206 name=A6.D8 order=2880 central_classes=2 central_squares=1 real_characters=17 surviving_elements=0
TABLE143 index=2207 name=D8xL4(3).2_2 order=97044480 central_classes=2 central_squares=1 real_characters=245 surviving_elements=0
TABLE143 index=2208 name=M22.2M3 order=11520 central_classes=1 central_squares=1 real_characters=21 surviving_elements=0
TABLE143 index=2209 name=O7(3).2x2 order=18341406720 central_classes=2 central_squares=1 real_characters=196 surviving_elements=0
TABLE143 index=2210 name=O8-(3).2_1M4 order=18341406720 central_classes=2 central_squares=1 real_characters=196 surviving_elements=0
TABLE143 index=2211 name=S4xU4(2).2 order=1244160 central_classes=1 central_squares=1 real_characters=125 surviving_elements=0
TABLE143 index=2212 name=O8-(3)M8 order=1244160 central_classes=1 central_squares=1 real_characters=125 surviving_elements=0
TABLE143 index=2213 name=2^6:U4(2).2 order=3317760 central_classes=1 central_squares=1 real_characters=65 surviving_elements=0
TABLE143 index=2214 name=(S3xS3):2xS5 order=8640 central_classes=1 central_squares=1 real_characters=63 surviving_elements=0
TABLE143 index=2215 name=2^3.L3(2) order=1344 central_classes=1 central_squares=1 real_characters=9 surviving_elements=0
TABLE143 index=2216 name=S8(2)M3 order=185794560 central_classes=2 central_squares=1 real_characters=114 surviving_elements=0
TABLE143 index=2217 name=2^10.A8 order=20643840 central_classes=1 central_squares=1 real_characters=75 surviving_elements=0
TABLE143 index=2218 name=(S6xS6):2 order=1036800 central_classes=1 central_squares=1 real_characters=77 surviving_elements=0
TABLE143 index=2219 name=2^(3+8):(S3xS6) order=8847360 central_classes=2 central_squares=1 real_characters=185 surviving_elements=0
TABLE143 index=2220 name=S3xS6(2) order=8709120 central_classes=1 central_squares=1 real_characters=90 surviving_elements=0
TABLE143 index=2221 name=2xS3xS6(2) order=17418240 central_classes=2 central_squares=1 real_characters=180 surviving_elements=0
TABLE143 index=2222 name=2^(6+6):(S3xL3(2)) order=4128768 central_classes=1 central_squares=1 real_characters=133 surviving_elements=0
TABLE143 index=2223 name=2^8:S6(2) order=371589120 central_classes=1 central_squares=1 real_characters=66 surviving_elements=0
TABLE143 index=2224 name=2^6:S8 order=2580480 central_classes=1 central_squares=1 real_characters=64 surviving_elements=0
TABLE143 index=2225 name=2^(1+4).S3 order=192 central_classes=2 central_squares=1 real_characters=15 surviving_elements=0
TABLE143 index=2226 name=2x3.A6 order=2160 central_classes=6 central_squares=3 real_characters=14 surviving_elements=0
TABLE143 index=2227 name=7^1+2.6 order=2058 central_classes=7 central_squares=7 real_characters=10 surviving_elements=0
TABLE143 index=2228 name=M12C4 order=32 central_classes=4 central_squares=2 real_characters=6 surviving_elements=0
TABLE143 index=2229 name=1/2(8xS3) order=24 central_classes=4 central_squares=2 real_characters=4 surviving_elements=0
TABLE143 index=2230 name=(2^2x3).2 order=24 central_classes=2 central_squares=1 real_characters=7 surviving_elements=0
TABLE143 index=2231 name=4.2^2 order=16 central_classes=4 central_squares=2 real_characters=8 surviving_elements=0
TABLE143 index=2232 name=(4xA6).2^2 order=5760 central_classes=4 central_squares=2 real_characters=16 surviving_elements=0
TABLE143 index=2233 name=5^1+2.2A4 order=3000 central_classes=5 central_squares=5 real_characters=4 surviving_elements=0
TABLE143 index=2234 name=13^1+2.2A4 order=52728 central_classes=13 central_squares=13 real_characters=10 surviving_elements=0
TABLE143 index=2235 name=7^1+4.2A7 order=84707280 central_classes=7 central_squares=7 real_characters=16 surviving_elements=0
TABLE143 index=2236 name=7xL2(8) order=3528 central_classes=7 central_squares=7 real_characters=9 surviving_elements=0
TABLE143 index=2237 name=(7xL2(8)).3 order=10584 central_classes=1 central_squares=1 real_characters=5 surviving_elements=0
TABLE143 index=2238 name=O7(3)N3A order=1259712 central_classes=1 central_squares=1 real_characters=78 surviving_elements=0
TABLE143 index=2239 name=2^6:A7 order=161280 central_classes=1 central_squares=1 real_characters=30 surviving_elements=0
TABLE143 index=2240 name=2^8:S8 order=10321920 central_classes=1 central_squares=1 real_characters=60 surviving_elements=0
TABLE143 index=2241 name=2^(1+8):S8 order=20643840 central_classes=2 central_squares=1 real_characters=82 surviving_elements=0
TABLE143 index=2242 name=2^6:S5 order=7680 central_classes=2 central_squares=1 real_characters=40 surviving_elements=0
TABLE143 index=2243 name=L3(2)wr2 order=56448 central_classes=1 central_squares=1 real_characters=15 surviving_elements=0
TABLE143 index=2244 name=O10+(3) order=1289512799941305139200 central_classes=1 central_squares=1 real_characters=319 surviving_elements=0
TABLE143 index=2245 name=2.O7(3) order=9170703360 central_classes=2 central_squares=1 real_characters=86 surviving_elements=0
TABLE143 index=2246 name=2.O7(3).2 order=18341406720 central_classes=2 central_squares=1 real_characters=140 surviving_elements=0
TABLE143 index=2247 name=Isoclinic(2.O7(3).2) order=18341406720 central_classes=2 central_squares=1 real_characters=104 surviving_elements=0
TABLE143 index=2248 name=3.O7(3) order=13756055040 central_classes=3 central_squares=3 real_characters=56 surviving_elements=0
TABLE143 index=2249 name=3.Fi22M3 order=13756055040 central_classes=3 central_squares=3 real_characters=56 surviving_elements=0
TABLE143 index=2250 name=3.O7(3).2 order=27512110080 central_classes=1 central_squares=1 real_characters=132 surviving_elements=0
TABLE143 index=2251 name=6.O7(3) order=27512110080 central_classes=6 central_squares=3 real_characters=86 surviving_elements=0
TABLE143 index=2252 name=6.O7(3).2 order=55024220160 central_classes=2 central_squares=1 real_characters=186 surviving_elements=0
TABLE143 index=2253 name=Isoclinic(6.O7(3).2) order=55024220160 central_classes=2 central_squares=1 real_characters=150 surviving_elements=0
TABLE143 index=2254 name=Fi22M3 order=4585351680 central_classes=1 central_squares=1 real_characters=56 surviving_elements=0
TABLE143 index=2255 name=O7(3) order=4585351680 central_classes=1 central_squares=1 real_characters=56 surviving_elements=0
TABLE143 index=2256 name=O8+(3)M2 order=4585351680 central_classes=1 central_squares=1 real_characters=56 surviving_elements=0
TABLE143 index=2257 name=O8+(3)M3 order=4585351680 central_classes=1 central_squares=1 real_characters=56 surviving_elements=0
TABLE143 index=2258 name=O8+(3)M4 order=4585351680 central_classes=1 central_squares=1 real_characters=56 surviving_elements=0
TABLE143 index=2259 name=O8+(3)M5 order=4585351680 central_classes=1 central_squares=1 real_characters=56 surviving_elements=0
TABLE143 index=2260 name=O8+(3)M6 order=4585351680 central_classes=1 central_squares=1 real_characters=56 surviving_elements=0
TABLE143 index=2261 name=O7(3).2 order=9170703360 central_classes=1 central_squares=1 real_characters=98 surviving_elements=0
TABLE143 index=2262 name=O8-(3)M3 order=9170703360 central_classes=1 central_squares=1 real_characters=98 surviving_elements=0
TABLE143 index=2263 name=2.O8+(2) order=348364800 central_classes=2 central_squares=1 real_characters=83 surviving_elements=0
TABLE143 index=2264 name=2.O8+(2).2 order=696729600 central_classes=2 central_squares=1 real_characters=112 surviving_elements=0
TABLE143 index=2265 name=Isoclinic(2.O8+(2).2) order=696729600 central_classes=2 central_squares=1 real_characters=72 surviving_elements=0
TABLE143 index=2266 name=2^2.O8+(2) order=696729600 central_classes=4 central_squares=1 real_characters=143 surviving_elements=0
TABLE143 index=2267 name=2^2.O8+(2).2 order=1393459200 central_classes=2 central_squares=1 real_characters=142 surviving_elements=0
TABLE143 index=2268 name=2^2.O8+(2).3 order=2090188800 central_classes=1 central_squares=1 real_characters=57 surviving_elements=0
TABLE143 index=2269 name=2^2.O8+(2).3.2 order=4180377600 central_classes=1 central_squares=1 real_characters=113 surviving_elements=0
TABLE143 index=2270 name=O8+(2) order=174182400 central_classes=1 central_squares=1 real_characters=53 surviving_elements=0
TABLE143 index=2271 name=O8+(3)M11 order=174182400 central_classes=1 central_squares=1 real_characters=53 surviving_elements=0
TABLE143 index=2272 name=O8+(3)M12 order=174182400 central_classes=1 central_squares=1 real_characters=53 surviving_elements=0
TABLE143 index=2273 name=O8+(3)M13 order=174182400 central_classes=1 central_squares=1 real_characters=53 surviving_elements=0
TABLE143 index=2274 name=O8+(2).2 order=348364800 central_classes=1 central_squares=1 real_characters=67 surviving_elements=0
TABLE143 index=2275 name=O8+(2).3 order=522547200 central_classes=1 central_squares=1 real_characters=27 surviving_elements=0
TABLE143 index=2276 name=O8+(2).3.2 order=1045094400 central_classes=1 central_squares=1 real_characters=68 surviving_elements=0
TABLE143 index=2277 name=F4(2)M8 order=1045094400 central_classes=1 central_squares=1 real_characters=68 surviving_elements=0
TABLE143 index=2278 name=O8+(3) order=4952179814400 central_classes=1 central_squares=1 real_characters=114 surviving_elements=0
TABLE143 index=2279 name=O8+(3).2_1 order=9904359628800 central_classes=1 central_squares=1 real_characters=144 surviving_elements=0
TABLE143 index=2280 name=O8+(3).2_1' order=9904359628800 central_classes=1 central_squares=1 real_characters=144 surviving_elements=0
TABLE143 index=2281 name=O8+(3).2_1'' order=9904359628800 central_classes=1 central_squares=1 real_characters=144 surviving_elements=0
TABLE143 index=2282 name=O8+(3).2_2 order=9904359628800 central_classes=1 central_squares=1 real_characters=135 surviving_elements=0
TABLE143 index=2283 name=O8+(3).2_2' order=9904359628800 central_classes=1 central_squares=1 real_characters=135 surviving_elements=0
TABLE143 index=2284 name=O8+(3).3 order=14856539443200 central_classes=1 central_squares=1 real_characters=52 surviving_elements=0
TABLE143 index=2285 name=O8+(3).3.2 order=29713078886400 central_classes=1 central_squares=1 real_characters=125 surviving_elements=0
TABLE143 index=2286 name=O8+(3).4 order=19808719257600 central_classes=1 central_squares=1 real_characters=96 surviving_elements=0
TABLE143 index=2287 name=O8+(3).(2^2)_{111} order=19808719257600 central_classes=1 central_squares=1 real_characters=219 surviving_elements=0
TABLE143 index=2288 name=O8+(3).(2^2)_{122} order=19808719257600 central_classes=1 central_squares=1 real_characters=213 surviving_elements=0
TABLE143 index=2289 name=O8+(3).D8 order=39617438515200 central_classes=1 central_squares=1 real_characters=216 surviving_elements=0
TABLE143 index=2290 name=O8+(3).A4 order=59426157772800 central_classes=1 central_squares=1 real_characters=87 surviving_elements=0
TABLE143 index=2291 name=O8+(3).S4 order=118852315545600 central_classes=1 central_squares=1 real_characters=171 surviving_elements=0
TABLE143 index=2292 name=2.O8+(3) order=9904359628800 central_classes=2 central_squares=1 real_characters=194 surviving_elements=0
TABLE143 index=2293 name=2^2.O8+(3) order=19808719257600 central_classes=4 central_squares=1 real_characters=354 surviving_elements=0
TABLE143 index=2294 name=2^2.O8+(3).3 order=59426157772800 central_classes=1 central_squares=1 real_characters=132 surviving_elements=0
TABLE143 index=2295 name=O10+(2) order=23499295948800 central_classes=1 central_squares=1 real_characters=71 surviving_elements=0
TABLE143 index=2296 name=O10+(2).2 order=46998591897600 central_classes=1 central_squares=1 real_characters=155 surviving_elements=0
TABLE143 index=2297 name=O10-(2) order=25015379558400 central_classes=1 central_squares=1 real_characters=71 surviving_elements=0
TABLE143 index=2298 name=O10-(2).2 order=50030759116800 central_classes=1 central_squares=1 real_characters=164 surviving_elements=0
TABLE143 index=2299 name=O8-(2) order=197406720 central_classes=1 central_squares=1 real_characters=39 surviving_elements=0
TABLE143 index=2300 name=O8-(2).2 order=394813440 central_classes=1 central_squares=1 real_characters=60 surviving_elements=0
TABLE143 index=2301 name=O8-(3) order=10151968619520 central_classes=1 central_squares=1 real_characters=112 surviving_elements=0
TABLE143 index=2302 name=2.O8-(3) order=20303937239040 central_classes=2 central_squares=1 real_characters=190 surviving_elements=0
TABLE143 index=2303 name=O8-(3).2_1 order=20303937239040 central_classes=1 central_squares=1 real_characters=188 surviving_elements=0
TABLE143 index=2304 name=O8-(3).2_2 order=20303937239040 central_classes=1 central_squares=1 real_characters=155 surviving_elements=0
TABLE143 index=2305 name=O8-(3).2_3 order=20303937239040 central_classes=1 central_squares=1 real_characters=83 surviving_elements=0
TABLE143 index=2306 name=O8-(3).2^2 order=40607874478080 central_classes=1 central_squares=1 real_characters=184 surviving_elements=0
TABLE143 index=2307 name=O12-(2) order=51615733565620224000 central_classes=1 central_squares=1 real_characters=237 surviving_elements=0
TABLE143 index=2308 name=O12-(2).2 order=103231467131240448000 central_classes=1 central_squares=1 real_characters=375 surviving_elements=0
TABLE143 index=2309 name=O12+(2) order=50027557148216524800 central_classes=1 central_squares=1 real_characters=271 surviving_elements=0
TABLE143 index=2310 name=O12+(2).2 order=100055114296433049600 central_classes=1 central_squares=1 real_characters=392 surviving_elements=0
TABLE143 index=2311 name=O7(5) order=228501000000000 central_classes=1 central_squares=1 real_characters=144 surviving_elements=0
TABLE143 index=2312 name=O7(5).2 order=457002000000000 central_classes=1 central_squares=1 real_characters=264 surviving_elements=0
TABLE143 index=2313 name=O9(3) order=65784756654489600 central_classes=1 central_squares=1 real_characters=218 surviving_elements=0
TABLE143 index=2314 name=2.O9(3) order=131569513308979200 central_classes=2 central_squares=1 real_characters=324 surviving_elements=0
TABLE143 index=2315 name=O10-(3) order=650084965259666227200 central_classes=1 central_squares=1 real_characters=190 surviving_elements=0
TABLE143 index=2316 name=2.O10-(3) order=1300169930519332454400 central_classes=2 central_squares=1 real_characters=363 surviving_elements=0
TABLE143 index=2317 name=O8+(7) order=112554991177798901760000 central_classes=1 central_squares=1 real_characters=976 surviving_elements=0
TABLE143 index=2318 name=2.O8+(7) order=225109982355597803520000 central_classes=2 central_squares=1 real_characters=1858 surviving_elements=0
TABLE143 index=2319 name=O12+(3) order=6762844700608770238252960972800 central_classes=1 central_squares=1 real_characters=676 surviving_elements=0
TABLE143 index=2320 name=2_1.O12+(3) order=13525689401217540476505921945600 central_classes=2 central_squares=1 real_characters=1284 surviving_elements=0
TABLE143 index=2321 name=O12-(3) order=13562847888583522730562256896000 central_classes=1 central_squares=1 real_characters=1326 surviving_elements=0
TABLE143 index=2322 name=2.HS order=88704000 central_classes=2 central_squares=1 real_characters=26 surviving_elements=0
TABLE143 index=2323 name=2.HS.2 order=177408000 central_classes=2 central_squares=1 real_characters=47 surviving_elements=0
TABLE143 index=2324 name=Isoclinic(2.HS.2) order=177408000 central_classes=2 central_squares=1 real_characters=55 surviving_elements=0
TABLE143 index=2325 name=HS.2x2 order=177408000 central_classes=2 central_squares=1 real_characters=78 surviving_elements=0
TABLE143 index=2326 name=Isoclinic(2.HSx2) order=177408000 central_classes=4 central_squares=2 real_characters=40 surviving_elements=0
TABLE143 index=2327 name=4.HS.2 order=354816000 central_classes=2 central_squares=1 real_characters=96 surviving_elements=0
TABLE143 index=2328 name=2.Ru order=291852288000 central_classes=2 central_squares=1 real_characters=41 surviving_elements=0
TABLE143 index=2329 name=2.Suz order=896690995200 central_classes=2 central_squares=1 real_characters=62 surviving_elements=0
TABLE143 index=2330 name=2.Suz.2 order=1793381990400 central_classes=2 central_squares=1 real_characters=77 surviving_elements=0
TABLE143 index=2331 name=Isoclinic(2.Suz.2) order=1793381990400 central_classes=2 central_squares=1 real_characters=107 surviving_elements=0
TABLE143 index=2332 name=3.McL order=2694384000 central_classes=3 central_squares=3 real_characters=12 surviving_elements=0
TABLE143 index=2333 name=3.McL.2 order=5388768000 central_classes=1 central_squares=1 real_characters=44 surviving_elements=0
TABLE143 index=2334 name=3.ON order=1382446517760 central_classes=3 central_squares=3 real_characters=26 surviving_elements=0
TABLE143 index=2335 name=3.ON.2 order=2764893035520 central_classes=1 central_squares=1 real_characters=64 surviving_elements=0
TABLE143 index=2336 name=3.Suz order=1345036492800 central_classes=3 central_squares=3 real_characters=37 surviving_elements=0
TABLE143 index=2337 name=3.Suz.2 order=2690072985600 central_classes=1 central_squares=1 real_characters=102 surviving_elements=0
TABLE143 index=2338 name=6.Suz order=2690072985600 central_classes=6 central_squares=3 real_characters=62 surviving_elements=0
TABLE143 index=2339 name=6.Suz.2 order=5380145971200 central_classes=2 central_squares=1 real_characters=134 surviving_elements=0
TABLE143 index=2340 name=Isoclinic(6.Suz.2) order=5380145971200 central_classes=2 central_squares=1 real_characters=164 surviving_elements=0
TABLE143 index=2341 name=F3+M14 order=8060774400 central_classes=1 central_squares=1 real_characters=45 surviving_elements=0
TABLE143 index=2342 name=HN order=273030912000000 central_classes=1 central_squares=1 real_characters=48 surviving_elements=0
TABLE143 index=2343 name=HN.2 order=546061824000000 central_classes=1 central_squares=1 real_characters=78 surviving_elements=0
TABLE143 index=2344 name=HS order=44352000 central_classes=1 central_squares=1 real_characters=20 surviving_elements=0
TABLE143 index=2345 name=HS.2 order=88704000 central_classes=1 central_squares=1 real_characters=39 surviving_elements=0
TABLE143 index=2346 name=He order=4030387200 central_classes=1 central_squares=1 real_characters=21 surviving_elements=0
TABLE143 index=2347 name=He.2 order=8060774400 central_classes=1 central_squares=1 real_characters=45 surviving_elements=0
TABLE143 index=2348 name=Ly order=51765179004000000 central_classes=1 central_squares=1 real_characters=47 surviving_elements=0
TABLE143 index=2349 name=McL order=898128000 central_classes=1 central_squares=1 real_characters=12 surviving_elements=0
TABLE143 index=2350 name=McL.2 order=1796256000 central_classes=1 central_squares=1 real_characters=25 surviving_elements=0
TABLE143 index=2351 name=ON order=460815505920 central_classes=1 central_squares=1 real_characters=26 surviving_elements=0
TABLE143 index=2352 name=ON.2 order=921631011840 central_classes=1 central_squares=1 real_characters=45 surviving_elements=0
TABLE143 index=2353 name=Ru order=145926144000 central_classes=1 central_squares=1 real_characters=34 surviving_elements=0
TABLE143 index=2354 name=Suz order=448345497600 central_classes=1 central_squares=1 real_characters=37 surviving_elements=0
TABLE143 index=2355 name=Suz.2 order=896690995200 central_classes=1 central_squares=1 real_characters=68 surviving_elements=0
TABLE143 index=2356 name=Th order=90745943887872000 central_classes=1 central_squares=1 real_characters=30 surviving_elements=0
TABLE143 index=2357 name=(3^(1+2)x2).SD16 order=864 central_classes=4 central_squares=1 real_characters=30 surviving_elements=0
TABLE143 index=2358 name=(2x3^(1+2)_+:8):2 order=864 central_classes=2 central_squares=1 real_characters=18 surviving_elements=0
TABLE143 index=2359 name=11+^(1+2):(5x2S4) order=319440 central_classes=1 central_squares=1 real_characters=15 surviving_elements=0
TABLE143 index=2360 name=2.HS.2N5 order=8000 central_classes=2 central_squares=1 real_characters=19 surviving_elements=0
TABLE143 index=2361 name=2^3.7.3 order=168 central_classes=1 central_squares=1 real_characters=2 surviving_elements=0
TABLE143 index=2362 name=2^4:D8 order=128 central_classes=2 central_squares=1 real_characters=17 surviving_elements=0
TABLE143 index=2363 name=2x(3^2.QD16) order=288 central_classes=2 central_squares=1 real_characters=14 surviving_elements=0
TABLE143 index=2364 name=3^(1+2):8 order=216 central_classes=1 central_squares=1 real_characters=5 surviving_elements=0
TABLE143 index=2365 name=3^(1+2):D8 order=216 central_classes=1 central_squares=1 real_characters=13 surviving_elements=0
TABLE143 index=2366 name=3^(1+2):SD16 order=432 central_classes=1 central_squares=1 real_characters=10 surviving_elements=0
TABLE143 index=2367 name=3^2.3^(1+2):8 order=1944 central_classes=1 central_squares=1 real_characters=8 surviving_elements=0
TABLE143 index=2368 name=3^2:Q8 order=72 central_classes=1 central_squares=1 real_characters=6 surviving_elements=0
TABLE143 index=2369 name=3^2:Q8.2 order=144 central_classes=1 central_squares=1 real_characters=7 surviving_elements=0
TABLE143 index=2370 name=3^4:(3^2:Q8) order=5832 central_classes=1 central_squares=1 real_characters=19 surviving_elements=0
TABLE143 index=2371 name=3^4:2^(1+4)D10 order=25920 central_classes=1 central_squares=1 real_characters=16 surviving_elements=0
TABLE143 index=2372 name=3^4:2^(1+4).(5:4) order=51840 central_classes=1 central_squares=1 real_characters=12 surviving_elements=0
TABLE143 index=2373 name=3^5:(3^2:SD16) order=34992 central_classes=1 central_squares=1 real_characters=21 surviving_elements=0
TABLE143 index=2374 name=4^3.D8 order=512 central_classes=2 central_squares=1 real_characters=30 surviving_elements=0
TABLE143 index=2375 name=5^(1+2):(24:2) order=6000 central_classes=1 central_squares=1 real_characters=12 surviving_elements=0
TABLE143 index=2376 name=5^(1+2):(8.2) order=2000 central_classes=1 central_squares=1 real_characters=9 surviving_elements=0
TABLE143 index=2377 name=5^(1+2):3:8 order=3000 central_classes=1 central_squares=1 real_characters=7 surviving_elements=0
TABLE143 index=2378 name=5^(1+2):4S4 order=12000 central_classes=1 central_squares=1 real_characters=11 surviving_elements=0
TABLE143 index=2379 name=5^1+2:(2^5) order=4000 central_classes=1 central_squares=1 real_characters=15 surviving_elements=0
TABLE143 index=2380 name=5^2:(4xS3) order=600 central_classes=1 central_squares=1 real_characters=10 surviving_elements=0
TABLE143 index=2381 name=5^2:4A4 order=1200 central_classes=1 central_squares=1 real_characters=6 surviving_elements=0
TABLE143 index=2382 name=7^(1+2):(D8x3) order=8232 central_classes=1 central_squares=1 real_characters=14 surviving_elements=0
TABLE143 index=2383 name=7^(1+2):(S3x3) order=6174 central_classes=1 central_squares=1 real_characters=7 surviving_elements=0
TABLE143 index=2384 name=7^(1+2):(S3x6) order=12348 central_classes=1 central_squares=1 real_characters=17 surviving_elements=0
TABLE143 index=2385 name=7^2:(3x2A4) order=3528 central_classes=1 central_squares=1 real_characters=5 surviving_elements=0
TABLE143 index=2386 name=Co1N3 order=157464 central_classes=1 central_squares=1 real_characters=128 surviving_elements=0
TABLE143 index=2387 name=Co3N2 order=1024 central_classes=2 central_squares=1 real_characters=61 surviving_elements=0
TABLE143 index=2388 name=Co3N3 order=69984 central_classes=1 central_squares=1 real_characters=44 surviving_elements=0
TABLE143 index=2389 name=Fi22N3 order=78732 central_classes=1 central_squares=1 real_characters=103 surviving_elements=0
TABLE143 index=2390 name=Fi22N5 order=2400 central_classes=1 central_squares=1 real_characters=8 surviving_elements=0
TABLE143 index=2391 name=HS.2N5 order=4000 central_classes=1 central_squares=1 real_characters=15 surviving_elements=0
TABLE143 index=2392 name=HSN2 order=512 central_classes=2 central_squares=1 real_characters=31 surviving_elements=0
TABLE143 index=2393 name=J2N2 order=384 central_classes=2 central_squares=1 real_characters=9 surviving_elements=0
TABLE143 index=2394 name=J3N2 order=384 central_classes=2 central_squares=1 real_characters=9 surviving_elements=0
TABLE143 index=2395 name=LyN2 order=256 central_classes=2 central_squares=1 real_characters=22 surviving_elements=0
TABLE143 index=2396 name=LyN3 order=69984 central_classes=1 central_squares=1 real_characters=43 surviving_elements=0
TABLE143 index=2397 name=LyN5 order=250000 central_classes=1 central_squares=1 real_characters=34 surviving_elements=0
FLAG143 name=M11N2 central_indices=[ 2 ] orders=[ 2 ]
TABLE143 index=2398 name=M11N2 order=16 central_classes=2 central_squares=1 real_characters=5 surviving_elements=1
TABLE143 index=2399 name=M12N2 order=64 central_classes=2 central_squares=1 real_characters=16 surviving_elements=0
TABLE143 index=2400 name=M12N3 order=108 central_classes=1 central_squares=1 real_characters=11 surviving_elements=0
TABLE143 index=2401 name=M24N2 order=1024 central_classes=2 central_squares=1 real_characters=61 surviving_elements=0
TABLE143 index=2402 name=McLN2 order=128 central_classes=2 central_squares=1 real_characters=17 surviving_elements=0
TABLE143 index=2403 name=RuN2 order=16384 central_classes=2 central_squares=1 real_characters=83 surviving_elements=0
TABLE143 index=2404 name=(2^2xD14):3 order=168 central_classes=1 central_squares=1 real_characters=8 surviving_elements=0
TABLE143 index=2405 name=(2^2x13:4):3 order=624 central_classes=1 central_squares=1 real_characters=8 surviving_elements=0
TABLE143 index=2406 name=SuzN2 order=24576 central_classes=2 central_squares=1 real_characters=47 surviving_elements=0
TABLE143 index=2407 name=ThN2 order=32768 central_classes=2 central_squares=1 real_characters=89 surviving_elements=0
TABLE143 index=2408 name=ThN3 order=236196 central_classes=1 central_squares=1 real_characters=61 surviving_elements=0
TABLE143 index=2409 name=2.HSN3 order=576 central_classes=2 central_squares=1 real_characters=17 surviving_elements=0
TABLE143 index=2410 name=5:4 order=20 central_classes=1 central_squares=1 real_characters=3 surviving_elements=0
TABLE143 index=2411 name=2x5:4 order=40 central_classes=2 central_squares=1 real_characters=6 surviving_elements=0
TABLE143 index=2412 name=5:4x3 order=60 central_classes=3 central_squares=3 real_characters=3 surviving_elements=0
TABLE143 index=2413 name=6x5:4 order=120 central_classes=6 central_squares=3 real_characters=6 surviving_elements=0
TABLE143 index=2414 name=11:5 order=55 central_classes=1 central_squares=1 real_characters=1 surviving_elements=0
TABLE143 index=2415 name=2x11:5 order=110 central_classes=2 central_squares=1 real_characters=2 surviving_elements=0
TABLE143 index=2416 name=17:8 order=136 central_classes=1 central_squares=1 real_characters=4 surviving_elements=0
TABLE143 index=2417 name=17:16 order=272 central_classes=1 central_squares=1 real_characters=3 surviving_elements=0
TABLE143 index=2418 name=19:9 order=171 central_classes=1 central_squares=1 real_characters=1 surviving_elements=0
TABLE143 index=2419 name=(3xD10).2 order=60 central_classes=1 central_squares=1 real_characters=5 surviving_elements=0
TABLE143 index=2420 name=7:3xS3 order=126 central_classes=1 central_squares=1 real_characters=3 surviving_elements=0
TABLE143 index=2421 name=S3x7:6 order=252 central_classes=1 central_squares=1 real_characters=9 surviving_elements=0
TABLE143 index=2422 name=(A4xD10).2 order=240 central_classes=1 central_squares=1 real_characters=8 surviving_elements=0
TABLE143 index=2423 name=Co2N2 order=262144 central_classes=2 central_squares=1 real_characters=394 surviving_elements=0
TABLE143 index=2424 name=3^(1+4)_+:(S3xQD16) order=23328 central_classes=1 central_squares=1 real_characters=37 surviving_elements=0
TABLE143 index=2425 name=Co2N7 order=336 central_classes=2 central_squares=1 real_characters=10 surviving_elements=0
TABLE143 index=2426 name=Co1N5 order=10000 central_classes=1 central_squares=1 real_characters=17 surviving_elements=0
TABLE143 index=2427 name=F3+N5 order=28800 central_classes=1 central_squares=1 real_characters=26 surviving_elements=0
TABLE143 index=2428 name=S4x5^2:4S4 order=57600 central_classes=1 central_squares=1 real_characters=40 surviving_elements=0
TABLE143 index=2429 name=BN7 order=28224 central_classes=2 central_squares=1 real_characters=23 surviving_elements=0
TABLE143 index=2430 name=11^2:(5x2.A5) order=72600 central_classes=1 central_squares=1 real_characters=10 surviving_elements=0
TABLE143 index=2431 name=13^(1+2):(3x4S4) order=632736 central_classes=1 central_squares=1 real_characters=12 surviving_elements=0
TABLE143 index=2432 name=13:4 order=52 central_classes=1 central_squares=1 real_characters=5 surviving_elements=0
TABLE143 index=2433 name=13:12 order=156 central_classes=1 central_squares=1 real_characters=3 surviving_elements=0
TABLE143 index=2434 name=2^(3+3):7 order=448 central_classes=1 central_squares=1 real_characters=2 surviving_elements=0
TABLE143 index=2435 name=2^(3+3):7:3 order=1344 central_classes=1 central_squares=1 real_characters=2 surviving_elements=0
TABLE143 index=2436 name=7:6xA5.2 order=5040 central_classes=1 central_squares=1 real_characters=21 surviving_elements=0
TABLE143 index=2437 name=HNN2 order=49152 central_classes=2 central_squares=1 real_characters=42 surviving_elements=0
TABLE143 index=2438 name=[7^6]:(6x6) order=4235364 central_classes=1 central_squares=1 real_characters=38 surviving_elements=0
TABLE143 index=2439 name=(3x13:6).2 order=468 central_classes=1 central_squares=1 real_characters=5 surviving_elements=0
TABLE143 index=2440 name=Fi23N3 order=12754584 central_classes=1 central_squares=1 real_characters=292 surviving_elements=0
TABLE143 index=2441 name=2.S4(5) order=9360000 central_classes=2 central_squares=1 real_characters=60 surviving_elements=0
TABLE143 index=2442 name=2.S4(5).2 order=18720000 central_classes=2 central_squares=1 real_characters=78 surviving_elements=0
TABLE143 index=2443 name=Isoclinic(2.S4(5).2) order=18720000 central_classes=2 central_squares=1 real_characters=54 surviving_elements=0
TABLE143 index=2444 name=2.S6(2) order=2903040 central_classes=2 central_squares=1 real_characters=41 surviving_elements=0
TABLE143 index=2445 name=2.S6(3) order=9170703360 central_classes=2 central_squares=1 real_characters=45 surviving_elements=0
TABLE143 index=2446 name=2.S6(3).2 order=18341406720 central_classes=2 central_squares=1 real_characters=100 surviving_elements=0
TABLE143 index=2447 name=Isoclinic(2.S6(3).2) order=18341406720 central_classes=2 central_squares=1 real_characters=138 surviving_elements=0
TABLE143 index=2448 name=S10(2) order=24815256521932800 central_classes=1 central_squares=1 real_characters=198 surviving_elements=0
TABLE143 index=2449 name=S4(4) order=979200 central_classes=1 central_squares=1 real_characters=27 surviving_elements=0
TABLE143 index=2450 name=S4(4).2 order=1958400 central_classes=1 central_squares=1 real_characters=28 surviving_elements=0
TABLE143 index=2451 name=S4(4).4 order=3916800 central_classes=1 central_squares=1 real_characters=18 surviving_elements=0
TABLE143 index=2452 name=S4(5) order=4680000 central_classes=1 central_squares=1 real_characters=34 surviving_elements=0
TABLE143 index=2453 name=S4(5).2 order=9360000 central_classes=1 central_squares=1 real_characters=47 surviving_elements=0
TABLE143 index=2454 name=S6(2) order=1451520 central_classes=1 central_squares=1 real_characters=30 surviving_elements=0
TABLE143 index=2455 name=S6(3) order=4585351680 central_classes=1 central_squares=1 real_characters=26 surviving_elements=0
TABLE143 index=2456 name=S6(3).2 order=9170703360 central_classes=1 central_squares=1 real_characters=76 surviving_elements=0
TABLE143 index=2457 name=S8(2) order=47377612800 central_classes=1 central_squares=1 real_characters=81 surviving_elements=0
TABLE143 index=2458 name=F4(2)M4 order=47377612800 central_classes=1 central_squares=1 real_characters=81 surviving_elements=0
TABLE143 index=2459 name=S4(7) order=138297600 central_classes=1 central_squares=1 real_characters=34 surviving_elements=0
TABLE143 index=2460 name=S4(8) order=1056706560 central_classes=1 central_squares=1 real_characters=83 surviving_elements=0
TABLE143 index=2461 name=S4(8).3 order=3170119680 central_classes=1 central_squares=1 real_characters=35 surviving_elements=0
TABLE143 index=2462 name=S4(7).2 order=276595200 central_classes=1 central_squares=1 real_characters=77 surviving_elements=0
TABLE143 index=2463 name=S4(9) order=1721606400 central_classes=1 central_squares=1 real_characters=74 surviving_elements=0
TABLE143 index=2464 name=S4(9).2_1 order=3443212800 central_classes=1 central_squares=1 real_characters=71 surviving_elements=0
TABLE143 index=2465 name=S4(9).2_2 order=3443212800 central_classes=1 central_squares=1 real_characters=115 surviving_elements=0
TABLE143 index=2466 name=S4(9).2_3 order=3443212800 central_classes=1 central_squares=1 real_characters=48 surviving_elements=0
TABLE143 index=2467 name=S4(9).2^2 order=6886425600 central_classes=1 central_squares=1 real_characters=91 surviving_elements=0
TABLE143 index=2468 name=S6(4) order=4106059776000 central_classes=1 central_squares=1 real_characters=120 surviving_elements=0
TABLE143 index=2469 name=S6(4).2 order=8212119552000 central_classes=1 central_squares=1 real_characters=99 surviving_elements=0
TABLE143 index=2470 name=S6(5) order=228501000000000 central_classes=1 central_squares=1 real_characters=179 surviving_elements=0
TABLE143 index=2471 name=S8(3) order=65784756654489600 central_classes=1 central_squares=1 real_characters=92 surviving_elements=0
TABLE143 index=2472 name=S12(2) order=208114637736580743168000 central_classes=1 central_squares=1 real_characters=477 surviving_elements=0
TABLE143 index=2473 name=2F4(2)' order=17971200 central_classes=1 central_squares=1 real_characters=16 surviving_elements=0
TABLE143 index=2474 name=2F4(2)'.2 order=35942400 central_classes=1 central_squares=1 real_characters=17 surviving_elements=0
TABLE143 index=2475 name=3D4(2) order=211341312 central_classes=1 central_squares=1 real_characters=35 surviving_elements=0
TABLE143 index=2476 name=3D4(2).3 order=634023936 central_classes=1 central_squares=1 real_characters=21 surviving_elements=0
TABLE143 index=2477 name=F4(2)M10 order=634023936 central_classes=1 central_squares=1 real_characters=21 surviving_elements=0
TABLE143 index=2478 name=3D4(3) order=20560831566912 central_classes=1 central_squares=1 real_characters=126 surviving_elements=0
TABLE143 index=2479 name=3D4(4) order=67802350642790400 central_classes=1 central_squares=1 real_characters=345 surviving_elements=0
TABLE143 index=2480 name=2.2E6(2) order=153064959367549707878400 central_classes=2 central_squares=1 real_characters=174 surviving_elements=0
TABLE143 index=2481 name=2.2E6(2).2 order=306129918735099415756800 central_classes=2 central_squares=1 real_characters=310 surviving_elements=0
TABLE143 index=2482 name=2^2.2E6(2) order=306129918735099415756800 central_classes=4 central_squares=1 real_characters=302 surviving_elements=0
TABLE143 index=2483 name=2^2.2E6(2).2 order=612259837470198831513600 central_classes=2 central_squares=1 real_characters=374 surviving_elements=0
TABLE143 index=2484 name=2^2.2E6(2).3 order=918389756205298247270400 central_classes=1 central_squares=1 real_characters=146 surviving_elements=0
TABLE143 index=2485 name=2^2.2E6(2).3.2 order=1836779512410596494540800 central_classes=1 central_squares=1 real_characters=378 surviving_elements=0
TABLE143 index=2486 name=2E6(2) order=76532479683774853939200 central_classes=1 central_squares=1 real_characters=110 surviving_elements=0
TABLE143 index=2487 name=2E6(2).2 order=153064959367549707878400 central_classes=1 central_squares=1 real_characters=179 surviving_elements=0
TABLE143 index=2488 name=2E6(2).3 order=229597439051324561817600 central_classes=1 central_squares=1 real_characters=82 surviving_elements=0
TABLE143 index=2489 name=2E6(2).3.2 order=459194878102649123635200 central_classes=1 central_squares=1 real_characters=247 surviving_elements=0
TABLE143 index=2490 name=3.2E6(2) order=229597439051324561817600 central_classes=3 central_squares=3 real_characters=110 surviving_elements=0
TABLE143 index=2491 name=3.2E6(2).2 order=459194878102649123635200 central_classes=1 central_squares=1 real_characters=261 surviving_elements=0
TABLE143 index=2492 name=6.2E6(2) order=459194878102649123635200 central_classes=6 central_squares=3 real_characters=174 surviving_elements=0
TABLE143 index=2493 name=6.2E6(2).2 order=918389756205298247270400 central_classes=2 central_squares=1 real_characters=452 surviving_elements=0
TABLE143 index=2494 name=(2^2x3).2E6(2) order=918389756205298247270400 central_classes=12 central_squares=3 real_characters=302 surviving_elements=0
TABLE143 index=2495 name=(2^2x3).2E6(2).2 order=1836779512410596494540800 central_classes=2 central_squares=1 real_characters=516 surviving_elements=0
TABLE143 index=2496 name=12_1.U4(3) order=39191040 central_classes=12 central_squares=6 real_characters=25 surviving_elements=0
TABLE143 index=2497 name=12_1.U4(3).2_1 order=78382080 central_classes=4 central_squares=2 real_characters=61 surviving_elements=0
TABLE143 index=2498 name=12_1.U4(3).2_2 order=78382080 central_classes=6 central_squares=3 real_characters=63 surviving_elements=0
TABLE143 index=2499 name=Isoclinic(12_1.U4(3).2_2) order=78382080 central_classes=6 central_squares=3 real_characters=63 surviving_elements=0
TABLE143 index=2500 name=12_1.U4(3).2_2' order=78382080 central_classes=2 central_squares=1 real_characters=118 surviving_elements=0
TABLE143 index=2501 name=Isoclinic(12_1.U4(3).2_2') order=78382080 central_classes=2 central_squares=1 real_characters=118 surviving_elements=0
TABLE143 index=2502 name=12_2.U4(3) order=39191040 central_classes=12 central_squares=6 real_characters=25 surviving_elements=0
TABLE143 index=2503 name=12_2.U4(3).2_1 order=78382080 central_classes=4 central_squares=2 real_characters=55 surviving_elements=0
TABLE143 index=2504 name=12_2.U4(3).2_3 order=78382080 central_classes=6 central_squares=3 real_characters=45 surviving_elements=0
TABLE143 index=2505 name=Isoclinic(12_2.U4(3).2_3) order=78382080 central_classes=6 central_squares=3 real_characters=45 surviving_elements=0
TABLE143 index=2506 name=12_2.U4(3).2_3' order=78382080 central_classes=2 central_squares=1 real_characters=84 surviving_elements=0
TABLE143 index=2507 name=Isoclinic(12_2.U4(3).2_3') order=78382080 central_classes=2 central_squares=1 real_characters=84 surviving_elements=0
TABLE143 index=2508 name=2.U4(3) order=6531840 central_classes=2 central_squares=1 real_characters=25 surviving_elements=0
TABLE143 index=2509 name=2.U4(3).2_1 order=13063680 central_classes=2 central_squares=1 real_characters=36 surviving_elements=0
TABLE143 index=2510 name=Isoclinic(2.U4(3).2_1) order=13063680 central_classes=2 central_squares=1 real_characters=46 surviving_elements=0
TABLE143 index=2511 name=2.U4(3).2_2 order=13063680 central_classes=2 central_squares=1 real_characters=49 surviving_elements=0
TABLE143 index=2512 name=Isoclinic(2.U4(3).2_2) order=13063680 central_classes=2 central_squares=1 real_characters=35 surviving_elements=0
TABLE143 index=2513 name=2.U4(3).2_2' order=13063680 central_classes=2 central_squares=1 real_characters=49 surviving_elements=0
TABLE143 index=2514 name=Isoclinic(2.U4(3).2_2') order=13063680 central_classes=2 central_squares=1 real_characters=35 surviving_elements=0
TABLE143 index=2515 name=2.U4(3).2_3 order=13063680 central_classes=2 central_squares=1 real_characters=35 surviving_elements=0
TABLE143 index=2516 name=Isoclinic(2.U4(3).2_3) order=13063680 central_classes=2 central_squares=1 real_characters=29 surviving_elements=0
TABLE143 index=2517 name=2.U4(3).2_3' order=13063680 central_classes=2 central_squares=1 real_characters=35 surviving_elements=0
TABLE143 index=2518 name=Isoclinic(2.U4(3).2_3') order=13063680 central_classes=2 central_squares=1 real_characters=29 surviving_elements=0
TABLE143 index=2519 name=2.U4(3).4 order=26127360 central_classes=2 central_squares=1 real_characters=30 surviving_elements=0
TABLE143 index=2520 name=2.U4(3).(2^2)_{122} order=26127360 central_classes=2 central_squares=1 real_characters=75 surviving_elements=0
TABLE143 index=2521 name=2.U4(3).(2^2)_{1*22} order=26127360 central_classes=2 central_squares=1 real_characters=102 surviving_elements=0
TABLE143 index=2522 name=2.U4(3).(2^2)_{12*2} order=26127360 central_classes=2 central_squares=1 real_characters=64 surviving_elements=0
TABLE143 index=2523 name=2.U4(3).(2^2)_{1*2*2} order=26127360 central_classes=2 central_squares=1 real_characters=69 surviving_elements=0
TABLE143 index=2524 name=2.U4(3).(2^2)_{12*2*} order=26127360 central_classes=2 central_squares=1 real_characters=83 surviving_elements=0
TABLE143 index=2525 name=2.U4(3).(2^2)_{1*2*2*} order=26127360 central_classes=2 central_squares=1 real_characters=66 surviving_elements=0
TABLE143 index=2526 name=2.U4(3).(2^2)_{133} order=26127360 central_classes=2 central_squares=1 real_characters=57 surviving_elements=0
TABLE143 index=2527 name=2.U4(3).(2^2)_{1*33} order=26127360 central_classes=2 central_squares=1 real_characters=72 surviving_elements=0
TABLE143 index=2528 name=2.U4(3).(2^2)_{13*3} order=26127360 central_classes=2 central_squares=1 real_characters=48 surviving_elements=0
TABLE143 index=2529 name=2.U4(3).(2^2)_{1*3*3} order=26127360 central_classes=2 central_squares=1 real_characters=53 surviving_elements=0
TABLE143 index=2530 name=2.U4(3).(2^2)_{13*3*} order=26127360 central_classes=2 central_squares=1 real_characters=61 surviving_elements=0
TABLE143 index=2531 name=2.U4(3).(2^2)_{1*3*3*} order=26127360 central_classes=2 central_squares=1 real_characters=56 surviving_elements=0
TABLE143 index=2532 name=2.U4(3).D8 order=52254720 central_classes=2 central_squares=1 real_characters=86 surviving_elements=0
TABLE143 index=2533 name=O8+(3)M16 order=26127360 central_classes=2 central_squares=1 real_characters=75 surviving_elements=0
TABLE143 index=2534 name=O8+(3)M17 order=26127360 central_classes=2 central_squares=1 real_characters=75 surviving_elements=0
TABLE143 index=2535 name=3^2.U4(3) order=29393280 central_classes=9 central_squares=9 real_characters=14 surviving_elements=0
TABLE143 index=2536 name=3^2.U4(3).2_3' order=58786560 central_classes=3 central_squares=3 real_characters=32 surviving_elements=0
TABLE143 index=2537 name=3^2.U4(3).(2^2)_{133} order=117573120 central_classes=1 central_squares=1 real_characters=98 surviving_elements=0
TABLE143 index=2538 name=3^2.U4(3).D8 order=235146240 central_classes=1 central_squares=1 real_characters=110 surviving_elements=0
TABLE143 index=2539 name=3_1.U4(3) order=9797760 central_classes=3 central_squares=3 real_characters=14 surviving_elements=0
TABLE143 index=2540 name=3_1.U4(3).2_1 order=19595520 central_classes=1 central_squares=1 real_characters=42 surviving_elements=0
TABLE143 index=2541 name=3_1.U4(3).2_2 order=19595520 central_classes=3 central_squares=3 real_characters=28 surviving_elements=0
TABLE143 index=2542 name=3_1.U4(3).2_2' order=19595520 central_classes=1 central_squares=1 real_characters=44 surviving_elements=0
TABLE143 index=2543 name=3_1.U4(3).(2^2)_{122} order=39191040 central_classes=1 central_squares=1 real_characters=88 surviving_elements=0
TABLE143 index=2544 name=3_2.U4(3) order=9797760 central_classes=3 central_squares=3 real_characters=14 surviving_elements=0
TABLE143 index=2545 name=3_2.U4(3).2_1 order=19595520 central_classes=1 central_squares=1 real_characters=39 surviving_elements=0
TABLE143 index=2546 name=3_2.U4(3).2_3 order=19595520 central_classes=3 central_squares=3 real_characters=21 surviving_elements=0
TABLE143 index=2547 name=3_2.U4(3).2_3' order=19595520 central_classes=1 central_squares=1 real_characters=32 surviving_elements=0
TABLE143 index=2548 name=3_2.U4(3).(2^2)_{133} order=39191040 central_classes=1 central_squares=1 real_characters=64 surviving_elements=0
TABLE143 index=2549 name=4.U4(3) order=13063680 central_classes=4 central_squares=2 real_characters=25 surviving_elements=0
TABLE143 index=2550 name=4.U4(3).2_1 order=26127360 central_classes=4 central_squares=2 real_characters=36 surviving_elements=0
TABLE143 index=2551 name=4.U4(3).2_2 order=26127360 central_classes=2 central_squares=1 real_characters=63 surviving_elements=0
TABLE143 index=2552 name=Isoclinic(4.U4(3).2_2) order=26127360 central_classes=2 central_squares=1 real_characters=63 surviving_elements=0
TABLE143 index=2553 name=4.U4(3).2_3 order=26127360 central_classes=2 central_squares=1 real_characters=45 surviving_elements=0
TABLE143 index=2554 name=Isoclinic(4.U4(3).2_3) order=26127360 central_classes=2 central_squares=1 real_characters=45 surviving_elements=0
TABLE143 index=2555 name=4.U4(3).4 order=52254720 central_classes=4 central_squares=2 real_characters=30 surviving_elements=0
TABLE143 index=2556 name=6_1.U4(3) order=19595520 central_classes=6 central_squares=3 real_characters=25 surviving_elements=0
TABLE143 index=2557 name=6_1.U4(3).2_1 order=39191040 central_classes=2 central_squares=1 real_characters=61 surviving_elements=0
TABLE143 index=2558 name=Isoclinic(6_1.U4(3).2_1) order=39191040 central_classes=2 central_squares=1 real_characters=71 surviving_elements=0
TABLE143 index=2559 name=6_1.U4(3).2_2 order=39191040 central_classes=6 central_squares=3 real_characters=49 surviving_elements=0
TABLE143 index=2560 name=Isoclinic(6_1.U4(3).2_2) order=39191040 central_classes=6 central_squares=3 real_characters=35 surviving_elements=0
TABLE143 index=2561 name=6_1.U4(3).2_2' order=39191040 central_classes=2 central_squares=1 real_characters=80 surviving_elements=0
TABLE143 index=2562 name=Isoclinic(6_1.U4(3).2_2') order=39191040 central_classes=2 central_squares=1 real_characters=66 surviving_elements=0
TABLE143 index=2563 name=6_2.U4(3) order=19595520 central_classes=6 central_squares=3 real_characters=25 surviving_elements=0
TABLE143 index=2564 name=6_2.U4(3).2_1 order=39191040 central_classes=2 central_squares=1 real_characters=55 surviving_elements=0
TABLE143 index=2565 name=Isoclinic(6_2.U4(3).2_1) order=39191040 central_classes=2 central_squares=1 real_characters=65 surviving_elements=0
TABLE143 index=2566 name=6_2.U4(3).2_3 order=39191040 central_classes=6 central_squares=3 real_characters=35 surviving_elements=0
TABLE143 index=2567 name=Isoclinic(6_2.U4(3).2_3) order=39191040 central_classes=6 central_squares=3 real_characters=29 surviving_elements=0
TABLE143 index=2568 name=6_2.U4(3).2_3' order=39191040 central_classes=2 central_squares=1 real_characters=56 surviving_elements=0
TABLE143 index=2569 name=Isoclinic(6_2.U4(3).2_3') order=39191040 central_classes=2 central_squares=1 real_characters=50 surviving_elements=0
TABLE143 index=2570 name=U4(3) order=3265920 central_classes=1 central_squares=1 real_characters=14 surviving_elements=0
TABLE143 index=2571 name=U4(3).(2^2)_{122} order=13063680 central_classes=1 central_squares=1 real_characters=59 surviving_elements=0
TABLE143 index=2572 name=U4(3).(2^2)_{133} order=13063680 central_classes=1 central_squares=1 real_characters=44 surviving_elements=0
TABLE143 index=2573 name=U4(3).2_1 order=6531840 central_classes=1 central_squares=1 real_characters=28 surviving_elements=0
TABLE143 index=2574 name=U4(3).2_2 order=6531840 central_classes=1 central_squares=1 real_characters=28 surviving_elements=0
TABLE143 index=2575 name=U4(3).2_2' order=6531840 central_classes=1 central_squares=1 real_characters=28 surviving_elements=0
TABLE143 index=2576 name=U4(3).2_3 order=6531840 central_classes=1 central_squares=1 real_characters=21 surviving_elements=0
TABLE143 index=2577 name=U4(3).2_3' order=6531840 central_classes=1 central_squares=1 real_characters=21 surviving_elements=0
TABLE143 index=2578 name=U4(3).4 order=13063680 central_classes=1 central_squares=1 real_characters=23 surviving_elements=0
TABLE143 index=2579 name=U4(3).D8 order=26127360 central_classes=1 central_squares=1 real_characters=61 surviving_elements=0
TABLE143 index=2580 name=(3^2x2).U4(3) order=58786560 central_classes=18 central_squares=9 real_characters=25 surviving_elements=0
TABLE143 index=2581 name=(3^2x4).U4(3) order=117573120 central_classes=36 central_squares=18 real_characters=25 surviving_elements=0
TABLE143 index=2582 name=(3^2x2).U4(3).2_3' order=117573120 central_classes=6 central_squares=3 real_characters=56 surviving_elements=0
TABLE143 index=2583 name=Isoclinic((3^2x2).U4(3).2_3') order=117573120 central_classes=6 central_squares=3 real_characters=50 surviving_elements=0
TABLE143 index=2584 name=3.U3(5) order=378000 central_classes=3 central_squares=3 real_characters=10 surviving_elements=0
TABLE143 index=2585 name=3.U3(5).2 order=756000 central_classes=1 central_squares=1 real_characters=28 surviving_elements=0
TABLE143 index=2586 name=3.U3(5).3 order=1134000 central_classes=3 central_squares=3 real_characters=8 surviving_elements=0
TABLE143 index=2587 name=Isoclinic(3.U3(5).3,1) order=1134000 central_classes=3 central_squares=3 real_characters=8 surviving_elements=0
TABLE143 index=2588 name=Isoclinic(3.U3(5).3,2) order=1134000 central_classes=3 central_squares=3 real_characters=8 surviving_elements=0
TABLE143 index=2589 name=3.U3(5).S3 order=2268000 central_classes=1 central_squares=1 real_characters=58 surviving_elements=0
TABLE143 index=2590 name=3.U3(8) order=16547328 central_classes=3 central_squares=3 real_characters=12 surviving_elements=0
TABLE143 index=2591 name=3.U3(8).2 order=33094656 central_classes=1 central_squares=1 real_characters=52 surviving_elements=0
TABLE143 index=2592 name=3.U3(8).3_1 order=49641984 central_classes=3 central_squares=3 real_characters=8 surviving_elements=0
TABLE143 index=2593 name=3.U3(8).3_2 order=49641984 central_classes=3 central_squares=3 real_characters=10 surviving_elements=0
TABLE143 index=2594 name=Isoclinic(3.U3(8).3_2,1) order=49641984 central_classes=3 central_squares=3 real_characters=10 surviving_elements=0
TABLE143 index=2595 name=Isoclinic(3.U3(8).3_2,2) order=49641984 central_classes=3 central_squares=3 real_characters=10 surviving_elements=0
TABLE143 index=2596 name=3.U3(8).6 order=99283968 central_classes=1 central_squares=1 real_characters=24 surviving_elements=0
TABLE143 index=2597 name=3.U3(8).S3 order=99283968 central_classes=1 central_squares=1 real_characters=124 surviving_elements=0
TABLE143 index=2598 name=Isoclinic(3.U3(8)x3) order=49641984 central_classes=9 central_squares=9 real_characters=12 surviving_elements=0
TABLE143 index=2599 name=Isoclinic(U3(8).3_3x3) order=49641984 central_classes=3 central_squares=3 real_characters=6 surviving_elements=0
TABLE143 index=2600 name=9.U3(8).3_3 order=148925952 central_classes=3 central_squares=3 real_characters=6 surviving_elements=0
TABLE143 index=2601 name=HSM3 order=252000 central_classes=1 central_squares=1 real_characters=17 surviving_elements=0
TABLE143 index=2602 name=U3(3) order=6048 central_classes=1 central_squares=1 real_characters=6 surviving_elements=0
TABLE143 index=2603 name=U3(3).2 order=12096 central_classes=1 central_squares=1 real_characters=14 surviving_elements=0
TABLE143 index=2604 name=G2(3)M2 order=12096 central_classes=1 central_squares=1 real_characters=14 surviving_elements=0
TABLE143 index=2605 name=U3(4) order=62400 central_classes=1 central_squares=1 real_characters=6 surviving_elements=0
TABLE143 index=2606 name=U3(4).2 order=124800 central_classes=1 central_squares=1 real_characters=18 surviving_elements=0
TABLE143 index=2607 name=U3(4).4 order=249600 central_classes=1 central_squares=1 real_characters=12 surviving_elements=0
TABLE143 index=2608 name=U3(5) order=126000 central_classes=1 central_squares=1 real_characters=10 surviving_elements=0
TABLE143 index=2609 name=U3(5).2 order=252000 central_classes=1 central_squares=1 real_characters=17 surviving_elements=0
TABLE143 index=2610 name=U3(5).3 order=378000 central_classes=1 central_squares=1 real_characters=8 surviving_elements=0
TABLE143 index=2611 name=U3(5).3.2 order=756000 central_classes=1 central_squares=1 real_characters=27 surviving_elements=0
TABLE143 index=2612 name=U3(7) order=5663616 central_classes=1 central_squares=1 real_characters=10 surviving_elements=0
TABLE143 index=2613 name=U3(7).2 order=11327232 central_classes=1 central_squares=1 real_characters=42 surviving_elements=0
TABLE143 index=2614 name=U3(8) order=5515776 central_classes=1 central_squares=1 real_characters=12 surviving_elements=0
TABLE143 index=2615 name=U3(8).2 order=11031552 central_classes=1 central_squares=1 real_characters=27 surviving_elements=0
TABLE143 index=2616 name=U3(8).3_1 order=16547328 central_classes=1 central_squares=1 real_characters=8 surviving_elements=0
TABLE143 index=2617 name=U3(8).3_2 order=16547328 central_classes=1 central_squares=1 real_characters=10 surviving_elements=0
TABLE143 index=2618 name=U3(8).3_3 order=16547328 central_classes=1 central_squares=1 real_characters=6 surviving_elements=0
TABLE143 index=2619 name=U3(8).6 order=33094656 central_classes=1 central_squares=1 real_characters=15 surviving_elements=0
TABLE143 index=2620 name=U3(8).S3 order=33094656 central_classes=1 central_squares=1 real_characters=51 surviving_elements=0
TABLE143 index=2621 name=U3(8).3^2 order=49641984 central_classes=1 central_squares=1 real_characters=6 surviving_elements=0
TABLE143 index=2622 name=U3(8).(S3x3) order=99283968 central_classes=1 central_squares=1 real_characters=23 surviving_elements=0
TABLE143 index=2623 name=U3(9) order=42573600 central_classes=1 central_squares=1 real_characters=12 surviving_elements=0
TABLE143 index=2624 name=U3(9).2 order=85147200 central_classes=1 central_squares=1 real_characters=62 surviving_elements=0
TABLE143 index=2625 name=U3(9).4 order=170294400 central_classes=1 central_squares=1 real_characters=36 surviving_elements=0
TABLE143 index=2626 name=2.U4(2) order=51840 central_classes=2 central_squares=1 real_characters=14 surviving_elements=0
TABLE143 index=2627 name=2.U4(2).2 order=103680 central_classes=2 central_squares=1 real_characters=30 surviving_elements=0
TABLE143 index=2628 name=Isoclinic(2.U4(2).2) order=103680 central_classes=2 central_squares=1 real_characters=38 surviving_elements=0
TABLE143 index=2629 name=3.U3(11) order=212747040 central_classes=3 central_squares=3 real_characters=16 surviving_elements=0
TABLE143 index=2630 name=3.U3(11).2 order=425494080 central_classes=1 central_squares=1 real_characters=88 surviving_elements=0
TABLE143 index=2631 name=3.U3(11).3 order=638241120 central_classes=3 central_squares=3 real_characters=14 surviving_elements=0
TABLE143 index=2632 name=Isoclinic(3.U3(11).3,1) order=638241120 central_classes=3 central_squares=3 real_characters=14 surviving_elements=0
TABLE143 index=2633 name=Isoclinic(3.U3(11).3,2) order=638241120 central_classes=3 central_squares=3 real_characters=14 surviving_elements=0
TABLE143 index=2634 name=3.U3(11).S3 order=1276482240 central_classes=1 central_squares=1 real_characters=220 surviving_elements=0
TABLE143 index=2635 name=U3(11) order=70915680 central_classes=1 central_squares=1 real_characters=16 surviving_elements=0
TABLE143 index=2636 name=U3(11).2 order=141831360 central_classes=1 central_squares=1 real_characters=43 surviving_elements=0
TABLE143 index=2637 name=U3(11).3 order=212747040 central_classes=1 central_squares=1 real_characters=14 surviving_elements=0
TABLE143 index=2638 name=U3(11).S3 order=425494080 central_classes=1 central_squares=1 real_characters=87 surviving_elements=0
TABLE143 index=2639 name=U4(2) order=25920 central_classes=1 central_squares=1 real_characters=10 surviving_elements=0
TABLE143 index=2640 name=U4(2).2 order=51840 central_classes=1 central_squares=1 real_characters=25 surviving_elements=0
TABLE143 index=2641 name=U4(3).2_1M4 order=51840 central_classes=1 central_squares=1 real_characters=25 surviving_elements=0
TABLE143 index=2642 name=U5(2) order=13685760 central_classes=1 central_squares=1 real_characters=13 surviving_elements=0
TABLE143 index=2643 name=U5(2).2 order=27371520 central_classes=1 central_squares=1 real_characters=37 surviving_elements=0
TABLE143 index=2644 name=2.U6(2) order=18393661440 central_classes=2 central_squares=1 real_characters=57 surviving_elements=0
TABLE143 index=2645 name=2.U6(2).2 order=36787322880 central_classes=2 central_squares=1 real_characters=113 surviving_elements=0
TABLE143 index=2646 name=Isoclinic(2.U6(2).2) order=36787322880 central_classes=2 central_squares=1 real_characters=67 surviving_elements=0
TABLE143 index=2647 name=2^2.U6(2) order=36787322880 central_classes=4 central_squares=1 real_characters=103 surviving_elements=0
TABLE143 index=2648 name=2^2.U6(2).2 order=73574645760 central_classes=2 central_squares=1 real_characters=136 surviving_elements=0
TABLE143 index=2649 name=2^2.U6(2).3 order=110361968640 central_classes=1 central_squares=1 real_characters=51 surviving_elements=0
TABLE143 index=2650 name=2^2.U6(2).3.2 order=220723937280 central_classes=1 central_squares=1 real_characters=147 surviving_elements=0
TABLE143 index=2651 name=3.U6(2) order=27590492160 central_classes=3 central_squares=3 real_characters=34 surviving_elements=0
TABLE143 index=2652 name=3.U6(2).2 order=55180984320 central_classes=1 central_squares=1 real_characters=100 surviving_elements=0
TABLE143 index=2653 name=3.U6(2).3 order=82771476480 central_classes=3 central_squares=3 real_characters=28 surviving_elements=0
TABLE143 index=2654 name=Isoclinic(3.U6(2).3,1) order=82771476480 central_classes=3 central_squares=3 real_characters=28 surviving_elements=0
TABLE143 index=2655 name=Isoclinic(3.U6(2).3,2) order=82771476480 central_classes=3 central_squares=3 real_characters=28 surviving_elements=0
TABLE143 index=2656 name=6.U6(2) order=55180984320 central_classes=6 central_squares=3 real_characters=57 surviving_elements=0
TABLE143 index=2657 name=6.U6(2).2 order=110361968640 central_classes=2 central_squares=1 real_characters=178 surviving_elements=0
TABLE143 index=2658 name=Isoclinic(6.U6(2).2) order=110361968640 central_classes=2 central_squares=1 real_characters=132 surviving_elements=0
TABLE143 index=2659 name=U6(2) order=9196830720 central_classes=1 central_squares=1 real_characters=34 surviving_elements=0
TABLE143 index=2660 name=U6(2).2 order=18393661440 central_classes=1 central_squares=1 real_characters=63 surviving_elements=0
TABLE143 index=2661 name=U6(2).3 order=27590492160 central_classes=1 central_squares=1 real_characters=28 surviving_elements=0
TABLE143 index=2662 name=U6(2).3.2 order=55180984320 central_classes=1 central_squares=1 real_characters=97 surviving_elements=0
TABLE143 index=2663 name=3.U6(2).3.2 order=165542952960 central_classes=1 central_squares=1 real_characters=202 surviving_elements=0
TABLE143 index=2664 name=(2^2x3).U6(2) order=110361968640 central_classes=12 central_squares=3 real_characters=103 surviving_elements=0
TABLE143 index=2665 name=(2^2x3).U6(2).2 order=220723937280 central_classes=2 central_squares=1 real_characters=201 surviving_elements=0
TABLE143 index=2666 name=(2^2x3).U6(2).3 order=331085905920 central_classes=3 central_squares=3 real_characters=51 surviving_elements=0
TABLE143 index=2667 name=U4(4) order=1018368000 central_classes=1 central_squares=1 real_characters=26 surviving_elements=0
TABLE143 index=2668 name=U4(4).4 order=4073472000 central_classes=1 central_squares=1 real_characters=53 surviving_elements=0
TABLE143 index=2669 name=U4(5) order=14742000000 central_classes=1 central_squares=1 real_characters=45 surviving_elements=0
TABLE143 index=2670 name=U4(5).2_1 order=29484000000 central_classes=1 central_squares=1 real_characters=116 surviving_elements=0
TABLE143 index=2671 name=U4(5).2_2 order=29484000000 central_classes=1 central_squares=1 real_characters=45 surviving_elements=0
TABLE143 index=2672 name=U4(5).2_3 order=29484000000 central_classes=1 central_squares=1 real_characters=95 surviving_elements=0
TABLE143 index=2673 name=U4(5).2^2 order=58968000000 central_classes=1 central_squares=1 real_characters=154 surviving_elements=0
TABLE143 index=2674 name=U5(4) order=53443952640000 central_classes=1 central_squares=1 real_characters=35 surviving_elements=0
TABLE143 index=2675 name=U5(4).2 order=106887905280000 central_classes=1 central_squares=1 real_characters=78 surviving_elements=0
TABLE143 index=2676 name=U5(3) order=258190571520 central_classes=1 central_squares=1 real_characters=28 surviving_elements=0
TABLE143 index=2677 name=U7(2) order=227787103272960 central_classes=1 central_squares=1 real_characters=37 surviving_elements=0
TABLE143 index=2678 name=U6(4) order=1120527288631296000000 central_classes=1 central_squares=1 real_characters=116 surviving_elements=0
TABLE143 index=2679 name=Alt(2) order=1 central_classes=1 central_squares=1 real_characters=1 surviving_elements=0
TABLE143 index=2680 name=2.Alt(2) order=2 central_classes=2 central_squares=1 real_characters=2 surviving_elements=0
TABLE143 index=2681 name=Sym(2) order=2 central_classes=2 central_squares=1 real_characters=2 surviving_elements=0
TABLE143 index=2682 name=2.Sym(2) order=4 central_classes=4 central_squares=2 real_characters=2 surviving_elements=0
TABLE143 index=2683 name=Alt(3) order=3 central_classes=3 central_squares=3 real_characters=1 surviving_elements=0
TABLE143 index=2684 name=2.Alt(3) order=6 central_classes=6 central_squares=3 real_characters=2 surviving_elements=0
TABLE143 index=2685 name=Sym(3) order=6 central_classes=1 central_squares=1 real_characters=3 surviving_elements=0
TABLE143 index=2686 name=2.Sym(3) order=12 central_classes=2 central_squares=1 real_characters=4 surviving_elements=0
TABLE143 index=2687 name=Alt(4) order=12 central_classes=1 central_squares=1 real_characters=2 surviving_elements=0
TABLE143 index=2688 name=2.Alt(4) order=24 central_classes=2 central_squares=1 real_characters=3 surviving_elements=0
TABLE143 index=2689 name=Sym(4) order=24 central_classes=1 central_squares=1 real_characters=5 surviving_elements=0
TABLE143 index=2690 name=2.Sym(4) order=48 central_classes=2 central_squares=1 real_characters=8 surviving_elements=0
TABLE143 index=2691 name=Alt(5) order=60 central_classes=1 central_squares=1 real_characters=5 surviving_elements=0
TABLE143 index=2692 name=2.Alt(5) order=120 central_classes=2 central_squares=1 real_characters=9 surviving_elements=0
TABLE143 index=2693 name=Sym(5) order=120 central_classes=1 central_squares=1 real_characters=7 surviving_elements=0
TABLE143 index=2694 name=2.Sym(5) order=240 central_classes=2 central_squares=1 real_characters=12 surviving_elements=0
TABLE143 index=2695 name=Alt(6) order=360 central_classes=1 central_squares=1 real_characters=7 surviving_elements=0
TABLE143 index=2696 name=2.Alt(6) order=720 central_classes=2 central_squares=1 real_characters=13 surviving_elements=0
TABLE143 index=2697 name=Sym(6) order=720 central_classes=1 central_squares=1 real_characters=11 surviving_elements=0
TABLE143 index=2698 name=2.Sym(6) order=1440 central_classes=2 central_squares=1 real_characters=15 surviving_elements=0
TABLE143 index=2699 name=Alt(7) order=2520 central_classes=1 central_squares=1 real_characters=7 surviving_elements=0
TABLE143 index=2700 name=2.Alt(7) order=5040 central_classes=2 central_squares=1 real_characters=12 surviving_elements=0
TABLE143 index=2701 name=Sym(7) order=5040 central_classes=1 central_squares=1 real_characters=15 surviving_elements=0
TABLE143 index=2702 name=2.Sym(7) order=10080 central_classes=2 central_squares=1 real_characters=17 surviving_elements=0
TABLE143 index=2703 name=Alt(8) order=20160 central_classes=1 central_squares=1 real_characters=10 surviving_elements=0
TABLE143 index=2704 name=2.Alt(8) order=40320 central_classes=2 central_squares=1 real_characters=13 surviving_elements=0
TABLE143 index=2705 name=Sym(8) order=40320 central_classes=1 central_squares=1 real_characters=22 surviving_elements=0
TABLE143 index=2706 name=2.Sym(8) order=80640 central_classes=2 central_squares=1 real_characters=27 surviving_elements=0
TABLE143 index=2707 name=Alt(9) order=181440 central_classes=1 central_squares=1 real_characters=16 surviving_elements=0
TABLE143 index=2708 name=2.Alt(9) order=362880 central_classes=2 central_squares=1 real_characters=22 surviving_elements=0
TABLE143 index=2709 name=Sym(9) order=362880 central_classes=1 central_squares=1 real_characters=30 surviving_elements=0
TABLE143 index=2710 name=2.Sym(9) order=725760 central_classes=2 central_squares=1 real_characters=42 surviving_elements=0
TABLE143 index=2711 name=Alt(10) order=1814400 central_classes=1 central_squares=1 real_characters=24 surviving_elements=0
TABLE143 index=2712 name=2.Alt(10) order=3628800 central_classes=2 central_squares=1 real_characters=37 surviving_elements=0
TABLE143 index=2713 name=Sym(10) order=3628800 central_classes=1 central_squares=1 real_characters=42 surviving_elements=0
TABLE143 index=2714 name=2.Sym(10) order=7257600 central_classes=2 central_squares=1 real_characters=55 surviving_elements=0
TABLE143 index=2715 name=Alt(11) order=19958400 central_classes=1 central_squares=1 real_characters=29 surviving_elements=0
TABLE143 index=2716 name=2.Alt(11) order=39916800 central_classes=2 central_squares=1 real_characters=45 surviving_elements=0
TABLE143 index=2717 name=Sym(11) order=39916800 central_classes=1 central_squares=1 real_characters=56 surviving_elements=0
TABLE143 index=2718 name=2.Sym(11) order=79833600 central_classes=2 central_squares=1 real_characters=64 surviving_elements=0
TABLE143 index=2719 name=Alt(12) order=239500800 central_classes=1 central_squares=1 real_characters=37 surviving_elements=0
TABLE143 index=2720 name=2.Alt(12) order=479001600 central_classes=2 central_squares=1 real_characters=49 surviving_elements=0
TABLE143 index=2721 name=Sym(12) order=479001600 central_classes=1 central_squares=1 real_characters=77 surviving_elements=0
TABLE143 index=2722 name=2.Sym(12) order=958003200 central_classes=2 central_squares=1 real_characters=86 surviving_elements=0
TABLE143 index=2723 name=Alt(13) order=3113510400 central_classes=1 central_squares=1 real_characters=51 surviving_elements=0
TABLE143 index=2724 name=2.Alt(13) order=6227020800 central_classes=2 central_squares=1 real_characters=62 surviving_elements=0
TABLE143 index=2725 name=Sym(13) order=6227020800 central_classes=1 central_squares=1 real_characters=101 surviving_elements=0
TABLE143 index=2726 name=2.Sym(13) order=12454041600 central_classes=2 central_squares=1 real_characters=122 surviving_elements=0
TABLE143 index=2727 name=Alt(14) order=43589145600 central_classes=1 central_squares=1 real_characters=72 surviving_elements=0
TABLE143 index=2728 name=2.Alt(14) order=87178291200 central_classes=2 central_squares=1 real_characters=95 surviving_elements=0
TABLE143 index=2729 name=Sym(14) order=87178291200 central_classes=1 central_squares=1 real_characters=135 surviving_elements=0
TABLE143 index=2730 name=2.Sym(14) order=174356582400 central_classes=2 central_squares=1 real_characters=166 surviving_elements=0
TABLE143 index=2731 name=Alt(15) order=653837184000 central_classes=1 central_squares=1 real_characters=92 surviving_elements=0
TABLE143 index=2732 name=2.Alt(15) order=1307674368000 central_classes=2 central_squares=1 real_characters=129 surviving_elements=0
TABLE143 index=2733 name=Sym(15) order=1307674368000 central_classes=1 central_squares=1 real_characters=176 surviving_elements=0
TABLE143 index=2734 name=2.Sym(15) order=2615348736000 central_classes=2 central_squares=1 real_characters=202 surviving_elements=0
TABLE143 index=2735 name=Alt(16) order=10461394944000 central_classes=1 central_squares=1 real_characters=115 surviving_elements=0
TABLE143 index=2736 name=2.Alt(16) order=20922789888000 central_classes=2 central_squares=1 real_characters=149 surviving_elements=0
TABLE143 index=2737 name=Sym(16) order=20922789888000 central_classes=1 central_squares=1 real_characters=231 surviving_elements=0
TABLE143 index=2738 name=2.Sym(16) order=41845579776000 central_classes=2 central_squares=1 real_characters=251 surviving_elements=0
TABLE143 index=2739 name=Alt(17) order=177843714048000 central_classes=1 central_squares=1 real_characters=148 surviving_elements=0
TABLE143 index=2740 name=2.Alt(17) order=355687428096000 central_classes=2 central_squares=1 real_characters=173 surviving_elements=0
TABLE143 index=2741 name=Sym(17) order=355687428096000 central_classes=1 central_squares=1 real_characters=297 surviving_elements=0
TABLE143 index=2742 name=2.Sym(17) order=711374856192000 central_classes=2 central_squares=1 real_characters=332 surviving_elements=0
TABLE143 index=2743 name=Alt(18) order=3201186852864000 central_classes=1 central_squares=1 real_characters=198 surviving_elements=0
TABLE143 index=2744 name=2.Alt(18) order=6402373705728000 central_classes=2 central_squares=1 real_characters=237 surviving_elements=0
TABLE143 index=2745 name=Sym(18) order=6402373705728000 central_classes=1 central_squares=1 real_characters=385 surviving_elements=0
TABLE143 index=2746 name=2.Sym(18) order=12804747411456000 central_classes=2 central_squares=1 real_characters=446 surviving_elements=0
TABLE143 index=2747 name=Alt(19) order=60822550204416000 central_classes=1 central_squares=1 real_characters=252 surviving_elements=0
TABLE143 index=2748 name=2.Alt(19) order=121645100408832000 central_classes=2 central_squares=1 real_characters=321 surviving_elements=0
TABLE143 index=2749 name=Sym(19) order=121645100408832000 central_classes=1 central_squares=1 real_characters=490 surviving_elements=0
TABLE143 index=2750 name=2.Sym(19) order=243290200817664000 central_classes=2 central_squares=1 real_characters=553 surviving_elements=0
DONE143 tables=2750 criterion_passed=2739 flagged_tables=11 surviving_elements=13
