PARAMETERS orders=[ 2, 4, 8, 16, 32, 64, 128, 256 ] GAP=4.16.1
ORDER_START order=2 groups=1
ORDER_DONE order=2 rank_excluded=1 involution_excluded=0 hits=0
ORDER_START order=4 groups=2
ORDER_DONE order=4 rank_excluded=2 involution_excluded=0 hits=0
ORDER_START order=8 groups=5
ORDER_DONE order=8 rank_excluded=5 involution_excluded=0 hits=0
ORDER_START order=16 groups=14
INVOLUTION_EXCLUSION id=[ 16, 13 ] d=3 zrank=1 witness=[ 0, 1, 0, 0 ]
ORDER_DONE order=16 rank_excluded=13 involution_excluded=1 hits=0
ORDER_START order=32 groups=51
INVOLUTION_EXCLUSION id=[ 32, 38 ] d=3 zrank=1 witness=[ 0, 0, 1, 0, 0 ]
INVOLUTION_EXCLUSION id=[ 32, 42 ] d=3 zrank=1 witness=[ 0, 0, 1, 1, 0 ]
INVOLUTION_EXCLUSION id=[ 32, 43 ] d=3 zrank=1 witness=[ 0, 0, 1, 0, 0 ]
INVOLUTION_EXCLUSION id=[ 32, 44 ] d=3 zrank=1 witness=[ 0, 0, 1, 0, 0 ]
INVOLUTION_EXCLUSION id=[ 32, 49 ] d=4 zrank=1 witness=[ 0, 0, 0, 1, 0 ]
INVOLUTION_EXCLUSION id=[ 32, 50 ] d=4 zrank=1 witness=[ 0, 0, 0, 1, 0 ]
ORDER_DONE order=32 rank_excluded=45 involution_excluded=6 hits=0
ORDER_START order=64 groups=267
INVOLUTION_EXCLUSION id=[ 64, 91 ] d=3 zrank=1 witness=[ 0, 0, 0, 0, 1, 0 ]
INVOLUTION_EXCLUSION id=[ 64, 94 ] d=3 zrank=1 witness=[ 0, 0, 0, 1, 0, 0 ]
INVOLUTION_EXCLUSION id=[ 64, 102 ] d=3 zrank=1 witness=[ 0, 0, 0, 1, 1, 0 ]
INVOLUTION_EXCLUSION id=[ 64, 111 ] d=3 zrank=1 witness=[ 0, 0, 0, 1, 1, 0 ]
INVOLUTION_EXCLUSION id=[ 64, 124 ] d=3 zrank=1 witness=[ 0, 0, 0, 1, 1, 0 ]
INVOLUTION_EXCLUSION id=[ 64, 125 ] d=3 zrank=1 witness=[ 0, 0, 0, 1, 1, 0 ]
INVOLUTION_EXCLUSION id=[ 64, 134 ] d=3 zrank=1 witness=[ 0, 0, 0, 0, 1, 0 ]
INVOLUTION_EXCLUSION id=[ 64, 135 ] d=3 zrank=1 witness=[ 0, 0, 0, 0, 1, 0 ]
INVOLUTION_EXCLUSION id=[ 64, 136 ] d=3 zrank=1 witness=[ 0, 0, 0, 0, 1, 0 ]
INVOLUTION_EXCLUSION id=[ 64, 137 ] d=3 zrank=1 witness=[ 0, 0, 0, 0, 1, 0 ]
INVOLUTION_EXCLUSION id=[ 64, 138 ] d=3 zrank=1 witness=[ 0, 0, 0, 0, 1, 0 ]
INVOLUTION_EXCLUSION id=[ 64, 139 ] d=3 zrank=1 witness=[ 0, 0, 0, 0, 1, 0 ]
INVOLUTION_EXCLUSION id=[ 64, 152 ] d=3 zrank=1 witness=[ 0, 0, 0, 1, 1, 0 ]
INVOLUTION_EXCLUSION id=[ 64, 153 ] d=3 zrank=1 witness=[ 0, 0, 0, 1, 1, 0 ]
INVOLUTION_EXCLUSION id=[ 64, 154 ] d=3 zrank=1 witness=[ 0, 0, 0, 1, 1, 0 ]
INVOLUTION_EXCLUSION id=[ 64, 185 ] d=3 zrank=1 witness=[ 0, 0, 1, 0, 0, 0 ]
INVOLUTION_EXCLUSION id=[ 64, 189 ] d=3 zrank=1 witness=[ 0, 0, 1, 0, 1, 0 ]
INVOLUTION_EXCLUSION id=[ 64, 190 ] d=3 zrank=1 witness=[ 0, 0, 1, 0, 0, 0 ]
INVOLUTION_EXCLUSION id=[ 64, 191 ] d=3 zrank=1 witness=[ 0, 0, 1, 0, 0, 0 ]
INVOLUTION_EXCLUSION id=[ 64, 249 ] d=4 zrank=1 witness=[ 0, 0, 0, 1, 0, 0 ]
INVOLUTION_EXCLUSION id=[ 64, 256 ] d=4 zrank=1 witness=[ 0, 0, 0, 1, 1, 0 ]
INVOLUTION_EXCLUSION id=[ 64, 257 ] d=4 zrank=1 witness=[ 0, 0, 0, 1, 0, 0 ]
INVOLUTION_EXCLUSION id=[ 64, 258 ] d=4 zrank=1 witness=[ 0, 0, 0, 1, 0, 0 ]
INVOLUTION_EXCLUSION id=[ 64, 259 ] d=4 zrank=1 witness=[ 0, 0, 0, 1, 0, 0 ]
INVOLUTION_EXCLUSION id=[ 64, 264 ] d=5 zrank=2 witness=[ 0, 0, 0, 1, 0, 0 ]
INVOLUTION_EXCLUSION id=[ 64, 265 ] d=5 zrank=2 witness=[ 0, 0, 0, 1, 0, 0 ]
INVOLUTION_EXCLUSION id=[ 64, 266 ] d=5 zrank=1 witness=[ 0, 0, 0, 1, 0, 0 ]
ORDER_DONE order=64 rank_excluded=240 involution_excluded=27 hits=0
ORDER_START order=128 groups=2328
INVOLUTION_EXCLUSION id=[ 128, 479 ] d=3 zrank=1 witness=[ 0, 0, 0, 0, 0, 1, 0 ]
INVOLUTION_EXCLUSION id=[ 128, 489 ] d=3 zrank=1 witness=[ 0, 0, 0, 0, 0, 1, 0 ]
INVOLUTION_EXCLUSION id=[ 128, 523 ] d=3 zrank=1 witness=[ 0, 0, 0, 0, 1, 0, 0 ]
INVOLUTION_EXCLUSION id=[ 128, 526 ] d=3 zrank=1 witness=[ 0, 0, 0, 0, 1, 0, 0 ]
INVOLUTION_EXCLUSION id=[ 128, 527 ] d=3 zrank=1 witness=[ 0, 0, 0, 0, 0, 1, 0 ]
INVOLUTION_EXCLUSION id=[ 128, 528 ] d=3 zrank=1 witness=[ 0, 0, 0, 0, 0, 1, 0 ]
INVOLUTION_EXCLUSION id=[ 128, 544 ] d=3 zrank=1 witness=[ 0, 0, 0, 0, 0, 1, 0 ]
INVOLUTION_EXCLUSION id=[ 128, 545 ] d=3 zrank=1 witness=[ 0, 0, 0, 0, 1, 0, 0 ]
INVOLUTION_EXCLUSION id=[ 128, 546 ] d=3 zrank=1 witness=[ 0, 0, 0, 0, 0, 1, 0 ]
INVOLUTION_EXCLUSION id=[ 128, 559 ] d=3 zrank=1 witness=[ 0, 0, 0, 0, 0, 1, 0 ]
INVOLUTION_EXCLUSION id=[ 128, 560 ] d=3 zrank=1 witness=[ 0, 0, 0, 0, 0, 1, 0 ]
INVOLUTION_EXCLUSION id=[ 128, 561 ] d=3 zrank=1 witness=[ 0, 0, 0, 0, 1, 0, 0 ]
INVOLUTION_EXCLUSION id=[ 128, 562 ] d=3 zrank=1 witness=[ 0, 0, 0, 0, 1, 0, 0 ]
INVOLUTION_EXCLUSION id=[ 128, 565 ] d=3 zrank=1 witness=[ 0, 0, 0, 0, 0, 1, 0 ]
INVOLUTION_EXCLUSION id=[ 128, 573 ] d=3 zrank=1 witness=[ 0, 0, 0, 0, 0, 1, 0 ]
INVOLUTION_EXCLUSION id=[ 128, 590 ] d=3 zrank=1 witness=[ 0, 0, 0, 0, 1, 0, 0 ]
INVOLUTION_EXCLUSION id=[ 128, 593 ] d=3 zrank=1 witness=[ 0, 0, 0, 0, 1, 1, 0 ]
INVOLUTION_EXCLUSION id=[ 128, 600 ] d=3 zrank=1 witness=[ 0, 0, 0, 0, 1, 0, 0 ]
INVOLUTION_EXCLUSION id=[ 128, 613 ] d=3 zrank=1 witness=[ 0, 0, 0, 0, 0, 1, 0 ]
INVOLUTION_EXCLUSION id=[ 128, 616 ] d=3 zrank=1 witness=[ 0, 0, 0, 0, 0, 1, 0 ]
INVOLUTION_EXCLUSION id=[ 128, 623 ] d=3 zrank=1 witness=[ 0, 0, 0, 0, 1, 0, 0 ]
INVOLUTION_EXCLUSION id=[ 128, 634 ] d=3 zrank=1 witness=[ 0, 0, 0, 0, 0, 1, 0 ]
INVOLUTION_EXCLUSION id=[ 128, 635 ] d=3 zrank=1 witness=[ 0, 0, 0, 0, 0, 1, 0 ]
INVOLUTION_EXCLUSION id=[ 128, 636 ] d=3 zrank=1 witness=[ 0, 0, 0, 0, 1, 1, 0 ]
INVOLUTION_EXCLUSION id=[ 128, 637 ] d=3 zrank=1 witness=[ 0, 0, 0, 0, 1, 1, 0 ]
INVOLUTION_EXCLUSION id=[ 128, 638 ] d=3 zrank=1 witness=[ 0, 0, 0, 0, 0, 1, 0 ]
INVOLUTION_EXCLUSION id=[ 128, 641 ] d=3 zrank=1 witness=[ 0, 0, 0, 0, 0, 1, 0 ]
INVOLUTION_EXCLUSION id=[ 128, 642 ] d=3 zrank=1 witness=[ 0, 0, 0, 0, 0, 1, 0 ]
INVOLUTION_EXCLUSION id=[ 128, 643 ] d=3 zrank=1 witness=[ 0, 0, 0, 0, 1, 0, 0 ]
INVOLUTION_EXCLUSION id=[ 128, 644 ] d=3 zrank=1 witness=[ 0, 0, 0, 0, 1, 0, 0 ]
INVOLUTION_EXCLUSION id=[ 128, 645 ] d=3 zrank=1 witness=[ 0, 0, 0, 0, 0, 1, 0 ]
INVOLUTION_EXCLUSION id=[ 128, 646 ] d=3 zrank=1 witness=[ 0, 0, 0, 0, 1, 0, 0 ]
INVOLUTION_EXCLUSION id=[ 128, 647 ] d=3 zrank=1 witness=[ 0, 0, 0, 0, 1, 0, 0 ]
INVOLUTION_EXCLUSION id=[ 128, 664 ] d=3 zrank=1 witness=[ 0, 0, 0, 0, 1, 0, 0 ]
INVOLUTION_EXCLUSION id=[ 128, 685 ] d=3 zrank=1 witness=[ 0, 0, 0, 0, 1, 1, 0 ]
INVOLUTION_EXCLUSION id=[ 128, 708 ] d=3 zrank=1 witness=[ 0, 0, 0, 0, 0, 1, 0 ]
INVOLUTION_EXCLUSION id=[ 128, 740 ] d=3 zrank=1 witness=[ 0, 0, 0, 0, 0, 1, 0 ]
INVOLUTION_EXCLUSION id=[ 128, 741 ] d=3 zrank=1 witness=[ 0, 0, 0, 0, 0, 1, 0 ]
INVOLUTION_EXCLUSION id=[ 128, 742 ] d=3 zrank=1 witness=[ 0, 0, 0, 0, 0, 1, 0 ]
INVOLUTION_EXCLUSION id=[ 128, 749 ] d=3 zrank=1 witness=[ 0, 0, 0, 0, 1, 1, 0 ]
INVOLUTION_EXCLUSION id=[ 128, 763 ] d=3 zrank=1 witness=[ 0, 0, 0, 0, 1, 1, 0 ]
INVOLUTION_EXCLUSION id=[ 128, 764 ] d=3 zrank=1 witness=[ 0, 0, 0, 0, 0, 1, 0 ]
INVOLUTION_EXCLUSION id=[ 128, 780 ] d=3 zrank=1 witness=[ 0, 0, 0, 0, 0, 1, 0 ]
INVOLUTION_EXCLUSION id=[ 128, 781 ] d=3 zrank=1 witness=[ 0, 0, 0, 0, 0, 1, 0 ]
INVOLUTION_EXCLUSION id=[ 128, 782 ] d=3 zrank=1 witness=[ 0, 0, 0, 0, 0, 1, 0 ]
INVOLUTION_EXCLUSION id=[ 128, 785 ] d=3 zrank=1 witness=[ 0, 0, 0, 0, 1, 1, 0 ]
INVOLUTION_EXCLUSION id=[ 128, 801 ] d=3 zrank=1 witness=[ 0, 0, 0, 0, 0, 1, 0 ]
INVOLUTION_EXCLUSION id=[ 128, 802 ] d=3 zrank=1 witness=[ 0, 0, 0, 0, 0, 1, 0 ]
INVOLUTION_EXCLUSION id=[ 128, 812 ] d=3 zrank=1 witness=[ 0, 0, 0, 0, 0, 1, 0 ]
INVOLUTION_EXCLUSION id=[ 128, 813 ] d=3 zrank=1 witness=[ 0, 0, 0, 0, 0, 1, 0 ]
INVOLUTION_EXCLUSION id=[ 128, 814 ] d=3 zrank=1 witness=[ 0, 0, 0, 0, 0, 1, 0 ]
INVOLUTION_EXCLUSION id=[ 128, 823 ] d=3 zrank=1 witness=[ 0, 0, 0, 0, 0, 1, 0 ]
INVOLUTION_EXCLUSION id=[ 128, 830 ] d=3 zrank=1 witness=[ 0, 0, 0, 0, 1, 0, 0 ]
INVOLUTION_EXCLUSION id=[ 128, 834 ] d=3 zrank=1 witness=[ 0, 0, 0, 0, 0, 1, 0 ]
INVOLUTION_EXCLUSION id=[ 128, 835 ] d=3 zrank=1 witness=[ 0, 0, 0, 0, 1, 0, 0 ]
INVOLUTION_EXCLUSION id=[ 128, 836 ] d=3 zrank=1 witness=[ 0, 0, 0, 0, 0, 1, 0 ]
INVOLUTION_EXCLUSION id=[ 128, 842 ] d=3 zrank=1 witness=[ 0, 0, 0, 0, 1, 0, 0 ]
INVOLUTION_EXCLUSION id=[ 128, 847 ] d=3 zrank=1 witness=[ 0, 0, 0, 1, 0, 0, 0 ]
INVOLUTION_EXCLUSION id=[ 128, 849 ] d=3 zrank=1 witness=[ 0, 0, 0, 1, 0, 1, 0 ]
INVOLUTION_EXCLUSION id=[ 128, 852 ] d=3 zrank=1 witness=[ 0, 0, 0, 0, 0, 1, 0 ]
INVOLUTION_EXCLUSION id=[ 128, 853 ] d=3 zrank=1 witness=[ 0, 0, 0, 0, 0, 1, 0 ]
INVOLUTION_EXCLUSION id=[ 128, 854 ] d=3 zrank=1 witness=[ 0, 0, 0, 0, 0, 1, 0 ]
INVOLUTION_EXCLUSION id=[ 128, 855 ] d=3 zrank=1 witness=[ 0, 0, 0, 0, 0, 1, 0 ]
INVOLUTION_EXCLUSION id=[ 128, 858 ] d=3 zrank=1 witness=[ 0, 0, 0, 0, 0, 1, 0 ]
INVOLUTION_EXCLUSION id=[ 128, 859 ] d=3 zrank=1 witness=[ 0, 0, 0, 0, 0, 1, 0 ]
INVOLUTION_EXCLUSION id=[ 128, 860 ] d=3 zrank=1 witness=[ 0, 0, 0, 0, 0, 1, 0 ]
INVOLUTION_EXCLUSION id=[ 128, 861 ] d=3 zrank=1 witness=[ 0, 0, 0, 0, 0, 1, 0 ]
INVOLUTION_EXCLUSION id=[ 128, 864 ] d=3 zrank=1 witness=[ 0, 0, 0, 0, 0, 1, 0 ]
INVOLUTION_EXCLUSION id=[ 128, 865 ] d=3 zrank=1 witness=[ 0, 0, 0, 0, 0, 1, 0 ]
INVOLUTION_EXCLUSION id=[ 128, 866 ] d=3 zrank=1 witness=[ 0, 0, 0, 0, 0, 1, 0 ]
INVOLUTION_EXCLUSION id=[ 128, 867 ] d=3 zrank=1 witness=[ 0, 0, 0, 0, 0, 1, 0 ]
INVOLUTION_EXCLUSION id=[ 128, 875 ] d=3 zrank=1 witness=[ 0, 0, 0, 0, 1, 1, 0 ]
INVOLUTION_EXCLUSION id=[ 128, 877 ] d=3 zrank=1 witness=[ 0, 0, 0, 0, 1, 0, 0 ]
INVOLUTION_EXCLUSION id=[ 128, 880 ] d=3 zrank=1 witness=[ 0, 0, 0, 0, 1, 1, 0 ]
INVOLUTION_EXCLUSION id=[ 128, 885 ] d=3 zrank=1 witness=[ 0, 0, 0, 1, 0, 1, 0 ]
INVOLUTION_EXCLUSION id=[ 128, 887 ] d=3 zrank=1 witness=[ 0, 0, 0, 0, 1, 0, 0 ]
INVOLUTION_EXCLUSION id=[ 128, 893 ] d=3 zrank=1 witness=[ 0, 0, 0, 0, 1, 1, 0 ]
INVOLUTION_EXCLUSION id=[ 128, 897 ] d=3 zrank=1 witness=[ 0, 0, 0, 1, 0, 0, 0 ]
INVOLUTION_EXCLUSION id=[ 128, 898 ] d=3 zrank=1 witness=[ 0, 0, 0, 1, 0, 0, 0 ]
INVOLUTION_EXCLUSION id=[ 128, 902 ] d=3 zrank=1 witness=[ 0, 0, 0, 1, 0, 1, 0 ]
INVOLUTION_EXCLUSION id=[ 128, 903 ] d=3 zrank=1 witness=[ 0, 0, 0, 1, 0, 1, 0 ]
INVOLUTION_EXCLUSION id=[ 128, 910 ] d=3 zrank=1 witness=[ 0, 0, 0, 0, 1, 1, 0 ]
INVOLUTION_EXCLUSION id=[ 128, 911 ] d=3 zrank=1 witness=[ 0, 0, 0, 0, 1, 1, 0 ]
INVOLUTION_EXCLUSION id=[ 128, 912 ] d=3 zrank=1 witness=[ 0, 0, 0, 0, 1, 0, 0 ]
INVOLUTION_EXCLUSION id=[ 128, 913 ] d=3 zrank=1 witness=[ 0, 0, 0, 0, 1, 0, 0 ]
INVOLUTION_EXCLUSION id=[ 128, 922 ] d=3 zrank=1 witness=[ 0, 0, 0, 0, 1, 0, 0 ]
INVOLUTION_EXCLUSION id=[ 128, 923 ] d=3 zrank=1 witness=[ 0, 0, 0, 0, 1, 0, 0 ]
INVOLUTION_EXCLUSION id=[ 128, 924 ] d=3 zrank=1 witness=[ 0, 0, 0, 0, 1, 1, 0 ]
INVOLUTION_EXCLUSION id=[ 128, 925 ] d=3 zrank=1 witness=[ 0, 0, 0, 0, 1, 1, 0 ]
INVOLUTION_EXCLUSION id=[ 128, 926 ] d=3 zrank=1 witness=[ 0, 0, 0, 0, 1, 1, 0 ]
INVOLUTION_EXCLUSION id=[ 128, 927 ] d=3 zrank=1 witness=[ 0, 0, 0, 0, 1, 1, 0 ]
INVOLUTION_EXCLUSION id=[ 128, 928 ] d=3 zrank=1 witness=[ 0, 0, 0, 0, 0, 1, 0 ]
INVOLUTION_EXCLUSION id=[ 128, 929 ] d=3 zrank=1 witness=[ 0, 0, 0, 0, 0, 1, 0 ]
INVOLUTION_EXCLUSION id=[ 128, 930 ] d=3 zrank=1 witness=[ 0, 0, 0, 0, 0, 1, 0 ]
INVOLUTION_EXCLUSION id=[ 128, 931 ] d=3 zrank=1 witness=[ 0, 0, 0, 0, 0, 1, 0 ]
INVOLUTION_EXCLUSION id=[ 128, 932 ] d=3 zrank=1 witness=[ 0, 0, 0, 0, 0, 1, 0 ]
INVOLUTION_EXCLUSION id=[ 128, 933 ] d=3 zrank=1 witness=[ 0, 0, 0, 0, 0, 1, 0 ]
INVOLUTION_EXCLUSION id=[ 128, 934 ] d=3 zrank=1 witness=[ 0, 0, 0, 0, 0, 1, 0 ]
INVOLUTION_EXCLUSION id=[ 128, 935 ] d=3 zrank=1 witness=[ 0, 0, 0, 0, 0, 1, 0 ]
INVOLUTION_EXCLUSION id=[ 128, 936 ] d=3 zrank=1 witness=[ 0, 0, 0, 0, 0, 1, 0 ]
INVOLUTION_EXCLUSION id=[ 128, 937 ] d=3 zrank=1 witness=[ 0, 0, 0, 0, 0, 1, 0 ]
INVOLUTION_EXCLUSION id=[ 128, 944 ] d=3 zrank=1 witness=[ 0, 0, 0, 1, 0, 1, 0 ]
INVOLUTION_EXCLUSION id=[ 128, 945 ] d=3 zrank=1 witness=[ 0, 0, 0, 1, 0, 1, 0 ]
INVOLUTION_EXCLUSION id=[ 128, 946 ] d=3 zrank=1 witness=[ 0, 0, 0, 1, 0, 1, 0 ]
INVOLUTION_EXCLUSION id=[ 128, 953 ] d=3 zrank=1 witness=[ 0, 0, 0, 0, 1, 1, 0 ]
INVOLUTION_EXCLUSION id=[ 128, 954 ] d=3 zrank=1 witness=[ 0, 0, 0, 0, 1, 1, 0 ]
INVOLUTION_EXCLUSION id=[ 128, 955 ] d=3 zrank=1 witness=[ 0, 0, 0, 0, 1, 1, 0 ]
INVOLUTION_EXCLUSION id=[ 128, 962 ] d=3 zrank=1 witness=[ 0, 0, 0, 1, 0, 1, 0 ]
INVOLUTION_EXCLUSION id=[ 128, 963 ] d=3 zrank=1 witness=[ 0, 0, 0, 1, 0, 1, 0 ]
INVOLUTION_EXCLUSION id=[ 128, 970 ] d=3 zrank=1 witness=[ 0, 0, 0, 1, 0, 0, 0 ]
INVOLUTION_EXCLUSION id=[ 128, 971 ] d=3 zrank=1 witness=[ 0, 0, 0, 1, 0, 0, 0 ]
INVOLUTION_EXCLUSION id=[ 128, 990 ] d=3 zrank=1 witness=[ 0, 0, 1, 0, 0, 0, 0 ]
INVOLUTION_EXCLUSION id=[ 128, 994 ] d=3 zrank=1 witness=[ 0, 0, 1, 0, 0, 1, 0 ]
INVOLUTION_EXCLUSION id=[ 128, 995 ] d=3 zrank=1 witness=[ 0, 0, 1, 0, 0, 0, 0 ]
INVOLUTION_EXCLUSION id=[ 128, 996 ] d=3 zrank=1 witness=[ 0, 0, 1, 0, 0, 0, 0 ]
PROGRESS order=128 id=1000 total=1340 elapsed_ms=2835
INVOLUTION_EXCLUSION id=[ 128, 1615 ] d=4 zrank=1 witness=[ 0, 0, 0, 0, 0, 1, 0 ]
INVOLUTION_EXCLUSION id=[ 128, 1616 ] d=4 zrank=1 witness=[ 0, 0, 0, 0, 0, 1, 0 ]
INVOLUTION_EXCLUSION id=[ 128, 1620 ] d=4 zrank=1 witness=[ 0, 0, 0, 0, 1, 0, 0 ]
INVOLUTION_EXCLUSION id=[ 128, 1621 ] d=4 zrank=1 witness=[ 0, 0, 0, 0, 1, 0, 0 ]
INVOLUTION_EXCLUSION id=[ 128, 1633 ] d=4 zrank=1 witness=[ 0, 0, 0, 0, 1, 1, 0 ]
INVOLUTION_EXCLUSION id=[ 128, 1648 ] d=4 zrank=1 witness=[ 0, 0, 0, 0, 1, 1, 0 ]
INVOLUTION_EXCLUSION id=[ 128, 1687 ] d=4 zrank=1 witness=[ 0, 0, 0, 0, 1, 1, 0 ]
INVOLUTION_EXCLUSION id=[ 128, 1688 ] d=4 zrank=1 witness=[ 0, 0, 0, 0, 1, 1, 0 ]
INVOLUTION_EXCLUSION id=[ 128, 1689 ] d=4 zrank=1 witness=[ 0, 0, 0, 0, 1, 1, 0 ]
INVOLUTION_EXCLUSION id=[ 128, 1750 ] d=4 zrank=1 witness=[ 0, 0, 0, 0, 0, 1, 0 ]
INVOLUTION_EXCLUSION id=[ 128, 1751 ] d=4 zrank=1 witness=[ 0, 0, 0, 0, 0, 1, 0 ]
INVOLUTION_EXCLUSION id=[ 128, 1752 ] d=4 zrank=1 witness=[ 0, 0, 0, 0, 0, 1, 0 ]
INVOLUTION_EXCLUSION id=[ 128, 1753 ] d=4 zrank=1 witness=[ 0, 0, 0, 0, 0, 1, 0 ]
INVOLUTION_EXCLUSION id=[ 128, 1754 ] d=4 zrank=1 witness=[ 0, 0, 0, 0, 0, 1, 0 ]
INVOLUTION_EXCLUSION id=[ 128, 1757 ] d=4 zrank=1 witness=[ 0, 0, 0, 0, 0, 1, 0 ]
INVOLUTION_EXCLUSION id=[ 128, 1758 ] d=4 zrank=1 witness=[ 0, 0, 0, 0, 0, 1, 0 ]
INVOLUTION_EXCLUSION id=[ 128, 1759 ] d=4 zrank=1 witness=[ 0, 0, 0, 0, 0, 1, 0 ]
INVOLUTION_EXCLUSION id=[ 128, 1760 ] d=4 zrank=1 witness=[ 0, 0, 0, 0, 0, 1, 0 ]
INVOLUTION_EXCLUSION id=[ 128, 1799 ] d=4 zrank=1 witness=[ 0, 0, 0, 0, 1, 1, 0 ]
INVOLUTION_EXCLUSION id=[ 128, 1800 ] d=4 zrank=1 witness=[ 0, 0, 0, 0, 1, 1, 0 ]
INVOLUTION_EXCLUSION id=[ 128, 1801 ] d=4 zrank=1 witness=[ 0, 0, 0, 0, 1, 1, 0 ]
PROGRESS order=128 id=2000 total=2340 elapsed_ms=4786
INVOLUTION_EXCLUSION id=[ 128, 2020 ] d=4 zrank=1 witness=[ 0, 0, 0, 0, 1, 1, 0 ]
INVOLUTION_EXCLUSION id=[ 128, 2021 ] d=4 zrank=1 witness=[ 0, 0, 0, 0, 1, 1, 0 ]
INVOLUTION_EXCLUSION id=[ 128, 2022 ] d=4 zrank=1 witness=[ 0, 0, 0, 0, 1, 1, 0 ]
INVOLUTION_EXCLUSION id=[ 128, 2023 ] d=4 zrank=1 witness=[ 0, 0, 0, 0, 1, 1, 0 ]
INVOLUTION_EXCLUSION id=[ 128, 2024 ] d=4 zrank=1 witness=[ 0, 0, 0, 0, 1, 1, 0 ]
INVOLUTION_EXCLUSION id=[ 128, 2025 ] d=4 zrank=1 witness=[ 0, 0, 0, 0, 1, 1, 0 ]
INVOLUTION_EXCLUSION id=[ 128, 2139 ] d=4 zrank=1 witness=[ 0, 0, 0, 1, 0, 0, 0 ]
INVOLUTION_EXCLUSION id=[ 128, 2146 ] d=4 zrank=1 witness=[ 0, 0, 0, 1, 0, 1, 0 ]
INVOLUTION_EXCLUSION id=[ 128, 2147 ] d=4 zrank=1 witness=[ 0, 0, 0, 1, 0, 0, 0 ]
INVOLUTION_EXCLUSION id=[ 128, 2148 ] d=4 zrank=1 witness=[ 0, 0, 0, 1, 0, 0, 0 ]
INVOLUTION_EXCLUSION id=[ 128, 2149 ] d=4 zrank=1 witness=[ 0, 0, 0, 1, 0, 0, 0 ]
INVOLUTION_EXCLUSION id=[ 128, 2160 ] d=5 zrank=2 witness=[ 0, 0, 0, 1, 0, 0, 0 ]
INVOLUTION_EXCLUSION id=[ 128, 2161 ] d=5 zrank=2 witness=[ 0, 0, 0, 1, 0, 0, 0 ]
INVOLUTION_EXCLUSION id=[ 128, 2162 ] d=5 zrank=2 witness=[ 0, 0, 0, 1, 0, 0, 0 ]
INVOLUTION_EXCLUSION id=[ 128, 2176 ] d=5 zrank=2 witness=[ 0, 0, 1, 0, 0, 0, 0 ]
INVOLUTION_EXCLUSION id=[ 128, 2181 ] d=5 zrank=2 witness=[ 0, 0, 0, 1, 0, 0, 0 ]
INVOLUTION_EXCLUSION id=[ 128, 2187 ] d=5 zrank=2 witness=[ 0, 0, 0, 1, 0, 0, 0 ]
INVOLUTION_EXCLUSION id=[ 128, 2190 ] d=5 zrank=2 witness=[ 0, 0, 0, 1, 0, 0, 0 ]
INVOLUTION_EXCLUSION id=[ 128, 2191 ] d=5 zrank=2 witness=[ 0, 0, 0, 1, 0, 0, 0 ]
INVOLUTION_EXCLUSION id=[ 128, 2192 ] d=5 zrank=2 witness=[ 0, 0, 0, 1, 0, 0, 0 ]
INVOLUTION_EXCLUSION id=[ 128, 2193 ] d=5 zrank=2 witness=[ 0, 0, 0, 1, 0, 0, 0 ]
INVOLUTION_EXCLUSION id=[ 128, 2200 ] d=5 zrank=2 witness=[ 0, 0, 0, 1, 0, 0, 0 ]
INVOLUTION_EXCLUSION id=[ 128, 2207 ] d=5 zrank=2 witness=[ 0, 0, 0, 1, 0, 0, 0 ]
INVOLUTION_EXCLUSION id=[ 128, 2210 ] d=5 zrank=2 witness=[ 0, 0, 0, 1, 0, 0, 0 ]
INVOLUTION_EXCLUSION id=[ 128, 2212 ] d=5 zrank=2 witness=[ 0, 0, 0, 1, 0, 0, 0 ]
INVOLUTION_EXCLUSION id=[ 128, 2213 ] d=5 zrank=2 witness=[ 0, 0, 0, 1, 0, 0, 0 ]
INVOLUTION_EXCLUSION id=[ 128, 2214 ] d=5 zrank=2 witness=[ 0, 0, 0, 1, 0, 0, 0 ]
INVOLUTION_EXCLUSION id=[ 128, 2215 ] d=5 zrank=2 witness=[ 0, 0, 1, 1, 0, 0, 0 ]
INVOLUTION_EXCLUSION id=[ 128, 2216 ] d=5 zrank=2 witness=[ 0, 0, 0, 0, 1, 0, 0 ]
INVOLUTION_EXCLUSION id=[ 128, 2217 ] d=5 zrank=2 witness=[ 0, 0, 0, 0, 1, 0, 0 ]
INVOLUTION_EXCLUSION id=[ 128, 2218 ] d=5 zrank=2 witness=[ 0, 0, 0, 0, 1, 0, 0 ]
INVOLUTION_EXCLUSION id=[ 128, 2219 ] d=5 zrank=2 witness=[ 0, 0, 0, 0, 1, 0, 0 ]
INVOLUTION_EXCLUSION id=[ 128, 2220 ] d=5 zrank=2 witness=[ 0, 0, 0, 1, 0, 0, 0 ]
INVOLUTION_EXCLUSION id=[ 128, 2221 ] d=5 zrank=2 witness=[ 0, 0, 0, 1, 0, 0, 0 ]
INVOLUTION_EXCLUSION id=[ 128, 2222 ] d=5 zrank=2 witness=[ 0, 0, 0, 0, 1, 0, 0 ]
INVOLUTION_EXCLUSION id=[ 128, 2223 ] d=5 zrank=2 witness=[ 0, 0, 0, 0, 1, 0, 0 ]
INVOLUTION_EXCLUSION id=[ 128, 2224 ] d=5 zrank=2 witness=[ 0, 0, 0, 0, 1, 0, 0 ]
INVOLUTION_EXCLUSION id=[ 128, 2225 ] d=5 zrank=2 witness=[ 0, 0, 0, 0, 1, 0, 0 ]
INVOLUTION_EXCLUSION id=[ 128, 2226 ] d=5 zrank=2 witness=[ 0, 0, 0, 1, 0, 0, 0 ]
INVOLUTION_EXCLUSION id=[ 128, 2227 ] d=5 zrank=2 witness=[ 0, 0, 0, 1, 0, 0, 0 ]
INVOLUTION_EXCLUSION id=[ 128, 2228 ] d=5 zrank=2 witness=[ 0, 0, 0, 0, 1, 0, 0 ]
INVOLUTION_EXCLUSION id=[ 128, 2229 ] d=5 zrank=2 witness=[ 0, 0, 0, 0, 1, 0, 0 ]
INVOLUTION_EXCLUSION id=[ 128, 2230 ] d=5 zrank=2 witness=[ 0, 0, 0, 1, 0, 0, 0 ]
INVOLUTION_EXCLUSION id=[ 128, 2231 ] d=5 zrank=2 witness=[ 0, 0, 0, 1, 0, 0, 0 ]
INVOLUTION_EXCLUSION id=[ 128, 2232 ] d=5 zrank=2 witness=[ 0, 0, 0, 1, 0, 0, 0 ]
INVOLUTION_EXCLUSION id=[ 128, 2233 ] d=5 zrank=2 witness=[ 0, 0, 0, 0, 1, 0, 0 ]
INVOLUTION_EXCLUSION id=[ 128, 2234 ] d=5 zrank=2 witness=[ 0, 0, 0, 0, 1, 0, 0 ]
INVOLUTION_EXCLUSION id=[ 128, 2235 ] d=5 zrank=2 witness=[ 0, 0, 0, 1, 0, 0, 0 ]
INVOLUTION_EXCLUSION id=[ 128, 2236 ] d=5 zrank=2 witness=[ 0, 0, 0, 1, 0, 0, 0 ]
INVOLUTION_EXCLUSION id=[ 128, 2237 ] d=5 zrank=2 witness=[ 0, 0, 0, 0, 1, 0, 0 ]
INVOLUTION_EXCLUSION id=[ 128, 2238 ] d=5 zrank=2 witness=[ 0, 0, 0, 0, 1, 0, 0 ]
INVOLUTION_EXCLUSION id=[ 128, 2239 ] d=5 zrank=2 witness=[ 0, 0, 0, 0, 1, 0, 0 ]
INVOLUTION_EXCLUSION id=[ 128, 2240 ] d=5 zrank=2 witness=[ 0, 0, 0, 1, 0, 0, 0 ]
INVOLUTION_EXCLUSION id=[ 128, 2241 ] d=5 zrank=2 witness=[ 0, 0, 0, 1, 0, 0, 0 ]
INVOLUTION_EXCLUSION id=[ 128, 2242 ] d=5 zrank=2 witness=[ 0, 0, 0, 1, 0, 0, 0 ]
INVOLUTION_EXCLUSION id=[ 128, 2243 ] d=5 zrank=2 witness=[ 0, 0, 0, 1, 1, 0, 0 ]
INVOLUTION_EXCLUSION id=[ 128, 2244 ] d=5 zrank=2 witness=[ 0, 0, 0, 1, 1, 0, 0 ]
INVOLUTION_EXCLUSION id=[ 128, 2245 ] d=5 zrank=2 witness=[ 0, 0, 0, 1, 0, 0, 0 ]
INVOLUTION_EXCLUSION id=[ 128, 2246 ] d=5 zrank=2 witness=[ 0, 0, 0, 1, 0, 0, 0 ]
INVOLUTION_EXCLUSION id=[ 128, 2247 ] d=5 zrank=2 witness=[ 0, 0, 0, 1, 0, 0, 0 ]
INVOLUTION_EXCLUSION id=[ 128, 2248 ] d=5 zrank=2 witness=[ 0, 0, 1, 0, 0, 0, 0 ]
INVOLUTION_EXCLUSION id=[ 128, 2249 ] d=5 zrank=2 witness=[ 0, 0, 1, 1, 0, 0, 0 ]
INVOLUTION_EXCLUSION id=[ 128, 2250 ] d=5 zrank=2 witness=[ 0, 0, 1, 1, 0, 0, 0 ]
INVOLUTION_EXCLUSION id=[ 128, 2251 ] d=5 zrank=2 witness=[ 0, 0, 0, 1, 0, 0, 0 ]
INVOLUTION_EXCLUSION id=[ 128, 2252 ] d=5 zrank=2 witness=[ 0, 0, 0, 1, 0, 0, 0 ]
INVOLUTION_EXCLUSION id=[ 128, 2253 ] d=5 zrank=2 witness=[ 0, 0, 0, 1, 0, 0, 0 ]
INVOLUTION_EXCLUSION id=[ 128, 2254 ] d=5 zrank=2 witness=[ 0, 0, 1, 0, 0, 0, 0 ]
INVOLUTION_EXCLUSION id=[ 128, 2255 ] d=5 zrank=2 witness=[ 0, 0, 1, 0, 0, 0, 0 ]
INVOLUTION_EXCLUSION id=[ 128, 2256 ] d=5 zrank=2 witness=[ 0, 0, 1, 1, 0, 0, 0 ]
INVOLUTION_EXCLUSION id=[ 128, 2261 ] d=5 zrank=2 witness=[ 0, 0, 0, 1, 0, 0, 0 ]
INVOLUTION_EXCLUSION id=[ 128, 2263 ] d=5 zrank=2 witness=[ 0, 0, 0, 1, 0, 0, 0 ]
INVOLUTION_EXCLUSION id=[ 128, 2264 ] d=5 zrank=2 witness=[ 0, 0, 0, 0, 1, 0, 0 ]
INVOLUTION_EXCLUSION id=[ 128, 2265 ] d=5 zrank=2 witness=[ 0, 0, 0, 0, 1, 0, 0 ]
INVOLUTION_EXCLUSION id=[ 128, 2266 ] d=5 zrank=2 witness=[ 0, 0, 0, 0, 1, 0, 0 ]
INVOLUTION_EXCLUSION id=[ 128, 2267 ] d=5 zrank=2 witness=[ 0, 0, 0, 0, 1, 0, 0 ]
INVOLUTION_EXCLUSION id=[ 128, 2268 ] d=5 zrank=2 witness=[ 0, 0, 0, 1, 0, 0, 0 ]
INVOLUTION_EXCLUSION id=[ 128, 2269 ] d=5 zrank=2 witness=[ 0, 0, 0, 1, 0, 0, 0 ]
INVOLUTION_EXCLUSION id=[ 128, 2270 ] d=5 zrank=2 witness=[ 0, 0, 0, 1, 0, 0, 0 ]
INVOLUTION_EXCLUSION id=[ 128, 2271 ] d=5 zrank=2 witness=[ 0, 0, 0, 1, 0, 0, 0 ]
INVOLUTION_EXCLUSION id=[ 128, 2272 ] d=5 zrank=2 witness=[ 0, 0, 0, 1, 0, 0, 0 ]
INVOLUTION_EXCLUSION id=[ 128, 2273 ] d=5 zrank=2 witness=[ 0, 0, 0, 1, 1, 0, 0 ]
INVOLUTION_EXCLUSION id=[ 128, 2274 ] d=5 zrank=2 witness=[ 0, 0, 0, 1, 1, 0, 0 ]
INVOLUTION_EXCLUSION id=[ 128, 2275 ] d=5 zrank=2 witness=[ 0, 0, 0, 0, 1, 0, 0 ]
INVOLUTION_EXCLUSION id=[ 128, 2276 ] d=5 zrank=2 witness=[ 0, 0, 0, 0, 1, 0, 0 ]
INVOLUTION_EXCLUSION id=[ 128, 2277 ] d=5 zrank=2 witness=[ 0, 0, 0, 0, 1, 0, 0 ]
INVOLUTION_EXCLUSION id=[ 128, 2278 ] d=5 zrank=2 witness=[ 0, 0, 0, 1, 0, 0, 0 ]
INVOLUTION_EXCLUSION id=[ 128, 2279 ] d=5 zrank=2 witness=[ 0, 0, 0, 1, 0, 0, 0 ]
INVOLUTION_EXCLUSION id=[ 128, 2280 ] d=5 zrank=2 witness=[ 0, 0, 0, 1, 1, 0, 0 ]
INVOLUTION_EXCLUSION id=[ 128, 2281 ] d=5 zrank=2 witness=[ 0, 0, 0, 1, 1, 0, 0 ]
INVOLUTION_EXCLUSION id=[ 128, 2282 ] d=5 zrank=2 witness=[ 0, 0, 0, 1, 1, 0, 0 ]
INVOLUTION_EXCLUSION id=[ 128, 2283 ] d=5 zrank=2 witness=[ 0, 0, 0, 1, 1, 0, 0 ]
INVOLUTION_EXCLUSION id=[ 128, 2284 ] d=5 zrank=2 witness=[ 0, 0, 0, 0, 1, 0, 0 ]
INVOLUTION_EXCLUSION id=[ 128, 2285 ] d=5 zrank=2 witness=[ 0, 0, 0, 0, 1, 0, 0 ]
INVOLUTION_EXCLUSION id=[ 128, 2286 ] d=5 zrank=2 witness=[ 0, 0, 0, 1, 0, 0, 0 ]
INVOLUTION_EXCLUSION id=[ 128, 2287 ] d=5 zrank=2 witness=[ 0, 0, 0, 1, 0, 0, 0 ]
INVOLUTION_EXCLUSION id=[ 128, 2288 ] d=5 zrank=2 witness=[ 0, 0, 0, 1, 1, 0, 0 ]
INVOLUTION_EXCLUSION id=[ 128, 2289 ] d=5 zrank=2 witness=[ 0, 0, 0, 1, 1, 0, 0 ]
INVOLUTION_EXCLUSION id=[ 128, 2290 ] d=5 zrank=2 witness=[ 0, 0, 0, 0, 1, 0, 0 ]
INVOLUTION_EXCLUSION id=[ 128, 2291 ] d=5 zrank=2 witness=[ 0, 0, 0, 0, 1, 0, 0 ]
INVOLUTION_EXCLUSION id=[ 128, 2292 ] d=5 zrank=2 witness=[ 0, 0, 0, 0, 1, 0, 0 ]
INVOLUTION_EXCLUSION id=[ 128, 2293 ] d=5 zrank=2 witness=[ 0, 0, 1, 0, 0, 0, 0 ]
INVOLUTION_EXCLUSION id=[ 128, 2294 ] d=5 zrank=2 witness=[ 0, 0, 1, 0, 1, 0, 0 ]
INVOLUTION_EXCLUSION id=[ 128, 2295 ] d=5 zrank=2 witness=[ 0, 0, 0, 0, 1, 0, 0 ]
INVOLUTION_EXCLUSION id=[ 128, 2296 ] d=5 zrank=2 witness=[ 0, 0, 0, 0, 1, 0, 0 ]
INVOLUTION_EXCLUSION id=[ 128, 2297 ] d=5 zrank=2 witness=[ 0, 0, 1, 0, 1, 0, 0 ]
INVOLUTION_EXCLUSION id=[ 128, 2298 ] d=5 zrank=2 witness=[ 0, 0, 0, 1, 0, 0, 0 ]
INVOLUTION_EXCLUSION id=[ 128, 2299 ] d=5 zrank=2 witness=[ 0, 0, 0, 1, 1, 0, 0 ]
INVOLUTION_EXCLUSION id=[ 128, 2300 ] d=5 zrank=2 witness=[ 0, 0, 0, 1, 1, 0, 0 ]
INVOLUTION_EXCLUSION id=[ 128, 2304 ] d=5 zrank=2 witness=[ 0, 0, 0, 1, 0, 0, 0 ]
INVOLUTION_EXCLUSION id=[ 128, 2305 ] d=5 zrank=1 witness=[ 0, 0, 0, 0, 1, 0, 0 ]
INVOLUTION_EXCLUSION id=[ 128, 2312 ] d=5 zrank=2 witness=[ 0, 0, 0, 1, 0, 1, 0 ]
INVOLUTION_EXCLUSION id=[ 128, 2313 ] d=5 zrank=2 witness=[ 0, 0, 0, 1, 0, 0, 0 ]
INVOLUTION_EXCLUSION id=[ 128, 2314 ] d=5 zrank=2 witness=[ 0, 0, 0, 1, 0, 0, 0 ]
INVOLUTION_EXCLUSION id=[ 128, 2315 ] d=5 zrank=2 witness=[ 0, 0, 0, 1, 0, 0, 0 ]
INVOLUTION_EXCLUSION id=[ 128, 2316 ] d=5 zrank=1 witness=[ 0, 0, 0, 0, 1, 1, 0 ]
INVOLUTION_EXCLUSION id=[ 128, 2317 ] d=5 zrank=1 witness=[ 0, 0, 0, 0, 1, 0, 0 ]
INVOLUTION_EXCLUSION id=[ 128, 2318 ] d=5 zrank=1 witness=[ 0, 0, 0, 0, 1, 0, 0 ]
INVOLUTION_EXCLUSION id=[ 128, 2325 ] d=6 zrank=2 witness=[ 0, 0, 0, 1, 0, 0, 0 ]
INVOLUTION_EXCLUSION id=[ 128, 2326 ] d=6 zrank=1 witness=[ 0, 0, 0, 0, 0, 1, 0 ]
INVOLUTION_EXCLUSION id=[ 128, 2327 ] d=6 zrank=1 witness=[ 0, 0, 0, 0, 0, 1, 0 ]
ORDER_DONE order=128 rank_excluded=2072 involution_excluded=256 hits=0
ORDER_START order=256 groups=56092
PROGRESS order=256 id=1000 total=3668 elapsed_ms=7891
PROGRESS order=256 id=2000 total=4668 elapsed_ms=10273
PROGRESS order=256 id=3000 total=5668 elapsed_ms=12641
INVOLUTION_EXCLUSION id=[ 256, 3731 ] d=3 zrank=1 witness=[ 0, 0, 0, 0, 0, 0, 1, 0 ]
INVOLUTION_EXCLUSION id=[ 256, 3732 ] d=3 zrank=1 witness=[ 0, 0, 0, 0, 0, 1, 1, 0 ]
INVOLUTION_EXCLUSION id=[ 256, 3744 ] d=3 zrank=1 witness=[ 0, 0, 0, 0, 0, 0, 1, 0 ]
INVOLUTION_EXCLUSION id=[ 256, 3745 ] d=3 zrank=1 witness=[ 0, 0, 0, 0, 0, 1, 1, 0 ]
INVOLUTION_EXCLUSION id=[ 256, 3754 ] d=3 zrank=1 witness=[ 0, 0, 0, 0, 0, 1, 0, 0 ]
INVOLUTION_EXCLUSION id=[ 256, 3755 ] d=3 zrank=1 witness=[ 0, 0, 0, 0, 0, 1, 1, 0 ]
INVOLUTION_EXCLUSION id=[ 256, 3759 ] d=3 zrank=1 witness=[ 0, 0, 0, 0, 0, 1, 0, 0 ]
INVOLUTION_EXCLUSION id=[ 256, 3766 ] d=3 zrank=1 witness=[ 0, 0, 0, 0, 0, 1, 0, 0 ]
INVOLUTION_EXCLUSION id=[ 256, 3771 ] d=3 zrank=1 witness=[ 0, 0, 0, 0, 0, 0, 1, 0 ]
INVOLUTION_EXCLUSION id=[ 256, 3775 ] d=3 zrank=1 witness=[ 0, 0, 0, 0, 0, 1, 1, 0 ]
INVOLUTION_EXCLUSION id=[ 256, 3780 ] d=3 zrank=1 witness=[ 0, 0, 0, 0, 0, 0, 1, 0 ]
INVOLUTION_EXCLUSION id=[ 256, 3781 ] d=3 zrank=1 witness=[ 0, 0, 0, 0, 0, 1, 0, 0 ]
INVOLUTION_EXCLUSION id=[ 256, 3782 ] d=3 zrank=1 witness=[ 0, 0, 0, 0, 0, 1, 1, 0 ]
INVOLUTION_EXCLUSION id=[ 256, 3798 ] d=3 zrank=1 witness=[ 0, 0, 0, 0, 0, 0, 1, 0 ]
INVOLUTION_EXCLUSION id=[ 256, 3799 ] d=3 zrank=1 witness=[ 0, 0, 0, 0, 0, 1, 0, 0 ]
INVOLUTION_EXCLUSION id=[ 256, 3800 ] d=3 zrank=1 witness=[ 0, 0, 0, 0, 0, 1, 1, 0 ]
INVOLUTION_EXCLUSION id=[ 256, 3819 ] d=3 zrank=1 witness=[ 0, 0, 0, 0, 0, 1, 0, 0 ]
INVOLUTION_EXCLUSION id=[ 256, 3878 ] d=3 zrank=1 witness=[ 0, 0, 0, 0, 0, 0, 1, 0 ]
INVOLUTION_EXCLUSION id=[ 256, 3893 ] d=3 zrank=1 witness=[ 0, 0, 0, 0, 0, 0, 1, 0 ]
INVOLUTION_EXCLUSION id=[ 256, 3894 ] d=3 zrank=1 witness=[ 0, 0, 0, 0, 0, 1, 1, 0 ]
INVOLUTION_EXCLUSION id=[ 256, 3905 ] d=3 zrank=1 witness=[ 0, 0, 0, 0, 0, 0, 1, 0 ]
INVOLUTION_EXCLUSION id=[ 256, 3929 ] d=3 zrank=1 witness=[ 0, 0, 0, 0, 0, 0, 1, 0 ]
INVOLUTION_EXCLUSION id=[ 256, 3938 ] d=3 zrank=1 witness=[ 0, 0, 0, 0, 0, 1, 0, 0 ]
INVOLUTION_EXCLUSION id=[ 256, 3939 ] d=3 zrank=1 witness=[ 0, 0, 0, 0, 0, 0, 1, 0 ]
INVOLUTION_EXCLUSION id=[ 256, 3943 ] d=3 zrank=1 witness=[ 0, 0, 0, 0, 0, 1, 1, 0 ]
INVOLUTION_EXCLUSION id=[ 256, 3988 ] d=3 zrank=1 witness=[ 0, 0, 0, 0, 0, 0, 1, 0 ]
INVOLUTION_EXCLUSION id=[ 256, 3991 ] d=3 zrank=1 witness=[ 0, 0, 0, 0, 0, 0, 1, 0 ]
PROGRESS order=256 id=4000 total=6668 elapsed_ms=15087
INVOLUTION_EXCLUSION id=[ 256, 4020 ] d=3 zrank=1 witness=[ 0, 0, 0, 0, 0, 1, 1, 0 ]
INVOLUTION_EXCLUSION id=[ 256, 4021 ] d=3 zrank=1 witness=[ 0, 0, 0, 0, 0, 0, 1, 0 ]
INVOLUTION_EXCLUSION id=[ 256, 4025 ] d=3 zrank=1 witness=[ 0, 0, 0, 0, 0, 1, 1, 0 ]
INVOLUTION_EXCLUSION id=[ 256, 4078 ] d=3 zrank=1 witness=[ 0, 0, 0, 0, 0, 1, 0, 0 ]
INVOLUTION_EXCLUSION id=[ 256, 4082 ] d=3 zrank=1 witness=[ 0, 0, 0, 0, 0, 1, 0, 0 ]
INVOLUTION_EXCLUSION id=[ 256, 4090 ] d=3 zrank=1 witness=[ 0, 0, 0, 0, 0, 0, 1, 0 ]
INVOLUTION_EXCLUSION id=[ 256, 4091 ] d=3 zrank=1 witness=[ 0, 0, 0, 0, 0, 1, 0, 0 ]
INVOLUTION_EXCLUSION id=[ 256, 4097 ] d=3 zrank=1 witness=[ 0, 0, 0, 0, 0, 0, 1, 0 ]
INVOLUTION_EXCLUSION id=[ 256, 4098 ] d=3 zrank=1 witness=[ 0, 0, 0, 0, 0, 1, 0, 0 ]
INVOLUTION_EXCLUSION id=[ 256, 4103 ] d=3 zrank=1 witness=[ 0, 0, 0, 0, 0, 0, 1, 0 ]
INVOLUTION_EXCLUSION id=[ 256, 4104 ] d=3 zrank=1 witness=[ 0, 0, 0, 0, 0, 1, 1, 0 ]
INVOLUTION_EXCLUSION id=[ 256, 4106 ] d=3 zrank=1 witness=[ 0, 0, 0, 0, 0, 1, 1, 0 ]
INVOLUTION_EXCLUSION id=[ 256, 4107 ] d=3 zrank=1 witness=[ 0, 0, 0, 0, 0, 0, 1, 0 ]
INVOLUTION_EXCLUSION id=[ 256, 4119 ] d=3 zrank=1 witness=[ 0, 0, 0, 0, 0, 1, 1, 0 ]
INVOLUTION_EXCLUSION id=[ 256, 4120 ] d=3 zrank=1 witness=[ 0, 0, 0, 0, 0, 0, 1, 0 ]
INVOLUTION_EXCLUSION id=[ 256, 4126 ] d=3 zrank=1 witness=[ 0, 0, 0, 0, 0, 0, 1, 0 ]
INVOLUTION_EXCLUSION id=[ 256, 4129 ] d=3 zrank=1 witness=[ 0, 0, 0, 0, 0, 0, 1, 0 ]
INVOLUTION_EXCLUSION id=[ 256, 4141 ] d=3 zrank=1 witness=[ 0, 0, 0, 0, 0, 1, 0, 0 ]
INVOLUTION_EXCLUSION id=[ 256, 4147 ] d=3 zrank=1 witness=[ 0, 0, 0, 0, 0, 1, 0, 0 ]
INVOLUTION_EXCLUSION id=[ 256, 4166 ] d=3 zrank=1 witness=[ 0, 0, 0, 0, 0, 0, 1, 0 ]
INVOLUTION_EXCLUSION id=[ 256, 4167 ] d=3 zrank=1 witness=[ 0, 0, 0, 0, 0, 1, 1, 0 ]
INVOLUTION_EXCLUSION id=[ 256, 4168 ] d=3 zrank=1 witness=[ 0, 0, 0, 0, 0, 0, 1, 0 ]
INVOLUTION_EXCLUSION id=[ 256, 4174 ] d=3 zrank=1 witness=[ 0, 0, 0, 0, 0, 0, 1, 0 ]
INVOLUTION_EXCLUSION id=[ 256, 4222 ] d=3 zrank=1 witness=[ 0, 0, 0, 0, 0, 0, 1, 0 ]
INVOLUTION_EXCLUSION id=[ 256, 4223 ] d=3 zrank=1 witness=[ 0, 0, 0, 0, 0, 1, 0, 0 ]
INVOLUTION_EXCLUSION id=[ 256, 4233 ] d=3 zrank=1 witness=[ 0, 0, 0, 0, 0, 0, 1, 0 ]
INVOLUTION_EXCLUSION id=[ 256, 4234 ] d=3 zrank=1 witness=[ 0, 0, 0, 0, 0, 1, 0, 0 ]
INVOLUTION_EXCLUSION id=[ 256, 4235 ] d=3 zrank=1 witness=[ 0, 0, 0, 0, 0, 0, 1, 0 ]
INVOLUTION_EXCLUSION id=[ 256, 4236 ] d=3 zrank=1 witness=[ 0, 0, 0, 0, 0, 1, 1, 0 ]
INVOLUTION_EXCLUSION id=[ 256, 4239 ] d=3 zrank=1 witness=[ 0, 0, 0, 0, 0, 0, 1, 0 ]
INVOLUTION_EXCLUSION id=[ 256, 4242 ] d=3 zrank=1 witness=[ 0, 0, 0, 0, 0, 1, 1, 0 ]
INVOLUTION_EXCLUSION id=[ 256, 4253 ] d=3 zrank=1 witness=[ 0, 0, 0, 0, 0, 0, 1, 0 ]
INVOLUTION_EXCLUSION id=[ 256, 4254 ] d=3 zrank=1 witness=[ 0, 0, 0, 0, 0, 1, 1, 0 ]
INVOLUTION_EXCLUSION id=[ 256, 4261 ] d=3 zrank=1 witness=[ 0, 0, 0, 0, 0, 0, 1, 0 ]
INVOLUTION_EXCLUSION id=[ 256, 4265 ] d=3 zrank=1 witness=[ 0, 0, 0, 0, 0, 0, 1, 0 ]
INVOLUTION_EXCLUSION id=[ 256, 4266 ] d=3 zrank=1 witness=[ 0, 0, 0, 0, 0, 1, 1, 0 ]
INVOLUTION_EXCLUSION id=[ 256, 4268 ] d=3 zrank=1 witness=[ 0, 0, 0, 0, 0, 1, 0, 0 ]
INVOLUTION_EXCLUSION id=[ 256, 4272 ] d=3 zrank=1 witness=[ 0, 0, 0, 0, 0, 1, 0, 0 ]
INVOLUTION_EXCLUSION id=[ 256, 4290 ] d=3 zrank=1 witness=[ 0, 0, 0, 0, 0, 1, 0, 0 ]
INVOLUTION_EXCLUSION id=[ 256, 4295 ] d=3 zrank=1 witness=[ 0, 0, 0, 0, 0, 0, 1, 0 ]
INVOLUTION_EXCLUSION id=[ 256, 4297 ] d=3 zrank=1 witness=[ 0, 0, 0, 0, 0, 0, 1, 0 ]
INVOLUTION_EXCLUSION id=[ 256, 4298 ] d=3 zrank=1 witness=[ 0, 0, 0, 0, 0, 1, 1, 0 ]
INVOLUTION_EXCLUSION id=[ 256, 4299 ] d=3 zrank=1 witness=[ 0, 0, 0, 0, 0, 0, 1, 0 ]
INVOLUTION_EXCLUSION id=[ 256, 4301 ] d=3 zrank=1 witness=[ 0, 0, 0, 0, 0, 0, 1, 0 ]
INVOLUTION_EXCLUSION id=[ 256, 4302 ] d=3 zrank=1 witness=[ 0, 0, 0, 0, 0, 1, 1, 0 ]
INVOLUTION_EXCLUSION id=[ 256, 4307 ] d=3 zrank=1 witness=[ 0, 0, 0, 0, 0, 1, 0, 0 ]
INVOLUTION_EXCLUSION id=[ 256, 4322 ] d=3 zrank=1 witness=[ 0, 0, 0, 0, 0, 1, 0, 0 ]
INVOLUTION_EXCLUSION id=[ 256, 4337 ] d=3 zrank=1 witness=[ 0, 0, 0, 0, 0, 0, 1, 0 ]
INVOLUTION_EXCLUSION id=[ 256, 4344 ] d=3 zrank=1 witness=[ 0, 0, 0, 0, 0, 0, 1, 0 ]
INVOLUTION_EXCLUSION id=[ 256, 4348 ] d=3 zrank=1 witness=[ 0, 0, 0, 0, 0, 0, 1, 0 ]
INVOLUTION_EXCLUSION id=[ 256, 4349 ] d=3 zrank=1 witness=[ 0, 0, 0, 0, 0, 1, 1, 0 ]
INVOLUTION_EXCLUSION id=[ 256, 4351 ] d=3 zrank=1 witness=[ 0, 0, 0, 0, 0, 1, 1, 0 ]
INVOLUTION_EXCLUSION id=[ 256, 4377 ] d=3 zrank=1 witness=[ 0, 0, 0, 0, 0, 0, 1, 0 ]
INVOLUTION_EXCLUSION id=[ 256, 4383 ] d=3 zrank=1 witness=[ 0, 0, 0, 0, 0, 1, 0, 0 ]
INVOLUTION_EXCLUSION id=[ 256, 4424 ] d=3 zrank=1 witness=[ 0, 0, 0, 0, 0, 1, 0, 0 ]
INVOLUTION_EXCLUSION id=[ 256, 4426 ] d=3 zrank=1 witness=[ 0, 0, 0, 0, 0, 1, 0, 0 ]
INVOLUTION_EXCLUSION id=[ 256, 4444 ] d=3 zrank=1 witness=[ 0, 0, 0, 0, 0, 1, 0, 0 ]
INVOLUTION_EXCLUSION id=[ 256, 4446 ] d=3 zrank=1 witness=[ 0, 0, 0, 0, 0, 1, 0, 0 ]
INVOLUTION_EXCLUSION id=[ 256, 4471 ] d=3 zrank=1 witness=[ 0, 0, 0, 0, 0, 1, 0, 0 ]
INVOLUTION_EXCLUSION id=[ 256, 4472 ] d=3 zrank=1 witness=[ 0, 0, 0, 0, 0, 1, 0, 0 ]
INVOLUTION_EXCLUSION id=[ 256, 4473 ] d=3 zrank=1 witness=[ 0, 0, 0, 0, 0, 1, 0, 0 ]
INVOLUTION_EXCLUSION id=[ 256, 4474 ] d=3 zrank=1 witness=[ 0, 0, 0, 0, 0, 1, 0, 0 ]
INVOLUTION_EXCLUSION id=[ 256, 4509 ] d=3 zrank=1 witness=[ 0, 0, 0, 0, 0, 1, 0, 0 ]
INVOLUTION_EXCLUSION id=[ 256, 4510 ] d=3 zrank=1 witness=[ 0, 0, 0, 0, 0, 1, 0, 0 ]
INVOLUTION_EXCLUSION id=[ 256, 4511 ] d=3 zrank=1 witness=[ 0, 0, 0, 0, 0, 1, 0, 0 ]
INVOLUTION_EXCLUSION id=[ 256, 4512 ] d=3 zrank=1 witness=[ 0, 0, 0, 0, 0, 1, 0, 0 ]
INVOLUTION_EXCLUSION id=[ 256, 4525 ] d=3 zrank=1 witness=[ 0, 0, 0, 0, 0, 1, 0, 0 ]
INVOLUTION_EXCLUSION id=[ 256, 4526 ] d=3 zrank=1 witness=[ 0, 0, 0, 0, 0, 1, 0, 0 ]
INVOLUTION_EXCLUSION id=[ 256, 4527 ] d=3 zrank=1 witness=[ 0, 0, 0, 0, 0, 1, 0, 0 ]
INVOLUTION_EXCLUSION id=[ 256, 4528 ] d=3 zrank=1 witness=[ 0, 0, 0, 0, 0, 1, 0, 0 ]
INVOLUTION_EXCLUSION id=[ 256, 4590 ] d=3 zrank=1 witness=[ 0, 0, 0, 0, 0, 1, 1, 0 ]
INVOLUTION_EXCLUSION id=[ 256, 4592 ] d=3 zrank=1 witness=[ 0, 0, 0, 0, 0, 1, 1, 0 ]
INVOLUTION_EXCLUSION id=[ 256, 4657 ] d=3 zrank=1 witness=[ 0, 0, 0, 0, 0, 1, 1, 0 ]
INVOLUTION_EXCLUSION id=[ 256, 4658 ] d=3 zrank=1 witness=[ 0, 0, 0, 0, 0, 1, 1, 0 ]
INVOLUTION_EXCLUSION id=[ 256, 4673 ] d=3 zrank=1 witness=[ 0, 0, 0, 0, 0, 1, 1, 0 ]
INVOLUTION_EXCLUSION id=[ 256, 4676 ] d=3 zrank=1 witness=[ 0, 0, 0, 0, 0, 1, 1, 0 ]
INVOLUTION_EXCLUSION id=[ 256, 4757 ] d=3 zrank=1 witness=[ 0, 0, 0, 0, 0, 1, 1, 0 ]
INVOLUTION_EXCLUSION id=[ 256, 4758 ] d=3 zrank=1 witness=[ 0, 0, 0, 0, 0, 1, 1, 0 ]
INVOLUTION_EXCLUSION id=[ 256, 4759 ] d=3 zrank=1 witness=[ 0, 0, 0, 0, 0, 1, 1, 0 ]
INVOLUTION_EXCLUSION id=[ 256, 4824 ] d=3 zrank=1 witness=[ 0, 0, 0, 0, 0, 1, 1, 0 ]
INVOLUTION_EXCLUSION id=[ 256, 4825 ] d=3 zrank=1 witness=[ 0, 0, 0, 0, 0, 1, 1, 0 ]
INVOLUTION_EXCLUSION id=[ 256, 4826 ] d=3 zrank=1 witness=[ 0, 0, 0, 0, 0, 1, 1, 0 ]
INVOLUTION_EXCLUSION id=[ 256, 4855 ] d=3 zrank=1 witness=[ 0, 0, 0, 0, 0, 1, 1, 0 ]
INVOLUTION_EXCLUSION id=[ 256, 4856 ] d=3 zrank=1 witness=[ 0, 0, 0, 0, 0, 1, 1, 0 ]
INVOLUTION_EXCLUSION id=[ 256, 4857 ] d=3 zrank=1 witness=[ 0, 0, 0, 0, 0, 1, 1, 0 ]
INVOLUTION_EXCLUSION id=[ 256, 4858 ] d=3 zrank=1 witness=[ 0, 0, 0, 0, 0, 1, 1, 0 ]
INVOLUTION_EXCLUSION id=[ 256, 4859 ] d=3 zrank=1 witness=[ 0, 0, 0, 0, 0, 1, 1, 0 ]
INVOLUTION_EXCLUSION id=[ 256, 4860 ] d=3 zrank=1 witness=[ 0, 0, 0, 0, 0, 1, 1, 0 ]
INVOLUTION_EXCLUSION id=[ 256, 4899 ] d=3 zrank=1 witness=[ 0, 0, 0, 0, 0, 0, 1, 0 ]
INVOLUTION_EXCLUSION id=[ 256, 4900 ] d=3 zrank=1 witness=[ 0, 0, 0, 0, 0, 0, 1, 0 ]
INVOLUTION_EXCLUSION id=[ 256, 4901 ] d=3 zrank=1 witness=[ 0, 0, 0, 0, 0, 0, 1, 0 ]
INVOLUTION_EXCLUSION id=[ 256, 4902 ] d=3 zrank=1 witness=[ 0, 0, 0, 0, 0, 0, 1, 0 ]
INVOLUTION_EXCLUSION id=[ 256, 4903 ] d=3 zrank=1 witness=[ 0, 0, 0, 0, 0, 0, 1, 0 ]
INVOLUTION_EXCLUSION id=[ 256, 4904 ] d=3 zrank=1 witness=[ 0, 0, 0, 0, 0, 0, 1, 0 ]
INVOLUTION_EXCLUSION id=[ 256, 4905 ] d=3 zrank=1 witness=[ 0, 0, 0, 0, 0, 0, 1, 0 ]
INVOLUTION_EXCLUSION id=[ 256, 4908 ] d=3 zrank=1 witness=[ 0, 0, 0, 0, 0, 0, 1, 0 ]
INVOLUTION_EXCLUSION id=[ 256, 4910 ] d=3 zrank=1 witness=[ 0, 0, 0, 0, 0, 0, 1, 0 ]
INVOLUTION_EXCLUSION id=[ 256, 4944 ] d=3 zrank=1 witness=[ 0, 0, 0, 0, 0, 0, 1, 0 ]
INVOLUTION_EXCLUSION id=[ 256, 4977 ] d=3 zrank=1 witness=[ 0, 0, 0, 0, 0, 0, 1, 0 ]
INVOLUTION_EXCLUSION id=[ 256, 4978 ] d=3 zrank=1 witness=[ 0, 0, 0, 0, 0, 0, 1, 0 ]
INVOLUTION_EXCLUSION id=[ 256, 4979 ] d=3 zrank=1 witness=[ 0, 0, 0, 0, 0, 0, 1, 0 ]
INVOLUTION_EXCLUSION id=[ 256, 4980 ] d=3 zrank=1 witness=[ 0, 0, 0, 0, 0, 0, 1, 0 ]
INVOLUTION_EXCLUSION id=[ 256, 4981 ] d=3 zrank=1 witness=[ 0, 0, 0, 0, 0, 0, 1, 0 ]
INVOLUTION_EXCLUSION id=[ 256, 4982 ] d=3 zrank=1 witness=[ 0, 0, 0, 0, 0, 0, 1, 0 ]
INVOLUTION_EXCLUSION id=[ 256, 4990 ] d=3 zrank=1 witness=[ 0, 0, 0, 0, 0, 1, 1, 0 ]
INVOLUTION_EXCLUSION id=[ 256, 4999 ] d=3 zrank=1 witness=[ 0, 0, 0, 0, 0, 1, 1, 0 ]
PROGRESS order=256 id=5000 total=7668 elapsed_ms=17590
INVOLUTION_EXCLUSION id=[ 256, 5014 ] d=3 zrank=1 witness=[ 0, 0, 0, 0, 0, 1, 1, 0 ]
INVOLUTION_EXCLUSION id=[ 256, 5015 ] d=3 zrank=1 witness=[ 0, 0, 0, 0, 0, 1, 1, 0 ]
INVOLUTION_EXCLUSION id=[ 256, 5034 ] d=3 zrank=1 witness=[ 0, 0, 0, 0, 0, 1, 1, 0 ]
INVOLUTION_EXCLUSION id=[ 256, 5035 ] d=3 zrank=1 witness=[ 0, 0, 0, 0, 0, 1, 1, 0 ]
INVOLUTION_EXCLUSION id=[ 256, 5056 ] d=3 zrank=1 witness=[ 0, 0, 0, 0, 0, 1, 1, 0 ]
INVOLUTION_EXCLUSION id=[ 256, 5102 ] d=3 zrank=1 witness=[ 0, 0, 0, 0, 0, 0, 1, 0 ]
INVOLUTION_EXCLUSION id=[ 256, 5103 ] d=3 zrank=1 witness=[ 0, 0, 0, 0, 0, 0, 1, 0 ]
INVOLUTION_EXCLUSION id=[ 256, 5104 ] d=3 zrank=1 witness=[ 0, 0, 0, 0, 0, 0, 1, 0 ]
INVOLUTION_EXCLUSION id=[ 256, 5105 ] d=3 zrank=1 witness=[ 0, 0, 0, 0, 0, 0, 1, 0 ]
INVOLUTION_EXCLUSION id=[ 256, 5106 ] d=3 zrank=1 witness=[ 0, 0, 0, 0, 0, 0, 1, 0 ]
INVOLUTION_EXCLUSION id=[ 256, 5107 ] d=3 zrank=1 witness=[ 0, 0, 0, 0, 0, 0, 1, 0 ]
INVOLUTION_EXCLUSION id=[ 256, 5158 ] d=3 zrank=1 witness=[ 0, 0, 0, 0, 0, 0, 1, 0 ]
INVOLUTION_EXCLUSION id=[ 256, 5159 ] d=3 zrank=1 witness=[ 0, 0, 0, 0, 0, 0, 1, 0 ]
INVOLUTION_EXCLUSION id=[ 256, 5160 ] d=3 zrank=1 witness=[ 0, 0, 0, 0, 0, 0, 1, 0 ]
INVOLUTION_EXCLUSION id=[ 256, 5161 ] d=3 zrank=1 witness=[ 0, 0, 0, 0, 0, 0, 1, 0 ]
INVOLUTION_EXCLUSION id=[ 256, 5162 ] d=3 zrank=1 witness=[ 0, 0, 0, 0, 0, 0, 1, 0 ]
INVOLUTION_EXCLUSION id=[ 256, 5163 ] d=3 zrank=1 witness=[ 0, 0, 0, 0, 0, 0, 1, 0 ]
INVOLUTION_EXCLUSION id=[ 256, 5286 ] d=3 zrank=1 witness=[ 0, 0, 0, 0, 0, 0, 1, 0 ]
INVOLUTION_EXCLUSION id=[ 256, 5287 ] d=3 zrank=1 witness=[ 0, 0, 0, 0, 0, 0, 1, 0 ]
INVOLUTION_EXCLUSION id=[ 256, 5288 ] d=3 zrank=1 witness=[ 0, 0, 0, 0, 0, 0, 1, 0 ]
INVOLUTION_EXCLUSION id=[ 256, 5289 ] d=3 zrank=1 witness=[ 0, 0, 0, 0, 0, 0, 1, 0 ]
INVOLUTION_EXCLUSION id=[ 256, 5290 ] d=3 zrank=1 witness=[ 0, 0, 0, 0, 0, 0, 1, 0 ]
INVOLUTION_EXCLUSION id=[ 256, 5291 ] d=3 zrank=1 witness=[ 0, 0, 0, 0, 0, 0, 1, 0 ]
INVOLUTION_EXCLUSION id=[ 256, 5292 ] d=3 zrank=1 witness=[ 0, 0, 0, 0, 0, 0, 1, 0 ]
INVOLUTION_EXCLUSION id=[ 256, 5293 ] d=3 zrank=1 witness=[ 0, 0, 0, 0, 0, 0, 1, 0 ]
INVOLUTION_EXCLUSION id=[ 256, 5294 ] d=3 zrank=1 witness=[ 0, 0, 0, 0, 0, 0, 1, 0 ]
INVOLUTION_EXCLUSION id=[ 256, 5295 ] d=3 zrank=1 witness=[ 0, 0, 0, 0, 0, 0, 1, 0 ]
INVOLUTION_EXCLUSION id=[ 256, 5296 ] d=3 zrank=1 witness=[ 0, 0, 0, 0, 0, 0, 1, 0 ]
INVOLUTION_EXCLUSION id=[ 256, 5297 ] d=3 zrank=1 witness=[ 0, 0, 0, 0, 0, 0, 1, 0 ]
INVOLUTION_EXCLUSION id=[ 256, 5298 ] d=3 zrank=1 witness=[ 0, 0, 0, 0, 0, 1, 0, 0 ]
INVOLUTION_EXCLUSION id=[ 256, 5299 ] d=3 zrank=1 witness=[ 0, 0, 0, 0, 0, 1, 0, 0 ]
INVOLUTION_EXCLUSION id=[ 256, 5300 ] d=3 zrank=1 witness=[ 0, 0, 0, 0, 0, 1, 0, 0 ]
INVOLUTION_EXCLUSION id=[ 256, 5301 ] d=3 zrank=1 witness=[ 0, 0, 0, 0, 0, 1, 0, 0 ]
INVOLUTION_EXCLUSION id=[ 256, 5302 ] d=3 zrank=1 witness=[ 0, 0, 0, 0, 0, 1, 0, 0 ]
INVOLUTION_EXCLUSION id=[ 256, 5303 ] d=3 zrank=1 witness=[ 0, 0, 0, 0, 0, 1, 0, 0 ]
INVOLUTION_EXCLUSION id=[ 256, 5352 ] d=3 zrank=1 witness=[ 0, 0, 0, 0, 0, 1, 0, 0 ]
INVOLUTION_EXCLUSION id=[ 256, 5353 ] d=3 zrank=1 witness=[ 0, 0, 0, 0, 0, 1, 0, 0 ]
INVOLUTION_EXCLUSION id=[ 256, 5354 ] d=3 zrank=1 witness=[ 0, 0, 0, 0, 0, 1, 0, 0 ]
INVOLUTION_EXCLUSION id=[ 256, 5355 ] d=3 zrank=1 witness=[ 0, 0, 0, 0, 0, 1, 0, 0 ]
INVOLUTION_EXCLUSION id=[ 256, 5424 ] d=3 zrank=1 witness=[ 0, 0, 0, 0, 0, 1, 1, 0 ]
INVOLUTION_EXCLUSION id=[ 256, 5425 ] d=3 zrank=1 witness=[ 0, 0, 0, 0, 0, 1, 1, 0 ]
INVOLUTION_EXCLUSION id=[ 256, 5426 ] d=3 zrank=1 witness=[ 0, 0, 0, 0, 0, 1, 1, 0 ]
INVOLUTION_EXCLUSION id=[ 256, 5451 ] d=3 zrank=1 witness=[ 0, 0, 0, 0, 0, 1, 1, 0 ]
INVOLUTION_EXCLUSION id=[ 256, 5452 ] d=3 zrank=1 witness=[ 0, 0, 0, 0, 0, 1, 1, 0 ]
INVOLUTION_EXCLUSION id=[ 256, 5453 ] d=3 zrank=1 witness=[ 0, 0, 0, 0, 0, 1, 1, 0 ]
INVOLUTION_EXCLUSION id=[ 256, 5454 ] d=3 zrank=1 witness=[ 0, 0, 0, 0, 0, 1, 1, 0 ]
INVOLUTION_EXCLUSION id=[ 256, 5530 ] d=3 zrank=1 witness=[ 0, 0, 0, 0, 0, 1, 0, 0 ]
INVOLUTION_EXCLUSION id=[ 256, 5565 ] d=3 zrank=1 witness=[ 0, 0, 0, 0, 0, 0, 1, 0 ]
INVOLUTION_EXCLUSION id=[ 256, 5567 ] d=3 zrank=1 witness=[ 0, 0, 0, 0, 0, 0, 1, 0 ]
INVOLUTION_EXCLUSION id=[ 256, 5577 ] d=3 zrank=1 witness=[ 0, 0, 0, 0, 0, 0, 1, 0 ]
INVOLUTION_EXCLUSION id=[ 256, 5585 ] d=3 zrank=1 witness=[ 0, 0, 0, 0, 0, 1, 0, 0 ]
INVOLUTION_EXCLUSION id=[ 256, 5597 ] d=3 zrank=1 witness=[ 0, 0, 0, 0, 1, 0, 0, 0 ]
INVOLUTION_EXCLUSION id=[ 256, 5601 ] d=3 zrank=1 witness=[ 0, 0, 0, 0, 0, 1, 0, 0 ]
INVOLUTION_EXCLUSION id=[ 256, 5605 ] d=3 zrank=1 witness=[ 0, 0, 0, 0, 0, 1, 0, 0 ]
INVOLUTION_EXCLUSION id=[ 256, 5606 ] d=3 zrank=1 witness=[ 0, 0, 0, 0, 0, 1, 0, 0 ]
INVOLUTION_EXCLUSION id=[ 256, 5611 ] d=3 zrank=1 witness=[ 0, 0, 0, 0, 0, 0, 1, 0 ]
INVOLUTION_EXCLUSION id=[ 256, 5612 ] d=3 zrank=1 witness=[ 0, 0, 0, 0, 0, 0, 1, 0 ]
INVOLUTION_EXCLUSION id=[ 256, 5621 ] d=3 zrank=1 witness=[ 0, 0, 0, 0, 0, 0, 1, 0 ]
INVOLUTION_EXCLUSION id=[ 256, 5622 ] d=3 zrank=1 witness=[ 0, 0, 0, 0, 0, 0, 1, 0 ]
INVOLUTION_EXCLUSION id=[ 256, 5634 ] d=3 zrank=1 witness=[ 0, 0, 0, 0, 1, 0, 1, 0 ]
INVOLUTION_EXCLUSION id=[ 256, 5637 ] d=3 zrank=1 witness=[ 0, 0, 0, 0, 1, 0, 0, 0 ]
INVOLUTION_EXCLUSION id=[ 256, 5639 ] d=3 zrank=1 witness=[ 0, 0, 0, 0, 1, 0, 1, 0 ]
INVOLUTION_EXCLUSION id=[ 256, 5655 ] d=3 zrank=1 witness=[ 0, 0, 0, 0, 0, 1, 0, 0 ]
INVOLUTION_EXCLUSION id=[ 256, 5656 ] d=3 zrank=1 witness=[ 0, 0, 0, 0, 0, 1, 0, 0 ]
INVOLUTION_EXCLUSION id=[ 256, 5666 ] d=3 zrank=1 witness=[ 0, 0, 0, 0, 0, 1, 1, 0 ]
INVOLUTION_EXCLUSION id=[ 256, 5672 ] d=3 zrank=1 witness=[ 0, 0, 0, 0, 1, 0, 0, 0 ]
INVOLUTION_EXCLUSION id=[ 256, 5673 ] d=3 zrank=1 witness=[ 0, 0, 0, 0, 1, 0, 0, 0 ]
INVOLUTION_EXCLUSION id=[ 256, 5674 ] d=3 zrank=1 witness=[ 0, 0, 0, 0, 1, 0, 0, 0 ]
INVOLUTION_EXCLUSION id=[ 256, 5693 ] d=3 zrank=1 witness=[ 0, 0, 0, 0, 0, 0, 1, 0 ]
INVOLUTION_EXCLUSION id=[ 256, 5694 ] d=3 zrank=1 witness=[ 0, 0, 0, 0, 0, 0, 1, 0 ]
INVOLUTION_EXCLUSION id=[ 256, 5695 ] d=3 zrank=1 witness=[ 0, 0, 0, 0, 0, 0, 1, 0 ]
INVOLUTION_EXCLUSION id=[ 256, 5696 ] d=3 zrank=1 witness=[ 0, 0, 0, 0, 0, 0, 1, 0 ]
INVOLUTION_EXCLUSION id=[ 256, 5697 ] d=3 zrank=1 witness=[ 0, 0, 0, 0, 0, 0, 1, 0 ]
INVOLUTION_EXCLUSION id=[ 256, 5698 ] d=3 zrank=1 witness=[ 0, 0, 0, 0, 0, 0, 1, 0 ]
INVOLUTION_EXCLUSION id=[ 256, 5699 ] d=3 zrank=1 witness=[ 0, 0, 0, 0, 0, 0, 1, 0 ]
INVOLUTION_EXCLUSION id=[ 256, 5700 ] d=3 zrank=1 witness=[ 0, 0, 0, 0, 0, 0, 1, 0 ]
INVOLUTION_EXCLUSION id=[ 256, 5701 ] d=3 zrank=1 witness=[ 0, 0, 0, 0, 0, 0, 1, 0 ]
INVOLUTION_EXCLUSION id=[ 256, 5702 ] d=3 zrank=1 witness=[ 0, 0, 0, 0, 0, 0, 1, 0 ]
INVOLUTION_EXCLUSION id=[ 256, 5703 ] d=3 zrank=1 witness=[ 0, 0, 0, 0, 0, 0, 1, 0 ]
INVOLUTION_EXCLUSION id=[ 256, 5704 ] d=3 zrank=1 witness=[ 0, 0, 0, 0, 0, 0, 1, 0 ]
INVOLUTION_EXCLUSION id=[ 256, 5705 ] d=3 zrank=1 witness=[ 0, 0, 0, 0, 0, 0, 1, 0 ]
INVOLUTION_EXCLUSION id=[ 256, 5706 ] d=3 zrank=1 witness=[ 0, 0, 0, 0, 0, 0, 1, 0 ]
INVOLUTION_EXCLUSION id=[ 256, 5707 ] d=3 zrank=1 witness=[ 0, 0, 0, 0, 0, 0, 1, 0 ]
INVOLUTION_EXCLUSION id=[ 256, 5708 ] d=3 zrank=1 witness=[ 0, 0, 0, 0, 0, 0, 1, 0 ]
INVOLUTION_EXCLUSION id=[ 256, 5709 ] d=3 zrank=1 witness=[ 0, 0, 0, 0, 0, 0, 1, 0 ]
INVOLUTION_EXCLUSION id=[ 256, 5710 ] d=3 zrank=1 witness=[ 0, 0, 0, 0, 0, 0, 1, 0 ]
INVOLUTION_EXCLUSION id=[ 256, 5711 ] d=3 zrank=1 witness=[ 0, 0, 0, 0, 0, 0, 1, 0 ]
INVOLUTION_EXCLUSION id=[ 256, 5712 ] d=3 zrank=1 witness=[ 0, 0, 0, 0, 0, 0, 1, 0 ]
INVOLUTION_EXCLUSION id=[ 256, 5713 ] d=3 zrank=1 witness=[ 0, 0, 0, 0, 0, 0, 1, 0 ]
INVOLUTION_EXCLUSION id=[ 256, 5714 ] d=3 zrank=1 witness=[ 0, 0, 0, 0, 0, 0, 1, 0 ]
INVOLUTION_EXCLUSION id=[ 256, 5715 ] d=3 zrank=1 witness=[ 0, 0, 0, 0, 0, 0, 1, 0 ]
INVOLUTION_EXCLUSION id=[ 256, 5716 ] d=3 zrank=1 witness=[ 0, 0, 0, 0, 0, 0, 1, 0 ]
INVOLUTION_EXCLUSION id=[ 256, 5717 ] d=3 zrank=1 witness=[ 0, 0, 0, 0, 0, 0, 1, 0 ]
INVOLUTION_EXCLUSION id=[ 256, 5718 ] d=3 zrank=1 witness=[ 0, 0, 0, 0, 0, 0, 1, 0 ]
INVOLUTION_EXCLUSION id=[ 256, 5728 ] d=3 zrank=1 witness=[ 0, 0, 0, 0, 0, 1, 1, 0 ]
INVOLUTION_EXCLUSION id=[ 256, 5729 ] d=3 zrank=1 witness=[ 0, 0, 0, 0, 0, 1, 0, 0 ]
INVOLUTION_EXCLUSION id=[ 256, 5730 ] d=3 zrank=1 witness=[ 0, 0, 0, 0, 0, 1, 0, 0 ]
INVOLUTION_EXCLUSION id=[ 256, 5731 ] d=3 zrank=1 witness=[ 0, 0, 0, 0, 0, 1, 1, 0 ]
INVOLUTION_EXCLUSION id=[ 256, 5732 ] d=3 zrank=1 witness=[ 0, 0, 0, 0, 0, 1, 1, 0 ]
INVOLUTION_EXCLUSION id=[ 256, 5733 ] d=3 zrank=1 witness=[ 0, 0, 0, 0, 0, 1, 0, 0 ]
INVOLUTION_EXCLUSION id=[ 256, 5734 ] d=3 zrank=1 witness=[ 0, 0, 0, 0, 0, 1, 1, 0 ]
INVOLUTION_EXCLUSION id=[ 256, 5735 ] d=3 zrank=1 witness=[ 0, 0, 0, 0, 0, 1, 0, 0 ]
INVOLUTION_EXCLUSION id=[ 256, 5738 ] d=3 zrank=1 witness=[ 0, 0, 0, 0, 0, 1, 0, 0 ]
INVOLUTION_EXCLUSION id=[ 256, 5739 ] d=3 zrank=1 witness=[ 0, 0, 0, 0, 0, 1, 0, 0 ]
INVOLUTION_EXCLUSION id=[ 256, 5740 ] d=3 zrank=1 witness=[ 0, 0, 0, 0, 0, 1, 1, 0 ]
INVOLUTION_EXCLUSION id=[ 256, 5741 ] d=3 zrank=1 witness=[ 0, 0, 0, 0, 0, 0, 1, 0 ]
INVOLUTION_EXCLUSION id=[ 256, 5742 ] d=3 zrank=1 witness=[ 0, 0, 0, 0, 0, 0, 1, 0 ]
INVOLUTION_EXCLUSION id=[ 256, 5743 ] d=3 zrank=1 witness=[ 0, 0, 0, 0, 0, 0, 1, 0 ]
INVOLUTION_EXCLUSION id=[ 256, 5744 ] d=3 zrank=1 witness=[ 0, 0, 0, 0, 0, 0, 1, 0 ]
INVOLUTION_EXCLUSION id=[ 256, 5745 ] d=3 zrank=1 witness=[ 0, 0, 0, 0, 0, 0, 1, 0 ]
INVOLUTION_EXCLUSION id=[ 256, 5746 ] d=3 zrank=1 witness=[ 0, 0, 0, 0, 0, 0, 1, 0 ]
INVOLUTION_EXCLUSION id=[ 256, 5753 ] d=3 zrank=1 witness=[ 0, 0, 0, 0, 0, 0, 1, 0 ]
INVOLUTION_EXCLUSION id=[ 256, 5754 ] d=3 zrank=1 witness=[ 0, 0, 0, 0, 0, 0, 1, 0 ]
INVOLUTION_EXCLUSION id=[ 256, 5755 ] d=3 zrank=1 witness=[ 0, 0, 0, 0, 0, 0, 1, 0 ]
INVOLUTION_EXCLUSION id=[ 256, 5756 ] d=3 zrank=1 witness=[ 0, 0, 0, 0, 0, 0, 1, 0 ]
INVOLUTION_EXCLUSION id=[ 256, 5757 ] d=3 zrank=1 witness=[ 0, 0, 0, 0, 0, 0, 1, 0 ]
INVOLUTION_EXCLUSION id=[ 256, 5758 ] d=3 zrank=1 witness=[ 0, 0, 0, 0, 0, 0, 1, 0 ]
INVOLUTION_EXCLUSION id=[ 256, 5759 ] d=3 zrank=1 witness=[ 0, 0, 0, 0, 0, 0, 1, 0 ]
INVOLUTION_EXCLUSION id=[ 256, 5760 ] d=3 zrank=1 witness=[ 0, 0, 0, 0, 0, 0, 1, 0 ]
INVOLUTION_EXCLUSION id=[ 256, 5761 ] d=3 zrank=1 witness=[ 0, 0, 0, 0, 0, 0, 1, 0 ]
INVOLUTION_EXCLUSION id=[ 256, 5766 ] d=3 zrank=1 witness=[ 0, 0, 0, 0, 0, 0, 1, 0 ]
INVOLUTION_EXCLUSION id=[ 256, 5767 ] d=3 zrank=1 witness=[ 0, 0, 0, 0, 0, 0, 1, 0 ]
INVOLUTION_EXCLUSION id=[ 256, 5768 ] d=3 zrank=1 witness=[ 0, 0, 0, 0, 0, 0, 1, 0 ]
INVOLUTION_EXCLUSION id=[ 256, 5769 ] d=3 zrank=1 witness=[ 0, 0, 0, 0, 0, 0, 1, 0 ]
INVOLUTION_EXCLUSION id=[ 256, 5770 ] d=3 zrank=1 witness=[ 0, 0, 0, 0, 0, 0, 1, 0 ]
INVOLUTION_EXCLUSION id=[ 256, 5780 ] d=3 zrank=1 witness=[ 0, 0, 0, 0, 1, 0, 1, 0 ]
INVOLUTION_EXCLUSION id=[ 256, 5793 ] d=3 zrank=1 witness=[ 0, 0, 0, 0, 0, 0, 1, 0 ]
INVOLUTION_EXCLUSION id=[ 256, 5794 ] d=3 zrank=1 witness=[ 0, 0, 0, 0, 0, 0, 1, 0 ]
INVOLUTION_EXCLUSION id=[ 256, 5795 ] d=3 zrank=1 witness=[ 0, 0, 0, 0, 0, 0, 1, 0 ]
INVOLUTION_EXCLUSION id=[ 256, 5796 ] d=3 zrank=1 witness=[ 0, 0, 0, 0, 0, 0, 1, 0 ]
INVOLUTION_EXCLUSION id=[ 256, 5797 ] d=3 zrank=1 witness=[ 0, 0, 0, 0, 0, 0, 1, 0 ]
INVOLUTION_EXCLUSION id=[ 256, 5798 ] d=3 zrank=1 witness=[ 0, 0, 0, 0, 0, 0, 1, 0 ]
INVOLUTION_EXCLUSION id=[ 256, 5810 ] d=3 zrank=1 witness=[ 0, 0, 0, 0, 0, 1, 1, 0 ]
INVOLUTION_EXCLUSION id=[ 256, 5813 ] d=3 zrank=1 witness=[ 0, 0, 0, 0, 0, 1, 1, 0 ]
INVOLUTION_EXCLUSION id=[ 256, 5814 ] d=3 zrank=1 witness=[ 0, 0, 0, 0, 0, 1, 0, 0 ]
INVOLUTION_EXCLUSION id=[ 256, 5815 ] d=3 zrank=1 witness=[ 0, 0, 0, 0, 0, 1, 0, 0 ]
INVOLUTION_EXCLUSION id=[ 256, 5816 ] d=3 zrank=1 witness=[ 0, 0, 0, 0, 0, 1, 1, 0 ]
INVOLUTION_EXCLUSION id=[ 256, 5817 ] d=3 zrank=1 witness=[ 0, 0, 0, 0, 0, 1, 0, 0 ]
INVOLUTION_EXCLUSION id=[ 256, 5818 ] d=3 zrank=1 witness=[ 0, 0, 0, 0, 0, 1, 1, 0 ]
INVOLUTION_EXCLUSION id=[ 256, 5820 ] d=3 zrank=1 witness=[ 0, 0, 0, 0, 0, 1, 0, 0 ]
INVOLUTION_EXCLUSION id=[ 256, 5821 ] d=3 zrank=1 witness=[ 0, 0, 0, 0, 0, 1, 0, 0 ]
INVOLUTION_EXCLUSION id=[ 256, 5827 ] d=3 zrank=1 witness=[ 0, 0, 0, 0, 0, 1, 0, 0 ]
INVOLUTION_EXCLUSION id=[ 256, 5828 ] d=3 zrank=1 witness=[ 0, 0, 0, 0, 0, 1, 1, 0 ]
INVOLUTION_EXCLUSION id=[ 256, 5829 ] d=3 zrank=1 witness=[ 0, 0, 0, 0, 0, 1, 0, 0 ]
INVOLUTION_EXCLUSION id=[ 256, 5839 ] d=3 zrank=1 witness=[ 0, 0, 0, 0, 1, 0, 0, 0 ]
INVOLUTION_EXCLUSION id=[ 256, 5852 ] d=3 zrank=1 witness=[ 0, 0, 0, 0, 0, 0, 1, 0 ]
INVOLUTION_EXCLUSION id=[ 256, 5853 ] d=3 zrank=1 witness=[ 0, 0, 0, 0, 0, 0, 1, 0 ]
INVOLUTION_EXCLUSION id=[ 256, 5861 ] d=3 zrank=1 witness=[ 0, 0, 0, 0, 0, 1, 0, 0 ]
INVOLUTION_EXCLUSION id=[ 256, 5862 ] d=3 zrank=1 witness=[ 0, 0, 0, 0, 0, 1, 1, 0 ]
INVOLUTION_EXCLUSION id=[ 256, 5864 ] d=3 zrank=1 witness=[ 0, 0, 0, 0, 0, 1, 1, 0 ]
INVOLUTION_EXCLUSION id=[ 256, 5865 ] d=3 zrank=1 witness=[ 0, 0, 0, 0, 0, 1, 0, 0 ]
INVOLUTION_EXCLUSION id=[ 256, 5866 ] d=3 zrank=1 witness=[ 0, 0, 0, 0, 0, 1, 1, 0 ]
INVOLUTION_EXCLUSION id=[ 256, 5873 ] d=3 zrank=1 witness=[ 0, 0, 0, 0, 1, 0, 1, 0 ]
INVOLUTION_EXCLUSION id=[ 256, 5881 ] d=3 zrank=1 witness=[ 0, 0, 0, 0, 0, 1, 0, 0 ]
INVOLUTION_EXCLUSION id=[ 256, 5890 ] d=3 zrank=1 witness=[ 0, 0, 0, 0, 1, 0, 0, 0 ]
INVOLUTION_EXCLUSION id=[ 256, 5899 ] d=3 zrank=1 witness=[ 0, 0, 0, 0, 0, 1, 0, 0 ]
INVOLUTION_EXCLUSION id=[ 256, 5903 ] d=3 zrank=1 witness=[ 0, 0, 0, 0, 1, 0, 0, 0 ]
INVOLUTION_EXCLUSION id=[ 256, 5904 ] d=3 zrank=1 witness=[ 0, 0, 0, 0, 1, 0, 0, 0 ]
INVOLUTION_EXCLUSION id=[ 256, 5906 ] d=3 zrank=1 witness=[ 0, 0, 0, 0, 1, 0, 1, 0 ]
INVOLUTION_EXCLUSION id=[ 256, 5912 ] d=3 zrank=1 witness=[ 0, 0, 0, 0, 0, 1, 1, 0 ]
INVOLUTION_EXCLUSION id=[ 256, 5915 ] d=3 zrank=1 witness=[ 0, 0, 0, 0, 0, 1, 1, 0 ]
INVOLUTION_EXCLUSION id=[ 256, 5920 ] d=3 zrank=1 witness=[ 0, 0, 0, 0, 0, 1, 1, 0 ]
INVOLUTION_EXCLUSION id=[ 256, 5921 ] d=3 zrank=1 witness=[ 0, 0, 0, 0, 0, 1, 0, 0 ]
INVOLUTION_EXCLUSION id=[ 256, 5922 ] d=3 zrank=1 witness=[ 0, 0, 0, 0, 0, 1, 1, 0 ]
INVOLUTION_EXCLUSION id=[ 256, 5930 ] d=3 zrank=1 witness=[ 0, 0, 0, 0, 0, 1, 1, 0 ]
INVOLUTION_EXCLUSION id=[ 256, 5932 ] d=3 zrank=1 witness=[ 0, 0, 0, 0, 0, 1, 1, 0 ]
INVOLUTION_EXCLUSION id=[ 256, 5935 ] d=3 zrank=1 witness=[ 0, 0, 0, 0, 0, 1, 1, 0 ]
INVOLUTION_EXCLUSION id=[ 256, 5936 ] d=3 zrank=1 witness=[ 0, 0, 0, 0, 0, 1, 0, 0 ]
INVOLUTION_EXCLUSION id=[ 256, 5937 ] d=3 zrank=1 witness=[ 0, 0, 0, 0, 0, 1, 1, 0 ]
INVOLUTION_EXCLUSION id=[ 256, 5939 ] d=3 zrank=1 witness=[ 0, 0, 0, 0, 0, 1, 1, 0 ]
INVOLUTION_EXCLUSION id=[ 256, 5940 ] d=3 zrank=1 witness=[ 0, 0, 0, 0, 0, 1, 0, 0 ]
INVOLUTION_EXCLUSION id=[ 256, 5941 ] d=3 zrank=1 witness=[ 0, 0, 0, 0, 0, 1, 1, 0 ]
INVOLUTION_EXCLUSION id=[ 256, 5942 ] d=3 zrank=1 witness=[ 0, 0, 0, 0, 0, 1, 1, 0 ]
INVOLUTION_EXCLUSION id=[ 256, 5950 ] d=3 zrank=1 witness=[ 0, 0, 0, 0, 0, 0, 1, 0 ]
INVOLUTION_EXCLUSION id=[ 256, 5951 ] d=3 zrank=1 witness=[ 0, 0, 0, 0, 0, 0, 1, 0 ]
INVOLUTION_EXCLUSION id=[ 256, 5956 ] d=3 zrank=1 witness=[ 0, 0, 0, 0, 0, 0, 1, 0 ]
INVOLUTION_EXCLUSION id=[ 256, 5957 ] d=3 zrank=1 witness=[ 0, 0, 0, 0, 0, 0, 1, 0 ]
INVOLUTION_EXCLUSION id=[ 256, 5962 ] d=3 zrank=1 witness=[ 0, 0, 0, 0, 0, 0, 1, 0 ]
INVOLUTION_EXCLUSION id=[ 256, 5963 ] d=3 zrank=1 witness=[ 0, 0, 0, 0, 0, 0, 1, 0 ]
INVOLUTION_EXCLUSION id=[ 256, 5967 ] d=3 zrank=1 witness=[ 0, 0, 0, 0, 1, 0, 1, 0 ]
INVOLUTION_EXCLUSION id=[ 256, 5969 ] d=3 zrank=1 witness=[ 0, 0, 0, 0, 1, 0, 0, 0 ]
INVOLUTION_EXCLUSION id=[ 256, 5970 ] d=3 zrank=1 witness=[ 0, 0, 0, 0, 1, 0, 0, 0 ]
INVOLUTION_EXCLUSION id=[ 256, 5974 ] d=3 zrank=1 witness=[ 0, 0, 0, 0, 1, 0, 1, 0 ]
INVOLUTION_EXCLUSION id=[ 256, 5975 ] d=3 zrank=1 witness=[ 0, 0, 0, 0, 1, 0, 1, 0 ]
INVOLUTION_EXCLUSION id=[ 256, 5976 ] d=3 zrank=1 witness=[ 0, 0, 0, 0, 1, 0, 0, 0 ]
INVOLUTION_EXCLUSION id=[ 256, 5977 ] d=3 zrank=1 witness=[ 0, 0, 0, 0, 1, 0, 0, 0 ]
INVOLUTION_EXCLUSION id=[ 256, 5983 ] d=3 zrank=1 witness=[ 0, 0, 0, 0, 1, 0, 1, 0 ]
INVOLUTION_EXCLUSION id=[ 256, 5986 ] d=3 zrank=1 witness=[ 0, 0, 0, 0, 1, 0, 0, 0 ]
INVOLUTION_EXCLUSION id=[ 256, 5993 ] d=3 zrank=1 witness=[ 0, 0, 0, 0, 1, 0, 1, 0 ]
INVOLUTION_EXCLUSION id=[ 256, 5994 ] d=3 zrank=1 witness=[ 0, 0, 0, 0, 1, 0, 1, 0 ]
INVOLUTION_EXCLUSION id=[ 256, 5995 ] d=3 zrank=1 witness=[ 0, 0, 0, 0, 1, 0, 1, 0 ]
INVOLUTION_EXCLUSION id=[ 256, 5996 ] d=3 zrank=1 witness=[ 0, 0, 0, 0, 1, 0, 0, 0 ]
PROGRESS order=256 id=6000 total=8668 elapsed_ms=20148
INVOLUTION_EXCLUSION id=[ 256, 6004 ] d=3 zrank=1 witness=[ 0, 0, 0, 0, 1, 1, 1, 0 ]
INVOLUTION_EXCLUSION id=[ 256, 6009 ] d=3 zrank=1 witness=[ 0, 0, 0, 0, 1, 1, 1, 0 ]
INVOLUTION_EXCLUSION id=[ 256, 6012 ] d=3 zrank=1 witness=[ 0, 0, 0, 0, 1, 1, 0, 0 ]
INVOLUTION_EXCLUSION id=[ 256, 6015 ] d=3 zrank=1 witness=[ 0, 0, 0, 0, 1, 1, 0, 0 ]
INVOLUTION_EXCLUSION id=[ 256, 6018 ] d=3 zrank=1 witness=[ 0, 0, 0, 0, 1, 1, 1, 0 ]
INVOLUTION_EXCLUSION id=[ 256, 6019 ] d=3 zrank=1 witness=[ 0, 0, 0, 0, 1, 1, 0, 0 ]
INVOLUTION_EXCLUSION id=[ 256, 6020 ] d=3 zrank=1 witness=[ 0, 0, 0, 0, 1, 1, 0, 0 ]
INVOLUTION_EXCLUSION id=[ 256, 6021 ] d=3 zrank=1 witness=[ 0, 0, 0, 0, 1, 1, 1, 0 ]
INVOLUTION_EXCLUSION id=[ 256, 6022 ] d=3 zrank=1 witness=[ 0, 0, 0, 0, 1, 1, 1, 0 ]
INVOLUTION_EXCLUSION id=[ 256, 6023 ] d=3 zrank=1 witness=[ 0, 0, 0, 0, 1, 1, 0, 0 ]
INVOLUTION_EXCLUSION id=[ 256, 6024 ] d=3 zrank=1 witness=[ 0, 0, 0, 0, 1, 1, 0, 0 ]
INVOLUTION_EXCLUSION id=[ 256, 6033 ] d=3 zrank=1 witness=[ 0, 0, 0, 0, 0, 0, 1, 0 ]
INVOLUTION_EXCLUSION id=[ 256, 6034 ] d=3 zrank=1 witness=[ 0, 0, 0, 0, 0, 0, 1, 0 ]
INVOLUTION_EXCLUSION id=[ 256, 6039 ] d=3 zrank=1 witness=[ 0, 0, 0, 0, 0, 0, 1, 0 ]
INVOLUTION_EXCLUSION id=[ 256, 6040 ] d=3 zrank=1 witness=[ 0, 0, 0, 0, 0, 0, 1, 0 ]
INVOLUTION_EXCLUSION id=[ 256, 6041 ] d=3 zrank=1 witness=[ 0, 0, 0, 0, 0, 0, 1, 0 ]
INVOLUTION_EXCLUSION id=[ 256, 6042 ] d=3 zrank=1 witness=[ 0, 0, 0, 0, 0, 0, 1, 0 ]
INVOLUTION_EXCLUSION id=[ 256, 6056 ] d=3 zrank=1 witness=[ 0, 0, 0, 0, 0, 1, 0, 0 ]
INVOLUTION_EXCLUSION id=[ 256, 6057 ] d=3 zrank=1 witness=[ 0, 0, 0, 0, 0, 1, 0, 0 ]
INVOLUTION_EXCLUSION id=[ 256, 6058 ] d=3 zrank=1 witness=[ 0, 0, 0, 0, 0, 1, 1, 0 ]
INVOLUTION_EXCLUSION id=[ 256, 6059 ] d=3 zrank=1 witness=[ 0, 0, 0, 0, 0, 1, 0, 0 ]
INVOLUTION_EXCLUSION id=[ 256, 6062 ] d=3 zrank=1 witness=[ 0, 0, 0, 0, 0, 1, 0, 0 ]
INVOLUTION_EXCLUSION id=[ 256, 6063 ] d=3 zrank=1 witness=[ 0, 0, 0, 0, 0, 1, 0, 0 ]
INVOLUTION_EXCLUSION id=[ 256, 6064 ] d=3 zrank=1 witness=[ 0, 0, 0, 0, 0, 1, 1, 0 ]
INVOLUTION_EXCLUSION id=[ 256, 6065 ] d=3 zrank=1 witness=[ 0, 0, 0, 0, 0, 1, 0, 0 ]
INVOLUTION_EXCLUSION id=[ 256, 6066 ] d=3 zrank=1 witness=[ 0, 0, 0, 0, 0, 1, 1, 0 ]
INVOLUTION_EXCLUSION id=[ 256, 6067 ] d=3 zrank=1 witness=[ 0, 0, 0, 0, 0, 1, 1, 0 ]
INVOLUTION_EXCLUSION id=[ 256, 6084 ] d=3 zrank=1 witness=[ 0, 0, 0, 0, 0, 0, 1, 0 ]
INVOLUTION_EXCLUSION id=[ 256, 6085 ] d=3 zrank=1 witness=[ 0, 0, 0, 0, 0, 0, 1, 0 ]
INVOLUTION_EXCLUSION id=[ 256, 6086 ] d=3 zrank=1 witness=[ 0, 0, 0, 0, 0, 0, 1, 0 ]
INVOLUTION_EXCLUSION id=[ 256, 6087 ] d=3 zrank=1 witness=[ 0, 0, 0, 0, 0, 0, 1, 0 ]
INVOLUTION_EXCLUSION id=[ 256, 6088 ] d=3 zrank=1 witness=[ 0, 0, 0, 0, 0, 0, 1, 0 ]
INVOLUTION_EXCLUSION id=[ 256, 6089 ] d=3 zrank=1 witness=[ 0, 0, 0, 0, 0, 0, 1, 0 ]
INVOLUTION_EXCLUSION id=[ 256, 6090 ] d=3 zrank=1 witness=[ 0, 0, 0, 0, 0, 0, 1, 0 ]
INVOLUTION_EXCLUSION id=[ 256, 6091 ] d=3 zrank=1 witness=[ 0, 0, 0, 0, 0, 0, 1, 0 ]
INVOLUTION_EXCLUSION id=[ 256, 6096 ] d=3 zrank=1 witness=[ 0, 0, 0, 0, 1, 0, 0, 0 ]
INVOLUTION_EXCLUSION id=[ 256, 6103 ] d=3 zrank=1 witness=[ 0, 0, 0, 0, 0, 1, 1, 0 ]
INVOLUTION_EXCLUSION id=[ 256, 6105 ] d=3 zrank=1 witness=[ 0, 0, 0, 0, 0, 1, 1, 0 ]
INVOLUTION_EXCLUSION id=[ 256, 6111 ] d=3 zrank=1 witness=[ 0, 0, 0, 0, 1, 0, 0, 0 ]
INVOLUTION_EXCLUSION id=[ 256, 6114 ] d=3 zrank=1 witness=[ 0, 0, 0, 0, 1, 0, 1, 0 ]
INVOLUTION_EXCLUSION id=[ 256, 6115 ] d=3 zrank=1 witness=[ 0, 0, 0, 0, 1, 0, 0, 0 ]
INVOLUTION_EXCLUSION id=[ 256, 6117 ] d=3 zrank=1 witness=[ 0, 0, 0, 0, 1, 0, 0, 0 ]
INVOLUTION_EXCLUSION id=[ 256, 6125 ] d=3 zrank=1 witness=[ 0, 0, 0, 0, 0, 1, 1, 0 ]
INVOLUTION_EXCLUSION id=[ 256, 6128 ] d=3 zrank=1 witness=[ 0, 0, 0, 0, 0, 1, 1, 0 ]
INVOLUTION_EXCLUSION id=[ 256, 6134 ] d=3 zrank=1 witness=[ 0, 0, 0, 0, 0, 1, 1, 0 ]
INVOLUTION_EXCLUSION id=[ 256, 6144 ] d=3 zrank=1 witness=[ 0, 0, 0, 0, 0, 1, 0, 0 ]
INVOLUTION_EXCLUSION id=[ 256, 6145 ] d=3 zrank=1 witness=[ 0, 0, 0, 0, 0, 1, 1, 0 ]
INVOLUTION_EXCLUSION id=[ 256, 6146 ] d=3 zrank=1 witness=[ 0, 0, 0, 0, 0, 1, 1, 0 ]
INVOLUTION_EXCLUSION id=[ 256, 6152 ] d=3 zrank=1 witness=[ 0, 0, 0, 0, 1, 0, 1, 0 ]
INVOLUTION_EXCLUSION id=[ 256, 6161 ] d=3 zrank=1 witness=[ 0, 0, 0, 0, 0, 1, 1, 0 ]
INVOLUTION_EXCLUSION id=[ 256, 6163 ] d=3 zrank=1 witness=[ 0, 0, 0, 0, 0, 1, 0, 0 ]
INVOLUTION_EXCLUSION id=[ 256, 6170 ] d=3 zrank=1 witness=[ 0, 0, 0, 0, 0, 1, 1, 0 ]
INVOLUTION_EXCLUSION id=[ 256, 6176 ] d=3 zrank=1 witness=[ 0, 0, 0, 0, 0, 1, 1, 0 ]
INVOLUTION_EXCLUSION id=[ 256, 6185 ] d=3 zrank=1 witness=[ 0, 0, 0, 0, 1, 0, 1, 0 ]
INVOLUTION_EXCLUSION id=[ 256, 6186 ] d=3 zrank=1 witness=[ 0, 0, 0, 0, 1, 0, 0, 0 ]
INVOLUTION_EXCLUSION id=[ 256, 6187 ] d=3 zrank=1 witness=[ 0, 0, 0, 0, 1, 0, 0, 0 ]
INVOLUTION_EXCLUSION id=[ 256, 6188 ] d=3 zrank=1 witness=[ 0, 0, 0, 0, 1, 0, 1, 0 ]
INVOLUTION_EXCLUSION id=[ 256, 6189 ] d=3 zrank=1 witness=[ 0, 0, 0, 0, 1, 0, 1, 0 ]
INVOLUTION_EXCLUSION id=[ 256, 6203 ] d=3 zrank=1 witness=[ 0, 0, 0, 0, 0, 1, 0, 0 ]
INVOLUTION_EXCLUSION id=[ 256, 6204 ] d=3 zrank=1 witness=[ 0, 0, 0, 0, 0, 1, 0, 0 ]
INVOLUTION_EXCLUSION id=[ 256, 6217 ] d=3 zrank=1 witness=[ 0, 0, 0, 0, 0, 0, 1, 0 ]
INVOLUTION_EXCLUSION id=[ 256, 6218 ] d=3 zrank=1 witness=[ 0, 0, 0, 0, 0, 0, 1, 0 ]
INVOLUTION_EXCLUSION id=[ 256, 6219 ] d=3 zrank=1 witness=[ 0, 0, 0, 0, 0, 0, 1, 0 ]
INVOLUTION_EXCLUSION id=[ 256, 6220 ] d=3 zrank=1 witness=[ 0, 0, 0, 0, 0, 0, 1, 0 ]
INVOLUTION_EXCLUSION id=[ 256, 6221 ] d=3 zrank=1 witness=[ 0, 0, 0, 0, 0, 0, 1, 0 ]
INVOLUTION_EXCLUSION id=[ 256, 6222 ] d=3 zrank=1 witness=[ 0, 0, 0, 0, 0, 0, 1, 0 ]
INVOLUTION_EXCLUSION id=[ 256, 6231 ] d=3 zrank=1 witness=[ 0, 0, 0, 0, 0, 1, 0, 0 ]
INVOLUTION_EXCLUSION id=[ 256, 6235 ] d=3 zrank=1 witness=[ 0, 0, 0, 0, 0, 1, 0, 0 ]
INVOLUTION_EXCLUSION id=[ 256, 6236 ] d=3 zrank=1 witness=[ 0, 0, 0, 0, 0, 1, 0, 0 ]
INVOLUTION_EXCLUSION id=[ 256, 6247 ] d=3 zrank=1 witness=[ 0, 0, 0, 0, 1, 0, 1, 0 ]
INVOLUTION_EXCLUSION id=[ 256, 6257 ] d=3 zrank=1 witness=[ 0, 0, 0, 0, 1, 0, 1, 0 ]
INVOLUTION_EXCLUSION id=[ 256, 6258 ] d=3 zrank=1 witness=[ 0, 0, 0, 0, 1, 0, 1, 0 ]
INVOLUTION_EXCLUSION id=[ 256, 6259 ] d=3 zrank=1 witness=[ 0, 0, 0, 0, 1, 0, 1, 0 ]
INVOLUTION_EXCLUSION id=[ 256, 6279 ] d=3 zrank=1 witness=[ 0, 0, 0, 0, 0, 1, 0, 0 ]
INVOLUTION_EXCLUSION id=[ 256, 6297 ] d=3 zrank=1 witness=[ 0, 0, 0, 0, 0, 1, 0, 0 ]
INVOLUTION_EXCLUSION id=[ 256, 6298 ] d=3 zrank=1 witness=[ 0, 0, 0, 0, 0, 1, 0, 0 ]
INVOLUTION_EXCLUSION id=[ 256, 6299 ] d=3 zrank=1 witness=[ 0, 0, 0, 0, 0, 1, 0, 0 ]
INVOLUTION_EXCLUSION id=[ 256, 6300 ] d=3 zrank=1 witness=[ 0, 0, 0, 0, 0, 1, 1, 0 ]
INVOLUTION_EXCLUSION id=[ 256, 6306 ] d=3 zrank=1 witness=[ 0, 0, 0, 0, 0, 1, 0, 0 ]
INVOLUTION_EXCLUSION id=[ 256, 6311 ] d=3 zrank=1 witness=[ 0, 0, 0, 0, 0, 1, 1, 0 ]
INVOLUTION_EXCLUSION id=[ 256, 6312 ] d=3 zrank=1 witness=[ 0, 0, 0, 0, 0, 1, 1, 0 ]
INVOLUTION_EXCLUSION id=[ 256, 6322 ] d=3 zrank=1 witness=[ 0, 0, 0, 0, 0, 1, 0, 0 ]
INVOLUTION_EXCLUSION id=[ 256, 6323 ] d=3 zrank=1 witness=[ 0, 0, 0, 0, 0, 1, 0, 0 ]
INVOLUTION_EXCLUSION id=[ 256, 6328 ] d=3 zrank=1 witness=[ 0, 0, 0, 0, 0, 1, 0, 0 ]
INVOLUTION_EXCLUSION id=[ 256, 6338 ] d=3 zrank=1 witness=[ 0, 0, 0, 0, 0, 0, 1, 0 ]
INVOLUTION_EXCLUSION id=[ 256, 6339 ] d=3 zrank=1 witness=[ 0, 0, 0, 0, 0, 0, 1, 0 ]
INVOLUTION_EXCLUSION id=[ 256, 6340 ] d=3 zrank=1 witness=[ 0, 0, 0, 0, 0, 0, 1, 0 ]
INVOLUTION_EXCLUSION id=[ 256, 6341 ] d=3 zrank=1 witness=[ 0, 0, 0, 0, 0, 0, 1, 0 ]
INVOLUTION_EXCLUSION id=[ 256, 6342 ] d=3 zrank=1 witness=[ 0, 0, 0, 0, 0, 0, 1, 0 ]
INVOLUTION_EXCLUSION id=[ 256, 6343 ] d=3 zrank=1 witness=[ 0, 0, 0, 0, 0, 0, 1, 0 ]
INVOLUTION_EXCLUSION id=[ 256, 6344 ] d=3 zrank=1 witness=[ 0, 0, 0, 0, 0, 0, 1, 0 ]
INVOLUTION_EXCLUSION id=[ 256, 6348 ] d=3 zrank=1 witness=[ 0, 0, 0, 0, 0, 0, 1, 0 ]
INVOLUTION_EXCLUSION id=[ 256, 6349 ] d=3 zrank=1 witness=[ 0, 0, 0, 0, 0, 0, 1, 0 ]
INVOLUTION_EXCLUSION id=[ 256, 6350 ] d=3 zrank=1 witness=[ 0, 0, 0, 0, 0, 0, 1, 0 ]
INVOLUTION_EXCLUSION id=[ 256, 6361 ] d=3 zrank=1 witness=[ 0, 0, 0, 0, 0, 1, 1, 0 ]
INVOLUTION_EXCLUSION id=[ 256, 6362 ] d=3 zrank=1 witness=[ 0, 0, 0, 0, 0, 1, 0, 0 ]
INVOLUTION_EXCLUSION id=[ 256, 6377 ] d=3 zrank=1 witness=[ 0, 0, 0, 0, 0, 1, 0, 0 ]
INVOLUTION_EXCLUSION id=[ 256, 6378 ] d=3 zrank=1 witness=[ 0, 0, 0, 0, 0, 1, 0, 0 ]
INVOLUTION_EXCLUSION id=[ 256, 6379 ] d=3 zrank=1 witness=[ 0, 0, 0, 0, 0, 1, 1, 0 ]
INVOLUTION_EXCLUSION id=[ 256, 6380 ] d=3 zrank=1 witness=[ 0, 0, 0, 0, 0, 1, 0, 0 ]
INVOLUTION_EXCLUSION id=[ 256, 6383 ] d=3 zrank=1 witness=[ 0, 0, 0, 0, 0, 1, 0, 0 ]
INVOLUTION_EXCLUSION id=[ 256, 6384 ] d=3 zrank=1 witness=[ 0, 0, 0, 0, 0, 1, 1, 0 ]
INVOLUTION_EXCLUSION id=[ 256, 6385 ] d=3 zrank=1 witness=[ 0, 0, 0, 0, 0, 1, 1, 0 ]
INVOLUTION_EXCLUSION id=[ 256, 6388 ] d=3 zrank=1 witness=[ 0, 0, 0, 0, 0, 1, 1, 0 ]
INVOLUTION_EXCLUSION id=[ 256, 6389 ] d=3 zrank=1 witness=[ 0, 0, 0, 0, 0, 1, 0, 0 ]
INVOLUTION_EXCLUSION id=[ 256, 6390 ] d=3 zrank=1 witness=[ 0, 0, 0, 0, 0, 1, 1, 0 ]
INVOLUTION_EXCLUSION id=[ 256, 6391 ] d=3 zrank=1 witness=[ 0, 0, 0, 0, 0, 1, 1, 0 ]
INVOLUTION_EXCLUSION id=[ 256, 6392 ] d=3 zrank=1 witness=[ 0, 0, 0, 0, 0, 1, 0, 0 ]
INVOLUTION_EXCLUSION id=[ 256, 6393 ] d=3 zrank=1 witness=[ 0, 0, 0, 0, 0, 1, 0, 0 ]
INVOLUTION_EXCLUSION id=[ 256, 6394 ] d=3 zrank=1 witness=[ 0, 0, 0, 0, 0, 1, 1, 0 ]
INVOLUTION_EXCLUSION id=[ 256, 6404 ] d=3 zrank=1 witness=[ 0, 0, 0, 0, 1, 1, 1, 0 ]
INVOLUTION_EXCLUSION id=[ 256, 6405 ] d=3 zrank=1 witness=[ 0, 0, 0, 0, 1, 1, 0, 0 ]
INVOLUTION_EXCLUSION id=[ 256, 6406 ] d=3 zrank=1 witness=[ 0, 0, 0, 0, 1, 1, 0, 0 ]
INVOLUTION_EXCLUSION id=[ 256, 6417 ] d=3 zrank=1 witness=[ 0, 0, 0, 0, 0, 0, 1, 0 ]
INVOLUTION_EXCLUSION id=[ 256, 6418 ] d=3 zrank=1 witness=[ 0, 0, 0, 0, 0, 0, 1, 0 ]
INVOLUTION_EXCLUSION id=[ 256, 6419 ] d=3 zrank=1 witness=[ 0, 0, 0, 0, 0, 0, 1, 0 ]
INVOLUTION_EXCLUSION id=[ 256, 6420 ] d=3 zrank=1 witness=[ 0, 0, 0, 0, 0, 0, 1, 0 ]
INVOLUTION_EXCLUSION id=[ 256, 6421 ] d=3 zrank=1 witness=[ 0, 0, 0, 0, 0, 0, 1, 0 ]
INVOLUTION_EXCLUSION id=[ 256, 6422 ] d=3 zrank=1 witness=[ 0, 0, 0, 0, 0, 0, 1, 0 ]
INVOLUTION_EXCLUSION id=[ 256, 6423 ] d=3 zrank=1 witness=[ 0, 0, 0, 0, 0, 0, 1, 0 ]
INVOLUTION_EXCLUSION id=[ 256, 6424 ] d=3 zrank=1 witness=[ 0, 0, 0, 0, 0, 0, 1, 0 ]
INVOLUTION_EXCLUSION id=[ 256, 6425 ] d=3 zrank=1 witness=[ 0, 0, 0, 0, 0, 0, 1, 0 ]
INVOLUTION_EXCLUSION id=[ 256, 6426 ] d=3 zrank=1 witness=[ 0, 0, 0, 0, 0, 0, 1, 0 ]
INVOLUTION_EXCLUSION id=[ 256, 6430 ] d=3 zrank=1 witness=[ 0, 0, 0, 0, 1, 1, 0, 0 ]
INVOLUTION_EXCLUSION id=[ 256, 6431 ] d=3 zrank=1 witness=[ 0, 0, 0, 0, 1, 1, 0, 0 ]
INVOLUTION_EXCLUSION id=[ 256, 6432 ] d=3 zrank=1 witness=[ 0, 0, 0, 0, 1, 1, 1, 0 ]
INVOLUTION_EXCLUSION id=[ 256, 6435 ] d=3 zrank=1 witness=[ 0, 0, 0, 0, 1, 1, 1, 0 ]
INVOLUTION_EXCLUSION id=[ 256, 6447 ] d=3 zrank=1 witness=[ 0, 0, 0, 0, 0, 1, 1, 0 ]
INVOLUTION_EXCLUSION id=[ 256, 6448 ] d=3 zrank=1 witness=[ 0, 0, 0, 0, 0, 1, 0, 0 ]
INVOLUTION_EXCLUSION id=[ 256, 6454 ] d=3 zrank=1 witness=[ 0, 0, 0, 0, 1, 1, 1, 0 ]
INVOLUTION_EXCLUSION id=[ 256, 6456 ] d=3 zrank=1 witness=[ 0, 0, 0, 0, 1, 1, 0, 0 ]
INVOLUTION_EXCLUSION id=[ 256, 6457 ] d=3 zrank=1 witness=[ 0, 0, 0, 0, 1, 1, 1, 0 ]
INVOLUTION_EXCLUSION id=[ 256, 6460 ] d=3 zrank=1 witness=[ 0, 0, 0, 0, 1, 1, 1, 0 ]
INVOLUTION_EXCLUSION id=[ 256, 6461 ] d=3 zrank=1 witness=[ 0, 0, 0, 0, 1, 1, 1, 0 ]
INVOLUTION_EXCLUSION id=[ 256, 6474 ] d=3 zrank=1 witness=[ 0, 0, 0, 0, 1, 0, 0, 0 ]
INVOLUTION_EXCLUSION id=[ 256, 6477 ] d=3 zrank=1 witness=[ 0, 0, 0, 0, 1, 0, 1, 0 ]
INVOLUTION_EXCLUSION id=[ 256, 6478 ] d=3 zrank=1 witness=[ 0, 0, 0, 0, 1, 0, 0, 0 ]
INVOLUTION_EXCLUSION id=[ 256, 6479 ] d=3 zrank=1 witness=[ 0, 0, 0, 0, 1, 0, 0, 0 ]
INVOLUTION_EXCLUSION id=[ 256, 6485 ] d=3 zrank=1 witness=[ 0, 0, 0, 0, 0, 1, 0, 0 ]
INVOLUTION_EXCLUSION id=[ 256, 6486 ] d=3 zrank=1 witness=[ 0, 0, 0, 0, 0, 1, 0, 0 ]
INVOLUTION_EXCLUSION id=[ 256, 6487 ] d=3 zrank=1 witness=[ 0, 0, 0, 0, 0, 1, 1, 0 ]
INVOLUTION_EXCLUSION id=[ 256, 6488 ] d=3 zrank=1 witness=[ 0, 0, 0, 0, 0, 1, 0, 0 ]
INVOLUTION_EXCLUSION id=[ 256, 6490 ] d=3 zrank=1 witness=[ 0, 0, 0, 0, 0, 1, 1, 0 ]
INVOLUTION_EXCLUSION id=[ 256, 6491 ] d=3 zrank=1 witness=[ 0, 0, 0, 0, 0, 1, 0, 0 ]
INVOLUTION_EXCLUSION id=[ 256, 6492 ] d=3 zrank=1 witness=[ 0, 0, 0, 0, 0, 1, 1, 0 ]
INVOLUTION_EXCLUSION id=[ 256, 6499 ] d=3 zrank=1 witness=[ 0, 0, 0, 0, 1, 0, 1, 0 ]
INVOLUTION_EXCLUSION id=[ 256, 6500 ] d=3 zrank=1 witness=[ 0, 0, 0, 0, 1, 0, 1, 0 ]
INVOLUTION_EXCLUSION id=[ 256, 6501 ] d=3 zrank=1 witness=[ 0, 0, 0, 0, 1, 0, 0, 0 ]
INVOLUTION_EXCLUSION id=[ 256, 6507 ] d=3 zrank=1 witness=[ 0, 0, 0, 0, 0, 1, 1, 0 ]
INVOLUTION_EXCLUSION id=[ 256, 6508 ] d=3 zrank=1 witness=[ 0, 0, 0, 0, 0, 1, 0, 0 ]
INVOLUTION_EXCLUSION id=[ 256, 6510 ] d=3 zrank=1 witness=[ 0, 0, 0, 0, 0, 1, 1, 0 ]
INVOLUTION_EXCLUSION id=[ 256, 6511 ] d=3 zrank=1 witness=[ 0, 0, 0, 0, 0, 1, 1, 0 ]
INVOLUTION_EXCLUSION id=[ 256, 6512 ] d=3 zrank=1 witness=[ 0, 0, 0, 0, 0, 1, 1, 0 ]
INVOLUTION_EXCLUSION id=[ 256, 6513 ] d=3 zrank=1 witness=[ 0, 0, 0, 0, 0, 1, 1, 0 ]
INVOLUTION_EXCLUSION id=[ 256, 6520 ] d=3 zrank=1 witness=[ 0, 0, 0, 0, 0, 1, 0, 0 ]
INVOLUTION_EXCLUSION id=[ 256, 6528 ] d=3 zrank=1 witness=[ 0, 0, 0, 0, 1, 0, 0, 0 ]
INVOLUTION_EXCLUSION id=[ 256, 6532 ] d=3 zrank=1 witness=[ 0, 0, 0, 0, 1, 0, 0, 0 ]
INVOLUTION_EXCLUSION id=[ 256, 6533 ] d=3 zrank=1 witness=[ 0, 0, 0, 0, 1, 0, 0, 0 ]
INVOLUTION_EXCLUSION id=[ 256, 6539 ] d=3 zrank=1 witness=[ 0, 0, 0, 0, 1, 0, 0, 0 ]
INVOLUTION_EXCLUSION id=[ 256, 6544 ] d=3 zrank=1 witness=[ 0, 0, 0, 1, 0, 0, 0, 0 ]
INVOLUTION_EXCLUSION id=[ 256, 6546 ] d=3 zrank=1 witness=[ 0, 0, 0, 1, 0, 0, 1, 0 ]
INVOLUTION_EXCLUSION id=[ 256, 6548 ] d=3 zrank=1 witness=[ 0, 0, 0, 0, 0, 0, 1, 0 ]
INVOLUTION_EXCLUSION id=[ 256, 6549 ] d=3 zrank=1 witness=[ 0, 0, 0, 0, 0, 0, 1, 0 ]
INVOLUTION_EXCLUSION id=[ 256, 6550 ] d=3 zrank=1 witness=[ 0, 0, 0, 0, 0, 0, 1, 0 ]
INVOLUTION_EXCLUSION id=[ 256, 6552 ] d=3 zrank=1 witness=[ 0, 0, 0, 0, 0, 0, 1, 0 ]
INVOLUTION_EXCLUSION id=[ 256, 6553 ] d=3 zrank=1 witness=[ 0, 0, 0, 0, 0, 0, 1, 0 ]
INVOLUTION_EXCLUSION id=[ 256, 6554 ] d=3 zrank=1 witness=[ 0, 0, 0, 0, 0, 0, 1, 0 ]
INVOLUTION_EXCLUSION id=[ 256, 6556 ] d=3 zrank=1 witness=[ 0, 0, 0, 0, 0, 0, 1, 0 ]
INVOLUTION_EXCLUSION id=[ 256, 6557 ] d=3 zrank=1 witness=[ 0, 0, 0, 0, 0, 0, 1, 0 ]
INVOLUTION_EXCLUSION id=[ 256, 6558 ] d=3 zrank=1 witness=[ 0, 0, 0, 0, 0, 0, 1, 0 ]
INVOLUTION_EXCLUSION id=[ 256, 6560 ] d=3 zrank=1 witness=[ 0, 0, 0, 0, 0, 0, 1, 0 ]
INVOLUTION_EXCLUSION id=[ 256, 6561 ] d=3 zrank=1 witness=[ 0, 0, 0, 0, 0, 0, 1, 0 ]
INVOLUTION_EXCLUSION id=[ 256, 6562 ] d=3 zrank=1 witness=[ 0, 0, 0, 0, 0, 0, 1, 0 ]
INVOLUTION_EXCLUSION id=[ 256, 6565 ] d=3 zrank=1 witness=[ 0, 0, 0, 0, 0, 0, 1, 0 ]
INVOLUTION_EXCLUSION id=[ 256, 6566 ] d=3 zrank=1 witness=[ 0, 0, 0, 0, 0, 0, 1, 0 ]
INVOLUTION_EXCLUSION id=[ 256, 6567 ] d=3 zrank=1 witness=[ 0, 0, 0, 0, 0, 0, 1, 0 ]
INVOLUTION_EXCLUSION id=[ 256, 6568 ] d=3 zrank=1 witness=[ 0, 0, 0, 0, 0, 0, 1, 0 ]
INVOLUTION_EXCLUSION id=[ 256, 6571 ] d=3 zrank=1 witness=[ 0, 0, 0, 0, 0, 0, 1, 0 ]
INVOLUTION_EXCLUSION id=[ 256, 6572 ] d=3 zrank=1 witness=[ 0, 0, 0, 0, 0, 0, 1, 0 ]
INVOLUTION_EXCLUSION id=[ 256, 6573 ] d=3 zrank=1 witness=[ 0, 0, 0, 0, 0, 0, 1, 0 ]
INVOLUTION_EXCLUSION id=[ 256, 6574 ] d=3 zrank=1 witness=[ 0, 0, 0, 0, 0, 0, 1, 0 ]
INVOLUTION_EXCLUSION id=[ 256, 6577 ] d=3 zrank=1 witness=[ 0, 0, 0, 0, 0, 0, 1, 0 ]
INVOLUTION_EXCLUSION id=[ 256, 6578 ] d=3 zrank=1 witness=[ 0, 0, 0, 0, 0, 0, 1, 0 ]
INVOLUTION_EXCLUSION id=[ 256, 6579 ] d=3 zrank=1 witness=[ 0, 0, 0, 0, 0, 0, 1, 0 ]
INVOLUTION_EXCLUSION id=[ 256, 6580 ] d=3 zrank=1 witness=[ 0, 0, 0, 0, 0, 0, 1, 0 ]
INVOLUTION_EXCLUSION id=[ 256, 6582 ] d=3 zrank=1 witness=[ 0, 0, 0, 0, 0, 0, 1, 0 ]
INVOLUTION_EXCLUSION id=[ 256, 6583 ] d=3 zrank=1 witness=[ 0, 0, 0, 0, 0, 0, 1, 0 ]
INVOLUTION_EXCLUSION id=[ 256, 6584 ] d=3 zrank=1 witness=[ 0, 0, 0, 0, 0, 0, 1, 0 ]
INVOLUTION_EXCLUSION id=[ 256, 6586 ] d=3 zrank=1 witness=[ 0, 0, 0, 0, 0, 0, 1, 0 ]
INVOLUTION_EXCLUSION id=[ 256, 6587 ] d=3 zrank=1 witness=[ 0, 0, 0, 0, 0, 0, 1, 0 ]
INVOLUTION_EXCLUSION id=[ 256, 6588 ] d=3 zrank=1 witness=[ 0, 0, 0, 0, 0, 0, 1, 0 ]
INVOLUTION_EXCLUSION id=[ 256, 6590 ] d=3 zrank=1 witness=[ 0, 0, 0, 0, 0, 0, 1, 0 ]
INVOLUTION_EXCLUSION id=[ 256, 6591 ] d=3 zrank=1 witness=[ 0, 0, 0, 0, 0, 0, 1, 0 ]
INVOLUTION_EXCLUSION id=[ 256, 6592 ] d=3 zrank=1 witness=[ 0, 0, 0, 0, 0, 0, 1, 0 ]
INVOLUTION_EXCLUSION id=[ 256, 6593 ] d=3 zrank=1 witness=[ 0, 0, 0, 0, 0, 0, 1, 0 ]
INVOLUTION_EXCLUSION id=[ 256, 6594 ] d=3 zrank=1 witness=[ 0, 0, 0, 0, 0, 0, 1, 0 ]
INVOLUTION_EXCLUSION id=[ 256, 6595 ] d=3 zrank=1 witness=[ 0, 0, 0, 0, 0, 0, 1, 0 ]
INVOLUTION_EXCLUSION id=[ 256, 6596 ] d=3 zrank=1 witness=[ 0, 0, 0, 0, 0, 0, 1, 0 ]
INVOLUTION_EXCLUSION id=[ 256, 6597 ] d=3 zrank=1 witness=[ 0, 0, 0, 0, 0, 0, 1, 0 ]
INVOLUTION_EXCLUSION id=[ 256, 6598 ] d=3 zrank=1 witness=[ 0, 0, 0, 0, 0, 0, 1, 0 ]
INVOLUTION_EXCLUSION id=[ 256, 6599 ] d=3 zrank=1 witness=[ 0, 0, 0, 0, 0, 0, 1, 0 ]
INVOLUTION_EXCLUSION id=[ 256, 6600 ] d=3 zrank=1 witness=[ 0, 0, 0, 0, 0, 0, 1, 0 ]
INVOLUTION_EXCLUSION id=[ 256, 6608 ] d=3 zrank=1 witness=[ 0, 0, 0, 0, 1, 0, 1, 0 ]
INVOLUTION_EXCLUSION id=[ 256, 6610 ] d=3 zrank=1 witness=[ 0, 0, 0, 0, 1, 0, 0, 0 ]
INVOLUTION_EXCLUSION id=[ 256, 6613 ] d=3 zrank=1 witness=[ 0, 0, 0, 0, 1, 0, 1, 0 ]
INVOLUTION_EXCLUSION id=[ 256, 6618 ] d=3 zrank=1 witness=[ 0, 0, 0, 1, 0, 0, 1, 0 ]
INVOLUTION_EXCLUSION id=[ 256, 6624 ] d=3 zrank=1 witness=[ 0, 0, 0, 0, 1, 0, 1, 0 ]
INVOLUTION_EXCLUSION id=[ 256, 6626 ] d=3 zrank=1 witness=[ 0, 0, 0, 0, 1, 0, 0, 0 ]
INVOLUTION_EXCLUSION id=[ 256, 6630 ] d=3 zrank=1 witness=[ 0, 0, 0, 1, 0, 0, 0, 0 ]
INVOLUTION_EXCLUSION id=[ 256, 6631 ] d=3 zrank=1 witness=[ 0, 0, 0, 1, 0, 0, 0, 0 ]
INVOLUTION_EXCLUSION id=[ 256, 6635 ] d=3 zrank=1 witness=[ 0, 0, 0, 1, 0, 0, 1, 0 ]
INVOLUTION_EXCLUSION id=[ 256, 6636 ] d=3 zrank=1 witness=[ 0, 0, 0, 1, 0, 0, 1, 0 ]
INVOLUTION_EXCLUSION id=[ 256, 6643 ] d=3 zrank=1 witness=[ 0, 0, 0, 0, 1, 0, 1, 0 ]
INVOLUTION_EXCLUSION id=[ 256, 6644 ] d=3 zrank=1 witness=[ 0, 0, 0, 0, 1, 0, 1, 0 ]
INVOLUTION_EXCLUSION id=[ 256, 6645 ] d=3 zrank=1 witness=[ 0, 0, 0, 0, 1, 0, 0, 0 ]
INVOLUTION_EXCLUSION id=[ 256, 6646 ] d=3 zrank=1 witness=[ 0, 0, 0, 0, 1, 0, 0, 0 ]
INVOLUTION_EXCLUSION id=[ 256, 6655 ] d=3 zrank=1 witness=[ 0, 0, 0, 0, 1, 0, 0, 0 ]
INVOLUTION_EXCLUSION id=[ 256, 6656 ] d=3 zrank=1 witness=[ 0, 0, 0, 0, 1, 0, 0, 0 ]
INVOLUTION_EXCLUSION id=[ 256, 6657 ] d=3 zrank=1 witness=[ 0, 0, 0, 0, 1, 0, 1, 0 ]
INVOLUTION_EXCLUSION id=[ 256, 6658 ] d=3 zrank=1 witness=[ 0, 0, 0, 0, 1, 0, 1, 0 ]
INVOLUTION_EXCLUSION id=[ 256, 6659 ] d=3 zrank=1 witness=[ 0, 0, 0, 0, 1, 0, 1, 0 ]
INVOLUTION_EXCLUSION id=[ 256, 6660 ] d=3 zrank=1 witness=[ 0, 0, 0, 0, 1, 0, 1, 0 ]
INVOLUTION_EXCLUSION id=[ 256, 6661 ] d=3 zrank=1 witness=[ 0, 0, 0, 0, 0, 0, 1, 0 ]
INVOLUTION_EXCLUSION id=[ 256, 6662 ] d=3 zrank=1 witness=[ 0, 0, 0, 0, 0, 0, 1, 0 ]
INVOLUTION_EXCLUSION id=[ 256, 6663 ] d=3 zrank=1 witness=[ 0, 0, 0, 0, 0, 0, 1, 0 ]
INVOLUTION_EXCLUSION id=[ 256, 6664 ] d=3 zrank=1 witness=[ 0, 0, 0, 0, 0, 0, 1, 0 ]
INVOLUTION_EXCLUSION id=[ 256, 6665 ] d=3 zrank=1 witness=[ 0, 0, 0, 0, 0, 0, 1, 0 ]
INVOLUTION_EXCLUSION id=[ 256, 6666 ] d=3 zrank=1 witness=[ 0, 0, 0, 0, 0, 0, 1, 0 ]
INVOLUTION_EXCLUSION id=[ 256, 6667 ] d=3 zrank=1 witness=[ 0, 0, 0, 0, 0, 0, 1, 0 ]
INVOLUTION_EXCLUSION id=[ 256, 6668 ] d=3 zrank=1 witness=[ 0, 0, 0, 0, 0, 0, 1, 0 ]
INVOLUTION_EXCLUSION id=[ 256, 6669 ] d=3 zrank=1 witness=[ 0, 0, 0, 0, 0, 0, 1, 0 ]
INVOLUTION_EXCLUSION id=[ 256, 6670 ] d=3 zrank=1 witness=[ 0, 0, 0, 0, 0, 0, 1, 0 ]
INVOLUTION_EXCLUSION id=[ 256, 6671 ] d=3 zrank=1 witness=[ 0, 0, 0, 0, 0, 0, 1, 0 ]
INVOLUTION_EXCLUSION id=[ 256, 6672 ] d=3 zrank=1 witness=[ 0, 0, 0, 0, 0, 0, 1, 0 ]
INVOLUTION_EXCLUSION id=[ 256, 6679 ] d=3 zrank=1 witness=[ 0, 0, 0, 1, 0, 0, 1, 0 ]
INVOLUTION_EXCLUSION id=[ 256, 6680 ] d=3 zrank=1 witness=[ 0, 0, 0, 1, 0, 0, 1, 0 ]
INVOLUTION_EXCLUSION id=[ 256, 6681 ] d=3 zrank=1 witness=[ 0, 0, 0, 1, 0, 0, 1, 0 ]
INVOLUTION_EXCLUSION id=[ 256, 6688 ] d=3 zrank=1 witness=[ 0, 0, 0, 0, 1, 0, 1, 0 ]
INVOLUTION_EXCLUSION id=[ 256, 6689 ] d=3 zrank=1 witness=[ 0, 0, 0, 0, 1, 0, 1, 0 ]
INVOLUTION_EXCLUSION id=[ 256, 6690 ] d=3 zrank=1 witness=[ 0, 0, 0, 0, 1, 0, 1, 0 ]
INVOLUTION_EXCLUSION id=[ 256, 6697 ] d=3 zrank=1 witness=[ 0, 0, 0, 1, 0, 0, 1, 0 ]
INVOLUTION_EXCLUSION id=[ 256, 6698 ] d=3 zrank=1 witness=[ 0, 0, 0, 1, 0, 0, 1, 0 ]
INVOLUTION_EXCLUSION id=[ 256, 6705 ] d=3 zrank=1 witness=[ 0, 0, 0, 1, 0, 0, 0, 0 ]
INVOLUTION_EXCLUSION id=[ 256, 6706 ] d=3 zrank=1 witness=[ 0, 0, 0, 1, 0, 0, 0, 0 ]
INVOLUTION_EXCLUSION id=[ 256, 6725 ] d=3 zrank=1 witness=[ 0, 0, 1, 0, 0, 0, 0, 0 ]
INVOLUTION_EXCLUSION id=[ 256, 6729 ] d=3 zrank=1 witness=[ 0, 0, 1, 0, 0, 0, 1, 0 ]
INVOLUTION_EXCLUSION id=[ 256, 6730 ] d=3 zrank=1 witness=[ 0, 0, 1, 0, 0, 0, 0, 0 ]
INVOLUTION_EXCLUSION id=[ 256, 6731 ] d=3 zrank=1 witness=[ 0, 0, 1, 0, 0, 0, 0, 0 ]
PROGRESS order=256 id=7000 total=9668 elapsed_ms=22718
PROGRESS order=256 id=8000 total=10668 elapsed_ms=24575
PROGRESS order=256 id=9000 total=11668 elapsed_ms=26432
PROGRESS order=256 id=10000 total=12668 elapsed_ms=28318
PROGRESS order=256 id=11000 total=13668 elapsed_ms=30630
PROGRESS order=256 id=12000 total=14668 elapsed_ms=33154
PROGRESS order=256 id=13000 total=15668 elapsed_ms=35642
INVOLUTION_EXCLUSION id=[ 256, 13326 ] d=4 zrank=1 witness=[ 0, 0, 0, 0, 0, 0, 1, 0 ]
INVOLUTION_EXCLUSION id=[ 256, 13328 ] d=4 zrank=1 witness=[ 0, 0, 0, 0, 0, 1, 1, 0 ]
INVOLUTION_EXCLUSION id=[ 256, 13348 ] d=4 zrank=1 witness=[ 0, 0, 0, 0, 0, 1, 0, 0 ]
INVOLUTION_EXCLUSION id=[ 256, 13358 ] d=4 zrank=1 witness=[ 0, 0, 0, 0, 0, 0, 1, 0 ]
INVOLUTION_EXCLUSION id=[ 256, 13389 ] d=4 zrank=1 witness=[ 0, 0, 0, 0, 0, 0, 1, 0 ]
INVOLUTION_EXCLUSION id=[ 256, 13600 ] d=4 zrank=1 witness=[ 0, 0, 0, 0, 0, 1, 0, 0 ]
INVOLUTION_EXCLUSION id=[ 256, 13608 ] d=4 zrank=1 witness=[ 0, 0, 0, 0, 0, 1, 0, 0 ]
INVOLUTION_EXCLUSION id=[ 256, 13611 ] d=4 zrank=1 witness=[ 0, 0, 0, 0, 0, 0, 1, 0 ]
INVOLUTION_EXCLUSION id=[ 256, 13659 ] d=4 zrank=1 witness=[ 0, 0, 0, 0, 0, 0, 1, 0 ]
INVOLUTION_EXCLUSION id=[ 256, 13661 ] d=4 zrank=1 witness=[ 0, 0, 0, 0, 0, 1, 0, 0 ]
INVOLUTION_EXCLUSION id=[ 256, 13663 ] d=4 zrank=1 witness=[ 0, 0, 0, 0, 0, 0, 1, 0 ]
INVOLUTION_EXCLUSION id=[ 256, 13696 ] d=4 zrank=1 witness=[ 0, 0, 0, 0, 0, 0, 1, 0 ]
INVOLUTION_EXCLUSION id=[ 256, 13698 ] d=4 zrank=1 witness=[ 0, 0, 0, 0, 0, 0, 1, 0 ]
INVOLUTION_EXCLUSION id=[ 256, 13701 ] d=4 zrank=1 witness=[ 0, 0, 0, 0, 0, 1, 0, 0 ]
INVOLUTION_EXCLUSION id=[ 256, 13745 ] d=4 zrank=1 witness=[ 0, 0, 0, 0, 0, 0, 1, 0 ]
INVOLUTION_EXCLUSION id=[ 256, 13764 ] d=4 zrank=1 witness=[ 0, 0, 0, 0, 0, 0, 1, 0 ]
INVOLUTION_EXCLUSION id=[ 256, 13775 ] d=4 zrank=1 witness=[ 0, 0, 0, 0, 0, 0, 1, 0 ]
INVOLUTION_EXCLUSION id=[ 256, 13776 ] d=4 zrank=1 witness=[ 0, 0, 0, 0, 0, 0, 1, 0 ]
INVOLUTION_EXCLUSION id=[ 256, 13848 ] d=4 zrank=1 witness=[ 0, 0, 0, 0, 0, 1, 0, 0 ]
INVOLUTION_EXCLUSION id=[ 256, 13855 ] d=4 zrank=1 witness=[ 0, 0, 0, 0, 0, 1, 1, 0 ]
INVOLUTION_EXCLUSION id=[ 256, 13880 ] d=4 zrank=1 witness=[ 0, 0, 0, 0, 0, 1, 0, 0 ]
INVOLUTION_EXCLUSION id=[ 256, 13927 ] d=4 zrank=1 witness=[ 0, 0, 0, 0, 0, 0, 1, 0 ]
INVOLUTION_EXCLUSION id=[ 256, 13935 ] d=4 zrank=1 witness=[ 0, 0, 0, 0, 0, 0, 1, 0 ]
INVOLUTION_EXCLUSION id=[ 256, 13952 ] d=4 zrank=1 witness=[ 0, 0, 0, 0, 0, 1, 0, 0 ]
INVOLUTION_EXCLUSION id=[ 256, 13983 ] d=4 zrank=1 witness=[ 0, 0, 0, 0, 0, 0, 1, 0 ]
INVOLUTION_EXCLUSION id=[ 256, 13986 ] d=4 zrank=1 witness=[ 0, 0, 0, 0, 0, 1, 1, 0 ]
INVOLUTION_EXCLUSION id=[ 256, 13988 ] d=4 zrank=1 witness=[ 0, 0, 0, 0, 0, 0, 1, 0 ]
INVOLUTION_EXCLUSION id=[ 256, 13997 ] d=4 zrank=1 witness=[ 0, 0, 0, 0, 0, 0, 1, 0 ]
INVOLUTION_EXCLUSION id=[ 256, 14000 ] d=4 zrank=1 witness=[ 0, 0, 0, 0, 0, 1, 0, 0 ]
PROGRESS order=256 id=14000 total=16668 elapsed_ms=38100
INVOLUTION_EXCLUSION id=[ 256, 14002 ] d=4 zrank=1 witness=[ 0, 0, 0, 0, 0, 0, 1, 0 ]
INVOLUTION_EXCLUSION id=[ 256, 14005 ] d=4 zrank=1 witness=[ 0, 0, 0, 0, 0, 1, 0, 0 ]
INVOLUTION_EXCLUSION id=[ 256, 14068 ] d=4 zrank=1 witness=[ 0, 0, 0, 0, 0, 1, 0, 0 ]
INVOLUTION_EXCLUSION id=[ 256, 14172 ] d=4 zrank=1 witness=[ 0, 0, 0, 0, 0, 1, 1, 0 ]
INVOLUTION_EXCLUSION id=[ 256, 14232 ] d=4 zrank=1 witness=[ 0, 0, 0, 0, 0, 0, 1, 0 ]
INVOLUTION_EXCLUSION id=[ 256, 14465 ] d=4 zrank=1 witness=[ 0, 0, 0, 0, 0, 1, 0, 0 ]
INVOLUTION_EXCLUSION id=[ 256, 14466 ] d=4 zrank=1 witness=[ 0, 0, 0, 0, 0, 1, 0, 0 ]
INVOLUTION_EXCLUSION id=[ 256, 14471 ] d=4 zrank=1 witness=[ 0, 0, 0, 0, 0, 1, 0, 0 ]
INVOLUTION_EXCLUSION id=[ 256, 14472 ] d=4 zrank=1 witness=[ 0, 0, 0, 0, 0, 1, 0, 0 ]
INVOLUTION_EXCLUSION id=[ 256, 14546 ] d=4 zrank=1 witness=[ 0, 0, 0, 0, 0, 1, 1, 0 ]
INVOLUTION_EXCLUSION id=[ 256, 14547 ] d=4 zrank=1 witness=[ 0, 0, 0, 0, 0, 1, 1, 0 ]
INVOLUTION_EXCLUSION id=[ 256, 14764 ] d=4 zrank=1 witness=[ 0, 0, 0, 0, 0, 0, 1, 0 ]
INVOLUTION_EXCLUSION id=[ 256, 14765 ] d=4 zrank=1 witness=[ 0, 0, 0, 0, 0, 0, 1, 0 ]
INVOLUTION_EXCLUSION id=[ 256, 14766 ] d=4 zrank=1 witness=[ 0, 0, 0, 0, 0, 1, 0, 0 ]
INVOLUTION_EXCLUSION id=[ 256, 14767 ] d=4 zrank=1 witness=[ 0, 0, 0, 0, 0, 1, 0, 0 ]
INVOLUTION_EXCLUSION id=[ 256, 14768 ] d=4 zrank=1 witness=[ 0, 0, 0, 0, 0, 1, 0, 0 ]
INVOLUTION_EXCLUSION id=[ 256, 14769 ] d=4 zrank=1 witness=[ 0, 0, 0, 0, 0, 1, 0, 0 ]
INVOLUTION_EXCLUSION id=[ 256, 14770 ] d=4 zrank=1 witness=[ 0, 0, 0, 0, 0, 0, 1, 0 ]
INVOLUTION_EXCLUSION id=[ 256, 14771 ] d=4 zrank=1 witness=[ 0, 0, 0, 0, 0, 0, 1, 0 ]
INVOLUTION_EXCLUSION id=[ 256, 14772 ] d=4 zrank=1 witness=[ 0, 0, 0, 0, 0, 0, 1, 0 ]
INVOLUTION_EXCLUSION id=[ 256, 14773 ] d=4 zrank=1 witness=[ 0, 0, 0, 0, 0, 0, 1, 0 ]
PROGRESS order=256 id=15000 total=17668 elapsed_ms=40501
INVOLUTION_EXCLUSION id=[ 256, 15272 ] d=4 zrank=1 witness=[ 0, 0, 0, 0, 0, 0, 1, 0 ]
INVOLUTION_EXCLUSION id=[ 256, 15273 ] d=4 zrank=1 witness=[ 0, 0, 0, 0, 0, 0, 1, 0 ]
INVOLUTION_EXCLUSION id=[ 256, 15274 ] d=4 zrank=1 witness=[ 0, 0, 0, 0, 0, 0, 1, 0 ]
INVOLUTION_EXCLUSION id=[ 256, 15443 ] d=4 zrank=1 witness=[ 0, 0, 0, 0, 0, 0, 1, 0 ]
INVOLUTION_EXCLUSION id=[ 256, 15444 ] d=4 zrank=1 witness=[ 0, 0, 0, 0, 0, 0, 1, 0 ]
INVOLUTION_EXCLUSION id=[ 256, 15445 ] d=4 zrank=1 witness=[ 0, 0, 0, 0, 0, 0, 1, 0 ]
INVOLUTION_EXCLUSION id=[ 256, 15446 ] d=4 zrank=1 witness=[ 0, 0, 0, 0, 0, 1, 0, 0 ]
INVOLUTION_EXCLUSION id=[ 256, 15447 ] d=4 zrank=1 witness=[ 0, 0, 0, 0, 0, 1, 0, 0 ]
INVOLUTION_EXCLUSION id=[ 256, 15448 ] d=4 zrank=1 witness=[ 0, 0, 0, 0, 0, 1, 0, 0 ]
INVOLUTION_EXCLUSION id=[ 256, 15449 ] d=4 zrank=1 witness=[ 0, 0, 0, 0, 0, 0, 1, 0 ]
INVOLUTION_EXCLUSION id=[ 256, 15450 ] d=4 zrank=1 witness=[ 0, 0, 0, 0, 0, 0, 1, 0 ]
INVOLUTION_EXCLUSION id=[ 256, 15682 ] d=4 zrank=1 witness=[ 0, 0, 0, 0, 0, 1, 1, 0 ]
INVOLUTION_EXCLUSION id=[ 256, 15683 ] d=4 zrank=1 witness=[ 0, 0, 0, 0, 0, 1, 1, 0 ]
INVOLUTION_EXCLUSION id=[ 256, 15886 ] d=4 zrank=1 witness=[ 0, 0, 0, 0, 0, 1, 1, 0 ]
INVOLUTION_EXCLUSION id=[ 256, 15887 ] d=4 zrank=1 witness=[ 0, 0, 0, 0, 0, 1, 1, 0 ]
PROGRESS order=256 id=16000 total=18668 elapsed_ms=42919
INVOLUTION_EXCLUSION id=[ 256, 16030 ] d=4 zrank=1 witness=[ 0, 0, 0, 0, 0, 0, 1, 0 ]
INVOLUTION_EXCLUSION id=[ 256, 16031 ] d=4 zrank=1 witness=[ 0, 0, 0, 0, 0, 0, 1, 0 ]
INVOLUTION_EXCLUSION id=[ 256, 16184 ] d=4 zrank=1 witness=[ 0, 0, 0, 0, 0, 0, 1, 0 ]
INVOLUTION_EXCLUSION id=[ 256, 16185 ] d=4 zrank=1 witness=[ 0, 0, 0, 0, 0, 0, 1, 0 ]
INVOLUTION_EXCLUSION id=[ 256, 16348 ] d=4 zrank=1 witness=[ 0, 0, 0, 0, 0, 0, 1, 0 ]
INVOLUTION_EXCLUSION id=[ 256, 16349 ] d=4 zrank=1 witness=[ 0, 0, 0, 0, 0, 0, 1, 0 ]
INVOLUTION_EXCLUSION id=[ 256, 16350 ] d=4 zrank=1 witness=[ 0, 0, 0, 0, 0, 0, 1, 0 ]
INVOLUTION_EXCLUSION id=[ 256, 16400 ] d=4 zrank=1 witness=[ 0, 0, 0, 0, 0, 0, 1, 0 ]
INVOLUTION_EXCLUSION id=[ 256, 16402 ] d=4 zrank=1 witness=[ 0, 0, 0, 0, 0, 0, 1, 0 ]
INVOLUTION_EXCLUSION id=[ 256, 16422 ] d=4 zrank=1 witness=[ 0, 0, 0, 0, 0, 1, 1, 0 ]
INVOLUTION_EXCLUSION id=[ 256, 16460 ] d=4 zrank=1 witness=[ 0, 0, 0, 0, 0, 1, 1, 0 ]
INVOLUTION_EXCLUSION id=[ 256, 16462 ] d=4 zrank=1 witness=[ 0, 0, 0, 0, 0, 0, 1, 0 ]
INVOLUTION_EXCLUSION id=[ 256, 16513 ] d=4 zrank=1 witness=[ 0, 0, 0, 0, 0, 0, 1, 0 ]
INVOLUTION_EXCLUSION id=[ 256, 16515 ] d=4 zrank=1 witness=[ 0, 0, 0, 0, 0, 0, 1, 0 ]
INVOLUTION_EXCLUSION id=[ 256, 16523 ] d=4 zrank=1 witness=[ 0, 0, 0, 0, 0, 1, 1, 0 ]
INVOLUTION_EXCLUSION id=[ 256, 16610 ] d=4 zrank=1 witness=[ 0, 0, 0, 0, 0, 0, 1, 0 ]
INVOLUTION_EXCLUSION id=[ 256, 16637 ] d=4 zrank=1 witness=[ 0, 0, 0, 0, 0, 0, 1, 0 ]
INVOLUTION_EXCLUSION id=[ 256, 16640 ] d=4 zrank=1 witness=[ 0, 0, 0, 0, 0, 0, 1, 0 ]
INVOLUTION_EXCLUSION id=[ 256, 16711 ] d=4 zrank=1 witness=[ 0, 0, 0, 0, 0, 0, 1, 0 ]
INVOLUTION_EXCLUSION id=[ 256, 16728 ] d=4 zrank=1 witness=[ 0, 0, 0, 0, 0, 1, 0, 0 ]
INVOLUTION_EXCLUSION id=[ 256, 16739 ] d=4 zrank=1 witness=[ 0, 0, 0, 0, 0, 0, 1, 0 ]
INVOLUTION_EXCLUSION id=[ 256, 16741 ] d=4 zrank=1 witness=[ 0, 0, 0, 0, 0, 1, 0, 0 ]
INVOLUTION_EXCLUSION id=[ 256, 16782 ] d=4 zrank=1 witness=[ 0, 0, 0, 0, 0, 0, 1, 0 ]
INVOLUTION_EXCLUSION id=[ 256, 16783 ] d=4 zrank=1 witness=[ 0, 0, 0, 0, 0, 0, 1, 0 ]
INVOLUTION_EXCLUSION id=[ 256, 16821 ] d=4 zrank=1 witness=[ 0, 0, 0, 0, 0, 1, 1, 0 ]
INVOLUTION_EXCLUSION id=[ 256, 16822 ] d=4 zrank=1 witness=[ 0, 0, 0, 0, 0, 1, 1, 0 ]
INVOLUTION_EXCLUSION id=[ 256, 16835 ] d=4 zrank=1 witness=[ 0, 0, 0, 0, 0, 0, 1, 0 ]
INVOLUTION_EXCLUSION id=[ 256, 16860 ] d=4 zrank=1 witness=[ 0, 0, 0, 0, 0, 0, 1, 0 ]
INVOLUTION_EXCLUSION id=[ 256, 16861 ] d=4 zrank=1 witness=[ 0, 0, 0, 0, 0, 0, 1, 0 ]
INVOLUTION_EXCLUSION id=[ 256, 16862 ] d=4 zrank=1 witness=[ 0, 0, 0, 0, 0, 0, 1, 0 ]
INVOLUTION_EXCLUSION id=[ 256, 16863 ] d=4 zrank=1 witness=[ 0, 0, 0, 0, 0, 0, 1, 0 ]
INVOLUTION_EXCLUSION id=[ 256, 16870 ] d=4 zrank=1 witness=[ 0, 0, 0, 0, 0, 0, 1, 0 ]
INVOLUTION_EXCLUSION id=[ 256, 16871 ] d=4 zrank=1 witness=[ 0, 0, 0, 0, 0, 0, 1, 0 ]
INVOLUTION_EXCLUSION id=[ 256, 16872 ] d=4 zrank=1 witness=[ 0, 0, 0, 0, 0, 0, 1, 0 ]
INVOLUTION_EXCLUSION id=[ 256, 16873 ] d=4 zrank=1 witness=[ 0, 0, 0, 0, 0, 0, 1, 0 ]
INVOLUTION_EXCLUSION id=[ 256, 16880 ] d=4 zrank=1 witness=[ 0, 0, 0, 0, 0, 1, 1, 0 ]
INVOLUTION_EXCLUSION id=[ 256, 16881 ] d=4 zrank=1 witness=[ 0, 0, 0, 0, 0, 1, 1, 0 ]
INVOLUTION_EXCLUSION id=[ 256, 16882 ] d=4 zrank=1 witness=[ 0, 0, 0, 0, 0, 1, 1, 0 ]
INVOLUTION_EXCLUSION id=[ 256, 16883 ] d=4 zrank=1 witness=[ 0, 0, 0, 0, 0, 0, 1, 0 ]
INVOLUTION_EXCLUSION id=[ 256, 16884 ] d=4 zrank=1 witness=[ 0, 0, 0, 0, 0, 0, 1, 0 ]
INVOLUTION_EXCLUSION id=[ 256, 16885 ] d=4 zrank=1 witness=[ 0, 0, 0, 0, 0, 0, 1, 0 ]
INVOLUTION_EXCLUSION id=[ 256, 16886 ] d=4 zrank=1 witness=[ 0, 0, 0, 0, 0, 0, 1, 0 ]
INVOLUTION_EXCLUSION id=[ 256, 16887 ] d=4 zrank=1 witness=[ 0, 0, 0, 0, 0, 0, 1, 0 ]
INVOLUTION_EXCLUSION id=[ 256, 16978 ] d=4 zrank=1 witness=[ 0, 0, 0, 0, 0, 1, 0, 0 ]
INVOLUTION_EXCLUSION id=[ 256, 16979 ] d=4 zrank=1 witness=[ 0, 0, 0, 0, 0, 1, 0, 0 ]
INVOLUTION_EXCLUSION id=[ 256, 16980 ] d=4 zrank=1 witness=[ 0, 0, 0, 0, 0, 1, 0, 0 ]
INVOLUTION_EXCLUSION id=[ 256, 16981 ] d=4 zrank=1 witness=[ 0, 0, 0, 0, 0, 1, 0, 0 ]
INVOLUTION_EXCLUSION id=[ 256, 16982 ] d=4 zrank=1 witness=[ 0, 0, 0, 0, 0, 1, 0, 0 ]
INVOLUTION_EXCLUSION id=[ 256, 16983 ] d=4 zrank=1 witness=[ 0, 0, 0, 0, 0, 1, 0, 0 ]
INVOLUTION_EXCLUSION id=[ 256, 16984 ] d=4 zrank=1 witness=[ 0, 0, 0, 0, 0, 0, 1, 0 ]
INVOLUTION_EXCLUSION id=[ 256, 16985 ] d=4 zrank=1 witness=[ 0, 0, 0, 0, 0, 0, 1, 0 ]
INVOLUTION_EXCLUSION id=[ 256, 16986 ] d=4 zrank=1 witness=[ 0, 0, 0, 0, 0, 0, 1, 0 ]
INVOLUTION_EXCLUSION id=[ 256, 16987 ] d=4 zrank=1 witness=[ 0, 0, 0, 0, 0, 0, 1, 0 ]
INVOLUTION_EXCLUSION id=[ 256, 16988 ] d=4 zrank=1 witness=[ 0, 0, 0, 0, 0, 0, 1, 0 ]
INVOLUTION_EXCLUSION id=[ 256, 16989 ] d=4 zrank=1 witness=[ 0, 0, 0, 0, 0, 0, 1, 0 ]
PROGRESS order=256 id=17000 total=19668 elapsed_ms=45427
INVOLUTION_EXCLUSION id=[ 256, 17273 ] d=4 zrank=1 witness=[ 0, 0, 0, 0, 0, 0, 1, 0 ]
INVOLUTION_EXCLUSION id=[ 256, 17274 ] d=4 zrank=1 witness=[ 0, 0, 0, 0, 0, 0, 1, 0 ]
INVOLUTION_EXCLUSION id=[ 256, 17275 ] d=4 zrank=1 witness=[ 0, 0, 0, 0, 0, 0, 1, 0 ]
INVOLUTION_EXCLUSION id=[ 256, 17276 ] d=4 zrank=1 witness=[ 0, 0, 0, 0, 0, 0, 1, 0 ]
INVOLUTION_EXCLUSION id=[ 256, 17283 ] d=4 zrank=1 witness=[ 0, 0, 0, 0, 0, 1, 1, 0 ]
INVOLUTION_EXCLUSION id=[ 256, 17284 ] d=4 zrank=1 witness=[ 0, 0, 0, 0, 0, 1, 1, 0 ]
INVOLUTION_EXCLUSION id=[ 256, 17285 ] d=4 zrank=1 witness=[ 0, 0, 0, 0, 0, 1, 1, 0 ]
INVOLUTION_EXCLUSION id=[ 256, 17396 ] d=4 zrank=1 witness=[ 0, 0, 0, 0, 0, 1, 0, 0 ]
INVOLUTION_EXCLUSION id=[ 256, 17397 ] d=4 zrank=1 witness=[ 0, 0, 0, 0, 0, 1, 0, 0 ]
INVOLUTION_EXCLUSION id=[ 256, 17398 ] d=4 zrank=1 witness=[ 0, 0, 0, 0, 0, 1, 0, 0 ]
INVOLUTION_EXCLUSION id=[ 256, 17399 ] d=4 zrank=1 witness=[ 0, 0, 0, 0, 0, 1, 0, 0 ]
INVOLUTION_EXCLUSION id=[ 256, 17408 ] d=4 zrank=1 witness=[ 0, 0, 0, 0, 0, 1, 1, 0 ]
INVOLUTION_EXCLUSION id=[ 256, 17409 ] d=4 zrank=1 witness=[ 0, 0, 0, 0, 0, 1, 1, 0 ]
INVOLUTION_EXCLUSION id=[ 256, 17410 ] d=4 zrank=1 witness=[ 0, 0, 0, 0, 0, 1, 1, 0 ]
INVOLUTION_EXCLUSION id=[ 256, 17411 ] d=4 zrank=1 witness=[ 0, 0, 0, 0, 0, 1, 1, 0 ]
INVOLUTION_EXCLUSION id=[ 256, 17460 ] d=4 zrank=1 witness=[ 0, 0, 0, 0, 0, 1, 1, 0 ]
INVOLUTION_EXCLUSION id=[ 256, 17461 ] d=4 zrank=1 witness=[ 0, 0, 0, 0, 0, 1, 1, 0 ]
INVOLUTION_EXCLUSION id=[ 256, 17462 ] d=4 zrank=1 witness=[ 0, 0, 0, 0, 0, 1, 1, 0 ]
INVOLUTION_EXCLUSION id=[ 256, 17463 ] d=4 zrank=1 witness=[ 0, 0, 0, 0, 0, 1, 1, 0 ]
INVOLUTION_EXCLUSION id=[ 256, 17796 ] d=4 zrank=1 witness=[ 0, 0, 0, 0, 0, 1, 1, 0 ]
INVOLUTION_EXCLUSION id=[ 256, 17797 ] d=4 zrank=1 witness=[ 0, 0, 0, 0, 0, 1, 1, 0 ]
INVOLUTION_EXCLUSION id=[ 256, 17798 ] d=4 zrank=1 witness=[ 0, 0, 0, 0, 0, 1, 1, 0 ]
INVOLUTION_EXCLUSION id=[ 256, 17973 ] d=4 zrank=1 witness=[ 0, 0, 0, 0, 0, 1, 1, 0 ]
INVOLUTION_EXCLUSION id=[ 256, 17974 ] d=4 zrank=1 witness=[ 0, 0, 0, 0, 0, 1, 1, 0 ]
INVOLUTION_EXCLUSION id=[ 256, 17975 ] d=4 zrank=1 witness=[ 0, 0, 0, 0, 0, 0, 1, 0 ]
INVOLUTION_EXCLUSION id=[ 256, 17976 ] d=4 zrank=1 witness=[ 0, 0, 0, 0, 0, 0, 1, 0 ]
INVOLUTION_EXCLUSION id=[ 256, 17977 ] d=4 zrank=1 witness=[ 0, 0, 0, 0, 0, 0, 1, 0 ]
PROGRESS order=256 id=18000 total=20668 elapsed_ms=47879
INVOLUTION_EXCLUSION id=[ 256, 18184 ] d=4 zrank=1 witness=[ 0, 0, 0, 0, 0, 0, 1, 0 ]
INVOLUTION_EXCLUSION id=[ 256, 18185 ] d=4 zrank=1 witness=[ 0, 0, 0, 0, 0, 0, 1, 0 ]
INVOLUTION_EXCLUSION id=[ 256, 18186 ] d=4 zrank=1 witness=[ 0, 0, 0, 0, 0, 0, 1, 0 ]
INVOLUTION_EXCLUSION id=[ 256, 18187 ] d=4 zrank=1 witness=[ 0, 0, 0, 0, 0, 0, 1, 0 ]
INVOLUTION_EXCLUSION id=[ 256, 18434 ] d=4 zrank=1 witness=[ 0, 0, 0, 0, 0, 0, 1, 0 ]
INVOLUTION_EXCLUSION id=[ 256, 18435 ] d=4 zrank=1 witness=[ 0, 0, 0, 0, 0, 0, 1, 0 ]
INVOLUTION_EXCLUSION id=[ 256, 18436 ] d=4 zrank=1 witness=[ 0, 0, 0, 0, 0, 0, 1, 0 ]
INVOLUTION_EXCLUSION id=[ 256, 18786 ] d=4 zrank=1 witness=[ 0, 0, 0, 0, 0, 0, 1, 0 ]
INVOLUTION_EXCLUSION id=[ 256, 18787 ] d=4 zrank=1 witness=[ 0, 0, 0, 0, 0, 0, 1, 0 ]
INVOLUTION_EXCLUSION id=[ 256, 18788 ] d=4 zrank=1 witness=[ 0, 0, 0, 0, 0, 0, 1, 0 ]
PROGRESS order=256 id=19000 total=21668 elapsed_ms=50330
PROGRESS order=256 id=20000 total=22668 elapsed_ms=52904
INVOLUTION_EXCLUSION id=[ 256, 20586 ] d=4 zrank=1 witness=[ 0, 0, 0, 0, 0, 1, 1, 0 ]
INVOLUTION_EXCLUSION id=[ 256, 20587 ] d=4 zrank=1 witness=[ 0, 0, 0, 0, 0, 1, 1, 0 ]
INVOLUTION_EXCLUSION id=[ 256, 20679 ] d=4 zrank=1 witness=[ 0, 0, 0, 0, 0, 0, 1, 0 ]
INVOLUTION_EXCLUSION id=[ 256, 20680 ] d=4 zrank=1 witness=[ 0, 0, 0, 0, 0, 0, 1, 0 ]
INVOLUTION_EXCLUSION id=[ 256, 20681 ] d=4 zrank=1 witness=[ 0, 0, 0, 0, 0, 0, 1, 0 ]
INVOLUTION_EXCLUSION id=[ 256, 20682 ] d=4 zrank=1 witness=[ 0, 0, 0, 0, 0, 0, 1, 0 ]
INVOLUTION_EXCLUSION id=[ 256, 20821 ] d=4 zrank=1 witness=[ 0, 0, 0, 0, 0, 1, 1, 0 ]
INVOLUTION_EXCLUSION id=[ 256, 20822 ] d=4 zrank=1 witness=[ 0, 0, 0, 0, 0, 1, 1, 0 ]
INVOLUTION_EXCLUSION id=[ 256, 20975 ] d=4 zrank=1 witness=[ 0, 0, 0, 0, 0, 0, 1, 0 ]
INVOLUTION_EXCLUSION id=[ 256, 20976 ] d=4 zrank=1 witness=[ 0, 0, 0, 0, 0, 0, 1, 0 ]
INVOLUTION_EXCLUSION id=[ 256, 20977 ] d=4 zrank=1 witness=[ 0, 0, 0, 0, 0, 0, 1, 0 ]
PROGRESS order=256 id=21000 total=23668 elapsed_ms=55313
INVOLUTION_EXCLUSION id=[ 256, 21168 ] d=4 zrank=1 witness=[ 0, 0, 0, 0, 0, 0, 1, 0 ]
INVOLUTION_EXCLUSION id=[ 256, 21169 ] d=4 zrank=1 witness=[ 0, 0, 0, 0, 0, 0, 1, 0 ]
INVOLUTION_EXCLUSION id=[ 256, 21170 ] d=4 zrank=1 witness=[ 0, 0, 0, 0, 0, 1, 0, 0 ]
INVOLUTION_EXCLUSION id=[ 256, 21171 ] d=4 zrank=1 witness=[ 0, 0, 0, 0, 0, 1, 0, 0 ]
INVOLUTION_EXCLUSION id=[ 256, 21172 ] d=4 zrank=1 witness=[ 0, 0, 0, 0, 0, 1, 0, 0 ]
INVOLUTION_EXCLUSION id=[ 256, 21237 ] d=4 zrank=1 witness=[ 0, 0, 0, 0, 0, 1, 1, 0 ]
INVOLUTION_EXCLUSION id=[ 256, 21238 ] d=4 zrank=1 witness=[ 0, 0, 0, 0, 0, 1, 1, 0 ]
PROGRESS order=256 id=22000 total=24668 elapsed_ms=57665
INVOLUTION_EXCLUSION id=[ 256, 22142 ] d=4 zrank=1 witness=[ 0, 0, 0, 0, 0, 1, 0, 0 ]
INVOLUTION_EXCLUSION id=[ 256, 22143 ] d=4 zrank=1 witness=[ 0, 0, 0, 0, 0, 1, 0, 0 ]
INVOLUTION_EXCLUSION id=[ 256, 22218 ] d=4 zrank=1 witness=[ 0, 0, 0, 0, 0, 1, 1, 0 ]
INVOLUTION_EXCLUSION id=[ 256, 22219 ] d=4 zrank=1 witness=[ 0, 0, 0, 0, 0, 1, 1, 0 ]
INVOLUTION_EXCLUSION id=[ 256, 22220 ] d=4 zrank=1 witness=[ 0, 0, 0, 0, 0, 1, 0, 0 ]
INVOLUTION_EXCLUSION id=[ 256, 22221 ] d=4 zrank=1 witness=[ 0, 0, 0, 0, 0, 1, 0, 0 ]
INVOLUTION_EXCLUSION id=[ 256, 22258 ] d=4 zrank=1 witness=[ 0, 0, 0, 0, 0, 0, 1, 0 ]
INVOLUTION_EXCLUSION id=[ 256, 22259 ] d=4 zrank=1 witness=[ 0, 0, 0, 0, 0, 0, 1, 0 ]
INVOLUTION_EXCLUSION id=[ 256, 22372 ] d=4 zrank=1 witness=[ 0, 0, 0, 0, 0, 0, 1, 0 ]
INVOLUTION_EXCLUSION id=[ 256, 22373 ] d=4 zrank=1 witness=[ 0, 0, 0, 0, 0, 0, 1, 0 ]
INVOLUTION_EXCLUSION id=[ 256, 22374 ] d=4 zrank=1 witness=[ 0, 0, 0, 0, 0, 0, 1, 0 ]
INVOLUTION_EXCLUSION id=[ 256, 22375 ] d=4 zrank=1 witness=[ 0, 0, 0, 0, 0, 0, 1, 0 ]
INVOLUTION_EXCLUSION id=[ 256, 22890 ] d=4 zrank=1 witness=[ 0, 0, 0, 0, 0, 1, 1, 0 ]
INVOLUTION_EXCLUSION id=[ 256, 22891 ] d=4 zrank=1 witness=[ 0, 0, 0, 0, 0, 1, 1, 0 ]
INVOLUTION_EXCLUSION id=[ 256, 22892 ] d=4 zrank=1 witness=[ 0, 0, 0, 0, 0, 1, 1, 0 ]
INVOLUTION_EXCLUSION id=[ 256, 22893 ] d=4 zrank=1 witness=[ 0, 0, 0, 0, 0, 1, 1, 0 ]
PROGRESS order=256 id=23000 total=25668 elapsed_ms=60076
INVOLUTION_EXCLUSION id=[ 256, 23044 ] d=4 zrank=1 witness=[ 0, 0, 0, 0, 0, 0, 1, 0 ]
INVOLUTION_EXCLUSION id=[ 256, 23045 ] d=4 zrank=1 witness=[ 0, 0, 0, 0, 0, 0, 1, 0 ]
INVOLUTION_EXCLUSION id=[ 256, 23046 ] d=4 zrank=1 witness=[ 0, 0, 0, 0, 0, 0, 1, 0 ]
INVOLUTION_EXCLUSION id=[ 256, 23224 ] d=4 zrank=1 witness=[ 0, 0, 0, 0, 0, 1, 0, 0 ]
INVOLUTION_EXCLUSION id=[ 256, 23225 ] d=4 zrank=1 witness=[ 0, 0, 0, 0, 0, 1, 0, 0 ]
INVOLUTION_EXCLUSION id=[ 256, 23226 ] d=4 zrank=1 witness=[ 0, 0, 0, 0, 0, 1, 0, 0 ]
INVOLUTION_EXCLUSION id=[ 256, 23422 ] d=4 zrank=1 witness=[ 0, 0, 0, 0, 0, 0, 1, 0 ]
INVOLUTION_EXCLUSION id=[ 256, 23423 ] d=4 zrank=1 witness=[ 0, 0, 0, 0, 0, 0, 1, 0 ]
INVOLUTION_EXCLUSION id=[ 256, 23424 ] d=4 zrank=1 witness=[ 0, 0, 0, 0, 0, 0, 1, 0 ]
INVOLUTION_EXCLUSION id=[ 256, 23425 ] d=4 zrank=1 witness=[ 0, 0, 0, 0, 0, 0, 1, 0 ]
INVOLUTION_EXCLUSION id=[ 256, 23426 ] d=4 zrank=1 witness=[ 0, 0, 0, 0, 0, 0, 1, 0 ]
INVOLUTION_EXCLUSION id=[ 256, 23427 ] d=4 zrank=1 witness=[ 0, 0, 0, 0, 0, 0, 1, 0 ]
INVOLUTION_EXCLUSION id=[ 256, 23428 ] d=4 zrank=1 witness=[ 0, 0, 0, 0, 0, 0, 1, 0 ]
INVOLUTION_EXCLUSION id=[ 256, 23429 ] d=4 zrank=1 witness=[ 0, 0, 0, 0, 0, 1, 1, 0 ]
INVOLUTION_EXCLUSION id=[ 256, 23430 ] d=4 zrank=1 witness=[ 0, 0, 0, 0, 0, 1, 1, 0 ]
INVOLUTION_EXCLUSION id=[ 256, 23431 ] d=4 zrank=1 witness=[ 0, 0, 0, 0, 0, 1, 1, 0 ]
INVOLUTION_EXCLUSION id=[ 256, 23484 ] d=4 zrank=1 witness=[ 0, 0, 0, 0, 0, 1, 1, 0 ]
INVOLUTION_EXCLUSION id=[ 256, 23485 ] d=4 zrank=1 witness=[ 0, 0, 0, 0, 0, 1, 1, 0 ]
INVOLUTION_EXCLUSION id=[ 256, 23486 ] d=4 zrank=1 witness=[ 0, 0, 0, 0, 0, 1, 1, 0 ]
INVOLUTION_EXCLUSION id=[ 256, 23859 ] d=4 zrank=1 witness=[ 0, 0, 0, 0, 0, 1, 1, 0 ]
INVOLUTION_EXCLUSION id=[ 256, 23860 ] d=4 zrank=1 witness=[ 0, 0, 0, 0, 0, 1, 1, 0 ]
INVOLUTION_EXCLUSION id=[ 256, 23861 ] d=4 zrank=1 witness=[ 0, 0, 0, 0, 0, 1, 1, 0 ]
PROGRESS order=256 id=24000 total=26668 elapsed_ms=62667
INVOLUTION_EXCLUSION id=[ 256, 24064 ] d=4 zrank=1 witness=[ 0, 0, 0, 0, 0, 1, 1, 0 ]
INVOLUTION_EXCLUSION id=[ 256, 24065 ] d=4 zrank=1 witness=[ 0, 0, 0, 0, 0, 1, 1, 0 ]
INVOLUTION_EXCLUSION id=[ 256, 24268 ] d=4 zrank=1 witness=[ 0, 0, 0, 0, 0, 1, 1, 0 ]
INVOLUTION_EXCLUSION id=[ 256, 24269 ] d=4 zrank=1 witness=[ 0, 0, 0, 0, 0, 1, 1, 0 ]
INVOLUTION_EXCLUSION id=[ 256, 24270 ] d=4 zrank=1 witness=[ 0, 0, 0, 0, 0, 0, 1, 0 ]
INVOLUTION_EXCLUSION id=[ 256, 24271 ] d=4 zrank=1 witness=[ 0, 0, 0, 0, 0, 0, 1, 0 ]
INVOLUTION_EXCLUSION id=[ 256, 24272 ] d=4 zrank=1 witness=[ 0, 0, 0, 0, 0, 0, 1, 0 ]
INVOLUTION_EXCLUSION id=[ 256, 24273 ] d=4 zrank=1 witness=[ 0, 0, 0, 0, 0, 0, 1, 0 ]
INVOLUTION_EXCLUSION id=[ 256, 24402 ] d=4 zrank=1 witness=[ 0, 0, 0, 0, 0, 1, 1, 0 ]
INVOLUTION_EXCLUSION id=[ 256, 24403 ] d=4 zrank=1 witness=[ 0, 0, 0, 0, 0, 1, 1, 0 ]
INVOLUTION_EXCLUSION id=[ 256, 24404 ] d=4 zrank=1 witness=[ 0, 0, 0, 0, 0, 1, 1, 0 ]
INVOLUTION_EXCLUSION id=[ 256, 24405 ] d=4 zrank=1 witness=[ 0, 0, 0, 0, 0, 1, 1, 0 ]
INVOLUTION_EXCLUSION id=[ 256, 24406 ] d=4 zrank=1 witness=[ 0, 0, 0, 0, 0, 0, 1, 0 ]
INVOLUTION_EXCLUSION id=[ 256, 24407 ] d=4 zrank=1 witness=[ 0, 0, 0, 0, 0, 0, 1, 0 ]
INVOLUTION_EXCLUSION id=[ 256, 24408 ] d=4 zrank=1 witness=[ 0, 0, 0, 0, 0, 0, 1, 0 ]
INVOLUTION_EXCLUSION id=[ 256, 24409 ] d=4 zrank=1 witness=[ 0, 0, 0, 0, 0, 0, 1, 0 ]
PROGRESS order=256 id=25000 total=27668 elapsed_ms=65133
INVOLUTION_EXCLUSION id=[ 256, 25684 ] d=4 zrank=1 witness=[ 0, 0, 0, 0, 0, 1, 0, 0 ]
INVOLUTION_EXCLUSION id=[ 256, 25685 ] d=4 zrank=1 witness=[ 0, 0, 0, 0, 0, 1, 0, 0 ]
INVOLUTION_EXCLUSION id=[ 256, 25686 ] d=4 zrank=1 witness=[ 0, 0, 0, 0, 0, 1, 0, 0 ]
INVOLUTION_EXCLUSION id=[ 256, 25687 ] d=4 zrank=1 witness=[ 0, 0, 0, 0, 0, 1, 0, 0 ]
INVOLUTION_EXCLUSION id=[ 256, 25688 ] d=4 zrank=1 witness=[ 0, 0, 0, 0, 0, 0, 1, 0 ]
INVOLUTION_EXCLUSION id=[ 256, 25689 ] d=4 zrank=1 witness=[ 0, 0, 0, 0, 0, 0, 1, 0 ]
INVOLUTION_EXCLUSION id=[ 256, 25690 ] d=4 zrank=1 witness=[ 0, 0, 0, 0, 0, 1, 1, 0 ]
INVOLUTION_EXCLUSION id=[ 256, 25691 ] d=4 zrank=1 witness=[ 0, 0, 0, 0, 0, 1, 1, 0 ]
INVOLUTION_EXCLUSION id=[ 256, 25692 ] d=4 zrank=1 witness=[ 0, 0, 0, 0, 0, 1, 1, 0 ]
INVOLUTION_EXCLUSION id=[ 256, 25693 ] d=4 zrank=1 witness=[ 0, 0, 0, 0, 0, 1, 1, 0 ]
INVOLUTION_EXCLUSION id=[ 256, 25858 ] d=4 zrank=1 witness=[ 0, 0, 0, 0, 0, 1, 1, 0 ]
INVOLUTION_EXCLUSION id=[ 256, 25859 ] d=4 zrank=1 witness=[ 0, 0, 0, 0, 0, 1, 1, 0 ]
INVOLUTION_EXCLUSION id=[ 256, 25860 ] d=4 zrank=1 witness=[ 0, 0, 0, 0, 0, 1, 1, 0 ]
INVOLUTION_EXCLUSION id=[ 256, 25861 ] d=4 zrank=1 witness=[ 0, 0, 0, 0, 0, 0, 1, 0 ]
INVOLUTION_EXCLUSION id=[ 256, 25862 ] d=4 zrank=1 witness=[ 0, 0, 0, 0, 0, 0, 1, 0 ]
INVOLUTION_EXCLUSION id=[ 256, 25863 ] d=4 zrank=1 witness=[ 0, 0, 0, 0, 0, 1, 0, 0 ]
INVOLUTION_EXCLUSION id=[ 256, 25864 ] d=4 zrank=1 witness=[ 0, 0, 0, 0, 0, 1, 0, 0 ]
INVOLUTION_EXCLUSION id=[ 256, 25865 ] d=4 zrank=1 witness=[ 0, 0, 0, 0, 0, 1, 0, 0 ]
INVOLUTION_EXCLUSION id=[ 256, 25882 ] d=4 zrank=1 witness=[ 0, 0, 0, 0, 0, 0, 1, 0 ]
INVOLUTION_EXCLUSION id=[ 256, 25883 ] d=4 zrank=1 witness=[ 0, 0, 0, 0, 0, 0, 1, 0 ]
INVOLUTION_EXCLUSION id=[ 256, 25884 ] d=4 zrank=1 witness=[ 0, 0, 0, 0, 0, 0, 1, 0 ]
INVOLUTION_EXCLUSION id=[ 256, 25885 ] d=4 zrank=1 witness=[ 0, 0, 0, 0, 0, 0, 1, 0 ]
INVOLUTION_EXCLUSION id=[ 256, 25935 ] d=4 zrank=1 witness=[ 0, 0, 0, 0, 0, 0, 1, 0 ]
INVOLUTION_EXCLUSION id=[ 256, 25936 ] d=4 zrank=1 witness=[ 0, 0, 0, 0, 0, 0, 1, 0 ]
INVOLUTION_EXCLUSION id=[ 256, 25937 ] d=4 zrank=1 witness=[ 0, 0, 0, 0, 0, 0, 1, 0 ]
INVOLUTION_EXCLUSION id=[ 256, 25938 ] d=4 zrank=1 witness=[ 0, 0, 0, 0, 0, 0, 1, 0 ]
INVOLUTION_EXCLUSION id=[ 256, 25939 ] d=4 zrank=1 witness=[ 0, 0, 0, 0, 0, 0, 1, 0 ]
INVOLUTION_EXCLUSION id=[ 256, 25940 ] d=4 zrank=1 witness=[ 0, 0, 0, 0, 0, 0, 1, 0 ]
PROGRESS order=256 id=26000 total=28668 elapsed_ms=67699
INVOLUTION_EXCLUSION id=[ 256, 26317 ] d=4 zrank=1 witness=[ 0, 0, 0, 0, 0, 1, 0, 0 ]
INVOLUTION_EXCLUSION id=[ 256, 26325 ] d=4 zrank=1 witness=[ 0, 0, 0, 0, 1, 0, 0, 0 ]
INVOLUTION_EXCLUSION id=[ 256, 26328 ] d=4 zrank=1 witness=[ 0, 0, 0, 0, 1, 0, 1, 0 ]
INVOLUTION_EXCLUSION id=[ 256, 26335 ] d=4 zrank=1 witness=[ 0, 0, 0, 0, 0, 0, 1, 0 ]
INVOLUTION_EXCLUSION id=[ 256, 26336 ] d=4 zrank=1 witness=[ 0, 0, 0, 0, 0, 0, 1, 0 ]
INVOLUTION_EXCLUSION id=[ 256, 26337 ] d=4 zrank=1 witness=[ 0, 0, 0, 0, 0, 0, 1, 0 ]
INVOLUTION_EXCLUSION id=[ 256, 26338 ] d=4 zrank=1 witness=[ 0, 0, 0, 0, 0, 0, 1, 0 ]
INVOLUTION_EXCLUSION id=[ 256, 26339 ] d=4 zrank=1 witness=[ 0, 0, 0, 0, 0, 0, 1, 0 ]
INVOLUTION_EXCLUSION id=[ 256, 26346 ] d=4 zrank=1 witness=[ 0, 0, 0, 0, 0, 0, 1, 0 ]
INVOLUTION_EXCLUSION id=[ 256, 26347 ] d=4 zrank=1 witness=[ 0, 0, 0, 0, 0, 0, 1, 0 ]
INVOLUTION_EXCLUSION id=[ 256, 26348 ] d=4 zrank=1 witness=[ 0, 0, 0, 0, 0, 0, 1, 0 ]
INVOLUTION_EXCLUSION id=[ 256, 26349 ] d=4 zrank=1 witness=[ 0, 0, 0, 0, 0, 0, 1, 0 ]
INVOLUTION_EXCLUSION id=[ 256, 26350 ] d=4 zrank=1 witness=[ 0, 0, 0, 0, 0, 0, 1, 0 ]
INVOLUTION_EXCLUSION id=[ 256, 26357 ] d=4 zrank=1 witness=[ 0, 0, 0, 0, 0, 0, 1, 0 ]
INVOLUTION_EXCLUSION id=[ 256, 26358 ] d=4 zrank=1 witness=[ 0, 0, 0, 0, 0, 0, 1, 0 ]
INVOLUTION_EXCLUSION id=[ 256, 26359 ] d=4 zrank=1 witness=[ 0, 0, 0, 0, 0, 0, 1, 0 ]
INVOLUTION_EXCLUSION id=[ 256, 26360 ] d=4 zrank=1 witness=[ 0, 0, 0, 0, 0, 0, 1, 0 ]
INVOLUTION_EXCLUSION id=[ 256, 26361 ] d=4 zrank=1 witness=[ 0, 0, 0, 0, 0, 0, 1, 0 ]
INVOLUTION_EXCLUSION id=[ 256, 26373 ] d=4 zrank=1 witness=[ 0, 0, 0, 0, 0, 1, 1, 0 ]
INVOLUTION_EXCLUSION id=[ 256, 26376 ] d=4 zrank=1 witness=[ 0, 0, 0, 0, 0, 1, 0, 0 ]
INVOLUTION_EXCLUSION id=[ 256, 26380 ] d=4 zrank=1 witness=[ 0, 0, 0, 0, 0, 1, 1, 0 ]
INVOLUTION_EXCLUSION id=[ 256, 26381 ] d=4 zrank=1 witness=[ 0, 0, 0, 0, 0, 1, 1, 0 ]
INVOLUTION_EXCLUSION id=[ 256, 26389 ] d=4 zrank=1 witness=[ 0, 0, 0, 0, 1, 0, 1, 0 ]
INVOLUTION_EXCLUSION id=[ 256, 26392 ] d=4 zrank=1 witness=[ 0, 0, 0, 0, 0, 1, 0, 0 ]
INVOLUTION_EXCLUSION id=[ 256, 26402 ] d=4 zrank=1 witness=[ 0, 0, 0, 0, 0, 1, 1, 0 ]
INVOLUTION_EXCLUSION id=[ 256, 26414 ] d=4 zrank=1 witness=[ 0, 0, 0, 0, 1, 0, 0, 0 ]
INVOLUTION_EXCLUSION id=[ 256, 26415 ] d=4 zrank=1 witness=[ 0, 0, 0, 0, 1, 0, 0, 0 ]
INVOLUTION_EXCLUSION id=[ 256, 26416 ] d=4 zrank=1 witness=[ 0, 0, 0, 0, 1, 0, 0, 0 ]
INVOLUTION_EXCLUSION id=[ 256, 26429 ] d=4 zrank=1 witness=[ 0, 0, 0, 0, 1, 0, 1, 0 ]
INVOLUTION_EXCLUSION id=[ 256, 26430 ] d=4 zrank=1 witness=[ 0, 0, 0, 0, 1, 0, 1, 0 ]
INVOLUTION_EXCLUSION id=[ 256, 26431 ] d=4 zrank=1 witness=[ 0, 0, 0, 0, 1, 0, 1, 0 ]
INVOLUTION_EXCLUSION id=[ 256, 26451 ] d=4 zrank=1 witness=[ 0, 0, 0, 0, 0, 1, 1, 0 ]
INVOLUTION_EXCLUSION id=[ 256, 26452 ] d=4 zrank=1 witness=[ 0, 0, 0, 0, 0, 1, 1, 0 ]
INVOLUTION_EXCLUSION id=[ 256, 26453 ] d=4 zrank=1 witness=[ 0, 0, 0, 0, 0, 1, 1, 0 ]
INVOLUTION_EXCLUSION id=[ 256, 26456 ] d=4 zrank=1 witness=[ 0, 0, 0, 0, 0, 1, 0, 0 ]
INVOLUTION_EXCLUSION id=[ 256, 26457 ] d=4 zrank=1 witness=[ 0, 0, 0, 0, 0, 1, 0, 0 ]
INVOLUTION_EXCLUSION id=[ 256, 26458 ] d=4 zrank=1 witness=[ 0, 0, 0, 0, 0, 1, 0, 0 ]
INVOLUTION_EXCLUSION id=[ 256, 26459 ] d=4 zrank=1 witness=[ 0, 0, 0, 0, 0, 1, 0, 0 ]
INVOLUTION_EXCLUSION id=[ 256, 26518 ] d=4 zrank=1 witness=[ 0, 0, 0, 0, 0, 1, 0, 0 ]
INVOLUTION_EXCLUSION id=[ 256, 26519 ] d=4 zrank=1 witness=[ 0, 0, 0, 0, 0, 1, 0, 0 ]
INVOLUTION_EXCLUSION id=[ 256, 26520 ] d=4 zrank=1 witness=[ 0, 0, 0, 0, 0, 1, 0, 0 ]
INVOLUTION_EXCLUSION id=[ 256, 26521 ] d=4 zrank=1 witness=[ 0, 0, 0, 0, 0, 1, 0, 0 ]
INVOLUTION_EXCLUSION id=[ 256, 26526 ] d=4 zrank=1 witness=[ 0, 0, 0, 0, 0, 1, 1, 0 ]
INVOLUTION_EXCLUSION id=[ 256, 26527 ] d=4 zrank=1 witness=[ 0, 0, 0, 0, 0, 1, 1, 0 ]
INVOLUTION_EXCLUSION id=[ 256, 26528 ] d=4 zrank=1 witness=[ 0, 0, 0, 0, 0, 1, 1, 0 ]
INVOLUTION_EXCLUSION id=[ 256, 26529 ] d=4 zrank=1 witness=[ 0, 0, 0, 0, 0, 1, 1, 0 ]
INVOLUTION_EXCLUSION id=[ 256, 26530 ] d=4 zrank=1 witness=[ 0, 0, 0, 0, 0, 1, 1, 0 ]
INVOLUTION_EXCLUSION id=[ 256, 26534 ] d=4 zrank=1 witness=[ 0, 0, 0, 0, 0, 0, 1, 0 ]
INVOLUTION_EXCLUSION id=[ 256, 26538 ] d=4 zrank=1 witness=[ 0, 0, 0, 0, 0, 0, 1, 0 ]
INVOLUTION_EXCLUSION id=[ 256, 26539 ] d=4 zrank=1 witness=[ 0, 0, 0, 0, 0, 0, 1, 0 ]
INVOLUTION_EXCLUSION id=[ 256, 26540 ] d=4 zrank=1 witness=[ 0, 0, 0, 0, 0, 0, 1, 0 ]
INVOLUTION_EXCLUSION id=[ 256, 26541 ] d=4 zrank=1 witness=[ 0, 0, 0, 0, 0, 0, 1, 0 ]
INVOLUTION_EXCLUSION id=[ 256, 26542 ] d=4 zrank=1 witness=[ 0, 0, 0, 0, 0, 0, 1, 0 ]
INVOLUTION_EXCLUSION id=[ 256, 26543 ] d=4 zrank=1 witness=[ 0, 0, 0, 0, 0, 0, 1, 0 ]
INVOLUTION_EXCLUSION id=[ 256, 26544 ] d=4 zrank=1 witness=[ 0, 0, 0, 0, 0, 0, 1, 0 ]
INVOLUTION_EXCLUSION id=[ 256, 26545 ] d=4 zrank=1 witness=[ 0, 0, 0, 0, 0, 0, 1, 0 ]
INVOLUTION_EXCLUSION id=[ 256, 26546 ] d=4 zrank=1 witness=[ 0, 0, 0, 0, 0, 0, 1, 0 ]
INVOLUTION_EXCLUSION id=[ 256, 26547 ] d=4 zrank=1 witness=[ 0, 0, 0, 0, 0, 0, 1, 0 ]
INVOLUTION_EXCLUSION id=[ 256, 26548 ] d=4 zrank=1 witness=[ 0, 0, 0, 0, 0, 0, 1, 0 ]
INVOLUTION_EXCLUSION id=[ 256, 26549 ] d=4 zrank=1 witness=[ 0, 0, 0, 0, 0, 0, 1, 0 ]
INVOLUTION_EXCLUSION id=[ 256, 26552 ] d=4 zrank=1 witness=[ 0, 0, 0, 0, 0, 0, 1, 0 ]
INVOLUTION_EXCLUSION id=[ 256, 26555 ] d=4 zrank=1 witness=[ 0, 0, 0, 0, 0, 0, 1, 0 ]
INVOLUTION_EXCLUSION id=[ 256, 26556 ] d=4 zrank=1 witness=[ 0, 0, 0, 0, 0, 0, 1, 0 ]
INVOLUTION_EXCLUSION id=[ 256, 26557 ] d=4 zrank=1 witness=[ 0, 0, 0, 0, 0, 0, 1, 0 ]
INVOLUTION_EXCLUSION id=[ 256, 26558 ] d=4 zrank=1 witness=[ 0, 0, 0, 0, 0, 0, 1, 0 ]
INVOLUTION_EXCLUSION id=[ 256, 26559 ] d=4 zrank=1 witness=[ 0, 0, 0, 0, 0, 0, 1, 0 ]
INVOLUTION_EXCLUSION id=[ 256, 26560 ] d=4 zrank=1 witness=[ 0, 0, 0, 0, 0, 0, 1, 0 ]
INVOLUTION_EXCLUSION id=[ 256, 26582 ] d=4 zrank=1 witness=[ 0, 0, 0, 0, 1, 0, 1, 0 ]
INVOLUTION_EXCLUSION id=[ 256, 26583 ] d=4 zrank=1 witness=[ 0, 0, 0, 0, 1, 0, 1, 0 ]
INVOLUTION_EXCLUSION id=[ 256, 26584 ] d=4 zrank=1 witness=[ 0, 0, 0, 0, 1, 0, 1, 0 ]
INVOLUTION_EXCLUSION id=[ 256, 26605 ] d=4 zrank=1 witness=[ 0, 0, 0, 0, 0, 1, 1, 0 ]
INVOLUTION_EXCLUSION id=[ 256, 26606 ] d=4 zrank=1 witness=[ 0, 0, 0, 0, 0, 1, 1, 0 ]
INVOLUTION_EXCLUSION id=[ 256, 26607 ] d=4 zrank=1 witness=[ 0, 0, 0, 0, 0, 1, 1, 0 ]
INVOLUTION_EXCLUSION id=[ 256, 26625 ] d=4 zrank=1 witness=[ 0, 0, 0, 0, 1, 0, 1, 0 ]
INVOLUTION_EXCLUSION id=[ 256, 26626 ] d=4 zrank=1 witness=[ 0, 0, 0, 0, 1, 0, 1, 0 ]
INVOLUTION_EXCLUSION id=[ 256, 26644 ] d=4 zrank=1 witness=[ 0, 0, 0, 0, 1, 0, 0, 0 ]
INVOLUTION_EXCLUSION id=[ 256, 26645 ] d=4 zrank=1 witness=[ 0, 0, 0, 0, 1, 0, 0, 0 ]
INVOLUTION_EXCLUSION id=[ 256, 26646 ] d=4 zrank=1 witness=[ 0, 0, 0, 0, 1, 0, 0, 0 ]
INVOLUTION_EXCLUSION id=[ 256, 26647 ] d=4 zrank=1 witness=[ 0, 0, 0, 0, 1, 0, 0, 0 ]
INVOLUTION_EXCLUSION id=[ 256, 26676 ] d=4 zrank=1 witness=[ 0, 0, 0, 0, 1, 0, 0, 0 ]
INVOLUTION_EXCLUSION id=[ 256, 26677 ] d=4 zrank=1 witness=[ 0, 0, 0, 0, 1, 0, 0, 0 ]
INVOLUTION_EXCLUSION id=[ 256, 26678 ] d=4 zrank=1 witness=[ 0, 0, 0, 0, 1, 0, 0, 0 ]
INVOLUTION_EXCLUSION id=[ 256, 26679 ] d=4 zrank=1 witness=[ 0, 0, 0, 0, 1, 0, 0, 0 ]
INVOLUTION_EXCLUSION id=[ 256, 26680 ] d=4 zrank=1 witness=[ 0, 0, 0, 0, 1, 0, 0, 0 ]
INVOLUTION_EXCLUSION id=[ 256, 26681 ] d=4 zrank=1 witness=[ 0, 0, 0, 0, 1, 0, 0, 0 ]
INVOLUTION_EXCLUSION id=[ 256, 26842 ] d=4 zrank=1 witness=[ 0, 0, 0, 0, 0, 1, 1, 0 ]
INVOLUTION_EXCLUSION id=[ 256, 26843 ] d=4 zrank=1 witness=[ 0, 0, 0, 0, 0, 1, 1, 0 ]
INVOLUTION_EXCLUSION id=[ 256, 26844 ] d=4 zrank=1 witness=[ 0, 0, 0, 0, 0, 1, 1, 0 ]
INVOLUTION_EXCLUSION id=[ 256, 26845 ] d=4 zrank=1 witness=[ 0, 0, 0, 0, 0, 1, 1, 0 ]
INVOLUTION_EXCLUSION id=[ 256, 26846 ] d=4 zrank=1 witness=[ 0, 0, 0, 0, 0, 1, 1, 0 ]
INVOLUTION_EXCLUSION id=[ 256, 26847 ] d=4 zrank=1 witness=[ 0, 0, 0, 0, 0, 1, 1, 0 ]
INVOLUTION_EXCLUSION id=[ 256, 26848 ] d=4 zrank=1 witness=[ 0, 0, 0, 0, 0, 1, 1, 0 ]
INVOLUTION_EXCLUSION id=[ 256, 26962 ] d=4 zrank=1 witness=[ 0, 0, 0, 1, 0, 0, 0, 0 ]
INVOLUTION_EXCLUSION id=[ 256, 26969 ] d=4 zrank=1 witness=[ 0, 0, 0, 1, 0, 0, 1, 0 ]
INVOLUTION_EXCLUSION id=[ 256, 26970 ] d=4 zrank=1 witness=[ 0, 0, 0, 1, 0, 0, 0, 0 ]
INVOLUTION_EXCLUSION id=[ 256, 26971 ] d=4 zrank=1 witness=[ 0, 0, 0, 1, 0, 0, 0, 0 ]
INVOLUTION_EXCLUSION id=[ 256, 26972 ] d=4 zrank=1 witness=[ 0, 0, 0, 1, 0, 0, 0, 0 ]
PROGRESS order=256 id=27000 total=29668 elapsed_ms=70367
PROGRESS order=256 id=28000 total=30668 elapsed_ms=72682
PROGRESS order=256 id=29000 total=31668 elapsed_ms=74676
PROGRESS order=256 id=30000 total=32668 elapsed_ms=76736
PROGRESS order=256 id=31000 total=33668 elapsed_ms=78878
PROGRESS order=256 id=32000 total=34668 elapsed_ms=81100
PROGRESS order=256 id=33000 total=35668 elapsed_ms=83158
PROGRESS order=256 id=34000 total=36668 elapsed_ms=85279
PROGRESS order=256 id=35000 total=37668 elapsed_ms=87564
PROGRESS order=256 id=36000 total=38668 elapsed_ms=89663
PROGRESS order=256 id=37000 total=39668 elapsed_ms=91793
PROGRESS order=256 id=38000 total=40668 elapsed_ms=94104
PROGRESS order=256 id=39000 total=41668 elapsed_ms=96196
PROGRESS order=256 id=40000 total=42668 elapsed_ms=98302
PROGRESS order=256 id=41000 total=43668 elapsed_ms=100660
PROGRESS order=256 id=42000 total=44668 elapsed_ms=102758
PROGRESS order=256 id=43000 total=45668 elapsed_ms=104907
PROGRESS order=256 id=44000 total=46668 elapsed_ms=107133
PROGRESS order=256 id=45000 total=47668 elapsed_ms=109418
PROGRESS order=256 id=46000 total=48668 elapsed_ms=111553
PROGRESS order=256 id=47000 total=49668 elapsed_ms=113716
PROGRESS order=256 id=48000 total=50668 elapsed_ms=116043
PROGRESS order=256 id=49000 total=51668 elapsed_ms=118193
PROGRESS order=256 id=50000 total=52668 elapsed_ms=120394
PROGRESS order=256 id=51000 total=53668 elapsed_ms=122735
PROGRESS order=256 id=52000 total=54668 elapsed_ms=124899
PROGRESS order=256 id=53000 total=55668 elapsed_ms=127030
INVOLUTION_EXCLUSION id=[ 256, 53045 ] d=5 zrank=2 witness=[ 0, 0, 0, 0, 1, 0, 0, 0 ]
INVOLUTION_EXCLUSION id=[ 256, 53046 ] d=5 zrank=2 witness=[ 0, 0, 0, 0, 1, 0, 0, 0 ]
INVOLUTION_EXCLUSION id=[ 256, 53052 ] d=5 zrank=2 witness=[ 0, 0, 0, 0, 1, 0, 0, 0 ]
INVOLUTION_EXCLUSION id=[ 256, 53053 ] d=5 zrank=2 witness=[ 0, 0, 0, 0, 1, 0, 0, 0 ]
INVOLUTION_EXCLUSION id=[ 256, 53056 ] d=5 zrank=2 witness=[ 0, 0, 0, 0, 0, 0, 1, 0 ]
INVOLUTION_EXCLUSION id=[ 256, 53057 ] d=5 zrank=2 witness=[ 0, 0, 0, 0, 0, 0, 1, 0 ]
INVOLUTION_EXCLUSION id=[ 256, 53058 ] d=5 zrank=1 witness=[ 0, 0, 0, 0, 0, 0, 1, 0 ]
INVOLUTION_EXCLUSION id=[ 256, 53062 ] d=5 zrank=2 witness=[ 0, 0, 0, 0, 0, 1, 0, 0 ]
INVOLUTION_EXCLUSION id=[ 256, 53063 ] d=5 zrank=2 witness=[ 0, 0, 0, 0, 0, 1, 0, 0 ]
INVOLUTION_EXCLUSION id=[ 256, 53064 ] d=5 zrank=1 witness=[ 0, 0, 0, 0, 0, 1, 0, 0 ]
INVOLUTION_EXCLUSION id=[ 256, 53074 ] d=5 zrank=2 witness=[ 0, 0, 0, 0, 1, 1, 0, 0 ]
INVOLUTION_EXCLUSION id=[ 256, 53075 ] d=5 zrank=2 witness=[ 0, 0, 0, 0, 1, 0, 0, 0 ]
INVOLUTION_EXCLUSION id=[ 256, 53076 ] d=5 zrank=2 witness=[ 0, 0, 0, 0, 1, 0, 0, 0 ]
INVOLUTION_EXCLUSION id=[ 256, 53077 ] d=5 zrank=2 witness=[ 0, 0, 0, 0, 1, 1, 0, 0 ]
INVOLUTION_EXCLUSION id=[ 256, 53080 ] d=5 zrank=2 witness=[ 0, 0, 0, 0, 0, 1, 1, 0 ]
INVOLUTION_EXCLUSION id=[ 256, 53081 ] d=5 zrank=1 witness=[ 0, 0, 0, 0, 0, 1, 1, 0 ]
INVOLUTION_EXCLUSION id=[ 256, 53087 ] d=5 zrank=2 witness=[ 0, 0, 0, 0, 1, 0, 0, 0 ]
INVOLUTION_EXCLUSION id=[ 256, 53088 ] d=5 zrank=2 witness=[ 0, 0, 0, 0, 1, 0, 0, 0 ]
INVOLUTION_EXCLUSION id=[ 256, 53096 ] d=5 zrank=2 witness=[ 0, 0, 0, 0, 1, 1, 0, 0 ]
INVOLUTION_EXCLUSION id=[ 256, 53097 ] d=5 zrank=2 witness=[ 0, 0, 0, 0, 1, 0, 0, 0 ]
INVOLUTION_EXCLUSION id=[ 256, 53100 ] d=5 zrank=2 witness=[ 0, 0, 0, 0, 0, 1, 1, 0 ]
INVOLUTION_EXCLUSION id=[ 256, 53101 ] d=5 zrank=1 witness=[ 0, 0, 0, 0, 0, 1, 1, 0 ]
INVOLUTION_EXCLUSION id=[ 256, 53111 ] d=5 zrank=2 witness=[ 0, 0, 0, 0, 1, 0, 0, 0 ]
INVOLUTION_EXCLUSION id=[ 256, 53112 ] d=5 zrank=2 witness=[ 0, 0, 0, 0, 1, 0, 0, 0 ]
INVOLUTION_EXCLUSION id=[ 256, 53113 ] d=5 zrank=2 witness=[ 0, 0, 0, 0, 1, 0, 0, 0 ]
INVOLUTION_EXCLUSION id=[ 256, 53114 ] d=5 zrank=2 witness=[ 0, 0, 0, 0, 1, 0, 0, 0 ]
INVOLUTION_EXCLUSION id=[ 256, 53115 ] d=5 zrank=2 witness=[ 0, 0, 0, 0, 1, 0, 0, 0 ]
INVOLUTION_EXCLUSION id=[ 256, 53116 ] d=5 zrank=2 witness=[ 0, 0, 0, 0, 1, 0, 0, 0 ]
INVOLUTION_EXCLUSION id=[ 256, 53117 ] d=5 zrank=2 witness=[ 0, 0, 0, 0, 1, 0, 0, 0 ]
INVOLUTION_EXCLUSION id=[ 256, 53128 ] d=5 zrank=2 witness=[ 0, 0, 0, 0, 1, 0, 0, 0 ]
INVOLUTION_EXCLUSION id=[ 256, 53129 ] d=5 zrank=2 witness=[ 0, 0, 0, 0, 1, 0, 0, 0 ]
INVOLUTION_EXCLUSION id=[ 256, 53130 ] d=5 zrank=2 witness=[ 0, 0, 0, 0, 1, 0, 0, 0 ]
INVOLUTION_EXCLUSION id=[ 256, 53131 ] d=5 zrank=2 witness=[ 0, 0, 0, 0, 1, 0, 0, 0 ]
INVOLUTION_EXCLUSION id=[ 256, 53132 ] d=5 zrank=2 witness=[ 0, 0, 0, 0, 1, 0, 0, 0 ]
INVOLUTION_EXCLUSION id=[ 256, 53133 ] d=5 zrank=2 witness=[ 0, 0, 0, 0, 1, 0, 0, 0 ]
INVOLUTION_EXCLUSION id=[ 256, 53134 ] d=5 zrank=2 witness=[ 0, 0, 0, 0, 1, 0, 0, 0 ]
INVOLUTION_EXCLUSION id=[ 256, 53135 ] d=5 zrank=2 witness=[ 0, 0, 0, 0, 1, 0, 0, 0 ]
INVOLUTION_EXCLUSION id=[ 256, 53146 ] d=5 zrank=2 witness=[ 0, 0, 0, 0, 1, 1, 0, 0 ]
INVOLUTION_EXCLUSION id=[ 256, 53149 ] d=5 zrank=2 witness=[ 0, 0, 0, 0, 1, 1, 0, 0 ]
INVOLUTION_EXCLUSION id=[ 256, 53155 ] d=5 zrank=2 witness=[ 0, 0, 0, 0, 1, 1, 0, 0 ]
INVOLUTION_EXCLUSION id=[ 256, 53156 ] d=5 zrank=2 witness=[ 0, 0, 0, 0, 1, 0, 0, 0 ]
INVOLUTION_EXCLUSION id=[ 256, 53157 ] d=5 zrank=2 witness=[ 0, 0, 0, 0, 1, 0, 0, 0 ]
INVOLUTION_EXCLUSION id=[ 256, 53158 ] d=5 zrank=2 witness=[ 0, 0, 0, 0, 1, 0, 0, 0 ]
INVOLUTION_EXCLUSION id=[ 256, 53159 ] d=5 zrank=2 witness=[ 0, 0, 0, 0, 1, 0, 0, 0 ]
INVOLUTION_EXCLUSION id=[ 256, 53160 ] d=5 zrank=2 witness=[ 0, 0, 0, 0, 1, 0, 0, 0 ]
INVOLUTION_EXCLUSION id=[ 256, 53161 ] d=5 zrank=2 witness=[ 0, 0, 0, 0, 1, 0, 0, 0 ]
INVOLUTION_EXCLUSION id=[ 256, 53162 ] d=5 zrank=2 witness=[ 0, 0, 0, 0, 1, 0, 0, 0 ]
INVOLUTION_EXCLUSION id=[ 256, 53163 ] d=5 zrank=2 witness=[ 0, 0, 0, 0, 1, 0, 0, 0 ]
INVOLUTION_EXCLUSION id=[ 256, 53164 ] d=5 zrank=2 witness=[ 0, 0, 0, 0, 1, 0, 0, 0 ]
INVOLUTION_EXCLUSION id=[ 256, 53167 ] d=5 zrank=2 witness=[ 0, 0, 0, 0, 0, 1, 1, 0 ]
INVOLUTION_EXCLUSION id=[ 256, 53168 ] d=5 zrank=2 witness=[ 0, 0, 0, 0, 0, 1, 1, 0 ]
INVOLUTION_EXCLUSION id=[ 256, 53169 ] d=5 zrank=2 witness=[ 0, 0, 0, 0, 0, 1, 1, 0 ]
INVOLUTION_EXCLUSION id=[ 256, 53170 ] d=5 zrank=1 witness=[ 0, 0, 0, 0, 0, 1, 1, 0 ]
INVOLUTION_EXCLUSION id=[ 256, 53171 ] d=5 zrank=1 witness=[ 0, 0, 0, 0, 0, 1, 1, 0 ]
INVOLUTION_EXCLUSION id=[ 256, 53172 ] d=5 zrank=1 witness=[ 0, 0, 0, 0, 0, 1, 1, 0 ]
INVOLUTION_EXCLUSION id=[ 256, 53179 ] d=5 zrank=2 witness=[ 0, 0, 0, 0, 1, 0, 0, 0 ]
INVOLUTION_EXCLUSION id=[ 256, 53180 ] d=5 zrank=2 witness=[ 0, 0, 0, 0, 1, 0, 0, 0 ]
INVOLUTION_EXCLUSION id=[ 256, 53181 ] d=5 zrank=2 witness=[ 0, 0, 0, 0, 1, 0, 0, 0 ]
INVOLUTION_EXCLUSION id=[ 256, 53182 ] d=5 zrank=2 witness=[ 0, 0, 0, 0, 1, 0, 0, 0 ]
INVOLUTION_EXCLUSION id=[ 256, 53183 ] d=5 zrank=2 witness=[ 0, 0, 0, 0, 1, 0, 0, 0 ]
INVOLUTION_EXCLUSION id=[ 256, 53192 ] d=5 zrank=2 witness=[ 0, 0, 0, 0, 1, 0, 0, 0 ]
INVOLUTION_EXCLUSION id=[ 256, 53193 ] d=5 zrank=2 witness=[ 0, 0, 0, 0, 1, 0, 0, 0 ]
INVOLUTION_EXCLUSION id=[ 256, 53194 ] d=5 zrank=2 witness=[ 0, 0, 0, 0, 1, 0, 0, 0 ]
INVOLUTION_EXCLUSION id=[ 256, 53195 ] d=5 zrank=2 witness=[ 0, 0, 0, 0, 1, 0, 0, 0 ]
INVOLUTION_EXCLUSION id=[ 256, 53196 ] d=5 zrank=2 witness=[ 0, 0, 0, 0, 1, 0, 0, 0 ]
INVOLUTION_EXCLUSION id=[ 256, 53197 ] d=5 zrank=2 witness=[ 0, 0, 0, 0, 1, 0, 0, 0 ]
INVOLUTION_EXCLUSION id=[ 256, 53198 ] d=5 zrank=2 witness=[ 0, 0, 0, 0, 1, 0, 0, 0 ]
INVOLUTION_EXCLUSION id=[ 256, 53199 ] d=5 zrank=2 witness=[ 0, 0, 0, 0, 1, 0, 0, 0 ]
INVOLUTION_EXCLUSION id=[ 256, 53200 ] d=5 zrank=2 witness=[ 0, 0, 0, 0, 1, 0, 0, 0 ]
INVOLUTION_EXCLUSION id=[ 256, 53201 ] d=5 zrank=2 witness=[ 0, 0, 0, 0, 1, 0, 0, 0 ]
INVOLUTION_EXCLUSION id=[ 256, 53202 ] d=5 zrank=2 witness=[ 0, 0, 0, 0, 1, 0, 0, 0 ]
INVOLUTION_EXCLUSION id=[ 256, 53203 ] d=5 zrank=2 witness=[ 0, 0, 0, 0, 1, 0, 0, 0 ]
INVOLUTION_EXCLUSION id=[ 256, 53204 ] d=5 zrank=2 witness=[ 0, 0, 0, 0, 1, 0, 0, 0 ]
INVOLUTION_EXCLUSION id=[ 256, 53205 ] d=5 zrank=2 witness=[ 0, 0, 0, 0, 1, 0, 0, 0 ]
INVOLUTION_EXCLUSION id=[ 256, 53206 ] d=5 zrank=2 witness=[ 0, 0, 0, 0, 1, 0, 0, 0 ]
INVOLUTION_EXCLUSION id=[ 256, 53207 ] d=5 zrank=2 witness=[ 0, 0, 0, 0, 1, 0, 0, 0 ]
INVOLUTION_EXCLUSION id=[ 256, 53218 ] d=5 zrank=2 witness=[ 0, 0, 0, 0, 1, 0, 0, 0 ]
INVOLUTION_EXCLUSION id=[ 256, 53219 ] d=5 zrank=2 witness=[ 0, 0, 0, 0, 1, 0, 0, 0 ]
INVOLUTION_EXCLUSION id=[ 256, 53220 ] d=5 zrank=2 witness=[ 0, 0, 0, 0, 1, 0, 0, 0 ]
INVOLUTION_EXCLUSION id=[ 256, 53221 ] d=5 zrank=2 witness=[ 0, 0, 0, 0, 1, 0, 0, 0 ]
INVOLUTION_EXCLUSION id=[ 256, 53222 ] d=5 zrank=2 witness=[ 0, 0, 0, 0, 1, 0, 0, 0 ]
INVOLUTION_EXCLUSION id=[ 256, 53223 ] d=5 zrank=2 witness=[ 0, 0, 0, 0, 1, 0, 0, 0 ]
INVOLUTION_EXCLUSION id=[ 256, 53224 ] d=5 zrank=2 witness=[ 0, 0, 0, 0, 1, 0, 0, 0 ]
INVOLUTION_EXCLUSION id=[ 256, 53225 ] d=5 zrank=2 witness=[ 0, 0, 0, 0, 1, 0, 0, 0 ]
INVOLUTION_EXCLUSION id=[ 256, 53226 ] d=5 zrank=2 witness=[ 0, 0, 0, 0, 1, 0, 0, 0 ]
INVOLUTION_EXCLUSION id=[ 256, 53227 ] d=5 zrank=2 witness=[ 0, 0, 0, 0, 1, 0, 0, 0 ]
INVOLUTION_EXCLUSION id=[ 256, 53228 ] d=5 zrank=2 witness=[ 0, 0, 0, 0, 1, 0, 0, 0 ]
INVOLUTION_EXCLUSION id=[ 256, 53229 ] d=5 zrank=2 witness=[ 0, 0, 0, 0, 1, 0, 0, 0 ]
INVOLUTION_EXCLUSION id=[ 256, 53236 ] d=5 zrank=2 witness=[ 0, 0, 0, 0, 1, 0, 0, 0 ]
INVOLUTION_EXCLUSION id=[ 256, 53237 ] d=5 zrank=2 witness=[ 0, 0, 0, 0, 1, 0, 0, 0 ]
INVOLUTION_EXCLUSION id=[ 256, 53238 ] d=5 zrank=2 witness=[ 0, 0, 0, 0, 1, 0, 0, 0 ]
INVOLUTION_EXCLUSION id=[ 256, 53239 ] d=5 zrank=2 witness=[ 0, 0, 0, 0, 1, 0, 0, 0 ]
INVOLUTION_EXCLUSION id=[ 256, 53240 ] d=5 zrank=2 witness=[ 0, 0, 0, 0, 1, 0, 0, 0 ]
INVOLUTION_EXCLUSION id=[ 256, 53241 ] d=5 zrank=2 witness=[ 0, 0, 0, 0, 1, 0, 0, 0 ]
INVOLUTION_EXCLUSION id=[ 256, 53242 ] d=5 zrank=2 witness=[ 0, 0, 0, 0, 1, 0, 0, 0 ]
INVOLUTION_EXCLUSION id=[ 256, 53251 ] d=5 zrank=2 witness=[ 0, 0, 0, 0, 1, 0, 0, 0 ]
INVOLUTION_EXCLUSION id=[ 256, 53252 ] d=5 zrank=2 witness=[ 0, 0, 0, 0, 1, 0, 0, 0 ]
INVOLUTION_EXCLUSION id=[ 256, 53253 ] d=5 zrank=2 witness=[ 0, 0, 0, 0, 1, 0, 0, 0 ]
INVOLUTION_EXCLUSION id=[ 256, 53254 ] d=5 zrank=2 witness=[ 0, 0, 0, 0, 1, 0, 0, 0 ]
INVOLUTION_EXCLUSION id=[ 256, 53255 ] d=5 zrank=2 witness=[ 0, 0, 0, 0, 1, 0, 0, 0 ]
INVOLUTION_EXCLUSION id=[ 256, 53256 ] d=5 zrank=2 witness=[ 0, 0, 0, 0, 1, 0, 0, 0 ]
INVOLUTION_EXCLUSION id=[ 256, 53257 ] d=5 zrank=2 witness=[ 0, 0, 0, 0, 1, 0, 0, 0 ]
INVOLUTION_EXCLUSION id=[ 256, 53258 ] d=5 zrank=2 witness=[ 0, 0, 0, 0, 1, 0, 0, 0 ]
INVOLUTION_EXCLUSION id=[ 256, 53259 ] d=5 zrank=2 witness=[ 0, 0, 0, 0, 1, 0, 0, 0 ]
INVOLUTION_EXCLUSION id=[ 256, 53260 ] d=5 zrank=2 witness=[ 0, 0, 0, 0, 1, 0, 0, 0 ]
INVOLUTION_EXCLUSION id=[ 256, 53261 ] d=5 zrank=2 witness=[ 0, 0, 0, 0, 1, 0, 0, 0 ]
INVOLUTION_EXCLUSION id=[ 256, 53262 ] d=5 zrank=2 witness=[ 0, 0, 0, 0, 1, 0, 0, 0 ]
INVOLUTION_EXCLUSION id=[ 256, 53263 ] d=5 zrank=2 witness=[ 0, 0, 0, 0, 1, 0, 0, 0 ]
INVOLUTION_EXCLUSION id=[ 256, 53264 ] d=5 zrank=2 witness=[ 0, 0, 0, 1, 0, 0, 0, 0 ]
INVOLUTION_EXCLUSION id=[ 256, 53265 ] d=5 zrank=2 witness=[ 0, 0, 0, 1, 0, 0, 0, 0 ]
INVOLUTION_EXCLUSION id=[ 256, 53266 ] d=5 zrank=2 witness=[ 0, 0, 0, 1, 0, 0, 0, 0 ]
INVOLUTION_EXCLUSION id=[ 256, 53267 ] d=5 zrank=2 witness=[ 0, 0, 0, 1, 0, 0, 0, 0 ]
INVOLUTION_EXCLUSION id=[ 256, 53268 ] d=5 zrank=2 witness=[ 0, 0, 0, 1, 0, 0, 0, 0 ]
INVOLUTION_EXCLUSION id=[ 256, 53269 ] d=5 zrank=2 witness=[ 0, 0, 0, 1, 0, 0, 0, 0 ]
INVOLUTION_EXCLUSION id=[ 256, 53270 ] d=5 zrank=2 witness=[ 0, 0, 0, 1, 0, 0, 0, 0 ]
INVOLUTION_EXCLUSION id=[ 256, 53271 ] d=5 zrank=2 witness=[ 0, 0, 0, 1, 0, 0, 0, 0 ]
INVOLUTION_EXCLUSION id=[ 256, 53272 ] d=5 zrank=2 witness=[ 0, 0, 0, 1, 0, 0, 0, 0 ]
INVOLUTION_EXCLUSION id=[ 256, 53273 ] d=5 zrank=2 witness=[ 0, 0, 0, 1, 0, 0, 0, 0 ]
INVOLUTION_EXCLUSION id=[ 256, 53274 ] d=5 zrank=2 witness=[ 0, 0, 0, 1, 0, 0, 0, 0 ]
INVOLUTION_EXCLUSION id=[ 256, 53275 ] d=5 zrank=2 witness=[ 0, 0, 0, 1, 0, 0, 0, 0 ]
INVOLUTION_EXCLUSION id=[ 256, 53276 ] d=5 zrank=2 witness=[ 0, 0, 0, 1, 0, 0, 0, 0 ]
INVOLUTION_EXCLUSION id=[ 256, 53277 ] d=5 zrank=2 witness=[ 0, 0, 0, 1, 0, 0, 0, 0 ]
INVOLUTION_EXCLUSION id=[ 256, 53278 ] d=5 zrank=2 witness=[ 0, 0, 0, 1, 0, 0, 0, 0 ]
INVOLUTION_EXCLUSION id=[ 256, 53279 ] d=5 zrank=2 witness=[ 0, 0, 0, 1, 0, 0, 0, 0 ]
INVOLUTION_EXCLUSION id=[ 256, 53280 ] d=5 zrank=2 witness=[ 0, 0, 0, 1, 0, 0, 0, 0 ]
INVOLUTION_EXCLUSION id=[ 256, 53281 ] d=5 zrank=2 witness=[ 0, 0, 0, 1, 0, 0, 0, 0 ]
INVOLUTION_EXCLUSION id=[ 256, 53282 ] d=5 zrank=2 witness=[ 0, 0, 0, 1, 0, 0, 0, 0 ]
INVOLUTION_EXCLUSION id=[ 256, 53283 ] d=5 zrank=2 witness=[ 0, 0, 0, 1, 0, 0, 0, 0 ]
INVOLUTION_EXCLUSION id=[ 256, 53284 ] d=5 zrank=2 witness=[ 0, 0, 0, 1, 0, 0, 0, 0 ]
INVOLUTION_EXCLUSION id=[ 256, 53285 ] d=5 zrank=2 witness=[ 0, 0, 0, 1, 0, 0, 0, 0 ]
INVOLUTION_EXCLUSION id=[ 256, 53286 ] d=5 zrank=2 witness=[ 0, 0, 0, 1, 0, 0, 0, 0 ]
INVOLUTION_EXCLUSION id=[ 256, 53287 ] d=5 zrank=2 witness=[ 0, 0, 0, 1, 0, 0, 0, 0 ]
INVOLUTION_EXCLUSION id=[ 256, 53288 ] d=5 zrank=2 witness=[ 0, 0, 0, 1, 0, 0, 0, 0 ]
INVOLUTION_EXCLUSION id=[ 256, 53289 ] d=5 zrank=2 witness=[ 0, 0, 0, 1, 0, 0, 0, 0 ]
INVOLUTION_EXCLUSION id=[ 256, 53290 ] d=5 zrank=2 witness=[ 0, 0, 0, 1, 0, 0, 0, 0 ]
INVOLUTION_EXCLUSION id=[ 256, 53291 ] d=5 zrank=2 witness=[ 0, 0, 0, 1, 0, 0, 0, 0 ]
INVOLUTION_EXCLUSION id=[ 256, 53292 ] d=5 zrank=2 witness=[ 0, 0, 0, 1, 0, 0, 0, 0 ]
INVOLUTION_EXCLUSION id=[ 256, 53293 ] d=5 zrank=2 witness=[ 0, 0, 0, 1, 0, 0, 0, 0 ]
INVOLUTION_EXCLUSION id=[ 256, 53294 ] d=5 zrank=2 witness=[ 0, 0, 0, 1, 0, 0, 0, 0 ]
INVOLUTION_EXCLUSION id=[ 256, 53295 ] d=5 zrank=2 witness=[ 0, 0, 0, 1, 0, 0, 0, 0 ]
INVOLUTION_EXCLUSION id=[ 256, 53296 ] d=5 zrank=2 witness=[ 0, 0, 0, 1, 0, 0, 0, 0 ]
INVOLUTION_EXCLUSION id=[ 256, 53297 ] d=5 zrank=2 witness=[ 0, 0, 0, 1, 0, 0, 0, 0 ]
INVOLUTION_EXCLUSION id=[ 256, 53298 ] d=5 zrank=2 witness=[ 0, 0, 0, 1, 0, 0, 0, 0 ]
INVOLUTION_EXCLUSION id=[ 256, 53299 ] d=5 zrank=2 witness=[ 0, 0, 0, 1, 0, 0, 0, 0 ]
INVOLUTION_EXCLUSION id=[ 256, 53300 ] d=5 zrank=2 witness=[ 0, 0, 0, 1, 0, 0, 0, 0 ]
INVOLUTION_EXCLUSION id=[ 256, 53301 ] d=5 zrank=2 witness=[ 0, 0, 0, 1, 0, 0, 0, 0 ]
INVOLUTION_EXCLUSION id=[ 256, 53302 ] d=5 zrank=2 witness=[ 0, 0, 0, 1, 0, 0, 0, 0 ]
INVOLUTION_EXCLUSION id=[ 256, 53303 ] d=5 zrank=2 witness=[ 0, 0, 0, 1, 0, 0, 0, 0 ]
INVOLUTION_EXCLUSION id=[ 256, 53304 ] d=5 zrank=2 witness=[ 0, 0, 0, 1, 0, 0, 0, 0 ]
INVOLUTION_EXCLUSION id=[ 256, 53305 ] d=5 zrank=2 witness=[ 0, 0, 0, 1, 0, 0, 0, 0 ]
INVOLUTION_EXCLUSION id=[ 256, 53306 ] d=5 zrank=2 witness=[ 0, 0, 0, 1, 0, 0, 0, 0 ]
INVOLUTION_EXCLUSION id=[ 256, 53307 ] d=5 zrank=2 witness=[ 0, 0, 0, 1, 0, 0, 0, 0 ]
INVOLUTION_EXCLUSION id=[ 256, 53308 ] d=5 zrank=2 witness=[ 0, 0, 0, 1, 0, 0, 0, 0 ]
INVOLUTION_EXCLUSION id=[ 256, 53309 ] d=5 zrank=2 witness=[ 0, 0, 0, 1, 0, 0, 0, 0 ]
INVOLUTION_EXCLUSION id=[ 256, 53310 ] d=5 zrank=2 witness=[ 0, 0, 0, 1, 0, 0, 0, 0 ]
INVOLUTION_EXCLUSION id=[ 256, 53311 ] d=5 zrank=2 witness=[ 0, 0, 0, 1, 0, 0, 0, 0 ]
INVOLUTION_EXCLUSION id=[ 256, 53312 ] d=5 zrank=2 witness=[ 0, 0, 0, 1, 0, 0, 0, 0 ]
INVOLUTION_EXCLUSION id=[ 256, 53313 ] d=5 zrank=2 witness=[ 0, 0, 0, 1, 0, 0, 0, 0 ]
INVOLUTION_EXCLUSION id=[ 256, 53314 ] d=5 zrank=2 witness=[ 0, 0, 0, 1, 0, 0, 0, 0 ]
INVOLUTION_EXCLUSION id=[ 256, 53315 ] d=5 zrank=2 witness=[ 0, 0, 0, 1, 0, 0, 0, 0 ]
INVOLUTION_EXCLUSION id=[ 256, 53316 ] d=5 zrank=2 witness=[ 0, 0, 0, 1, 0, 0, 0, 0 ]
INVOLUTION_EXCLUSION id=[ 256, 53317 ] d=5 zrank=2 witness=[ 0, 0, 0, 1, 0, 0, 0, 0 ]
INVOLUTION_EXCLUSION id=[ 256, 53318 ] d=5 zrank=2 witness=[ 0, 0, 0, 1, 0, 0, 0, 0 ]
INVOLUTION_EXCLUSION id=[ 256, 53319 ] d=5 zrank=2 witness=[ 0, 0, 0, 1, 0, 0, 0, 0 ]
INVOLUTION_EXCLUSION id=[ 256, 53320 ] d=5 zrank=2 witness=[ 0, 0, 0, 1, 0, 0, 0, 0 ]
INVOLUTION_EXCLUSION id=[ 256, 53321 ] d=5 zrank=2 witness=[ 0, 0, 0, 1, 0, 0, 0, 0 ]
INVOLUTION_EXCLUSION id=[ 256, 53322 ] d=5 zrank=2 witness=[ 0, 0, 0, 1, 0, 0, 0, 0 ]
INVOLUTION_EXCLUSION id=[ 256, 53323 ] d=5 zrank=2 witness=[ 0, 0, 0, 1, 0, 0, 0, 0 ]
INVOLUTION_EXCLUSION id=[ 256, 53324 ] d=5 zrank=2 witness=[ 0, 0, 0, 1, 0, 0, 0, 0 ]
INVOLUTION_EXCLUSION id=[ 256, 53325 ] d=5 zrank=2 witness=[ 0, 0, 0, 1, 0, 0, 0, 0 ]
INVOLUTION_EXCLUSION id=[ 256, 53326 ] d=5 zrank=2 witness=[ 0, 0, 0, 1, 0, 0, 0, 0 ]
INVOLUTION_EXCLUSION id=[ 256, 53327 ] d=5 zrank=2 witness=[ 0, 0, 0, 1, 0, 0, 0, 0 ]
INVOLUTION_EXCLUSION id=[ 256, 53328 ] d=5 zrank=2 witness=[ 0, 0, 0, 1, 0, 0, 0, 0 ]
INVOLUTION_EXCLUSION id=[ 256, 53329 ] d=5 zrank=2 witness=[ 0, 0, 0, 1, 0, 0, 0, 0 ]
INVOLUTION_EXCLUSION id=[ 256, 53330 ] d=5 zrank=2 witness=[ 0, 0, 0, 1, 0, 0, 0, 0 ]
INVOLUTION_EXCLUSION id=[ 256, 53331 ] d=5 zrank=2 witness=[ 0, 0, 0, 1, 0, 0, 0, 0 ]
INVOLUTION_EXCLUSION id=[ 256, 53332 ] d=5 zrank=2 witness=[ 0, 0, 0, 1, 0, 0, 0, 0 ]
INVOLUTION_EXCLUSION id=[ 256, 53333 ] d=5 zrank=2 witness=[ 0, 0, 0, 1, 0, 0, 0, 0 ]
INVOLUTION_EXCLUSION id=[ 256, 53334 ] d=5 zrank=2 witness=[ 0, 0, 0, 1, 0, 0, 0, 0 ]
INVOLUTION_EXCLUSION id=[ 256, 53347 ] d=5 zrank=2 witness=[ 0, 0, 0, 0, 1, 1, 0, 0 ]
INVOLUTION_EXCLUSION id=[ 256, 53354 ] d=5 zrank=2 witness=[ 0, 0, 0, 0, 1, 1, 0, 0 ]
INVOLUTION_EXCLUSION id=[ 256, 53355 ] d=5 zrank=2 witness=[ 0, 0, 0, 0, 1, 0, 0, 0 ]
INVOLUTION_EXCLUSION id=[ 256, 53356 ] d=5 zrank=2 witness=[ 0, 0, 0, 0, 1, 0, 0, 0 ]
INVOLUTION_EXCLUSION id=[ 256, 53357 ] d=5 zrank=2 witness=[ 0, 0, 0, 0, 1, 1, 0, 0 ]
INVOLUTION_EXCLUSION id=[ 256, 53358 ] d=5 zrank=2 witness=[ 0, 0, 0, 0, 1, 1, 0, 0 ]
INVOLUTION_EXCLUSION id=[ 256, 53359 ] d=5 zrank=2 witness=[ 0, 0, 0, 0, 1, 1, 0, 0 ]
INVOLUTION_EXCLUSION id=[ 256, 53360 ] d=5 zrank=2 witness=[ 0, 0, 0, 0, 1, 0, 0, 0 ]
INVOLUTION_EXCLUSION id=[ 256, 53361 ] d=5 zrank=2 witness=[ 0, 0, 0, 0, 1, 0, 0, 0 ]
INVOLUTION_EXCLUSION id=[ 256, 53362 ] d=5 zrank=2 witness=[ 0, 0, 0, 0, 1, 0, 0, 0 ]
INVOLUTION_EXCLUSION id=[ 256, 53363 ] d=5 zrank=2 witness=[ 0, 0, 0, 0, 1, 0, 0, 0 ]
INVOLUTION_EXCLUSION id=[ 256, 53364 ] d=5 zrank=2 witness=[ 0, 0, 0, 0, 1, 0, 0, 0 ]
INVOLUTION_EXCLUSION id=[ 256, 53365 ] d=5 zrank=2 witness=[ 0, 0, 0, 0, 1, 0, 0, 0 ]
INVOLUTION_EXCLUSION id=[ 256, 53370 ] d=5 zrank=2 witness=[ 0, 0, 0, 0, 0, 0, 1, 0 ]
INVOLUTION_EXCLUSION id=[ 256, 53371 ] d=5 zrank=2 witness=[ 0, 0, 0, 0, 0, 0, 1, 0 ]
INVOLUTION_EXCLUSION id=[ 256, 53372 ] d=5 zrank=2 witness=[ 0, 0, 0, 0, 0, 0, 1, 0 ]
INVOLUTION_EXCLUSION id=[ 256, 53373 ] d=5 zrank=2 witness=[ 0, 0, 0, 0, 0, 0, 1, 0 ]
INVOLUTION_EXCLUSION id=[ 256, 53374 ] d=5 zrank=2 witness=[ 0, 0, 0, 0, 0, 0, 1, 0 ]
INVOLUTION_EXCLUSION id=[ 256, 53375 ] d=5 zrank=1 witness=[ 0, 0, 0, 0, 0, 0, 1, 0 ]
INVOLUTION_EXCLUSION id=[ 256, 53376 ] d=5 zrank=1 witness=[ 0, 0, 0, 0, 0, 0, 1, 0 ]
INVOLUTION_EXCLUSION id=[ 256, 53377 ] d=5 zrank=1 witness=[ 0, 0, 0, 0, 0, 0, 1, 0 ]
INVOLUTION_EXCLUSION id=[ 256, 53378 ] d=5 zrank=1 witness=[ 0, 0, 0, 0, 0, 0, 1, 0 ]
INVOLUTION_EXCLUSION id=[ 256, 53379 ] d=5 zrank=1 witness=[ 0, 0, 0, 0, 0, 0, 1, 0 ]
INVOLUTION_EXCLUSION id=[ 256, 53382 ] d=5 zrank=2 witness=[ 0, 0, 0, 0, 0, 0, 1, 0 ]
INVOLUTION_EXCLUSION id=[ 256, 53383 ] d=5 zrank=2 witness=[ 0, 0, 0, 0, 0, 0, 1, 0 ]
INVOLUTION_EXCLUSION id=[ 256, 53384 ] d=5 zrank=2 witness=[ 0, 0, 0, 0, 0, 0, 1, 0 ]
INVOLUTION_EXCLUSION id=[ 256, 53385 ] d=5 zrank=2 witness=[ 0, 0, 0, 0, 0, 0, 1, 0 ]
INVOLUTION_EXCLUSION id=[ 256, 53386 ] d=5 zrank=1 witness=[ 0, 0, 0, 0, 0, 0, 1, 0 ]
INVOLUTION_EXCLUSION id=[ 256, 53387 ] d=5 zrank=1 witness=[ 0, 0, 0, 0, 0, 0, 1, 0 ]
INVOLUTION_EXCLUSION id=[ 256, 53388 ] d=5 zrank=1 witness=[ 0, 0, 0, 0, 0, 0, 1, 0 ]
INVOLUTION_EXCLUSION id=[ 256, 53389 ] d=5 zrank=1 witness=[ 0, 0, 0, 0, 0, 0, 1, 0 ]
INVOLUTION_EXCLUSION id=[ 256, 53390 ] d=5 zrank=1 witness=[ 0, 0, 0, 0, 0, 0, 1, 0 ]
INVOLUTION_EXCLUSION id=[ 256, 53403 ] d=5 zrank=2 witness=[ 0, 0, 0, 0, 1, 0, 1, 0 ]
INVOLUTION_EXCLUSION id=[ 256, 53410 ] d=5 zrank=2 witness=[ 0, 0, 0, 0, 1, 0, 1, 0 ]
INVOLUTION_EXCLUSION id=[ 256, 53411 ] d=5 zrank=2 witness=[ 0, 0, 0, 0, 1, 0, 0, 0 ]
INVOLUTION_EXCLUSION id=[ 256, 53412 ] d=5 zrank=2 witness=[ 0, 0, 0, 0, 1, 0, 0, 0 ]
INVOLUTION_EXCLUSION id=[ 256, 53413 ] d=5 zrank=2 witness=[ 0, 0, 0, 0, 1, 0, 0, 0 ]
INVOLUTION_EXCLUSION id=[ 256, 53414 ] d=5 zrank=2 witness=[ 0, 0, 0, 0, 1, 0, 1, 0 ]
INVOLUTION_EXCLUSION id=[ 256, 53415 ] d=5 zrank=2 witness=[ 0, 0, 0, 0, 1, 0, 1, 0 ]
INVOLUTION_EXCLUSION id=[ 256, 53416 ] d=5 zrank=2 witness=[ 0, 0, 0, 0, 1, 0, 0, 0 ]
INVOLUTION_EXCLUSION id=[ 256, 53417 ] d=5 zrank=2 witness=[ 0, 0, 0, 0, 1, 0, 0, 0 ]
INVOLUTION_EXCLUSION id=[ 256, 53418 ] d=5 zrank=2 witness=[ 0, 0, 0, 0, 1, 0, 0, 0 ]
INVOLUTION_EXCLUSION id=[ 256, 53419 ] d=5 zrank=2 witness=[ 0, 0, 0, 0, 1, 0, 0, 0 ]
INVOLUTION_EXCLUSION id=[ 256, 53420 ] d=5 zrank=2 witness=[ 0, 0, 0, 0, 1, 0, 0, 0 ]
INVOLUTION_EXCLUSION id=[ 256, 53421 ] d=5 zrank=2 witness=[ 0, 0, 0, 0, 1, 0, 0, 0 ]
INVOLUTION_EXCLUSION id=[ 256, 53432 ] d=5 zrank=2 witness=[ 0, 0, 0, 0, 1, 1, 0, 0 ]
INVOLUTION_EXCLUSION id=[ 256, 53438 ] d=5 zrank=2 witness=[ 0, 0, 0, 0, 1, 1, 0, 0 ]
INVOLUTION_EXCLUSION id=[ 256, 53441 ] d=5 zrank=2 witness=[ 0, 0, 0, 0, 1, 1, 0, 0 ]
INVOLUTION_EXCLUSION id=[ 256, 53442 ] d=5 zrank=2 witness=[ 0, 0, 0, 0, 1, 0, 0, 0 ]
INVOLUTION_EXCLUSION id=[ 256, 53443 ] d=5 zrank=2 witness=[ 0, 0, 0, 0, 1, 0, 0, 0 ]
INVOLUTION_EXCLUSION id=[ 256, 53444 ] d=5 zrank=2 witness=[ 0, 0, 0, 0, 1, 0, 0, 0 ]
INVOLUTION_EXCLUSION id=[ 256, 53445 ] d=5 zrank=2 witness=[ 0, 0, 0, 0, 1, 0, 0, 0 ]
INVOLUTION_EXCLUSION id=[ 256, 53446 ] d=5 zrank=2 witness=[ 0, 0, 0, 0, 1, 0, 0, 0 ]
INVOLUTION_EXCLUSION id=[ 256, 53447 ] d=5 zrank=2 witness=[ 0, 0, 0, 0, 1, 0, 0, 0 ]
INVOLUTION_EXCLUSION id=[ 256, 53448 ] d=5 zrank=2 witness=[ 0, 0, 0, 0, 1, 0, 0, 0 ]
INVOLUTION_EXCLUSION id=[ 256, 53449 ] d=5 zrank=2 witness=[ 0, 0, 0, 0, 1, 0, 0, 0 ]
INVOLUTION_EXCLUSION id=[ 256, 53450 ] d=5 zrank=2 witness=[ 0, 0, 0, 0, 1, 0, 0, 0 ]
INVOLUTION_EXCLUSION id=[ 256, 53454 ] d=5 zrank=2 witness=[ 0, 0, 0, 0, 0, 1, 1, 0 ]
INVOLUTION_EXCLUSION id=[ 256, 53455 ] d=5 zrank=2 witness=[ 0, 0, 0, 0, 0, 1, 1, 0 ]
INVOLUTION_EXCLUSION id=[ 256, 53456 ] d=5 zrank=2 witness=[ 0, 0, 0, 0, 0, 1, 1, 0 ]
INVOLUTION_EXCLUSION id=[ 256, 53457 ] d=5 zrank=1 witness=[ 0, 0, 0, 0, 0, 1, 1, 0 ]
INVOLUTION_EXCLUSION id=[ 256, 53458 ] d=5 zrank=1 witness=[ 0, 0, 0, 0, 0, 1, 1, 0 ]
INVOLUTION_EXCLUSION id=[ 256, 53459 ] d=5 zrank=1 witness=[ 0, 0, 0, 0, 0, 1, 1, 0 ]
INVOLUTION_EXCLUSION id=[ 256, 53460 ] d=5 zrank=1 witness=[ 0, 0, 0, 0, 0, 1, 1, 0 ]
INVOLUTION_EXCLUSION id=[ 256, 53472 ] d=5 zrank=2 witness=[ 0, 0, 0, 0, 1, 0, 1, 0 ]
INVOLUTION_EXCLUSION id=[ 256, 53477 ] d=5 zrank=2 witness=[ 0, 0, 0, 0, 1, 0, 1, 0 ]
INVOLUTION_EXCLUSION id=[ 256, 53478 ] d=5 zrank=2 witness=[ 0, 0, 0, 0, 1, 0, 0, 0 ]
INVOLUTION_EXCLUSION id=[ 256, 53479 ] d=5 zrank=2 witness=[ 0, 0, 0, 0, 1, 0, 0, 0 ]
INVOLUTION_EXCLUSION id=[ 256, 53480 ] d=5 zrank=2 witness=[ 0, 0, 0, 0, 1, 0, 0, 0 ]
INVOLUTION_EXCLUSION id=[ 256, 53481 ] d=5 zrank=2 witness=[ 0, 0, 0, 0, 1, 0, 1, 0 ]
INVOLUTION_EXCLUSION id=[ 256, 53482 ] d=5 zrank=2 witness=[ 0, 0, 0, 0, 1, 0, 0, 0 ]
INVOLUTION_EXCLUSION id=[ 256, 53483 ] d=5 zrank=2 witness=[ 0, 0, 0, 0, 1, 0, 0, 0 ]
INVOLUTION_EXCLUSION id=[ 256, 53484 ] d=5 zrank=2 witness=[ 0, 0, 0, 0, 1, 0, 0, 0 ]
INVOLUTION_EXCLUSION id=[ 256, 53485 ] d=5 zrank=2 witness=[ 0, 0, 0, 0, 1, 0, 0, 0 ]
INVOLUTION_EXCLUSION id=[ 256, 53486 ] d=5 zrank=2 witness=[ 0, 0, 0, 0, 1, 0, 0, 0 ]
INVOLUTION_EXCLUSION id=[ 256, 53487 ] d=5 zrank=2 witness=[ 0, 0, 0, 0, 1, 0, 0, 0 ]
INVOLUTION_EXCLUSION id=[ 256, 53499 ] d=5 zrank=2 witness=[ 0, 0, 0, 0, 1, 0, 1, 0 ]
INVOLUTION_EXCLUSION id=[ 256, 53504 ] d=5 zrank=2 witness=[ 0, 0, 0, 0, 1, 0, 1, 0 ]
INVOLUTION_EXCLUSION id=[ 256, 53505 ] d=5 zrank=2 witness=[ 0, 0, 0, 0, 1, 0, 0, 0 ]
INVOLUTION_EXCLUSION id=[ 256, 53506 ] d=5 zrank=2 witness=[ 0, 0, 0, 0, 1, 0, 1, 0 ]
INVOLUTION_EXCLUSION id=[ 256, 53507 ] d=5 zrank=2 witness=[ 0, 0, 0, 0, 1, 0, 1, 0 ]
INVOLUTION_EXCLUSION id=[ 256, 53508 ] d=5 zrank=2 witness=[ 0, 0, 0, 0, 1, 0, 1, 0 ]
INVOLUTION_EXCLUSION id=[ 256, 53509 ] d=5 zrank=2 witness=[ 0, 0, 0, 0, 1, 0, 0, 0 ]
INVOLUTION_EXCLUSION id=[ 256, 53510 ] d=5 zrank=2 witness=[ 0, 0, 0, 0, 1, 0, 0, 0 ]
INVOLUTION_EXCLUSION id=[ 256, 53511 ] d=5 zrank=2 witness=[ 0, 0, 0, 0, 1, 0, 0, 0 ]
INVOLUTION_EXCLUSION id=[ 256, 53512 ] d=5 zrank=2 witness=[ 0, 0, 0, 0, 1, 0, 0, 0 ]
INVOLUTION_EXCLUSION id=[ 256, 53513 ] d=5 zrank=2 witness=[ 0, 0, 0, 0, 1, 0, 0, 0 ]
INVOLUTION_EXCLUSION id=[ 256, 53514 ] d=5 zrank=2 witness=[ 0, 0, 0, 0, 1, 0, 0, 0 ]
INVOLUTION_EXCLUSION id=[ 256, 53524 ] d=5 zrank=2 witness=[ 0, 0, 0, 0, 1, 0, 1, 0 ]
INVOLUTION_EXCLUSION id=[ 256, 53534 ] d=5 zrank=2 witness=[ 0, 0, 0, 0, 1, 0, 1, 0 ]
INVOLUTION_EXCLUSION id=[ 256, 53545 ] d=5 zrank=2 witness=[ 0, 0, 0, 0, 1, 0, 1, 0 ]
INVOLUTION_EXCLUSION id=[ 256, 53546 ] d=5 zrank=2 witness=[ 0, 0, 0, 0, 1, 0, 0, 0 ]
INVOLUTION_EXCLUSION id=[ 256, 53547 ] d=5 zrank=2 witness=[ 0, 0, 0, 0, 1, 0, 0, 0 ]
INVOLUTION_EXCLUSION id=[ 256, 53548 ] d=5 zrank=2 witness=[ 0, 0, 0, 0, 1, 0, 0, 0 ]
INVOLUTION_EXCLUSION id=[ 256, 53549 ] d=5 zrank=2 witness=[ 0, 0, 0, 0, 1, 0, 1, 0 ]
INVOLUTION_EXCLUSION id=[ 256, 53550 ] d=5 zrank=2 witness=[ 0, 0, 0, 0, 1, 0, 1, 0 ]
INVOLUTION_EXCLUSION id=[ 256, 53551 ] d=5 zrank=2 witness=[ 0, 0, 0, 0, 1, 0, 1, 0 ]
INVOLUTION_EXCLUSION id=[ 256, 53552 ] d=5 zrank=2 witness=[ 0, 0, 0, 0, 1, 0, 0, 0 ]
INVOLUTION_EXCLUSION id=[ 256, 53553 ] d=5 zrank=2 witness=[ 0, 0, 0, 0, 1, 0, 0, 0 ]
INVOLUTION_EXCLUSION id=[ 256, 53554 ] d=5 zrank=2 witness=[ 0, 0, 0, 0, 1, 0, 0, 0 ]
INVOLUTION_EXCLUSION id=[ 256, 53555 ] d=5 zrank=2 witness=[ 0, 0, 0, 0, 1, 0, 1, 0 ]
INVOLUTION_EXCLUSION id=[ 256, 53556 ] d=5 zrank=2 witness=[ 0, 0, 0, 0, 1, 0, 1, 0 ]
INVOLUTION_EXCLUSION id=[ 256, 53557 ] d=5 zrank=2 witness=[ 0, 0, 0, 0, 1, 0, 1, 0 ]
INVOLUTION_EXCLUSION id=[ 256, 53558 ] d=5 zrank=2 witness=[ 0, 0, 0, 0, 1, 0, 0, 0 ]
INVOLUTION_EXCLUSION id=[ 256, 53559 ] d=5 zrank=2 witness=[ 0, 0, 0, 0, 1, 0, 0, 0 ]
INVOLUTION_EXCLUSION id=[ 256, 53560 ] d=5 zrank=2 witness=[ 0, 0, 0, 0, 1, 0, 0, 0 ]
INVOLUTION_EXCLUSION id=[ 256, 53561 ] d=5 zrank=2 witness=[ 0, 0, 0, 0, 1, 0, 0, 0 ]
INVOLUTION_EXCLUSION id=[ 256, 53562 ] d=5 zrank=2 witness=[ 0, 0, 0, 0, 1, 0, 0, 0 ]
INVOLUTION_EXCLUSION id=[ 256, 53563 ] d=5 zrank=2 witness=[ 0, 0, 0, 0, 1, 0, 0, 0 ]
INVOLUTION_EXCLUSION id=[ 256, 53564 ] d=5 zrank=2 witness=[ 0, 0, 0, 0, 1, 0, 0, 0 ]
INVOLUTION_EXCLUSION id=[ 256, 53565 ] d=5 zrank=2 witness=[ 0, 0, 0, 0, 1, 0, 0, 0 ]
INVOLUTION_EXCLUSION id=[ 256, 53566 ] d=5 zrank=2 witness=[ 0, 0, 0, 0, 1, 0, 0, 0 ]
INVOLUTION_EXCLUSION id=[ 256, 53567 ] d=5 zrank=2 witness=[ 0, 0, 0, 0, 1, 0, 0, 0 ]
INVOLUTION_EXCLUSION id=[ 256, 53568 ] d=5 zrank=2 witness=[ 0, 0, 0, 0, 1, 0, 0, 0 ]
INVOLUTION_EXCLUSION id=[ 256, 53569 ] d=5 zrank=2 witness=[ 0, 0, 0, 0, 1, 0, 0, 0 ]
INVOLUTION_EXCLUSION id=[ 256, 53570 ] d=5 zrank=2 witness=[ 0, 0, 0, 0, 1, 0, 0, 0 ]
INVOLUTION_EXCLUSION id=[ 256, 53571 ] d=5 zrank=2 witness=[ 0, 0, 0, 0, 1, 0, 0, 0 ]
INVOLUTION_EXCLUSION id=[ 256, 53572 ] d=5 zrank=2 witness=[ 0, 0, 0, 0, 1, 0, 1, 0 ]
INVOLUTION_EXCLUSION id=[ 256, 53573 ] d=5 zrank=2 witness=[ 0, 0, 0, 0, 1, 0, 1, 0 ]
INVOLUTION_EXCLUSION id=[ 256, 53574 ] d=5 zrank=2 witness=[ 0, 0, 0, 0, 1, 0, 1, 0 ]
INVOLUTION_EXCLUSION id=[ 256, 53575 ] d=5 zrank=2 witness=[ 0, 0, 0, 0, 1, 0, 1, 0 ]
INVOLUTION_EXCLUSION id=[ 256, 53576 ] d=5 zrank=2 witness=[ 0, 0, 0, 0, 1, 0, 1, 0 ]
INVOLUTION_EXCLUSION id=[ 256, 53577 ] d=5 zrank=2 witness=[ 0, 0, 0, 0, 1, 0, 1, 0 ]
INVOLUTION_EXCLUSION id=[ 256, 53578 ] d=5 zrank=2 witness=[ 0, 0, 0, 0, 1, 0, 0, 0 ]
INVOLUTION_EXCLUSION id=[ 256, 53579 ] d=5 zrank=2 witness=[ 0, 0, 0, 0, 1, 0, 0, 0 ]
INVOLUTION_EXCLUSION id=[ 256, 53580 ] d=5 zrank=2 witness=[ 0, 0, 0, 0, 1, 0, 0, 0 ]
INVOLUTION_EXCLUSION id=[ 256, 53581 ] d=5 zrank=2 witness=[ 0, 0, 0, 0, 1, 0, 0, 0 ]
INVOLUTION_EXCLUSION id=[ 256, 53582 ] d=5 zrank=2 witness=[ 0, 0, 0, 0, 1, 0, 0, 0 ]
INVOLUTION_EXCLUSION id=[ 256, 53583 ] d=5 zrank=2 witness=[ 0, 0, 0, 0, 1, 0, 0, 0 ]
INVOLUTION_EXCLUSION id=[ 256, 53584 ] d=5 zrank=2 witness=[ 0, 0, 0, 0, 1, 0, 1, 0 ]
INVOLUTION_EXCLUSION id=[ 256, 53585 ] d=5 zrank=2 witness=[ 0, 0, 0, 0, 1, 0, 1, 0 ]
INVOLUTION_EXCLUSION id=[ 256, 53586 ] d=5 zrank=2 witness=[ 0, 0, 0, 0, 1, 0, 1, 0 ]
INVOLUTION_EXCLUSION id=[ 256, 53587 ] d=5 zrank=2 witness=[ 0, 0, 0, 0, 1, 0, 1, 0 ]
INVOLUTION_EXCLUSION id=[ 256, 53588 ] d=5 zrank=2 witness=[ 0, 0, 0, 0, 1, 0, 1, 0 ]
INVOLUTION_EXCLUSION id=[ 256, 53589 ] d=5 zrank=2 witness=[ 0, 0, 0, 0, 1, 0, 1, 0 ]
INVOLUTION_EXCLUSION id=[ 256, 53600 ] d=5 zrank=2 witness=[ 0, 0, 0, 0, 1, 0, 1, 0 ]
INVOLUTION_EXCLUSION id=[ 256, 53606 ] d=5 zrank=2 witness=[ 0, 0, 0, 0, 1, 0, 1, 0 ]
INVOLUTION_EXCLUSION id=[ 256, 53607 ] d=5 zrank=2 witness=[ 0, 0, 0, 0, 1, 0, 0, 0 ]
INVOLUTION_EXCLUSION id=[ 256, 53608 ] d=5 zrank=2 witness=[ 0, 0, 0, 0, 1, 0, 0, 0 ]
INVOLUTION_EXCLUSION id=[ 256, 53609 ] d=5 zrank=2 witness=[ 0, 0, 0, 0, 1, 0, 0, 0 ]
INVOLUTION_EXCLUSION id=[ 256, 53610 ] d=5 zrank=2 witness=[ 0, 0, 0, 0, 1, 0, 0, 0 ]
INVOLUTION_EXCLUSION id=[ 256, 53611 ] d=5 zrank=2 witness=[ 0, 0, 0, 0, 1, 0, 0, 0 ]
INVOLUTION_EXCLUSION id=[ 256, 53612 ] d=5 zrank=2 witness=[ 0, 0, 0, 0, 1, 0, 0, 0 ]
INVOLUTION_EXCLUSION id=[ 256, 53613 ] d=5 zrank=2 witness=[ 0, 0, 0, 0, 1, 0, 0, 0 ]
INVOLUTION_EXCLUSION id=[ 256, 53614 ] d=5 zrank=2 witness=[ 0, 0, 0, 0, 1, 0, 0, 0 ]
INVOLUTION_EXCLUSION id=[ 256, 53615 ] d=5 zrank=2 witness=[ 0, 0, 0, 0, 1, 0, 0, 0 ]
INVOLUTION_EXCLUSION id=[ 256, 53627 ] d=5 zrank=2 witness=[ 0, 0, 0, 0, 1, 1, 0, 0 ]
INVOLUTION_EXCLUSION id=[ 256, 53631 ] d=5 zrank=2 witness=[ 0, 0, 0, 0, 1, 1, 0, 0 ]
INVOLUTION_EXCLUSION id=[ 256, 53632 ] d=5 zrank=2 witness=[ 0, 0, 0, 0, 1, 0, 0, 0 ]
INVOLUTION_EXCLUSION id=[ 256, 53633 ] d=5 zrank=2 witness=[ 0, 0, 0, 0, 1, 0, 0, 0 ]
INVOLUTION_EXCLUSION id=[ 256, 53634 ] d=5 zrank=2 witness=[ 0, 0, 0, 0, 1, 0, 0, 0 ]
INVOLUTION_EXCLUSION id=[ 256, 53635 ] d=5 zrank=2 witness=[ 0, 0, 0, 0, 1, 0, 0, 0 ]
INVOLUTION_EXCLUSION id=[ 256, 53636 ] d=5 zrank=2 witness=[ 0, 0, 0, 0, 1, 0, 0, 0 ]
INVOLUTION_EXCLUSION id=[ 256, 53637 ] d=5 zrank=2 witness=[ 0, 0, 0, 0, 1, 0, 0, 0 ]
INVOLUTION_EXCLUSION id=[ 256, 53638 ] d=5 zrank=2 witness=[ 0, 0, 0, 0, 1, 0, 0, 0 ]
INVOLUTION_EXCLUSION id=[ 256, 53639 ] d=5 zrank=2 witness=[ 0, 0, 0, 0, 1, 0, 0, 0 ]
INVOLUTION_EXCLUSION id=[ 256, 53648 ] d=5 zrank=2 witness=[ 0, 0, 0, 0, 1, 0, 1, 0 ]
INVOLUTION_EXCLUSION id=[ 256, 53651 ] d=5 zrank=2 witness=[ 0, 0, 0, 0, 1, 0, 1, 0 ]
INVOLUTION_EXCLUSION id=[ 256, 53652 ] d=5 zrank=2 witness=[ 0, 0, 0, 0, 1, 0, 0, 0 ]
INVOLUTION_EXCLUSION id=[ 256, 53653 ] d=5 zrank=2 witness=[ 0, 0, 0, 0, 1, 0, 0, 0 ]
INVOLUTION_EXCLUSION id=[ 256, 53654 ] d=5 zrank=2 witness=[ 0, 0, 0, 0, 1, 0, 0, 0 ]
INVOLUTION_EXCLUSION id=[ 256, 53655 ] d=5 zrank=2 witness=[ 0, 0, 0, 0, 1, 0, 0, 0 ]
INVOLUTION_EXCLUSION id=[ 256, 53656 ] d=5 zrank=2 witness=[ 0, 0, 0, 0, 1, 0, 0, 0 ]
INVOLUTION_EXCLUSION id=[ 256, 53661 ] d=5 zrank=2 witness=[ 0, 0, 0, 0, 1, 0, 1, 0 ]
INVOLUTION_EXCLUSION id=[ 256, 53664 ] d=5 zrank=2 witness=[ 0, 0, 0, 0, 1, 0, 1, 0 ]
INVOLUTION_EXCLUSION id=[ 256, 53670 ] d=5 zrank=2 witness=[ 0, 0, 0, 0, 1, 0, 1, 0 ]
INVOLUTION_EXCLUSION id=[ 256, 53673 ] d=5 zrank=2 witness=[ 0, 0, 0, 0, 1, 0, 1, 0 ]
INVOLUTION_EXCLUSION id=[ 256, 53676 ] d=5 zrank=2 witness=[ 0, 0, 0, 0, 1, 0, 1, 0 ]
INVOLUTION_EXCLUSION id=[ 256, 53681 ] d=5 zrank=2 witness=[ 0, 0, 0, 0, 1, 0, 1, 0 ]
INVOLUTION_EXCLUSION id=[ 256, 53682 ] d=5 zrank=2 witness=[ 0, 0, 0, 0, 1, 0, 0, 0 ]
INVOLUTION_EXCLUSION id=[ 256, 53683 ] d=5 zrank=2 witness=[ 0, 0, 0, 0, 1, 0, 0, 0 ]
INVOLUTION_EXCLUSION id=[ 256, 53684 ] d=5 zrank=2 witness=[ 0, 0, 0, 0, 1, 0, 0, 0 ]
INVOLUTION_EXCLUSION id=[ 256, 53685 ] d=5 zrank=2 witness=[ 0, 0, 0, 0, 1, 0, 0, 0 ]
INVOLUTION_EXCLUSION id=[ 256, 53686 ] d=5 zrank=2 witness=[ 0, 0, 0, 0, 1, 0, 0, 0 ]
INVOLUTION_EXCLUSION id=[ 256, 53687 ] d=5 zrank=2 witness=[ 0, 0, 0, 0, 1, 0, 0, 0 ]
INVOLUTION_EXCLUSION id=[ 256, 53688 ] d=5 zrank=2 witness=[ 0, 0, 0, 0, 1, 0, 0, 0 ]
INVOLUTION_EXCLUSION id=[ 256, 53689 ] d=5 zrank=2 witness=[ 0, 0, 0, 0, 1, 0, 0, 0 ]
INVOLUTION_EXCLUSION id=[ 256, 53690 ] d=5 zrank=2 witness=[ 0, 0, 0, 0, 1, 0, 0, 0 ]
INVOLUTION_EXCLUSION id=[ 256, 53691 ] d=5 zrank=2 witness=[ 0, 0, 0, 0, 1, 0, 0, 0 ]
INVOLUTION_EXCLUSION id=[ 256, 53692 ] d=5 zrank=2 witness=[ 0, 0, 0, 0, 1, 0, 0, 0 ]
INVOLUTION_EXCLUSION id=[ 256, 53693 ] d=5 zrank=2 witness=[ 0, 0, 0, 0, 1, 0, 0, 0 ]
INVOLUTION_EXCLUSION id=[ 256, 53694 ] d=5 zrank=2 witness=[ 0, 0, 0, 0, 1, 0, 0, 0 ]
INVOLUTION_EXCLUSION id=[ 256, 53695 ] d=5 zrank=2 witness=[ 0, 0, 0, 0, 1, 0, 0, 0 ]
INVOLUTION_EXCLUSION id=[ 256, 53696 ] d=5 zrank=2 witness=[ 0, 0, 0, 0, 1, 0, 0, 0 ]
INVOLUTION_EXCLUSION id=[ 256, 53697 ] d=5 zrank=2 witness=[ 0, 0, 0, 0, 1, 0, 0, 0 ]
INVOLUTION_EXCLUSION id=[ 256, 53698 ] d=5 zrank=2 witness=[ 0, 0, 0, 0, 1, 0, 0, 0 ]
INVOLUTION_EXCLUSION id=[ 256, 53699 ] d=5 zrank=2 witness=[ 0, 0, 0, 0, 1, 0, 0, 0 ]
INVOLUTION_EXCLUSION id=[ 256, 53700 ] d=5 zrank=2 witness=[ 0, 0, 0, 0, 1, 0, 0, 0 ]
INVOLUTION_EXCLUSION id=[ 256, 53701 ] d=5 zrank=2 witness=[ 0, 0, 0, 0, 1, 0, 0, 0 ]
INVOLUTION_EXCLUSION id=[ 256, 53702 ] d=5 zrank=2 witness=[ 0, 0, 0, 0, 1, 0, 0, 0 ]
INVOLUTION_EXCLUSION id=[ 256, 53703 ] d=5 zrank=2 witness=[ 0, 0, 0, 0, 1, 0, 0, 0 ]
INVOLUTION_EXCLUSION id=[ 256, 53704 ] d=5 zrank=2 witness=[ 0, 0, 0, 0, 1, 0, 1, 0 ]
INVOLUTION_EXCLUSION id=[ 256, 53705 ] d=5 zrank=2 witness=[ 0, 0, 0, 0, 1, 0, 1, 0 ]
INVOLUTION_EXCLUSION id=[ 256, 53706 ] d=5 zrank=2 witness=[ 0, 0, 0, 0, 1, 0, 1, 0 ]
INVOLUTION_EXCLUSION id=[ 256, 53707 ] d=5 zrank=2 witness=[ 0, 0, 0, 0, 1, 0, 0, 0 ]
INVOLUTION_EXCLUSION id=[ 256, 53708 ] d=5 zrank=2 witness=[ 0, 0, 0, 0, 1, 0, 0, 0 ]
INVOLUTION_EXCLUSION id=[ 256, 53709 ] d=5 zrank=2 witness=[ 0, 0, 0, 0, 1, 0, 1, 0 ]
INVOLUTION_EXCLUSION id=[ 256, 53710 ] d=5 zrank=2 witness=[ 0, 0, 0, 0, 1, 0, 0, 0 ]
INVOLUTION_EXCLUSION id=[ 256, 53711 ] d=5 zrank=2 witness=[ 0, 0, 0, 0, 1, 0, 0, 0 ]
INVOLUTION_EXCLUSION id=[ 256, 53712 ] d=5 zrank=2 witness=[ 0, 0, 0, 0, 1, 0, 0, 0 ]
INVOLUTION_EXCLUSION id=[ 256, 53713 ] d=5 zrank=2 witness=[ 0, 0, 0, 0, 1, 0, 0, 0 ]
INVOLUTION_EXCLUSION id=[ 256, 53714 ] d=5 zrank=2 witness=[ 0, 0, 0, 0, 1, 0, 0, 0 ]
INVOLUTION_EXCLUSION id=[ 256, 53715 ] d=5 zrank=2 witness=[ 0, 0, 0, 0, 1, 0, 0, 0 ]
INVOLUTION_EXCLUSION id=[ 256, 53722 ] d=5 zrank=2 witness=[ 0, 0, 0, 0, 1, 0, 1, 0 ]
INVOLUTION_EXCLUSION id=[ 256, 53729 ] d=5 zrank=2 witness=[ 0, 0, 0, 0, 1, 0, 1, 0 ]
INVOLUTION_EXCLUSION id=[ 256, 53737 ] d=5 zrank=2 witness=[ 0, 0, 0, 0, 1, 0, 1, 0 ]
INVOLUTION_EXCLUSION id=[ 256, 53738 ] d=5 zrank=2 witness=[ 0, 0, 0, 0, 1, 0, 0, 0 ]
INVOLUTION_EXCLUSION id=[ 256, 53739 ] d=5 zrank=2 witness=[ 0, 0, 0, 0, 1, 0, 0, 0 ]
INVOLUTION_EXCLUSION id=[ 256, 53740 ] d=5 zrank=2 witness=[ 0, 0, 0, 0, 1, 0, 0, 0 ]
INVOLUTION_EXCLUSION id=[ 256, 53741 ] d=5 zrank=2 witness=[ 0, 0, 0, 0, 1, 0, 0, 0 ]
INVOLUTION_EXCLUSION id=[ 256, 53742 ] d=5 zrank=2 witness=[ 0, 0, 0, 0, 1, 0, 0, 0 ]
INVOLUTION_EXCLUSION id=[ 256, 53743 ] d=5 zrank=2 witness=[ 0, 0, 0, 0, 1, 0, 0, 0 ]
INVOLUTION_EXCLUSION id=[ 256, 53744 ] d=5 zrank=2 witness=[ 0, 0, 0, 0, 1, 0, 0, 0 ]
INVOLUTION_EXCLUSION id=[ 256, 53745 ] d=5 zrank=2 witness=[ 0, 0, 0, 0, 1, 0, 0, 0 ]
INVOLUTION_EXCLUSION id=[ 256, 53746 ] d=5 zrank=2 witness=[ 0, 0, 0, 0, 1, 0, 0, 0 ]
INVOLUTION_EXCLUSION id=[ 256, 53747 ] d=5 zrank=2 witness=[ 0, 0, 0, 0, 1, 0, 0, 0 ]
INVOLUTION_EXCLUSION id=[ 256, 53748 ] d=5 zrank=2 witness=[ 0, 0, 0, 0, 1, 0, 0, 0 ]
INVOLUTION_EXCLUSION id=[ 256, 53749 ] d=5 zrank=2 witness=[ 0, 0, 0, 0, 1, 0, 0, 0 ]
INVOLUTION_EXCLUSION id=[ 256, 53750 ] d=5 zrank=2 witness=[ 0, 0, 0, 0, 1, 0, 1, 0 ]
INVOLUTION_EXCLUSION id=[ 256, 53751 ] d=5 zrank=2 witness=[ 0, 0, 0, 0, 1, 0, 1, 0 ]
INVOLUTION_EXCLUSION id=[ 256, 53752 ] d=5 zrank=2 witness=[ 0, 0, 0, 0, 1, 0, 1, 0 ]
INVOLUTION_EXCLUSION id=[ 256, 53753 ] d=5 zrank=2 witness=[ 0, 0, 0, 0, 1, 0, 1, 0 ]
INVOLUTION_EXCLUSION id=[ 256, 53754 ] d=5 zrank=2 witness=[ 0, 0, 0, 0, 1, 0, 1, 0 ]
INVOLUTION_EXCLUSION id=[ 256, 53755 ] d=5 zrank=2 witness=[ 0, 0, 0, 0, 1, 0, 1, 0 ]
INVOLUTION_EXCLUSION id=[ 256, 53756 ] d=5 zrank=2 witness=[ 0, 0, 0, 0, 1, 0, 0, 0 ]
INVOLUTION_EXCLUSION id=[ 256, 53757 ] d=5 zrank=2 witness=[ 0, 0, 0, 0, 1, 0, 0, 0 ]
INVOLUTION_EXCLUSION id=[ 256, 53758 ] d=5 zrank=2 witness=[ 0, 0, 0, 0, 1, 0, 0, 0 ]
INVOLUTION_EXCLUSION id=[ 256, 53759 ] d=5 zrank=2 witness=[ 0, 0, 0, 0, 1, 0, 0, 0 ]
INVOLUTION_EXCLUSION id=[ 256, 53760 ] d=5 zrank=2 witness=[ 0, 0, 0, 0, 1, 0, 0, 0 ]
INVOLUTION_EXCLUSION id=[ 256, 53761 ] d=5 zrank=2 witness=[ 0, 0, 0, 0, 1, 0, 0, 0 ]
INVOLUTION_EXCLUSION id=[ 256, 53770 ] d=5 zrank=2 witness=[ 0, 0, 0, 0, 1, 0, 1, 0 ]
INVOLUTION_EXCLUSION id=[ 256, 53778 ] d=5 zrank=2 witness=[ 0, 0, 0, 0, 1, 0, 1, 0 ]
INVOLUTION_EXCLUSION id=[ 256, 53785 ] d=5 zrank=2 witness=[ 0, 0, 0, 0, 1, 0, 1, 0 ]
INVOLUTION_EXCLUSION id=[ 256, 53786 ] d=5 zrank=2 witness=[ 0, 0, 0, 0, 1, 0, 0, 0 ]
INVOLUTION_EXCLUSION id=[ 256, 53787 ] d=5 zrank=2 witness=[ 0, 0, 0, 0, 1, 0, 0, 0 ]
INVOLUTION_EXCLUSION id=[ 256, 53788 ] d=5 zrank=2 witness=[ 0, 0, 0, 0, 1, 0, 0, 0 ]
INVOLUTION_EXCLUSION id=[ 256, 53789 ] d=5 zrank=2 witness=[ 0, 0, 0, 0, 1, 0, 0, 0 ]
INVOLUTION_EXCLUSION id=[ 256, 53790 ] d=5 zrank=2 witness=[ 0, 0, 0, 0, 1, 0, 0, 0 ]
INVOLUTION_EXCLUSION id=[ 256, 53791 ] d=5 zrank=2 witness=[ 0, 0, 0, 0, 1, 0, 1, 0 ]
INVOLUTION_EXCLUSION id=[ 256, 53792 ] d=5 zrank=2 witness=[ 0, 0, 0, 0, 1, 0, 1, 0 ]
INVOLUTION_EXCLUSION id=[ 256, 53793 ] d=5 zrank=2 witness=[ 0, 0, 0, 0, 1, 0, 1, 0 ]
INVOLUTION_EXCLUSION id=[ 256, 53794 ] d=5 zrank=2 witness=[ 0, 0, 0, 0, 1, 0, 0, 0 ]
INVOLUTION_EXCLUSION id=[ 256, 53795 ] d=5 zrank=2 witness=[ 0, 0, 0, 0, 1, 0, 0, 0 ]
INVOLUTION_EXCLUSION id=[ 256, 53796 ] d=5 zrank=2 witness=[ 0, 0, 0, 0, 1, 0, 1, 0 ]
INVOLUTION_EXCLUSION id=[ 256, 53797 ] d=5 zrank=2 witness=[ 0, 0, 0, 0, 1, 0, 1, 0 ]
INVOLUTION_EXCLUSION id=[ 256, 53798 ] d=5 zrank=2 witness=[ 0, 0, 0, 0, 1, 0, 1, 0 ]
INVOLUTION_EXCLUSION id=[ 256, 53799 ] d=5 zrank=2 witness=[ 0, 0, 0, 0, 1, 0, 0, 0 ]
INVOLUTION_EXCLUSION id=[ 256, 53800 ] d=5 zrank=2 witness=[ 0, 0, 0, 0, 1, 0, 0, 0 ]
INVOLUTION_EXCLUSION id=[ 256, 53801 ] d=5 zrank=2 witness=[ 0, 0, 0, 0, 1, 0, 0, 0 ]
INVOLUTION_EXCLUSION id=[ 256, 53802 ] d=5 zrank=2 witness=[ 0, 0, 0, 0, 1, 0, 0, 0 ]
INVOLUTION_EXCLUSION id=[ 256, 53803 ] d=5 zrank=2 witness=[ 0, 0, 0, 0, 1, 0, 0, 0 ]
INVOLUTION_EXCLUSION id=[ 256, 53804 ] d=5 zrank=2 witness=[ 0, 0, 0, 0, 1, 0, 0, 0 ]
INVOLUTION_EXCLUSION id=[ 256, 53805 ] d=5 zrank=2 witness=[ 0, 0, 0, 0, 1, 0, 0, 0 ]
INVOLUTION_EXCLUSION id=[ 256, 53806 ] d=5 zrank=2 witness=[ 0, 0, 0, 0, 1, 0, 0, 0 ]
INVOLUTION_EXCLUSION id=[ 256, 53807 ] d=5 zrank=2 witness=[ 0, 0, 0, 0, 1, 0, 0, 0 ]
INVOLUTION_EXCLUSION id=[ 256, 53808 ] d=5 zrank=2 witness=[ 0, 0, 0, 0, 1, 0, 0, 0 ]
INVOLUTION_EXCLUSION id=[ 256, 53809 ] d=5 zrank=2 witness=[ 0, 0, 0, 0, 1, 0, 0, 0 ]
INVOLUTION_EXCLUSION id=[ 256, 53810 ] d=5 zrank=2 witness=[ 0, 0, 0, 0, 1, 0, 1, 0 ]
INVOLUTION_EXCLUSION id=[ 256, 53811 ] d=5 zrank=2 witness=[ 0, 0, 0, 0, 1, 0, 1, 0 ]
INVOLUTION_EXCLUSION id=[ 256, 53812 ] d=5 zrank=2 witness=[ 0, 0, 0, 0, 1, 0, 1, 0 ]
INVOLUTION_EXCLUSION id=[ 256, 53813 ] d=5 zrank=2 witness=[ 0, 0, 0, 0, 1, 0, 0, 0 ]
INVOLUTION_EXCLUSION id=[ 256, 53814 ] d=5 zrank=2 witness=[ 0, 0, 0, 0, 1, 0, 0, 0 ]
INVOLUTION_EXCLUSION id=[ 256, 53815 ] d=5 zrank=2 witness=[ 0, 0, 0, 0, 1, 0, 0, 0 ]
INVOLUTION_EXCLUSION id=[ 256, 53816 ] d=5 zrank=2 witness=[ 0, 0, 0, 0, 1, 0, 0, 0 ]
INVOLUTION_EXCLUSION id=[ 256, 53817 ] d=5 zrank=2 witness=[ 0, 0, 0, 0, 1, 0, 1, 0 ]
INVOLUTION_EXCLUSION id=[ 256, 53818 ] d=5 zrank=2 witness=[ 0, 0, 0, 0, 1, 0, 1, 0 ]
INVOLUTION_EXCLUSION id=[ 256, 53819 ] d=5 zrank=2 witness=[ 0, 0, 0, 0, 1, 0, 1, 0 ]
INVOLUTION_EXCLUSION id=[ 256, 53820 ] d=5 zrank=2 witness=[ 0, 0, 0, 0, 1, 0, 0, 0 ]
INVOLUTION_EXCLUSION id=[ 256, 53821 ] d=5 zrank=2 witness=[ 0, 0, 0, 0, 1, 0, 0, 0 ]
INVOLUTION_EXCLUSION id=[ 256, 53822 ] d=5 zrank=2 witness=[ 0, 0, 0, 0, 1, 0, 0, 0 ]
INVOLUTION_EXCLUSION id=[ 256, 53823 ] d=5 zrank=2 witness=[ 0, 0, 0, 0, 1, 0, 0, 0 ]
INVOLUTION_EXCLUSION id=[ 256, 53824 ] d=5 zrank=2 witness=[ 0, 0, 0, 0, 1, 0, 0, 0 ]
INVOLUTION_EXCLUSION id=[ 256, 53825 ] d=5 zrank=2 witness=[ 0, 0, 0, 0, 1, 0, 0, 0 ]
INVOLUTION_EXCLUSION id=[ 256, 53834 ] d=5 zrank=2 witness=[ 0, 0, 0, 0, 1, 0, 1, 0 ]
INVOLUTION_EXCLUSION id=[ 256, 53842 ] d=5 zrank=2 witness=[ 0, 0, 0, 0, 1, 0, 1, 0 ]
INVOLUTION_EXCLUSION id=[ 256, 53847 ] d=5 zrank=2 witness=[ 0, 0, 0, 0, 1, 0, 1, 0 ]
INVOLUTION_EXCLUSION id=[ 256, 53848 ] d=5 zrank=2 witness=[ 0, 0, 0, 0, 1, 0, 0, 0 ]
INVOLUTION_EXCLUSION id=[ 256, 53849 ] d=5 zrank=2 witness=[ 0, 0, 0, 0, 1, 0, 0, 0 ]
INVOLUTION_EXCLUSION id=[ 256, 53850 ] d=5 zrank=2 witness=[ 0, 0, 0, 0, 1, 0, 0, 0 ]
INVOLUTION_EXCLUSION id=[ 256, 53851 ] d=5 zrank=2 witness=[ 0, 0, 0, 0, 1, 0, 0, 0 ]
INVOLUTION_EXCLUSION id=[ 256, 53852 ] d=5 zrank=2 witness=[ 0, 0, 0, 0, 1, 0, 1, 0 ]
INVOLUTION_EXCLUSION id=[ 256, 53853 ] d=5 zrank=2 witness=[ 0, 0, 0, 0, 1, 0, 1, 0 ]
INVOLUTION_EXCLUSION id=[ 256, 53854 ] d=5 zrank=2 witness=[ 0, 0, 0, 0, 1, 0, 1, 0 ]
INVOLUTION_EXCLUSION id=[ 256, 53855 ] d=5 zrank=2 witness=[ 0, 0, 0, 0, 1, 0, 0, 0 ]
INVOLUTION_EXCLUSION id=[ 256, 53856 ] d=5 zrank=2 witness=[ 0, 0, 0, 0, 1, 0, 1, 0 ]
INVOLUTION_EXCLUSION id=[ 256, 53857 ] d=5 zrank=2 witness=[ 0, 0, 0, 0, 1, 0, 1, 0 ]
INVOLUTION_EXCLUSION id=[ 256, 53858 ] d=5 zrank=2 witness=[ 0, 0, 0, 0, 1, 0, 1, 0 ]
INVOLUTION_EXCLUSION id=[ 256, 53859 ] d=5 zrank=2 witness=[ 0, 0, 0, 0, 1, 0, 0, 0 ]
INVOLUTION_EXCLUSION id=[ 256, 53860 ] d=5 zrank=2 witness=[ 0, 0, 0, 0, 1, 0, 0, 0 ]
INVOLUTION_EXCLUSION id=[ 256, 53861 ] d=5 zrank=2 witness=[ 0, 0, 0, 0, 1, 0, 0, 0 ]
INVOLUTION_EXCLUSION id=[ 256, 53862 ] d=5 zrank=2 witness=[ 0, 0, 0, 0, 1, 0, 0, 0 ]
INVOLUTION_EXCLUSION id=[ 256, 53863 ] d=5 zrank=2 witness=[ 0, 0, 0, 0, 1, 0, 0, 0 ]
INVOLUTION_EXCLUSION id=[ 256, 53864 ] d=5 zrank=2 witness=[ 0, 0, 0, 0, 1, 0, 0, 0 ]
INVOLUTION_EXCLUSION id=[ 256, 53865 ] d=5 zrank=2 witness=[ 0, 0, 0, 0, 1, 0, 0, 0 ]
INVOLUTION_EXCLUSION id=[ 256, 53866 ] d=5 zrank=2 witness=[ 0, 0, 0, 0, 1, 0, 0, 0 ]
INVOLUTION_EXCLUSION id=[ 256, 53867 ] d=5 zrank=2 witness=[ 0, 0, 0, 0, 1, 0, 0, 0 ]
INVOLUTION_EXCLUSION id=[ 256, 53868 ] d=5 zrank=2 witness=[ 0, 0, 0, 0, 1, 0, 1, 0 ]
INVOLUTION_EXCLUSION id=[ 256, 53869 ] d=5 zrank=2 witness=[ 0, 0, 0, 0, 1, 0, 1, 0 ]
INVOLUTION_EXCLUSION id=[ 256, 53870 ] d=5 zrank=2 witness=[ 0, 0, 0, 0, 1, 0, 1, 0 ]
INVOLUTION_EXCLUSION id=[ 256, 53871 ] d=5 zrank=2 witness=[ 0, 0, 0, 0, 1, 0, 0, 0 ]
INVOLUTION_EXCLUSION id=[ 256, 53872 ] d=5 zrank=2 witness=[ 0, 0, 0, 0, 1, 0, 0, 0 ]
INVOLUTION_EXCLUSION id=[ 256, 53873 ] d=5 zrank=2 witness=[ 0, 0, 0, 0, 1, 0, 0, 0 ]
INVOLUTION_EXCLUSION id=[ 256, 53874 ] d=5 zrank=2 witness=[ 0, 0, 0, 0, 1, 0, 1, 0 ]
INVOLUTION_EXCLUSION id=[ 256, 53875 ] d=5 zrank=2 witness=[ 0, 0, 0, 0, 1, 0, 1, 0 ]
INVOLUTION_EXCLUSION id=[ 256, 53876 ] d=5 zrank=2 witness=[ 0, 0, 0, 0, 1, 0, 0, 0 ]
INVOLUTION_EXCLUSION id=[ 256, 53877 ] d=5 zrank=2 witness=[ 0, 0, 0, 0, 1, 0, 0, 0 ]
INVOLUTION_EXCLUSION id=[ 256, 53878 ] d=5 zrank=2 witness=[ 0, 0, 0, 0, 1, 0, 0, 0 ]
INVOLUTION_EXCLUSION id=[ 256, 53879 ] d=5 zrank=2 witness=[ 0, 0, 0, 0, 1, 0, 0, 0 ]
INVOLUTION_EXCLUSION id=[ 256, 53880 ] d=5 zrank=2 witness=[ 0, 0, 0, 0, 1, 0, 0, 0 ]
INVOLUTION_EXCLUSION id=[ 256, 53881 ] d=5 zrank=2 witness=[ 0, 0, 0, 0, 1, 0, 0, 0 ]
INVOLUTION_EXCLUSION id=[ 256, 53888 ] d=5 zrank=2 witness=[ 0, 0, 0, 0, 1, 0, 1, 0 ]
INVOLUTION_EXCLUSION id=[ 256, 53895 ] d=5 zrank=2 witness=[ 0, 0, 0, 0, 1, 0, 1, 0 ]
INVOLUTION_EXCLUSION id=[ 256, 53903 ] d=5 zrank=2 witness=[ 0, 0, 0, 0, 1, 0, 1, 0 ]
INVOLUTION_EXCLUSION id=[ 256, 53904 ] d=5 zrank=2 witness=[ 0, 0, 0, 0, 1, 0, 0, 0 ]
INVOLUTION_EXCLUSION id=[ 256, 53905 ] d=5 zrank=2 witness=[ 0, 0, 0, 0, 1, 0, 0, 0 ]
INVOLUTION_EXCLUSION id=[ 256, 53906 ] d=5 zrank=2 witness=[ 0, 0, 0, 0, 1, 0, 0, 0 ]
INVOLUTION_EXCLUSION id=[ 256, 53907 ] d=5 zrank=2 witness=[ 0, 0, 0, 0, 1, 0, 0, 0 ]
INVOLUTION_EXCLUSION id=[ 256, 53908 ] d=5 zrank=2 witness=[ 0, 0, 0, 0, 1, 0, 0, 0 ]
INVOLUTION_EXCLUSION id=[ 256, 53909 ] d=5 zrank=2 witness=[ 0, 0, 0, 0, 1, 0, 0, 0 ]
INVOLUTION_EXCLUSION id=[ 256, 53910 ] d=5 zrank=2 witness=[ 0, 0, 0, 0, 1, 0, 0, 0 ]
INVOLUTION_EXCLUSION id=[ 256, 53911 ] d=5 zrank=2 witness=[ 0, 0, 0, 0, 1, 0, 0, 0 ]
INVOLUTION_EXCLUSION id=[ 256, 53912 ] d=5 zrank=2 witness=[ 0, 0, 0, 0, 1, 0, 0, 0 ]
INVOLUTION_EXCLUSION id=[ 256, 53913 ] d=5 zrank=2 witness=[ 0, 0, 0, 0, 1, 0, 0, 0 ]
INVOLUTION_EXCLUSION id=[ 256, 53914 ] d=5 zrank=2 witness=[ 0, 0, 0, 0, 1, 0, 0, 0 ]
INVOLUTION_EXCLUSION id=[ 256, 53915 ] d=5 zrank=2 witness=[ 0, 0, 0, 0, 1, 0, 0, 0 ]
INVOLUTION_EXCLUSION id=[ 256, 53916 ] d=5 zrank=2 witness=[ 0, 0, 0, 0, 1, 0, 1, 0 ]
INVOLUTION_EXCLUSION id=[ 256, 53917 ] d=5 zrank=2 witness=[ 0, 0, 0, 0, 1, 0, 1, 0 ]
INVOLUTION_EXCLUSION id=[ 256, 53918 ] d=5 zrank=2 witness=[ 0, 0, 0, 0, 1, 0, 1, 0 ]
INVOLUTION_EXCLUSION id=[ 256, 53919 ] d=5 zrank=2 witness=[ 0, 0, 0, 0, 1, 0, 1, 0 ]
INVOLUTION_EXCLUSION id=[ 256, 53920 ] d=5 zrank=2 witness=[ 0, 0, 0, 0, 1, 0, 1, 0 ]
INVOLUTION_EXCLUSION id=[ 256, 53921 ] d=5 zrank=2 witness=[ 0, 0, 0, 0, 1, 0, 1, 0 ]
INVOLUTION_EXCLUSION id=[ 256, 53922 ] d=5 zrank=2 witness=[ 0, 0, 0, 0, 1, 0, 0, 0 ]
INVOLUTION_EXCLUSION id=[ 256, 53923 ] d=5 zrank=2 witness=[ 0, 0, 0, 0, 1, 0, 0, 0 ]
INVOLUTION_EXCLUSION id=[ 256, 53924 ] d=5 zrank=2 witness=[ 0, 0, 0, 0, 1, 0, 0, 0 ]
INVOLUTION_EXCLUSION id=[ 256, 53925 ] d=5 zrank=2 witness=[ 0, 0, 0, 0, 1, 0, 0, 0 ]
INVOLUTION_EXCLUSION id=[ 256, 53926 ] d=5 zrank=2 witness=[ 0, 0, 0, 0, 1, 0, 0, 0 ]
INVOLUTION_EXCLUSION id=[ 256, 53927 ] d=5 zrank=2 witness=[ 0, 0, 0, 0, 1, 0, 0, 0 ]
INVOLUTION_EXCLUSION id=[ 256, 53928 ] d=5 zrank=2 witness=[ 0, 0, 0, 1, 0, 0, 0, 0 ]
INVOLUTION_EXCLUSION id=[ 256, 53929 ] d=5 zrank=2 witness=[ 0, 0, 0, 1, 0, 0, 0, 0 ]
INVOLUTION_EXCLUSION id=[ 256, 53930 ] d=5 zrank=2 witness=[ 0, 0, 0, 1, 0, 0, 0, 0 ]
INVOLUTION_EXCLUSION id=[ 256, 53931 ] d=5 zrank=2 witness=[ 0, 0, 0, 1, 0, 0, 0, 0 ]
INVOLUTION_EXCLUSION id=[ 256, 53932 ] d=5 zrank=2 witness=[ 0, 0, 0, 1, 0, 0, 1, 0 ]
INVOLUTION_EXCLUSION id=[ 256, 53933 ] d=5 zrank=2 witness=[ 0, 0, 0, 1, 0, 0, 0, 0 ]
INVOLUTION_EXCLUSION id=[ 256, 53934 ] d=5 zrank=2 witness=[ 0, 0, 0, 1, 0, 0, 0, 0 ]
INVOLUTION_EXCLUSION id=[ 256, 53935 ] d=5 zrank=2 witness=[ 0, 0, 0, 1, 0, 0, 0, 0 ]
INVOLUTION_EXCLUSION id=[ 256, 53936 ] d=5 zrank=2 witness=[ 0, 0, 0, 1, 0, 0, 1, 0 ]
INVOLUTION_EXCLUSION id=[ 256, 53937 ] d=5 zrank=2 witness=[ 0, 0, 0, 1, 0, 0, 0, 0 ]
INVOLUTION_EXCLUSION id=[ 256, 53938 ] d=5 zrank=2 witness=[ 0, 0, 0, 1, 0, 0, 0, 0 ]
INVOLUTION_EXCLUSION id=[ 256, 53939 ] d=5 zrank=2 witness=[ 0, 0, 0, 1, 0, 0, 0, 0 ]
INVOLUTION_EXCLUSION id=[ 256, 53940 ] d=5 zrank=2 witness=[ 0, 0, 0, 1, 0, 0, 0, 0 ]
INVOLUTION_EXCLUSION id=[ 256, 53941 ] d=5 zrank=2 witness=[ 0, 0, 0, 1, 0, 0, 1, 0 ]
INVOLUTION_EXCLUSION id=[ 256, 53942 ] d=5 zrank=2 witness=[ 0, 0, 0, 1, 0, 0, 1, 0 ]
INVOLUTION_EXCLUSION id=[ 256, 53943 ] d=5 zrank=2 witness=[ 0, 0, 0, 1, 0, 0, 0, 0 ]
INVOLUTION_EXCLUSION id=[ 256, 53944 ] d=5 zrank=2 witness=[ 0, 0, 0, 1, 0, 0, 0, 0 ]
INVOLUTION_EXCLUSION id=[ 256, 53945 ] d=5 zrank=2 witness=[ 0, 0, 0, 1, 0, 0, 0, 0 ]
INVOLUTION_EXCLUSION id=[ 256, 53946 ] d=5 zrank=2 witness=[ 0, 0, 0, 1, 0, 0, 0, 0 ]
INVOLUTION_EXCLUSION id=[ 256, 53947 ] d=5 zrank=2 witness=[ 0, 0, 0, 1, 0, 0, 0, 0 ]
INVOLUTION_EXCLUSION id=[ 256, 53948 ] d=5 zrank=2 witness=[ 0, 0, 0, 1, 0, 0, 0, 0 ]
INVOLUTION_EXCLUSION id=[ 256, 53949 ] d=5 zrank=2 witness=[ 0, 0, 0, 1, 0, 0, 1, 0 ]
INVOLUTION_EXCLUSION id=[ 256, 53950 ] d=5 zrank=2 witness=[ 0, 0, 0, 1, 0, 0, 1, 0 ]
INVOLUTION_EXCLUSION id=[ 256, 53951 ] d=5 zrank=2 witness=[ 0, 0, 0, 1, 0, 0, 1, 0 ]
INVOLUTION_EXCLUSION id=[ 256, 53952 ] d=5 zrank=2 witness=[ 0, 0, 0, 1, 0, 0, 0, 0 ]
INVOLUTION_EXCLUSION id=[ 256, 53953 ] d=5 zrank=2 witness=[ 0, 0, 0, 1, 0, 0, 0, 0 ]
INVOLUTION_EXCLUSION id=[ 256, 53954 ] d=5 zrank=2 witness=[ 0, 0, 0, 1, 0, 0, 0, 0 ]
INVOLUTION_EXCLUSION id=[ 256, 53955 ] d=5 zrank=2 witness=[ 0, 0, 0, 1, 0, 0, 1, 0 ]
INVOLUTION_EXCLUSION id=[ 256, 53956 ] d=5 zrank=2 witness=[ 0, 0, 0, 1, 0, 0, 0, 0 ]
INVOLUTION_EXCLUSION id=[ 256, 53957 ] d=5 zrank=2 witness=[ 0, 0, 0, 1, 0, 0, 0, 0 ]
INVOLUTION_EXCLUSION id=[ 256, 53958 ] d=5 zrank=2 witness=[ 0, 0, 0, 1, 0, 0, 0, 0 ]
INVOLUTION_EXCLUSION id=[ 256, 53959 ] d=5 zrank=2 witness=[ 0, 0, 0, 1, 0, 0, 0, 0 ]
INVOLUTION_EXCLUSION id=[ 256, 53960 ] d=5 zrank=2 witness=[ 0, 0, 0, 1, 0, 0, 1, 0 ]
INVOLUTION_EXCLUSION id=[ 256, 53961 ] d=5 zrank=2 witness=[ 0, 0, 0, 1, 0, 0, 0, 0 ]
INVOLUTION_EXCLUSION id=[ 256, 53962 ] d=5 zrank=2 witness=[ 0, 0, 0, 1, 0, 0, 0, 0 ]
INVOLUTION_EXCLUSION id=[ 256, 53963 ] d=5 zrank=2 witness=[ 0, 0, 0, 1, 0, 0, 0, 0 ]
INVOLUTION_EXCLUSION id=[ 256, 53964 ] d=5 zrank=2 witness=[ 0, 0, 0, 1, 0, 0, 0, 0 ]
INVOLUTION_EXCLUSION id=[ 256, 53965 ] d=5 zrank=2 witness=[ 0, 0, 0, 1, 0, 0, 0, 0 ]
INVOLUTION_EXCLUSION id=[ 256, 53966 ] d=5 zrank=2 witness=[ 0, 0, 0, 1, 0, 0, 0, 0 ]
INVOLUTION_EXCLUSION id=[ 256, 53967 ] d=5 zrank=2 witness=[ 0, 0, 0, 1, 0, 0, 0, 0 ]
INVOLUTION_EXCLUSION id=[ 256, 53968 ] d=5 zrank=2 witness=[ 0, 0, 0, 1, 0, 0, 0, 0 ]
INVOLUTION_EXCLUSION id=[ 256, 53969 ] d=5 zrank=2 witness=[ 0, 0, 0, 1, 0, 0, 0, 0 ]
INVOLUTION_EXCLUSION id=[ 256, 53970 ] d=5 zrank=2 witness=[ 0, 0, 0, 1, 0, 0, 0, 0 ]
INVOLUTION_EXCLUSION id=[ 256, 53971 ] d=5 zrank=2 witness=[ 0, 0, 0, 1, 0, 0, 0, 0 ]
INVOLUTION_EXCLUSION id=[ 256, 53972 ] d=5 zrank=2 witness=[ 0, 0, 0, 1, 0, 0, 1, 0 ]
INVOLUTION_EXCLUSION id=[ 256, 53973 ] d=5 zrank=2 witness=[ 0, 0, 0, 1, 0, 0, 1, 0 ]
INVOLUTION_EXCLUSION id=[ 256, 53974 ] d=5 zrank=2 witness=[ 0, 0, 0, 1, 0, 0, 1, 0 ]
INVOLUTION_EXCLUSION id=[ 256, 53975 ] d=5 zrank=2 witness=[ 0, 0, 0, 1, 0, 0, 1, 0 ]
INVOLUTION_EXCLUSION id=[ 256, 53976 ] d=5 zrank=2 witness=[ 0, 0, 0, 1, 0, 0, 0, 0 ]
INVOLUTION_EXCLUSION id=[ 256, 53977 ] d=5 zrank=2 witness=[ 0, 0, 0, 1, 0, 0, 0, 0 ]
INVOLUTION_EXCLUSION id=[ 256, 53978 ] d=5 zrank=2 witness=[ 0, 0, 0, 1, 0, 0, 0, 0 ]
INVOLUTION_EXCLUSION id=[ 256, 53979 ] d=5 zrank=2 witness=[ 0, 0, 0, 1, 0, 0, 0, 0 ]
INVOLUTION_EXCLUSION id=[ 256, 53980 ] d=5 zrank=2 witness=[ 0, 0, 0, 1, 0, 0, 0, 0 ]
INVOLUTION_EXCLUSION id=[ 256, 53981 ] d=5 zrank=2 witness=[ 0, 0, 0, 1, 0, 0, 0, 0 ]
INVOLUTION_EXCLUSION id=[ 256, 53982 ] d=5 zrank=2 witness=[ 0, 0, 0, 1, 0, 0, 0, 0 ]
INVOLUTION_EXCLUSION id=[ 256, 53983 ] d=5 zrank=2 witness=[ 0, 0, 0, 1, 0, 0, 0, 0 ]
INVOLUTION_EXCLUSION id=[ 256, 53984 ] d=5 zrank=2 witness=[ 0, 0, 0, 1, 0, 0, 1, 0 ]
INVOLUTION_EXCLUSION id=[ 256, 53985 ] d=5 zrank=2 witness=[ 0, 0, 0, 1, 0, 0, 1, 0 ]
INVOLUTION_EXCLUSION id=[ 256, 53986 ] d=5 zrank=2 witness=[ 0, 0, 0, 1, 0, 0, 1, 0 ]
INVOLUTION_EXCLUSION id=[ 256, 53987 ] d=5 zrank=2 witness=[ 0, 0, 0, 1, 0, 0, 1, 0 ]
INVOLUTION_EXCLUSION id=[ 256, 53988 ] d=5 zrank=2 witness=[ 0, 0, 0, 1, 0, 0, 0, 0 ]
INVOLUTION_EXCLUSION id=[ 256, 53989 ] d=5 zrank=2 witness=[ 0, 0, 0, 1, 0, 0, 0, 0 ]
INVOLUTION_EXCLUSION id=[ 256, 53990 ] d=5 zrank=2 witness=[ 0, 0, 0, 1, 0, 0, 0, 0 ]
INVOLUTION_EXCLUSION id=[ 256, 53991 ] d=5 zrank=2 witness=[ 0, 0, 0, 1, 0, 0, 0, 0 ]
INVOLUTION_EXCLUSION id=[ 256, 53992 ] d=5 zrank=2 witness=[ 0, 0, 0, 1, 0, 0, 0, 0 ]
INVOLUTION_EXCLUSION id=[ 256, 53993 ] d=5 zrank=2 witness=[ 0, 0, 0, 1, 0, 0, 0, 0 ]
INVOLUTION_EXCLUSION id=[ 256, 53994 ] d=5 zrank=2 witness=[ 0, 0, 0, 1, 0, 0, 0, 0 ]
INVOLUTION_EXCLUSION id=[ 256, 53995 ] d=5 zrank=2 witness=[ 0, 0, 0, 1, 0, 0, 0, 0 ]
INVOLUTION_EXCLUSION id=[ 256, 53996 ] d=5 zrank=2 witness=[ 0, 0, 0, 1, 0, 0, 0, 0 ]
INVOLUTION_EXCLUSION id=[ 256, 53997 ] d=5 zrank=2 witness=[ 0, 0, 0, 1, 0, 0, 1, 0 ]
INVOLUTION_EXCLUSION id=[ 256, 53998 ] d=5 zrank=2 witness=[ 0, 0, 0, 1, 0, 0, 0, 0 ]
INVOLUTION_EXCLUSION id=[ 256, 53999 ] d=5 zrank=2 witness=[ 0, 0, 0, 1, 0, 0, 0, 0 ]
INVOLUTION_EXCLUSION id=[ 256, 54000 ] d=5 zrank=2 witness=[ 0, 0, 0, 1, 0, 0, 0, 0 ]
PROGRESS order=256 id=54000 total=56668 elapsed_ms=129918
INVOLUTION_EXCLUSION id=[ 256, 54001 ] d=5 zrank=2 witness=[ 0, 0, 0, 1, 0, 0, 0, 0 ]
INVOLUTION_EXCLUSION id=[ 256, 54002 ] d=5 zrank=2 witness=[ 0, 0, 0, 1, 0, 0, 1, 0 ]
INVOLUTION_EXCLUSION id=[ 256, 54003 ] d=5 zrank=2 witness=[ 0, 0, 0, 1, 0, 0, 1, 0 ]
INVOLUTION_EXCLUSION id=[ 256, 54004 ] d=5 zrank=2 witness=[ 0, 0, 0, 1, 0, 0, 0, 0 ]
INVOLUTION_EXCLUSION id=[ 256, 54005 ] d=5 zrank=2 witness=[ 0, 0, 0, 1, 0, 0, 0, 0 ]
INVOLUTION_EXCLUSION id=[ 256, 54006 ] d=5 zrank=2 witness=[ 0, 0, 0, 1, 0, 0, 0, 0 ]
INVOLUTION_EXCLUSION id=[ 256, 54007 ] d=5 zrank=2 witness=[ 0, 0, 0, 1, 0, 0, 1, 0 ]
INVOLUTION_EXCLUSION id=[ 256, 54008 ] d=5 zrank=2 witness=[ 0, 0, 0, 1, 0, 0, 1, 0 ]
INVOLUTION_EXCLUSION id=[ 256, 54009 ] d=5 zrank=2 witness=[ 0, 0, 0, 1, 0, 0, 1, 0 ]
INVOLUTION_EXCLUSION id=[ 256, 54018 ] d=5 zrank=2 witness=[ 0, 0, 0, 0, 1, 1, 0, 0 ]
INVOLUTION_EXCLUSION id=[ 256, 54026 ] d=5 zrank=2 witness=[ 0, 0, 0, 0, 1, 1, 0, 0 ]
INVOLUTION_EXCLUSION id=[ 256, 54036 ] d=5 zrank=2 witness=[ 0, 0, 0, 0, 1, 1, 0, 0 ]
INVOLUTION_EXCLUSION id=[ 256, 54037 ] d=5 zrank=2 witness=[ 0, 0, 0, 0, 1, 0, 0, 0 ]
INVOLUTION_EXCLUSION id=[ 256, 54038 ] d=5 zrank=2 witness=[ 0, 0, 0, 0, 1, 0, 0, 0 ]
INVOLUTION_EXCLUSION id=[ 256, 54039 ] d=5 zrank=2 witness=[ 0, 0, 0, 0, 1, 0, 0, 0 ]
INVOLUTION_EXCLUSION id=[ 256, 54040 ] d=5 zrank=2 witness=[ 0, 0, 0, 0, 1, 0, 0, 0 ]
INVOLUTION_EXCLUSION id=[ 256, 54041 ] d=5 zrank=2 witness=[ 0, 0, 0, 0, 1, 0, 0, 0 ]
INVOLUTION_EXCLUSION id=[ 256, 54042 ] d=5 zrank=2 witness=[ 0, 0, 0, 0, 1, 0, 0, 0 ]
INVOLUTION_EXCLUSION id=[ 256, 54043 ] d=5 zrank=2 witness=[ 0, 0, 0, 0, 1, 1, 0, 0 ]
INVOLUTION_EXCLUSION id=[ 256, 54044 ] d=5 zrank=2 witness=[ 0, 0, 0, 0, 1, 1, 0, 0 ]
INVOLUTION_EXCLUSION id=[ 256, 54045 ] d=5 zrank=2 witness=[ 0, 0, 0, 0, 1, 1, 0, 0 ]
INVOLUTION_EXCLUSION id=[ 256, 54046 ] d=5 zrank=2 witness=[ 0, 0, 0, 0, 1, 0, 0, 0 ]
INVOLUTION_EXCLUSION id=[ 256, 54047 ] d=5 zrank=2 witness=[ 0, 0, 0, 0, 1, 0, 0, 0 ]
INVOLUTION_EXCLUSION id=[ 256, 54048 ] d=5 zrank=2 witness=[ 0, 0, 0, 0, 1, 0, 0, 0 ]
INVOLUTION_EXCLUSION id=[ 256, 54049 ] d=5 zrank=2 witness=[ 0, 0, 0, 0, 1, 0, 0, 0 ]
INVOLUTION_EXCLUSION id=[ 256, 54050 ] d=5 zrank=2 witness=[ 0, 0, 0, 0, 1, 1, 0, 0 ]
INVOLUTION_EXCLUSION id=[ 256, 54051 ] d=5 zrank=2 witness=[ 0, 0, 0, 0, 1, 1, 0, 0 ]
INVOLUTION_EXCLUSION id=[ 256, 54052 ] d=5 zrank=2 witness=[ 0, 0, 0, 0, 1, 1, 0, 0 ]
INVOLUTION_EXCLUSION id=[ 256, 54053 ] d=5 zrank=2 witness=[ 0, 0, 0, 0, 1, 0, 0, 0 ]
INVOLUTION_EXCLUSION id=[ 256, 54054 ] d=5 zrank=2 witness=[ 0, 0, 0, 0, 1, 0, 0, 0 ]
INVOLUTION_EXCLUSION id=[ 256, 54055 ] d=5 zrank=2 witness=[ 0, 0, 0, 0, 1, 0, 0, 0 ]
INVOLUTION_EXCLUSION id=[ 256, 54056 ] d=5 zrank=2 witness=[ 0, 0, 0, 0, 1, 0, 0, 0 ]
INVOLUTION_EXCLUSION id=[ 256, 54057 ] d=5 zrank=2 witness=[ 0, 0, 0, 0, 1, 0, 0, 0 ]
INVOLUTION_EXCLUSION id=[ 256, 54058 ] d=5 zrank=2 witness=[ 0, 0, 0, 0, 1, 0, 0, 0 ]
INVOLUTION_EXCLUSION id=[ 256, 54059 ] d=5 zrank=2 witness=[ 0, 0, 0, 0, 1, 0, 0, 0 ]
INVOLUTION_EXCLUSION id=[ 256, 54060 ] d=5 zrank=2 witness=[ 0, 0, 0, 0, 1, 0, 0, 0 ]
INVOLUTION_EXCLUSION id=[ 256, 54061 ] d=5 zrank=2 witness=[ 0, 0, 0, 0, 1, 0, 0, 0 ]
INVOLUTION_EXCLUSION id=[ 256, 54062 ] d=5 zrank=2 witness=[ 0, 0, 0, 0, 1, 0, 0, 0 ]
INVOLUTION_EXCLUSION id=[ 256, 54063 ] d=5 zrank=2 witness=[ 0, 0, 0, 0, 1, 0, 0, 0 ]
INVOLUTION_EXCLUSION id=[ 256, 54064 ] d=5 zrank=2 witness=[ 0, 0, 0, 0, 1, 0, 0, 0 ]
INVOLUTION_EXCLUSION id=[ 256, 54065 ] d=5 zrank=2 witness=[ 0, 0, 0, 0, 1, 0, 0, 0 ]
INVOLUTION_EXCLUSION id=[ 256, 54066 ] d=5 zrank=2 witness=[ 0, 0, 0, 0, 1, 0, 0, 0 ]
INVOLUTION_EXCLUSION id=[ 256, 54067 ] d=5 zrank=2 witness=[ 0, 0, 0, 0, 1, 0, 0, 0 ]
INVOLUTION_EXCLUSION id=[ 256, 54068 ] d=5 zrank=2 witness=[ 0, 0, 0, 0, 1, 0, 0, 0 ]
INVOLUTION_EXCLUSION id=[ 256, 54069 ] d=5 zrank=2 witness=[ 0, 0, 0, 0, 1, 0, 0, 0 ]
INVOLUTION_EXCLUSION id=[ 256, 54070 ] d=5 zrank=2 witness=[ 0, 0, 0, 0, 1, 1, 0, 0 ]
INVOLUTION_EXCLUSION id=[ 256, 54071 ] d=5 zrank=2 witness=[ 0, 0, 0, 0, 1, 1, 0, 0 ]
INVOLUTION_EXCLUSION id=[ 256, 54072 ] d=5 zrank=2 witness=[ 0, 0, 0, 0, 1, 0, 0, 0 ]
INVOLUTION_EXCLUSION id=[ 256, 54073 ] d=5 zrank=2 witness=[ 0, 0, 0, 0, 1, 0, 0, 0 ]
INVOLUTION_EXCLUSION id=[ 256, 54074 ] d=5 zrank=2 witness=[ 0, 0, 0, 0, 1, 0, 0, 0 ]
INVOLUTION_EXCLUSION id=[ 256, 54075 ] d=5 zrank=2 witness=[ 0, 0, 0, 0, 1, 1, 0, 0 ]
INVOLUTION_EXCLUSION id=[ 256, 54076 ] d=5 zrank=2 witness=[ 0, 0, 0, 0, 1, 1, 0, 0 ]
INVOLUTION_EXCLUSION id=[ 256, 54077 ] d=5 zrank=2 witness=[ 0, 0, 0, 0, 1, 1, 0, 0 ]
INVOLUTION_EXCLUSION id=[ 256, 54078 ] d=5 zrank=2 witness=[ 0, 0, 0, 0, 1, 1, 0, 0 ]
INVOLUTION_EXCLUSION id=[ 256, 54079 ] d=5 zrank=2 witness=[ 0, 0, 0, 0, 1, 1, 0, 0 ]
INVOLUTION_EXCLUSION id=[ 256, 54080 ] d=5 zrank=2 witness=[ 0, 0, 0, 0, 1, 0, 0, 0 ]
INVOLUTION_EXCLUSION id=[ 256, 54081 ] d=5 zrank=2 witness=[ 0, 0, 0, 0, 1, 0, 0, 0 ]
INVOLUTION_EXCLUSION id=[ 256, 54082 ] d=5 zrank=2 witness=[ 0, 0, 0, 0, 1, 0, 0, 0 ]
INVOLUTION_EXCLUSION id=[ 256, 54083 ] d=5 zrank=2 witness=[ 0, 0, 0, 0, 1, 0, 0, 0 ]
INVOLUTION_EXCLUSION id=[ 256, 54084 ] d=5 zrank=2 witness=[ 0, 0, 0, 0, 1, 0, 0, 0 ]
INVOLUTION_EXCLUSION id=[ 256, 54085 ] d=5 zrank=2 witness=[ 0, 0, 0, 0, 1, 0, 0, 0 ]
INVOLUTION_EXCLUSION id=[ 256, 54086 ] d=5 zrank=2 witness=[ 0, 0, 0, 0, 0, 1, 1, 0 ]
INVOLUTION_EXCLUSION id=[ 256, 54087 ] d=5 zrank=2 witness=[ 0, 0, 0, 0, 0, 1, 1, 0 ]
INVOLUTION_EXCLUSION id=[ 256, 54088 ] d=5 zrank=1 witness=[ 0, 0, 0, 0, 0, 1, 1, 0 ]
INVOLUTION_EXCLUSION id=[ 256, 54089 ] d=5 zrank=2 witness=[ 0, 0, 0, 0, 0, 1, 1, 0 ]
INVOLUTION_EXCLUSION id=[ 256, 54090 ] d=5 zrank=2 witness=[ 0, 0, 0, 0, 0, 1, 1, 0 ]
INVOLUTION_EXCLUSION id=[ 256, 54091 ] d=5 zrank=2 witness=[ 0, 0, 0, 0, 0, 1, 1, 0 ]
INVOLUTION_EXCLUSION id=[ 256, 54092 ] d=5 zrank=2 witness=[ 0, 0, 0, 0, 0, 1, 1, 0 ]
INVOLUTION_EXCLUSION id=[ 256, 54093 ] d=5 zrank=1 witness=[ 0, 0, 0, 0, 0, 1, 1, 0 ]
INVOLUTION_EXCLUSION id=[ 256, 54094 ] d=5 zrank=1 witness=[ 0, 0, 0, 0, 0, 1, 1, 0 ]
INVOLUTION_EXCLUSION id=[ 256, 54095 ] d=5 zrank=1 witness=[ 0, 0, 0, 0, 0, 1, 1, 0 ]
INVOLUTION_EXCLUSION id=[ 256, 54096 ] d=5 zrank=1 witness=[ 0, 0, 0, 0, 0, 1, 1, 0 ]
INVOLUTION_EXCLUSION id=[ 256, 54097 ] d=5 zrank=1 witness=[ 0, 0, 0, 0, 0, 1, 1, 0 ]
INVOLUTION_EXCLUSION id=[ 256, 54098 ] d=5 zrank=1 witness=[ 0, 0, 0, 0, 0, 1, 1, 0 ]
INVOLUTION_EXCLUSION id=[ 256, 54099 ] d=5 zrank=1 witness=[ 0, 0, 0, 0, 0, 1, 1, 0 ]
INVOLUTION_EXCLUSION id=[ 256, 54112 ] d=5 zrank=2 witness=[ 0, 0, 0, 0, 1, 0, 1, 0 ]
INVOLUTION_EXCLUSION id=[ 256, 54129 ] d=5 zrank=2 witness=[ 0, 0, 0, 0, 1, 0, 1, 0 ]
INVOLUTION_EXCLUSION id=[ 256, 54142 ] d=5 zrank=2 witness=[ 0, 0, 0, 0, 1, 0, 1, 0 ]
INVOLUTION_EXCLUSION id=[ 256, 54143 ] d=5 zrank=2 witness=[ 0, 0, 0, 0, 1, 0, 0, 0 ]
INVOLUTION_EXCLUSION id=[ 256, 54144 ] d=5 zrank=2 witness=[ 0, 0, 0, 0, 1, 0, 0, 0 ]
INVOLUTION_EXCLUSION id=[ 256, 54145 ] d=5 zrank=2 witness=[ 0, 0, 0, 0, 1, 0, 0, 0 ]
INVOLUTION_EXCLUSION id=[ 256, 54146 ] d=5 zrank=2 witness=[ 0, 0, 0, 0, 1, 0, 0, 0 ]
INVOLUTION_EXCLUSION id=[ 256, 54147 ] d=5 zrank=2 witness=[ 0, 0, 0, 0, 1, 0, 0, 0 ]
INVOLUTION_EXCLUSION id=[ 256, 54148 ] d=5 zrank=2 witness=[ 0, 0, 0, 0, 1, 0, 0, 0 ]
INVOLUTION_EXCLUSION id=[ 256, 54149 ] d=5 zrank=2 witness=[ 0, 0, 0, 0, 1, 0, 1, 0 ]
INVOLUTION_EXCLUSION id=[ 256, 54150 ] d=5 zrank=2 witness=[ 0, 0, 0, 0, 1, 0, 1, 0 ]
INVOLUTION_EXCLUSION id=[ 256, 54151 ] d=5 zrank=2 witness=[ 0, 0, 0, 0, 1, 0, 1, 0 ]
INVOLUTION_EXCLUSION id=[ 256, 54152 ] d=5 zrank=2 witness=[ 0, 0, 0, 0, 1, 0, 1, 0 ]
INVOLUTION_EXCLUSION id=[ 256, 54153 ] d=5 zrank=2 witness=[ 0, 0, 0, 0, 1, 0, 1, 0 ]
INVOLUTION_EXCLUSION id=[ 256, 54154 ] d=5 zrank=2 witness=[ 0, 0, 0, 0, 1, 0, 1, 0 ]
INVOLUTION_EXCLUSION id=[ 256, 54155 ] d=5 zrank=2 witness=[ 0, 0, 0, 0, 1, 0, 0, 0 ]
INVOLUTION_EXCLUSION id=[ 256, 54156 ] d=5 zrank=2 witness=[ 0, 0, 0, 0, 1, 0, 0, 0 ]
INVOLUTION_EXCLUSION id=[ 256, 54157 ] d=5 zrank=2 witness=[ 0, 0, 0, 0, 1, 0, 0, 0 ]
INVOLUTION_EXCLUSION id=[ 256, 54158 ] d=5 zrank=2 witness=[ 0, 0, 0, 0, 1, 0, 0, 0 ]
INVOLUTION_EXCLUSION id=[ 256, 54159 ] d=5 zrank=2 witness=[ 0, 0, 0, 0, 1, 0, 1, 0 ]
INVOLUTION_EXCLUSION id=[ 256, 54160 ] d=5 zrank=2 witness=[ 0, 0, 0, 0, 1, 0, 1, 0 ]
INVOLUTION_EXCLUSION id=[ 256, 54161 ] d=5 zrank=2 witness=[ 0, 0, 0, 0, 1, 0, 1, 0 ]
INVOLUTION_EXCLUSION id=[ 256, 54162 ] d=5 zrank=2 witness=[ 0, 0, 0, 0, 1, 0, 1, 0 ]
INVOLUTION_EXCLUSION id=[ 256, 54163 ] d=5 zrank=2 witness=[ 0, 0, 0, 0, 1, 0, 0, 0 ]
INVOLUTION_EXCLUSION id=[ 256, 54164 ] d=5 zrank=2 witness=[ 0, 0, 0, 0, 1, 0, 0, 0 ]
INVOLUTION_EXCLUSION id=[ 256, 54165 ] d=5 zrank=2 witness=[ 0, 0, 0, 0, 1, 0, 0, 0 ]
INVOLUTION_EXCLUSION id=[ 256, 54166 ] d=5 zrank=2 witness=[ 0, 0, 0, 0, 1, 0, 0, 0 ]
INVOLUTION_EXCLUSION id=[ 256, 54167 ] d=5 zrank=2 witness=[ 0, 0, 0, 0, 1, 0, 1, 0 ]
INVOLUTION_EXCLUSION id=[ 256, 54168 ] d=5 zrank=2 witness=[ 0, 0, 0, 0, 1, 0, 1, 0 ]
INVOLUTION_EXCLUSION id=[ 256, 54169 ] d=5 zrank=2 witness=[ 0, 0, 0, 0, 1, 0, 1, 0 ]
INVOLUTION_EXCLUSION id=[ 256, 54170 ] d=5 zrank=2 witness=[ 0, 0, 0, 0, 1, 0, 1, 0 ]
INVOLUTION_EXCLUSION id=[ 256, 54171 ] d=5 zrank=2 witness=[ 0, 0, 0, 0, 1, 0, 0, 0 ]
INVOLUTION_EXCLUSION id=[ 256, 54172 ] d=5 zrank=2 witness=[ 0, 0, 0, 0, 1, 0, 0, 0 ]
INVOLUTION_EXCLUSION id=[ 256, 54173 ] d=5 zrank=2 witness=[ 0, 0, 0, 0, 1, 0, 0, 0 ]
INVOLUTION_EXCLUSION id=[ 256, 54174 ] d=5 zrank=2 witness=[ 0, 0, 0, 0, 1, 0, 0, 0 ]
INVOLUTION_EXCLUSION id=[ 256, 54175 ] d=5 zrank=2 witness=[ 0, 0, 0, 0, 1, 0, 0, 0 ]
INVOLUTION_EXCLUSION id=[ 256, 54176 ] d=5 zrank=2 witness=[ 0, 0, 0, 0, 1, 0, 0, 0 ]
INVOLUTION_EXCLUSION id=[ 256, 54177 ] d=5 zrank=2 witness=[ 0, 0, 0, 0, 1, 0, 0, 0 ]
INVOLUTION_EXCLUSION id=[ 256, 54178 ] d=5 zrank=2 witness=[ 0, 0, 0, 0, 1, 0, 0, 0 ]
INVOLUTION_EXCLUSION id=[ 256, 54179 ] d=5 zrank=2 witness=[ 0, 0, 0, 0, 1, 0, 1, 0 ]
INVOLUTION_EXCLUSION id=[ 256, 54180 ] d=5 zrank=2 witness=[ 0, 0, 0, 0, 1, 0, 1, 0 ]
INVOLUTION_EXCLUSION id=[ 256, 54181 ] d=5 zrank=2 witness=[ 0, 0, 0, 0, 1, 0, 1, 0 ]
INVOLUTION_EXCLUSION id=[ 256, 54182 ] d=5 zrank=2 witness=[ 0, 0, 0, 0, 1, 0, 1, 0 ]
INVOLUTION_EXCLUSION id=[ 256, 54183 ] d=5 zrank=2 witness=[ 0, 0, 0, 0, 1, 0, 1, 0 ]
INVOLUTION_EXCLUSION id=[ 256, 54184 ] d=5 zrank=2 witness=[ 0, 0, 0, 0, 1, 0, 1, 0 ]
INVOLUTION_EXCLUSION id=[ 256, 54185 ] d=5 zrank=2 witness=[ 0, 0, 0, 0, 1, 0, 1, 0 ]
INVOLUTION_EXCLUSION id=[ 256, 54186 ] d=5 zrank=2 witness=[ 0, 0, 0, 0, 1, 0, 1, 0 ]
INVOLUTION_EXCLUSION id=[ 256, 54187 ] d=5 zrank=2 witness=[ 0, 0, 0, 0, 1, 0, 0, 0 ]
INVOLUTION_EXCLUSION id=[ 256, 54188 ] d=5 zrank=2 witness=[ 0, 0, 0, 0, 1, 0, 0, 0 ]
INVOLUTION_EXCLUSION id=[ 256, 54189 ] d=5 zrank=2 witness=[ 0, 0, 0, 0, 1, 0, 0, 0 ]
INVOLUTION_EXCLUSION id=[ 256, 54190 ] d=5 zrank=2 witness=[ 0, 0, 0, 0, 1, 0, 0, 0 ]
INVOLUTION_EXCLUSION id=[ 256, 54191 ] d=5 zrank=2 witness=[ 0, 0, 0, 0, 1, 0, 0, 0 ]
INVOLUTION_EXCLUSION id=[ 256, 54192 ] d=5 zrank=2 witness=[ 0, 0, 0, 0, 1, 0, 0, 0 ]
INVOLUTION_EXCLUSION id=[ 256, 54193 ] d=5 zrank=2 witness=[ 0, 0, 0, 0, 1, 0, 1, 0 ]
INVOLUTION_EXCLUSION id=[ 256, 54194 ] d=5 zrank=2 witness=[ 0, 0, 0, 0, 1, 0, 1, 0 ]
INVOLUTION_EXCLUSION id=[ 256, 54195 ] d=5 zrank=2 witness=[ 0, 0, 0, 0, 1, 0, 1, 0 ]
INVOLUTION_EXCLUSION id=[ 256, 54196 ] d=5 zrank=2 witness=[ 0, 0, 0, 0, 1, 0, 1, 0 ]
INVOLUTION_EXCLUSION id=[ 256, 54197 ] d=5 zrank=2 witness=[ 0, 0, 0, 0, 1, 0, 1, 0 ]
INVOLUTION_EXCLUSION id=[ 256, 54198 ] d=5 zrank=2 witness=[ 0, 0, 0, 0, 1, 0, 1, 0 ]
INVOLUTION_EXCLUSION id=[ 256, 54199 ] d=5 zrank=2 witness=[ 0, 0, 0, 0, 1, 0, 0, 0 ]
INVOLUTION_EXCLUSION id=[ 256, 54200 ] d=5 zrank=2 witness=[ 0, 0, 0, 0, 1, 0, 0, 0 ]
INVOLUTION_EXCLUSION id=[ 256, 54201 ] d=5 zrank=2 witness=[ 0, 0, 0, 0, 1, 0, 0, 0 ]
INVOLUTION_EXCLUSION id=[ 256, 54202 ] d=5 zrank=2 witness=[ 0, 0, 0, 0, 1, 0, 0, 0 ]
INVOLUTION_EXCLUSION id=[ 256, 54203 ] d=5 zrank=2 witness=[ 0, 0, 0, 0, 1, 0, 1, 0 ]
INVOLUTION_EXCLUSION id=[ 256, 54204 ] d=5 zrank=2 witness=[ 0, 0, 0, 0, 1, 0, 1, 0 ]
INVOLUTION_EXCLUSION id=[ 256, 54205 ] d=5 zrank=2 witness=[ 0, 0, 0, 0, 1, 0, 1, 0 ]
INVOLUTION_EXCLUSION id=[ 256, 54206 ] d=5 zrank=2 witness=[ 0, 0, 0, 0, 1, 0, 0, 0 ]
INVOLUTION_EXCLUSION id=[ 256, 54207 ] d=5 zrank=2 witness=[ 0, 0, 0, 0, 1, 0, 0, 0 ]
INVOLUTION_EXCLUSION id=[ 256, 54208 ] d=5 zrank=2 witness=[ 0, 0, 0, 0, 1, 0, 0, 0 ]
INVOLUTION_EXCLUSION id=[ 256, 54209 ] d=5 zrank=2 witness=[ 0, 0, 0, 0, 1, 0, 0, 0 ]
INVOLUTION_EXCLUSION id=[ 256, 54210 ] d=5 zrank=2 witness=[ 0, 0, 0, 0, 1, 0, 1, 0 ]
INVOLUTION_EXCLUSION id=[ 256, 54211 ] d=5 zrank=2 witness=[ 0, 0, 0, 0, 1, 0, 1, 0 ]
INVOLUTION_EXCLUSION id=[ 256, 54212 ] d=5 zrank=2 witness=[ 0, 0, 0, 0, 1, 0, 1, 0 ]
INVOLUTION_EXCLUSION id=[ 256, 54222 ] d=5 zrank=2 witness=[ 0, 0, 0, 0, 1, 0, 1, 0 ]
INVOLUTION_EXCLUSION id=[ 256, 54231 ] d=5 zrank=2 witness=[ 0, 0, 0, 0, 1, 0, 1, 0 ]
INVOLUTION_EXCLUSION id=[ 256, 54239 ] d=5 zrank=2 witness=[ 0, 0, 0, 0, 1, 0, 1, 0 ]
INVOLUTION_EXCLUSION id=[ 256, 54240 ] d=5 zrank=2 witness=[ 0, 0, 0, 0, 1, 0, 0, 0 ]
INVOLUTION_EXCLUSION id=[ 256, 54241 ] d=5 zrank=2 witness=[ 0, 0, 0, 0, 1, 0, 0, 0 ]
INVOLUTION_EXCLUSION id=[ 256, 54242 ] d=5 zrank=2 witness=[ 0, 0, 0, 0, 1, 0, 0, 0 ]
INVOLUTION_EXCLUSION id=[ 256, 54243 ] d=5 zrank=2 witness=[ 0, 0, 0, 0, 1, 0, 0, 0 ]
INVOLUTION_EXCLUSION id=[ 256, 54244 ] d=5 zrank=2 witness=[ 0, 0, 0, 0, 1, 0, 0, 0 ]
INVOLUTION_EXCLUSION id=[ 256, 54245 ] d=5 zrank=2 witness=[ 0, 0, 0, 0, 1, 0, 0, 0 ]
INVOLUTION_EXCLUSION id=[ 256, 54246 ] d=5 zrank=2 witness=[ 0, 0, 0, 0, 1, 0, 0, 0 ]
INVOLUTION_EXCLUSION id=[ 256, 54247 ] d=5 zrank=2 witness=[ 0, 0, 0, 0, 1, 0, 0, 0 ]
INVOLUTION_EXCLUSION id=[ 256, 54248 ] d=5 zrank=2 witness=[ 0, 0, 0, 0, 1, 0, 0, 0 ]
INVOLUTION_EXCLUSION id=[ 256, 54249 ] d=5 zrank=2 witness=[ 0, 0, 0, 0, 1, 0, 0, 0 ]
INVOLUTION_EXCLUSION id=[ 256, 54250 ] d=5 zrank=2 witness=[ 0, 0, 0, 0, 1, 0, 1, 0 ]
INVOLUTION_EXCLUSION id=[ 256, 54251 ] d=5 zrank=2 witness=[ 0, 0, 0, 0, 1, 0, 1, 0 ]
INVOLUTION_EXCLUSION id=[ 256, 54252 ] d=5 zrank=2 witness=[ 0, 0, 0, 0, 1, 0, 1, 0 ]
INVOLUTION_EXCLUSION id=[ 256, 54253 ] d=5 zrank=2 witness=[ 0, 0, 0, 0, 1, 0, 0, 0 ]
INVOLUTION_EXCLUSION id=[ 256, 54254 ] d=5 zrank=2 witness=[ 0, 0, 0, 0, 1, 0, 0, 0 ]
INVOLUTION_EXCLUSION id=[ 256, 54255 ] d=5 zrank=2 witness=[ 0, 0, 0, 0, 1, 0, 1, 0 ]
INVOLUTION_EXCLUSION id=[ 256, 54256 ] d=5 zrank=2 witness=[ 0, 0, 0, 0, 1, 0, 1, 0 ]
INVOLUTION_EXCLUSION id=[ 256, 54257 ] d=5 zrank=2 witness=[ 0, 0, 0, 0, 1, 0, 1, 0 ]
INVOLUTION_EXCLUSION id=[ 256, 54258 ] d=5 zrank=2 witness=[ 0, 0, 0, 0, 1, 0, 0, 0 ]
INVOLUTION_EXCLUSION id=[ 256, 54259 ] d=5 zrank=2 witness=[ 0, 0, 0, 0, 1, 0, 0, 0 ]
INVOLUTION_EXCLUSION id=[ 256, 54260 ] d=5 zrank=2 witness=[ 0, 0, 0, 0, 1, 0, 0, 0 ]
INVOLUTION_EXCLUSION id=[ 256, 54261 ] d=5 zrank=2 witness=[ 0, 0, 0, 0, 1, 0, 0, 0 ]
INVOLUTION_EXCLUSION id=[ 256, 54262 ] d=5 zrank=2 witness=[ 0, 0, 0, 0, 1, 0, 0, 0 ]
INVOLUTION_EXCLUSION id=[ 256, 54263 ] d=5 zrank=2 witness=[ 0, 0, 0, 0, 1, 0, 0, 0 ]
INVOLUTION_EXCLUSION id=[ 256, 54264 ] d=5 zrank=2 witness=[ 0, 0, 0, 0, 1, 0, 0, 0 ]
INVOLUTION_EXCLUSION id=[ 256, 54265 ] d=5 zrank=2 witness=[ 0, 0, 0, 0, 1, 0, 0, 0 ]
INVOLUTION_EXCLUSION id=[ 256, 54266 ] d=5 zrank=2 witness=[ 0, 0, 0, 0, 1, 0, 0, 0 ]
INVOLUTION_EXCLUSION id=[ 256, 54267 ] d=5 zrank=2 witness=[ 0, 0, 0, 0, 1, 0, 0, 0 ]
INVOLUTION_EXCLUSION id=[ 256, 54268 ] d=5 zrank=2 witness=[ 0, 0, 0, 0, 1, 0, 0, 0 ]
INVOLUTION_EXCLUSION id=[ 256, 54269 ] d=5 zrank=2 witness=[ 0, 0, 0, 0, 1, 0, 0, 0 ]
INVOLUTION_EXCLUSION id=[ 256, 54270 ] d=5 zrank=2 witness=[ 0, 0, 0, 0, 1, 0, 0, 0 ]
INVOLUTION_EXCLUSION id=[ 256, 54271 ] d=5 zrank=2 witness=[ 0, 0, 0, 0, 1, 0, 0, 0 ]
INVOLUTION_EXCLUSION id=[ 256, 54272 ] d=5 zrank=2 witness=[ 0, 0, 0, 0, 1, 0, 0, 0 ]
INVOLUTION_EXCLUSION id=[ 256, 54273 ] d=5 zrank=2 witness=[ 0, 0, 0, 0, 1, 0, 0, 0 ]
INVOLUTION_EXCLUSION id=[ 256, 54274 ] d=5 zrank=2 witness=[ 0, 0, 0, 0, 1, 0, 0, 0 ]
INVOLUTION_EXCLUSION id=[ 256, 54275 ] d=5 zrank=2 witness=[ 0, 0, 0, 0, 1, 0, 1, 0 ]
INVOLUTION_EXCLUSION id=[ 256, 54276 ] d=5 zrank=2 witness=[ 0, 0, 0, 0, 1, 0, 1, 0 ]
INVOLUTION_EXCLUSION id=[ 256, 54277 ] d=5 zrank=2 witness=[ 0, 0, 0, 0, 1, 0, 1, 0 ]
INVOLUTION_EXCLUSION id=[ 256, 54278 ] d=5 zrank=2 witness=[ 0, 0, 0, 0, 1, 0, 1, 0 ]
INVOLUTION_EXCLUSION id=[ 256, 54279 ] d=5 zrank=2 witness=[ 0, 0, 0, 0, 1, 0, 0, 0 ]
INVOLUTION_EXCLUSION id=[ 256, 54280 ] d=5 zrank=2 witness=[ 0, 0, 0, 0, 1, 0, 0, 0 ]
INVOLUTION_EXCLUSION id=[ 256, 54281 ] d=5 zrank=2 witness=[ 0, 0, 0, 0, 1, 0, 0, 0 ]
INVOLUTION_EXCLUSION id=[ 256, 54282 ] d=5 zrank=2 witness=[ 0, 0, 0, 0, 1, 0, 1, 0 ]
INVOLUTION_EXCLUSION id=[ 256, 54291 ] d=5 zrank=2 witness=[ 0, 0, 0, 0, 1, 0, 1, 0 ]
INVOLUTION_EXCLUSION id=[ 256, 54304 ] d=5 zrank=2 witness=[ 0, 0, 0, 0, 1, 0, 1, 0 ]
INVOLUTION_EXCLUSION id=[ 256, 54305 ] d=5 zrank=2 witness=[ 0, 0, 0, 0, 1, 0, 0, 0 ]
INVOLUTION_EXCLUSION id=[ 256, 54306 ] d=5 zrank=2 witness=[ 0, 0, 0, 0, 1, 0, 0, 0 ]
INVOLUTION_EXCLUSION id=[ 256, 54307 ] d=5 zrank=2 witness=[ 0, 0, 0, 0, 1, 0, 0, 0 ]
INVOLUTION_EXCLUSION id=[ 256, 54308 ] d=5 zrank=2 witness=[ 0, 0, 0, 0, 1, 0, 0, 0 ]
INVOLUTION_EXCLUSION id=[ 256, 54309 ] d=5 zrank=2 witness=[ 0, 0, 0, 0, 1, 0, 1, 0 ]
INVOLUTION_EXCLUSION id=[ 256, 54310 ] d=5 zrank=2 witness=[ 0, 0, 0, 0, 1, 0, 1, 0 ]
INVOLUTION_EXCLUSION id=[ 256, 54311 ] d=5 zrank=2 witness=[ 0, 0, 0, 0, 1, 0, 1, 0 ]
INVOLUTION_EXCLUSION id=[ 256, 54312 ] d=5 zrank=2 witness=[ 0, 0, 0, 0, 1, 0, 1, 0 ]
INVOLUTION_EXCLUSION id=[ 256, 54313 ] d=5 zrank=2 witness=[ 0, 0, 0, 0, 1, 0, 0, 0 ]
INVOLUTION_EXCLUSION id=[ 256, 54314 ] d=5 zrank=2 witness=[ 0, 0, 0, 0, 1, 0, 0, 0 ]
INVOLUTION_EXCLUSION id=[ 256, 54315 ] d=5 zrank=2 witness=[ 0, 0, 0, 0, 1, 0, 0, 0 ]
INVOLUTION_EXCLUSION id=[ 256, 54316 ] d=5 zrank=2 witness=[ 0, 0, 0, 0, 1, 0, 0, 0 ]
INVOLUTION_EXCLUSION id=[ 256, 54317 ] d=5 zrank=2 witness=[ 0, 0, 0, 0, 1, 0, 1, 0 ]
INVOLUTION_EXCLUSION id=[ 256, 54318 ] d=5 zrank=2 witness=[ 0, 0, 0, 0, 1, 0, 1, 0 ]
INVOLUTION_EXCLUSION id=[ 256, 54319 ] d=5 zrank=2 witness=[ 0, 0, 0, 0, 1, 0, 1, 0 ]
INVOLUTION_EXCLUSION id=[ 256, 54320 ] d=5 zrank=2 witness=[ 0, 0, 0, 0, 1, 0, 0, 0 ]
INVOLUTION_EXCLUSION id=[ 256, 54321 ] d=5 zrank=2 witness=[ 0, 0, 0, 0, 1, 0, 0, 0 ]
INVOLUTION_EXCLUSION id=[ 256, 54322 ] d=5 zrank=2 witness=[ 0, 0, 0, 0, 1, 0, 0, 0 ]
INVOLUTION_EXCLUSION id=[ 256, 54323 ] d=5 zrank=2 witness=[ 0, 0, 0, 0, 1, 0, 0, 0 ]
INVOLUTION_EXCLUSION id=[ 256, 54324 ] d=5 zrank=2 witness=[ 0, 0, 0, 0, 1, 0, 1, 0 ]
INVOLUTION_EXCLUSION id=[ 256, 54325 ] d=5 zrank=2 witness=[ 0, 0, 0, 0, 1, 0, 1, 0 ]
INVOLUTION_EXCLUSION id=[ 256, 54326 ] d=5 zrank=2 witness=[ 0, 0, 0, 0, 1, 0, 1, 0 ]
INVOLUTION_EXCLUSION id=[ 256, 54327 ] d=5 zrank=2 witness=[ 0, 0, 0, 0, 1, 0, 0, 0 ]
INVOLUTION_EXCLUSION id=[ 256, 54328 ] d=5 zrank=2 witness=[ 0, 0, 0, 0, 1, 0, 0, 0 ]
INVOLUTION_EXCLUSION id=[ 256, 54329 ] d=5 zrank=2 witness=[ 0, 0, 0, 0, 1, 0, 0, 0 ]
INVOLUTION_EXCLUSION id=[ 256, 54330 ] d=5 zrank=2 witness=[ 0, 0, 0, 0, 1, 0, 0, 0 ]
INVOLUTION_EXCLUSION id=[ 256, 54331 ] d=5 zrank=2 witness=[ 0, 0, 0, 0, 1, 0, 0, 0 ]
INVOLUTION_EXCLUSION id=[ 256, 54332 ] d=5 zrank=2 witness=[ 0, 0, 0, 0, 1, 0, 0, 0 ]
INVOLUTION_EXCLUSION id=[ 256, 54333 ] d=5 zrank=2 witness=[ 0, 0, 0, 0, 1, 0, 1, 0 ]
INVOLUTION_EXCLUSION id=[ 256, 54334 ] d=5 zrank=2 witness=[ 0, 0, 0, 0, 1, 0, 1, 0 ]
INVOLUTION_EXCLUSION id=[ 256, 54335 ] d=5 zrank=2 witness=[ 0, 0, 0, 0, 1, 0, 1, 0 ]
INVOLUTION_EXCLUSION id=[ 256, 54336 ] d=5 zrank=2 witness=[ 0, 0, 0, 0, 1, 0, 1, 0 ]
INVOLUTION_EXCLUSION id=[ 256, 54337 ] d=5 zrank=2 witness=[ 0, 0, 0, 0, 1, 0, 1, 0 ]
INVOLUTION_EXCLUSION id=[ 256, 54338 ] d=5 zrank=2 witness=[ 0, 0, 0, 0, 1, 0, 1, 0 ]
INVOLUTION_EXCLUSION id=[ 256, 54345 ] d=5 zrank=2 witness=[ 0, 0, 0, 0, 1, 0, 1, 0 ]
INVOLUTION_EXCLUSION id=[ 256, 54353 ] d=5 zrank=2 witness=[ 0, 0, 0, 0, 1, 0, 1, 0 ]
INVOLUTION_EXCLUSION id=[ 256, 54354 ] d=5 zrank=2 witness=[ 0, 0, 0, 0, 1, 0, 0, 0 ]
INVOLUTION_EXCLUSION id=[ 256, 54355 ] d=5 zrank=2 witness=[ 0, 0, 0, 0, 1, 0, 0, 0 ]
INVOLUTION_EXCLUSION id=[ 256, 54356 ] d=5 zrank=2 witness=[ 0, 0, 0, 0, 1, 0, 0, 0 ]
INVOLUTION_EXCLUSION id=[ 256, 54357 ] d=5 zrank=2 witness=[ 0, 0, 0, 0, 1, 0, 0, 0 ]
INVOLUTION_EXCLUSION id=[ 256, 54358 ] d=5 zrank=2 witness=[ 0, 0, 0, 0, 1, 0, 0, 0 ]
INVOLUTION_EXCLUSION id=[ 256, 54359 ] d=5 zrank=2 witness=[ 0, 0, 0, 0, 1, 0, 0, 0 ]
INVOLUTION_EXCLUSION id=[ 256, 54360 ] d=5 zrank=2 witness=[ 0, 0, 0, 0, 1, 0, 0, 0 ]
INVOLUTION_EXCLUSION id=[ 256, 54361 ] d=5 zrank=2 witness=[ 0, 0, 0, 0, 1, 0, 1, 0 ]
INVOLUTION_EXCLUSION id=[ 256, 54362 ] d=5 zrank=2 witness=[ 0, 0, 0, 0, 1, 0, 1, 0 ]
INVOLUTION_EXCLUSION id=[ 256, 54363 ] d=5 zrank=2 witness=[ 0, 0, 0, 0, 1, 0, 1, 0 ]
INVOLUTION_EXCLUSION id=[ 256, 54364 ] d=5 zrank=2 witness=[ 0, 0, 0, 0, 1, 0, 1, 0 ]
INVOLUTION_EXCLUSION id=[ 256, 54365 ] d=5 zrank=2 witness=[ 0, 0, 0, 0, 1, 0, 0, 0 ]
INVOLUTION_EXCLUSION id=[ 256, 54366 ] d=5 zrank=2 witness=[ 0, 0, 0, 0, 1, 0, 0, 0 ]
INVOLUTION_EXCLUSION id=[ 256, 54367 ] d=5 zrank=2 witness=[ 0, 0, 0, 0, 1, 0, 0, 0 ]
INVOLUTION_EXCLUSION id=[ 256, 54368 ] d=5 zrank=2 witness=[ 0, 0, 0, 0, 1, 0, 1, 0 ]
INVOLUTION_EXCLUSION id=[ 256, 54369 ] d=5 zrank=2 witness=[ 0, 0, 0, 0, 1, 0, 0, 0 ]
INVOLUTION_EXCLUSION id=[ 256, 54370 ] d=5 zrank=2 witness=[ 0, 0, 0, 0, 1, 0, 0, 0 ]
INVOLUTION_EXCLUSION id=[ 256, 54371 ] d=5 zrank=2 witness=[ 0, 0, 0, 0, 1, 0, 0, 0 ]
INVOLUTION_EXCLUSION id=[ 256, 54372 ] d=5 zrank=2 witness=[ 0, 0, 0, 0, 1, 0, 0, 0 ]
INVOLUTION_EXCLUSION id=[ 256, 54373 ] d=5 zrank=2 witness=[ 0, 0, 0, 0, 1, 0, 0, 0 ]
INVOLUTION_EXCLUSION id=[ 256, 54374 ] d=5 zrank=2 witness=[ 0, 0, 0, 0, 1, 0, 0, 0 ]
INVOLUTION_EXCLUSION id=[ 256, 54381 ] d=5 zrank=2 witness=[ 0, 0, 0, 0, 1, 0, 1, 0 ]
INVOLUTION_EXCLUSION id=[ 256, 54389 ] d=5 zrank=2 witness=[ 0, 0, 0, 0, 1, 0, 1, 0 ]
INVOLUTION_EXCLUSION id=[ 256, 54390 ] d=5 zrank=2 witness=[ 0, 0, 0, 0, 1, 0, 0, 0 ]
INVOLUTION_EXCLUSION id=[ 256, 54391 ] d=5 zrank=2 witness=[ 0, 0, 0, 0, 1, 0, 0, 0 ]
INVOLUTION_EXCLUSION id=[ 256, 54392 ] d=5 zrank=2 witness=[ 0, 0, 0, 0, 1, 0, 0, 0 ]
INVOLUTION_EXCLUSION id=[ 256, 54393 ] d=5 zrank=2 witness=[ 0, 0, 0, 0, 1, 0, 0, 0 ]
INVOLUTION_EXCLUSION id=[ 256, 54394 ] d=5 zrank=2 witness=[ 0, 0, 0, 0, 1, 0, 0, 0 ]
INVOLUTION_EXCLUSION id=[ 256, 54395 ] d=5 zrank=2 witness=[ 0, 0, 0, 0, 1, 0, 0, 0 ]
INVOLUTION_EXCLUSION id=[ 256, 54396 ] d=5 zrank=2 witness=[ 0, 0, 0, 0, 1, 0, 0, 0 ]
INVOLUTION_EXCLUSION id=[ 256, 54397 ] d=5 zrank=2 witness=[ 0, 0, 0, 0, 1, 0, 1, 0 ]
INVOLUTION_EXCLUSION id=[ 256, 54398 ] d=5 zrank=2 witness=[ 0, 0, 0, 0, 1, 0, 1, 0 ]
INVOLUTION_EXCLUSION id=[ 256, 54399 ] d=5 zrank=2 witness=[ 0, 0, 0, 0, 1, 0, 1, 0 ]
INVOLUTION_EXCLUSION id=[ 256, 54400 ] d=5 zrank=2 witness=[ 0, 0, 0, 0, 1, 0, 1, 0 ]
INVOLUTION_EXCLUSION id=[ 256, 54401 ] d=5 zrank=2 witness=[ 0, 0, 0, 0, 1, 0, 1, 0 ]
INVOLUTION_EXCLUSION id=[ 256, 54402 ] d=5 zrank=2 witness=[ 0, 0, 0, 0, 1, 0, 0, 0 ]
INVOLUTION_EXCLUSION id=[ 256, 54403 ] d=5 zrank=2 witness=[ 0, 0, 0, 0, 1, 0, 0, 0 ]
INVOLUTION_EXCLUSION id=[ 256, 54404 ] d=5 zrank=2 witness=[ 0, 0, 0, 0, 1, 0, 0, 0 ]
INVOLUTION_EXCLUSION id=[ 256, 54405 ] d=5 zrank=2 witness=[ 0, 0, 0, 0, 1, 0, 1, 0 ]
INVOLUTION_EXCLUSION id=[ 256, 54406 ] d=5 zrank=2 witness=[ 0, 0, 0, 0, 1, 0, 1, 0 ]
INVOLUTION_EXCLUSION id=[ 256, 54407 ] d=5 zrank=2 witness=[ 0, 0, 0, 0, 1, 0, 0, 0 ]
INVOLUTION_EXCLUSION id=[ 256, 54408 ] d=5 zrank=2 witness=[ 0, 0, 0, 0, 1, 0, 0, 0 ]
INVOLUTION_EXCLUSION id=[ 256, 54409 ] d=5 zrank=2 witness=[ 0, 0, 0, 0, 1, 0, 0, 0 ]
INVOLUTION_EXCLUSION id=[ 256, 54410 ] d=5 zrank=2 witness=[ 0, 0, 0, 0, 1, 0, 0, 0 ]
INVOLUTION_EXCLUSION id=[ 256, 54411 ] d=5 zrank=2 witness=[ 0, 0, 0, 0, 1, 0, 0, 0 ]
INVOLUTION_EXCLUSION id=[ 256, 54412 ] d=5 zrank=2 witness=[ 0, 0, 0, 0, 1, 0, 0, 0 ]
INVOLUTION_EXCLUSION id=[ 256, 54413 ] d=5 zrank=2 witness=[ 0, 0, 0, 1, 0, 0, 0, 0 ]
INVOLUTION_EXCLUSION id=[ 256, 54414 ] d=5 zrank=2 witness=[ 0, 0, 0, 1, 0, 0, 0, 0 ]
INVOLUTION_EXCLUSION id=[ 256, 54415 ] d=5 zrank=2 witness=[ 0, 0, 0, 1, 0, 0, 0, 0 ]
INVOLUTION_EXCLUSION id=[ 256, 54416 ] d=5 zrank=2 witness=[ 0, 0, 0, 1, 0, 0, 0, 0 ]
INVOLUTION_EXCLUSION id=[ 256, 54417 ] d=5 zrank=2 witness=[ 0, 0, 0, 1, 0, 0, 0, 0 ]
INVOLUTION_EXCLUSION id=[ 256, 54418 ] d=5 zrank=2 witness=[ 0, 0, 0, 1, 0, 0, 0, 0 ]
INVOLUTION_EXCLUSION id=[ 256, 54419 ] d=5 zrank=2 witness=[ 0, 0, 0, 1, 0, 0, 0, 0 ]
INVOLUTION_EXCLUSION id=[ 256, 54420 ] d=5 zrank=2 witness=[ 0, 0, 0, 1, 0, 0, 0, 0 ]
INVOLUTION_EXCLUSION id=[ 256, 54421 ] d=5 zrank=2 witness=[ 0, 0, 0, 1, 0, 0, 0, 0 ]
INVOLUTION_EXCLUSION id=[ 256, 54422 ] d=5 zrank=2 witness=[ 0, 0, 0, 1, 0, 0, 1, 0 ]
INVOLUTION_EXCLUSION id=[ 256, 54423 ] d=5 zrank=2 witness=[ 0, 0, 0, 1, 0, 0, 1, 0 ]
INVOLUTION_EXCLUSION id=[ 256, 54424 ] d=5 zrank=2 witness=[ 0, 0, 0, 1, 0, 0, 1, 0 ]
INVOLUTION_EXCLUSION id=[ 256, 54425 ] d=5 zrank=2 witness=[ 0, 0, 0, 1, 0, 0, 0, 0 ]
INVOLUTION_EXCLUSION id=[ 256, 54426 ] d=5 zrank=2 witness=[ 0, 0, 0, 1, 0, 0, 0, 0 ]
INVOLUTION_EXCLUSION id=[ 256, 54427 ] d=5 zrank=2 witness=[ 0, 0, 0, 1, 0, 0, 0, 0 ]
INVOLUTION_EXCLUSION id=[ 256, 54428 ] d=5 zrank=2 witness=[ 0, 0, 0, 1, 0, 0, 0, 0 ]
INVOLUTION_EXCLUSION id=[ 256, 54429 ] d=5 zrank=2 witness=[ 0, 0, 0, 1, 0, 0, 1, 0 ]
INVOLUTION_EXCLUSION id=[ 256, 54430 ] d=5 zrank=2 witness=[ 0, 0, 0, 1, 0, 0, 1, 0 ]
INVOLUTION_EXCLUSION id=[ 256, 54431 ] d=5 zrank=2 witness=[ 0, 0, 0, 1, 0, 0, 1, 0 ]
INVOLUTION_EXCLUSION id=[ 256, 54432 ] d=5 zrank=2 witness=[ 0, 0, 0, 1, 0, 0, 0, 0 ]
INVOLUTION_EXCLUSION id=[ 256, 54433 ] d=5 zrank=2 witness=[ 0, 0, 0, 1, 0, 0, 0, 0 ]
INVOLUTION_EXCLUSION id=[ 256, 54434 ] d=5 zrank=2 witness=[ 0, 0, 0, 1, 0, 0, 0, 0 ]
INVOLUTION_EXCLUSION id=[ 256, 54435 ] d=5 zrank=2 witness=[ 0, 0, 0, 1, 0, 0, 1, 0 ]
INVOLUTION_EXCLUSION id=[ 256, 54436 ] d=5 zrank=2 witness=[ 0, 0, 0, 1, 0, 0, 1, 0 ]
INVOLUTION_EXCLUSION id=[ 256, 54437 ] d=5 zrank=2 witness=[ 0, 0, 0, 1, 0, 0, 1, 0 ]
INVOLUTION_EXCLUSION id=[ 256, 54438 ] d=5 zrank=2 witness=[ 0, 0, 0, 1, 0, 0, 1, 0 ]
INVOLUTION_EXCLUSION id=[ 256, 54439 ] d=5 zrank=2 witness=[ 0, 0, 0, 1, 0, 0, 0, 0 ]
INVOLUTION_EXCLUSION id=[ 256, 54440 ] d=5 zrank=2 witness=[ 0, 0, 0, 1, 0, 0, 0, 0 ]
INVOLUTION_EXCLUSION id=[ 256, 54441 ] d=5 zrank=2 witness=[ 0, 0, 0, 1, 0, 0, 0, 0 ]
INVOLUTION_EXCLUSION id=[ 256, 54442 ] d=5 zrank=2 witness=[ 0, 0, 0, 1, 0, 0, 0, 0 ]
INVOLUTION_EXCLUSION id=[ 256, 54443 ] d=5 zrank=2 witness=[ 0, 0, 0, 1, 0, 0, 0, 0 ]
INVOLUTION_EXCLUSION id=[ 256, 54444 ] d=5 zrank=2 witness=[ 0, 0, 0, 1, 0, 0, 0, 0 ]
INVOLUTION_EXCLUSION id=[ 256, 54445 ] d=5 zrank=2 witness=[ 0, 0, 0, 1, 0, 0, 0, 0 ]
INVOLUTION_EXCLUSION id=[ 256, 54446 ] d=5 zrank=2 witness=[ 0, 0, 0, 1, 0, 0, 0, 0 ]
INVOLUTION_EXCLUSION id=[ 256, 54447 ] d=5 zrank=2 witness=[ 0, 0, 0, 1, 0, 0, 1, 0 ]
INVOLUTION_EXCLUSION id=[ 256, 54448 ] d=5 zrank=2 witness=[ 0, 0, 0, 1, 0, 0, 1, 0 ]
INVOLUTION_EXCLUSION id=[ 256, 54449 ] d=5 zrank=2 witness=[ 0, 0, 0, 1, 0, 0, 1, 0 ]
INVOLUTION_EXCLUSION id=[ 256, 54450 ] d=5 zrank=2 witness=[ 0, 0, 0, 1, 0, 0, 1, 0 ]
INVOLUTION_EXCLUSION id=[ 256, 54451 ] d=5 zrank=2 witness=[ 0, 0, 0, 1, 0, 0, 0, 0 ]
INVOLUTION_EXCLUSION id=[ 256, 54452 ] d=5 zrank=2 witness=[ 0, 0, 0, 1, 0, 0, 0, 0 ]
INVOLUTION_EXCLUSION id=[ 256, 54453 ] d=5 zrank=2 witness=[ 0, 0, 0, 1, 0, 0, 0, 0 ]
INVOLUTION_EXCLUSION id=[ 256, 54454 ] d=5 zrank=2 witness=[ 0, 0, 0, 1, 0, 0, 0, 0 ]
INVOLUTION_EXCLUSION id=[ 256, 54455 ] d=5 zrank=2 witness=[ 0, 0, 0, 1, 0, 0, 0, 0 ]
INVOLUTION_EXCLUSION id=[ 256, 54456 ] d=5 zrank=2 witness=[ 0, 0, 0, 1, 0, 0, 0, 0 ]
INVOLUTION_EXCLUSION id=[ 256, 54457 ] d=5 zrank=2 witness=[ 0, 0, 0, 1, 0, 0, 0, 0 ]
INVOLUTION_EXCLUSION id=[ 256, 54458 ] d=5 zrank=2 witness=[ 0, 0, 0, 1, 0, 0, 0, 0 ]
INVOLUTION_EXCLUSION id=[ 256, 54459 ] d=5 zrank=2 witness=[ 0, 0, 0, 1, 0, 0, 0, 0 ]
INVOLUTION_EXCLUSION id=[ 256, 54460 ] d=5 zrank=2 witness=[ 0, 0, 0, 1, 0, 0, 0, 0 ]
INVOLUTION_EXCLUSION id=[ 256, 54461 ] d=5 zrank=2 witness=[ 0, 0, 0, 1, 0, 0, 0, 0 ]
INVOLUTION_EXCLUSION id=[ 256, 54462 ] d=5 zrank=2 witness=[ 0, 0, 0, 1, 0, 0, 1, 0 ]
INVOLUTION_EXCLUSION id=[ 256, 54463 ] d=5 zrank=2 witness=[ 0, 0, 0, 1, 0, 0, 1, 0 ]
INVOLUTION_EXCLUSION id=[ 256, 54464 ] d=5 zrank=2 witness=[ 0, 0, 0, 1, 0, 0, 1, 0 ]
INVOLUTION_EXCLUSION id=[ 256, 54465 ] d=5 zrank=2 witness=[ 0, 0, 0, 1, 0, 0, 1, 0 ]
INVOLUTION_EXCLUSION id=[ 256, 54466 ] d=5 zrank=2 witness=[ 0, 0, 0, 1, 0, 0, 1, 0 ]
INVOLUTION_EXCLUSION id=[ 256, 54467 ] d=5 zrank=2 witness=[ 0, 0, 0, 1, 0, 0, 1, 0 ]
INVOLUTION_EXCLUSION id=[ 256, 54468 ] d=5 zrank=2 witness=[ 0, 0, 0, 1, 0, 0, 0, 0 ]
INVOLUTION_EXCLUSION id=[ 256, 54469 ] d=5 zrank=2 witness=[ 0, 0, 0, 1, 0, 0, 0, 0 ]
INVOLUTION_EXCLUSION id=[ 256, 54470 ] d=5 zrank=2 witness=[ 0, 0, 0, 1, 0, 0, 0, 0 ]
INVOLUTION_EXCLUSION id=[ 256, 54471 ] d=5 zrank=2 witness=[ 0, 0, 0, 1, 0, 0, 0, 0 ]
INVOLUTION_EXCLUSION id=[ 256, 54472 ] d=5 zrank=2 witness=[ 0, 0, 0, 1, 0, 0, 0, 0 ]
INVOLUTION_EXCLUSION id=[ 256, 54473 ] d=5 zrank=2 witness=[ 0, 0, 0, 1, 0, 0, 0, 0 ]
INVOLUTION_EXCLUSION id=[ 256, 54474 ] d=5 zrank=2 witness=[ 0, 0, 0, 1, 0, 0, 1, 0 ]
INVOLUTION_EXCLUSION id=[ 256, 54475 ] d=5 zrank=2 witness=[ 0, 0, 0, 1, 0, 0, 1, 0 ]
INVOLUTION_EXCLUSION id=[ 256, 54476 ] d=5 zrank=2 witness=[ 0, 0, 0, 1, 0, 0, 1, 0 ]
INVOLUTION_EXCLUSION id=[ 256, 54477 ] d=5 zrank=2 witness=[ 0, 0, 0, 1, 0, 0, 0, 0 ]
INVOLUTION_EXCLUSION id=[ 256, 54478 ] d=5 zrank=2 witness=[ 0, 0, 0, 1, 0, 0, 0, 0 ]
INVOLUTION_EXCLUSION id=[ 256, 54479 ] d=5 zrank=2 witness=[ 0, 0, 0, 1, 0, 0, 0, 0 ]
INVOLUTION_EXCLUSION id=[ 256, 54480 ] d=5 zrank=2 witness=[ 0, 0, 0, 1, 0, 0, 1, 0 ]
INVOLUTION_EXCLUSION id=[ 256, 54481 ] d=5 zrank=2 witness=[ 0, 0, 0, 1, 0, 0, 1, 0 ]
INVOLUTION_EXCLUSION id=[ 256, 54482 ] d=5 zrank=2 witness=[ 0, 0, 0, 1, 0, 0, 1, 0 ]
INVOLUTION_EXCLUSION id=[ 256, 54483 ] d=5 zrank=2 witness=[ 0, 0, 0, 1, 0, 0, 1, 0 ]
INVOLUTION_EXCLUSION id=[ 256, 54484 ] d=5 zrank=2 witness=[ 0, 0, 0, 1, 0, 0, 0, 0 ]
INVOLUTION_EXCLUSION id=[ 256, 54485 ] d=5 zrank=2 witness=[ 0, 0, 0, 1, 0, 0, 0, 0 ]
INVOLUTION_EXCLUSION id=[ 256, 54486 ] d=5 zrank=2 witness=[ 0, 0, 0, 1, 0, 0, 0, 0 ]
INVOLUTION_EXCLUSION id=[ 256, 54487 ] d=5 zrank=2 witness=[ 0, 0, 0, 1, 0, 0, 0, 0 ]
INVOLUTION_EXCLUSION id=[ 256, 54488 ] d=5 zrank=2 witness=[ 0, 0, 0, 1, 0, 0, 1, 0 ]
INVOLUTION_EXCLUSION id=[ 256, 54489 ] d=5 zrank=2 witness=[ 0, 0, 0, 1, 0, 0, 1, 0 ]
INVOLUTION_EXCLUSION id=[ 256, 54490 ] d=5 zrank=2 witness=[ 0, 0, 0, 1, 0, 0, 1, 0 ]
INVOLUTION_EXCLUSION id=[ 256, 54491 ] d=5 zrank=2 witness=[ 0, 0, 0, 1, 0, 0, 0, 0 ]
INVOLUTION_EXCLUSION id=[ 256, 54492 ] d=5 zrank=2 witness=[ 0, 0, 0, 1, 0, 0, 0, 0 ]
INVOLUTION_EXCLUSION id=[ 256, 54493 ] d=5 zrank=2 witness=[ 0, 0, 0, 1, 0, 0, 0, 0 ]
INVOLUTION_EXCLUSION id=[ 256, 54494 ] d=5 zrank=2 witness=[ 0, 0, 0, 1, 0, 0, 0, 0 ]
INVOLUTION_EXCLUSION id=[ 256, 54495 ] d=5 zrank=2 witness=[ 0, 0, 0, 1, 0, 0, 0, 0 ]
INVOLUTION_EXCLUSION id=[ 256, 54496 ] d=5 zrank=2 witness=[ 0, 0, 0, 1, 0, 0, 0, 0 ]
INVOLUTION_EXCLUSION id=[ 256, 54497 ] d=5 zrank=2 witness=[ 0, 0, 0, 1, 0, 0, 0, 0 ]
INVOLUTION_EXCLUSION id=[ 256, 54498 ] d=5 zrank=2 witness=[ 0, 0, 0, 1, 0, 0, 0, 0 ]
INVOLUTION_EXCLUSION id=[ 256, 54499 ] d=5 zrank=2 witness=[ 0, 0, 0, 1, 0, 0, 0, 0 ]
INVOLUTION_EXCLUSION id=[ 256, 54500 ] d=5 zrank=2 witness=[ 0, 0, 0, 1, 0, 0, 0, 0 ]
INVOLUTION_EXCLUSION id=[ 256, 54501 ] d=5 zrank=2 witness=[ 0, 0, 0, 1, 0, 0, 0, 0 ]
INVOLUTION_EXCLUSION id=[ 256, 54502 ] d=5 zrank=2 witness=[ 0, 0, 0, 1, 0, 0, 0, 0 ]
INVOLUTION_EXCLUSION id=[ 256, 54503 ] d=5 zrank=2 witness=[ 0, 0, 0, 1, 0, 0, 0, 0 ]
INVOLUTION_EXCLUSION id=[ 256, 54504 ] d=5 zrank=2 witness=[ 0, 0, 0, 1, 0, 0, 0, 0 ]
INVOLUTION_EXCLUSION id=[ 256, 54505 ] d=5 zrank=2 witness=[ 0, 0, 0, 1, 0, 0, 0, 0 ]
INVOLUTION_EXCLUSION id=[ 256, 54506 ] d=5 zrank=2 witness=[ 0, 0, 0, 1, 0, 0, 0, 0 ]
INVOLUTION_EXCLUSION id=[ 256, 54507 ] d=5 zrank=2 witness=[ 0, 0, 0, 1, 0, 0, 0, 0 ]
INVOLUTION_EXCLUSION id=[ 256, 54508 ] d=5 zrank=2 witness=[ 0, 0, 0, 1, 0, 0, 0, 0 ]
INVOLUTION_EXCLUSION id=[ 256, 54509 ] d=5 zrank=2 witness=[ 0, 0, 0, 1, 0, 0, 0, 0 ]
INVOLUTION_EXCLUSION id=[ 256, 54510 ] d=5 zrank=2 witness=[ 0, 0, 0, 1, 0, 0, 0, 0 ]
INVOLUTION_EXCLUSION id=[ 256, 54511 ] d=5 zrank=2 witness=[ 0, 0, 0, 1, 0, 0, 0, 0 ]
INVOLUTION_EXCLUSION id=[ 256, 54512 ] d=5 zrank=2 witness=[ 0, 0, 0, 1, 0, 0, 0, 0 ]
INVOLUTION_EXCLUSION id=[ 256, 54513 ] d=5 zrank=2 witness=[ 0, 0, 0, 1, 0, 0, 0, 0 ]
INVOLUTION_EXCLUSION id=[ 256, 54514 ] d=5 zrank=2 witness=[ 0, 0, 0, 1, 0, 0, 0, 0 ]
INVOLUTION_EXCLUSION id=[ 256, 54515 ] d=5 zrank=2 witness=[ 0, 0, 0, 1, 0, 0, 1, 0 ]
INVOLUTION_EXCLUSION id=[ 256, 54516 ] d=5 zrank=2 witness=[ 0, 0, 0, 1, 0, 0, 1, 0 ]
INVOLUTION_EXCLUSION id=[ 256, 54517 ] d=5 zrank=2 witness=[ 0, 0, 0, 1, 0, 0, 1, 0 ]
INVOLUTION_EXCLUSION id=[ 256, 54518 ] d=5 zrank=2 witness=[ 0, 0, 0, 1, 0, 0, 1, 0 ]
INVOLUTION_EXCLUSION id=[ 256, 54519 ] d=5 zrank=2 witness=[ 0, 0, 0, 1, 0, 0, 1, 0 ]
INVOLUTION_EXCLUSION id=[ 256, 54520 ] d=5 zrank=2 witness=[ 0, 0, 0, 1, 0, 0, 1, 0 ]
INVOLUTION_EXCLUSION id=[ 256, 54521 ] d=5 zrank=2 witness=[ 0, 0, 0, 1, 0, 0, 1, 0 ]
INVOLUTION_EXCLUSION id=[ 256, 54522 ] d=5 zrank=2 witness=[ 0, 0, 0, 1, 0, 0, 1, 0 ]
INVOLUTION_EXCLUSION id=[ 256, 54523 ] d=5 zrank=2 witness=[ 0, 0, 0, 1, 0, 0, 0, 0 ]
INVOLUTION_EXCLUSION id=[ 256, 54524 ] d=5 zrank=2 witness=[ 0, 0, 0, 1, 0, 0, 0, 0 ]
INVOLUTION_EXCLUSION id=[ 256, 54525 ] d=5 zrank=2 witness=[ 0, 0, 0, 1, 0, 0, 0, 0 ]
INVOLUTION_EXCLUSION id=[ 256, 54526 ] d=5 zrank=2 witness=[ 0, 0, 0, 1, 0, 0, 0, 0 ]
INVOLUTION_EXCLUSION id=[ 256, 54527 ] d=5 zrank=2 witness=[ 0, 0, 0, 1, 0, 0, 1, 0 ]
INVOLUTION_EXCLUSION id=[ 256, 54528 ] d=5 zrank=2 witness=[ 0, 0, 0, 1, 0, 0, 1, 0 ]
INVOLUTION_EXCLUSION id=[ 256, 54529 ] d=5 zrank=2 witness=[ 0, 0, 0, 1, 0, 0, 1, 0 ]
INVOLUTION_EXCLUSION id=[ 256, 54530 ] d=5 zrank=2 witness=[ 0, 0, 0, 1, 0, 0, 1, 0 ]
INVOLUTION_EXCLUSION id=[ 256, 54531 ] d=5 zrank=2 witness=[ 0, 0, 0, 1, 0, 0, 1, 0 ]
INVOLUTION_EXCLUSION id=[ 256, 54532 ] d=5 zrank=2 witness=[ 0, 0, 0, 1, 0, 0, 1, 0 ]
INVOLUTION_EXCLUSION id=[ 256, 54533 ] d=5 zrank=2 witness=[ 0, 0, 0, 1, 0, 0, 1, 0 ]
INVOLUTION_EXCLUSION id=[ 256, 54534 ] d=5 zrank=2 witness=[ 0, 0, 0, 1, 0, 0, 1, 0 ]
INVOLUTION_EXCLUSION id=[ 256, 54535 ] d=5 zrank=2 witness=[ 0, 0, 0, 1, 0, 0, 0, 0 ]
INVOLUTION_EXCLUSION id=[ 256, 54536 ] d=5 zrank=2 witness=[ 0, 0, 0, 1, 0, 0, 0, 0 ]
INVOLUTION_EXCLUSION id=[ 256, 54537 ] d=5 zrank=2 witness=[ 0, 0, 0, 1, 0, 0, 0, 0 ]
INVOLUTION_EXCLUSION id=[ 256, 54538 ] d=5 zrank=2 witness=[ 0, 0, 0, 1, 0, 0, 0, 0 ]
INVOLUTION_EXCLUSION id=[ 256, 54539 ] d=5 zrank=2 witness=[ 0, 0, 0, 1, 0, 0, 1, 0 ]
INVOLUTION_EXCLUSION id=[ 256, 54540 ] d=5 zrank=2 witness=[ 0, 0, 0, 1, 0, 0, 1, 0 ]
INVOLUTION_EXCLUSION id=[ 256, 54541 ] d=5 zrank=2 witness=[ 0, 0, 0, 1, 0, 0, 1, 0 ]
INVOLUTION_EXCLUSION id=[ 256, 54542 ] d=5 zrank=2 witness=[ 0, 0, 0, 1, 0, 0, 1, 0 ]
INVOLUTION_EXCLUSION id=[ 256, 54543 ] d=5 zrank=2 witness=[ 0, 0, 0, 1, 0, 0, 1, 0 ]
INVOLUTION_EXCLUSION id=[ 256, 54544 ] d=5 zrank=2 witness=[ 0, 0, 0, 1, 0, 0, 1, 0 ]
INVOLUTION_EXCLUSION id=[ 256, 54545 ] d=5 zrank=2 witness=[ 0, 0, 0, 1, 0, 0, 1, 0 ]
INVOLUTION_EXCLUSION id=[ 256, 54546 ] d=5 zrank=2 witness=[ 0, 0, 0, 1, 0, 0, 1, 0 ]
INVOLUTION_EXCLUSION id=[ 256, 54547 ] d=5 zrank=2 witness=[ 0, 0, 0, 0, 1, 0, 0, 0 ]
INVOLUTION_EXCLUSION id=[ 256, 54548 ] d=5 zrank=2 witness=[ 0, 0, 0, 0, 1, 0, 0, 0 ]
INVOLUTION_EXCLUSION id=[ 256, 54549 ] d=5 zrank=2 witness=[ 0, 0, 0, 0, 1, 0, 0, 0 ]
INVOLUTION_EXCLUSION id=[ 256, 54550 ] d=5 zrank=2 witness=[ 0, 0, 0, 0, 1, 0, 0, 0 ]
INVOLUTION_EXCLUSION id=[ 256, 54551 ] d=5 zrank=2 witness=[ 0, 0, 0, 0, 1, 0, 0, 0 ]
INVOLUTION_EXCLUSION id=[ 256, 54552 ] d=5 zrank=2 witness=[ 0, 0, 0, 0, 1, 0, 0, 0 ]
INVOLUTION_EXCLUSION id=[ 256, 54553 ] d=5 zrank=2 witness=[ 0, 0, 0, 0, 1, 0, 0, 0 ]
INVOLUTION_EXCLUSION id=[ 256, 54554 ] d=5 zrank=2 witness=[ 0, 0, 0, 0, 1, 0, 0, 0 ]
INVOLUTION_EXCLUSION id=[ 256, 54555 ] d=5 zrank=2 witness=[ 0, 0, 0, 0, 1, 0, 1, 0 ]
INVOLUTION_EXCLUSION id=[ 256, 54556 ] d=5 zrank=2 witness=[ 0, 0, 0, 0, 1, 0, 1, 0 ]
INVOLUTION_EXCLUSION id=[ 256, 54557 ] d=5 zrank=2 witness=[ 0, 0, 0, 0, 1, 0, 0, 0 ]
INVOLUTION_EXCLUSION id=[ 256, 54558 ] d=5 zrank=2 witness=[ 0, 0, 0, 0, 1, 0, 0, 0 ]
INVOLUTION_EXCLUSION id=[ 256, 54559 ] d=5 zrank=2 witness=[ 0, 0, 0, 0, 1, 0, 0, 0 ]
INVOLUTION_EXCLUSION id=[ 256, 54560 ] d=5 zrank=2 witness=[ 0, 0, 0, 0, 1, 0, 0, 0 ]
INVOLUTION_EXCLUSION id=[ 256, 54561 ] d=5 zrank=2 witness=[ 0, 0, 0, 0, 1, 0, 0, 0 ]
INVOLUTION_EXCLUSION id=[ 256, 54562 ] d=5 zrank=2 witness=[ 0, 0, 0, 0, 1, 0, 0, 0 ]
INVOLUTION_EXCLUSION id=[ 256, 54563 ] d=5 zrank=2 witness=[ 0, 0, 0, 0, 1, 0, 0, 0 ]
INVOLUTION_EXCLUSION id=[ 256, 54564 ] d=5 zrank=2 witness=[ 0, 0, 0, 0, 1, 0, 0, 0 ]
INVOLUTION_EXCLUSION id=[ 256, 54565 ] d=5 zrank=2 witness=[ 0, 0, 0, 0, 1, 0, 0, 0 ]
INVOLUTION_EXCLUSION id=[ 256, 54566 ] d=5 zrank=2 witness=[ 0, 0, 0, 0, 1, 0, 0, 0 ]
INVOLUTION_EXCLUSION id=[ 256, 54567 ] d=5 zrank=2 witness=[ 0, 0, 0, 0, 1, 0, 1, 0 ]
INVOLUTION_EXCLUSION id=[ 256, 54568 ] d=5 zrank=2 witness=[ 0, 0, 0, 0, 1, 0, 1, 0 ]
INVOLUTION_EXCLUSION id=[ 256, 54569 ] d=5 zrank=2 witness=[ 0, 0, 0, 0, 1, 0, 0, 0 ]
INVOLUTION_EXCLUSION id=[ 256, 54570 ] d=5 zrank=2 witness=[ 0, 0, 0, 0, 1, 0, 0, 0 ]
INVOLUTION_EXCLUSION id=[ 256, 54571 ] d=5 zrank=2 witness=[ 0, 0, 0, 0, 1, 0, 0, 0 ]
INVOLUTION_EXCLUSION id=[ 256, 54572 ] d=5 zrank=2 witness=[ 0, 0, 0, 0, 1, 0, 0, 0 ]
INVOLUTION_EXCLUSION id=[ 256, 54573 ] d=5 zrank=2 witness=[ 0, 0, 0, 0, 1, 0, 0, 0 ]
INVOLUTION_EXCLUSION id=[ 256, 54574 ] d=5 zrank=2 witness=[ 0, 0, 0, 0, 1, 0, 0, 0 ]
INVOLUTION_EXCLUSION id=[ 256, 54575 ] d=5 zrank=2 witness=[ 0, 0, 0, 0, 1, 0, 0, 0 ]
INVOLUTION_EXCLUSION id=[ 256, 54576 ] d=5 zrank=2 witness=[ 0, 0, 0, 0, 1, 0, 0, 0 ]
INVOLUTION_EXCLUSION id=[ 256, 54577 ] d=5 zrank=2 witness=[ 0, 0, 0, 0, 1, 0, 1, 0 ]
INVOLUTION_EXCLUSION id=[ 256, 54578 ] d=5 zrank=2 witness=[ 0, 0, 0, 0, 1, 0, 1, 0 ]
INVOLUTION_EXCLUSION id=[ 256, 54579 ] d=5 zrank=2 witness=[ 0, 0, 0, 0, 1, 0, 0, 0 ]
INVOLUTION_EXCLUSION id=[ 256, 54580 ] d=5 zrank=2 witness=[ 0, 0, 0, 0, 1, 0, 0, 0 ]
INVOLUTION_EXCLUSION id=[ 256, 54581 ] d=5 zrank=2 witness=[ 0, 0, 0, 0, 1, 0, 0, 0 ]
INVOLUTION_EXCLUSION id=[ 256, 54582 ] d=5 zrank=2 witness=[ 0, 0, 0, 0, 1, 0, 0, 0 ]
INVOLUTION_EXCLUSION id=[ 256, 54583 ] d=5 zrank=2 witness=[ 0, 0, 0, 0, 1, 0, 0, 0 ]
INVOLUTION_EXCLUSION id=[ 256, 54584 ] d=5 zrank=2 witness=[ 0, 0, 0, 0, 1, 0, 0, 0 ]
INVOLUTION_EXCLUSION id=[ 256, 54585 ] d=5 zrank=2 witness=[ 0, 0, 0, 0, 1, 0, 1, 0 ]
INVOLUTION_EXCLUSION id=[ 256, 54586 ] d=5 zrank=2 witness=[ 0, 0, 0, 0, 1, 0, 1, 0 ]
INVOLUTION_EXCLUSION id=[ 256, 54587 ] d=5 zrank=2 witness=[ 0, 0, 0, 0, 1, 0, 1, 0 ]
INVOLUTION_EXCLUSION id=[ 256, 54588 ] d=5 zrank=2 witness=[ 0, 0, 0, 0, 1, 0, 0, 0 ]
INVOLUTION_EXCLUSION id=[ 256, 54589 ] d=5 zrank=2 witness=[ 0, 0, 0, 0, 1, 0, 0, 0 ]
INVOLUTION_EXCLUSION id=[ 256, 54590 ] d=5 zrank=2 witness=[ 0, 0, 0, 0, 1, 0, 0, 0 ]
INVOLUTION_EXCLUSION id=[ 256, 54591 ] d=5 zrank=2 witness=[ 0, 0, 0, 0, 1, 0, 0, 0 ]
INVOLUTION_EXCLUSION id=[ 256, 54592 ] d=5 zrank=2 witness=[ 0, 0, 0, 0, 1, 0, 0, 0 ]
INVOLUTION_EXCLUSION id=[ 256, 54593 ] d=5 zrank=2 witness=[ 0, 0, 0, 0, 1, 0, 0, 0 ]
INVOLUTION_EXCLUSION id=[ 256, 54594 ] d=5 zrank=2 witness=[ 0, 0, 0, 0, 1, 0, 1, 0 ]
INVOLUTION_EXCLUSION id=[ 256, 54595 ] d=5 zrank=2 witness=[ 0, 0, 0, 0, 1, 0, 1, 0 ]
INVOLUTION_EXCLUSION id=[ 256, 54596 ] d=5 zrank=2 witness=[ 0, 0, 0, 0, 1, 0, 1, 0 ]
INVOLUTION_EXCLUSION id=[ 256, 54597 ] d=5 zrank=2 witness=[ 0, 0, 0, 0, 1, 0, 0, 0 ]
INVOLUTION_EXCLUSION id=[ 256, 54598 ] d=5 zrank=2 witness=[ 0, 0, 0, 0, 1, 0, 0, 0 ]
INVOLUTION_EXCLUSION id=[ 256, 54599 ] d=5 zrank=2 witness=[ 0, 0, 0, 0, 1, 0, 0, 0 ]
INVOLUTION_EXCLUSION id=[ 256, 54600 ] d=5 zrank=2 witness=[ 0, 0, 0, 0, 1, 0, 0, 0 ]
INVOLUTION_EXCLUSION id=[ 256, 54601 ] d=5 zrank=2 witness=[ 0, 0, 0, 0, 1, 0, 0, 0 ]
INVOLUTION_EXCLUSION id=[ 256, 54602 ] d=5 zrank=2 witness=[ 0, 0, 0, 0, 1, 0, 0, 0 ]
INVOLUTION_EXCLUSION id=[ 256, 54603 ] d=5 zrank=2 witness=[ 0, 0, 0, 0, 1, 0, 0, 0 ]
INVOLUTION_EXCLUSION id=[ 256, 54604 ] d=5 zrank=2 witness=[ 0, 0, 0, 0, 1, 0, 0, 0 ]
INVOLUTION_EXCLUSION id=[ 256, 54605 ] d=5 zrank=2 witness=[ 0, 0, 0, 0, 1, 0, 1, 0 ]
INVOLUTION_EXCLUSION id=[ 256, 54606 ] d=5 zrank=2 witness=[ 0, 0, 0, 0, 1, 0, 1, 0 ]
INVOLUTION_EXCLUSION id=[ 256, 54607 ] d=5 zrank=2 witness=[ 0, 0, 0, 0, 1, 0, 1, 0 ]
INVOLUTION_EXCLUSION id=[ 256, 54608 ] d=5 zrank=2 witness=[ 0, 0, 0, 0, 1, 0, 1, 0 ]
INVOLUTION_EXCLUSION id=[ 256, 54609 ] d=5 zrank=2 witness=[ 0, 0, 0, 0, 1, 0, 1, 0 ]
INVOLUTION_EXCLUSION id=[ 256, 54610 ] d=5 zrank=2 witness=[ 0, 0, 0, 0, 1, 0, 1, 0 ]
INVOLUTION_EXCLUSION id=[ 256, 54611 ] d=5 zrank=2 witness=[ 0, 0, 0, 0, 1, 0, 1, 0 ]
INVOLUTION_EXCLUSION id=[ 256, 54612 ] d=5 zrank=2 witness=[ 0, 0, 0, 0, 1, 0, 1, 0 ]
INVOLUTION_EXCLUSION id=[ 256, 54613 ] d=5 zrank=2 witness=[ 0, 0, 0, 0, 1, 0, 1, 0 ]
INVOLUTION_EXCLUSION id=[ 256, 54614 ] d=5 zrank=2 witness=[ 0, 0, 0, 0, 1, 0, 1, 0 ]
INVOLUTION_EXCLUSION id=[ 256, 54615 ] d=5 zrank=2 witness=[ 0, 0, 0, 0, 1, 0, 1, 0 ]
INVOLUTION_EXCLUSION id=[ 256, 54616 ] d=5 zrank=2 witness=[ 0, 0, 0, 0, 1, 0, 1, 0 ]
INVOLUTION_EXCLUSION id=[ 256, 54617 ] d=5 zrank=2 witness=[ 0, 0, 0, 0, 1, 0, 0, 0 ]
INVOLUTION_EXCLUSION id=[ 256, 54618 ] d=5 zrank=2 witness=[ 0, 0, 0, 0, 1, 0, 0, 0 ]
INVOLUTION_EXCLUSION id=[ 256, 54619 ] d=5 zrank=2 witness=[ 0, 0, 0, 0, 1, 0, 0, 0 ]
INVOLUTION_EXCLUSION id=[ 256, 54620 ] d=5 zrank=2 witness=[ 0, 0, 0, 0, 1, 0, 0, 0 ]
INVOLUTION_EXCLUSION id=[ 256, 54621 ] d=5 zrank=2 witness=[ 0, 0, 0, 0, 1, 0, 0, 0 ]
INVOLUTION_EXCLUSION id=[ 256, 54622 ] d=5 zrank=2 witness=[ 0, 0, 0, 0, 1, 0, 0, 0 ]
INVOLUTION_EXCLUSION id=[ 256, 54623 ] d=5 zrank=2 witness=[ 0, 0, 0, 0, 1, 0, 0, 0 ]
INVOLUTION_EXCLUSION id=[ 256, 54624 ] d=5 zrank=2 witness=[ 0, 0, 0, 0, 1, 0, 0, 0 ]
INVOLUTION_EXCLUSION id=[ 256, 54625 ] d=5 zrank=2 witness=[ 0, 0, 0, 0, 1, 0, 0, 0 ]
INVOLUTION_EXCLUSION id=[ 256, 54626 ] d=5 zrank=2 witness=[ 0, 0, 0, 0, 1, 0, 0, 0 ]
INVOLUTION_EXCLUSION id=[ 256, 54627 ] d=5 zrank=2 witness=[ 0, 0, 0, 0, 1, 0, 1, 0 ]
INVOLUTION_EXCLUSION id=[ 256, 54628 ] d=5 zrank=2 witness=[ 0, 0, 0, 0, 1, 0, 1, 0 ]
INVOLUTION_EXCLUSION id=[ 256, 54629 ] d=5 zrank=2 witness=[ 0, 0, 0, 0, 1, 0, 1, 0 ]
INVOLUTION_EXCLUSION id=[ 256, 54630 ] d=5 zrank=2 witness=[ 0, 0, 0, 0, 1, 0, 1, 0 ]
INVOLUTION_EXCLUSION id=[ 256, 54631 ] d=5 zrank=2 witness=[ 0, 0, 0, 0, 1, 0, 0, 0 ]
INVOLUTION_EXCLUSION id=[ 256, 54632 ] d=5 zrank=2 witness=[ 0, 0, 0, 0, 1, 0, 0, 0 ]
INVOLUTION_EXCLUSION id=[ 256, 54633 ] d=5 zrank=2 witness=[ 0, 0, 0, 0, 1, 0, 0, 0 ]
INVOLUTION_EXCLUSION id=[ 256, 54634 ] d=5 zrank=2 witness=[ 0, 0, 0, 0, 1, 0, 0, 0 ]
INVOLUTION_EXCLUSION id=[ 256, 54635 ] d=5 zrank=2 witness=[ 0, 0, 0, 0, 1, 0, 0, 0 ]
INVOLUTION_EXCLUSION id=[ 256, 54636 ] d=5 zrank=2 witness=[ 0, 0, 0, 0, 1, 0, 0, 0 ]
INVOLUTION_EXCLUSION id=[ 256, 54637 ] d=5 zrank=2 witness=[ 0, 0, 0, 0, 1, 0, 0, 0 ]
INVOLUTION_EXCLUSION id=[ 256, 54638 ] d=5 zrank=2 witness=[ 0, 0, 0, 0, 1, 0, 0, 0 ]
INVOLUTION_EXCLUSION id=[ 256, 54639 ] d=5 zrank=2 witness=[ 0, 0, 0, 0, 1, 0, 0, 0 ]
INVOLUTION_EXCLUSION id=[ 256, 54640 ] d=5 zrank=2 witness=[ 0, 0, 0, 0, 1, 0, 0, 0 ]
INVOLUTION_EXCLUSION id=[ 256, 54641 ] d=5 zrank=2 witness=[ 0, 0, 0, 0, 1, 0, 1, 0 ]
INVOLUTION_EXCLUSION id=[ 256, 54642 ] d=5 zrank=2 witness=[ 0, 0, 0, 0, 1, 0, 1, 0 ]
INVOLUTION_EXCLUSION id=[ 256, 54643 ] d=5 zrank=2 witness=[ 0, 0, 0, 0, 1, 0, 1, 0 ]
INVOLUTION_EXCLUSION id=[ 256, 54644 ] d=5 zrank=2 witness=[ 0, 0, 0, 0, 1, 0, 1, 0 ]
INVOLUTION_EXCLUSION id=[ 256, 54645 ] d=5 zrank=2 witness=[ 0, 0, 0, 0, 1, 0, 0, 0 ]
INVOLUTION_EXCLUSION id=[ 256, 54646 ] d=5 zrank=2 witness=[ 0, 0, 0, 0, 1, 0, 0, 0 ]
INVOLUTION_EXCLUSION id=[ 256, 54647 ] d=5 zrank=2 witness=[ 0, 0, 0, 0, 1, 0, 0, 0 ]
INVOLUTION_EXCLUSION id=[ 256, 54648 ] d=5 zrank=2 witness=[ 0, 0, 0, 0, 1, 0, 0, 0 ]
INVOLUTION_EXCLUSION id=[ 256, 54649 ] d=5 zrank=2 witness=[ 0, 0, 0, 0, 1, 0, 1, 0 ]
INVOLUTION_EXCLUSION id=[ 256, 54650 ] d=5 zrank=2 witness=[ 0, 0, 0, 0, 1, 0, 1, 0 ]
INVOLUTION_EXCLUSION id=[ 256, 54651 ] d=5 zrank=2 witness=[ 0, 0, 0, 0, 1, 0, 1, 0 ]
INVOLUTION_EXCLUSION id=[ 256, 54652 ] d=5 zrank=2 witness=[ 0, 0, 0, 0, 1, 0, 1, 0 ]
INVOLUTION_EXCLUSION id=[ 256, 54653 ] d=5 zrank=2 witness=[ 0, 0, 0, 0, 1, 0, 1, 0 ]
INVOLUTION_EXCLUSION id=[ 256, 54654 ] d=5 zrank=2 witness=[ 0, 0, 0, 0, 1, 0, 1, 0 ]
INVOLUTION_EXCLUSION id=[ 256, 54655 ] d=5 zrank=2 witness=[ 0, 0, 0, 0, 1, 0, 1, 0 ]
INVOLUTION_EXCLUSION id=[ 256, 54656 ] d=5 zrank=2 witness=[ 0, 0, 0, 0, 1, 0, 1, 0 ]
INVOLUTION_EXCLUSION id=[ 256, 54657 ] d=5 zrank=2 witness=[ 0, 0, 0, 0, 1, 0, 0, 0 ]
INVOLUTION_EXCLUSION id=[ 256, 54658 ] d=5 zrank=2 witness=[ 0, 0, 0, 0, 1, 0, 0, 0 ]
INVOLUTION_EXCLUSION id=[ 256, 54659 ] d=5 zrank=2 witness=[ 0, 0, 0, 0, 1, 0, 0, 0 ]
INVOLUTION_EXCLUSION id=[ 256, 54660 ] d=5 zrank=2 witness=[ 0, 0, 0, 0, 1, 0, 0, 0 ]
INVOLUTION_EXCLUSION id=[ 256, 54661 ] d=5 zrank=2 witness=[ 0, 0, 0, 0, 1, 0, 1, 0 ]
INVOLUTION_EXCLUSION id=[ 256, 54662 ] d=5 zrank=2 witness=[ 0, 0, 0, 0, 1, 0, 1, 0 ]
INVOLUTION_EXCLUSION id=[ 256, 54663 ] d=5 zrank=2 witness=[ 0, 0, 0, 0, 1, 0, 1, 0 ]
INVOLUTION_EXCLUSION id=[ 256, 54664 ] d=5 zrank=2 witness=[ 0, 0, 0, 0, 1, 0, 1, 0 ]
INVOLUTION_EXCLUSION id=[ 256, 54665 ] d=5 zrank=2 witness=[ 0, 0, 0, 0, 1, 0, 1, 0 ]
INVOLUTION_EXCLUSION id=[ 256, 54666 ] d=5 zrank=2 witness=[ 0, 0, 0, 0, 1, 0, 0, 0 ]
INVOLUTION_EXCLUSION id=[ 256, 54667 ] d=5 zrank=2 witness=[ 0, 0, 0, 0, 1, 0, 0, 0 ]
INVOLUTION_EXCLUSION id=[ 256, 54668 ] d=5 zrank=2 witness=[ 0, 0, 0, 0, 1, 0, 0, 0 ]
INVOLUTION_EXCLUSION id=[ 256, 54669 ] d=5 zrank=2 witness=[ 0, 0, 0, 0, 1, 0, 0, 0 ]
INVOLUTION_EXCLUSION id=[ 256, 54670 ] d=5 zrank=2 witness=[ 0, 0, 0, 0, 1, 0, 0, 0 ]
INVOLUTION_EXCLUSION id=[ 256, 54671 ] d=5 zrank=2 witness=[ 0, 0, 0, 0, 1, 0, 0, 0 ]
INVOLUTION_EXCLUSION id=[ 256, 54672 ] d=5 zrank=2 witness=[ 0, 0, 0, 0, 1, 0, 0, 0 ]
INVOLUTION_EXCLUSION id=[ 256, 54673 ] d=5 zrank=2 witness=[ 0, 0, 0, 0, 1, 0, 0, 0 ]
INVOLUTION_EXCLUSION id=[ 256, 54674 ] d=5 zrank=2 witness=[ 0, 0, 0, 0, 1, 0, 0, 0 ]
INVOLUTION_EXCLUSION id=[ 256, 54675 ] d=5 zrank=2 witness=[ 0, 0, 0, 0, 1, 0, 0, 0 ]
INVOLUTION_EXCLUSION id=[ 256, 54676 ] d=5 zrank=2 witness=[ 0, 0, 0, 0, 1, 0, 1, 0 ]
INVOLUTION_EXCLUSION id=[ 256, 54677 ] d=5 zrank=2 witness=[ 0, 0, 0, 0, 1, 0, 1, 0 ]
INVOLUTION_EXCLUSION id=[ 256, 54678 ] d=5 zrank=2 witness=[ 0, 0, 0, 0, 1, 0, 1, 0 ]
INVOLUTION_EXCLUSION id=[ 256, 54679 ] d=5 zrank=2 witness=[ 0, 0, 0, 0, 1, 0, 1, 0 ]
INVOLUTION_EXCLUSION id=[ 256, 54680 ] d=5 zrank=2 witness=[ 0, 0, 0, 0, 1, 0, 1, 0 ]
INVOLUTION_EXCLUSION id=[ 256, 54681 ] d=5 zrank=2 witness=[ 0, 0, 0, 0, 1, 0, 1, 0 ]
INVOLUTION_EXCLUSION id=[ 256, 54682 ] d=5 zrank=2 witness=[ 0, 0, 0, 0, 1, 0, 0, 0 ]
INVOLUTION_EXCLUSION id=[ 256, 54683 ] d=5 zrank=2 witness=[ 0, 0, 0, 0, 1, 0, 0, 0 ]
INVOLUTION_EXCLUSION id=[ 256, 54684 ] d=5 zrank=2 witness=[ 0, 0, 0, 0, 1, 0, 0, 0 ]
INVOLUTION_EXCLUSION id=[ 256, 54685 ] d=5 zrank=2 witness=[ 0, 0, 0, 0, 1, 0, 0, 0 ]
INVOLUTION_EXCLUSION id=[ 256, 54686 ] d=5 zrank=2 witness=[ 0, 0, 0, 0, 1, 0, 0, 0 ]
INVOLUTION_EXCLUSION id=[ 256, 54687 ] d=5 zrank=2 witness=[ 0, 0, 0, 0, 1, 0, 0, 0 ]
INVOLUTION_EXCLUSION id=[ 256, 54688 ] d=5 zrank=2 witness=[ 0, 0, 0, 0, 1, 0, 0, 0 ]
INVOLUTION_EXCLUSION id=[ 256, 54689 ] d=5 zrank=2 witness=[ 0, 0, 0, 0, 1, 0, 0, 0 ]
INVOLUTION_EXCLUSION id=[ 256, 54690 ] d=5 zrank=2 witness=[ 0, 0, 0, 0, 1, 0, 1, 0 ]
INVOLUTION_EXCLUSION id=[ 256, 54691 ] d=5 zrank=2 witness=[ 0, 0, 0, 0, 1, 0, 1, 0 ]
INVOLUTION_EXCLUSION id=[ 256, 54692 ] d=5 zrank=2 witness=[ 0, 0, 0, 0, 1, 0, 0, 0 ]
INVOLUTION_EXCLUSION id=[ 256, 54693 ] d=5 zrank=2 witness=[ 0, 0, 0, 0, 1, 0, 0, 0 ]
INVOLUTION_EXCLUSION id=[ 256, 54694 ] d=5 zrank=2 witness=[ 0, 0, 0, 0, 1, 0, 0, 0 ]
INVOLUTION_EXCLUSION id=[ 256, 54695 ] d=5 zrank=2 witness=[ 0, 0, 0, 0, 1, 0, 0, 0 ]
INVOLUTION_EXCLUSION id=[ 256, 54696 ] d=5 zrank=2 witness=[ 0, 0, 0, 0, 1, 0, 0, 0 ]
INVOLUTION_EXCLUSION id=[ 256, 54697 ] d=5 zrank=2 witness=[ 0, 0, 0, 0, 1, 0, 0, 0 ]
INVOLUTION_EXCLUSION id=[ 256, 54698 ] d=5 zrank=2 witness=[ 0, 0, 0, 0, 1, 0, 0, 0 ]
INVOLUTION_EXCLUSION id=[ 256, 54699 ] d=5 zrank=2 witness=[ 0, 0, 0, 0, 1, 0, 0, 0 ]
INVOLUTION_EXCLUSION id=[ 256, 54700 ] d=5 zrank=2 witness=[ 0, 0, 0, 0, 1, 0, 0, 0 ]
INVOLUTION_EXCLUSION id=[ 256, 54701 ] d=5 zrank=2 witness=[ 0, 0, 0, 0, 1, 0, 0, 0 ]
INVOLUTION_EXCLUSION id=[ 256, 54702 ] d=5 zrank=2 witness=[ 0, 0, 0, 0, 1, 0, 1, 0 ]
INVOLUTION_EXCLUSION id=[ 256, 54703 ] d=5 zrank=2 witness=[ 0, 0, 0, 0, 1, 0, 1, 0 ]
INVOLUTION_EXCLUSION id=[ 256, 54704 ] d=5 zrank=2 witness=[ 0, 0, 0, 0, 1, 0, 0, 0 ]
INVOLUTION_EXCLUSION id=[ 256, 54705 ] d=5 zrank=2 witness=[ 0, 0, 0, 0, 1, 0, 0, 0 ]
INVOLUTION_EXCLUSION id=[ 256, 54706 ] d=5 zrank=2 witness=[ 0, 0, 0, 0, 1, 0, 0, 0 ]
INVOLUTION_EXCLUSION id=[ 256, 54707 ] d=5 zrank=2 witness=[ 0, 0, 0, 0, 1, 0, 0, 0 ]
INVOLUTION_EXCLUSION id=[ 256, 54708 ] d=5 zrank=2 witness=[ 0, 0, 0, 0, 1, 0, 0, 0 ]
INVOLUTION_EXCLUSION id=[ 256, 54709 ] d=5 zrank=2 witness=[ 0, 0, 0, 0, 1, 0, 0, 0 ]
INVOLUTION_EXCLUSION id=[ 256, 54710 ] d=5 zrank=2 witness=[ 0, 0, 0, 0, 1, 0, 0, 0 ]
INVOLUTION_EXCLUSION id=[ 256, 54711 ] d=5 zrank=2 witness=[ 0, 0, 0, 0, 1, 0, 0, 0 ]
INVOLUTION_EXCLUSION id=[ 256, 54712 ] d=5 zrank=2 witness=[ 0, 0, 0, 0, 1, 0, 1, 0 ]
INVOLUTION_EXCLUSION id=[ 256, 54713 ] d=5 zrank=2 witness=[ 0, 0, 0, 0, 1, 0, 1, 0 ]
INVOLUTION_EXCLUSION id=[ 256, 54714 ] d=5 zrank=2 witness=[ 0, 0, 0, 0, 1, 0, 0, 0 ]
INVOLUTION_EXCLUSION id=[ 256, 54715 ] d=5 zrank=2 witness=[ 0, 0, 0, 0, 1, 0, 0, 0 ]
INVOLUTION_EXCLUSION id=[ 256, 54716 ] d=5 zrank=2 witness=[ 0, 0, 0, 0, 1, 0, 0, 0 ]
INVOLUTION_EXCLUSION id=[ 256, 54717 ] d=5 zrank=2 witness=[ 0, 0, 0, 0, 1, 0, 0, 0 ]
INVOLUTION_EXCLUSION id=[ 256, 54718 ] d=5 zrank=2 witness=[ 0, 0, 0, 0, 1, 0, 0, 0 ]
INVOLUTION_EXCLUSION id=[ 256, 54719 ] d=5 zrank=2 witness=[ 0, 0, 0, 0, 1, 0, 0, 0 ]
INVOLUTION_EXCLUSION id=[ 256, 54720 ] d=5 zrank=2 witness=[ 0, 0, 0, 0, 1, 0, 1, 0 ]
INVOLUTION_EXCLUSION id=[ 256, 54721 ] d=5 zrank=2 witness=[ 0, 0, 0, 0, 1, 0, 1, 0 ]
INVOLUTION_EXCLUSION id=[ 256, 54722 ] d=5 zrank=2 witness=[ 0, 0, 0, 0, 1, 0, 1, 0 ]
INVOLUTION_EXCLUSION id=[ 256, 54723 ] d=5 zrank=2 witness=[ 0, 0, 0, 0, 1, 0, 0, 0 ]
INVOLUTION_EXCLUSION id=[ 256, 54724 ] d=5 zrank=2 witness=[ 0, 0, 0, 0, 1, 0, 0, 0 ]
INVOLUTION_EXCLUSION id=[ 256, 54725 ] d=5 zrank=2 witness=[ 0, 0, 0, 0, 1, 0, 0, 0 ]
INVOLUTION_EXCLUSION id=[ 256, 54726 ] d=5 zrank=2 witness=[ 0, 0, 0, 0, 1, 0, 0, 0 ]
INVOLUTION_EXCLUSION id=[ 256, 54727 ] d=5 zrank=2 witness=[ 0, 0, 0, 0, 1, 0, 0, 0 ]
INVOLUTION_EXCLUSION id=[ 256, 54728 ] d=5 zrank=2 witness=[ 0, 0, 0, 0, 1, 0, 0, 0 ]
INVOLUTION_EXCLUSION id=[ 256, 54729 ] d=5 zrank=2 witness=[ 0, 0, 0, 0, 1, 0, 1, 0 ]
INVOLUTION_EXCLUSION id=[ 256, 54730 ] d=5 zrank=2 witness=[ 0, 0, 0, 0, 1, 0, 1, 0 ]
INVOLUTION_EXCLUSION id=[ 256, 54731 ] d=5 zrank=2 witness=[ 0, 0, 0, 0, 1, 0, 1, 0 ]
INVOLUTION_EXCLUSION id=[ 256, 54732 ] d=5 zrank=2 witness=[ 0, 0, 0, 0, 1, 0, 0, 0 ]
INVOLUTION_EXCLUSION id=[ 256, 54733 ] d=5 zrank=2 witness=[ 0, 0, 0, 0, 1, 0, 0, 0 ]
INVOLUTION_EXCLUSION id=[ 256, 54734 ] d=5 zrank=2 witness=[ 0, 0, 0, 0, 1, 0, 0, 0 ]
INVOLUTION_EXCLUSION id=[ 256, 54735 ] d=5 zrank=2 witness=[ 0, 0, 0, 0, 1, 0, 0, 0 ]
INVOLUTION_EXCLUSION id=[ 256, 54736 ] d=5 zrank=2 witness=[ 0, 0, 0, 0, 1, 0, 0, 0 ]
INVOLUTION_EXCLUSION id=[ 256, 54737 ] d=5 zrank=2 witness=[ 0, 0, 0, 0, 1, 0, 0, 0 ]
INVOLUTION_EXCLUSION id=[ 256, 54738 ] d=5 zrank=2 witness=[ 0, 0, 0, 0, 1, 0, 0, 0 ]
INVOLUTION_EXCLUSION id=[ 256, 54739 ] d=5 zrank=2 witness=[ 0, 0, 0, 0, 1, 0, 0, 0 ]
INVOLUTION_EXCLUSION id=[ 256, 54740 ] d=5 zrank=2 witness=[ 0, 0, 0, 0, 1, 0, 1, 0 ]
INVOLUTION_EXCLUSION id=[ 256, 54741 ] d=5 zrank=2 witness=[ 0, 0, 0, 0, 1, 0, 1, 0 ]
INVOLUTION_EXCLUSION id=[ 256, 54742 ] d=5 zrank=2 witness=[ 0, 0, 0, 0, 1, 0, 1, 0 ]
INVOLUTION_EXCLUSION id=[ 256, 54743 ] d=5 zrank=2 witness=[ 0, 0, 0, 0, 1, 0, 1, 0 ]
INVOLUTION_EXCLUSION id=[ 256, 54744 ] d=5 zrank=2 witness=[ 0, 0, 0, 0, 1, 0, 1, 0 ]
INVOLUTION_EXCLUSION id=[ 256, 54745 ] d=5 zrank=2 witness=[ 0, 0, 0, 0, 1, 0, 1, 0 ]
INVOLUTION_EXCLUSION id=[ 256, 54746 ] d=5 zrank=2 witness=[ 0, 0, 0, 0, 1, 0, 1, 0 ]
INVOLUTION_EXCLUSION id=[ 256, 54747 ] d=5 zrank=2 witness=[ 0, 0, 0, 0, 1, 0, 1, 0 ]
INVOLUTION_EXCLUSION id=[ 256, 54748 ] d=5 zrank=2 witness=[ 0, 0, 0, 0, 1, 0, 1, 0 ]
INVOLUTION_EXCLUSION id=[ 256, 54749 ] d=5 zrank=2 witness=[ 0, 0, 0, 0, 1, 0, 1, 0 ]
INVOLUTION_EXCLUSION id=[ 256, 54750 ] d=5 zrank=2 witness=[ 0, 0, 0, 0, 1, 0, 1, 0 ]
INVOLUTION_EXCLUSION id=[ 256, 54751 ] d=5 zrank=2 witness=[ 0, 0, 0, 0, 1, 0, 1, 0 ]
INVOLUTION_EXCLUSION id=[ 256, 54752 ] d=5 zrank=2 witness=[ 0, 0, 0, 0, 1, 0, 0, 0 ]
INVOLUTION_EXCLUSION id=[ 256, 54753 ] d=5 zrank=2 witness=[ 0, 0, 0, 0, 1, 0, 0, 0 ]
INVOLUTION_EXCLUSION id=[ 256, 54754 ] d=5 zrank=2 witness=[ 0, 0, 0, 0, 1, 0, 0, 0 ]
INVOLUTION_EXCLUSION id=[ 256, 54755 ] d=5 zrank=2 witness=[ 0, 0, 0, 0, 1, 0, 0, 0 ]
INVOLUTION_EXCLUSION id=[ 256, 54756 ] d=5 zrank=2 witness=[ 0, 0, 0, 0, 1, 0, 0, 0 ]
INVOLUTION_EXCLUSION id=[ 256, 54757 ] d=5 zrank=2 witness=[ 0, 0, 0, 0, 1, 0, 0, 0 ]
INVOLUTION_EXCLUSION id=[ 256, 54758 ] d=5 zrank=2 witness=[ 0, 0, 0, 0, 1, 0, 1, 0 ]
INVOLUTION_EXCLUSION id=[ 256, 54759 ] d=5 zrank=2 witness=[ 0, 0, 0, 0, 1, 0, 1, 0 ]
INVOLUTION_EXCLUSION id=[ 256, 54760 ] d=5 zrank=2 witness=[ 0, 0, 0, 0, 1, 0, 1, 0 ]
INVOLUTION_EXCLUSION id=[ 256, 54761 ] d=5 zrank=2 witness=[ 0, 0, 0, 0, 1, 0, 1, 0 ]
INVOLUTION_EXCLUSION id=[ 256, 54762 ] d=5 zrank=2 witness=[ 0, 0, 0, 0, 1, 0, 0, 0 ]
INVOLUTION_EXCLUSION id=[ 256, 54763 ] d=5 zrank=2 witness=[ 0, 0, 0, 0, 1, 0, 0, 0 ]
INVOLUTION_EXCLUSION id=[ 256, 54764 ] d=5 zrank=2 witness=[ 0, 0, 0, 0, 1, 0, 0, 0 ]
INVOLUTION_EXCLUSION id=[ 256, 54765 ] d=5 zrank=2 witness=[ 0, 0, 0, 0, 1, 0, 0, 0 ]
INVOLUTION_EXCLUSION id=[ 256, 54766 ] d=5 zrank=2 witness=[ 0, 0, 0, 0, 1, 0, 0, 0 ]
INVOLUTION_EXCLUSION id=[ 256, 54767 ] d=5 zrank=2 witness=[ 0, 0, 0, 0, 1, 0, 0, 0 ]
INVOLUTION_EXCLUSION id=[ 256, 54768 ] d=5 zrank=2 witness=[ 0, 0, 0, 0, 1, 0, 1, 0 ]
INVOLUTION_EXCLUSION id=[ 256, 54769 ] d=5 zrank=2 witness=[ 0, 0, 0, 0, 1, 0, 1, 0 ]
INVOLUTION_EXCLUSION id=[ 256, 54770 ] d=5 zrank=2 witness=[ 0, 0, 0, 0, 1, 0, 1, 0 ]
INVOLUTION_EXCLUSION id=[ 256, 54771 ] d=5 zrank=2 witness=[ 0, 0, 0, 0, 1, 0, 1, 0 ]
INVOLUTION_EXCLUSION id=[ 256, 54772 ] d=5 zrank=2 witness=[ 0, 0, 0, 0, 1, 0, 0, 0 ]
INVOLUTION_EXCLUSION id=[ 256, 54773 ] d=5 zrank=2 witness=[ 0, 0, 0, 0, 1, 0, 0, 0 ]
INVOLUTION_EXCLUSION id=[ 256, 54774 ] d=5 zrank=2 witness=[ 0, 0, 0, 0, 1, 0, 0, 0 ]
INVOLUTION_EXCLUSION id=[ 256, 54775 ] d=5 zrank=2 witness=[ 0, 0, 0, 0, 1, 0, 0, 0 ]
INVOLUTION_EXCLUSION id=[ 256, 54776 ] d=5 zrank=2 witness=[ 0, 0, 0, 0, 1, 0, 1, 0 ]
INVOLUTION_EXCLUSION id=[ 256, 54777 ] d=5 zrank=2 witness=[ 0, 0, 0, 0, 1, 0, 1, 0 ]
INVOLUTION_EXCLUSION id=[ 256, 54778 ] d=5 zrank=2 witness=[ 0, 0, 0, 0, 1, 0, 1, 0 ]
INVOLUTION_EXCLUSION id=[ 256, 54779 ] d=5 zrank=2 witness=[ 0, 0, 0, 0, 1, 0, 1, 0 ]
INVOLUTION_EXCLUSION id=[ 256, 54780 ] d=5 zrank=2 witness=[ 0, 0, 0, 0, 1, 0, 1, 0 ]
INVOLUTION_EXCLUSION id=[ 256, 54781 ] d=5 zrank=2 witness=[ 0, 0, 0, 0, 1, 0, 0, 0 ]
INVOLUTION_EXCLUSION id=[ 256, 54782 ] d=5 zrank=2 witness=[ 0, 0, 0, 0, 1, 0, 0, 0 ]
INVOLUTION_EXCLUSION id=[ 256, 54783 ] d=5 zrank=2 witness=[ 0, 0, 0, 0, 1, 0, 0, 0 ]
INVOLUTION_EXCLUSION id=[ 256, 54784 ] d=5 zrank=2 witness=[ 0, 0, 0, 0, 1, 0, 0, 0 ]
INVOLUTION_EXCLUSION id=[ 256, 54785 ] d=5 zrank=2 witness=[ 0, 0, 0, 0, 1, 0, 1, 0 ]
INVOLUTION_EXCLUSION id=[ 256, 54786 ] d=5 zrank=2 witness=[ 0, 0, 0, 0, 1, 0, 1, 0 ]
INVOLUTION_EXCLUSION id=[ 256, 54787 ] d=5 zrank=2 witness=[ 0, 0, 0, 0, 1, 0, 1, 0 ]
INVOLUTION_EXCLUSION id=[ 256, 54788 ] d=5 zrank=2 witness=[ 0, 0, 0, 0, 1, 0, 1, 0 ]
INVOLUTION_EXCLUSION id=[ 256, 54789 ] d=5 zrank=2 witness=[ 0, 0, 0, 0, 1, 0, 0, 0 ]
INVOLUTION_EXCLUSION id=[ 256, 54790 ] d=5 zrank=2 witness=[ 0, 0, 0, 0, 1, 0, 0, 0 ]
INVOLUTION_EXCLUSION id=[ 256, 54791 ] d=5 zrank=2 witness=[ 0, 0, 0, 0, 1, 0, 0, 0 ]
INVOLUTION_EXCLUSION id=[ 256, 54792 ] d=5 zrank=2 witness=[ 0, 0, 0, 0, 1, 0, 0, 0 ]
INVOLUTION_EXCLUSION id=[ 256, 54793 ] d=5 zrank=2 witness=[ 0, 0, 0, 0, 1, 0, 0, 0 ]
INVOLUTION_EXCLUSION id=[ 256, 54794 ] d=5 zrank=2 witness=[ 0, 0, 0, 0, 1, 0, 0, 0 ]
INVOLUTION_EXCLUSION id=[ 256, 54795 ] d=5 zrank=2 witness=[ 0, 0, 0, 0, 1, 0, 0, 0 ]
INVOLUTION_EXCLUSION id=[ 256, 54796 ] d=5 zrank=2 witness=[ 0, 0, 0, 0, 1, 0, 0, 0 ]
INVOLUTION_EXCLUSION id=[ 256, 54797 ] d=5 zrank=2 witness=[ 0, 0, 0, 0, 1, 0, 0, 0 ]
INVOLUTION_EXCLUSION id=[ 256, 54798 ] d=5 zrank=2 witness=[ 0, 0, 0, 0, 1, 0, 0, 0 ]
INVOLUTION_EXCLUSION id=[ 256, 54799 ] d=5 zrank=2 witness=[ 0, 0, 0, 0, 1, 0, 1, 0 ]
INVOLUTION_EXCLUSION id=[ 256, 54800 ] d=5 zrank=2 witness=[ 0, 0, 0, 0, 1, 0, 1, 0 ]
INVOLUTION_EXCLUSION id=[ 256, 54801 ] d=5 zrank=2 witness=[ 0, 0, 0, 0, 1, 0, 1, 0 ]
INVOLUTION_EXCLUSION id=[ 256, 54802 ] d=5 zrank=2 witness=[ 0, 0, 0, 0, 1, 0, 1, 0 ]
INVOLUTION_EXCLUSION id=[ 256, 54803 ] d=5 zrank=2 witness=[ 0, 0, 0, 0, 1, 0, 1, 0 ]
INVOLUTION_EXCLUSION id=[ 256, 54804 ] d=5 zrank=2 witness=[ 0, 0, 0, 0, 1, 0, 1, 0 ]
INVOLUTION_EXCLUSION id=[ 256, 54805 ] d=5 zrank=2 witness=[ 0, 0, 0, 0, 1, 0, 0, 0 ]
INVOLUTION_EXCLUSION id=[ 256, 54806 ] d=5 zrank=2 witness=[ 0, 0, 0, 0, 1, 0, 0, 0 ]
INVOLUTION_EXCLUSION id=[ 256, 54807 ] d=5 zrank=2 witness=[ 0, 0, 0, 0, 1, 0, 0, 0 ]
INVOLUTION_EXCLUSION id=[ 256, 54808 ] d=5 zrank=2 witness=[ 0, 0, 0, 0, 1, 0, 0, 0 ]
INVOLUTION_EXCLUSION id=[ 256, 54809 ] d=5 zrank=2 witness=[ 0, 0, 0, 0, 1, 0, 0, 0 ]
INVOLUTION_EXCLUSION id=[ 256, 54810 ] d=5 zrank=2 witness=[ 0, 0, 0, 0, 1, 0, 0, 0 ]
INVOLUTION_EXCLUSION id=[ 256, 54811 ] d=5 zrank=2 witness=[ 0, 0, 0, 0, 1, 0, 1, 0 ]
INVOLUTION_EXCLUSION id=[ 256, 54812 ] d=5 zrank=2 witness=[ 0, 0, 0, 0, 1, 0, 1, 0 ]
INVOLUTION_EXCLUSION id=[ 256, 54813 ] d=5 zrank=2 witness=[ 0, 0, 0, 0, 1, 0, 0, 0 ]
INVOLUTION_EXCLUSION id=[ 256, 54814 ] d=5 zrank=2 witness=[ 0, 0, 0, 0, 1, 0, 0, 0 ]
INVOLUTION_EXCLUSION id=[ 256, 54815 ] d=5 zrank=2 witness=[ 0, 0, 0, 0, 1, 0, 0, 0 ]
INVOLUTION_EXCLUSION id=[ 256, 54816 ] d=5 zrank=2 witness=[ 0, 0, 0, 0, 1, 0, 0, 0 ]
INVOLUTION_EXCLUSION id=[ 256, 54817 ] d=5 zrank=2 witness=[ 0, 0, 0, 0, 1, 0, 0, 0 ]
INVOLUTION_EXCLUSION id=[ 256, 54818 ] d=5 zrank=2 witness=[ 0, 0, 0, 0, 1, 0, 0, 0 ]
INVOLUTION_EXCLUSION id=[ 256, 54819 ] d=5 zrank=2 witness=[ 0, 0, 0, 0, 1, 0, 0, 0 ]
INVOLUTION_EXCLUSION id=[ 256, 54820 ] d=5 zrank=2 witness=[ 0, 0, 0, 0, 1, 0, 0, 0 ]
INVOLUTION_EXCLUSION id=[ 256, 54821 ] d=5 zrank=2 witness=[ 0, 0, 0, 0, 1, 0, 1, 0 ]
INVOLUTION_EXCLUSION id=[ 256, 54822 ] d=5 zrank=2 witness=[ 0, 0, 0, 0, 1, 0, 1, 0 ]
INVOLUTION_EXCLUSION id=[ 256, 54823 ] d=5 zrank=2 witness=[ 0, 0, 0, 0, 1, 0, 0, 0 ]
INVOLUTION_EXCLUSION id=[ 256, 54824 ] d=5 zrank=2 witness=[ 0, 0, 0, 0, 1, 0, 0, 0 ]
INVOLUTION_EXCLUSION id=[ 256, 54825 ] d=5 zrank=2 witness=[ 0, 0, 0, 0, 1, 0, 0, 0 ]
INVOLUTION_EXCLUSION id=[ 256, 54826 ] d=5 zrank=2 witness=[ 0, 0, 0, 0, 1, 0, 0, 0 ]
INVOLUTION_EXCLUSION id=[ 256, 54827 ] d=5 zrank=2 witness=[ 0, 0, 0, 0, 1, 0, 1, 0 ]
INVOLUTION_EXCLUSION id=[ 256, 54828 ] d=5 zrank=2 witness=[ 0, 0, 0, 0, 1, 0, 1, 0 ]
INVOLUTION_EXCLUSION id=[ 256, 54829 ] d=5 zrank=2 witness=[ 0, 0, 0, 0, 1, 0, 0, 0 ]
INVOLUTION_EXCLUSION id=[ 256, 54830 ] d=5 zrank=2 witness=[ 0, 0, 0, 0, 1, 0, 0, 0 ]
INVOLUTION_EXCLUSION id=[ 256, 54831 ] d=5 zrank=2 witness=[ 0, 0, 0, 0, 1, 0, 0, 0 ]
INVOLUTION_EXCLUSION id=[ 256, 54832 ] d=5 zrank=2 witness=[ 0, 0, 0, 0, 1, 0, 0, 0 ]
INVOLUTION_EXCLUSION id=[ 256, 54833 ] d=5 zrank=2 witness=[ 0, 0, 0, 0, 1, 0, 1, 0 ]
INVOLUTION_EXCLUSION id=[ 256, 54834 ] d=5 zrank=2 witness=[ 0, 0, 0, 0, 1, 0, 1, 0 ]
INVOLUTION_EXCLUSION id=[ 256, 54835 ] d=5 zrank=2 witness=[ 0, 0, 0, 0, 1, 0, 0, 0 ]
INVOLUTION_EXCLUSION id=[ 256, 54836 ] d=5 zrank=2 witness=[ 0, 0, 0, 0, 1, 0, 0, 0 ]
INVOLUTION_EXCLUSION id=[ 256, 54837 ] d=5 zrank=2 witness=[ 0, 0, 0, 0, 1, 0, 0, 0 ]
INVOLUTION_EXCLUSION id=[ 256, 54838 ] d=5 zrank=2 witness=[ 0, 0, 0, 0, 1, 0, 0, 0 ]
INVOLUTION_EXCLUSION id=[ 256, 54839 ] d=5 zrank=2 witness=[ 0, 0, 0, 0, 1, 0, 0, 0 ]
INVOLUTION_EXCLUSION id=[ 256, 54840 ] d=5 zrank=2 witness=[ 0, 0, 0, 0, 1, 0, 0, 0 ]
INVOLUTION_EXCLUSION id=[ 256, 54841 ] d=5 zrank=2 witness=[ 0, 0, 0, 0, 1, 0, 0, 0 ]
INVOLUTION_EXCLUSION id=[ 256, 54842 ] d=5 zrank=2 witness=[ 0, 0, 0, 0, 1, 0, 0, 0 ]
INVOLUTION_EXCLUSION id=[ 256, 54843 ] d=5 zrank=2 witness=[ 0, 0, 0, 0, 1, 0, 0, 0 ]
INVOLUTION_EXCLUSION id=[ 256, 54844 ] d=5 zrank=2 witness=[ 0, 0, 0, 0, 1, 0, 0, 0 ]
INVOLUTION_EXCLUSION id=[ 256, 54845 ] d=5 zrank=2 witness=[ 0, 0, 0, 0, 1, 0, 1, 0 ]
INVOLUTION_EXCLUSION id=[ 256, 54846 ] d=5 zrank=2 witness=[ 0, 0, 0, 0, 1, 0, 1, 0 ]
INVOLUTION_EXCLUSION id=[ 256, 54847 ] d=5 zrank=2 witness=[ 0, 0, 0, 0, 1, 0, 1, 0 ]
INVOLUTION_EXCLUSION id=[ 256, 54848 ] d=5 zrank=2 witness=[ 0, 0, 0, 0, 1, 0, 1, 0 ]
INVOLUTION_EXCLUSION id=[ 256, 54849 ] d=5 zrank=2 witness=[ 0, 0, 0, 0, 1, 0, 1, 0 ]
INVOLUTION_EXCLUSION id=[ 256, 54850 ] d=5 zrank=2 witness=[ 0, 0, 0, 0, 1, 0, 1, 0 ]
INVOLUTION_EXCLUSION id=[ 256, 54851 ] d=5 zrank=2 witness=[ 0, 0, 0, 0, 1, 0, 0, 0 ]
INVOLUTION_EXCLUSION id=[ 256, 54852 ] d=5 zrank=2 witness=[ 0, 0, 0, 0, 1, 0, 0, 0 ]
INVOLUTION_EXCLUSION id=[ 256, 54853 ] d=5 zrank=2 witness=[ 0, 0, 0, 0, 1, 0, 0, 0 ]
INVOLUTION_EXCLUSION id=[ 256, 54854 ] d=5 zrank=2 witness=[ 0, 0, 0, 0, 1, 0, 0, 0 ]
INVOLUTION_EXCLUSION id=[ 256, 54855 ] d=5 zrank=2 witness=[ 0, 0, 0, 0, 1, 0, 1, 0 ]
INVOLUTION_EXCLUSION id=[ 256, 54856 ] d=5 zrank=2 witness=[ 0, 0, 0, 0, 1, 0, 1, 0 ]
INVOLUTION_EXCLUSION id=[ 256, 54857 ] d=5 zrank=2 witness=[ 0, 0, 0, 0, 1, 0, 1, 0 ]
INVOLUTION_EXCLUSION id=[ 256, 54858 ] d=5 zrank=2 witness=[ 0, 0, 0, 0, 1, 0, 1, 0 ]
INVOLUTION_EXCLUSION id=[ 256, 54859 ] d=5 zrank=2 witness=[ 0, 0, 0, 0, 1, 0, 1, 0 ]
INVOLUTION_EXCLUSION id=[ 256, 54860 ] d=5 zrank=2 witness=[ 0, 0, 0, 0, 1, 0, 0, 0 ]
INVOLUTION_EXCLUSION id=[ 256, 54861 ] d=5 zrank=2 witness=[ 0, 0, 0, 0, 1, 0, 0, 0 ]
INVOLUTION_EXCLUSION id=[ 256, 54862 ] d=5 zrank=2 witness=[ 0, 0, 0, 0, 1, 0, 0, 0 ]
INVOLUTION_EXCLUSION id=[ 256, 54863 ] d=5 zrank=2 witness=[ 0, 0, 0, 0, 1, 0, 0, 0 ]
INVOLUTION_EXCLUSION id=[ 256, 54864 ] d=5 zrank=2 witness=[ 0, 0, 0, 0, 1, 0, 1, 0 ]
INVOLUTION_EXCLUSION id=[ 256, 54865 ] d=5 zrank=2 witness=[ 0, 0, 0, 0, 1, 0, 1, 0 ]
INVOLUTION_EXCLUSION id=[ 256, 54866 ] d=5 zrank=2 witness=[ 0, 0, 0, 0, 1, 0, 1, 0 ]
INVOLUTION_EXCLUSION id=[ 256, 54867 ] d=5 zrank=2 witness=[ 0, 0, 0, 0, 1, 0, 1, 0 ]
INVOLUTION_EXCLUSION id=[ 256, 54868 ] d=5 zrank=2 witness=[ 0, 0, 0, 0, 1, 0, 0, 0 ]
INVOLUTION_EXCLUSION id=[ 256, 54869 ] d=5 zrank=2 witness=[ 0, 0, 0, 0, 1, 0, 0, 0 ]
INVOLUTION_EXCLUSION id=[ 256, 54870 ] d=5 zrank=2 witness=[ 0, 0, 0, 0, 1, 0, 0, 0 ]
INVOLUTION_EXCLUSION id=[ 256, 54871 ] d=5 zrank=2 witness=[ 0, 0, 0, 0, 1, 0, 0, 0 ]
INVOLUTION_EXCLUSION id=[ 256, 54872 ] d=5 zrank=2 witness=[ 0, 0, 0, 0, 1, 0, 0, 0 ]
INVOLUTION_EXCLUSION id=[ 256, 54873 ] d=5 zrank=2 witness=[ 0, 0, 0, 0, 1, 0, 0, 0 ]
INVOLUTION_EXCLUSION id=[ 256, 54874 ] d=5 zrank=2 witness=[ 0, 0, 0, 0, 1, 0, 1, 0 ]
INVOLUTION_EXCLUSION id=[ 256, 54875 ] d=5 zrank=2 witness=[ 0, 0, 0, 0, 1, 0, 1, 0 ]
INVOLUTION_EXCLUSION id=[ 256, 54876 ] d=5 zrank=2 witness=[ 0, 0, 0, 0, 1, 0, 0, 0 ]
INVOLUTION_EXCLUSION id=[ 256, 54877 ] d=5 zrank=2 witness=[ 0, 0, 0, 0, 1, 0, 0, 0 ]
INVOLUTION_EXCLUSION id=[ 256, 54878 ] d=5 zrank=2 witness=[ 0, 0, 0, 0, 1, 0, 0, 0 ]
INVOLUTION_EXCLUSION id=[ 256, 54879 ] d=5 zrank=2 witness=[ 0, 0, 0, 0, 1, 0, 0, 0 ]
INVOLUTION_EXCLUSION id=[ 256, 54880 ] d=5 zrank=2 witness=[ 0, 0, 0, 0, 1, 0, 0, 0 ]
INVOLUTION_EXCLUSION id=[ 256, 54881 ] d=5 zrank=2 witness=[ 0, 0, 0, 0, 1, 0, 0, 0 ]
INVOLUTION_EXCLUSION id=[ 256, 54882 ] d=5 zrank=2 witness=[ 0, 0, 0, 0, 1, 0, 0, 0 ]
INVOLUTION_EXCLUSION id=[ 256, 54883 ] d=5 zrank=2 witness=[ 0, 0, 0, 0, 1, 0, 0, 0 ]
INVOLUTION_EXCLUSION id=[ 256, 54884 ] d=5 zrank=2 witness=[ 0, 0, 0, 0, 1, 0, 1, 0 ]
INVOLUTION_EXCLUSION id=[ 256, 54885 ] d=5 zrank=2 witness=[ 0, 0, 0, 0, 1, 0, 1, 0 ]
INVOLUTION_EXCLUSION id=[ 256, 54886 ] d=5 zrank=2 witness=[ 0, 0, 0, 0, 1, 0, 0, 0 ]
INVOLUTION_EXCLUSION id=[ 256, 54887 ] d=5 zrank=2 witness=[ 0, 0, 0, 0, 1, 0, 0, 0 ]
INVOLUTION_EXCLUSION id=[ 256, 54888 ] d=5 zrank=2 witness=[ 0, 0, 0, 0, 1, 0, 0, 0 ]
INVOLUTION_EXCLUSION id=[ 256, 54889 ] d=5 zrank=2 witness=[ 0, 0, 0, 0, 1, 0, 0, 0 ]
INVOLUTION_EXCLUSION id=[ 256, 54890 ] d=5 zrank=2 witness=[ 0, 0, 0, 0, 1, 0, 1, 0 ]
INVOLUTION_EXCLUSION id=[ 256, 54891 ] d=5 zrank=2 witness=[ 0, 0, 0, 0, 1, 0, 1, 0 ]
INVOLUTION_EXCLUSION id=[ 256, 54892 ] d=5 zrank=2 witness=[ 0, 0, 0, 0, 1, 0, 0, 0 ]
INVOLUTION_EXCLUSION id=[ 256, 54893 ] d=5 zrank=2 witness=[ 0, 0, 0, 0, 1, 0, 0, 0 ]
INVOLUTION_EXCLUSION id=[ 256, 54894 ] d=5 zrank=2 witness=[ 0, 0, 0, 0, 1, 0, 0, 0 ]
INVOLUTION_EXCLUSION id=[ 256, 54895 ] d=5 zrank=2 witness=[ 0, 0, 0, 0, 1, 0, 0, 0 ]
INVOLUTION_EXCLUSION id=[ 256, 54896 ] d=5 zrank=2 witness=[ 0, 0, 0, 0, 1, 0, 1, 0 ]
INVOLUTION_EXCLUSION id=[ 256, 54897 ] d=5 zrank=2 witness=[ 0, 0, 0, 0, 1, 0, 1, 0 ]
INVOLUTION_EXCLUSION id=[ 256, 54898 ] d=5 zrank=2 witness=[ 0, 0, 0, 0, 1, 0, 0, 0 ]
INVOLUTION_EXCLUSION id=[ 256, 54899 ] d=5 zrank=2 witness=[ 0, 0, 0, 0, 1, 0, 0, 0 ]
INVOLUTION_EXCLUSION id=[ 256, 54900 ] d=5 zrank=2 witness=[ 0, 0, 0, 0, 1, 0, 0, 0 ]
INVOLUTION_EXCLUSION id=[ 256, 54901 ] d=5 zrank=2 witness=[ 0, 0, 0, 0, 1, 0, 0, 0 ]
INVOLUTION_EXCLUSION id=[ 256, 54902 ] d=5 zrank=2 witness=[ 0, 0, 0, 0, 1, 0, 0, 0 ]
INVOLUTION_EXCLUSION id=[ 256, 54903 ] d=5 zrank=2 witness=[ 0, 0, 0, 0, 1, 0, 0, 0 ]
INVOLUTION_EXCLUSION id=[ 256, 54904 ] d=5 zrank=2 witness=[ 0, 0, 0, 0, 1, 0, 0, 0 ]
INVOLUTION_EXCLUSION id=[ 256, 54905 ] d=5 zrank=2 witness=[ 0, 0, 0, 0, 1, 0, 0, 0 ]
INVOLUTION_EXCLUSION id=[ 256, 54906 ] d=5 zrank=2 witness=[ 0, 0, 0, 0, 1, 0, 0, 0 ]
INVOLUTION_EXCLUSION id=[ 256, 54907 ] d=5 zrank=2 witness=[ 0, 0, 0, 0, 1, 0, 0, 0 ]
INVOLUTION_EXCLUSION id=[ 256, 54908 ] d=5 zrank=2 witness=[ 0, 0, 0, 0, 1, 0, 1, 0 ]
INVOLUTION_EXCLUSION id=[ 256, 54909 ] d=5 zrank=2 witness=[ 0, 0, 0, 0, 1, 0, 1, 0 ]
INVOLUTION_EXCLUSION id=[ 256, 54910 ] d=5 zrank=2 witness=[ 0, 0, 0, 0, 1, 0, 1, 0 ]
INVOLUTION_EXCLUSION id=[ 256, 54911 ] d=5 zrank=2 witness=[ 0, 0, 0, 0, 1, 0, 1, 0 ]
INVOLUTION_EXCLUSION id=[ 256, 54912 ] d=5 zrank=2 witness=[ 0, 0, 0, 0, 1, 0, 1, 0 ]
INVOLUTION_EXCLUSION id=[ 256, 54913 ] d=5 zrank=2 witness=[ 0, 0, 0, 0, 1, 0, 1, 0 ]
INVOLUTION_EXCLUSION id=[ 256, 54914 ] d=5 zrank=2 witness=[ 0, 0, 0, 0, 1, 0, 0, 0 ]
INVOLUTION_EXCLUSION id=[ 256, 54915 ] d=5 zrank=2 witness=[ 0, 0, 0, 0, 1, 0, 0, 0 ]
INVOLUTION_EXCLUSION id=[ 256, 54916 ] d=5 zrank=2 witness=[ 0, 0, 0, 0, 1, 0, 0, 0 ]
INVOLUTION_EXCLUSION id=[ 256, 54917 ] d=5 zrank=2 witness=[ 0, 0, 0, 0, 1, 0, 0, 0 ]
INVOLUTION_EXCLUSION id=[ 256, 54918 ] d=5 zrank=2 witness=[ 0, 0, 0, 0, 1, 0, 1, 0 ]
INVOLUTION_EXCLUSION id=[ 256, 54919 ] d=5 zrank=2 witness=[ 0, 0, 0, 0, 1, 0, 1, 0 ]
INVOLUTION_EXCLUSION id=[ 256, 54920 ] d=5 zrank=2 witness=[ 0, 0, 0, 0, 1, 0, 1, 0 ]
INVOLUTION_EXCLUSION id=[ 256, 54921 ] d=5 zrank=2 witness=[ 0, 0, 0, 0, 1, 0, 1, 0 ]
INVOLUTION_EXCLUSION id=[ 256, 54922 ] d=5 zrank=2 witness=[ 0, 0, 0, 0, 1, 0, 1, 0 ]
INVOLUTION_EXCLUSION id=[ 256, 54923 ] d=5 zrank=2 witness=[ 0, 0, 0, 0, 1, 0, 1, 0 ]
INVOLUTION_EXCLUSION id=[ 256, 54924 ] d=5 zrank=2 witness=[ 0, 0, 0, 0, 1, 0, 1, 0 ]
INVOLUTION_EXCLUSION id=[ 256, 54925 ] d=5 zrank=2 witness=[ 0, 0, 0, 0, 1, 0, 1, 0 ]
INVOLUTION_EXCLUSION id=[ 256, 54926 ] d=5 zrank=2 witness=[ 0, 0, 0, 0, 1, 0, 0, 0 ]
INVOLUTION_EXCLUSION id=[ 256, 54927 ] d=5 zrank=2 witness=[ 0, 0, 0, 0, 1, 0, 0, 0 ]
INVOLUTION_EXCLUSION id=[ 256, 54928 ] d=5 zrank=2 witness=[ 0, 0, 0, 0, 1, 0, 0, 0 ]
INVOLUTION_EXCLUSION id=[ 256, 54929 ] d=5 zrank=2 witness=[ 0, 0, 0, 0, 1, 0, 0, 0 ]
INVOLUTION_EXCLUSION id=[ 256, 54930 ] d=5 zrank=2 witness=[ 0, 0, 0, 0, 1, 0, 1, 0 ]
INVOLUTION_EXCLUSION id=[ 256, 54931 ] d=5 zrank=2 witness=[ 0, 0, 0, 0, 1, 0, 1, 0 ]
INVOLUTION_EXCLUSION id=[ 256, 54932 ] d=5 zrank=2 witness=[ 0, 0, 0, 0, 1, 0, 1, 0 ]
INVOLUTION_EXCLUSION id=[ 256, 54933 ] d=5 zrank=2 witness=[ 0, 0, 0, 0, 1, 0, 1, 0 ]
INVOLUTION_EXCLUSION id=[ 256, 54934 ] d=5 zrank=2 witness=[ 0, 0, 0, 0, 1, 0, 1, 0 ]
INVOLUTION_EXCLUSION id=[ 256, 54935 ] d=5 zrank=2 witness=[ 0, 0, 0, 1, 0, 0, 0, 0 ]
INVOLUTION_EXCLUSION id=[ 256, 54936 ] d=5 zrank=2 witness=[ 0, 0, 0, 1, 0, 0, 0, 0 ]
INVOLUTION_EXCLUSION id=[ 256, 54937 ] d=5 zrank=2 witness=[ 0, 0, 0, 1, 0, 0, 0, 0 ]
INVOLUTION_EXCLUSION id=[ 256, 54938 ] d=5 zrank=2 witness=[ 0, 0, 0, 1, 0, 0, 0, 0 ]
INVOLUTION_EXCLUSION id=[ 256, 54939 ] d=5 zrank=2 witness=[ 0, 0, 0, 1, 0, 0, 0, 0 ]
INVOLUTION_EXCLUSION id=[ 256, 54940 ] d=5 zrank=2 witness=[ 0, 0, 0, 1, 0, 0, 0, 0 ]
INVOLUTION_EXCLUSION id=[ 256, 54941 ] d=5 zrank=2 witness=[ 0, 0, 0, 1, 0, 0, 0, 0 ]
INVOLUTION_EXCLUSION id=[ 256, 54942 ] d=5 zrank=2 witness=[ 0, 0, 0, 1, 0, 0, 0, 0 ]
INVOLUTION_EXCLUSION id=[ 256, 54943 ] d=5 zrank=2 witness=[ 0, 0, 0, 1, 0, 0, 0, 0 ]
INVOLUTION_EXCLUSION id=[ 256, 54944 ] d=5 zrank=2 witness=[ 0, 0, 0, 1, 0, 0, 0, 0 ]
INVOLUTION_EXCLUSION id=[ 256, 54945 ] d=5 zrank=2 witness=[ 0, 0, 0, 1, 0, 0, 1, 0 ]
INVOLUTION_EXCLUSION id=[ 256, 54946 ] d=5 zrank=2 witness=[ 0, 0, 0, 1, 0, 0, 1, 0 ]
INVOLUTION_EXCLUSION id=[ 256, 54947 ] d=5 zrank=2 witness=[ 0, 0, 0, 1, 0, 0, 0, 0 ]
INVOLUTION_EXCLUSION id=[ 256, 54948 ] d=5 zrank=2 witness=[ 0, 0, 0, 1, 0, 0, 0, 0 ]
INVOLUTION_EXCLUSION id=[ 256, 54949 ] d=5 zrank=2 witness=[ 0, 0, 0, 1, 0, 0, 0, 0 ]
INVOLUTION_EXCLUSION id=[ 256, 54950 ] d=5 zrank=2 witness=[ 0, 0, 0, 1, 0, 0, 0, 0 ]
INVOLUTION_EXCLUSION id=[ 256, 54951 ] d=5 zrank=2 witness=[ 0, 0, 0, 1, 0, 0, 0, 0 ]
INVOLUTION_EXCLUSION id=[ 256, 54952 ] d=5 zrank=2 witness=[ 0, 0, 0, 1, 0, 0, 0, 0 ]
INVOLUTION_EXCLUSION id=[ 256, 54953 ] d=5 zrank=2 witness=[ 0, 0, 0, 1, 0, 0, 0, 0 ]
INVOLUTION_EXCLUSION id=[ 256, 54954 ] d=5 zrank=2 witness=[ 0, 0, 0, 1, 0, 0, 0, 0 ]
INVOLUTION_EXCLUSION id=[ 256, 54955 ] d=5 zrank=2 witness=[ 0, 0, 0, 1, 0, 0, 1, 0 ]
INVOLUTION_EXCLUSION id=[ 256, 54956 ] d=5 zrank=2 witness=[ 0, 0, 0, 1, 0, 0, 1, 0 ]
INVOLUTION_EXCLUSION id=[ 256, 54957 ] d=5 zrank=2 witness=[ 0, 0, 0, 1, 0, 0, 1, 0 ]
INVOLUTION_EXCLUSION id=[ 256, 54958 ] d=5 zrank=2 witness=[ 0, 0, 0, 1, 0, 0, 1, 0 ]
INVOLUTION_EXCLUSION id=[ 256, 54959 ] d=5 zrank=2 witness=[ 0, 0, 0, 1, 0, 0, 0, 0 ]
INVOLUTION_EXCLUSION id=[ 256, 54960 ] d=5 zrank=2 witness=[ 0, 0, 0, 1, 0, 0, 0, 0 ]
INVOLUTION_EXCLUSION id=[ 256, 54961 ] d=5 zrank=2 witness=[ 0, 0, 0, 1, 0, 0, 1, 0 ]
INVOLUTION_EXCLUSION id=[ 256, 54962 ] d=5 zrank=2 witness=[ 0, 0, 0, 1, 0, 0, 1, 0 ]
INVOLUTION_EXCLUSION id=[ 256, 54963 ] d=5 zrank=2 witness=[ 0, 0, 0, 1, 0, 0, 1, 0 ]
INVOLUTION_EXCLUSION id=[ 256, 54964 ] d=5 zrank=2 witness=[ 0, 0, 0, 1, 0, 0, 1, 0 ]
INVOLUTION_EXCLUSION id=[ 256, 54965 ] d=5 zrank=2 witness=[ 0, 0, 0, 1, 0, 0, 0, 0 ]
INVOLUTION_EXCLUSION id=[ 256, 54966 ] d=5 zrank=2 witness=[ 0, 0, 0, 1, 0, 0, 0, 0 ]
INVOLUTION_EXCLUSION id=[ 256, 54967 ] d=5 zrank=2 witness=[ 0, 0, 0, 1, 0, 0, 0, 0 ]
INVOLUTION_EXCLUSION id=[ 256, 54968 ] d=5 zrank=2 witness=[ 0, 0, 0, 1, 0, 0, 0, 0 ]
INVOLUTION_EXCLUSION id=[ 256, 54969 ] d=5 zrank=2 witness=[ 0, 0, 0, 1, 0, 0, 0, 0 ]
INVOLUTION_EXCLUSION id=[ 256, 54970 ] d=5 zrank=2 witness=[ 0, 0, 0, 1, 0, 0, 0, 0 ]
INVOLUTION_EXCLUSION id=[ 256, 54971 ] d=5 zrank=2 witness=[ 0, 0, 0, 1, 0, 0, 0, 0 ]
INVOLUTION_EXCLUSION id=[ 256, 54972 ] d=5 zrank=2 witness=[ 0, 0, 0, 1, 0, 0, 0, 0 ]
INVOLUTION_EXCLUSION id=[ 256, 54973 ] d=5 zrank=2 witness=[ 0, 0, 0, 1, 0, 0, 1, 0 ]
INVOLUTION_EXCLUSION id=[ 256, 54974 ] d=5 zrank=2 witness=[ 0, 0, 0, 1, 0, 0, 1, 0 ]
INVOLUTION_EXCLUSION id=[ 256, 54975 ] d=5 zrank=2 witness=[ 0, 0, 0, 1, 0, 0, 1, 0 ]
INVOLUTION_EXCLUSION id=[ 256, 54976 ] d=5 zrank=2 witness=[ 0, 0, 0, 1, 0, 0, 1, 0 ]
INVOLUTION_EXCLUSION id=[ 256, 54977 ] d=5 zrank=2 witness=[ 0, 0, 0, 1, 0, 0, 0, 0 ]
INVOLUTION_EXCLUSION id=[ 256, 54978 ] d=5 zrank=2 witness=[ 0, 0, 0, 1, 0, 0, 0, 0 ]
INVOLUTION_EXCLUSION id=[ 256, 54979 ] d=5 zrank=2 witness=[ 0, 0, 0, 1, 0, 0, 0, 0 ]
INVOLUTION_EXCLUSION id=[ 256, 54980 ] d=5 zrank=2 witness=[ 0, 0, 0, 1, 0, 0, 0, 0 ]
INVOLUTION_EXCLUSION id=[ 256, 54981 ] d=5 zrank=2 witness=[ 0, 0, 0, 1, 0, 0, 1, 0 ]
INVOLUTION_EXCLUSION id=[ 256, 54982 ] d=5 zrank=2 witness=[ 0, 0, 0, 1, 0, 0, 1, 0 ]
INVOLUTION_EXCLUSION id=[ 256, 54983 ] d=5 zrank=2 witness=[ 0, 0, 0, 1, 0, 0, 0, 0 ]
INVOLUTION_EXCLUSION id=[ 256, 54984 ] d=5 zrank=2 witness=[ 0, 0, 0, 1, 0, 0, 0, 0 ]
INVOLUTION_EXCLUSION id=[ 256, 54985 ] d=5 zrank=2 witness=[ 0, 0, 0, 1, 0, 0, 0, 0 ]
INVOLUTION_EXCLUSION id=[ 256, 54986 ] d=5 zrank=2 witness=[ 0, 0, 0, 1, 0, 0, 0, 0 ]
INVOLUTION_EXCLUSION id=[ 256, 54987 ] d=5 zrank=2 witness=[ 0, 0, 0, 1, 0, 0, 1, 0 ]
INVOLUTION_EXCLUSION id=[ 256, 54988 ] d=5 zrank=2 witness=[ 0, 0, 0, 1, 0, 0, 1, 0 ]
INVOLUTION_EXCLUSION id=[ 256, 54989 ] d=5 zrank=2 witness=[ 0, 0, 0, 1, 0, 0, 1, 0 ]
INVOLUTION_EXCLUSION id=[ 256, 54990 ] d=5 zrank=2 witness=[ 0, 0, 0, 1, 0, 0, 1, 0 ]
INVOLUTION_EXCLUSION id=[ 256, 54991 ] d=5 zrank=2 witness=[ 0, 0, 0, 1, 0, 0, 0, 0 ]
INVOLUTION_EXCLUSION id=[ 256, 54992 ] d=5 zrank=2 witness=[ 0, 0, 0, 1, 0, 0, 0, 0 ]
INVOLUTION_EXCLUSION id=[ 256, 54993 ] d=5 zrank=2 witness=[ 0, 0, 0, 1, 0, 0, 0, 0 ]
INVOLUTION_EXCLUSION id=[ 256, 54994 ] d=5 zrank=2 witness=[ 0, 0, 0, 1, 0, 0, 0, 0 ]
INVOLUTION_EXCLUSION id=[ 256, 54995 ] d=5 zrank=2 witness=[ 0, 0, 0, 1, 0, 0, 0, 0 ]
INVOLUTION_EXCLUSION id=[ 256, 54996 ] d=5 zrank=2 witness=[ 0, 0, 0, 1, 0, 0, 0, 0 ]
INVOLUTION_EXCLUSION id=[ 256, 54997 ] d=5 zrank=2 witness=[ 0, 0, 0, 1, 0, 0, 0, 0 ]
INVOLUTION_EXCLUSION id=[ 256, 54998 ] d=5 zrank=2 witness=[ 0, 0, 0, 1, 0, 0, 0, 0 ]
INVOLUTION_EXCLUSION id=[ 256, 54999 ] d=5 zrank=2 witness=[ 0, 0, 0, 1, 0, 0, 1, 0 ]
INVOLUTION_EXCLUSION id=[ 256, 55000 ] d=5 zrank=2 witness=[ 0, 0, 0, 1, 0, 0, 1, 0 ]
PROGRESS order=256 id=55000 total=57668 elapsed_ms=132774
INVOLUTION_EXCLUSION id=[ 256, 55001 ] d=5 zrank=2 witness=[ 0, 0, 0, 1, 0, 0, 1, 0 ]
INVOLUTION_EXCLUSION id=[ 256, 55002 ] d=5 zrank=2 witness=[ 0, 0, 0, 1, 0, 0, 1, 0 ]
INVOLUTION_EXCLUSION id=[ 256, 55003 ] d=5 zrank=2 witness=[ 0, 0, 0, 1, 0, 0, 0, 0 ]
INVOLUTION_EXCLUSION id=[ 256, 55004 ] d=5 zrank=2 witness=[ 0, 0, 0, 1, 0, 0, 0, 0 ]
INVOLUTION_EXCLUSION id=[ 256, 55005 ] d=5 zrank=2 witness=[ 0, 0, 0, 1, 0, 0, 0, 0 ]
INVOLUTION_EXCLUSION id=[ 256, 55006 ] d=5 zrank=2 witness=[ 0, 0, 0, 1, 0, 0, 0, 0 ]
INVOLUTION_EXCLUSION id=[ 256, 55007 ] d=5 zrank=2 witness=[ 0, 0, 0, 1, 0, 0, 0, 0 ]
INVOLUTION_EXCLUSION id=[ 256, 55008 ] d=5 zrank=2 witness=[ 0, 0, 0, 1, 0, 0, 0, 0 ]
INVOLUTION_EXCLUSION id=[ 256, 55009 ] d=5 zrank=2 witness=[ 0, 0, 0, 1, 0, 0, 0, 0 ]
INVOLUTION_EXCLUSION id=[ 256, 55010 ] d=5 zrank=2 witness=[ 0, 0, 0, 1, 0, 0, 0, 0 ]
INVOLUTION_EXCLUSION id=[ 256, 55011 ] d=5 zrank=2 witness=[ 0, 0, 0, 1, 0, 0, 1, 0 ]
INVOLUTION_EXCLUSION id=[ 256, 55012 ] d=5 zrank=2 witness=[ 0, 0, 0, 1, 0, 0, 1, 0 ]
INVOLUTION_EXCLUSION id=[ 256, 55013 ] d=5 zrank=2 witness=[ 0, 0, 0, 1, 0, 0, 1, 0 ]
INVOLUTION_EXCLUSION id=[ 256, 55014 ] d=5 zrank=2 witness=[ 0, 0, 0, 1, 0, 0, 1, 0 ]
INVOLUTION_EXCLUSION id=[ 256, 55015 ] d=5 zrank=2 witness=[ 0, 0, 0, 1, 0, 0, 0, 0 ]
INVOLUTION_EXCLUSION id=[ 256, 55016 ] d=5 zrank=2 witness=[ 0, 0, 0, 1, 0, 0, 0, 0 ]
INVOLUTION_EXCLUSION id=[ 256, 55017 ] d=5 zrank=2 witness=[ 0, 0, 0, 1, 0, 0, 0, 0 ]
INVOLUTION_EXCLUSION id=[ 256, 55018 ] d=5 zrank=2 witness=[ 0, 0, 0, 1, 0, 0, 0, 0 ]
INVOLUTION_EXCLUSION id=[ 256, 55019 ] d=5 zrank=2 witness=[ 0, 0, 0, 1, 0, 0, 1, 0 ]
INVOLUTION_EXCLUSION id=[ 256, 55020 ] d=5 zrank=2 witness=[ 0, 0, 0, 1, 0, 0, 1, 0 ]
INVOLUTION_EXCLUSION id=[ 256, 55021 ] d=5 zrank=2 witness=[ 0, 0, 0, 1, 0, 0, 1, 0 ]
INVOLUTION_EXCLUSION id=[ 256, 55022 ] d=5 zrank=2 witness=[ 0, 0, 0, 1, 0, 0, 1, 0 ]
INVOLUTION_EXCLUSION id=[ 256, 55023 ] d=5 zrank=2 witness=[ 0, 0, 0, 1, 0, 0, 1, 0 ]
INVOLUTION_EXCLUSION id=[ 256, 55024 ] d=5 zrank=2 witness=[ 0, 0, 0, 1, 0, 0, 1, 0 ]
INVOLUTION_EXCLUSION id=[ 256, 55025 ] d=5 zrank=2 witness=[ 0, 0, 0, 1, 0, 0, 1, 0 ]
INVOLUTION_EXCLUSION id=[ 256, 55026 ] d=5 zrank=2 witness=[ 0, 0, 0, 1, 0, 0, 1, 0 ]
INVOLUTION_EXCLUSION id=[ 256, 55027 ] d=5 zrank=2 witness=[ 0, 0, 0, 1, 0, 0, 0, 0 ]
INVOLUTION_EXCLUSION id=[ 256, 55028 ] d=5 zrank=2 witness=[ 0, 0, 0, 1, 0, 0, 0, 0 ]
INVOLUTION_EXCLUSION id=[ 256, 55029 ] d=5 zrank=2 witness=[ 0, 0, 0, 1, 0, 0, 0, 0 ]
INVOLUTION_EXCLUSION id=[ 256, 55030 ] d=5 zrank=2 witness=[ 0, 0, 0, 1, 0, 0, 0, 0 ]
INVOLUTION_EXCLUSION id=[ 256, 55031 ] d=5 zrank=2 witness=[ 0, 0, 0, 1, 0, 0, 0, 0 ]
INVOLUTION_EXCLUSION id=[ 256, 55032 ] d=5 zrank=2 witness=[ 0, 0, 0, 1, 0, 0, 0, 0 ]
INVOLUTION_EXCLUSION id=[ 256, 55033 ] d=5 zrank=2 witness=[ 0, 0, 0, 1, 0, 0, 0, 0 ]
INVOLUTION_EXCLUSION id=[ 256, 55034 ] d=5 zrank=2 witness=[ 0, 0, 0, 1, 0, 0, 0, 0 ]
INVOLUTION_EXCLUSION id=[ 256, 55035 ] d=5 zrank=2 witness=[ 0, 0, 0, 1, 0, 0, 1, 0 ]
INVOLUTION_EXCLUSION id=[ 256, 55036 ] d=5 zrank=2 witness=[ 0, 0, 0, 1, 0, 0, 1, 0 ]
INVOLUTION_EXCLUSION id=[ 256, 55037 ] d=5 zrank=2 witness=[ 0, 0, 0, 1, 0, 0, 1, 0 ]
INVOLUTION_EXCLUSION id=[ 256, 55038 ] d=5 zrank=2 witness=[ 0, 0, 0, 1, 0, 0, 1, 0 ]
INVOLUTION_EXCLUSION id=[ 256, 55039 ] d=5 zrank=2 witness=[ 0, 0, 0, 1, 0, 0, 0, 0 ]
INVOLUTION_EXCLUSION id=[ 256, 55040 ] d=5 zrank=2 witness=[ 0, 0, 0, 1, 0, 0, 0, 0 ]
INVOLUTION_EXCLUSION id=[ 256, 55041 ] d=5 zrank=2 witness=[ 0, 0, 0, 1, 0, 0, 0, 0 ]
INVOLUTION_EXCLUSION id=[ 256, 55042 ] d=5 zrank=2 witness=[ 0, 0, 0, 1, 0, 0, 0, 0 ]
INVOLUTION_EXCLUSION id=[ 256, 55043 ] d=5 zrank=2 witness=[ 0, 0, 0, 1, 0, 0, 0, 0 ]
INVOLUTION_EXCLUSION id=[ 256, 55044 ] d=5 zrank=2 witness=[ 0, 0, 0, 1, 0, 0, 0, 0 ]
INVOLUTION_EXCLUSION id=[ 256, 55045 ] d=5 zrank=2 witness=[ 0, 0, 0, 1, 0, 0, 0, 0 ]
INVOLUTION_EXCLUSION id=[ 256, 55046 ] d=5 zrank=2 witness=[ 0, 0, 0, 1, 0, 0, 0, 0 ]
INVOLUTION_EXCLUSION id=[ 256, 55047 ] d=5 zrank=2 witness=[ 0, 0, 0, 1, 0, 0, 1, 0 ]
INVOLUTION_EXCLUSION id=[ 256, 55048 ] d=5 zrank=2 witness=[ 0, 0, 0, 1, 0, 0, 1, 0 ]
INVOLUTION_EXCLUSION id=[ 256, 55049 ] d=5 zrank=2 witness=[ 0, 0, 0, 1, 0, 0, 1, 0 ]
INVOLUTION_EXCLUSION id=[ 256, 55050 ] d=5 zrank=2 witness=[ 0, 0, 0, 1, 0, 0, 1, 0 ]
INVOLUTION_EXCLUSION id=[ 256, 55051 ] d=5 zrank=2 witness=[ 0, 0, 0, 1, 0, 0, 0, 0 ]
INVOLUTION_EXCLUSION id=[ 256, 55052 ] d=5 zrank=2 witness=[ 0, 0, 0, 1, 0, 0, 0, 0 ]
INVOLUTION_EXCLUSION id=[ 256, 55053 ] d=5 zrank=2 witness=[ 0, 0, 0, 1, 0, 0, 0, 0 ]
INVOLUTION_EXCLUSION id=[ 256, 55054 ] d=5 zrank=2 witness=[ 0, 0, 0, 1, 0, 0, 0, 0 ]
INVOLUTION_EXCLUSION id=[ 256, 55055 ] d=5 zrank=2 witness=[ 0, 0, 0, 1, 0, 0, 1, 0 ]
INVOLUTION_EXCLUSION id=[ 256, 55056 ] d=5 zrank=2 witness=[ 0, 0, 0, 1, 0, 0, 1, 0 ]
INVOLUTION_EXCLUSION id=[ 256, 55057 ] d=5 zrank=2 witness=[ 0, 0, 0, 1, 0, 0, 1, 0 ]
INVOLUTION_EXCLUSION id=[ 256, 55058 ] d=5 zrank=2 witness=[ 0, 0, 0, 1, 0, 0, 1, 0 ]
INVOLUTION_EXCLUSION id=[ 256, 55059 ] d=5 zrank=2 witness=[ 0, 0, 0, 1, 0, 0, 1, 0 ]
INVOLUTION_EXCLUSION id=[ 256, 55060 ] d=5 zrank=2 witness=[ 0, 0, 0, 1, 0, 0, 1, 0 ]
INVOLUTION_EXCLUSION id=[ 256, 55061 ] d=5 zrank=2 witness=[ 0, 0, 0, 1, 0, 0, 1, 0 ]
INVOLUTION_EXCLUSION id=[ 256, 55062 ] d=5 zrank=2 witness=[ 0, 0, 0, 1, 0, 0, 1, 0 ]
INVOLUTION_EXCLUSION id=[ 256, 55063 ] d=5 zrank=2 witness=[ 0, 0, 0, 1, 0, 0, 0, 0 ]
INVOLUTION_EXCLUSION id=[ 256, 55064 ] d=5 zrank=2 witness=[ 0, 0, 0, 1, 0, 0, 0, 0 ]
INVOLUTION_EXCLUSION id=[ 256, 55065 ] d=5 zrank=2 witness=[ 0, 0, 0, 1, 0, 0, 0, 0 ]
INVOLUTION_EXCLUSION id=[ 256, 55066 ] d=5 zrank=2 witness=[ 0, 0, 0, 1, 0, 0, 0, 0 ]
INVOLUTION_EXCLUSION id=[ 256, 55067 ] d=5 zrank=2 witness=[ 0, 0, 0, 1, 0, 0, 1, 0 ]
INVOLUTION_EXCLUSION id=[ 256, 55068 ] d=5 zrank=2 witness=[ 0, 0, 0, 1, 0, 0, 1, 0 ]
INVOLUTION_EXCLUSION id=[ 256, 55069 ] d=5 zrank=2 witness=[ 0, 0, 0, 1, 0, 0, 1, 0 ]
INVOLUTION_EXCLUSION id=[ 256, 55070 ] d=5 zrank=2 witness=[ 0, 0, 0, 1, 0, 0, 1, 0 ]
INVOLUTION_EXCLUSION id=[ 256, 55071 ] d=5 zrank=2 witness=[ 0, 0, 0, 1, 0, 0, 0, 0 ]
INVOLUTION_EXCLUSION id=[ 256, 55072 ] d=5 zrank=2 witness=[ 0, 0, 0, 1, 0, 0, 0, 0 ]
INVOLUTION_EXCLUSION id=[ 256, 55073 ] d=5 zrank=2 witness=[ 0, 0, 0, 1, 0, 0, 0, 0 ]
INVOLUTION_EXCLUSION id=[ 256, 55074 ] d=5 zrank=2 witness=[ 0, 0, 0, 1, 0, 0, 0, 0 ]
INVOLUTION_EXCLUSION id=[ 256, 55075 ] d=5 zrank=2 witness=[ 0, 0, 0, 1, 0, 0, 1, 0 ]
INVOLUTION_EXCLUSION id=[ 256, 55076 ] d=5 zrank=2 witness=[ 0, 0, 0, 1, 0, 0, 1, 0 ]
INVOLUTION_EXCLUSION id=[ 256, 55077 ] d=5 zrank=2 witness=[ 0, 0, 0, 1, 0, 0, 1, 0 ]
INVOLUTION_EXCLUSION id=[ 256, 55078 ] d=5 zrank=2 witness=[ 0, 0, 0, 1, 0, 0, 1, 0 ]
INVOLUTION_EXCLUSION id=[ 256, 55079 ] d=5 zrank=2 witness=[ 0, 0, 0, 1, 0, 0, 1, 0 ]
INVOLUTION_EXCLUSION id=[ 256, 55080 ] d=5 zrank=2 witness=[ 0, 0, 0, 1, 0, 0, 1, 0 ]
INVOLUTION_EXCLUSION id=[ 256, 55081 ] d=5 zrank=2 witness=[ 0, 0, 0, 1, 0, 0, 1, 0 ]
INVOLUTION_EXCLUSION id=[ 256, 55082 ] d=5 zrank=2 witness=[ 0, 0, 0, 1, 0, 0, 1, 0 ]
INVOLUTION_EXCLUSION id=[ 256, 55083 ] d=5 zrank=2 witness=[ 0, 0, 0, 1, 0, 0, 0, 0 ]
INVOLUTION_EXCLUSION id=[ 256, 55084 ] d=5 zrank=2 witness=[ 0, 0, 0, 1, 0, 0, 0, 0 ]
INVOLUTION_EXCLUSION id=[ 256, 55085 ] d=5 zrank=2 witness=[ 0, 0, 0, 1, 0, 0, 0, 0 ]
INVOLUTION_EXCLUSION id=[ 256, 55086 ] d=5 zrank=2 witness=[ 0, 0, 0, 1, 0, 0, 0, 0 ]
INVOLUTION_EXCLUSION id=[ 256, 55087 ] d=5 zrank=2 witness=[ 0, 0, 0, 1, 0, 0, 0, 0 ]
INVOLUTION_EXCLUSION id=[ 256, 55088 ] d=5 zrank=2 witness=[ 0, 0, 0, 1, 0, 0, 0, 0 ]
INVOLUTION_EXCLUSION id=[ 256, 55089 ] d=5 zrank=2 witness=[ 0, 0, 0, 1, 0, 0, 0, 0 ]
INVOLUTION_EXCLUSION id=[ 256, 55090 ] d=5 zrank=2 witness=[ 0, 0, 0, 1, 0, 0, 0, 0 ]
INVOLUTION_EXCLUSION id=[ 256, 55091 ] d=5 zrank=2 witness=[ 0, 0, 0, 1, 0, 0, 0, 0 ]
INVOLUTION_EXCLUSION id=[ 256, 55092 ] d=5 zrank=2 witness=[ 0, 0, 0, 1, 0, 0, 0, 0 ]
INVOLUTION_EXCLUSION id=[ 256, 55093 ] d=5 zrank=2 witness=[ 0, 0, 0, 1, 0, 0, 1, 0 ]
INVOLUTION_EXCLUSION id=[ 256, 55094 ] d=5 zrank=2 witness=[ 0, 0, 0, 1, 0, 0, 1, 0 ]
INVOLUTION_EXCLUSION id=[ 256, 55095 ] d=5 zrank=2 witness=[ 0, 0, 0, 1, 0, 0, 0, 0 ]
INVOLUTION_EXCLUSION id=[ 256, 55096 ] d=5 zrank=2 witness=[ 0, 0, 0, 1, 0, 0, 0, 0 ]
INVOLUTION_EXCLUSION id=[ 256, 55097 ] d=5 zrank=2 witness=[ 0, 0, 0, 1, 0, 0, 0, 0 ]
INVOLUTION_EXCLUSION id=[ 256, 55098 ] d=5 zrank=2 witness=[ 0, 0, 0, 1, 0, 0, 0, 0 ]
INVOLUTION_EXCLUSION id=[ 256, 55099 ] d=5 zrank=2 witness=[ 0, 0, 0, 1, 0, 0, 0, 0 ]
INVOLUTION_EXCLUSION id=[ 256, 55100 ] d=5 zrank=2 witness=[ 0, 0, 0, 1, 0, 0, 0, 0 ]
INVOLUTION_EXCLUSION id=[ 256, 55101 ] d=5 zrank=2 witness=[ 0, 0, 0, 1, 0, 0, 0, 0 ]
INVOLUTION_EXCLUSION id=[ 256, 55102 ] d=5 zrank=2 witness=[ 0, 0, 0, 1, 0, 0, 0, 0 ]
INVOLUTION_EXCLUSION id=[ 256, 55103 ] d=5 zrank=2 witness=[ 0, 0, 0, 1, 0, 0, 1, 0 ]
INVOLUTION_EXCLUSION id=[ 256, 55104 ] d=5 zrank=2 witness=[ 0, 0, 0, 1, 0, 0, 1, 0 ]
INVOLUTION_EXCLUSION id=[ 256, 55105 ] d=5 zrank=2 witness=[ 0, 0, 0, 1, 0, 0, 1, 0 ]
INVOLUTION_EXCLUSION id=[ 256, 55106 ] d=5 zrank=2 witness=[ 0, 0, 0, 1, 0, 0, 1, 0 ]
INVOLUTION_EXCLUSION id=[ 256, 55107 ] d=5 zrank=2 witness=[ 0, 0, 0, 1, 0, 0, 0, 0 ]
INVOLUTION_EXCLUSION id=[ 256, 55108 ] d=5 zrank=2 witness=[ 0, 0, 0, 1, 0, 0, 0, 0 ]
INVOLUTION_EXCLUSION id=[ 256, 55109 ] d=5 zrank=2 witness=[ 0, 0, 0, 1, 0, 0, 1, 0 ]
INVOLUTION_EXCLUSION id=[ 256, 55110 ] d=5 zrank=2 witness=[ 0, 0, 0, 1, 0, 0, 1, 0 ]
INVOLUTION_EXCLUSION id=[ 256, 55111 ] d=5 zrank=2 witness=[ 0, 0, 0, 1, 0, 0, 1, 0 ]
INVOLUTION_EXCLUSION id=[ 256, 55112 ] d=5 zrank=2 witness=[ 0, 0, 0, 1, 0, 0, 1, 0 ]
INVOLUTION_EXCLUSION id=[ 256, 55113 ] d=5 zrank=2 witness=[ 0, 0, 0, 1, 0, 0, 0, 0 ]
INVOLUTION_EXCLUSION id=[ 256, 55114 ] d=5 zrank=2 witness=[ 0, 0, 0, 1, 0, 0, 0, 0 ]
INVOLUTION_EXCLUSION id=[ 256, 55115 ] d=5 zrank=2 witness=[ 0, 0, 0, 1, 0, 0, 0, 0 ]
INVOLUTION_EXCLUSION id=[ 256, 55116 ] d=5 zrank=2 witness=[ 0, 0, 0, 1, 0, 0, 0, 0 ]
INVOLUTION_EXCLUSION id=[ 256, 55117 ] d=5 zrank=2 witness=[ 0, 0, 0, 1, 0, 0, 0, 0 ]
INVOLUTION_EXCLUSION id=[ 256, 55118 ] d=5 zrank=2 witness=[ 0, 0, 0, 1, 0, 0, 0, 0 ]
INVOLUTION_EXCLUSION id=[ 256, 55119 ] d=5 zrank=2 witness=[ 0, 0, 0, 1, 0, 0, 0, 0 ]
INVOLUTION_EXCLUSION id=[ 256, 55120 ] d=5 zrank=2 witness=[ 0, 0, 0, 1, 0, 0, 0, 0 ]
INVOLUTION_EXCLUSION id=[ 256, 55121 ] d=5 zrank=2 witness=[ 0, 0, 0, 1, 0, 0, 1, 0 ]
INVOLUTION_EXCLUSION id=[ 256, 55122 ] d=5 zrank=2 witness=[ 0, 0, 0, 1, 0, 0, 1, 0 ]
INVOLUTION_EXCLUSION id=[ 256, 55123 ] d=5 zrank=2 witness=[ 0, 0, 0, 1, 0, 0, 1, 0 ]
INVOLUTION_EXCLUSION id=[ 256, 55124 ] d=5 zrank=2 witness=[ 0, 0, 0, 1, 0, 0, 1, 0 ]
INVOLUTION_EXCLUSION id=[ 256, 55125 ] d=5 zrank=2 witness=[ 0, 0, 0, 1, 0, 0, 0, 0 ]
INVOLUTION_EXCLUSION id=[ 256, 55126 ] d=5 zrank=2 witness=[ 0, 0, 0, 1, 0, 0, 0, 0 ]
INVOLUTION_EXCLUSION id=[ 256, 55127 ] d=5 zrank=2 witness=[ 0, 0, 0, 1, 0, 0, 0, 0 ]
INVOLUTION_EXCLUSION id=[ 256, 55128 ] d=5 zrank=2 witness=[ 0, 0, 0, 1, 0, 0, 0, 0 ]
INVOLUTION_EXCLUSION id=[ 256, 55129 ] d=5 zrank=2 witness=[ 0, 0, 0, 1, 0, 0, 1, 0 ]
INVOLUTION_EXCLUSION id=[ 256, 55130 ] d=5 zrank=2 witness=[ 0, 0, 0, 1, 0, 0, 1, 0 ]
INVOLUTION_EXCLUSION id=[ 256, 55131 ] d=5 zrank=2 witness=[ 0, 0, 0, 1, 0, 0, 0, 0 ]
INVOLUTION_EXCLUSION id=[ 256, 55132 ] d=5 zrank=2 witness=[ 0, 0, 0, 1, 0, 0, 0, 0 ]
INVOLUTION_EXCLUSION id=[ 256, 55133 ] d=5 zrank=2 witness=[ 0, 0, 0, 1, 0, 0, 0, 0 ]
INVOLUTION_EXCLUSION id=[ 256, 55134 ] d=5 zrank=2 witness=[ 0, 0, 0, 1, 0, 0, 0, 0 ]
INVOLUTION_EXCLUSION id=[ 256, 55135 ] d=5 zrank=2 witness=[ 0, 0, 0, 1, 0, 0, 1, 0 ]
INVOLUTION_EXCLUSION id=[ 256, 55136 ] d=5 zrank=2 witness=[ 0, 0, 0, 1, 0, 0, 1, 0 ]
INVOLUTION_EXCLUSION id=[ 256, 55137 ] d=5 zrank=2 witness=[ 0, 0, 0, 1, 0, 0, 1, 0 ]
INVOLUTION_EXCLUSION id=[ 256, 55138 ] d=5 zrank=2 witness=[ 0, 0, 0, 1, 0, 0, 1, 0 ]
INVOLUTION_EXCLUSION id=[ 256, 55139 ] d=5 zrank=2 witness=[ 0, 0, 0, 1, 0, 0, 0, 0 ]
INVOLUTION_EXCLUSION id=[ 256, 55140 ] d=5 zrank=2 witness=[ 0, 0, 0, 1, 0, 0, 0, 0 ]
INVOLUTION_EXCLUSION id=[ 256, 55141 ] d=5 zrank=2 witness=[ 0, 0, 0, 1, 0, 0, 0, 0 ]
INVOLUTION_EXCLUSION id=[ 256, 55142 ] d=5 zrank=2 witness=[ 0, 0, 0, 1, 0, 0, 0, 0 ]
INVOLUTION_EXCLUSION id=[ 256, 55143 ] d=5 zrank=2 witness=[ 0, 0, 0, 1, 0, 0, 0, 0 ]
INVOLUTION_EXCLUSION id=[ 256, 55144 ] d=5 zrank=2 witness=[ 0, 0, 0, 1, 0, 0, 0, 0 ]
INVOLUTION_EXCLUSION id=[ 256, 55145 ] d=5 zrank=2 witness=[ 0, 0, 0, 1, 0, 0, 0, 0 ]
INVOLUTION_EXCLUSION id=[ 256, 55146 ] d=5 zrank=2 witness=[ 0, 0, 0, 1, 0, 0, 0, 0 ]
INVOLUTION_EXCLUSION id=[ 256, 55147 ] d=5 zrank=2 witness=[ 0, 0, 0, 1, 0, 0, 1, 0 ]
INVOLUTION_EXCLUSION id=[ 256, 55148 ] d=5 zrank=2 witness=[ 0, 0, 0, 1, 0, 0, 1, 0 ]
INVOLUTION_EXCLUSION id=[ 256, 55149 ] d=5 zrank=2 witness=[ 0, 0, 0, 1, 0, 0, 1, 0 ]
INVOLUTION_EXCLUSION id=[ 256, 55150 ] d=5 zrank=2 witness=[ 0, 0, 0, 1, 0, 0, 1, 0 ]
INVOLUTION_EXCLUSION id=[ 256, 55151 ] d=5 zrank=2 witness=[ 0, 0, 0, 1, 0, 0, 0, 0 ]
INVOLUTION_EXCLUSION id=[ 256, 55152 ] d=5 zrank=2 witness=[ 0, 0, 0, 1, 0, 0, 0, 0 ]
INVOLUTION_EXCLUSION id=[ 256, 55153 ] d=5 zrank=2 witness=[ 0, 0, 0, 1, 0, 0, 0, 0 ]
INVOLUTION_EXCLUSION id=[ 256, 55154 ] d=5 zrank=2 witness=[ 0, 0, 0, 1, 0, 0, 0, 0 ]
INVOLUTION_EXCLUSION id=[ 256, 55155 ] d=5 zrank=2 witness=[ 0, 0, 0, 1, 0, 0, 0, 0 ]
INVOLUTION_EXCLUSION id=[ 256, 55156 ] d=5 zrank=2 witness=[ 0, 0, 0, 1, 0, 0, 0, 0 ]
INVOLUTION_EXCLUSION id=[ 256, 55157 ] d=5 zrank=2 witness=[ 0, 0, 0, 1, 0, 0, 0, 0 ]
INVOLUTION_EXCLUSION id=[ 256, 55158 ] d=5 zrank=2 witness=[ 0, 0, 0, 1, 0, 0, 0, 0 ]
INVOLUTION_EXCLUSION id=[ 256, 55159 ] d=5 zrank=2 witness=[ 0, 0, 0, 1, 0, 0, 1, 0 ]
INVOLUTION_EXCLUSION id=[ 256, 55160 ] d=5 zrank=2 witness=[ 0, 0, 0, 1, 0, 0, 1, 0 ]
INVOLUTION_EXCLUSION id=[ 256, 55161 ] d=5 zrank=2 witness=[ 0, 0, 0, 1, 0, 0, 1, 0 ]
INVOLUTION_EXCLUSION id=[ 256, 55162 ] d=5 zrank=2 witness=[ 0, 0, 0, 1, 0, 0, 1, 0 ]
INVOLUTION_EXCLUSION id=[ 256, 55163 ] d=5 zrank=2 witness=[ 0, 0, 0, 1, 0, 0, 0, 0 ]
INVOLUTION_EXCLUSION id=[ 256, 55164 ] d=5 zrank=2 witness=[ 0, 0, 0, 1, 0, 0, 0, 0 ]
INVOLUTION_EXCLUSION id=[ 256, 55165 ] d=5 zrank=2 witness=[ 0, 0, 0, 1, 0, 0, 0, 0 ]
INVOLUTION_EXCLUSION id=[ 256, 55166 ] d=5 zrank=2 witness=[ 0, 0, 0, 1, 0, 0, 0, 0 ]
INVOLUTION_EXCLUSION id=[ 256, 55167 ] d=5 zrank=2 witness=[ 0, 0, 0, 1, 0, 0, 1, 0 ]
INVOLUTION_EXCLUSION id=[ 256, 55168 ] d=5 zrank=2 witness=[ 0, 0, 0, 1, 0, 0, 1, 0 ]
INVOLUTION_EXCLUSION id=[ 256, 55169 ] d=5 zrank=2 witness=[ 0, 0, 0, 1, 0, 0, 1, 0 ]
INVOLUTION_EXCLUSION id=[ 256, 55170 ] d=5 zrank=2 witness=[ 0, 0, 0, 1, 0, 0, 1, 0 ]
INVOLUTION_EXCLUSION id=[ 256, 55171 ] d=5 zrank=2 witness=[ 0, 0, 0, 1, 0, 0, 1, 0 ]
INVOLUTION_EXCLUSION id=[ 256, 55172 ] d=5 zrank=2 witness=[ 0, 0, 0, 1, 0, 0, 1, 0 ]
INVOLUTION_EXCLUSION id=[ 256, 55173 ] d=5 zrank=2 witness=[ 0, 0, 0, 1, 0, 0, 1, 0 ]
INVOLUTION_EXCLUSION id=[ 256, 55174 ] d=5 zrank=2 witness=[ 0, 0, 0, 1, 0, 0, 1, 0 ]
INVOLUTION_EXCLUSION id=[ 256, 55175 ] d=5 zrank=2 witness=[ 0, 0, 0, 1, 0, 0, 0, 0 ]
INVOLUTION_EXCLUSION id=[ 256, 55176 ] d=5 zrank=2 witness=[ 0, 0, 0, 1, 0, 0, 0, 0 ]
INVOLUTION_EXCLUSION id=[ 256, 55177 ] d=5 zrank=2 witness=[ 0, 0, 0, 1, 0, 0, 0, 0 ]
INVOLUTION_EXCLUSION id=[ 256, 55178 ] d=5 zrank=2 witness=[ 0, 0, 0, 1, 0, 0, 0, 0 ]
INVOLUTION_EXCLUSION id=[ 256, 55179 ] d=5 zrank=2 witness=[ 0, 0, 0, 1, 0, 0, 0, 0 ]
INVOLUTION_EXCLUSION id=[ 256, 55180 ] d=5 zrank=2 witness=[ 0, 0, 0, 1, 0, 0, 0, 0 ]
INVOLUTION_EXCLUSION id=[ 256, 55181 ] d=5 zrank=2 witness=[ 0, 0, 0, 1, 0, 0, 0, 0 ]
INVOLUTION_EXCLUSION id=[ 256, 55182 ] d=5 zrank=2 witness=[ 0, 0, 0, 1, 0, 0, 0, 0 ]
INVOLUTION_EXCLUSION id=[ 256, 55183 ] d=5 zrank=2 witness=[ 0, 0, 0, 1, 0, 0, 1, 0 ]
INVOLUTION_EXCLUSION id=[ 256, 55184 ] d=5 zrank=2 witness=[ 0, 0, 0, 1, 0, 0, 1, 0 ]
INVOLUTION_EXCLUSION id=[ 256, 55185 ] d=5 zrank=2 witness=[ 0, 0, 0, 1, 0, 0, 1, 0 ]
INVOLUTION_EXCLUSION id=[ 256, 55186 ] d=5 zrank=2 witness=[ 0, 0, 0, 1, 0, 0, 1, 0 ]
INVOLUTION_EXCLUSION id=[ 256, 55187 ] d=5 zrank=2 witness=[ 0, 0, 0, 1, 0, 0, 0, 0 ]
INVOLUTION_EXCLUSION id=[ 256, 55188 ] d=5 zrank=2 witness=[ 0, 0, 0, 1, 0, 0, 0, 0 ]
INVOLUTION_EXCLUSION id=[ 256, 55189 ] d=5 zrank=2 witness=[ 0, 0, 0, 1, 0, 0, 0, 0 ]
INVOLUTION_EXCLUSION id=[ 256, 55190 ] d=5 zrank=2 witness=[ 0, 0, 0, 1, 0, 0, 0, 0 ]
INVOLUTION_EXCLUSION id=[ 256, 55191 ] d=5 zrank=2 witness=[ 0, 0, 0, 1, 0, 0, 0, 0 ]
INVOLUTION_EXCLUSION id=[ 256, 55192 ] d=5 zrank=2 witness=[ 0, 0, 0, 1, 0, 0, 0, 0 ]
INVOLUTION_EXCLUSION id=[ 256, 55193 ] d=5 zrank=2 witness=[ 0, 0, 0, 1, 0, 0, 0, 0 ]
INVOLUTION_EXCLUSION id=[ 256, 55194 ] d=5 zrank=2 witness=[ 0, 0, 0, 1, 0, 0, 0, 0 ]
INVOLUTION_EXCLUSION id=[ 256, 55195 ] d=5 zrank=2 witness=[ 0, 0, 0, 1, 0, 0, 1, 0 ]
INVOLUTION_EXCLUSION id=[ 256, 55196 ] d=5 zrank=2 witness=[ 0, 0, 0, 1, 0, 0, 1, 0 ]
INVOLUTION_EXCLUSION id=[ 256, 55197 ] d=5 zrank=2 witness=[ 0, 0, 0, 1, 0, 0, 1, 0 ]
INVOLUTION_EXCLUSION id=[ 256, 55198 ] d=5 zrank=2 witness=[ 0, 0, 0, 1, 0, 0, 1, 0 ]
INVOLUTION_EXCLUSION id=[ 256, 55199 ] d=5 zrank=2 witness=[ 0, 0, 0, 1, 0, 0, 0, 0 ]
INVOLUTION_EXCLUSION id=[ 256, 55200 ] d=5 zrank=2 witness=[ 0, 0, 0, 1, 0, 0, 0, 0 ]
INVOLUTION_EXCLUSION id=[ 256, 55201 ] d=5 zrank=2 witness=[ 0, 0, 0, 1, 0, 0, 0, 0 ]
INVOLUTION_EXCLUSION id=[ 256, 55202 ] d=5 zrank=2 witness=[ 0, 0, 0, 1, 0, 0, 0, 0 ]
INVOLUTION_EXCLUSION id=[ 256, 55203 ] d=5 zrank=2 witness=[ 0, 0, 0, 1, 0, 0, 1, 0 ]
INVOLUTION_EXCLUSION id=[ 256, 55204 ] d=5 zrank=2 witness=[ 0, 0, 0, 1, 0, 0, 1, 0 ]
INVOLUTION_EXCLUSION id=[ 256, 55205 ] d=5 zrank=2 witness=[ 0, 0, 0, 1, 0, 0, 1, 0 ]
INVOLUTION_EXCLUSION id=[ 256, 55206 ] d=5 zrank=2 witness=[ 0, 0, 0, 1, 0, 0, 1, 0 ]
INVOLUTION_EXCLUSION id=[ 256, 55207 ] d=5 zrank=2 witness=[ 0, 0, 0, 1, 0, 0, 1, 0 ]
INVOLUTION_EXCLUSION id=[ 256, 55208 ] d=5 zrank=2 witness=[ 0, 0, 0, 1, 0, 0, 1, 0 ]
INVOLUTION_EXCLUSION id=[ 256, 55209 ] d=5 zrank=2 witness=[ 0, 0, 0, 1, 0, 0, 1, 0 ]
INVOLUTION_EXCLUSION id=[ 256, 55210 ] d=5 zrank=2 witness=[ 0, 0, 0, 1, 0, 0, 1, 0 ]
INVOLUTION_EXCLUSION id=[ 256, 55211 ] d=5 zrank=2 witness=[ 0, 0, 0, 1, 0, 0, 0, 0 ]
INVOLUTION_EXCLUSION id=[ 256, 55212 ] d=5 zrank=2 witness=[ 0, 0, 0, 1, 0, 0, 0, 0 ]
INVOLUTION_EXCLUSION id=[ 256, 55213 ] d=5 zrank=2 witness=[ 0, 0, 0, 1, 0, 0, 0, 0 ]
INVOLUTION_EXCLUSION id=[ 256, 55214 ] d=5 zrank=2 witness=[ 0, 0, 0, 1, 0, 0, 0, 0 ]
INVOLUTION_EXCLUSION id=[ 256, 55215 ] d=5 zrank=2 witness=[ 0, 0, 0, 1, 0, 0, 1, 0 ]
INVOLUTION_EXCLUSION id=[ 256, 55216 ] d=5 zrank=2 witness=[ 0, 0, 0, 1, 0, 0, 1, 0 ]
INVOLUTION_EXCLUSION id=[ 256, 55217 ] d=5 zrank=2 witness=[ 0, 0, 0, 1, 0, 0, 1, 0 ]
INVOLUTION_EXCLUSION id=[ 256, 55218 ] d=5 zrank=2 witness=[ 0, 0, 0, 1, 0, 0, 1, 0 ]
INVOLUTION_EXCLUSION id=[ 256, 55219 ] d=5 zrank=2 witness=[ 0, 0, 0, 1, 0, 0, 0, 0 ]
INVOLUTION_EXCLUSION id=[ 256, 55220 ] d=5 zrank=2 witness=[ 0, 0, 0, 1, 0, 0, 0, 0 ]
INVOLUTION_EXCLUSION id=[ 256, 55221 ] d=5 zrank=2 witness=[ 0, 0, 0, 1, 0, 0, 0, 0 ]
INVOLUTION_EXCLUSION id=[ 256, 55222 ] d=5 zrank=2 witness=[ 0, 0, 0, 1, 0, 0, 0, 0 ]
INVOLUTION_EXCLUSION id=[ 256, 55223 ] d=5 zrank=2 witness=[ 0, 0, 0, 1, 0, 0, 1, 0 ]
INVOLUTION_EXCLUSION id=[ 256, 55224 ] d=5 zrank=2 witness=[ 0, 0, 0, 1, 0, 0, 1, 0 ]
INVOLUTION_EXCLUSION id=[ 256, 55225 ] d=5 zrank=2 witness=[ 0, 0, 0, 1, 0, 0, 1, 0 ]
INVOLUTION_EXCLUSION id=[ 256, 55226 ] d=5 zrank=2 witness=[ 0, 0, 0, 1, 0, 0, 1, 0 ]
INVOLUTION_EXCLUSION id=[ 256, 55227 ] d=5 zrank=2 witness=[ 0, 0, 0, 1, 0, 0, 1, 0 ]
INVOLUTION_EXCLUSION id=[ 256, 55228 ] d=5 zrank=2 witness=[ 0, 0, 0, 1, 0, 0, 1, 0 ]
INVOLUTION_EXCLUSION id=[ 256, 55229 ] d=5 zrank=2 witness=[ 0, 0, 0, 1, 0, 0, 1, 0 ]
INVOLUTION_EXCLUSION id=[ 256, 55230 ] d=5 zrank=2 witness=[ 0, 0, 0, 1, 0, 0, 1, 0 ]
INVOLUTION_EXCLUSION id=[ 256, 55231 ] d=5 zrank=2 witness=[ 0, 0, 0, 0, 1, 0, 0, 0 ]
INVOLUTION_EXCLUSION id=[ 256, 55232 ] d=5 zrank=2 witness=[ 0, 0, 0, 0, 1, 0, 0, 0 ]
INVOLUTION_EXCLUSION id=[ 256, 55233 ] d=5 zrank=2 witness=[ 0, 0, 0, 0, 1, 0, 0, 0 ]
INVOLUTION_EXCLUSION id=[ 256, 55234 ] d=5 zrank=2 witness=[ 0, 0, 0, 0, 1, 0, 0, 0 ]
INVOLUTION_EXCLUSION id=[ 256, 55235 ] d=5 zrank=2 witness=[ 0, 0, 0, 0, 1, 0, 0, 0 ]
INVOLUTION_EXCLUSION id=[ 256, 55236 ] d=5 zrank=2 witness=[ 0, 0, 0, 0, 1, 0, 0, 0 ]
INVOLUTION_EXCLUSION id=[ 256, 55237 ] d=5 zrank=2 witness=[ 0, 0, 0, 0, 1, 0, 0, 0 ]
INVOLUTION_EXCLUSION id=[ 256, 55238 ] d=5 zrank=2 witness=[ 0, 0, 0, 0, 1, 0, 1, 0 ]
INVOLUTION_EXCLUSION id=[ 256, 55239 ] d=5 zrank=2 witness=[ 0, 0, 0, 0, 1, 0, 1, 0 ]
INVOLUTION_EXCLUSION id=[ 256, 55240 ] d=5 zrank=2 witness=[ 0, 0, 0, 0, 1, 0, 1, 0 ]
INVOLUTION_EXCLUSION id=[ 256, 55241 ] d=5 zrank=2 witness=[ 0, 0, 0, 0, 1, 0, 0, 0 ]
INVOLUTION_EXCLUSION id=[ 256, 55242 ] d=5 zrank=2 witness=[ 0, 0, 0, 0, 1, 0, 0, 0 ]
INVOLUTION_EXCLUSION id=[ 256, 55243 ] d=5 zrank=2 witness=[ 0, 0, 0, 0, 1, 0, 0, 0 ]
INVOLUTION_EXCLUSION id=[ 256, 55244 ] d=5 zrank=2 witness=[ 0, 0, 0, 0, 1, 0, 1, 0 ]
INVOLUTION_EXCLUSION id=[ 256, 55245 ] d=5 zrank=2 witness=[ 0, 0, 0, 0, 1, 0, 1, 0 ]
INVOLUTION_EXCLUSION id=[ 256, 55246 ] d=5 zrank=2 witness=[ 0, 0, 0, 0, 1, 0, 1, 0 ]
INVOLUTION_EXCLUSION id=[ 256, 55247 ] d=5 zrank=2 witness=[ 0, 0, 0, 0, 1, 0, 0, 0 ]
INVOLUTION_EXCLUSION id=[ 256, 55248 ] d=5 zrank=2 witness=[ 0, 0, 0, 0, 1, 0, 0, 0 ]
INVOLUTION_EXCLUSION id=[ 256, 55249 ] d=5 zrank=2 witness=[ 0, 0, 0, 0, 1, 0, 0, 0 ]
INVOLUTION_EXCLUSION id=[ 256, 55250 ] d=5 zrank=2 witness=[ 0, 0, 0, 0, 1, 0, 1, 0 ]
INVOLUTION_EXCLUSION id=[ 256, 55251 ] d=5 zrank=2 witness=[ 0, 0, 0, 0, 1, 0, 1, 0 ]
INVOLUTION_EXCLUSION id=[ 256, 55252 ] d=5 zrank=2 witness=[ 0, 0, 0, 0, 1, 0, 1, 0 ]
INVOLUTION_EXCLUSION id=[ 256, 55253 ] d=5 zrank=2 witness=[ 0, 0, 0, 0, 1, 0, 0, 0 ]
INVOLUTION_EXCLUSION id=[ 256, 55254 ] d=5 zrank=2 witness=[ 0, 0, 0, 0, 1, 0, 0, 0 ]
INVOLUTION_EXCLUSION id=[ 256, 55255 ] d=5 zrank=2 witness=[ 0, 0, 0, 0, 1, 0, 0, 0 ]
INVOLUTION_EXCLUSION id=[ 256, 55256 ] d=5 zrank=2 witness=[ 0, 0, 0, 0, 1, 0, 1, 0 ]
INVOLUTION_EXCLUSION id=[ 256, 55257 ] d=5 zrank=2 witness=[ 0, 0, 0, 0, 1, 0, 1, 0 ]
INVOLUTION_EXCLUSION id=[ 256, 55258 ] d=5 zrank=2 witness=[ 0, 0, 0, 0, 1, 0, 1, 0 ]
INVOLUTION_EXCLUSION id=[ 256, 55259 ] d=5 zrank=2 witness=[ 0, 0, 0, 0, 1, 0, 1, 0 ]
INVOLUTION_EXCLUSION id=[ 256, 55260 ] d=5 zrank=2 witness=[ 0, 0, 0, 0, 1, 0, 1, 0 ]
INVOLUTION_EXCLUSION id=[ 256, 55261 ] d=5 zrank=2 witness=[ 0, 0, 0, 0, 1, 0, 1, 0 ]
INVOLUTION_EXCLUSION id=[ 256, 55262 ] d=5 zrank=2 witness=[ 0, 0, 0, 0, 1, 0, 1, 0 ]
INVOLUTION_EXCLUSION id=[ 256, 55263 ] d=5 zrank=2 witness=[ 0, 0, 0, 0, 1, 0, 1, 0 ]
INVOLUTION_EXCLUSION id=[ 256, 55264 ] d=5 zrank=2 witness=[ 0, 0, 0, 0, 1, 0, 1, 0 ]
INVOLUTION_EXCLUSION id=[ 256, 55265 ] d=5 zrank=2 witness=[ 0, 0, 0, 0, 1, 0, 0, 0 ]
INVOLUTION_EXCLUSION id=[ 256, 55266 ] d=5 zrank=2 witness=[ 0, 0, 0, 0, 1, 0, 0, 0 ]
INVOLUTION_EXCLUSION id=[ 256, 55267 ] d=5 zrank=2 witness=[ 0, 0, 0, 0, 1, 0, 0, 0 ]
INVOLUTION_EXCLUSION id=[ 256, 55268 ] d=5 zrank=2 witness=[ 0, 0, 0, 0, 1, 0, 1, 0 ]
INVOLUTION_EXCLUSION id=[ 256, 55269 ] d=5 zrank=2 witness=[ 0, 0, 0, 0, 1, 0, 1, 0 ]
INVOLUTION_EXCLUSION id=[ 256, 55270 ] d=5 zrank=2 witness=[ 0, 0, 0, 0, 1, 0, 1, 0 ]
INVOLUTION_EXCLUSION id=[ 256, 55271 ] d=5 zrank=2 witness=[ 0, 0, 0, 0, 1, 0, 0, 0 ]
INVOLUTION_EXCLUSION id=[ 256, 55272 ] d=5 zrank=2 witness=[ 0, 0, 0, 0, 1, 0, 0, 0 ]
INVOLUTION_EXCLUSION id=[ 256, 55273 ] d=5 zrank=2 witness=[ 0, 0, 0, 0, 1, 0, 0, 0 ]
INVOLUTION_EXCLUSION id=[ 256, 55274 ] d=5 zrank=2 witness=[ 0, 0, 0, 0, 1, 0, 1, 0 ]
INVOLUTION_EXCLUSION id=[ 256, 55275 ] d=5 zrank=2 witness=[ 0, 0, 0, 0, 1, 0, 1, 0 ]
INVOLUTION_EXCLUSION id=[ 256, 55276 ] d=5 zrank=2 witness=[ 0, 0, 0, 0, 1, 0, 1, 0 ]
INVOLUTION_EXCLUSION id=[ 256, 55277 ] d=5 zrank=2 witness=[ 0, 0, 0, 0, 1, 0, 0, 0 ]
INVOLUTION_EXCLUSION id=[ 256, 55278 ] d=5 zrank=2 witness=[ 0, 0, 0, 0, 1, 0, 0, 0 ]
INVOLUTION_EXCLUSION id=[ 256, 55279 ] d=5 zrank=2 witness=[ 0, 0, 0, 0, 1, 0, 0, 0 ]
INVOLUTION_EXCLUSION id=[ 256, 55280 ] d=5 zrank=2 witness=[ 0, 0, 0, 0, 1, 0, 1, 0 ]
INVOLUTION_EXCLUSION id=[ 256, 55281 ] d=5 zrank=2 witness=[ 0, 0, 0, 0, 1, 0, 1, 0 ]
INVOLUTION_EXCLUSION id=[ 256, 55282 ] d=5 zrank=2 witness=[ 0, 0, 0, 0, 1, 0, 1, 0 ]
INVOLUTION_EXCLUSION id=[ 256, 55283 ] d=5 zrank=2 witness=[ 0, 0, 0, 0, 1, 0, 0, 0 ]
INVOLUTION_EXCLUSION id=[ 256, 55284 ] d=5 zrank=2 witness=[ 0, 0, 0, 0, 1, 0, 1, 0 ]
INVOLUTION_EXCLUSION id=[ 256, 55285 ] d=5 zrank=2 witness=[ 0, 0, 0, 0, 1, 0, 0, 0 ]
INVOLUTION_EXCLUSION id=[ 256, 55286 ] d=5 zrank=2 witness=[ 0, 0, 0, 0, 1, 0, 1, 0 ]
INVOLUTION_EXCLUSION id=[ 256, 55287 ] d=5 zrank=2 witness=[ 0, 0, 0, 0, 1, 0, 0, 0 ]
INVOLUTION_EXCLUSION id=[ 256, 55288 ] d=5 zrank=2 witness=[ 0, 0, 0, 0, 1, 0, 0, 0 ]
INVOLUTION_EXCLUSION id=[ 256, 55289 ] d=5 zrank=2 witness=[ 0, 0, 0, 0, 1, 0, 0, 0 ]
INVOLUTION_EXCLUSION id=[ 256, 55290 ] d=5 zrank=2 witness=[ 0, 0, 0, 0, 1, 0, 0, 0 ]
INVOLUTION_EXCLUSION id=[ 256, 55291 ] d=5 zrank=2 witness=[ 0, 0, 0, 0, 1, 0, 0, 0 ]
INVOLUTION_EXCLUSION id=[ 256, 55292 ] d=5 zrank=2 witness=[ 0, 0, 0, 0, 1, 0, 1, 0 ]
INVOLUTION_EXCLUSION id=[ 256, 55293 ] d=5 zrank=2 witness=[ 0, 0, 0, 0, 1, 0, 0, 0 ]
INVOLUTION_EXCLUSION id=[ 256, 55294 ] d=5 zrank=2 witness=[ 0, 0, 0, 0, 1, 0, 0, 0 ]
INVOLUTION_EXCLUSION id=[ 256, 55295 ] d=5 zrank=2 witness=[ 0, 0, 0, 0, 1, 0, 0, 0 ]
INVOLUTION_EXCLUSION id=[ 256, 55296 ] d=5 zrank=2 witness=[ 0, 0, 0, 0, 1, 0, 1, 0 ]
INVOLUTION_EXCLUSION id=[ 256, 55297 ] d=5 zrank=2 witness=[ 0, 0, 0, 0, 1, 0, 0, 0 ]
INVOLUTION_EXCLUSION id=[ 256, 55298 ] d=5 zrank=2 witness=[ 0, 0, 0, 0, 1, 0, 1, 0 ]
INVOLUTION_EXCLUSION id=[ 256, 55299 ] d=5 zrank=2 witness=[ 0, 0, 0, 0, 1, 0, 0, 0 ]
INVOLUTION_EXCLUSION id=[ 256, 55300 ] d=5 zrank=2 witness=[ 0, 0, 0, 0, 1, 0, 1, 0 ]
INVOLUTION_EXCLUSION id=[ 256, 55301 ] d=5 zrank=2 witness=[ 0, 0, 0, 0, 1, 0, 0, 0 ]
INVOLUTION_EXCLUSION id=[ 256, 55302 ] d=5 zrank=2 witness=[ 0, 0, 0, 0, 1, 0, 1, 0 ]
INVOLUTION_EXCLUSION id=[ 256, 55303 ] d=5 zrank=2 witness=[ 0, 0, 0, 0, 1, 0, 0, 0 ]
INVOLUTION_EXCLUSION id=[ 256, 55304 ] d=5 zrank=2 witness=[ 0, 0, 0, 0, 1, 0, 0, 0 ]
INVOLUTION_EXCLUSION id=[ 256, 55305 ] d=5 zrank=2 witness=[ 0, 0, 0, 0, 1, 0, 0, 0 ]
INVOLUTION_EXCLUSION id=[ 256, 55306 ] d=5 zrank=2 witness=[ 0, 0, 0, 0, 1, 0, 0, 0 ]
INVOLUTION_EXCLUSION id=[ 256, 55307 ] d=5 zrank=2 witness=[ 0, 0, 0, 0, 1, 0, 0, 0 ]
INVOLUTION_EXCLUSION id=[ 256, 55308 ] d=5 zrank=2 witness=[ 0, 0, 0, 0, 1, 0, 0, 0 ]
INVOLUTION_EXCLUSION id=[ 256, 55309 ] d=5 zrank=2 witness=[ 0, 0, 0, 0, 1, 0, 0, 0 ]
INVOLUTION_EXCLUSION id=[ 256, 55310 ] d=5 zrank=2 witness=[ 0, 0, 0, 0, 1, 0, 0, 0 ]
INVOLUTION_EXCLUSION id=[ 256, 55311 ] d=5 zrank=2 witness=[ 0, 0, 0, 0, 1, 0, 0, 0 ]
INVOLUTION_EXCLUSION id=[ 256, 55312 ] d=5 zrank=2 witness=[ 0, 0, 0, 0, 1, 0, 0, 0 ]
INVOLUTION_EXCLUSION id=[ 256, 55313 ] d=5 zrank=2 witness=[ 0, 0, 0, 0, 1, 0, 0, 0 ]
INVOLUTION_EXCLUSION id=[ 256, 55314 ] d=5 zrank=2 witness=[ 0, 0, 0, 0, 1, 0, 1, 0 ]
INVOLUTION_EXCLUSION id=[ 256, 55315 ] d=5 zrank=2 witness=[ 0, 0, 0, 0, 1, 0, 1, 0 ]
INVOLUTION_EXCLUSION id=[ 256, 55316 ] d=5 zrank=2 witness=[ 0, 0, 0, 0, 1, 0, 1, 0 ]
INVOLUTION_EXCLUSION id=[ 256, 55317 ] d=5 zrank=2 witness=[ 0, 0, 0, 0, 1, 0, 1, 0 ]
INVOLUTION_EXCLUSION id=[ 256, 55318 ] d=5 zrank=2 witness=[ 0, 0, 0, 0, 1, 0, 1, 0 ]
INVOLUTION_EXCLUSION id=[ 256, 55319 ] d=5 zrank=2 witness=[ 0, 0, 0, 0, 1, 0, 1, 0 ]
INVOLUTION_EXCLUSION id=[ 256, 55320 ] d=5 zrank=2 witness=[ 0, 0, 0, 0, 1, 0, 1, 0 ]
INVOLUTION_EXCLUSION id=[ 256, 55321 ] d=5 zrank=2 witness=[ 0, 0, 0, 0, 1, 0, 0, 0 ]
INVOLUTION_EXCLUSION id=[ 256, 55322 ] d=5 zrank=2 witness=[ 0, 0, 0, 0, 1, 0, 0, 0 ]
INVOLUTION_EXCLUSION id=[ 256, 55323 ] d=5 zrank=2 witness=[ 0, 0, 0, 0, 1, 0, 0, 0 ]
INVOLUTION_EXCLUSION id=[ 256, 55324 ] d=5 zrank=2 witness=[ 0, 0, 0, 0, 1, 0, 1, 0 ]
INVOLUTION_EXCLUSION id=[ 256, 55325 ] d=5 zrank=2 witness=[ 0, 0, 0, 0, 1, 0, 1, 0 ]
INVOLUTION_EXCLUSION id=[ 256, 55326 ] d=5 zrank=2 witness=[ 0, 0, 0, 0, 1, 0, 1, 0 ]
INVOLUTION_EXCLUSION id=[ 256, 55327 ] d=5 zrank=2 witness=[ 0, 0, 0, 0, 1, 0, 0, 0 ]
INVOLUTION_EXCLUSION id=[ 256, 55328 ] d=5 zrank=2 witness=[ 0, 0, 0, 0, 1, 0, 0, 0 ]
INVOLUTION_EXCLUSION id=[ 256, 55329 ] d=5 zrank=2 witness=[ 0, 0, 0, 0, 1, 0, 0, 0 ]
INVOLUTION_EXCLUSION id=[ 256, 55330 ] d=5 zrank=2 witness=[ 0, 0, 0, 0, 1, 0, 1, 0 ]
INVOLUTION_EXCLUSION id=[ 256, 55331 ] d=5 zrank=2 witness=[ 0, 0, 0, 0, 1, 0, 1, 0 ]
INVOLUTION_EXCLUSION id=[ 256, 55332 ] d=5 zrank=2 witness=[ 0, 0, 0, 0, 1, 0, 1, 0 ]
INVOLUTION_EXCLUSION id=[ 256, 55333 ] d=5 zrank=2 witness=[ 0, 0, 0, 0, 1, 0, 0, 0 ]
INVOLUTION_EXCLUSION id=[ 256, 55334 ] d=5 zrank=2 witness=[ 0, 0, 0, 0, 1, 0, 1, 0 ]
INVOLUTION_EXCLUSION id=[ 256, 55335 ] d=5 zrank=2 witness=[ 0, 0, 0, 0, 1, 0, 0, 0 ]
INVOLUTION_EXCLUSION id=[ 256, 55336 ] d=5 zrank=2 witness=[ 0, 0, 0, 0, 1, 0, 1, 0 ]
INVOLUTION_EXCLUSION id=[ 256, 55337 ] d=5 zrank=2 witness=[ 0, 0, 0, 0, 1, 0, 0, 0 ]
INVOLUTION_EXCLUSION id=[ 256, 55338 ] d=5 zrank=2 witness=[ 0, 0, 0, 0, 1, 0, 0, 0 ]
INVOLUTION_EXCLUSION id=[ 256, 55339 ] d=5 zrank=2 witness=[ 0, 0, 0, 0, 1, 0, 0, 0 ]
INVOLUTION_EXCLUSION id=[ 256, 55340 ] d=5 zrank=2 witness=[ 0, 0, 0, 0, 1, 0, 0, 0 ]
INVOLUTION_EXCLUSION id=[ 256, 55341 ] d=5 zrank=2 witness=[ 0, 0, 0, 0, 1, 0, 0, 0 ]
INVOLUTION_EXCLUSION id=[ 256, 55342 ] d=5 zrank=2 witness=[ 0, 0, 0, 0, 1, 0, 1, 0 ]
INVOLUTION_EXCLUSION id=[ 256, 55343 ] d=5 zrank=2 witness=[ 0, 0, 0, 0, 1, 0, 0, 0 ]
INVOLUTION_EXCLUSION id=[ 256, 55344 ] d=5 zrank=2 witness=[ 0, 0, 0, 0, 1, 0, 0, 0 ]
INVOLUTION_EXCLUSION id=[ 256, 55345 ] d=5 zrank=2 witness=[ 0, 0, 0, 0, 1, 0, 0, 0 ]
INVOLUTION_EXCLUSION id=[ 256, 55346 ] d=5 zrank=2 witness=[ 0, 0, 0, 0, 1, 0, 0, 0 ]
INVOLUTION_EXCLUSION id=[ 256, 55347 ] d=5 zrank=2 witness=[ 0, 0, 0, 0, 1, 0, 0, 0 ]
INVOLUTION_EXCLUSION id=[ 256, 55348 ] d=5 zrank=2 witness=[ 0, 0, 0, 0, 1, 0, 0, 0 ]
INVOLUTION_EXCLUSION id=[ 256, 55349 ] d=5 zrank=2 witness=[ 0, 0, 0, 0, 1, 0, 0, 0 ]
INVOLUTION_EXCLUSION id=[ 256, 55350 ] d=5 zrank=2 witness=[ 0, 0, 0, 0, 1, 0, 1, 0 ]
INVOLUTION_EXCLUSION id=[ 256, 55351 ] d=5 zrank=2 witness=[ 0, 0, 0, 0, 1, 0, 1, 0 ]
INVOLUTION_EXCLUSION id=[ 256, 55352 ] d=5 zrank=2 witness=[ 0, 0, 0, 0, 1, 0, 1, 0 ]
INVOLUTION_EXCLUSION id=[ 256, 55353 ] d=5 zrank=2 witness=[ 0, 0, 0, 0, 1, 0, 0, 0 ]
INVOLUTION_EXCLUSION id=[ 256, 55354 ] d=5 zrank=2 witness=[ 0, 0, 0, 0, 1, 0, 0, 0 ]
INVOLUTION_EXCLUSION id=[ 256, 55355 ] d=5 zrank=2 witness=[ 0, 0, 0, 0, 1, 0, 0, 0 ]
INVOLUTION_EXCLUSION id=[ 256, 55356 ] d=5 zrank=2 witness=[ 0, 0, 0, 0, 1, 0, 1, 0 ]
INVOLUTION_EXCLUSION id=[ 256, 55357 ] d=5 zrank=2 witness=[ 0, 0, 0, 0, 1, 0, 1, 0 ]
INVOLUTION_EXCLUSION id=[ 256, 55358 ] d=5 zrank=2 witness=[ 0, 0, 0, 0, 1, 0, 1, 0 ]
INVOLUTION_EXCLUSION id=[ 256, 55359 ] d=5 zrank=2 witness=[ 0, 0, 0, 0, 1, 0, 0, 0 ]
INVOLUTION_EXCLUSION id=[ 256, 55360 ] d=5 zrank=2 witness=[ 0, 0, 0, 0, 1, 0, 0, 0 ]
INVOLUTION_EXCLUSION id=[ 256, 55361 ] d=5 zrank=2 witness=[ 0, 0, 0, 0, 1, 0, 0, 0 ]
INVOLUTION_EXCLUSION id=[ 256, 55362 ] d=5 zrank=2 witness=[ 0, 0, 0, 0, 1, 0, 0, 0 ]
INVOLUTION_EXCLUSION id=[ 256, 55363 ] d=5 zrank=2 witness=[ 0, 0, 0, 0, 1, 0, 0, 0 ]
INVOLUTION_EXCLUSION id=[ 256, 55364 ] d=5 zrank=2 witness=[ 0, 0, 0, 0, 1, 0, 0, 0 ]
INVOLUTION_EXCLUSION id=[ 256, 55365 ] d=5 zrank=2 witness=[ 0, 0, 0, 0, 1, 0, 0, 0 ]
INVOLUTION_EXCLUSION id=[ 256, 55366 ] d=5 zrank=2 witness=[ 0, 0, 0, 0, 1, 0, 1, 0 ]
INVOLUTION_EXCLUSION id=[ 256, 55367 ] d=5 zrank=2 witness=[ 0, 0, 0, 0, 1, 0, 1, 0 ]
INVOLUTION_EXCLUSION id=[ 256, 55368 ] d=5 zrank=2 witness=[ 0, 0, 0, 0, 1, 0, 1, 0 ]
INVOLUTION_EXCLUSION id=[ 256, 55369 ] d=5 zrank=2 witness=[ 0, 0, 0, 0, 1, 0, 0, 0 ]
INVOLUTION_EXCLUSION id=[ 256, 55370 ] d=5 zrank=2 witness=[ 0, 0, 0, 0, 1, 0, 0, 0 ]
INVOLUTION_EXCLUSION id=[ 256, 55371 ] d=5 zrank=2 witness=[ 0, 0, 0, 0, 1, 0, 0, 0 ]
INVOLUTION_EXCLUSION id=[ 256, 55372 ] d=5 zrank=2 witness=[ 0, 0, 0, 0, 1, 0, 1, 0 ]
INVOLUTION_EXCLUSION id=[ 256, 55373 ] d=5 zrank=2 witness=[ 0, 0, 0, 0, 1, 0, 1, 0 ]
INVOLUTION_EXCLUSION id=[ 256, 55374 ] d=5 zrank=2 witness=[ 0, 0, 0, 0, 1, 0, 1, 0 ]
INVOLUTION_EXCLUSION id=[ 256, 55375 ] d=5 zrank=2 witness=[ 0, 0, 0, 0, 1, 0, 0, 0 ]
INVOLUTION_EXCLUSION id=[ 256, 55376 ] d=5 zrank=2 witness=[ 0, 0, 0, 0, 1, 0, 0, 0 ]
INVOLUTION_EXCLUSION id=[ 256, 55377 ] d=5 zrank=2 witness=[ 0, 0, 0, 0, 1, 0, 0, 0 ]
INVOLUTION_EXCLUSION id=[ 256, 55378 ] d=5 zrank=2 witness=[ 0, 0, 0, 0, 1, 0, 1, 0 ]
INVOLUTION_EXCLUSION id=[ 256, 55379 ] d=5 zrank=2 witness=[ 0, 0, 0, 0, 1, 0, 1, 0 ]
INVOLUTION_EXCLUSION id=[ 256, 55380 ] d=5 zrank=2 witness=[ 0, 0, 0, 0, 1, 0, 1, 0 ]
INVOLUTION_EXCLUSION id=[ 256, 55381 ] d=5 zrank=2 witness=[ 0, 0, 0, 0, 1, 0, 0, 0 ]
INVOLUTION_EXCLUSION id=[ 256, 55382 ] d=5 zrank=2 witness=[ 0, 0, 0, 0, 1, 0, 1, 0 ]
INVOLUTION_EXCLUSION id=[ 256, 55383 ] d=5 zrank=2 witness=[ 0, 0, 0, 0, 1, 0, 0, 0 ]
INVOLUTION_EXCLUSION id=[ 256, 55384 ] d=5 zrank=2 witness=[ 0, 0, 0, 0, 1, 0, 1, 0 ]
INVOLUTION_EXCLUSION id=[ 256, 55385 ] d=5 zrank=2 witness=[ 0, 0, 0, 0, 1, 0, 0, 0 ]
INVOLUTION_EXCLUSION id=[ 256, 55386 ] d=5 zrank=2 witness=[ 0, 0, 0, 0, 1, 0, 0, 0 ]
INVOLUTION_EXCLUSION id=[ 256, 55387 ] d=5 zrank=2 witness=[ 0, 0, 0, 0, 1, 0, 0, 0 ]
INVOLUTION_EXCLUSION id=[ 256, 55388 ] d=5 zrank=2 witness=[ 0, 0, 0, 0, 1, 0, 0, 0 ]
INVOLUTION_EXCLUSION id=[ 256, 55389 ] d=5 zrank=2 witness=[ 0, 0, 0, 0, 1, 0, 0, 0 ]
INVOLUTION_EXCLUSION id=[ 256, 55390 ] d=5 zrank=2 witness=[ 0, 0, 0, 0, 1, 0, 1, 0 ]
INVOLUTION_EXCLUSION id=[ 256, 55391 ] d=5 zrank=2 witness=[ 0, 0, 0, 0, 1, 0, 0, 0 ]
INVOLUTION_EXCLUSION id=[ 256, 55392 ] d=5 zrank=2 witness=[ 0, 0, 0, 0, 1, 0, 1, 0 ]
INVOLUTION_EXCLUSION id=[ 256, 55393 ] d=5 zrank=2 witness=[ 0, 0, 0, 0, 1, 0, 0, 0 ]
INVOLUTION_EXCLUSION id=[ 256, 55394 ] d=5 zrank=2 witness=[ 0, 0, 0, 0, 1, 0, 0, 0 ]
INVOLUTION_EXCLUSION id=[ 256, 55395 ] d=5 zrank=2 witness=[ 0, 0, 0, 0, 1, 0, 0, 0 ]
INVOLUTION_EXCLUSION id=[ 256, 55396 ] d=5 zrank=2 witness=[ 0, 0, 0, 0, 1, 0, 0, 0 ]
INVOLUTION_EXCLUSION id=[ 256, 55397 ] d=5 zrank=2 witness=[ 0, 0, 0, 0, 1, 0, 0, 0 ]
INVOLUTION_EXCLUSION id=[ 256, 55398 ] d=5 zrank=2 witness=[ 0, 0, 0, 0, 1, 0, 1, 0 ]
INVOLUTION_EXCLUSION id=[ 256, 55399 ] d=5 zrank=2 witness=[ 0, 0, 0, 0, 1, 0, 0, 0 ]
INVOLUTION_EXCLUSION id=[ 256, 55400 ] d=5 zrank=2 witness=[ 0, 0, 0, 0, 1, 0, 0, 0 ]
INVOLUTION_EXCLUSION id=[ 256, 55401 ] d=5 zrank=2 witness=[ 0, 0, 0, 1, 0, 0, 0, 0 ]
INVOLUTION_EXCLUSION id=[ 256, 55402 ] d=5 zrank=2 witness=[ 0, 0, 0, 1, 0, 0, 0, 0 ]
INVOLUTION_EXCLUSION id=[ 256, 55403 ] d=5 zrank=2 witness=[ 0, 0, 0, 1, 0, 0, 0, 0 ]
INVOLUTION_EXCLUSION id=[ 256, 55404 ] d=5 zrank=2 witness=[ 0, 0, 0, 1, 0, 0, 0, 0 ]
INVOLUTION_EXCLUSION id=[ 256, 55405 ] d=5 zrank=2 witness=[ 0, 0, 0, 1, 0, 0, 0, 0 ]
INVOLUTION_EXCLUSION id=[ 256, 55406 ] d=5 zrank=2 witness=[ 0, 0, 0, 1, 0, 0, 0, 0 ]
INVOLUTION_EXCLUSION id=[ 256, 55407 ] d=5 zrank=2 witness=[ 0, 0, 0, 1, 0, 0, 0, 0 ]
INVOLUTION_EXCLUSION id=[ 256, 55408 ] d=5 zrank=2 witness=[ 0, 0, 0, 1, 0, 0, 1, 0 ]
INVOLUTION_EXCLUSION id=[ 256, 55409 ] d=5 zrank=2 witness=[ 0, 0, 0, 1, 0, 0, 0, 0 ]
INVOLUTION_EXCLUSION id=[ 256, 55410 ] d=5 zrank=2 witness=[ 0, 0, 0, 1, 0, 0, 0, 0 ]
INVOLUTION_EXCLUSION id=[ 256, 55411 ] d=5 zrank=2 witness=[ 0, 0, 0, 1, 0, 0, 0, 0 ]
INVOLUTION_EXCLUSION id=[ 256, 55412 ] d=5 zrank=2 witness=[ 0, 0, 0, 1, 0, 0, 0, 0 ]
INVOLUTION_EXCLUSION id=[ 256, 55413 ] d=5 zrank=2 witness=[ 0, 0, 0, 1, 0, 0, 1, 0 ]
INVOLUTION_EXCLUSION id=[ 256, 55414 ] d=5 zrank=2 witness=[ 0, 0, 0, 1, 0, 0, 1, 0 ]
INVOLUTION_EXCLUSION id=[ 256, 55415 ] d=5 zrank=2 witness=[ 0, 0, 0, 1, 0, 0, 1, 0 ]
INVOLUTION_EXCLUSION id=[ 256, 55416 ] d=5 zrank=2 witness=[ 0, 0, 0, 1, 0, 0, 0, 0 ]
INVOLUTION_EXCLUSION id=[ 256, 55417 ] d=5 zrank=2 witness=[ 0, 0, 0, 1, 0, 0, 1, 0 ]
INVOLUTION_EXCLUSION id=[ 256, 55418 ] d=5 zrank=2 witness=[ 0, 0, 0, 1, 0, 0, 0, 0 ]
INVOLUTION_EXCLUSION id=[ 256, 55419 ] d=5 zrank=2 witness=[ 0, 0, 0, 1, 0, 0, 0, 0 ]
INVOLUTION_EXCLUSION id=[ 256, 55420 ] d=5 zrank=2 witness=[ 0, 0, 0, 1, 0, 0, 0, 0 ]
INVOLUTION_EXCLUSION id=[ 256, 55421 ] d=5 zrank=2 witness=[ 0, 0, 0, 1, 0, 0, 1, 0 ]
INVOLUTION_EXCLUSION id=[ 256, 55422 ] d=5 zrank=2 witness=[ 0, 0, 0, 1, 0, 0, 1, 0 ]
INVOLUTION_EXCLUSION id=[ 256, 55423 ] d=5 zrank=2 witness=[ 0, 0, 0, 1, 0, 0, 0, 0 ]
INVOLUTION_EXCLUSION id=[ 256, 55424 ] d=5 zrank=2 witness=[ 0, 0, 0, 1, 0, 0, 0, 0 ]
INVOLUTION_EXCLUSION id=[ 256, 55425 ] d=5 zrank=2 witness=[ 0, 0, 0, 1, 0, 0, 0, 0 ]
INVOLUTION_EXCLUSION id=[ 256, 55426 ] d=5 zrank=2 witness=[ 0, 0, 0, 1, 0, 0, 1, 0 ]
INVOLUTION_EXCLUSION id=[ 256, 55427 ] d=5 zrank=2 witness=[ 0, 0, 0, 1, 0, 0, 1, 0 ]
INVOLUTION_EXCLUSION id=[ 256, 55428 ] d=5 zrank=2 witness=[ 0, 0, 0, 1, 0, 0, 1, 0 ]
INVOLUTION_EXCLUSION id=[ 256, 55429 ] d=5 zrank=2 witness=[ 0, 0, 0, 1, 0, 0, 0, 0 ]
INVOLUTION_EXCLUSION id=[ 256, 55430 ] d=5 zrank=2 witness=[ 0, 0, 0, 1, 0, 0, 0, 0 ]
INVOLUTION_EXCLUSION id=[ 256, 55431 ] d=5 zrank=2 witness=[ 0, 0, 0, 1, 0, 0, 0, 0 ]
INVOLUTION_EXCLUSION id=[ 256, 55432 ] d=5 zrank=2 witness=[ 0, 0, 0, 1, 0, 0, 0, 0 ]
INVOLUTION_EXCLUSION id=[ 256, 55433 ] d=5 zrank=2 witness=[ 0, 0, 0, 1, 0, 0, 0, 0 ]
INVOLUTION_EXCLUSION id=[ 256, 55434 ] d=5 zrank=2 witness=[ 0, 0, 0, 1, 0, 0, 0, 0 ]
INVOLUTION_EXCLUSION id=[ 256, 55435 ] d=5 zrank=2 witness=[ 0, 0, 0, 1, 0, 0, 0, 0 ]
INVOLUTION_EXCLUSION id=[ 256, 55436 ] d=5 zrank=2 witness=[ 0, 0, 0, 1, 0, 0, 0, 0 ]
INVOLUTION_EXCLUSION id=[ 256, 55437 ] d=5 zrank=2 witness=[ 0, 0, 0, 1, 0, 0, 0, 0 ]
INVOLUTION_EXCLUSION id=[ 256, 55438 ] d=5 zrank=2 witness=[ 0, 0, 0, 1, 0, 0, 0, 0 ]
INVOLUTION_EXCLUSION id=[ 256, 55439 ] d=5 zrank=2 witness=[ 0, 0, 0, 1, 0, 0, 1, 0 ]
INVOLUTION_EXCLUSION id=[ 256, 55440 ] d=5 zrank=2 witness=[ 0, 0, 0, 1, 0, 0, 1, 0 ]
INVOLUTION_EXCLUSION id=[ 256, 55441 ] d=5 zrank=2 witness=[ 0, 0, 0, 1, 0, 0, 0, 0 ]
INVOLUTION_EXCLUSION id=[ 256, 55442 ] d=5 zrank=2 witness=[ 0, 0, 0, 1, 0, 0, 0, 0 ]
INVOLUTION_EXCLUSION id=[ 256, 55443 ] d=5 zrank=2 witness=[ 0, 0, 0, 1, 0, 0, 0, 0 ]
INVOLUTION_EXCLUSION id=[ 256, 55444 ] d=5 zrank=2 witness=[ 0, 0, 0, 1, 0, 0, 0, 0 ]
INVOLUTION_EXCLUSION id=[ 256, 55445 ] d=5 zrank=2 witness=[ 0, 0, 0, 1, 0, 0, 0, 0 ]
INVOLUTION_EXCLUSION id=[ 256, 55446 ] d=5 zrank=2 witness=[ 0, 0, 0, 1, 0, 0, 0, 0 ]
INVOLUTION_EXCLUSION id=[ 256, 55447 ] d=5 zrank=2 witness=[ 0, 0, 0, 1, 0, 0, 0, 0 ]
INVOLUTION_EXCLUSION id=[ 256, 55448 ] d=5 zrank=2 witness=[ 0, 0, 0, 1, 0, 0, 0, 0 ]
INVOLUTION_EXCLUSION id=[ 256, 55449 ] d=5 zrank=2 witness=[ 0, 0, 0, 1, 0, 0, 1, 0 ]
INVOLUTION_EXCLUSION id=[ 256, 55450 ] d=5 zrank=2 witness=[ 0, 0, 0, 1, 0, 0, 1, 0 ]
INVOLUTION_EXCLUSION id=[ 256, 55451 ] d=5 zrank=2 witness=[ 0, 0, 0, 1, 0, 0, 0, 0 ]
INVOLUTION_EXCLUSION id=[ 256, 55452 ] d=5 zrank=2 witness=[ 0, 0, 0, 1, 0, 0, 0, 0 ]
INVOLUTION_EXCLUSION id=[ 256, 55453 ] d=5 zrank=2 witness=[ 0, 0, 0, 1, 0, 0, 0, 0 ]
INVOLUTION_EXCLUSION id=[ 256, 55454 ] d=5 zrank=2 witness=[ 0, 0, 0, 1, 0, 0, 0, 0 ]
INVOLUTION_EXCLUSION id=[ 256, 55455 ] d=5 zrank=2 witness=[ 0, 0, 0, 1, 0, 0, 1, 0 ]
INVOLUTION_EXCLUSION id=[ 256, 55456 ] d=5 zrank=2 witness=[ 0, 0, 0, 1, 0, 0, 1, 0 ]
INVOLUTION_EXCLUSION id=[ 256, 55457 ] d=5 zrank=2 witness=[ 0, 0, 0, 1, 0, 0, 0, 0 ]
INVOLUTION_EXCLUSION id=[ 256, 55458 ] d=5 zrank=2 witness=[ 0, 0, 0, 1, 0, 0, 0, 0 ]
INVOLUTION_EXCLUSION id=[ 256, 55459 ] d=5 zrank=2 witness=[ 0, 0, 0, 1, 0, 0, 0, 0 ]
INVOLUTION_EXCLUSION id=[ 256, 55460 ] d=5 zrank=2 witness=[ 0, 0, 0, 1, 0, 0, 0, 0 ]
INVOLUTION_EXCLUSION id=[ 256, 55461 ] d=5 zrank=2 witness=[ 0, 0, 0, 1, 0, 0, 0, 0 ]
INVOLUTION_EXCLUSION id=[ 256, 55462 ] d=5 zrank=2 witness=[ 0, 0, 0, 1, 0, 0, 0, 0 ]
INVOLUTION_EXCLUSION id=[ 256, 55463 ] d=5 zrank=2 witness=[ 0, 0, 0, 1, 0, 0, 0, 0 ]
INVOLUTION_EXCLUSION id=[ 256, 55464 ] d=5 zrank=2 witness=[ 0, 0, 0, 1, 0, 0, 1, 0 ]
INVOLUTION_EXCLUSION id=[ 256, 55465 ] d=5 zrank=2 witness=[ 0, 0, 0, 1, 0, 0, 0, 0 ]
INVOLUTION_EXCLUSION id=[ 256, 55466 ] d=5 zrank=2 witness=[ 0, 0, 0, 1, 0, 0, 0, 0 ]
INVOLUTION_EXCLUSION id=[ 256, 55467 ] d=5 zrank=2 witness=[ 0, 0, 0, 1, 0, 0, 0, 0 ]
INVOLUTION_EXCLUSION id=[ 256, 55468 ] d=5 zrank=2 witness=[ 0, 0, 0, 1, 0, 0, 0, 0 ]
INVOLUTION_EXCLUSION id=[ 256, 55469 ] d=5 zrank=2 witness=[ 0, 0, 0, 1, 0, 0, 1, 0 ]
INVOLUTION_EXCLUSION id=[ 256, 55470 ] d=5 zrank=2 witness=[ 0, 0, 0, 1, 0, 0, 1, 0 ]
INVOLUTION_EXCLUSION id=[ 256, 55471 ] d=5 zrank=2 witness=[ 0, 0, 0, 1, 0, 0, 1, 0 ]
INVOLUTION_EXCLUSION id=[ 256, 55472 ] d=5 zrank=2 witness=[ 0, 0, 0, 1, 0, 0, 0, 0 ]
INVOLUTION_EXCLUSION id=[ 256, 55473 ] d=5 zrank=2 witness=[ 0, 0, 0, 1, 0, 0, 1, 0 ]
INVOLUTION_EXCLUSION id=[ 256, 55474 ] d=5 zrank=2 witness=[ 0, 0, 0, 1, 0, 0, 0, 0 ]
INVOLUTION_EXCLUSION id=[ 256, 55475 ] d=5 zrank=2 witness=[ 0, 0, 0, 1, 0, 0, 0, 0 ]
INVOLUTION_EXCLUSION id=[ 256, 55476 ] d=5 zrank=2 witness=[ 0, 0, 0, 1, 0, 0, 0, 0 ]
INVOLUTION_EXCLUSION id=[ 256, 55477 ] d=5 zrank=2 witness=[ 0, 0, 0, 1, 0, 0, 1, 0 ]
INVOLUTION_EXCLUSION id=[ 256, 55478 ] d=5 zrank=2 witness=[ 0, 0, 0, 1, 0, 0, 1, 0 ]
INVOLUTION_EXCLUSION id=[ 256, 55479 ] d=5 zrank=2 witness=[ 0, 0, 0, 1, 0, 0, 0, 0 ]
INVOLUTION_EXCLUSION id=[ 256, 55480 ] d=5 zrank=2 witness=[ 0, 0, 0, 1, 0, 0, 0, 0 ]
INVOLUTION_EXCLUSION id=[ 256, 55481 ] d=5 zrank=2 witness=[ 0, 0, 0, 1, 0, 0, 0, 0 ]
INVOLUTION_EXCLUSION id=[ 256, 55482 ] d=5 zrank=2 witness=[ 0, 0, 0, 1, 0, 0, 1, 0 ]
INVOLUTION_EXCLUSION id=[ 256, 55483 ] d=5 zrank=2 witness=[ 0, 0, 0, 1, 0, 0, 1, 0 ]
INVOLUTION_EXCLUSION id=[ 256, 55484 ] d=5 zrank=2 witness=[ 0, 0, 0, 1, 0, 0, 1, 0 ]
INVOLUTION_EXCLUSION id=[ 256, 55485 ] d=5 zrank=2 witness=[ 0, 0, 0, 1, 0, 0, 0, 0 ]
INVOLUTION_EXCLUSION id=[ 256, 55486 ] d=5 zrank=2 witness=[ 0, 0, 0, 1, 0, 0, 0, 0 ]
INVOLUTION_EXCLUSION id=[ 256, 55487 ] d=5 zrank=2 witness=[ 0, 0, 0, 1, 0, 0, 0, 0 ]
INVOLUTION_EXCLUSION id=[ 256, 55488 ] d=5 zrank=2 witness=[ 0, 0, 0, 1, 0, 0, 0, 0 ]
INVOLUTION_EXCLUSION id=[ 256, 55489 ] d=5 zrank=2 witness=[ 0, 0, 0, 1, 0, 0, 0, 0 ]
INVOLUTION_EXCLUSION id=[ 256, 55490 ] d=5 zrank=2 witness=[ 0, 0, 0, 1, 0, 0, 0, 0 ]
INVOLUTION_EXCLUSION id=[ 256, 55491 ] d=5 zrank=2 witness=[ 0, 0, 0, 1, 0, 0, 0, 0 ]
INVOLUTION_EXCLUSION id=[ 256, 55492 ] d=5 zrank=2 witness=[ 0, 0, 0, 1, 0, 0, 0, 0 ]
INVOLUTION_EXCLUSION id=[ 256, 55493 ] d=5 zrank=2 witness=[ 0, 0, 0, 1, 0, 0, 0, 0 ]
INVOLUTION_EXCLUSION id=[ 256, 55494 ] d=5 zrank=2 witness=[ 0, 0, 0, 1, 0, 0, 0, 0 ]
INVOLUTION_EXCLUSION id=[ 256, 55495 ] d=5 zrank=2 witness=[ 0, 0, 0, 1, 0, 0, 1, 0 ]
INVOLUTION_EXCLUSION id=[ 256, 55496 ] d=5 zrank=2 witness=[ 0, 0, 0, 1, 0, 0, 1, 0 ]
INVOLUTION_EXCLUSION id=[ 256, 55497 ] d=5 zrank=2 witness=[ 0, 0, 0, 1, 0, 0, 0, 0 ]
INVOLUTION_EXCLUSION id=[ 256, 55498 ] d=5 zrank=2 witness=[ 0, 0, 0, 1, 0, 0, 0, 0 ]
INVOLUTION_EXCLUSION id=[ 256, 55499 ] d=5 zrank=2 witness=[ 0, 0, 0, 1, 0, 0, 0, 0 ]
INVOLUTION_EXCLUSION id=[ 256, 55500 ] d=5 zrank=2 witness=[ 0, 0, 0, 1, 0, 0, 0, 0 ]
INVOLUTION_EXCLUSION id=[ 256, 55501 ] d=5 zrank=2 witness=[ 0, 0, 0, 1, 0, 0, 0, 0 ]
INVOLUTION_EXCLUSION id=[ 256, 55502 ] d=5 zrank=2 witness=[ 0, 0, 0, 1, 0, 0, 0, 0 ]
INVOLUTION_EXCLUSION id=[ 256, 55503 ] d=5 zrank=2 witness=[ 0, 0, 0, 1, 0, 0, 0, 0 ]
INVOLUTION_EXCLUSION id=[ 256, 55504 ] d=5 zrank=2 witness=[ 0, 0, 0, 1, 0, 0, 0, 0 ]
INVOLUTION_EXCLUSION id=[ 256, 55505 ] d=5 zrank=2 witness=[ 0, 0, 0, 1, 0, 0, 1, 0 ]
INVOLUTION_EXCLUSION id=[ 256, 55506 ] d=5 zrank=2 witness=[ 0, 0, 0, 1, 0, 0, 1, 0 ]
INVOLUTION_EXCLUSION id=[ 256, 55507 ] d=5 zrank=2 witness=[ 0, 0, 0, 1, 0, 0, 0, 0 ]
INVOLUTION_EXCLUSION id=[ 256, 55508 ] d=5 zrank=2 witness=[ 0, 0, 0, 1, 0, 0, 0, 0 ]
INVOLUTION_EXCLUSION id=[ 256, 55509 ] d=5 zrank=2 witness=[ 0, 0, 0, 1, 0, 0, 0, 0 ]
INVOLUTION_EXCLUSION id=[ 256, 55510 ] d=5 zrank=2 witness=[ 0, 0, 0, 1, 0, 0, 0, 0 ]
INVOLUTION_EXCLUSION id=[ 256, 55511 ] d=5 zrank=2 witness=[ 0, 0, 0, 1, 0, 0, 1, 0 ]
INVOLUTION_EXCLUSION id=[ 256, 55512 ] d=5 zrank=2 witness=[ 0, 0, 0, 1, 0, 0, 1, 0 ]
INVOLUTION_EXCLUSION id=[ 256, 55513 ] d=5 zrank=2 witness=[ 0, 0, 0, 1, 0, 0, 0, 0 ]
INVOLUTION_EXCLUSION id=[ 256, 55514 ] d=5 zrank=2 witness=[ 0, 0, 0, 1, 0, 0, 0, 0 ]
INVOLUTION_EXCLUSION id=[ 256, 55515 ] d=5 zrank=2 witness=[ 0, 0, 0, 1, 0, 0, 0, 0 ]
INVOLUTION_EXCLUSION id=[ 256, 55516 ] d=5 zrank=2 witness=[ 0, 0, 0, 1, 0, 0, 0, 0 ]
INVOLUTION_EXCLUSION id=[ 256, 55517 ] d=5 zrank=2 witness=[ 0, 0, 0, 1, 0, 0, 0, 0 ]
INVOLUTION_EXCLUSION id=[ 256, 55518 ] d=5 zrank=2 witness=[ 0, 0, 0, 1, 0, 0, 0, 0 ]
INVOLUTION_EXCLUSION id=[ 256, 55519 ] d=5 zrank=2 witness=[ 0, 0, 0, 1, 0, 0, 0, 0 ]
INVOLUTION_EXCLUSION id=[ 256, 55520 ] d=5 zrank=2 witness=[ 0, 0, 0, 1, 0, 0, 0, 0 ]
INVOLUTION_EXCLUSION id=[ 256, 55521 ] d=5 zrank=2 witness=[ 0, 0, 0, 1, 0, 0, 0, 0 ]
INVOLUTION_EXCLUSION id=[ 256, 55522 ] d=5 zrank=2 witness=[ 0, 0, 0, 1, 0, 0, 1, 0 ]
INVOLUTION_EXCLUSION id=[ 256, 55523 ] d=5 zrank=2 witness=[ 0, 0, 0, 1, 0, 0, 0, 0 ]
INVOLUTION_EXCLUSION id=[ 256, 55524 ] d=5 zrank=2 witness=[ 0, 0, 0, 1, 0, 0, 0, 0 ]
INVOLUTION_EXCLUSION id=[ 256, 55525 ] d=5 zrank=2 witness=[ 0, 0, 0, 1, 0, 0, 0, 0 ]
INVOLUTION_EXCLUSION id=[ 256, 55526 ] d=5 zrank=2 witness=[ 0, 0, 0, 1, 0, 0, 0, 0 ]
INVOLUTION_EXCLUSION id=[ 256, 55527 ] d=5 zrank=2 witness=[ 0, 0, 0, 1, 0, 0, 0, 0 ]
INVOLUTION_EXCLUSION id=[ 256, 55528 ] d=5 zrank=2 witness=[ 0, 0, 0, 1, 0, 0, 0, 0 ]
INVOLUTION_EXCLUSION id=[ 256, 55529 ] d=5 zrank=2 witness=[ 0, 0, 0, 1, 0, 0, 0, 0 ]
INVOLUTION_EXCLUSION id=[ 256, 55530 ] d=5 zrank=2 witness=[ 0, 0, 0, 1, 0, 0, 0, 0 ]
INVOLUTION_EXCLUSION id=[ 256, 55531 ] d=5 zrank=2 witness=[ 0, 0, 0, 1, 0, 0, 1, 0 ]
INVOLUTION_EXCLUSION id=[ 256, 55532 ] d=5 zrank=2 witness=[ 0, 0, 0, 1, 0, 0, 1, 0 ]
INVOLUTION_EXCLUSION id=[ 256, 55533 ] d=5 zrank=2 witness=[ 0, 0, 0, 1, 0, 0, 1, 0 ]
INVOLUTION_EXCLUSION id=[ 256, 55534 ] d=5 zrank=2 witness=[ 0, 0, 0, 1, 0, 0, 1, 0 ]
INVOLUTION_EXCLUSION id=[ 256, 55535 ] d=5 zrank=2 witness=[ 0, 0, 0, 1, 0, 0, 0, 0 ]
INVOLUTION_EXCLUSION id=[ 256, 55536 ] d=5 zrank=2 witness=[ 0, 0, 0, 1, 0, 0, 1, 0 ]
INVOLUTION_EXCLUSION id=[ 256, 55537 ] d=5 zrank=2 witness=[ 0, 0, 0, 1, 0, 0, 1, 0 ]
INVOLUTION_EXCLUSION id=[ 256, 55538 ] d=5 zrank=2 witness=[ 0, 0, 0, 1, 0, 0, 0, 0 ]
INVOLUTION_EXCLUSION id=[ 256, 55539 ] d=5 zrank=2 witness=[ 0, 0, 0, 1, 0, 0, 0, 0 ]
INVOLUTION_EXCLUSION id=[ 256, 55540 ] d=5 zrank=2 witness=[ 0, 0, 0, 1, 0, 0, 0, 0 ]
INVOLUTION_EXCLUSION id=[ 256, 55541 ] d=5 zrank=2 witness=[ 0, 0, 0, 1, 0, 0, 0, 0 ]
INVOLUTION_EXCLUSION id=[ 256, 55542 ] d=5 zrank=2 witness=[ 0, 0, 0, 1, 0, 0, 1, 0 ]
INVOLUTION_EXCLUSION id=[ 256, 55543 ] d=5 zrank=2 witness=[ 0, 0, 0, 1, 0, 0, 1, 0 ]
INVOLUTION_EXCLUSION id=[ 256, 55544 ] d=5 zrank=2 witness=[ 0, 0, 0, 1, 0, 0, 0, 0 ]
INVOLUTION_EXCLUSION id=[ 256, 55545 ] d=5 zrank=2 witness=[ 0, 0, 0, 1, 0, 0, 0, 0 ]
INVOLUTION_EXCLUSION id=[ 256, 55546 ] d=5 zrank=2 witness=[ 0, 0, 0, 1, 0, 0, 0, 0 ]
INVOLUTION_EXCLUSION id=[ 256, 55547 ] d=5 zrank=2 witness=[ 0, 0, 0, 1, 0, 0, 0, 0 ]
INVOLUTION_EXCLUSION id=[ 256, 55548 ] d=5 zrank=2 witness=[ 0, 0, 0, 1, 0, 0, 1, 0 ]
INVOLUTION_EXCLUSION id=[ 256, 55549 ] d=5 zrank=2 witness=[ 0, 0, 0, 1, 0, 0, 1, 0 ]
INVOLUTION_EXCLUSION id=[ 256, 55550 ] d=5 zrank=2 witness=[ 0, 0, 0, 1, 0, 0, 1, 0 ]
INVOLUTION_EXCLUSION id=[ 256, 55551 ] d=5 zrank=2 witness=[ 0, 0, 0, 1, 0, 0, 1, 0 ]
INVOLUTION_EXCLUSION id=[ 256, 55552 ] d=5 zrank=2 witness=[ 0, 0, 0, 1, 0, 0, 0, 0 ]
INVOLUTION_EXCLUSION id=[ 256, 55553 ] d=5 zrank=2 witness=[ 0, 0, 0, 1, 0, 0, 0, 0 ]
INVOLUTION_EXCLUSION id=[ 256, 55554 ] d=5 zrank=2 witness=[ 0, 0, 0, 1, 0, 0, 1, 0 ]
INVOLUTION_EXCLUSION id=[ 256, 55555 ] d=5 zrank=2 witness=[ 0, 0, 0, 1, 0, 0, 1, 0 ]
INVOLUTION_EXCLUSION id=[ 256, 55556 ] d=5 zrank=2 witness=[ 0, 0, 0, 1, 0, 0, 0, 0 ]
INVOLUTION_EXCLUSION id=[ 256, 55557 ] d=5 zrank=2 witness=[ 0, 0, 0, 1, 0, 0, 0, 0 ]
INVOLUTION_EXCLUSION id=[ 256, 55558 ] d=5 zrank=2 witness=[ 0, 0, 0, 1, 0, 0, 0, 0 ]
INVOLUTION_EXCLUSION id=[ 256, 55559 ] d=5 zrank=2 witness=[ 0, 0, 0, 1, 0, 0, 0, 0 ]
INVOLUTION_EXCLUSION id=[ 256, 55560 ] d=5 zrank=2 witness=[ 0, 0, 0, 1, 0, 0, 1, 0 ]
INVOLUTION_EXCLUSION id=[ 256, 55561 ] d=5 zrank=2 witness=[ 0, 0, 0, 1, 0, 0, 1, 0 ]
INVOLUTION_EXCLUSION id=[ 256, 55562 ] d=5 zrank=2 witness=[ 0, 0, 0, 1, 0, 0, 1, 0 ]
INVOLUTION_EXCLUSION id=[ 256, 55563 ] d=5 zrank=2 witness=[ 0, 0, 0, 1, 0, 0, 1, 0 ]
INVOLUTION_EXCLUSION id=[ 256, 55564 ] d=5 zrank=2 witness=[ 0, 0, 0, 1, 0, 0, 0, 0 ]
INVOLUTION_EXCLUSION id=[ 256, 55565 ] d=5 zrank=2 witness=[ 0, 0, 0, 1, 0, 0, 0, 0 ]
INVOLUTION_EXCLUSION id=[ 256, 55566 ] d=5 zrank=2 witness=[ 0, 0, 0, 1, 0, 0, 0, 0 ]
INVOLUTION_EXCLUSION id=[ 256, 55567 ] d=5 zrank=2 witness=[ 0, 0, 0, 1, 0, 0, 0, 0 ]
INVOLUTION_EXCLUSION id=[ 256, 55568 ] d=5 zrank=2 witness=[ 0, 0, 0, 1, 0, 0, 1, 0 ]
INVOLUTION_EXCLUSION id=[ 256, 55569 ] d=5 zrank=2 witness=[ 0, 0, 0, 1, 0, 0, 1, 0 ]
INVOLUTION_EXCLUSION id=[ 256, 55570 ] d=5 zrank=2 witness=[ 0, 0, 0, 1, 0, 0, 0, 0 ]
INVOLUTION_EXCLUSION id=[ 256, 55571 ] d=5 zrank=2 witness=[ 0, 0, 0, 1, 0, 0, 0, 0 ]
INVOLUTION_EXCLUSION id=[ 256, 55572 ] d=5 zrank=2 witness=[ 0, 0, 0, 1, 0, 0, 0, 0 ]
INVOLUTION_EXCLUSION id=[ 256, 55573 ] d=5 zrank=2 witness=[ 0, 0, 0, 1, 0, 0, 0, 0 ]
INVOLUTION_EXCLUSION id=[ 256, 55574 ] d=5 zrank=2 witness=[ 0, 0, 0, 1, 0, 0, 1, 0 ]
INVOLUTION_EXCLUSION id=[ 256, 55575 ] d=5 zrank=2 witness=[ 0, 0, 0, 1, 0, 0, 1, 0 ]
INVOLUTION_EXCLUSION id=[ 256, 55576 ] d=5 zrank=2 witness=[ 0, 0, 0, 1, 0, 0, 0, 0 ]
INVOLUTION_EXCLUSION id=[ 256, 55577 ] d=5 zrank=2 witness=[ 0, 0, 0, 1, 0, 0, 0, 0 ]
INVOLUTION_EXCLUSION id=[ 256, 55578 ] d=5 zrank=2 witness=[ 0, 0, 0, 1, 0, 0, 0, 0 ]
INVOLUTION_EXCLUSION id=[ 256, 55579 ] d=5 zrank=2 witness=[ 0, 0, 0, 1, 0, 0, 0, 0 ]
INVOLUTION_EXCLUSION id=[ 256, 55580 ] d=5 zrank=2 witness=[ 0, 0, 0, 1, 0, 0, 0, 0 ]
INVOLUTION_EXCLUSION id=[ 256, 55581 ] d=5 zrank=2 witness=[ 0, 0, 0, 1, 0, 0, 0, 0 ]
INVOLUTION_EXCLUSION id=[ 256, 55582 ] d=5 zrank=2 witness=[ 0, 0, 0, 1, 0, 0, 1, 0 ]
INVOLUTION_EXCLUSION id=[ 256, 55583 ] d=5 zrank=2 witness=[ 0, 0, 0, 1, 0, 0, 1, 0 ]
INVOLUTION_EXCLUSION id=[ 256, 55584 ] d=5 zrank=2 witness=[ 0, 0, 0, 1, 0, 0, 0, 0 ]
INVOLUTION_EXCLUSION id=[ 256, 55585 ] d=5 zrank=2 witness=[ 0, 0, 0, 1, 0, 0, 0, 0 ]
INVOLUTION_EXCLUSION id=[ 256, 55586 ] d=5 zrank=2 witness=[ 0, 0, 0, 1, 0, 0, 0, 0 ]
INVOLUTION_EXCLUSION id=[ 256, 55587 ] d=5 zrank=2 witness=[ 0, 0, 0, 1, 0, 0, 0, 0 ]
INVOLUTION_EXCLUSION id=[ 256, 55588 ] d=5 zrank=2 witness=[ 0, 0, 0, 1, 0, 0, 1, 0 ]
INVOLUTION_EXCLUSION id=[ 256, 55589 ] d=5 zrank=2 witness=[ 0, 0, 0, 1, 0, 0, 1, 0 ]
INVOLUTION_EXCLUSION id=[ 256, 55590 ] d=5 zrank=2 witness=[ 0, 0, 0, 1, 0, 0, 0, 0 ]
INVOLUTION_EXCLUSION id=[ 256, 55591 ] d=5 zrank=2 witness=[ 0, 0, 0, 1, 0, 0, 0, 0 ]
INVOLUTION_EXCLUSION id=[ 256, 55592 ] d=5 zrank=2 witness=[ 0, 0, 0, 1, 0, 0, 0, 0 ]
INVOLUTION_EXCLUSION id=[ 256, 55593 ] d=5 zrank=2 witness=[ 0, 0, 0, 1, 0, 0, 0, 0 ]
INVOLUTION_EXCLUSION id=[ 256, 55594 ] d=5 zrank=2 witness=[ 0, 0, 0, 1, 0, 0, 1, 0 ]
INVOLUTION_EXCLUSION id=[ 256, 55595 ] d=5 zrank=2 witness=[ 0, 0, 0, 1, 0, 0, 1, 0 ]
INVOLUTION_EXCLUSION id=[ 256, 55596 ] d=5 zrank=2 witness=[ 0, 0, 0, 1, 0, 0, 0, 0 ]
INVOLUTION_EXCLUSION id=[ 256, 55597 ] d=5 zrank=2 witness=[ 0, 0, 0, 1, 0, 0, 0, 0 ]
INVOLUTION_EXCLUSION id=[ 256, 55598 ] d=5 zrank=2 witness=[ 0, 0, 0, 1, 0, 0, 0, 0 ]
INVOLUTION_EXCLUSION id=[ 256, 55599 ] d=5 zrank=2 witness=[ 0, 0, 0, 1, 0, 0, 0, 0 ]
INVOLUTION_EXCLUSION id=[ 256, 55600 ] d=5 zrank=2 witness=[ 0, 0, 0, 1, 0, 0, 1, 0 ]
INVOLUTION_EXCLUSION id=[ 256, 55601 ] d=5 zrank=2 witness=[ 0, 0, 0, 1, 0, 0, 1, 0 ]
INVOLUTION_EXCLUSION id=[ 256, 55602 ] d=5 zrank=2 witness=[ 0, 0, 0, 1, 0, 0, 0, 0 ]
INVOLUTION_EXCLUSION id=[ 256, 55603 ] d=5 zrank=2 witness=[ 0, 0, 0, 1, 0, 0, 0, 0 ]
INVOLUTION_EXCLUSION id=[ 256, 55604 ] d=5 zrank=2 witness=[ 0, 0, 0, 1, 0, 0, 1, 0 ]
INVOLUTION_EXCLUSION id=[ 256, 55605 ] d=5 zrank=2 witness=[ 0, 0, 0, 1, 0, 0, 1, 0 ]
INVOLUTION_EXCLUSION id=[ 256, 55606 ] d=5 zrank=2 witness=[ 0, 0, 0, 1, 0, 0, 1, 0 ]
INVOLUTION_EXCLUSION id=[ 256, 55607 ] d=5 zrank=2 witness=[ 0, 0, 0, 1, 0, 0, 1, 0 ]
INVOLUTION_EXCLUSION id=[ 256, 55611 ] d=5 zrank=2 witness=[ 0, 0, 0, 1, 0, 0, 0, 0 ]
INVOLUTION_EXCLUSION id=[ 256, 55612 ] d=5 zrank=1 witness=[ 0, 0, 0, 0, 1, 0, 0, 0 ]
INVOLUTION_EXCLUSION id=[ 256, 55619 ] d=5 zrank=2 witness=[ 0, 0, 0, 1, 0, 0, 1, 0 ]
INVOLUTION_EXCLUSION id=[ 256, 55620 ] d=5 zrank=2 witness=[ 0, 0, 0, 1, 0, 0, 0, 0 ]
INVOLUTION_EXCLUSION id=[ 256, 55621 ] d=5 zrank=2 witness=[ 0, 0, 0, 1, 0, 0, 0, 0 ]
INVOLUTION_EXCLUSION id=[ 256, 55622 ] d=5 zrank=2 witness=[ 0, 0, 0, 1, 0, 0, 0, 0 ]
INVOLUTION_EXCLUSION id=[ 256, 55623 ] d=5 zrank=1 witness=[ 0, 0, 0, 0, 1, 0, 1, 0 ]
INVOLUTION_EXCLUSION id=[ 256, 55624 ] d=5 zrank=1 witness=[ 0, 0, 0, 0, 1, 0, 0, 0 ]
INVOLUTION_EXCLUSION id=[ 256, 55625 ] d=5 zrank=1 witness=[ 0, 0, 0, 0, 1, 0, 0, 0 ]
INVOLUTION_EXCLUSION id=[ 256, 55639 ] d=6 zrank=2 witness=[ 0, 0, 0, 1, 0, 0, 0, 0 ]
INVOLUTION_EXCLUSION id=[ 256, 55640 ] d=6 zrank=2 witness=[ 0, 0, 0, 0, 0, 1, 0, 0 ]
INVOLUTION_EXCLUSION id=[ 256, 55641 ] d=6 zrank=2 witness=[ 0, 0, 0, 0, 0, 1, 0, 0 ]
INVOLUTION_EXCLUSION id=[ 256, 55642 ] d=6 zrank=2 witness=[ 0, 0, 0, 0, 1, 0, 0, 0 ]
INVOLUTION_EXCLUSION id=[ 256, 55674 ] d=6 zrank=2 witness=[ 0, 0, 0, 1, 0, 0, 0, 0 ]
INVOLUTION_EXCLUSION id=[ 256, 55682 ] d=6 zrank=2 witness=[ 0, 0, 0, 1, 0, 0, 0, 0 ]
INVOLUTION_EXCLUSION id=[ 256, 55705 ] d=6 zrank=2 witness=[ 0, 0, 0, 1, 0, 0, 0, 0 ]
INVOLUTION_EXCLUSION id=[ 256, 55717 ] d=6 zrank=2 witness=[ 0, 0, 0, 0, 1, 0, 0, 0 ]
INVOLUTION_EXCLUSION id=[ 256, 55731 ] d=6 zrank=2 witness=[ 0, 0, 0, 0, 1, 0, 0, 0 ]
INVOLUTION_EXCLUSION id=[ 256, 55736 ] d=6 zrank=2 witness=[ 0, 0, 0, 0, 1, 0, 0, 0 ]
INVOLUTION_EXCLUSION id=[ 256, 55740 ] d=6 zrank=2 witness=[ 0, 0, 0, 0, 1, 0, 0, 0 ]
INVOLUTION_EXCLUSION id=[ 256, 55743 ] d=6 zrank=2 witness=[ 0, 0, 0, 0, 1, 0, 0, 0 ]
INVOLUTION_EXCLUSION id=[ 256, 55747 ] d=6 zrank=2 witness=[ 0, 0, 0, 1, 0, 0, 0, 0 ]
INVOLUTION_EXCLUSION id=[ 256, 55749 ] d=6 zrank=2 witness=[ 0, 0, 0, 1, 0, 0, 0, 0 ]
INVOLUTION_EXCLUSION id=[ 256, 55750 ] d=6 zrank=2 witness=[ 0, 0, 0, 1, 1, 0, 0, 0 ]
INVOLUTION_EXCLUSION id=[ 256, 55761 ] d=6 zrank=2 witness=[ 0, 0, 0, 0, 1, 0, 0, 0 ]
INVOLUTION_EXCLUSION id=[ 256, 55769 ] d=6 zrank=2 witness=[ 0, 0, 0, 0, 1, 0, 0, 0 ]
INVOLUTION_EXCLUSION id=[ 256, 55776 ] d=6 zrank=2 witness=[ 0, 0, 0, 0, 1, 0, 0, 0 ]
INVOLUTION_EXCLUSION id=[ 256, 55781 ] d=6 zrank=2 witness=[ 0, 0, 0, 0, 1, 0, 0, 0 ]
INVOLUTION_EXCLUSION id=[ 256, 55788 ] d=6 zrank=2 witness=[ 0, 0, 0, 1, 0, 0, 0, 0 ]
INVOLUTION_EXCLUSION id=[ 256, 55793 ] d=6 zrank=2 witness=[ 0, 0, 0, 1, 0, 0, 0, 0 ]
INVOLUTION_EXCLUSION id=[ 256, 55798 ] d=6 zrank=2 witness=[ 0, 0, 0, 1, 0, 0, 0, 0 ]
INVOLUTION_EXCLUSION id=[ 256, 55799 ] d=6 zrank=2 witness=[ 0, 0, 0, 0, 1, 0, 0, 0 ]
INVOLUTION_EXCLUSION id=[ 256, 55800 ] d=6 zrank=2 witness=[ 0, 0, 0, 0, 1, 0, 0, 0 ]
INVOLUTION_EXCLUSION id=[ 256, 55801 ] d=6 zrank=2 witness=[ 0, 0, 0, 0, 1, 0, 0, 0 ]
INVOLUTION_EXCLUSION id=[ 256, 55802 ] d=6 zrank=2 witness=[ 0, 0, 0, 0, 1, 0, 0, 0 ]
INVOLUTION_EXCLUSION id=[ 256, 55803 ] d=6 zrank=2 witness=[ 0, 0, 0, 0, 1, 0, 0, 0 ]
INVOLUTION_EXCLUSION id=[ 256, 55804 ] d=6 zrank=2 witness=[ 0, 0, 0, 1, 0, 0, 0, 0 ]
INVOLUTION_EXCLUSION id=[ 256, 55805 ] d=6 zrank=2 witness=[ 0, 0, 0, 0, 0, 1, 0, 0 ]
INVOLUTION_EXCLUSION id=[ 256, 55806 ] d=6 zrank=2 witness=[ 0, 0, 0, 0, 0, 1, 0, 0 ]
INVOLUTION_EXCLUSION id=[ 256, 55807 ] d=6 zrank=2 witness=[ 0, 0, 0, 0, 0, 1, 0, 0 ]
INVOLUTION_EXCLUSION id=[ 256, 55808 ] d=6 zrank=2 witness=[ 0, 0, 0, 0, 0, 1, 0, 0 ]
INVOLUTION_EXCLUSION id=[ 256, 55809 ] d=6 zrank=2 witness=[ 0, 0, 0, 0, 0, 1, 0, 0 ]
INVOLUTION_EXCLUSION id=[ 256, 55810 ] d=6 zrank=2 witness=[ 0, 0, 0, 0, 0, 1, 0, 0 ]
INVOLUTION_EXCLUSION id=[ 256, 55811 ] d=6 zrank=2 witness=[ 0, 0, 0, 0, 0, 1, 0, 0 ]
INVOLUTION_EXCLUSION id=[ 256, 55812 ] d=6 zrank=2 witness=[ 0, 0, 0, 0, 0, 1, 0, 0 ]
INVOLUTION_EXCLUSION id=[ 256, 55813 ] d=6 zrank=2 witness=[ 0, 0, 0, 0, 0, 1, 0, 0 ]
INVOLUTION_EXCLUSION id=[ 256, 55814 ] d=6 zrank=2 witness=[ 0, 0, 0, 0, 0, 1, 0, 0 ]
INVOLUTION_EXCLUSION id=[ 256, 55815 ] d=6 zrank=2 witness=[ 0, 0, 0, 0, 0, 1, 0, 0 ]
INVOLUTION_EXCLUSION id=[ 256, 55816 ] d=6 zrank=2 witness=[ 0, 0, 0, 0, 1, 0, 0, 0 ]
INVOLUTION_EXCLUSION id=[ 256, 55817 ] d=6 zrank=2 witness=[ 0, 0, 0, 0, 1, 0, 0, 0 ]
INVOLUTION_EXCLUSION id=[ 256, 55818 ] d=6 zrank=2 witness=[ 0, 0, 0, 0, 1, 0, 0, 0 ]
INVOLUTION_EXCLUSION id=[ 256, 55819 ] d=6 zrank=2 witness=[ 0, 0, 0, 0, 1, 0, 0, 0 ]
INVOLUTION_EXCLUSION id=[ 256, 55820 ] d=6 zrank=2 witness=[ 0, 0, 0, 0, 0, 1, 0, 0 ]
INVOLUTION_EXCLUSION id=[ 256, 55821 ] d=6 zrank=2 witness=[ 0, 0, 0, 0, 0, 1, 0, 0 ]
INVOLUTION_EXCLUSION id=[ 256, 55822 ] d=6 zrank=2 witness=[ 0, 0, 0, 0, 0, 1, 0, 0 ]
INVOLUTION_EXCLUSION id=[ 256, 55823 ] d=6 zrank=2 witness=[ 0, 0, 0, 0, 0, 1, 0, 0 ]
INVOLUTION_EXCLUSION id=[ 256, 55824 ] d=6 zrank=2 witness=[ 0, 0, 0, 1, 0, 0, 0, 0 ]
INVOLUTION_EXCLUSION id=[ 256, 55825 ] d=6 zrank=2 witness=[ 0, 0, 0, 0, 0, 1, 0, 0 ]
INVOLUTION_EXCLUSION id=[ 256, 55826 ] d=6 zrank=2 witness=[ 0, 0, 0, 1, 0, 0, 0, 0 ]
INVOLUTION_EXCLUSION id=[ 256, 55827 ] d=6 zrank=2 witness=[ 0, 0, 0, 1, 1, 1, 0, 0 ]
INVOLUTION_EXCLUSION id=[ 256, 55828 ] d=6 zrank=2 witness=[ 0, 0, 0, 1, 1, 1, 0, 0 ]
INVOLUTION_EXCLUSION id=[ 256, 55829 ] d=6 zrank=2 witness=[ 0, 0, 0, 1, 1, 1, 0, 0 ]
INVOLUTION_EXCLUSION id=[ 256, 55830 ] d=6 zrank=2 witness=[ 0, 0, 0, 0, 0, 1, 0, 0 ]
INVOLUTION_EXCLUSION id=[ 256, 55831 ] d=6 zrank=2 witness=[ 0, 0, 0, 0, 0, 1, 0, 0 ]
INVOLUTION_EXCLUSION id=[ 256, 55832 ] d=6 zrank=2 witness=[ 0, 0, 0, 0, 0, 1, 0, 0 ]
INVOLUTION_EXCLUSION id=[ 256, 55833 ] d=6 zrank=2 witness=[ 0, 0, 0, 0, 0, 1, 0, 0 ]
INVOLUTION_EXCLUSION id=[ 256, 55834 ] d=6 zrank=2 witness=[ 0, 0, 0, 0, 0, 1, 0, 0 ]
INVOLUTION_EXCLUSION id=[ 256, 55835 ] d=6 zrank=2 witness=[ 0, 0, 0, 0, 0, 1, 0, 0 ]
INVOLUTION_EXCLUSION id=[ 256, 55836 ] d=6 zrank=2 witness=[ 0, 0, 0, 0, 0, 1, 0, 0 ]
INVOLUTION_EXCLUSION id=[ 256, 55837 ] d=6 zrank=2 witness=[ 0, 0, 0, 0, 0, 1, 0, 0 ]
INVOLUTION_EXCLUSION id=[ 256, 55838 ] d=6 zrank=2 witness=[ 0, 0, 0, 0, 0, 1, 0, 0 ]
INVOLUTION_EXCLUSION id=[ 256, 55839 ] d=6 zrank=2 witness=[ 0, 0, 0, 0, 0, 1, 0, 0 ]
INVOLUTION_EXCLUSION id=[ 256, 55840 ] d=6 zrank=2 witness=[ 0, 0, 0, 0, 0, 1, 0, 0 ]
INVOLUTION_EXCLUSION id=[ 256, 55841 ] d=6 zrank=2 witness=[ 0, 0, 0, 0, 0, 1, 0, 0 ]
INVOLUTION_EXCLUSION id=[ 256, 55842 ] d=6 zrank=2 witness=[ 0, 0, 0, 0, 0, 1, 0, 0 ]
INVOLUTION_EXCLUSION id=[ 256, 55843 ] d=6 zrank=2 witness=[ 0, 0, 0, 0, 0, 1, 0, 0 ]
INVOLUTION_EXCLUSION id=[ 256, 55844 ] d=6 zrank=2 witness=[ 0, 0, 0, 0, 0, 1, 0, 0 ]
INVOLUTION_EXCLUSION id=[ 256, 55845 ] d=6 zrank=2 witness=[ 0, 0, 0, 1, 0, 0, 0, 0 ]
INVOLUTION_EXCLUSION id=[ 256, 55846 ] d=6 zrank=2 witness=[ 0, 0, 0, 1, 0, 0, 0, 0 ]
INVOLUTION_EXCLUSION id=[ 256, 55847 ] d=6 zrank=2 witness=[ 0, 0, 0, 0, 0, 1, 0, 0 ]
INVOLUTION_EXCLUSION id=[ 256, 55848 ] d=6 zrank=2 witness=[ 0, 0, 0, 0, 0, 1, 0, 0 ]
INVOLUTION_EXCLUSION id=[ 256, 55849 ] d=6 zrank=2 witness=[ 0, 0, 0, 1, 0, 0, 0, 0 ]
INVOLUTION_EXCLUSION id=[ 256, 55850 ] d=6 zrank=2 witness=[ 0, 0, 0, 0, 0, 1, 0, 0 ]
INVOLUTION_EXCLUSION id=[ 256, 55851 ] d=6 zrank=2 witness=[ 0, 0, 0, 0, 0, 1, 0, 0 ]
INVOLUTION_EXCLUSION id=[ 256, 55852 ] d=6 zrank=2 witness=[ 0, 0, 0, 0, 0, 1, 0, 0 ]
INVOLUTION_EXCLUSION id=[ 256, 55853 ] d=6 zrank=2 witness=[ 0, 0, 0, 0, 0, 1, 0, 0 ]
INVOLUTION_EXCLUSION id=[ 256, 55854 ] d=6 zrank=2 witness=[ 0, 0, 0, 0, 0, 1, 0, 0 ]
INVOLUTION_EXCLUSION id=[ 256, 55855 ] d=6 zrank=2 witness=[ 0, 0, 0, 0, 0, 1, 0, 0 ]
INVOLUTION_EXCLUSION id=[ 256, 55856 ] d=6 zrank=2 witness=[ 0, 0, 0, 0, 0, 1, 0, 0 ]
INVOLUTION_EXCLUSION id=[ 256, 55857 ] d=6 zrank=2 witness=[ 0, 0, 0, 0, 1, 1, 0, 0 ]
INVOLUTION_EXCLUSION id=[ 256, 55858 ] d=6 zrank=2 witness=[ 0, 0, 0, 0, 1, 1, 0, 0 ]
INVOLUTION_EXCLUSION id=[ 256, 55859 ] d=6 zrank=2 witness=[ 0, 0, 0, 0, 0, 1, 0, 0 ]
INVOLUTION_EXCLUSION id=[ 256, 55860 ] d=6 zrank=2 witness=[ 0, 0, 0, 0, 0, 1, 0, 0 ]
INVOLUTION_EXCLUSION id=[ 256, 55861 ] d=6 zrank=2 witness=[ 0, 0, 0, 0, 0, 1, 0, 0 ]
INVOLUTION_EXCLUSION id=[ 256, 55862 ] d=6 zrank=2 witness=[ 0, 0, 0, 0, 0, 1, 0, 0 ]
INVOLUTION_EXCLUSION id=[ 256, 55863 ] d=6 zrank=2 witness=[ 0, 0, 0, 0, 0, 1, 0, 0 ]
INVOLUTION_EXCLUSION id=[ 256, 55864 ] d=6 zrank=2 witness=[ 0, 0, 0, 0, 0, 1, 0, 0 ]
INVOLUTION_EXCLUSION id=[ 256, 55865 ] d=6 zrank=2 witness=[ 0, 0, 0, 0, 0, 1, 0, 0 ]
INVOLUTION_EXCLUSION id=[ 256, 55866 ] d=6 zrank=2 witness=[ 0, 0, 0, 0, 0, 1, 0, 0 ]
INVOLUTION_EXCLUSION id=[ 256, 55867 ] d=6 zrank=2 witness=[ 0, 0, 0, 0, 0, 1, 0, 0 ]
INVOLUTION_EXCLUSION id=[ 256, 55868 ] d=6 zrank=2 witness=[ 0, 0, 0, 0, 0, 1, 0, 0 ]
INVOLUTION_EXCLUSION id=[ 256, 55869 ] d=6 zrank=2 witness=[ 0, 0, 0, 0, 0, 1, 0, 0 ]
INVOLUTION_EXCLUSION id=[ 256, 55870 ] d=6 zrank=2 witness=[ 0, 0, 0, 1, 0, 0, 0, 0 ]
INVOLUTION_EXCLUSION id=[ 256, 55871 ] d=6 zrank=2 witness=[ 0, 0, 0, 1, 0, 0, 0, 0 ]
INVOLUTION_EXCLUSION id=[ 256, 55872 ] d=6 zrank=2 witness=[ 0, 0, 0, 1, 0, 1, 0, 0 ]
INVOLUTION_EXCLUSION id=[ 256, 55873 ] d=6 zrank=2 witness=[ 0, 0, 0, 1, 0, 1, 0, 0 ]
INVOLUTION_EXCLUSION id=[ 256, 55874 ] d=6 zrank=2 witness=[ 0, 0, 0, 0, 0, 1, 0, 0 ]
INVOLUTION_EXCLUSION id=[ 256, 55875 ] d=6 zrank=2 witness=[ 0, 0, 0, 0, 0, 1, 0, 0 ]
INVOLUTION_EXCLUSION id=[ 256, 55876 ] d=6 zrank=2 witness=[ 0, 0, 0, 0, 0, 1, 0, 0 ]
INVOLUTION_EXCLUSION id=[ 256, 55877 ] d=6 zrank=2 witness=[ 0, 0, 0, 0, 0, 1, 0, 0 ]
INVOLUTION_EXCLUSION id=[ 256, 55878 ] d=6 zrank=2 witness=[ 0, 0, 0, 1, 0, 0, 0, 0 ]
INVOLUTION_EXCLUSION id=[ 256, 55879 ] d=6 zrank=2 witness=[ 0, 0, 0, 1, 0, 1, 0, 0 ]
INVOLUTION_EXCLUSION id=[ 256, 55880 ] d=6 zrank=2 witness=[ 0, 0, 0, 0, 0, 1, 0, 0 ]
INVOLUTION_EXCLUSION id=[ 256, 55881 ] d=6 zrank=2 witness=[ 0, 0, 0, 0, 0, 1, 0, 0 ]
INVOLUTION_EXCLUSION id=[ 256, 55882 ] d=6 zrank=2 witness=[ 0, 0, 0, 0, 0, 1, 0, 0 ]
INVOLUTION_EXCLUSION id=[ 256, 55883 ] d=6 zrank=2 witness=[ 0, 0, 0, 0, 0, 1, 0, 0 ]
INVOLUTION_EXCLUSION id=[ 256, 55884 ] d=6 zrank=2 witness=[ 0, 0, 0, 0, 0, 1, 0, 0 ]
INVOLUTION_EXCLUSION id=[ 256, 55885 ] d=6 zrank=2 witness=[ 0, 0, 0, 0, 0, 1, 0, 0 ]
INVOLUTION_EXCLUSION id=[ 256, 55886 ] d=6 zrank=2 witness=[ 0, 0, 0, 0, 0, 1, 0, 0 ]
INVOLUTION_EXCLUSION id=[ 256, 55887 ] d=6 zrank=2 witness=[ 0, 0, 0, 0, 0, 1, 0, 0 ]
INVOLUTION_EXCLUSION id=[ 256, 55888 ] d=6 zrank=2 witness=[ 0, 0, 0, 0, 0, 1, 0, 0 ]
INVOLUTION_EXCLUSION id=[ 256, 55889 ] d=6 zrank=2 witness=[ 0, 0, 0, 0, 0, 1, 0, 0 ]
INVOLUTION_EXCLUSION id=[ 256, 55890 ] d=6 zrank=2 witness=[ 0, 0, 0, 0, 0, 1, 0, 0 ]
INVOLUTION_EXCLUSION id=[ 256, 55891 ] d=6 zrank=2 witness=[ 0, 0, 0, 0, 0, 1, 0, 0 ]
INVOLUTION_EXCLUSION id=[ 256, 55892 ] d=6 zrank=2 witness=[ 0, 0, 0, 0, 0, 1, 0, 0 ]
INVOLUTION_EXCLUSION id=[ 256, 55893 ] d=6 zrank=2 witness=[ 0, 0, 0, 0, 0, 1, 0, 0 ]
INVOLUTION_EXCLUSION id=[ 256, 55894 ] d=6 zrank=2 witness=[ 0, 0, 0, 0, 0, 1, 0, 0 ]
INVOLUTION_EXCLUSION id=[ 256, 55895 ] d=6 zrank=2 witness=[ 0, 0, 0, 0, 0, 1, 0, 0 ]
INVOLUTION_EXCLUSION id=[ 256, 55896 ] d=6 zrank=2 witness=[ 0, 0, 0, 0, 0, 1, 0, 0 ]
INVOLUTION_EXCLUSION id=[ 256, 55897 ] d=6 zrank=2 witness=[ 0, 0, 0, 0, 0, 1, 0, 0 ]
INVOLUTION_EXCLUSION id=[ 256, 55898 ] d=6 zrank=2 witness=[ 0, 0, 0, 0, 0, 1, 0, 0 ]
INVOLUTION_EXCLUSION id=[ 256, 55899 ] d=6 zrank=2 witness=[ 0, 0, 0, 0, 0, 1, 0, 0 ]
INVOLUTION_EXCLUSION id=[ 256, 55900 ] d=6 zrank=2 witness=[ 0, 0, 0, 0, 0, 1, 0, 0 ]
INVOLUTION_EXCLUSION id=[ 256, 55901 ] d=6 zrank=2 witness=[ 0, 0, 0, 0, 0, 1, 0, 0 ]
INVOLUTION_EXCLUSION id=[ 256, 55902 ] d=6 zrank=2 witness=[ 0, 0, 0, 0, 0, 1, 0, 0 ]
INVOLUTION_EXCLUSION id=[ 256, 55903 ] d=6 zrank=2 witness=[ 0, 0, 0, 0, 0, 1, 0, 0 ]
INVOLUTION_EXCLUSION id=[ 256, 55904 ] d=6 zrank=2 witness=[ 0, 0, 0, 0, 0, 1, 0, 0 ]
INVOLUTION_EXCLUSION id=[ 256, 55905 ] d=6 zrank=2 witness=[ 0, 0, 0, 0, 0, 1, 0, 0 ]
INVOLUTION_EXCLUSION id=[ 256, 55906 ] d=6 zrank=2 witness=[ 0, 0, 0, 0, 0, 1, 0, 0 ]
INVOLUTION_EXCLUSION id=[ 256, 55907 ] d=6 zrank=2 witness=[ 0, 0, 0, 0, 0, 1, 0, 0 ]
INVOLUTION_EXCLUSION id=[ 256, 55908 ] d=6 zrank=2 witness=[ 0, 0, 0, 1, 0, 0, 0, 0 ]
INVOLUTION_EXCLUSION id=[ 256, 55909 ] d=6 zrank=2 witness=[ 0, 0, 0, 1, 0, 0, 0, 0 ]
INVOLUTION_EXCLUSION id=[ 256, 55910 ] d=6 zrank=2 witness=[ 0, 0, 0, 1, 0, 0, 0, 0 ]
INVOLUTION_EXCLUSION id=[ 256, 55911 ] d=6 zrank=2 witness=[ 0, 0, 0, 1, 0, 0, 0, 0 ]
INVOLUTION_EXCLUSION id=[ 256, 55912 ] d=6 zrank=2 witness=[ 0, 0, 0, 0, 0, 1, 0, 0 ]
INVOLUTION_EXCLUSION id=[ 256, 55913 ] d=6 zrank=2 witness=[ 0, 0, 0, 0, 0, 1, 0, 0 ]
INVOLUTION_EXCLUSION id=[ 256, 55914 ] d=6 zrank=2 witness=[ 0, 0, 0, 0, 0, 1, 0, 0 ]
INVOLUTION_EXCLUSION id=[ 256, 55915 ] d=6 zrank=2 witness=[ 0, 0, 0, 0, 0, 1, 0, 0 ]
INVOLUTION_EXCLUSION id=[ 256, 55916 ] d=6 zrank=2 witness=[ 0, 0, 0, 0, 0, 1, 0, 0 ]
INVOLUTION_EXCLUSION id=[ 256, 55917 ] d=6 zrank=2 witness=[ 0, 0, 0, 0, 0, 1, 0, 0 ]
INVOLUTION_EXCLUSION id=[ 256, 55918 ] d=6 zrank=2 witness=[ 0, 0, 0, 0, 0, 1, 0, 0 ]
INVOLUTION_EXCLUSION id=[ 256, 55919 ] d=6 zrank=2 witness=[ 0, 0, 0, 0, 0, 1, 0, 0 ]
INVOLUTION_EXCLUSION id=[ 256, 55920 ] d=6 zrank=2 witness=[ 0, 0, 0, 0, 0, 1, 0, 0 ]
INVOLUTION_EXCLUSION id=[ 256, 55921 ] d=6 zrank=2 witness=[ 0, 0, 0, 0, 0, 1, 0, 0 ]
INVOLUTION_EXCLUSION id=[ 256, 55922 ] d=6 zrank=2 witness=[ 0, 0, 0, 0, 0, 1, 0, 0 ]
INVOLUTION_EXCLUSION id=[ 256, 55923 ] d=6 zrank=2 witness=[ 0, 0, 0, 0, 0, 1, 0, 0 ]
INVOLUTION_EXCLUSION id=[ 256, 55924 ] d=6 zrank=2 witness=[ 0, 0, 0, 1, 0, 0, 0, 0 ]
INVOLUTION_EXCLUSION id=[ 256, 55925 ] d=6 zrank=2 witness=[ 0, 0, 0, 1, 0, 0, 0, 0 ]
INVOLUTION_EXCLUSION id=[ 256, 55926 ] d=6 zrank=2 witness=[ 0, 0, 0, 1, 0, 0, 0, 0 ]
INVOLUTION_EXCLUSION id=[ 256, 55927 ] d=6 zrank=2 witness=[ 0, 0, 0, 1, 0, 0, 0, 0 ]
INVOLUTION_EXCLUSION id=[ 256, 55928 ] d=6 zrank=2 witness=[ 0, 0, 0, 1, 0, 0, 0, 0 ]
INVOLUTION_EXCLUSION id=[ 256, 55929 ] d=6 zrank=2 witness=[ 0, 0, 0, 1, 0, 0, 0, 0 ]
INVOLUTION_EXCLUSION id=[ 256, 55930 ] d=6 zrank=2 witness=[ 0, 0, 0, 0, 0, 1, 0, 0 ]
INVOLUTION_EXCLUSION id=[ 256, 55931 ] d=6 zrank=2 witness=[ 0, 0, 0, 0, 0, 1, 0, 0 ]
INVOLUTION_EXCLUSION id=[ 256, 55932 ] d=6 zrank=2 witness=[ 0, 0, 0, 0, 0, 1, 0, 0 ]
INVOLUTION_EXCLUSION id=[ 256, 55933 ] d=6 zrank=2 witness=[ 0, 0, 0, 0, 0, 1, 0, 0 ]
INVOLUTION_EXCLUSION id=[ 256, 55934 ] d=6 zrank=2 witness=[ 0, 0, 0, 0, 0, 1, 0, 0 ]
INVOLUTION_EXCLUSION id=[ 256, 55935 ] d=6 zrank=2 witness=[ 0, 0, 0, 0, 0, 1, 0, 0 ]
INVOLUTION_EXCLUSION id=[ 256, 55936 ] d=6 zrank=2 witness=[ 0, 0, 0, 0, 0, 1, 0, 0 ]
INVOLUTION_EXCLUSION id=[ 256, 55937 ] d=6 zrank=2 witness=[ 0, 0, 0, 0, 0, 1, 0, 0 ]
INVOLUTION_EXCLUSION id=[ 256, 55938 ] d=6 zrank=2 witness=[ 0, 0, 1, 0, 0, 0, 0, 0 ]
INVOLUTION_EXCLUSION id=[ 256, 55939 ] d=6 zrank=2 witness=[ 0, 0, 1, 0, 0, 0, 0, 0 ]
INVOLUTION_EXCLUSION id=[ 256, 55940 ] d=6 zrank=2 witness=[ 0, 0, 1, 0, 0, 0, 0, 0 ]
INVOLUTION_EXCLUSION id=[ 256, 55941 ] d=6 zrank=2 witness=[ 0, 0, 1, 0, 0, 0, 0, 0 ]
INVOLUTION_EXCLUSION id=[ 256, 55942 ] d=6 zrank=2 witness=[ 0, 0, 0, 0, 0, 1, 0, 0 ]
INVOLUTION_EXCLUSION id=[ 256, 55943 ] d=6 zrank=2 witness=[ 0, 0, 0, 0, 0, 1, 0, 0 ]
INVOLUTION_EXCLUSION id=[ 256, 55944 ] d=6 zrank=2 witness=[ 0, 0, 0, 0, 0, 1, 0, 0 ]
INVOLUTION_EXCLUSION id=[ 256, 55945 ] d=6 zrank=2 witness=[ 0, 0, 0, 0, 0, 1, 0, 0 ]
INVOLUTION_EXCLUSION id=[ 256, 55946 ] d=6 zrank=2 witness=[ 0, 0, 0, 0, 0, 1, 0, 0 ]
INVOLUTION_EXCLUSION id=[ 256, 55947 ] d=6 zrank=2 witness=[ 0, 0, 0, 0, 0, 1, 0, 0 ]
INVOLUTION_EXCLUSION id=[ 256, 55948 ] d=6 zrank=2 witness=[ 0, 0, 0, 0, 0, 1, 0, 0 ]
INVOLUTION_EXCLUSION id=[ 256, 55949 ] d=6 zrank=2 witness=[ 0, 0, 0, 0, 0, 1, 0, 0 ]
INVOLUTION_EXCLUSION id=[ 256, 55950 ] d=6 zrank=2 witness=[ 0, 0, 0, 0, 0, 1, 0, 0 ]
INVOLUTION_EXCLUSION id=[ 256, 55951 ] d=6 zrank=2 witness=[ 0, 0, 0, 0, 0, 1, 0, 0 ]
INVOLUTION_EXCLUSION id=[ 256, 55952 ] d=6 zrank=2 witness=[ 0, 0, 0, 0, 0, 1, 0, 0 ]
INVOLUTION_EXCLUSION id=[ 256, 55953 ] d=6 zrank=2 witness=[ 0, 0, 0, 0, 0, 1, 0, 0 ]
INVOLUTION_EXCLUSION id=[ 256, 55954 ] d=6 zrank=2 witness=[ 0, 0, 1, 0, 0, 0, 0, 0 ]
INVOLUTION_EXCLUSION id=[ 256, 55955 ] d=6 zrank=2 witness=[ 0, 0, 1, 0, 0, 0, 0, 0 ]
INVOLUTION_EXCLUSION id=[ 256, 55956 ] d=6 zrank=2 witness=[ 0, 0, 1, 0, 0, 0, 0, 0 ]
INVOLUTION_EXCLUSION id=[ 256, 55957 ] d=6 zrank=2 witness=[ 0, 0, 1, 0, 0, 0, 0, 0 ]
INVOLUTION_EXCLUSION id=[ 256, 55958 ] d=6 zrank=2 witness=[ 0, 0, 1, 0, 0, 1, 0, 0 ]
INVOLUTION_EXCLUSION id=[ 256, 55959 ] d=6 zrank=2 witness=[ 0, 0, 1, 0, 0, 1, 0, 0 ]
INVOLUTION_EXCLUSION id=[ 256, 55960 ] d=6 zrank=2 witness=[ 0, 0, 0, 0, 0, 1, 0, 0 ]
INVOLUTION_EXCLUSION id=[ 256, 55961 ] d=6 zrank=2 witness=[ 0, 0, 0, 0, 0, 1, 0, 0 ]
INVOLUTION_EXCLUSION id=[ 256, 55962 ] d=6 zrank=2 witness=[ 0, 0, 0, 0, 0, 1, 0, 0 ]
INVOLUTION_EXCLUSION id=[ 256, 55963 ] d=6 zrank=2 witness=[ 0, 0, 0, 0, 0, 1, 0, 0 ]
INVOLUTION_EXCLUSION id=[ 256, 55964 ] d=6 zrank=2 witness=[ 0, 0, 0, 0, 0, 1, 0, 0 ]
INVOLUTION_EXCLUSION id=[ 256, 55965 ] d=6 zrank=2 witness=[ 0, 0, 0, 0, 0, 1, 0, 0 ]
INVOLUTION_EXCLUSION id=[ 256, 55966 ] d=6 zrank=2 witness=[ 0, 0, 0, 0, 0, 1, 0, 0 ]
INVOLUTION_EXCLUSION id=[ 256, 55967 ] d=6 zrank=2 witness=[ 0, 0, 0, 0, 0, 1, 0, 0 ]
INVOLUTION_EXCLUSION id=[ 256, 55968 ] d=6 zrank=2 witness=[ 0, 0, 0, 0, 0, 1, 0, 0 ]
INVOLUTION_EXCLUSION id=[ 256, 55969 ] d=6 zrank=2 witness=[ 0, 0, 0, 0, 0, 1, 0, 0 ]
INVOLUTION_EXCLUSION id=[ 256, 55970 ] d=6 zrank=2 witness=[ 0, 0, 0, 0, 0, 1, 0, 0 ]
INVOLUTION_EXCLUSION id=[ 256, 55971 ] d=6 zrank=2 witness=[ 0, 0, 0, 0, 0, 1, 0, 0 ]
INVOLUTION_EXCLUSION id=[ 256, 55972 ] d=6 zrank=2 witness=[ 0, 0, 0, 0, 0, 1, 0, 0 ]
INVOLUTION_EXCLUSION id=[ 256, 55973 ] d=6 zrank=2 witness=[ 0, 0, 0, 0, 0, 1, 0, 0 ]
INVOLUTION_EXCLUSION id=[ 256, 55974 ] d=6 zrank=2 witness=[ 0, 0, 0, 0, 0, 1, 0, 0 ]
INVOLUTION_EXCLUSION id=[ 256, 55975 ] d=6 zrank=2 witness=[ 0, 0, 0, 0, 0, 1, 0, 0 ]
INVOLUTION_EXCLUSION id=[ 256, 55976 ] d=6 zrank=2 witness=[ 0, 0, 0, 0, 0, 1, 0, 0 ]
INVOLUTION_EXCLUSION id=[ 256, 55977 ] d=6 zrank=2 witness=[ 0, 0, 0, 0, 0, 1, 0, 0 ]
INVOLUTION_EXCLUSION id=[ 256, 55978 ] d=6 zrank=2 witness=[ 0, 0, 0, 0, 0, 1, 0, 0 ]
INVOLUTION_EXCLUSION id=[ 256, 55979 ] d=6 zrank=2 witness=[ 0, 0, 0, 0, 0, 1, 0, 0 ]
INVOLUTION_EXCLUSION id=[ 256, 55980 ] d=6 zrank=2 witness=[ 0, 0, 0, 0, 0, 1, 0, 0 ]
INVOLUTION_EXCLUSION id=[ 256, 55981 ] d=6 zrank=2 witness=[ 0, 0, 0, 0, 0, 1, 0, 0 ]
INVOLUTION_EXCLUSION id=[ 256, 55982 ] d=6 zrank=2 witness=[ 0, 0, 0, 0, 0, 1, 0, 0 ]
INVOLUTION_EXCLUSION id=[ 256, 55983 ] d=6 zrank=2 witness=[ 0, 0, 0, 0, 0, 1, 0, 0 ]
INVOLUTION_EXCLUSION id=[ 256, 55984 ] d=6 zrank=2 witness=[ 0, 0, 0, 0, 0, 1, 0, 0 ]
INVOLUTION_EXCLUSION id=[ 256, 55985 ] d=6 zrank=2 witness=[ 0, 0, 0, 0, 0, 1, 0, 0 ]
INVOLUTION_EXCLUSION id=[ 256, 55986 ] d=6 zrank=2 witness=[ 0, 0, 0, 0, 0, 1, 0, 0 ]
INVOLUTION_EXCLUSION id=[ 256, 55987 ] d=6 zrank=2 witness=[ 0, 0, 0, 0, 0, 1, 0, 0 ]
INVOLUTION_EXCLUSION id=[ 256, 55988 ] d=6 zrank=2 witness=[ 0, 0, 0, 0, 0, 1, 0, 0 ]
INVOLUTION_EXCLUSION id=[ 256, 55989 ] d=6 zrank=2 witness=[ 0, 0, 0, 0, 0, 1, 0, 0 ]
INVOLUTION_EXCLUSION id=[ 256, 55990 ] d=6 zrank=2 witness=[ 0, 0, 0, 0, 0, 1, 0, 0 ]
INVOLUTION_EXCLUSION id=[ 256, 55991 ] d=6 zrank=2 witness=[ 0, 0, 0, 0, 0, 1, 0, 0 ]
INVOLUTION_EXCLUSION id=[ 256, 55992 ] d=6 zrank=2 witness=[ 0, 0, 0, 0, 0, 1, 0, 0 ]
INVOLUTION_EXCLUSION id=[ 256, 55993 ] d=6 zrank=2 witness=[ 0, 0, 0, 0, 0, 1, 0, 0 ]
INVOLUTION_EXCLUSION id=[ 256, 55994 ] d=6 zrank=2 witness=[ 0, 0, 0, 0, 0, 1, 0, 0 ]
INVOLUTION_EXCLUSION id=[ 256, 55995 ] d=6 zrank=2 witness=[ 0, 0, 0, 0, 0, 1, 0, 0 ]
INVOLUTION_EXCLUSION id=[ 256, 55996 ] d=6 zrank=2 witness=[ 0, 0, 0, 0, 0, 1, 0, 0 ]
INVOLUTION_EXCLUSION id=[ 256, 55997 ] d=6 zrank=2 witness=[ 0, 0, 0, 0, 0, 1, 0, 0 ]
INVOLUTION_EXCLUSION id=[ 256, 55998 ] d=6 zrank=2 witness=[ 0, 0, 0, 0, 0, 1, 0, 0 ]
INVOLUTION_EXCLUSION id=[ 256, 55999 ] d=6 zrank=2 witness=[ 0, 0, 0, 0, 0, 1, 0, 0 ]
INVOLUTION_EXCLUSION id=[ 256, 56000 ] d=6 zrank=2 witness=[ 0, 0, 0, 0, 0, 1, 0, 0 ]
PROGRESS order=256 id=56000 total=58668 elapsed_ms=135502
INVOLUTION_EXCLUSION id=[ 256, 56001 ] d=6 zrank=2 witness=[ 0, 0, 0, 0, 0, 1, 0, 0 ]
INVOLUTION_EXCLUSION id=[ 256, 56002 ] d=6 zrank=2 witness=[ 0, 0, 0, 0, 0, 1, 0, 0 ]
INVOLUTION_EXCLUSION id=[ 256, 56003 ] d=6 zrank=2 witness=[ 0, 0, 0, 0, 0, 1, 0, 0 ]
INVOLUTION_EXCLUSION id=[ 256, 56004 ] d=6 zrank=2 witness=[ 0, 0, 0, 0, 0, 1, 0, 0 ]
INVOLUTION_EXCLUSION id=[ 256, 56005 ] d=6 zrank=2 witness=[ 0, 0, 0, 0, 0, 1, 0, 0 ]
INVOLUTION_EXCLUSION id=[ 256, 56006 ] d=6 zrank=2 witness=[ 0, 0, 0, 0, 0, 1, 0, 0 ]
INVOLUTION_EXCLUSION id=[ 256, 56007 ] d=6 zrank=2 witness=[ 0, 0, 0, 0, 0, 1, 0, 0 ]
INVOLUTION_EXCLUSION id=[ 256, 56008 ] d=6 zrank=2 witness=[ 0, 0, 0, 0, 0, 1, 0, 0 ]
INVOLUTION_EXCLUSION id=[ 256, 56009 ] d=6 zrank=2 witness=[ 0, 0, 0, 1, 0, 0, 0, 0 ]
INVOLUTION_EXCLUSION id=[ 256, 56010 ] d=6 zrank=2 witness=[ 0, 0, 0, 1, 0, 1, 0, 0 ]
INVOLUTION_EXCLUSION id=[ 256, 56011 ] d=6 zrank=2 witness=[ 0, 0, 0, 0, 0, 1, 0, 0 ]
INVOLUTION_EXCLUSION id=[ 256, 56012 ] d=6 zrank=2 witness=[ 0, 0, 0, 0, 0, 1, 0, 0 ]
INVOLUTION_EXCLUSION id=[ 256, 56013 ] d=6 zrank=2 witness=[ 0, 0, 0, 0, 0, 1, 0, 0 ]
INVOLUTION_EXCLUSION id=[ 256, 56014 ] d=6 zrank=2 witness=[ 0, 0, 0, 0, 0, 1, 0, 0 ]
INVOLUTION_EXCLUSION id=[ 256, 56015 ] d=6 zrank=2 witness=[ 0, 0, 0, 0, 0, 1, 0, 0 ]
INVOLUTION_EXCLUSION id=[ 256, 56016 ] d=6 zrank=2 witness=[ 0, 0, 0, 0, 0, 1, 0, 0 ]
INVOLUTION_EXCLUSION id=[ 256, 56017 ] d=6 zrank=2 witness=[ 0, 0, 0, 0, 0, 1, 0, 0 ]
INVOLUTION_EXCLUSION id=[ 256, 56018 ] d=6 zrank=2 witness=[ 0, 0, 0, 1, 0, 0, 0, 0 ]
INVOLUTION_EXCLUSION id=[ 256, 56019 ] d=6 zrank=2 witness=[ 0, 0, 0, 1, 0, 1, 0, 0 ]
INVOLUTION_EXCLUSION id=[ 256, 56020 ] d=6 zrank=2 witness=[ 0, 0, 0, 0, 0, 1, 0, 0 ]
INVOLUTION_EXCLUSION id=[ 256, 56021 ] d=6 zrank=2 witness=[ 0, 0, 0, 0, 0, 1, 0, 0 ]
INVOLUTION_EXCLUSION id=[ 256, 56022 ] d=6 zrank=2 witness=[ 0, 0, 0, 1, 0, 1, 0, 0 ]
INVOLUTION_EXCLUSION id=[ 256, 56023 ] d=6 zrank=2 witness=[ 0, 0, 0, 1, 0, 1, 0, 0 ]
INVOLUTION_EXCLUSION id=[ 256, 56024 ] d=6 zrank=2 witness=[ 0, 0, 0, 1, 0, 1, 0, 0 ]
INVOLUTION_EXCLUSION id=[ 256, 56025 ] d=6 zrank=2 witness=[ 0, 0, 0, 0, 0, 1, 0, 0 ]
INVOLUTION_EXCLUSION id=[ 256, 56026 ] d=6 zrank=2 witness=[ 0, 0, 0, 0, 0, 1, 0, 0 ]
INVOLUTION_EXCLUSION id=[ 256, 56027 ] d=6 zrank=2 witness=[ 0, 0, 0, 1, 0, 1, 0, 0 ]
INVOLUTION_EXCLUSION id=[ 256, 56028 ] d=6 zrank=2 witness=[ 0, 0, 1, 0, 0, 1, 0, 0 ]
INVOLUTION_EXCLUSION id=[ 256, 56029 ] d=6 zrank=2 witness=[ 0, 0, 0, 0, 0, 1, 0, 0 ]
INVOLUTION_EXCLUSION id=[ 256, 56030 ] d=6 zrank=2 witness=[ 0, 0, 0, 0, 0, 1, 0, 0 ]
INVOLUTION_EXCLUSION id=[ 256, 56031 ] d=6 zrank=2 witness=[ 0, 0, 0, 1, 0, 0, 0, 0 ]
INVOLUTION_EXCLUSION id=[ 256, 56032 ] d=6 zrank=2 witness=[ 0, 0, 0, 1, 0, 0, 0, 0 ]
INVOLUTION_EXCLUSION id=[ 256, 56033 ] d=6 zrank=2 witness=[ 0, 0, 0, 0, 0, 1, 0, 0 ]
INVOLUTION_EXCLUSION id=[ 256, 56034 ] d=6 zrank=2 witness=[ 0, 0, 0, 0, 0, 1, 0, 0 ]
INVOLUTION_EXCLUSION id=[ 256, 56035 ] d=6 zrank=2 witness=[ 0, 0, 0, 1, 0, 0, 0, 0 ]
INVOLUTION_EXCLUSION id=[ 256, 56036 ] d=6 zrank=2 witness=[ 0, 0, 0, 1, 0, 0, 0, 0 ]
INVOLUTION_EXCLUSION id=[ 256, 56037 ] d=6 zrank=2 witness=[ 0, 0, 0, 0, 0, 1, 0, 0 ]
INVOLUTION_EXCLUSION id=[ 256, 56038 ] d=6 zrank=2 witness=[ 0, 0, 0, 0, 0, 1, 0, 0 ]
INVOLUTION_EXCLUSION id=[ 256, 56039 ] d=6 zrank=2 witness=[ 0, 0, 0, 1, 0, 0, 0, 0 ]
INVOLUTION_EXCLUSION id=[ 256, 56040 ] d=6 zrank=2 witness=[ 0, 0, 0, 1, 0, 0, 0, 0 ]
INVOLUTION_EXCLUSION id=[ 256, 56041 ] d=6 zrank=2 witness=[ 0, 0, 0, 1, 0, 0, 0, 0 ]
INVOLUTION_EXCLUSION id=[ 256, 56042 ] d=6 zrank=2 witness=[ 0, 0, 0, 0, 0, 1, 0, 0 ]
INVOLUTION_EXCLUSION id=[ 256, 56043 ] d=6 zrank=2 witness=[ 0, 0, 0, 0, 0, 1, 0, 0 ]
INVOLUTION_EXCLUSION id=[ 256, 56044 ] d=6 zrank=2 witness=[ 0, 0, 0, 1, 0, 0, 0, 0 ]
INVOLUTION_EXCLUSION id=[ 256, 56045 ] d=6 zrank=2 witness=[ 0, 0, 0, 1, 0, 0, 0, 0 ]
INVOLUTION_EXCLUSION id=[ 256, 56046 ] d=6 zrank=2 witness=[ 0, 0, 0, 0, 0, 1, 0, 0 ]
INVOLUTION_EXCLUSION id=[ 256, 56047 ] d=6 zrank=2 witness=[ 0, 0, 0, 0, 0, 1, 0, 0 ]
INVOLUTION_EXCLUSION id=[ 256, 56048 ] d=6 zrank=2 witness=[ 0, 0, 0, 1, 0, 0, 0, 0 ]
INVOLUTION_EXCLUSION id=[ 256, 56049 ] d=6 zrank=2 witness=[ 0, 0, 0, 1, 0, 0, 0, 0 ]
INVOLUTION_EXCLUSION id=[ 256, 56050 ] d=6 zrank=2 witness=[ 0, 0, 0, 1, 0, 0, 0, 0 ]
INVOLUTION_EXCLUSION id=[ 256, 56051 ] d=6 zrank=2 witness=[ 0, 0, 0, 0, 0, 1, 0, 0 ]
INVOLUTION_EXCLUSION id=[ 256, 56052 ] d=6 zrank=2 witness=[ 0, 0, 0, 0, 0, 1, 0, 0 ]
INVOLUTION_EXCLUSION id=[ 256, 56053 ] d=6 zrank=2 witness=[ 0, 0, 0, 1, 0, 0, 0, 0 ]
INVOLUTION_EXCLUSION id=[ 256, 56054 ] d=6 zrank=2 witness=[ 0, 0, 0, 1, 0, 0, 0, 0 ]
INVOLUTION_EXCLUSION id=[ 256, 56055 ] d=6 zrank=2 witness=[ 0, 0, 0, 0, 0, 1, 0, 0 ]
INVOLUTION_EXCLUSION id=[ 256, 56056 ] d=6 zrank=2 witness=[ 0, 0, 0, 0, 0, 1, 0, 0 ]
INVOLUTION_EXCLUSION id=[ 256, 56057 ] d=6 zrank=2 witness=[ 0, 0, 0, 1, 0, 1, 0, 0 ]
INVOLUTION_EXCLUSION id=[ 256, 56058 ] d=6 zrank=2 witness=[ 0, 0, 1, 1, 0, 1, 0, 0 ]
INVOLUTION_EXCLUSION id=[ 256, 56063 ] d=6 zrank=2 witness=[ 0, 0, 0, 0, 1, 0, 0, 0 ]
INVOLUTION_EXCLUSION id=[ 256, 56064 ] d=6 zrank=1 witness=[ 0, 0, 0, 0, 0, 1, 0, 0 ]
INVOLUTION_EXCLUSION id=[ 256, 56075 ] d=6 zrank=2 witness=[ 0, 0, 0, 0, 1, 0, 1, 0 ]
INVOLUTION_EXCLUSION id=[ 256, 56076 ] d=6 zrank=2 witness=[ 0, 0, 0, 0, 1, 0, 0, 0 ]
INVOLUTION_EXCLUSION id=[ 256, 56077 ] d=6 zrank=2 witness=[ 0, 0, 0, 0, 1, 0, 0, 0 ]
INVOLUTION_EXCLUSION id=[ 256, 56078 ] d=6 zrank=1 witness=[ 0, 0, 0, 0, 0, 1, 1, 0 ]
INVOLUTION_EXCLUSION id=[ 256, 56079 ] d=6 zrank=1 witness=[ 0, 0, 0, 0, 0, 1, 0, 0 ]
INVOLUTION_EXCLUSION id=[ 256, 56080 ] d=6 zrank=1 witness=[ 0, 0, 0, 0, 0, 1, 0, 0 ]
INVOLUTION_EXCLUSION id=[ 256, 56081 ] d=6 zrank=1 witness=[ 0, 0, 0, 0, 0, 1, 0, 0 ]
INVOLUTION_EXCLUSION id=[ 256, 56088 ] d=7 zrank=3 witness=[ 0, 0, 0, 1, 0, 0, 0, 0 ]
INVOLUTION_EXCLUSION id=[ 256, 56089 ] d=7 zrank=2 witness=[ 0, 0, 0, 0, 0, 1, 0, 0 ]
INVOLUTION_EXCLUSION id=[ 256, 56090 ] d=7 zrank=2 witness=[ 0, 0, 0, 0, 0, 1, 0, 0 ]
INVOLUTION_EXCLUSION id=[ 256, 56091 ] d=7 zrank=1 witness=[ 0, 0, 0, 0, 0, 1, 0, 0 ]
ORDER_DONE order=256 rank_excluded=52799 involution_excluded=3293 hits=0
DONE checked=58760 rank_excluded=55177 involution_excluded=3583 hits=0 elapsed_ms=135731 PASS
