BEGIN dimension=5 field=5
GROUP n=5 d=5 k=1 order=11 cyclic=true affine_classes=295 ms=0
GROUP n=5 d=5 k=2 order=22 cyclic=true affine_classes=164 ms=0
GROUP n=5 d=5 k=3 order=44 cyclic=true affine_classes=115 ms=0
GROUP n=5 d=5 k=4 order=71 cyclic=true affine_classes=115 ms=0
GROUP n=5 d=5 k=5 order=142 cyclic=true affine_classes=164 ms=0
GROUP n=5 d=5 k=6 order=284 cyclic=true affine_classes=295 ms=0
GROUP n=5 d=5 k=7 order=781 cyclic=true affine_classes=785 ms=0
GROUP n=5 d=5 k=8 order=1562 cyclic=true affine_classes=1564 ms=0
GROUP n=5 d=5 k=9 order=3124 cyclic=true affine_classes=3125 ms=0
DONE_DIM n=5 total=48 eligible=9 equalities=1 hits=0
BEGIN dimension=6 field=5
GROUP n=6 d=1 k=1 order=196608 cyclic=false affine_classes=1960 ms=1307
GROUP n=6 d=1 k=2 order=98304 cyclic=false affine_classes=2720 ms=3320
GROUP n=6 d=1 k=3 order=49152 cyclic=false affine_classes=1900 ms=2604
GROUP n=6 d=1 k=4 order=98304 cyclic=false affine_classes=1550 ms=1005
GROUP n=6 d=1 k=5 order=98304 cyclic=false affine_classes=1250 ms=917
GROUP n=6 d=1 k=6 order=24576 cyclic=false affine_classes=2720 ms=2824
GROUP n=6 d=1 k=7 order=49152 cyclic=false affine_classes=1960 ms=1174
GROUP n=6 d=1 k=8 order=24576 cyclic=false affine_classes=2825 ms=2266
GROUP n=6 d=1 k=9 order=49152 cyclic=false affine_classes=1408 ms=1436
GROUP n=6 d=1 k=10 order=49152 cyclic=false affine_classes=1372 ms=1014
GROUP n=6 d=1 k=11 order=12288 cyclic=false affine_classes=1408 ms=1455
GROUP n=6 d=1 k=12 order=12288 cyclic=false affine_classes=1399 ms=817
GROUP n=6 d=1 k=13 order=24576 cyclic=false affine_classes=968 ms=1129
GROUP n=6 d=1 k=14 order=98304 cyclic=false affine_classes=1088 ms=755
GROUP n=6 d=1 k=15 order=98304 cyclic=false affine_classes=1022 ms=813
GROUP n=6 d=1 k=16 order=98304 cyclic=false affine_classes=1040 ms=734
GROUP n=6 d=1 k=17 order=98304 cyclic=false affine_classes=1010 ms=814
GROUP n=6 d=1 k=18 order=24576 cyclic=false affine_classes=1088 ms=638
GROUP n=6 d=1 k=19 order=24576 cyclic=false affine_classes=1067 ms=633
GROUP n=6 d=1 k=20 order=24576 cyclic=false affine_classes=1040 ms=703
GROUP n=6 d=1 k=21 order=24576 cyclic=false affine_classes=1037 ms=622
GROUP n=6 d=1 k=22 order=49152 cyclic=false affine_classes=820 ms=576
GROUP n=6 d=1 k=23 order=49152 cyclic=false affine_classes=808 ms=651
GROUP n=6 d=1 k=24 order=49152 cyclic=false affine_classes=700 ms=531
GROUP n=6 d=1 k=25 order=49152 cyclic=false affine_classes=688 ms=530
GROUP n=6 d=1 k=26 order=12288 cyclic=false affine_classes=1510 ms=1371
GROUP n=6 d=1 k=27 order=12288 cyclic=false affine_classes=1507 ms=920
GROUP n=6 d=1 k=28 order=24576 cyclic=false affine_classes=992 ms=889
GROUP n=6 d=1 k=29 order=24576 cyclic=false affine_classes=784 ms=612
GROUP n=6 d=1 k=30 order=24576 cyclic=false affine_classes=776 ms=597
GROUP n=6 d=1 k=31 order=12288 cyclic=false affine_classes=1408 ms=949
GROUP n=6 d=1 k=32 order=12288 cyclic=false affine_classes=608 ms=495
GROUP n=6 d=1 k=33 order=12288 cyclic=false affine_classes=544 ms=523
GROUP n=6 d=1 k=34 order=12288 cyclic=false affine_classes=767 ms=590
GROUP n=6 d=1 k=35 order=12288 cyclic=false affine_classes=616 ms=533
GROUP n=6 d=1 k=36 order=12288 cyclic=false affine_classes=643 ms=549
GROUP n=6 d=1 k=37 order=6144 cyclic=false affine_classes=784 ms=665
GROUP n=6 d=1 k=38 order=3072 cyclic=false affine_classes=608 ms=346
GROUP n=6 d=1 k=39 order=3072 cyclic=false affine_classes=524 ms=378
GROUP n=6 d=1 k=40 order=12288 cyclic=false affine_classes=712 ms=700
GROUP n=6 d=1 k=41 order=12288 cyclic=false affine_classes=631 ms=437
GROUP n=6 d=1 k=42 order=12288 cyclic=false affine_classes=659 ms=532
GROUP n=6 d=1 k=43 order=6144 cyclic=false affine_classes=752 ms=483
GROUP n=6 d=1 k=44 order=6144 cyclic=false affine_classes=482 ms=350
GROUP n=6 d=1 k=45 order=6144 cyclic=false affine_classes=466 ms=353
GROUP n=6 d=1 k=46 order=49152 cyclic=false affine_classes=880 ms=645
GROUP n=6 d=1 k=47 order=49152 cyclic=false affine_classes=728 ms=631
GROUP n=6 d=1 k=48 order=24576 cyclic=false affine_classes=1088 ms=682
GROUP n=6 d=1 k=49 order=24576 cyclic=false affine_classes=568 ms=437
GROUP n=6 d=1 k=50 order=24576 cyclic=false affine_classes=637 ms=570
GROUP n=6 d=1 k=51 order=24576 cyclic=false affine_classes=572 ms=449
GROUP n=6 d=1 k=52 order=24576 cyclic=false affine_classes=896 ms=604
GROUP n=6 d=1 k=53 order=24576 cyclic=false affine_classes=472 ms=393
GROUP n=6 d=1 k=54 order=24576 cyclic=false affine_classes=559 ms=457
GROUP n=6 d=1 k=55 order=24576 cyclic=false affine_classes=524 ms=506
GROUP n=6 d=1 k=56 order=12288 cyclic=false affine_classes=728 ms=449
GROUP n=6 d=1 k=57 order=6144 cyclic=false affine_classes=568 ms=375
GROUP n=6 d=1 k=58 order=6144 cyclic=false affine_classes=475 ms=300
GROUP n=6 d=1 k=59 order=6144 cyclic=false affine_classes=472 ms=296
GROUP n=6 d=1 k=60 order=6144 cyclic=false affine_classes=451 ms=286
GROUP n=6 d=1 k=61 order=24576 cyclic=false affine_classes=740 ms=603
GROUP n=6 d=1 k=62 order=24576 cyclic=false affine_classes=697 ms=495
GROUP n=6 d=1 k=63 order=12288 cyclic=false affine_classes=640 ms=415
GROUP n=6 d=1 k=64 order=12288 cyclic=false affine_classes=446 ms=364
GROUP n=6 d=1 k=65 order=12288 cyclic=false affine_classes=592 ms=437
GROUP n=6 d=1 k=66 order=12288 cyclic=false affine_classes=431 ms=444
GROUP n=6 d=1 k=67 order=24576 cyclic=false affine_classes=548 ms=442
GROUP n=6 d=1 k=68 order=24576 cyclic=false affine_classes=475 ms=400
GROUP n=6 d=1 k=69 order=12288 cyclic=false affine_classes=592 ms=423
GROUP n=6 d=1 k=70 order=12288 cyclic=false affine_classes=386 ms=326
GROUP n=6 d=1 k=71 order=12288 cyclic=false affine_classes=544 ms=411
GROUP n=6 d=1 k=72 order=12288 cyclic=false affine_classes=371 ms=404
GROUP n=6 d=1 k=73 order=6144 cyclic=false affine_classes=799 ms=611
GROUP n=6 d=1 k=74 order=3072 cyclic=false affine_classes=602 ms=388
GROUP n=6 d=1 k=75 order=3072 cyclic=false affine_classes=560 ms=303
GROUP n=6 d=1 k=76 order=6144 cyclic=false affine_classes=752 ms=534
GROUP n=6 d=1 k=77 order=6144 cyclic=false affine_classes=340 ms=283
GROUP n=6 d=1 k=78 order=6144 cyclic=false affine_classes=752 ms=602
GROUP n=6 d=1 k=79 order=1536 cyclic=false affine_classes=376 ms=220
GROUP n=6 d=1 k=80 order=6144 cyclic=false affine_classes=398 ms=430
GROUP n=6 d=1 k=81 order=6144 cyclic=false affine_classes=370 ms=265
GROUP n=6 d=1 k=82 order=3072 cyclic=false affine_classes=436 ms=307
GROUP n=6 d=1 k=83 order=3072 cyclic=false affine_classes=284 ms=221
GROUP n=6 d=1 k=84 order=12288 cyclic=false affine_classes=640 ms=422
GROUP n=6 d=1 k=85 order=12288 cyclic=false affine_classes=592 ms=420
GROUP n=6 d=1 k=86 order=12288 cyclic=false affine_classes=344 ms=279
GROUP n=6 d=1 k=87 order=12288 cyclic=false affine_classes=308 ms=353
GROUP n=6 d=1 k=88 order=12288 cyclic=false affine_classes=640 ms=370
GROUP n=6 d=1 k=89 order=12288 cyclic=false affine_classes=592 ms=378
GROUP n=6 d=1 k=90 order=3072 cyclic=false affine_classes=392 ms=258
GROUP n=6 d=1 k=91 order=3072 cyclic=false affine_classes=332 ms=238
GROUP n=6 d=1 k=92 order=12288 cyclic=false affine_classes=448 ms=350
GROUP n=6 d=1 k=93 order=12288 cyclic=false affine_classes=400 ms=342
GROUP n=6 d=1 k=94 order=12288 cyclic=false affine_classes=419 ms=392
GROUP n=6 d=1 k=95 order=12288 cyclic=false affine_classes=374 ms=311
GROUP n=6 d=1 k=96 order=6144 cyclic=false affine_classes=440 ms=289
GROUP n=6 d=1 k=97 order=6144 cyclic=false affine_classes=368 ms=281
GROUP n=6 d=1 k=98 order=6144 cyclic=false affine_classes=298 ms=231
GROUP n=6 d=1 k=99 order=6144 cyclic=false affine_classes=244 ms=231
GROUP n=6 d=1 k=100 order=6144 cyclic=false affine_classes=338 ms=273
GROUP n=6 d=1 k=101 order=6144 cyclic=false affine_classes=274 ms=237
GROUP n=6 d=1 k=102 order=6144 cyclic=false affine_classes=368 ms=278
GROUP n=6 d=1 k=103 order=6144 cyclic=false affine_classes=244 ms=317
GROUP n=6 d=1 k=104 order=6144 cyclic=false affine_classes=800 ms=475
GROUP n=6 d=1 k=105 order=1536 cyclic=false affine_classes=388 ms=204
GROUP n=6 d=1 k=106 order=3072 cyclic=false affine_classes=608 ms=321
GROUP n=6 d=1 k=107 order=3072 cyclic=false affine_classes=436 ms=290
GROUP n=6 d=1 k=108 order=1536 cyclic=false affine_classes=952 ms=285
GROUP n=6 d=1 k=109 order=1536 cyclic=false affine_classes=376 ms=197
GROUP n=6 d=1 k=110 order=1536 cyclic=false affine_classes=374 ms=202
GROUP n=6 d=1 k=111 order=1536 cyclic=false affine_classes=398 ms=312
GROUP n=6 d=1 k=112 order=768 cyclic=false affine_classes=436 ms=201
GROUP n=6 d=1 k=113 order=384 cyclic=false affine_classes=752 ms=182
GROUP n=6 d=1 k=114 order=768 cyclic=false affine_classes=400 ms=159
GROUP n=6 d=1 k=115 order=1536 cyclic=false affine_classes=376 ms=198
GROUP n=6 d=1 k=116 order=1536 cyclic=false affine_classes=374 ms=192
GROUP n=6 d=1 k=117 order=768 cyclic=false affine_classes=608 ms=197
GROUP n=6 d=1 k=118 order=768 cyclic=false affine_classes=436 ms=166
GROUP n=6 d=1 k=119 order=6144 cyclic=false affine_classes=568 ms=344
GROUP n=6 d=1 k=120 order=3072 cyclic=false affine_classes=770 ms=378
GROUP n=6 d=1 k=121 order=3072 cyclic=false affine_classes=392 ms=222
GROUP n=6 d=1 k=122 order=3072 cyclic=false affine_classes=602 ms=284
GROUP n=6 d=1 k=123 order=3072 cyclic=false affine_classes=332 ms=212
GROUP n=6 d=1 k=124 order=6144 cyclic=false affine_classes=338 ms=267
GROUP n=6 d=1 k=125 order=3072 cyclic=false affine_classes=448 ms=234
GROUP n=6 d=1 k=126 order=1536 cyclic=false affine_classes=440 ms=201
GROUP n=6 d=1 k=127 order=768 cyclic=false affine_classes=640 ms=192
GROUP n=6 d=1 k=128 order=768 cyclic=false affine_classes=484 ms=187
GROUP n=6 d=1 k=129 order=1536 cyclic=false affine_classes=356 ms=169
GROUP n=6 d=1 k=130 order=1536 cyclic=false affine_classes=338 ms=254
GROUP n=6 d=1 k=131 order=1536 cyclic=false affine_classes=362 ms=182
GROUP n=6 d=1 k=132 order=3072 cyclic=false affine_classes=392 ms=214
GROUP n=6 d=1 k=133 order=1536 cyclic=false affine_classes=568 ms=221
GROUP n=6 d=1 k=134 order=1536 cyclic=false affine_classes=388 ms=186
GROUP n=6 d=1 k=135 order=3072 cyclic=false affine_classes=349 ms=224
GROUP n=6 d=1 k=136 order=1536 cyclic=false affine_classes=338 ms=177
GROUP n=6 d=1 k=137 order=3072 cyclic=false affine_classes=332 ms=257
GROUP n=6 d=1 k=138 order=1536 cyclic=false affine_classes=460 ms=190
GROUP n=6 d=1 k=139 order=1536 cyclic=false affine_classes=388 ms=208
GROUP n=6 d=1 k=140 order=3072 cyclic=false affine_classes=265 ms=223
GROUP n=6 d=1 k=141 order=1536 cyclic=false affine_classes=422 ms=338
GROUP n=6 d=1 k=142 order=768 cyclic=false affine_classes=484 ms=220
GROUP n=6 d=1 k=143 order=384 cyclic=false affine_classes=800 ms=202
GROUP n=6 d=1 k=144 order=768 cyclic=false affine_classes=400 ms=169
GROUP n=6 d=1 k=145 order=24576 cyclic=false affine_classes=728 ms=674
GROUP n=6 d=1 k=146 order=24576 cyclic=false affine_classes=704 ms=661
GROUP n=6 d=1 k=147 order=6144 cyclic=false affine_classes=704 ms=572
GROUP n=6 d=1 k=148 order=1536 cyclic=false affine_classes=328 ms=213
GROUP n=6 d=1 k=149 order=1536 cyclic=false affine_classes=304 ms=207
GROUP n=6 d=1 k=150 order=1536 cyclic=false affine_classes=242 ms=273
GROUP n=6 d=1 k=151 order=1536 cyclic=false affine_classes=242 ms=232
GROUP n=6 d=1 k=152 order=1536 cyclic=false affine_classes=236 ms=204
GROUP n=6 d=1 k=153 order=3072 cyclic=false affine_classes=400 ms=307
GROUP n=6 d=1 k=154 order=768 cyclic=false affine_classes=488 ms=182
GROUP n=6 d=1 k=155 order=768 cyclic=false affine_classes=248 ms=145
GROUP n=6 d=1 k=156 order=768 cyclic=false affine_classes=224 ms=138
GROUP n=6 d=1 k=157 order=768 cyclic=false affine_classes=220 ms=153
GROUP n=6 d=1 k=158 order=768 cyclic=false affine_classes=202 ms=153
GROUP n=6 d=1 k=159 order=6144 cyclic=false affine_classes=340 ms=371
GROUP n=6 d=1 k=160 order=6144 cyclic=false affine_classes=304 ms=435
GROUP n=6 d=1 k=161 order=6144 cyclic=false affine_classes=322 ms=346
GROUP n=6 d=1 k=162 order=3072 cyclic=false affine_classes=188 ms=213
GROUP n=6 d=1 k=163 order=3072 cyclic=false affine_classes=206 ms=210
GROUP n=6 d=1 k=164 order=6144 cyclic=false affine_classes=272 ms=325
GROUP n=6 d=1 k=165 order=6144 cyclic=false affine_classes=290 ms=422
GROUP n=6 d=1 k=166 order=6144 cyclic=false affine_classes=409 ms=391
GROUP n=6 d=1 k=167 order=6144 cyclic=false affine_classes=338 ms=393
GROUP n=6 d=1 k=168 order=6144 cyclic=false affine_classes=752 ms=678
GROUP n=6 d=1 k=169 order=6144 cyclic=false affine_classes=722 ms=582
GROUP n=6 d=1 k=170 order=6144 cyclic=false affine_classes=704 ms=420
GROUP n=6 d=1 k=171 order=3072 cyclic=false affine_classes=418 ms=405
GROUP n=6 d=1 k=172 order=3072 cyclic=false affine_classes=400 ms=247
GROUP n=6 d=1 k=173 order=1536 cyclic=false affine_classes=376 ms=243
GROUP n=6 d=1 k=174 order=1536 cyclic=false affine_classes=328 ms=248
GROUP n=6 d=1 k=175 order=1536 cyclic=false affine_classes=304 ms=211
GROUP n=6 d=1 k=176 order=384 cyclic=false affine_classes=260 ms=139
GROUP n=6 d=1 k=177 order=384 cyclic=false affine_classes=260 ms=138
GROUP n=6 d=1 k=178 order=384 cyclic=false affine_classes=236 ms=125
GROUP n=6 d=1 k=179 order=768 cyclic=false affine_classes=248 ms=161
GROUP n=6 d=1 k=180 order=768 cyclic=false affine_classes=224 ms=167
GROUP n=6 d=1 k=181 order=192 cyclic=false affine_classes=436 ms=217
GROUP n=6 d=1 k=182 order=192 cyclic=false affine_classes=412 ms=121
GROUP n=6 d=1 k=183 order=6144 cyclic=false affine_classes=743 ms=429
GROUP n=6 d=1 k=184 order=1536 cyclic=false affine_classes=292 ms=204
GROUP n=6 d=1 k=185 order=384 cyclic=false affine_classes=224 ms=123
GROUP n=6 d=1 k=186 order=12288 cyclic=false affine_classes=496 ms=495
GROUP n=6 d=1 k=187 order=3072 cyclic=false affine_classes=412 ms=314
GROUP n=6 d=1 k=188 order=768 cyclic=false affine_classes=224 ms=138
GROUP n=6 d=1 k=189 order=768 cyclic=false affine_classes=202 ms=220
GROUP n=6 d=1 k=190 order=1536 cyclic=false affine_classes=260 ms=183
GROUP n=6 d=1 k=191 order=384 cyclic=false affine_classes=376 ms=136
GROUP n=6 d=1 k=192 order=384 cyclic=false affine_classes=242 ms=119
GROUP n=6 d=1 k=193 order=3072 cyclic=false affine_classes=250 ms=242
GROUP n=6 d=1 k=194 order=3072 cyclic=false affine_classes=254 ms=233
GROUP n=6 d=1 k=195 order=3072 cyclic=false affine_classes=242 ms=258
GROUP n=6 d=1 k=196 order=1536 cyclic=false affine_classes=166 ms=154
GROUP n=6 d=1 k=197 order=49152 cyclic=false affine_classes=580 ms=474
GROUP n=6 d=1 k=198 order=49152 cyclic=false affine_classes=544 ms=445
GROUP n=6 d=1 k=199 order=49152 cyclic=false affine_classes=556 ms=556
GROUP n=6 d=1 k=200 order=49152 cyclic=false affine_classes=544 ms=464
GROUP n=6 d=1 k=201 order=12288 cyclic=false affine_classes=544 ms=399
GROUP n=6 d=1 k=202 order=12288 cyclic=false affine_classes=544 ms=414
GROUP n=6 d=1 k=203 order=3072 cyclic=false affine_classes=338 ms=233
GROUP n=6 d=1 k=204 order=3072 cyclic=false affine_classes=296 ms=204
GROUP n=6 d=1 k=205 order=3072 cyclic=false affine_classes=314 ms=230
GROUP n=6 d=1 k=206 order=3072 cyclic=false affine_classes=296 ms=359
GROUP n=6 d=1 k=207 order=6144 cyclic=false affine_classes=368 ms=276
GROUP n=6 d=1 k=208 order=6144 cyclic=false affine_classes=344 ms=272
GROUP n=6 d=1 k=209 order=1536 cyclic=false affine_classes=418 ms=185
GROUP n=6 d=1 k=210 order=1536 cyclic=false affine_classes=406 ms=189
GROUP n=6 d=1 k=211 order=1536 cyclic=false affine_classes=298 ms=171
GROUP n=6 d=1 k=212 order=1536 cyclic=false affine_classes=256 ms=146
GROUP n=6 d=1 k=213 order=1536 cyclic=false affine_classes=238 ms=155
GROUP n=6 d=1 k=214 order=1536 cyclic=false affine_classes=232 ms=150
GROUP n=6 d=1 k=215 order=6144 cyclic=false affine_classes=344 ms=282
GROUP n=6 d=1 k=216 order=6144 cyclic=false affine_classes=320 ms=273
GROUP n=6 d=1 k=217 order=1536 cyclic=false affine_classes=334 ms=192
GROUP n=6 d=1 k=218 order=1536 cyclic=false affine_classes=322 ms=237
GROUP n=6 d=1 k=219 order=1536 cyclic=false affine_classes=214 ms=148
GROUP n=6 d=1 k=220 order=1536 cyclic=false affine_classes=220 ms=173
GROUP n=6 d=1 k=221 order=1536 cyclic=false affine_classes=196 ms=148
GROUP n=6 d=1 k=222 order=12288 cyclic=false affine_classes=344 ms=299
GROUP n=6 d=1 k=223 order=12288 cyclic=false affine_classes=296 ms=284
GROUP n=6 d=1 k=224 order=12288 cyclic=false affine_classes=302 ms=289
GROUP n=6 d=1 k=225 order=12288 cyclic=false affine_classes=308 ms=291
GROUP n=6 d=1 k=226 order=12288 cyclic=false affine_classes=296 ms=284
GROUP n=6 d=1 k=227 order=12288 cyclic=false affine_classes=290 ms=288
GROUP n=6 d=1 k=228 order=6144 cyclic=false affine_classes=208 ms=205
GROUP n=6 d=1 k=229 order=6144 cyclic=false affine_classes=220 ms=289
GROUP n=6 d=1 k=230 order=6144 cyclic=false affine_classes=196 ms=203
GROUP n=6 d=1 k=231 order=6144 cyclic=false affine_classes=190 ms=206
GROUP n=6 d=1 k=232 order=6144 cyclic=false affine_classes=184 ms=207
GROUP n=6 d=1 k=233 order=6144 cyclic=false affine_classes=190 ms=208
GROUP n=6 d=1 k=234 order=6144 cyclic=false affine_classes=172 ms=208
GROUP n=6 d=1 k=235 order=6144 cyclic=false affine_classes=178 ms=215
GROUP n=6 d=1 k=236 order=12288 cyclic=false affine_classes=374 ms=326
GROUP n=6 d=1 k=237 order=12288 cyclic=false affine_classes=347 ms=331
GROUP n=6 d=1 k=238 order=12288 cyclic=false affine_classes=340 ms=311
GROUP n=6 d=1 k=239 order=12288 cyclic=false affine_classes=316 ms=322
GROUP n=6 d=1 k=240 order=12288 cyclic=false affine_classes=640 ms=508
GROUP n=6 d=1 k=241 order=12288 cyclic=false affine_classes=562 ms=372
GROUP n=6 d=1 k=242 order=12288 cyclic=false affine_classes=544 ms=382
GROUP n=6 d=1 k=243 order=12288 cyclic=false affine_classes=592 ms=399
GROUP n=6 d=1 k=244 order=12288 cyclic=false affine_classes=550 ms=378
GROUP n=6 d=1 k=245 order=12288 cyclic=false affine_classes=544 ms=378
GROUP n=6 d=1 k=246 order=6144 cyclic=false affine_classes=386 ms=265
GROUP n=6 d=1 k=247 order=6144 cyclic=false affine_classes=368 ms=348
GROUP n=6 d=1 k=248 order=6144 cyclic=false affine_classes=350 ms=246
GROUP n=6 d=1 k=249 order=6144 cyclic=false affine_classes=344 ms=252
GROUP n=6 d=1 k=250 order=6144 cyclic=false affine_classes=350 ms=268
GROUP n=6 d=1 k=251 order=6144 cyclic=false affine_classes=344 ms=263
GROUP n=6 d=1 k=252 order=6144 cyclic=false affine_classes=332 ms=251
GROUP n=6 d=1 k=253 order=6144 cyclic=false affine_classes=320 ms=255
GROUP n=6 d=1 k=254 order=3072 cyclic=false affine_classes=392 ms=263
GROUP n=6 d=1 k=255 order=3072 cyclic=false affine_classes=338 ms=245
GROUP n=6 d=1 k=256 order=3072 cyclic=false affine_classes=296 ms=222
GROUP n=6 d=1 k=257 order=3072 cyclic=false affine_classes=332 ms=303
GROUP n=6 d=1 k=258 order=3072 cyclic=false affine_classes=314 ms=228
GROUP n=6 d=1 k=259 order=3072 cyclic=false affine_classes=296 ms=218
GROUP n=6 d=1 k=260 order=768 cyclic=false affine_classes=304 ms=168
GROUP n=6 d=1 k=261 order=768 cyclic=false affine_classes=304 ms=145
GROUP n=6 d=1 k=262 order=768 cyclic=false affine_classes=256 ms=144
GROUP n=6 d=1 k=263 order=768 cyclic=false affine_classes=256 ms=159
GROUP n=6 d=1 k=264 order=768 cyclic=false affine_classes=256 ms=144
GROUP n=6 d=1 k=265 order=768 cyclic=false affine_classes=256 ms=156
GROUP n=6 d=1 k=266 order=1536 cyclic=false affine_classes=298 ms=173
GROUP n=6 d=1 k=267 order=1536 cyclic=false affine_classes=256 ms=193
GROUP n=6 d=1 k=268 order=1536 cyclic=false affine_classes=238 ms=162
GROUP n=6 d=1 k=269 order=1536 cyclic=false affine_classes=232 ms=164
GROUP n=6 d=1 k=270 order=384 cyclic=false affine_classes=440 ms=151
GROUP n=6 d=1 k=271 order=384 cyclic=false affine_classes=392 ms=139
GROUP n=6 d=1 k=272 order=384 cyclic=false affine_classes=368 ms=149
GROUP n=6 d=1 k=273 order=384 cyclic=false affine_classes=368 ms=138
GROUP n=6 d=1 k=274 order=1536 cyclic=false affine_classes=238 ms=270
GROUP n=6 d=1 k=275 order=1536 cyclic=false affine_classes=220 ms=179
GROUP n=6 d=1 k=276 order=1536 cyclic=false affine_classes=214 ms=166
GROUP n=6 d=1 k=277 order=1536 cyclic=false affine_classes=196 ms=173
GROUP n=6 d=1 k=278 order=384 cyclic=false affine_classes=296 ms=141
GROUP n=6 d=1 k=279 order=384 cyclic=false affine_classes=296 ms=141
GROUP n=6 d=1 k=280 order=384 cyclic=false affine_classes=296 ms=124
GROUP n=6 d=1 k=281 order=384 cyclic=false affine_classes=272 ms=136
GROUP n=6 d=1 k=282 order=12288 cyclic=false affine_classes=619 ms=410
GROUP n=6 d=1 k=283 order=12288 cyclic=false affine_classes=586 ms=394
GROUP n=6 d=1 k=284 order=3072 cyclic=false affine_classes=299 ms=221
GROUP n=6 d=1 k=285 order=3072 cyclic=false affine_classes=269 ms=210
GROUP n=6 d=1 k=286 order=768 cyclic=false affine_classes=220 ms=138
GROUP n=6 d=1 k=287 order=768 cyclic=false affine_classes=196 ms=126
GROUP n=6 d=1 k=288 order=24576 cyclic=false affine_classes=428 ms=424
GROUP n=6 d=1 k=289 order=24576 cyclic=false affine_classes=416 ms=336
GROUP n=6 d=1 k=290 order=6144 cyclic=false affine_classes=392 ms=297
GROUP n=6 d=1 k=291 order=6144 cyclic=false affine_classes=368 ms=288
GROUP n=6 d=1 k=292 order=1536 cyclic=false affine_classes=256 ms=174
GROUP n=6 d=1 k=293 order=1536 cyclic=false affine_classes=232 ms=150
GROUP n=6 d=1 k=294 order=3072 cyclic=false affine_classes=304 ms=197
GROUP n=6 d=1 k=295 order=3072 cyclic=false affine_classes=256 ms=195
GROUP n=6 d=1 k=296 order=768 cyclic=false affine_classes=392 ms=149
GROUP n=6 d=1 k=297 order=768 cyclic=false affine_classes=332 ms=155
GROUP n=6 d=1 k=298 order=3072 cyclic=false affine_classes=232 ms=202
GROUP n=6 d=1 k=299 order=3072 cyclic=false affine_classes=232 ms=278
GROUP n=6 d=1 k=300 order=768 cyclic=false affine_classes=236 ms=140
GROUP n=6 d=1 k=301 order=768 cyclic=false affine_classes=248 ms=136
GROUP n=6 d=1 k=302 order=6144 cyclic=false affine_classes=268 ms=227
GROUP n=6 d=1 k=303 order=6144 cyclic=false affine_classes=238 ms=238
GROUP n=6 d=1 k=304 order=6144 cyclic=false affine_classes=250 ms=234
GROUP n=6 d=1 k=305 order=6144 cyclic=false affine_classes=232 ms=223
GROUP n=6 d=1 k=306 order=3072 cyclic=false affine_classes=188 ms=163
GROUP n=6 d=1 k=307 order=3072 cyclic=false affine_classes=176 ms=168
GROUP n=6 d=1 k=308 order=3072 cyclic=false affine_classes=146 ms=168
GROUP n=6 d=1 k=309 order=3072 cyclic=false affine_classes=146 ms=166
GROUP n=6 d=1 k=310 order=24576 cyclic=false affine_classes=368 ms=333
GROUP n=6 d=1 k=311 order=24576 cyclic=false affine_classes=356 ms=438
GROUP n=6 d=1 k=312 order=1536 cyclic=false affine_classes=220 ms=183
GROUP n=6 d=1 k=313 order=768 cyclic=false affine_classes=284 ms=142
GROUP n=6 d=1 k=314 order=768 cyclic=false affine_classes=272 ms=148
GROUP n=6 d=1 k=315 order=6144 cyclic=false affine_classes=226 ms=231
GROUP n=6 d=1 k=316 order=6144 cyclic=false affine_classes=208 ms=228
GROUP n=6 d=1 k=317 order=6144 cyclic=false affine_classes=202 ms=226
GROUP n=6 d=1 k=318 order=3072 cyclic=false affine_classes=152 ms=165
GROUP n=6 d=1 k=319 order=3072 cyclic=false affine_classes=146 ms=164
GROUP n=6 d=1 k=320 order=6144 cyclic=false affine_classes=302 ms=278
GROUP n=6 d=1 k=321 order=1536 cyclic=false affine_classes=143 ms=133
GROUP n=6 d=1 k=322 order=6144 cyclic=false affine_classes=229 ms=234
GROUP n=6 d=1 k=323 order=6144 cyclic=false affine_classes=854 ms=742
GROUP n=6 d=1 k=324 order=6144 cyclic=false affine_classes=764 ms=632
GROUP n=6 d=1 k=325 order=6144 cyclic=false affine_classes=758 ms=578
GROUP n=6 d=1 k=326 order=3072 cyclic=false affine_classes=460 ms=364
GROUP n=6 d=1 k=327 order=3072 cyclic=false affine_classes=454 ms=333
GROUP n=6 d=1 k=328 order=1536 cyclic=false affine_classes=370 ms=334
GROUP n=6 d=1 k=329 order=1536 cyclic=false affine_classes=334 ms=235
GROUP n=6 d=1 k=330 order=1536 cyclic=false affine_classes=322 ms=211
GROUP n=6 d=1 k=331 order=384 cyclic=false affine_classes=308 ms=147
GROUP n=6 d=1 k=332 order=384 cyclic=false affine_classes=308 ms=147
GROUP n=6 d=1 k=333 order=384 cyclic=false affine_classes=284 ms=139
GROUP n=6 d=1 k=334 order=768 cyclic=false affine_classes=254 ms=174
GROUP n=6 d=1 k=335 order=768 cyclic=false affine_classes=242 ms=160
GROUP n=6 d=1 k=336 order=192 cyclic=false affine_classes=484 ms=136
GROUP n=6 d=1 k=337 order=192 cyclic=false affine_classes=460 ms=135
GROUP n=6 d=1 k=338 order=6144 cyclic=false affine_classes=851 ms=630
GROUP n=6 d=1 k=339 order=1536 cyclic=false affine_classes=328 ms=211
GROUP n=6 d=1 k=340 order=384 cyclic=false affine_classes=224 ms=117
GROUP n=6 d=1 k=341 order=6144 cyclic=false affine_classes=400 ms=297
GROUP n=6 d=1 k=342 order=6144 cyclic=false affine_classes=288 ms=325
GROUP n=6 d=1 k=343 order=6144 cyclic=false affine_classes=288 ms=330
GROUP n=6 d=1 k=344 order=3072 cyclic=false affine_classes=384 ms=495
GROUP n=6 d=1 k=345 order=3072 cyclic=false affine_classes=384 ms=381
GROUP n=6 d=1 k=346 order=3072 cyclic=false affine_classes=428 ms=430
GROUP n=6 d=1 k=347 order=1536 cyclic=false affine_classes=192 ms=172
GROUP n=6 d=1 k=348 order=1536 cyclic=false affine_classes=288 ms=195
GROUP n=6 d=1 k=349 order=1536 cyclic=false affine_classes=244 ms=227
GROUP n=6 d=1 k=350 order=768 cyclic=false affine_classes=240 ms=172
GROUP n=6 d=1 k=351 order=768 cyclic=false affine_classes=214 ms=241
GROUP n=6 d=1 k=352 order=384 cyclic=false affine_classes=230 ms=132
GROUP n=6 d=1 k=353 order=384 cyclic=false affine_classes=192 ms=134
GROUP n=6 d=1 k=354 order=384 cyclic=false affine_classes=206 ms=144
GROUP n=6 d=1 k=355 order=768 cyclic=false affine_classes=204 ms=177
GROUP n=6 d=1 k=356 order=768 cyclic=false affine_classes=172 ms=174
GROUP n=6 d=1 k=357 order=384 cyclic=false affine_classes=180 ms=133
GROUP n=6 d=1 k=358 order=384 cyclic=false affine_classes=170 ms=125
GROUP n=6 d=1 k=359 order=384 cyclic=false affine_classes=182 ms=133
GROUP n=6 d=1 k=360 order=384 cyclic=false affine_classes=168 ms=129
GROUP n=6 d=1 k=361 order=384 cyclic=false affine_classes=320 ms=147
GROUP n=6 d=1 k=362 order=384 cyclic=false affine_classes=170 ms=126
GROUP n=6 d=1 k=363 order=384 cyclic=false affine_classes=156 ms=139
GROUP n=6 d=1 k=364 order=384 cyclic=false affine_classes=116 ms=144
GROUP n=6 d=1 k=365 order=1536 cyclic=false affine_classes=216 ms=193
GROUP n=6 d=1 k=366 order=1536 cyclic=false affine_classes=240 ms=232
GROUP n=6 d=1 k=367 order=1536 cyclic=false affine_classes=238 ms=194
GROUP n=6 d=1 k=368 order=1536 cyclic=false affine_classes=240 ms=321
GROUP n=6 d=1 k=369 order=768 cyclic=false affine_classes=168 ms=144
GROUP n=6 d=1 k=370 order=768 cyclic=false affine_classes=144 ms=138
GROUP n=6 d=1 k=371 order=768 cyclic=false affine_classes=194 ms=207
GROUP n=6 d=1 k=372 order=384 cyclic=false affine_classes=312 ms=139
GROUP n=6 d=1 k=373 order=192 cyclic=false affine_classes=358 ms=128
GROUP n=6 d=1 k=374 order=384 cyclic=false affine_classes=192 ms=128
GROUP n=6 d=1 k=375 order=384 cyclic=false affine_classes=176 ms=123
GROUP n=6 d=1 k=376 order=192 cyclic=false affine_classes=214 ms=106
GROUP n=6 d=1 k=377 order=192 cyclic=false affine_classes=168 ms=97
GROUP n=6 d=1 k=378 order=192 cyclic=false affine_classes=178 ms=110
GROUP n=6 d=1 k=379 order=384 cyclic=false affine_classes=180 ms=128
GROUP n=6 d=1 k=380 order=192 cyclic=false affine_classes=204 ms=109
GROUP n=6 d=1 k=381 order=192 cyclic=false affine_classes=274 ms=107
GROUP n=6 d=1 k=382 order=192 cyclic=false affine_classes=214 ms=117
GROUP n=6 d=1 k=383 order=192 cyclic=false affine_classes=180 ms=116
GROUP n=6 d=1 k=384 order=192 cyclic=false affine_classes=166 ms=93
GROUP n=6 d=1 k=385 order=3072 cyclic=false affine_classes=319 ms=400
GROUP n=6 d=1 k=386 order=3072 cyclic=false affine_classes=251 ms=295
GROUP n=6 d=1 k=387 order=1536 cyclic=false affine_classes=209 ms=174
GROUP n=6 d=1 k=388 order=1536 cyclic=false affine_classes=205 ms=158
GROUP n=6 d=1 k=389 order=3072 cyclic=false affine_classes=236 ms=306
GROUP n=6 d=1 k=390 order=3072 cyclic=false affine_classes=192 ms=291
GROUP n=6 d=1 k=391 order=3072 cyclic=false affine_classes=180 ms=295
GROUP n=6 d=1 k=392 order=1536 cyclic=false affine_classes=160 ms=140
GROUP n=6 d=1 k=393 order=1536 cyclic=false affine_classes=126 ms=224
GROUP n=6 d=1 k=394 order=1536 cyclic=false affine_classes=120 ms=141
GROUP n=6 d=1 k=395 order=1536 cyclic=false affine_classes=300 ms=244
GROUP n=6 d=1 k=396 order=1536 cyclic=false affine_classes=246 ms=234
GROUP n=6 d=1 k=397 order=1536 cyclic=false affine_classes=264 ms=236
GROUP n=6 d=1 k=398 order=384 cyclic=false affine_classes=196 ms=150
GROUP n=6 d=1 k=399 order=768 cyclic=false affine_classes=288 ms=210
GROUP n=6 d=1 k=400 order=384 cyclic=false affine_classes=192 ms=140
GROUP n=6 d=1 k=401 order=384 cyclic=false affine_classes=192 ms=139
GROUP n=6 d=1 k=402 order=384 cyclic=false affine_classes=168 ms=152
GROUP n=6 d=1 k=403 order=192 cyclic=false affine_classes=248 ms=122
GROUP n=6 d=1 k=404 order=96 cyclic=false affine_classes=376 ms=122
GROUP n=6 d=1 k=405 order=96 cyclic=false affine_classes=256 ms=119
GROUP n=6 d=1 k=406 order=192 cyclic=false affine_classes=288 ms=112
GROUP n=6 d=1 k=407 order=768 cyclic=false affine_classes=204 ms=173
GROUP n=6 d=1 k=408 order=768 cyclic=false affine_classes=168 ms=160
GROUP n=6 d=1 k=409 order=768 cyclic=false affine_classes=180 ms=244
GROUP n=6 d=1 k=410 order=384 cyclic=false affine_classes=144 ms=139
GROUP n=6 d=1 k=411 order=384 cyclic=false affine_classes=132 ms=130
GROUP n=6 d=1 k=412 order=192 cyclic=false affine_classes=188 ms=105
GROUP n=6 d=1 k=413 order=3072 cyclic=false affine_classes=284 ms=262
GROUP n=6 d=1 k=414 order=3072 cyclic=false affine_classes=228 ms=241
GROUP n=6 d=1 k=415 order=3072 cyclic=false affine_classes=240 ms=245
GROUP n=6 d=1 k=416 order=1536 cyclic=false affine_classes=196 ms=168
GROUP n=6 d=1 k=417 order=1536 cyclic=false affine_classes=156 ms=163
GROUP n=6 d=1 k=418 order=1536 cyclic=false affine_classes=162 ms=165
GROUP n=6 d=1 k=419 order=1536 cyclic=false affine_classes=322 ms=209
GROUP n=6 d=1 k=420 order=1536 cyclic=false affine_classes=240 ms=200
GROUP n=6 d=1 k=421 order=1536 cyclic=false affine_classes=216 ms=222
GROUP n=6 d=1 k=422 order=1536 cyclic=false affine_classes=240 ms=306
GROUP n=6 d=1 k=423 order=768 cyclic=false affine_classes=272 ms=168
GROUP n=6 d=1 k=424 order=768 cyclic=false affine_classes=144 ms=172
GROUP n=6 d=1 k=425 order=768 cyclic=false affine_classes=156 ms=144
GROUP n=6 d=1 k=426 order=192 cyclic=false affine_classes=184 ms=105
GROUP n=6 d=1 k=427 order=192 cyclic=false affine_classes=232 ms=110
GROUP n=6 d=1 k=428 order=768 cyclic=false affine_classes=194 ms=150
GROUP n=6 d=1 k=429 order=768 cyclic=false affine_classes=168 ms=166
GROUP n=6 d=1 k=430 order=768 cyclic=false affine_classes=168 ms=158
GROUP n=6 d=1 k=431 order=768 cyclic=false affine_classes=180 ms=154
GROUP n=6 d=1 k=432 order=384 cyclic=false affine_classes=184 ms=127
GROUP n=6 d=1 k=433 order=384 cyclic=false affine_classes=144 ms=115
GROUP n=6 d=1 k=434 order=384 cyclic=false affine_classes=132 ms=127
GROUP n=6 d=1 k=435 order=96 cyclic=false affine_classes=320 ms=101
GROUP n=6 d=1 k=436 order=96 cyclic=false affine_classes=272 ms=97
GROUP n=6 d=1 k=437 order=1536 cyclic=false affine_classes=160 ms=191
GROUP n=6 d=1 k=438 order=768 cyclic=false affine_classes=128 ms=126
GROUP n=6 d=1 k=439 order=1536 cyclic=false affine_classes=218 ms=293
GROUP n=6 d=1 k=440 order=1536 cyclic=false affine_classes=202 ms=198
GROUP n=6 d=1 k=441 order=768 cyclic=false affine_classes=182 ms=170
GROUP n=6 d=1 k=442 order=768 cyclic=false affine_classes=122 ms=127
GROUP n=6 d=1 k=443 order=768 cyclic=false affine_classes=130 ms=138
GROUP n=6 d=1 k=444 order=768 cyclic=false affine_classes=140 ms=136
GROUP n=6 d=1 k=445 order=768 cyclic=false affine_classes=148 ms=143
GROUP n=6 d=1 k=446 order=384 cyclic=false affine_classes=142 ms=107
GROUP n=6 d=1 k=447 order=12288 cyclic=false affine_classes=416 ms=334
GROUP n=6 d=1 k=448 order=12288 cyclic=false affine_classes=336 ms=321
GROUP n=6 d=1 k=449 order=6144 cyclic=false affine_classes=384 ms=320
GROUP n=6 d=1 k=450 order=3072 cyclic=false affine_classes=192 ms=203
GROUP n=6 d=1 k=451 order=3072 cyclic=false affine_classes=192 ms=439
GROUP n=6 d=1 k=452 order=1536 cyclic=false affine_classes=288 ms=181
GROUP n=6 d=1 k=453 order=768 cyclic=false affine_classes=192 ms=141
GROUP n=6 d=1 k=454 order=768 cyclic=false affine_classes=234 ms=186
GROUP n=6 d=1 k=455 order=768 cyclic=false affine_classes=192 ms=172
GROUP n=6 d=1 k=456 order=3072 cyclic=false affine_classes=264 ms=220
GROUP n=6 d=1 k=457 order=1536 cyclic=false affine_classes=168 ms=154
GROUP n=6 d=1 k=458 order=1536 cyclic=false affine_classes=144 ms=158
GROUP n=6 d=1 k=459 order=768 cyclic=false affine_classes=330 ms=153
GROUP n=6 d=1 k=460 order=384 cyclic=false affine_classes=270 ms=140
GROUP n=6 d=1 k=461 order=768 cyclic=false affine_classes=240 ms=149
GROUP n=6 d=1 k=462 order=384 cyclic=false affine_classes=192 ms=120
GROUP n=6 d=1 k=463 order=384 cyclic=false affine_classes=180 ms=132
GROUP n=6 d=1 k=464 order=384 cyclic=false affine_classes=168 ms=126
GROUP n=6 d=1 k=465 order=3072 cyclic=false affine_classes=216 ms=435
GROUP n=6 d=1 k=466 order=1536 cyclic=false affine_classes=144 ms=188
GROUP n=6 d=1 k=467 order=1536 cyclic=false affine_classes=120 ms=147
GROUP n=6 d=1 k=468 order=768 cyclic=false affine_classes=234 ms=180
GROUP n=6 d=1 k=469 order=384 cyclic=false affine_classes=210 ms=142
GROUP n=6 d=1 k=470 order=768 cyclic=false affine_classes=180 ms=139
GROUP n=6 d=1 k=471 order=384 cyclic=false affine_classes=156 ms=127
GROUP n=6 d=1 k=472 order=384 cyclic=false affine_classes=132 ms=131
GROUP n=6 d=1 k=473 order=6144 cyclic=false affine_classes=329 ms=293
GROUP n=6 d=1 k=474 order=3072 cyclic=false affine_classes=238 ms=227
GROUP n=6 d=1 k=475 order=3072 cyclic=false affine_classes=319 ms=306
GROUP n=6 d=1 k=476 order=3072 cyclic=false affine_classes=199 ms=368
GROUP n=6 d=1 k=477 order=6144 cyclic=false affine_classes=259 ms=246
GROUP n=6 d=1 k=478 order=6144 cyclic=false affine_classes=240 ms=247
GROUP n=6 d=1 k=479 order=3072 cyclic=false affine_classes=188 ms=212
GROUP n=6 d=1 k=480 order=3072 cyclic=false affine_classes=162 ms=195
GROUP n=6 d=1 k=481 order=3072 cyclic=false affine_classes=158 ms=210
GROUP n=6 d=1 k=482 order=3072 cyclic=false affine_classes=138 ms=251
GROUP n=6 d=1 k=483 order=6144 cyclic=false affine_classes=310 ms=284
GROUP n=6 d=1 k=484 order=6144 cyclic=false affine_classes=288 ms=282
GROUP n=6 d=1 k=485 order=6144 cyclic=false affine_classes=376 ms=369
GROUP n=6 d=1 k=486 order=1536 cyclic=false affine_classes=149 ms=162
GROUP n=6 d=1 k=487 order=1536 cyclic=false affine_classes=146 ms=161
GROUP n=6 d=1 k=488 order=6144 cyclic=false affine_classes=220 ms=241
GROUP n=6 d=1 k=489 order=6144 cyclic=false affine_classes=235 ms=241
GROUP n=6 d=1 k=490 order=6144 cyclic=false affine_classes=192 ms=246
GROUP n=6 d=1 k=491 order=3072 cyclic=false affine_classes=351 ms=252
GROUP n=6 d=1 k=492 order=3072 cyclic=false affine_classes=312 ms=233
GROUP n=6 d=1 k=493 order=768 cyclic=false affine_classes=251 ms=161
GROUP n=6 d=1 k=494 order=1536 cyclic=false affine_classes=330 ms=211
GROUP n=6 d=1 k=495 order=768 cyclic=false affine_classes=240 ms=151
GROUP n=6 d=1 k=496 order=768 cyclic=false affine_classes=240 ms=158
GROUP n=6 d=1 k=497 order=768 cyclic=false affine_classes=186 ms=154
GROUP n=6 d=1 k=498 order=768 cyclic=false affine_classes=246 ms=268
GROUP n=6 d=1 k=499 order=768 cyclic=false affine_classes=180 ms=132
GROUP n=6 d=1 k=500 order=768 cyclic=false affine_classes=192 ms=151
GROUP n=6 d=1 k=501 order=768 cyclic=false affine_classes=186 ms=182
GROUP n=6 d=1 k=502 order=384 cyclic=false affine_classes=298 ms=138
GROUP n=6 d=1 k=503 order=192 cyclic=false affine_classes=392 ms=130
GROUP n=6 d=1 k=504 order=192 cyclic=false affine_classes=242 ms=105
GROUP n=6 d=1 k=505 order=192 cyclic=false affine_classes=254 ms=117
GROUP n=6 d=1 k=506 order=192 cyclic=false affine_classes=272 ms=129
GROUP n=6 d=1 k=507 order=192 cyclic=false affine_classes=242 ms=120
GROUP n=6 d=1 k=508 order=384 cyclic=false affine_classes=330 ms=133
GROUP n=6 d=1 k=509 order=384 cyclic=false affine_classes=180 ms=125
GROUP n=6 d=1 k=510 order=384 cyclic=false affine_classes=198 ms=117
GROUP n=6 d=1 k=511 order=384 cyclic=false affine_classes=186 ms=129
GROUP n=6 d=1 k=512 order=96 cyclic=false affine_classes=388 ms=110
GROUP n=6 d=1 k=513 order=96 cyclic=false affine_classes=370 ms=112
GROUP n=6 d=1 k=514 order=384 cyclic=false affine_classes=198 ms=124
GROUP n=6 d=1 k=515 order=384 cyclic=false affine_classes=222 ms=123
GROUP n=6 d=1 k=516 order=384 cyclic=false affine_classes=150 ms=123
GROUP n=6 d=1 k=517 order=96 cyclic=false affine_classes=286 ms=187
GROUP n=6 d=1 k=518 order=1536 cyclic=false affine_classes=243 ms=181
GROUP n=6 d=1 k=519 order=1536 cyclic=false affine_classes=207 ms=161
GROUP n=6 d=1 k=520 order=768 cyclic=false affine_classes=159 ms=144
GROUP n=6 d=1 k=521 order=768 cyclic=false affine_classes=189 ms=155
GROUP n=6 d=1 k=522 order=768 cyclic=false affine_classes=129 ms=155
GROUP n=6 d=1 k=523 order=384 cyclic=false affine_classes=199 ms=116
GROUP n=6 d=1 k=524 order=192 cyclic=false affine_classes=185 ms=101
GROUP n=6 d=1 k=525 order=1536 cyclic=false affine_classes=228 ms=175
GROUP n=6 d=1 k=526 order=1536 cyclic=false affine_classes=192 ms=166
GROUP n=6 d=1 k=527 order=384 cyclic=false affine_classes=172 ms=124
GROUP n=6 d=1 k=528 order=1536 cyclic=false affine_classes=201 ms=176
GROUP n=6 d=1 k=529 order=1536 cyclic=false affine_classes=183 ms=156
GROUP n=6 d=1 k=530 order=384 cyclic=false affine_classes=181 ms=122
GROUP n=6 d=1 k=531 order=6144 cyclic=false affine_classes=343 ms=292
GROUP n=6 d=1 k=532 order=6144 cyclic=false affine_classes=312 ms=279
GROUP n=6 d=1 k=533 order=3072 cyclic=false affine_classes=251 ms=212
GROUP n=6 d=1 k=534 order=3072 cyclic=false affine_classes=222 ms=280
GROUP n=6 d=1 k=535 order=3072 cyclic=false affine_classes=197 ms=193
GROUP n=6 d=1 k=536 order=3072 cyclic=false affine_classes=174 ms=190
GROUP n=6 d=1 k=537 order=3072 cyclic=false affine_classes=264 ms=222
GROUP n=6 d=1 k=538 order=1536 cyclic=false affine_classes=180 ms=168
GROUP n=6 d=1 k=539 order=1536 cyclic=false affine_classes=156 ms=166
GROUP n=6 d=1 k=540 order=384 cyclic=false affine_classes=186 ms=134
GROUP n=6 d=1 k=541 order=1536 cyclic=false affine_classes=228 ms=167
GROUP n=6 d=1 k=542 order=768 cyclic=false affine_classes=180 ms=134
GROUP n=6 d=1 k=543 order=768 cyclic=false affine_classes=132 ms=140
GROUP n=6 d=1 k=544 order=192 cyclic=false affine_classes=246 ms=111
GROUP n=6 d=1 k=545 order=1536 cyclic=false affine_classes=156 ms=165
GROUP n=6 d=1 k=546 order=768 cyclic=false affine_classes=108 ms=131
GROUP n=6 d=1 k=547 order=768 cyclic=false affine_classes=108 ms=125
GROUP n=6 d=1 k=548 order=192 cyclic=false affine_classes=186 ms=108
GROUP n=6 d=1 k=549 order=3072 cyclic=false affine_classes=262 ms=222
GROUP n=6 d=1 k=550 order=1536 cyclic=false affine_classes=158 ms=163
GROUP n=6 d=1 k=551 order=1536 cyclic=false affine_classes=218 ms=289
GROUP n=6 d=1 k=552 order=1536 cyclic=false affine_classes=140 ms=196
GROUP n=6 d=1 k=553 order=1536 cyclic=false affine_classes=182 ms=158
GROUP n=6 d=1 k=554 order=768 cyclic=false affine_classes=148 ms=130
GROUP n=6 d=1 k=555 order=1536 cyclic=false affine_classes=140 ms=152
GROUP n=6 d=1 k=556 order=768 cyclic=false affine_classes=130 ms=131
GROUP n=6 d=1 k=557 order=3072 cyclic=false affine_classes=251 ms=232
GROUP n=6 d=1 k=558 order=3072 cyclic=false affine_classes=216 ms=222
GROUP n=6 d=1 k=559 order=3072 cyclic=false affine_classes=248 ms=224
GROUP n=6 d=1 k=560 order=768 cyclic=false affine_classes=169 ms=136
GROUP n=6 d=1 k=561 order=768 cyclic=false affine_classes=157 ms=141
GROUP n=6 d=1 k=562 order=1536 cyclic=false affine_classes=151 ms=161
GROUP n=6 d=1 k=563 order=1536 cyclic=false affine_classes=150 ms=160
GROUP n=6 d=1 k=564 order=1536 cyclic=false affine_classes=172 ms=157
GROUP n=6 d=1 k=565 order=384 cyclic=false affine_classes=149 ms=116
GROUP n=6 d=1 k=566 order=384 cyclic=false affine_classes=161 ms=121
GROUP n=6 d=1 k=567 order=3072 cyclic=false affine_classes=191 ms=284
GROUP n=6 d=1 k=568 order=1536 cyclic=false affine_classes=130 ms=142
GROUP n=6 d=1 k=569 order=6144 cyclic=false affine_classes=247 ms=242
GROUP n=6 d=1 k=570 order=6144 cyclic=false affine_classes=216 ms=239
GROUP n=6 d=1 k=571 order=3072 cyclic=false affine_classes=216 ms=208
GROUP n=6 d=1 k=572 order=1536 cyclic=false affine_classes=156 ms=201
GROUP n=6 d=1 k=573 order=3072 cyclic=false affine_classes=200 ms=197
GROUP n=6 d=1 k=574 order=1536 cyclic=false affine_classes=172 ms=166
GROUP n=6 d=1 k=575 order=1536 cyclic=false affine_classes=130 ms=154
GROUP n=6 d=1 k=576 order=1536 cyclic=false affine_classes=112 ms=154
GROUP n=6 d=1 k=577 order=1536 cyclic=false affine_classes=136 ms=144
GROUP n=6 d=1 k=578 order=768 cyclic=false affine_classes=134 ms=125
GROUP n=6 d=1 k=579 order=768 cyclic=false affine_classes=116 ms=122
GROUP n=6 d=1 k=580 order=3072 cyclic=false affine_classes=263 ms=227
GROUP n=6 d=1 k=581 order=3072 cyclic=false affine_classes=224 ms=212
GROUP n=6 d=1 k=582 order=3072 cyclic=false affine_classes=216 ms=302
GROUP n=6 d=1 k=583 order=1536 cyclic=false affine_classes=220 ms=174
GROUP n=6 d=1 k=584 order=1536 cyclic=false affine_classes=148 ms=157
GROUP n=6 d=1 k=585 order=1536 cyclic=false affine_classes=138 ms=155
GROUP n=6 d=1 k=586 order=768 cyclic=false affine_classes=145 ms=123
GROUP n=6 d=1 k=587 order=768 cyclic=false affine_classes=145 ms=155
GROUP n=6 d=1 k=588 order=384 cyclic=false affine_classes=116 ms=123
GROUP n=6 d=1 k=589 order=384 cyclic=false affine_classes=164 ms=133
GROUP n=6 d=1 k=590 order=3072 cyclic=false affine_classes=199 ms=202
GROUP n=6 d=1 k=591 order=1536 cyclic=false affine_classes=209 ms=177
GROUP n=6 d=1 k=592 order=1536 cyclic=false affine_classes=285 ms=242
GROUP n=6 d=1 k=593 order=1536 cyclic=false affine_classes=267 ms=236
GROUP n=6 d=1 k=594 order=384 cyclic=false affine_classes=193 ms=147
GROUP n=6 d=1 k=595 order=768 cyclic=false affine_classes=216 ms=141
GROUP n=6 d=1 k=596 order=768 cyclic=false affine_classes=192 ms=142
GROUP n=6 d=1 k=597 order=384 cyclic=false affine_classes=144 ms=115
GROUP n=6 d=1 k=598 order=192 cyclic=false affine_classes=176 ms=164
GROUP n=6 d=1 k=599 order=96 cyclic=false affine_classes=246 ms=95
GROUP n=6 d=1 k=600 order=1536 cyclic=false affine_classes=275 ms=194
GROUP n=6 d=1 k=601 order=384 cyclic=false affine_classes=196 ms=136
GROUP n=6 d=1 k=602 order=96 cyclic=false affine_classes=300 ms=95
GROUP n=6 d=1 k=603 order=96 cyclic=false affine_classes=398 ms=101
GROUP n=6 d=1 k=604 order=384 cyclic=false affine_classes=134 ms=117
GROUP n=6 d=1 k=605 order=3072 cyclic=false affine_classes=271 ms=182
GROUP n=6 d=1 k=606 order=3072 cyclic=false affine_classes=211 ms=173
GROUP n=6 d=1 k=607 order=768 cyclic=false affine_classes=251 ms=142
GROUP n=6 d=1 k=608 order=768 cyclic=false affine_classes=167 ms=136
GROUP n=6 d=1 k=609 order=192 cyclic=false affine_classes=351 ms=118
GROUP n=6 d=1 k=610 order=192 cyclic=false affine_classes=219 ms=95
GROUP n=6 d=1 k=611 order=192 cyclic=false affine_classes=448 ms=124
GROUP n=6 d=1 k=612 order=192 cyclic=false affine_classes=292 ms=110
GROUP n=6 d=1 k=613 order=96 cyclic=false affine_classes=285 ms=111
GROUP n=6 d=1 k=614 order=768 cyclic=false affine_classes=169 ms=125
GROUP n=6 d=1 k=615 order=768 cyclic=false affine_classes=109 ms=121
GROUP n=6 d=1 k=616 order=384 cyclic=false affine_classes=134 ms=104
GROUP n=6 d=1 k=617 order=1536 cyclic=false affine_classes=290 ms=289
GROUP n=6 d=1 k=618 order=384 cyclic=false affine_classes=193 ms=131
GROUP n=6 d=1 k=619 order=96 cyclic=false affine_classes=422 ms=107
GROUP n=6 d=1 k=620 order=294912 cyclic=false affine_classes=2210 ms=1446
GROUP n=6 d=1 k=621 order=147456 cyclic=false affine_classes=1345 ms=1339
GROUP n=6 d=1 k=622 order=147456 cyclic=false affine_classes=1300 ms=869
GROUP n=6 d=1 k=623 order=73728 cyclic=false affine_classes=1595 ms=2026
GROUP n=6 d=1 k=624 order=73728 cyclic=false affine_classes=758 ms=834
GROUP n=6 d=1 k=625 order=73728 cyclic=false affine_classes=707 ms=867
GROUP n=6 d=1 k=626 order=73728 cyclic=false affine_classes=734 ms=838
GROUP n=6 d=1 k=627 order=36864 cyclic=false affine_classes=850 ms=956
GROUP n=6 d=1 k=628 order=36864 cyclic=false affine_classes=841 ms=629
GROUP n=6 d=1 k=629 order=73728 cyclic=false affine_classes=704 ms=509
GROUP n=6 d=1 k=630 order=73728 cyclic=false affine_classes=698 ms=812
GROUP n=6 d=1 k=631 order=147456 cyclic=false affine_classes=1180 ms=814
GROUP n=6 d=1 k=632 order=147456 cyclic=false affine_classes=1165 ms=1211
GROUP n=6 d=1 k=633 order=147456 cyclic=false affine_classes=1165 ms=1132
GROUP n=6 d=1 k=634 order=147456 cyclic=false affine_classes=1156 ms=1129
GROUP n=6 d=1 k=635 order=36864 cyclic=false affine_classes=520 ms=650
GROUP n=6 d=1 k=636 order=36864 cyclic=false affine_classes=472 ms=627
GROUP n=6 d=1 k=637 order=18432 cyclic=false affine_classes=560 ms=463
GROUP n=6 d=1 k=638 order=36864 cyclic=false affine_classes=496 ms=418
GROUP n=6 d=1 k=639 order=36864 cyclic=false affine_classes=445 ms=520
GROUP n=6 d=1 k=640 order=73728 cyclic=false affine_classes=860 ms=522
GROUP n=6 d=1 k=641 order=73728 cyclic=false affine_classes=632 ms=779
GROUP n=6 d=1 k=642 order=73728 cyclic=false affine_classes=740 ms=811
GROUP n=6 d=1 k=643 order=73728 cyclic=false affine_classes=644 ms=868
GROUP n=6 d=1 k=644 order=9216 cyclic=false affine_classes=454 ms=329
GROUP n=6 d=1 k=645 order=4608 cyclic=false affine_classes=380 ms=235
GROUP n=6 d=1 k=646 order=2304 cyclic=false affine_classes=520 ms=204
GROUP n=6 d=1 k=647 order=2304 cyclic=false affine_classes=364 ms=199
GROUP n=6 d=1 k=648 order=4608 cyclic=false affine_classes=302 ms=238
GROUP n=6 d=1 k=649 order=4608 cyclic=false affine_classes=320 ms=294
GROUP n=6 d=1 k=650 order=4608 cyclic=false affine_classes=434 ms=300
GROUP n=6 d=1 k=651 order=2304 cyclic=false affine_classes=364 ms=208
GROUP n=6 d=1 k=652 order=1152 cyclic=false affine_classes=560 ms=195
GROUP n=6 d=1 k=653 order=2304 cyclic=false affine_classes=328 ms=185
GROUP n=6 d=1 k=654 order=9216 cyclic=false affine_classes=436 ms=286
GROUP n=6 d=1 k=655 order=4608 cyclic=false affine_classes=344 ms=202
GROUP n=6 d=1 k=656 order=2304 cyclic=false affine_classes=496 ms=183
GROUP n=6 d=1 k=657 order=4608 cyclic=false affine_classes=320 ms=201
GROUP n=6 d=1 k=658 order=2304 cyclic=false affine_classes=328 ms=158
GROUP n=6 d=1 k=659 order=18432 cyclic=false affine_classes=779 ms=542
GROUP n=6 d=1 k=660 order=9216 cyclic=false affine_classes=586 ms=314
GROUP n=6 d=1 k=661 order=4608 cyclic=false affine_classes=860 ms=293
GROUP n=6 d=1 k=662 order=4608 cyclic=false affine_classes=344 ms=202
GROUP n=6 d=1 k=663 order=9216 cyclic=false affine_classes=454 ms=314
GROUP n=6 d=1 k=664 order=4608 cyclic=false affine_classes=434 ms=257
GROUP n=6 d=1 k=665 order=4608 cyclic=false affine_classes=302 ms=239
GROUP n=6 d=1 k=666 order=9216 cyclic=false affine_classes=544 ms=369
GROUP n=6 d=1 k=667 order=9216 cyclic=false affine_classes=436 ms=260
GROUP n=6 d=1 k=668 order=36864 cyclic=false affine_classes=454 ms=595
GROUP n=6 d=1 k=669 order=36864 cyclic=false affine_classes=406 ms=633
GROUP n=6 d=1 k=670 order=36864 cyclic=false affine_classes=406 ms=642
GROUP n=6 d=1 k=671 order=36864 cyclic=false affine_classes=388 ms=629
GROUP n=6 d=1 k=672 order=36864 cyclic=false affine_classes=382 ms=634
GROUP n=6 d=1 k=673 order=2304 cyclic=false affine_classes=268 ms=186
GROUP n=6 d=1 k=674 order=2304 cyclic=false affine_classes=268 ms=180
GROUP n=6 d=1 k=675 order=2304 cyclic=false affine_classes=220 ms=175
GROUP n=6 d=1 k=676 order=2304 cyclic=false affine_classes=220 ms=255
GROUP n=6 d=1 k=677 order=2304 cyclic=false affine_classes=220 ms=177
GROUP n=6 d=1 k=678 order=18432 cyclic=false affine_classes=326 ms=440
GROUP n=6 d=1 k=679 order=18432 cyclic=false affine_classes=284 ms=521
GROUP n=6 d=1 k=680 order=18432 cyclic=false affine_classes=302 ms=453
GROUP n=6 d=1 k=681 order=1152 cyclic=false affine_classes=380 ms=166
GROUP n=6 d=1 k=682 order=1152 cyclic=false affine_classes=308 ms=161
GROUP n=6 d=1 k=683 order=1152 cyclic=false affine_classes=332 ms=165
GROUP n=6 d=1 k=684 order=18432 cyclic=false affine_classes=284 ms=536
GROUP n=6 d=1 k=685 order=18432 cyclic=false affine_classes=272 ms=441
GROUP n=6 d=1 k=686 order=18432 cyclic=false affine_classes=254 ms=526
GROUP n=6 d=1 k=687 order=1152 cyclic=false affine_classes=236 ms=160
GROUP n=6 d=1 k=688 order=1152 cyclic=false affine_classes=236 ms=162
GROUP n=6 d=1 k=689 order=1152 cyclic=false affine_classes=212 ms=144
GROUP n=6 d=1 k=690 order=36864 cyclic=false affine_classes=430 ms=713
GROUP n=6 d=1 k=691 order=36864 cyclic=false affine_classes=397 ms=650
GROUP n=6 d=1 k=692 order=2304 cyclic=false affine_classes=208 ms=154
GROUP n=6 d=1 k=693 order=2304 cyclic=false affine_classes=184 ms=151
GROUP n=6 d=1 k=694 order=18432 cyclic=false affine_classes=482 ms=541
GROUP n=6 d=1 k=695 order=18432 cyclic=false affine_classes=452 ms=443
GROUP n=6 d=1 k=696 order=18432 cyclic=false affine_classes=434 ms=341
GROUP n=6 d=1 k=697 order=1152 cyclic=false affine_classes=236 ms=156
GROUP n=6 d=1 k=698 order=1152 cyclic=false affine_classes=236 ms=158
GROUP n=6 d=1 k=699 order=1152 cyclic=false affine_classes=212 ms=151
GROUP n=6 d=1 k=700 order=9216 cyclic=false affine_classes=340 ms=281
GROUP n=6 d=1 k=701 order=9216 cyclic=false affine_classes=322 ms=323
GROUP n=6 d=1 k=702 order=576 cyclic=false affine_classes=364 ms=138
GROUP n=6 d=1 k=703 order=576 cyclic=false affine_classes=340 ms=143
GROUP n=6 d=1 k=704 order=18432 cyclic=false affine_classes=473 ms=358
GROUP n=6 d=1 k=705 order=1152 cyclic=false affine_classes=200 ms=140
GROUP n=6 d=1 k=706 order=36864 cyclic=false affine_classes=400 ms=621
GROUP n=6 d=1 k=707 order=36864 cyclic=false affine_classes=376 ms=323
GROUP n=6 d=1 k=708 order=36864 cyclic=false affine_classes=364 ms=508
GROUP n=6 d=1 k=709 order=2304 cyclic=false affine_classes=232 ms=243
GROUP n=6 d=1 k=710 order=2304 cyclic=false affine_classes=232 ms=148
GROUP n=6 d=1 k=711 order=2304 cyclic=false affine_classes=208 ms=158
GROUP n=6 d=1 k=712 order=18432 cyclic=false affine_classes=296 ms=239
GROUP n=6 d=1 k=713 order=18432 cyclic=false affine_classes=284 ms=425
GROUP n=6 d=1 k=714 order=1152 cyclic=false affine_classes=344 ms=155
GROUP n=6 d=1 k=715 order=1152 cyclic=false affine_classes=320 ms=225
GROUP n=6 d=1 k=716 order=36864 cyclic=false affine_classes=394 ms=566
GROUP n=6 d=1 k=717 order=36864 cyclic=false affine_classes=361 ms=601
GROUP n=6 d=1 k=718 order=2304 cyclic=false affine_classes=208 ms=147
GROUP n=6 d=1 k=719 order=2304 cyclic=false affine_classes=184 ms=135
GROUP n=6 d=1 k=720 order=18432 cyclic=false affine_classes=257 ms=536
GROUP n=6 d=1 k=721 order=1152 cyclic=false affine_classes=200 ms=125
GROUP n=6 d=1 k=722 order=73728 cyclic=false affine_classes=656 ms=511
GROUP n=6 d=1 k=723 order=73728 cyclic=false affine_classes=620 ms=496
GROUP n=6 d=1 k=724 order=73728 cyclic=false affine_classes=644 ms=826
GROUP n=6 d=1 k=725 order=73728 cyclic=false affine_classes=602 ms=782
GROUP n=6 d=1 k=726 order=73728 cyclic=false affine_classes=602 ms=790
GROUP n=6 d=1 k=727 order=73728 cyclic=false affine_classes=596 ms=780
GROUP n=6 d=1 k=728 order=4608 cyclic=false affine_classes=386 ms=213
GROUP n=6 d=1 k=729 order=4608 cyclic=false affine_classes=386 ms=293
GROUP n=6 d=1 k=730 order=4608 cyclic=false affine_classes=338 ms=224
GROUP n=6 d=1 k=731 order=4608 cyclic=false affine_classes=326 ms=214
GROUP n=6 d=1 k=732 order=4608 cyclic=false affine_classes=350 ms=225
GROUP n=6 d=1 k=733 order=4608 cyclic=false affine_classes=314 ms=220
GROUP n=6 d=1 k=734 order=36864 cyclic=false affine_classes=496 ms=353
GROUP n=6 d=1 k=735 order=36864 cyclic=false affine_classes=466 ms=618
GROUP n=6 d=1 k=736 order=36864 cyclic=false affine_classes=478 ms=528
GROUP n=6 d=1 k=737 order=36864 cyclic=false affine_classes=460 ms=592
GROUP n=6 d=1 k=738 order=2304 cyclic=false affine_classes=586 ms=203
GROUP n=6 d=1 k=739 order=2304 cyclic=false affine_classes=478 ms=196
GROUP n=6 d=1 k=740 order=2304 cyclic=false affine_classes=550 ms=209
GROUP n=6 d=1 k=741 order=2304 cyclic=false affine_classes=466 ms=190
GROUP n=6 d=1 k=742 order=36864 cyclic=false affine_classes=358 ms=623
GROUP n=6 d=1 k=743 order=36864 cyclic=false affine_classes=364 ms=631
GROUP n=6 d=1 k=744 order=36864 cyclic=false affine_classes=352 ms=612
GROUP n=6 d=1 k=745 order=36864 cyclic=false affine_classes=346 ms=614
GROUP n=6 d=1 k=746 order=2304 cyclic=false affine_classes=238 ms=148
GROUP n=6 d=1 k=747 order=2304 cyclic=false affine_classes=250 ms=173
GROUP n=6 d=1 k=748 order=2304 cyclic=false affine_classes=226 ms=167
GROUP n=6 d=1 k=749 order=2304 cyclic=false affine_classes=214 ms=171
GROUP n=6 d=1 k=750 order=73728 cyclic=false affine_classes=641 ms=793
GROUP n=6 d=1 k=751 order=73728 cyclic=false affine_classes=629 ms=800
GROUP n=6 d=1 k=752 order=4608 cyclic=false affine_classes=344 ms=194
GROUP n=6 d=1 k=753 order=4608 cyclic=false affine_classes=296 ms=196
GROUP n=6 d=1 k=754 order=9216 cyclic=false affine_classes=301 ms=325
GROUP n=6 d=1 k=755 order=9216 cyclic=false affine_classes=241 ms=275
GROUP n=6 d=1 k=756 order=576 cyclic=false affine_classes=454 ms=147
GROUP n=6 d=1 k=757 order=576 cyclic=false affine_classes=298 ms=130
GROUP n=6 d=1 k=758 order=4608 cyclic=false affine_classes=350 ms=215
GROUP n=6 d=1 k=759 order=288 cyclic=false affine_classes=434 ms=115
GROUP n=6 d=1 k=760 order=9216 cyclic=false affine_classes=280 ms=185
GROUP n=6 d=1 k=761 order=9216 cyclic=false affine_classes=214 ms=329
GROUP n=6 d=1 k=762 order=576 cyclic=false affine_classes=436 ms=224
GROUP n=6 d=1 k=763 order=576 cyclic=false affine_classes=268 ms=124
GROUP n=6 d=1 k=764 order=18432 cyclic=false affine_classes=464 ms=262
GROUP n=6 d=1 k=765 order=18432 cyclic=false affine_classes=272 ms=243
GROUP n=6 d=1 k=766 order=18432 cyclic=false affine_classes=299 ms=355
GROUP n=6 d=1 k=767 order=18432 cyclic=false affine_classes=275 ms=467
GROUP n=6 d=1 k=768 order=1152 cyclic=false affine_classes=779 ms=185
GROUP n=6 d=1 k=769 order=1152 cyclic=false affine_classes=335 ms=140
GROUP n=6 d=1 k=770 order=1152 cyclic=false affine_classes=377 ms=153
GROUP n=6 d=1 k=771 order=1152 cyclic=false affine_classes=317 ms=145
GROUP n=6 d=1 k=772 order=663552 cyclic=false affine_classes=1960 ms=2191
GROUP n=6 d=1 k=773 order=331776 cyclic=false affine_classes=2720 ms=5275
GROUP n=6 d=1 k=774 order=165888 cyclic=false affine_classes=1408 ms=2569
GROUP n=6 d=1 k=775 order=331776 cyclic=false affine_classes=1088 ms=1444
GROUP n=6 d=1 k=776 order=331776 cyclic=false affine_classes=1040 ms=1495
GROUP n=6 d=1 k=777 order=82944 cyclic=false affine_classes=992 ms=1473
GROUP n=6 d=1 k=778 order=41472 cyclic=false affine_classes=1408 ms=1339
GROUP n=6 d=1 k=779 order=165888 cyclic=false affine_classes=880 ms=973
GROUP n=6 d=1 k=780 order=82944 cyclic=false affine_classes=1088 ms=1037
GROUP n=6 d=1 k=781 order=82944 cyclic=false affine_classes=896 ms=872
GROUP n=6 d=1 k=782 order=82944 cyclic=false affine_classes=728 ms=1287
GROUP n=6 d=1 k=783 order=20736 cyclic=false affine_classes=752 ms=626
GROUP n=6 d=1 k=784 order=165888 cyclic=false affine_classes=580 ms=1189
GROUP n=6 d=1 k=785 order=165888 cyclic=false affine_classes=556 ms=1105
GROUP n=6 d=1 k=786 order=41472 cyclic=false affine_classes=640 ms=550
GROUP n=6 d=1 k=787 order=41472 cyclic=false affine_classes=592 ms=659
GROUP n=6 d=1 k=788 order=20736 cyclic=false affine_classes=400 ms=435
GROUP n=6 d=1 k=789 order=10368 cyclic=false affine_classes=608 ms=421
GROUP n=6 d=1 k=790 order=5184 cyclic=false affine_classes=952 ms=347
GROUP n=6 d=1 k=791 order=41472 cyclic=false affine_classes=416 ms=581
GROUP n=6 d=1 k=792 order=20736 cyclic=false affine_classes=568 ms=446
GROUP n=6 d=1 k=793 order=10368 cyclic=false affine_classes=770 ms=368
GROUP n=6 d=1 k=794 order=10368 cyclic=false affine_classes=602 ms=326
GROUP n=6 d=1 k=795 order=20736 cyclic=false affine_classes=376 ms=428
GROUP n=6 d=1 k=796 order=165888 cyclic=false affine_classes=1900 ms=4642
GROUP n=6 d=1 k=797 order=165888 cyclic=false affine_classes=1372 ms=1396
GROUP n=6 d=1 k=798 order=41472 cyclic=false affine_classes=712 ms=1233
GROUP n=6 d=1 k=799 order=41472 cyclic=false affine_classes=616 ms=559
GROUP n=6 d=1 k=800 order=10368 cyclic=false affine_classes=284 ms=426
GROUP n=6 d=1 k=801 order=10368 cyclic=false affine_classes=236 ms=325
GROUP n=6 d=1 k=802 order=82944 cyclic=false affine_classes=968 ms=2016
GROUP n=6 d=1 k=803 order=82944 cyclic=false affine_classes=704 ms=829
GROUP n=6 d=1 k=804 order=41472 cyclic=false affine_classes=496 ms=921
GROUP n=6 d=1 k=805 order=20736 cyclic=false affine_classes=752 ms=788
GROUP n=6 d=1 k=806 order=20736 cyclic=false affine_classes=704 ms=650
GROUP n=6 d=1 k=807 order=5184 cyclic=false affine_classes=328 ms=284
GROUP n=6 d=1 k=808 order=5184 cyclic=false affine_classes=304 ms=204
GROUP n=6 d=1 k=809 order=10368 cyclic=false affine_classes=400 ms=397
GROUP n=6 d=1 k=810 order=2592 cyclic=false affine_classes=488 ms=218
GROUP n=6 d=1 k=811 order=331776 cyclic=false affine_classes=1550 ms=1743
GROUP n=6 d=1 k=812 order=331776 cyclic=false affine_classes=1022 ms=1650
GROUP n=6 d=1 k=813 order=331776 cyclic=false affine_classes=1250 ms=1626
GROUP n=6 d=1 k=814 order=331776 cyclic=false affine_classes=1010 ms=1400
GROUP n=6 d=1 k=815 order=82944 cyclic=false affine_classes=740 ms=864
GROUP n=6 d=1 k=816 order=82944 cyclic=false affine_classes=572 ms=713
GROUP n=6 d=1 k=817 order=82944 cyclic=false affine_classes=548 ms=754
GROUP n=6 d=1 k=818 order=82944 cyclic=false affine_classes=524 ms=692
GROUP n=6 d=1 k=819 order=20736 cyclic=false affine_classes=343 ms=389
GROUP n=6 d=1 k=820 order=20736 cyclic=false affine_classes=259 ms=419
GROUP n=6 d=1 k=821 order=20736 cyclic=false affine_classes=247 ms=331
GROUP n=6 d=1 k=822 order=20736 cyclic=false affine_classes=235 ms=319
GROUP n=6 d=1 k=823 order=165888 cyclic=false affine_classes=820 ms=1129
GROUP n=6 d=1 k=824 order=165888 cyclic=false affine_classes=544 ms=1065
GROUP n=6 d=1 k=825 order=165888 cyclic=false affine_classes=700 ms=1181
GROUP n=6 d=1 k=826 order=165888 cyclic=false affine_classes=544 ms=957
GROUP n=6 d=1 k=827 order=82944 cyclic=false affine_classes=428 ms=922
GROUP n=6 d=1 k=828 order=82944 cyclic=false affine_classes=368 ms=896
GROUP n=6 d=1 k=829 order=82944 cyclic=false affine_classes=416 ms=899
GROUP n=6 d=1 k=830 order=82944 cyclic=false affine_classes=356 ms=997
GROUP n=6 d=1 k=831 order=41472 cyclic=false affine_classes=640 ms=579
GROUP n=6 d=1 k=832 order=41472 cyclic=false affine_classes=544 ms=534
GROUP n=6 d=1 k=833 order=41472 cyclic=false affine_classes=592 ms=658
GROUP n=6 d=1 k=834 order=41472 cyclic=false affine_classes=544 ms=528
GROUP n=6 d=1 k=835 order=10368 cyclic=false affine_classes=338 ms=281
GROUP n=6 d=1 k=836 order=10368 cyclic=false affine_classes=296 ms=352
GROUP n=6 d=1 k=837 order=10368 cyclic=false affine_classes=314 ms=271
GROUP n=6 d=1 k=838 order=10368 cyclic=false affine_classes=296 ms=279
GROUP n=6 d=1 k=839 order=20736 cyclic=false affine_classes=368 ms=366
GROUP n=6 d=1 k=840 order=20736 cyclic=false affine_classes=344 ms=385
GROUP n=6 d=1 k=841 order=5184 cyclic=false affine_classes=418 ms=228
GROUP n=6 d=1 k=842 order=5184 cyclic=false affine_classes=406 ms=214
GROUP n=6 d=1 k=843 order=20736 cyclic=false affine_classes=344 ms=449
GROUP n=6 d=1 k=844 order=20736 cyclic=false affine_classes=320 ms=372
GROUP n=6 d=1 k=845 order=5184 cyclic=false affine_classes=334 ms=201
GROUP n=6 d=1 k=846 order=5184 cyclic=false affine_classes=322 ms=206
GROUP n=6 d=1 k=847 order=165888 cyclic=false affine_classes=808 ms=1007
GROUP n=6 d=1 k=848 order=165888 cyclic=false affine_classes=688 ms=1258
GROUP n=6 d=1 k=849 order=41472 cyclic=false affine_classes=592 ms=551
GROUP n=6 d=1 k=850 order=41472 cyclic=false affine_classes=544 ms=491
GROUP n=6 d=1 k=851 order=10368 cyclic=false affine_classes=248 ms=332
GROUP n=6 d=1 k=852 order=10368 cyclic=false affine_classes=224 ms=240
GROUP n=6 d=1 k=853 order=82944 cyclic=false affine_classes=2720 ms=5706
GROUP n=6 d=1 k=854 order=82944 cyclic=false affine_classes=784 ms=2905
GROUP n=6 d=1 k=855 order=82944 cyclic=false affine_classes=776 ms=2505
GROUP n=6 d=1 k=856 order=41472 cyclic=false affine_classes=659 ms=2593
GROUP n=6 d=1 k=857 order=41472 cyclic=false affine_classes=631 ms=2745
GROUP n=6 d=1 k=858 order=41472 cyclic=false affine_classes=767 ms=852
GROUP n=6 d=1 k=859 order=41472 cyclic=false affine_classes=1399 ms=1051
GROUP n=6 d=1 k=860 order=41472 cyclic=false affine_classes=643 ms=584
GROUP n=6 d=1 k=861 order=20736 cyclic=false affine_classes=784 ms=1432
GROUP n=6 d=1 k=862 order=20736 cyclic=false affine_classes=288 ms=642
GROUP n=6 d=1 k=863 order=20736 cyclic=false affine_classes=288 ms=579
GROUP n=6 d=1 k=864 order=10368 cyclic=false affine_classes=240 ms=552
GROUP n=6 d=1 k=865 order=10368 cyclic=false affine_classes=228 ms=546
GROUP n=6 d=1 k=866 order=10368 cyclic=false affine_classes=524 ms=1321
GROUP n=6 d=1 k=867 order=10368 cyclic=false affine_classes=192 ms=533
GROUP n=6 d=1 k=868 order=10368 cyclic=false affine_classes=180 ms=525
GROUP n=6 d=1 k=869 order=5184 cyclic=false affine_classes=264 ms=434
GROUP n=6 d=1 k=870 order=2592 cyclic=false affine_classes=180 ms=306
GROUP n=6 d=1 k=871 order=41472 cyclic=false affine_classes=1408 ms=3475
GROUP n=6 d=1 k=872 order=41472 cyclic=false affine_classes=544 ms=585
GROUP n=6 d=1 k=873 order=41472 cyclic=false affine_classes=608 ms=733
GROUP n=6 d=1 k=874 order=20736 cyclic=false affine_classes=482 ms=621
GROUP n=6 d=1 k=875 order=20736 cyclic=false affine_classes=466 ms=561
GROUP n=6 d=1 k=876 order=20736 cyclic=false affine_classes=272 ms=455
GROUP n=6 d=1 k=877 order=20736 cyclic=false affine_classes=704 ms=544
GROUP n=6 d=1 k=878 order=20736 cyclic=false affine_classes=304 ms=558
GROUP n=6 d=1 k=879 order=20736 cyclic=false affine_classes=722 ms=1401
GROUP n=6 d=1 k=880 order=20736 cyclic=false affine_classes=290 ms=368
GROUP n=6 d=1 k=881 order=20736 cyclic=false affine_classes=322 ms=499
GROUP n=6 d=1 k=882 order=10368 cyclic=false affine_classes=250 ms=317
GROUP n=6 d=1 k=883 order=10368 cyclic=false affine_classes=242 ms=412
GROUP n=6 d=1 k=884 order=10368 cyclic=false affine_classes=608 ms=759
GROUP n=6 d=1 k=885 order=10368 cyclic=false affine_classes=384 ms=395
GROUP n=6 d=1 k=886 order=10368 cyclic=false affine_classes=384 ms=511
GROUP n=6 d=1 k=887 order=5184 cyclic=false affine_classes=240 ms=304
GROUP n=6 d=1 k=888 order=5184 cyclic=false affine_classes=216 ms=400
GROUP n=6 d=1 k=889 order=5184 cyclic=false affine_classes=192 ms=195
GROUP n=6 d=1 k=890 order=5184 cyclic=false affine_classes=304 ms=245
GROUP n=6 d=1 k=891 order=5184 cyclic=false affine_classes=288 ms=229
GROUP n=6 d=1 k=892 order=2592 cyclic=false affine_classes=240 ms=244
GROUP n=6 d=1 k=893 order=1296 cyclic=false affine_classes=192 ms=200
GROUP n=6 d=1 k=894 order=5184 cyclic=false affine_classes=328 ms=455
GROUP n=6 d=1 k=895 order=5184 cyclic=false affine_classes=216 ms=209
GROUP n=6 d=1 k=896 order=5184 cyclic=false affine_classes=240 ms=218
GROUP n=6 d=1 k=897 order=2592 cyclic=false affine_classes=168 ms=161
GROUP n=6 d=1 k=898 order=2592 cyclic=false affine_classes=144 ms=148
GROUP n=6 d=1 k=899 order=1296 cyclic=false affine_classes=312 ms=182
GROUP n=6 d=1 k=900 order=165888 cyclic=false affine_classes=1960 ms=1714
GROUP n=6 d=1 k=901 order=165888 cyclic=false affine_classes=728 ms=1030
GROUP n=6 d=1 k=902 order=82944 cyclic=false affine_classes=697 ms=871
GROUP n=6 d=1 k=903 order=82944 cyclic=false affine_classes=637 ms=822
GROUP n=6 d=1 k=904 order=82944 cyclic=false affine_classes=1067 ms=978
GROUP n=6 d=1 k=905 order=82944 cyclic=false affine_classes=2825 ms=4418
GROUP n=6 d=1 k=906 order=82944 cyclic=false affine_classes=475 ms=603
GROUP n=6 d=1 k=907 order=82944 cyclic=false affine_classes=559 ms=849
GROUP n=6 d=1 k=908 order=82944 cyclic=false affine_classes=1037 ms=968
GROUP n=6 d=1 k=909 order=41472 cyclic=false affine_classes=728 ms=751
GROUP n=6 d=1 k=910 order=41472 cyclic=false affine_classes=336 ms=458
GROUP n=6 d=1 k=911 order=20736 cyclic=false affine_classes=312 ms=400
GROUP n=6 d=1 k=912 order=20736 cyclic=false affine_classes=475 ms=491
GROUP n=6 d=1 k=913 order=20736 cyclic=false affine_classes=240 ms=362
GROUP n=6 d=1 k=914 order=20736 cyclic=false affine_classes=799 ms=1253
GROUP n=6 d=1 k=915 order=20736 cyclic=false affine_classes=216 ms=420
GROUP n=6 d=1 k=916 order=20736 cyclic=false affine_classes=451 ms=400
GROUP n=6 d=1 k=917 order=20736 cyclic=false affine_classes=192 ms=287
GROUP n=6 d=1 k=918 order=10368 cyclic=false affine_classes=312 ms=371
GROUP n=6 d=1 k=919 order=5184 cyclic=false affine_classes=207 ms=202
GROUP n=6 d=1 k=920 order=5184 cyclic=false affine_classes=267 ms=340
GROUP n=6 d=1 k=921 order=5184 cyclic=false affine_classes=183 ms=194
GROUP n=6 d=1 k=922 order=82944 cyclic=false affine_classes=1088 ms=991
GROUP n=6 d=1 k=923 order=82944 cyclic=false affine_classes=568 ms=842
GROUP n=6 d=1 k=924 order=41472 cyclic=false affine_classes=446 ms=674
GROUP n=6 d=1 k=925 order=41472 cyclic=false affine_classes=296 ms=642
GROUP n=6 d=1 k=926 order=41472 cyclic=false affine_classes=544 ms=597
GROUP n=6 d=1 k=927 order=41472 cyclic=false affine_classes=1510 ms=3502
GROUP n=6 d=1 k=928 order=41472 cyclic=false affine_classes=386 ms=495
GROUP n=6 d=1 k=929 order=41472 cyclic=false affine_classes=296 ms=495
GROUP n=6 d=1 k=930 order=41472 cyclic=false affine_classes=544 ms=664
GROUP n=6 d=1 k=931 order=41472 cyclic=false affine_classes=562 ms=769
GROUP n=6 d=1 k=932 order=41472 cyclic=false affine_classes=302 ms=550
GROUP n=6 d=1 k=933 order=20736 cyclic=false affine_classes=238 ms=458
GROUP n=6 d=1 k=934 order=20736 cyclic=false affine_classes=764 ms=1351
GROUP n=6 d=1 k=935 order=20736 cyclic=false affine_classes=208 ms=258
GROUP n=6 d=1 k=936 order=41472 cyclic=false affine_classes=550 ms=665
GROUP n=6 d=1 k=937 order=41472 cyclic=false affine_classes=290 ms=564
GROUP n=6 d=1 k=938 order=20736 cyclic=false affine_classes=232 ms=562
GROUP n=6 d=1 k=939 order=20736 cyclic=false affine_classes=758 ms=705
GROUP n=6 d=1 k=940 order=20736 cyclic=false affine_classes=202 ms=263
GROUP n=6 d=1 k=941 order=20736 cyclic=false affine_classes=568 ms=455
GROUP n=6 d=1 k=942 order=20736 cyclic=false affine_classes=384 ms=412
GROUP n=6 d=1 k=943 order=10368 cyclic=false affine_classes=264 ms=377
GROUP n=6 d=1 k=944 order=10368 cyclic=false affine_classes=192 ms=259
GROUP n=6 d=1 k=945 order=10368 cyclic=false affine_classes=296 ms=270
GROUP n=6 d=1 k=946 order=10368 cyclic=false affine_classes=602 ms=719
GROUP n=6 d=1 k=947 order=10368 cyclic=false affine_classes=216 ms=265
GROUP n=6 d=1 k=948 order=10368 cyclic=false affine_classes=192 ms=254
GROUP n=6 d=1 k=949 order=10368 cyclic=false affine_classes=296 ms=272
GROUP n=6 d=1 k=950 order=5184 cyclic=false affine_classes=288 ms=300
GROUP n=6 d=1 k=951 order=2592 cyclic=false affine_classes=192 ms=151
GROUP n=6 d=1 k=952 order=2592 cyclic=false affine_classes=234 ms=242
GROUP n=6 d=1 k=953 order=2592 cyclic=false affine_classes=192 ms=161
GROUP n=6 d=1 k=954 order=10368 cyclic=false affine_classes=338 ms=283
GROUP n=6 d=1 k=955 order=10368 cyclic=false affine_classes=264 ms=291
GROUP n=6 d=1 k=956 order=5184 cyclic=false affine_classes=168 ms=189
GROUP n=6 d=1 k=957 order=5184 cyclic=false affine_classes=334 ms=425
GROUP n=6 d=1 k=958 order=5184 cyclic=false affine_classes=144 ms=167
GROUP n=6 d=1 k=959 order=2592 cyclic=false affine_classes=330 ms=186
GROUP n=6 d=1 k=960 order=1296 cyclic=false affine_classes=270 ms=179
GROUP n=6 d=1 k=961 order=10368 cyclic=false affine_classes=314 ms=328
GROUP n=6 d=1 k=962 order=10368 cyclic=false affine_classes=216 ms=281
GROUP n=6 d=1 k=963 order=5184 cyclic=false affine_classes=144 ms=208
GROUP n=6 d=1 k=964 order=5184 cyclic=false affine_classes=322 ms=368
GROUP n=6 d=1 k=965 order=5184 cyclic=false affine_classes=120 ms=162
GROUP n=6 d=1 k=966 order=2592 cyclic=false affine_classes=234 ms=158
GROUP n=6 d=1 k=967 order=1296 cyclic=false affine_classes=210 ms=159
GROUP n=6 d=1 k=968 order=82944 cyclic=false affine_classes=1040 ms=888
GROUP n=6 d=1 k=969 order=82944 cyclic=false affine_classes=472 ms=716
GROUP n=6 d=1 k=970 order=41472 cyclic=false affine_classes=431 ms=638
GROUP n=6 d=1 k=971 order=41472 cyclic=false affine_classes=1507 ms=1212
GROUP n=6 d=1 k=972 order=41472 cyclic=false affine_classes=371 ms=657
GROUP n=6 d=1 k=973 order=20736 cyclic=false affine_classes=472 ms=427
GROUP n=6 d=1 k=974 order=20736 cyclic=false affine_classes=288 ms=320
GROUP n=6 d=1 k=975 order=10368 cyclic=false affine_classes=216 ms=249
GROUP n=6 d=1 k=976 order=10368 cyclic=false affine_classes=560 ms=1399
GROUP n=6 d=1 k=977 order=10368 cyclic=false affine_classes=216 ms=249
GROUP n=6 d=1 k=978 order=5184 cyclic=false affine_classes=192 ms=219
GROUP n=6 d=1 k=979 order=2592 cyclic=false affine_classes=192 ms=187
GROUP n=6 d=1 k=980 order=1296 cyclic=false affine_classes=134 ms=180
GROUP n=6 d=1 k=981 order=648 cyclic=false affine_classes=109 ms=135
GROUP n=6 d=1 k=982 order=2592 cyclic=false affine_classes=284 ms=184
GROUP n=6 d=1 k=983 order=2592 cyclic=false affine_classes=196 ms=264
GROUP n=6 d=1 k=984 order=648 cyclic=false affine_classes=148 ms=138
GROUP n=6 d=1 k=985 order=1296 cyclic=false affine_classes=166 ms=134
GROUP n=6 d=1 k=986 order=1296 cyclic=false affine_classes=158 ms=140
GROUP n=6 d=1 k=987 order=1296 cyclic=false affine_classes=148 ms=143
GROUP n=6 d=1 k=988 order=1296 cyclic=false affine_classes=140 ms=138
GROUP n=6 d=1 k=989 order=324 cyclic=false affine_classes=140 ms=118
GROUP n=6 d=1 k=990 order=1296 cyclic=false affine_classes=466 ms=159
GROUP n=6 d=1 k=991 order=1296 cyclic=false affine_classes=290 ms=151
GROUP n=6 d=1 k=992 order=324 cyclic=false affine_classes=218 ms=111
GROUP n=6 d=1 k=993 order=648 cyclic=false affine_classes=254 ms=107
GROUP n=6 d=1 k=994 order=648 cyclic=false affine_classes=238 ms=107
GROUP n=6 d=1 k=995 order=2592 cyclic=false affine_classes=169 ms=163
GROUP n=6 d=1 k=996 order=1296 cyclic=false affine_classes=122 ms=129
GROUP n=6 d=1 k=997 order=1296 cyclic=false affine_classes=134 ms=175
GROUP n=6 d=1 k=998 order=1296 cyclic=false affine_classes=110 ms=124
GROUP n=6 d=1 k=999 order=5184 cyclic=false affine_classes=298 ms=301
GROUP n=6 d=1 k=1000 order=1296 cyclic=false affine_classes=182 ms=145
GROUP n=6 d=1 k=1001 order=2592 cyclic=false affine_classes=188 ms=164
GROUP n=6 d=1 k=1002 order=2592 cyclic=false affine_classes=170 ms=167
GROUP n=6 d=1 k=1003 order=648 cyclic=false affine_classes=142 ms=104
GROUP n=6 d=1 k=1004 order=2592 cyclic=false affine_classes=176 ms=176
GROUP n=6 d=1 k=1005 order=648 cyclic=false affine_classes=148 ms=123
GROUP n=6 d=1 k=1006 order=2592 cyclic=false affine_classes=158 ms=171
GROUP n=6 d=1 k=1007 order=648 cyclic=false affine_classes=130 ms=95
GROUP n=6 d=1 k=1008 order=2592 cyclic=false affine_classes=446 ms=201
GROUP n=6 d=1 k=1009 order=648 cyclic=false affine_classes=262 ms=116
GROUP n=6 d=1 k=1010 order=1296 cyclic=false affine_classes=268 ms=146
GROUP n=6 d=1 k=1011 order=1296 cyclic=false affine_classes=250 ms=141
GROUP n=6 d=1 k=1012 order=324 cyclic=false affine_classes=218 ms=99
GROUP n=6 d=1 k=1013 order=2592 cyclic=false affine_classes=278 ms=185
GROUP n=6 d=1 k=1014 order=1296 cyclic=false affine_classes=154 ms=143
GROUP n=6 d=1 k=1015 order=1296 cyclic=false affine_classes=160 ms=140
GROUP n=6 d=1 k=1016 order=324 cyclic=false affine_classes=140 ms=177
GROUP n=6 d=1 k=1017 order=5184 cyclic=false affine_classes=134 ms=185
GROUP n=6 d=1 k=1018 order=1296 cyclic=false affine_classes=110 ms=142
GROUP n=6 d=1 k=1019 order=2592 cyclic=false affine_classes=121 ms=149
GROUP n=6 d=1 k=1020 order=2592 cyclic=false affine_classes=109 ms=157
GROUP n=6 d=1 k=1021 order=648 cyclic=false affine_classes=109 ms=117
GROUP n=6 d=1 k=1022 order=10368 cyclic=false affine_classes=379 ms=687
GROUP n=6 d=1 k=1023 order=10368 cyclic=false affine_classes=179 ms=295
GROUP n=6 d=1 k=1024 order=5184 cyclic=false affine_classes=139 ms=325
GROUP n=6 d=1 k=1025 order=10368 cyclic=false affine_classes=400 ms=338
GROUP n=6 d=1 k=1026 order=2592 cyclic=false affine_classes=188 ms=224
GROUP n=6 d=1 k=1027 order=2592 cyclic=false affine_classes=132 ms=186
GROUP n=6 d=1 k=1028 order=2592 cyclic=false affine_classes=144 ms=188
GROUP n=6 d=1 k=1029 order=5184 cyclic=false affine_classes=224 ms=226
GROUP n=6 d=1 k=1030 order=1296 cyclic=false affine_classes=108 ms=126
GROUP n=6 d=1 k=1031 order=1296 cyclic=false affine_classes=96 ms=200
GROUP n=6 d=1 k=1032 order=2592 cyclic=false affine_classes=524 ms=214
GROUP n=6 d=1 k=1033 order=648 cyclic=false affine_classes=767 ms=159
GROUP n=6 d=1 k=1034 order=648 cyclic=false affine_classes=263 ms=107
GROUP n=6 d=1 k=1035 order=648 cyclic=false affine_classes=211 ms=117
GROUP n=6 d=1 k=1036 order=648 cyclic=false affine_classes=204 ms=114
GROUP n=6 d=1 k=1037 order=162 cyclic=false affine_classes=319 ms=95
GROUP n=6 d=1 k=1038 order=1296 cyclic=false affine_classes=292 ms=138
GROUP n=6 d=1 k=1039 order=324 cyclic=false affine_classes=409 ms=109
GROUP n=6 d=1 k=1040 order=324 cyclic=false affine_classes=197 ms=82
GROUP n=6 d=1 k=1041 order=20736 cyclic=false affine_classes=299 ms=493
GROUP n=6 d=1 k=1042 order=20736 cyclic=false affine_classes=287 ms=372
GROUP n=6 d=1 k=1043 order=20736 cyclic=false affine_classes=169 ms=368
GROUP n=6 d=1 k=1044 order=20736 cyclic=false affine_classes=157 ms=411
GROUP n=6 d=1 k=1045 order=10368 cyclic=false affine_classes=137 ms=272
GROUP n=6 d=1 k=1046 order=10368 cyclic=false affine_classes=125 ms=286
GROUP n=6 d=1 k=1047 order=10368 cyclic=false affine_classes=394 ms=1417
GROUP n=6 d=1 k=1048 order=10368 cyclic=false affine_classes=116 ms=174
GROUP n=6 d=1 k=1049 order=20736 cyclic=false affine_classes=356 ms=373
GROUP n=6 d=1 k=1050 order=20736 cyclic=false affine_classes=332 ms=453
GROUP n=6 d=1 k=1051 order=5184 cyclic=false affine_classes=199 ms=192
GROUP n=6 d=1 k=1052 order=5184 cyclic=false affine_classes=175 ms=188
GROUP n=6 d=1 k=1053 order=5184 cyclic=false affine_classes=168 ms=182
GROUP n=6 d=1 k=1054 order=5184 cyclic=false affine_classes=144 ms=203
GROUP n=6 d=1 k=1055 order=10368 cyclic=false affine_classes=220 ms=232
GROUP n=6 d=1 k=1056 order=10368 cyclic=false affine_classes=196 ms=219
GROUP n=6 d=1 k=1057 order=2592 cyclic=false affine_classes=120 ms=166
GROUP n=6 d=1 k=1058 order=2592 cyclic=false affine_classes=96 ms=155
GROUP n=6 d=1 k=1059 order=10368 cyclic=false affine_classes=196 ms=297
GROUP n=6 d=1 k=1060 order=2592 cyclic=false affine_classes=185 ms=200
GROUP n=6 d=1 k=1061 order=2592 cyclic=false affine_classes=96 ms=117
GROUP n=6 d=1 k=1062 order=5184 cyclic=false affine_classes=475 ms=231
GROUP n=6 d=1 k=1063 order=5184 cyclic=false affine_classes=427 ms=209
GROUP n=6 d=1 k=1064 order=1296 cyclic=false affine_classes=637 ms=185
GROUP n=6 d=1 k=1065 order=1296 cyclic=false affine_classes=289 ms=130
GROUP n=6 d=1 k=1066 order=1296 cyclic=false affine_classes=481 ms=164
GROUP n=6 d=1 k=1067 order=1296 cyclic=false affine_classes=253 ms=131
GROUP n=6 d=1 k=1068 order=1296 cyclic=false affine_classes=243 ms=136
GROUP n=6 d=1 k=1069 order=1296 cyclic=false affine_classes=195 ms=129
GROUP n=6 d=1 k=1070 order=324 cyclic=false affine_classes=329 ms=105
GROUP n=6 d=1 k=1071 order=324 cyclic=false affine_classes=233 ms=94
GROUP n=6 d=1 k=1072 order=2592 cyclic=false affine_classes=299 ms=231
GROUP n=6 d=1 k=1073 order=2592 cyclic=false affine_classes=251 ms=154
GROUP n=6 d=1 k=1074 order=648 cyclic=false affine_classes=374 ms=117
GROUP n=6 d=1 k=1075 order=648 cyclic=false affine_classes=278 ms=106
GROUP n=6 d=1 k=1076 order=2592 cyclic=false affine_classes=269 ms=150
GROUP n=6 d=1 k=1077 order=648 cyclic=false affine_classes=347 ms=117
GROUP n=6 d=1 k=1078 order=648 cyclic=false affine_classes=287 ms=98
GROUP n=6 d=1 k=1079 order=648 cyclic=false affine_classes=189 ms=107
GROUP n=6 d=1 k=1080 order=162 cyclic=false affine_classes=319 ms=87
GROUP n=6 d=1 k=1081 order=9216 cyclic=false affine_classes=420 ms=715
GROUP n=6 d=1 k=1082 order=27648 cyclic=false affine_classes=987 ms=2227
GROUP n=6 d=1 k=1083 order=4608 cyclic=false affine_classes=255 ms=601
GROUP n=6 d=1 k=1084 order=13824 cyclic=false affine_classes=537 ms=790
GROUP n=6 d=1 k=1085 order=2304 cyclic=false affine_classes=216 ms=276
GROUP n=6 d=1 k=1086 order=6912 cyclic=false affine_classes=348 ms=577
GROUP n=6 d=1 k=1087 order=1152 cyclic=false affine_classes=156 ms=229
GROUP n=6 d=1 k=1088 order=3456 cyclic=false affine_classes=228 ms=488
GROUP n=6 d=1 k=1089 order=576 cyclic=false affine_classes=144 ms=157
GROUP n=6 d=1 k=1090 order=1728 cyclic=false affine_classes=156 ms=223
GROUP n=6 d=1 k=1091 order=432 cyclic=false affine_classes=123 ms=130
GROUP n=6 d=1 k=1092 order=288 cyclic=false affine_classes=132 ms=124
GROUP n=6 d=1 k=1093 order=864 cyclic=false affine_classes=108 ms=179
GROUP n=6 d=1 k=1094 order=216 cyclic=false affine_classes=123 ms=107
GROUP n=6 d=1 k=1095 order=4608 cyclic=false affine_classes=264 ms=445
GROUP n=6 d=1 k=1096 order=13824 cyclic=false affine_classes=546 ms=941
GROUP n=6 d=1 k=1097 order=2304 cyclic=false affine_classes=144 ms=365
GROUP n=6 d=1 k=1098 order=6912 cyclic=false affine_classes=282 ms=383
GROUP n=6 d=1 k=1099 order=2304 cyclic=false affine_classes=162 ms=233
GROUP n=6 d=1 k=1100 order=6912 cyclic=false affine_classes=300 ms=530
GROUP n=6 d=1 k=1101 order=1152 cyclic=false affine_classes=123 ms=181
GROUP n=6 d=1 k=1102 order=3456 cyclic=false affine_classes=186 ms=432
GROUP n=6 d=1 k=1103 order=1152 cyclic=false affine_classes=240 ms=218
GROUP n=6 d=1 k=1104 order=3456 cyclic=false affine_classes=312 ms=340
GROUP n=6 d=1 k=1105 order=576 cyclic=false affine_classes=144 ms=168
GROUP n=6 d=1 k=1106 order=1728 cyclic=false affine_classes=168 ms=184
GROUP n=6 d=1 k=1107 order=288 cyclic=false affine_classes=192 ms=135
GROUP n=6 d=1 k=1108 order=864 cyclic=false affine_classes=168 ms=179
GROUP n=6 d=1 k=1109 order=216 cyclic=false affine_classes=162 ms=187
GROUP n=6 d=1 k=1110 order=144 cyclic=false affine_classes=192 ms=103
GROUP n=6 d=1 k=1111 order=432 cyclic=false affine_classes=120 ms=131
GROUP n=6 d=1 k=1112 order=108 cyclic=false affine_classes=186 ms=95
GROUP n=6 d=1 k=1113 order=576 cyclic=false affine_classes=168 ms=143
GROUP n=6 d=1 k=1114 order=1728 cyclic=false affine_classes=192 ms=210
GROUP n=6 d=1 k=1115 order=288 cyclic=false affine_classes=156 ms=109
GROUP n=6 d=1 k=1116 order=864 cyclic=false affine_classes=144 ms=167
GROUP n=6 d=1 k=1117 order=144 cyclic=false affine_classes=312 ms=119
GROUP n=6 d=1 k=1118 order=432 cyclic=false affine_classes=240 ms=133
GROUP n=6 d=1 k=1119 order=72 cyclic=false affine_classes=348 ms=102
GROUP n=6 d=1 k=1120 order=216 cyclic=false affine_classes=216 ms=103
GROUP n=6 d=1 k=1121 order=108 cyclic=false affine_classes=264 ms=106
GROUP n=6 d=1 k=1122 order=54 cyclic=false affine_classes=420 ms=100
GROUP n=6 d=1 k=1123 order=18432 cyclic=false affine_classes=447 ms=669
GROUP n=6 d=1 k=1124 order=55296 cyclic=false affine_classes=783 ms=935
GROUP n=6 d=1 k=1125 order=9216 cyclic=false affine_classes=282 ms=448
GROUP n=6 d=1 k=1126 order=27648 cyclic=false affine_classes=477 ms=696
GROUP n=6 d=1 k=1127 order=9216 cyclic=false affine_classes=420 ms=695
GROUP n=6 d=1 k=1128 order=9216 cyclic=false affine_classes=416 ms=370
GROUP n=6 d=1 k=1129 order=27648 cyclic=false affine_classes=1092 ms=1928
GROUP n=6 d=1 k=1130 order=27648 cyclic=false affine_classes=1088 ms=789
GROUP n=6 d=1 k=1131 order=9216 cyclic=false affine_classes=252 ms=396
GROUP n=6 d=1 k=1132 order=27648 cyclic=false affine_classes=444 ms=652
GROUP n=6 d=1 k=1133 order=4608 cyclic=false affine_classes=270 ms=327
GROUP n=6 d=1 k=1134 order=13824 cyclic=false affine_classes=351 ms=467
GROUP n=6 d=1 k=1135 order=2304 cyclic=false affine_classes=189 ms=350
GROUP n=6 d=1 k=1136 order=6912 cyclic=false affine_classes=237 ms=318
GROUP n=6 d=1 k=1137 order=2304 cyclic=false affine_classes=201 ms=247
GROUP n=6 d=1 k=1138 order=2304 cyclic=false affine_classes=197 ms=189
GROUP n=6 d=1 k=1139 order=6912 cyclic=false affine_classes=363 ms=553
GROUP n=6 d=1 k=1140 order=6912 cyclic=false affine_classes=359 ms=302
GROUP n=6 d=1 k=1141 order=2304 cyclic=false affine_classes=165 ms=246
GROUP n=6 d=1 k=1142 order=6912 cyclic=false affine_classes=219 ms=288
GROUP n=6 d=1 k=1143 order=1152 cyclic=false affine_classes=174 ms=291
GROUP n=6 d=1 k=1144 order=3456 cyclic=false affine_classes=183 ms=222
GROUP n=6 d=1 k=1145 order=864 cyclic=false affine_classes=135 ms=134
GROUP n=6 d=1 k=1146 order=576 cyclic=false affine_classes=129 ms=171
GROUP n=6 d=1 k=1147 order=1728 cyclic=false affine_classes=129 ms=172
GROUP n=6 d=1 k=1148 order=432 cyclic=false affine_classes=126 ms=109
GROUP n=6 d=1 k=1149 order=576 cyclic=false affine_classes=141 ms=138
GROUP n=6 d=1 k=1150 order=576 cyclic=false affine_classes=137 ms=123
GROUP n=6 d=1 k=1151 order=1728 cyclic=false affine_classes=159 ms=216
GROUP n=6 d=1 k=1152 order=1728 cyclic=false affine_classes=155 ms=177
GROUP n=6 d=1 k=1153 order=432 cyclic=false affine_classes=119 ms=120
GROUP n=6 d=1 k=1154 order=576 cyclic=false affine_classes=129 ms=170
GROUP n=6 d=1 k=1155 order=1728 cyclic=false affine_classes=111 ms=243
GROUP n=6 d=1 k=1156 order=432 cyclic=false affine_classes=99 ms=103
GROUP n=6 d=1 k=1157 order=9216 cyclic=false affine_classes=306 ms=445
GROUP n=6 d=1 k=1158 order=27648 cyclic=false affine_classes=498 ms=704
GROUP n=6 d=1 k=1159 order=4608 cyclic=false affine_classes=162 ms=350
GROUP n=6 d=1 k=1160 order=13824 cyclic=false affine_classes=258 ms=516
GROUP n=6 d=1 k=1161 order=4608 cyclic=false affine_classes=264 ms=371
GROUP n=6 d=1 k=1162 order=4608 cyclic=false affine_classes=256 ms=254
GROUP n=6 d=1 k=1163 order=13824 cyclic=false affine_classes=648 ms=1029
GROUP n=6 d=1 k=1164 order=13824 cyclic=false affine_classes=640 ms=473
GROUP n=6 d=1 k=1165 order=4608 cyclic=false affine_classes=162 ms=306
GROUP n=6 d=1 k=1166 order=13824 cyclic=false affine_classes=252 ms=486
GROUP n=6 d=1 k=1167 order=4608 cyclic=false affine_classes=186 ms=329
GROUP n=6 d=1 k=1168 order=13824 cyclic=false affine_classes=276 ms=488
GROUP n=6 d=1 k=1169 order=2304 cyclic=false affine_classes=135 ms=182
GROUP n=6 d=1 k=1170 order=6912 cyclic=false affine_classes=174 ms=298
GROUP n=6 d=1 k=1171 order=2304 cyclic=false affine_classes=111 ms=215
GROUP n=6 d=1 k=1172 order=6912 cyclic=false affine_classes=150 ms=390
GROUP n=6 d=1 k=1173 order=2304 cyclic=false affine_classes=162 ms=214
GROUP n=6 d=1 k=1174 order=2304 cyclic=false affine_classes=146 ms=167
GROUP n=6 d=1 k=1175 order=6912 cyclic=false affine_classes=342 ms=420
GROUP n=6 d=1 k=1176 order=6912 cyclic=false affine_classes=326 ms=361
GROUP n=6 d=1 k=1177 order=1152 cyclic=false affine_classes=123 ms=185
GROUP n=6 d=1 k=1178 order=1152 cyclic=false affine_classes=91 ms=124
GROUP n=6 d=1 k=1179 order=3456 cyclic=false affine_classes=201 ms=348
GROUP n=6 d=1 k=1180 order=3456 cyclic=false affine_classes=169 ms=167
GROUP n=6 d=1 k=1181 order=4608 cyclic=false affine_classes=162 ms=312
GROUP n=6 d=1 k=1182 order=13824 cyclic=false affine_classes=258 ms=477
GROUP n=6 d=1 k=1183 order=2304 cyclic=false affine_classes=144 ms=271
GROUP n=6 d=1 k=1184 order=2304 cyclic=false affine_classes=128 ms=264
GROUP n=6 d=1 k=1185 order=6912 cyclic=false affine_classes=336 ms=471
GROUP n=6 d=1 k=1186 order=6912 cyclic=false affine_classes=320 ms=400
GROUP n=6 d=1 k=1187 order=2304 cyclic=false affine_classes=276 ms=275
GROUP n=6 d=1 k=1188 order=6912 cyclic=false affine_classes=330 ms=391
GROUP n=6 d=1 k=1189 order=1152 cyclic=false affine_classes=156 ms=179
GROUP n=6 d=1 k=1190 order=3456 cyclic=false affine_classes=186 ms=220
GROUP n=6 d=1 k=1191 order=1152 cyclic=false affine_classes=198 ms=191
GROUP n=6 d=1 k=1192 order=1152 cyclic=false affine_classes=190 ms=158
GROUP n=6 d=1 k=1193 order=3456 cyclic=false affine_classes=306 ms=315
GROUP n=6 d=1 k=1194 order=3456 cyclic=false affine_classes=298 ms=227
GROUP n=6 d=1 k=1195 order=1152 cyclic=false affine_classes=156 ms=184
GROUP n=6 d=1 k=1196 order=3456 cyclic=false affine_classes=174 ms=291
GROUP n=6 d=1 k=1197 order=576 cyclic=false affine_classes=228 ms=173
GROUP n=6 d=1 k=1198 order=1728 cyclic=false affine_classes=210 ms=181
GROUP n=6 d=1 k=1199 order=432 cyclic=false affine_classes=186 ms=114
GROUP n=6 d=1 k=1200 order=288 cyclic=false affine_classes=180 ms=122
GROUP n=6 d=1 k=1201 order=864 cyclic=false affine_classes=138 ms=131
GROUP n=6 d=1 k=1202 order=216 cyclic=false affine_classes=186 ms=99
GROUP n=6 d=1 k=1203 order=288 cyclic=false affine_classes=198 ms=113
GROUP n=6 d=1 k=1204 order=288 cyclic=false affine_classes=190 ms=109
GROUP n=6 d=1 k=1205 order=864 cyclic=false affine_classes=162 ms=165
GROUP n=6 d=1 k=1206 order=864 cyclic=false affine_classes=154 ms=146
GROUP n=6 d=1 k=1207 order=216 cyclic=false affine_classes=154 ms=97
GROUP n=6 d=1 k=1208 order=288 cyclic=false affine_classes=180 ms=123
GROUP n=6 d=1 k=1209 order=864 cyclic=false affine_classes=126 ms=136
GROUP n=6 d=1 k=1210 order=216 cyclic=false affine_classes=144 ms=97
GROUP n=6 d=1 k=1211 order=1152 cyclic=false affine_classes=210 ms=194
GROUP n=6 d=1 k=1212 order=3456 cyclic=false affine_classes=228 ms=294
GROUP n=6 d=1 k=1213 order=576 cyclic=false affine_classes=183 ms=134
GROUP n=6 d=1 k=1214 order=1728 cyclic=false affine_classes=174 ms=160
GROUP n=6 d=1 k=1215 order=576 cyclic=false affine_classes=135 ms=144
GROUP n=6 d=1 k=1216 order=1728 cyclic=false affine_classes=126 ms=150
GROUP n=6 d=1 k=1217 order=576 cyclic=false affine_classes=162 ms=143
GROUP n=6 d=1 k=1218 order=576 cyclic=false affine_classes=146 ms=110
GROUP n=6 d=1 k=1219 order=1728 cyclic=false affine_classes=198 ms=211
GROUP n=6 d=1 k=1220 order=1728 cyclic=false affine_classes=182 ms=158
GROUP n=6 d=1 k=1221 order=288 cyclic=false affine_classes=159 ms=96
GROUP n=6 d=1 k=1222 order=288 cyclic=false affine_classes=127 ms=94
GROUP n=6 d=1 k=1223 order=864 cyclic=false affine_classes=141 ms=151
GROUP n=6 d=1 k=1224 order=864 cyclic=false affine_classes=109 ms=106
GROUP n=6 d=1 k=1225 order=288 cyclic=false affine_classes=330 ms=140
GROUP n=6 d=1 k=1226 order=864 cyclic=false affine_classes=276 ms=234
GROUP n=6 d=1 k=1227 order=144 cyclic=false affine_classes=351 ms=116
GROUP n=6 d=1 k=1228 order=432 cyclic=false affine_classes=270 ms=106
GROUP n=6 d=1 k=1229 order=144 cyclic=false affine_classes=255 ms=110
GROUP n=6 d=1 k=1230 order=432 cyclic=false affine_classes=174 ms=98
GROUP n=6 d=1 k=1231 order=216 cyclic=false affine_classes=306 ms=110
GROUP n=6 d=1 k=1232 order=108 cyclic=false affine_classes=447 ms=106
GROUP n=6 d=1 k=1233 order=108 cyclic=false affine_classes=267 ms=97
GROUP n=6 d=1 k=1234 order=144 cyclic=false affine_classes=306 ms=113
GROUP n=6 d=1 k=1235 order=144 cyclic=false affine_classes=290 ms=97
GROUP n=6 d=1 k=1236 order=432 cyclic=false affine_classes=198 ms=125
GROUP n=6 d=1 k=1237 order=432 cyclic=false affine_classes=182 ms=111
GROUP n=6 d=1 k=1238 order=72 cyclic=false affine_classes=363 ms=95
GROUP n=6 d=1 k=1239 order=72 cyclic=false affine_classes=331 ms=89
GROUP n=6 d=1 k=1240 order=216 cyclic=false affine_classes=201 ms=100
GROUP n=6 d=1 k=1241 order=216 cyclic=false affine_classes=169 ms=91
GROUP n=6 d=1 k=1242 order=108 cyclic=false affine_classes=248 ms=90
GROUP n=6 d=1 k=1243 order=54 cyclic=false affine_classes=388 ms=82
GROUP n=6 d=1 k=1244 order=1152 cyclic=false affine_classes=162 ms=193
GROUP n=6 d=1 k=1245 order=3456 cyclic=false affine_classes=192 ms=286
GROUP n=6 d=1 k=1246 order=576 cyclic=false affine_classes=126 ms=146
GROUP n=6 d=1 k=1247 order=576 cyclic=false affine_classes=110 ms=137
GROUP n=6 d=1 k=1248 order=1728 cyclic=false affine_classes=186 ms=182
GROUP n=6 d=1 k=1249 order=1728 cyclic=false affine_classes=170 ms=212
GROUP n=6 d=1 k=1250 order=288 cyclic=false affine_classes=210 ms=121
GROUP n=6 d=1 k=1251 order=864 cyclic=false affine_classes=168 ms=132
GROUP n=6 d=1 k=1252 order=144 cyclic=false affine_classes=222 ms=102
GROUP n=6 d=1 k=1253 order=144 cyclic=false affine_classes=206 ms=93
GROUP n=6 d=1 k=1254 order=432 cyclic=false affine_classes=138 ms=100
GROUP n=6 d=1 k=1255 order=432 cyclic=false affine_classes=122 ms=102
GROUP n=6 d=1 k=1256 order=108 cyclic=false affine_classes=170 ms=98
GROUP n=6 d=1 k=1257 order=9216 cyclic=false affine_classes=252 ms=375
GROUP n=6 d=1 k=1258 order=27648 cyclic=false affine_classes=447 ms=625
GROUP n=6 d=1 k=1259 order=4608 cyclic=false affine_classes=255 ms=383
GROUP n=6 d=1 k=1260 order=4608 cyclic=false affine_classes=247 ms=431
GROUP n=6 d=1 k=1261 order=13824 cyclic=false affine_classes=645 ms=602
GROUP n=6 d=1 k=1262 order=13824 cyclic=false affine_classes=637 ms=706
GROUP n=6 d=1 k=1263 order=2304 cyclic=false affine_classes=192 ms=211
GROUP n=6 d=1 k=1264 order=6912 cyclic=false affine_classes=240 ms=378
GROUP n=6 d=1 k=1265 order=1152 cyclic=false affine_classes=168 ms=202
GROUP n=6 d=1 k=1266 order=1152 cyclic=false affine_classes=160 ms=156
GROUP n=6 d=1 k=1267 order=3456 cyclic=false affine_classes=264 ms=398
GROUP n=6 d=1 k=1268 order=3456 cyclic=false affine_classes=256 ms=313
GROUP n=6 d=1 k=1269 order=576 cyclic=false affine_classes=120 ms=126
GROUP n=6 d=1 k=1270 order=1728 cyclic=false affine_classes=120 ms=167
GROUP n=6 d=1 k=1271 order=288 cyclic=false affine_classes=120 ms=109
GROUP n=6 d=1 k=1272 order=288 cyclic=false affine_classes=112 ms=109
GROUP n=6 d=1 k=1273 order=864 cyclic=false affine_classes=120 ms=143
GROUP n=6 d=1 k=1274 order=864 cyclic=false affine_classes=112 ms=142
GROUP n=6 d=1 k=1275 order=216 cyclic=false affine_classes=115 ms=99
GROUP n=6 d=1 k=1276 order=5308416 cyclic=false affine_classes=1960 ms=2203
GROUP n=6 d=1 k=1277 order=2654208 cyclic=false affine_classes=2720 ms=6675
GROUP n=6 d=1 k=1278 order=1327104 cyclic=false affine_classes=1408 ms=5038
GROUP n=6 d=1 k=1279 order=2654208 cyclic=false affine_classes=1088 ms=1394
GROUP n=6 d=1 k=1280 order=2654208 cyclic=false affine_classes=1040 ms=1389
GROUP n=6 d=1 k=1281 order=663552 cyclic=false affine_classes=992 ms=6862
GROUP n=6 d=1 k=1282 order=331776 cyclic=false affine_classes=1408 ms=6383
GROUP n=6 d=1 k=1283 order=1327104 cyclic=false affine_classes=880 ms=1249
GROUP n=6 d=1 k=1284 order=663552 cyclic=false affine_classes=1088 ms=1209
GROUP n=6 d=1 k=1285 order=663552 cyclic=false affine_classes=896 ms=1170
GROUP n=6 d=1 k=1286 order=73728 cyclic=false affine_classes=576 ms=868
GROUP n=6 d=1 k=1287 order=221184 cyclic=false affine_classes=576 ms=2013
GROUP n=6 d=1 k=1288 order=36864 cyclic=false affine_classes=576 ms=847
GROUP n=6 d=1 k=1289 order=36864 cyclic=false affine_classes=544 ms=378
GROUP n=6 d=1 k=1290 order=110592 cyclic=false affine_classes=576 ms=1899
GROUP n=6 d=1 k=1291 order=110592 cyclic=false affine_classes=544 ms=442
GROUP n=6 d=1 k=1292 order=147456 cyclic=false affine_classes=576 ms=725
GROUP n=6 d=1 k=1293 order=442368 cyclic=false affine_classes=576 ms=981
GROUP n=6 d=1 k=1294 order=73728 cyclic=false affine_classes=480 ms=502
GROUP n=6 d=1 k=1295 order=221184 cyclic=false affine_classes=480 ms=787
GROUP n=6 d=1 k=1296 order=73728 cyclic=false affine_classes=480 ms=635
GROUP n=6 d=1 k=1297 order=73728 cyclic=false affine_classes=464 ms=526
GROUP n=6 d=1 k=1298 order=221184 cyclic=false affine_classes=480 ms=862
GROUP n=6 d=1 k=1299 order=221184 cyclic=false affine_classes=464 ms=714
GROUP n=6 d=1 k=1300 order=165888 cyclic=false affine_classes=288 ms=5383
GROUP n=6 d=1 k=1301 order=18432 cyclic=false affine_classes=192 ms=595
GROUP n=6 d=1 k=1302 order=55296 cyclic=false affine_classes=192 ms=1710
GROUP n=6 d=1 k=1303 order=82944 cyclic=false affine_classes=384 ms=3563
GROUP n=6 d=1 k=1304 order=9216 cyclic=false affine_classes=192 ms=489
GROUP n=6 d=1 k=1305 order=9216 cyclic=false affine_classes=160 ms=174
GROUP n=6 d=1 k=1306 order=27648 cyclic=false affine_classes=192 ms=1549
GROUP n=6 d=1 k=1307 order=27648 cyclic=false affine_classes=160 ms=212
GROUP n=6 d=1 k=1308 order=331776 cyclic=false affine_classes=336 ms=714
GROUP n=6 d=1 k=1309 order=36864 cyclic=false affine_classes=240 ms=369
GROUP n=6 d=1 k=1310 order=110592 cyclic=false affine_classes=240 ms=660
GROUP n=6 d=1 k=1311 order=165888 cyclic=false affine_classes=384 ms=693
GROUP n=6 d=1 k=1312 order=18432 cyclic=false affine_classes=192 ms=289
GROUP n=6 d=1 k=1313 order=55296 cyclic=false affine_classes=192 ms=470
GROUP n=6 d=1 k=1314 order=165888 cyclic=false affine_classes=288 ms=707
GROUP n=6 d=1 k=1315 order=18432 cyclic=false affine_classes=192 ms=429
GROUP n=6 d=1 k=1316 order=18432 cyclic=false affine_classes=176 ms=293
GROUP n=6 d=1 k=1317 order=55296 cyclic=false affine_classes=192 ms=472
GROUP n=6 d=1 k=1318 order=55296 cyclic=false affine_classes=176 ms=533
GROUP n=6 d=1 k=1319 order=663552 cyclic=false affine_classes=704 ms=5268
GROUP n=6 d=1 k=1320 order=165888 cyclic=false affine_classes=704 ms=4146
GROUP n=6 d=1 k=1321 order=41472 cyclic=false affine_classes=192 ms=426
GROUP n=6 d=1 k=1322 order=18432 cyclic=false affine_classes=288 ms=835
GROUP n=6 d=1 k=1323 order=4608 cyclic=false affine_classes=96 ms=324
GROUP n=6 d=1 k=1324 order=18432 cyclic=false affine_classes=272 ms=238
GROUP n=6 d=1 k=1325 order=4608 cyclic=false affine_classes=80 ms=124
GROUP n=6 d=1 k=1326 order=55296 cyclic=false affine_classes=288 ms=2098
GROUP n=6 d=1 k=1327 order=13824 cyclic=false affine_classes=96 ms=260
GROUP n=6 d=1 k=1328 order=55296 cyclic=false affine_classes=272 ms=262
GROUP n=6 d=1 k=1329 order=13824 cyclic=false affine_classes=80 ms=220
GROUP n=6 d=1 k=1330 order=1327104 cyclic=false affine_classes=544 ms=882
GROUP n=6 d=1 k=1331 order=1327104 cyclic=false affine_classes=544 ms=954
GROUP n=6 d=1 k=1332 order=331776 cyclic=false affine_classes=544 ms=802
GROUP n=6 d=1 k=1333 order=331776 cyclic=false affine_classes=544 ms=816
GROUP n=6 d=1 k=1334 order=82944 cyclic=false affine_classes=192 ms=490
GROUP n=6 d=1 k=1335 order=82944 cyclic=false affine_classes=192 ms=3875
GROUP n=6 d=1 k=1336 order=36864 cyclic=false affine_classes=240 ms=332
GROUP n=6 d=1 k=1337 order=36864 cyclic=false affine_classes=240 ms=342
GROUP n=6 d=1 k=1338 order=9216 cyclic=false affine_classes=96 ms=210
GROUP n=6 d=1 k=1339 order=9216 cyclic=false affine_classes=96 ms=596
GROUP n=6 d=1 k=1340 order=110592 cyclic=false affine_classes=240 ms=592
GROUP n=6 d=1 k=1341 order=110592 cyclic=false affine_classes=240 ms=546
GROUP n=6 d=1 k=1342 order=27648 cyclic=false affine_classes=96 ms=394
GROUP n=6 d=1 k=1343 order=27648 cyclic=false affine_classes=96 ms=1765
GROUP n=6 d=1 k=1344 order=4608 cyclic=false affine_classes=252 ms=346
GROUP n=6 d=1 k=1345 order=18432 cyclic=false affine_classes=254 ms=817
GROUP n=6 d=1 k=1346 order=1152 cyclic=false affine_classes=140 ms=167
GROUP n=6 d=1 k=1347 order=4608 cyclic=false affine_classes=106 ms=217
GROUP n=6 d=1 k=1348 order=2304 cyclic=false affine_classes=192 ms=201
GROUP n=6 d=1 k=1349 order=9216 cyclic=false affine_classes=244 ms=293
GROUP n=6 d=1 k=1350 order=1152 cyclic=false affine_classes=120 ms=165
GROUP n=6 d=1 k=1351 order=4608 cyclic=false affine_classes=140 ms=211
GROUP n=6 d=1 k=1352 order=576 cyclic=false affine_classes=136 ms=156
GROUP n=6 d=1 k=1353 order=2304 cyclic=false affine_classes=116 ms=282
GROUP n=6 d=1 k=1354 order=288 cyclic=false affine_classes=128 ms=96
GROUP n=6 d=1 k=1355 order=1152 cyclic=false affine_classes=76 ms=159
GROUP n=6 d=1 k=1356 order=9216 cyclic=false affine_classes=297 ms=325
GROUP n=6 d=1 k=1357 order=36864 cyclic=false affine_classes=268 ms=396
GROUP n=6 d=1 k=1358 order=2304 cyclic=false affine_classes=181 ms=203
GROUP n=6 d=1 k=1359 order=9216 cyclic=false affine_classes=134 ms=254
GROUP n=6 d=1 k=1360 order=4608 cyclic=false affine_classes=222 ms=256
GROUP n=6 d=1 k=1361 order=18432 cyclic=false affine_classes=248 ms=423
GROUP n=6 d=1 k=1362 order=2304 cyclic=false affine_classes=126 ms=178
GROUP n=6 d=1 k=1363 order=9216 cyclic=false affine_classes=160 ms=241
GROUP n=6 d=1 k=1364 order=2304 cyclic=false affine_classes=126 ms=221
GROUP n=6 d=1 k=1365 order=9216 cyclic=false affine_classes=136 ms=245
GROUP n=6 d=1 k=1366 order=1152 cyclic=false affine_classes=158 ms=165
GROUP n=6 d=1 k=1367 order=4608 cyclic=false affine_classes=124 ms=210
GROUP n=6 d=1 k=1368 order=576 cyclic=false affine_classes=118 ms=134
GROUP n=6 d=1 k=1369 order=2304 cyclic=false affine_classes=92 ms=171
GROUP n=6 d=1 k=1370 order=576 cyclic=false affine_classes=118 ms=118
GROUP n=6 d=1 k=1371 order=2304 cyclic=false affine_classes=68 ms=243
GROUP n=6 d=1 k=1372 order=4608 cyclic=false affine_classes=180 ms=221
GROUP n=6 d=1 k=1373 order=18432 cyclic=false affine_classes=218 ms=341
GROUP n=6 d=1 k=1374 order=1152 cyclic=false affine_classes=116 ms=143
GROUP n=6 d=1 k=1375 order=4608 cyclic=false affine_classes=118 ms=229
GROUP n=6 d=1 k=1376 order=276768 cyclic=false affine_classes=1595 ms=3449
GROUP n=6 d=1 k=1377 order=138384 cyclic=false affine_classes=850 ms=2587
GROUP n=6 d=1 k=1378 order=138384 cyclic=false affine_classes=841 ms=486
GROUP n=6 d=1 k=1379 order=69192 cyclic=false affine_classes=560 ms=733
GROUP n=6 d=1 k=1380 order=69192 cyclic=false affine_classes=482 ms=670
GROUP n=6 d=1 k=1381 order=69192 cyclic=false affine_classes=452 ms=598
GROUP n=6 d=1 k=1382 order=69192 cyclic=false affine_classes=434 ms=518
GROUP n=6 d=1 k=1383 order=34596 cyclic=false affine_classes=340 ms=264
GROUP n=6 d=1 k=1384 order=34596 cyclic=false affine_classes=322 ms=253
GROUP n=6 d=1 k=1385 order=69192 cyclic=false affine_classes=473 ms=370
GROUP n=6 d=1 k=1386 order=17298 cyclic=false affine_classes=350 ms=190
GROUP n=6 d=1 k=1387 order=46128 cyclic=false affine_classes=1510 ms=1512
GROUP n=6 d=1 k=1388 order=23064 cyclic=false affine_classes=854 ms=899
GROUP n=6 d=1 k=1389 order=23064 cyclic=false affine_classes=764 ms=848
GROUP n=6 d=1 k=1390 order=23064 cyclic=false affine_classes=758 ms=599
GROUP n=6 d=1 k=1391 order=23064 cyclic=false affine_classes=800 ms=844
GROUP n=6 d=1 k=1392 order=11532 cyclic=false affine_classes=460 ms=385
GROUP n=6 d=1 k=1393 order=5766 cyclic=false affine_classes=290 ms=202
GROUP n=6 d=1 k=1394 order=11532 cyclic=false affine_classes=454 ms=290
GROUP n=6 d=1 k=1395 order=46128 cyclic=false affine_classes=1507 ms=742
GROUP n=6 d=1 k=1396 order=23064 cyclic=false affine_classes=851 ms=389
GROUP n=6 d=1 k=1397 order=92256 cyclic=false affine_classes=2825 ms=3394
GROUP n=6 d=1 k=1398 order=46128 cyclic=false affine_classes=1408 ms=1526
GROUP n=6 d=1 k=1399 order=23064 cyclic=false affine_classes=752 ms=694
GROUP n=6 d=1 k=1400 order=23064 cyclic=false affine_classes=722 ms=652
GROUP n=6 d=1 k=1401 order=23064 cyclic=false affine_classes=704 ms=722
GROUP n=6 d=1 k=1402 order=23064 cyclic=false affine_classes=752 ms=758
GROUP n=6 d=1 k=1403 order=11532 cyclic=false affine_classes=418 ms=305
GROUP n=6 d=1 k=1404 order=5766 cyclic=false affine_classes=275 ms=183
GROUP n=6 d=1 k=1405 order=11532 cyclic=false affine_classes=400 ms=418
GROUP n=6 d=1 k=1406 order=46128 cyclic=false affine_classes=1399 ms=642
GROUP n=6 d=1 k=1407 order=23064 cyclic=false affine_classes=743 ms=443
GROUP n=6 d=1 k=1408 order=92256 cyclic=false affine_classes=2720 ms=3651
GROUP n=6 d=1 k=1409 order=1488 cyclic=false affine_classes=158 ms=162
GROUP n=6 d=1 k=1410 order=1488 cyclic=false affine_classes=128 ms=136
GROUP n=6 d=1 k=1411 order=744 cyclic=false affine_classes=112 ms=104
GROUP n=6 d=1 k=1412 order=744 cyclic=false affine_classes=112 ms=108
GROUP n=6 d=1 k=1413 order=744 cyclic=false affine_classes=142 ms=100
GROUP n=6 d=1 k=1414 order=744 cyclic=false affine_classes=94 ms=118
GROUP n=6 d=1 k=1415 order=744 cyclic=false affine_classes=64 ms=98
GROUP n=6 d=1 k=1416 order=744 cyclic=false affine_classes=112 ms=97
GROUP n=6 d=1 k=1417 order=372 cyclic=false affine_classes=158 ms=87
GROUP n=6 d=1 k=1418 order=186 cyclic=false affine_classes=205 ms=77
GROUP n=6 d=1 k=1419 order=372 cyclic=false affine_classes=80 ms=198
GROUP n=6 d=1 k=1420 order=1488 cyclic=false affine_classes=149 ms=155
GROUP n=6 d=1 k=1421 order=1488 cyclic=false affine_classes=89 ms=122
GROUP n=6 d=1 k=1422 order=744 cyclic=false affine_classes=73 ms=104
GROUP n=6 d=1 k=1423 order=2976 cyclic=false affine_classes=205 ms=227
GROUP n=6 d=1 k=1424 order=2976 cyclic=false affine_classes=160 ms=203
GROUP n=6 d=1 k=1425 order=4464 cyclic=false affine_classes=246 ms=312
GROUP n=6 d=1 k=1426 order=2232 cyclic=false affine_classes=180 ms=205
GROUP n=6 d=1 k=1427 order=2232 cyclic=false affine_classes=171 ms=323
GROUP n=6 d=1 k=1428 order=1116 cyclic=false affine_classes=126 ms=136
GROUP n=6 d=1 k=1429 order=1116 cyclic=false affine_classes=108 ms=145
GROUP n=6 d=1 k=1430 order=558 cyclic=false affine_classes=117 ms=93
GROUP n=6 d=1 k=1431 order=8928 cyclic=false affine_classes=227 ms=319
GROUP n=6 d=1 k=1432 order=4464 cyclic=false affine_classes=202 ms=277
GROUP n=6 d=1 k=1433 order=1488 cyclic=false affine_classes=142 ms=179
GROUP n=6 d=1 k=1434 order=2232 cyclic=false affine_classes=122 ms=226
GROUP n=6 d=1 k=1435 order=744 cyclic=false affine_classes=110 ms=105
GROUP n=6 d=1 k=1436 order=93744 cyclic=false affine_classes=2720 ms=6132
GROUP n=6 d=1 k=1437 order=46872 cyclic=false affine_classes=1408 ms=2425
GROUP n=6 d=1 k=1438 order=46872 cyclic=false affine_classes=1399 ms=4880
GROUP n=6 d=1 k=1439 order=23436 cyclic=false affine_classes=722 ms=952
GROUP n=6 d=1 k=1440 order=23436 cyclic=false affine_classes=704 ms=1820
GROUP n=6 d=1 k=1441 order=11718 cyclic=false affine_classes=379 ms=521
GROUP n=6 d=1 k=1442 order=15624 cyclic=false affine_classes=546 ms=756
GROUP n=6 d=1 k=1443 order=7812 cyclic=false affine_classes=300 ms=326
GROUP n=6 d=1 k=1444 order=3906 cyclic=false affine_classes=186 ms=259
GROUP n=6 d=1 k=1445 order=7812 cyclic=false affine_classes=282 ms=581
GROUP n=6 d=1 k=1446 order=15624 cyclic=false affine_classes=537 ms=1597
GROUP n=6 d=1 k=1447 order=31248 cyclic=false affine_classes=987 ms=1730
GROUP n=6 d=1 k=1448 order=5208 cyclic=false affine_classes=248 ms=340
GROUP n=6 d=1 k=1449 order=2604 cyclic=false affine_classes=154 ms=150
GROUP n=6 d=1 k=1450 order=1302 cyclic=false affine_classes=119 ms=103
GROUP n=6 d=1 k=1451 order=2604 cyclic=false affine_classes=136 ms=173
GROUP n=6 d=1 k=1452 order=5208 cyclic=false affine_classes=239 ms=412
GROUP n=6 d=1 k=1453 order=10416 cyclic=false affine_classes=388 ms=394
GROUP n=6 d=1 k=1454 order=6696 cyclic=false affine_classes=294 ms=446
GROUP n=6 d=1 k=1455 order=3348 cyclic=false affine_classes=168 ms=178
GROUP n=6 d=1 k=1456 order=1674 cyclic=false affine_classes=108 ms=116
GROUP n=6 d=1 k=1457 order=3348 cyclic=false affine_classes=150 ms=241
GROUP n=6 d=1 k=1458 order=6696 cyclic=false affine_classes=285 ms=564
GROUP n=6 d=1 k=1459 order=13392 cyclic=false affine_classes=489 ms=808
GROUP n=6 d=1 k=1460 order=1512 cyclic=false affine_classes=128 ms=150
GROUP n=6 d=1 k=1461 order=504 cyclic=false affine_classes=126 ms=119
GROUP n=6 d=1 k=1462 order=168 cyclic=false affine_classes=168 ms=96
GROUP n=6 d=1 k=1463 order=756 cyclic=false affine_classes=142 ms=112
GROUP n=6 d=1 k=1464 order=252 cyclic=false affine_classes=180 ms=176
GROUP n=6 d=1 k=1465 order=84 cyclic=false affine_classes=294 ms=96
GROUP n=6 d=1 k=1466 order=378 cyclic=false affine_classes=149 ms=88
GROUP n=6 d=1 k=1467 order=126 cyclic=false affine_classes=246 ms=87
GROUP n=6 d=1 k=1468 order=42 cyclic=false affine_classes=489 ms=101
GROUP n=6 d=1 k=1469 order=756 cyclic=false affine_classes=64 ms=117
GROUP n=6 d=1 k=1470 order=252 cyclic=false affine_classes=102 ms=92
GROUP n=6 d=1 k=1471 order=84 cyclic=false affine_classes=216 ms=89
GROUP n=6 d=1 k=1472 order=1512 cyclic=false affine_classes=89 ms=186
GROUP n=6 d=1 k=1473 order=504 cyclic=false affine_classes=87 ms=123
GROUP n=6 d=1 k=1474 order=168 cyclic=false affine_classes=129 ms=94
GROUP n=6 d=1 k=1475 order=3024 cyclic=false affine_classes=160 ms=240
GROUP n=6 d=1 k=1476 order=1008 cyclic=false affine_classes=117 ms=154
GROUP n=6 d=1 k=1477 order=336 cyclic=false affine_classes=108 ms=104
GROUP n=6 d=1 k=1478 order=10368 cyclic=false affine_classes=163 ms=367
GROUP n=6 d=1 k=1479 order=5184 cyclic=false affine_classes=146 ms=211
GROUP n=6 d=1 k=1480 order=5184 cyclic=false affine_classes=122 ms=290
GROUP n=6 d=1 k=1481 order=2592 cyclic=false affine_classes=178 ms=149
GROUP n=6 d=1 k=1482 order=2592 cyclic=false affine_classes=106 ms=159
GROUP n=6 d=1 k=1483 order=1296 cyclic=false affine_classes=167 ms=113
GROUP n=6 d=1 k=1484 order=1728 cyclic=false affine_classes=126 ms=185
GROUP n=6 d=1 k=1485 order=864 cyclic=false affine_classes=150 ms=138
GROUP n=6 d=1 k=1486 order=432 cyclic=false affine_classes=129 ms=86
GROUP n=6 d=1 k=1487 order=864 cyclic=false affine_classes=78 ms=143
GROUP n=6 d=1 k=1488 order=1728 cyclic=false affine_classes=102 ms=267
GROUP n=6 d=1 k=1489 order=3456 cyclic=false affine_classes=129 ms=247
GROUP n=6 d=1 k=1490 order=432 cyclic=false affine_classes=180 ms=101
GROUP n=6 d=1 k=1491 order=864 cyclic=false affine_classes=162 ms=161
GROUP n=6 d=1 k=1492 order=864 cyclic=false affine_classes=144 ms=128
GROUP n=6 d=1 k=1493 order=864 cyclic=false affine_classes=114 ms=147
GROUP n=6 d=1 k=1494 order=864 cyclic=false affine_classes=96 ms=130
GROUP n=6 d=1 k=1495 order=216 cyclic=false affine_classes=183 ms=86
GROUP n=6 d=1 k=1496 order=432 cyclic=false affine_classes=234 ms=119
GROUP n=6 d=1 k=1497 order=432 cyclic=false affine_classes=117 ms=88
GROUP n=6 d=1 k=1498 order=432 cyclic=false affine_classes=138 ms=109
GROUP n=6 d=1 k=1499 order=216 cyclic=false affine_classes=195 ms=94
GROUP n=6 d=1 k=1500 order=216 cyclic=false affine_classes=135 ms=89
GROUP n=6 d=1 k=1501 order=216 cyclic=false affine_classes=99 ms=82
GROUP n=6 d=1 k=1502 order=432 cyclic=false affine_classes=114 ms=116
GROUP n=6 d=1 k=1503 order=432 cyclic=false affine_classes=114 ms=106
GROUP n=6 d=1 k=1504 order=432 cyclic=false affine_classes=144 ms=112
GROUP n=6 d=1 k=1505 order=864 cyclic=false affine_classes=126 ms=156
GROUP n=6 d=1 k=1506 order=864 cyclic=false affine_classes=102 ms=161
GROUP n=6 d=1 k=1507 order=864 cyclic=false affine_classes=123 ms=217
GROUP n=6 d=1 k=1508 order=1728 cyclic=false affine_classes=123 ms=184
GROUP n=6 d=1 k=1509 order=1728 cyclic=false affine_classes=135 ms=197
GROUP n=6 d=1 k=1510 order=1728 cyclic=false affine_classes=87 ms=173
GROUP n=6 d=1 k=1511 order=1728 cyclic=false affine_classes=123 ms=184
GROUP n=6 d=1 k=1512 order=216 cyclic=false affine_classes=210 ms=88
GROUP n=6 d=1 k=1513 order=768 cyclic=false affine_classes=192 ms=164
GROUP n=6 d=1 k=1514 order=768 cyclic=false affine_classes=214 ms=152
GROUP n=6 d=1 k=1515 order=648 cyclic=false affine_classes=130 ms=98
GROUP n=6 d=2 k=1 order=82944 cyclic=false affine_classes=3575 ms=2465
GROUP n=6 d=2 k=2 order=41472 cyclic=false affine_classes=5275 ms=3243
GROUP n=6 d=2 k=3 order=10368 cyclic=false affine_classes=1388 ms=1740
GROUP n=6 d=2 k=4 order=20736 cyclic=false affine_classes=1183 ms=915
GROUP n=6 d=2 k=5 order=20736 cyclic=false affine_classes=2642 ms=1719
GROUP n=6 d=2 k=6 order=5184 cyclic=false affine_classes=952 ms=528
GROUP n=6 d=2 k=7 order=41472 cyclic=false affine_classes=1810 ms=1500
GROUP n=6 d=2 k=8 order=41472 cyclic=false affine_classes=1807 ms=1356
GROUP n=6 d=2 k=9 order=10368 cyclic=false affine_classes=770 ms=491
GROUP n=6 d=2 k=10 order=10368 cyclic=false affine_classes=728 ms=610
GROUP n=6 d=2 k=11 order=10368 cyclic=false affine_classes=1330 ms=911
GROUP n=6 d=2 k=12 order=2592 cyclic=false affine_classes=488 ms=411
GROUP n=6 d=2 k=13 order=20736 cyclic=false affine_classes=914 ms=803
GROUP n=6 d=2 k=14 order=20736 cyclic=false affine_classes=908 ms=856
GROUP n=6 d=2 k=15 order=5184 cyclic=false affine_classes=418 ms=296
GROUP n=6 d=2 k=16 order=5184 cyclic=false affine_classes=406 ms=345
GROUP n=6 d=2 k=17 order=2592 cyclic=false affine_classes=420 ms=482
GROUP n=6 d=2 k=18 order=1296 cyclic=false affine_classes=312 ms=249
GROUP n=6 d=2 k=19 order=648 cyclic=false affine_classes=360 ms=186
GROUP n=6 d=2 k=20 order=5184 cyclic=false affine_classes=459 ms=353
GROUP n=6 d=2 k=21 order=2592 cyclic=false affine_classes=330 ms=309
GROUP n=6 d=2 k=22 order=1296 cyclic=false affine_classes=330 ms=163
GROUP n=6 d=2 k=23 order=1296 cyclic=false affine_classes=270 ms=168
GROUP n=6 d=2 k=24 order=2592 cyclic=false affine_classes=264 ms=226
GROUP n=6 d=2 k=25 order=648 cyclic=false affine_classes=193 ms=180
GROUP n=6 d=2 k=26 order=324 cyclic=false affine_classes=182 ms=120
GROUP n=6 d=2 k=27 order=162 cyclic=false affine_classes=262 ms=100
GROUP n=6 d=2 k=28 order=1296 cyclic=false affine_classes=230 ms=185
GROUP n=6 d=2 k=29 order=648 cyclic=false affine_classes=196 ms=122
GROUP n=6 d=2 k=30 order=324 cyclic=false affine_classes=260 ms=108
GROUP n=6 d=2 k=31 order=324 cyclic=false affine_classes=158 ms=181
GROUP n=6 d=2 k=32 order=648 cyclic=false affine_classes=145 ms=115
GROUP n=6 d=2 k=33 order=5184 cyclic=false affine_classes=683 ms=484
GROUP n=6 d=2 k=34 order=1296 cyclic=false affine_classes=268 ms=189
GROUP n=6 d=2 k=35 order=324 cyclic=false affine_classes=228 ms=116
GROUP n=6 d=2 k=36 order=81 cyclic=false affine_classes=473 ms=99
GROUP n=6 d=2 k=37 order=10368 cyclic=false affine_classes=475 ms=532
GROUP n=6 d=2 k=38 order=10368 cyclic=false affine_classes=463 ms=445
GROUP n=6 d=2 k=39 order=2592 cyclic=false affine_classes=239 ms=272
GROUP n=6 d=2 k=40 order=2592 cyclic=false affine_classes=215 ms=193
GROUP n=6 d=2 k=41 order=648 cyclic=false affine_classes=243 ms=117
GROUP n=6 d=2 k=42 order=648 cyclic=false affine_classes=195 ms=106
GROUP n=6 d=2 k=43 order=162 cyclic=false affine_classes=418 ms=108
GROUP n=6 d=2 k=44 order=162 cyclic=false affine_classes=286 ms=94
GROUP n=6 d=2 k=45 order=13824 cyclic=false affine_classes=1809 ms=1249
GROUP n=6 d=2 k=46 order=13824 cyclic=false affine_classes=1801 ms=1077
GROUP n=6 d=2 k=47 order=6912 cyclic=false affine_classes=918 ms=748
GROUP n=6 d=2 k=48 order=6912 cyclic=false affine_classes=902 ms=548
GROUP n=6 d=2 k=49 order=3456 cyclic=false affine_classes=486 ms=470
GROUP n=6 d=2 k=50 order=3456 cyclic=false affine_classes=454 ms=300
GROUP n=6 d=2 k=51 order=1728 cyclic=false affine_classes=297 ms=237
GROUP n=6 d=2 k=52 order=1728 cyclic=false affine_classes=233 ms=181
GROUP n=6 d=2 k=53 order=3456 cyclic=false affine_classes=516 ms=608
GROUP n=6 d=2 k=54 order=3456 cyclic=false affine_classes=508 ms=332
GROUP n=6 d=2 k=55 order=864 cyclic=false affine_classes=204 ms=215
GROUP n=6 d=2 k=56 order=864 cyclic=false affine_classes=196 ms=253
GROUP n=6 d=2 k=57 order=216 cyclic=false affine_classes=171 ms=127
GROUP n=6 d=2 k=58 order=216 cyclic=false affine_classes=163 ms=115
GROUP n=6 d=2 k=59 order=1728 cyclic=false affine_classes=360 ms=263
GROUP n=6 d=2 k=60 order=1728 cyclic=false affine_classes=344 ms=222
GROUP n=6 d=2 k=61 order=432 cyclic=false affine_classes=168 ms=147
GROUP n=6 d=2 k=62 order=432 cyclic=false affine_classes=152 ms=115
GROUP n=6 d=2 k=63 order=108 cyclic=false affine_classes=210 ms=104
GROUP n=6 d=2 k=64 order=108 cyclic=false affine_classes=194 ms=93
GROUP n=6 d=2 k=65 order=864 cyclic=false affine_classes=216 ms=166
GROUP n=6 d=2 k=66 order=864 cyclic=false affine_classes=184 ms=143
GROUP n=6 d=2 k=67 order=432 cyclic=false affine_classes=180 ms=127
GROUP n=6 d=2 k=68 order=432 cyclic=false affine_classes=116 ms=99
GROUP n=6 d=2 k=69 order=216 cyclic=false affine_classes=216 ms=184
GROUP n=6 d=2 k=70 order=216 cyclic=false affine_classes=184 ms=96
GROUP n=6 d=2 k=71 order=108 cyclic=false affine_classes=252 ms=91
GROUP n=6 d=2 k=72 order=108 cyclic=false affine_classes=188 ms=80
GROUP n=6 d=2 k=73 order=54 cyclic=false affine_classes=354 ms=92
GROUP n=6 d=2 k=74 order=54 cyclic=false affine_classes=322 ms=90
GROUP n=6 d=2 k=75 order=27 cyclic=false affine_classes=675 ms=104
GROUP n=6 d=2 k=76 order=27 cyclic=false affine_classes=611 ms=94
GROUP n=6 d=2 k=77 order=27648 cyclic=false affine_classes=1221 ms=1121
GROUP n=6 d=2 k=78 order=13824 cyclic=false affine_classes=630 ms=703
GROUP n=6 d=2 k=79 order=6912 cyclic=false affine_classes=342 ms=407
GROUP n=6 d=2 k=80 order=3456 cyclic=false affine_classes=225 ms=391
GROUP n=6 d=2 k=81 order=3456 cyclic=false affine_classes=189 ms=299
GROUP n=6 d=2 k=82 order=6912 cyclic=false affine_classes=324 ms=495
GROUP n=6 d=2 k=83 order=13824 cyclic=false affine_classes=621 ms=705
GROUP n=6 d=2 k=84 order=6912 cyclic=false affine_classes=429 ms=434
GROUP n=6 d=2 k=85 order=1728 cyclic=false affine_classes=201 ms=217
GROUP n=6 d=2 k=86 order=432 cyclic=false affine_classes=162 ms=120
GROUP n=6 d=2 k=87 order=3456 cyclic=false affine_classes=294 ms=279
GROUP n=6 d=2 k=88 order=864 cyclic=false affine_classes=174 ms=154
GROUP n=6 d=2 k=89 order=216 cyclic=false affine_classes=204 ms=200
GROUP n=6 d=2 k=90 order=1728 cyclic=false affine_classes=198 ms=193
GROUP n=6 d=2 k=91 order=864 cyclic=false affine_classes=189 ms=154
GROUP n=6 d=2 k=92 order=864 cyclic=false affine_classes=117 ms=149
GROUP n=6 d=2 k=93 order=432 cyclic=false affine_classes=222 ms=109
GROUP n=6 d=2 k=94 order=216 cyclic=false affine_classes=297 ms=101
GROUP n=6 d=2 k=95 order=216 cyclic=false affine_classes=153 ms=86
GROUP n=6 d=2 k=96 order=108 cyclic=false affine_classes=348 ms=93
GROUP n=6 d=2 k=97 order=54 cyclic=false affine_classes=654 ms=116
GROUP n=6 d=2 k=98 order=54 cyclic=false affine_classes=354 ms=89
GROUP n=6 d=2 k=99 order=1728 cyclic=false affine_classes=162 ms=182
GROUP n=6 d=2 k=100 order=432 cyclic=false affine_classes=138 ms=107
GROUP n=6 d=2 k=101 order=108 cyclic=false affine_classes=186 ms=84
GROUP n=6 d=2 k=102 order=3456 cyclic=false affine_classes=264 ms=377
GROUP n=6 d=2 k=103 order=864 cyclic=false affine_classes=120 ms=159
GROUP n=6 d=2 k=104 order=216 cyclic=false affine_classes=123 ms=91
GROUP n=6 d=2 k=105 order=4608 cyclic=false affine_classes=675 ms=799
GROUP n=6 d=2 k=106 order=4608 cyclic=false affine_classes=667 ms=438
GROUP n=6 d=2 k=107 order=2304 cyclic=false affine_classes=354 ms=456
GROUP n=6 d=2 k=108 order=2304 cyclic=false affine_classes=338 ms=260
GROUP n=6 d=2 k=109 order=1152 cyclic=false affine_classes=210 ms=228
GROUP n=6 d=2 k=110 order=1152 cyclic=false affine_classes=178 ms=180
GROUP n=6 d=2 k=111 order=576 cyclic=false affine_classes=171 ms=133
GROUP n=6 d=2 k=112 order=576 cyclic=false affine_classes=107 ms=124
GROUP n=6 d=2 k=113 order=1152 cyclic=false affine_classes=252 ms=245
GROUP n=6 d=2 k=114 order=1152 cyclic=false affine_classes=244 ms=271
GROUP n=6 d=2 k=115 order=288 cyclic=false affine_classes=180 ms=137
GROUP n=6 d=2 k=116 order=288 cyclic=false affine_classes=172 ms=120
GROUP n=6 d=2 k=117 order=576 cyclic=false affine_classes=216 ms=168
GROUP n=6 d=2 k=118 order=576 cyclic=false affine_classes=200 ms=135
GROUP n=6 d=2 k=119 order=144 cyclic=false affine_classes=216 ms=112
GROUP n=6 d=2 k=120 order=144 cyclic=false affine_classes=200 ms=100
GROUP n=6 d=2 k=121 order=288 cyclic=false affine_classes=168 ms=117
GROUP n=6 d=2 k=122 order=288 cyclic=false affine_classes=136 ms=98
GROUP n=6 d=2 k=123 order=144 cyclic=false affine_classes=204 ms=94
GROUP n=6 d=2 k=124 order=144 cyclic=false affine_classes=140 ms=88
GROUP n=6 d=2 k=125 order=72 cyclic=false affine_classes=360 ms=105
GROUP n=6 d=2 k=126 order=72 cyclic=false affine_classes=328 ms=91
GROUP n=6 d=2 k=127 order=36 cyclic=false affine_classes=516 ms=100
GROUP n=6 d=2 k=128 order=36 cyclic=false affine_classes=452 ms=92
GROUP n=6 d=2 k=129 order=9216 cyclic=false affine_classes=654 ms=666
GROUP n=6 d=2 k=130 order=4608 cyclic=false affine_classes=348 ms=415
GROUP n=6 d=2 k=131 order=2304 cyclic=false affine_classes=204 ms=409
GROUP n=6 d=2 k=132 order=1152 cyclic=false affine_classes=162 ms=150
GROUP n=6 d=2 k=133 order=1152 cyclic=false affine_classes=126 ms=141
GROUP n=6 d=2 k=134 order=2304 cyclic=false affine_classes=186 ms=264
GROUP n=6 d=2 k=135 order=4608 cyclic=false affine_classes=339 ms=353
GROUP n=6 d=2 k=136 order=2304 cyclic=false affine_classes=297 ms=364
GROUP n=6 d=2 k=137 order=576 cyclic=false affine_classes=189 ms=175
GROUP n=6 d=2 k=138 order=1152 cyclic=false affine_classes=222 ms=185
GROUP n=6 d=2 k=139 order=288 cyclic=false affine_classes=198 ms=120
GROUP n=6 d=2 k=140 order=576 cyclic=false affine_classes=174 ms=157
GROUP n=6 d=2 k=141 order=288 cyclic=false affine_classes=201 ms=122
GROUP n=6 d=2 k=142 order=288 cyclic=false affine_classes=129 ms=113
GROUP n=6 d=2 k=143 order=144 cyclic=false affine_classes=294 ms=113
GROUP n=6 d=2 k=144 order=72 cyclic=false affine_classes=429 ms=107
GROUP n=6 d=2 k=145 order=72 cyclic=false affine_classes=285 ms=97
GROUP n=6 d=2 k=146 order=576 cyclic=false affine_classes=138 ms=247
GROUP n=6 d=2 k=147 order=144 cyclic=false affine_classes=210 ms=96
GROUP n=6 d=2 k=148 order=1152 cyclic=false affine_classes=192 ms=201
GROUP n=6 d=2 k=149 order=288 cyclic=false affine_classes=144 ms=107
GROUP n=6 d=2 k=150 order=1536 cyclic=false affine_classes=473 ms=258
GROUP n=6 d=2 k=151 order=768 cyclic=false affine_classes=262 ms=169
GROUP n=6 d=2 k=152 order=384 cyclic=false affine_classes=182 ms=121
GROUP n=6 d=2 k=153 order=192 cyclic=false affine_classes=193 ms=92
GROUP n=6 d=2 k=154 order=384 cyclic=false affine_classes=228 ms=155
GROUP n=6 d=2 k=155 order=96 cyclic=false affine_classes=268 ms=105
GROUP n=6 d=2 k=156 order=3072 cyclic=false affine_classes=418 ms=294
GROUP n=6 d=2 k=157 order=1536 cyclic=false affine_classes=260 ms=265
GROUP n=6 d=2 k=158 order=768 cyclic=false affine_classes=196 ms=141
GROUP n=6 d=2 k=159 order=384 cyclic=false affine_classes=230 ms=105
GROUP n=6 d=2 k=160 order=384 cyclic=false affine_classes=122 ms=108
GROUP n=6 d=2 k=161 order=768 cyclic=false affine_classes=142 ms=134
GROUP n=6 d=2 k=162 order=1536 cyclic=false affine_classes=233 ms=187
GROUP n=6 d=2 k=163 order=768 cyclic=false affine_classes=243 ms=159
GROUP n=6 d=2 k=164 order=192 cyclic=false affine_classes=239 ms=105
GROUP n=6 d=2 k=165 order=384 cyclic=false affine_classes=240 ms=143
GROUP n=6 d=2 k=166 order=96 cyclic=false affine_classes=256 ms=99
GROUP n=6 d=2 k=167 order=46872 cyclic=false affine_classes=5275 ms=5745
GROUP n=6 d=2 k=168 order=23436 cyclic=false affine_classes=2642 ms=3145
GROUP n=6 d=2 k=169 order=11718 cyclic=false affine_classes=1330 ms=1225
GROUP n=6 d=2 k=170 order=5859 cyclic=false affine_classes=683 ms=536
GROUP n=6 d=2 k=171 order=15624 cyclic=false affine_classes=1809 ms=2066
GROUP n=6 d=2 k=172 order=15624 cyclic=false affine_classes=1801 ms=3790
GROUP n=6 d=2 k=174 order=7812 cyclic=false affine_classes=918 ms=883
GROUP n=6 d=2 k=175 order=7812 cyclic=false affine_classes=902 ms=1815
GROUP n=6 d=2 k=177 order=3906 cyclic=false affine_classes=486 ms=372
GROUP n=6 d=2 k=178 order=3906 cyclic=false affine_classes=454 ms=1014
GROUP n=6 d=2 k=180 order=1953 cyclic=false affine_classes=297 ms=180
GROUP n=6 d=2 k=181 order=1953 cyclic=false affine_classes=233 ms=357
GROUP n=6 d=2 k=183 order=5208 cyclic=false affine_classes=611 ms=452
GROUP n=6 d=2 k=184 order=2604 cyclic=false affine_classes=322 ms=236
GROUP n=6 d=2 k=185 order=1302 cyclic=false affine_classes=194 ms=140
GROUP n=6 d=2 k=186 order=651 cyclic=false affine_classes=163 ms=88
GROUP n=6 d=2 k=187 order=6696 cyclic=false affine_classes=813 ms=771
GROUP n=6 d=2 k=188 order=2232 cyclic=false affine_classes=327 ms=317
GROUP n=6 d=2 k=189 order=744 cyclic=false affine_classes=133 ms=216
GROUP n=6 d=2 k=190 order=2232 cyclic=false affine_classes=319 ms=403
GROUP n=6 d=2 k=192 order=3348 cyclic=false affine_classes=414 ms=424
GROUP n=6 d=2 k=193 order=1116 cyclic=false affine_classes=186 ms=174
GROUP n=6 d=2 k=194 order=1116 cyclic=false affine_classes=170 ms=206
GROUP n=6 d=2 k=196 order=1674 cyclic=false affine_classes=222 ms=205
GROUP n=6 d=2 k=197 order=558 cyclic=false affine_classes=138 ms=110
GROUP n=6 d=2 k=198 order=558 cyclic=false affine_classes=106 ms=231
GROUP n=6 d=2 k=200 order=837 cyclic=false affine_classes=141 ms=103
GROUP n=6 d=2 k=201 order=279 cyclic=false affine_classes=159 ms=81
GROUP n=6 d=2 k=202 order=279 cyclic=false affine_classes=95 ms=91
GROUP n=6 d=2 k=204 order=1512 cyclic=false affine_classes=245 ms=277
GROUP n=6 d=2 k=205 order=504 cyclic=false affine_classes=159 ms=158
GROUP n=6 d=2 k=206 order=168 cyclic=false affine_classes=141 ms=98
GROUP n=6 d=2 k=207 order=504 cyclic=false affine_classes=151 ms=185
GROUP n=6 d=2 k=209 order=756 cyclic=false affine_classes=142 ms=156
GROUP n=6 d=2 k=210 order=252 cyclic=false affine_classes=138 ms=113
GROUP n=6 d=2 k=211 order=84 cyclic=false affine_classes=222 ms=157
GROUP n=6 d=2 k=212 order=252 cyclic=false affine_classes=122 ms=114
GROUP n=6 d=2 k=214 order=378 cyclic=false affine_classes=110 ms=103
GROUP n=6 d=2 k=215 order=126 cyclic=false affine_classes=186 ms=95
GROUP n=6 d=2 k=216 order=42 cyclic=false affine_classes=414 ms=83
GROUP n=6 d=2 k=217 order=126 cyclic=false affine_classes=154 ms=87
GROUP n=6 d=2 k=219 order=189 cyclic=false affine_classes=133 ms=73
GROUP n=6 d=2 k=220 order=63 cyclic=false affine_classes=327 ms=87
GROUP n=6 d=2 k=221 order=21 cyclic=false affine_classes=813 ms=106
GROUP n=6 d=2 k=222 order=63 cyclic=false affine_classes=263 ms=77
GROUP n=6 d=2 k=224 order=5184 cyclic=false affine_classes=230 ms=258
GROUP n=6 d=2 k=225 order=864 cyclic=false affine_classes=162 ms=164
GROUP n=6 d=2 k=226 order=1728 cyclic=false affine_classes=162 ms=323
GROUP n=6 d=2 k=227 order=432 cyclic=false affine_classes=138 ms=101
GROUP n=6 d=2 k=228 order=432 cyclic=false affine_classes=156 ms=119
GROUP n=6 d=2 k=229 order=864 cyclic=false affine_classes=114 ms=133
GROUP n=6 d=2 k=230 order=864 cyclic=false affine_classes=132 ms=143
GROUP n=6 d=2 k=231 order=2592 cyclic=false affine_classes=172 ms=179
GROUP n=6 d=2 k=232 order=216 cyclic=false affine_classes=111 ms=89
GROUP n=6 d=2 k=233 order=216 cyclic=false affine_classes=216 ms=99
GROUP n=6 d=2 k=234 order=216 cyclic=false affine_classes=204 ms=94
GROUP n=6 d=2 k=235 order=432 cyclic=false affine_classes=144 ms=108
GROUP n=6 d=2 k=236 order=432 cyclic=false affine_classes=132 ms=98
GROUP n=6 d=2 k=237 order=1296 cyclic=false affine_classes=188 ms=130
GROUP n=6 d=2 k=238 order=108 cyclic=false affine_classes=360 ms=95
GROUP n=6 d=2 k=239 order=108 cyclic=false affine_classes=186 ms=85
GROUP n=6 d=2 k=240 order=108 cyclic=false affine_classes=210 ms=188
GROUP n=6 d=2 k=241 order=216 cyclic=false affine_classes=114 ms=84
GROUP n=6 d=2 k=242 order=216 cyclic=false affine_classes=138 ms=86
GROUP n=6 d=2 k=243 order=648 cyclic=false affine_classes=214 ms=98
GROUP n=6 d=3 k=1 order=30752 cyclic=false affine_classes=8000 ms=3342
GROUP n=6 d=3 k=2 order=15376 cyclic=false affine_classes=4096 ms=2592
GROUP n=6 d=3 k=3 order=15376 cyclic=false affine_classes=4093 ms=1677
GROUP n=6 d=3 k=4 order=7688 cyclic=false affine_classes=2144 ms=1100
GROUP n=6 d=3 k=5 order=7688 cyclic=false affine_classes=2144 ms=1228
GROUP n=6 d=3 k=6 order=7688 cyclic=false affine_classes=2054 ms=1071
GROUP n=6 d=3 k=7 order=7688 cyclic=false affine_classes=2048 ms=1304
GROUP n=6 d=3 k=8 order=3844 cyclic=false affine_classes=1126 ms=521
GROUP n=6 d=3 k=9 order=3844 cyclic=false affine_classes=1120 ms=639
GROUP n=6 d=3 k=10 order=7688 cyclic=false affine_classes=2141 ms=915
GROUP n=6 d=3 k=11 order=1922 cyclic=false affine_classes=665 ms=294
GROUP n=6 d=3 k=12 order=496 cyclic=false affine_classes=256 ms=137
GROUP n=6 d=3 k=13 order=248 cyclic=false affine_classes=224 ms=106
GROUP n=6 d=3 k=14 order=248 cyclic=false affine_classes=314 ms=109
GROUP n=6 d=3 k=15 order=248 cyclic=false affine_classes=128 ms=102
GROUP n=6 d=3 k=16 order=248 cyclic=false affine_classes=224 ms=96
GROUP n=6 d=3 k=17 order=124 cyclic=false affine_classes=346 ms=93
GROUP n=6 d=3 k=18 order=62 cyclic=false affine_classes=455 ms=170
GROUP n=6 d=3 k=19 order=124 cyclic=false affine_classes=160 ms=83
GROUP n=6 d=3 k=20 order=496 cyclic=false affine_classes=163 ms=126
GROUP n=6 d=3 k=21 order=248 cyclic=false affine_classes=131 ms=99
GROUP n=6 d=3 k=22 order=992 cyclic=false affine_classes=320 ms=238
GROUP n=6 d=3 k=23 order=496 cyclic=false affine_classes=346 ms=212
GROUP n=6 d=3 k=24 order=248 cyclic=false affine_classes=224 ms=118
GROUP n=6 d=3 k=25 order=248 cyclic=false affine_classes=218 ms=148
GROUP n=6 d=3 k=26 order=496 cyclic=false affine_classes=343 ms=198
GROUP n=6 d=3 k=27 order=992 cyclic=false affine_classes=455 ms=399
GROUP n=6 d=3 k=28 order=31248 cyclic=false affine_classes=8000 ms=6798
GROUP n=6 d=3 k=29 order=15624 cyclic=false affine_classes=4096 ms=3476
GROUP n=6 d=3 k=30 order=15624 cyclic=false affine_classes=4093 ms=8994
GROUP n=6 d=3 k=31 order=7812 cyclic=false affine_classes=2054 ms=1429
GROUP n=6 d=3 k=32 order=7812 cyclic=false affine_classes=2048 ms=2557
GROUP n=6 d=3 k=33 order=3906 cyclic=false affine_classes=1033 ms=660
GROUP n=6 d=3 k=34 order=5208 cyclic=false affine_classes=1494 ms=1169
GROUP n=6 d=3 k=35 order=2604 cyclic=false affine_classes=756 ms=461
GROUP n=6 d=3 k=36 order=1302 cyclic=false affine_classes=390 ms=324
GROUP n=6 d=3 k=37 order=2604 cyclic=false affine_classes=750 ms=941
GROUP n=6 d=3 k=38 order=5208 cyclic=false affine_classes=1491 ms=2002
GROUP n=6 d=3 k=39 order=10416 cyclic=false affine_classes=2793 ms=2473
GROUP n=6 d=3 k=40 order=1736 cyclic=false affine_classes=632 ms=359
GROUP n=6 d=3 k=41 order=868 cyclic=false affine_classes=334 ms=290
GROUP n=6 d=3 k=42 order=434 cyclic=false affine_classes=197 ms=123
GROUP n=6 d=3 k=43 order=868 cyclic=false affine_classes=328 ms=241
GROUP n=6 d=3 k=44 order=1736 cyclic=false affine_classes=629 ms=621
GROUP n=6 d=3 k=45 order=3472 cyclic=false affine_classes=1060 ms=633
GROUP n=6 d=3 k=46 order=2232 cyclic=false affine_classes=754 ms=561
GROUP n=6 d=3 k=47 order=744 cyclic=false affine_classes=396 ms=239
GROUP n=6 d=3 k=48 order=1116 cyclic=false affine_classes=392 ms=242
GROUP n=6 d=3 k=49 order=372 cyclic=false affine_classes=234 ms=141
GROUP n=6 d=3 k=50 order=558 cyclic=false affine_classes=220 ms=224
GROUP n=6 d=3 k=51 order=186 cyclic=false affine_classes=183 ms=93
GROUP n=6 d=3 k=52 order=1116 cyclic=false affine_classes=386 ms=504
GROUP n=6 d=3 k=53 order=372 cyclic=false affine_classes=228 ms=167
GROUP n=6 d=3 k=54 order=2232 cyclic=false affine_classes=751 ms=737
GROUP n=6 d=3 k=55 order=744 cyclic=false affine_classes=393 ms=349
GROUP n=6 d=3 k=56 order=4464 cyclic=false affine_classes=1307 ms=1033
GROUP n=6 d=3 k=57 order=1488 cyclic=false affine_classes=570 ms=385
GROUP n=6 d=3 k=58 order=504 cyclic=false affine_classes=256 ms=159
GROUP n=6 d=3 k=59 order=72 cyclic=false affine_classes=334 ms=98
GROUP n=6 d=3 k=60 order=168 cyclic=false affine_classes=234 ms=106
GROUP n=6 d=3 k=61 order=56 cyclic=false affine_classes=392 ms=95
GROUP n=6 d=3 k=62 order=252 cyclic=false affine_classes=314 ms=204
GROUP n=6 d=3 k=63 order=36 cyclic=false affine_classes=632 ms=107
GROUP n=6 d=3 k=64 order=84 cyclic=false affine_classes=396 ms=102
GROUP n=6 d=3 k=65 order=28 cyclic=false affine_classes=754 ms=112
GROUP n=6 d=3 k=66 order=126 cyclic=false affine_classes=343 ms=96
GROUP n=6 d=3 k=67 order=18 cyclic=false affine_classes=1060 ms=129
GROUP n=6 d=3 k=68 order=42 cyclic=false affine_classes=570 ms=96
GROUP n=6 d=3 k=69 order=14 cyclic=false affine_classes=1307 ms=138
GROUP n=6 d=3 k=70 order=252 cyclic=false affine_classes=128 ms=125
GROUP n=6 d=3 k=71 order=36 cyclic=false affine_classes=446 ms=182
GROUP n=6 d=3 k=72 order=84 cyclic=false affine_classes=210 ms=86
GROUP n=6 d=3 k=73 order=28 cyclic=false affine_classes=568 ms=103
GROUP n=6 d=3 k=74 order=504 cyclic=false affine_classes=163 ms=188
GROUP n=6 d=3 k=75 order=72 cyclic=false affine_classes=241 ms=97
GROUP n=6 d=3 k=76 order=168 cyclic=false affine_classes=141 ms=105
GROUP n=6 d=3 k=77 order=56 cyclic=false affine_classes=299 ms=87
GROUP n=6 d=3 k=78 order=1008 cyclic=false affine_classes=320 ms=247
GROUP n=6 d=3 k=79 order=144 cyclic=false affine_classes=197 ms=99
GROUP n=6 d=3 k=80 order=336 cyclic=false affine_classes=183 ms=132
GROUP n=6 d=3 k=81 order=112 cyclic=false affine_classes=220 ms=91
GROUP n=6 d=3 k=82 order=2976 cyclic=false affine_classes=505 ms=566
GROUP n=6 d=3 k=83 order=1488 cyclic=false affine_classes=446 ms=507
GROUP n=6 d=3 k=84 order=744 cyclic=false affine_classes=238 ms=206
GROUP n=6 d=6 k=1 order=7 cyclic=true affine_classes=2239 ms=0
GROUP n=6 d=6 k=2 order=9 cyclic=true affine_classes=1745 ms=0
GROUP n=6 d=6 k=3 order=14 cyclic=true affine_classes=1130 ms=0
GROUP n=6 d=6 k=4 order=18 cyclic=true affine_classes=886 ms=0
GROUP n=6 d=6 k=5 order=21 cyclic=true affine_classes=765 ms=0
GROUP n=6 d=6 k=6 order=28 cyclic=true affine_classes=586 ms=0
GROUP n=6 d=6 k=7 order=36 cyclic=true affine_classes=470 ms=0
GROUP n=6 d=6 k=8 order=42 cyclic=true affine_classes=414 ms=0
GROUP n=6 d=6 k=9 order=56 cyclic=true affine_classes=335 ms=0
GROUP n=6 d=6 k=10 order=63 cyclic=true affine_classes=311 ms=0
GROUP n=6 d=6 k=11 order=72 cyclic=true affine_classes=289 ms=0
GROUP n=6 d=6 k=12 order=84 cyclic=true affine_classes=270 ms=0
GROUP n=6 d=6 k=13 order=93 cyclic=true affine_classes=261 ms=0
GROUP n=6 d=6 k=14 order=126 cyclic=true affine_classes=250 ms=0
GROUP n=6 d=6 k=15 order=168 cyclic=true affine_classes=261 ms=0
GROUP n=6 d=6 k=16 order=186 cyclic=true affine_classes=270 ms=0
GROUP n=6 d=6 k=17 order=217 cyclic=true affine_classes=289 ms=0
GROUP n=6 d=6 k=18 order=248 cyclic=true affine_classes=311 ms=0
GROUP n=6 d=6 k=19 order=252 cyclic=true affine_classes=314 ms=0
GROUP n=6 d=6 k=20 order=279 cyclic=true affine_classes=335 ms=0
GROUP n=6 d=6 k=21 order=372 cyclic=true affine_classes=414 ms=0
GROUP n=6 d=6 k=22 order=434 cyclic=true affine_classes=470 ms=0
GROUP n=6 d=6 k=23 order=504 cyclic=true affine_classes=535 ms=0
GROUP n=6 d=6 k=24 order=558 cyclic=true affine_classes=586 ms=0
GROUP n=6 d=6 k=25 order=651 cyclic=true affine_classes=675 ms=0
GROUP n=6 d=6 k=26 order=744 cyclic=true affine_classes=765 ms=0
GROUP n=6 d=6 k=27 order=868 cyclic=true affine_classes=886 ms=0
GROUP n=6 d=6 k=28 order=1116 cyclic=true affine_classes=1130 ms=0
GROUP n=6 d=6 k=29 order=1302 cyclic=true affine_classes=1314 ms=0
GROUP n=6 d=6 k=30 order=1736 cyclic=true affine_classes=1745 ms=0
GROUP n=6 d=6 k=31 order=1953 cyclic=true affine_classes=1961 ms=0
GROUP n=6 d=6 k=32 order=2232 cyclic=true affine_classes=2239 ms=0
GROUP n=6 d=6 k=33 order=2604 cyclic=true affine_classes=2610 ms=0
GROUP n=6 d=6 k=34 order=3906 cyclic=true affine_classes=3910 ms=0
GROUP n=6 d=6 k=35 order=5208 cyclic=true affine_classes=5211 ms=0
GROUP n=6 d=6 k=36 order=7812 cyclic=true affine_classes=7814 ms=0
GROUP n=6 d=6 k=37 order=15624 cyclic=true affine_classes=15625 ms=0
DONE_DIM n=6 total=1867 eligible=1867 equalities=1 hits=0
DONE total=1915 eligible=1876 equalities=2 noncyclic_hits=0
