TABLE name=(2xA6).2_3 rows=16 total_pairs=92
TABLE name=2.A10 rows=39 total_pairs=822
TABLE name=2.A10.2 rows=57 total_pairs=2388
TABLE name=Isoclinic(2.A10.2) rows=57 total_pairs=3954
TABLE name=2.A11 rows=49 total_pairs=5113
TABLE name=2.A11.2 rows=74 total_pairs=7774
TABLE name=Isoclinic(2.A11.2) rows=74 total_pairs=10435
TABLE name=2.A12 rows=65 total_pairs=12488
TABLE name=2.A12.2 rows=100 total_pairs=17372
TABLE name=Isoclinic(2.A12.2) rows=100 total_pairs=22256
TABLE name=2.A13 rows=82 total_pairs=25541
TABLE name=2.A13.2 rows=128 total_pairs=33575
TABLE name=Isoclinic(2.A13.2) rows=128 total_pairs=41609
TABLE name=2.A14.2 rows=168 total_pairs=55459
TABLE name=Isoclinic(2.A14.2) rows=168 total_pairs=69309
TABLE name=2.A15.2 rows=216 total_pairs=92367
TABLE name=2.A16.2 rows=279 total_pairs=130967
TABLE name=2.A17.2 rows=354 total_pairs=193156
TABLE name=2.A18.2 rows=454 total_pairs=295696
TABLE name=2.A5 rows=9 total_pairs=295729
TABLE name=2.A5.2 rows=12 total_pairs=295780
TABLE name=Isoclinic(2.A5.2) rows=12 total_pairs=295831
TABLE name=2.A6 rows=13 total_pairs=295898
TABLE name=2.A6.2_1 rows=17 total_pairs=296018
TABLE name=2.A6.2_2 rows=20 total_pairs=296149
TABLE name=Isoclinic(2.A6.2_2) rows=20 total_pairs=296280
TABLE name=2.A7 rows=16 total_pairs=296391
TABLE name=2.A7.2 rows=23 total_pairs=296622
TABLE name=Isoclinic(2.A7.2) rows=23 total_pairs=296853
TABLE name=2.A8 rows=23 total_pairs=297090
TABLE name=2.A8.2 rows=31 total_pairs=297535
TABLE name=Isoclinic(2.A8.2) rows=31 total_pairs=297980
TABLE name=2.A9 rows=30 total_pairs=298400
TABLE name=2.A9.2 rows=42 total_pairs=299237
TABLE name=Isoclinic(2.A9.2) rows=42 total_pairs=300074
TABLE name=2F4(2)'M7 rows=13 total_pairs=300138
TABLE name=3.A6 rows=17 total_pairs=300261
TABLE name=3.A6.2^2 rows=20 total_pairs=300432
TABLE name=3.A6.2_1 rows=16 total_pairs=300542
TABLE name=3.A6.2_2 rows=16 total_pairs=300650
TABLE name=3.A6.2_3 rows=22 total_pairs=300841
TABLE name=3.A7 rows=23 total_pairs=301063
TABLE name=3.A7.2 rows=22 total_pairs=301280
TABLE name=Isoclinic(2.A6x2) rows=26 total_pairs=301548
TABLE name=4.A6.2_3 rows=22 total_pairs=301744
TABLE name=6.A6 rows=31 total_pairs=302167
TABLE name=6.A6.2_1 rows=26 total_pairs=302471
TABLE name=6.A6.2_2 rows=29 total_pairs=302813
TABLE name=Isoclinic(6.A6.2_2) rows=29 total_pairs=303155
TABLE name=6.A7 rows=40 total_pairs=303854
TABLE name=6.A7.2 rows=35 total_pairs=304416
TABLE name=Isoclinic(6.A7.2) rows=35 total_pairs=304978
TABLE name=A10 rows=24 total_pairs=305252
TABLE name=A10.2 rows=42 total_pairs=306093
TABLE name=A11 rows=31 total_pairs=306553
TABLE name=A11.2 rows=56 total_pairs=308062
TABLE name=A12 rows=43 total_pairs=308958
TABLE name=A12.2 rows=77 total_pairs=311839
TABLE name=A13 rows=55 total_pairs=313311
TABLE name=A13.2 rows=101 total_pairs=318278
TABLE name=A14 rows=72 total_pairs=320809
TABLE name=A5 rows=5 total_pairs=320818
TABLE name=A6M2 rows=5 total_pairs=320827
TABLE name=A5.2 rows=7 total_pairs=320845
TABLE name=A6.2_1M3 rows=7 total_pairs=320863
TABLE name=A6 rows=7 total_pairs=320882
TABLE name=A6.2^2 rows=13 total_pairs=320946
TABLE name=U4(3).2_3M10 rows=13 total_pairs=321010
TABLE name=A6.2_1 rows=11 total_pairs=321056
TABLE name=A6.2_2 rows=11 total_pairs=321100
TABLE name=A6.2_3 rows=8 total_pairs=321123
TABLE name=A7 rows=9 total_pairs=321157
TABLE name=A7.2 rows=15 total_pairs=321251
TABLE name=A8 rows=14 total_pairs=321338
TABLE name=A8.2 rows=22 total_pairs=321559
TABLE name=A9 rows=18 total_pairs=321710
TABLE name=A9.2 rows=30 total_pairs=322129
TABLE name=M12M4 rows=13 total_pairs=322193
TABLE name=A14.2 rows=135 total_pairs=331084
TABLE name=A15.2 rows=176 total_pairs=346354
TABLE name=A15 rows=94 total_pairs=350710
TABLE name=A16.2 rows=231 total_pairs=377120
TABLE name=A16 rows=123 total_pairs=384608
TABLE name=A17 rows=156 total_pairs=396665
TABLE name=A17.2 rows=297 total_pairs=440363
TABLE name=A18 rows=200 total_pairs=460241
TABLE name=A18.2 rows=385 total_pairs=533903
TABLE name=A19 rows=254 total_pairs=565943
TABLE name=A19.2 rows=490 total_pairs=685178
TABLE name=Isoclinic(6.A6x2) rows=62 total_pairs=686870
TABLE name=Isoclinic(3.A6.2_3x2) rows=44 total_pairs=687634
TABLE name=12.A6.2_3 rows=58 total_pairs=689086
TABLE name=2.F4(2) rows=170 total_pairs=703348
TABLE name=2.F4(2).2 rows=151 total_pairs=714582
TABLE name=Isoclinic(2.F4(2).2) rows=151 total_pairs=725816
TABLE name=Isoclinic(2x2.F4(2).2) rows=302 total_pairs=770752
TABLE name=2.(2xF4(2)).2 rows=302 total_pairs=815688
TABLE name=2.G2(4) rows=55 total_pairs=817135
TABLE name=2.G2(4).2 rows=65 total_pairs=819163
TABLE name=Isoclinic(2.G2(4).2) rows=65 total_pairs=821191
TABLE name=2.Sz(8) rows=19 total_pairs=821348
TABLE name=2^2.Sz(8) rows=35 total_pairs=821855
TABLE name=2^2.Sz(8).3 rows=25 total_pairs=822125
TABLE name=3.G2(3) rows=45 total_pairs=823069
TABLE name=3.G2(3).2 rows=39 total_pairs=823789
TABLE name=F4(2) rows=95 total_pairs=828210
TABLE name=F4(2).2 rows=91 total_pairs=832258
TABLE name=G2(3) rows=23 total_pairs=832502
TABLE name=G2(3).2 rows=28 total_pairs=832865
TABLE name=G2(4) rows=32 total_pairs=833337
TABLE name=G2(4).2 rows=40 total_pairs=834090
TABLE name=G2(5) rows=44 total_pairs=834984
TABLE name=G2(7) rows=72 total_pairs=837290
TABLE name=R(27) rows=35 total_pairs=837792
TABLE name=R(27).3 rows=41 total_pairs=838545
TABLE name=Sz(32) rows=35 total_pairs=838974
TABLE name=Sz(32).5 rows=31 total_pairs=839360
TABLE name=Sz(8) rows=11 total_pairs=839408
TABLE name=Sz(8).3 rows=17 total_pairs=839520
TABLE name=3^(1+10):U5(2):2 rows=187 total_pairs=856704
TABLE name=3^5:U4(2) rows=65 total_pairs=858650
TABLE name=3^7:O7(3) rows=191 total_pairs=876508
TABLE name=2^7:S6(2) rows=134 total_pairs=885092
TABLE name=2^8:O8+(2) rows=124 total_pairs=892602
TABLE name=2^8:S8(2) rows=195 total_pairs=911331
TABLE name=2^(1+22).Co2 rows=448 total_pairs=1010991
TABLE name=2.Co1 rows=167 total_pairs=1024837
TABLE name=2.J2 rows=38 total_pairs=1025525
TABLE name=2.J2.2 rows=46 total_pairs=1026534
TABLE name=Isoclinic(2.J2.2) rows=46 total_pairs=1027543
TABLE name=3.J3 rows=55 total_pairs=1028961
TABLE name=3.J3.2 rows=47 total_pairs=1030006
TABLE name=Co1 rows=101 total_pairs=1035053
TABLE name=Co2 rows=60 total_pairs=1036813
TABLE name=Co3 rows=42 total_pairs=1037665
TABLE name=J1 rows=15 total_pairs=1037759
TABLE name=J2 rows=21 total_pairs=1037964
TABLE name=J2.2 rows=27 total_pairs=1038304
TABLE name=J3 rows=21 total_pairs=1038506
TABLE name=J3.2 rows=30 total_pairs=1038912
TABLE name=J4 rows=62 total_pairs=1040779
TABLE name=NDG(12.M22,3^2) rows=58 total_pairs=1042051
TABLE name=12.M22N3 rows=64 total_pairs=1043411
TABLE name=3xIsoclinic(2x5:8) rows=60 total_pairs=1043987
TABLE name=12x7:3 rows=60 total_pairs=1044851
TABLE name=12x11:5 rows=84 total_pairs=1046291
TABLE name=3x2.M22N2 rows=93 total_pairs=1049153
TABLE name=2x3.(A4x3):2 rows=38 total_pairs=1049617
TABLE name=(GL(2,3)x2F4(2)').2 rows=196 total_pairs=1068288
TABLE name=D8x2F4(2)'.2 rows=145 total_pairs=1078062
TABLE name=QD16.2 rows=11 total_pairs=1078088
TABLE name=(QD16x2F4(2)').2 rows=167 total_pairs=1091246
TABLE name=2.(3^2:D8xU4(3).2^2).2 rows=453 total_pairs=1190969
TABLE name=2xBN5 rows=116 total_pairs=1196525
TABLE name=(5^2:4S4x2.A5):2 rows=192 total_pairs=1213605
TABLE name=2.BN7 rows=108 total_pairs=1218339
TABLE name=(3^2x2).U4(3).D8 rows=193 total_pairs=1236426
TABLE name=NDG(2.Co1,3^3) rows=137 total_pairs=1245283
TABLE name=NDG(Co1,5^2) rows=62 total_pairs=1247011
TABLE name=NDG(2.Co1,5^2) rows=108 total_pairs=1252279
TABLE name=2xCo1N3 rows=256 total_pairs=1280763
TABLE name=2xCo1N5 rows=74 total_pairs=1282699
TABLE name=2x5^(1+2):GL2(5) rows=76 total_pairs=1285187
TABLE name=2x7^2:(3x2A4) rows=54 total_pairs=1286231
TABLE name=2.HS.2N3 rows=36 total_pairs=1286707
TABLE name=2.HSN2 rows=58 total_pairs=1287835
TABLE name=2.HS.2N2 rows=74 total_pairs=1289919
TABLE name=NDG(2.HS,Q8) rows=35 total_pairs=1290370
TABLE name=NDG(2.HS,Q8).2 rows=34 total_pairs=1290837
TABLE name=5^(1+2):8:4 rows=34 total_pairs=1291237
TABLE name=2.J2N2 rows=37 total_pairs=1291758
TABLE name=2.J2N3 rows=26 total_pairs=1291934
TABLE name=2.J2.2N5 rows=32 total_pairs=1292254
TABLE name=2.M12N2 rows=23 total_pairs=1292424
TABLE name=2xM12N3 rows=22 total_pairs=1292592
TABLE name=2.RuN2 rows=131 total_pairs=1299466
TABLE name=5^(1+2):(4x4):4 rows=50 total_pairs=1300442
TABLE name=3.F3+N5 rows=136 total_pairs=1308302
TABLE name=3.F3+.2N5 rows=140 total_pairs=1317078
TABLE name=3xF3+N7 rows=93 total_pairs=1320318
TABLE name=3.F3+.2N7 rows=72 total_pairs=1322375
TABLE name=(A4x11:5).2 rows=29 total_pairs=1322678
TABLE name=3x(A4x11:5).2 rows=87 total_pairs=1325405
TABLE name=(3^(1+2)_+:2x13:6).2 rows=94 total_pairs=1328293
TABLE name=3x17:16 rows=51 total_pairs=1328437
TABLE name=3x23:11 rows=39 total_pairs=1328635
TABLE name=3x29:14 rows=48 total_pairs=1328887
TABLE name=3x(D10xA9).2 rows=234 total_pairs=1354942
TABLE name=3x(3xA6):2_2 rows=54 total_pairs=1356148
TABLE name=3.(3xM10):2 rows=39 total_pairs=1356810
TABLE name=3xJ3N2 rows=57 total_pairs=1358034
TABLE name=3^3.3^(1+2):8 rows=40 total_pairs=1358629
TABLE name=3^3.3^(1+2):8.2 rows=32 total_pairs=1359060
TABLE name=3.McL.2N5 rows=45 total_pairs=1359828
TABLE name=3xMcLN2 rows=51 total_pairs=1360656
TABLE name=(3xMcLN2).2 rows=39 total_pairs=1361206
TABLE name=McL.2N3 rows=30 total_pairs=1361580
TABLE name=3.McL.2N3 rows=45 total_pairs=1362405
TABLE name=3xONN2 rows=96 total_pairs=1365798
TABLE name=ON.2N2 rows=40 total_pairs=1366399
TABLE name=(3xONN2).2 rows=72 total_pairs=1368370
TABLE name=NDG(ON,D8) rows=24 total_pairs=1368567
TABLE name=NDG(3.ON,D8) rows=62 total_pairs=1370068
TABLE name=NDG(ON,D8).2 rows=36 total_pairs=1370505
TABLE name=3x(4x2^2).2^4.S3 rows=72 total_pairs=1372665
TABLE name=3x(4^2x2).2^3.S3 rows=78 total_pairs=1375140
TABLE name=3.ON.2N3 rows=38 total_pairs=1375773
TABLE name=3.ON.2M4 rows=64 total_pairs=1377643
TABLE name=3.ON.2N7 rows=57 total_pairs=1378898
TABLE name=2.M22N2 rows=31 total_pairs=1379216
TABLE name=4.M22N2 rows=35 total_pairs=1379654
TABLE name=3x4.M22N2 rows=105 total_pairs=1383596
TABLE name=Isoclinic(2x(2.A4x3).2) rows=30 total_pairs=1383924
TABLE name=Isoclinic(4x3^2:Q8) rows=24 total_pairs=1384068
TABLE name=Isoclinic(2x5:8) rows=20 total_pairs=1384132
TABLE name=4x7:3 rows=20 total_pairs=1384228
TABLE name=4x11:5 rows=28 total_pairs=1384388
TABLE name=2x11:10 rows=22 total_pairs=1384428
TABLE name=6.A6N2 rows=21 total_pairs=1384536
TABLE name=2^6.2^5.S6 rows=137 total_pairs=1393196
TABLE name=2^10.2^3.L3(2) rows=105 total_pairs=1398161
TABLE name=2^(5+8):(2xA6) rows=88 total_pairs=1401785
TABLE name=(2x2^(1+8)_+).2.2^4.(S3xS3) rows=167 total_pairs=1414851
TABLE name=2^(5+8):(S3xS4) rows=139 total_pairs=1423789
TABLE name=2^(5+8):(S3xD8) rows=196 total_pairs=1441231
TABLE name=2^10.2^4.S5 rows=97 total_pairs=1445513
TABLE name=2^(5+8):(2xS4) rows=149 total_pairs=1455305
TABLE name=2^10.2^2.2^2.S4 rows=150 total_pairs=1465224
TABLE name=2^10.2^3.S4 rows=199 total_pairs=1482434
TABLE name=2^(5+8):(S3x3.A6) rows=286 total_pairs=1521641
TABLE name=2^(5+8):(2x3.A6) rows=248 total_pairs=1550277
TABLE name=S3x6_1.U4(3).2_2 rows=507 total_pairs=1675020
TABLE name=2x3^5:U4(2):2 rows=152 total_pairs=1685880
TABLE name=2x3^5.3^3.(2xS4) rows=200 total_pairs=1703976
TABLE name=2x(3^(1+6).3)a.2.S4 rows=146 total_pairs=1713480
TABLE name=2x(3^(1+6).3)b.2.S4 rows=146 total_pairs=1722984
TABLE name=2x3^5.3^(1+2).2.S4 rows=158 total_pairs=1734012
TABLE name=2xFi22N3 rows=206 total_pairs=1751036
TABLE name=2xS3x7:6 rows=42 total_pairs=1751548
TABLE name=2^2x11:5 rows=28 total_pairs=1751708
TABLE name=2x13:6 rows=16 total_pairs=1751756
TABLE name=3.Fi22N3 rows=125 total_pairs=1758302
TABLE name=3x2^6:S6(2) rows=201 total_pairs=1777616
TABLE name=S3x3_1.U4(3).2_2 rows=276 total_pairs=1814099
TABLE name=3.3^(1+6):2^(3+4):3^2:2 rows=170 total_pairs=1827594
TABLE name=3x2^6.2^5.S6 rows=411 total_pairs=1905534
TABLE name=3x2^10.2^3.L3(2) rows=315 total_pairs=1950219
TABLE name=3x2^10.2^4.S5 rows=291 total_pairs=1988757
TABLE name=3x2^(5+8):(S3xS4) rows=417 total_pairs=2069199
TABLE name=3x(2x2^(1+8)_+).2.2^4.(S3xS3) rows=501 total_pairs=2186793
TABLE name=3x2^10.2^3.S4 rows=597 total_pairs=2341683
TABLE name=3x2^10.2^2.2^2.S4 rows=450 total_pairs=2430954
TABLE name=3x2^(5+8):(S3xD8) rows=588 total_pairs=2587932
TABLE name=3x2^(5+8):(2xS4) rows=447 total_pairs=2676060
TABLE name=3xFi22N2 rows=645 total_pairs=2848590
TABLE name=3x5:4xS5 rows=105 total_pairs=2852964
TABLE name=6x5:4xS5 rows=210 total_pairs=2870460
TABLE name=3xFi22N5 rows=60 total_pairs=2871864
TABLE name=3xS3x7:6 rows=63 total_pairs=2873016
TABLE name=6xS3x7:6 rows=126 total_pairs=2877624
TABLE name=6x11:5 rows=42 total_pairs=2877984
TABLE name=2x6x11:5 rows=84 total_pairs=2879424
TABLE name=2x3.Fi22N3 rows=250 total_pairs=2905608
TABLE name=2xFi22N5 rows=40 total_pairs=2906232
TABLE name=6xFi22N5 rows=120 total_pairs=2911848
TABLE name=3x5^2:(4xS3) rows=48 total_pairs=2912568
TABLE name=3x2.J2.2N5 rows=96 total_pairs=2915448
TABLE name=D8xS6(2) rows=150 total_pairs=2926213
TABLE name=NDG(He.2,3^2) rows=31 total_pairs=2926631
TABLE name=NDG(HN,3^2) rows=42 total_pairs=2927425
TABLE name=NDG(HN.2,3^2) rows=72 total_pairs=2929788
TABLE name=HNN3 rows=30 total_pairs=2930168
TABLE name=HN.2N3 rows=48 total_pairs=2931161
TABLE name=3^4.(3xSL(2,3)).2 rows=30 total_pairs=2931548
TABLE name=HNN5 rows=68 total_pairs=2933460
TABLE name=NDG(J4,3^2) rows=31 total_pairs=2933878
TABLE name=(3^(1+2):2^2xG2(3)):2 rows=209 total_pairs=2955159
TABLE name=(3^2:2x13:6).2 rows=42 total_pairs=2955671
TABLE name=(D10xA9).2 rows=78 total_pairs=2958566
TABLE name=MN5 rows=201 total_pairs=2976930
TABLE name=(11:5xM12):2 rows=120 total_pairs=2983620
TABLE name=2F4(2)'N2 rows=35 total_pairs=2984102
TABLE name=2F4(2)'.2N2 rows=61 total_pairs=2985574
TABLE name=2^(3+1+3).L3(2) rows=32 total_pairs=2986019
TABLE name=2^(2+2+4).(S3xS3) rows=40 total_pairs=2986724
TABLE name=NRS(M24,2^(2+2+4)a) rows=40 total_pairs=2987429
TABLE name=NRS(M24,2^(4+4)) rows=41 total_pairs=2988130
TABLE name=[2^9].S3a rows=45 total_pairs=2988974
TABLE name=NRS(M24,[2^9]a) rows=45 total_pairs=2989818
TABLE name=[2^9].S3b rows=48 total_pairs=2990747
TABLE name=NRS(M24,[2^9]b) rows=48 total_pairs=2991676
TABLE name=L3(2)xS3 rows=18 total_pairs=2991814
TABLE name=3x2^(1+4)_-:A5 rows=48 total_pairs=2992813
TABLE name=3x2^(2+4):(3xS3) rows=60 total_pairs=2994190
TABLE name=3x11:5 rows=21 total_pairs=2994280
TABLE name=6x7:3 rows=30 total_pairs=2994496
TABLE name=G2(3).2N2 rows=17 total_pairs=2994588
TABLE name=3^2.(3x3^(1+2)+):2^2 rows=40 total_pairs=2995169
TABLE name=3^3.(3x3^(1+2)+):2^2 rows=48 total_pairs=2996070
TABLE name=U3(5).2N2 rows=11 total_pairs=2996096
TABLE name=(D10xU3(5)N2).2 rows=29 total_pairs=2996358
TABLE name=5:4xU3(5).2N2 rows=55 total_pairs=2997252
TABLE name=2^(1+8)_+.(2xA5) rows=55 total_pairs=2998629
TABLE name=2^(1+8)_+.(A4xA5) rows=56 total_pairs=3000029
TABLE name=2^(1+8)_+.(A4xA4).2 rows=61 total_pairs=3001705
TABLE name=(D8xA6).2^2 rows=47 total_pairs=3002646
TABLE name=(7:3xA5):2 rows=26 total_pairs=3002919
TABLE name=2^(2+1+2+4+2).(3xS4) rows=66 total_pairs=3004853
TABLE name=D8xU3(3).2 rows=80 total_pairs=3007749
TABLE name=(Q16xU3(3)).2 rows=94 total_pairs=3011828
TABLE name=3x4^2:D12 rows=42 total_pairs=3012476
TABLE name=3xM12N2 rows=48 total_pairs=3013160
TABLE name=3x7:6 rows=21 total_pairs=3013214
TABLE name=3x13:6 rows=24 total_pairs=3013322
TABLE name=6x13:6 rows=48 total_pairs=3013754
TABLE name=S3x13:6 rows=24 total_pairs=3013942
TABLE name=5:4xS7 rows=75 total_pairs=3016440
TABLE name=S3xA5 rows=15 total_pairs=3016535
TABLE name=G2(4)N2 rows=46 total_pairs=3017351
TABLE name=3^(1+2):8:4 rows=28 total_pairs=3017651
TABLE name=S3x2.A5 rows=27 total_pairs=3017962
TABLE name=2.A5.2xS3 rows=36 total_pairs=3018505
TABLE name=2.D10xA5 rows=40 total_pairs=3019193
TABLE name=(7:3x3):4 rows=24 total_pairs=3019373
TABLE name=2.M12N5 rows=14 total_pairs=3019429
TABLE name=7:12 rows=14 total_pairs=3019453
TABLE name=NRS(M22,[2^6]) rows=12 total_pairs=3019502
TABLE name=2^(2+8):(3xA5):2 rows=43 total_pairs=3020333
TABLE name=2^(4+6):(A5x3):2 rows=42 total_pairs=3021139
TABLE name=2.HSN3A rows=42 total_pairs=3021891
TABLE name=2^3.(2x2^3.L3(2)) rows=32 total_pairs=3022336
TABLE name=(7:3xL2(7)):2 rows=33 total_pairs=3022773
TABLE name=F4(2)N7B rows=33 total_pairs=3023210
TABLE name=3x19:9 rows=33 total_pairs=3023372
TABLE name=3x17:8 rows=30 total_pairs=3023516
TABLE name=3xD6xD10 rows=36 total_pairs=3023912
TABLE name=3x2^3.S4v1 rows=42 total_pairs=3024560
TABLE name=3xNRS(M22,[2^6]) rows=36 total_pairs=3025001
TABLE name=2.2^3.2^5.S3 rows=45 total_pairs=3025845
TABLE name=(2^2x4).2^5.S3 rows=45 total_pairs=3026689
TABLE name=2.2^4.2^4.S3 rows=58 total_pairs=3028114
TABLE name=(2x4^2).2^4.S3 rows=48 total_pairs=3029043
TABLE name=2.2^(4+6).2.S3 rows=64 total_pairs=3030767
TABLE name=S3xU4(2).2 rows=75 total_pairs=3033393
TABLE name=3^4.A6.D8 rows=42 total_pairs=3034181
TABLE name=(Q8xD14):3 rows=19 total_pairs=3034315
TABLE name=(Q8x13:4):3 rows=33 total_pairs=3034699
TABLE name=5:4xS5x2 rows=70 total_pairs=3036643
TABLE name=2^5.2^4.L4(2) rows=47 total_pairs=3037685
TABLE name=(2^5.2^6)a.(S3xL3(2)) rows=56 total_pairs=3039145
TABLE name=(2^5.2^6)b.(L3(2)xS3) rows=55 total_pairs=3040561
TABLE name=2^5.2^6.(2xL3(2)) rows=57 total_pairs=3042059
TABLE name=(2^5.2^6.2^2)a.S3^2 rows=69 total_pairs=3044207
TABLE name=(2^5.2^6.2^2)b.S3^2 rows=67 total_pairs=3046275
TABLE name=2^5.2^6.D8.S3 rows=75 total_pairs=3048783
TABLE name=(2^(1+8).2^3)a.L3(2) rows=60 total_pairs=3050443
TABLE name=(2^(1+8).2^3)b.L3(2) rows=57 total_pairs=3051931
TABLE name=2^(1+8).2^4.S3^2 rows=68 total_pairs=3054046
TABLE name=2^(1+8).2^4.2.S3 rows=79 total_pairs=3056786
TABLE name=2^(1+8).2^3.2^2.S3 rows=73 total_pairs=3059156
TABLE name=2^(1+8).2^(1+4).S3 rows=75 total_pairs=3061664
TABLE name=2^(1+8).2^2.(3xA5).2 rows=52 total_pairs=3062928
TABLE name=2^(1+8).2^2.S3^2 rows=60 total_pairs=3064518
TABLE name=2^(1+8).D8.S3 rows=64 total_pairs=3066242
TABLE name=(D10xA6).2 rows=23 total_pairs=3066465
TABLE name=5:8 rows=10 total_pairs=3066481
TABLE name=(2.D10xA6).2 rows=46 total_pairs=3067373
TABLE name=2x3^5:(3^2:SD16) rows=78 total_pairs=3069681
TABLE name=31:6 rows=11 total_pairs=3069711
TABLE name=11:5xS3 rows=21 total_pairs=3069859
TABLE name=(SL2(3)x7:3).2 rows=31 total_pairs=3070249
TABLE name=3^5.3^3.(2xS4) rows=100 total_pairs=3074773
TABLE name=(3^(1+6).3)a.2.S4 rows=73 total_pairs=3077149
TABLE name=(3^(1+6).3)b.2.S4 rows=73 total_pairs=3079525
TABLE name=3^5.3^(1+2).2.S4 rows=79 total_pairs=3082282
TABLE name=(3^2:4xD10).2 rows=18 total_pairs=3082398
TABLE name=(3^2:D8xD10).2 rows=27 total_pairs=3082684
TABLE name=S4x3^2:4 rows=30 total_pairs=3083044
TABLE name=S4x3^(1+2):4 rows=70 total_pairs=3084988
TABLE name=(3^(1+2):4xD10).2 rows=46 total_pairs=3085832
TABLE name=3x7^(1+2):(D8x3) rows=72 total_pairs=3087587
TABLE name=3x19:6 rows=27 total_pairs=3087749
TABLE name=3x31:15 rows=51 total_pairs=3088019
TABLE name=2.(S4xS5) rows=44 total_pairs=3088906
TABLE name=2.D8.S5 rows=39 total_pairs=3089549
TABLE name=(2^(1+4)x3).GO+(4,2) rows=48 total_pairs=3090566
TABLE name=2^(1+4).S3^2 rows=31 total_pairs=3090969
TABLE name=2.(D8x2^2).S3 rows=28 total_pairs=3091272
TABLE name=2.2^4.2.S3 rows=28 total_pairs=3091575
TABLE name=(4x2^2).2^4.S3 rows=24 total_pairs=3091815
TABLE name=(4^2x2).2^3.S3 rows=26 total_pairs=3092090
TABLE name=2^(1+6)_-.2^4.A5 rows=60 total_pairs=3093751
TABLE name=2^(4+6).2^2.(3xS3) rows=77 total_pairs=3096429
TABLE name=2^(2+8).2^2.(3xS3) rows=59 total_pairs=3097962
TABLE name=(A4x7:3):2 rows=19 total_pairs=3098097
TABLE name=S4x3^2:Q8 rows=30 total_pairs=3098458
TABLE name=11:20 rows=22 total_pairs=3098498
TABLE name=(SL(2,3)x7:3).2 rows=31 total_pairs=3098888
TABLE name=3x(A5xD10).2 rows=57 total_pairs=3100211
TABLE name=(D10x3.A6).2_3 rows=61 total_pairs=3101846
TABLE name=3x(A4x7:3):2 rows=57 total_pairs=3103061
TABLE name=3x11:10 rows=33 total_pairs=3103151
TABLE name=S4x3^(1+2)_+:Q8 rows=80 total_pairs=3105772
TABLE name=D8x3^(1+2)_+:Q8 rows=80 total_pairs=3108161
TABLE name=2.(D8x3^2:Q8) rows=36 total_pairs=3108624
TABLE name=3x2^(1+6)_-.2^4.A5 rows=180 total_pairs=3123573
TABLE name=3x2^(2+8).2^2.(3xS3) rows=177 total_pairs=3137370
TABLE name=3x2^(4+6).2^2.(3xS3) rows=231 total_pairs=3161472
TABLE name=3xSuzN2 rows=243 total_pairs=3187536
TABLE name=(2.D10x3.A6).2_3 rows=122 total_pairs=3194076
TABLE name=3x(SL(2,3)x7:3).2 rows=93 total_pairs=3197586
TABLE name=3x11:20 rows=66 total_pairs=3197946
TABLE name=3x(2x13).6 rows=48 total_pairs=3198378
TABLE name=3x(2.A5xD10).2 rows=99 total_pairs=3202365
TABLE name=2^(1+8)_+.2^5.S4(2) rows=148 total_pairs=3212706
TABLE name=2^3.(2x2^(1+3+3+3).L3(2)) rows=186 total_pairs=3228207
TABLE name=2^(1+1+3+3).(2x2^(3+3).L3(2)) rows=147 total_pairs=3238226
TABLE name=2^(1+1+2+4).(2x2^(2+4).S3^2) rows=262 total_pairs=3269595
TABLE name=2^10.2^3.2^3.S3 rows=354 total_pairs=3323276
TABLE name=2^(1+8)_+.2^3.2^2.2^3.S3 rows=270 total_pairs=3355623
TABLE name=2^(1+8)_+.2^2.2^2.2^4.S3 rows=264 total_pairs=3386792
TABLE name=2^(1+8)_+.2^3.2^5.S3 rows=261 total_pairs=3417303
TABLE name=3xD10 rows=12 total_pairs=3417339
TABLE name=2.SuzN2 rows=132 total_pairs=3425026
TABLE name=2.G2(4)N2 rows=71 total_pairs=3427090
TABLE name=3.3^5:(3^2:SD16) rows=115 total_pairs=3432747
TABLE name=3x2.SuzN2 rows=396 total_pairs=3501930
TABLE name=2x3.3^5:(3^2:SD16) rows=230 total_pairs=3524558
TABLE name=2.(D8x3^(1+2)_+:Q8) rows=94 total_pairs=3528101
TABLE name=2.Fi22N2 rows=319 total_pairs=3569371
TABLE name=3x2.Fi22N2 rows=957 total_pairs=3940801
TABLE name=(2^2x11:5).2 rows=29 total_pairs=3941001
TABLE name=2^5:A6 rows=24 total_pairs=3941249
TABLE name=3^4:S6 rows=33 total_pairs=3941722
TABLE name=3^4:3^2:D8 rows=39 total_pairs=3942325
TABLE name=S3x5:4 rows=15 total_pairs=3942395
TABLE name=3^3:(S3x2) rows=17 total_pairs=3942491
TABLE name=3^3:S3 rows=22 total_pairs=3942638
TABLE name=2^4:A4 rows=16 total_pairs=3942726
TABLE name=2x7:6 rows=14 total_pairs=3942750
TABLE name=5:4xS4 rows=25 total_pairs=3942986
TABLE name=(3x2.D10).2 rows=18 total_pairs=3943090
TABLE name=2.A8N3 rows=15 total_pairs=3943158
TABLE name=S6(2)N2 rows=56 total_pairs=3944234
TABLE name=2x3^3:S3 rows=44 total_pairs=3944822
TABLE name=2.U4(2)N2 rows=20 total_pairs=3944959
TABLE name=2.(S3x5:4) rows=24 total_pairs=3945155
TABLE name=2x3^3:(S3x2) rows=34 total_pairs=3945539
TABLE name=2^6:S4a rows=40 total_pairs=3946179
TABLE name=2^6:S4b rows=40 total_pairs=3946819
TABLE name=2.[2^6].(2xS3) rows=53 total_pairs=3947984
TABLE name=3x2.D10 rows=24 total_pairs=3948128
TABLE name=(D10x2^3.L3(2)).2 rows=43 total_pairs=3948958
TABLE name=7:3xS5 rows=35 total_pairs=3949486
TABLE name=31:10 rows=13 total_pairs=3949516
TABLE name=23:22 rows=23 total_pairs=3949538
TABLE name=11:10xS3 rows=33 total_pairs=3949830
TABLE name=(7:3xA7):2 rows=54 total_pairs=3951109
TABLE name=(13:6xA4).2 rows=34 total_pairs=3951520
TABLE name=5^3:(4x(2xA5).2) rows=88 total_pairs=3954868
TABLE name=(D10xJ2).2 rows=75 total_pairs=3957567
TABLE name=2^4:A4b rows=9 total_pairs=3957590
TABLE name=3^4.3^2:4 rows=24 total_pairs=3957814
TABLE name=2^(4+8).(2xA4) rows=81 total_pairs=3960684
TABLE name=2^9.2^4.A5a rows=53 total_pairs=3961927
TABLE name=2^9.2^4.A5b rows=59 total_pairs=3963425
TABLE name=2^(4+8):(A4xS3) rows=96 total_pairs=3967653
TABLE name=S6xD8 rows=55 total_pairs=3968887
TABLE name=(2^4:A4xA4).2 rows=56 total_pairs=3970275
TABLE name=(2x2^(1+8)_+).O8+(2) rows=264 total_pairs=4004714
TABLE name=2.2^(2+12):(A8xS3) rows=248 total_pairs=4034763
TABLE name=2.(A5wr2) rows=34 total_pairs=4035285
TABLE name=(D10x2.(A5xA5).2).2 rows=116 total_pairs=4041471
TABLE name=(11:5xD12).2 rows=51 total_pairs=4042249
TABLE name=2.(13:6xA4).2 rows=55 total_pairs=4043428
TABLE name=(7:3x2.A7):2 rows=85 total_pairs=4046710
TABLE name=2.(D10xJ2).2 rows=130 total_pairs=4054908
TABLE name=2x(7:3xL2(7)):2 rows=66 total_pairs=4056656
TABLE name=(7:3x2.L3(4).2).2 rows=144 total_pairs=4066098
TABLE name=(3^(1+2):8x2.A6).2 rows=137 total_pairs=4074955
TABLE name=3^6:L4(3):2_2 rows=159 total_pairs=4087156
TABLE name=3^(3+6):(L3(3)x2) rows=149 total_pairs=4097566
TABLE name=2^(1+6).3^(1+2).2S4 rows=53 total_pairs=4098895
TABLE name=L3(3)x2 rows=24 total_pairs=4099123
TABLE name=(3xSL(2,3)):2 rows=15 total_pairs=4099205
TABLE name=S3x(3xSL(2,3)):2 rows=45 total_pairs=4099989
TABLE name=2^(1+4)_+.(S3x3^2:2) rows=48 total_pairs=4100973
TABLE name=A7xS3 rows=27 total_pairs=4101305
TABLE name=D8xS3 rows=15 total_pairs=4101367
TABLE name=2.2^4.(S3x3^2:2) rows=48 total_pairs=4102351
TABLE name=2.2^(4+12).(S3x3S6) rows=305 total_pairs=4147590
TABLE name=2x3^(1+4).2U4(2).2 rows=180 total_pairs=4163226
TABLE name=3^(3+4):(2.S4)^2 rows=204 total_pairs=4182918
TABLE name=(2.A7xL2(7)).2 rows=108 total_pairs=4188529
TABLE name=(2.A6xU3(3)).2 rows=154 total_pairs=4200092
TABLE name=(2.A4x2.G2(4)).2 rows=305 total_pairs=4245975
TABLE name=2.(A4xG2(4)).2 rows=160 total_pairs=4258526
TABLE name=(2.A5x2.J2).2 rows=306 total_pairs=4304591
TABLE name=2.(A5xJ2).2 rows=157 total_pairs=4316706
TABLE name=2(S4xS4) rows=34 total_pairs=4317199
TABLE name=S3x2.S4 rows=24 total_pairs=4317424
TABLE name=2^6:S7 rows=55 total_pairs=4318787
TABLE name=S4xU3(3).2 rows=80 total_pairs=4321787
TABLE name=A8xS3 rows=42 total_pairs=4322606
TABLE name=2x2.M12 rows=52 total_pairs=4323866
TABLE name=2x2.A4xS3 rows=42 total_pairs=4324486
TABLE name=2^2x3^2.2.S4 rows=44 total_pairs=4325270
TABLE name=2.S4x2.S4 rows=64 total_pairs=4327015
TABLE name=2x2.U4(2).2 rows=76 total_pairs=4329663
TABLE name=2x2.(3^3:(S4x2)) rows=68 total_pairs=4331659
TABLE name=2xS3x2.S4 rows=48 total_pairs=4332559
TABLE name=S3x3.S6 rows=48 total_pairs=4333597
TABLE name=2x3.S6 rows=32 total_pairs=4334037
TABLE name=(D10xD10).2^2 rows=16 total_pairs=4334113
TABLE name=(3x3^3:S3):2 rows=39 total_pairs=4334607
TABLE name=(3x3^(1+2)+:2A4).2 rows=42 total_pairs=4335354
TABLE name=2^12.(S3x3S6) rows=140 total_pairs=4344670
TABLE name=2^12.(2^2xD8) rows=590 total_pairs=4484086
TABLE name=2^(3+3+3).L3(2) rows=45 total_pairs=4484968
TABLE name=NRS(O8+(2),2^(3+3+3)_a) rows=45 total_pairs=4485850
TABLE name=NRS(O8+(2),2^(3+3+3)_b) rows=45 total_pairs=4486732
TABLE name=O8+(2)N2 rows=103 total_pairs=4490828
TABLE name=5:4xS6 rows=55 total_pairs=4492094
TABLE name=E6(2) rows=180 total_pairs=4507984
TABLE name=F4(3) rows=273 total_pairs=4544836
TABLE name=2.Fi22 rows=114 total_pairs=4551213
TABLE name=2.Fi22.2 rows=150 total_pairs=4562276
TABLE name=Isoclinic(2.Fi22.2) rows=150 total_pairs=4573339
TABLE name=3.Fi22 rows=165 total_pairs=4586729
TABLE name=3.Fi22.2 rows=162 total_pairs=4599669
TABLE name=6.Fi22 rows=282 total_pairs=4638942
TABLE name=6.Fi22.2 rows=234 total_pairs=4666042
TABLE name=Isoclinic(6.Fi22.2) rows=234 total_pairs=4693142
TABLE name=Fi22 rows=65 total_pairs=4695204
TABLE name=Fi22.2 rows=112 total_pairs=4701336
TABLE name=3.F3+ rows=256 total_pairs=4733821
TABLE name=3.F3+.2 rows=257 total_pairs=4766595
TABLE name=F3+ rows=108 total_pairs=4772356
TABLE name=F3+.2 rows=183 total_pairs=4788899
TABLE name=Fi23 rows=98 total_pairs=4793637
TABLE name=P1/G1/L1/V1/ext2 rows=12 total_pairs=4793695
TABLE name=P1/G1/L1/V1/ext3 rows=24 total_pairs=4793931
TABLE name=P1/G1/L1/V1/ext4 rows=42 total_pairs=4794647
TABLE name=P1/G1/L1/V1/ext5 rows=77 total_pairs=4797112
TABLE name=P1/G1/L1/V1/ext6 rows=102 total_pairs=4801236
TABLE name=P1/G1/L1/V2/ext3 rows=24 total_pairs=4801472
TABLE name=P1/G1/L1/V2/ext6 rows=102 total_pairs=4805596
TABLE name=P1/G2/L1/V1/ext2 rows=16 total_pairs=4805706
TABLE name=P1/G2/L1/V1/ext3 rows=48 total_pairs=4806694
TABLE name=P1/G2/L1/V1/ext4 rows=88 total_pairs=4809638
TABLE name=P1/G2/L1/V2/ext2 rows=16 total_pairs=4809748
TABLE name=P1/G2/L1/V2/ext4 rows=88 total_pairs=4812692
TABLE name=P1/G2/L2/V2/ext2 rows=14 total_pairs=4812774
TABLE name=P1/G2/L2/V2/ext4 rows=80 total_pairs=4815284
TABLE name=P1/G3/L2/V1/ext2 rows=30 total_pairs=4815664
TABLE name=P1/G3/L2/V1/ext3 rows=53 total_pairs=4816729
TABLE name=P11/G1/L1/V1/ext2 rows=24 total_pairs=4816964
TABLE name=P11/G1/L1/V1/ext3 rows=36 total_pairs=4817406
TABLE name=P11/G1/L1/V1/ext4 rows=104 total_pairs=4821823
TABLE name=P11/G1/L1/V2/ext2 rows=24 total_pairs=4822058
TABLE name=P11/G1/L1/V2/ext4 rows=100 total_pairs=4826228
TABLE name=P11/G1/L1/V3/ext2 rows=24 total_pairs=4826463
TABLE name=P11/G1/L1/V3/ext4 rows=96 total_pairs=4830358
TABLE name=P11/G2/L1/V1/ext2 rows=24 total_pairs=4830593
TABLE name=P11/G2/L1/V1/ext3 rows=76 total_pairs=4832979
TABLE name=P11/G2/L1/V2/ext2 rows=24 total_pairs=4833214
TABLE name=P11/G3/L1/V1/ext2 rows=32 total_pairs=4833656
TABLE name=P11/G3/L1/V1/ext3 rows=72 total_pairs=4835780
TABLE name=P11/G3/L1/V2/ext3 rows=72 total_pairs=4837904
TABLE name=P11/G3/L3/V1/ext2 rows=32 total_pairs=4838346
TABLE name=P11/G3/L3/V2/ext3 rows=72 total_pairs=4840470
TABLE name=P11/G3/L4/V2/ext2 rows=40 total_pairs=4841172
TABLE name=P11/G3/L4/V2/ext3 rows=72 total_pairs=4843296
TABLE name=P11/G3/L4/V3/ext2 rows=40 total_pairs=4843998
TABLE name=P11/G4/L1/V1/ext2 rows=30 total_pairs=4844387
TABLE name=P11/G4/L1/V1/ext3 rows=144 total_pairs=4853311
TABLE name=P12/G1/L2/V1/ext2 rows=88 total_pairs=4856617
TABLE name=P12/G1/L2/V1/ext3 rows=93 total_pairs=4859576
TABLE name=P13/G1/L2/V1/ext2 rows=75 total_pairs=4862015
TABLE name=P13/G1/L2/V1/ext3 rows=120 total_pairs=4868487
TABLE name=P13/G1/L6/V1/ext2 rows=56 total_pairs=4869901
TABLE name=P2/G1/L1/V1/ext2 rows=80 total_pairs=4872457
TABLE name=P2/G1/L1/V1/ext3 rows=117 total_pairs=4876342
TABLE name=P2/G2/L1/V1/ext2 rows=40 total_pairs=4876904
TABLE name=P2/G2/L1/V1/ext3 rows=117 total_pairs=4880789
TABLE name=P2/G2/L1/V2/ext2 rows=40 total_pairs=4881351
TABLE name=P21/G1/L1/V1/ext2 rows=23 total_pairs=4881587
TABLE name=P21/G1/L1/V1/ext3 rows=47 total_pairs=4882586
TABLE name=P21/G1/L1/V1/ext4 rows=92 total_pairs=4886430
TABLE name=P21/G1/L3/V2/ext3 rows=43 total_pairs=4887250
TABLE name=P21/G2/L1/V1/ext2 rows=44 total_pairs=4888128
TABLE name=P21/G2/L1/V2/ext2 rows=44 total_pairs=4889006
TABLE name=P21/G2/L1/V3/ext2 rows=44 total_pairs=4889884
TABLE name=P21/G2/L2/V1/ext2 rows=46 total_pairs=4890830
TABLE name=P21/G2/L2/V2/ext2 rows=46 total_pairs=4891776
TABLE name=P21/G2/L2/V3/ext2 rows=42 total_pairs=4892574
TABLE name=P21/G2/L5/V2/ext2 rows=40 total_pairs=4893284
TABLE name=P21/G3/L2/V1/ext2 rows=74 total_pairs=4895810
TABLE name=P21/G3/L5/V1/ext2 rows=74 total_pairs=4898336
TABLE name=P27/G1/L1/V1/ext2 rows=32 total_pairs=4898799
TABLE name=P27/G1/L1/V1/ext3 rows=82 total_pairs=4901891
TABLE name=P27/G1/L1/V1/ext4 rows=176 total_pairs=4916154
TABLE name=P31/G1/L1/V1/ext2 rows=62 total_pairs=4917978
TABLE name=P31/G1/L1/V1/ext3 rows=150 total_pairs=4928662
TABLE name=P41/G1/L1/V1/ext2 rows=28 total_pairs=4928992
TABLE name=P41/G1/L1/V1/ext3 rows=51 total_pairs=4930119
TABLE name=P41/G1/L1/V2/ext2 rows=28 total_pairs=4930449
TABLE name=P41/G1/L1/V3/ext3 rows=51 total_pairs=4931576
TABLE name=P41/G1/L1/V4/ext2 rows=28 total_pairs=4931906
TABLE name=P41/G1/L1/V4/ext3 rows=51 total_pairs=4933033
TABLE name=P41/G2/L1/V1/ext2 rows=29 total_pairs=4933377
TABLE name=P41/G2/L1/V1/ext3 rows=105 total_pairs=4938206
TABLE name=P43/G1/L1/V1/ext2 rows=56 total_pairs=4939538
TABLE name=P43/G2/L1/V1/ext2 rows=56 total_pairs=4940870
TABLE name=P43/G3/L1/V1/ext2 rows=48 total_pairs=4941855
TABLE name=P43/G3/L1/V2/ext2 rows=48 total_pairs=4942840
TABLE name=P48/G1/L1/V1/ext2 rows=52 total_pairs=4944095
TABLE name=P48/G1/L1/V2/ext2 rows=52 total_pairs=4945350
TABLE name=P49/G1/L1/V1/ext2 rows=43 total_pairs=4946178
TABLE name=P49/G1/L1/V1/ext3 rows=63 total_pairs=4947990
TABLE name=P49/G1/L1/V2/ext3 rows=55 total_pairs=4949370
TABLE name=P50/G1/L1/V1/ext2 rows=43 total_pairs=4950246
TABLE name=P50/G1/L1/V1/ext3 rows=103 total_pairs=4955274
TABLE name=P50/G1/L1/V1/ext4 rows=133 total_pairs=4963754
TABLE name=S3 rows=3 total_pairs=4963756
TABLE name=2.S3 rows=6 total_pairs=4963764
TABLE name=Symm(4) rows=5 total_pairs=4963772
TABLE name=2.Symm(4) rows=8 total_pairs=4963795
TABLE name=D8 rows=5 total_pairs=4963799
TABLE name=2.D8 rows=7 total_pairs=4963811
TABLE name=D10 rows=4 total_pairs=4963815
TABLE name=7:3 rows=5 total_pairs=4963821
TABLE name=2x7:3 rows=10 total_pairs=4963845
TABLE name=C2 rows=2 total_pairs=4963845
TABLE name=C3 rows=3 total_pairs=4963845
TABLE name=C4 rows=4 total_pairs=4963845
TABLE name=C6 rows=6 total_pairs=4963845
TABLE name=3^2:2 rows=6 total_pairs=4963853
TABLE name=3^(1+2)_+:2 rows=10 total_pairs=4963885
TABLE name=3^2:4 rows=6 total_pairs=4963893
TABLE name=2^3.S3 rows=10 total_pairs=4963925
TABLE name=2^3.D8 rows=16 total_pairs=4964001
TABLE name=2^3.S4v1 rows=14 total_pairs=4964073
TABLE name=2^3.S4v2 rows=13 total_pairs=4964134
TABLE name=2xSymm(4) rows=10 total_pairs=4964166
TABLE name=D8x2 rows=10 total_pairs=4964182
TABLE name=2^2:S4 rows=10 total_pairs=4964211
TABLE name=(A4x3):2 rows=9 total_pairs=4964239
TABLE name=S3x2 rows=6 total_pairs=4964247
TABLE name=(A5x3):2 rows=12 total_pairs=4964307
TABLE name=2^4:(3x3):2 rows=14 total_pairs=4964383
TABLE name=2^3:7 rows=8 total_pairs=4964390
TABLE name=2^3 rows=8 total_pairs=4964390
TABLE name=S3xS3 rows=9 total_pairs=4964414
TABLE name=3^(1+2):4 rows=14 total_pairs=4964470
TABLE name=4^2:3 rows=8 total_pairs=4964485
TABLE name=3^2 rows=9 total_pairs=4964485
TABLE name=3^(1+2)_+ rows=11 total_pairs=4964503
TABLE name=2.2^4:3 rows=11 total_pairs=4964542
TABLE name=2.L2(11) rows=15 total_pairs=4964629
TABLE name=2.L2(11).2 rows=24 total_pairs=4964812
TABLE name=Isoclinic(2.L2(11).2) rows=24 total_pairs=4964995
TABLE name=2.L2(13) rows=17 total_pairs=4965104
TABLE name=2.L2(13).2 rows=28 total_pairs=4965347
TABLE name=Isoclinic(2.L2(13).2) rows=28 total_pairs=4965590
TABLE name=2.L2(17) rows=21 total_pairs=4965749
TABLE name=2.L2(17).2 rows=36 total_pairs=4966136
TABLE name=Isoclinic(2.L2(17).2) rows=36 total_pairs=4966523
TABLE name=2.L2(19) rows=23 total_pairs=4966710
TABLE name=2.L2(19).2 rows=40 total_pairs=4967181
TABLE name=Isoclinic(2.L2(19).2) rows=40 total_pairs=4967652
TABLE name=2.L2(23) rows=27 total_pairs=4967901
TABLE name=2.L2(23).2 rows=48 total_pairs=4968564
TABLE name=Isoclinic(2.L2(23).2) rows=48 total_pairs=4969227
TABLE name=2.L2(25) rows=29 total_pairs=4969510
TABLE name=2.L2(25).2_1 rows=52 total_pairs=4970281
TABLE name=Isoclinic(2.L2(25).2_1) rows=52 total_pairs=4971052
TABLE name=2.L2(25).2_2 rows=28 total_pairs=4971380
TABLE name=Isoclinic(2.L2(25)x2) rows=58 total_pairs=4972512
TABLE name=Isoclinic(L2(25).2_3x2) rows=30 total_pairs=4972828
TABLE name=4.L2(25).2_3 rows=44 total_pairs=4973576
TABLE name=2.L2(27) rows=31 total_pairs=4973895
TABLE name=2.L2(27).2 rows=56 total_pairs=4974782
TABLE name=Isoclinic(2.L2(27).2) rows=56 total_pairs=4975669
TABLE name=2.L2(27).3 rows=29 total_pairs=4976024
TABLE name=2.L2(27).6 rows=40 total_pairs=4976679
TABLE name=Isoclinic(2.L2(27).6) rows=40 total_pairs=4977334
TABLE name=2.L2(29) rows=33 total_pairs=4977691
TABLE name=2.L2(29).2 rows=60 total_pairs=4978702
TABLE name=Isoclinic(2.L2(29).2) rows=60 total_pairs=4979713
TABLE name=2.L2(31) rows=35 total_pairs=4980110
TABLE name=2.L2(31).2 rows=64 total_pairs=4981253
TABLE name=Isoclinic(2.L2(31).2) rows=64 total_pairs=4982396
TABLE name=J3M3 rows=12 total_pairs=4982449
TABLE name=L2(11) rows=8 total_pairs=4982474
TABLE name=L2(11).2 rows=13 total_pairs=4982534
TABLE name=L2(121)M3 rows=13 total_pairs=4982594
TABLE name=M12.2M3 rows=13 total_pairs=4982654
TABLE name=U3(11)M4 rows=13 total_pairs=4982714
TABLE name=U3(11)M5 rows=13 total_pairs=4982774
TABLE name=L2(13) rows=9 total_pairs=4982805
TABLE name=L2(13).2 rows=15 total_pairs=4982883
TABLE name=L2(16) rows=17 total_pairs=4982970
TABLE name=L2(16).2 rows=16 total_pairs=4983066
TABLE name=S4(4)M4 rows=16 total_pairs=4983162
TABLE name=L2(16).4 rows=17 total_pairs=4983278
TABLE name=S4(4).2M5 rows=17 total_pairs=4983394
TABLE name=L2(17) rows=11 total_pairs=4983439
TABLE name=L2(17).2 rows=19 total_pairs=4983559
TABLE name=L2(19) rows=12 total_pairs=4983612
TABLE name=L2(19).2 rows=21 total_pairs=4983756
TABLE name=L2(23) rows=14 total_pairs=4983826
TABLE name=L2(23).2 rows=25 total_pairs=4984024
TABLE name=L2(25) rows=15 total_pairs=4984103
TABLE name=L2(25).2^2 rows=24 total_pairs=4984331
TABLE name=L2(25).2_1 rows=27 total_pairs=4984559
TABLE name=L2(25).2_2 rows=18 total_pairs=4984686
TABLE name=L2(25).2_3 rows=15 total_pairs=4984765
TABLE name=L2(27) rows=16 total_pairs=4984854
TABLE name=L2(27).2 rows=29 total_pairs=4985114
TABLE name=L2(27).3 rows=16 total_pairs=4985211
TABLE name=L2(27).6 rows=23 total_pairs=4985419
TABLE name=L2(29) rows=17 total_pairs=4985518
TABLE name=L2(29).2 rows=31 total_pairs=4985812
TABLE name=L2(31) rows=18 total_pairs=4985922
TABLE name=L2(31).2 rows=33 total_pairs=4986252
TABLE name=L2(32) rows=33 total_pairs=4986555
TABLE name=L2(32).5 rows=21 total_pairs=4986729
TABLE name=L2(8) rows=9 total_pairs=4986756
TABLE name=L2(8).3 rows=11 total_pairs=4986802
TABLE name=A9M5 rows=11 total_pairs=4986848
TABLE name=ONM8 rows=18 total_pairs=4986958
TABLE name=2.L2(49) rows=53 total_pairs=4987805
TABLE name=2.L2(49).2_1 rows=100 total_pairs=4990496
TABLE name=Isoclinic(2.L2(49).2_1) rows=100 total_pairs=4993187
TABLE name=2.L2(49).2_2 rows=43 total_pairs=4993929
TABLE name=Isoclinic(2.L2(49)x2) rows=106 total_pairs=4997317
TABLE name=Isoclinic(L2(49).2_3x2) rows=48 total_pairs=4998121
TABLE name=4.L2(49).2_3 rows=74 total_pairs=5000149
TABLE name=2.L2(81) rows=85 total_pairs=5002196
TABLE name=2.L2(81).2_1 rows=62 total_pairs=5003672
TABLE name=2.L2(81).2_2 rows=164 total_pairs=5010715
TABLE name=Isoclinic(2.L2(81).2_2) rows=164 total_pairs=5017758
TABLE name=Isoclinic(2.L2(81)x2) rows=170 total_pairs=5025946
TABLE name=Isoclinic(L2(81).2_3x2) rows=70 total_pairs=5027658
TABLE name=4.L2(81).2_3 rows=112 total_pairs=5032150
TABLE name=2.L2(81).4_1 rows=52 total_pairs=5033314
TABLE name=4.L2(81).4_2 rows=80 total_pairs=5035970
TABLE name=L2(49) rows=27 total_pairs=5036199
TABLE name=L2(49).2_1 rows=51 total_pairs=5036943
TABLE name=L2(49).2_2 rows=27 total_pairs=5037223
TABLE name=L2(49).2_3 rows=24 total_pairs=5037424
TABLE name=L2(49).2^2 rows=39 total_pairs=5038006
TABLE name=L2(81) rows=43 total_pairs=5038547
TABLE name=L2(81).2_1 rows=38 total_pairs=5039091
TABLE name=L2(81).2_2 rows=83 total_pairs=5040971
TABLE name=L2(81).2_3 rows=35 total_pairs=5041399
TABLE name=L2(81).2^2 rows=58 total_pairs=5042639
TABLE name=L2(81).4_1 rows=34 total_pairs=5043126
TABLE name=L2(81).4_2 rows=28 total_pairs=5043449
TABLE name=L2(81).(2x4) rows=44 total_pairs=5044245
TABLE name=12_1.L3(4) rows=82 total_pairs=5047414
TABLE name=12_1.L3(4).2_1 rows=80 total_pairs=5050385
TABLE name=Isoclinic(12_1.L3(4).2_1) rows=80 total_pairs=5053356
TABLE name=12_1.L3(4).2_2 rows=59 total_pairs=5055013
TABLE name=Isoclinic(12_1.L3(4).2_2) rows=59 total_pairs=5056670
TABLE name=12_1.L3(4).2_3 rows=71 total_pairs=5059042
TABLE name=12_2.L3(4) rows=88 total_pairs=5062635
TABLE name=12_2.L3(4).2_1 rows=83 total_pairs=5065836
TABLE name=Isoclinic(12_2.L3(4).2_1) rows=83 total_pairs=5069037
TABLE name=12_2.L3(4).2_2 rows=77 total_pairs=5071817
TABLE name=12_2.L3(4).2_3 rows=62 total_pairs=5073634
TABLE name=Isoclinic(12_2.L3(4).2_3) rows=62 total_pairs=5075451
TABLE name=2.L3(4) rows=18 total_pairs=5075596
TABLE name=2.L3(4).2_1 rows=24 total_pairs=5075842
TABLE name=Isoclinic(2.L3(4).2_1) rows=24 total_pairs=5076088
TABLE name=2.L3(4).2_2 rows=27 total_pairs=5076413
TABLE name=Isoclinic(2.L3(4).2_2) rows=27 total_pairs=5076738
TABLE name=2.L3(4).2_3 rows=27 total_pairs=5077059
TABLE name=Isoclinic(2.L3(4).2_3) rows=27 total_pairs=5077380
TABLE name=2.L3(4).(2^2)_{123} rows=39 total_pairs=5078042
TABLE name=2.L3(4).(2^2)_{1*23} rows=33 total_pairs=5078519
TABLE name=2.L3(4).(2^2)_{12*3} rows=33 total_pairs=5078996
TABLE name=2.L3(4).(2^2)_{123*} rows=33 total_pairs=5079473
TABLE name=2.L3(4).(2^2)_{1*2*3} rows=39 total_pairs=5080135
TABLE name=2.L3(4).(2^2)_{1*23*} rows=39 total_pairs=5080797
TABLE name=2.L3(4).(2^2)_{12*3*} rows=39 total_pairs=5081459
TABLE name=2.L3(4).(2^2)_{1*2*3*} rows=33 total_pairs=5081936
TABLE name=2^2.L3(4) rows=34 total_pairs=5082447
TABLE name=(2x4).L3(4) rows=60 total_pairs=5084070
TABLE name=4^2.L3(4) rows=112 total_pairs=5089573
TABLE name=(4^2x3).L3(4) rows=304 total_pairs=5132252
TABLE name=3.L3(4) rows=28 total_pairs=5132580
TABLE name=3.L3(4).2^2 rows=34 total_pairs=5133097
TABLE name=3.L3(4).2_1 rows=38 total_pairs=5133698
TABLE name=3.L3(4).2_2 rows=23 total_pairs=5133934
TABLE name=3.L3(4).2_3 rows=23 total_pairs=5134170
TABLE name=3.L3(4).3 rows=60 total_pairs=5135558
TABLE name=Isoclinic(3.L3(4).3,1) rows=60 total_pairs=5136946
TABLE name=Isoclinic(3.L3(4).3,2) rows=60 total_pairs=5138334
TABLE name=3.L3(4).6 rows=66 total_pairs=5140223
TABLE name=Isoclinic(3.L3(4).6,1) rows=66 total_pairs=5142112
TABLE name=Isoclinic(3.L3(4).6,2) rows=66 total_pairs=5144001
TABLE name=4_1.L3(4) rows=30 total_pairs=5144410
TABLE name=4_1.L3(4).2_1 rows=30 total_pairs=5144813
TABLE name=Isoclinic(4_1.L3(4).2_1) rows=30 total_pairs=5145216
TABLE name=4_1.L3(4).2_2 rows=33 total_pairs=5145716
TABLE name=Isoclinic(4_1.L3(4).2_2) rows=33 total_pairs=5146216
TABLE name=4_1.L3(4).2_3 rows=45 total_pairs=5147119
TABLE name=4_1.L3(4).2_3* rows=45 total_pairs=5148022
TABLE name=4_1.L3(4).(2^2)_{123} rows=48 total_pairs=5149063
TABLE name=4_1.L3(4).(2^2)_{1*23} rows=48 total_pairs=5150104
TABLE name=4_1.L3(4).(2^2)_{12*3} rows=48 total_pairs=5151145
TABLE name=4_1.L3(4).(2^2)_{123*} rows=42 total_pairs=5151945
TABLE name=4_1.L3(4).(2^2)_{1*2*3} rows=48 total_pairs=5152986
TABLE name=4_1.L3(4).(2^2)_{1*23*} rows=42 total_pairs=5153786
TABLE name=4_1.L3(4).(2^2)_{12*3*} rows=42 total_pairs=5154586
TABLE name=4_1.L3(4).(2^2)_{1*2*3*} rows=42 total_pairs=5155386
TABLE name=4_2.L3(4) rows=32 total_pairs=5155843
TABLE name=4_2.L3(4).2_1 rows=31 total_pairs=5156274
TABLE name=Isoclinic(4_2.L3(4).2_1) rows=31 total_pairs=5156705
TABLE name=4_2.L3(4).2_2 rows=49 total_pairs=5157774
TABLE name=4_2.L3(4).2_2* rows=49 total_pairs=5158843
TABLE name=4_2.L3(4).2_3 rows=34 total_pairs=5159372
TABLE name=Isoclinic(4_2.L3(4).2_3) rows=34 total_pairs=5159901
TABLE name=4_2.L3(4).(2^2)_{123} rows=50 total_pairs=5161038
TABLE name=4_2.L3(4).(2^2)_{1*23} rows=50 total_pairs=5162175
TABLE name=4_2.L3(4).(2^2)_{12*3} rows=44 total_pairs=5163057
TABLE name=4_2.L3(4).(2^2)_{123*} rows=50 total_pairs=5164194
TABLE name=4_2.L3(4).(2^2)_{1*2*3} rows=44 total_pairs=5165076
TABLE name=4_2.L3(4).(2^2)_{1*23*} rows=50 total_pairs=5166213
TABLE name=4_2.L3(4).(2^2)_{12*3*} rows=44 total_pairs=5167095
TABLE name=4_2.L3(4).(2^2)_{1*2*3*} rows=44 total_pairs=5167977
TABLE name=6.L3(4) rows=50 total_pairs=5169130
TABLE name=6.L3(4).2_1 rows=64 total_pairs=5170972
TABLE name=Isoclinic(6.L3(4).2_1) rows=64 total_pairs=5172814
TABLE name=6.L3(4).2_2 rows=43 total_pairs=5173678
TABLE name=Isoclinic(6.L3(4).2_2) rows=43 total_pairs=5174542
TABLE name=6.L3(4).2_3 rows=43 total_pairs=5175402
TABLE name=Isoclinic(6.L3(4).2_3) rows=43 total_pairs=5176262
TABLE name=6.L3(4).(2^2)_{123} rows=59 total_pairs=5177870
TABLE name=6.L3(4).(2^2)_{1*23} rows=53 total_pairs=5179168
TABLE name=6.L3(4).(2^2)_{12*3} rows=53 total_pairs=5180466
TABLE name=6.L3(4).(2^2)_{123*} rows=53 total_pairs=5181764
TABLE name=6.L3(4).(2^2)_{1*2*3} rows=59 total_pairs=5183372
TABLE name=6.L3(4).(2^2)_{1*23*} rows=59 total_pairs=5184980
TABLE name=6.L3(4).(2^2)_{12*3*} rows=59 total_pairs=5186588
TABLE name=6.L3(4).(2^2)_{1*2*3*} rows=53 total_pairs=5187886
TABLE name=(2x12).L3(4) rows=164 total_pairs=5200493
TABLE name=L3(4) rows=10 total_pairs=5200533
TABLE name=L3(4).2^2 rows=22 total_pairs=5200737
TABLE name=U4(3).(2^2)_{133}M6 rows=22 total_pairs=5200941
TABLE name=L3(4).2_1 rows=14 total_pairs=5201014
TABLE name=L3(4).2_2 rows=14 total_pairs=5201095
TABLE name=L3(4).2_3 rows=14 total_pairs=5201176
TABLE name=L3(4).3 rows=22 total_pairs=5201368
TABLE name=L3(4).3.2_2 rows=20 total_pairs=5201544
TABLE name=L3(4).3.2_3 rows=20 total_pairs=5201720
TABLE name=L3(4).6 rows=26 total_pairs=5201993
TABLE name=L3(4).D12 rows=28 total_pairs=5202342
TABLE name=(2^2x3).L3(4) rows=94 total_pairs=5206405
TABLE name=(2^2x3).L3(4).2_1 rows=116 total_pairs=5212439
TABLE name=(2^2x3).L3(4).2_2 rows=65 total_pairs=5214429
TABLE name=(2^2x3).L3(4).2_3 rows=65 total_pairs=5216415
TABLE name=(2^2x3).L3(4).3 rows=82 total_pairs=5219321
TABLE name=2^2.L3(4).2_1 rows=44 total_pairs=5220159
TABLE name=2^2.L3(4).2_2 rows=35 total_pairs=5220720
TABLE name=2^2.L3(4).2_3 rows=35 total_pairs=5221277
TABLE name=2^2.L3(4).3 rows=30 total_pairs=5221671
TABLE name=2^2.L3(4).3.2_2 rows=33 total_pairs=5222175
TABLE name=2^2.L3(4).3.2_3 rows=33 total_pairs=5222679
TABLE name=3.L3(4).3.2_2 rows=39 total_pairs=5223332
TABLE name=3.L3(4).3.2_3 rows=39 total_pairs=5223984
TABLE name=2^2.L3(4).2^2 rows=49 total_pairs=5225075
TABLE name=2^2.L3(4).6 rows=36 total_pairs=5225649
TABLE name=2^2.L3(4).D12 rows=45 total_pairs=5226590
TABLE name=2.L3(2) rows=11 total_pairs=5226639
TABLE name=2.L3(2).2 rows=16 total_pairs=5226726
TABLE name=Isoclinic(2.L3(2).2) rows=16 total_pairs=5226813
TABLE name=2F4(2)'M2 rows=15 total_pairs=5226911
TABLE name=3.L3(7) rows=64 total_pairs=5228523
TABLE name=3.L3(7).2 rows=47 total_pairs=5229505
TABLE name=3.L3(7).3 rows=168 total_pairs=5239776
TABLE name=Isoclinic(3.L3(7).3,1) rows=168 total_pairs=5250047
TABLE name=Isoclinic(3.L3(7).3,2) rows=168 total_pairs=5260318
TABLE name=3.L3(7).S3 rows=99 total_pairs=5264282
TABLE name=L3(2) rows=6 total_pairs=5264296
TABLE name=L3(2).2 rows=9 total_pairs=5264326
TABLE name=L3(3) rows=12 total_pairs=5264383
TABLE name=L3(3).2 rows=15 total_pairs=5264481
TABLE name=G2(3)M6 rows=15 total_pairs=5264579
TABLE name=L3(5) rows=30 total_pairs=5264918
TABLE name=L3(5).2 rows=27 total_pairs=5265241
TABLE name=L3(7) rows=22 total_pairs=5265433
TABLE name=L3(7).2 rows=26 total_pairs=5265732
TABLE name=L3(7).3 rows=58 total_pairs=5267001
TABLE name=L3(7).S3 rows=44 total_pairs=5267849
TABLE name=L3(8) rows=72 total_pairs=5269711
TABLE name=L3(8).2 rows=51 total_pairs=5270802
TABLE name=L3(8).3 rows=40 total_pairs=5271489
TABLE name=L3(8).6 rows=41 total_pairs=5272232
TABLE name=ONM2 rows=26 total_pairs=5272531
TABLE name=2.L4(3) rows=51 total_pairs=5273724
TABLE name=2.L4(3).2_1 rows=78 total_pairs=5276403
TABLE name=Isoclinic(2.L4(3).2_1) rows=78 total_pairs=5279082
TABLE name=2.L4(3).2_2 rows=69 total_pairs=5281331
TABLE name=Isoclinic(2.L4(3).2_2) rows=69 total_pairs=5283580
TABLE name=2.L4(3).2_3 rows=51 total_pairs=5284805
TABLE name=Isoclinic(2.L4(3).2_3) rows=51 total_pairs=5286030
TABLE name=L3(9) rows=90 total_pairs=5288907
TABLE name=L3(9).2_1 rows=63 total_pairs=5290580
TABLE name=L3(9).2_2 rows=63 total_pairs=5292247
TABLE name=L3(9).2_3 rows=66 total_pairs=5294091
TABLE name=L3(9).2^2 rows=60 total_pairs=5295744
TABLE name=L4(3) rows=29 total_pairs=5296131
TABLE name=L4(3).2_1 rows=43 total_pairs=5296963
TABLE name=L4(3).2_2 rows=49 total_pairs=5298083
TABLE name=L4(3).2_3 rows=34 total_pairs=5298622
TABLE name=L4(3).2^2 rows=56 total_pairs=5300094
TABLE name=L5(2) rows=27 total_pairs=5300418
TABLE name=L5(2).2 rows=33 total_pairs=5300925
TABLE name=L6(2) rows=60 total_pairs=5302618
TABLE name=L6(2).2 rows=72 total_pairs=5305120
TABLE name=L4(4) rows=84 total_pairs=5308165
TABLE name=L4(4).2_1 rows=63 total_pairs=5309998
TABLE name=L4(4).2_2 rows=81 total_pairs=5313080
TABLE name=L4(4).2_3 rows=72 total_pairs=5315505
TABLE name=L4(4).2^2 rows=81 total_pairs=5318646
TABLE name=L7(2) rows=117 total_pairs=5325086
TABLE name=L7(2).2 rows=114 total_pairs=5331399
TABLE name=L5(3) rows=116 total_pairs=5337488
TABLE name=L5(3).2 rows=100 total_pairs=5342282
TABLE name=L2(37) rows=21 total_pairs=5342427
TABLE name=L2(41) rows=23 total_pairs=5342598
TABLE name=L2(43) rows=24 total_pairs=5342783
TABLE name=L2(47) rows=26 total_pairs=5342997
TABLE name=L2(53) rows=29 total_pairs=5343258
TABLE name=L2(59) rows=32 total_pairs=5343571
TABLE name=L2(61) rows=33 total_pairs=5343902
TABLE name=L2(64) rows=65 total_pairs=5345021
TABLE name=L2(64).6 rows=34 total_pairs=5345512
TABLE name=L2(67) rows=36 total_pairs=5345901
TABLE name=L2(71) rows=38 total_pairs=5346331
TABLE name=L2(73) rows=39 total_pairs=5346782
TABLE name=L2(79) rows=42 total_pairs=5347300
TABLE name=L2(83) rows=44 total_pairs=5347865
TABLE name=L2(89) rows=47 total_pairs=5348504
TABLE name=L2(97) rows=51 total_pairs=5349249
TABLE name=L2(101) rows=53 total_pairs=5350050
TABLE name=L2(103) rows=54 total_pairs=5350880
TABLE name=L2(107) rows=56 total_pairs=5351769
TABLE name=L2(109) rows=57 total_pairs=5352688
TABLE name=L2(113) rows=59 total_pairs=5353669
TABLE name=L2(121) rows=63 total_pairs=5354780
TABLE name=L2(125) rows=65 total_pairs=5355959
TABLE name=L4(5) rows=49 total_pairs=5357028
TABLE name=2.L4(5) rows=97 total_pairs=5361252
TABLE name=4.L4(5) rows=185 total_pairs=5376514
TABLE name=L4(9) rows=219 total_pairs=5396636
TABLE name=L8(2) rows=246 total_pairs=5425787
TABLE name=L3(11) rows=132 total_pairs=5431864
TABLE name=12.M22 rows=109 total_pairs=5437437
TABLE name=12.M22.2 rows=80 total_pairs=5440507
TABLE name=Isoclinic(12.M22.2) rows=80 total_pairs=5443577
TABLE name=2.M12 rows=26 total_pairs=5443892
TABLE name=2.M12.2 rows=34 total_pairs=5444429
TABLE name=Isoclinic(2.M12.2) rows=34 total_pairs=5444966
TABLE name=2.M22 rows=23 total_pairs=5445211
TABLE name=2.M22.2 rows=37 total_pairs=5445848
TABLE name=Isoclinic(2.M22.2) rows=37 total_pairs=5446485
TABLE name=3.M22 rows=34 total_pairs=5447003
TABLE name=3.M22.2 rows=32 total_pairs=5447478
TABLE name=4.M22 rows=39 total_pairs=5448187
TABLE name=4.M22.2 rows=45 total_pairs=5449145
TABLE name=Isoclinic(4.M22.2) rows=45 total_pairs=5450103
TABLE name=6.M22 rows=65 total_pairs=5452056
TABLE name=6.M22.2 rows=58 total_pairs=5453657
TABLE name=Isoclinic(6.M22.2) rows=58 total_pairs=5455258
TABLE name=HNM12 rows=21 total_pairs=5455459
TABLE name=HSM9 rows=10 total_pairs=5455500
TABLE name=M11 rows=10 total_pairs=5455541
TABLE name=M12 rows=15 total_pairs=5455641
TABLE name=M12.2 rows=21 total_pairs=5455842
TABLE name=M12M2 rows=10 total_pairs=5455883
TABLE name=M22 rows=12 total_pairs=5455947
TABLE name=M22.2 rows=21 total_pairs=5456143
TABLE name=M23 rows=17 total_pairs=5456272
TABLE name=M24 rows=26 total_pairs=5456590
TABLE name=McLM3 rows=12 total_pairs=5456654
TABLE name=3.McLM3 rows=34 total_pairs=5457172
TABLE name=ONM11 rows=10 total_pairs=5457213
TABLE name=2.A12M8 rows=26 total_pairs=5457528
TABLE name=3^7.O7(3):2 rows=291 total_pairs=5499283
TABLE name=2^(3+12).(L3(2)xA6) rows=134 total_pairs=5508016
TABLE name=2^(6+8).(S3xA8) rows=159 total_pairs=5520285
TABLE name=3^2.3^4.3^8.(A5x2A4).2 rows=276 total_pairs=5557132
TABLE name=S3xO8+(3):S3 rows=375 total_pairs=5626325
TABLE name=3^(1+10):(2xU5(2):2) rows=326 total_pairs=5678533
TABLE name=2^2.U6(2):S3x2 rows=298 total_pairs=5722253
TABLE name=2^(1+12)_+.3_1.U4(3).2^2_{122} rows=283 total_pairs=5761540
TABLE name=3^3.[3^10].(L3(3)x2^2) rows=426 total_pairs=5848880
TABLE name=3^2.3^4.3^8.(S5x2S4) rows=438 total_pairs=5941767
TABLE name=S4xO8+(2):S3 rows=340 total_pairs=5998680
TABLE name=2^(3+12).(L3(2)xS6) rows=223 total_pairs=6022826
TABLE name=2^(7+8).(S3xA8) rows=294 total_pairs=6064842
TABLE name=(S3xS3xG2(3)):2 rows=153 total_pairs=6076153
TABLE name=S5xS9 rows=210 total_pairs=6097700
TABLE name=S6xL2(8):3 rows=121 total_pairs=6104600
TABLE name=7:6xS7 rows=105 total_pairs=6109404
TABLE name=7^(1+2)_+:(6xS3).2 rows=41 total_pairs=6110030
TABLE name=13:3 rows=7 total_pairs=6110042
TABLE name=19:3 rows=9 total_pairs=6110060
TABLE name=31:3 rows=13 total_pairs=6110090
TABLE name=37:3 rows=15 total_pairs=6110126
TABLE name=43:3 rows=17 total_pairs=6110168
TABLE name=73:3 rows=27 total_pairs=6110240
TABLE name=91:3 rows=33 total_pairs=6110330
TABLE name=133:3 rows=47 total_pairs=6110462
TABLE name=31:5 rows=11 total_pairs=6110492
TABLE name=109:54 rows=56 total_pairs=6110600
TABLE name=113:56 rows=58 total_pairs=6110712
TABLE name=D14 rows=5 total_pairs=6110718
TABLE name=D110 rows=29 total_pairs=6110772
TABLE name=D114 rows=30 total_pairs=6110828
TABLE name=D122 rows=32 total_pairs=6110888
TABLE name=D126 rows=33 total_pairs=6110950
TABLE name=S6x2 rows=22 total_pairs=6111134
TABLE name=S7x2 rows=30 total_pairs=6111510
TABLE name=S8x2 rows=44 total_pairs=6112394
TABLE name=S9x2 rows=60 total_pairs=6114070
TABLE name=S10x2 rows=84 total_pairs=6117434
TABLE name=2.Fi22M13 rows=84 total_pairs=6120798
TABLE name=S11x2 rows=112 total_pairs=6126834
TABLE name=S5xS3 rows=21 total_pairs=6127022
TABLE name=S7xS3 rows=45 total_pairs=6127942
TABLE name=S8xS3 rows=66 total_pairs=6129979
TABLE name=S9xS3 rows=90 total_pairs=6133846
TABLE name=S10xS3 rows=126 total_pairs=6141555
TABLE name=S4xS4 rows=25 total_pairs=6141803
TABLE name=S5xS4 rows=35 total_pairs=6142353
TABLE name=S6xS4 rows=55 total_pairs=6143719
TABLE name=S7xS4 rows=75 total_pairs=6146349
TABLE name=S8xS4 rows=110 total_pairs=6152138
TABLE name=S9xS4 rows=150 total_pairs=6163025
TABLE name=S6xS5 rows=77 total_pairs=6165769
TABLE name=S7xS5 rows=105 total_pairs=6171017
TABLE name=S8xS5 rows=154 total_pairs=6182486
TABLE name=S7xS6 rows=165 total_pairs=6195562
TABLE name=(A10x3):2 rows=66 total_pairs=6197675
TABLE name=(A9xA4):2 rows=78 total_pairs=6200617
TABLE name=(A8xA5):2 rows=80 total_pairs=6203714
TABLE name=(A7xA6):2 rows=84 total_pairs=6207106
TABLE name=D62x2 rows=34 total_pairs=6207226
TABLE name=S3xL2(8) rows=27 total_pairs=6207523
TABLE name=5xA5 rows=25 total_pairs=6207748
TABLE name=3xL2(8) rows=27 total_pairs=6207991
TABLE name=5xIsoclinic(2.A6.2_2) rows=100 total_pairs=6211266
TABLE name=3xU4(2) rows=60 total_pairs=6212904
TABLE name=3^(1+2)+:2A4 rows=24 total_pairs=6213134
TABLE name=S3x3^(1+2)+:2A4 rows=72 total_pairs=6215334
TABLE name=3x2S5 rows=36 total_pairs=6215793
TABLE name=7:3x3 rows=15 total_pairs=6215847
TABLE name=M10x2 rows=16 total_pairs=6215939
TABLE name=L2(8):3x2 rows=22 total_pairs=6216123
TABLE name=2^2xA6 rows=28 total_pairs=6216427
TABLE name=2^2.L3(4)M4 rows=28 total_pairs=6216731
TABLE name=2^2.L3(4)M5 rows=28 total_pairs=6217035
TABLE name=2^2xL2(7) rows=24 total_pairs=6217259
TABLE name=2^2.L3(4)M7 rows=24 total_pairs=6217483
TABLE name=2^2.L3(4)M8 rows=24 total_pairs=6217707
TABLE name=A4x7:3 rows=20 total_pairs=6217824
TABLE name=7^2:24 rows=26 total_pairs=6217872
TABLE name=3^4:40 rows=42 total_pairs=6217952
TABLE name=2^4:A5 rows=9 total_pairs=6217981
TABLE name=L3(4)M4 rows=7 total_pairs=6218000
TABLE name=L3(4)M5 rows=7 total_pairs=6218019
TABLE name=L3(4)M7 rows=6 total_pairs=6218033
TABLE name=L3(4)M8 rows=6 total_pairs=6218047
TABLE name=2xA6 rows=14 total_pairs=6218123
TABLE name=2.L3(4)M4 rows=14 total_pairs=6218199
TABLE name=2.L3(4)M5 rows=14 total_pairs=6218275
TABLE name=2xL3(2) rows=12 total_pairs=6218331
TABLE name=2.L3(4)M7 rows=12 total_pairs=6218387
TABLE name=2.L3(4)M8 rows=12 total_pairs=6218443
TABLE name=Isoclinic(2x3^2:Q8) rows=12 total_pairs=6218479
TABLE name=4_1.2^4:A5 rows=24 total_pairs=6218737
TABLE name=4_2.2^4:A5 rows=26 total_pairs=6219031
TABLE name=3x2^4:A5 rows=27 total_pairs=6219292
TABLE name=3.L3(4)M4 rows=17 total_pairs=6219415
TABLE name=3.L3(4)M5 rows=17 total_pairs=6219538
TABLE name=3.L3(4)M7 rows=18 total_pairs=6219664
TABLE name=3.L3(4)M8 rows=18 total_pairs=6219790
TABLE name=3^(1+2)_+:Q8 rows=16 total_pairs=6219875
TABLE name=3x2^5.A5 rows=48 total_pairs=6220865
TABLE name=6xL3(2) rows=36 total_pairs=6221369
TABLE name=6.L3(4)M7 rows=36 total_pairs=6221873
TABLE name=6.L3(4)M8 rows=36 total_pairs=6222377
TABLE name=Isoclinic(2x3^(1+2)_+:Q8) rows=32 total_pairs=6222717
TABLE name=3x4_1.2^4:A5 rows=72 total_pairs=6225039
TABLE name=3x4_2.2^4:A5 rows=78 total_pairs=6227685
TABLE name=3^(1+4)_+.2S4 rows=22 total_pairs=6227890
TABLE name=2(A4xA4).2^2 rows=22 total_pairs=6228092
TABLE name=U4(3)M3 rows=20 total_pairs=6228274
TABLE name=U4(3)M9 rows=12 total_pairs=6228336
TABLE name=U4(3)M12 rows=9 total_pairs=6228370
TABLE name=2.A6M2 rows=9 total_pairs=6228403
TABLE name=3^2:8 rows=12 total_pairs=6228435
TABLE name=2.A6M5 rows=8 total_pairs=6228458
TABLE name=3xA5 rows=15 total_pairs=6228539
TABLE name=3.A6M2 rows=15 total_pairs=6228620
TABLE name=3xSymm(4) rows=15 total_pairs=6228692
TABLE name=3.A6M5 rows=15 total_pairs=6228764
TABLE name=3x2.A5 rows=27 total_pairs=6229061
TABLE name=6.A6M2 rows=27 total_pairs=6229358
TABLE name=3x2.Symm(4) rows=24 total_pairs=6229565
TABLE name=6.A6M5 rows=24 total_pairs=6229772
TABLE name=2.A4x3 rows=21 total_pairs=6229907
TABLE name=(2.A4x3).2 rows=15 total_pairs=6229989
TABLE name=3xL3(2) rows=18 total_pairs=6230115
TABLE name=3xA5.2 rows=21 total_pairs=6230277
TABLE name=3.(A4x3):2 rows=19 total_pairs=6230393
TABLE name=3x2.L3(2) rows=33 total_pairs=6230834
TABLE name=3xIsoclinic(2.A5.2) rows=36 total_pairs=6231293
TABLE name=(2.A5x3).2 rows=21 total_pairs=6231469
TABLE name=2.A6x3 rows=39 total_pairs=6232072
TABLE name=(2.A6x3).2_1 rows=30 total_pairs=6232465
TABLE name=2.A9M5 rows=22 total_pairs=6232649
TABLE name=2.(A5xA4).2 rows=28 total_pairs=6232998
TABLE name=(2x3^3).S4 rows=26 total_pairs=6233269
TABLE name=3^2:2A4 rows=10 total_pairs=6233305
TABLE name=U3(8)M4 rows=10 total_pairs=6233341
TABLE name=U3(8)M5 rows=10 total_pairs=6233377
TABLE name=2x3^2:2A4 rows=20 total_pairs=6233521
TABLE name=A7x3 rows=27 total_pairs=6233827
TABLE name=(A7x3).2 rows=24 total_pairs=6234088
TABLE name=2.A7x3 rows=48 total_pairs=6235087
TABLE name=(2.A7x3).2 rows=39 total_pairs=6235781
TABLE name=(A5xA5):4 rows=22 total_pairs=6235991
TABLE name=2.(A5xA5).4 rows=35 total_pairs=6236519
TABLE name=(A6xA4).2 rows=29 total_pairs=6236899
TABLE name=2.(A6xA4).2 rows=41 total_pairs=6237674
TABLE name=A8x3 rows=42 total_pairs=6238457
TABLE name=(A8x3).2 rows=36 total_pairs=6239060
TABLE name=(2.A8x3).2 rows=54 total_pairs=6240426
TABLE name=(A7xA4):2 rows=39 total_pairs=6241137
TABLE name=2.(A7xA4).2 rows=54 total_pairs=6242524
TABLE name=(A6xA5):2 rows=40 total_pairs=6243267
TABLE name=2.(A6xA5).2 rows=58 total_pairs=6244848
TABLE name=A9x3 rows=54 total_pairs=6246207
TABLE name=(A9x3):2 rows=48 total_pairs=6247303
TABLE name=2.A9x3 rows=90 total_pairs=6251083
TABLE name=(2.A9x3).2 rows=72 total_pairs=6253566
TABLE name=7^(1+2).Sp(2,7) rows=84 total_pairs=6256638
TABLE name=3xO8+(2) rows=159 total_pairs=6268662
TABLE name=(3xO8+(2)):2 rows=120 total_pairs=6275655
TABLE name=3^(3+6):26 rows=34 total_pairs=6275884
TABLE name=2x3^4:(2xA6) rows=60 total_pairs=6277484
TABLE name=[2^30].L5(2) rows=1033 total_pairs=6796165
TABLE name=2^(9+16).S8(2) rows=703 total_pairs=7040820
TABLE name=[2^35].(S5xL3(2)) rows=2168 total_pairs=9309619
TABLE name=2^(2+10+20).(M22.2xS3) rows=1226 total_pairs=10046075
TABLE name=3^(1+12):6.Suz.2 rows=533 total_pairs=10187305
TABLE name=3^12.6.Suz.2 rows=323 total_pairs=10238996
TABLE name=3^(1+12).2.Suz.2 rows=253 total_pairs=10270724
TABLE name=3^(1+12).(2xU5(2).2) rows=488 total_pairs=10388096
TABLE name=5^(1+6):2.J2.4 rows=162 total_pairs=10400909
TABLE name=(7:3xHe):2 rows=168 total_pairs=10414553
TABLE name=(A5xA12):2 rows=274 total_pairs=10451724
TABLE name=5^(3+3).(2xL3(5)) rows=118 total_pairs=10458076
TABLE name=(A6xA6xA6).(2xS4) rows=187 total_pairs=10475041
TABLE name=(A5xU3(8):3):2 rows=153 total_pairs=10486377
TABLE name=5^(2+2+4):(S3xGL2(5)) rows=172 total_pairs=10500190
TABLE name=(L3(2)xS4(4):2).2 rows=150 total_pairs=10511156
TABLE name=(5^2:[2^4]xU3(5)).S3 rows=192 total_pairs=10528920
TABLE name=(L2(11)xM12):2 rows=141 total_pairs=10538543
TABLE name=(A7x(A5xA5):2^2):2 rows=270 total_pairs=10574266
TABLE name=5^4:(3x2.L2(25)).2 rows=70 total_pairs=10576350
TABLE name=7^(2+1+2):GL2(7) rows=91 total_pairs=10579995
TABLE name=M11xA6.2^2 rows=130 total_pairs=10588010
TABLE name=(S5xS5xS5):S3 rows=140 total_pairs=10597440
TABLE name=(L2(11)xL2(11)):4 rows=61 total_pairs=10599109
TABLE name=13^2:2.L2(13).4 rows=63 total_pairs=10600485
TABLE name=(7^2:(3x2A4)xL2(7)).2 rows=135 total_pairs=10608981
TABLE name=(13:6xL3(3)).2 rows=102 total_pairs=10613634
TABLE name=3^3:L3(3) rows=22 total_pairs=10613838
TABLE name=L4(3)M4 rows=25 total_pairs=10614120
TABLE name=3^4:2(A4xA4).2 rows=36 total_pairs=10614708
TABLE name=(4xA6):2 rows=29 total_pairs=10615053
TABLE name=(3x2S5).2 rows=30 total_pairs=10615437
TABLE name=O8+(2)M2 rows=30 total_pairs=10615862
TABLE name=O8+(2)M3 rows=30 total_pairs=10616287
TABLE name=O8+(2)M5 rows=41 total_pairs=10617061
TABLE name=O8+(2)M6 rows=41 total_pairs=10617835
TABLE name=O8+(2)M8 rows=18 total_pairs=10617986
TABLE name=O8+(2)M9 rows=18 total_pairs=10618137
TABLE name=(3xU4(2)):2 rows=45 total_pairs=10619076
TABLE name=O8+(2)M11 rows=45 total_pairs=10620015
TABLE name=O8+(2)M12 rows=45 total_pairs=10620954
TABLE name=2^(1+8)_+:(S3xS3xS3) rows=92 total_pairs=10624799
TABLE name=3^4:2^3.S4(a) rows=39 total_pairs=10625407
TABLE name=2x2.S6(2) rows=86 total_pairs=10628951
TABLE name=2^2.O8+(2)M2 rows=86 total_pairs=10632495
TABLE name=2^2.O8+(2)M3 rows=86 total_pairs=10636039
TABLE name=(2x2^(1+6)_+).A8 rows=90 total_pairs=10639907
TABLE name=2^2.O8+(2)M5 rows=90 total_pairs=10643775
TABLE name=2^2.O8+(2)M6 rows=90 total_pairs=10647643
TABLE name=2x2.A9 rows=60 total_pairs=10649323
TABLE name=2^2.O8+(2)M8 rows=60 total_pairs=10651003
TABLE name=2^2.O8+(2)M9 rows=60 total_pairs=10652683
TABLE name=2x(3x2.U4(2)):2 rows=144 total_pairs=10662379
TABLE name=2^2.O8+(2)M11 rows=144 total_pairs=10672075
TABLE name=2^2.O8+(2)M12 rows=144 total_pairs=10681771
TABLE name=2^2.(2^(1+8)_+:(S3xS3xS3)) rows=182 total_pairs=10696776
TABLE name=(2^2x3^4).2^3.S4 rows=111 total_pairs=10702193
TABLE name=(2x2.(A5xA5)):2^2 rows=82 total_pairs=10705173
TABLE name=2^2.O8+(2)M16 rows=82 total_pairs=10708153
TABLE name=2^2.O8+(2)M17 rows=82 total_pairs=10711133
TABLE name=(4^2x2)(2xS4) rows=36 total_pairs=10711645
TABLE name=(4^2x2)S4 rows=18 total_pairs=10711773
TABLE name=(4^2x3):S3 rows=18 total_pairs=10711889
TABLE name=(7:3x3):2 rows=12 total_pairs=10711934
TABLE name=(7xL2(7)):2 rows=27 total_pairs=10712234
TABLE name=(9x3).S3 rows=13 total_pairs=10712296
TABLE name=(A5xA5):2^2 rows=25 total_pairs=10712569
TABLE name=S4(4).2M7 rows=25 total_pairs=10712842
TABLE name=O8+(2)M16 rows=25 total_pairs=10713115
TABLE name=O8+(2)M17 rows=25 total_pairs=10713388
TABLE name=2.O8+(2)M3 rows=43 total_pairs=10714274
TABLE name=2.O8+(2)M6 rows=55 total_pairs=10715705
TABLE name=2xA9 rows=36 total_pairs=10716309
TABLE name=2.O8+(2)M9 rows=30 total_pairs=10716729
TABLE name=2x(3xU4(2)):2 rows=90 total_pairs=10720485
TABLE name=(3x2.U4(2)):2 rows=72 total_pairs=10722909
TABLE name=2.O8+(2)M12 rows=72 total_pairs=10725333
TABLE name=2.2^(1+8)_+:(S3xS3xS3) rows=122 total_pairs=10732170
TABLE name=(2x3^4:2^3).S4 rows=63 total_pairs=10733881
TABLE name=(A5xA5).(2x4) rows=50 total_pairs=10734973
TABLE name=2.(A5xA5).2^2 rows=41 total_pairs=10735718
TABLE name=2.O8+(2)M17 rows=41 total_pairs=10736463
TABLE name=(A8xA4):2 rows=58 total_pairs=10738067
TABLE name=(A7xA5):2 rows=54 total_pairs=10739453
TABLE name=(S3xS3xA5):2 rows=36 total_pairs=10740019
TABLE name=2^{3+6}:(L3(2)x3) rows=47 total_pairs=10741018
TABLE name=2^{1+8}_+:(S3xA5) rows=54 total_pairs=10742385
TABLE name=10^2:S3 rows=33 total_pairs=10742693
TABLE name=11^(1+2)+:40 rows=47 total_pairs=10742985
TABLE name=11^2:(5x2L2(11).2) rows=131 total_pairs=10748890
TABLE name=11^2:60 rows=62 total_pairs=10749010
TABLE name=2(A4xA4).4.2 rows=26 total_pairs=10749303
TABLE name=2(A4xA4).4.2^2 rows=46 total_pairs=10750211
TABLE name=2(L2(11)x2).2 rows=48 total_pairs=10750943
TABLE name=2(L2(7)x4).2 rows=64 total_pairs=10752335
TABLE name=2.(2.(A4xA4).2.2) rows=34 total_pairs=10752825
TABLE name=2.(2^5:S6) rows=44 total_pairs=10753712
TABLE name=2x3^(1+2)_+:2S4 rows=36 total_pairs=10754276
TABLE name=2.(3^3:(S4x2)) rows=34 total_pairs=10754775
TABLE name=2.(S3xS6) rows=45 total_pairs=10755667
TABLE name=2.(S6x2) rows=28 total_pairs=10755991
TABLE name=2.2^6.L3(2) rows=30 total_pairs=10756382
TABLE name=D108 rows=30 total_pairs=10756486
TABLE name=D112 rows=31 total_pairs=10756594
TABLE name=2^(1+4)+.(S3xS3) rows=22 total_pairs=10756796
TABLE name=2^(1+8)+:L2(8) rows=38 total_pairs=10757428
TABLE name=2^(2+4):(3xD10) rows=18 total_pairs=10757548
TABLE name=2^(2+4):15 rows=21 total_pairs=10757643
TABLE name=2^(3+6):21 rows=27 total_pairs=10757778
TABLE name=2^2.(3^2:2A4) rows=16 total_pairs=10757879
TABLE name=2^2.(3^2:Q8) rows=24 total_pairs=10758023
TABLE name=2^2.(3^2:Q8.2) rows=24 total_pairs=10758220
TABLE name=7:3xS4 rows=25 total_pairs=10758450
TABLE name=D8xL3(2) rows=30 total_pairs=10758824
TABLE name=2^2.[2^6].(S3xS3) rows=54 total_pairs=10760146
TABLE name=2^2.S6 rows=29 total_pairs=10760491
TABLE name=2^3.L3(2):2 rows=16 total_pairs=10760598
TABLE name=2^6:(3xA5) rows=26 total_pairs=10760893
TABLE name=S4(4)M2 rows=26 total_pairs=10761188
TABLE name=2^6:(3xA5):2 rows=28 total_pairs=10761541
TABLE name=S4(4).2M3 rows=28 total_pairs=10761894
TABLE name=2^6:(7xL2(8)) rows=71 total_pairs=10763728
TABLE name=2^6:3^3:S4 rows=40 total_pairs=10764449
TABLE name=2S5.2 rows=18 total_pairs=10764574
TABLE name=3^(1+2)+.2S4 rows=18 total_pairs=10764715
TABLE name=3^(1+2)+:2S4 rows=18 total_pairs=10764856
TABLE name=3^(1+4)+.2^(1+4)-.S3 rows=43 total_pairs=10765673
TABLE name=3^(1+4)+.4S4 rows=38 total_pairs=10766309
TABLE name=3^(2+4):80 rows=91 total_pairs=10767199
TABLE name=3^2.(3x3^(1+2)+):D8 rows=35 total_pairs=10767712
TABLE name=3^3:S4` rows=17 total_pairs=10767832
TABLE name=3^4:(2xA6) rows=30 total_pairs=10768232
TABLE name=3^4:2^3.S4 rows=30 total_pairs=10768624
TABLE name=3^4:GL2(9) rows=89 total_pairs=10771448
TABLE name=4(A4xA4).4 rows=38 total_pairs=10772052
TABLE name=5^(1+2)+:24 rows=31 total_pairs=10772226
TABLE name=5^(1+2)+:4A5 rows=40 total_pairs=10772962
TABLE name=5^(1+2)+:8 rows=13 total_pairs=10773008
TABLE name=5^2:S3 rows=13 total_pairs=10773056
TABLE name=5^3:(2xA5).2 rows=31 total_pairs=10773466
TABLE name=5^3:62 rows=64 total_pairs=10773590
TABLE name=6^2:D12 rows=20 total_pairs=10773747
TABLE name=6^2:S3 rows=19 total_pairs=10773879
TABLE name=7^(1+2):48 rows=57 total_pairs=10774319
TABLE name=7^2:2A4 rows=17 total_pairs=10774413
TABLE name=7^2:S3 rows=20 total_pairs=10774526
TABLE name=8^2:S3 rows=24 total_pairs=10774689
TABLE name=2^(1+8)_+:U4(2) rows=69 total_pairs=10776960
TABLE name=U6(2)M5 rows=34 total_pairs=10777491
TABLE name=U6(2)M6 rows=34 total_pairs=10778022
TABLE name=U6(2)M9 rows=30 total_pairs=10778447
TABLE name=U6(2)M10 rows=30 total_pairs=10778872
TABLE name=U6(2)M12 rows=12 total_pairs=10778936
TABLE name=U6(2)M13 rows=12 total_pairs=10779000
TABLE name=3^(1+4).2^(1+1+2+2).S3 rows=46 total_pairs=10779970
TABLE name=2.2^(1+8)_+:U4(2) rows=113 total_pairs=10786081
TABLE name=2.U6(2)M6 rows=63 total_pairs=10787956
TABLE name=2.2^(4+8):(S3xA5) rows=111 total_pairs=10793777
TABLE name=2.U6(2)M9 rows=60 total_pairs=10795477
TABLE name=2.U6(2)M10 rows=60 total_pairs=10797177
TABLE name=2xM22 rows=24 total_pairs=10797433
TABLE name=2.U6(2)M13 rows=23 total_pairs=10797678
TABLE name=2xS3xU4(2) rows=120 total_pairs=10804382
TABLE name=2.(3^(1+4).[2^7.3]) rows=80 total_pairs=10807326
TABLE name=3x2^(1+8)_+:U4(2) rows=207 total_pairs=10827765
TABLE name=3.U6(2)M5 rows=92 total_pairs=10831740
TABLE name=3.U6(2)M6 rows=92 total_pairs=10835715
TABLE name=3x2^(4+8):(S3xA5) rows=204 total_pairs=10854993
TABLE name=3xS6(2) rows=90 total_pairs=10858818
TABLE name=3.U6(2)M9 rows=90 total_pairs=10862643
TABLE name=3.U6(2)M10 rows=90 total_pairs=10866468
TABLE name=3.U6(2)M12 rows=34 total_pairs=10866986
TABLE name=3.U6(2)M13 rows=34 total_pairs=10867504
TABLE name=3xS3xU4(2) rows=180 total_pairs=10882588
TABLE name=3.(3^(1+4).[2^7.3]) rows=132 total_pairs=10890646
TABLE name=3x2.2^(1+8)_+:U4(2) rows=339 total_pairs=10945645
TABLE name=6.U6(2)M6 rows=169 total_pairs=10959366
TABLE name=3x2.2^(4+8):(S3xA5) rows=333 total_pairs=11011755
TABLE name=6xS6(2) rows=180 total_pairs=11027055
TABLE name=6.U6(2)M9 rows=180 total_pairs=11042355
TABLE name=6.U6(2)M10 rows=180 total_pairs=11057655
TABLE name=2x3.M22 rows=68 total_pairs=11059727
TABLE name=6.U6(2)M13 rows=65 total_pairs=11061680
TABLE name=6xS3xU4(2) rows=360 total_pairs=11122016
TABLE name=6.(3^(1+4).[2^7.3]) rows=228 total_pairs=11146150
TABLE name=2^2xU5(2) rows=188 total_pairs=11162822
TABLE name=2^2.2^(1+8)_+:U4(2) rows=201 total_pairs=11181965
TABLE name=2^2.U6(2)M5 rows=126 total_pairs=11189465
TABLE name=2^2.U6(2)M6 rows=126 total_pairs=11196965
TABLE name=2^2.2^(4+8):(S3xA5) rows=197 total_pairs=11214938
TABLE name=2^2xS6(2) rows=120 total_pairs=11221738
TABLE name=2^2.U6(2)M9 rows=120 total_pairs=11228538
TABLE name=2^2.U6(2)M10 rows=120 total_pairs=11235338
TABLE name=2x2.M22 rows=46 total_pairs=11236318
TABLE name=2^2.U6(2)M12 rows=46 total_pairs=11237298
TABLE name=2^2.U6(2)M13 rows=46 total_pairs=11238278
TABLE name=2^2xS3xU4(2) rows=240 total_pairs=11265094
TABLE name=2^2x3xU5(2) rows=564 total_pairs=11415142
TABLE name=3x2^2.2^(1+8)_+:U4(2) rows=603 total_pairs=11587429
TABLE name=2x6_1.U4(3).2_2 rows=338 total_pairs=11642313
TABLE name=(2^2x3).U6(2)M5 rows=338 total_pairs=11697197
TABLE name=(2^2x3).U6(2)M6 rows=338 total_pairs=11752081
TABLE name=3x2^2.2^(4+8):(S3xA5) rows=591 total_pairs=11913838
TABLE name=2^2x3xS6(2) rows=360 total_pairs=11975038
TABLE name=(2^2x3).U6(2)M9 rows=360 total_pairs=12036238
TABLE name=(2^2x3).U6(2)M10 rows=360 total_pairs=12097438
TABLE name=2x6.M22 rows=130 total_pairs=12105250
TABLE name=(2^2x3).U6(2)M12 rows=130 total_pairs=12113062
TABLE name=(2^2x3).U6(2)M13 rows=130 total_pairs=12120874
TABLE name=2^2x3xS3xU4(2) rows=720 total_pairs=12362218
TABLE name=(2^2x3).(3^(1+4).[2^7.3]) rows=420 total_pairs=12443308
TABLE name=3^5:U4(2):2 rows=76 total_pairs=12446023
TABLE name=O7(3)M5 rows=23 total_pairs=12446267
TABLE name=3^(3+3):L3(3) rows=46 total_pairs=12447226
TABLE name=3^(3+3)b:L3(3) rows=46 total_pairs=12448185
TABLE name=O7(3)M8 rows=30 total_pairs=12448610
TABLE name=O7(3)M11 rows=30 total_pairs=12449029
TABLE name=(2^2xU4(2)):2 rows=70 total_pairs=12451289
TABLE name=(A4x2(A4xA4).2).2 rows=73 total_pairs=12453706
TABLE name=(2x3^5).U4(2).2 rows=119 total_pairs=12460383
TABLE name=2xG2(3) rows=46 total_pairs=12461359
TABLE name=2.O7(3)M5 rows=46 total_pairs=12462335
TABLE name=2x3^(3+3):L3(3) rows=92 total_pairs=12466171
TABLE name=2x3^(3+3)b:L3(3) rows=92 total_pairs=12470007
TABLE name=2.O7(3)M8 rows=43 total_pairs=12470893
TABLE name=2.O7(3)M9 rows=141 total_pairs=12480197
TABLE name=2.O7(3)M11 rows=42 total_pairs=12481034
TABLE name=2.(2^2xU4(2)).2 rows=83 total_pairs=12484263
TABLE name=2^(1+6)_+:A7 rows=41 total_pairs=12485048
TABLE name=2.(S6xS4) rows=67 total_pairs=12487109
TABLE name=2.(A4x2(A4xA4).2).2 rows=94 total_pairs=12491099
TABLE name=3.3^5:U4(2):2 rows=140 total_pairs=12500494
TABLE name=3xL4(3).2_2 rows=147 total_pairs=12510574
TABLE name=3.O7(3)M5 rows=45 total_pairs=12511518
TABLE name=3.(3^(3+3):L3(3)) rows=70 total_pairs=12513795
TABLE name=3.O7(3)M8 rows=90 total_pairs=12517620
TABLE name=3.O7(3)M9 rows=148 total_pairs=12527709
TABLE name=3xS9 rows=90 total_pairs=12531480
TABLE name=3.O7(3)M11 rows=90 total_pairs=12535251
TABLE name=3x(2^2xU4(2)):2 rows=210 total_pairs=12555591
TABLE name=2^6:3A7 rows=80 total_pairs=12558426
TABLE name=3xS6xS4 rows=165 total_pairs=12570720
TABLE name=3.(A4x2(A4xA4).2).2 rows=163 total_pairs=12582721
TABLE name=6.(3^5:U4(2):2) rows=205 total_pairs=12602956
TABLE name=3x2.L4(3).2_2 rows=207 total_pairs=12623197
TABLE name=2x3.G2(3) rows=90 total_pairs=12626973
TABLE name=6.O7(3)M5 rows=90 total_pairs=12630749
TABLE name=2x3.(3^(3+3):L3(3)) rows=140 total_pairs=12639857
TABLE name=3x2.S6(2) rows=129 total_pairs=12647831
TABLE name=6.O7(3)M8 rows=129 total_pairs=12655805
TABLE name=6.O7(3)M9 rows=227 total_pairs=12679719
TABLE name=3xIsoclinic(2.A9.2) rows=126 total_pairs=12687252
TABLE name=6.O7(3)M11 rows=126 total_pairs=12694785
TABLE name=3x2.(2^2xU4(2)).2 rows=249 total_pairs=12723846
TABLE name=2^(1+6)_+:3A7 rows=103 total_pairs=12728743
TABLE name=3x2.(S6xS4) rows=201 total_pairs=12747292
TABLE name=6.(A4x2(A4xA4).2).2 rows=194 total_pairs=12764510
TABLE name=3^6:(L4(3)x2) rows=144 total_pairs=12774510
TABLE name=L4(3)x2 rows=58 total_pairs=12776058
TABLE name=3^6:2U4(3).2_1 rows=146 total_pairs=12786398
TABLE name=2^8:O8+(2):2 rows=191 total_pairs=12804275
TABLE name=2^8:O8-(2):2 rows=185 total_pairs=12821007
TABLE name=3xU3(3).2 rows=48 total_pairs=12822015
TABLE name=3.G2(3)M2 rows=48 total_pairs=12823023
TABLE name=3.(3^(1+2)+x3^2):2S4 rows=45 total_pairs=12823934
TABLE name=3.G2(3)M4 rows=45 total_pairs=12824845
TABLE name=3.G2(3)M6 rows=45 total_pairs=12825727
TABLE name=3xL2(8).3 rows=33 total_pairs=12826141
TABLE name=3x2^3.L3(2) rows=33 total_pairs=12826591
TABLE name=3xL2(13) rows=27 total_pairs=12826870
TABLE name=3.2^(1+4)+:3^2.2 rows=44 total_pairs=12827646
TABLE name=2.2^(4+6).(A5x3) rows=65 total_pairs=12829555
TABLE name=Isoclinic(2xU3(4).2) rows=40 total_pairs=12830259
TABLE name=Isoclinic(2xU3(3).2) rows=32 total_pairs=12830707
TABLE name=2.A5xA5 rows=45 total_pairs=12831642
TABLE name=U3(5)M2 rows=9 total_pairs=12831676
TABLE name=U3(5)M3 rows=9 total_pairs=12831710
TABLE name=U3(5)M6 rows=8 total_pairs=12831733
TABLE name=U3(5)M7 rows=8 total_pairs=12831756
TABLE name=3.U3(5)M2 rows=23 total_pairs=12831978
TABLE name=3.U3(5)M3 rows=23 total_pairs=12832200
TABLE name=3x5^(1+2)_+:8 rows=39 total_pairs=12832614
TABLE name=3.U3(5)M6 rows=22 total_pairs=12832805
TABLE name=3.U3(5)M7 rows=22 total_pairs=12832996
TABLE name=2.2^(3+3):7 rows=17 total_pairs=12833089
TABLE name=2x13:4 rows=14 total_pairs=12833137
TABLE name=2^2.2^(3+3):7 rows=31 total_pairs=12833370
TABLE name=2^2x13:4 rows=28 total_pairs=12833562
TABLE name=2^2xD14 rows=20 total_pairs=12833658
TABLE name=L3(7)M2 rows=21 total_pairs=12833831
TABLE name=L3(7)M4 rows=9 total_pairs=12833861
TABLE name=L3(7)M5 rows=9 total_pairs=12833891
TABLE name=3x7^2:2.L2(7).2 rows=63 total_pairs=12835448
TABLE name=3.L3(7)M2 rows=63 total_pairs=12837005
TABLE name=3xL3(2).2 rows=27 total_pairs=12837275
TABLE name=3.L3(7)M4 rows=27 total_pairs=12837545
TABLE name=3.L3(7)M5 rows=27 total_pairs=12837815
TABLE name=3x19:3 rows=27 total_pairs=12837977
TABLE name=2.(A6xA6).2^2 rows=67 total_pairs=12840034
TABLE name=2.(A8xA4).2 rows=76 total_pairs=12842804
TABLE name=2.(A7xA5).2 rows=77 total_pairs=12845644
TABLE name=2.2^5.S6 rows=43 total_pairs=12846495
TABLE name=2^(1+6)_-.3^3.S4 rows=52 total_pairs=12847747
TABLE name=2.3^4.2^3.S4 rows=51 total_pairs=12848912
TABLE name=2.(2^4:A5) rows=17 total_pairs=12849037
TABLE name=2x3^(1+2)+:2A4 rows=48 total_pairs=12849957
TABLE name=(2x3^3).S4` rows=29 total_pairs=12850300
TABLE name=2.(2.(A4xA4).2) rows=35 total_pairs=12850762
TABLE name=3xF4(2) rows=285 total_pairs=12890551
TABLE name=3.2E6(2)M4 rows=285 total_pairs=12930340
TABLE name=3.2E6(2)M5 rows=285 total_pairs=12970129
TABLE name=3.2E6(2)M8 rows=165 total_pairs=12983519
TABLE name=3.2E6(2)M9 rows=165 total_pairs=12996909
TABLE name=6xF4(2) rows=570 total_pairs=13156065
TABLE name=3x2.F4(2) rows=510 total_pairs=13284423
TABLE name=6.2E6(2)M5 rows=510 total_pairs=13412781
TABLE name=6x2.F4(2) rows=1020 total_pairs=13926213
TABLE name=(2^2x3).2E6(2)M4 rows=1020 total_pairs=14439645
TABLE name=(2^2x3).2E6(2)M5 rows=1020 total_pairs=14953077
TABLE name=2x3.Fi22 rows=330 total_pairs=15006637
TABLE name=6.2E6(2)M9 rows=282 total_pairs=15045910
TABLE name=2x6.Fi22 rows=564 total_pairs=15203002
TABLE name=(2^2x3).2E6(2)M8 rows=564 total_pairs=15360094
TABLE name=(2^2x3).2E6(2)M9 rows=564 total_pairs=15517186
TABLE name=2.D12 rows=9 total_pairs=15517206
TABLE name=2.D14 rows=10 total_pairs=15517230
TABLE name=D16 rows=7 total_pairs=15517242
TABLE name=2.D16 rows=11 total_pairs=15517270
TABLE name=D18 rows=6 total_pairs=15517278
TABLE name=2.D18 rows=12 total_pairs=15517310
TABLE name=2.D20 rows=13 total_pairs=15517346
TABLE name=D22 rows=7 total_pairs=15517356
TABLE name=2.D22 rows=14 total_pairs=15517396
TABLE name=2.D24 rows=15 total_pairs=15517440
TABLE name=D26 rows=8 total_pairs=15517452
TABLE name=2.D26 rows=16 total_pairs=15517500
TABLE name=D28 rows=10 total_pairs=15517524
TABLE name=2.D28 rows=17 total_pairs=15517576
TABLE name=D30 rows=9 total_pairs=15517590
TABLE name=2.D30 rows=18 total_pairs=15517646
TABLE name=D32 rows=11 total_pairs=15517674
TABLE name=2.D32 rows=19 total_pairs=15517734
TABLE name=(2x29).14 rows=32 total_pairs=15517846
TABLE name=2x31:15 rows=34 total_pairs=15517966
TABLE name=3^3:13 rows=15 total_pairs=15517992
TABLE name=2x3^3:13 rows=30 total_pairs=15518096
TABLE name=5^2:12 rows=14 total_pairs=15518120
TABLE name=(2x5^2).12 rows=28 total_pairs=15518216
TABLE name=L2(25)M3 rows=7 total_pairs=15518234
TABLE name=2.L2(25)M3 rows=12 total_pairs=15518285
TABLE name=2x23:11 rows=26 total_pairs=15518373
TABLE name=2x19:9 rows=22 total_pairs=15518445
TABLE name=(2x17).8 rows=20 total_pairs=15518509
TABLE name=(2x13).6 rows=16 total_pairs=15518557
TABLE name=6.A6M3 rows=28 total_pairs=15518781
TABLE name=6.(A4x3).2 rows=29 total_pairs=15519099
TABLE name=127:7 rows=25 total_pairs=15519225
TABLE name=9:6 rows=10 total_pairs=15519252
TABLE name=2^2.[2^9]:(7xS3) rows=45 total_pairs=15520035
TABLE name=2^(1+8)_+:L2(8):3 rows=50 total_pairs=15521197
TABLE name=2^2.[2^9]:(7:3xS3) rows=55 total_pairs=15522570
TABLE name=3^(1+2)_+.(2S4x3) rows=38 total_pairs=15523180
TABLE name=3^2:2A4x3 rows=30 total_pairs=15523504
TABLE name=2x(A4x3):2 rows=18 total_pairs=15523616
TABLE name=(2^4:S5x3).2 rows=36 total_pairs=15524181
TABLE name=2^3:L3(2)xS3 rows=33 total_pairs=15524663
TABLE name=(L2(11)x3).2 rows=21 total_pairs=15524842
TABLE name=3^5:(M10x2) rows=39 total_pairs=15525526
TABLE name=(3xL3(4).2_2).2 rows=36 total_pairs=15526107
TABLE name=M11xS3 rows=30 total_pairs=15526512
TABLE name=3.2^(2+4):(S3xS3) rows=35 total_pairs=15527033
TABLE name=3x2(A4xA4).2^2 rows=66 total_pairs=15528851
TABLE name=3xM22C2A rows=51 total_pairs=15529877
TABLE name=3xJ1 rows=45 total_pairs=15530723
TABLE name=3xL2(31) rows=54 total_pairs=15531713
TABLE name=3xONM8 rows=54 total_pairs=15532703
TABLE name=3xL3(7).2 rows=78 total_pairs=15535394
TABLE name=3xONM2 rows=78 total_pairs=15538085
TABLE name=3x4^3.L3(2) rows=54 total_pairs=15539336
TABLE name=3xD8 rows=15 total_pairs=15539372
TABLE name=3x5:8 rows=30 total_pairs=15539516
TABLE name=(3xL2(16):2).2 rows=33 total_pairs=15539978
TABLE name=[2^20]:(S3xL3(2)) rows=358 total_pairs=15600385
TABLE name=2.F4(2)M5 rows=633 total_pairs=15789435
TABLE name=F4(2)M6 rows=358 total_pairs=15849842
TABLE name=2.F4(2)M6 rows=633 total_pairs=16038892
TABLE name=F4(2)M13 rows=61 total_pairs=16040615
TABLE name=(L3(2)xL3(2)):2 rows=42 total_pairs=16041403
TABLE name=2^(2+11+22).(M24xS3) rows=674 total_pairs=16266471
TABLE name=2^[39].(L3(2)x3.S6) rows=1371 total_pairs=17189718
TABLE name=[2^20]:A6.2^2 rows=331 total_pairs=17241042
TABLE name=[2^22]:(S3xS3):2 rows=424 total_pairs=17323922
TABLE name=2F4(2)x2 rows=58 total_pairs=17325434
TABLE name=(S6wr2).2 rows=73 total_pairs=17327886
TABLE name=F4(2).2M8 rows=56 total_pairs=17329346
TABLE name=(L3(2)xL3(2)).4 rows=33 total_pairs=17329834
TABLE name=2^(5+10+20).(S3xL5(2)) rows=718 total_pairs=17583787
TABLE name=2^4:s5 rows=12 total_pairs=17583844
TABLE name=2.M22M5 rows=23 total_pairs=17584071
TABLE name=2.S4 rows=8 total_pairs=17584094
TABLE name=23:11 rows=13 total_pairs=17584116
TABLE name=2^3:sl(3,2) rows=11 total_pairs=17584166
TABLE name=2^4:(3xA5).2 rows=17 total_pairs=17584294
TABLE name=2^4:a6 rows=12 total_pairs=17584356
TABLE name=2.M22M2 rows=23 total_pairs=17584592
TABLE name=3.M22M2 rows=32 total_pairs=17585030
TABLE name=4.M22M2 rows=35 total_pairs=17585582
TABLE name=6.M22M2 rows=61 total_pairs=17587228
TABLE name=12.M22M2 rows=89 total_pairs=17590854
TABLE name=2^4:3.S6 rows=31 total_pairs=17591286
TABLE name=2^4:a7 rows=15 total_pairs=17591387
TABLE name=3.2^4:a7 rows=41 total_pairs=17592134
TABLE name=3.McLM10 rows=41 total_pairs=17592881
TABLE name=2xA7 rows=18 total_pairs=17593017
TABLE name=2x(3.A7) rows=46 total_pairs=17593905
TABLE name=2.(2xA7) rows=32 total_pairs=17594349
TABLE name=2.(2x3.A7) rows=80 total_pairs=17597145
TABLE name=3x2^4:s5 rows=36 total_pairs=17597658
TABLE name=4.M22M5 rows=33 total_pairs=17598135
TABLE name=3x2.M22M5 rows=69 total_pairs=17600178
TABLE name=3x4.M22M5 rows=99 total_pairs=17604471
TABLE name=2x2^3:L3(2) rows=22 total_pairs=17604671
TABLE name=2x2^3:L3(2)x2 rows=44 total_pairs=17605471
TABLE name=(2xA6).2^2 rows=23 total_pairs=17605678
TABLE name=3x2^3:L3(2) rows=33 total_pairs=17606128
TABLE name=4.M22M6 rows=32 total_pairs=17606560
TABLE name=6x2^3:L3(2) rows=66 total_pairs=17608360
TABLE name=3x4.M22M6 rows=96 total_pairs=17612248
TABLE name=(4xA6).2_3 rows=32 total_pairs=17612616
TABLE name=6.M22M7 rows=44 total_pairs=17613380
TABLE name=12.M22M7 rows=88 total_pairs=17616436
TABLE name=2xL2(11) rows=16 total_pairs=17616536
TABLE name=2xL2(11).2 rows=26 total_pairs=17616776
TABLE name=3xL2(11) rows=24 total_pairs=17617001
TABLE name=2.(2xL2(11)) rows=30 total_pairs=17617349
TABLE name=6xL2(11) rows=48 total_pairs=17618249
TABLE name=3x2.(2xL2(11)) rows=90 total_pairs=17621381
TABLE name=McLM10 rows=15 total_pairs=17621482
TABLE name=2^4:a8 rows=25 total_pairs=17621769
TABLE name=2^6:(psl(3,2)xs3) rows=33 total_pairs=17622263
TABLE name=2^6:3.s6 rows=33 total_pairs=17622759
TABLE name=2xS5 rows=14 total_pairs=17622831
TABLE name=3^2.2.S4 rows=11 total_pairs=17622880
TABLE name=4^2:D12 rows=14 total_pairs=17622952
TABLE name=4^2:D12.2 rows=16 total_pairs=17623049
TABLE name=A4xS3 rows=12 total_pairs=17623096
TABLE name=M12M7 rows=11 total_pairs=17623145
TABLE name=M22.2M4 rows=24 total_pairs=17623373
TABLE name=M8.S4 rows=13 total_pairs=17623434
TABLE name=S4xS3 rows=15 total_pairs=17623520
TABLE name=2xM11 rows=20 total_pairs=17623684
TABLE name=2.HSM9 rows=20 total_pairs=17623848
TABLE name=2.M12M2 rows=20 total_pairs=17624012
TABLE name=2.A11M7 rows=20 total_pairs=17624176
TABLE name=2.M12M4 rows=23 total_pairs=17624383
TABLE name=2x3^2.2.S4 rows=22 total_pairs=17624579
TABLE name=2.M12M7 rows=22 total_pairs=17624775
TABLE name=2.M12M8 rows=19 total_pairs=17624922
TABLE name=2.M12M9 rows=21 total_pairs=17625099
TABLE name=2.M12M10 rows=21 total_pairs=17625265
TABLE name=2.A4xS3 rows=21 total_pairs=17625420
TABLE name=(2^2xSz(8)):3 rows=28 total_pairs=17625761
TABLE name=(3^2:4xa6).2 rows=36 total_pairs=17626328
TABLE name=(3^2:4x2.A6).2 rows=60 total_pairs=17627963
TABLE name=(3xG2(3)):2 rows=51 total_pairs=17629201
TABLE name=(D10xU3(5)).2 rows=52 total_pairs=17630465
TABLE name=(a4xpsl(3,4)):2 rows=38 total_pairs=17631123
TABLE name=2.(A4xL3(4)).2 rows=56 total_pairs=17632603
TABLE name=(a6xa5).2 rows=31 total_pairs=17633051
TABLE name=2.(2^2xSz(8)):3 rows=45 total_pairs=17633980
TABLE name=2.2.2^4+6:S5 rows=82 total_pairs=17637121
TABLE name=2xA8 rows=28 total_pairs=17637469
TABLE name=2.2^3+8:L3(2) rows=55 total_pairs=17638853
TABLE name=2.2^4+6:S5 rows=49 total_pairs=17639947
TABLE name=2.2^6:u3(3):2 rows=53 total_pairs=17641273
TABLE name=2.RuM1 rows=58 total_pairs=17642785
TABLE name=2^(1+8).(A5xA5).2 rows=56 total_pairs=17644276
TABLE name=2^1+6.psl(3,2) rows=30 total_pairs=17644667
TABLE name=2^1+6.u4q2 rows=57 total_pairs=17646221
TABLE name=2.SuzM4 rows=102 total_pairs=17651261
TABLE name=2^1+8.a9 rows=52 total_pairs=17652564
TABLE name=2^1+8.2.A9 rows=98 total_pairs=17657206
TABLE name=2^2+8(a5xs3) rows=49 total_pairs=17658319
TABLE name=2.SuzM9 rows=82 total_pairs=17661464
TABLE name=(2xL3(3)).2 rows=30 total_pairs=17661856
TABLE name=2^2.psl(3,4).s3 rows=33 total_pairs=17662360
TABLE name=2^3+8:L3(2) rows=35 total_pairs=17662907
TABLE name=2^3.2^2.2^6.(3xL3(2)) rows=50 total_pairs=17664057
TABLE name=2^4+6:3a6 rows=47 total_pairs=17665074
TABLE name=2.SuzM7 rows=80 total_pairs=17668064
TABLE name=2^4.s6 rows=21 total_pairs=17668252
TABLE name=U4(3).2_1M10 rows=21 total_pairs=17668440
TABLE name=2^5.S6 rows=42 total_pairs=17669192
TABLE name=2.2^4.S6 rows=37 total_pairs=17669809
TABLE name=2^4.(S4x2) rows=24 total_pairs=17670005
TABLE name=2^5.psl(5,2) rows=41 total_pairs=17670787
TABLE name=2^6.U4(2) rows=43 total_pairs=17671663
TABLE name=2^6.U4(2).2 rows=65 total_pairs=17673658
TABLE name=2^6:u3(3):2 rows=30 total_pairs=17674066
TABLE name=2xa6.2^2 rows=26 total_pairs=17674322
TABLE name=U4(3).(2^2)_{133}M11 rows=26 total_pairs=17674578
TABLE name=U4(3).(2^2)_{133}M12 rows=26 total_pairs=17674834
TABLE name=(2xA6.2^2).2 rows=37 total_pairs=17675402
TABLE name=2.HSM11 rows=37 total_pairs=17675970
TABLE name=3.3^(1+4):2S5 rows=66 total_pairs=17677875
TABLE name=3.3^(1+4):4S5 rows=54 total_pairs=17679170
TABLE name=2^(1+3):L3(2) rows=16 total_pairs=17679278
TABLE name=2^(2+4):(3x3):2 rows=17 total_pairs=17679398
TABLE name=3.2^(2+4):(3x3):2 rows=43 total_pairs=17680126
TABLE name=2^(1+1+2+2):S3 rows=16 total_pairs=17680223
TABLE name=2^(2+4).S3 rows=16 total_pairs=17680320
TABLE name=2^(2+4).(S3x2) rows=23 total_pairs=17680542
TABLE name=3.ONM5 rows=68 total_pairs=17682577
TABLE name=31:15 rows=17 total_pairs=17682607
TABLE name=31:30 rows=31 total_pairs=17682637
TABLE name=37:18 rows=20 total_pairs=17682673
TABLE name=47:23 rows=25 total_pairs=17682719
TABLE name=3^(1+4):2S5 rows=24 total_pairs=17682974
TABLE name=3^(1+4):4A5 rows=33 total_pairs=17683471
TABLE name=3^(1+4):4S5 rows=33 total_pairs=17683955
TABLE name=3^(1+6):2^(3+4):3^2:2 rows=88 total_pairs=17687620
TABLE name=3^(1+6)_+:2^(3+4):(S3xS3) rows=125 total_pairs=17695054
TABLE name=3^(2+4):2A5.D8 rows=57 total_pairs=17696521
TABLE name=3^2+4:2(2^2xa4)2 rows=49 total_pairs=17697583
TABLE name=3^4:2(A4xA4).4 rows=30 total_pairs=17697980
TABLE name=3^4:m10 rows=18 total_pairs=17698118
TABLE name=3^5:M10 rows=42 total_pairs=17698892
TABLE name=3^4.3^2.Q8 rows=21 total_pairs=17699073
TABLE name=3.3^4.3^2.Q8 rows=51 total_pairs=17700052
TABLE name=3xL3(4).2_2 rows=42 total_pairs=17700781
TABLE name=3x2.A8 rows=69 total_pairs=17702914
TABLE name=3xM11 rows=30 total_pairs=17703283
TABLE name=3xONM11 rows=30 total_pairs=17703652
TABLE name=3x5^(1+2):3:8 rows=57 total_pairs=17704750
TABLE name=3^5:2S6 rows=48 total_pairs=17705755
TABLE name=3^5:M11 rows=24 total_pairs=17706014
TABLE name=3^6.M11 rows=70 total_pairs=17708313
TABLE name=3x2.SuzM4 rows=306 total_pairs=17753673
TABLE name=2x3^6.M11 rows=140 total_pairs=17762869
TABLE name=3x2.J2.2 rows=138 total_pairs=17771950
TABLE name=3x2.SuzM7 rows=240 total_pairs=17798860
TABLE name=3x2.SuzM9 rows=246 total_pairs=17827165
TABLE name=3xIsoclinic(2.M12.2) rows=102 total_pairs=17831998
TABLE name=4.2^4.S5 rows=28 total_pairs=17832347
TABLE name=2^(1+6)_+:S5 rows=47 total_pairs=17833341
TABLE name=2.HSM10 rows=49 total_pairs=17834421
TABLE name=4.2^4:(2xS3) rows=31 total_pairs=17834795
TABLE name=4.2^4 rows=22 total_pairs=17834899
TABLE name=S4x2^2 rows=20 total_pairs=17835027
TABLE name=4.2^4:S4 rows=27 total_pairs=17835318
TABLE name=J1x2 rows=30 total_pairs=17835694
TABLE name=7^(1+2)_+:(3xD16) rows=33 total_pairs=17836086
TABLE name=4^3.L3(2) rows=18 total_pairs=17836225
TABLE name=(3^2:4xA6).2^2 rows=45 total_pairs=17837111
TABLE name=4^3.(L3(2)x2) rows=24 total_pairs=17837363
TABLE name=4^3:psl(3,2) rows=19 total_pairs=17837513
TABLE name=4^3:(L3(2)x2) rows=32 total_pairs=17837958
TABLE name=2.4^3.L3(2) rows=30 total_pairs=17838358
TABLE name=4^3:S4 rows=27 total_pairs=17838645
TABLE name=5:4xa5 rows=25 total_pairs=17838894
TABLE name=5:4xS5 rows=35 total_pairs=17839380
TABLE name=5:4x2.A5 rows=45 total_pairs=17840257
TABLE name=5:4xA4 rows=20 total_pairs=17840372
TABLE name=5:4x2^2 rows=20 total_pairs=17840436
TABLE name=A4xC4 rows=16 total_pairs=17840484
TABLE name=D8xV4 rows=20 total_pairs=17840548
TABLE name=5^(1+4):2^(1+4).5.4 rows=53 total_pairs=17841816
TABLE name=5^(1+4):4S6 rows=55 total_pairs=17843202
TABLE name=5^2.5.5^2.4A5 rows=60 total_pairs=17844838
TABLE name=5^2:4s5 rows=29 total_pairs=17845166
TABLE name=2xU3(5).2 rows=38 total_pairs=17845818
TABLE name=L2(25).(2x4) rows=48 total_pairs=17846730
TABLE name=2x5^2:4S5 rows=58 total_pairs=17848042
TABLE name=3.A6.(2x4) rows=40 total_pairs=17848726
TABLE name=Isoclinic(L2(13).2x2) rows=30 total_pairs=17849038
TABLE name=5^3.psl(3,5) rows=39 total_pairs=17849680
TABLE name=67:22 rows=25 total_pairs=17849746
TABLE name=7:3xpsl(3,2) rows=30 total_pairs=17850132
TABLE name=7^2:(3x2S4) rows=27 total_pairs=17850411
TABLE name=7^2:2psl(2,7) rows=18 total_pairs=17850537
TABLE name=LyM6 rows=36 total_pairs=17851128
TABLE name=ONM5 rows=30 total_pairs=17851515
TABLE name=ThM7 rows=52 total_pairs=17852720
TABLE name=ThN3B rows=62 total_pairs=17854513
TABLE name=s4xpsl(3,2) rows=30 total_pairs=17854915
TABLE name=2^(1+6)_+.L3(2).2 rows=36 total_pairs=17855497
TABLE name=S4xL3(2).2 rows=45 total_pairs=17856415
TABLE name=7:6xL3(2) rows=42 total_pairs=17857143
TABLE name=2^(1+6)_-.U4(2).2 rows=78 total_pairs=17860052
TABLE name=3^5:(M11x2) rows=36 total_pairs=17860643
TABLE name=J2.2x2 rows=54 total_pairs=17862003
TABLE name=2^(4+6):3S6 rows=58 total_pairs=17863572
TABLE name=(A4xL3(4):2_3):2 rows=58 total_pairs=17865149
TABLE name=2^(2+8):(S5xS3) rows=74 total_pairs=17867674
TABLE name=M12.2x2 rows=42 total_pairs=17868478
TABLE name=3^(2+4):2(S4xD8) rows=68 total_pairs=17870583
TABLE name=(A6:2_2xA5).2 rows=50 total_pairs=17871753
TABLE name=(3^2:8xA6).2 rows=54 total_pairs=17873053
TABLE name=3xG2(4) rows=96 total_pairs=17877301
TABLE name=3x2.G2(4) rows=165 total_pairs=17890324
TABLE name=2xU5(2) rows=94 total_pairs=17894492
TABLE name=3xU5(2) rows=141 total_pairs=17903870
TABLE name=3x2^(1+6)_-.U4(2) rows=171 total_pairs=17917856
TABLE name=3xJ2.2 rows=81 total_pairs=17920916
TABLE name=3x2^(4+6).3A6 rows=141 total_pairs=17930069
TABLE name=(A4x3.L3(4)).2 rows=104 total_pairs=17935135
TABLE name=3x2^(2+8):(A5xS3) rows=147 total_pairs=17945152
TABLE name=3xM12.2 rows=63 total_pairs=17946961
TABLE name=3.3^(2+4):2(A4x2^2).2 rows=139 total_pairs=17955851
TABLE name=(3.A6xA5):2 rows=83 total_pairs=17959087
TABLE name=(3^(1+2):4xA6).2 rows=94 total_pairs=17963122
TABLE name=3xL3(3).2 rows=45 total_pairs=17964004
TABLE name=3xL2(25) rows=45 total_pairs=17964715
TABLE name=(3xG2(4)).2 rows=72 total_pairs=17967189
TABLE name=(3xU5(2)).2 rows=90 total_pairs=17971062
TABLE name=(3x2^(1+6)_-.U4(2)).2 rows=135 total_pairs=17979878
TABLE name=3^6:(M11x2) rows=59 total_pairs=17981514
TABLE name=S3xJ2.2 rows=81 total_pairs=17984664
TABLE name=(3x2^(4+6):3A6).2 rows=105 total_pairs=17989864
TABLE name=(A4x3.L3(4).2_3).2 rows=91 total_pairs=17993801
TABLE name=(3x2^(2+8):(A5xS3)).2 rows=123 total_pairs=18000879
TABLE name=S3xM12.2 rows=63 total_pairs=18002762
TABLE name=3.3^(2+4):2(S4xD8) rows=113 total_pairs=18008708
TABLE name=(3.A6.2_2xA5):2 rows=76 total_pairs=18011456
TABLE name=(3^(1+2):8xA6).2 rows=83 total_pairs=18014667
TABLE name=(3xL2(25)).2_2 rows=33 total_pairs=18015108
TABLE name=3^4:(M10x2) rows=27 total_pairs=18015423
TABLE name=2x3^5:M11 rows=48 total_pairs=18016459
TABLE name=2.SuzM11 rows=95 total_pairs=18020430
TABLE name=6.SuzM8 rows=152 total_pairs=18031518
TABLE name=6.SuzM11 rows=269 total_pairs=18064483
TABLE name=3x(2xL3(3)).2 rows=90 total_pairs=18068011
TABLE name=3x2.L2(25) rows=87 total_pairs=18070558
TABLE name=(3^(1+2):4x2.A6).2 rows=154 total_pairs=18081669
TABLE name=(A6x2.A5).2 rows=54 total_pairs=18083032
TABLE name=(3.A6x2.A5).2 rows=144 total_pairs=18092681
TABLE name=2xU5(2).2 rows=86 total_pairs=18096197
TABLE name=Isoclinic(S8x2) rows=44 total_pairs=18097081
TABLE name=Isoclinic(U3(5).2x2) rows=38 total_pairs=18097733
TABLE name=2.HSM3 rows=38 total_pairs=18098385
TABLE name=2^(1+8)_+.(A5xA5).2^2 rows=79 total_pairs=18101359
TABLE name=5:4xU3(5):2 rows=95 total_pairs=18105558
TABLE name=5^(1+4)_+:(4Y2^(1+4)_-.5.4) rows=70 total_pairs=18107787
TABLE name=(S6xS6).2^2 rows=73 total_pairs=18110239
TABLE name=2^3.2^2.2^6.(S3xL3(2)) rows=61 total_pairs=18111990
TABLE name=5^2.5.5^2.4S5 rows=51 total_pairs=18113158
TABLE name=3^4:2(S4xS4).2 rows=48 total_pairs=18114208
TABLE name=HN.2M13 rows=42 total_pairs=18114992
TABLE name=(A4xG2(4)):2 rows=112 total_pairs=18121099
TABLE name=(A5xJ2):2 rows=102 total_pairs=18126200
TABLE name=(A6xU3(3)):2 rows=94 total_pairs=18130475
TABLE name=(A7xL2(7)):2 rows=69 total_pairs=18132749
TABLE name=(D10x(A5xA5).2).2 rows=70 total_pairs=18135015
TABLE name=2.2^11:M24 rows=117 total_pairs=18141718
TABLE name=2^(1+8)+.O8+(2) rows=154 total_pairs=18153373
TABLE name=2^(2+12):(A8xS3) rows=172 total_pairs=18167728
TABLE name=2^(4+10)(S5xS3) rows=156 total_pairs=18179195
TABLE name=2^(4+12).(S3x3S6) rows=220 total_pairs=18202552
TABLE name=2^1+4+6.a8 rows=111 total_pairs=18208431
TABLE name=2^1+8:s6f2 rows=100 total_pairs=18213295
TABLE name=2^10:m22:2 rows=79 total_pairs=18216254
TABLE name=2^11:M24 rows=80 total_pairs=18219357
TABLE name=2^2.[2^7*3^2].S3 rows=45 total_pairs=18220262
TABLE name=2^4.a8 rows=25 total_pairs=18220549
TABLE name=2xm12 rows=30 total_pairs=18220949
TABLE name=3^(3+4):2(S4xS4) rows=108 total_pairs=18226479
TABLE name=3^1+4:2^1+4.s5 rows=50 total_pairs=18227657
TABLE name=3^1+4:4s6 rows=54 total_pairs=18229006
TABLE name=3^5:(2xm11) rows=37 total_pairs=18229617
TABLE name=3^6:2M12 rows=58 total_pairs=18231225
TABLE name=5^(1+2):GL2(5) rows=38 total_pairs=18231847
TABLE name=5^2:2A5 rows=14 total_pairs=18231925
TABLE name=5^3:(4xS5) rows=44 total_pairs=18232762
TABLE name=A9xS3 rows=54 total_pairs=18234155
TABLE name=a4xs5 rows=28 total_pairs=18234482
TABLE name=s3xpsl(2,8).3 rows=33 total_pairs=18234954
TABLE name=2xCo2 rows=120 total_pairs=18241994
TABLE name=2xCo3 rows=84 total_pairs=18245402
TABLE name=2xU6(2).3.2 rows=198 total_pairs=18264546
TABLE name=2x3^6:2.M12 rows=116 total_pairs=18270978
TABLE name=2.A9xS3 rows=90 total_pairs=18274856
TABLE name=2x5^2:2A5 rows=28 total_pairs=18275168
TABLE name=(2^2x2^(1+8)).(3xU4(2)).2 rows=194 total_pairs=18293443
TABLE name=(3xO8+(3):3):2 rows=219 total_pairs=18316970
TABLE name=(A4xO8+(2).3).2 rows=191 total_pairs=18334894
TABLE name=(A5xA9):2 rows=108 total_pairs=18340593
TABLE name=29:14 rows=16 total_pairs=18340621
TABLE name=2^(5+8):(S3xA6) rows=106 total_pairs=18346000
TABLE name=2^(1+5+8).(S3xA6) rows=166 total_pairs=18359239
TABLE name=2x2F4(2)' rows=44 total_pairs=18360127
TABLE name=2^(6+8):(A7xS3) rows=133 total_pairs=18368676
TABLE name=2x3.O7(3) rows=252 total_pairs=18399552
TABLE name=6.Fi22M3 rows=252 total_pairs=18430428
TABLE name=2xO7(3) rows=116 total_pairs=18436968
TABLE name=2.Fi22M3 rows=116 total_pairs=18443508
TABLE name=3^(1+8).2^(1+6).3^(1+2).2S4 rows=181 total_pairs=18459482
TABLE name=7:6xA7 rows=63 total_pairs=18461220
TABLE name=A6xL2(8):3 rows=77 total_pairs=18464007
TABLE name=Fi23M8 rows=128 total_pairs=18471664
TABLE name=S3xO7(3) rows=174 total_pairs=18486513
TABLE name=S3xU4(3).(2^2)_{122} rows=177 total_pairs=18501405
TABLE name=2xS3xU4(3).(2^2)_{122} rows=354 total_pairs=18560973
TABLE name=S3x2.U4(3).2_2 rows=189 total_pairs=18578110
TABLE name=2xS3x2.U4(3).2_2 rows=378 total_pairs=18646658
TABLE name=S3xU4(3).2_2 rows=102 total_pairs=18651577
TABLE name=2xS3xU4(3).2_2 rows=204 total_pairs=18671253
TABLE name=S4xS6(2) rows=150 total_pairs=18682176
TABLE name=O8+(2):S3x2 rows=136 total_pairs=18691156
TABLE name=3xO8+(2):S3 rows=204 total_pairs=18711361
TABLE name=6xO8+(2):S3 rows=408 total_pairs=18792181
TABLE name=2x2.U4(3).2_2 rows=126 total_pairs=18799681
TABLE name=2^2.U4(3).(2^2)_{122} rows=147 total_pairs=18809800
TABLE name=2xU4(3).(2^2)_{122} rows=118 total_pairs=18816176
TABLE name=3x2.U4(3).(2^2)_{122} rows=261 total_pairs=18848207
TABLE name=(S3x2.U4(3).2_2).2 rows=234 total_pairs=18874575
TABLE name=(2x2^(1+8)):U4(2):2 rows=115 total_pairs=18880952
TABLE name=(2x2^(1+8)):(U4(2):2x2) rows=200 total_pairs=18900219
TABLE name=2.(2x2^(1+8)):U4(2):2 rows=189 total_pairs=18917380
TABLE name=3x(2x2^(1+8)):U4(2):2 rows=345 total_pairs=18974773
TABLE name=3xA10.2 rows=126 total_pairs=18982342
TABLE name=3xM12 rows=45 total_pairs=18983242
TABLE name=3.(2x2^(1+8)):(U4(2):2x2) rows=315 total_pairs=19031351
TABLE name=3x2F4(2)' rows=66 total_pairs=19033349
TABLE name=Fi22.2M4 rows=77 total_pairs=19036174
TABLE name=2.(3^(1+6):2^(3+4):3^2:2) rows=167 total_pairs=19049407
TABLE name=2^12.3_1.U4(3).2_2' rows=123 total_pairs=19056778
TABLE name=2^(1+12).3_1.U4(3).2_2' rows=167 total_pairs=19070442
TABLE name=2^12.3^2.U4(3).2_2' rows=321 total_pairs=19120817
TABLE name=3.2^(1+12).3U4(3).2 rows=437 total_pairs=19214761
TABLE name=3^3.[3^10].GL3(3) rows=255 total_pairs=19246030
TABLE name=2^12.M24 rows=117 total_pairs=19252676
TABLE name=3xFi23 rows=294 total_pairs=19295318
TABLE name=2^(5+8):(S3xS6) rows=188 total_pairs=19312204
TABLE name=3^5:(2xU4(2).2) rows=119 total_pairs=19318944
TABLE name=2.[2^6]:(S3xS3) rows=45 total_pairs=19319849
TABLE name=2^5:S6 rows=37 total_pairs=19320466
TABLE name=2^6:L3(2) rows=24 total_pairs=19320701
TABLE name=S3xS6 rows=33 total_pairs=19321157
TABLE name=(2^6x2^8):S6(2) rows=167 total_pairs=19334446
TABLE name=(2^(1+8)x2^6):S6(2) rows=214 total_pairs=19356631
TABLE name=2.F4(2)M1 rows=379 total_pairs=19426933
TABLE name=F4(2)M2 rows=214 total_pairs=19449118
TABLE name=2.F4(2)M2 rows=379 total_pairs=19519420
TABLE name=3^6:L3(3) rows=62 total_pairs=19521184
TABLE name=3^(3+4):2(S4xA4) rows=135 total_pairs=19529679
TABLE name=A4xU4(2) rows=80 total_pairs=19532654
TABLE name=2.(A4xU4(2)) rows=122 total_pairs=19539559
TABLE name=2^(2+6):3^3:S3 rows=76 total_pairs=19542072
TABLE name=2xU3(3).2 rows=32 total_pairs=19542520
TABLE name=(2x3.A6).2 rows=32 total_pairs=19542952
TABLE name=(2xL3(2)).2 rows=18 total_pairs=19543072
TABLE name=(3xM10):2 rows=21 total_pairs=19543260
TABLE name=11:10 rows=11 total_pairs=19543270
TABLE name=13:6 rows=8 total_pairs=19543282
TABLE name=19:18 rows=19 total_pairs=19543300
TABLE name=19:6 rows=9 total_pairs=19543318
TABLE name=2.J2M8 rows=28 total_pairs=19543542
TABLE name=2A4xA5 rows=35 total_pairs=19544082
TABLE name=2A5xD10 rows=36 total_pairs=19544638
TABLE name=(2.A5xD10).2 rows=33 total_pairs=19545081
TABLE name=2^(1+4).S5 rows=23 total_pairs=19545310
TABLE name=2^(2+4):(S3xS3) rows=22 total_pairs=19545511
TABLE name=2^1+4b:a5 rows=16 total_pairs=19545622
TABLE name=2^2+4.3xs3 rows=20 total_pairs=19545775
TABLE name=2^{1+4}_-:2A5 rows=31 total_pairs=19546202
TABLE name=2^{3+4}:(3xS3) rows=37 total_pairs=19546779
TABLE name=2xA5 rows=10 total_pairs=19546815
TABLE name=2xU3(3) rows=28 total_pairs=19547147
TABLE name=37:12 rows=15 total_pairs=19547183
TABLE name=3^2.3^(1+2):8.2 rows=20 total_pairs=19547342
TABLE name=3x2^4:(3xA5) rows=57 total_pairs=19548638
TABLE name=3xL2(16).2 rows=48 total_pairs=19549502
TABLE name=3xL2(19) rows=36 total_pairs=19549979
TABLE name=3xL2(17) rows=33 total_pairs=19550384
TABLE name=43:14 rows=17 total_pairs=19550426
TABLE name=5^2:D12 rows=14 total_pairs=19550482
TABLE name=7:6 rows=7 total_pairs=19550488
TABLE name=D6xD10 rows=12 total_pairs=19550532
TABLE name=(2^2xA5):2 rows=19 total_pairs=19550679
TABLE name=2^3.(S4x2) rows=17 total_pairs=19550793
TABLE name=F3+M7 rows=72 total_pairs=19553319
TABLE name=J4M4 rows=140 total_pairs=19562749
TABLE name=L2(17)x2 rows=22 total_pairs=19562929
TABLE name=a4xa5 rows=20 total_pairs=19563088
TABLE name=a5xd10 rows=20 total_pairs=19563260
TABLE name=D10xA5 rows=20 total_pairs=19563432
TABLE name=c2aj4 rows=113 total_pairs=19569631
TABLE name=frob rows=29 total_pairs=19569659
TABLE name=j3m4 rows=19 total_pairs=19569803
TABLE name=j3m6 rows=18 total_pairs=19569937
TABLE name=2^10:L5(2) rows=81 total_pairs=19573056
TABLE name=O10+(2)M4 rows=81 total_pairs=19576175
TABLE name=(3xO8-(2)):2 rows=99 total_pairs=19580903
TABLE name=(A5xU4(2)):2 rows=95 total_pairs=19585240
TABLE name=mx1j4 rows=72 total_pairs=19587766
TABLE name=(A4xA5):2 rows=19 total_pairs=19587928
TABLE name=(A5xD10).2 rows=19 total_pairs=19588075
TABLE name=(D10xA5).2 rows=19 total_pairs=19588222
TABLE name=O8+(2)N5C rows=19 total_pairs=19588369
TABLE name=(A5xA5):2 rows=26 total_pairs=19588669
TABLE name=(2.A5xA5):2 rows=45 total_pairs=19589575
TABLE name=L3(2).2x2 rows=18 total_pairs=19589695
TABLE name=3^5.U4(2) rows=47 total_pairs=19590726
TABLE name=3.3^5.U4(2) rows=85 total_pairs=19594135
TABLE name=C9Y3.3^5.U4(2) rows=255 total_pairs=19624816
TABLE name=2^24.Co1 rows=283 total_pairs=19664639
TABLE name=2^1+24.Co1 rows=349 total_pairs=19725276
TABLE name=2^1+24.2.Co1 rows=655 total_pairs=19939136
TABLE name=2xF4(2) rows=190 total_pairs=19956820
TABLE name=2^2xF4(2) rows=380 total_pairs=20027556
TABLE name=2xF4(2).2 rows=182 total_pairs=20043748
TABLE name=(2^2xF4(2)):2 rows=277 total_pairs=20081487
TABLE name=2x2.F4(2) rows=340 total_pairs=20138535
TABLE name=2^2.2E6(2)M4 rows=340 total_pairs=20195583
TABLE name=2^2.2E6(2)M5 rows=340 total_pairs=20252631
TABLE name=2.2E6(2)M5 rows=170 total_pairs=20266893
TABLE name=2E6(2)M4 rows=95 total_pairs=20271314
TABLE name=2E6(2)M5 rows=95 total_pairs=20275735
TABLE name=S3xFi22.2 rows=336 total_pairs=20331403
TABLE name=2xFi22 rows=130 total_pairs=20339651
TABLE name=2xFi22.2 rows=224 total_pairs=20364179
TABLE name=2x2.Fi22 rows=228 total_pairs=20389687
TABLE name=2^2.2E6(2)M8 rows=228 total_pairs=20415195
TABLE name=2^2.2E6(2)M9 rows=228 total_pairs=20440703
TABLE name=2.2E6(2)M9 rows=114 total_pairs=20447080
TABLE name=2E6(2)M8 rows=65 total_pairs=20449142
TABLE name=2E6(2)M9 rows=65 total_pairs=20451204
TABLE name=(L3(2)xL3(4)).2 rows=66 total_pairs=20453248
TABLE name=(L3(2)xL3(4).2_2).2 rows=102 total_pairs=20458245
TABLE name=2E6(2)N3C rows=121 total_pairs=20465230
TABLE name=2E6(2).2N3C rows=164 total_pairs=20478200
TABLE name=2^2.Fi22.2 rows=273 total_pairs=20514823
TABLE name=3x2.Fi22.2 rows=450 total_pairs=20614390
TABLE name=(S3x2.Fi22).2 rows=423 total_pairs=20702893
TABLE name=2xFi23 rows=196 total_pairs=20721845
TABLE name=2xTh rows=96 total_pairs=20726321
TABLE name=S3xTh rows=144 total_pairs=20736522
TABLE name=(3^2:D8xU4(3).2^2).2 rows=360 total_pairs=20799201
TABLE name=2x47:23 rows=50 total_pairs=20799385
TABLE name=59:29 rows=31 total_pairs=20799443
TABLE name=41:40 rows=41 total_pairs=20799483
TABLE name=L3(3)xD8 rows=60 total_pairs=20801016
TABLE name=5:4xHS.2 rows=195 total_pairs=20819315
TABLE name=S4x2F4(2)'.2 rows=145 total_pairs=20829433
TABLE name=A5.2xM22.2 rows=147 total_pairs=20839911
TABLE name=5^2:4S4xS5 rows=140 total_pairs=20849043
TABLE name=3^(3+6):(L3(3)xD8) rows=170 total_pairs=20862823
TABLE name=3^6.L4(3).D8 rows=195 total_pairs=20881256
TABLE name=2^2.(U3(3).2xS4) rows=124 total_pairs=20888493
TABLE name=3^(1+8).2^(1+6).U4(2).2 rows=213 total_pairs=20910812
TABLE name=3^2.3^3.3^6.(S4x2S4) rows=214 total_pairs=20932502
TABLE name=(S6xL3(4).2).2 rows=152 total_pairs=20943607
TABLE name=5^(1+4).2^(1+4).A5.4 rows=86 total_pairs=20947053
TABLE name=(S6xS6).4 rows=64 total_pairs=20948938
TABLE name=(D10xHN).2 rows=210 total_pairs=20970636
TABLE name=7^(1+4):(3x2.S7) rows=101 total_pairs=20975377
TABLE name=2^(10+16).O10+(2) rows=478 total_pairs=21088812
TABLE name=3^8.O8-(3).2_3 rows=220 total_pairs=21112604
TABLE name=(3^2:2xO8+(3)).S4 rows=384 total_pairs=21185535
TABLE name=(2xO8+(3)).S4 rows=259 total_pairs=21218572
TABLE name=3^(2+5+10).(M11x2S4) rows=342 total_pairs=21275954
TABLE name=3^(3+2+6+6):(L3(3)xSD16) rows=364 total_pairs=21339963
TABLE name=(3^(1+2)+x3^2):2S4 rows=31 total_pairs=21340392
TABLE name=G2(3)M4 rows=31 total_pairs=21340821
TABLE name=2^(1+4)+:3^2.2 rows=20 total_pairs=21340989
TABLE name=A5xA5 rows=25 total_pairs=21341262
TABLE name=2.(A5xA5).2 rows=40 total_pairs=21341974
TABLE name=2^(5+5):31 rows=34 total_pairs=21342069
TABLE name=41:4 rows=14 total_pairs=21342109
TABLE name=25:4 rows=10 total_pairs=21342133
TABLE name=D62 rows=17 total_pairs=21342163
TABLE name=D24 rows=9 total_pairs=21342183
TABLE name=D20 rows=8 total_pairs=21342199
TABLE name=S3xU4(2) rows=60 total_pairs=21343875
TABLE name=2xU4(3).2_2 rows=68 total_pairs=21345999
TABLE name=2x3_1.U4(3).2_2 rows=184 total_pairs=21361899
TABLE name=O8+(3)M14 rows=253 total_pairs=21391751
TABLE name=(A4xU4(2)):2 rows=70 total_pairs=21394069
TABLE name=O8+(3)M19 rows=70 total_pairs=21396387
TABLE name=O8+(3)M20 rows=70 total_pairs=21398705
TABLE name=O8+(3)M21 rows=70 total_pairs=21401023
TABLE name=O8+(3)M22 rows=70 total_pairs=21403341
TABLE name=O8+(3)M23 rows=70 total_pairs=21405659
TABLE name=(A6xA6):2^2 rows=49 total_pairs=21406744
TABLE name=O8+(3)M25 rows=49 total_pairs=21407829
TABLE name=O8+(3)M26 rows=49 total_pairs=21408914
TABLE name=(A4wr2^2):2 rows=95 total_pairs=21412907
TABLE name=O8+(3)M27 rows=137 total_pairs=21421522
TABLE name=2^8.A9 rows=84 total_pairs=21424918
TABLE name=2..11.m23 rows=56 total_pairs=21426433
TABLE name=2.2^8.f20 rows=28 total_pairs=21426746
TABLE name=2^10:(2^5:s5) rows=187 total_pairs=21442611
TABLE name=2^2.2^8:s3 rows=27 total_pairs=21442925
TABLE name=2.[2^9]:5:4 rows=47 total_pairs=21443843
TABLE name=2^2.[2^9]:S3 rows=42 total_pairs=21444579
TABLE name=2^6:u3(3) rows=24 total_pairs=21444831
TABLE name=2^{1+6}:3^{1+2}:2A4 rows=64 total_pairs=21446716
TABLE name=2^(4+4):(3xA5) rows=43 total_pairs=21447532
TABLE name=3^4:S5 rows=36 total_pairs=21448073
TABLE name=3.s7x2 rows=44 total_pairs=21448941
TABLE name=4.s4 rows=16 total_pairs=21449033
TABLE name=4^2:s3 rows=10 total_pairs=21449062
TABLE name=A11Syl2 rows=20 total_pairs=21449194
TABLE name=a4 rows=4 total_pairs=21449197
TABLE name=2.L2(3) rows=7 total_pairs=21449212
TABLE name=a5wc2 rows=20 total_pairs=21449390
TABLE name=S4(4)M6 rows=20 total_pairs=21449568
TABLE name=affine rows=33 total_pairs=21450060
TABLE name=b33141 rows=23 total_pairs=21450273
TABLE name=bd10 rows=8 total_pairs=21450289
TABLE name=bd6 rows=6 total_pairs=21450297
TABLE name=bd8 rows=7 total_pairs=21450309
TABLE name=M22C2A rows=17 total_pairs=21450423
TABLE name=M24C2B rows=30 total_pairs=21450823
TABLE name=c3d2 rows=24 total_pairs=21451056
TABLE name=D120 rows=33 total_pairs=21451172
TABLE name=esp43t rows=90 total_pairs=21455081
TABLE name=j2nd2 rows=20 total_pairs=21455240
TABLE name=2^10:m22 rows=43 total_pairs=21456118
TABLE name=2.Fi22M5 rows=69 total_pairs=21458411
TABLE name=3.Fi22M5 rows=121 total_pairs=21465393
TABLE name=6.Fi22M5 rows=191 total_pairs=21482966
TABLE name=2^6:s6f2 rows=67 total_pairs=21485112
TABLE name=f22s2 rows=215 total_pairs=21504282
TABLE name=g61 rows=61 total_pairs=21505334
TABLE name=g61s1 rows=60 total_pairs=21506326
TABLE name=g72x16 rows=80 total_pairs=21508614
TABLE name=ghh rows=27 total_pairs=21508925
TABLE name=gl25 rows=24 total_pairs=21509129
TABLE name=group2 rows=41 total_pairs=21509707
TABLE name=group3 rows=15 total_pairs=21509761
TABLE name=group5 rows=24 total_pairs=21509910
TABLE name=group6 rows=13 total_pairs=21509972
TABLE name=gs4 rows=16 total_pairs=21510064
TABLE name=h4 rows=34 total_pairs=21510586
TABLE name=hed3 rows=20 total_pairs=21510752
TABLE name=hess rows=24 total_pairs=21510982
TABLE name=hsd2 rows=20 total_pairs=21511097
TABLE name=m12d2 rows=12 total_pairs=21511144
TABLE name=mo61 rows=20 total_pairs=21511309
TABLE name=2^4:(S3xS3) rows=16 total_pairs=21511410
TABLE name=mo62 rows=18 total_pairs=21511543
TABLE name=mo62p rows=12 total_pairs=21511601
TABLE name=mo81 rows=64 total_pairs=21513485
TABLE name=2^6:A8 rows=41 total_pairs=21514259
TABLE name=2^(1+6)_+.A8 rows=55 total_pairs=21515690
TABLE name=ons1 rows=18 total_pairs=21515829
TABLE name=S3xU4(3) rows=60 total_pairs=21517516
TABLE name=P1L62 rows=52 total_pairs=21518787
TABLE name=2^6:L6(2) rows=112 total_pairs=21524801
TABLE name=P1L82 rows=229 total_pairs=21550205
TABLE name=P2L62 rows=80 total_pairs=21553265
TABLE name=2^10:(L5(2)xS3) rows=164 total_pairs=21566271
TABLE name=P3L62 rows=77 total_pairs=21569080
TABLE name=2^12:(L4(2)xL3(2)) rows=180 total_pairs=21584878
TABLE name=P2L82 rows=364 total_pairs=21649954
TABLE name=L3(4)Syl2 rows=19 total_pairs=21650002
TABLE name=M23C2A rows=16 total_pairs=21650110
TABLE name=U72CT rows=278 total_pairs=21688090
TABLE name=pap rows=11 total_pairs=21688132
TABLE name=V4 rows=4 total_pairs=21688132
TABLE name=Q8 rows=5 total_pairs=21688136
TABLE name=M24C2A rows=30 total_pairs=21688527
TABLE name=s2wrs2 rows=5 total_pairs=21688531
TABLE name=s2wrs3 rows=10 total_pairs=21688563
TABLE name=s2wrs4 rows=20 total_pairs=21688727
TABLE name=s2wrs5 rows=36 total_pairs=21689259
TABLE name=s3wrs2 rows=9 total_pairs=21689283
TABLE name=s3wrs3 rows=22 total_pairs=21689484
TABLE name=s4 rows=5 total_pairs=21689492
TABLE name=A6M5 rows=5 total_pairs=21689500
TABLE name=s4wrs2 rows=20 total_pairs=21689665
TABLE name=s5wrs2 rows=35 total_pairs=21690220
TABLE name=S4wrS3 rows=65 total_pairs=21692113
TABLE name=S3wrS4 rows=51 total_pairs=21693259
TABLE name=2^6:S6 rows=65 total_pairs=21695183
TABLE name=A8.2N2 rows=20 total_pairs=21695315
TABLE name=s61p rows=16 total_pairs=21695391
TABLE name=sl25ex rows=33 total_pairs=21695880
TABLE name=D8x3^2:Q8 rows=30 total_pairs=21696161
TABLE name=suzd2 rows=30 total_pairs=21696442
TABLE name=suzdx rows=36 total_pairs=21697009
TABLE name=suzs2 rows=107 total_pairs=21701517
TABLE name=twd5a rows=25 total_pairs=21701786
TABLE name=w(d4) rows=13 total_pairs=21701847
TABLE name=w(d5) rows=18 total_pairs=21701980
TABLE name=w(f4) rows=25 total_pairs=21702245
TABLE name=2^4:3^2:4 rows=13 total_pairs=21702309
TABLE name=2^6:3^(1+2).D8 rows=30 total_pairs=21702686
TABLE name=3^(1+4):4S4 rows=26 total_pairs=21702986
TABLE name=2^(4+4).(S3xS3).2 rows=37 total_pairs=21703589
TABLE name=2.2^(2+2).2^(1+1+2+2):S4 rows=52 total_pairs=21704743
TABLE name=2^(2+1+2).2^(1+1+2).2^2.S4 rows=53 total_pairs=21705948
TABLE name=2^(4+10).(S4xS3) rows=205 total_pairs=21725609
TABLE name=5^(1+4):4.3^2:D8 rows=50 total_pairs=21726630
TABLE name=2^11.2^6.3^(1+2).D8 rows=199 total_pairs=21745235
TABLE name=2^(4+12).(S3x3^(1+2)_+:D8) rows=238 total_pairs=21772198
TABLE name=3^(1+10)_+:2^(1+6)_-:3^(1+2)_+:2S4 rows=283 total_pairs=21811299
TABLE name=3^(1+10)_+:(2x2^(1+6)_-:3^(1+2)_+:2S4) rows=503 total_pairs=
21935130
TABLE name=2^12:Sz(8) rows=41 total_pairs=21935796
TABLE name=2^10:M22' rows=47 total_pairs=21936827
TABLE name=2^12:J2 rows=53 total_pairs=21938137
TABLE name=2.B rows=247 total_pairs=21968483
TABLE name=B rows=184 total_pairs=21985300
TABLE name=M rows=194 total_pairs=22003996
TABLE name=(3^2:2xG2(3)).2 rows=102 total_pairs=22008980
TABLE name=(3xA6).2_1 rows=18 total_pairs=22009116
TABLE name=(A6xA6).D8 rows=44 total_pairs=22009999
TABLE name=2.(A4xA4) rows=25 total_pairs=22010212
TABLE name=2.2^(2+8).(3xA5) rows=59 total_pairs=22011813
TABLE name=2F4(8) rows=113 total_pairs=22017898
TABLE name=2^(1+6)_-3.3.3^2:2 rows=41 total_pairs=22018661
TABLE name=2^(2+8):(3xA5) rows=35 total_pairs=22019205
TABLE name=2^(4+6):(A5x3) rows=42 total_pairs=22019952
TABLE name=2^(4+8):(S3xA5) rows=68 total_pairs=22022094
TABLE name=2^5:L5(2) rows=52 total_pairs=22023365
TABLE name=2^6:U4(2) rows=43 total_pairs=22024241
TABLE name=2^8:O8-(2) rows=112 total_pairs=22030366
TABLE name=2^9.L3(4) rows=35 total_pairs=22030923
TABLE name=2.U6(2)M3 rows=53 total_pairs=22032250
TABLE name=3.U6(2)M3 rows=101 total_pairs=22036903
TABLE name=6.U6(2)M3 rows=151 total_pairs=22047700
TABLE name=2^2.U6(2)M3 rows=89 total_pairs=22051461
TABLE name=(2^2x3).U6(2)M3 rows=251 total_pairs=22081440
TABLE name=2xS6(2) rows=60 total_pairs=22083140
TABLE name=3.ONM6 rows=46 total_pairs=22084060
TABLE name=3^(1+4).2U4(2) rows=126 total_pairs=22091672
TABLE name=3^(1+4).2U4(2).2 rows=90 total_pairs=22095581
TABLE name=3^3.S4 rows=14 total_pairs=22095660
TABLE name=3^3:A4 rows=13 total_pairs=22095719
TABLE name=3^4.2U4(2) rows=58 total_pairs=22097291
TABLE name=3^4.2U4(2).2 rows=56 total_pairs=22098772
TABLE name=3^4:(2xA5) rows=24 total_pairs=22099019
TABLE name=3^4:A6 rows=21 total_pairs=22099204
TABLE name=2x3^4:A6 rows=42 total_pairs=22099944
TABLE name=3^4:2.A6 rows=39 total_pairs=22100609
TABLE name=2.(2x3^4:A6) rows=78 total_pairs=22103269
TABLE name=4.3^(1+4)_+.2S4 rows=88 total_pairs=22106549
TABLE name=3^2.(3^4:A6) rows=109 total_pairs=22111886
TABLE name=3^2.(3^(1+4)_+.2S4) rows=154 total_pairs=22122031
TABLE name=3^6:L4(3) rows=111 total_pairs=22127876
TABLE name=O8+(3)M8 rows=111 total_pairs=22133721
TABLE name=O8+(3)M9 rows=111 total_pairs=22139566
TABLE name=3^7.O7(3) rows=183 total_pairs=22155985
TABLE name=5^(1+4):GL(2,5) rows=50 total_pairs=22157115
TABLE name=6xU5(2) rows=282 total_pairs=22194627
TABLE name=7^2:2.L2(7).2 rows=21 total_pairs=22194800
TABLE name=(7^2)b:2.L2(7).2 rows=21 total_pairs=22194973
TABLE name=A6.D8 rows=23 total_pairs=22195180
TABLE name=D8xL4(3).2_2 rows=245 total_pairs=22223728
TABLE name=M22.2M3 rows=21 total_pairs=22223916
TABLE name=O7(3).2x2 rows=196 total_pairs=22242568
TABLE name=O8-(3).2_1M4 rows=196 total_pairs=22261220
TABLE name=S4xU4(2).2 rows=125 total_pairs=22268646
TABLE name=O8-(3)M8 rows=125 total_pairs=22276072
TABLE name=2^6:U4(2).2 rows=65 total_pairs=22278067
TABLE name=(S3xS3):2xS5 rows=63 total_pairs=22279773
TABLE name=2^3.L3(2) rows=11 total_pairs=22279823
TABLE name=S8(2)M3 rows=114 total_pairs=22286141
TABLE name=2^10.A8 rows=81 total_pairs=22289234
TABLE name=(S6xS6):2 rows=77 total_pairs=22291955
TABLE name=2^(3+8):(S3xS6) rows=185 total_pairs=22308306
TABLE name=S3xS6(2) rows=90 total_pairs=22312201
TABLE name=2xS3xS6(2) rows=180 total_pairs=22327781
TABLE name=2^(6+6):(S3xL3(2)) rows=139 total_pairs=22336791
TABLE name=2^8:S6(2) rows=70 total_pairs=22339143
TABLE name=2^6:S8 rows=64 total_pairs=22341027
TABLE name=2^(1+4).S3 rows=17 total_pairs=22341140
TABLE name=2x3.A6 rows=34 total_pairs=22341632
TABLE name=7^1+2.6 rows=50 total_pairs=22342184
TABLE name=M12C4 rows=14 total_pairs=22342232
TABLE name=1/2(8xS3) rows=12 total_pairs=22342264
TABLE name=(2^2x3).2 rows=9 total_pairs=22342284
TABLE name=4.2^2 rows=10 total_pairs=22342300
TABLE name=(4xA6).2^2 rows=46 total_pairs=22343128
TABLE name=5^1+2.2A4 rows=36 total_pairs=22343614
TABLE name=13^1+2.2A4 rows=98 total_pairs=22347014
TABLE name=7^1+4.2A7 rows=130 total_pairs=22354772
TABLE name=7xL2(8) rows=63 total_pairs=22356095
TABLE name=(7xL2(8)).3 rows=29 total_pairs=22356433
TABLE name=O7(3)N3A rows=84 total_pairs=22359722
TABLE name=2^6:A7 rows=32 total_pairs=22360185
TABLE name=2^8:S8 rows=62 total_pairs=22362005
TABLE name=2^(1+8):S8 rows=84 total_pairs=22365410
TABLE name=2^6:S5 rows=40 total_pairs=22366106
TABLE name=L3(2)wr2 rows=27 total_pairs=22366439
TABLE name=O10+(3) rows=393 total_pairs=22442562
TABLE name=2.O7(3) rows=88 total_pairs=22446329
TABLE name=2.O7(3).2 rows=140 total_pairs=22455868
TABLE name=Isoclinic(2.O7(3).2) rows=140 total_pairs=22465407
TABLE name=3.O7(3) rows=126 total_pairs=22473126
TABLE name=3.Fi22M3 rows=126 total_pairs=22480845
TABLE name=3.O7(3).2 rows=132 total_pairs=22489375
TABLE name=6.O7(3) rows=180 total_pairs=22505222
TABLE name=6.O7(3).2 rows=186 total_pairs=22522196
TABLE name=Isoclinic(6.O7(3).2) rows=186 total_pairs=22539170
TABLE name=Fi22M3 rows=58 total_pairs=22540805
TABLE name=O7(3) rows=58 total_pairs=22542440
TABLE name=O8+(3)M2 rows=58 total_pairs=22544075
TABLE name=O8+(3)M3 rows=58 total_pairs=22545710
TABLE name=O8+(3)M4 rows=58 total_pairs=22547345
TABLE name=O8+(3)M5 rows=58 total_pairs=22548980
TABLE name=O8+(3)M6 rows=58 total_pairs=22550615
TABLE name=O7(3).2 rows=98 total_pairs=22555278
TABLE name=O8-(3)M3 rows=98 total_pairs=22559941
TABLE name=2.O8+(2) rows=83 total_pairs=22563285
TABLE name=2.O8+(2).2 rows=112 total_pairs=22569406
TABLE name=Isoclinic(2.O8+(2).2) rows=112 total_pairs=22575527
TABLE name=2^2.O8+(2) rows=143 total_pairs=22585437
TABLE name=2^2.O8+(2).2 rows=142 total_pairs=22595310
TABLE name=2^2.O8+(2).3 rows=85 total_pairs=22598821
TABLE name=2^2.O8+(2).3.2 rows=113 total_pairs=22605072
TABLE name=O8+(2) rows=53 total_pairs=22606408
TABLE name=O8+(3)M11 rows=53 total_pairs=22607744
TABLE name=O8+(3)M12 rows=53 total_pairs=22609080
TABLE name=O8+(3)M13 rows=53 total_pairs=22610416
TABLE name=O8+(2).2 rows=67 total_pairs=22612590
TABLE name=O8+(2).3 rows=55 total_pairs=22614033
TABLE name=O8+(2).3.2 rows=68 total_pairs=22616278
TABLE name=F4(2)M8 rows=68 total_pairs=22618523
TABLE name=O8+(3) rows=114 total_pairs=22624751
TABLE name=O8+(3).2_1 rows=144 total_pairs=22634815
TABLE name=O8+(3).2_1' rows=144 total_pairs=22644879
TABLE name=O8+(3).2_1'' rows=144 total_pairs=22654943
TABLE name=O8+(3).2_2 rows=135 total_pairs=22663834
TABLE name=O8+(3).2_2' rows=135 total_pairs=22672725
TABLE name=O8+(3).3 rows=94 total_pairs=22676990
TABLE name=O8+(3).3.2 rows=125 total_pairs=22684617
TABLE name=O8+(3).4 rows=144 total_pairs=22694706
TABLE name=O8+(3).(2^2)_{111} rows=219 total_pairs=22717682
TABLE name=O8+(3).(2^2)_{122} rows=213 total_pairs=22739780
TABLE name=O8+(3).D8 rows=216 total_pairs=22762628
TABLE name=O8+(3).A4 rows=129 total_pairs=22770721
TABLE name=O8+(3).S4 rows=171 total_pairs=22785051
TABLE name=2.O8+(3) rows=194 total_pairs=22803285
TABLE name=2^2.O8+(3) rows=354 total_pairs=22863405
TABLE name=2^2.O8+(3).3 rows=174 total_pairs=22878130
TABLE name=O10+(2) rows=97 total_pairs=22882716
TABLE name=O10+(2).2 rows=155 total_pairs=22894497
TABLE name=O10-(2) rows=115 total_pairs=22900965
TABLE name=O10-(2).2 rows=164 total_pairs=22914154
TABLE name=O8-(2) rows=39 total_pairs=22914870
TABLE name=O8-(2).2 rows=60 total_pairs=22916587
TABLE name=O8-(3) rows=112 total_pairs=22922655
TABLE name=2.O8-(3) rows=190 total_pairs=22940001
TABLE name=O8-(3).2_1 rows=188 total_pairs=22957219
TABLE name=O8-(3).2_2 rows=155 total_pairs=22968661
TABLE name=O8-(3).2_3 rows=119 total_pairs=22975499
TABLE name=O8-(3).2^2 rows=184 total_pairs=22991946
TABLE name=O12-(2) rows=237 total_pairs=23019677
TABLE name=O12-(2).2 rows=375 total_pairs=23089337
TABLE name=O12+(2) rows=271 total_pairs=23125706
TABLE name=O12+(2).2 rows=392 total_pairs=23201956
TABLE name=O7(5) rows=144 total_pairs=23212001
TABLE name=O7(5).2 rows=264 total_pairs=23245616
TABLE name=O9(3) rows=218 total_pairs=23269116
TABLE name=2.O9(3) rows=326 total_pairs=23321676
TABLE name=O10-(3) rows=226 total_pairs=23346854
TABLE name=2.O10-(3) rows=445 total_pairs=23444685
TABLE name=O8+(7) rows=976 total_pairs=23887569
TABLE name=2.O8+(7) rows=1858 total_pairs=25477622
TABLE name=O12+(3) rows=864 total_pairs=25848420
TABLE name=2_1.O12+(3) rows=1636 total_pairs=27178392
TABLE name=O12-(3) rows=1326 total_pairs=28050569
TABLE name=2.HS rows=42 total_pairs=28051413
TABLE name=2.HS.2 rows=57 total_pairs=28052965
TABLE name=Isoclinic(2.HS.2) rows=57 total_pairs=28054517
TABLE name=HS.2x2 rows=78 total_pairs=28057393
TABLE name=Isoclinic(2.HSx2) rows=84 total_pairs=28060769
TABLE name=4.HS.2 rows=96 total_pairs=28065195
TABLE name=2.Ru rows=61 total_pairs=28066997
TABLE name=2.Suz rows=76 total_pairs=28069818
TABLE name=2.Suz.2 rows=107 total_pairs=28075422
TABLE name=Isoclinic(2.Suz.2) rows=107 total_pairs=28081026
TABLE name=3.McL rows=66 total_pairs=28083087
TABLE name=3.McL.2 rows=54 total_pairs=28084473
TABLE name=3.ON rows=80 total_pairs=28087507
TABLE name=3.ON.2 rows=70 total_pairs=28089863
TABLE name=3.Suz rows=119 total_pairs=28096808
TABLE name=3.Suz.2 rows=106 total_pairs=28102330
TABLE name=6.Suz rows=210 total_pairs=28124053
TABLE name=6.Suz.2 rows=174 total_pairs=28139005
TABLE name=Isoclinic(6.Suz.2) rows=174 total_pairs=28153957
TABLE name=F3+M14 rows=45 total_pairs=28154924
TABLE name=HN rows=54 total_pairs=28156342
TABLE name=HN.2 rows=78 total_pairs=28159307
TABLE name=HS rows=24 total_pairs=28159575
TABLE name=HS.2 rows=39 total_pairs=28160294
TABLE name=He rows=33 total_pairs=28160810
TABLE name=He.2 rows=45 total_pairs=28161777
TABLE name=Ly rows=53 total_pairs=28163127
TABLE name=McL rows=24 total_pairs=28163396
TABLE name=McL.2 rows=33 total_pairs=28163902
TABLE name=ON rows=30 total_pairs=28164324
TABLE name=ON.2 rows=45 total_pairs=28165268
TABLE name=Ru rows=36 total_pairs=28165888
TABLE name=Suz rows=43 total_pairs=28166783
TABLE name=Suz.2 rows=68 total_pairs=28169028
TABLE name=Th rows=48 total_pairs=28170147
TABLE name=(3^(1+2)x2).SD16 rows=46 total_pairs=28170899
TABLE name=(2x3^(1+2)_+:8):2 rows=28 total_pairs=28171199
TABLE name=11+^(1+2):(5x2S4) rows=49 total_pairs=28172163
TABLE name=2.HS.2N5 rows=41 total_pairs=28172847
TABLE name=2^3.7.3 rows=8 total_pairs=28172868
TABLE name=2^4:D8 rows=17 total_pairs=28172960
TABLE name=2x(3^2.QD16) rows=18 total_pairs=28173064
TABLE name=3^(1+2):8 rows=13 total_pairs=28173108
TABLE name=3^(1+2):D8 rows=13 total_pairs=28173168
TABLE name=3^(1+2):SD16 rows=14 total_pairs=28173243
TABLE name=3^2.3^(1+2):8 rows=16 total_pairs=28173326
TABLE name=3^2:Q8 rows=6 total_pairs=28173335
TABLE name=3^2:Q8.2 rows=9 total_pairs=28173361
TABLE name=3^4:(3^2:Q8) rows=21 total_pairs=28173542
TABLE name=3^4:2^(1+4)D10 rows=18 total_pairs=28173670
TABLE name=3^4:2^(1+4).(5:4) rows=24 total_pairs=28173895
TABLE name=3^5:(3^2:SD16) rows=39 total_pairs=28174472
TABLE name=4^3.D8 rows=32 total_pairs=28174849
TABLE name=5^(1+2):(24:2) rows=26 total_pairs=28175093
TABLE name=5^(1+2):(8.2) rows=17 total_pairs=28175193
TABLE name=5^(1+2):3:8 rows=19 total_pairs=28175315
TABLE name=5^(1+2):4S4 rows=27 total_pairs=28175626
TABLE name=5^1+2:(2^5) rows=25 total_pairs=28175870
TABLE name=5^2:(4xS3) rows=16 total_pairs=28175950
TABLE name=5^2:4A4 rows=16 total_pairs=28176038
TABLE name=7^(1+2):(D8x3) rows=24 total_pairs=28176233
TABLE name=7^(1+2):(S3x3) rows=23 total_pairs=28176444
TABLE name=7^(1+2):(S3x6) rows=31 total_pairs=28176804
TABLE name=7^2:(3x2A4) rows=27 total_pairs=28177065
TABLE name=Co1N3 rows=128 total_pairs=28184186
TABLE name=Co3N2 rows=61 total_pairs=28185538
TABLE name=Co3N3 rows=52 total_pairs=28186697
TABLE name=Fi22N3 rows=103 total_pairs=28190953
TABLE name=Fi22N5 rows=20 total_pairs=28191109
TABLE name=HS.2N5 rows=25 total_pairs=28191353
TABLE name=HSN2 rows=35 total_pairs=28191791
TABLE name=J2N2 rows=19 total_pairs=28191927
TABLE name=J3N2 rows=19 total_pairs=28192063
TABLE name=LyN2 rows=22 total_pairs=28192235
TABLE name=LyN3 rows=51 total_pairs=28193347
TABLE name=LyN5 rows=58 total_pairs=28194736
TABLE name=M11N2 rows=7 total_pairs=28194748
TABLE name=M12N2 rows=16 total_pairs=28194824
TABLE name=M12N3 rows=11 total_pairs=28194866
TABLE name=M24N2 rows=61 total_pairs=28196218
TABLE name=McLN2 rows=17 total_pairs=28196310
TABLE name=RuN2 rows=85 total_pairs=28199090
TABLE name=(2^2xD14):3 rows=12 total_pairs=28199134
TABLE name=(2^2x13:4):3 rows=20 total_pairs=28199246
TABLE name=SuzN2 rows=81 total_pairs=28202142
TABLE name=ThN2 rows=89 total_pairs=28205390
TABLE name=ThN3 rows=73 total_pairs=28207717
TABLE name=2.HSN3 rows=27 total_pairs=28207967
TABLE name=5:4 rows=5 total_pairs=28207971
TABLE name=2x5:4 rows=10 total_pairs=28207987
TABLE name=5:4x3 rows=15 total_pairs=28208023
TABLE name=6x5:4 rows=30 total_pairs=28208167
TABLE name=11:5 rows=7 total_pairs=28208177
TABLE name=2x11:5 rows=14 total_pairs=28208217
TABLE name=17:8 rows=10 total_pairs=28208233
TABLE name=17:16 rows=17 total_pairs=28208249
TABLE name=19:9 rows=11 total_pairs=28208267
TABLE name=(3xD10).2 rows=9 total_pairs=28208293
TABLE name=7:3xS3 rows=15 total_pairs=28208373
TABLE name=S3x7:6 rows=21 total_pairs=28208501
TABLE name=(A4xD10).2 rows=14 total_pairs=28208576
TABLE name=Co2N2 rows=394 total_pairs=28273951
TABLE name=3^(1+4)_+:(S3xQD16) rows=45 total_pairs=28274824
TABLE name=Co2N7 rows=26 total_pairs=28275041
TABLE name=Co1N5 rows=37 total_pairs=28275525
TABLE name=F3+N5 rows=56 total_pairs=28276889
TABLE name=S4x5^2:4S4 rows=100 total_pairs=28281309
TABLE name=BN7 rows=81 total_pairs=28283892
TABLE name=11^2:(5x2.A5) rows=50 total_pairs=28284942
TABLE name=13^(1+2):(3x4S4) rows=62 total_pairs=28286518
TABLE name=13:4 rows=7 total_pairs=28286530
TABLE name=13:12 rows=13 total_pairs=28286542
TABLE name=2^(3+3):7 rows=10 total_pairs=28286565
TABLE name=2^(3+3):7:3 rows=14 total_pairs=28286634
TABLE name=7:6xA5.2 rows=49 total_pairs=28287582
TABLE name=HNN2 rows=74 total_pairs=28289944
TABLE name=[7^6]:(6x6) rows=100 total_pairs=28293945
TABLE name=(3x13:6).2 rows=21 total_pairs=28294071
TABLE name=Fi23N3 rows=292 total_pairs=28332215
TABLE name=2.S4(5) rows=60 total_pairs=28333910
TABLE name=2.S4(5).2 rows=78 total_pairs=28336633
TABLE name=Isoclinic(2.S4(5).2) rows=78 total_pairs=28339356
TABLE name=2.S6(2) rows=43 total_pairs=28340242
TABLE name=2.S6(3) rows=141 total_pairs=28349933
TABLE name=2.S6(3).2 rows=138 total_pairs=28359181
TABLE name=Isoclinic(2.S6(3).2) rows=138 total_pairs=28368429
TABLE name=S10(2) rows=198 total_pairs=28387824
TABLE name=S4(4) rows=27 total_pairs=28388148
TABLE name=S4(4).2 rows=30 total_pairs=28388556
TABLE name=S4(4).4 rows=30 total_pairs=28388958
TABLE name=S4(5) rows=34 total_pairs=28389497
TABLE name=S4(5).2 rows=47 total_pairs=28390501
TABLE name=S6(2) rows=30 total_pairs=28390926
TABLE name=S6(3) rows=74 total_pairs=28393574
TABLE name=S6(3).2 rows=76 total_pairs=28396373
TABLE name=S8(2) rows=81 total_pairs=28399583
TABLE name=F4(2)M4 rows=81 total_pairs=28402793
TABLE name=S4(7) rows=52 total_pairs=28404049
TABLE name=S4(8) rows=83 total_pairs=28406951
TABLE name=S4(8).3 rows=57 total_pairs=28408444
TABLE name=S4(7).2 rows=77 total_pairs=28411083
TABLE name=S4(9) rows=74 total_pairs=28413590
TABLE name=S4(9).2_1 rows=73 total_pairs=28416112
TABLE name=S4(9).2_2 rows=115 total_pairs=28421866
TABLE name=S4(9).2_3 rows=58 total_pairs=28423433
TABLE name=S4(9).2^2 rows=95 total_pairs=28427628
TABLE name=S6(4) rows=120 total_pairs=28434536
TABLE name=S6(4).2 rows=105 total_pairs=28439914
TABLE name=S6(5) rows=179 total_pairs=28455548
TABLE name=S8(3) rows=278 total_pairs=28493736
TABLE name=S12(2) rows=477 total_pairs=28606966
TABLE name=2F4(2)' rows=22 total_pairs=28607188
TABLE name=2F4(2)'.2 rows=29 total_pairs=28607566
TABLE name=3D4(2) rows=35 total_pairs=28608140
TABLE name=3D4(2).3 rows=49 total_pairs=28609271
TABLE name=F4(2)M10 rows=49 total_pairs=28610402
TABLE name=3D4(3) rows=126 total_pairs=28617745
TABLE name=3D4(4) rows=345 total_pairs=28671492
TABLE name=2.2E6(2) rows=202 total_pairs=28691708
TABLE name=2.2E6(2).2 rows=320 total_pairs=28742528
TABLE name=2^2.2E6(2) rows=354 total_pairs=28804582
TABLE name=2^2.2E6(2).2 rows=396 total_pairs=28882535
TABLE name=2^2.2E6(2).3 rows=342 total_pairs=28940458
TABLE name=2^2.2E6(2).3.2 rows=390 total_pairs=29016063
TABLE name=2E6(2) rows=126 total_pairs=29023874
TABLE name=2E6(2).2 rows=189 total_pairs=29041534
TABLE name=2E6(2).3 rows=266 total_pairs=29076404
TABLE name=2E6(2).3.2 rows=259 total_pairs=29109653
TABLE name=3.2E6(2) rows=346 total_pairs=29168806
TABLE name=3.2E6(2).2 rows=299 total_pairs=29213164
TABLE name=6.2E6(2) rows=542 total_pairs=29359066
TABLE name=6.2E6(2).2 rows=490 total_pairs=29478543
TABLE name=(2^2x3).2E6(2) rows=934 total_pairs=29911715
TABLE name=(2^2x3).2E6(2).2 rows=686 total_pairs=30145977
TABLE name=12_1.U4(3) rows=181 total_pairs=30161693
TABLE name=12_1.U4(3).2_1 rows=173 total_pairs=30176062
TABLE name=12_1.U4(3).2_2 rows=209 total_pairs=30197216
TABLE name=Isoclinic(12_1.U4(3).2_2) rows=209 total_pairs=30218370
TABLE name=12_1.U4(3).2_2' rows=134 total_pairs=30227071
TABLE name=Isoclinic(12_1.U4(3).2_2') rows=134 total_pairs=30235772
TABLE name=12_2.U4(3) rows=157 total_pairs=30247590
TABLE name=12_2.U4(3).2_1 rows=161 total_pairs=30260027
TABLE name=12_2.U4(3).2_3 rows=149 total_pairs=30270687
TABLE name=Isoclinic(12_2.U4(3).2_3) rows=149 total_pairs=30281347
TABLE name=12_2.U4(3).2_3' rows=104 total_pairs=30286554
TABLE name=Isoclinic(12_2.U4(3).2_3') rows=104 total_pairs=30291761
TABLE name=2.U4(3) rows=39 total_pairs=30292471
TABLE name=2.U4(3).2_1 rows=66 total_pairs=30294511
TABLE name=Isoclinic(2.U4(3).2_1) rows=66 total_pairs=30296551
TABLE name=2.U4(3).2_2 rows=63 total_pairs=30298426
TABLE name=Isoclinic(2.U4(3).2_2) rows=63 total_pairs=30300301
TABLE name=2.U4(3).2_2' rows=63 total_pairs=30302176
TABLE name=Isoclinic(2.U4(3).2_2') rows=63 total_pairs=30304051
TABLE name=2.U4(3).2_3 rows=45 total_pairs=30304995
TABLE name=Isoclinic(2.U4(3).2_3) rows=45 total_pairs=30305939
TABLE name=2.U4(3).2_3' rows=45 total_pairs=30306883
TABLE name=Isoclinic(2.U4(3).2_3') rows=45 total_pairs=30307827
TABLE name=2.U4(3).4 rows=102 total_pairs=30312644
TABLE name=2.U4(3).(2^2)_{122} rows=87 total_pairs=30316203
TABLE name=2.U4(3).(2^2)_{1*22} rows=102 total_pairs=30321089
TABLE name=2.U4(3).(2^2)_{12*2} rows=102 total_pairs=30325975
TABLE name=2.U4(3).(2^2)_{1*2*2} rows=87 total_pairs=30329534
TABLE name=2.U4(3).(2^2)_{12*2*} rows=87 total_pairs=30333093
TABLE name=2.U4(3).(2^2)_{1*2*2*} rows=102 total_pairs=30337979
TABLE name=2.U4(3).(2^2)_{133} rows=69 total_pairs=30340227
TABLE name=2.U4(3).(2^2)_{1*33} rows=72 total_pairs=30342653
TABLE name=2.U4(3).(2^2)_{13*3} rows=72 total_pairs=30345079
TABLE name=2.U4(3).(2^2)_{1*3*3} rows=69 total_pairs=30347327
TABLE name=2.U4(3).(2^2)_{13*3*} rows=69 total_pairs=30349575
TABLE name=2.U4(3).(2^2)_{1*3*3*} rows=72 total_pairs=30352001
TABLE name=2.U4(3).D8 rows=96 total_pairs=30356388
TABLE name=O8+(3)M16 rows=87 total_pairs=30359947
TABLE name=O8+(3)M17 rows=87 total_pairs=30363506
TABLE name=3^2.U4(3) rows=136 total_pairs=30372207
TABLE name=3^2.U4(3).2_3' rows=110 total_pairs=30377972
TABLE name=3^2.U4(3).(2^2)_{133} rows=100 total_pairs=30382762
TABLE name=3^2.U4(3).D8 rows=110 total_pairs=30388582
TABLE name=3_1.U4(3) rows=52 total_pairs=30389855
TABLE name=3_1.U4(3).2_1 rows=50 total_pairs=30391035
TABLE name=3_1.U4(3).2_2 rows=92 total_pairs=30395010
TABLE name=3_1.U4(3).2_2' rows=50 total_pairs=30396193
TABLE name=3_1.U4(3).(2^2)_{122} rows=88 total_pairs=30399846
TABLE name=3_2.U4(3) rows=46 total_pairs=30400827
TABLE name=3_2.U4(3).2_1 rows=47 total_pairs=30401867
TABLE name=3_2.U4(3).2_3 rows=65 total_pairs=30403842
TABLE name=3_2.U4(3).2_3' rows=38 total_pairs=30404519
TABLE name=3_2.U4(3).(2^2)_{133} rows=64 total_pairs=30406462
TABLE name=4.U4(3) rows=71 total_pairs=30408806
TABLE name=4.U4(3).2_1 rows=118 total_pairs=30415334
TABLE name=4.U4(3).2_2 rows=79 total_pairs=30418304
TABLE name=Isoclinic(4.U4(3).2_2) rows=79 total_pairs=30421274
TABLE name=4.U4(3).2_3 rows=61 total_pairs=30423026
TABLE name=Isoclinic(4.U4(3).2_3) rows=61 total_pairs=30424778
TABLE name=4.U4(3).4 rows=188 total_pairs=30441119
TABLE name=6_1.U4(3) rows=101 total_pairs=30446009
TABLE name=6_1.U4(3).2_1 rows=97 total_pairs=30450516
TABLE name=Isoclinic(6_1.U4(3).2_1) rows=97 total_pairs=30455023
TABLE name=6_1.U4(3).2_2 rows=169 total_pairs=30468744
TABLE name=Isoclinic(6_1.U4(3).2_2) rows=169 total_pairs=30482465
TABLE name=6_1.U4(3).2_2' rows=94 total_pairs=30486724
TABLE name=Isoclinic(6_1.U4(3).2_2') rows=94 total_pairs=30490983
TABLE name=6_2.U4(3) rows=89 total_pairs=30494747
TABLE name=6_2.U4(3).2_1 rows=91 total_pairs=30498706
TABLE name=Isoclinic(6_2.U4(3).2_1) rows=91 total_pairs=30502665
TABLE name=6_2.U4(3).2_3 rows=115 total_pairs=30508941
TABLE name=Isoclinic(6_2.U4(3).2_3) rows=115 total_pairs=30515217
TABLE name=6_2.U4(3).2_3' rows=70 total_pairs=30517551
TABLE name=Isoclinic(6_2.U4(3).2_3') rows=70 total_pairs=30519885
TABLE name=U4(3) rows=20 total_pairs=30520066
TABLE name=U4(3).(2^2)_{122} rows=59 total_pairs=30521660
TABLE name=U4(3).(2^2)_{133} rows=44 total_pairs=30522548
TABLE name=U4(3).2_1 rows=34 total_pairs=30523076
TABLE name=U4(3).2_2 rows=34 total_pairs=30523607
TABLE name=U4(3).2_2' rows=34 total_pairs=30524138
TABLE name=U4(3).2_3 rows=25 total_pairs=30524423
TABLE name=U4(3).2_3' rows=25 total_pairs=30524708
TABLE name=U4(3).4 rows=53 total_pairs=30525996
TABLE name=U4(3).D8 rows=61 total_pairs=30527744
TABLE name=(3^2x2).U4(3) rows=263 total_pairs=30560810
TABLE name=(3^2x4).U4(3) rows=463 total_pairs=30664046
TABLE name=(3^2x2).U4(3).2_3' rows=202 total_pairs=30683656
TABLE name=Isoclinic((3^2x2).U4(3).2_3') rows=202 total_pairs=30703266
TABLE name=3.U3(5) rows=40 total_pairs=30703954
TABLE name=3.U3(5).2 rows=32 total_pairs=30704428
TABLE name=3.U3(5).3 rows=96 total_pairs=30708183
TABLE name=Isoclinic(3.U3(5).3,1) rows=96 total_pairs=30711938
TABLE name=Isoclinic(3.U3(5).3,2) rows=96 total_pairs=30715693
TABLE name=3.U3(5).S3 rows=60 total_pairs=30717280
TABLE name=3.U3(8) rows=82 total_pairs=30719987
TABLE name=3.U3(8).2 rows=56 total_pairs=30721373
TABLE name=3.U3(8).3_1 rows=70 total_pairs=30723504
TABLE name=3.U3(8).3_2 rows=222 total_pairs=30742316
TABLE name=Isoclinic(3.U3(8).3_2,1) rows=222 total_pairs=30761128
TABLE name=Isoclinic(3.U3(8).3_2,2) rows=222 total_pairs=30779940
TABLE name=3.U3(8).6 rows=56 total_pairs=30781364
TABLE name=3.U3(8).S3 rows=126 total_pairs=30787876
TABLE name=Isoclinic(3.U3(8)x3) rows=246 total_pairs=30812239
TABLE name=Isoclinic(U3(8).3_3x3) rows=84 total_pairs=30815254
TABLE name=9.U3(8).3_3 rows=138 total_pairs=30823705
TABLE name=HSM3 rows=19 total_pairs=30823868
TABLE name=U3(3) rows=14 total_pairs=30823951
TABLE name=U3(3).2 rows=16 total_pairs=30824063
TABLE name=G2(3)M2 rows=16 total_pairs=30824175
TABLE name=U3(4) rows=22 total_pairs=30824377
TABLE name=U3(4).2 rows=20 total_pairs=30824553
TABLE name=U3(4).4 rows=22 total_pairs=30824759
TABLE name=U3(5) rows=14 total_pairs=30824843
TABLE name=U3(5).2 rows=19 total_pairs=30825006
TABLE name=U3(5).3 rows=34 total_pairs=30825495
TABLE name=U3(5).3.2 rows=29 total_pairs=30825880
TABLE name=U3(7) rows=58 total_pairs=30827189
TABLE name=U3(7).2 rows=44 total_pairs=30828045
TABLE name=U3(8) rows=28 total_pairs=30828364
TABLE name=U3(8).2 rows=29 total_pairs=30828730
TABLE name=U3(8).3_1 rows=36 total_pairs=30829281
TABLE name=U3(8).3_2 rows=76 total_pairs=30831543
TABLE name=U3(8).3_3 rows=28 total_pairs=30831878
TABLE name=U3(8).6 rows=39 total_pairs=30832548
TABLE name=U3(8).S3 rows=53 total_pairs=30833769
TABLE name=U3(8).3^2 rows=52 total_pairs=30834928
TABLE name=U3(8).(S3x3) rows=47 total_pairs=30835929
TABLE name=U3(9) rows=92 total_pairs=30839106
TABLE name=U3(9).2 rows=64 total_pairs=30840870
TABLE name=U3(9).4 rows=50 total_pairs=30842006
TABLE name=2.U4(2) rows=34 total_pairs=30842535
TABLE name=2.U4(2).2 rows=38 total_pairs=30843197
TABLE name=Isoclinic(2.U4(2).2) rows=38 total_pairs=30843859
TABLE name=3.U3(11) rows=142 total_pairs=30851528
TABLE name=3.U3(11).2 rows=92 total_pairs=30855155
TABLE name=3.U3(11).3 rows=402 total_pairs=30914170
TABLE name=Isoclinic(3.U3(11).3,1) rows=402 total_pairs=30973185
TABLE name=Isoclinic(3.U3(11).3,2) rows=402 total_pairs=31032200
TABLE name=3.U3(11).S3 rows=222 total_pairs=31051547
TABLE name=U3(11) rows=48 total_pairs=31052432
TABLE name=U3(11).2 rows=45 total_pairs=31053324
TABLE name=U3(11).3 rows=136 total_pairs=31060191
TABLE name=U3(11).S3 rows=89 total_pairs=31063543
TABLE name=U4(2) rows=20 total_pairs=31063725
TABLE name=U4(2).2 rows=25 total_pairs=31064007
TABLE name=U4(3).2_1M4 rows=25 total_pairs=31064289
TABLE name=U5(2) rows=47 total_pairs=31065331
TABLE name=U5(2).2 rows=43 total_pairs=31066210
TABLE name=2.U6(2) rows=77 total_pairs=31069089
TABLE name=2.U6(2).2 rows=115 total_pairs=31075553
TABLE name=Isoclinic(2.U6(2).2) rows=115 total_pairs=31082017
TABLE name=2^2.U6(2) rows=139 total_pairs=31091358
TABLE name=2^2.U6(2).2 rows=146 total_pairs=31101799
TABLE name=2^2.U6(2).3 rows=145 total_pairs=31112055
TABLE name=2^2.U6(2).3.2 rows=149 total_pairs=31122985
TABLE name=3.U6(2) rows=132 total_pairs=31131432
TABLE name=3.U6(2).2 rows=108 total_pairs=31137126
TABLE name=3.U6(2).3 rows=324 total_pairs=31188171
TABLE name=Isoclinic(3.U6(2).3,1) rows=324 total_pairs=31239216
TABLE name=Isoclinic(3.U6(2).3,2) rows=324 total_pairs=31290261
TABLE name=6.U6(2) rows=219 total_pairs=31313764
TABLE name=6.U6(2).2 rows=186 total_pairs=31330784
TABLE name=Isoclinic(6.U6(2).2) rows=186 total_pairs=31347804
TABLE name=U6(2) rows=46 total_pairs=31348817
TABLE name=U6(2).2 rows=65 total_pairs=31350862
TABLE name=U6(2).3 rows=114 total_pairs=31357129
TABLE name=U6(2).3.2 rows=99 total_pairs=31361915
TABLE name=3.U6(2).3.2 rows=204 total_pairs=31382286
TABLE name=(2^2x3).U6(2) rows=393 total_pairs=31457819
TABLE name=(2^2x3).U6(2).2 rows=273 total_pairs=31494473
TABLE name=(2^2x3).U6(2).3 rows=411 total_pairs=31577259
TABLE name=U4(4) rows=94 total_pairs=31581252
TABLE name=U4(4).4 rows=73 total_pairs=31583792
TABLE name=U4(5) rows=97 total_pairs=31588081
TABLE name=U4(5).2_1 rows=116 total_pairs=31594499
TABLE name=U4(5).2_2 rows=173 total_pairs=31607847
TABLE name=U4(5).2_3 rows=95 total_pairs=31612099
TABLE name=U4(5).2^2 rows=154 total_pairs=31623349
TABLE name=U5(4) rows=83 total_pairs=31626577
TABLE name=U5(4).2 rows=88 total_pairs=31630297
TABLE name=U5(3) rows=150 total_pairs=31641026
TABLE name=U7(2) rows=239 total_pairs=31669109
TABLE name=U6(4) rows=1580 total_pairs=32858174
TABLE name=Alt(2) rows=1 total_pairs=32858174
TABLE name=2.Alt(2) rows=2 total_pairs=32858174
TABLE name=Sym(2) rows=2 total_pairs=32858174
TABLE name=2.Sym(2) rows=4 total_pairs=32858174
TABLE name=Alt(3) rows=3 total_pairs=32858174
TABLE name=2.Alt(3) rows=6 total_pairs=32858174
TABLE name=Sym(3) rows=3 total_pairs=32858176
TABLE name=2.Sym(3) rows=6 total_pairs=32858184
TABLE name=Alt(4) rows=4 total_pairs=32858187
TABLE name=2.Alt(4) rows=7 total_pairs=32858202
TABLE name=Sym(4) rows=5 total_pairs=32858210
TABLE name=2.Sym(4) rows=8 total_pairs=32858233
TABLE name=Alt(5) rows=5 total_pairs=32858242
TABLE name=2.Alt(5) rows=9 total_pairs=32858275
TABLE name=Sym(5) rows=7 total_pairs=32858293
TABLE name=2.Sym(5) rows=12 total_pairs=32858344
TABLE name=Alt(6) rows=7 total_pairs=32858363
TABLE name=2.Alt(6) rows=13 total_pairs=32858430
TABLE name=Sym(6) rows=11 total_pairs=32858476
TABLE name=2.Sym(6) rows=17 total_pairs=32858596
TABLE name=Alt(7) rows=9 total_pairs=32858630
TABLE name=2.Alt(7) rows=16 total_pairs=32858741
TABLE name=Sym(7) rows=15 total_pairs=32858835
TABLE name=2.Sym(7) rows=23 total_pairs=32859066
TABLE name=Alt(8) rows=14 total_pairs=32859153
TABLE name=2.Alt(8) rows=23 total_pairs=32859390
TABLE name=Sym(8) rows=22 total_pairs=32859611
TABLE name=2.Sym(8) rows=31 total_pairs=32860056
TABLE name=Alt(9) rows=18 total_pairs=32860207
TABLE name=2.Alt(9) rows=30 total_pairs=32860627
TABLE name=Sym(9) rows=30 total_pairs=32861046
TABLE name=2.Sym(9) rows=42 total_pairs=32861883
TABLE name=Alt(10) rows=24 total_pairs=32862157
TABLE name=2.Alt(10) rows=39 total_pairs=32862887
TABLE name=Sym(10) rows=42 total_pairs=32863728
TABLE name=2.Sym(10) rows=57 total_pairs=32865294
TABLE name=Alt(11) rows=31 total_pairs=32865754
TABLE name=2.Alt(11) rows=49 total_pairs=32866913
TABLE name=Sym(11) rows=56 total_pairs=32868422
TABLE name=2.Sym(11) rows=74 total_pairs=32871083
TABLE name=Alt(12) rows=43 total_pairs=32871979
TABLE name=2.Alt(12) rows=65 total_pairs=32874032
TABLE name=Sym(12) rows=77 total_pairs=32876913
TABLE name=2.Sym(12) rows=100 total_pairs=32881797
TABLE name=Alt(13) rows=55 total_pairs=32883269
TABLE name=2.Alt(13) rows=82 total_pairs=32886554
TABLE name=Sym(13) rows=101 total_pairs=32891521
TABLE name=2.Sym(13) rows=128 total_pairs=32899555
TABLE name=Alt(14) rows=72 total_pairs=32902086
TABLE name=2.Alt(14) rows=105 total_pairs=32907499
TABLE name=Sym(14) rows=135 total_pairs=32916390
TABLE name=2.Sym(14) rows=168 total_pairs=32930240
TABLE name=Alt(15) rows=94 total_pairs=32934596
TABLE name=2.Alt(15) rows=135 total_pairs=32943603
TABLE name=Sym(15) rows=176 total_pairs=32958873
TABLE name=2.Sym(15) rows=216 total_pairs=32981931
TABLE name=Alt(16) rows=123 total_pairs=32989419
TABLE name=2.Alt(16) rows=171 total_pairs=33003914
TABLE name=Sym(16) rows=231 total_pairs=33030324
TABLE name=2.Sym(16) rows=279 total_pairs=33068924
TABLE name=Alt(17) rows=156 total_pairs=33080981
TABLE name=2.Alt(17) rows=213 total_pairs=33103497
TABLE name=Sym(17) rows=297 total_pairs=33147195
TABLE name=2.Sym(17) rows=354 total_pairs=33209384
TABLE name=Alt(18) rows=200 total_pairs=33229262
TABLE name=2.Alt(18) rows=269 total_pairs=33265247
TABLE name=Sym(18) rows=385 total_pairs=33338909
TABLE name=2.Sym(18) rows=454 total_pairs=33441449
TABLE name=Alt(19) rows=254 total_pairs=33473489
TABLE name=2.Alt(19) rows=335 total_pairs=33529303
TABLE name=Sym(19) rows=490 total_pairs=33648538
TABLE name=2.Sym(19) rows=571 total_pairs=33810661
DONE tables=2750 unequal_degree_pairs=33810661 equal_degree_pairs=
1647090 hits=0
