BEGIN modulus=27 module_order=729 complement_order=81 sylow_order=19683
ENUMERATOR_RETURNED classes=1035
ENUMERATED subgroup_classes=571 ms=3288
DATA class=1 matrices=[ [ [ 1, 9 ], [ 0, 1 ] ], [ [ 10, 3 ], [ 0, 19 ] ], [ [ 1, 3 ], [ 0, 1 ] ], [ [ 1, 1 ], [ 0, 1 ] ] ]
SUBGROUP class=1 regular_orbits_total=6 hits=0
DATA class=2 matrices=[ [ [ 1, 9 ], [ 0, 1 ] ], [ [ 10, 3 ], [ 0, 19 ] ], [ [ 1, 3 ], [ 0, 1 ] ], [ [ 4, 5 ], [ 18, 16 ] ] ]
SUBGROUP class=2 regular_orbits_total=12 hits=0
DATA class=3 matrices=[ [ [ 1, 9 ], [ 0, 1 ] ], [ [ 10, 3 ], [ 0, 19 ] ], [ [ 1, 3 ], [ 0, 1 ] ], [ [ 4, 9 ], [ 18, 7 ] ] ]
SUBGROUP class=3 regular_orbits_total=18 hits=0
DATA class=4 matrices=[ [ [ 1, 9 ], [ 0, 1 ] ], [ [ 10, 3 ], [ 0, 19 ] ], [ [ 1, 3 ], [ 0, 1 ] ], [ [ 1, 0 ], [ 9, 1 ] ] ]
SUBGROUP class=4 regular_orbits_total=18 hits=0
DATA class=5 matrices=[ [ [ 1, 9 ], [ 0, 1 ] ], [ [ 10, 3 ], [ 0, 19 ] ], [ [ 1, 3 ], [ 0, 1 ] ], [ [ 1, 1 ], [ 9, 10 ] ] ]
SUBGROUP class=5 regular_orbits_total=24 hits=0
DATA class=6 matrices=[ [ [ 1, 9 ], [ 0, 1 ] ], [ [ 1, 0 ], [ 9, 1 ] ], [ [ 4, 9 ], [ 18, 7 ] ], [ [ 10, 9 ], [ 0, 19 ] ] ]
SUBGROUP class=6 regular_orbits_total=24 hits=0
DATA class=7 matrices=[ [ [ 1, 9 ], [ 0, 1 ] ], [ [ 1, 3 ], [ 9, 1 ] ], [ [ 4, 9 ], [ 18, 7 ] ], [ [ 10, 9 ], [ 0, 19 ] ] ]
SUBGROUP class=7 regular_orbits_total=30 hits=0
DATA class=8 matrices=[ [ [ 1, 9 ], [ 0, 1 ] ], [ [ 1, 6 ], [ 9, 1 ] ], [ [ 4, 9 ], [ 18, 7 ] ], [ [ 10, 9 ], [ 0, 19 ] ] ]
SUBGROUP class=8 regular_orbits_total=36 hits=0
DATA class=9 matrices=[ [ [ 1, 9 ], [ 0, 1 ] ], [ [ 10, 3 ], [ 0, 19 ] ], [ [ 1, 3 ], [ 0, 1 ] ], [ [ 7, 2 ], [ 3, 1 ] ] ]
SUBGROUP class=9 regular_orbits_total=42 hits=0
DATA class=10 matrices=[ [ [ 1, 9 ], [ 0, 1 ] ], [ [ 1, 0 ], [ 3, 1 ] ], [ [ 1, 0 ], [ 9, 1 ] ], [ [ 10, 9 ], [ 0, 19 ] ] ]
SUBGROUP class=10 regular_orbits_total=42 hits=0
DATA class=11 matrices=[ [ [ 1, 9 ], [ 0, 1 ] ], [ [ 1, 3 ], [ 3, 10 ] ], [ [ 1, 0 ], [ 9, 1 ] ], [ [ 10, 9 ], [ 0, 19 ] ] ]
SUBGROUP class=11 regular_orbits_total=42 hits=0
DATA class=12 matrices=[ [ [ 1, 9 ], [ 0, 1 ] ], [ [ 1, 6 ], [ 3, 19 ] ], [ [ 1, 0 ], [ 9, 1 ] ], [ [ 10, 9 ], [ 0, 19 ] ] ]
SUBGROUP class=12 regular_orbits_total=42 hits=0
DATA class=13 matrices=[ [ [ 1, 9 ], [ 0, 1 ] ], [ [ 1, 1 ], [ 3, 4 ] ], [ [ 19, 6 ], [ 18, 10 ] ], [ [ 10, 9 ], [ 0, 19 ] ] ]
SUBGROUP class=13 regular_orbits_total=48 hits=0
DATA class=14 matrices=[ [ [ 1, 9 ], [ 0, 1 ] ], [ [ 1, 2 ], [ 3, 7 ] ], [ [ 1, 0 ], [ 9, 1 ] ], [ [ 19, 9 ], [ 0, 10 ] ] ]
SUBGROUP class=14 regular_orbits_total=48 hits=0
DATA class=15 matrices=[ [ [ 1, 9 ], [ 0, 1 ] ], [ [ 1, 2 ], [ 3, 7 ] ], [ [ 1, 3 ], [ 9, 1 ] ], [ [ 10, 9 ], [ 0, 19 ] ] ]
SUBGROUP class=15 regular_orbits_total=54 hits=0
DATA class=16 matrices=[ [ [ 1, 9 ], [ 0, 1 ] ], [ [ 1, 2 ], [ 3, 7 ] ], [ [ 1, 6 ], [ 9, 1 ] ], [ [ 10, 9 ], [ 0, 19 ] ] ]
SUBGROUP class=16 regular_orbits_total=60 hits=0
DATA class=17 matrices=[ [ [ 1, 9 ], [ 0, 1 ] ], [ [ 1, 5 ], [ 3, 16 ] ], [ [ 1, 3 ], [ 9, 1 ] ], [ [ 10, 9 ], [ 0, 19 ] ] ]
SUBGROUP class=17 regular_orbits_total=66 hits=0
DATA class=18 matrices=[ [ [ 1, 9 ], [ 0, 1 ] ], [ [ 1, 8 ], [ 3, 25 ] ], [ [ 1, 3 ], [ 9, 1 ] ], [ [ 10, 9 ], [ 0, 19 ] ] ]
SUBGROUP class=18 regular_orbits_total=72 hits=0
DATA class=19 matrices=[ [ [ 1, 0 ], [ 3, 1 ] ], [ [ 1, 0 ], [ 9, 1 ] ], [ [ 4, 9 ], [ 18, 7 ] ], [ [ 10, 0 ], [ 0, 19 ] ] ]
SUBGROUP class=19 regular_orbits_total=78 hits=0
DATA class=20 matrices=[ [ [ 1, 9 ], [ 3, 1 ] ], [ [ 1, 0 ], [ 9, 1 ] ], [ [ 4, 9 ], [ 18, 7 ] ], [ [ 10, 0 ], [ 0, 19 ] ] ]
SUBGROUP class=20 regular_orbits_total=84 hits=0
DATA class=21 matrices=[ [ [ 1, 18 ], [ 3, 1 ] ], [ [ 1, 0 ], [ 9, 1 ] ], [ [ 4, 9 ], [ 18, 7 ] ], [ [ 10, 0 ], [ 0, 19 ] ] ]
SUBGROUP class=21 regular_orbits_total=90 hits=0
DATA class=22 matrices=[ [ [ 1, 9 ], [ 0, 1 ] ], [ [ 10, 3 ], [ 0, 19 ] ], [ [ 1, 3 ], [ 0, 1 ] ], [ [ 1, 0 ], [ 0, 10 ] ] ]
SUBGROUP class=22 regular_orbits_total=90 hits=0
DATA class=23 matrices=[ [ [ 1, 9 ], [ 0, 1 ] ], [ [ 10, 3 ], [ 0, 19 ] ], [ [ 1, 3 ], [ 0, 1 ] ], [ [ 1, 1 ], [ 0, 10 ] ] ]
SUBGROUP class=23 regular_orbits_total=96 hits=0
DATA class=24 matrices=[ [ [ 1, 9 ], [ 0, 1 ] ], [ [ 10, 3 ], [ 0, 19 ] ], [ [ 1, 3 ], [ 0, 1 ] ], [ [ 1, 2 ], [ 0, 10 ] ] ]
SUBGROUP class=24 regular_orbits_total=102 hits=0
DATA class=25 matrices=[ [ [ 1, 9 ], [ 0, 1 ] ], [ [ 10, 3 ], [ 0, 19 ] ], [ [ 1, 3 ], [ 0, 1 ] ], [ [ 4, 5 ], [ 18, 25 ] ] ]
SUBGROUP class=25 regular_orbits_total=108 hits=0
DATA class=26 matrices=[ [ [ 1, 9 ], [ 0, 1 ] ], [ [ 10, 3 ], [ 0, 19 ] ], [ [ 1, 3 ], [ 0, 1 ] ], [ [ 4, 9 ], [ 18, 16 ] ] ]
SUBGROUP class=26 regular_orbits_total=114 hits=0
DATA class=27 matrices=[ [ [ 1, 9 ], [ 0, 1 ] ], [ [ 10, 3 ], [ 0, 19 ] ], [ [ 1, 3 ], [ 0, 1 ] ], [ [ 7, 9 ], [ 9, 13 ] ] ]
SUBGROUP class=27 regular_orbits_total=120 hits=0
DATA class=28 matrices=[ [ [ 1, 9 ], [ 0, 1 ] ], [ [ 10, 3 ], [ 0, 19 ] ], [ [ 1, 3 ], [ 0, 1 ] ], [ [ 7, 16 ], [ 9, 22 ] ] ]
SUBGROUP class=28 regular_orbits_total=126 hits=0
DATA class=29 matrices=[ [ [ 1, 9 ], [ 0, 1 ] ], [ [ 10, 3 ], [ 0, 19 ] ], [ [ 1, 3 ], [ 0, 1 ] ], [ [ 1, 0 ], [ 9, 10 ] ] ]
SUBGROUP class=29 regular_orbits_total=126 hits=0
DATA class=30 matrices=[ [ [ 1, 9 ], [ 0, 1 ] ], [ [ 10, 3 ], [ 0, 19 ] ], [ [ 1, 3 ], [ 0, 1 ] ], [ [ 1, 1 ], [ 9, 19 ] ] ]
SUBGROUP class=30 regular_orbits_total=132 hits=0
DATA class=31 matrices=[ [ [ 1, 9 ], [ 0, 1 ] ], [ [ 10, 3 ], [ 0, 19 ] ], [ [ 1, 3 ], [ 0, 1 ] ], [ [ 4, 5 ], [ 0, 16 ] ] ]
SUBGROUP class=31 regular_orbits_total=138 hits=0
DATA class=32 matrices=[ [ [ 1, 9 ], [ 0, 1 ] ], [ [ 10, 3 ], [ 0, 19 ] ], [ [ 1, 3 ], [ 0, 1 ] ], [ [ 1, 0 ], [ 18, 10 ] ] ]
SUBGROUP class=32 regular_orbits_total=138 hits=0
DATA class=33 matrices=[ [ [ 1, 9 ], [ 0, 1 ] ], [ [ 1, 0 ], [ 0, 10 ] ], [ [ 1, 1 ], [ 0, 1 ] ], [ [ 1, 3 ], [ 0, 1 ] ] ]
SUBGROUP class=33 regular_orbits_total=138 hits=0
DATA class=34 matrices=[ [ [ 1, 9 ], [ 0, 1 ] ], [ [ 10, 3 ], [ 0, 1 ] ], [ [ 1, 1 ], [ 0, 1 ] ], [ [ 1, 3 ], [ 0, 1 ] ] ]
SUBGROUP class=34 regular_orbits_total=144 hits=0
DATA class=35 matrices=[ [ [ 1, 9 ], [ 0, 1 ] ], [ [ 19, 6 ], [ 0, 19 ] ], [ [ 1, 1 ], [ 0, 1 ] ], [ [ 1, 3 ], [ 0, 1 ] ] ]
SUBGROUP class=35 regular_orbits_total=150 hits=0
DATA class=36 matrices=[ [ [ 1, 9 ], [ 0, 1 ] ], [ [ 1, 0 ], [ 0, 10 ] ], [ [ 4, 5 ], [ 18, 16 ] ], [ [ 10, 6 ], [ 0, 19 ] ] ]
SUBGROUP class=36 regular_orbits_total=150 hits=0
DATA class=37 matrices=[ [ [ 1, 9 ], [ 0, 1 ] ], [ [ 1, 3 ], [ 0, 10 ] ], [ [ 4, 5 ], [ 18, 16 ] ], [ [ 10, 6 ], [ 0, 19 ] ] ]
SUBGROUP class=37 regular_orbits_total=156 hits=0
DATA class=38 matrices=[ [ [ 1, 9 ], [ 0, 1 ] ], [ [ 1, 6 ], [ 0, 10 ] ], [ [ 4, 5 ], [ 18, 16 ] ], [ [ 10, 6 ], [ 0, 19 ] ] ]
SUBGROUP class=38 regular_orbits_total=162 hits=0
DATA class=39 matrices=[ [ [ 1, 9 ], [ 0, 1 ] ], [ [ 1, 0 ], [ 0, 10 ] ], [ [ 4, 9 ], [ 18, 7 ] ], [ [ 10, 9 ], [ 0, 19 ] ] ]
SUBGROUP class=39 regular_orbits_total=162 hits=0
DATA class=40 matrices=[ [ [ 1, 9 ], [ 0, 1 ] ], [ [ 1, 3 ], [ 0, 10 ] ], [ [ 4, 9 ], [ 18, 7 ] ], [ [ 10, 9 ], [ 0, 19 ] ] ]
SUBGROUP class=40 regular_orbits_total=168 hits=0
DATA class=41 matrices=[ [ [ 1, 9 ], [ 0, 1 ] ], [ [ 1, 6 ], [ 0, 10 ] ], [ [ 4, 9 ], [ 18, 7 ] ], [ [ 10, 9 ], [ 0, 19 ] ] ]
SUBGROUP class=41 regular_orbits_total=174 hits=0
DATA class=42 matrices=[ [ [ 1, 9 ], [ 0, 1 ] ], [ [ 1, 0 ], [ 9, 10 ] ], [ [ 4, 9 ], [ 18, 7 ] ], [ [ 10, 9 ], [ 0, 19 ] ] ]
SUBGROUP class=42 regular_orbits_total=174 hits=0
DATA class=43 matrices=[ [ [ 1, 9 ], [ 0, 1 ] ], [ [ 1, 3 ], [ 9, 10 ] ], [ [ 4, 9 ], [ 18, 7 ] ], [ [ 10, 9 ], [ 0, 19 ] ] ]
SUBGROUP class=43 regular_orbits_total=180 hits=0
DATA class=44 matrices=[ [ [ 1, 9 ], [ 0, 1 ] ], [ [ 1, 6 ], [ 9, 10 ] ], [ [ 4, 9 ], [ 18, 7 ] ], [ [ 10, 9 ], [ 0, 19 ] ] ]
SUBGROUP class=44 regular_orbits_total=186 hits=0
DATA class=45 matrices=[ [ [ 1, 9 ], [ 0, 1 ] ], [ [ 1, 0 ], [ 18, 10 ] ], [ [ 4, 9 ], [ 18, 7 ] ], [ [ 10, 9 ], [ 0, 19 ] ] ]
SUBGROUP class=45 regular_orbits_total=186 hits=0
DATA class=46 matrices=[ [ [ 1, 9 ], [ 0, 1 ] ], [ [ 1, 3 ], [ 18, 10 ] ], [ [ 4, 9 ], [ 18, 7 ] ], [ [ 10, 9 ], [ 0, 19 ] ] ]
SUBGROUP class=46 regular_orbits_total=192 hits=0
DATA class=47 matrices=[ [ [ 1, 9 ], [ 0, 1 ] ], [ [ 1, 6 ], [ 18, 10 ] ], [ [ 4, 9 ], [ 18, 7 ] ], [ [ 10, 9 ], [ 0, 19 ] ] ]
SUBGROUP class=47 regular_orbits_total=198 hits=0
DATA class=48 matrices=[ [ [ 1, 9 ], [ 0, 1 ] ], [ [ 1, 0 ], [ 0, 10 ] ], [ [ 1, 0 ], [ 9, 1 ] ], [ [ 1, 3 ], [ 0, 1 ] ] ]
SUBGROUP class=48 regular_orbits_total=198 hits=0
DATA class=49 matrices=[ [ [ 1, 9 ], [ 0, 1 ] ], [ [ 10, 3 ], [ 0, 1 ] ], [ [ 1, 0 ], [ 9, 1 ] ], [ [ 1, 3 ], [ 0, 1 ] ] ]
SUBGROUP class=49 regular_orbits_total=198 hits=0
DATA class=50 matrices=[ [ [ 1, 9 ], [ 0, 1 ] ], [ [ 19, 6 ], [ 0, 19 ] ], [ [ 1, 0 ], [ 9, 1 ] ], [ [ 1, 3 ], [ 0, 1 ] ] ]
SUBGROUP class=50 regular_orbits_total=198 hits=0
DATA class=51 matrices=[ [ [ 1, 9 ], [ 0, 1 ] ], [ [ 1, 0 ], [ 0, 10 ] ], [ [ 1, 0 ], [ 9, 1 ] ], [ [ 10, 9 ], [ 0, 19 ] ] ]
SUBGROUP class=51 regular_orbits_total=198 hits=0
DATA class=52 matrices=[ [ [ 1, 9 ], [ 0, 1 ] ], [ [ 1, 0 ], [ 0, 10 ] ], [ [ 1, 3 ], [ 9, 1 ] ], [ [ 10, 9 ], [ 0, 19 ] ] ]
SUBGROUP class=52 regular_orbits_total=198 hits=0
DATA class=53 matrices=[ [ [ 1, 9 ], [ 0, 1 ] ], [ [ 1, 0 ], [ 0, 10 ] ], [ [ 1, 6 ], [ 9, 1 ] ], [ [ 10, 9 ], [ 0, 19 ] ] ]
SUBGROUP class=53 regular_orbits_total=198 hits=0
DATA class=54 matrices=[ [ [ 1, 9 ], [ 0, 1 ] ], [ [ 1, 3 ], [ 0, 10 ] ], [ [ 1, 0 ], [ 9, 1 ] ], [ [ 10, 9 ], [ 0, 19 ] ] ]
SUBGROUP class=54 regular_orbits_total=198 hits=0
DATA class=55 matrices=[ [ [ 1, 9 ], [ 0, 1 ] ], [ [ 1, 3 ], [ 0, 10 ] ], [ [ 1, 3 ], [ 9, 1 ] ], [ [ 10, 9 ], [ 0, 19 ] ] ]
SUBGROUP class=55 regular_orbits_total=198 hits=0
DATA class=56 matrices=[ [ [ 1, 9 ], [ 0, 1 ] ], [ [ 1, 3 ], [ 0, 10 ] ], [ [ 1, 6 ], [ 9, 1 ] ], [ [ 10, 9 ], [ 0, 19 ] ] ]
SUBGROUP class=56 regular_orbits_total=198 hits=0
DATA class=57 matrices=[ [ [ 1, 9 ], [ 0, 1 ] ], [ [ 1, 6 ], [ 0, 10 ] ], [ [ 1, 0 ], [ 9, 1 ] ], [ [ 10, 9 ], [ 0, 19 ] ] ]
SUBGROUP class=57 regular_orbits_total=198 hits=0
DATA class=58 matrices=[ [ [ 1, 9 ], [ 0, 1 ] ], [ [ 1, 6 ], [ 0, 10 ] ], [ [ 1, 3 ], [ 9, 1 ] ], [ [ 10, 9 ], [ 0, 19 ] ] ]
SUBGROUP class=58 regular_orbits_total=198 hits=0
DATA class=59 matrices=[ [ [ 1, 9 ], [ 0, 1 ] ], [ [ 1, 6 ], [ 0, 10 ] ], [ [ 1, 6 ], [ 9, 1 ] ], [ [ 10, 9 ], [ 0, 19 ] ] ]
SUBGROUP class=59 regular_orbits_total=198 hits=0
DATA class=60 matrices=[ [ [ 1, 9 ], [ 0, 1 ] ], [ [ 4, 9 ], [ 18, 16 ] ], [ [ 1, 0 ], [ 9, 1 ] ], [ [ 10, 9 ], [ 0, 19 ] ] ]
SUBGROUP class=60 regular_orbits_total=198 hits=0
DATA class=61 matrices=[ [ [ 1, 9 ], [ 0, 1 ] ], [ [ 4, 9 ], [ 18, 16 ] ], [ [ 1, 3 ], [ 9, 1 ] ], [ [ 10, 9 ], [ 0, 19 ] ] ]
SUBGROUP class=61 regular_orbits_total=204 hits=0
DATA class=62 matrices=[ [ [ 1, 9 ], [ 0, 1 ] ], [ [ 4, 9 ], [ 18, 16 ] ], [ [ 1, 6 ], [ 9, 1 ] ], [ [ 10, 9 ], [ 0, 19 ] ] ]
SUBGROUP class=62 regular_orbits_total=210 hits=0
DATA class=63 matrices=[ [ [ 1, 9 ], [ 0, 1 ] ], [ [ 7, 9 ], [ 9, 13 ] ], [ [ 1, 0 ], [ 9, 1 ] ], [ [ 19, 9 ], [ 0, 10 ] ] ]
SUBGROUP class=63 regular_orbits_total=210 hits=0
DATA class=64 matrices=[ [ [ 1, 9 ], [ 0, 1 ] ], [ [ 7, 9 ], [ 9, 13 ] ], [ [ 1, 3 ], [ 9, 1 ] ], [ [ 19, 9 ], [ 0, 10 ] ] ]
SUBGROUP class=64 regular_orbits_total=216 hits=0
DATA class=65 matrices=[ [ [ 1, 9 ], [ 0, 1 ] ], [ [ 7, 9 ], [ 9, 13 ] ], [ [ 1, 6 ], [ 9, 1 ] ], [ [ 19, 9 ], [ 0, 10 ] ] ]
SUBGROUP class=65 regular_orbits_total=222 hits=0
DATA class=66 matrices=[ [ [ 1, 9 ], [ 0, 1 ] ], [ [ 1, 0 ], [ 0, 10 ] ], [ [ 1, 1 ], [ 9, 10 ] ], [ [ 1, 3 ], [ 0, 1 ] ] ]
SUBGROUP class=66 regular_orbits_total=222 hits=0
DATA class=67 matrices=[ [ [ 1, 9 ], [ 0, 1 ] ], [ [ 10, 3 ], [ 0, 1 ] ], [ [ 1, 1 ], [ 9, 10 ] ], [ [ 1, 3 ], [ 0, 1 ] ] ]
SUBGROUP class=67 regular_orbits_total=228 hits=0
DATA class=68 matrices=[ [ [ 1, 9 ], [ 0, 1 ] ], [ [ 19, 6 ], [ 0, 19 ] ], [ [ 1, 1 ], [ 9, 10 ] ], [ [ 1, 3 ], [ 0, 1 ] ] ]
SUBGROUP class=68 regular_orbits_total=234 hits=0
DATA class=69 matrices=[ [ [ 1, 0 ], [ 0, 10 ] ], [ [ 1, 0 ], [ 9, 1 ] ], [ [ 4, 9 ], [ 18, 7 ] ], [ [ 10, 0 ], [ 0, 19 ] ] ]
SUBGROUP class=69 regular_orbits_total=234 hits=0
DATA class=70 matrices=[ [ [ 1, 0 ], [ 0, 10 ] ], [ [ 1, 9 ], [ 9, 1 ] ], [ [ 4, 9 ], [ 18, 7 ] ], [ [ 10, 0 ], [ 0, 19 ] ] ]
SUBGROUP class=70 regular_orbits_total=234 hits=0
DATA class=71 matrices=[ [ [ 1, 0 ], [ 0, 10 ] ], [ [ 1, 18 ], [ 9, 1 ] ], [ [ 4, 9 ], [ 18, 7 ] ], [ [ 10, 0 ], [ 0, 19 ] ] ]
SUBGROUP class=71 regular_orbits_total=234 hits=0
DATA class=72 matrices=[ [ [ 1, 9 ], [ 0, 10 ] ], [ [ 1, 0 ], [ 9, 1 ] ], [ [ 4, 9 ], [ 18, 7 ] ], [ [ 10, 0 ], [ 0, 19 ] ] ]
SUBGROUP class=72 regular_orbits_total=234 hits=0
DATA class=73 matrices=[ [ [ 1, 9 ], [ 0, 10 ] ], [ [ 1, 9 ], [ 9, 1 ] ], [ [ 4, 9 ], [ 18, 7 ] ], [ [ 10, 0 ], [ 0, 19 ] ] ]
SUBGROUP class=73 regular_orbits_total=234 hits=0
DATA class=74 matrices=[ [ [ 1, 9 ], [ 0, 10 ] ], [ [ 1, 18 ], [ 9, 1 ] ], [ [ 4, 9 ], [ 18, 7 ] ], [ [ 10, 0 ], [ 0, 19 ] ] ]
SUBGROUP class=74 regular_orbits_total=234 hits=0
DATA class=75 matrices=[ [ [ 1, 18 ], [ 0, 10 ] ], [ [ 1, 0 ], [ 9, 1 ] ], [ [ 4, 9 ], [ 18, 7 ] ], [ [ 10, 0 ], [ 0, 19 ] ] ]
SUBGROUP class=75 regular_orbits_total=234 hits=0
DATA class=76 matrices=[ [ [ 1, 18 ], [ 0, 10 ] ], [ [ 1, 9 ], [ 9, 1 ] ], [ [ 4, 9 ], [ 18, 7 ] ], [ [ 10, 0 ], [ 0, 19 ] ] ]
SUBGROUP class=76 regular_orbits_total=234 hits=0
DATA class=77 matrices=[ [ [ 1, 18 ], [ 0, 10 ] ], [ [ 1, 18 ], [ 9, 1 ] ], [ [ 4, 9 ], [ 18, 7 ] ], [ [ 10, 0 ], [ 0, 19 ] ] ]
SUBGROUP class=77 regular_orbits_total=234 hits=0
DATA class=78 matrices=[ [ [ 1, 9 ], [ 0, 1 ] ], [ [ 10, 3 ], [ 0, 19 ] ], [ [ 1, 3 ], [ 0, 1 ] ], [ [ 7, 2 ], [ 3, 10 ] ] ]
SUBGROUP class=78 regular_orbits_total=240 hits=0
DATA class=79 matrices=[ [ [ 1, 9 ], [ 0, 1 ] ], [ [ 1, 0 ], [ 3, 10 ] ], [ [ 1, 0 ], [ 9, 1 ] ], [ [ 10, 9 ], [ 0, 19 ] ] ]
SUBGROUP class=79 regular_orbits_total=240 hits=0
DATA class=80 matrices=[ [ [ 1, 9 ], [ 0, 1 ] ], [ [ 1, 3 ], [ 3, 19 ] ], [ [ 1, 0 ], [ 9, 1 ] ], [ [ 10, 9 ], [ 0, 19 ] ] ]
SUBGROUP class=80 regular_orbits_total=240 hits=0
DATA class=81 matrices=[ [ [ 1, 9 ], [ 0, 1 ] ], [ [ 1, 6 ], [ 3, 1 ] ], [ [ 1, 0 ], [ 9, 1 ] ], [ [ 10, 9 ], [ 0, 19 ] ] ]
SUBGROUP class=81 regular_orbits_total=240 hits=0
DATA class=82 matrices=[ [ [ 1, 9 ], [ 0, 1 ] ], [ [ 1, 1 ], [ 3, 13 ] ], [ [ 19, 6 ], [ 18, 10 ] ], [ [ 10, 9 ], [ 0, 19 ] ] ]
SUBGROUP class=82 regular_orbits_total=246 hits=0
DATA class=83 matrices=[ [ [ 1, 9 ], [ 0, 1 ] ], [ [ 1, 2 ], [ 3, 16 ] ], [ [ 1, 0 ], [ 9, 1 ] ], [ [ 19, 9 ], [ 0, 10 ] ] ]
SUBGROUP class=83 regular_orbits_total=246 hits=0
DATA class=84 matrices=[ [ [ 1, 9 ], [ 0, 1 ] ], [ [ 1, 2 ], [ 3, 16 ] ], [ [ 1, 3 ], [ 9, 1 ] ], [ [ 10, 9 ], [ 0, 19 ] ] ]
SUBGROUP class=84 regular_orbits_total=252 hits=0
DATA class=85 matrices=[ [ [ 1, 9 ], [ 0, 1 ] ], [ [ 1, 2 ], [ 3, 16 ] ], [ [ 1, 6 ], [ 9, 1 ] ], [ [ 10, 9 ], [ 0, 19 ] ] ]
SUBGROUP class=85 regular_orbits_total=258 hits=0
DATA class=86 matrices=[ [ [ 1, 9 ], [ 0, 1 ] ], [ [ 1, 5 ], [ 3, 25 ] ], [ [ 1, 3 ], [ 9, 1 ] ], [ [ 10, 9 ], [ 0, 19 ] ] ]
SUBGROUP class=86 regular_orbits_total=264 hits=0
DATA class=87 matrices=[ [ [ 1, 9 ], [ 0, 1 ] ], [ [ 1, 8 ], [ 3, 7 ] ], [ [ 1, 3 ], [ 9, 1 ] ], [ [ 10, 9 ], [ 0, 19 ] ] ]
SUBGROUP class=87 regular_orbits_total=270 hits=0
DATA class=88 matrices=[ [ [ 1, 0 ], [ 3, 10 ] ], [ [ 1, 0 ], [ 9, 1 ] ], [ [ 4, 9 ], [ 18, 7 ] ], [ [ 10, 0 ], [ 0, 19 ] ] ]
SUBGROUP class=88 regular_orbits_total=276 hits=0
DATA class=89 matrices=[ [ [ 1, 9 ], [ 3, 10 ] ], [ [ 1, 0 ], [ 9, 1 ] ], [ [ 4, 9 ], [ 18, 7 ] ], [ [ 10, 0 ], [ 0, 19 ] ] ]
SUBGROUP class=89 regular_orbits_total=282 hits=0
DATA class=90 matrices=[ [ [ 1, 18 ], [ 3, 10 ] ], [ [ 1, 0 ], [ 9, 1 ] ], [ [ 4, 9 ], [ 18, 7 ] ], [ [ 10, 0 ], [ 0, 19 ] ] ]
SUBGROUP class=90 regular_orbits_total=288 hits=0
DATA class=91 matrices=[ [ [ 1, 9 ], [ 0, 1 ] ], [ [ 10, 3 ], [ 0, 19 ] ], [ [ 1, 3 ], [ 0, 1 ] ], [ [ 4, 1 ], [ 15, 13 ] ] ]
SUBGROUP class=91 regular_orbits_total=294 hits=0
DATA class=92 matrices=[ [ [ 1, 9 ], [ 0, 1 ] ], [ [ 1, 0 ], [ 6, 10 ] ], [ [ 1, 0 ], [ 18, 1 ] ], [ [ 10, 9 ], [ 0, 19 ] ] ]
SUBGROUP class=92 regular_orbits_total=294 hits=0
DATA class=93 matrices=[ [ [ 1, 9 ], [ 0, 1 ] ], [ [ 1, 3 ], [ 6, 1 ] ], [ [ 1, 0 ], [ 18, 1 ] ], [ [ 10, 9 ], [ 0, 19 ] ] ]
SUBGROUP class=93 regular_orbits_total=294 hits=0
DATA class=94 matrices=[ [ [ 1, 9 ], [ 0, 1 ] ], [ [ 1, 6 ], [ 6, 19 ] ], [ [ 1, 0 ], [ 18, 1 ] ], [ [ 10, 9 ], [ 0, 19 ] ] ]
SUBGROUP class=94 regular_orbits_total=294 hits=0
DATA class=95 matrices=[ [ [ 1, 9 ], [ 0, 1 ] ], [ [ 1, 1 ], [ 6, 16 ] ], [ [ 1, 0 ], [ 9, 1 ] ], [ [ 10, 9 ], [ 0, 19 ] ] ]
SUBGROUP class=95 regular_orbits_total=294 hits=0
DATA class=96 matrices=[ [ [ 1, 9 ], [ 0, 1 ] ], [ [ 1, 1 ], [ 6, 16 ] ], [ [ 1, 3 ], [ 9, 1 ] ], [ [ 19, 9 ], [ 0, 10 ] ] ]
SUBGROUP class=96 regular_orbits_total=300 hits=0
DATA class=97 matrices=[ [ [ 1, 9 ], [ 0, 1 ] ], [ [ 1, 1 ], [ 6, 16 ] ], [ [ 1, 6 ], [ 9, 1 ] ], [ [ 10, 9 ], [ 0, 19 ] ] ]
SUBGROUP class=97 regular_orbits_total=306 hits=0
DATA class=98 matrices=[ [ [ 1, 9 ], [ 0, 1 ] ], [ [ 1, 4 ], [ 6, 7 ] ], [ [ 1, 3 ], [ 9, 1 ] ], [ [ 19, 9 ], [ 0, 10 ] ] ]
SUBGROUP class=98 regular_orbits_total=312 hits=0
DATA class=99 matrices=[ [ [ 1, 9 ], [ 0, 1 ] ], [ [ 1, 7 ], [ 6, 25 ] ], [ [ 1, 3 ], [ 9, 1 ] ], [ [ 19, 9 ], [ 0, 10 ] ] ]
SUBGROUP class=99 regular_orbits_total=318 hits=0
DATA class=100 matrices=[ [ [ 1, 9 ], [ 0, 1 ] ], [ [ 1, 2 ], [ 6, 22 ] ], [ [ 1, 3 ], [ 9, 1 ] ], [ [ 19, 9 ], [ 0, 10 ] ] ]
SUBGROUP class=100 regular_orbits_total=324 hits=0
DATA class=101 matrices=[ [ [ 1, 0 ], [ 6, 10 ] ], [ [ 1, 0 ], [ 9, 1 ] ], [ [ 4, 9 ], [ 18, 7 ] ], [ [ 10, 0 ], [ 0, 19 ] ] ]
SUBGROUP class=101 regular_orbits_total=330 hits=0
DATA class=102 matrices=[ [ [ 1, 9 ], [ 6, 10 ] ], [ [ 1, 0 ], [ 9, 1 ] ], [ [ 4, 9 ], [ 18, 7 ] ], [ [ 10, 0 ], [ 0, 19 ] ] ]
SUBGROUP class=102 regular_orbits_total=336 hits=0
DATA class=103 matrices=[ [ [ 1, 18 ], [ 6, 10 ] ], [ [ 1, 0 ], [ 9, 1 ] ], [ [ 4, 9 ], [ 18, 7 ] ], [ [ 10, 0 ], [ 0, 19 ] ] ]
SUBGROUP class=103 regular_orbits_total=342 hits=0
DATA class=104 matrices=[ [ [ 1, 9 ], [ 0, 1 ] ], [ [ 1, 0 ], [ 0, 10 ] ], [ [ 7, 2 ], [ 3, 1 ] ], [ [ 10, 9 ], [ 0, 19 ] ] ]
SUBGROUP class=104 regular_orbits_total=342 hits=0
DATA class=105 matrices=[ [ [ 1, 9 ], [ 0, 1 ] ], [ [ 1, 0 ], [ 0, 10 ] ], [ [ 7, 23 ], [ 3, 10 ] ], [ [ 10, 9 ], [ 0, 19 ] ] ]
SUBGROUP class=105 regular_orbits_total=342 hits=0
DATA class=106 matrices=[ [ [ 1, 9 ], [ 0, 1 ] ], [ [ 1, 0 ], [ 0, 10 ] ], [ [ 7, 17 ], [ 3, 19 ] ], [ [ 10, 9 ], [ 0, 19 ] ] ]
SUBGROUP class=106 regular_orbits_total=342 hits=0
DATA class=107 matrices=[ [ [ 1, 9 ], [ 0, 1 ] ], [ [ 1, 3 ], [ 0, 10 ] ], [ [ 7, 2 ], [ 3, 1 ] ], [ [ 19, 9 ], [ 0, 10 ] ] ]
SUBGROUP class=107 regular_orbits_total=348 hits=0
DATA class=108 matrices=[ [ [ 1, 9 ], [ 0, 1 ] ], [ [ 1, 3 ], [ 0, 10 ] ], [ [ 7, 23 ], [ 3, 10 ] ], [ [ 19, 9 ], [ 0, 10 ] ] ]
SUBGROUP class=108 regular_orbits_total=354 hits=0
DATA class=109 matrices=[ [ [ 1, 9 ], [ 0, 1 ] ], [ [ 1, 3 ], [ 0, 10 ] ], [ [ 7, 17 ], [ 3, 19 ] ], [ [ 19, 9 ], [ 0, 10 ] ] ]
SUBGROUP class=109 regular_orbits_total=360 hits=0
DATA class=110 matrices=[ [ [ 1, 9 ], [ 0, 1 ] ], [ [ 1, 6 ], [ 0, 10 ] ], [ [ 7, 2 ], [ 3, 1 ] ], [ [ 10, 9 ], [ 0, 19 ] ] ]
SUBGROUP class=110 regular_orbits_total=366 hits=0
DATA class=111 matrices=[ [ [ 1, 9 ], [ 0, 1 ] ], [ [ 1, 6 ], [ 0, 10 ] ], [ [ 7, 23 ], [ 3, 10 ] ], [ [ 10, 9 ], [ 0, 19 ] ] ]
SUBGROUP class=111 regular_orbits_total=372 hits=0
DATA class=112 matrices=[ [ [ 1, 9 ], [ 0, 1 ] ], [ [ 1, 6 ], [ 0, 10 ] ], [ [ 7, 17 ], [ 3, 19 ] ], [ [ 10, 9 ], [ 0, 19 ] ] ]
SUBGROUP class=112 regular_orbits_total=378 hits=0
DATA class=113 matrices=[ [ [ 1, 9 ], [ 0, 1 ] ], [ [ 1, 0 ], [ 9, 10 ] ], [ [ 7, 2 ], [ 3, 1 ] ], [ [ 19, 9 ], [ 0, 10 ] ] ]
SUBGROUP class=113 regular_orbits_total=378 hits=0
DATA class=114 matrices=[ [ [ 1, 9 ], [ 0, 1 ] ], [ [ 1, 0 ], [ 9, 10 ] ], [ [ 7, 23 ], [ 3, 10 ] ], [ [ 19, 9 ], [ 0, 10 ] ] ]
SUBGROUP class=114 regular_orbits_total=378 hits=0
DATA class=115 matrices=[ [ [ 1, 9 ], [ 0, 1 ] ], [ [ 1, 0 ], [ 9, 10 ] ], [ [ 7, 17 ], [ 3, 19 ] ], [ [ 19, 9 ], [ 0, 10 ] ] ]
SUBGROUP class=115 regular_orbits_total=378 hits=0
DATA class=116 matrices=[ [ [ 1, 9 ], [ 0, 1 ] ], [ [ 1, 3 ], [ 9, 10 ] ], [ [ 7, 2 ], [ 3, 1 ] ], [ [ 10, 9 ], [ 0, 19 ] ] ]
SUBGROUP class=116 regular_orbits_total=384 hits=0
DATA class=117 matrices=[ [ [ 1, 9 ], [ 0, 1 ] ], [ [ 1, 3 ], [ 9, 10 ] ], [ [ 7, 23 ], [ 3, 10 ] ], [ [ 10, 9 ], [ 0, 19 ] ] ]
SUBGROUP class=117 regular_orbits_total=390 hits=0
DATA class=118 matrices=[ [ [ 1, 9 ], [ 0, 1 ] ], [ [ 1, 3 ], [ 9, 10 ] ], [ [ 7, 17 ], [ 3, 19 ] ], [ [ 10, 9 ], [ 0, 19 ] ] ]
SUBGROUP class=118 regular_orbits_total=396 hits=0
DATA class=119 matrices=[ [ [ 1, 9 ], [ 0, 1 ] ], [ [ 1, 6 ], [ 9, 10 ] ], [ [ 7, 2 ], [ 3, 1 ] ], [ [ 10, 9 ], [ 0, 19 ] ] ]
SUBGROUP class=119 regular_orbits_total=402 hits=0
DATA class=120 matrices=[ [ [ 1, 9 ], [ 0, 1 ] ], [ [ 1, 6 ], [ 9, 10 ] ], [ [ 7, 23 ], [ 3, 10 ] ], [ [ 10, 9 ], [ 0, 19 ] ] ]
SUBGROUP class=120 regular_orbits_total=408 hits=0
DATA class=121 matrices=[ [ [ 1, 9 ], [ 0, 1 ] ], [ [ 1, 6 ], [ 9, 10 ] ], [ [ 7, 17 ], [ 3, 19 ] ], [ [ 10, 9 ], [ 0, 19 ] ] ]
SUBGROUP class=121 regular_orbits_total=414 hits=0
DATA class=122 matrices=[ [ [ 1, 9 ], [ 0, 1 ] ], [ [ 1, 0 ], [ 18, 10 ] ], [ [ 7, 2 ], [ 3, 1 ] ], [ [ 10, 9 ], [ 0, 19 ] ] ]
SUBGROUP class=122 regular_orbits_total=414 hits=0
DATA class=123 matrices=[ [ [ 1, 9 ], [ 0, 1 ] ], [ [ 1, 0 ], [ 18, 10 ] ], [ [ 7, 23 ], [ 3, 10 ] ], [ [ 10, 9 ], [ 0, 19 ] ] ]
SUBGROUP class=123 regular_orbits_total=414 hits=0
DATA class=124 matrices=[ [ [ 1, 9 ], [ 0, 1 ] ], [ [ 1, 0 ], [ 18, 10 ] ], [ [ 7, 17 ], [ 3, 19 ] ], [ [ 10, 9 ], [ 0, 19 ] ] ]
SUBGROUP class=124 regular_orbits_total=414 hits=0
DATA class=125 matrices=[ [ [ 1, 9 ], [ 0, 1 ] ], [ [ 1, 3 ], [ 18, 10 ] ], [ [ 7, 2 ], [ 3, 1 ] ], [ [ 10, 9 ], [ 0, 19 ] ] ]
SUBGROUP class=125 regular_orbits_total=420 hits=0
DATA class=126 matrices=[ [ [ 1, 9 ], [ 0, 1 ] ], [ [ 1, 3 ], [ 18, 10 ] ], [ [ 7, 23 ], [ 3, 10 ] ], [ [ 10, 9 ], [ 0, 19 ] ] ]
SUBGROUP class=126 regular_orbits_total=426 hits=0
DATA class=127 matrices=[ [ [ 1, 9 ], [ 0, 1 ] ], [ [ 1, 3 ], [ 18, 10 ] ], [ [ 7, 17 ], [ 3, 19 ] ], [ [ 10, 9 ], [ 0, 19 ] ] ]
SUBGROUP class=127 regular_orbits_total=432 hits=0
DATA class=128 matrices=[ [ [ 1, 9 ], [ 0, 1 ] ], [ [ 1, 6 ], [ 18, 10 ] ], [ [ 7, 2 ], [ 3, 1 ] ], [ [ 10, 9 ], [ 0, 19 ] ] ]
SUBGROUP class=128 regular_orbits_total=438 hits=0
DATA class=129 matrices=[ [ [ 1, 9 ], [ 0, 1 ] ], [ [ 1, 6 ], [ 18, 10 ] ], [ [ 7, 23 ], [ 3, 10 ] ], [ [ 10, 9 ], [ 0, 19 ] ] ]
SUBGROUP class=129 regular_orbits_total=444 hits=0
DATA class=130 matrices=[ [ [ 1, 9 ], [ 0, 1 ] ], [ [ 1, 6 ], [ 18, 10 ] ], [ [ 7, 17 ], [ 3, 19 ] ], [ [ 19, 9 ], [ 0, 10 ] ] ]
SUBGROUP class=130 regular_orbits_total=450 hits=0
DATA class=131 matrices=[ [ [ 1, 9 ], [ 0, 1 ] ], [ [ 1, 0 ], [ 0, 10 ] ], [ [ 1, 0 ], [ 3, 1 ] ], [ [ 1, 0 ], [ 9, 1 ] ] ]
SUBGROUP class=131 regular_orbits_total=450 hits=0
DATA class=132 matrices=[ [ [ 1, 9 ], [ 0, 1 ] ], [ [ 1, 0 ], [ 0, 10 ] ], [ [ 1, 3 ], [ 3, 10 ] ], [ [ 1, 0 ], [ 9, 1 ] ] ]
SUBGROUP class=132 regular_orbits_total=450 hits=0
DATA class=133 matrices=[ [ [ 1, 9 ], [ 0, 1 ] ], [ [ 1, 0 ], [ 0, 10 ] ], [ [ 1, 6 ], [ 3, 19 ] ], [ [ 1, 0 ], [ 9, 1 ] ] ]
SUBGROUP class=133 regular_orbits_total=450 hits=0
DATA class=134 matrices=[ [ [ 1, 9 ], [ 0, 1 ] ], [ [ 10, 9 ], [ 0, 1 ] ], [ [ 1, 0 ], [ 3, 1 ] ], [ [ 1, 0 ], [ 9, 1 ] ] ]
SUBGROUP class=134 regular_orbits_total=450 hits=0
DATA class=135 matrices=[ [ [ 1, 9 ], [ 0, 1 ] ], [ [ 10, 9 ], [ 0, 1 ] ], [ [ 1, 3 ], [ 3, 10 ] ], [ [ 1, 0 ], [ 9, 1 ] ] ]
SUBGROUP class=135 regular_orbits_total=450 hits=0
DATA class=136 matrices=[ [ [ 1, 9 ], [ 0, 1 ] ], [ [ 10, 9 ], [ 0, 1 ] ], [ [ 1, 6 ], [ 3, 19 ] ], [ [ 1, 0 ], [ 9, 1 ] ] ]
SUBGROUP class=136 regular_orbits_total=450 hits=0
DATA class=137 matrices=[ [ [ 1, 9 ], [ 0, 1 ] ], [ [ 19, 9 ], [ 0, 19 ] ], [ [ 1, 0 ], [ 3, 1 ] ], [ [ 1, 0 ], [ 9, 1 ] ] ]
SUBGROUP class=137 regular_orbits_total=450 hits=0
DATA class=138 matrices=[ [ [ 1, 9 ], [ 0, 1 ] ], [ [ 19, 9 ], [ 0, 19 ] ], [ [ 1, 3 ], [ 3, 10 ] ], [ [ 1, 0 ], [ 9, 1 ] ] ]
SUBGROUP class=138 regular_orbits_total=450 hits=0
DATA class=139 matrices=[ [ [ 1, 9 ], [ 0, 1 ] ], [ [ 19, 9 ], [ 0, 19 ] ], [ [ 1, 6 ], [ 3, 19 ] ], [ [ 1, 0 ], [ 9, 1 ] ] ]
SUBGROUP class=139 regular_orbits_total=450 hits=0
DATA class=140 matrices=[ [ [ 1, 0 ], [ 0, 10 ] ], [ [ 1, 0 ], [ 3, 1 ] ], [ [ 1, 0 ], [ 9, 1 ] ], [ [ 10, 9 ], [ 0, 19 ] ] ]
SUBGROUP class=140 regular_orbits_total=450 hits=0
DATA class=141 matrices=[ [ [ 1, 0 ], [ 0, 10 ] ], [ [ 1, 0 ], [ 3, 1 ] ], [ [ 1, 0 ], [ 9, 1 ] ], [ [ 10, 18 ], [ 0, 19 ] ] ]
SUBGROUP class=141 regular_orbits_total=450 hits=0
DATA class=142 matrices=[ [ [ 1, 0 ], [ 0, 10 ] ], [ [ 1, 0 ], [ 3, 1 ] ], [ [ 1, 0 ], [ 9, 1 ] ], [ [ 10, 0 ], [ 0, 19 ] ] ]
SUBGROUP class=142 regular_orbits_total=450 hits=0
DATA class=143 matrices=[ [ [ 1, 0 ], [ 0, 10 ] ], [ [ 1, 9 ], [ 3, 1 ] ], [ [ 1, 0 ], [ 9, 1 ] ], [ [ 10, 0 ], [ 0, 19 ] ] ]
SUBGROUP class=143 regular_orbits_total=450 hits=0
DATA class=144 matrices=[ [ [ 1, 0 ], [ 0, 10 ] ], [ [ 1, 18 ], [ 3, 1 ] ], [ [ 1, 0 ], [ 9, 1 ] ], [ [ 10, 0 ], [ 0, 19 ] ] ]
SUBGROUP class=144 regular_orbits_total=450 hits=0
DATA class=145 matrices=[ [ [ 1, 9 ], [ 0, 10 ] ], [ [ 1, 0 ], [ 3, 1 ] ], [ [ 1, 0 ], [ 9, 1 ] ], [ [ 10, 9 ], [ 0, 19 ] ] ]
SUBGROUP class=145 regular_orbits_total=450 hits=0
DATA class=146 matrices=[ [ [ 1, 9 ], [ 0, 10 ] ], [ [ 1, 0 ], [ 3, 1 ] ], [ [ 1, 0 ], [ 9, 1 ] ], [ [ 10, 18 ], [ 0, 19 ] ] ]
SUBGROUP class=146 regular_orbits_total=450 hits=0
DATA class=147 matrices=[ [ [ 1, 9 ], [ 0, 10 ] ], [ [ 1, 0 ], [ 3, 1 ] ], [ [ 1, 0 ], [ 9, 1 ] ], [ [ 10, 0 ], [ 0, 19 ] ] ]
SUBGROUP class=147 regular_orbits_total=450 hits=0
DATA class=148 matrices=[ [ [ 1, 9 ], [ 0, 10 ] ], [ [ 1, 9 ], [ 3, 1 ] ], [ [ 1, 0 ], [ 9, 1 ] ], [ [ 10, 0 ], [ 0, 19 ] ] ]
SUBGROUP class=148 regular_orbits_total=450 hits=0
DATA class=149 matrices=[ [ [ 1, 9 ], [ 0, 10 ] ], [ [ 1, 18 ], [ 3, 1 ] ], [ [ 1, 0 ], [ 9, 1 ] ], [ [ 10, 0 ], [ 0, 19 ] ] ]
SUBGROUP class=149 regular_orbits_total=450 hits=0
DATA class=150 matrices=[ [ [ 1, 18 ], [ 0, 10 ] ], [ [ 1, 0 ], [ 3, 1 ] ], [ [ 1, 0 ], [ 9, 1 ] ], [ [ 10, 9 ], [ 0, 19 ] ] ]
SUBGROUP class=150 regular_orbits_total=450 hits=0
DATA class=151 matrices=[ [ [ 1, 18 ], [ 0, 10 ] ], [ [ 1, 0 ], [ 3, 1 ] ], [ [ 1, 0 ], [ 9, 1 ] ], [ [ 10, 18 ], [ 0, 19 ] ] ]
SUBGROUP class=151 regular_orbits_total=450 hits=0
DATA class=152 matrices=[ [ [ 1, 18 ], [ 0, 10 ] ], [ [ 1, 0 ], [ 3, 1 ] ], [ [ 1, 0 ], [ 9, 1 ] ], [ [ 10, 0 ], [ 0, 19 ] ] ]
SUBGROUP class=152 regular_orbits_total=450 hits=0
DATA class=153 matrices=[ [ [ 1, 18 ], [ 0, 10 ] ], [ [ 1, 9 ], [ 3, 1 ] ], [ [ 1, 0 ], [ 9, 1 ] ], [ [ 10, 0 ], [ 0, 19 ] ] ]
SUBGROUP class=153 regular_orbits_total=450 hits=0
DATA class=154 matrices=[ [ [ 1, 18 ], [ 0, 10 ] ], [ [ 1, 18 ], [ 3, 1 ] ], [ [ 1, 0 ], [ 9, 1 ] ], [ [ 10, 0 ], [ 0, 19 ] ] ]
SUBGROUP class=154 regular_orbits_total=450 hits=0
DATA class=155 matrices=[ [ [ 1, 0 ], [ 0, 10 ] ], [ [ 1, 3 ], [ 3, 10 ] ], [ [ 1, 9 ], [ 9, 1 ] ], [ [ 10, 9 ], [ 0, 19 ] ] ]
SUBGROUP class=155 regular_orbits_total=450 hits=0
DATA class=156 matrices=[ [ [ 1, 0 ], [ 0, 10 ] ], [ [ 1, 3 ], [ 3, 10 ] ], [ [ 1, 9 ], [ 9, 1 ] ], [ [ 10, 18 ], [ 0, 19 ] ] ]
SUBGROUP class=156 regular_orbits_total=450 hits=0
DATA class=157 matrices=[ [ [ 1, 0 ], [ 0, 10 ] ], [ [ 1, 3 ], [ 3, 10 ] ], [ [ 1, 9 ], [ 9, 1 ] ], [ [ 10, 0 ], [ 0, 19 ] ] ]
SUBGROUP class=157 regular_orbits_total=450 hits=0
DATA class=158 matrices=[ [ [ 1, 9 ], [ 0, 10 ] ], [ [ 1, 3 ], [ 3, 10 ] ], [ [ 1, 9 ], [ 9, 1 ] ], [ [ 10, 9 ], [ 0, 19 ] ] ]
SUBGROUP class=158 regular_orbits_total=450 hits=0
DATA class=159 matrices=[ [ [ 1, 9 ], [ 0, 10 ] ], [ [ 1, 3 ], [ 3, 10 ] ], [ [ 1, 9 ], [ 9, 1 ] ], [ [ 10, 18 ], [ 0, 19 ] ] ]
SUBGROUP class=159 regular_orbits_total=450 hits=0
DATA class=160 matrices=[ [ [ 1, 9 ], [ 0, 10 ] ], [ [ 1, 3 ], [ 3, 10 ] ], [ [ 1, 9 ], [ 9, 1 ] ], [ [ 10, 0 ], [ 0, 19 ] ] ]
SUBGROUP class=160 regular_orbits_total=450 hits=0
DATA class=161 matrices=[ [ [ 1, 18 ], [ 0, 10 ] ], [ [ 1, 3 ], [ 3, 10 ] ], [ [ 1, 9 ], [ 9, 1 ] ], [ [ 10, 9 ], [ 0, 19 ] ] ]
SUBGROUP class=161 regular_orbits_total=450 hits=0
DATA class=162 matrices=[ [ [ 1, 18 ], [ 0, 10 ] ], [ [ 1, 3 ], [ 3, 10 ] ], [ [ 1, 9 ], [ 9, 1 ] ], [ [ 10, 18 ], [ 0, 19 ] ] ]
SUBGROUP class=162 regular_orbits_total=450 hits=0
DATA class=163 matrices=[ [ [ 1, 18 ], [ 0, 10 ] ], [ [ 1, 3 ], [ 3, 10 ] ], [ [ 1, 9 ], [ 9, 1 ] ], [ [ 10, 0 ], [ 0, 19 ] ] ]
SUBGROUP class=163 regular_orbits_total=450 hits=0
DATA class=164 matrices=[ [ [ 1, 0 ], [ 0, 10 ] ], [ [ 1, 6 ], [ 3, 19 ] ], [ [ 1, 18 ], [ 9, 1 ] ], [ [ 10, 9 ], [ 0, 19 ] ] ]
SUBGROUP class=164 regular_orbits_total=450 hits=0
DATA class=165 matrices=[ [ [ 1, 0 ], [ 0, 10 ] ], [ [ 1, 6 ], [ 3, 19 ] ], [ [ 1, 18 ], [ 9, 1 ] ], [ [ 10, 18 ], [ 0, 19 ] ] ]
SUBGROUP class=165 regular_orbits_total=450 hits=0
DATA class=166 matrices=[ [ [ 1, 0 ], [ 0, 10 ] ], [ [ 1, 6 ], [ 3, 19 ] ], [ [ 1, 18 ], [ 9, 1 ] ], [ [ 10, 0 ], [ 0, 19 ] ] ]
SUBGROUP class=166 regular_orbits_total=450 hits=0
DATA class=167 matrices=[ [ [ 1, 9 ], [ 0, 10 ] ], [ [ 1, 6 ], [ 3, 19 ] ], [ [ 1, 18 ], [ 9, 1 ] ], [ [ 10, 9 ], [ 0, 19 ] ] ]
SUBGROUP class=167 regular_orbits_total=450 hits=0
DATA class=168 matrices=[ [ [ 1, 9 ], [ 0, 10 ] ], [ [ 1, 6 ], [ 3, 19 ] ], [ [ 1, 18 ], [ 9, 1 ] ], [ [ 10, 18 ], [ 0, 19 ] ] ]
SUBGROUP class=168 regular_orbits_total=450 hits=0
DATA class=169 matrices=[ [ [ 1, 9 ], [ 0, 10 ] ], [ [ 1, 6 ], [ 3, 19 ] ], [ [ 1, 18 ], [ 9, 1 ] ], [ [ 10, 0 ], [ 0, 19 ] ] ]
SUBGROUP class=169 regular_orbits_total=450 hits=0
DATA class=170 matrices=[ [ [ 1, 18 ], [ 0, 10 ] ], [ [ 1, 6 ], [ 3, 19 ] ], [ [ 1, 18 ], [ 9, 1 ] ], [ [ 10, 9 ], [ 0, 19 ] ] ]
SUBGROUP class=170 regular_orbits_total=450 hits=0
DATA class=171 matrices=[ [ [ 1, 18 ], [ 0, 10 ] ], [ [ 1, 6 ], [ 3, 19 ] ], [ [ 1, 18 ], [ 9, 1 ] ], [ [ 10, 18 ], [ 0, 19 ] ] ]
SUBGROUP class=171 regular_orbits_total=450 hits=0
DATA class=172 matrices=[ [ [ 1, 18 ], [ 0, 10 ] ], [ [ 1, 6 ], [ 3, 19 ] ], [ [ 1, 18 ], [ 9, 1 ] ], [ [ 10, 0 ], [ 0, 19 ] ] ]
SUBGROUP class=172 regular_orbits_total=450 hits=0
DATA class=173 matrices=[ [ [ 1, 9 ], [ 0, 1 ] ], [ [ 1, 0 ], [ 0, 10 ] ], [ [ 1, 1 ], [ 3, 4 ] ], [ [ 19, 6 ], [ 18, 10 ] ] ]
SUBGROUP class=173 regular_orbits_total=450 hits=0
DATA class=174 matrices=[ [ [ 1, 9 ], [ 0, 1 ] ], [ [ 10, 9 ], [ 0, 1 ] ], [ [ 1, 1 ], [ 3, 4 ] ], [ [ 19, 6 ], [ 18, 10 ] ] ]
SUBGROUP class=174 regular_orbits_total=456 hits=0
DATA class=175 matrices=[ [ [ 1, 9 ], [ 0, 1 ] ], [ [ 19, 9 ], [ 0, 19 ] ], [ [ 1, 1 ], [ 3, 4 ] ], [ [ 19, 6 ], [ 18, 10 ] ] ]
SUBGROUP class=175 regular_orbits_total=462 hits=0
DATA class=176 matrices=[ [ [ 1, 9 ], [ 0, 1 ] ], [ [ 1, 0 ], [ 0, 10 ] ], [ [ 1, 2 ], [ 3, 7 ] ], [ [ 19, 6 ], [ 9, 10 ] ] ]
SUBGROUP class=176 regular_orbits_total=462 hits=0
DATA class=177 matrices=[ [ [ 1, 9 ], [ 0, 1 ] ], [ [ 1, 0 ], [ 0, 10 ] ], [ [ 1, 2 ], [ 3, 7 ] ], [ [ 1, 6 ], [ 9, 1 ] ] ]
SUBGROUP class=177 regular_orbits_total=462 hits=0
DATA class=178 matrices=[ [ [ 1, 9 ], [ 0, 1 ] ], [ [ 1, 0 ], [ 0, 10 ] ], [ [ 1, 2 ], [ 3, 7 ] ], [ [ 10, 6 ], [ 9, 19 ] ] ]
SUBGROUP class=178 regular_orbits_total=462 hits=0
DATA class=179 matrices=[ [ [ 1, 9 ], [ 0, 1 ] ], [ [ 10, 9 ], [ 0, 1 ] ], [ [ 1, 2 ], [ 3, 7 ] ], [ [ 19, 6 ], [ 9, 10 ] ] ]
SUBGROUP class=179 regular_orbits_total=468 hits=0
DATA class=180 matrices=[ [ [ 1, 9 ], [ 0, 1 ] ], [ [ 10, 9 ], [ 0, 1 ] ], [ [ 1, 2 ], [ 3, 7 ] ], [ [ 1, 6 ], [ 9, 1 ] ] ]
SUBGROUP class=180 regular_orbits_total=474 hits=0
DATA class=181 matrices=[ [ [ 1, 9 ], [ 0, 1 ] ], [ [ 10, 9 ], [ 0, 1 ] ], [ [ 1, 2 ], [ 3, 7 ] ], [ [ 10, 6 ], [ 9, 19 ] ] ]
SUBGROUP class=181 regular_orbits_total=480 hits=0
DATA class=182 matrices=[ [ [ 1, 9 ], [ 0, 1 ] ], [ [ 19, 9 ], [ 0, 19 ] ], [ [ 1, 2 ], [ 3, 7 ] ], [ [ 19, 6 ], [ 9, 10 ] ] ]
SUBGROUP class=182 regular_orbits_total=486 hits=0
DATA class=183 matrices=[ [ [ 1, 9 ], [ 0, 1 ] ], [ [ 19, 9 ], [ 0, 19 ] ], [ [ 1, 2 ], [ 3, 7 ] ], [ [ 1, 6 ], [ 9, 1 ] ] ]
SUBGROUP class=183 regular_orbits_total=492 hits=0
DATA class=184 matrices=[ [ [ 1, 9 ], [ 0, 1 ] ], [ [ 19, 9 ], [ 0, 19 ] ], [ [ 1, 2 ], [ 3, 7 ] ], [ [ 10, 6 ], [ 9, 19 ] ] ]
SUBGROUP class=184 regular_orbits_total=498 hits=0
DATA class=185 matrices=[ [ [ 4, 9 ], [ 18, 16 ] ], [ [ 1, 0 ], [ 3, 1 ] ], [ [ 1, 0 ], [ 9, 1 ] ], [ [ 10, 0 ], [ 0, 19 ] ] ]
SUBGROUP class=185 regular_orbits_total=504 hits=0
DATA class=186 matrices=[ [ [ 4, 9 ], [ 18, 16 ] ], [ [ 1, 9 ], [ 3, 1 ] ], [ [ 1, 0 ], [ 9, 1 ] ], [ [ 10, 0 ], [ 0, 19 ] ] ]
SUBGROUP class=186 regular_orbits_total=510 hits=0
DATA class=187 matrices=[ [ [ 4, 9 ], [ 18, 16 ] ], [ [ 1, 18 ], [ 3, 1 ] ], [ [ 1, 0 ], [ 9, 1 ] ], [ [ 10, 0 ], [ 0, 19 ] ] ]
SUBGROUP class=187 regular_orbits_total=516 hits=0
DATA class=188 matrices=[ [ [ 4, 21 ], [ 18, 16 ] ], [ [ 1, 3 ], [ 3, 10 ] ], [ [ 1, 9 ], [ 9, 1 ] ], [ [ 10, 9 ], [ 0, 19 ] ] ]
SUBGROUP class=188 regular_orbits_total=522 hits=0
DATA class=189 matrices=[ [ [ 4, 21 ], [ 18, 16 ] ], [ [ 1, 12 ], [ 3, 10 ] ], [ [ 1, 9 ], [ 9, 1 ] ], [ [ 10, 9 ], [ 0, 19 ] ] ]
SUBGROUP class=189 regular_orbits_total=528 hits=0
DATA class=190 matrices=[ [ [ 4, 21 ], [ 18, 16 ] ], [ [ 1, 21 ], [ 3, 10 ] ], [ [ 1, 9 ], [ 9, 1 ] ], [ [ 10, 9 ], [ 0, 19 ] ] ]
SUBGROUP class=190 regular_orbits_total=534 hits=0
DATA class=191 matrices=[ [ [ 4, 6 ], [ 18, 16 ] ], [ [ 1, 3 ], [ 3, 10 ] ], [ [ 1, 9 ], [ 9, 1 ] ], [ [ 10, 18 ], [ 0, 19 ] ] ]
SUBGROUP class=191 regular_orbits_total=540 hits=0
DATA class=192 matrices=[ [ [ 4, 6 ], [ 18, 16 ] ], [ [ 1, 12 ], [ 3, 10 ] ], [ [ 1, 9 ], [ 9, 1 ] ], [ [ 10, 18 ], [ 0, 19 ] ] ]
SUBGROUP class=192 regular_orbits_total=546 hits=0
DATA class=193 matrices=[ [ [ 4, 6 ], [ 18, 16 ] ], [ [ 1, 21 ], [ 3, 10 ] ], [ [ 1, 9 ], [ 9, 1 ] ], [ [ 10, 18 ], [ 0, 19 ] ] ]
SUBGROUP class=193 regular_orbits_total=552 hits=0
DATA class=194 matrices=[ [ [ 7, 9 ], [ 9, 13 ] ], [ [ 1, 0 ], [ 3, 1 ] ], [ [ 1, 0 ], [ 9, 1 ] ], [ [ 19, 0 ], [ 0, 10 ] ] ]
SUBGROUP class=194 regular_orbits_total=558 hits=0
DATA class=195 matrices=[ [ [ 7, 9 ], [ 9, 13 ] ], [ [ 1, 9 ], [ 3, 1 ] ], [ [ 1, 0 ], [ 9, 1 ] ], [ [ 19, 0 ], [ 0, 10 ] ] ]
SUBGROUP class=195 regular_orbits_total=564 hits=0
DATA class=196 matrices=[ [ [ 7, 9 ], [ 9, 13 ] ], [ [ 1, 18 ], [ 3, 1 ] ], [ [ 1, 0 ], [ 9, 1 ] ], [ [ 19, 0 ], [ 0, 10 ] ] ]
SUBGROUP class=196 regular_orbits_total=570 hits=0
DATA class=197 matrices=[ [ [ 7, 3 ], [ 9, 13 ] ], [ [ 1, 3 ], [ 3, 10 ] ], [ [ 1, 9 ], [ 9, 1 ] ], [ [ 19, 9 ], [ 0, 10 ] ] ]
SUBGROUP class=197 regular_orbits_total=576 hits=0
DATA class=198 matrices=[ [ [ 7, 3 ], [ 9, 13 ] ], [ [ 1, 12 ], [ 3, 10 ] ], [ [ 1, 9 ], [ 9, 1 ] ], [ [ 19, 9 ], [ 0, 10 ] ] ]
SUBGROUP class=198 regular_orbits_total=582 hits=0
DATA class=199 matrices=[ [ [ 7, 3 ], [ 9, 13 ] ], [ [ 1, 21 ], [ 3, 10 ] ], [ [ 1, 9 ], [ 9, 1 ] ], [ [ 19, 9 ], [ 0, 10 ] ] ]
SUBGROUP class=199 regular_orbits_total=588 hits=0
DATA class=200 matrices=[ [ [ 7, 24 ], [ 9, 13 ] ], [ [ 1, 3 ], [ 3, 10 ] ], [ [ 1, 9 ], [ 9, 1 ] ], [ [ 19, 18 ], [ 0, 10 ] ] ]
SUBGROUP class=200 regular_orbits_total=594 hits=0
DATA class=201 matrices=[ [ [ 7, 24 ], [ 9, 13 ] ], [ [ 1, 12 ], [ 3, 10 ] ], [ [ 1, 9 ], [ 9, 1 ] ], [ [ 19, 18 ], [ 0, 10 ] ] ]
SUBGROUP class=201 regular_orbits_total=600 hits=0
DATA class=202 matrices=[ [ [ 7, 24 ], [ 9, 13 ] ], [ [ 1, 21 ], [ 3, 10 ] ], [ [ 1, 9 ], [ 9, 1 ] ], [ [ 19, 18 ], [ 0, 10 ] ] ]
SUBGROUP class=202 regular_orbits_total=606 hits=0
DATA class=203 matrices=[ [ [ 1, 9 ], [ 0, 1 ] ], [ [ 16, 3 ], [ 18, 7 ] ], [ [ 19, 9 ], [ 0, 19 ] ], [ [ 7, 2 ], [ 3, 1 ] ] ]
SUBGROUP class=203 regular_orbits_total=612 hits=0
DATA class=204 matrices=[ [ [ 1, 9 ], [ 0, 1 ] ], [ [ 16, 3 ], [ 18, 7 ] ], [ [ 19, 9 ], [ 0, 19 ] ], [ [ 7, 23 ], [ 3, 10 ] ] ]
SUBGROUP class=204 regular_orbits_total=618 hits=0
DATA class=205 matrices=[ [ [ 1, 9 ], [ 0, 1 ] ], [ [ 16, 3 ], [ 18, 7 ] ], [ [ 19, 9 ], [ 0, 19 ] ], [ [ 7, 17 ], [ 3, 19 ] ] ]
SUBGROUP class=205 regular_orbits_total=624 hits=0
DATA class=206 matrices=[ [ [ 1, 9 ], [ 0, 1 ] ], [ [ 25, 12 ], [ 18, 25 ] ], [ [ 19, 9 ], [ 0, 19 ] ], [ [ 7, 2 ], [ 3, 1 ] ] ]
SUBGROUP class=206 regular_orbits_total=630 hits=0
DATA class=207 matrices=[ [ [ 1, 9 ], [ 0, 1 ] ], [ [ 25, 12 ], [ 18, 25 ] ], [ [ 19, 9 ], [ 0, 19 ] ], [ [ 7, 23 ], [ 3, 10 ] ] ]
SUBGROUP class=207 regular_orbits_total=636 hits=0
DATA class=208 matrices=[ [ [ 1, 9 ], [ 0, 1 ] ], [ [ 25, 12 ], [ 18, 25 ] ], [ [ 19, 9 ], [ 0, 19 ] ], [ [ 7, 17 ], [ 3, 19 ] ] ]
SUBGROUP class=208 regular_orbits_total=642 hits=0
DATA class=209 matrices=[ [ [ 1, 9 ], [ 0, 1 ] ], [ [ 7, 3 ], [ 18, 16 ] ], [ [ 19, 9 ], [ 0, 19 ] ], [ [ 7, 2 ], [ 3, 1 ] ] ]
SUBGROUP class=209 regular_orbits_total=648 hits=0
DATA class=210 matrices=[ [ [ 1, 9 ], [ 0, 1 ] ], [ [ 7, 3 ], [ 18, 16 ] ], [ [ 19, 9 ], [ 0, 19 ] ], [ [ 7, 23 ], [ 3, 10 ] ] ]
SUBGROUP class=210 regular_orbits_total=654 hits=0
DATA class=211 matrices=[ [ [ 1, 9 ], [ 0, 1 ] ], [ [ 7, 3 ], [ 18, 16 ] ], [ [ 19, 9 ], [ 0, 19 ] ], [ [ 7, 17 ], [ 3, 19 ] ] ]
SUBGROUP class=211 regular_orbits_total=660 hits=0
DATA class=212 matrices=[ [ [ 1, 9 ], [ 0, 1 ] ], [ [ 7, 9 ], [ 0, 16 ] ], [ [ 19, 9 ], [ 0, 19 ] ], [ [ 7, 2 ], [ 3, 1 ] ] ]
SUBGROUP class=212 regular_orbits_total=666 hits=0
DATA class=213 matrices=[ [ [ 1, 9 ], [ 0, 1 ] ], [ [ 7, 9 ], [ 0, 16 ] ], [ [ 19, 9 ], [ 0, 19 ] ], [ [ 7, 23 ], [ 3, 10 ] ] ]
SUBGROUP class=213 regular_orbits_total=672 hits=0
DATA class=214 matrices=[ [ [ 1, 9 ], [ 0, 1 ] ], [ [ 7, 9 ], [ 0, 16 ] ], [ [ 19, 9 ], [ 0, 19 ] ], [ [ 7, 17 ], [ 3, 19 ] ] ]
SUBGROUP class=214 regular_orbits_total=678 hits=0
DATA class=215 matrices=[ [ [ 1, 9 ], [ 0, 1 ] ], [ [ 16, 18 ], [ 0, 7 ] ], [ [ 19, 9 ], [ 0, 19 ] ], [ [ 7, 2 ], [ 3, 1 ] ] ]
SUBGROUP class=215 regular_orbits_total=684 hits=0
DATA class=216 matrices=[ [ [ 1, 9 ], [ 0, 1 ] ], [ [ 16, 18 ], [ 0, 7 ] ], [ [ 19, 9 ], [ 0, 19 ] ], [ [ 7, 23 ], [ 3, 10 ] ] ]
SUBGROUP class=216 regular_orbits_total=690 hits=0
DATA class=217 matrices=[ [ [ 1, 9 ], [ 0, 1 ] ], [ [ 16, 18 ], [ 0, 7 ] ], [ [ 19, 9 ], [ 0, 19 ] ], [ [ 7, 17 ], [ 3, 19 ] ] ]
SUBGROUP class=217 regular_orbits_total=696 hits=0
DATA class=218 matrices=[ [ [ 1, 9 ], [ 0, 1 ] ], [ [ 25, 18 ], [ 0, 25 ] ], [ [ 19, 9 ], [ 0, 19 ] ], [ [ 7, 2 ], [ 3, 1 ] ] ]
SUBGROUP class=218 regular_orbits_total=702 hits=0
DATA class=219 matrices=[ [ [ 1, 9 ], [ 0, 1 ] ], [ [ 25, 18 ], [ 0, 25 ] ], [ [ 19, 9 ], [ 0, 19 ] ], [ [ 7, 23 ], [ 3, 10 ] ] ]
SUBGROUP class=219 regular_orbits_total=708 hits=0
DATA class=220 matrices=[ [ [ 1, 9 ], [ 0, 1 ] ], [ [ 25, 18 ], [ 0, 25 ] ], [ [ 19, 9 ], [ 0, 19 ] ], [ [ 7, 17 ], [ 3, 19 ] ] ]
SUBGROUP class=220 regular_orbits_total=714 hits=0
DATA class=221 matrices=[ [ [ 1, 9 ], [ 0, 1 ] ], [ [ 25, 24 ], [ 9, 25 ] ], [ [ 19, 9 ], [ 0, 19 ] ], [ [ 7, 2 ], [ 3, 1 ] ] ]
SUBGROUP class=221 regular_orbits_total=720 hits=0
DATA class=222 matrices=[ [ [ 1, 9 ], [ 0, 1 ] ], [ [ 25, 24 ], [ 9, 25 ] ], [ [ 19, 9 ], [ 0, 19 ] ], [ [ 7, 23 ], [ 3, 10 ] ] ]
SUBGROUP class=222 regular_orbits_total=726 hits=0
DATA class=223 matrices=[ [ [ 1, 9 ], [ 0, 1 ] ], [ [ 25, 24 ], [ 9, 25 ] ], [ [ 19, 9 ], [ 0, 19 ] ], [ [ 7, 17 ], [ 3, 19 ] ] ]
SUBGROUP class=223 regular_orbits_total=732 hits=0
DATA class=224 matrices=[ [ [ 1, 9 ], [ 0, 1 ] ], [ [ 7, 24 ], [ 9, 16 ] ], [ [ 19, 9 ], [ 0, 19 ] ], [ [ 7, 2 ], [ 3, 1 ] ] ]
SUBGROUP class=224 regular_orbits_total=738 hits=0
DATA class=225 matrices=[ [ [ 1, 9 ], [ 0, 1 ] ], [ [ 7, 24 ], [ 9, 16 ] ], [ [ 19, 9 ], [ 0, 19 ] ], [ [ 7, 23 ], [ 3, 10 ] ] ]
SUBGROUP class=225 regular_orbits_total=744 hits=0
DATA class=226 matrices=[ [ [ 1, 9 ], [ 0, 1 ] ], [ [ 7, 24 ], [ 9, 16 ] ], [ [ 19, 9 ], [ 0, 19 ] ], [ [ 7, 17 ], [ 3, 19 ] ] ]
SUBGROUP class=226 regular_orbits_total=750 hits=0
DATA class=227 matrices=[ [ [ 1, 9 ], [ 0, 1 ] ], [ [ 16, 24 ], [ 9, 7 ] ], [ [ 19, 9 ], [ 0, 19 ] ], [ [ 7, 2 ], [ 3, 1 ] ] ]
SUBGROUP class=227 regular_orbits_total=756 hits=0
DATA class=228 matrices=[ [ [ 1, 9 ], [ 0, 1 ] ], [ [ 16, 24 ], [ 9, 7 ] ], [ [ 19, 9 ], [ 0, 19 ] ], [ [ 7, 23 ], [ 3, 10 ] ] ]
SUBGROUP class=228 regular_orbits_total=762 hits=0
DATA class=229 matrices=[ [ [ 1, 9 ], [ 0, 1 ] ], [ [ 16, 24 ], [ 9, 7 ] ], [ [ 19, 9 ], [ 0, 19 ] ], [ [ 7, 17 ], [ 3, 19 ] ] ]
SUBGROUP class=229 regular_orbits_total=768 hits=0
DATA class=230 matrices=[ [ [ 1, 0 ], [ 9, 4 ] ], [ [ 1, 0 ], [ 0, 10 ] ], [ [ 1, 0 ], [ 3, 1 ] ], [ [ 1, 0 ], [ 9, 1 ] ] ]
SUBGROUP class=230 regular_orbits_total=774 hits=0
DATA class=231 matrices=[ [ [ 1, 0 ], [ 9, 4 ] ], [ [ 1, 0 ], [ 0, 10 ] ], [ [ 1, 9 ], [ 3, 1 ] ], [ [ 1, 0 ], [ 9, 1 ] ] ]
SUBGROUP class=231 regular_orbits_total=780 hits=0
DATA class=232 matrices=[ [ [ 1, 0 ], [ 9, 4 ] ], [ [ 1, 0 ], [ 0, 10 ] ], [ [ 1, 18 ], [ 3, 1 ] ], [ [ 1, 0 ], [ 9, 1 ] ] ]
SUBGROUP class=232 regular_orbits_total=786 hits=0
DATA class=233 matrices=[ [ [ 1, 9 ], [ 9, 4 ] ], [ [ 1, 0 ], [ 0, 10 ] ], [ [ 1, 0 ], [ 3, 1 ] ], [ [ 1, 0 ], [ 9, 1 ] ] ]
SUBGROUP class=233 regular_orbits_total=792 hits=0
DATA class=234 matrices=[ [ [ 1, 9 ], [ 9, 4 ] ], [ [ 1, 0 ], [ 0, 10 ] ], [ [ 1, 9 ], [ 3, 1 ] ], [ [ 1, 0 ], [ 9, 1 ] ] ]
SUBGROUP class=234 regular_orbits_total=798 hits=0
DATA class=235 matrices=[ [ [ 1, 9 ], [ 9, 4 ] ], [ [ 1, 0 ], [ 0, 10 ] ], [ [ 1, 18 ], [ 3, 1 ] ], [ [ 1, 0 ], [ 9, 1 ] ] ]
SUBGROUP class=235 regular_orbits_total=804 hits=0
DATA class=236 matrices=[ [ [ 1, 18 ], [ 9, 4 ] ], [ [ 1, 0 ], [ 0, 10 ] ], [ [ 1, 0 ], [ 3, 1 ] ], [ [ 1, 0 ], [ 9, 1 ] ] ]
SUBGROUP class=236 regular_orbits_total=810 hits=0
DATA class=237 matrices=[ [ [ 1, 18 ], [ 9, 4 ] ], [ [ 1, 0 ], [ 0, 10 ] ], [ [ 1, 9 ], [ 3, 1 ] ], [ [ 1, 0 ], [ 9, 1 ] ] ]
SUBGROUP class=237 regular_orbits_total=816 hits=0
DATA class=238 matrices=[ [ [ 1, 18 ], [ 9, 4 ] ], [ [ 1, 0 ], [ 0, 10 ] ], [ [ 1, 18 ], [ 3, 1 ] ], [ [ 1, 0 ], [ 9, 1 ] ] ]
SUBGROUP class=238 regular_orbits_total=822 hits=0
DATA class=239 matrices=[ [ [ 10, 9 ], [ 9, 22 ] ], [ [ 1, 0 ], [ 0, 10 ] ], [ [ 1, 0 ], [ 3, 1 ] ], [ [ 1, 0 ], [ 9, 1 ] ] ]
SUBGROUP class=239 regular_orbits_total=828 hits=0
DATA class=240 matrices=[ [ [ 10, 9 ], [ 9, 22 ] ], [ [ 1, 0 ], [ 0, 10 ] ], [ [ 1, 9 ], [ 3, 1 ] ], [ [ 1, 0 ], [ 9, 1 ] ] ]
SUBGROUP class=240 regular_orbits_total=834 hits=0
DATA class=241 matrices=[ [ [ 10, 9 ], [ 9, 22 ] ], [ [ 1, 0 ], [ 0, 10 ] ], [ [ 1, 18 ], [ 3, 1 ] ], [ [ 1, 0 ], [ 9, 1 ] ] ]
SUBGROUP class=241 regular_orbits_total=840 hits=0
DATA class=242 matrices=[ [ [ 10, 18 ], [ 9, 22 ] ], [ [ 1, 0 ], [ 0, 10 ] ], [ [ 1, 0 ], [ 3, 1 ] ], [ [ 1, 0 ], [ 9, 1 ] ] ]
SUBGROUP class=242 regular_orbits_total=846 hits=0
DATA class=243 matrices=[ [ [ 10, 18 ], [ 9, 22 ] ], [ [ 1, 0 ], [ 0, 10 ] ], [ [ 1, 9 ], [ 3, 1 ] ], [ [ 1, 0 ], [ 9, 1 ] ] ]
SUBGROUP class=243 regular_orbits_total=852 hits=0
DATA class=244 matrices=[ [ [ 10, 18 ], [ 9, 22 ] ], [ [ 1, 0 ], [ 0, 10 ] ], [ [ 1, 18 ], [ 3, 1 ] ], [ [ 1, 0 ], [ 9, 1 ] ] ]
SUBGROUP class=244 regular_orbits_total=858 hits=0
DATA class=245 matrices=[ [ [ 10, 0 ], [ 9, 22 ] ], [ [ 1, 0 ], [ 0, 10 ] ], [ [ 1, 0 ], [ 3, 1 ] ], [ [ 1, 0 ], [ 9, 1 ] ] ]
SUBGROUP class=245 regular_orbits_total=864 hits=0
DATA class=246 matrices=[ [ [ 10, 0 ], [ 9, 22 ] ], [ [ 1, 0 ], [ 0, 10 ] ], [ [ 1, 9 ], [ 3, 1 ] ], [ [ 1, 0 ], [ 9, 1 ] ] ]
SUBGROUP class=246 regular_orbits_total=870 hits=0
DATA class=247 matrices=[ [ [ 10, 0 ], [ 9, 22 ] ], [ [ 1, 0 ], [ 0, 10 ] ], [ [ 1, 18 ], [ 3, 1 ] ], [ [ 1, 0 ], [ 9, 1 ] ] ]
SUBGROUP class=247 regular_orbits_total=876 hits=0
DATA class=248 matrices=[ [ [ 19, 9 ], [ 9, 13 ] ], [ [ 1, 0 ], [ 0, 10 ] ], [ [ 1, 0 ], [ 3, 1 ] ], [ [ 1, 0 ], [ 9, 1 ] ] ]
SUBGROUP class=248 regular_orbits_total=882 hits=0
DATA class=249 matrices=[ [ [ 19, 9 ], [ 9, 13 ] ], [ [ 1, 0 ], [ 0, 10 ] ], [ [ 1, 9 ], [ 3, 1 ] ], [ [ 1, 0 ], [ 9, 1 ] ] ]
SUBGROUP class=249 regular_orbits_total=888 hits=0
DATA class=250 matrices=[ [ [ 19, 9 ], [ 9, 13 ] ], [ [ 1, 0 ], [ 0, 10 ] ], [ [ 1, 18 ], [ 3, 1 ] ], [ [ 1, 0 ], [ 9, 1 ] ] ]
SUBGROUP class=250 regular_orbits_total=894 hits=0
DATA class=251 matrices=[ [ [ 19, 18 ], [ 9, 13 ] ], [ [ 1, 0 ], [ 0, 10 ] ], [ [ 1, 0 ], [ 3, 1 ] ], [ [ 1, 0 ], [ 9, 1 ] ] ]
SUBGROUP class=251 regular_orbits_total=900 hits=0
DATA class=252 matrices=[ [ [ 19, 18 ], [ 9, 13 ] ], [ [ 1, 0 ], [ 0, 10 ] ], [ [ 1, 9 ], [ 3, 1 ] ], [ [ 1, 0 ], [ 9, 1 ] ] ]
SUBGROUP class=252 regular_orbits_total=906 hits=0
DATA class=253 matrices=[ [ [ 19, 18 ], [ 9, 13 ] ], [ [ 1, 0 ], [ 0, 10 ] ], [ [ 1, 18 ], [ 3, 1 ] ], [ [ 1, 0 ], [ 9, 1 ] ] ]
SUBGROUP class=253 regular_orbits_total=912 hits=0
DATA class=254 matrices=[ [ [ 19, 0 ], [ 9, 13 ] ], [ [ 1, 0 ], [ 0, 10 ] ], [ [ 1, 0 ], [ 3, 1 ] ], [ [ 1, 0 ], [ 9, 1 ] ] ]
SUBGROUP class=254 regular_orbits_total=918 hits=0
DATA class=255 matrices=[ [ [ 19, 0 ], [ 9, 13 ] ], [ [ 1, 0 ], [ 0, 10 ] ], [ [ 1, 9 ], [ 3, 1 ] ], [ [ 1, 0 ], [ 9, 1 ] ] ]
SUBGROUP class=255 regular_orbits_total=924 hits=0
DATA class=256 matrices=[ [ [ 19, 0 ], [ 9, 13 ] ], [ [ 1, 0 ], [ 0, 10 ] ], [ [ 1, 18 ], [ 3, 1 ] ], [ [ 1, 0 ], [ 9, 1 ] ] ]
SUBGROUP class=256 regular_orbits_total=930 hits=0
DATA class=257 matrices=[ [ [ 4, 9 ], [ 0, 1 ] ], [ [ 10, 0 ], [ 0, 1 ] ], [ [ 1, 0 ], [ 3, 1 ] ], [ [ 1, 0 ], [ 9, 1 ] ] ]
SUBGROUP class=257 regular_orbits_total=930 hits=0
DATA class=258 matrices=[ [ [ 4, 9 ], [ 0, 1 ] ], [ [ 10, 0 ], [ 0, 1 ] ], [ [ 1, 9 ], [ 3, 1 ] ], [ [ 1, 0 ], [ 9, 1 ] ] ]
SUBGROUP class=258 regular_orbits_total=930 hits=0
DATA class=259 matrices=[ [ [ 4, 9 ], [ 0, 1 ] ], [ [ 10, 0 ], [ 0, 1 ] ], [ [ 1, 18 ], [ 3, 1 ] ], [ [ 1, 0 ], [ 9, 1 ] ] ]
SUBGROUP class=259 regular_orbits_total=930 hits=0
DATA class=260 matrices=[ [ [ 4, 18 ], [ 0, 1 ] ], [ [ 10, 0 ], [ 0, 1 ] ], [ [ 1, 0 ], [ 3, 1 ] ], [ [ 1, 0 ], [ 9, 1 ] ] ]
SUBGROUP class=260 regular_orbits_total=930 hits=0
DATA class=261 matrices=[ [ [ 4, 18 ], [ 0, 1 ] ], [ [ 10, 0 ], [ 0, 1 ] ], [ [ 1, 9 ], [ 3, 1 ] ], [ [ 1, 0 ], [ 9, 1 ] ] ]
SUBGROUP class=261 regular_orbits_total=930 hits=0
DATA class=262 matrices=[ [ [ 4, 18 ], [ 0, 1 ] ], [ [ 10, 0 ], [ 0, 1 ] ], [ [ 1, 18 ], [ 3, 1 ] ], [ [ 1, 0 ], [ 9, 1 ] ] ]
SUBGROUP class=262 regular_orbits_total=930 hits=0
DATA class=263 matrices=[ [ [ 4, 0 ], [ 0, 1 ] ], [ [ 10, 0 ], [ 0, 1 ] ], [ [ 1, 0 ], [ 3, 1 ] ], [ [ 1, 0 ], [ 9, 1 ] ] ]
SUBGROUP class=263 regular_orbits_total=930 hits=0
DATA class=264 matrices=[ [ [ 4, 0 ], [ 0, 1 ] ], [ [ 10, 0 ], [ 0, 1 ] ], [ [ 1, 9 ], [ 3, 1 ] ], [ [ 1, 0 ], [ 9, 1 ] ] ]
SUBGROUP class=264 regular_orbits_total=930 hits=0
DATA class=265 matrices=[ [ [ 4, 0 ], [ 0, 1 ] ], [ [ 10, 0 ], [ 0, 1 ] ], [ [ 1, 18 ], [ 3, 1 ] ], [ [ 1, 0 ], [ 9, 1 ] ] ]
SUBGROUP class=265 regular_orbits_total=930 hits=0
DATA class=266 matrices=[ [ [ 13, 18 ], [ 0, 19 ] ], [ [ 10, 0 ], [ 0, 1 ] ], [ [ 1, 0 ], [ 3, 1 ] ], [ [ 1, 0 ], [ 9, 1 ] ] ]
SUBGROUP class=266 regular_orbits_total=930 hits=0
DATA class=267 matrices=[ [ [ 13, 18 ], [ 0, 19 ] ], [ [ 10, 0 ], [ 0, 1 ] ], [ [ 1, 9 ], [ 3, 1 ] ], [ [ 1, 0 ], [ 9, 1 ] ] ]
SUBGROUP class=267 regular_orbits_total=930 hits=0
DATA class=268 matrices=[ [ [ 13, 18 ], [ 0, 19 ] ], [ [ 10, 0 ], [ 0, 1 ] ], [ [ 1, 18 ], [ 3, 1 ] ], [ [ 1, 0 ], [ 9, 1 ] ] ]
SUBGROUP class=268 regular_orbits_total=930 hits=0
DATA class=269 matrices=[ [ [ 13, 0 ], [ 0, 19 ] ], [ [ 10, 0 ], [ 0, 1 ] ], [ [ 1, 0 ], [ 3, 1 ] ], [ [ 1, 0 ], [ 9, 1 ] ] ]
SUBGROUP class=269 regular_orbits_total=930 hits=0
DATA class=270 matrices=[ [ [ 13, 0 ], [ 0, 19 ] ], [ [ 10, 0 ], [ 0, 1 ] ], [ [ 1, 9 ], [ 3, 1 ] ], [ [ 1, 0 ], [ 9, 1 ] ] ]
SUBGROUP class=270 regular_orbits_total=930 hits=0
DATA class=271 matrices=[ [ [ 13, 0 ], [ 0, 19 ] ], [ [ 10, 0 ], [ 0, 1 ] ], [ [ 1, 18 ], [ 3, 1 ] ], [ [ 1, 0 ], [ 9, 1 ] ] ]
SUBGROUP class=271 regular_orbits_total=930 hits=0
DATA class=272 matrices=[ [ [ 13, 9 ], [ 0, 19 ] ], [ [ 10, 0 ], [ 0, 1 ] ], [ [ 1, 0 ], [ 3, 1 ] ], [ [ 1, 0 ], [ 9, 1 ] ] ]
SUBGROUP class=272 regular_orbits_total=930 hits=0
DATA class=273 matrices=[ [ [ 13, 9 ], [ 0, 19 ] ], [ [ 10, 0 ], [ 0, 1 ] ], [ [ 1, 9 ], [ 3, 1 ] ], [ [ 1, 0 ], [ 9, 1 ] ] ]
SUBGROUP class=273 regular_orbits_total=930 hits=0
DATA class=274 matrices=[ [ [ 13, 9 ], [ 0, 19 ] ], [ [ 10, 0 ], [ 0, 1 ] ], [ [ 1, 18 ], [ 3, 1 ] ], [ [ 1, 0 ], [ 9, 1 ] ] ]
SUBGROUP class=274 regular_orbits_total=930 hits=0
DATA class=275 matrices=[ [ [ 22, 18 ], [ 0, 10 ] ], [ [ 10, 0 ], [ 0, 1 ] ], [ [ 1, 0 ], [ 3, 1 ] ], [ [ 1, 0 ], [ 9, 1 ] ] ]
SUBGROUP class=275 regular_orbits_total=930 hits=0
DATA class=276 matrices=[ [ [ 22, 18 ], [ 0, 10 ] ], [ [ 10, 0 ], [ 0, 1 ] ], [ [ 1, 9 ], [ 3, 1 ] ], [ [ 1, 0 ], [ 9, 1 ] ] ]
SUBGROUP class=276 regular_orbits_total=930 hits=0
DATA class=277 matrices=[ [ [ 22, 18 ], [ 0, 10 ] ], [ [ 10, 0 ], [ 0, 1 ] ], [ [ 1, 18 ], [ 3, 1 ] ], [ [ 1, 0 ], [ 9, 1 ] ] ]
SUBGROUP class=277 regular_orbits_total=930 hits=0
DATA class=278 matrices=[ [ [ 22, 0 ], [ 0, 10 ] ], [ [ 10, 0 ], [ 0, 1 ] ], [ [ 1, 0 ], [ 3, 1 ] ], [ [ 1, 0 ], [ 9, 1 ] ] ]
SUBGROUP class=278 regular_orbits_total=930 hits=0
DATA class=279 matrices=[ [ [ 22, 0 ], [ 0, 10 ] ], [ [ 10, 0 ], [ 0, 1 ] ], [ [ 1, 9 ], [ 3, 1 ] ], [ [ 1, 0 ], [ 9, 1 ] ] ]
SUBGROUP class=279 regular_orbits_total=930 hits=0
DATA class=280 matrices=[ [ [ 22, 0 ], [ 0, 10 ] ], [ [ 10, 0 ], [ 0, 1 ] ], [ [ 1, 18 ], [ 3, 1 ] ], [ [ 1, 0 ], [ 9, 1 ] ] ]
SUBGROUP class=280 regular_orbits_total=930 hits=0
DATA class=281 matrices=[ [ [ 22, 9 ], [ 0, 10 ] ], [ [ 10, 0 ], [ 0, 1 ] ], [ [ 1, 0 ], [ 3, 1 ] ], [ [ 1, 0 ], [ 9, 1 ] ] ]
SUBGROUP class=281 regular_orbits_total=930 hits=0
DATA class=282 matrices=[ [ [ 22, 9 ], [ 0, 10 ] ], [ [ 10, 0 ], [ 0, 1 ] ], [ [ 1, 9 ], [ 3, 1 ] ], [ [ 1, 0 ], [ 9, 1 ] ] ]
SUBGROUP class=282 regular_orbits_total=930 hits=0
DATA class=283 matrices=[ [ [ 22, 9 ], [ 0, 10 ] ], [ [ 10, 0 ], [ 0, 1 ] ], [ [ 1, 18 ], [ 3, 1 ] ], [ [ 1, 0 ], [ 9, 1 ] ] ]
SUBGROUP class=283 regular_orbits_total=930 hits=0
DATA class=284 matrices=[ [ [ 7, 9 ], [ 18, 16 ] ], [ [ 19, 0 ], [ 0, 19 ] ], [ [ 1, 0 ], [ 3, 1 ] ], [ [ 1, 0 ], [ 9, 1 ] ] ]
SUBGROUP class=284 regular_orbits_total=936 hits=0
DATA class=285 matrices=[ [ [ 7, 9 ], [ 18, 16 ] ], [ [ 19, 0 ], [ 0, 19 ] ], [ [ 1, 9 ], [ 3, 1 ] ], [ [ 1, 0 ], [ 9, 1 ] ] ]
SUBGROUP class=285 regular_orbits_total=942 hits=0
DATA class=286 matrices=[ [ [ 7, 9 ], [ 18, 16 ] ], [ [ 19, 0 ], [ 0, 19 ] ], [ [ 1, 18 ], [ 3, 1 ] ], [ [ 1, 0 ], [ 9, 1 ] ] ]
SUBGROUP class=286 regular_orbits_total=948 hits=0
DATA class=287 matrices=[ [ [ 7, 18 ], [ 18, 16 ] ], [ [ 19, 0 ], [ 0, 19 ] ], [ [ 1, 0 ], [ 3, 1 ] ], [ [ 1, 0 ], [ 9, 1 ] ] ]
SUBGROUP class=287 regular_orbits_total=954 hits=0
DATA class=288 matrices=[ [ [ 7, 18 ], [ 18, 16 ] ], [ [ 19, 0 ], [ 0, 19 ] ], [ [ 1, 9 ], [ 3, 1 ] ], [ [ 1, 0 ], [ 9, 1 ] ] ]
SUBGROUP class=288 regular_orbits_total=960 hits=0
DATA class=289 matrices=[ [ [ 7, 18 ], [ 18, 16 ] ], [ [ 19, 0 ], [ 0, 19 ] ], [ [ 1, 18 ], [ 3, 1 ] ], [ [ 1, 0 ], [ 9, 1 ] ] ]
SUBGROUP class=289 regular_orbits_total=966 hits=0
DATA class=290 matrices=[ [ [ 7, 0 ], [ 18, 16 ] ], [ [ 19, 0 ], [ 0, 19 ] ], [ [ 1, 0 ], [ 3, 1 ] ], [ [ 1, 0 ], [ 9, 1 ] ] ]
SUBGROUP class=290 regular_orbits_total=972 hits=0
DATA class=291 matrices=[ [ [ 7, 0 ], [ 18, 16 ] ], [ [ 19, 0 ], [ 0, 19 ] ], [ [ 1, 9 ], [ 3, 1 ] ], [ [ 1, 0 ], [ 9, 1 ] ] ]
SUBGROUP class=291 regular_orbits_total=978 hits=0
DATA class=292 matrices=[ [ [ 7, 0 ], [ 18, 16 ] ], [ [ 19, 0 ], [ 0, 19 ] ], [ [ 1, 18 ], [ 3, 1 ] ], [ [ 1, 0 ], [ 9, 1 ] ] ]
SUBGROUP class=292 regular_orbits_total=984 hits=0
DATA class=293 matrices=[ [ [ 7, 9 ], [ 18, 16 ] ], [ [ 19, 0 ], [ 0, 19 ] ], [ [ 1, 3 ], [ 3, 10 ] ], [ [ 1, 9 ], [ 9, 1 ] ] ]
SUBGROUP class=293 regular_orbits_total=988 hits=0
DATA class=294 matrices=[ [ [ 7, 18 ], [ 18, 16 ] ], [ [ 19, 0 ], [ 0, 19 ] ], [ [ 1, 3 ], [ 3, 10 ] ], [ [ 1, 9 ], [ 9, 1 ] ] ]
SUBGROUP class=294 regular_orbits_total=992 hits=0
DATA class=295 matrices=[ [ [ 7, 0 ], [ 18, 16 ] ], [ [ 19, 0 ], [ 0, 19 ] ], [ [ 1, 3 ], [ 3, 10 ] ], [ [ 1, 9 ], [ 9, 1 ] ] ]
SUBGROUP class=295 regular_orbits_total=996 hits=0
DATA class=296 matrices=[ [ [ 7, 9 ], [ 18, 16 ] ], [ [ 19, 0 ], [ 0, 19 ] ], [ [ 1, 6 ], [ 3, 19 ] ], [ [ 1, 18 ], [ 9, 1 ] ] ]
SUBGROUP class=296 regular_orbits_total=1004 hits=0
DATA class=297 matrices=[ [ [ 7, 18 ], [ 18, 16 ] ], [ [ 19, 0 ], [ 0, 19 ] ], [ [ 1, 6 ], [ 3, 19 ] ], [ [ 1, 18 ], [ 9, 1 ] ] ]
SUBGROUP class=297 regular_orbits_total=1012 hits=0
DATA class=298 matrices=[ [ [ 7, 0 ], [ 18, 16 ] ], [ [ 19, 0 ], [ 0, 19 ] ], [ [ 1, 6 ], [ 3, 19 ] ], [ [ 1, 18 ], [ 9, 1 ] ] ]
SUBGROUP class=298 regular_orbits_total=1020 hits=0
DATA class=299 matrices=[ [ [ 16, 18 ], [ 18, 7 ] ], [ [ 19, 0 ], [ 0, 19 ] ], [ [ 1, 0 ], [ 3, 1 ] ], [ [ 1, 0 ], [ 9, 1 ] ] ]
SUBGROUP class=299 regular_orbits_total=1026 hits=0
DATA class=300 matrices=[ [ [ 16, 18 ], [ 18, 7 ] ], [ [ 19, 0 ], [ 0, 19 ] ], [ [ 1, 9 ], [ 3, 1 ] ], [ [ 1, 0 ], [ 9, 1 ] ] ]
SUBGROUP class=300 regular_orbits_total=1032 hits=0
DATA class=301 matrices=[ [ [ 16, 18 ], [ 18, 7 ] ], [ [ 19, 0 ], [ 0, 19 ] ], [ [ 1, 18 ], [ 3, 1 ] ], [ [ 1, 0 ], [ 9, 1 ] ] ]
SUBGROUP class=301 regular_orbits_total=1038 hits=0
DATA class=302 matrices=[ [ [ 16, 0 ], [ 18, 7 ] ], [ [ 19, 0 ], [ 0, 19 ] ], [ [ 1, 0 ], [ 3, 1 ] ], [ [ 1, 0 ], [ 9, 1 ] ] ]
SUBGROUP class=302 regular_orbits_total=1044 hits=0
DATA class=303 matrices=[ [ [ 16, 0 ], [ 18, 7 ] ], [ [ 19, 0 ], [ 0, 19 ] ], [ [ 1, 9 ], [ 3, 1 ] ], [ [ 1, 0 ], [ 9, 1 ] ] ]
SUBGROUP class=303 regular_orbits_total=1050 hits=0
DATA class=304 matrices=[ [ [ 16, 0 ], [ 18, 7 ] ], [ [ 19, 0 ], [ 0, 19 ] ], [ [ 1, 18 ], [ 3, 1 ] ], [ [ 1, 0 ], [ 9, 1 ] ] ]
SUBGROUP class=304 regular_orbits_total=1056 hits=0
DATA class=305 matrices=[ [ [ 16, 9 ], [ 18, 7 ] ], [ [ 19, 0 ], [ 0, 19 ] ], [ [ 1, 0 ], [ 3, 1 ] ], [ [ 1, 0 ], [ 9, 1 ] ] ]
SUBGROUP class=305 regular_orbits_total=1062 hits=0
DATA class=306 matrices=[ [ [ 16, 9 ], [ 18, 7 ] ], [ [ 19, 0 ], [ 0, 19 ] ], [ [ 1, 9 ], [ 3, 1 ] ], [ [ 1, 0 ], [ 9, 1 ] ] ]
SUBGROUP class=306 regular_orbits_total=1068 hits=0
DATA class=307 matrices=[ [ [ 16, 9 ], [ 18, 7 ] ], [ [ 19, 0 ], [ 0, 19 ] ], [ [ 1, 18 ], [ 3, 1 ] ], [ [ 1, 0 ], [ 9, 1 ] ] ]
SUBGROUP class=307 regular_orbits_total=1074 hits=0
DATA class=308 matrices=[ [ [ 16, 18 ], [ 18, 7 ] ], [ [ 19, 0 ], [ 0, 19 ] ], [ [ 1, 3 ], [ 3, 10 ] ], [ [ 1, 9 ], [ 9, 1 ] ] ]
SUBGROUP class=308 regular_orbits_total=1078 hits=0
DATA class=309 matrices=[ [ [ 16, 0 ], [ 18, 7 ] ], [ [ 19, 0 ], [ 0, 19 ] ], [ [ 1, 3 ], [ 3, 10 ] ], [ [ 1, 9 ], [ 9, 1 ] ] ]
SUBGROUP class=309 regular_orbits_total=1082 hits=0
DATA class=310 matrices=[ [ [ 16, 9 ], [ 18, 7 ] ], [ [ 19, 0 ], [ 0, 19 ] ], [ [ 1, 3 ], [ 3, 10 ] ], [ [ 1, 9 ], [ 9, 1 ] ] ]
SUBGROUP class=310 regular_orbits_total=1086 hits=0
DATA class=311 matrices=[ [ [ 16, 18 ], [ 18, 7 ] ], [ [ 19, 0 ], [ 0, 19 ] ], [ [ 1, 6 ], [ 3, 19 ] ], [ [ 1, 18 ], [ 9, 1 ] ] ]
SUBGROUP class=311 regular_orbits_total=1094 hits=0
DATA class=312 matrices=[ [ [ 16, 0 ], [ 18, 7 ] ], [ [ 19, 0 ], [ 0, 19 ] ], [ [ 1, 6 ], [ 3, 19 ] ], [ [ 1, 18 ], [ 9, 1 ] ] ]
SUBGROUP class=312 regular_orbits_total=1102 hits=0
DATA class=313 matrices=[ [ [ 16, 9 ], [ 18, 7 ] ], [ [ 19, 0 ], [ 0, 19 ] ], [ [ 1, 6 ], [ 3, 19 ] ], [ [ 1, 18 ], [ 9, 1 ] ] ]
SUBGROUP class=313 regular_orbits_total=1110 hits=0
DATA class=314 matrices=[ [ [ 25, 18 ], [ 18, 25 ] ], [ [ 19, 0 ], [ 0, 19 ] ], [ [ 1, 0 ], [ 3, 1 ] ], [ [ 1, 0 ], [ 9, 1 ] ] ]
SUBGROUP class=314 regular_orbits_total=1116 hits=0
DATA class=315 matrices=[ [ [ 25, 18 ], [ 18, 25 ] ], [ [ 19, 0 ], [ 0, 19 ] ], [ [ 1, 9 ], [ 3, 1 ] ], [ [ 1, 0 ], [ 9, 1 ] ] ]
SUBGROUP class=315 regular_orbits_total=1122 hits=0
DATA class=316 matrices=[ [ [ 25, 18 ], [ 18, 25 ] ], [ [ 19, 0 ], [ 0, 19 ] ], [ [ 1, 18 ], [ 3, 1 ] ], [ [ 1, 0 ], [ 9, 1 ] ] ]
SUBGROUP class=316 regular_orbits_total=1128 hits=0
DATA class=317 matrices=[ [ [ 25, 0 ], [ 18, 25 ] ], [ [ 19, 0 ], [ 0, 19 ] ], [ [ 1, 0 ], [ 3, 1 ] ], [ [ 1, 0 ], [ 9, 1 ] ] ]
SUBGROUP class=317 regular_orbits_total=1134 hits=0
DATA class=318 matrices=[ [ [ 25, 0 ], [ 18, 25 ] ], [ [ 19, 0 ], [ 0, 19 ] ], [ [ 1, 9 ], [ 3, 1 ] ], [ [ 1, 0 ], [ 9, 1 ] ] ]
SUBGROUP class=318 regular_orbits_total=1140 hits=0
DATA class=319 matrices=[ [ [ 25, 0 ], [ 18, 25 ] ], [ [ 19, 0 ], [ 0, 19 ] ], [ [ 1, 18 ], [ 3, 1 ] ], [ [ 1, 0 ], [ 9, 1 ] ] ]
SUBGROUP class=319 regular_orbits_total=1146 hits=0
DATA class=320 matrices=[ [ [ 25, 9 ], [ 18, 25 ] ], [ [ 19, 0 ], [ 0, 19 ] ], [ [ 1, 0 ], [ 3, 1 ] ], [ [ 1, 0 ], [ 9, 1 ] ] ]
SUBGROUP class=320 regular_orbits_total=1152 hits=0
DATA class=321 matrices=[ [ [ 25, 9 ], [ 18, 25 ] ], [ [ 19, 0 ], [ 0, 19 ] ], [ [ 1, 9 ], [ 3, 1 ] ], [ [ 1, 0 ], [ 9, 1 ] ] ]
SUBGROUP class=321 regular_orbits_total=1158 hits=0
DATA class=322 matrices=[ [ [ 25, 9 ], [ 18, 25 ] ], [ [ 19, 0 ], [ 0, 19 ] ], [ [ 1, 18 ], [ 3, 1 ] ], [ [ 1, 0 ], [ 9, 1 ] ] ]
SUBGROUP class=322 regular_orbits_total=1164 hits=0
DATA class=323 matrices=[ [ [ 25, 18 ], [ 18, 25 ] ], [ [ 19, 0 ], [ 0, 19 ] ], [ [ 1, 3 ], [ 3, 10 ] ], [ [ 1, 9 ], [ 9, 1 ] ] ]
SUBGROUP class=323 regular_orbits_total=1168 hits=0
DATA class=324 matrices=[ [ [ 25, 0 ], [ 18, 25 ] ], [ [ 19, 0 ], [ 0, 19 ] ], [ [ 1, 3 ], [ 3, 10 ] ], [ [ 1, 9 ], [ 9, 1 ] ] ]
SUBGROUP class=324 regular_orbits_total=1172 hits=0
DATA class=325 matrices=[ [ [ 25, 9 ], [ 18, 25 ] ], [ [ 19, 0 ], [ 0, 19 ] ], [ [ 1, 3 ], [ 3, 10 ] ], [ [ 1, 9 ], [ 9, 1 ] ] ]
SUBGROUP class=325 regular_orbits_total=1176 hits=0
DATA class=326 matrices=[ [ [ 25, 18 ], [ 18, 25 ] ], [ [ 19, 0 ], [ 0, 19 ] ], [ [ 1, 6 ], [ 3, 19 ] ], [ [ 1, 18 ], [ 9, 1 ] ] ]
SUBGROUP class=326 regular_orbits_total=1184 hits=0
DATA class=327 matrices=[ [ [ 25, 0 ], [ 18, 25 ] ], [ [ 19, 0 ], [ 0, 19 ] ], [ [ 1, 6 ], [ 3, 19 ] ], [ [ 1, 18 ], [ 9, 1 ] ] ]
SUBGROUP class=327 regular_orbits_total=1192 hits=0
DATA class=328 matrices=[ [ [ 25, 9 ], [ 18, 25 ] ], [ [ 19, 0 ], [ 0, 19 ] ], [ [ 1, 6 ], [ 3, 19 ] ], [ [ 1, 18 ], [ 9, 1 ] ] ]
SUBGROUP class=328 regular_orbits_total=1200 hits=0
DATA class=329 matrices=[ [ [ 1, 9 ], [ 0, 1 ] ], [ [ 1, 0 ], [ 9, 4 ] ], [ [ 1, 0 ], [ 0, 10 ] ], [ [ 1, 3 ], [ 0, 1 ] ] ]
SUBGROUP class=329 regular_orbits_total=1200 hits=0
DATA class=330 matrices=[ [ [ 1, 9 ], [ 0, 1 ] ], [ [ 1, 0 ], [ 9, 4 ] ], [ [ 1, 0 ], [ 0, 10 ] ], [ [ 10, 3 ], [ 0, 19 ] ] ]
SUBGROUP class=330 regular_orbits_total=1200 hits=0
DATA class=331 matrices=[ [ [ 1, 9 ], [ 0, 1 ] ], [ [ 1, 3 ], [ 9, 4 ] ], [ [ 1, 0 ], [ 0, 10 ] ], [ [ 10, 3 ], [ 0, 19 ] ] ]
SUBGROUP class=331 regular_orbits_total=1200 hits=0
DATA class=332 matrices=[ [ [ 1, 9 ], [ 0, 1 ] ], [ [ 1, 6 ], [ 9, 4 ] ], [ [ 1, 0 ], [ 0, 10 ] ], [ [ 10, 3 ], [ 0, 19 ] ] ]
SUBGROUP class=332 regular_orbits_total=1200 hits=0
DATA class=333 matrices=[ [ [ 1, 9 ], [ 0, 1 ] ], [ [ 1, 0 ], [ 9, 4 ] ], [ [ 1, 0 ], [ 0, 10 ] ], [ [ 10, 6 ], [ 0, 19 ] ] ]
SUBGROUP class=333 regular_orbits_total=1200 hits=0
DATA class=334 matrices=[ [ [ 1, 9 ], [ 0, 1 ] ], [ [ 1, 0 ], [ 9, 4 ] ], [ [ 1, 0 ], [ 0, 10 ] ], [ [ 10, 9 ], [ 0, 19 ] ] ]
SUBGROUP class=334 regular_orbits_total=1200 hits=0
DATA class=335 matrices=[ [ [ 1, 9 ], [ 0, 1 ] ], [ [ 1, 1 ], [ 9, 13 ] ], [ [ 1, 0 ], [ 0, 10 ] ], [ [ 1, 3 ], [ 0, 1 ] ] ]
SUBGROUP class=335 regular_orbits_total=1200 hits=0
DATA class=336 matrices=[ [ [ 1, 9 ], [ 0, 1 ] ], [ [ 1, 1 ], [ 9, 13 ] ], [ [ 1, 3 ], [ 0, 10 ] ], [ [ 10, 3 ], [ 0, 19 ] ] ]
SUBGROUP class=336 regular_orbits_total=1206 hits=0
DATA class=337 matrices=[ [ [ 1, 9 ], [ 0, 1 ] ], [ [ 1, 1 ], [ 9, 13 ] ], [ [ 1, 3 ], [ 0, 10 ] ], [ [ 10, 6 ], [ 0, 19 ] ] ]
SUBGROUP class=337 regular_orbits_total=1212 hits=0
DATA class=338 matrices=[ [ [ 1, 9 ], [ 0, 1 ] ], [ [ 1, 1 ], [ 9, 13 ] ], [ [ 1, 3 ], [ 0, 10 ] ], [ [ 10, 9 ], [ 0, 19 ] ] ]
SUBGROUP class=338 regular_orbits_total=1218 hits=0
DATA class=339 matrices=[ [ [ 1, 9 ], [ 0, 1 ] ], [ [ 1, 2 ], [ 9, 22 ] ], [ [ 1, 0 ], [ 0, 10 ] ], [ [ 1, 3 ], [ 0, 1 ] ] ]
SUBGROUP class=339 regular_orbits_total=1218 hits=0
DATA class=340 matrices=[ [ [ 1, 9 ], [ 0, 1 ] ], [ [ 1, 2 ], [ 9, 22 ] ], [ [ 1, 6 ], [ 0, 10 ] ], [ [ 10, 3 ], [ 0, 19 ] ] ]
SUBGROUP class=340 regular_orbits_total=1224 hits=0
DATA class=341 matrices=[ [ [ 1, 9 ], [ 0, 1 ] ], [ [ 1, 2 ], [ 9, 22 ] ], [ [ 1, 6 ], [ 0, 10 ] ], [ [ 10, 6 ], [ 0, 19 ] ] ]
SUBGROUP class=341 regular_orbits_total=1230 hits=0
DATA class=342 matrices=[ [ [ 1, 9 ], [ 0, 1 ] ], [ [ 1, 2 ], [ 9, 22 ] ], [ [ 1, 6 ], [ 0, 10 ] ], [ [ 10, 9 ], [ 0, 19 ] ] ]
SUBGROUP class=342 regular_orbits_total=1236 hits=0
DATA class=343 matrices=[ [ [ 1, 9 ], [ 0, 1 ] ], [ [ 4, 1 ], [ 0, 1 ] ], [ [ 10, 3 ], [ 0, 1 ] ], [ [ 1, 3 ], [ 0, 1 ] ] ]
SUBGROUP class=343 regular_orbits_total=1242 hits=0
DATA class=344 matrices=[ [ [ 1, 9 ], [ 0, 1 ] ], [ [ 4, 1 ], [ 0, 1 ] ], [ [ 1, 0 ], [ 0, 10 ] ], [ [ 10, 3 ], [ 0, 19 ] ] ]
SUBGROUP class=344 regular_orbits_total=1242 hits=0
DATA class=345 matrices=[ [ [ 1, 9 ], [ 0, 1 ] ], [ [ 4, 1 ], [ 0, 1 ] ], [ [ 10, 3 ], [ 0, 1 ] ], [ [ 19, 12 ], [ 0, 10 ] ] ]
SUBGROUP class=345 regular_orbits_total=1248 hits=0
DATA class=346 matrices=[ [ [ 1, 9 ], [ 0, 1 ] ], [ [ 4, 1 ], [ 0, 1 ] ], [ [ 10, 3 ], [ 0, 1 ] ], [ [ 19, 9 ], [ 0, 10 ] ] ]
SUBGROUP class=346 regular_orbits_total=1254 hits=0
DATA class=347 matrices=[ [ [ 1, 9 ], [ 0, 1 ] ], [ [ 4, 5 ], [ 0, 1 ] ], [ [ 10, 3 ], [ 0, 1 ] ], [ [ 1, 3 ], [ 0, 1 ] ] ]
SUBGROUP class=347 regular_orbits_total=1260 hits=0
DATA class=348 matrices=[ [ [ 1, 9 ], [ 0, 1 ] ], [ [ 4, 5 ], [ 0, 1 ] ], [ [ 1, 3 ], [ 0, 10 ] ], [ [ 10, 3 ], [ 0, 19 ] ] ]
SUBGROUP class=348 regular_orbits_total=1266 hits=0
DATA class=349 matrices=[ [ [ 1, 9 ], [ 0, 1 ] ], [ [ 4, 5 ], [ 0, 1 ] ], [ [ 1, 0 ], [ 0, 10 ] ], [ [ 10, 6 ], [ 0, 19 ] ] ]
SUBGROUP class=349 regular_orbits_total=1266 hits=0
DATA class=350 matrices=[ [ [ 1, 9 ], [ 0, 1 ] ], [ [ 4, 5 ], [ 0, 1 ] ], [ [ 10, 6 ], [ 0, 1 ] ], [ [ 19, 9 ], [ 0, 10 ] ] ]
SUBGROUP class=350 regular_orbits_total=1272 hits=0
DATA class=351 matrices=[ [ [ 1, 9 ], [ 0, 1 ] ], [ [ 4, 9 ], [ 0, 1 ] ], [ [ 10, 3 ], [ 0, 1 ] ], [ [ 1, 3 ], [ 0, 1 ] ] ]
SUBGROUP class=351 regular_orbits_total=1278 hits=0
DATA class=352 matrices=[ [ [ 1, 9 ], [ 0, 1 ] ], [ [ 13, 21 ], [ 0, 19 ] ], [ [ 10, 3 ], [ 0, 1 ] ], [ [ 1, 3 ], [ 0, 1 ] ] ]
SUBGROUP class=352 regular_orbits_total=1284 hits=0
DATA class=353 matrices=[ [ [ 1, 9 ], [ 0, 1 ] ], [ [ 22, 6 ], [ 0, 10 ] ], [ [ 10, 3 ], [ 0, 1 ] ], [ [ 1, 3 ], [ 0, 1 ] ] ]
SUBGROUP class=353 regular_orbits_total=1290 hits=0
DATA class=354 matrices=[ [ [ 1, 9 ], [ 0, 1 ] ], [ [ 4, 9 ], [ 0, 1 ] ], [ [ 1, 6 ], [ 0, 10 ] ], [ [ 10, 3 ], [ 0, 19 ] ] ]
SUBGROUP class=354 regular_orbits_total=1296 hits=0
DATA class=355 matrices=[ [ [ 1, 9 ], [ 0, 1 ] ], [ [ 4, 9 ], [ 0, 1 ] ], [ [ 1, 3 ], [ 0, 10 ] ], [ [ 10, 6 ], [ 0, 19 ] ] ]
SUBGROUP class=355 regular_orbits_total=1302 hits=0
DATA class=356 matrices=[ [ [ 1, 9 ], [ 0, 1 ] ], [ [ 4, 9 ], [ 0, 1 ] ], [ [ 1, 0 ], [ 0, 10 ] ], [ [ 10, 9 ], [ 0, 19 ] ] ]
SUBGROUP class=356 regular_orbits_total=1302 hits=0
DATA class=357 matrices=[ [ [ 1, 9 ], [ 0, 1 ] ], [ [ 7, 9 ], [ 18, 16 ] ], [ [ 19, 6 ], [ 0, 19 ] ], [ [ 1, 3 ], [ 0, 1 ] ] ]
SUBGROUP class=357 regular_orbits_total=1308 hits=0
DATA class=358 matrices=[ [ [ 1, 9 ], [ 0, 1 ] ], [ [ 7, 9 ], [ 18, 16 ] ], [ [ 1, 0 ], [ 0, 10 ] ], [ [ 19, 9 ], [ 0, 10 ] ] ]
SUBGROUP class=358 regular_orbits_total=1308 hits=0
DATA class=359 matrices=[ [ [ 1, 9 ], [ 0, 1 ] ], [ [ 7, 3 ], [ 18, 16 ] ], [ [ 1, 0 ], [ 0, 10 ] ], [ [ 19, 9 ], [ 0, 10 ] ] ]
SUBGROUP class=359 regular_orbits_total=1308 hits=0
DATA class=360 matrices=[ [ [ 1, 9 ], [ 0, 1 ] ], [ [ 7, 24 ], [ 18, 16 ] ], [ [ 1, 0 ], [ 0, 10 ] ], [ [ 19, 9 ], [ 0, 10 ] ] ]
SUBGROUP class=360 regular_orbits_total=1308 hits=0
DATA class=361 matrices=[ [ [ 1, 9 ], [ 0, 1 ] ], [ [ 1, 1 ], [ 18, 22 ] ], [ [ 1, 0 ], [ 0, 10 ] ], [ [ 1, 3 ], [ 0, 1 ] ] ]
SUBGROUP class=361 regular_orbits_total=1308 hits=0
DATA class=362 matrices=[ [ [ 1, 9 ], [ 0, 1 ] ], [ [ 1, 1 ], [ 18, 22 ] ], [ [ 1, 3 ], [ 0, 10 ] ], [ [ 10, 3 ], [ 0, 19 ] ] ]
SUBGROUP class=362 regular_orbits_total=1314 hits=0
DATA class=363 matrices=[ [ [ 1, 9 ], [ 0, 1 ] ], [ [ 1, 1 ], [ 18, 22 ] ], [ [ 1, 3 ], [ 0, 10 ] ], [ [ 10, 6 ], [ 0, 19 ] ] ]
SUBGROUP class=363 regular_orbits_total=1320 hits=0
DATA class=364 matrices=[ [ [ 1, 9 ], [ 0, 1 ] ], [ [ 1, 1 ], [ 18, 22 ] ], [ [ 1, 3 ], [ 0, 10 ] ], [ [ 10, 9 ], [ 0, 19 ] ] ]
SUBGROUP class=364 regular_orbits_total=1326 hits=0
DATA class=365 matrices=[ [ [ 1, 9 ], [ 0, 1 ] ], [ [ 1, 2 ], [ 18, 13 ] ], [ [ 1, 0 ], [ 0, 10 ] ], [ [ 1, 3 ], [ 0, 1 ] ] ]
SUBGROUP class=365 regular_orbits_total=1326 hits=0
DATA class=366 matrices=[ [ [ 1, 9 ], [ 0, 1 ] ], [ [ 1, 2 ], [ 18, 13 ] ], [ [ 1, 6 ], [ 0, 10 ] ], [ [ 10, 3 ], [ 0, 19 ] ] ]
SUBGROUP class=366 regular_orbits_total=1332 hits=0
DATA class=367 matrices=[ [ [ 1, 9 ], [ 0, 1 ] ], [ [ 1, 2 ], [ 18, 13 ] ], [ [ 1, 6 ], [ 0, 10 ] ], [ [ 10, 6 ], [ 0, 19 ] ] ]
SUBGROUP class=367 regular_orbits_total=1338 hits=0
DATA class=368 matrices=[ [ [ 1, 9 ], [ 0, 1 ] ], [ [ 1, 2 ], [ 18, 13 ] ], [ [ 1, 6 ], [ 0, 10 ] ], [ [ 10, 9 ], [ 0, 19 ] ] ]
SUBGROUP class=368 regular_orbits_total=1344 hits=0
DATA class=369 matrices=[ [ [ 1, 9 ], [ 0, 1 ] ], [ [ 7, 9 ], [ 0, 16 ] ], [ [ 19, 6 ], [ 0, 19 ] ], [ [ 1, 3 ], [ 0, 1 ] ] ]
SUBGROUP class=369 regular_orbits_total=1350 hits=0
DATA class=370 matrices=[ [ [ 1, 9 ], [ 0, 1 ] ], [ [ 16, 3 ], [ 0, 7 ] ], [ [ 19, 6 ], [ 0, 19 ] ], [ [ 1, 3 ], [ 0, 1 ] ] ]
SUBGROUP class=370 regular_orbits_total=1356 hits=0
DATA class=371 matrices=[ [ [ 1, 9 ], [ 0, 1 ] ], [ [ 25, 24 ], [ 0, 25 ] ], [ [ 19, 6 ], [ 0, 19 ] ], [ [ 1, 3 ], [ 0, 1 ] ] ]
SUBGROUP class=371 regular_orbits_total=1362 hits=0
DATA class=372 matrices=[ [ [ 1, 9 ], [ 0, 1 ] ], [ [ 7, 9 ], [ 0, 16 ] ], [ [ 1, 0 ], [ 0, 10 ] ], [ [ 19, 9 ], [ 0, 10 ] ] ]
SUBGROUP class=372 regular_orbits_total=1362 hits=0
DATA class=373 matrices=[ [ [ 1, 9 ], [ 0, 1 ] ], [ [ 7, 3 ], [ 0, 16 ] ], [ [ 1, 0 ], [ 0, 10 ] ], [ [ 19, 9 ], [ 0, 10 ] ] ]
SUBGROUP class=373 regular_orbits_total=1362 hits=0
DATA class=374 matrices=[ [ [ 1, 9 ], [ 0, 1 ] ], [ [ 7, 24 ], [ 0, 16 ] ], [ [ 1, 0 ], [ 0, 10 ] ], [ [ 19, 9 ], [ 0, 10 ] ] ]
SUBGROUP class=374 regular_orbits_total=1362 hits=0
DATA class=375 matrices=[ [ [ 1, 9 ], [ 0, 1 ] ], [ [ 7, 9 ], [ 9, 16 ] ], [ [ 19, 6 ], [ 0, 19 ] ], [ [ 1, 3 ], [ 0, 1 ] ] ]
SUBGROUP class=375 regular_orbits_total=1368 hits=0
DATA class=376 matrices=[ [ [ 1, 9 ], [ 0, 1 ] ], [ [ 7, 9 ], [ 9, 16 ] ], [ [ 1, 0 ], [ 0, 10 ] ], [ [ 19, 9 ], [ 0, 10 ] ] ]
SUBGROUP class=376 regular_orbits_total=1368 hits=0
DATA class=377 matrices=[ [ [ 1, 9 ], [ 0, 1 ] ], [ [ 7, 3 ], [ 9, 16 ] ], [ [ 1, 0 ], [ 0, 10 ] ], [ [ 19, 9 ], [ 0, 10 ] ] ]
SUBGROUP class=377 regular_orbits_total=1368 hits=0
DATA class=378 matrices=[ [ [ 1, 9 ], [ 0, 1 ] ], [ [ 7, 24 ], [ 9, 16 ] ], [ [ 1, 0 ], [ 0, 10 ] ], [ [ 19, 9 ], [ 0, 10 ] ] ]
SUBGROUP class=378 regular_orbits_total=1368 hits=0
DATA class=379 matrices=[ [ [ 1, 0 ], [ 9, 4 ] ], [ [ 1, 0 ], [ 0, 10 ] ], [ [ 4, 9 ], [ 18, 7 ] ], [ [ 10, 0 ], [ 0, 19 ] ] ]
SUBGROUP class=379 regular_orbits_total=1372 hits=0
DATA class=380 matrices=[ [ [ 1, 0 ], [ 9, 4 ] ], [ [ 1, 0 ], [ 0, 10 ] ], [ [ 4, 18 ], [ 18, 7 ] ], [ [ 10, 0 ], [ 0, 19 ] ] ]
SUBGROUP class=380 regular_orbits_total=1376 hits=0
DATA class=381 matrices=[ [ [ 1, 0 ], [ 9, 4 ] ], [ [ 1, 0 ], [ 0, 10 ] ], [ [ 4, 0 ], [ 18, 7 ] ], [ [ 10, 0 ], [ 0, 19 ] ] ]
SUBGROUP class=381 regular_orbits_total=1380 hits=0
DATA class=382 matrices=[ [ [ 1, 0 ], [ 18, 4 ] ], [ [ 1, 0 ], [ 0, 10 ] ], [ [ 4, 9 ], [ 18, 7 ] ], [ [ 10, 0 ], [ 0, 19 ] ] ]
SUBGROUP class=382 regular_orbits_total=1384 hits=0
DATA class=383 matrices=[ [ [ 1, 0 ], [ 18, 4 ] ], [ [ 1, 0 ], [ 0, 10 ] ], [ [ 4, 18 ], [ 18, 7 ] ], [ [ 10, 0 ], [ 0, 19 ] ] ]
SUBGROUP class=383 regular_orbits_total=1388 hits=0
DATA class=384 matrices=[ [ [ 1, 0 ], [ 18, 4 ] ], [ [ 1, 0 ], [ 0, 10 ] ], [ [ 4, 0 ], [ 18, 7 ] ], [ [ 10, 0 ], [ 0, 19 ] ] ]
SUBGROUP class=384 regular_orbits_total=1392 hits=0
DATA class=385 matrices=[ [ [ 1, 0 ], [ 0, 4 ] ], [ [ 1, 0 ], [ 0, 10 ] ], [ [ 4, 9 ], [ 18, 7 ] ], [ [ 10, 0 ], [ 0, 19 ] ] ]
SUBGROUP class=385 regular_orbits_total=1396 hits=0
DATA class=386 matrices=[ [ [ 1, 0 ], [ 0, 4 ] ], [ [ 1, 0 ], [ 0, 10 ] ], [ [ 4, 18 ], [ 18, 7 ] ], [ [ 10, 0 ], [ 0, 19 ] ] ]
SUBGROUP class=386 regular_orbits_total=1400 hits=0
DATA class=387 matrices=[ [ [ 1, 0 ], [ 0, 4 ] ], [ [ 1, 0 ], [ 0, 10 ] ], [ [ 4, 0 ], [ 18, 7 ] ], [ [ 10, 0 ], [ 0, 19 ] ] ]
SUBGROUP class=387 regular_orbits_total=1404 hits=0
DATA class=388 matrices=[ [ [ 1, 9 ], [ 0, 1 ] ], [ [ 1, 0 ], [ 9, 4 ] ], [ [ 1, 0 ], [ 0, 10 ] ], [ [ 1, 0 ], [ 9, 1 ] ] ]
SUBGROUP class=388 regular_orbits_total=1404 hits=0
DATA class=389 matrices=[ [ [ 1, 9 ], [ 0, 1 ] ], [ [ 1, 0 ], [ 9, 4 ] ], [ [ 1, 0 ], [ 0, 10 ] ], [ [ 1, 3 ], [ 9, 1 ] ] ]
SUBGROUP class=389 regular_orbits_total=1404 hits=0
DATA class=390 matrices=[ [ [ 1, 9 ], [ 0, 1 ] ], [ [ 1, 0 ], [ 9, 4 ] ], [ [ 1, 0 ], [ 0, 10 ] ], [ [ 1, 6 ], [ 9, 1 ] ] ]
SUBGROUP class=390 regular_orbits_total=1404 hits=0
DATA class=391 matrices=[ [ [ 1, 9 ], [ 0, 1 ] ], [ [ 1, 0 ], [ 9, 4 ] ], [ [ 1, 0 ], [ 0, 10 ] ], [ [ 10, 3 ], [ 9, 19 ] ] ]
SUBGROUP class=391 regular_orbits_total=1404 hits=0
DATA class=392 matrices=[ [ [ 1, 9 ], [ 0, 1 ] ], [ [ 1, 0 ], [ 9, 4 ] ], [ [ 1, 0 ], [ 0, 10 ] ], [ [ 10, 9 ], [ 9, 19 ] ] ]
SUBGROUP class=392 regular_orbits_total=1404 hits=0
DATA class=393 matrices=[ [ [ 1, 9 ], [ 0, 1 ] ], [ [ 1, 0 ], [ 9, 4 ] ], [ [ 1, 0 ], [ 0, 10 ] ], [ [ 19, 6 ], [ 9, 10 ] ] ]
SUBGROUP class=393 regular_orbits_total=1404 hits=0
DATA class=394 matrices=[ [ [ 1, 9 ], [ 0, 1 ] ], [ [ 1, 0 ], [ 9, 4 ] ], [ [ 1, 0 ], [ 0, 10 ] ], [ [ 19, 9 ], [ 9, 10 ] ] ]
SUBGROUP class=394 regular_orbits_total=1404 hits=0
DATA class=395 matrices=[ [ [ 1, 9 ], [ 0, 1 ] ], [ [ 1, 3 ], [ 9, 4 ] ], [ [ 1, 0 ], [ 0, 10 ] ], [ [ 10, 6 ], [ 9, 19 ] ] ]
SUBGROUP class=395 regular_orbits_total=1404 hits=0
DATA class=396 matrices=[ [ [ 1, 9 ], [ 0, 1 ] ], [ [ 1, 3 ], [ 9, 4 ] ], [ [ 1, 0 ], [ 0, 10 ] ], [ [ 10, 9 ], [ 9, 19 ] ] ]
SUBGROUP class=396 regular_orbits_total=1404 hits=0
DATA class=397 matrices=[ [ [ 1, 9 ], [ 0, 1 ] ], [ [ 1, 3 ], [ 9, 4 ] ], [ [ 1, 0 ], [ 0, 10 ] ], [ [ 19, 12 ], [ 9, 10 ] ] ]
SUBGROUP class=397 regular_orbits_total=1404 hits=0
DATA class=398 matrices=[ [ [ 1, 9 ], [ 0, 1 ] ], [ [ 1, 6 ], [ 9, 4 ] ], [ [ 1, 0 ], [ 0, 10 ] ], [ [ 19, 9 ], [ 9, 10 ] ] ]
SUBGROUP class=398 regular_orbits_total=1404 hits=0
DATA class=399 matrices=[ [ [ 1, 0 ], [ 9, 4 ] ], [ [ 1, 0 ], [ 0, 10 ] ], [ [ 1, 0 ], [ 9, 1 ] ], [ [ 10, 9 ], [ 0, 19 ] ] ]
SUBGROUP class=399 regular_orbits_total=1404 hits=0
DATA class=400 matrices=[ [ [ 1, 0 ], [ 9, 4 ] ], [ [ 1, 0 ], [ 0, 10 ] ], [ [ 1, 0 ], [ 9, 1 ] ], [ [ 10, 18 ], [ 0, 19 ] ] ]
SUBGROUP class=400 regular_orbits_total=1404 hits=0
DATA class=401 matrices=[ [ [ 1, 0 ], [ 9, 4 ] ], [ [ 1, 0 ], [ 0, 10 ] ], [ [ 1, 0 ], [ 9, 1 ] ], [ [ 10, 0 ], [ 0, 19 ] ] ]
SUBGROUP class=401 regular_orbits_total=1404 hits=0
DATA class=402 matrices=[ [ [ 1, 0 ], [ 9, 4 ] ], [ [ 1, 0 ], [ 0, 10 ] ], [ [ 1, 9 ], [ 9, 1 ] ], [ [ 10, 9 ], [ 0, 19 ] ] ]
SUBGROUP class=402 regular_orbits_total=1404 hits=0
DATA class=403 matrices=[ [ [ 1, 0 ], [ 9, 4 ] ], [ [ 1, 0 ], [ 0, 10 ] ], [ [ 1, 9 ], [ 9, 1 ] ], [ [ 10, 18 ], [ 0, 19 ] ] ]
SUBGROUP class=403 regular_orbits_total=1404 hits=0
DATA class=404 matrices=[ [ [ 1, 0 ], [ 9, 4 ] ], [ [ 1, 0 ], [ 0, 10 ] ], [ [ 1, 9 ], [ 9, 1 ] ], [ [ 10, 0 ], [ 0, 19 ] ] ]
SUBGROUP class=404 regular_orbits_total=1404 hits=0
DATA class=405 matrices=[ [ [ 1, 0 ], [ 9, 4 ] ], [ [ 1, 0 ], [ 0, 10 ] ], [ [ 1, 18 ], [ 9, 1 ] ], [ [ 10, 9 ], [ 0, 19 ] ] ]
SUBGROUP class=405 regular_orbits_total=1404 hits=0
DATA class=406 matrices=[ [ [ 1, 0 ], [ 9, 4 ] ], [ [ 1, 0 ], [ 0, 10 ] ], [ [ 1, 18 ], [ 9, 1 ] ], [ [ 10, 18 ], [ 0, 19 ] ] ]
SUBGROUP class=406 regular_orbits_total=1404 hits=0
DATA class=407 matrices=[ [ [ 1, 0 ], [ 9, 4 ] ], [ [ 1, 0 ], [ 0, 10 ] ], [ [ 1, 18 ], [ 9, 1 ] ], [ [ 10, 0 ], [ 0, 19 ] ] ]
SUBGROUP class=407 regular_orbits_total=1404 hits=0
DATA class=408 matrices=[ [ [ 1, 9 ], [ 0, 1 ] ], [ [ 4, 9 ], [ 0, 1 ] ], [ [ 10, 9 ], [ 0, 1 ] ], [ [ 1, 0 ], [ 9, 1 ] ] ]
SUBGROUP class=408 regular_orbits_total=1404 hits=0
DATA class=409 matrices=[ [ [ 1, 9 ], [ 0, 1 ] ], [ [ 4, 9 ], [ 0, 1 ] ], [ [ 10, 9 ], [ 0, 1 ] ], [ [ 1, 3 ], [ 9, 1 ] ] ]
SUBGROUP class=409 regular_orbits_total=1410 hits=0
DATA class=410 matrices=[ [ [ 1, 9 ], [ 0, 1 ] ], [ [ 4, 9 ], [ 0, 1 ] ], [ [ 10, 9 ], [ 0, 1 ] ], [ [ 1, 6 ], [ 9, 1 ] ] ]
SUBGROUP class=410 regular_orbits_total=1416 hits=0
DATA class=411 matrices=[ [ [ 1, 9 ], [ 0, 1 ] ], [ [ 4, 9 ], [ 0, 1 ] ], [ [ 10, 9 ], [ 0, 1 ] ], [ [ 10, 3 ], [ 9, 19 ] ] ]
SUBGROUP class=411 regular_orbits_total=1422 hits=0
DATA class=412 matrices=[ [ [ 1, 9 ], [ 0, 1 ] ], [ [ 4, 9 ], [ 0, 1 ] ], [ [ 10, 9 ], [ 0, 1 ] ], [ [ 10, 6 ], [ 9, 19 ] ] ]
SUBGROUP class=412 regular_orbits_total=1428 hits=0
DATA class=413 matrices=[ [ [ 1, 9 ], [ 0, 1 ] ], [ [ 4, 9 ], [ 0, 1 ] ], [ [ 10, 9 ], [ 0, 1 ] ], [ [ 10, 9 ], [ 9, 19 ] ] ]
SUBGROUP class=413 regular_orbits_total=1428 hits=0
DATA class=414 matrices=[ [ [ 1, 9 ], [ 0, 1 ] ], [ [ 4, 9 ], [ 0, 1 ] ], [ [ 10, 9 ], [ 0, 1 ] ], [ [ 19, 9 ], [ 9, 10 ] ] ]
SUBGROUP class=414 regular_orbits_total=1428 hits=0
DATA class=415 matrices=[ [ [ 1, 9 ], [ 0, 1 ] ], [ [ 13, 21 ], [ 0, 19 ] ], [ [ 10, 9 ], [ 0, 1 ] ], [ [ 1, 6 ], [ 9, 1 ] ] ]
SUBGROUP class=415 regular_orbits_total=1434 hits=0
DATA class=416 matrices=[ [ [ 1, 9 ], [ 0, 1 ] ], [ [ 13, 21 ], [ 0, 19 ] ], [ [ 10, 9 ], [ 0, 1 ] ], [ [ 19, 9 ], [ 9, 10 ] ] ]
SUBGROUP class=416 regular_orbits_total=1434 hits=0
DATA class=417 matrices=[ [ [ 1, 9 ], [ 0, 1 ] ], [ [ 13, 21 ], [ 0, 19 ] ], [ [ 10, 9 ], [ 0, 1 ] ], [ [ 19, 12 ], [ 9, 10 ] ] ]
SUBGROUP class=417 regular_orbits_total=1440 hits=0
DATA class=418 matrices=[ [ [ 1, 9 ], [ 0, 1 ] ], [ [ 22, 6 ], [ 0, 10 ] ], [ [ 10, 9 ], [ 0, 1 ] ], [ [ 10, 9 ], [ 9, 19 ] ] ]
SUBGROUP class=418 regular_orbits_total=1440 hits=0
DATA class=419 matrices=[ [ [ 4, 9 ], [ 0, 1 ] ], [ [ 1, 18 ], [ 0, 10 ] ], [ [ 1, 0 ], [ 9, 1 ] ], [ [ 10, 9 ], [ 0, 19 ] ] ]
SUBGROUP class=419 regular_orbits_total=1440 hits=0
DATA class=420 matrices=[ [ [ 4, 9 ], [ 0, 1 ] ], [ [ 1, 18 ], [ 0, 10 ] ], [ [ 1, 9 ], [ 9, 1 ] ], [ [ 10, 9 ], [ 0, 19 ] ] ]
SUBGROUP class=420 regular_orbits_total=1440 hits=0
DATA class=421 matrices=[ [ [ 4, 9 ], [ 0, 1 ] ], [ [ 1, 18 ], [ 0, 10 ] ], [ [ 1, 18 ], [ 9, 1 ] ], [ [ 10, 9 ], [ 0, 19 ] ] ]
SUBGROUP class=421 regular_orbits_total=1440 hits=0
DATA class=422 matrices=[ [ [ 4, 9 ], [ 0, 1 ] ], [ [ 1, 0 ], [ 0, 10 ] ], [ [ 1, 0 ], [ 9, 1 ] ], [ [ 10, 0 ], [ 0, 19 ] ] ]
SUBGROUP class=422 regular_orbits_total=1440 hits=0
DATA class=423 matrices=[ [ [ 4, 9 ], [ 0, 1 ] ], [ [ 1, 0 ], [ 0, 10 ] ], [ [ 1, 9 ], [ 9, 1 ] ], [ [ 10, 0 ], [ 0, 19 ] ] ]
SUBGROUP class=423 regular_orbits_total=1440 hits=0
DATA class=424 matrices=[ [ [ 4, 9 ], [ 0, 1 ] ], [ [ 1, 0 ], [ 0, 10 ] ], [ [ 1, 18 ], [ 9, 1 ] ], [ [ 10, 0 ], [ 0, 19 ] ] ]
SUBGROUP class=424 regular_orbits_total=1440 hits=0
DATA class=425 matrices=[ [ [ 4, 9 ], [ 0, 1 ] ], [ [ 1, 9 ], [ 0, 10 ] ], [ [ 1, 0 ], [ 9, 1 ] ], [ [ 10, 18 ], [ 0, 19 ] ] ]
SUBGROUP class=425 regular_orbits_total=1440 hits=0
DATA class=426 matrices=[ [ [ 4, 9 ], [ 0, 1 ] ], [ [ 1, 9 ], [ 0, 10 ] ], [ [ 1, 9 ], [ 9, 1 ] ], [ [ 10, 18 ], [ 0, 19 ] ] ]
SUBGROUP class=426 regular_orbits_total=1440 hits=0
DATA class=427 matrices=[ [ [ 4, 9 ], [ 0, 1 ] ], [ [ 1, 9 ], [ 0, 10 ] ], [ [ 1, 18 ], [ 9, 1 ] ], [ [ 10, 18 ], [ 0, 19 ] ] ]
SUBGROUP class=427 regular_orbits_total=1440 hits=0
DATA class=428 matrices=[ [ [ 1, 9 ], [ 0, 1 ] ], [ [ 7, 9 ], [ 18, 16 ] ], [ [ 19, 9 ], [ 0, 19 ] ], [ [ 1, 0 ], [ 9, 1 ] ] ]
SUBGROUP class=428 regular_orbits_total=1440 hits=0
DATA class=429 matrices=[ [ [ 1, 9 ], [ 0, 1 ] ], [ [ 7, 9 ], [ 18, 16 ] ], [ [ 19, 9 ], [ 0, 19 ] ], [ [ 1, 3 ], [ 9, 1 ] ] ]
SUBGROUP class=429 regular_orbits_total=1446 hits=0
DATA class=430 matrices=[ [ [ 1, 9 ], [ 0, 1 ] ], [ [ 7, 9 ], [ 18, 16 ] ], [ [ 19, 9 ], [ 0, 19 ] ], [ [ 1, 6 ], [ 9, 1 ] ] ]
SUBGROUP class=430 regular_orbits_total=1452 hits=0
DATA class=431 matrices=[ [ [ 1, 9 ], [ 0, 1 ] ], [ [ 7, 9 ], [ 18, 16 ] ], [ [ 19, 9 ], [ 0, 19 ] ], [ [ 10, 9 ], [ 9, 19 ] ] ]
SUBGROUP class=431 regular_orbits_total=1452 hits=0
DATA class=432 matrices=[ [ [ 1, 9 ], [ 0, 1 ] ], [ [ 7, 9 ], [ 18, 16 ] ], [ [ 19, 9 ], [ 0, 19 ] ], [ [ 19, 9 ], [ 9, 10 ] ] ]
SUBGROUP class=432 regular_orbits_total=1452 hits=0
DATA class=433 matrices=[ [ [ 1, 9 ], [ 0, 1 ] ], [ [ 7, 3 ], [ 18, 16 ] ], [ [ 19, 9 ], [ 0, 19 ] ], [ [ 1, 0 ], [ 9, 1 ] ] ]
SUBGROUP class=433 regular_orbits_total=1452 hits=0
DATA class=434 matrices=[ [ [ 1, 9 ], [ 0, 1 ] ], [ [ 7, 3 ], [ 18, 16 ] ], [ [ 19, 9 ], [ 0, 19 ] ], [ [ 1, 3 ], [ 9, 1 ] ] ]
SUBGROUP class=434 regular_orbits_total=1458 hits=0
DATA class=435 matrices=[ [ [ 1, 9 ], [ 0, 1 ] ], [ [ 7, 3 ], [ 18, 16 ] ], [ [ 19, 9 ], [ 0, 19 ] ], [ [ 1, 6 ], [ 9, 1 ] ] ]
SUBGROUP class=435 regular_orbits_total=1464 hits=0
DATA class=436 matrices=[ [ [ 1, 9 ], [ 0, 1 ] ], [ [ 7, 3 ], [ 18, 16 ] ], [ [ 19, 9 ], [ 0, 19 ] ], [ [ 10, 6 ], [ 9, 19 ] ] ]
SUBGROUP class=436 regular_orbits_total=1470 hits=0
DATA class=437 matrices=[ [ [ 1, 9 ], [ 0, 1 ] ], [ [ 7, 3 ], [ 18, 16 ] ], [ [ 19, 9 ], [ 0, 19 ] ], [ [ 19, 6 ], [ 9, 10 ] ] ]
SUBGROUP class=437 regular_orbits_total=1476 hits=0
DATA class=438 matrices=[ [ [ 1, 9 ], [ 0, 1 ] ], [ [ 7, 24 ], [ 18, 16 ] ], [ [ 19, 9 ], [ 0, 19 ] ], [ [ 1, 0 ], [ 9, 1 ] ] ]
SUBGROUP class=438 regular_orbits_total=1476 hits=0
DATA class=439 matrices=[ [ [ 1, 9 ], [ 0, 1 ] ], [ [ 7, 24 ], [ 18, 16 ] ], [ [ 19, 9 ], [ 0, 19 ] ], [ [ 1, 3 ], [ 9, 1 ] ] ]
SUBGROUP class=439 regular_orbits_total=1482 hits=0
DATA class=440 matrices=[ [ [ 1, 9 ], [ 0, 1 ] ], [ [ 7, 24 ], [ 18, 16 ] ], [ [ 19, 9 ], [ 0, 19 ] ], [ [ 1, 6 ], [ 9, 1 ] ] ]
SUBGROUP class=440 regular_orbits_total=1488 hits=0
DATA class=441 matrices=[ [ [ 1, 9 ], [ 0, 1 ] ], [ [ 7, 24 ], [ 18, 16 ] ], [ [ 19, 9 ], [ 0, 19 ] ], [ [ 10, 3 ], [ 9, 19 ] ] ]
SUBGROUP class=441 regular_orbits_total=1494 hits=0
DATA class=442 matrices=[ [ [ 1, 9 ], [ 0, 1 ] ], [ [ 7, 24 ], [ 18, 16 ] ], [ [ 19, 9 ], [ 0, 19 ] ], [ [ 19, 12 ], [ 9, 10 ] ] ]
SUBGROUP class=442 regular_orbits_total=1500 hits=0
DATA class=443 matrices=[ [ [ 7, 9 ], [ 18, 16 ] ], [ [ 1, 18 ], [ 0, 10 ] ], [ [ 1, 0 ], [ 9, 1 ] ], [ [ 19, 9 ], [ 0, 10 ] ] ]
SUBGROUP class=443 regular_orbits_total=1500 hits=0
DATA class=444 matrices=[ [ [ 7, 9 ], [ 18, 16 ] ], [ [ 1, 18 ], [ 0, 10 ] ], [ [ 1, 9 ], [ 9, 1 ] ], [ [ 19, 9 ], [ 0, 10 ] ] ]
SUBGROUP class=444 regular_orbits_total=1500 hits=0
DATA class=445 matrices=[ [ [ 7, 9 ], [ 18, 16 ] ], [ [ 1, 18 ], [ 0, 10 ] ], [ [ 1, 18 ], [ 9, 1 ] ], [ [ 19, 9 ], [ 0, 10 ] ] ]
SUBGROUP class=445 regular_orbits_total=1500 hits=0
DATA class=446 matrices=[ [ [ 7, 9 ], [ 18, 16 ] ], [ [ 1, 0 ], [ 0, 10 ] ], [ [ 1, 0 ], [ 9, 1 ] ], [ [ 19, 0 ], [ 0, 10 ] ] ]
SUBGROUP class=446 regular_orbits_total=1500 hits=0
DATA class=447 matrices=[ [ [ 7, 9 ], [ 18, 16 ] ], [ [ 1, 0 ], [ 0, 10 ] ], [ [ 1, 9 ], [ 9, 1 ] ], [ [ 19, 0 ], [ 0, 10 ] ] ]
SUBGROUP class=447 regular_orbits_total=1500 hits=0
DATA class=448 matrices=[ [ [ 7, 9 ], [ 18, 16 ] ], [ [ 1, 0 ], [ 0, 10 ] ], [ [ 1, 18 ], [ 9, 1 ] ], [ [ 19, 0 ], [ 0, 10 ] ] ]
SUBGROUP class=448 regular_orbits_total=1500 hits=0
DATA class=449 matrices=[ [ [ 7, 18 ], [ 18, 16 ] ], [ [ 1, 0 ], [ 0, 10 ] ], [ [ 1, 0 ], [ 9, 1 ] ], [ [ 19, 0 ], [ 0, 10 ] ] ]
SUBGROUP class=449 regular_orbits_total=1500 hits=0
DATA class=450 matrices=[ [ [ 7, 18 ], [ 18, 16 ] ], [ [ 1, 0 ], [ 0, 10 ] ], [ [ 1, 9 ], [ 9, 1 ] ], [ [ 19, 0 ], [ 0, 10 ] ] ]
SUBGROUP class=450 regular_orbits_total=1500 hits=0
DATA class=451 matrices=[ [ [ 7, 18 ], [ 18, 16 ] ], [ [ 1, 0 ], [ 0, 10 ] ], [ [ 1, 18 ], [ 9, 1 ] ], [ [ 19, 0 ], [ 0, 10 ] ] ]
SUBGROUP class=451 regular_orbits_total=1500 hits=0
DATA class=452 matrices=[ [ [ 7, 3 ], [ 18, 16 ] ], [ [ 1, 0 ], [ 0, 10 ] ], [ [ 1, 0 ], [ 9, 1 ] ], [ [ 19, 9 ], [ 0, 10 ] ] ]
SUBGROUP class=452 regular_orbits_total=1500 hits=0
DATA class=453 matrices=[ [ [ 7, 3 ], [ 18, 16 ] ], [ [ 1, 0 ], [ 0, 10 ] ], [ [ 1, 9 ], [ 9, 1 ] ], [ [ 19, 9 ], [ 0, 10 ] ] ]
SUBGROUP class=453 regular_orbits_total=1500 hits=0
DATA class=454 matrices=[ [ [ 7, 3 ], [ 18, 16 ] ], [ [ 1, 0 ], [ 0, 10 ] ], [ [ 1, 18 ], [ 9, 1 ] ], [ [ 19, 9 ], [ 0, 10 ] ] ]
SUBGROUP class=454 regular_orbits_total=1500 hits=0
DATA class=455 matrices=[ [ [ 7, 24 ], [ 18, 16 ] ], [ [ 1, 9 ], [ 0, 10 ] ], [ [ 1, 0 ], [ 9, 1 ] ], [ [ 19, 9 ], [ 0, 10 ] ] ]
SUBGROUP class=455 regular_orbits_total=1500 hits=0
DATA class=456 matrices=[ [ [ 7, 24 ], [ 18, 16 ] ], [ [ 1, 9 ], [ 0, 10 ] ], [ [ 1, 9 ], [ 9, 1 ] ], [ [ 19, 9 ], [ 0, 10 ] ] ]
SUBGROUP class=456 regular_orbits_total=1500 hits=0
DATA class=457 matrices=[ [ [ 7, 24 ], [ 18, 16 ] ], [ [ 1, 9 ], [ 0, 10 ] ], [ [ 1, 18 ], [ 9, 1 ] ], [ [ 19, 9 ], [ 0, 10 ] ] ]
SUBGROUP class=457 regular_orbits_total=1500 hits=0
DATA class=458 matrices=[ [ [ 1, 9 ], [ 0, 1 ] ], [ [ 7, 2 ], [ 21, 22 ] ], [ [ 1, 0 ], [ 0, 10 ] ], [ [ 19, 9 ], [ 0, 10 ] ] ]
SUBGROUP class=458 regular_orbits_total=1500 hits=0
DATA class=459 matrices=[ [ [ 1, 9 ], [ 0, 1 ] ], [ [ 7, 23 ], [ 21, 4 ] ], [ [ 1, 0 ], [ 0, 10 ] ], [ [ 19, 9 ], [ 0, 10 ] ] ]
SUBGROUP class=459 regular_orbits_total=1500 hits=0
DATA class=460 matrices=[ [ [ 1, 9 ], [ 0, 1 ] ], [ [ 7, 17 ], [ 21, 13 ] ], [ [ 1, 0 ], [ 0, 10 ] ], [ [ 19, 9 ], [ 0, 10 ] ] ]
SUBGROUP class=460 regular_orbits_total=1500 hits=0
DATA class=461 matrices=[ [ [ 1, 9 ], [ 0, 1 ] ], [ [ 7, 9 ], [ 21, 16 ] ], [ [ 1, 0 ], [ 9, 10 ] ], [ [ 19, 9 ], [ 0, 10 ] ] ]
SUBGROUP class=461 regular_orbits_total=1500 hits=0
DATA class=462 matrices=[ [ [ 1, 9 ], [ 0, 1 ] ], [ [ 7, 3 ], [ 21, 25 ] ], [ [ 1, 0 ], [ 9, 10 ] ], [ [ 19, 9 ], [ 0, 10 ] ] ]
SUBGROUP class=462 regular_orbits_total=1500 hits=0
DATA class=463 matrices=[ [ [ 1, 9 ], [ 0, 1 ] ], [ [ 7, 24 ], [ 21, 7 ] ], [ [ 1, 0 ], [ 9, 10 ] ], [ [ 19, 9 ], [ 0, 10 ] ] ]
SUBGROUP class=463 regular_orbits_total=1500 hits=0
DATA class=464 matrices=[ [ [ 1, 9 ], [ 0, 1 ] ], [ [ 7, 16 ], [ 21, 10 ] ], [ [ 1, 6 ], [ 18, 10 ] ], [ [ 10, 9 ], [ 0, 19 ] ] ]
SUBGROUP class=464 regular_orbits_total=1506 hits=0
DATA class=465 matrices=[ [ [ 1, 9 ], [ 0, 1 ] ], [ [ 7, 10 ], [ 21, 19 ] ], [ [ 1, 6 ], [ 18, 10 ] ], [ [ 10, 9 ], [ 0, 19 ] ] ]
SUBGROUP class=465 regular_orbits_total=1512 hits=0
DATA class=466 matrices=[ [ [ 1, 9 ], [ 0, 1 ] ], [ [ 7, 4 ], [ 21, 1 ] ], [ [ 1, 6 ], [ 18, 10 ] ], [ [ 10, 9 ], [ 0, 19 ] ] ]
SUBGROUP class=466 regular_orbits_total=1518 hits=0
DATA class=467 matrices=[ [ [ 1, 9 ], [ 0, 1 ] ], [ [ 1, 0 ], [ 21, 4 ] ], [ [ 1, 0 ], [ 0, 10 ] ], [ [ 1, 0 ], [ 9, 1 ] ] ]
SUBGROUP class=467 regular_orbits_total=1518 hits=0
DATA class=468 matrices=[ [ [ 1, 9 ], [ 0, 1 ] ], [ [ 1, 0 ], [ 21, 4 ] ], [ [ 10, 9 ], [ 0, 1 ] ], [ [ 19, 9 ], [ 9, 10 ] ] ]
SUBGROUP class=468 regular_orbits_total=1518 hits=0
DATA class=469 matrices=[ [ [ 1, 9 ], [ 0, 1 ] ], [ [ 1, 0 ], [ 21, 4 ] ], [ [ 19, 9 ], [ 0, 19 ] ], [ [ 10, 9 ], [ 9, 19 ] ] ]
SUBGROUP class=469 regular_orbits_total=1518 hits=0
DATA class=470 matrices=[ [ [ 1, 9 ], [ 0, 1 ] ], [ [ 1, 3 ], [ 21, 13 ] ], [ [ 1, 0 ], [ 0, 10 ] ], [ [ 1, 0 ], [ 9, 1 ] ] ]
SUBGROUP class=470 regular_orbits_total=1518 hits=0
DATA class=471 matrices=[ [ [ 1, 9 ], [ 0, 1 ] ], [ [ 1, 3 ], [ 21, 13 ] ], [ [ 10, 9 ], [ 0, 1 ] ], [ [ 19, 9 ], [ 9, 10 ] ] ]
SUBGROUP class=471 regular_orbits_total=1518 hits=0
DATA class=472 matrices=[ [ [ 1, 9 ], [ 0, 1 ] ], [ [ 1, 3 ], [ 21, 13 ] ], [ [ 19, 9 ], [ 0, 19 ] ], [ [ 10, 9 ], [ 9, 19 ] ] ]
SUBGROUP class=472 regular_orbits_total=1518 hits=0
DATA class=473 matrices=[ [ [ 1, 9 ], [ 0, 1 ] ], [ [ 1, 6 ], [ 21, 22 ] ], [ [ 1, 0 ], [ 0, 10 ] ], [ [ 1, 0 ], [ 9, 1 ] ] ]
SUBGROUP class=473 regular_orbits_total=1518 hits=0
DATA class=474 matrices=[ [ [ 1, 9 ], [ 0, 1 ] ], [ [ 1, 6 ], [ 21, 22 ] ], [ [ 10, 9 ], [ 0, 1 ] ], [ [ 19, 9 ], [ 9, 10 ] ] ]
SUBGROUP class=474 regular_orbits_total=1518 hits=0
DATA class=475 matrices=[ [ [ 1, 9 ], [ 0, 1 ] ], [ [ 1, 6 ], [ 21, 22 ] ], [ [ 19, 9 ], [ 0, 19 ] ], [ [ 10, 9 ], [ 9, 19 ] ] ]
SUBGROUP class=475 regular_orbits_total=1518 hits=0
DATA class=476 matrices=[ [ [ 1, 0 ], [ 21, 4 ] ], [ [ 1, 0 ], [ 0, 10 ] ], [ [ 1, 0 ], [ 9, 1 ] ], [ [ 10, 9 ], [ 0, 19 ] ] ]
SUBGROUP class=476 regular_orbits_total=1518 hits=0
DATA class=477 matrices=[ [ [ 1, 0 ], [ 21, 4 ] ], [ [ 1, 0 ], [ 0, 10 ] ], [ [ 1, 0 ], [ 9, 1 ] ], [ [ 10, 18 ], [ 0, 19 ] ] ]
SUBGROUP class=477 regular_orbits_total=1518 hits=0
DATA class=478 matrices=[ [ [ 1, 0 ], [ 21, 4 ] ], [ [ 1, 0 ], [ 0, 10 ] ], [ [ 1, 0 ], [ 9, 1 ] ], [ [ 10, 0 ], [ 0, 19 ] ] ]
SUBGROUP class=478 regular_orbits_total=1518 hits=0
DATA class=479 matrices=[ [ [ 1, 0 ], [ 21, 4 ] ], [ [ 1, 9 ], [ 0, 10 ] ], [ [ 1, 18 ], [ 9, 1 ] ], [ [ 10, 9 ], [ 0, 19 ] ] ]
SUBGROUP class=479 regular_orbits_total=1518 hits=0
DATA class=480 matrices=[ [ [ 1, 0 ], [ 21, 4 ] ], [ [ 1, 9 ], [ 0, 10 ] ], [ [ 1, 18 ], [ 9, 1 ] ], [ [ 10, 18 ], [ 0, 19 ] ] ]
SUBGROUP class=480 regular_orbits_total=1518 hits=0
DATA class=481 matrices=[ [ [ 1, 0 ], [ 21, 4 ] ], [ [ 1, 9 ], [ 0, 10 ] ], [ [ 1, 18 ], [ 9, 1 ] ], [ [ 10, 0 ], [ 0, 19 ] ] ]
SUBGROUP class=481 regular_orbits_total=1518 hits=0
DATA class=482 matrices=[ [ [ 1, 0 ], [ 21, 4 ] ], [ [ 1, 18 ], [ 0, 10 ] ], [ [ 1, 9 ], [ 9, 1 ] ], [ [ 10, 9 ], [ 0, 19 ] ] ]
SUBGROUP class=482 regular_orbits_total=1518 hits=0
DATA class=483 matrices=[ [ [ 1, 0 ], [ 21, 4 ] ], [ [ 1, 18 ], [ 0, 10 ] ], [ [ 1, 9 ], [ 9, 1 ] ], [ [ 10, 18 ], [ 0, 19 ] ] ]
SUBGROUP class=483 regular_orbits_total=1518 hits=0
DATA class=484 matrices=[ [ [ 1, 0 ], [ 21, 4 ] ], [ [ 1, 18 ], [ 0, 10 ] ], [ [ 1, 9 ], [ 9, 1 ] ], [ [ 10, 0 ], [ 0, 19 ] ] ]
SUBGROUP class=484 regular_orbits_total=1518 hits=0
DATA class=485 matrices=[ [ [ 1, 9 ], [ 21, 4 ] ], [ [ 1, 0 ], [ 0, 10 ] ], [ [ 1, 0 ], [ 9, 1 ] ], [ [ 10, 9 ], [ 0, 19 ] ] ]
SUBGROUP class=485 regular_orbits_total=1518 hits=0
DATA class=486 matrices=[ [ [ 1, 18 ], [ 21, 4 ] ], [ [ 1, 0 ], [ 0, 10 ] ], [ [ 1, 0 ], [ 9, 1 ] ], [ [ 10, 9 ], [ 0, 19 ] ] ]
SUBGROUP class=486 regular_orbits_total=1518 hits=0
DATA class=487 matrices=[ [ [ 1, 3 ], [ 21, 13 ] ], [ [ 1, 9 ], [ 0, 10 ] ], [ [ 1, 0 ], [ 9, 1 ] ], [ [ 10, 9 ], [ 0, 19 ] ] ]
SUBGROUP class=487 regular_orbits_total=1518 hits=0
DATA class=488 matrices=[ [ [ 1, 3 ], [ 21, 13 ] ], [ [ 1, 9 ], [ 0, 10 ] ], [ [ 1, 0 ], [ 9, 1 ] ], [ [ 10, 18 ], [ 0, 19 ] ] ]
SUBGROUP class=488 regular_orbits_total=1518 hits=0
DATA class=489 matrices=[ [ [ 1, 3 ], [ 21, 13 ] ], [ [ 1, 9 ], [ 0, 10 ] ], [ [ 1, 0 ], [ 9, 1 ] ], [ [ 10, 0 ], [ 0, 19 ] ] ]
SUBGROUP class=489 regular_orbits_total=1518 hits=0
DATA class=490 matrices=[ [ [ 1, 3 ], [ 21, 13 ] ], [ [ 1, 18 ], [ 0, 10 ] ], [ [ 1, 18 ], [ 9, 1 ] ], [ [ 10, 9 ], [ 0, 19 ] ] ]
SUBGROUP class=490 regular_orbits_total=1518 hits=0
DATA class=491 matrices=[ [ [ 1, 3 ], [ 21, 13 ] ], [ [ 1, 18 ], [ 0, 10 ] ], [ [ 1, 18 ], [ 9, 1 ] ], [ [ 10, 18 ], [ 0, 19 ] ] ]
SUBGROUP class=491 regular_orbits_total=1518 hits=0
DATA class=492 matrices=[ [ [ 1, 3 ], [ 21, 13 ] ], [ [ 1, 18 ], [ 0, 10 ] ], [ [ 1, 18 ], [ 9, 1 ] ], [ [ 10, 0 ], [ 0, 19 ] ] ]
SUBGROUP class=492 regular_orbits_total=1518 hits=0
DATA class=493 matrices=[ [ [ 1, 3 ], [ 21, 13 ] ], [ [ 1, 0 ], [ 0, 10 ] ], [ [ 1, 9 ], [ 9, 1 ] ], [ [ 10, 9 ], [ 0, 19 ] ] ]
SUBGROUP class=493 regular_orbits_total=1518 hits=0
DATA class=494 matrices=[ [ [ 1, 3 ], [ 21, 13 ] ], [ [ 1, 0 ], [ 0, 10 ] ], [ [ 1, 9 ], [ 9, 1 ] ], [ [ 10, 18 ], [ 0, 19 ] ] ]
SUBGROUP class=494 regular_orbits_total=1518 hits=0
DATA class=495 matrices=[ [ [ 1, 3 ], [ 21, 13 ] ], [ [ 1, 0 ], [ 0, 10 ] ], [ [ 1, 9 ], [ 9, 1 ] ], [ [ 10, 0 ], [ 0, 19 ] ] ]
SUBGROUP class=495 regular_orbits_total=1518 hits=0
DATA class=496 matrices=[ [ [ 1, 12 ], [ 21, 13 ] ], [ [ 1, 18 ], [ 0, 10 ] ], [ [ 1, 18 ], [ 9, 1 ] ], [ [ 10, 9 ], [ 0, 19 ] ] ]
SUBGROUP class=496 regular_orbits_total=1518 hits=0
DATA class=497 matrices=[ [ [ 1, 21 ], [ 21, 13 ] ], [ [ 1, 18 ], [ 0, 10 ] ], [ [ 1, 18 ], [ 9, 1 ] ], [ [ 10, 9 ], [ 0, 19 ] ] ]
SUBGROUP class=497 regular_orbits_total=1518 hits=0
DATA class=498 matrices=[ [ [ 1, 6 ], [ 21, 22 ] ], [ [ 1, 18 ], [ 0, 10 ] ], [ [ 1, 0 ], [ 9, 1 ] ], [ [ 10, 9 ], [ 0, 19 ] ] ]
SUBGROUP class=498 regular_orbits_total=1518 hits=0
DATA class=499 matrices=[ [ [ 1, 6 ], [ 21, 22 ] ], [ [ 1, 18 ], [ 0, 10 ] ], [ [ 1, 0 ], [ 9, 1 ] ], [ [ 10, 18 ], [ 0, 19 ] ] ]
SUBGROUP class=499 regular_orbits_total=1518 hits=0
DATA class=500 matrices=[ [ [ 1, 6 ], [ 21, 22 ] ], [ [ 1, 18 ], [ 0, 10 ] ], [ [ 1, 0 ], [ 9, 1 ] ], [ [ 10, 0 ], [ 0, 19 ] ] ]
SUBGROUP class=500 regular_orbits_total=1518 hits=0
DATA class=501 matrices=[ [ [ 1, 6 ], [ 21, 22 ] ], [ [ 1, 0 ], [ 0, 10 ] ], [ [ 1, 18 ], [ 9, 1 ] ], [ [ 10, 9 ], [ 0, 19 ] ] ]
SUBGROUP class=501 regular_orbits_total=1518 hits=0
DATA class=502 matrices=[ [ [ 1, 6 ], [ 21, 22 ] ], [ [ 1, 0 ], [ 0, 10 ] ], [ [ 1, 18 ], [ 9, 1 ] ], [ [ 10, 18 ], [ 0, 19 ] ] ]
SUBGROUP class=502 regular_orbits_total=1518 hits=0
DATA class=503 matrices=[ [ [ 1, 6 ], [ 21, 22 ] ], [ [ 1, 0 ], [ 0, 10 ] ], [ [ 1, 18 ], [ 9, 1 ] ], [ [ 10, 0 ], [ 0, 19 ] ] ]
SUBGROUP class=503 regular_orbits_total=1518 hits=0
DATA class=504 matrices=[ [ [ 1, 6 ], [ 21, 22 ] ], [ [ 1, 9 ], [ 0, 10 ] ], [ [ 1, 9 ], [ 9, 1 ] ], [ [ 10, 9 ], [ 0, 19 ] ] ]
SUBGROUP class=504 regular_orbits_total=1518 hits=0
DATA class=505 matrices=[ [ [ 1, 6 ], [ 21, 22 ] ], [ [ 1, 9 ], [ 0, 10 ] ], [ [ 1, 9 ], [ 9, 1 ] ], [ [ 10, 18 ], [ 0, 19 ] ] ]
SUBGROUP class=505 regular_orbits_total=1518 hits=0
DATA class=506 matrices=[ [ [ 1, 6 ], [ 21, 22 ] ], [ [ 1, 9 ], [ 0, 10 ] ], [ [ 1, 9 ], [ 9, 1 ] ], [ [ 10, 0 ], [ 0, 19 ] ] ]
SUBGROUP class=506 regular_orbits_total=1518 hits=0
DATA class=507 matrices=[ [ [ 1, 15 ], [ 21, 22 ] ], [ [ 1, 9 ], [ 0, 10 ] ], [ [ 1, 9 ], [ 9, 1 ] ], [ [ 10, 9 ], [ 0, 19 ] ] ]
SUBGROUP class=507 regular_orbits_total=1518 hits=0
DATA class=508 matrices=[ [ [ 1, 24 ], [ 21, 22 ] ], [ [ 1, 9 ], [ 0, 10 ] ], [ [ 1, 9 ], [ 9, 1 ] ], [ [ 10, 9 ], [ 0, 19 ] ] ]
SUBGROUP class=508 regular_orbits_total=1518 hits=0
DATA class=509 matrices=[ [ [ 1, 9 ], [ 0, 1 ] ], [ [ 1, 1 ], [ 21, 25 ] ], [ [ 10, 9 ], [ 0, 1 ] ], [ [ 19, 6 ], [ 18, 10 ] ] ]
SUBGROUP class=509 regular_orbits_total=1524 hits=0
DATA class=510 matrices=[ [ [ 1, 9 ], [ 0, 1 ] ], [ [ 1, 1 ], [ 21, 25 ] ], [ [ 19, 9 ], [ 0, 19 ] ], [ [ 10, 6 ], [ 18, 19 ] ] ]
SUBGROUP class=510 regular_orbits_total=1530 hits=0
DATA class=511 matrices=[ [ [ 1, 9 ], [ 0, 1 ] ], [ [ 1, 1 ], [ 21, 25 ] ], [ [ 1, 0 ], [ 0, 10 ] ], [ [ 1, 6 ], [ 18, 1 ] ] ]
SUBGROUP class=511 regular_orbits_total=1530 hits=0
DATA class=512 matrices=[ [ [ 1, 9 ], [ 0, 1 ] ], [ [ 1, 2 ], [ 21, 19 ] ], [ [ 19, 9 ], [ 0, 19 ] ], [ [ 19, 6 ], [ 9, 10 ] ] ]
SUBGROUP class=512 regular_orbits_total=1536 hits=0
DATA class=513 matrices=[ [ [ 1, 9 ], [ 0, 1 ] ], [ [ 1, 2 ], [ 21, 19 ] ], [ [ 19, 9 ], [ 0, 19 ] ], [ [ 1, 6 ], [ 9, 1 ] ] ]
SUBGROUP class=513 regular_orbits_total=1542 hits=0
DATA class=514 matrices=[ [ [ 1, 9 ], [ 0, 1 ] ], [ [ 1, 2 ], [ 21, 19 ] ], [ [ 19, 9 ], [ 0, 19 ] ], [ [ 10, 6 ], [ 9, 19 ] ] ]
SUBGROUP class=514 regular_orbits_total=1548 hits=0
DATA class=515 matrices=[ [ [ 1, 9 ], [ 0, 1 ] ], [ [ 4, 1 ], [ 15, 25 ] ], [ [ 1, 0 ], [ 0, 10 ] ], [ [ 19, 9 ], [ 0, 10 ] ] ]
SUBGROUP class=515 regular_orbits_total=1548 hits=0
DATA class=516 matrices=[ [ [ 1, 9 ], [ 0, 1 ] ], [ [ 4, 13 ], [ 15, 16 ] ], [ [ 1, 0 ], [ 0, 10 ] ], [ [ 19, 9 ], [ 0, 10 ] ] ]
SUBGROUP class=516 regular_orbits_total=1548 hits=0
DATA class=517 matrices=[ [ [ 1, 9 ], [ 0, 1 ] ], [ [ 4, 25 ], [ 15, 7 ] ], [ [ 1, 0 ], [ 0, 10 ] ], [ [ 19, 9 ], [ 0, 10 ] ] ]
SUBGROUP class=517 regular_orbits_total=1548 hits=0
DATA class=518 matrices=[ [ [ 1, 9 ], [ 0, 1 ] ], [ [ 4, 5 ], [ 15, 13 ] ], [ [ 1, 3 ], [ 9, 10 ] ], [ [ 19, 9 ], [ 0, 10 ] ] ]
SUBGROUP class=518 regular_orbits_total=1554 hits=0
DATA class=519 matrices=[ [ [ 1, 9 ], [ 0, 1 ] ], [ [ 4, 17 ], [ 15, 4 ] ], [ [ 1, 3 ], [ 9, 10 ] ], [ [ 19, 9 ], [ 0, 10 ] ] ]
SUBGROUP class=519 regular_orbits_total=1560 hits=0
DATA class=520 matrices=[ [ [ 1, 9 ], [ 0, 1 ] ], [ [ 4, 2 ], [ 15, 22 ] ], [ [ 1, 3 ], [ 9, 10 ] ], [ [ 19, 9 ], [ 0, 10 ] ] ]
SUBGROUP class=520 regular_orbits_total=1566 hits=0
DATA class=521 matrices=[ [ [ 1, 9 ], [ 0, 1 ] ], [ [ 4, 9 ], [ 15, 1 ] ], [ [ 1, 0 ], [ 18, 10 ] ], [ [ 10, 9 ], [ 0, 19 ] ] ]
SUBGROUP class=521 regular_orbits_total=1566 hits=0
DATA class=522 matrices=[ [ [ 1, 9 ], [ 0, 1 ] ], [ [ 4, 21 ], [ 15, 19 ] ], [ [ 1, 0 ], [ 18, 10 ] ], [ [ 10, 9 ], [ 0, 19 ] ] ]
SUBGROUP class=522 regular_orbits_total=1566 hits=0
DATA class=523 matrices=[ [ [ 1, 9 ], [ 0, 1 ] ], [ [ 4, 6 ], [ 15, 10 ] ], [ [ 1, 0 ], [ 18, 10 ] ], [ [ 10, 9 ], [ 0, 19 ] ] ]
SUBGROUP class=523 regular_orbits_total=1566 hits=0
DATA class=524 matrices=[ [ [ 1, 9 ], [ 0, 1 ] ], [ [ 1, 0 ], [ 6, 4 ] ], [ [ 1, 0 ], [ 0, 10 ] ], [ [ 1, 0 ], [ 18, 1 ] ] ]
SUBGROUP class=524 regular_orbits_total=1566 hits=0
DATA class=525 matrices=[ [ [ 1, 9 ], [ 0, 1 ] ], [ [ 1, 0 ], [ 6, 4 ] ], [ [ 10, 9 ], [ 0, 1 ] ], [ [ 19, 9 ], [ 18, 10 ] ] ]
SUBGROUP class=525 regular_orbits_total=1566 hits=0
DATA class=526 matrices=[ [ [ 1, 9 ], [ 0, 1 ] ], [ [ 1, 0 ], [ 6, 4 ] ], [ [ 19, 9 ], [ 0, 19 ] ], [ [ 10, 9 ], [ 18, 19 ] ] ]
SUBGROUP class=526 regular_orbits_total=1566 hits=0
DATA class=527 matrices=[ [ [ 1, 9 ], [ 0, 1 ] ], [ [ 1, 3 ], [ 6, 22 ] ], [ [ 1, 0 ], [ 0, 10 ] ], [ [ 1, 0 ], [ 18, 1 ] ] ]
SUBGROUP class=527 regular_orbits_total=1566 hits=0
DATA class=528 matrices=[ [ [ 1, 9 ], [ 0, 1 ] ], [ [ 1, 3 ], [ 6, 22 ] ], [ [ 10, 9 ], [ 0, 1 ] ], [ [ 19, 9 ], [ 18, 10 ] ] ]
SUBGROUP class=528 regular_orbits_total=1566 hits=0
DATA class=529 matrices=[ [ [ 1, 9 ], [ 0, 1 ] ], [ [ 1, 3 ], [ 6, 22 ] ], [ [ 19, 9 ], [ 0, 19 ] ], [ [ 10, 9 ], [ 18, 19 ] ] ]
SUBGROUP class=529 regular_orbits_total=1566 hits=0
DATA class=530 matrices=[ [ [ 1, 9 ], [ 0, 1 ] ], [ [ 1, 6 ], [ 6, 13 ] ], [ [ 1, 0 ], [ 0, 10 ] ], [ [ 1, 0 ], [ 18, 1 ] ] ]
SUBGROUP class=530 regular_orbits_total=1566 hits=0
DATA class=531 matrices=[ [ [ 1, 9 ], [ 0, 1 ] ], [ [ 1, 6 ], [ 6, 13 ] ], [ [ 10, 9 ], [ 0, 1 ] ], [ [ 19, 9 ], [ 18, 10 ] ] ]
SUBGROUP class=531 regular_orbits_total=1566 hits=0
DATA class=532 matrices=[ [ [ 1, 9 ], [ 0, 1 ] ], [ [ 1, 6 ], [ 6, 13 ] ], [ [ 19, 9 ], [ 0, 19 ] ], [ [ 10, 9 ], [ 18, 19 ] ] ]
SUBGROUP class=532 regular_orbits_total=1566 hits=0
DATA class=533 matrices=[ [ [ 1, 0 ], [ 6, 4 ] ], [ [ 1, 0 ], [ 0, 10 ] ], [ [ 1, 0 ], [ 18, 1 ] ], [ [ 10, 9 ], [ 0, 19 ] ] ]
SUBGROUP class=533 regular_orbits_total=1566 hits=0
DATA class=534 matrices=[ [ [ 1, 0 ], [ 6, 4 ] ], [ [ 1, 0 ], [ 0, 10 ] ], [ [ 1, 0 ], [ 18, 1 ] ], [ [ 10, 18 ], [ 0, 19 ] ] ]
SUBGROUP class=534 regular_orbits_total=1566 hits=0
DATA class=535 matrices=[ [ [ 1, 0 ], [ 6, 4 ] ], [ [ 1, 0 ], [ 0, 10 ] ], [ [ 1, 0 ], [ 18, 1 ] ], [ [ 10, 0 ], [ 0, 19 ] ] ]
SUBGROUP class=535 regular_orbits_total=1566 hits=0
DATA class=536 matrices=[ [ [ 1, 0 ], [ 6, 4 ] ], [ [ 1, 9 ], [ 0, 10 ] ], [ [ 1, 18 ], [ 18, 1 ] ], [ [ 10, 9 ], [ 0, 19 ] ] ]
SUBGROUP class=536 regular_orbits_total=1566 hits=0
DATA class=537 matrices=[ [ [ 1, 0 ], [ 6, 4 ] ], [ [ 1, 9 ], [ 0, 10 ] ], [ [ 1, 18 ], [ 18, 1 ] ], [ [ 10, 18 ], [ 0, 19 ] ] ]
SUBGROUP class=537 regular_orbits_total=1566 hits=0
DATA class=538 matrices=[ [ [ 1, 0 ], [ 6, 4 ] ], [ [ 1, 9 ], [ 0, 10 ] ], [ [ 1, 18 ], [ 18, 1 ] ], [ [ 10, 0 ], [ 0, 19 ] ] ]
SUBGROUP class=538 regular_orbits_total=1566 hits=0
DATA class=539 matrices=[ [ [ 1, 0 ], [ 6, 4 ] ], [ [ 1, 18 ], [ 0, 10 ] ], [ [ 1, 9 ], [ 18, 1 ] ], [ [ 10, 9 ], [ 0, 19 ] ] ]
SUBGROUP class=539 regular_orbits_total=1566 hits=0
DATA class=540 matrices=[ [ [ 1, 0 ], [ 6, 4 ] ], [ [ 1, 18 ], [ 0, 10 ] ], [ [ 1, 9 ], [ 18, 1 ] ], [ [ 10, 18 ], [ 0, 19 ] ] ]
SUBGROUP class=540 regular_orbits_total=1566 hits=0
DATA class=541 matrices=[ [ [ 1, 0 ], [ 6, 4 ] ], [ [ 1, 18 ], [ 0, 10 ] ], [ [ 1, 9 ], [ 18, 1 ] ], [ [ 10, 0 ], [ 0, 19 ] ] ]
SUBGROUP class=541 regular_orbits_total=1566 hits=0
DATA class=542 matrices=[ [ [ 1, 9 ], [ 6, 4 ] ], [ [ 1, 0 ], [ 0, 10 ] ], [ [ 1, 0 ], [ 18, 1 ] ], [ [ 10, 18 ], [ 0, 19 ] ] ]
SUBGROUP class=542 regular_orbits_total=1566 hits=0
DATA class=543 matrices=[ [ [ 1, 18 ], [ 6, 4 ] ], [ [ 1, 0 ], [ 0, 10 ] ], [ [ 1, 0 ], [ 18, 1 ] ], [ [ 10, 18 ], [ 0, 19 ] ] ]
SUBGROUP class=543 regular_orbits_total=1566 hits=0
DATA class=544 matrices=[ [ [ 1, 3 ], [ 6, 22 ] ], [ [ 1, 9 ], [ 0, 10 ] ], [ [ 1, 0 ], [ 18, 1 ] ], [ [ 10, 9 ], [ 0, 19 ] ] ]
SUBGROUP class=544 regular_orbits_total=1566 hits=0
DATA class=545 matrices=[ [ [ 1, 3 ], [ 6, 22 ] ], [ [ 1, 9 ], [ 0, 10 ] ], [ [ 1, 0 ], [ 18, 1 ] ], [ [ 10, 18 ], [ 0, 19 ] ] ]
SUBGROUP class=545 regular_orbits_total=1566 hits=0
DATA class=546 matrices=[ [ [ 1, 3 ], [ 6, 22 ] ], [ [ 1, 9 ], [ 0, 10 ] ], [ [ 1, 0 ], [ 18, 1 ] ], [ [ 10, 0 ], [ 0, 19 ] ] ]
SUBGROUP class=546 regular_orbits_total=1566 hits=0
DATA class=547 matrices=[ [ [ 1, 3 ], [ 6, 22 ] ], [ [ 1, 18 ], [ 0, 10 ] ], [ [ 1, 18 ], [ 18, 1 ] ], [ [ 10, 9 ], [ 0, 19 ] ] ]
SUBGROUP class=547 regular_orbits_total=1566 hits=0
DATA class=548 matrices=[ [ [ 1, 3 ], [ 6, 22 ] ], [ [ 1, 18 ], [ 0, 10 ] ], [ [ 1, 18 ], [ 18, 1 ] ], [ [ 10, 18 ], [ 0, 19 ] ] ]
SUBGROUP class=548 regular_orbits_total=1566 hits=0
DATA class=549 matrices=[ [ [ 1, 3 ], [ 6, 22 ] ], [ [ 1, 18 ], [ 0, 10 ] ], [ [ 1, 18 ], [ 18, 1 ] ], [ [ 10, 0 ], [ 0, 19 ] ] ]
SUBGROUP class=549 regular_orbits_total=1566 hits=0
DATA class=550 matrices=[ [ [ 1, 3 ], [ 6, 22 ] ], [ [ 1, 0 ], [ 0, 10 ] ], [ [ 1, 9 ], [ 18, 1 ] ], [ [ 10, 9 ], [ 0, 19 ] ] ]
SUBGROUP class=550 regular_orbits_total=1566 hits=0
DATA class=551 matrices=[ [ [ 1, 3 ], [ 6, 22 ] ], [ [ 1, 0 ], [ 0, 10 ] ], [ [ 1, 9 ], [ 18, 1 ] ], [ [ 10, 18 ], [ 0, 19 ] ] ]
SUBGROUP class=551 regular_orbits_total=1566 hits=0
DATA class=552 matrices=[ [ [ 1, 3 ], [ 6, 22 ] ], [ [ 1, 0 ], [ 0, 10 ] ], [ [ 1, 9 ], [ 18, 1 ] ], [ [ 10, 0 ], [ 0, 19 ] ] ]
SUBGROUP class=552 regular_orbits_total=1566 hits=0
DATA class=553 matrices=[ [ [ 1, 12 ], [ 6, 22 ] ], [ [ 1, 18 ], [ 0, 10 ] ], [ [ 1, 18 ], [ 18, 1 ] ], [ [ 10, 18 ], [ 0, 19 ] ] ]
SUBGROUP class=553 regular_orbits_total=1566 hits=0
DATA class=554 matrices=[ [ [ 1, 21 ], [ 6, 22 ] ], [ [ 1, 18 ], [ 0, 10 ] ], [ [ 1, 18 ], [ 18, 1 ] ], [ [ 10, 18 ], [ 0, 19 ] ] ]
SUBGROUP class=554 regular_orbits_total=1566 hits=0
DATA class=555 matrices=[ [ [ 1, 6 ], [ 6, 13 ] ], [ [ 1, 18 ], [ 0, 10 ] ], [ [ 1, 0 ], [ 18, 1 ] ], [ [ 10, 9 ], [ 0, 19 ] ] ]
SUBGROUP class=555 regular_orbits_total=1566 hits=0
DATA class=556 matrices=[ [ [ 1, 6 ], [ 6, 13 ] ], [ [ 1, 18 ], [ 0, 10 ] ], [ [ 1, 0 ], [ 18, 1 ] ], [ [ 10, 18 ], [ 0, 19 ] ] ]
SUBGROUP class=556 regular_orbits_total=1566 hits=0
DATA class=557 matrices=[ [ [ 1, 6 ], [ 6, 13 ] ], [ [ 1, 18 ], [ 0, 10 ] ], [ [ 1, 0 ], [ 18, 1 ] ], [ [ 10, 0 ], [ 0, 19 ] ] ]
SUBGROUP class=557 regular_orbits_total=1566 hits=0
DATA class=558 matrices=[ [ [ 1, 6 ], [ 6, 13 ] ], [ [ 1, 0 ], [ 0, 10 ] ], [ [ 1, 18 ], [ 18, 1 ] ], [ [ 10, 9 ], [ 0, 19 ] ] ]
SUBGROUP class=558 regular_orbits_total=1566 hits=0
DATA class=559 matrices=[ [ [ 1, 6 ], [ 6, 13 ] ], [ [ 1, 0 ], [ 0, 10 ] ], [ [ 1, 18 ], [ 18, 1 ] ], [ [ 10, 18 ], [ 0, 19 ] ] ]
SUBGROUP class=559 regular_orbits_total=1566 hits=0
DATA class=560 matrices=[ [ [ 1, 6 ], [ 6, 13 ] ], [ [ 1, 0 ], [ 0, 10 ] ], [ [ 1, 18 ], [ 18, 1 ] ], [ [ 10, 0 ], [ 0, 19 ] ] ]
SUBGROUP class=560 regular_orbits_total=1566 hits=0
DATA class=561 matrices=[ [ [ 1, 6 ], [ 6, 13 ] ], [ [ 1, 9 ], [ 0, 10 ] ], [ [ 1, 9 ], [ 18, 1 ] ], [ [ 10, 9 ], [ 0, 19 ] ] ]
SUBGROUP class=561 regular_orbits_total=1566 hits=0
DATA class=562 matrices=[ [ [ 1, 6 ], [ 6, 13 ] ], [ [ 1, 9 ], [ 0, 10 ] ], [ [ 1, 9 ], [ 18, 1 ] ], [ [ 10, 18 ], [ 0, 19 ] ] ]
SUBGROUP class=562 regular_orbits_total=1566 hits=0
DATA class=563 matrices=[ [ [ 1, 6 ], [ 6, 13 ] ], [ [ 1, 9 ], [ 0, 10 ] ], [ [ 1, 9 ], [ 18, 1 ] ], [ [ 10, 0 ], [ 0, 19 ] ] ]
SUBGROUP class=563 regular_orbits_total=1566 hits=0
DATA class=564 matrices=[ [ [ 1, 15 ], [ 6, 13 ] ], [ [ 1, 9 ], [ 0, 10 ] ], [ [ 1, 9 ], [ 18, 1 ] ], [ [ 10, 18 ], [ 0, 19 ] ] ]
SUBGROUP class=564 regular_orbits_total=1566 hits=0
DATA class=565 matrices=[ [ [ 1, 24 ], [ 6, 13 ] ], [ [ 1, 9 ], [ 0, 10 ] ], [ [ 1, 9 ], [ 18, 1 ] ], [ [ 10, 18 ], [ 0, 19 ] ] ]
SUBGROUP class=565 regular_orbits_total=1566 hits=0
DATA class=566 matrices=[ [ [ 1, 9 ], [ 0, 1 ] ], [ [ 1, 1 ], [ 6, 10 ] ], [ [ 19, 9 ], [ 0, 19 ] ], [ [ 19, 6 ], [ 9, 10 ] ] ]
SUBGROUP class=566 regular_orbits_total=1572 hits=0
DATA class=567 matrices=[ [ [ 1, 9 ], [ 0, 1 ] ], [ [ 1, 1 ], [ 6, 10 ] ], [ [ 19, 9 ], [ 0, 19 ] ], [ [ 1, 6 ], [ 9, 1 ] ] ]
SUBGROUP class=567 regular_orbits_total=1578 hits=0
DATA class=568 matrices=[ [ [ 1, 9 ], [ 0, 1 ] ], [ [ 1, 1 ], [ 6, 10 ] ], [ [ 19, 9 ], [ 0, 19 ] ], [ [ 10, 6 ], [ 9, 19 ] ] ]
SUBGROUP class=568 regular_orbits_total=1584 hits=0
DATA class=569 matrices=[ [ [ 1, 9 ], [ 0, 1 ] ], [ [ 1, 2 ], [ 6, 16 ] ], [ [ 19, 9 ], [ 0, 19 ] ], [ [ 10, 3 ], [ 9, 19 ] ] ]
SUBGROUP class=569 regular_orbits_total=1590 hits=0
DATA class=570 matrices=[ [ [ 1, 9 ], [ 0, 1 ] ], [ [ 1, 2 ], [ 6, 16 ] ], [ [ 1, 0 ], [ 0, 10 ] ], [ [ 1, 3 ], [ 9, 1 ] ] ]
SUBGROUP class=570 regular_orbits_total=1590 hits=0
DATA class=571 matrices=[ [ [ 1, 9 ], [ 0, 1 ] ], [ [ 1, 2 ], [ 6, 16 ] ], [ [ 10, 9 ], [ 0, 1 ] ], [ [ 19, 12 ], [ 9, 10 ] ] ]
SUBGROUP class=571 regular_orbits_total=1596 hits=0
DONE subgroup_classes=571 regular_orbits=1596 periodicity_checks=1596 hits=0 ms=5144
