PARAMETERS start=256 end=256 start_id=24543 end_id=28048 skip_abelian=true log_all=true
ORDER_START order=256 groups=56092
COUNTS id=[ 256, 24543 ] end=393216 piso=5465600
CLOSEST id=[ 256, 24543 ] end=393216 piso=5465600 ratio=10675/768
COUNTS id=[ 256, 24544 ] end=229376 piso=3028480
CLOSEST id=[ 256, 24544 ] end=229376 piso=3028480 ratio=845/64
COUNTS id=[ 256, 24545 ] end=376832 piso=5461504
COUNTS id=[ 256, 24546 ] end=81920 piso=2278912
COUNTS id=[ 256, 24547 ] end=229376 piso=3061248
COUNTS id=[ 256, 24548 ] end=229376 piso=2905600
CLOSEST id=[ 256, 24548 ] end=229376 piso=2905600 ratio=5675/448
COUNTS id=[ 256, 24549 ] end=376832 piso=5338624
COUNTS id=[ 256, 24550 ] end=81920 piso=2156032
COUNTS id=[ 256, 24551 ] end=229376 piso=2938368
COUNTS id=[ 256, 24552 ] end=393216 piso=5658112
COUNTS id=[ 256, 24553 ] end=98304 piso=2119168
COUNTS id=[ 256, 24554 ] end=229376 piso=3085824
COUNTS id=[ 256, 24555 ] end=229376 piso=2835968
CLOSEST id=[ 256, 24555 ] end=229376 piso=2835968 ratio=5539/448
COUNTS id=[ 256, 24556 ] end=98304 piso=2418176
COUNTS id=[ 256, 24557 ] end=393216 piso=5342720
COUNTS id=[ 256, 24558 ] end=315392 piso=3968512
COUNTS id=[ 256, 24559 ] end=20480 piso=2043392
COUNTS id=[ 256, 24560 ] end=20480 piso=2584064
COUNTS id=[ 256, 24561 ] end=315392 piso=3436032
CLOSEST id=[ 256, 24561 ] end=315392 piso=3436032 ratio=6711/616
COUNTS id=[ 256, 24562 ] end=315392 piso=3968512
COUNTS id=[ 256, 24563 ] end=20480 piso=2043392
COUNTS id=[ 256, 24564 ] end=20480 piso=2584064
COUNTS id=[ 256, 24565 ] end=315392 piso=3436032
COUNTS id=[ 256, 24566 ] end=151552 piso=2133504
COUNTS id=[ 256, 24567 ] end=151552 piso=1895936
COUNTS id=[ 256, 24568 ] end=151552 piso=1805824
COUNTS id=[ 256, 24569 ] end=151552 piso=2223616
COUNTS id=[ 256, 24570 ] end=151552 piso=2133504
COUNTS id=[ 256, 24571 ] end=151552 piso=1895936
COUNTS id=[ 256, 24572 ] end=151552 piso=1805824
COUNTS id=[ 256, 24573 ] end=151552 piso=2223616
COUNTS id=[ 256, 24574 ] end=151552 piso=2569728
COUNTS id=[ 256, 24575 ] end=151552 piso=1803776
COUNTS id=[ 256, 24576 ] end=151552 piso=2299392
COUNTS id=[ 256, 24577 ] end=151552 piso=2131456
COUNTS id=[ 256, 24578 ] end=151552 piso=2569728
COUNTS id=[ 256, 24579 ] end=151552 piso=1803776
COUNTS id=[ 256, 24580 ] end=151552 piso=2299392
COUNTS id=[ 256, 24581 ] end=151552 piso=2131456
COUNTS id=[ 256, 24582 ] end=315392 piso=3429888
CLOSEST id=[ 256, 24582 ] end=315392 piso=3429888 ratio=87/8
COUNTS id=[ 256, 24583 ] end=20480 piso=2115072
COUNTS id=[ 256, 24584 ] end=20480 piso=2037248
COUNTS id=[ 256, 24585 ] end=315392 piso=3524096
COUNTS id=[ 256, 24586 ] end=315392 piso=3429888
COUNTS id=[ 256, 24587 ] end=20480 piso=2115072
COUNTS id=[ 256, 24588 ] end=20480 piso=2037248
COUNTS id=[ 256, 24589 ] end=315392 piso=3524096
COUNTS id=[ 256, 24590 ] end=229376 piso=3219456
COUNTS id=[ 256, 24591 ] end=81920 piso=1871872
COUNTS id=[ 256, 24592 ] end=81920 piso=2177024
COUNTS id=[ 256, 24593 ] end=229376 piso=2906112
COUNTS id=[ 256, 24594 ] end=229376 piso=3137536
COUNTS id=[ 256, 24595 ] end=81920 piso=1880064
COUNTS id=[ 256, 24596 ] end=81920 piso=2115584
COUNTS id=[ 256, 24597 ] end=229376 piso=2926592
COUNTS id=[ 256, 24598 ] end=229376 piso=3022848
COUNTS id=[ 256, 24599 ] end=81920 piso=1949696
COUNTS id=[ 256, 24600 ] end=81920 piso=2004992
COUNTS id=[ 256, 24601 ] end=229376 piso=3008512
COUNTS id=[ 256, 24602 ] end=229376 piso=2945024
COUNTS id=[ 256, 24603 ] end=81920 piso=1970176
COUNTS id=[ 256, 24604 ] end=81920 piso=1931264
COUNTS id=[ 256, 24605 ] end=229376 piso=3024896
COUNTS id=[ 256, 24606 ] end=229376 piso=2820096
COUNTS id=[ 256, 24607 ] end=81920 piso=1845248
COUNTS id=[ 256, 24608 ] end=81920 piso=1802240
COUNTS id=[ 256, 24609 ] end=229376 piso=2895872
COUNTS id=[ 256, 24610 ] end=229376 piso=2893824
COUNTS id=[ 256, 24611 ] end=81920 piso=1820672
COUNTS id=[ 256, 24612 ] end=81920 piso=1880064
COUNTS id=[ 256, 24613 ] end=229376 piso=2883584
COUNTS id=[ 256, 24614 ] end=229376 piso=2979840
COUNTS id=[ 256, 24615 ] end=81920 piso=1755136
COUNTS id=[ 256, 24616 ] end=81920 piso=1953792
COUNTS id=[ 256, 24617 ] end=229376 piso=2797568
COUNTS id=[ 256, 24618 ] end=229376 piso=3057664
COUNTS id=[ 256, 24619 ] end=81920 piso=1742848
COUNTS id=[ 256, 24620 ] end=81920 piso=2019328
COUNTS id=[ 256, 24621 ] end=229376 piso=2781184
COUNTS id=[ 256, 24622 ] end=512000 piso=6589440
COUNTS id=[ 256, 24623 ] end=20480 piso=2644992
COUNTS id=[ 256, 24624 ] end=184320 piso=3513344
COUNTS id=[ 256, 24625 ] end=315392 piso=3599360
COUNTS id=[ 256, 24626 ] end=348160 piso=4105216
COUNTS id=[ 256, 24627 ] end=151552 piso=2577408
COUNTS id=[ 256, 24628 ] end=86016 piso=3548160
COUNTS id=[ 256, 24629 ] end=446464 piso=6083584
COUNTS id=[ 256, 24630 ] end=151552 piso=2395136
COUNTS id=[ 256, 24631 ] end=282624 piso=3456000
COUNTS id=[ 256, 24632 ] end=151552 piso=2145280
COUNTS id=[ 256, 24633 ] end=282624 piso=4180992
COUNTS id=[ 256, 24634 ] end=282624 piso=3888128
COUNTS id=[ 256, 24635 ] end=151552 piso=2622464
COUNTS id=[ 256, 24636 ] end=282624 piso=3183616
COUNTS id=[ 256, 24637 ] end=151552 piso=2925568
COUNTS id=[ 256, 24638 ] end=151552 piso=3050496
COUNTS id=[ 256, 24639 ] end=282624 piso=3185664
COUNTS id=[ 256, 24640 ] end=151552 piso=2821120
COUNTS id=[ 256, 24641 ] end=282624 piso=3890176
COUNTS id=[ 256, 24642 ] end=282624 piso=4527104
PROGRESS checked=100 hits=0 reversed=0 runtime_ms=197474
COUNTS id=[ 256, 24643 ] end=151552 piso=2147328
COUNTS id=[ 256, 24644 ] end=282624 piso=3908608
COUNTS id=[ 256, 24645 ] end=151552 piso=2397184
COUNTS id=[ 256, 24646 ] end=446464 piso=6081536
COUNTS id=[ 256, 24647 ] end=20480 piso=3382272
COUNTS id=[ 256, 24648 ] end=151552 piso=2575360
COUNTS id=[ 256, 24649 ] end=315392 piso=3898368
COUNTS id=[ 256, 24650 ] end=315392 piso=3597312
COUNTS id=[ 256, 24651 ] end=151552 piso=3093504
COUNTS id=[ 256, 24652 ] end=20480 piso=2642944
COUNTS id=[ 256, 24653 ] end=446464 piso=6194176
COUNTS id=[ 256, 24654 ] end=2297856 piso=143254528
COUNTS id=[ 256, 24655 ] end=2297856 piso=143197184
COUNTS id=[ 256, 24656 ] end=167936 piso=16360448
COUNTS id=[ 256, 24657 ] end=167936 piso=16335872
COUNTS id=[ 256, 24658 ] end=364544 piso=4791296
COUNTS id=[ 256, 24659 ] end=364544 piso=4791296
COUNTS id=[ 256, 24660 ] end=2281472 piso=142232576
COUNTS id=[ 256, 24661 ] end=151552 piso=14797824
COUNTS id=[ 256, 24662 ] end=364544 piso=6235136
COUNTS id=[ 256, 24663 ] end=364544 piso=6202368
COUNTS id=[ 256, 24664 ] end=2281472 piso=142232576
COUNTS id=[ 256, 24665 ] end=151552 piso=14797824
COUNTS id=[ 256, 24666 ] end=364544 piso=6202368
COUNTS id=[ 256, 24667 ] end=364544 piso=6235136
COUNTS id=[ 256, 24668 ] end=2297856 piso=143205376
COUNTS id=[ 256, 24669 ] end=2297856 piso=143246336
COUNTS id=[ 256, 24670 ] end=167936 piso=16327680
COUNTS id=[ 256, 24671 ] end=167936 piso=16368640
COUNTS id=[ 256, 24672 ] end=364544 piso=4791296
COUNTS id=[ 256, 24673 ] end=364544 piso=4791296
COUNTS id=[ 256, 24674 ] end=81920 piso=3277312
COUNTS id=[ 256, 24675 ] end=81920 piso=2075136
COUNTS id=[ 256, 24676 ] end=81920 piso=3267072
COUNTS id=[ 256, 24677 ] end=81920 piso=2073088
COUNTS id=[ 256, 24678 ] end=81920 piso=3197440
COUNTS id=[ 256, 24679 ] end=81920 piso=2130432
COUNTS id=[ 256, 24680 ] end=81920 piso=3207680
COUNTS id=[ 256, 24681 ] end=81920 piso=2132480
COUNTS id=[ 256, 24682 ] end=81920 piso=2722304
COUNTS id=[ 256, 24683 ] end=81920 piso=1905152
COUNTS id=[ 256, 24684 ] end=81920 piso=2724352
COUNTS id=[ 256, 24685 ] end=81920 piso=1907200
COUNTS id=[ 256, 24686 ] end=81920 piso=2716160
COUNTS id=[ 256, 24687 ] end=81920 piso=1927680
COUNTS id=[ 256, 24688 ] end=81920 piso=2714112
COUNTS id=[ 256, 24689 ] end=81920 piso=1925632
COUNTS id=[ 256, 24690 ] end=81920 piso=2966016
COUNTS id=[ 256, 24691 ] end=81920 piso=1915392
COUNTS id=[ 256, 24692 ] end=81920 piso=2963968
COUNTS id=[ 256, 24693 ] end=81920 piso=1913344
COUNTS id=[ 256, 24694 ] end=81920 piso=2980352
COUNTS id=[ 256, 24695 ] end=81920 piso=1892864
COUNTS id=[ 256, 24696 ] end=81920 piso=2982400
COUNTS id=[ 256, 24697 ] end=81920 piso=1894912
COUNTS id=[ 256, 24698 ] end=81920 piso=2845184
COUNTS id=[ 256, 24699 ] end=81920 piso=2032128
COUNTS id=[ 256, 24700 ] end=81920 piso=2839040
COUNTS id=[ 256, 24701 ] end=81920 piso=2034176
COUNTS id=[ 256, 24702 ] end=81920 piso=2908672
COUNTS id=[ 256, 24703 ] end=81920 piso=1976832
COUNTS id=[ 256, 24704 ] end=81920 piso=2914816
COUNTS id=[ 256, 24705 ] end=81920 piso=1974784
COUNTS id=[ 256, 24706 ] end=528384 piso=9065472
COUNTS id=[ 256, 24707 ] end=495616 piso=6173696
COUNTS id=[ 256, 24708 ] end=331776 piso=6228992
COUNTS id=[ 256, 24709 ] end=315392 piso=3529728
COUNTS id=[ 256, 24710 ] end=200704 piso=5559296
COUNTS id=[ 256, 24711 ] end=167936 piso=2765824
COUNTS id=[ 256, 24712 ] end=151552 piso=3722240
COUNTS id=[ 256, 24713 ] end=315392 piso=4457472
COUNTS id=[ 256, 24714 ] end=315392 piso=4576256
COUNTS id=[ 256, 24715 ] end=479232 piso=7134208
COUNTS id=[ 256, 24716 ] end=479232 piso=7134208
COUNTS id=[ 256, 24717 ] end=315392 piso=4576256
COUNTS id=[ 256, 24718 ] end=315392 piso=4457472
COUNTS id=[ 256, 24719 ] end=151552 piso=3722240
COUNTS id=[ 256, 24720 ] end=167936 piso=5559296
COUNTS id=[ 256, 24721 ] end=167936 piso=2765824
COUNTS id=[ 256, 24722 ] end=315392 piso=6228992
COUNTS id=[ 256, 24723 ] end=315392 piso=3529728
COUNTS id=[ 256, 24724 ] end=495616 piso=9065472
COUNTS id=[ 256, 24725 ] end=495616 piso=6173696
COUNTS id=[ 256, 24726 ] end=229376 piso=4118528
COUNTS id=[ 256, 24727 ] end=229376 piso=2680832
COUNTS id=[ 256, 24728 ] end=229376 piso=4116480
COUNTS id=[ 256, 24729 ] end=229376 piso=2678784
COUNTS id=[ 256, 24730 ] end=81920 piso=3960832
COUNTS id=[ 256, 24731 ] end=81920 piso=2228224
COUNTS id=[ 256, 24732 ] end=81920 piso=3962880
COUNTS id=[ 256, 24733 ] end=81920 piso=2230272
COUNTS id=[ 256, 24734 ] end=81920 piso=2801664
COUNTS id=[ 256, 24735 ] end=81920 piso=2121728
COUNTS id=[ 256, 24736 ] end=81920 piso=2803712
COUNTS id=[ 256, 24737 ] end=81920 piso=2123776
COUNTS id=[ 256, 24738 ] end=229376 piso=3237888
COUNTS id=[ 256, 24739 ] end=229376 piso=2467840
CLOSEST id=[ 256, 24739 ] end=229376 piso=2467840 ratio=1205/112
COUNTS id=[ 256, 24740 ] end=229376 piso=3235840
COUNTS id=[ 256, 24741 ] end=229376 piso=2465792
CLOSEST id=[ 256, 24741 ] end=229376 piso=2465792 ratio=43/4
COUNTS id=[ 256, 24742 ] end=229376 piso=3491840
PROGRESS checked=200 hits=0 reversed=0 runtime_ms=399881
COUNTS id=[ 256, 24743 ] end=229376 piso=2529280
COUNTS id=[ 256, 24744 ] end=229376 piso=3493888
COUNTS id=[ 256, 24745 ] end=229376 piso=2531328
COUNTS id=[ 256, 24746 ] end=81920 piso=3239936
COUNTS id=[ 256, 24747 ] end=81920 piso=1982464
COUNTS id=[ 256, 24748 ] end=81920 piso=3237888
COUNTS id=[ 256, 24749 ] end=81920 piso=1980416
COUNTS id=[ 256, 24750 ] end=81920 piso=3026944
COUNTS id=[ 256, 24751 ] end=81920 piso=2912256
COUNTS id=[ 256, 24752 ] end=81920 piso=3024896
COUNTS id=[ 256, 24753 ] end=81920 piso=2910208
COUNTS id=[ 256, 24754 ] end=229376 piso=3377152
COUNTS id=[ 256, 24755 ] end=229376 piso=3155968
COUNTS id=[ 256, 24756 ] end=229376 piso=3379200
COUNTS id=[ 256, 24757 ] end=229376 piso=3158016
COUNTS id=[ 256, 24758 ] end=315392 piso=6199808
COUNTS id=[ 256, 24759 ] end=315392 piso=3439104
COUNTS id=[ 256, 24760 ] end=151552 piso=5192192
COUNTS id=[ 256, 24761 ] end=151552 piso=2349568
COUNTS id=[ 256, 24762 ] end=315392 piso=6154752
COUNTS id=[ 256, 24763 ] end=315392 piso=3435008
COUNTS id=[ 256, 24764 ] end=151552 piso=5147136
COUNTS id=[ 256, 24765 ] end=151552 piso=2353664
COUNTS id=[ 256, 24766 ] end=151552 piso=3373568
COUNTS id=[ 256, 24767 ] end=151552 piso=3426816
COUNTS id=[ 256, 24768 ] end=315392 piso=4483584
COUNTS id=[ 256, 24769 ] end=315392 piso=4422144
COUNTS id=[ 256, 24770 ] end=151552 piso=3373568
COUNTS id=[ 256, 24771 ] end=151552 piso=3369472
COUNTS id=[ 256, 24772 ] end=315392 piso=4483584
COUNTS id=[ 256, 24773 ] end=315392 piso=4372992
COUNTS id=[ 256, 24774 ] end=315392 piso=4485632
COUNTS id=[ 256, 24775 ] end=315392 piso=4366848
COUNTS id=[ 256, 24776 ] end=151552 piso=3371520
COUNTS id=[ 256, 24777 ] end=151552 piso=3359232
COUNTS id=[ 256, 24778 ] end=315392 piso=4481536
COUNTS id=[ 256, 24779 ] end=315392 piso=4411904
COUNTS id=[ 256, 24780 ] end=151552 piso=3375616
COUNTS id=[ 256, 24781 ] end=151552 piso=3420672
COUNTS id=[ 256, 24782 ] end=151552 piso=5095936
COUNTS id=[ 256, 24783 ] end=151552 piso=2351616
COUNTS id=[ 256, 24784 ] end=315392 piso=6107648
COUNTS id=[ 256, 24785 ] end=315392 piso=3437056
COUNTS id=[ 256, 24786 ] end=151552 piso=5145088
COUNTS id=[ 256, 24787 ] end=151552 piso=2351616
COUNTS id=[ 256, 24788 ] end=315392 piso=6148608
COUNTS id=[ 256, 24789 ] end=315392 piso=3437056
COUNTS id=[ 256, 24790 ] end=315392 piso=3439104
COUNTS id=[ 256, 24791 ] end=282624 piso=3072512
COUNTS id=[ 256, 24792 ] end=167936 piso=2281984
COUNTS id=[ 256, 24793 ] end=151552 piso=1796608
COUNTS id=[ 256, 24794 ] end=167936 piso=2544128
COUNTS id=[ 256, 24795 ] end=151552 piso=2165248
COUNTS id=[ 256, 24796 ] end=53248 piso=2517504
COUNTS id=[ 256, 24797 ] end=20480 piso=1987072
COUNTS id=[ 256, 24798 ] end=151552 piso=2218496
COUNTS id=[ 256, 24799 ] end=151552 piso=2511360
COUNTS id=[ 256, 24800 ] end=20480 piso=2040320
COUNTS id=[ 256, 24801 ] end=20480 piso=2484736
COUNTS id=[ 256, 24802 ] end=282624 piso=3281408
COUNTS id=[ 256, 24803 ] end=282624 piso=3242496
COUNTS id=[ 256, 24804 ] end=151552 piso=1989120
COUNTS id=[ 256, 24805 ] end=151552 piso=2109952
COUNTS id=[ 256, 24806 ] end=282624 piso=3439104
COUNTS id=[ 256, 24807 ] end=282624 piso=3072512
COUNTS id=[ 256, 24808 ] end=151552 piso=2281984
COUNTS id=[ 256, 24809 ] end=151552 piso=1796608
COUNTS id=[ 256, 24810 ] end=151552 piso=2544128
COUNTS id=[ 256, 24811 ] end=151552 piso=2165248
COUNTS id=[ 256, 24812 ] end=20480 piso=2517504
COUNTS id=[ 256, 24813 ] end=20480 piso=1987072
COUNTS id=[ 256, 24814 ] end=151552 piso=2218496
COUNTS id=[ 256, 24815 ] end=151552 piso=2511360
COUNTS id=[ 256, 24816 ] end=20480 piso=2040320
COUNTS id=[ 256, 24817 ] end=20480 piso=2484736
COUNTS id=[ 256, 24818 ] end=282624 piso=3281408
COUNTS id=[ 256, 24819 ] end=282624 piso=3242496
COUNTS id=[ 256, 24820 ] end=151552 piso=1989120
COUNTS id=[ 256, 24821 ] end=151552 piso=2109952
COUNTS id=[ 256, 24822 ] end=622592 piso=9593856
COUNTS id=[ 256, 24823 ] end=557056 piso=8104960
COUNTS id=[ 256, 24824 ] end=262144 piso=4113408
COUNTS id=[ 256, 24825 ] end=229376 piso=2784256
COUNTS id=[ 256, 24826 ] end=442368 piso=6691840
COUNTS id=[ 256, 24827 ] end=409600 piso=5325824
COUNTS id=[ 256, 24828 ] end=147456 piso=3845120
COUNTS id=[ 256, 24829 ] end=81920 piso=2630656
COUNTS id=[ 256, 24830 ] end=229376 piso=3089408
COUNTS id=[ 256, 24831 ] end=229376 piso=4287488
COUNTS id=[ 256, 24832 ] end=229376 piso=2581504
COUNTS id=[ 256, 24833 ] end=229376 piso=3349504
COUNTS id=[ 256, 24834 ] end=376832 piso=4373504
COUNTS id=[ 256, 24835 ] end=376832 piso=5465088
COUNTS id=[ 256, 24836 ] end=376832 piso=4000768
CLOSEST id=[ 256, 24836 ] end=376832 piso=4000768 ratio=3907/368
COUNTS id=[ 256, 24837 ] end=376832 piso=4604928
COUNTS id=[ 256, 24838 ] end=557056 piso=8102912
COUNTS id=[ 256, 24839 ] end=557056 piso=9133056
COUNTS id=[ 256, 24840 ] end=229376 piso=2782208
COUNTS id=[ 256, 24841 ] end=229376 piso=3496960
COUNTS id=[ 256, 24842 ] end=409600 piso=5323776
PROGRESS checked=300 hits=0 reversed=0 runtime_ms=627271
COUNTS id=[ 256, 24843 ] end=409600 piso=6493184
COUNTS id=[ 256, 24844 ] end=81920 piso=2628608
COUNTS id=[ 256, 24845 ] end=81920 piso=3490816
COUNTS id=[ 256, 24846 ] end=229376 piso=4494336
COUNTS id=[ 256, 24847 ] end=229376 piso=3091456
COUNTS id=[ 256, 24848 ] end=229376 piso=3613696
COUNTS id=[ 256, 24849 ] end=229376 piso=2583552
COUNTS id=[ 256, 24850 ] end=376832 piso=5917696
COUNTS id=[ 256, 24851 ] end=376832 piso=4375552
COUNTS id=[ 256, 24852 ] end=376832 piso=5147648
COUNTS id=[ 256, 24853 ] end=376832 piso=4002816
COUNTS id=[ 256, 24854 ] end=200704 piso=2714624
COUNTS id=[ 256, 24855 ] end=151552 piso=2302976
COUNTS id=[ 256, 24856 ] end=94208 piso=2460672
COUNTS id=[ 256, 24857 ] end=45056 piso=1946624
COUNTS id=[ 256, 24858 ] end=200704 piso=2644992
COUNTS id=[ 256, 24859 ] end=151552 piso=2307072
COUNTS id=[ 256, 24860 ] end=94208 piso=2415616
COUNTS id=[ 256, 24861 ] end=45056 piso=1958912
COUNTS id=[ 256, 24862 ] end=151552 piso=2644992
COUNTS id=[ 256, 24863 ] end=200704 piso=2450432
COUNTS id=[ 256, 24864 ] end=45056 piso=2280448
COUNTS id=[ 256, 24865 ] end=94208 piso=2212864
COUNTS id=[ 256, 24866 ] end=151552 piso=2485248
COUNTS id=[ 256, 24867 ] end=200704 piso=2454528
COUNTS id=[ 256, 24868 ] end=45056 piso=2128896
COUNTS id=[ 256, 24869 ] end=94208 piso=2208768
COUNTS id=[ 256, 24870 ] end=200704 piso=2606080
COUNTS id=[ 256, 24871 ] end=151552 piso=2300928
COUNTS id=[ 256, 24872 ] end=94208 piso=2368512
COUNTS id=[ 256, 24873 ] end=45056 piso=1952768
COUNTS id=[ 256, 24874 ] end=200704 piso=2667520
COUNTS id=[ 256, 24875 ] end=151552 piso=2296832
COUNTS id=[ 256, 24876 ] end=94208 piso=2421760
COUNTS id=[ 256, 24877 ] end=45056 piso=1940480
COUNTS id=[ 256, 24878 ] end=151552 piso=2491392
COUNTS id=[ 256, 24879 ] end=200704 piso=2468864
COUNTS id=[ 256, 24880 ] end=45056 piso=2135040
COUNTS id=[ 256, 24881 ] end=94208 piso=2214912
COUNTS id=[ 256, 24882 ] end=151552 piso=2651136
COUNTS id=[ 256, 24883 ] end=200704 piso=2456576
COUNTS id=[ 256, 24884 ] end=45056 piso=2286592
COUNTS id=[ 256, 24885 ] end=94208 piso=2227200
COUNTS id=[ 256, 24886 ] end=512000 piso=5356544
CLOSEST id=[ 256, 24886 ] end=512000 piso=5356544 ratio=5231/500
COUNTS id=[ 256, 24887 ] end=282624 piso=2759680
CLOSEST id=[ 256, 24887 ] end=282624 piso=2759680 ratio=2695/276
COUNTS id=[ 256, 24888 ] end=184320 piso=2159616
COUNTS id=[ 256, 24889 ] end=282624 piso=3011584
COUNTS id=[ 256, 24890 ] end=348160 piso=3462144
COUNTS id=[ 256, 24891 ] end=151552 piso=1942528
COUNTS id=[ 256, 24892 ] end=86016 piso=2440192
COUNTS id=[ 256, 24893 ] end=151552 piso=2329600
COUNTS id=[ 256, 24894 ] end=151552 piso=2315264
COUNTS id=[ 256, 24895 ] end=20480 piso=2401280
COUNTS id=[ 256, 24896 ] end=151552 piso=1956864
COUNTS id=[ 256, 24897 ] end=315392 piso=3451904
COUNTS id=[ 256, 24898 ] end=282624 piso=3128320
COUNTS id=[ 256, 24899 ] end=151552 piso=1989632
COUNTS id=[ 256, 24900 ] end=282624 piso=2905088
COUNTS id=[ 256, 24901 ] end=446464 piso=5198848
COUNTS id=[ 256, 24902 ] end=446464 piso=5356544
COUNTS id=[ 256, 24903 ] end=282624 piso=2759680
COUNTS id=[ 256, 24904 ] end=151552 piso=2159616
COUNTS id=[ 256, 24905 ] end=282624 piso=3011584
COUNTS id=[ 256, 24906 ] end=315392 piso=3462144
COUNTS id=[ 256, 24907 ] end=151552 piso=1942528
COUNTS id=[ 256, 24908 ] end=20480 piso=2440192
COUNTS id=[ 256, 24909 ] end=151552 piso=2329600
COUNTS id=[ 256, 24910 ] end=151552 piso=2315264
COUNTS id=[ 256, 24911 ] end=20480 piso=2401280
COUNTS id=[ 256, 24912 ] end=151552 piso=1956864
COUNTS id=[ 256, 24913 ] end=315392 piso=3451904
COUNTS id=[ 256, 24914 ] end=282624 piso=3128320
COUNTS id=[ 256, 24915 ] end=151552 piso=1989632
COUNTS id=[ 256, 24916 ] end=282624 piso=2905088
COUNTS id=[ 256, 24917 ] end=446464 piso=5198848
COUNTS id=[ 256, 24918 ] end=409600 piso=6317568
COUNTS id=[ 256, 24919 ] end=229376 piso=2461184
COUNTS id=[ 256, 24920 ] end=245760 piso=3857920
COUNTS id=[ 256, 24921 ] end=376832 piso=4466176
COUNTS id=[ 256, 24922 ] end=245760 piso=4513280
COUNTS id=[ 256, 24923 ] end=81920 piso=2110976
COUNTS id=[ 256, 24924 ] end=114688 piso=3335680
COUNTS id=[ 256, 24925 ] end=229376 piso=2981376
COUNTS id=[ 256, 24926 ] end=229376 piso=2852352
COUNTS id=[ 256, 24927 ] end=81920 piso=2862592
COUNTS id=[ 256, 24928 ] end=81920 piso=2002432
COUNTS id=[ 256, 24929 ] end=229376 piso=4126208
COUNTS id=[ 256, 24930 ] end=376832 piso=4328960
COUNTS id=[ 256, 24931 ] end=229376 piso=3065344
COUNTS id=[ 256, 24932 ] end=229376 piso=2328064
COUNTS id=[ 256, 24933 ] end=376832 piso=5430784
COUNTS id=[ 256, 24934 ] end=376832 piso=4455936
COUNTS id=[ 256, 24935 ] end=229376 piso=3143168
COUNTS id=[ 256, 24936 ] end=229376 piso=2450944
COUNTS id=[ 256, 24937 ] end=376832 piso=5512704
COUNTS id=[ 256, 24938 ] end=229376 piso=2971136
COUNTS id=[ 256, 24939 ] end=81920 piso=2932224
COUNTS id=[ 256, 24940 ] end=81920 piso=2100736
COUNTS id=[ 256, 24941 ] end=229376 piso=4150784
COUNTS id=[ 256, 24942 ] end=229376 piso=4234752
PROGRESS checked=400 hits=0 reversed=0 runtime_ms=855088
COUNTS id=[ 256, 24943 ] end=81920 piso=1996288
COUNTS id=[ 256, 24944 ] end=81920 piso=3061248
COUNTS id=[ 256, 24945 ] end=229376 piso=2846208
COUNTS id=[ 256, 24946 ] end=376832 piso=5850624
COUNTS id=[ 256, 24947 ] end=229376 piso=2321920
COUNTS id=[ 256, 24948 ] end=229376 piso=3542528
COUNTS id=[ 256, 24949 ] end=376832 piso=4322816
COUNTS id=[ 256, 24950 ] end=315392 piso=3641856
COUNTS id=[ 256, 24951 ] end=151552 piso=1812992
COUNTS id=[ 256, 24952 ] end=20480 piso=2251264
COUNTS id=[ 256, 24953 ] end=151552 piso=2138624
COUNTS id=[ 256, 24954 ] end=315392 piso=3574272
COUNTS id=[ 256, 24955 ] end=151552 piso=1810944
COUNTS id=[ 256, 24956 ] end=20480 piso=2187776
COUNTS id=[ 256, 24957 ] end=151552 piso=2140672
COUNTS id=[ 256, 24958 ] end=151552 piso=2290176
COUNTS id=[ 256, 24959 ] end=20480 piso=2034176
COUNTS id=[ 256, 24960 ] end=151552 piso=1993216
COUNTS id=[ 256, 24961 ] end=315392 piso=3437056
COUNTS id=[ 256, 24962 ] end=151552 piso=2226688
COUNTS id=[ 256, 24963 ] end=20480 piso=2036224
COUNTS id=[ 256, 24964 ] end=151552 piso=1925632
COUNTS id=[ 256, 24965 ] end=315392 piso=3435008
COUNTS id=[ 256, 24966 ] end=315392 piso=3576320
COUNTS id=[ 256, 24967 ] end=151552 piso=1812992
COUNTS id=[ 256, 24968 ] end=20480 piso=2185728
COUNTS id=[ 256, 24969 ] end=151552 piso=2138624
COUNTS id=[ 256, 24970 ] end=315392 piso=3639808
COUNTS id=[ 256, 24971 ] end=151552 piso=1810944
COUNTS id=[ 256, 24972 ] end=20480 piso=2253312
COUNTS id=[ 256, 24973 ] end=151552 piso=2140672
COUNTS id=[ 256, 24974 ] end=151552 piso=2224640
COUNTS id=[ 256, 24975 ] end=20480 piso=2034176
COUNTS id=[ 256, 24976 ] end=151552 piso=1927680
COUNTS id=[ 256, 24977 ] end=315392 piso=3437056
COUNTS id=[ 256, 24978 ] end=151552 piso=2292224
COUNTS id=[ 256, 24979 ] end=20480 piso=2036224
COUNTS id=[ 256, 24980 ] end=151552 piso=1991168
COUNTS id=[ 256, 24981 ] end=315392 piso=3435008
COUNTS id=[ 256, 24982 ] end=315392 piso=6071808
COUNTS id=[ 256, 24983 ] end=315392 piso=4255232
COUNTS id=[ 256, 24984 ] end=315392 piso=6014464
COUNTS id=[ 256, 24985 ] end=315392 piso=4255232
COUNTS id=[ 256, 24986 ] end=151552 piso=3806720
COUNTS id=[ 256, 24987 ] end=151552 piso=2452992
COUNTS id=[ 256, 24988 ] end=151552 piso=3765760
COUNTS id=[ 256, 24989 ] end=151552 piso=2452992
COUNTS id=[ 256, 24990 ] end=315392 piso=5717504
COUNTS id=[ 256, 24991 ] end=315392 piso=4548096
COUNTS id=[ 256, 24992 ] end=315392 piso=5676544
COUNTS id=[ 256, 24993 ] end=315392 piso=4548096
COUNTS id=[ 256, 24994 ] end=151552 piso=3579392
COUNTS id=[ 256, 24995 ] end=151552 piso=2602496
COUNTS id=[ 256, 24996 ] end=151552 piso=3522048
COUNTS id=[ 256, 24997 ] end=151552 piso=2602496
COUNTS id=[ 256, 24998 ] end=315392 piso=5852672
COUNTS id=[ 256, 24999 ] end=315392 piso=4126208
COUNTS id=[ 256, 25000 ] end=315392 piso=5901824
COUNTS id=[ 256, 25001 ] end=315392 piso=4126208
COUNTS id=[ 256, 25002 ] end=151552 piso=3595776
COUNTS id=[ 256, 25003 ] end=151552 piso=2323968
COUNTS id=[ 256, 25004 ] end=151552 piso=3644928
COUNTS id=[ 256, 25005 ] end=151552 piso=2323968
COUNTS id=[ 256, 25006 ] end=315392 piso=5551616
COUNTS id=[ 256, 25007 ] end=315392 piso=4431360
COUNTS id=[ 256, 25008 ] end=315392 piso=5592576
COUNTS id=[ 256, 25009 ] end=315392 piso=4423168
COUNTS id=[ 256, 25010 ] end=151552 piso=3397120
COUNTS id=[ 256, 25011 ] end=151552 piso=2477568
COUNTS id=[ 256, 25012 ] end=151552 piso=3454464
COUNTS id=[ 256, 25013 ] end=151552 piso=2485760
COUNTS id=[ 256, 25014 ] end=528384 piso=9663488
COUNTS id=[ 256, 25015 ] end=167936 piso=4256768
COUNTS id=[ 256, 25016 ] end=528384 piso=9614336
COUNTS id=[ 256, 25017 ] end=167936 piso=4256768
COUNTS id=[ 256, 25018 ] end=315392 piso=3625984
COUNTS id=[ 256, 25019 ] end=315392 piso=3625984
COUNTS id=[ 256, 25020 ] end=315392 piso=4654080
COUNTS id=[ 256, 25021 ] end=315392 piso=4629504
COUNTS id=[ 256, 25022 ] end=151552 piso=3027968
COUNTS id=[ 256, 25023 ] end=512000 piso=8631296
COUNTS id=[ 256, 25024 ] end=528384 piso=9491456
COUNTS id=[ 256, 25025 ] end=167936 piso=4133888
COUNTS id=[ 256, 25026 ] end=528384 piso=9540608
COUNTS id=[ 256, 25027 ] end=167936 piso=4133888
COUNTS id=[ 256, 25028 ] end=315392 piso=3503104
COUNTS id=[ 256, 25029 ] end=315392 piso=3503104
COUNTS id=[ 256, 25030 ] end=315392 piso=4506624
COUNTS id=[ 256, 25031 ] end=315392 piso=4531200
COUNTS id=[ 256, 25032 ] end=151552 piso=2905088
COUNTS id=[ 256, 25033 ] end=512000 piso=8508416
COUNTS id=[ 256, 25034 ] end=409600 piso=5227008
COUNTS id=[ 256, 25035 ] end=229376 piso=2642432
COUNTS id=[ 256, 25036 ] end=245760 piso=3691008
COUNTS id=[ 256, 25037 ] end=81920 piso=2482688
COUNTS id=[ 256, 25038 ] end=245760 piso=3830272
COUNTS id=[ 256, 25039 ] end=376832 piso=4129280
COUNTS id=[ 256, 25040 ] end=114688 piso=3539456
COUNTS id=[ 256, 25041 ] end=229376 piso=2707968
COUNTS id=[ 256, 25042 ] end=229376 piso=3086848
PROGRESS checked=500 hits=0 reversed=0 runtime_ms=1085671
COUNTS id=[ 256, 25043 ] end=81920 piso=2009600
COUNTS id=[ 256, 25044 ] end=376832 piso=4540928
COUNTS id=[ 256, 25045 ] end=229376 piso=2333184
COUNTS id=[ 256, 25046 ] end=81920 piso=2886144
COUNTS id=[ 256, 25047 ] end=229376 piso=2333184
COUNTS id=[ 256, 25048 ] end=229376 piso=3078656
COUNTS id=[ 256, 25049 ] end=376832 piso=3918336
COUNTS id=[ 256, 25050 ] end=376832 piso=4725248
COUNTS id=[ 256, 25051 ] end=229376 piso=2640384
COUNTS id=[ 256, 25052 ] end=229376 piso=3467776
COUNTS id=[ 256, 25053 ] end=81920 piso=2480640
COUNTS id=[ 256, 25054 ] end=229376 piso=3344896
COUNTS id=[ 256, 25055 ] end=376832 piso=4127232
COUNTS id=[ 256, 25056 ] end=81920 piso=3348992
COUNTS id=[ 256, 25057 ] end=229376 piso=2705920
COUNTS id=[ 256, 25058 ] end=229376 piso=3342848
COUNTS id=[ 256, 25059 ] end=81920 piso=2011648
COUNTS id=[ 256, 25060 ] end=376832 piso=5059072
COUNTS id=[ 256, 25061 ] end=229376 piso=2335232
COUNTS id=[ 256, 25062 ] end=81920 piso=3076608
COUNTS id=[ 256, 25063 ] end=229376 piso=2335232
COUNTS id=[ 256, 25064 ] end=229376 piso=3547648
COUNTS id=[ 256, 25065 ] end=376832 piso=3920384
COUNTS id=[ 256, 25066 ] end=512000 piso=8771584
COUNTS id=[ 256, 25067 ] end=315392 piso=3573760
COUNTS id=[ 256, 25068 ] end=512000 piso=8701952
COUNTS id=[ 256, 25069 ] end=315392 piso=3643392
COUNTS id=[ 256, 25070 ] end=20480 piso=3307520
COUNTS id=[ 256, 25071 ] end=151552 piso=2312192
COUNTS id=[ 256, 25072 ] end=20480 piso=3270656
COUNTS id=[ 256, 25073 ] end=151552 piso=2381824
COUNTS id=[ 256, 25074 ] end=315392 piso=3465216
COUNTS id=[ 256, 25075 ] end=151552 piso=2490368
COUNTS id=[ 256, 25076 ] end=315392 piso=3461120
COUNTS id=[ 256, 25077 ] end=151552 piso=2494464
COUNTS id=[ 256, 25078 ] end=151552 piso=2154496
COUNTS id=[ 256, 25079 ] end=315392 piso=3260416
COUNTS id=[ 256, 25080 ] end=151552 piso=2150400
COUNTS id=[ 256, 25081 ] end=315392 piso=3264512
COUNTS id=[ 256, 25082 ] end=512000 piso=8581120
COUNTS id=[ 256, 25083 ] end=315392 piso=3469312
COUNTS id=[ 256, 25084 ] end=512000 piso=8585216
COUNTS id=[ 256, 25085 ] end=315392 piso=3465216
COUNTS id=[ 256, 25086 ] end=20480 piso=3026944
COUNTS id=[ 256, 25087 ] end=151552 piso=2158592
COUNTS id=[ 256, 25088 ] end=20480 piso=3031040
COUNTS id=[ 256, 25089 ] end=151552 piso=2154496
COUNTS id=[ 256, 25090 ] end=315392 piso=3569664
COUNTS id=[ 256, 25091 ] end=151552 piso=2689024
COUNTS id=[ 256, 25092 ] end=315392 piso=3639296
COUNTS id=[ 256, 25093 ] end=151552 piso=2619392
COUNTS id=[ 256, 25094 ] end=151552 piso=2308096
COUNTS id=[ 256, 25095 ] end=315392 piso=3467264
COUNTS id=[ 256, 25096 ] end=151552 piso=2377728
COUNTS id=[ 256, 25097 ] end=315392 piso=3397632
COUNTS id=[ 256, 25098 ] end=425984 piso=5236224
COUNTS id=[ 256, 25099 ] end=393216 piso=4204032
COUNTS id=[ 256, 25100 ] end=245760 piso=3651072
COUNTS id=[ 256, 25101 ] end=229376 piso=2520576
COUNTS id=[ 256, 25102 ] end=131072 piso=3704320
COUNTS id=[ 256, 25103 ] end=98304 piso=2278912
COUNTS id=[ 256, 25104 ] end=81920 piso=2645504
COUNTS id=[ 256, 25105 ] end=229376 piso=2850304
COUNTS id=[ 256, 25106 ] end=229376 piso=2784768
COUNTS id=[ 256, 25107 ] end=376832 piso=4292096
COUNTS id=[ 256, 25108 ] end=376832 piso=4169216
COUNTS id=[ 256, 25109 ] end=229376 piso=2661888
COUNTS id=[ 256, 25110 ] end=229376 piso=2727424
COUNTS id=[ 256, 25111 ] end=81920 piso=2522624
COUNTS id=[ 256, 25112 ] end=98304 piso=3581440
COUNTS id=[ 256, 25113 ] end=98304 piso=2156032
COUNTS id=[ 256, 25114 ] end=229376 piso=3528192
COUNTS id=[ 256, 25115 ] end=229376 piso=2397696
COUNTS id=[ 256, 25116 ] end=393216 piso=5113344
COUNTS id=[ 256, 25117 ] end=393216 piso=4081152
COUNTS id=[ 256, 25118 ] end=118784 piso=3803648
COUNTS id=[ 256, 25119 ] end=69632 piso=2310656
COUNTS id=[ 256, 25120 ] end=118784 piso=3731968
COUNTS id=[ 256, 25121 ] end=69632 piso=2456064
COUNTS id=[ 256, 25122 ] end=118784 piso=3785216
COUNTS id=[ 256, 25123 ] end=69632 piso=2312704
COUNTS id=[ 256, 25124 ] end=118784 piso=3750400
COUNTS id=[ 256, 25125 ] end=69632 piso=2454016
COUNTS id=[ 256, 25126 ] end=69632 piso=2152960
COUNTS id=[ 256, 25127 ] end=20480 piso=2396672
COUNTS id=[ 256, 25128 ] end=69632 piso=2138624
COUNTS id=[ 256, 25129 ] end=20480 piso=2394624
COUNTS id=[ 256, 25130 ] end=69632 piso=2150912
COUNTS id=[ 256, 25131 ] end=20480 piso=2390528
COUNTS id=[ 256, 25132 ] end=69632 piso=2140672
COUNTS id=[ 256, 25133 ] end=20480 piso=2400768
COUNTS id=[ 256, 25134 ] end=118784 piso=3473920
COUNTS id=[ 256, 25135 ] end=69632 piso=2148864
COUNTS id=[ 256, 25136 ] end=118784 piso=3455488
COUNTS id=[ 256, 25137 ] end=69632 piso=2134528
COUNTS id=[ 256, 25138 ] end=118784 piso=3467776
COUNTS id=[ 256, 25139 ] end=69632 piso=2146816
COUNTS id=[ 256, 25140 ] end=118784 piso=3461632
COUNTS id=[ 256, 25141 ] end=69632 piso=2136576
COUNTS id=[ 256, 25142 ] end=69632 piso=2314752
PROGRESS checked=600 hits=0 reversed=0 runtime_ms=1312460
COUNTS id=[ 256, 25143 ] end=20480 piso=2980352
COUNTS id=[ 256, 25144 ] end=69632 piso=2460160
COUNTS id=[ 256, 25145 ] end=20480 piso=2744832
COUNTS id=[ 256, 25146 ] end=69632 piso=2316800
COUNTS id=[ 256, 25147 ] end=20480 piso=2978304
COUNTS id=[ 256, 25148 ] end=69632 piso=2458112
COUNTS id=[ 256, 25149 ] end=20480 piso=2746880
COUNTS id=[ 256, 25150 ] end=741376 piso=11353600
COUNTS id=[ 256, 25151 ] end=446464 piso=5342720
COUNTS id=[ 256, 25152 ] end=561152 piso=8705536
COUNTS id=[ 256, 25153 ] end=315392 piso=3673600
COUNTS id=[ 256, 25154 ] end=200704 piso=3233280
COUNTS id=[ 256, 25155 ] end=282624 piso=3296768
COUNTS id=[ 256, 25156 ] end=118784 piso=3620352
COUNTS id=[ 256, 25157 ] end=151552 piso=2508288
COUNTS id=[ 256, 25158 ] end=315392 piso=3700224
COUNTS id=[ 256, 25159 ] end=151552 piso=2891264
COUNTS id=[ 256, 25160 ] end=446464 piso=5225984
COUNTS id=[ 256, 25161 ] end=282624 piso=3388928
COUNTS id=[ 256, 25162 ] end=151552 piso=2489856
COUNTS id=[ 256, 25163 ] end=315392 piso=3438080
COUNTS id=[ 256, 25164 ] end=282624 piso=3110400
COUNTS id=[ 256, 25165 ] end=446464 piso=5152256
COUNTS id=[ 256, 25166 ] end=643072 piso=11226624
COUNTS id=[ 256, 25167 ] end=446464 piso=5228032
COUNTS id=[ 256, 25168 ] end=512000 piso=8726016
COUNTS id=[ 256, 25169 ] end=315392 piso=3706368
COUNTS id=[ 256, 25170 ] end=151552 piso=3016192
COUNTS id=[ 256, 25171 ] end=282624 piso=3116544
COUNTS id=[ 256, 25172 ] end=20480 piso=3550720
COUNTS id=[ 256, 25173 ] end=151552 piso=2491904
COUNTS id=[ 256, 25174 ] end=315392 piso=3667456
COUNTS id=[ 256, 25175 ] end=151552 piso=2878976
COUNTS id=[ 256, 25176 ] end=446464 piso=5340672
COUNTS id=[ 256, 25177 ] end=282624 piso=3507712
COUNTS id=[ 256, 25178 ] end=151552 piso=2506240
COUNTS id=[ 256, 25179 ] end=315392 piso=3433984
COUNTS id=[ 256, 25180 ] end=282624 piso=3290624
COUNTS id=[ 256, 25181 ] end=446464 piso=5295616
COUNTS id=[ 256, 25182 ] end=229376 piso=2771968
COUNTS id=[ 256, 25183 ] end=229376 piso=2393088
COUNTS id=[ 256, 25184 ] end=229376 piso=2704384
COUNTS id=[ 256, 25185 ] end=229376 piso=2407424
COUNTS id=[ 256, 25186 ] end=81920 piso=2335744
COUNTS id=[ 256, 25187 ] end=81920 piso=1883136
COUNTS id=[ 256, 25188 ] end=81920 piso=2272256
COUNTS id=[ 256, 25189 ] end=81920 piso=1893376
COUNTS id=[ 256, 25190 ] end=81920 piso=2194432
COUNTS id=[ 256, 25191 ] end=81920 piso=2012160
COUNTS id=[ 256, 25192 ] end=81920 piso=2200576
COUNTS id=[ 256, 25193 ] end=81920 piso=1936384
COUNTS id=[ 256, 25194 ] end=229376 piso=2618368
COUNTS id=[ 256, 25195 ] end=229376 piso=2542592
COUNTS id=[ 256, 25196 ] end=229376 piso=2636800
COUNTS id=[ 256, 25197 ] end=229376 piso=2470912
COUNTS id=[ 256, 25198 ] end=229376 piso=2513920
COUNTS id=[ 256, 25199 ] end=229376 piso=2339840
COUNTS id=[ 256, 25200 ] end=229376 piso=2495488
COUNTS id=[ 256, 25201 ] end=229376 piso=2411520
COUNTS id=[ 256, 25202 ] end=81920 piso=2077696
COUNTS id=[ 256, 25203 ] end=81920 piso=1805312
COUNTS id=[ 256, 25204 ] end=81920 piso=2071552
COUNTS id=[ 256, 25205 ] end=81920 piso=1881088
COUNTS id=[ 256, 25206 ] end=81920 piso=2108416
COUNTS id=[ 256, 25207 ] end=81920 piso=1770496
COUNTS id=[ 256, 25208 ] end=81920 piso=2171904
COUNTS id=[ 256, 25209 ] end=81920 piso=1760256
COUNTS id=[ 256, 25210 ] end=229376 piso=2540544
COUNTS id=[ 256, 25211 ] end=229376 piso=2284544
COUNTS id=[ 256, 25212 ] end=229376 piso=2608128
COUNTS id=[ 256, 25213 ] end=229376 piso=2270208
COUNTS id=[ 256, 25214 ] end=151552 piso=3556352
COUNTS id=[ 256, 25215 ] end=151552 piso=2167808
COUNTS id=[ 256, 25216 ] end=20480 piso=3681280
COUNTS id=[ 256, 25217 ] end=20480 piso=2182144
COUNTS id=[ 256, 25218 ] end=151552 piso=3552256
COUNTS id=[ 256, 25219 ] end=151552 piso=2163712
COUNTS id=[ 256, 25220 ] end=20480 piso=3685376
COUNTS id=[ 256, 25221 ] end=20480 piso=2186240
COUNTS id=[ 256, 25222 ] end=20480 piso=2128896
COUNTS id=[ 256, 25223 ] end=20480 piso=2092032
COUNTS id=[ 256, 25224 ] end=151552 piso=1963008
COUNTS id=[ 256, 25225 ] end=151552 piso=2159616
COUNTS id=[ 256, 25226 ] end=20480 piso=2128896
COUNTS id=[ 256, 25227 ] end=20480 piso=2092032
COUNTS id=[ 256, 25228 ] end=151552 piso=1963008
COUNTS id=[ 256, 25229 ] end=151552 piso=2159616
COUNTS id=[ 256, 25230 ] end=151552 piso=3286016
COUNTS id=[ 256, 25231 ] end=151552 piso=1958912
COUNTS id=[ 256, 25232 ] end=20480 piso=3562496
COUNTS id=[ 256, 25233 ] end=20480 piso=2124800
COUNTS id=[ 256, 25234 ] end=151552 piso=3286016
COUNTS id=[ 256, 25235 ] end=151552 piso=1958912
COUNTS id=[ 256, 25236 ] end=20480 piso=3562496
COUNTS id=[ 256, 25237 ] end=20480 piso=2124800
COUNTS id=[ 256, 25238 ] end=20480 piso=2186240
COUNTS id=[ 256, 25239 ] end=20480 piso=2292736
COUNTS id=[ 256, 25240 ] end=151552 piso=2171904
COUNTS id=[ 256, 25241 ] end=151552 piso=2511872
COUNTS id=[ 256, 25242 ] end=20480 piso=2190336
PROGRESS checked=700 hits=0 reversed=0 runtime_ms=1537260
COUNTS id=[ 256, 25243 ] end=20480 piso=2296832
COUNTS id=[ 256, 25244 ] end=151552 piso=2167808
COUNTS id=[ 256, 25245 ] end=151552 piso=2507776
COUNTS id=[ 256, 25246 ] end=167936 piso=3945472
COUNTS id=[ 256, 25247 ] end=167936 piso=3847168
COUNTS id=[ 256, 25248 ] end=167936 piso=3847168
COUNTS id=[ 256, 25249 ] end=167936 piso=3830784
COUNTS id=[ 256, 25250 ] end=151552 piso=2454528
COUNTS id=[ 256, 25251 ] end=151552 piso=2454528
COUNTS id=[ 256, 25252 ] end=151552 piso=3523584
COUNTS id=[ 256, 25253 ] end=151552 piso=3482624
COUNTS id=[ 256, 25254 ] end=151552 piso=2618368
COUNTS id=[ 256, 25255 ] end=151552 piso=2683904
COUNTS id=[ 256, 25256 ] end=167936 piso=3585024
COUNTS id=[ 256, 25257 ] end=167936 piso=3634176
COUNTS id=[ 256, 25258 ] end=167936 piso=3634176
COUNTS id=[ 256, 25259 ] end=167936 piso=3699712
COUNTS id=[ 256, 25260 ] end=151552 piso=2331648
COUNTS id=[ 256, 25261 ] end=151552 piso=2331648
COUNTS id=[ 256, 25262 ] end=151552 piso=3359744
COUNTS id=[ 256, 25263 ] end=151552 piso=3400704
COUNTS id=[ 256, 25264 ] end=151552 piso=2569216
COUNTS id=[ 256, 25265 ] end=151552 piso=2503680
COUNTS id=[ 256, 25266 ] end=229376 piso=3850240
COUNTS id=[ 256, 25267 ] end=229376 piso=2463744
COUNTS id=[ 256, 25268 ] end=81920 piso=3178496
COUNTS id=[ 256, 25269 ] end=81920 piso=1955840
COUNTS id=[ 256, 25270 ] end=229376 piso=3780608
COUNTS id=[ 256, 25271 ] end=229376 piso=2402304
COUNTS id=[ 256, 25272 ] end=81920 piso=3108864
COUNTS id=[ 256, 25273 ] end=81920 piso=1869824
COUNTS id=[ 256, 25274 ] end=81920 piso=2633728
COUNTS id=[ 256, 25275 ] end=81920 piso=1767424
COUNTS id=[ 256, 25276 ] end=229376 piso=3018752
COUNTS id=[ 256, 25277 ] end=229376 piso=2283520
COUNTS id=[ 256, 25278 ] end=81920 piso=2633728
COUNTS id=[ 256, 25279 ] end=81920 piso=1792000
COUNTS id=[ 256, 25280 ] end=229376 piso=3035136
COUNTS id=[ 256, 25281 ] end=229376 piso=2299904
COUNTS id=[ 256, 25282 ] end=229376 piso=3078144
COUNTS id=[ 256, 25283 ] end=229376 piso=2379776
COUNTS id=[ 256, 25284 ] end=81920 piso=2701312
COUNTS id=[ 256, 25285 ] end=81920 piso=1847296
COUNTS id=[ 256, 25286 ] end=229376 piso=3164160
COUNTS id=[ 256, 25287 ] end=229376 piso=2441216
COUNTS id=[ 256, 25288 ] end=81920 piso=2770944
COUNTS id=[ 256, 25289 ] end=81920 piso=1933312
COUNTS id=[ 256, 25290 ] end=81920 piso=2803712
COUNTS id=[ 256, 25291 ] end=81920 piso=1781760
COUNTS id=[ 256, 25292 ] end=229376 piso=3467264
COUNTS id=[ 256, 25293 ] end=229376 piso=2289664
COUNTS id=[ 256, 25294 ] end=81920 piso=2787328
COUNTS id=[ 256, 25295 ] end=81920 piso=1757184
COUNTS id=[ 256, 25296 ] end=229376 piso=3450880
COUNTS id=[ 256, 25297 ] end=229376 piso=2273280
COUNTS id=[ 256, 25298 ] end=20480 piso=3054080
COUNTS id=[ 256, 25299 ] end=20480 piso=2036224
COUNTS id=[ 256, 25300 ] end=20480 piso=2793984
COUNTS id=[ 256, 25301 ] end=20480 piso=2095616
COUNTS id=[ 256, 25302 ] end=20480 piso=3027456
COUNTS id=[ 256, 25303 ] end=20480 piso=2034176
COUNTS id=[ 256, 25304 ] end=20480 piso=2820608
COUNTS id=[ 256, 25305 ] end=20480 piso=2097664
COUNTS id=[ 256, 25306 ] end=20480 piso=1915392
COUNTS id=[ 256, 25307 ] end=20480 piso=2019840
COUNTS id=[ 256, 25308 ] end=20480 piso=1884672
COUNTS id=[ 256, 25309 ] end=20480 piso=2054656
COUNTS id=[ 256, 25310 ] end=20480 piso=1913344
COUNTS id=[ 256, 25311 ] end=20480 piso=2017792
COUNTS id=[ 256, 25312 ] end=20480 piso=1886720
COUNTS id=[ 256, 25313 ] end=20480 piso=2056704
COUNTS id=[ 256, 25314 ] end=20480 piso=2398720
COUNTS id=[ 256, 25315 ] end=20480 piso=1913344
COUNTS id=[ 256, 25316 ] end=20480 piso=2408960
COUNTS id=[ 256, 25317 ] end=20480 piso=1882624
COUNTS id=[ 256, 25318 ] end=20480 piso=2404864
COUNTS id=[ 256, 25319 ] end=20480 piso=1911296
COUNTS id=[ 256, 25320 ] end=20480 piso=2402816
COUNTS id=[ 256, 25321 ] end=20480 piso=1884672
COUNTS id=[ 256, 25322 ] end=20480 piso=2030080
COUNTS id=[ 256, 25323 ] end=20480 piso=2191872
COUNTS id=[ 256, 25324 ] end=20480 piso=2097664
COUNTS id=[ 256, 25325 ] end=20480 piso=2112000
COUNTS id=[ 256, 25326 ] end=20480 piso=2036224
COUNTS id=[ 256, 25327 ] end=20480 piso=2181632
COUNTS id=[ 256, 25328 ] end=20480 piso=2091520
COUNTS id=[ 256, 25329 ] end=20480 piso=2122240
COUNTS id=[ 256, 25330 ] end=200704 piso=3270656
COUNTS id=[ 256, 25331 ] end=45056 piso=2199552
COUNTS id=[ 256, 25332 ] end=200704 piso=3201024
COUNTS id=[ 256, 25333 ] end=45056 piso=2351104
COUNTS id=[ 256, 25334 ] end=94208 piso=2885632
COUNTS id=[ 256, 25335 ] end=151552 piso=2568192
COUNTS id=[ 256, 25336 ] end=94208 piso=2832384
COUNTS id=[ 256, 25337 ] end=151552 piso=2736128
COUNTS id=[ 256, 25338 ] end=45056 piso=1990656
COUNTS id=[ 256, 25339 ] end=200704 piso=2402304
COUNTS id=[ 256, 25340 ] end=45056 piso=1953792
COUNTS id=[ 256, 25341 ] end=200704 piso=2439168
COUNTS id=[ 256, 25342 ] end=151552 piso=2367488
PROGRESS checked=800 hits=0 reversed=0 runtime_ms=1770128
COUNTS id=[ 256, 25343 ] end=94208 piso=2222080
COUNTS id=[ 256, 25344 ] end=151552 piso=2347008
COUNTS id=[ 256, 25345 ] end=94208 piso=2242560
COUNTS id=[ 256, 25346 ] end=94208 piso=2473984
COUNTS id=[ 256, 25347 ] end=151552 piso=2357248
COUNTS id=[ 256, 25348 ] end=94208 piso=2461696
COUNTS id=[ 256, 25349 ] end=151552 piso=2336768
COUNTS id=[ 256, 25350 ] end=200704 piso=2834432
COUNTS id=[ 256, 25351 ] end=45056 piso=1980416
COUNTS id=[ 256, 25352 ] end=200704 piso=2838528
COUNTS id=[ 256, 25353 ] end=45056 piso=1943552
COUNTS id=[ 256, 25354 ] end=151552 piso=2545664
COUNTS id=[ 256, 25355 ] end=94208 piso=2379776
COUNTS id=[ 256, 25356 ] end=151552 piso=2713600
COUNTS id=[ 256, 25357 ] end=94208 piso=2293760
COUNTS id=[ 256, 25358 ] end=45056 piso=2177024
COUNTS id=[ 256, 25359 ] end=200704 piso=2584576
COUNTS id=[ 256, 25360 ] end=45056 piso=2328576
COUNTS id=[ 256, 25361 ] end=200704 piso=2514944
COUNTS id=[ 256, 25362 ] end=151552 piso=2659328
COUNTS id=[ 256, 25363 ] end=151552 piso=1963008
COUNTS id=[ 256, 25364 ] end=20480 piso=2440192
COUNTS id=[ 256, 25365 ] end=20480 piso=1858560
COUNTS id=[ 256, 25366 ] end=151552 piso=2655232
COUNTS id=[ 256, 25367 ] end=151552 piso=1967104
COUNTS id=[ 256, 25368 ] end=20480 piso=2444288
COUNTS id=[ 256, 25369 ] end=20480 piso=1854464
COUNTS id=[ 256, 25370 ] end=20480 piso=1782784
COUNTS id=[ 256, 25371 ] end=20480 piso=1881088
COUNTS id=[ 256, 25372 ] end=151552 piso=1756160
COUNTS id=[ 256, 25373 ] end=151552 piso=1862656
COUNTS id=[ 256, 25374 ] end=20480 piso=1778688
COUNTS id=[ 256, 25375 ] end=20480 piso=1885184
COUNTS id=[ 256, 25376 ] end=151552 piso=1760256
COUNTS id=[ 256, 25377 ] end=151552 piso=1858560
COUNTS id=[ 256, 25378 ] end=151552 piso=2192384
COUNTS id=[ 256, 25379 ] end=151552 piso=1750016
COUNTS id=[ 256, 25380 ] end=20480 piso=2124800
COUNTS id=[ 256, 25381 ] end=20480 piso=1772544
COUNTS id=[ 256, 25382 ] end=151552 piso=2192384
COUNTS id=[ 256, 25383 ] end=151552 piso=1750016
COUNTS id=[ 256, 25384 ] end=20480 piso=2124800
COUNTS id=[ 256, 25385 ] end=20480 piso=1772544
COUNTS id=[ 256, 25386 ] end=20480 piso=1827840
COUNTS id=[ 256, 25387 ] end=20480 piso=1926144
COUNTS id=[ 256, 25388 ] end=151552 piso=1936384
COUNTS id=[ 256, 25389 ] end=151552 piso=2034688
COUNTS id=[ 256, 25390 ] end=20480 piso=1827840
COUNTS id=[ 256, 25391 ] end=20480 piso=1926144
COUNTS id=[ 256, 25392 ] end=151552 piso=1936384
COUNTS id=[ 256, 25393 ] end=151552 piso=2034688
COUNTS id=[ 256, 25394 ] end=98304 piso=2485760
COUNTS id=[ 256, 25395 ] end=98304 piso=1990144
COUNTS id=[ 256, 25396 ] end=81920 piso=2207232
COUNTS id=[ 256, 25397 ] end=81920 piso=1912320
COUNTS id=[ 256, 25398 ] end=98304 piso=2207232
COUNTS id=[ 256, 25399 ] end=98304 piso=2055680
COUNTS id=[ 256, 25400 ] end=81920 piso=1977856
COUNTS id=[ 256, 25401 ] end=81920 piso=1904128
COUNTS id=[ 256, 25402 ] end=81920 piso=1990144
COUNTS id=[ 256, 25403 ] end=81920 piso=1916416
COUNTS id=[ 256, 25404 ] end=81920 piso=1793536
COUNTS id=[ 256, 25405 ] end=81920 piso=1867264
COUNTS id=[ 256, 25406 ] end=81920 piso=1781248
COUNTS id=[ 256, 25407 ] end=81920 piso=1854976
COUNTS id=[ 256, 25408 ] end=98304 piso=1994240
COUNTS id=[ 256, 25409 ] end=98304 piso=1924608
COUNTS id=[ 256, 25410 ] end=81920 piso=2002432
COUNTS id=[ 256, 25411 ] end=81920 piso=1773056
COUNTS id=[ 256, 25412 ] end=98304 piso=2272768
COUNTS id=[ 256, 25413 ] end=98304 piso=1859072
COUNTS id=[ 256, 25414 ] end=315392 piso=3894784
COUNTS id=[ 256, 25415 ] end=151552 piso=2033152
COUNTS id=[ 256, 25416 ] end=167936 piso=2975232
COUNTS id=[ 256, 25417 ] end=20480 piso=2072064
COUNTS id=[ 256, 25418 ] end=167936 piso=2598400
COUNTS id=[ 256, 25419 ] end=282624 piso=3345920
COUNTS id=[ 256, 25420 ] end=53248 piso=2764288
COUNTS id=[ 256, 25421 ] end=151552 piso=2274816
COUNTS id=[ 256, 25422 ] end=20480 piso=2004480
COUNTS id=[ 256, 25423 ] end=151552 piso=2543104
COUNTS id=[ 256, 25424 ] end=151552 piso=1826304
COUNTS id=[ 256, 25425 ] end=282624 piso=3241472
COUNTS id=[ 256, 25426 ] end=151552 piso=2207232
COUNTS id=[ 256, 25427 ] end=20480 piso=2594304
COUNTS id=[ 256, 25428 ] end=282624 piso=3106304
COUNTS id=[ 256, 25429 ] end=151552 piso=2141696
COUNTS id=[ 256, 25430 ] end=151552 piso=2323968
COUNTS id=[ 256, 25431 ] end=282624 piso=3108352
COUNTS id=[ 256, 25432 ] end=20480 piso=2629120
COUNTS id=[ 256, 25433 ] end=151552 piso=2201088
COUNTS id=[ 256, 25434 ] end=282624 piso=3603968
COUNTS id=[ 256, 25435 ] end=151552 piso=1820160
COUNTS id=[ 256, 25436 ] end=151552 piso=2840064
COUNTS id=[ 256, 25437 ] end=20480 piso=2006528
COUNTS id=[ 256, 25438 ] end=151552 piso=2264576
COUNTS id=[ 256, 25439 ] end=20480 piso=2557440
COUNTS id=[ 256, 25440 ] end=282624 piso=3343872
COUNTS id=[ 256, 25441 ] end=151552 piso=2244096
COUNTS id=[ 256, 25442 ] end=20480 piso=2070016
PROGRESS checked=900 hits=0 reversed=0 runtime_ms=1990691
COUNTS id=[ 256, 25443 ] end=151552 piso=2506240
COUNTS id=[ 256, 25444 ] end=151552 piso=2022912
COUNTS id=[ 256, 25445 ] end=282624 piso=3343872
COUNTS id=[ 256, 25446 ] end=200704 piso=5534720
COUNTS id=[ 256, 25447 ] end=167936 piso=5231616
COUNTS id=[ 256, 25448 ] end=200704 piso=5338112
COUNTS id=[ 256, 25449 ] end=167936 piso=2405376
COUNTS id=[ 256, 25450 ] end=167936 piso=2405376
COUNTS id=[ 256, 25451 ] end=151552 piso=3374080
COUNTS id=[ 256, 25452 ] end=151552 piso=3316736
COUNTS id=[ 256, 25453 ] end=151552 piso=3308544
COUNTS id=[ 256, 25454 ] end=151552 piso=3365888
COUNTS id=[ 256, 25455 ] end=200704 piso=5239808
COUNTS id=[ 256, 25456 ] end=167936 piso=5166080
COUNTS id=[ 256, 25457 ] end=200704 piso=5436416
COUNTS id=[ 256, 25458 ] end=167936 piso=2405376
COUNTS id=[ 256, 25459 ] end=167936 piso=2405376
COUNTS id=[ 256, 25460 ] end=151552 piso=2199552
COUNTS id=[ 256, 25461 ] end=151552 piso=1734656
COUNTS id=[ 256, 25462 ] end=151552 piso=2131968
COUNTS id=[ 256, 25463 ] end=151552 piso=1748992
COUNTS id=[ 256, 25464 ] end=20480 piso=2043904
COUNTS id=[ 256, 25465 ] end=20480 piso=1759232
COUNTS id=[ 256, 25466 ] end=20480 piso=1964032
COUNTS id=[ 256, 25467 ] end=20480 piso=1769472
COUNTS id=[ 256, 25468 ] end=20480 piso=1798144
COUNTS id=[ 256, 25469 ] end=20480 piso=1816576
COUNTS id=[ 256, 25470 ] end=20480 piso=1816576
COUNTS id=[ 256, 25471 ] end=20480 piso=1892352
COUNTS id=[ 256, 25472 ] end=151552 piso=1916928
COUNTS id=[ 256, 25473 ] end=151552 piso=1845248
COUNTS id=[ 256, 25474 ] end=151552 piso=1914880
COUNTS id=[ 256, 25475 ] end=151552 piso=1908736
COUNTS id=[ 256, 25476 ] end=151552 piso=2082816
COUNTS id=[ 256, 25477 ] end=151552 piso=1748992
COUNTS id=[ 256, 25478 ] end=151552 piso=2150400
COUNTS id=[ 256, 25479 ] end=151552 piso=1734656
COUNTS id=[ 256, 25480 ] end=20480 piso=1914880
COUNTS id=[ 256, 25481 ] end=20480 piso=1769472
COUNTS id=[ 256, 25482 ] end=20480 piso=1994752
COUNTS id=[ 256, 25483 ] end=20480 piso=1759232
COUNTS id=[ 256, 25484 ] end=20480 piso=1808384
COUNTS id=[ 256, 25485 ] end=20480 piso=1892352
COUNTS id=[ 256, 25486 ] end=20480 piso=1789952
COUNTS id=[ 256, 25487 ] end=20480 piso=1816576
COUNTS id=[ 256, 25488 ] end=151552 piso=1906688
COUNTS id=[ 256, 25489 ] end=151552 piso=1908736
COUNTS id=[ 256, 25490 ] end=151552 piso=1908736
COUNTS id=[ 256, 25491 ] end=151552 piso=1845248
COUNTS id=[ 256, 25492 ] end=36864 piso=2788864
COUNTS id=[ 256, 25493 ] end=20480 piso=2469376
COUNTS id=[ 256, 25494 ] end=36864 piso=2510336
COUNTS id=[ 256, 25495 ] end=20480 piso=1957376
COUNTS id=[ 256, 25496 ] end=36864 piso=2022912
COUNTS id=[ 256, 25497 ] end=36864 piso=2039296
COUNTS id=[ 256, 25498 ] end=20480 piso=2123264
COUNTS id=[ 256, 25499 ] end=20480 piso=2074112
COUNTS id=[ 256, 25500 ] end=20480 piso=2139648
COUNTS id=[ 256, 25501 ] end=20480 piso=2074112
COUNTS id=[ 256, 25502 ] end=36864 piso=2403840
COUNTS id=[ 256, 25503 ] end=20480 piso=2387456
COUNTS id=[ 256, 25504 ] end=36864 piso=2682368
COUNTS id=[ 256, 25505 ] end=20480 piso=1973760
COUNTS id=[ 256, 25506 ] end=36864 piso=2047488
COUNTS id=[ 256, 25507 ] end=36864 piso=2031104
COUNTS id=[ 256, 25508 ] end=20480 piso=2074112
COUNTS id=[ 256, 25509 ] end=20480 piso=2139648
COUNTS id=[ 256, 25510 ] end=20480 piso=2074112
COUNTS id=[ 256, 25511 ] end=20480 piso=2123264
COUNTS id=[ 256, 25512 ] end=331776 piso=3319296
COUNTS id=[ 256, 25513 ] end=167936 piso=1951232
COUNTS id=[ 256, 25514 ] end=69632 piso=2135552
COUNTS id=[ 256, 25515 ] end=151552 piso=1738240
COUNTS id=[ 256, 25516 ] end=36864 piso=2196992
COUNTS id=[ 256, 25517 ] end=299008 piso=2790912
CLOSEST id=[ 256, 25517 ] end=299008 piso=2790912 ratio=5451/584
COUNTS id=[ 256, 25518 ] end=20480 piso=1973760
COUNTS id=[ 256, 25519 ] end=151552 piso=1830400
COUNTS id=[ 256, 25520 ] end=151552 piso=1719808
COUNTS id=[ 256, 25521 ] end=282624 piso=2850304
COUNTS id=[ 256, 25522 ] end=151552 piso=1918464
COUNTS id=[ 256, 25523 ] end=36864 piso=2102784
COUNTS id=[ 256, 25524 ] end=299008 piso=3286528
COUNTS id=[ 256, 25525 ] end=299008 piso=2790912
COUNTS id=[ 256, 25526 ] end=151552 piso=1738240
COUNTS id=[ 256, 25527 ] end=36864 piso=2196992
COUNTS id=[ 256, 25528 ] end=151552 piso=1719808
COUNTS id=[ 256, 25529 ] end=282624 piso=2850304
COUNTS id=[ 256, 25530 ] end=20480 piso=1973760
COUNTS id=[ 256, 25531 ] end=151552 piso=1830400
COUNTS id=[ 256, 25532 ] end=331776 piso=4506624
COUNTS id=[ 256, 25533 ] end=299008 piso=4031488
COUNTS id=[ 256, 25534 ] end=167936 piso=2765824
COUNTS id=[ 256, 25535 ] end=151552 piso=2384896
COUNTS id=[ 256, 25536 ] end=69632 piso=2966528
COUNTS id=[ 256, 25537 ] end=36864 piso=2507776
COUNTS id=[ 256, 25538 ] end=282624 piso=4041728
COUNTS id=[ 256, 25539 ] end=151552 piso=2530304
COUNTS id=[ 256, 25540 ] end=151552 piso=2542592
COUNTS id=[ 256, 25541 ] end=20480 piso=2563072
COUNTS id=[ 256, 25542 ] end=282624 piso=4041728
PROGRESS checked=1000 hits=0 reversed=0 runtime_ms=2218183
COUNTS id=[ 256, 25543 ] end=151552 piso=2542592
COUNTS id=[ 256, 25544 ] end=151552 piso=2530304
COUNTS id=[ 256, 25545 ] end=20480 piso=2563072
COUNTS id=[ 256, 25546 ] end=299008 piso=4031488
COUNTS id=[ 256, 25547 ] end=299008 piso=4506624
COUNTS id=[ 256, 25548 ] end=151552 piso=2384896
COUNTS id=[ 256, 25549 ] end=151552 piso=2765824
COUNTS id=[ 256, 25550 ] end=36864 piso=2507776
COUNTS id=[ 256, 25551 ] end=36864 piso=2966528
COUNTS id=[ 256, 25552 ] end=225280 piso=3323392
COUNTS id=[ 256, 25553 ] end=176128 piso=2448896
COUNTS id=[ 256, 25554 ] end=118784 piso=3313152
COUNTS id=[ 256, 25555 ] end=69632 piso=2221568
COUNTS id=[ 256, 25556 ] end=225280 piso=3059200
COUNTS id=[ 256, 25557 ] end=176128 piso=2446848
COUNTS id=[ 256, 25558 ] end=118784 piso=3020288
COUNTS id=[ 256, 25559 ] end=69632 piso=2223616
COUNTS id=[ 256, 25560 ] end=176128 piso=2690560
COUNTS id=[ 256, 25561 ] end=225280 piso=2770432
COUNTS id=[ 256, 25562 ] end=69632 piso=2483712
COUNTS id=[ 256, 25563 ] end=118784 piso=2747904
COUNTS id=[ 256, 25564 ] end=176128 piso=2688512
COUNTS id=[ 256, 25565 ] end=225280 piso=3079680
COUNTS id=[ 256, 25566 ] end=69632 piso=2485760
COUNTS id=[ 256, 25567 ] end=118784 piso=3012096
COUNTS id=[ 256, 25568 ] end=225280 piso=2770432
COUNTS id=[ 256, 25569 ] end=176128 piso=2690560
COUNTS id=[ 256, 25570 ] end=118784 piso=2747904
COUNTS id=[ 256, 25571 ] end=69632 piso=2483712
COUNTS id=[ 256, 25572 ] end=225280 piso=3079680
COUNTS id=[ 256, 25573 ] end=176128 piso=2688512
COUNTS id=[ 256, 25574 ] end=118784 piso=3012096
COUNTS id=[ 256, 25575 ] end=69632 piso=2485760
COUNTS id=[ 256, 25576 ] end=176128 piso=2448896
COUNTS id=[ 256, 25577 ] end=225280 piso=3290624
COUNTS id=[ 256, 25578 ] end=69632 piso=2221568
COUNTS id=[ 256, 25579 ] end=118784 piso=3280384
COUNTS id=[ 256, 25580 ] end=176128 piso=2446848
COUNTS id=[ 256, 25581 ] end=225280 piso=3026432
COUNTS id=[ 256, 25582 ] end=69632 piso=2223616
COUNTS id=[ 256, 25583 ] end=118784 piso=2987520
COUNTS id=[ 256, 25584 ] end=512000 piso=5559808
COUNTS id=[ 256, 25585 ] end=282624 piso=3157504
COUNTS id=[ 256, 25586 ] end=184320 piso=2792960
COUNTS id=[ 256, 25587 ] end=282624 piso=3159552
COUNTS id=[ 256, 25588 ] end=348160 piso=3595776
COUNTS id=[ 256, 25589 ] end=151552 piso=2196992
COUNTS id=[ 256, 25590 ] end=86016 piso=2987520
COUNTS id=[ 256, 25591 ] end=151552 piso=2194944
COUNTS id=[ 256, 25592 ] end=151552 piso=2674176
COUNTS id=[ 256, 25593 ] end=282624 piso=3261952
COUNTS id=[ 256, 25594 ] end=446464 piso=5408256
COUNTS id=[ 256, 25595 ] end=282624 piso=3259904
COUNTS id=[ 256, 25596 ] end=20480 piso=2840064
COUNTS id=[ 256, 25597 ] end=151552 piso=2334208
COUNTS id=[ 256, 25598 ] end=315392 piso=3448320
COUNTS id=[ 256, 25599 ] end=151552 piso=2336256
COUNTS id=[ 256, 25600 ] end=282624 piso=3259904
COUNTS id=[ 256, 25601 ] end=446464 piso=5408256
COUNTS id=[ 256, 25602 ] end=282624 piso=3261952
COUNTS id=[ 256, 25603 ] end=151552 piso=2674176
COUNTS id=[ 256, 25604 ] end=151552 piso=2336256
COUNTS id=[ 256, 25605 ] end=315392 piso=3448320
COUNTS id=[ 256, 25606 ] end=151552 piso=2334208
COUNTS id=[ 256, 25607 ] end=20480 piso=2840064
COUNTS id=[ 256, 25608 ] end=282624 piso=3159552
COUNTS id=[ 256, 25609 ] end=151552 piso=2792960
COUNTS id=[ 256, 25610 ] end=282624 piso=3157504
COUNTS id=[ 256, 25611 ] end=446464 piso=5559808
COUNTS id=[ 256, 25612 ] end=151552 piso=2194944
COUNTS id=[ 256, 25613 ] end=20480 piso=2987520
COUNTS id=[ 256, 25614 ] end=151552 piso=2196992
COUNTS id=[ 256, 25615 ] end=315392 piso=3595776
COUNTS id=[ 256, 25616 ] end=331776 piso=4109312
COUNTS id=[ 256, 25617 ] end=331776 piso=3798016
COUNTS id=[ 256, 25618 ] end=36864 piso=3732480
COUNTS id=[ 256, 25619 ] end=36864 piso=3224576
COUNTS id=[ 256, 25620 ] end=151552 piso=1995776
COUNTS id=[ 256, 25621 ] end=151552 piso=1995776
COUNTS id=[ 256, 25622 ] end=20480 piso=2368512
COUNTS id=[ 256, 25623 ] end=315392 piso=3417088
COUNTS id=[ 256, 25624 ] end=151552 piso=2520064
COUNTS id=[ 256, 25625 ] end=151552 piso=2831360
COUNTS id=[ 256, 25626 ] end=151552 piso=2520064
COUNTS id=[ 256, 25627 ] end=151552 piso=2831360
COUNTS id=[ 256, 25628 ] end=315392 piso=3417088
COUNTS id=[ 256, 25629 ] end=20480 piso=2368512
COUNTS id=[ 256, 25630 ] end=151552 piso=1995776
COUNTS id=[ 256, 25631 ] end=151552 piso=1995776
COUNTS id=[ 256, 25632 ] end=36864 piso=3732480
COUNTS id=[ 256, 25633 ] end=36864 piso=3224576
COUNTS id=[ 256, 25634 ] end=331776 piso=4109312
COUNTS id=[ 256, 25635 ] end=331776 piso=3798016
COUNTS id=[ 256, 25636 ] end=356352 piso=4600832
COUNTS id=[ 256, 25637 ] end=217088 piso=2860032
COUNTS id=[ 256, 25638 ] end=143360 piso=3060736
COUNTS id=[ 256, 25639 ] end=200704 piso=2413568
COUNTS id=[ 256, 25640 ] end=323584 piso=4060160
COUNTS id=[ 256, 25641 ] end=110592 piso=2536448
COUNTS id=[ 256, 25642 ] end=200704 piso=2561024
PROGRESS checked=1100 hits=0 reversed=0 runtime_ms=2442390
COUNTS id=[ 256, 25643 ] end=307200 piso=4072448
COUNTS id=[ 256, 25644 ] end=94208 piso=2593792
COUNTS id=[ 256, 25645 ] end=200704 piso=2573312
COUNTS id=[ 256, 25646 ] end=200704 piso=2573312
COUNTS id=[ 256, 25647 ] end=307200 piso=4072448
COUNTS id=[ 256, 25648 ] end=94208 piso=2593792
COUNTS id=[ 256, 25649 ] end=200704 piso=2561024
COUNTS id=[ 256, 25650 ] end=323584 piso=4060160
COUNTS id=[ 256, 25651 ] end=200704 piso=2413568
COUNTS id=[ 256, 25652 ] end=110592 piso=2536448
COUNTS id=[ 256, 25653 ] end=200704 piso=2827264
COUNTS id=[ 256, 25654 ] end=323584 piso=4568064
COUNTS id=[ 256, 25655 ] end=110592 piso=3027968
COUNTS id=[ 256, 25656 ] end=790528 piso=10138624
COUNTS id=[ 256, 25657 ] end=397312 piso=4051968
COUNTS id=[ 256, 25658 ] end=200704 piso=4404224
COUNTS id=[ 256, 25659 ] end=299008 piso=3355648
COUNTS id=[ 256, 25660 ] end=299008 piso=3355648
COUNTS id=[ 256, 25661 ] end=151552 piso=2812928
COUNTS id=[ 256, 25662 ] end=446464 piso=5401600
COUNTS id=[ 256, 25663 ] end=446464 piso=5401600
COUNTS id=[ 256, 25664 ] end=151552 piso=2812928
COUNTS id=[ 256, 25665 ] end=299008 piso=3355648
COUNTS id=[ 256, 25666 ] end=299008 piso=3355648
COUNTS id=[ 256, 25667 ] end=69632 piso=4404224
COUNTS id=[ 256, 25668 ] end=331776 piso=4051968
COUNTS id=[ 256, 25669 ] end=659456 piso=10138624
COUNTS id=[ 256, 25670 ] end=315392 piso=5174272
COUNTS id=[ 256, 25671 ] end=282624 piso=4117504
COUNTS id=[ 256, 25672 ] end=315392 piso=3929088
COUNTS id=[ 256, 25673 ] end=86016 piso=2683904
COUNTS id=[ 256, 25674 ] end=86016 piso=2683904
COUNTS id=[ 256, 25675 ] end=167936 piso=2784256
COUNTS id=[ 256, 25676 ] end=167936 piso=3062784
COUNTS id=[ 256, 25677 ] end=167936 piso=2784256
COUNTS id=[ 256, 25678 ] end=167936 piso=3062784
COUNTS id=[ 256, 25679 ] end=86016 piso=2683904
COUNTS id=[ 256, 25680 ] end=86016 piso=2683904
COUNTS id=[ 256, 25681 ] end=315392 piso=5108736
COUNTS id=[ 256, 25682 ] end=282624 piso=4051968
COUNTS id=[ 256, 25683 ] end=315392 piso=3863552
COUNTS id=[ 256, 25684 ] end=141312 piso=898048
CLOSEST id=[ 256, 25684 ] end=141312 piso=898048 ratio=877/138
COUNTS id=[ 256, 25685 ] end=18432 piso=762880
COUNTS id=[ 256, 25686 ] end=264192 piso=2360320
COUNTS id=[ 256, 25687 ] end=141312 piso=807936
CLOSEST id=[ 256, 25687 ] end=141312 piso=807936 ratio=263/46
COUNTS id=[ 256, 25688 ] end=1173504 piso=42256384
COUNTS id=[ 256, 25689 ] end=190464 piso=2684928
COUNTS id=[ 256, 25690 ] end=30720 piso=342016
COUNTS id=[ 256, 25691 ] end=30720 piso=342016
COUNTS id=[ 256, 25692 ] end=45056 piso=829440
COUNTS id=[ 256, 25693 ] end=45056 piso=614400
COUNTS id=[ 256, 25694 ] end=1540096 piso=82509824
COUNTS id=[ 256, 25695 ] end=1441792 piso=82370560
COUNTS id=[ 256, 25696 ] end=1294336 piso=74981376
COUNTS id=[ 256, 25697 ] end=1245184 piso=74907648
COUNTS id=[ 256, 25698 ] end=1179648 piso=71041024
COUNTS id=[ 256, 25699 ] end=1081344 piso=70901760
COUNTS id=[ 256, 25700 ] end=606208 piso=10964992
COUNTS id=[ 256, 25701 ] end=409600 piso=6402048
COUNTS id=[ 256, 25702 ] end=245760 piso=5099520
COUNTS id=[ 256, 25703 ] end=671744 piso=11104256
COUNTS id=[ 256, 25704 ] end=442368 piso=6475776
COUNTS id=[ 256, 25705 ] end=311296 piso=5238784
COUNTS id=[ 256, 25706 ] end=638976 piso=8970752
COUNTS id=[ 256, 25707 ] end=573440 piso=8970752
COUNTS id=[ 256, 25708 ] end=458752 piso=6074880
COUNTS id=[ 256, 25709 ] end=425984 piso=6074880
COUNTS id=[ 256, 25710 ] end=278528 piso=3748352
COUNTS id=[ 256, 25711 ] end=245760 piso=3748352
COUNTS id=[ 256, 25712 ] end=163840 piso=3654144
COUNTS id=[ 256, 25713 ] end=98304 piso=3654144
COUNTS id=[ 256, 25714 ] end=376832 piso=4710912
COUNTS id=[ 256, 25715 ] end=376832 piso=4710912
COUNTS id=[ 256, 25716 ] end=229376 piso=3355136
COUNTS id=[ 256, 25717 ] end=229376 piso=3355136
COUNTS id=[ 256, 25718 ] end=557056 piso=7453184
COUNTS id=[ 256, 25719 ] end=409600 piso=4639232
COUNTS id=[ 256, 25720 ] end=229376 piso=2664960
COUNTS id=[ 256, 25721 ] end=81920 piso=2587136
COUNTS id=[ 256, 25722 ] end=376832 piso=3971584
COUNTS id=[ 256, 25723 ] end=376832 piso=3971584
COUNTS id=[ 256, 25724 ] end=229376 piso=2583040
COUNTS id=[ 256, 25725 ] end=229376 piso=2583040
COUNTS id=[ 256, 25726 ] end=245760 piso=3666432
COUNTS id=[ 256, 25727 ] end=245760 piso=3625472
COUNTS id=[ 256, 25728 ] end=98304 piso=3375616
COUNTS id=[ 256, 25729 ] end=98304 piso=3351040
COUNTS id=[ 256, 25730 ] end=245760 piso=3650048
COUNTS id=[ 256, 25731 ] end=245760 piso=3625472
COUNTS id=[ 256, 25732 ] end=98304 piso=3392000
COUNTS id=[ 256, 25733 ] end=98304 piso=3351040
COUNTS id=[ 256, 25734 ] end=229376 piso=3244544
COUNTS id=[ 256, 25735 ] end=229376 piso=3244544
COUNTS id=[ 256, 25736 ] end=81920 piso=2781696
COUNTS id=[ 256, 25737 ] end=81920 piso=2781696
COUNTS id=[ 256, 25738 ] end=229376 piso=2527744
COUNTS id=[ 256, 25739 ] end=229376 piso=2527744
COUNTS id=[ 256, 25740 ] end=81920 piso=2155008
COUNTS id=[ 256, 25741 ] end=81920 piso=2155008
COUNTS id=[ 256, 25742 ] end=229376 piso=2535936
PROGRESS checked=1200 hits=0 reversed=0 runtime_ms=2699679
COUNTS id=[ 256, 25743 ] end=81920 piso=2023936
COUNTS id=[ 256, 25744 ] end=229376 piso=2535936
COUNTS id=[ 256, 25745 ] end=81920 piso=2023936
COUNTS id=[ 256, 25746 ] end=983040 piso=17022976
COUNTS id=[ 256, 25747 ] end=573440 piso=8982528
COUNTS id=[ 256, 25748 ] end=524288 piso=6905856
COUNTS id=[ 256, 25749 ] end=245760 piso=4124672
COUNTS id=[ 256, 25750 ] end=327680 piso=5521408
COUNTS id=[ 256, 25751 ] end=393216 piso=5128192
COUNTS id=[ 256, 25752 ] end=851968 piso=14233600
COUNTS id=[ 256, 25753 ] end=573440 piso=7643136
COUNTS id=[ 256, 25754 ] end=458752 piso=5345280
COUNTS id=[ 256, 25755 ] end=245760 piso=3260416
COUNTS id=[ 256, 25756 ] end=196608 piso=4239360
COUNTS id=[ 256, 25757 ] end=393216 piso=4534272
COUNTS id=[ 256, 25758 ] end=458752 piso=6561792
COUNTS id=[ 256, 25759 ] end=131072 piso=4456448
COUNTS id=[ 256, 25760 ] end=245760 piso=3772416
COUNTS id=[ 256, 25761 ] end=458752 piso=6561792
COUNTS id=[ 256, 25762 ] end=131072 piso=4456448
COUNTS id=[ 256, 25763 ] end=245760 piso=3772416
COUNTS id=[ 256, 25764 ] end=425984 piso=6092800
COUNTS id=[ 256, 25765 ] end=98304 piso=3307520
COUNTS id=[ 256, 25766 ] end=229376 piso=3213312
COUNTS id=[ 256, 25767 ] end=425984 piso=4841472
COUNTS id=[ 256, 25768 ] end=98304 piso=2768896
COUNTS id=[ 256, 25769 ] end=229376 piso=2764800
COUNTS id=[ 256, 25770 ] end=425984 piso=4810752
COUNTS id=[ 256, 25771 ] end=245760 piso=2791424
COUNTS id=[ 256, 25772 ] end=98304 piso=2402304
COUNTS id=[ 256, 25773 ] end=245760 piso=2791424
COUNTS id=[ 256, 25774 ] end=196608 piso=4538368
COUNTS id=[ 256, 25775 ] end=98304 piso=3233792
COUNTS id=[ 256, 25776 ] end=131072 piso=4407296
COUNTS id=[ 256, 25777 ] end=98304 piso=3233792
COUNTS id=[ 256, 25778 ] end=196608 piso=4538368
COUNTS id=[ 256, 25779 ] end=98304 piso=3039232
COUNTS id=[ 256, 25780 ] end=131072 piso=2912256
COUNTS id=[ 256, 25781 ] end=81920 piso=2234368
COUNTS id=[ 256, 25782 ] end=131072 piso=2912256
COUNTS id=[ 256, 25783 ] end=98304 piso=2609152
COUNTS id=[ 256, 25784 ] end=1183744 piso=54930944
COUNTS id=[ 256, 25785 ] end=462848 piso=6163968
COUNTS id=[ 256, 25786 ] end=987136 piso=51543552
COUNTS id=[ 256, 25787 ] end=331776 piso=4480512
COUNTS id=[ 256, 25788 ] end=397312 piso=7613952
COUNTS id=[ 256, 25789 ] end=331776 piso=8158720
COUNTS id=[ 256, 25790 ] end=675840 piso=11367936
COUNTS id=[ 256, 25791 ] end=544768 piso=8963584
COUNTS id=[ 256, 25792 ] end=315392 piso=4617728
COUNTS id=[ 256, 25793 ] end=184320 piso=4179456
COUNTS id=[ 256, 25794 ] end=856064 piso=12877824
COUNTS id=[ 256, 25795 ] end=430080 piso=6291456
COUNTS id=[ 256, 25796 ] end=266240 piso=7503872
COUNTS id=[ 256, 25797 ] end=299008 piso=3424256
COUNTS id=[ 256, 25798 ] end=462848 piso=6365184
COUNTS id=[ 256, 25799 ] end=167936 piso=3678208
COUNTS id=[ 256, 25800 ] end=462848 piso=5511168
COUNTS id=[ 256, 25801 ] end=167936 piso=3397632
COUNTS id=[ 256, 25802 ] end=724992 piso=10016768
COUNTS id=[ 256, 25803 ] end=364544 piso=3938304
COUNTS id=[ 256, 25804 ] end=135168 piso=4347904
COUNTS id=[ 256, 25805 ] end=299008 piso=4806656
COUNTS id=[ 256, 25806 ] end=364544 piso=4513792
COUNTS id=[ 256, 25807 ] end=364544 piso=4513792
COUNTS id=[ 256, 25808 ] end=69632 piso=3530752
COUNTS id=[ 256, 25809 ] end=69632 piso=3530752
COUNTS id=[ 256, 25810 ] end=151552 piso=1900544
COUNTS id=[ 256, 25811 ] end=331776 piso=3956736
COUNTS id=[ 256, 25812 ] end=36864 piso=3006464
COUNTS id=[ 256, 25813 ] end=167936 piso=2465792
COUNTS id=[ 256, 25814 ] end=167936 piso=2465792
COUNTS id=[ 256, 25815 ] end=331776 piso=3289088
COUNTS id=[ 256, 25816 ] end=36864 piso=2273280
COUNTS id=[ 256, 25817 ] end=167936 piso=2240512
COUNTS id=[ 256, 25818 ] end=167936 piso=2240512
COUNTS id=[ 256, 25819 ] end=331776 piso=3289088
COUNTS id=[ 256, 25820 ] end=36864 piso=2273280
COUNTS id=[ 256, 25821 ] end=151552 piso=2166784
COUNTS id=[ 256, 25822 ] end=200704 piso=6532608
COUNTS id=[ 256, 25823 ] end=200704 piso=6532608
COUNTS id=[ 256, 25824 ] end=167936 piso=2547200
COUNTS id=[ 256, 25825 ] end=69632 piso=6618624
COUNTS id=[ 256, 25826 ] end=69632 piso=6618624
COUNTS id=[ 256, 25827 ] end=36864 piso=2362880
COUNTS id=[ 256, 25828 ] end=167936 piso=2960896
COUNTS id=[ 256, 25829 ] end=167936 piso=2547200
COUNTS id=[ 256, 25830 ] end=36864 piso=3292672
COUNTS id=[ 256, 25831 ] end=36864 piso=2362880
COUNTS id=[ 256, 25832 ] end=151552 piso=2266624
COUNTS id=[ 256, 25833 ] end=151552 piso=2266624
COUNTS id=[ 256, 25834 ] end=20480 piso=2377216
COUNTS id=[ 256, 25835 ] end=20480 piso=2377216
COUNTS id=[ 256, 25836 ] end=135168 piso=3932160
COUNTS id=[ 256, 25837 ] end=69632 piso=3801088
COUNTS id=[ 256, 25838 ] end=135168 piso=3932160
COUNTS id=[ 256, 25839 ] end=36864 piso=2146304
COUNTS id=[ 256, 25840 ] end=36864 piso=2514944
COUNTS id=[ 256, 25841 ] end=36864 piso=2514944
COUNTS id=[ 256, 25842 ] end=20480 piso=2201600
PROGRESS checked=1300 hits=0 reversed=0 runtime_ms=3043288
COUNTS id=[ 256, 25843 ] end=36864 piso=2250752
COUNTS id=[ 256, 25844 ] end=69632 piso=2365440
COUNTS id=[ 256, 25845 ] end=69632 piso=2365440
COUNTS id=[ 256, 25846 ] end=397312 piso=3534848
COUNTS id=[ 256, 25847 ] end=299008 piso=3395584
COUNTS id=[ 256, 25848 ] end=200704 piso=2082816
COUNTS id=[ 256, 25849 ] end=151552 piso=2009088
COUNTS id=[ 256, 25850 ] end=135168 piso=2437120
COUNTS id=[ 256, 25851 ] end=36864 piso=2297856
COUNTS id=[ 256, 25852 ] end=299008 piso=3045376
COUNTS id=[ 256, 25853 ] end=151552 piso=1880064
COUNTS id=[ 256, 25854 ] end=36864 piso=2365440
COUNTS id=[ 256, 25855 ] end=364544 piso=3184640
COUNTS id=[ 256, 25856 ] end=184320 piso=1953792
COUNTS id=[ 256, 25857 ] end=102400 piso=2504704
COUNTS id=[ 256, 25858 ] end=263168 piso=1600128
COUNTS id=[ 256, 25859 ] end=138240 piso=712320
CLOSEST id=[ 256, 25859 ] end=138240 piso=712320 ratio=371/72
COUNTS id=[ 256, 25860 ] end=17408 piso=729728
COUNTS id=[ 256, 25861 ] end=2154496 piso=137551872
COUNTS id=[ 256, 25862 ] end=335872 piso=4648960
COUNTS id=[ 256, 25863 ] end=2080768 piso=135364608
COUNTS id=[ 256, 25864 ] end=507904 piso=13729792
COUNTS id=[ 256, 25865 ] end=237568 piso=2830336
COUNTS id=[ 256, 25866 ] end=49168384 piso=274979383808
COUNTS id=[ 256, 25867 ] end=2965504 piso=12827847168
COUNTS id=[ 256, 25868 ] end=6766592 piso=1080568320
COUNTS id=[ 256, 25869 ] end=48234496 piso=274815232512
COUNTS id=[ 256, 25870 ] end=2162688 piso=12838676992
COUNTS id=[ 256, 25871 ] end=5898240 piso=1061841408
COUNTS id=[ 256, 25872 ] end=13565952 piso=1608731136
COUNTS id=[ 256, 25873 ] end=1507328 piso=617712128
COUNTS id=[ 256, 25874 ] end=13041664 piso=1566599680
COUNTS id=[ 256, 25875 ] end=983040 piso=618637824
COUNTS id=[ 256, 25876 ] end=14450688 piso=1620687360
COUNTS id=[ 256, 25877 ] end=1245184 piso=615205376
COUNTS id=[ 256, 25878 ] end=3555328 piso=252815872
COUNTS id=[ 256, 25879 ] end=13008896 piso=1566194176
COUNTS id=[ 256, 25880 ] end=950272 piso=617712128
COUNTS id=[ 256, 25881 ] end=3031040 piso=242878976
COUNTS id=[ 256, 25882 ] end=5992448 piso=325145216
COUNTS id=[ 256, 25883 ] end=1339392 piso=311171712
COUNTS id=[ 256, 25884 ] end=5597184 piso=315134592
COUNTS id=[ 256, 25885 ] end=944128 piso=310942336
COUNTS id=[ 256, 25886 ] end=17694720 piso=2086483968
COUNTS id=[ 256, 25887 ] end=5767168 piso=321167360
COUNTS id=[ 256, 25888 ] end=13041664 piso=1572853760
COUNTS id=[ 256, 25889 ] end=3063808 piso=248758272
COUNTS id=[ 256, 25890 ] end=3604480 piso=302577664
COUNTS id=[ 256, 25891 ] end=1048576 piso=36239360
COUNTS id=[ 256, 25892 ] end=1146880 piso=18274304
COUNTS id=[ 256, 25893 ] end=2818048 piso=280434688
COUNTS id=[ 256, 25894 ] end=393216 piso=36378624
COUNTS id=[ 256, 25895 ] end=425984 piso=13760512
COUNTS id=[ 256, 25896 ] end=2867200 piso=288925696
COUNTS id=[ 256, 25897 ] end=376832 piso=34121728
COUNTS id=[ 256, 25898 ] end=622592 piso=14280704
COUNTS id=[ 256, 25899 ] end=3244032 piso=167669760
COUNTS id=[ 256, 25900 ] end=753664 piso=25161728
COUNTS id=[ 256, 25901 ] end=1015808 piso=15699968
COUNTS id=[ 256, 25902 ] end=2621440 piso=145371136
COUNTS id=[ 256, 25903 ] end=131072 piso=25341952
COUNTS id=[ 256, 25904 ] end=393216 piso=11849728
COUNTS id=[ 256, 25905 ] end=2834432 piso=154501120
COUNTS id=[ 256, 25906 ] end=344064 piso=23789568
COUNTS id=[ 256, 25907 ] end=622592 piso=12550144
COUNTS id=[ 256, 25908 ] end=1478656 piso=20337152
COUNTS id=[ 256, 25909 ] end=561152 piso=8528384
COUNTS id=[ 256, 25910 ] end=675840 piso=10142208
COUNTS id=[ 256, 25911 ] end=118784 piso=8163840
COUNTS id=[ 256, 25912 ] end=937984 piso=12808704
COUNTS id=[ 256, 25913 ] end=249856 piso=7250432
COUNTS id=[ 256, 25914 ] end=3870720 piso=179397120
COUNTS id=[ 256, 25915 ] end=692224 piso=14762496
COUNTS id=[ 256, 25916 ] end=1908736 piso=58663424
COUNTS id=[ 256, 25917 ] end=1835008 piso=142319616
COUNTS id=[ 256, 25918 ] end=2621440 piso=150118400
COUNTS id=[ 256, 25919 ] end=1572864 piso=138649600
COUNTS id=[ 256, 25920 ] end=884736 piso=9474048
COUNTS id=[ 256, 25921 ] end=1409024 piso=14372864
COUNTS id=[ 256, 25922 ] end=557056 piso=8507392
COUNTS id=[ 256, 25923 ] end=1638400 piso=83337216
COUNTS id=[ 256, 25924 ] end=2228224 piso=90939392
COUNTS id=[ 256, 25925 ] end=1179648 piso=79470592
COUNTS id=[ 256, 25926 ] end=819200 piso=9211904
COUNTS id=[ 256, 25927 ] end=1277952 piso=13914112
COUNTS id=[ 256, 25928 ] end=425984 piso=8048640
COUNTS id=[ 256, 25929 ] end=622592 piso=6860800
COUNTS id=[ 256, 25930 ] end=884736 piso=9011200
COUNTS id=[ 256, 25931 ] end=393216 piso=6127616
COUNTS id=[ 256, 25932 ] end=614400 piso=5976064
COUNTS id=[ 256, 25933 ] end=868352 piso=8126464
COUNTS id=[ 256, 25934 ] end=376832 piso=5242880
COUNTS id=[ 256, 25935 ] end=442368 piso=4811904
COUNTS id=[ 256, 25936 ] end=696320 piso=7031936
COUNTS id=[ 256, 25937 ] end=212992 piso=4570240
COUNTS id=[ 256, 25938 ] end=376832 piso=4143232
COUNTS id=[ 256, 25939 ] end=565248 piso=5468288
COUNTS id=[ 256, 25940 ] end=196608 piso=4026496
COUNTS id=[ 256, 25941 ] end=2654208 piso=279943168
COUNTS id=[ 256, 25942 ] end=688128 piso=35362816
PROGRESS checked=1400 hits=0 reversed=0 runtime_ms=3891441
COUNTS id=[ 256, 25943 ] end=491520 piso=13342720
COUNTS id=[ 256, 25944 ] end=2654208 piso=279943168
COUNTS id=[ 256, 25945 ] end=688128 piso=35362816
COUNTS id=[ 256, 25946 ] end=491520 piso=13342720
COUNTS id=[ 256, 25947 ] end=2490368 piso=279408640
COUNTS id=[ 256, 25948 ] end=524288 piso=32600064
COUNTS id=[ 256, 25949 ] end=376832 piso=12759040
COUNTS id=[ 256, 25950 ] end=2506752 piso=144637952
COUNTS id=[ 256, 25951 ] end=442368 piso=11419648
COUNTS id=[ 256, 25952 ] end=540672 piso=24084480
COUNTS id=[ 256, 25953 ] end=442368 piso=11419648
COUNTS id=[ 256, 25954 ] end=2457600 piso=144627712
COUNTS id=[ 256, 25955 ] end=491520 piso=22009856
COUNTS id=[ 256, 25956 ] end=376832 piso=11343872
COUNTS id=[ 256, 25957 ] end=745472 piso=10260992
COUNTS id=[ 256, 25958 ] end=253952 piso=7275008
COUNTS id=[ 256, 25959 ] end=647168 piso=9814528
COUNTS id=[ 256, 25960 ] end=253952 piso=7574016
COUNTS id=[ 256, 25961 ] end=589824 piso=9691648
COUNTS id=[ 256, 25962 ] end=196608 piso=6496768
COUNTS id=[ 256, 25963 ] end=1146880 piso=25924096
COUNTS id=[ 256, 25964 ] end=606208 piso=14172672
COUNTS id=[ 256, 25965 ] end=593920 piso=13976064
COUNTS id=[ 256, 25966 ] end=1654784 piso=410511872
COUNTS id=[ 256, 25967 ] end=1654784 piso=410511872
COUNTS id=[ 256, 25968 ] end=1458176 piso=93628928
COUNTS id=[ 256, 25969 ] end=1458176 piso=93547008
COUNTS id=[ 256, 25970 ] end=1310720 piso=406727168
COUNTS id=[ 256, 25971 ] end=1310720 piso=406727168
COUNTS id=[ 256, 25972 ] end=1114112 piso=89057792
COUNTS id=[ 256, 25973 ] end=1114112 piso=88975872
COUNTS id=[ 256, 25974 ] end=688128 piso=13158912
COUNTS id=[ 256, 25975 ] end=688128 piso=13158912
COUNTS id=[ 256, 25976 ] end=393216 piso=11463168
COUNTS id=[ 256, 25977 ] end=393216 piso=11463168
COUNTS id=[ 256, 25978 ] end=2949120 piso=159644160
COUNTS id=[ 256, 25979 ] end=294912 piso=22317568
COUNTS id=[ 256, 25980 ] end=671744 piso=8604160
COUNTS id=[ 256, 25981 ] end=2457600 piso=145848832
COUNTS id=[ 256, 25982 ] end=98304 piso=23185920
COUNTS id=[ 256, 25983 ] end=376832 piso=6629888
COUNTS id=[ 256, 25984 ] end=638976 piso=12499456
COUNTS id=[ 256, 25985 ] end=573440 piso=11848192
COUNTS id=[ 256, 25986 ] end=565248 piso=7526912
COUNTS id=[ 256, 25987 ] end=376832 piso=10803712
COUNTS id=[ 256, 25988 ] end=376832 piso=11176448
COUNTS id=[ 256, 25989 ] end=368640 piso=6261248
COUNTS id=[ 256, 25990 ] end=2818048 piso=288889344
COUNTS id=[ 256, 25991 ] end=360448 piso=32938496
COUNTS id=[ 256, 25992 ] end=2719744 piso=288889344
COUNTS id=[ 256, 25993 ] end=425984 piso=32938496
COUNTS id=[ 256, 25994 ] end=606208 piso=14047744
COUNTS id=[ 256, 25995 ] end=2555904 piso=279439872
COUNTS id=[ 256, 25996 ] end=131072 piso=33778176
COUNTS id=[ 256, 25997 ] end=2490368 piso=279439872
COUNTS id=[ 256, 25998 ] end=229376 piso=33778176
COUNTS id=[ 256, 25999 ] end=376832 piso=12855808
COUNTS id=[ 256, 26000 ] end=589824 piso=12212736
COUNTS id=[ 256, 26001 ] end=589824 piso=12212736
COUNTS id=[ 256, 26002 ] end=2654208 piso=154237440
COUNTS id=[ 256, 26003 ] end=294912 piso=22264320
COUNTS id=[ 256, 26004 ] end=393216 piso=11110912
COUNTS id=[ 256, 26005 ] end=393216 piso=11110912
COUNTS id=[ 256, 26006 ] end=2457600 piso=144452096
COUNTS id=[ 256, 26007 ] end=98304 piso=22964736
COUNTS id=[ 256, 26008 ] end=4079616 piso=325761024
COUNTS id=[ 256, 26009 ] end=1507328 piso=47783936
COUNTS id=[ 256, 26010 ] end=2473984 piso=151820288
COUNTS id=[ 256, 26011 ] end=409600 piso=9814016
COUNTS id=[ 256, 26012 ] end=716800 piso=10181120
COUNTS id=[ 256, 26013 ] end=544768 piso=6380032
COUNTS id=[ 256, 26014 ] end=274432 piso=7649792
COUNTS id=[ 256, 26015 ] end=167936 piso=5552640
COUNTS id=[ 256, 26016 ] end=315392 piso=7195136
COUNTS id=[ 256, 26017 ] end=176128 piso=4082176
COUNTS id=[ 256, 26018 ] end=618496 piso=10181120
COUNTS id=[ 256, 26019 ] end=479232 piso=6380032
COUNTS id=[ 256, 26020 ] end=208896 piso=7649792
COUNTS id=[ 256, 26021 ] end=69632 piso=5552640
COUNTS id=[ 256, 26022 ] end=331776 piso=5757440
COUNTS id=[ 256, 26023 ] end=192512 piso=3627520
COUNTS id=[ 256, 26024 ] end=331776 piso=5757440
COUNTS id=[ 256, 26025 ] end=192512 piso=3627520
COUNTS id=[ 256, 26026 ] end=520192 piso=7547392
COUNTS id=[ 256, 26027 ] end=380928 piso=4434432
COUNTS id=[ 256, 26028 ] end=176128 piso=4966912
COUNTS id=[ 256, 26029 ] end=36864 piso=3557888
COUNTS id=[ 256, 26030 ] end=655360 piso=7651328
COUNTS id=[ 256, 26031 ] end=196608 piso=5545984
COUNTS id=[ 256, 26032 ] end=344064 piso=4319232
COUNTS id=[ 256, 26033 ] end=524288 piso=5185536
COUNTS id=[ 256, 26034 ] end=98304 piso=3112960
COUNTS id=[ 256, 26035 ] end=278528 piso=3012608
COUNTS id=[ 256, 26036 ] end=589824 piso=6864896
COUNTS id=[ 256, 26037 ] end=131072 piso=4759552
COUNTS id=[ 256, 26038 ] end=311296 piso=3532800
COUNTS id=[ 256, 26039 ] end=344064 piso=4837376
COUNTS id=[ 256, 26040 ] end=655360 piso=7280640
COUNTS id=[ 256, 26041 ] end=196608 piso=4495360
COUNTS id=[ 256, 26042 ] end=278528 piso=3051520
PROGRESS checked=1500 hits=0 reversed=0 runtime_ms=4535676
COUNTS id=[ 256, 26043 ] end=524288 piso=5146624
COUNTS id=[ 256, 26044 ] end=98304 piso=2738176
COUNTS id=[ 256, 26045 ] end=311296 piso=4050944
COUNTS id=[ 256, 26046 ] end=589824 piso=6494208
COUNTS id=[ 256, 26047 ] end=131072 piso=3708928
COUNTS id=[ 256, 26048 ] end=382976 piso=2687488
COUNTS id=[ 256, 26049 ] end=38912 piso=1761792
COUNTS id=[ 256, 26050 ] end=186368 piso=1040896
COUNTS id=[ 256, 26051 ] end=186368 piso=1401344
COUNTS id=[ 256, 26052 ] end=382976 piso=2499072
COUNTS id=[ 256, 26053 ] end=38912 piso=1147392
COUNTS id=[ 256, 26054 ] end=233472 piso=6867456
COUNTS id=[ 256, 26055 ] end=126976 piso=4409856
COUNTS id=[ 256, 26056 ] end=233472 piso=6867456
COUNTS id=[ 256, 26057 ] end=126976 piso=4409856
COUNTS id=[ 256, 26058 ] end=151552 piso=6339072
COUNTS id=[ 256, 26059 ] end=45056 piso=3783168
COUNTS id=[ 256, 26060 ] end=200704 piso=6760960
COUNTS id=[ 256, 26061 ] end=94208 piso=4303360
COUNTS id=[ 256, 26062 ] end=151552 piso=4551168
COUNTS id=[ 256, 26063 ] end=45056 piso=2880000
COUNTS id=[ 256, 26064 ] end=151552 piso=4551168
COUNTS id=[ 256, 26065 ] end=45056 piso=2880000
COUNTS id=[ 256, 26066 ] end=372736 piso=7255040
COUNTS id=[ 256, 26067 ] end=225280 piso=4027392
COUNTS id=[ 256, 26068 ] end=307200 piso=7177216
COUNTS id=[ 256, 26069 ] end=176128 piso=3949568
COUNTS id=[ 256, 26070 ] end=200704 piso=6417408
COUNTS id=[ 256, 26071 ] end=86016 piso=3976192
COUNTS id=[ 256, 26072 ] end=151552 piso=6339584
COUNTS id=[ 256, 26073 ] end=20480 piso=3898368
COUNTS id=[ 256, 26074 ] end=282624 piso=5254144
COUNTS id=[ 256, 26075 ] end=151552 piso=2862080
COUNTS id=[ 256, 26076 ] end=315392 piso=5331968
COUNTS id=[ 256, 26077 ] end=184320 piso=2939904
COUNTS id=[ 256, 26078 ] end=151552 piso=4539392
COUNTS id=[ 256, 26079 ] end=20480 piso=2933760
COUNTS id=[ 256, 26080 ] end=184320 piso=4617216
COUNTS id=[ 256, 26081 ] end=53248 piso=3011584
COUNTS id=[ 256, 26082 ] end=294912 piso=9562624
COUNTS id=[ 256, 26083 ] end=294912 piso=9562624
COUNTS id=[ 256, 26084 ] end=262144 piso=9456128
COUNTS id=[ 256, 26085 ] end=245760 piso=4524544
COUNTS id=[ 256, 26086 ] end=131072 piso=9173504
COUNTS id=[ 256, 26087 ] end=131072 piso=9173504
COUNTS id=[ 256, 26088 ] end=98304 piso=9067008
COUNTS id=[ 256, 26089 ] end=81920 piso=3971584
COUNTS id=[ 256, 26090 ] end=229376 piso=3535360
COUNTS id=[ 256, 26091 ] end=229376 piso=3535360
COUNTS id=[ 256, 26092 ] end=81920 piso=3039744
COUNTS id=[ 256, 26093 ] end=81920 piso=3039744
COUNTS id=[ 256, 26094 ] end=655360 piso=12523520
COUNTS id=[ 256, 26095 ] end=655360 piso=12523520
COUNTS id=[ 256, 26096 ] end=196608 piso=9893888
COUNTS id=[ 256, 26097 ] end=196608 piso=9893888
COUNTS id=[ 256, 26098 ] end=278528 piso=9480192
COUNTS id=[ 256, 26099 ] end=278528 piso=9480192
COUNTS id=[ 256, 26100 ] end=262144 piso=4573184
COUNTS id=[ 256, 26101 ] end=589824 piso=7501824
COUNTS id=[ 256, 26102 ] end=131072 piso=4511744
COUNTS id=[ 256, 26103 ] end=262144 piso=3686400
COUNTS id=[ 256, 26104 ] end=524288 piso=5951488
COUNTS id=[ 256, 26105 ] end=98304 piso=3493888
COUNTS id=[ 256, 26106 ] end=524288 piso=5951488
COUNTS id=[ 256, 26107 ] end=98304 piso=3493888
COUNTS id=[ 256, 26108 ] end=278528 piso=3801088
COUNTS id=[ 256, 26109 ] end=278528 piso=3801088
COUNTS id=[ 256, 26110 ] end=253952 piso=1601536
COUNTS id=[ 256, 26111 ] end=442368 piso=3014656
COUNTS id=[ 256, 26112 ] end=81920 piso=1376256
COUNTS id=[ 256, 26113 ] end=442368 piso=2965504
COUNTS id=[ 256, 26114 ] end=81920 piso=1327104
COUNTS id=[ 256, 26115 ] end=253952 piso=1552384
COUNTS id=[ 256, 26116 ] end=344064 piso=4300800
COUNTS id=[ 256, 26117 ] end=622592 piso=6070272
COUNTS id=[ 256, 26118 ] end=196608 piso=4186112
COUNTS id=[ 256, 26119 ] end=278528 piso=2625536
COUNTS id=[ 256, 26120 ] end=491520 piso=4345856
COUNTS id=[ 256, 26121 ] end=131072 piso=2461696
COUNTS id=[ 256, 26122 ] end=311296 piso=4284416
COUNTS id=[ 256, 26123 ] end=557056 piso=6053888
COUNTS id=[ 256, 26124 ] end=131072 piso=4169728
COUNTS id=[ 256, 26125 ] end=278528 piso=2641920
COUNTS id=[ 256, 26126 ] end=491520 piso=4362240
COUNTS id=[ 256, 26127 ] end=131072 piso=2478080
COUNTS id=[ 256, 26128 ] end=458752 piso=4268032
COUNTS id=[ 256, 26129 ] end=98304 piso=2383872
COUNTS id=[ 256, 26130 ] end=262144 piso=2580480
COUNTS id=[ 256, 26131 ] end=524288 piso=5189632
COUNTS id=[ 256, 26132 ] end=98304 piso=3305472
COUNTS id=[ 256, 26133 ] end=294912 piso=3452928
COUNTS id=[ 256, 26134 ] end=196608 piso=9664512
COUNTS id=[ 256, 26135 ] end=196608 piso=9664512
COUNTS id=[ 256, 26136 ] end=196608 piso=9664512
COUNTS id=[ 256, 26137 ] end=196608 piso=9664512
COUNTS id=[ 256, 26138 ] end=98304 piso=9195520
COUNTS id=[ 256, 26139 ] end=98304 piso=9195520
COUNTS id=[ 256, 26140 ] end=81920 piso=4009984
COUNTS id=[ 256, 26141 ] end=163840 piso=4356096
COUNTS id=[ 256, 26142 ] end=163840 piso=4356096
PROGRESS checked=1600 hits=0 reversed=0 runtime_ms=5029656
COUNTS id=[ 256, 26143 ] end=131072 piso=3244032
COUNTS id=[ 256, 26144 ] end=98304 piso=3381248
COUNTS id=[ 256, 26145 ] end=98304 piso=3381248
COUNTS id=[ 256, 26146 ] end=81920 piso=3307520
COUNTS id=[ 256, 26147 ] end=131072 piso=3244032
COUNTS id=[ 256, 26148 ] end=4059136 piso=61053440
COUNTS id=[ 256, 26149 ] end=3837952 piso=55515648
COUNTS id=[ 256, 26150 ] end=1208320 piso=13736448
COUNTS id=[ 256, 26151 ] end=1118208 piso=12130816
COUNTS id=[ 256, 26152 ] end=831488 piso=10754560
COUNTS id=[ 256, 26153 ] end=675840 piso=7117312
COUNTS id=[ 256, 26154 ] end=1413120 piso=14584320
COUNTS id=[ 256, 26155 ] end=1257472 piso=10816000
COUNTS id=[ 256, 26156 ] end=413696 piso=7834112
COUNTS id=[ 256, 26157 ] end=258048 piso=6031872
COUNTS id=[ 256, 26158 ] end=1507328 piso=8626176
COUNTS id=[ 256, 26159 ] end=2949120 piso=19365888
COUNTS id=[ 256, 26160 ] end=1114112 piso=7864320
COUNTS id=[ 256, 26161 ] end=688128 piso=6488064
COUNTS id=[ 256, 26162 ] end=1245184 piso=7839744
COUNTS id=[ 256, 26163 ] end=2424832 piso=18579456
COUNTS id=[ 256, 26164 ] end=589824 piso=7077888
COUNTS id=[ 256, 26165 ] end=622592 piso=5701632
COUNTS id=[ 256, 26166 ] end=851968 piso=5951488
COUNTS id=[ 256, 26167 ] end=1638400 piso=15167488
COUNTS id=[ 256, 26168 ] end=196608 piso=5173248
COUNTS id=[ 256, 26169 ] end=622592 piso=5173248
COUNTS id=[ 256, 26170 ] end=622592 piso=5173248
COUNTS id=[ 256, 26171 ] end=1359872 piso=10440704
COUNTS id=[ 256, 26172 ] end=442368 piso=5582848
COUNTS id=[ 256, 26173 ] end=1294336 piso=9654272
COUNTS id=[ 256, 26174 ] end=376832 piso=4796416
COUNTS id=[ 256, 26175 ] end=1064960 piso=8126464
COUNTS id=[ 256, 26176 ] end=344064 piso=3743744
COUNTS id=[ 256, 26177 ] end=628736 piso=3650048
COUNTS id=[ 256, 26178 ] end=1234944 piso=9540096
COUNTS id=[ 256, 26179 ] end=153600 piso=4018688
COUNTS id=[ 256, 26180 ] end=350208 piso=2675200
COUNTS id=[ 256, 26181 ] end=735232 piso=4649472
COUNTS id=[ 256, 26182 ] end=194560 piso=2314752
COUNTS id=[ 256, 26183 ] end=798720 piso=11147776
COUNTS id=[ 256, 26184 ] end=708608 piso=9083392
COUNTS id=[ 256, 26185 ] end=798720 piso=11147776
COUNTS id=[ 256, 26186 ] end=708608 piso=9083392
COUNTS id=[ 256, 26187 ] end=208896 piso=6941184
COUNTS id=[ 256, 26188 ] end=118784 piso=4483584
COUNTS id=[ 256, 26189 ] end=471040 piso=7633408
COUNTS id=[ 256, 26190 ] end=380928 piso=5372416
COUNTS id=[ 256, 26191 ] end=307200 piso=5085696
COUNTS id=[ 256, 26192 ] end=217088 piso=3611136
COUNTS id=[ 256, 26193 ] end=307200 piso=5085696
COUNTS id=[ 256, 26194 ] end=217088 piso=3611136
COUNTS id=[ 256, 26195 ] end=720896 piso=5963776
COUNTS id=[ 256, 26196 ] end=196608 piso=4300800
COUNTS id=[ 256, 26197 ] end=720896 piso=5963776
COUNTS id=[ 256, 26198 ] end=589824 piso=4980736
COUNTS id=[ 256, 26199 ] end=131072 piso=3514368
COUNTS id=[ 256, 26200 ] end=589824 piso=4980736
COUNTS id=[ 256, 26201 ] end=393216 piso=3403776
COUNTS id=[ 256, 26202 ] end=131072 piso=3133440
COUNTS id=[ 256, 26203 ] end=393216 piso=3403776
COUNTS id=[ 256, 26204 ] end=131072 piso=3133440
COUNTS id=[ 256, 26205 ] end=327680 piso=4405248
COUNTS id=[ 256, 26206 ] end=294912 piso=3618816
COUNTS id=[ 256, 26207 ] end=212992 piso=2603008
COUNTS id=[ 256, 26208 ] end=317440 piso=1937920
COUNTS id=[ 256, 26209 ] end=38912 piso=1028608
COUNTS id=[ 256, 26210 ] end=317440 piso=1937920
COUNTS id=[ 256, 26211 ] end=161792 piso=1053184
COUNTS id=[ 256, 26212 ] end=4657152 piso=58834944
COUNTS id=[ 256, 26213 ] end=2101248 piso=23445504
COUNTS id=[ 256, 26214 ] end=1282048 piso=5922816
CLOSEST id=[ 256, 26214 ] end=1282048 piso=5922816 ratio=1446/313
COUNTS id=[ 256, 26215 ] end=1282048 piso=7880704
COUNTS id=[ 256, 26216 ] end=1200128 piso=9639936
COUNTS id=[ 256, 26217 ] end=315392 piso=5314560
COUNTS id=[ 256, 26218 ] end=1282048 piso=10993664
COUNTS id=[ 256, 26219 ] end=3608576 piso=53764096
COUNTS id=[ 256, 26220 ] end=1052672 piso=10510336
COUNTS id=[ 256, 26221 ] end=1019904 piso=7225344
COUNTS id=[ 256, 26222 ] end=1019904 piso=5791744
COUNTS id=[ 256, 26223 ] end=3608576 piso=55459840
COUNTS id=[ 256, 26224 ] end=1052672 piso=13778944
COUNTS id=[ 256, 26225 ] end=1019904 piso=5791744
COUNTS id=[ 256, 26226 ] end=1282048 piso=11517952
COUNTS id=[ 256, 26227 ] end=1282048 piso=7487488
COUNTS id=[ 256, 26228 ] end=495616 piso=4210688
COUNTS id=[ 256, 26229 ] end=2560000 piso=14794752
COUNTS id=[ 256, 26230 ] end=1052672 piso=9420800
COUNTS id=[ 256, 26231 ] end=741376 piso=5953536
COUNTS id=[ 256, 26232 ] end=249856 piso=3840000
COUNTS id=[ 256, 26233 ] end=495616 piso=5576704
COUNTS id=[ 256, 26234 ] end=626688 piso=4593664
COUNTS id=[ 256, 26235 ] end=495616 piso=5576704
COUNTS id=[ 256, 26236 ] end=1249280 piso=11130880
COUNTS id=[ 256, 26237 ] end=266240 piso=5462016
COUNTS id=[ 256, 26238 ] end=249856 piso=4136960
COUNTS id=[ 256, 26239 ] end=1003520 piso=6823936
COUNTS id=[ 256, 26240 ] end=1019904 piso=7356416
COUNTS id=[ 256, 26241 ] end=495616 piso=4079616
COUNTS id=[ 256, 26242 ] end=2035712 piso=14663680
PROGRESS checked=1700 hits=0 reversed=0 runtime_ms=5498565
COUNTS id=[ 256, 26243 ] end=528384 piso=9289728
COUNTS id=[ 256, 26244 ] end=528384 piso=4702208
COUNTS id=[ 256, 26245 ] end=135168 piso=2703360
COUNTS id=[ 256, 26246 ] end=528384 piso=4702208
COUNTS id=[ 256, 26247 ] end=167936 piso=2727936
COUNTS id=[ 256, 26248 ] end=69632 piso=2545664
COUNTS id=[ 256, 26249 ] end=69632 piso=2545664
COUNTS id=[ 256, 26250 ] end=36864 piso=2430976
COUNTS id=[ 256, 26251 ] end=397312 piso=4112384
COUNTS id=[ 256, 26252 ] end=135168 piso=2572288
COUNTS id=[ 256, 26253 ] end=249856 piso=2267136
COUNTS id=[ 256, 26254 ] end=495616 piso=3719168
COUNTS id=[ 256, 26255 ] end=135168 piso=2621440
COUNTS id=[ 256, 26256 ] end=200704 piso=2029568
COUNTS id=[ 256, 26257 ] end=397312 piso=3416064
COUNTS id=[ 256, 26258 ] end=36864 piso=2318336
COUNTS id=[ 256, 26259 ] end=184320 piso=1990656
COUNTS id=[ 256, 26260 ] end=364544 piso=3221504
COUNTS id=[ 256, 26261 ] end=102400 piso=2541568
COUNTS id=[ 256, 26262 ] end=151552 piso=1884160
COUNTS id=[ 256, 26263 ] end=299008 piso=3049472
COUNTS id=[ 256, 26264 ] end=36864 piso=2369536
COUNTS id=[ 256, 26265 ] end=495616 piso=4874240
COUNTS id=[ 256, 26266 ] end=135168 piso=3891200
COUNTS id=[ 256, 26267 ] end=249856 piso=2252800
COUNTS id=[ 256, 26268 ] end=430080 piso=4161536
COUNTS id=[ 256, 26269 ] end=69632 piso=3211264
COUNTS id=[ 256, 26270 ] end=217088 piso=2588672
COUNTS id=[ 256, 26271 ] end=167936 piso=2256896
COUNTS id=[ 256, 26272 ] end=331776 piso=3395584
COUNTS id=[ 256, 26273 ] end=36864 piso=2379776
COUNTS id=[ 256, 26274 ] end=495616 piso=4743168
COUNTS id=[ 256, 26275 ] end=135168 piso=3760128
COUNTS id=[ 256, 26276 ] end=249856 piso=2121728
COUNTS id=[ 256, 26277 ] end=1314816 piso=20692992
COUNTS id=[ 256, 26278 ] end=659456 piso=4284416
COUNTS id=[ 256, 26279 ] end=528384 piso=5128192
COUNTS id=[ 256, 26280 ] end=299008 piso=3905536
COUNTS id=[ 256, 26281 ] end=1052672 piso=10371072
COUNTS id=[ 256, 26282 ] end=659456 piso=8151040
COUNTS id=[ 256, 26283 ] end=266240 piso=4341760
COUNTS id=[ 256, 26284 ] end=659456 piso=4022272
COUNTS id=[ 256, 26285 ] end=659456 piso=8282112
COUNTS id=[ 256, 26286 ] end=1314816 piso=7585792
COUNTS id=[ 256, 26287 ] end=528384 piso=4997120
COUNTS id=[ 256, 26288 ] end=34017280 piso=96583680
CLOSEST id=[ 256, 26288 ] end=34017280 piso=96583680 ratio=4716/1661
COUNTS id=[ 256, 26289 ] end=68030464 piso=281919488
COUNTS id=[ 256, 26290 ] end=33558528 piso=103137280
COUNTS id=[ 256, 26291 ] end=4657152 piso=24231936
COUNTS id=[ 256, 26292 ] end=20615168 piso=80461824
COUNTS id=[ 256, 26293 ] end=3379200 piso=24625152
COUNTS id=[ 256, 26294 ] end=3084288 piso=20430848
COUNTS id=[ 256, 26295 ] end=3870720 piso=21288960
COUNTS id=[ 256, 26296 ] end=7376896 piso=44554240
COUNTS id=[ 256, 26297 ] end=1150976 piso=22796288
COUNTS id=[ 256, 26298 ] end=8916992 piso=27639808
COUNTS id=[ 256, 26299 ] end=1052672 piso=6832128
COUNTS id=[ 256, 26300 ] end=8916992 piso=27639808
COUNTS id=[ 256, 26301 ] end=2625536 piso=10469376
COUNTS id=[ 256, 26302 ] end=3674112 piso=12730368
COUNTS id=[ 256, 26303 ] end=528384 piso=6701056
COUNTS id=[ 256, 26304 ] end=2887680 piso=9330688
COUNTS id=[ 256, 26305 ] end=1052672 piso=5201920
COUNTS id=[ 256, 26306 ] end=921600 piso=5052416
COUNTS id=[ 256, 26307 ] end=921600 piso=5052416
ABELIAN_SKIPPED id=[ 256, 26308 ] reason=known_equality
COUNTS id=[ 256, 26309 ] end=3145728 piso=4194304
CLOSEST id=[ 256, 26309 ] end=3145728 piso=4194304 ratio=4/3
COUNTS id=[ 256, 26310 ] end=2359296 piso=2621440
CLOSEST id=[ 256, 26310 ] end=2359296 piso=2621440 ratio=10/9
COUNTS id=[ 256, 26311 ] end=786432 piso=1052672
COUNTS id=[ 256, 26312 ] end=753664 piso=921600
COUNTS id=[ 256, 26313 ] end=425984 piso=537088
COUNTS id=[ 256, 26314 ] end=401408 piso=537088
COUNTS id=[ 256, 26315 ] end=1703936 piso=2588672
COUNTS id=[ 256, 26316 ] end=491520 piso=888832
COUNTS id=[ 256, 26317 ] end=307200 piso=504320
COUNTS id=[ 256, 26318 ] end=5242880 piso=135790592
COUNTS id=[ 256, 26319 ] end=4456448 piso=134742016
COUNTS id=[ 256, 26320 ] end=917504 piso=5296128
COUNTS id=[ 256, 26321 ] end=884736 piso=5165056
COUNTS id=[ 256, 26322 ] end=876544 piso=5009408
COUNTS id=[ 256, 26323 ] end=2752512 piso=75988992
COUNTS id=[ 256, 26324 ] end=884736 piso=5132288
COUNTS id=[ 256, 26325 ] end=618496 piso=4091904
COUNTS id=[ 256, 26326 ] end=917504 piso=5246976
COUNTS id=[ 256, 26327 ] end=868352 piso=5066752
COUNTS id=[ 256, 26328 ] end=299008 piso=3051648
COUNTS id=[ 256, 26329 ] end=19857408 piso=70918520832
COUNTS id=[ 256, 26330 ] end=4653056 piso=193642496
COUNTS id=[ 256, 26331 ] end=2654208 piso=79970304
COUNTS id=[ 256, 26332 ] end=4669440 piso=316538880
COUNTS id=[ 256, 26333 ] end=2998272 piso=152567808
COUNTS id=[ 256, 26334 ] end=770048 piso=18874368
COUNTS id=[ 256, 26335 ] end=872448 piso=8781824
COUNTS id=[ 256, 26336 ] end=3137536 piso=161241088
COUNTS id=[ 256, 26337 ] end=385024 piso=20011008
COUNTS id=[ 256, 26338 ] end=1089536 piso=8976384
COUNTS id=[ 256, 26339 ] end=565248 piso=7460864
COUNTS id=[ 256, 26340 ] end=7208960 piso=709230592
COUNTS id=[ 256, 26341 ] end=4587520 piso=173932544
COUNTS id=[ 256, 26342 ] end=1179648 piso=13434880
COUNTS id=[ 256, 26343 ] end=4096000 piso=162316288
PROGRESS checked=1800 hits=0 reversed=0 runtime_ms=5793960
COUNTS id=[ 256, 26344 ] end=3112960 piso=153796608
COUNTS id=[ 256, 26345 ] end=884736 piso=20299776
COUNTS id=[ 256, 26346 ] end=958464 piso=10022912
COUNTS id=[ 256, 26347 ] end=1548288 piso=23237120
COUNTS id=[ 256, 26348 ] end=237568 piso=10293760
COUNTS id=[ 256, 26349 ] end=1024000 piso=9261568
COUNTS id=[ 256, 26350 ] end=761856 piso=8860160
COUNTS id=[ 256, 26351 ] end=3407872 piso=159186944
COUNTS id=[ 256, 26352 ] end=786432 piso=69533696
COUNTS id=[ 256, 26353 ] end=1015808 piso=11665408
COUNTS id=[ 256, 26354 ] end=688128 piso=19185664
COUNTS id=[ 256, 26355 ] end=2949120 piso=152551424
COUNTS id=[ 256, 26356 ] end=720896 piso=18661376
COUNTS id=[ 256, 26357 ] end=794624 piso=8581120
COUNTS id=[ 256, 26358 ] end=720896 piso=7578112
COUNTS id=[ 256, 26359 ] end=737280 piso=7643648
COUNTS id=[ 256, 26360 ] end=196608 piso=8937984
COUNTS id=[ 256, 26361 ] end=1261568 piso=22020608
COUNTS id=[ 256, 26362 ] end=6422528 piso=547880960
COUNTS id=[ 256, 26363 ] end=1703936 piso=70778880
COUNTS id=[ 256, 26364 ] end=983040 piso=8978432
COUNTS id=[ 256, 26365 ] end=5439488 piso=544948224
COUNTS id=[ 256, 26366 ] end=720896 piso=66011136
COUNTS id=[ 256, 26367 ] end=1179648 piso=12730368
COUNTS id=[ 256, 26368 ] end=884736 piso=8683520
COUNTS id=[ 256, 26369 ] end=1189888 piso=14156928
COUNTS id=[ 256, 26370 ] end=231424 piso=8500352
COUNTS id=[ 256, 26371 ] end=917504 piso=8617984
COUNTS id=[ 256, 26372 ] end=819200 piso=8323072
COUNTS id=[ 256, 26373 ] end=301056 piso=4536448
COUNTS id=[ 256, 26374 ] end=1179648 piso=12697600
COUNTS id=[ 256, 26375 ] end=884736 piso=8650752
COUNTS id=[ 256, 26376 ] end=354304 piso=4809856
COUNTS id=[ 256, 26377 ] end=5373952 piso=544784384
COUNTS id=[ 256, 26378 ] end=655360 piso=65585152
COUNTS id=[ 256, 26379 ] end=819200 piso=8323072
COUNTS id=[ 256, 26380 ] end=1136640 piso=13976704
COUNTS id=[ 256, 26381 ] end=178176 piso=8205440
COUNTS id=[ 256, 26382 ] end=1572864 piso=3670016
COUNTS id=[ 256, 26383 ] end=786432 piso=2621440
COUNTS id=[ 256, 26384 ] end=393216 piso=1052672
COUNTS id=[ 256, 26385 ] end=360448 piso=921600
COUNTS id=[ 256, 26386 ] end=131072 piso=504320
COUNTS id=[ 256, 26387 ] end=655360 piso=2588672
COUNTS id=[ 256, 26388 ] end=360448 piso=888832
COUNTS id=[ 256, 26389 ] end=118784 piso=504320
COUNTS id=[ 256, 26390 ] end=1310720 piso=3489792
COUNTS id=[ 256, 26391 ] end=294912 piso=1179648
COUNTS id=[ 256, 26392 ] end=227328 piso=649344
COUNTS id=[ 256, 26393 ] end=4325376 piso=12058624
COUNTS id=[ 256, 26394 ] end=4325376 piso=12058624
COUNTS id=[ 256, 26395 ] end=655360 piso=2555904
COUNTS id=[ 256, 26396 ] end=1441792 piso=4210688
COUNTS id=[ 256, 26397 ] end=458752 piso=2162688
COUNTS id=[ 256, 26398 ] end=452608 piso=1372288
COUNTS id=[ 256, 26399 ] end=452608 piso=1372288
COUNTS id=[ 256, 26400 ] end=393216 piso=2097152
COUNTS id=[ 256, 26401 ] end=196608 piso=1703936
COUNTS id=[ 256, 26402 ] end=51200 piso=967808
COUNTS id=[ 256, 26403 ] end=655360 piso=2293760
COUNTS id=[ 256, 26404 ] end=589824 piso=2293760
COUNTS id=[ 256, 26405 ] end=360448 piso=626688
COUNTS id=[ 256, 26406 ] end=557056 piso=2211840
COUNTS id=[ 256, 26407 ] end=344064 piso=610304
COUNTS id=[ 256, 26408 ] end=114688 piso=324096
COUNTS id=[ 256, 26409 ] end=114688 piso=324096
COUNTS id=[ 256, 26410 ] end=331776 piso=569344
COUNTS id=[ 256, 26411 ] end=110592 piso=307712
COUNTS id=[ 256, 26412 ] end=344064 piso=1404928
COUNTS id=[ 256, 26413 ] end=212992 piso=589824
COUNTS id=[ 256, 26414 ] end=69632 piso=307712
COUNTS id=[ 256, 26415 ] end=233472 piso=503808
COUNTS id=[ 256, 26416 ] end=69632 piso=307712
COUNTS id=[ 256, 26417 ] end=1114112 piso=2249728
COUNTS id=[ 256, 26418 ] end=606208 piso=1569792
COUNTS id=[ 256, 26419 ] end=655360 piso=1463296
COUNTS id=[ 256, 26420 ] end=325632 piso=788992
COUNTS id=[ 256, 26421 ] end=313344 piso=584192
COUNTS id=[ 256, 26422 ] end=147456 piso=385024
COUNTS id=[ 256, 26423 ] end=122880 piso=385024
COUNTS id=[ 256, 26424 ] end=317440 piso=578048
COUNTS id=[ 256, 26425 ] end=626688 piso=1422336
COUNTS id=[ 256, 26426 ] end=131072 piso=368640
COUNTS id=[ 256, 26427 ] end=114688 piso=352256
COUNTS id=[ 256, 26428 ] end=114688 piso=352256
COUNTS id=[ 256, 26429 ] end=94208 piso=306304
COUNTS id=[ 256, 26430 ] end=94208 piso=306304
COUNTS id=[ 256, 26431 ] end=108544 piso=337920
COUNTS id=[ 256, 26432 ] end=1458176 piso=9125888
COUNTS id=[ 256, 26433 ] end=770048 piso=3358720
COUNTS id=[ 256, 26434 ] end=344064 piso=2834432
COUNTS id=[ 256, 26435 ] end=212992 piso=1089536
COUNTS id=[ 256, 26436 ] end=704512 piso=3358720
COUNTS id=[ 256, 26437 ] end=212992 piso=2834432
COUNTS id=[ 256, 26438 ] end=1327104 piso=9125888
COUNTS id=[ 256, 26439 ] end=196608 piso=1089536
COUNTS id=[ 256, 26440 ] end=704512 piso=3162112
COUNTS id=[ 256, 26441 ] end=147456 piso=1294336
COUNTS id=[ 256, 26442 ] end=484352 piso=2112640
COUNTS id=[ 256, 26443 ] end=132096 piso=1141888
PROGRESS checked=1900 hits=0 reversed=0 runtime_ms=6058985
COUNTS id=[ 256, 26444 ] end=783360 piso=5544064
COUNTS id=[ 256, 26445 ] end=414720 piso=2148480
COUNTS id=[ 256, 26446 ] end=78848 piso=2439296
COUNTS id=[ 256, 26447 ] end=218112 piso=1118336
COUNTS id=[ 256, 26448 ] end=218112 piso=1118336
COUNTS id=[ 256, 26449 ] end=114688 piso=653312
COUNTS id=[ 256, 26450 ] end=114688 piso=653312
COUNTS id=[ 256, 26451 ] end=102400 piso=614400
COUNTS id=[ 256, 26452 ] end=95232 piso=573568
COUNTS id=[ 256, 26453 ] end=95232 piso=583808
COUNTS id=[ 256, 26454 ] end=94208 piso=917504
COUNTS id=[ 256, 26455 ] end=618496 piso=2711552
COUNTS id=[ 256, 26456 ] end=133120 piso=594944
COUNTS id=[ 256, 26457 ] end=140288 piso=581248
COUNTS id=[ 256, 26458 ] end=68608 piso=804480
COUNTS id=[ 256, 26459 ] end=388096 piso=1734272
COUNTS id=[ 256, 26460 ] end=327680 piso=578560
COUNTS id=[ 256, 26461 ] end=196608 piso=447488
COUNTS id=[ 256, 26462 ] end=69632 piso=215040
COUNTS id=[ 256, 26463 ] end=69632 piso=215040
COUNTS id=[ 256, 26464 ] end=65536 piso=198656
COUNTS id=[ 256, 26465 ] end=184320 piso=414720
COUNTS id=[ 256, 26466 ] end=212992 piso=352768
COUNTS id=[ 256, 26467 ] end=118784 piso=254464
COUNTS id=[ 256, 26468 ] end=67584 piso=156672
COUNTS id=[ 256, 26469 ] end=67584 piso=144384
COUNTS id=[ 256, 26470 ] end=67584 piso=156672
COUNTS id=[ 256, 26471 ] end=67584 piso=144384
COUNTS id=[ 256, 26472 ] end=114688 piso=274944
COUNTS id=[ 256, 26473 ] end=131072 piso=291328
COUNTS id=[ 256, 26474 ] end=663552 piso=1336320
COUNTS id=[ 256, 26475 ] end=540672 piso=1238016
COUNTS id=[ 256, 26476 ] end=536576 piso=1221632
COUNTS id=[ 256, 26477 ] end=557056 piso=1287168
COUNTS id=[ 256, 26478 ] end=296960 piso=479744
COUNTS id=[ 256, 26479 ] end=299008 piso=510464
COUNTS id=[ 256, 26480 ] end=299008 piso=485888
COUNTS id=[ 256, 26481 ] end=102400 piso=299008
COUNTS id=[ 256, 26482 ] end=102400 piso=299008
COUNTS id=[ 256, 26483 ] end=98304 piso=282624
COUNTS id=[ 256, 26484 ] end=122880 piso=533504
COUNTS id=[ 256, 26485 ] end=81920 piso=402432
COUNTS id=[ 256, 26486 ] end=77824 piso=386048
COUNTS id=[ 256, 26487 ] end=40960 piso=186368
COUNTS id=[ 256, 26488 ] end=45056 piso=202752
COUNTS id=[ 256, 26489 ] end=45056 piso=202752
COUNTS id=[ 256, 26490 ] end=200704 piso=326144
COUNTS id=[ 256, 26491 ] end=106496 piso=248320
COUNTS id=[ 256, 26492 ] end=102400 piso=258560
COUNTS id=[ 256, 26493 ] end=118784 piso=295424
COUNTS id=[ 256, 26494 ] end=67584 piso=154624
COUNTS id=[ 256, 26495 ] end=67584 piso=144384
COUNTS id=[ 256, 26496 ] end=67584 piso=154624
COUNTS id=[ 256, 26497 ] end=67584 piso=144384
COUNTS id=[ 256, 26498 ] end=6127616 piso=583577600
COUNTS id=[ 256, 26499 ] end=5570560 piso=545140736
COUNTS id=[ 256, 26500 ] end=753664 piso=67743744
COUNTS id=[ 256, 26501 ] end=458752 piso=72429568
COUNTS id=[ 256, 26502 ] end=983040 piso=13561856
COUNTS id=[ 256, 26503 ] end=557056 piso=9465856
COUNTS id=[ 256, 26504 ] end=561152 piso=9183232
COUNTS id=[ 256, 26505 ] end=5419008 piso=545935360
COUNTS id=[ 256, 26506 ] end=176128 piso=65687552
COUNTS id=[ 256, 26507 ] end=552960 piso=9162752
COUNTS id=[ 256, 26508 ] end=950272 piso=13320192
COUNTS id=[ 256, 26509 ] end=524288 piso=9224192
COUNTS id=[ 256, 26510 ] end=1570816 piso=22264960
COUNTS id=[ 256, 26511 ] end=1206272 piso=14310528
COUNTS id=[ 256, 26512 ] end=436224 piso=9784448
COUNTS id=[ 256, 26513 ] end=71680 piso=10398848
COUNTS id=[ 256, 26514 ] end=1236992 piso=14979200
COUNTS id=[ 256, 26515 ] end=102400 piso=8888448
COUNTS id=[ 256, 26516 ] end=917504 piso=12397568
COUNTS id=[ 256, 26517 ] end=491520 piso=8301568
COUNTS id=[ 256, 26518 ] end=524288 piso=8203264
COUNTS id=[ 256, 26519 ] end=593920 piso=7060608
COUNTS id=[ 256, 26520 ] end=229376 piso=5217408
COUNTS id=[ 256, 26521 ] end=264192 piso=5429376
COUNTS id=[ 256, 26522 ] end=1546240 piso=21841024
COUNTS id=[ 256, 26523 ] end=1206272 piso=14310528
COUNTS id=[ 256, 26524 ] end=411648 piso=9524352
COUNTS id=[ 256, 26525 ] end=71680 piso=10611840
COUNTS id=[ 256, 26526 ] end=251904 piso=5236864
COUNTS id=[ 256, 26527 ] end=1222656 piso=14683264
COUNTS id=[ 256, 26528 ] end=88064 piso=8748160
COUNTS id=[ 256, 26529 ] end=565248 piso=6706304
COUNTS id=[ 256, 26530 ] end=225280 piso=5299328
COUNTS id=[ 256, 26531 ] end=6342656 piso=628953600
COUNTS id=[ 256, 26532 ] end=1775616 piso=53266944
COUNTS id=[ 256, 26533 ] end=813056 piso=11751936
COUNTS id=[ 256, 26534 ] end=513024 piso=6984192
COUNTS id=[ 256, 26535 ] end=3196928 piso=169570816
COUNTS id=[ 256, 26536 ] end=2168832 piso=62351872
COUNTS id=[ 256, 26537 ] end=567296 piso=7623168
COUNTS id=[ 256, 26538 ] end=347136 piso=5016064
COUNTS id=[ 256, 26539 ] end=2253824 piso=64316928
COUNTS id=[ 256, 26540 ] end=717824 piso=7532032
COUNTS id=[ 256, 26541 ] end=1108992 piso=14071296
COUNTS id=[ 256, 26542 ] end=205824 piso=4544000
COUNTS id=[ 256, 26543 ] end=439296 piso=5412352
PROGRESS checked=2000 hits=0 reversed=0 runtime_ms=6298325
COUNTS id=[ 256, 26544 ] end=396288 piso=4937216
COUNTS id=[ 256, 26545 ] end=1314816 piso=18100736
COUNTS id=[ 256, 26546 ] end=817152 piso=8595968
COUNTS id=[ 256, 26547 ] end=1018880 piso=14356992
COUNTS id=[ 256, 26548 ] end=359424 piso=4700672
COUNTS id=[ 256, 26549 ] end=134144 piso=4948480
COUNTS id=[ 256, 26550 ] end=2541568 piso=146164224
COUNTS id=[ 256, 26551 ] end=198656 piso=5745152
COUNTS id=[ 256, 26552 ] end=308224 piso=4063744
COUNTS id=[ 256, 26553 ] end=444416 piso=7891456
COUNTS id=[ 256, 26554 ] end=83968 piso=19180032
COUNTS id=[ 256, 26555 ] end=191488 piso=5544448
COUNTS id=[ 256, 26556 ] end=393216 piso=4930048
COUNTS id=[ 256, 26557 ] end=67584 piso=4497920
COUNTS id=[ 256, 26558 ] end=932864 piso=11334144
COUNTS id=[ 256, 26559 ] end=134144 piso=4039168
COUNTS id=[ 256, 26560 ] end=316416 piso=3699200
COUNTS id=[ 256, 26561 ] end=1527808 piso=15962112
COUNTS id=[ 256, 26562 ] end=577536 piso=5509120
COUNTS id=[ 256, 26563 ] end=692224 piso=6656000
COUNTS id=[ 256, 26564 ] end=1085440 piso=9048064
COUNTS id=[ 256, 26565 ] end=397312 piso=5410816
COUNTS id=[ 256, 26566 ] end=380928 piso=3280896
COUNTS id=[ 256, 26567 ] end=124928 piso=1249280
COUNTS id=[ 256, 26568 ] end=417792 piso=3543040
COUNTS id=[ 256, 26569 ] end=106496 piso=1478656
COUNTS id=[ 256, 26570 ] end=915456 piso=8744960
COUNTS id=[ 256, 26571 ] end=96256 piso=3108864
COUNTS id=[ 256, 26572 ] end=358400 piso=2420736
COUNTS id=[ 256, 26573 ] end=702464 piso=5842048
COUNTS id=[ 256, 26574 ] end=358400 piso=2430080
COUNTS id=[ 256, 26575 ] end=391168 piso=2536576
COUNTS id=[ 256, 26576 ] end=47104 piso=2122880
COUNTS id=[ 256, 26577 ] end=409600 piso=2414720
COUNTS id=[ 256, 26578 ] end=65536 piso=1230976
COUNTS id=[ 256, 26579 ] end=358400 piso=2234368
COUNTS id=[ 256, 26580 ] end=882688 piso=8599552
COUNTS id=[ 256, 26581 ] end=63488 piso=2881536
COUNTS id=[ 256, 26582 ] end=104448 piso=980992
COUNTS id=[ 256, 26583 ] end=405504 piso=2231936
COUNTS id=[ 256, 26584 ] end=61440 piso=990848
COUNTS id=[ 256, 26585 ] end=1179648 piso=8601600
COUNTS id=[ 256, 26586 ] end=327680 piso=2834432
COUNTS id=[ 256, 26587 ] end=622592 piso=3522560
COUNTS id=[ 256, 26588 ] end=184320 piso=1335296
COUNTS id=[ 256, 26589 ] end=1048576 piso=8404992
COUNTS id=[ 256, 26590 ] end=196608 piso=2637824
COUNTS id=[ 256, 26591 ] end=557056 piso=3325952
COUNTS id=[ 256, 26592 ] end=167936 piso=1138688
COUNTS id=[ 256, 26593 ] end=550912 piso=3211264
COUNTS id=[ 256, 26594 ] end=124928 piso=1277952
COUNTS id=[ 256, 26595 ] end=729088 piso=5849216
COUNTS id=[ 256, 26596 ] end=49152 piso=1867904
COUNTS id=[ 256, 26597 ] end=372736 piso=2097280
COUNTS id=[ 256, 26598 ] end=131072 piso=1063040
COUNTS id=[ 256, 26599 ] end=131072 piso=1063040
COUNTS id=[ 256, 26600 ] end=413696 piso=2184320
COUNTS id=[ 256, 26601 ] end=73728 piso=939136
COUNTS id=[ 256, 26602 ] end=688128 piso=5250176
COUNTS id=[ 256, 26603 ] end=49152 piso=1895552
COUNTS id=[ 256, 26604 ] end=352256 piso=1913984
COUNTS id=[ 256, 26605 ] end=81920 piso=643200
COUNTS id=[ 256, 26606 ] end=370688 piso=1797248
COUNTS id=[ 256, 26607 ] end=51200 piso=828544
COUNTS id=[ 256, 26608 ] end=528384 piso=4100096
COUNTS id=[ 256, 26609 ] end=528384 piso=4100096
COUNTS id=[ 256, 26610 ] end=364544 piso=3133440
COUNTS id=[ 256, 26611 ] end=282624 piso=3084288
COUNTS id=[ 256, 26612 ] end=282624 piso=3084288
COUNTS id=[ 256, 26613 ] end=118784 piso=1462272
COUNTS id=[ 256, 26614 ] end=55296 piso=741376
COUNTS id=[ 256, 26615 ] end=331776 piso=2633728
COUNTS id=[ 256, 26616 ] end=86016 piso=1290240
COUNTS id=[ 256, 26617 ] end=145408 piso=1830912
COUNTS id=[ 256, 26618 ] end=47104 piso=946176
COUNTS id=[ 256, 26619 ] end=323584 piso=1736832
COUNTS id=[ 256, 26620 ] end=77824 piso=1085568
COUNTS id=[ 256, 26621 ] end=55296 piso=738432
COUNTS id=[ 256, 26622 ] end=55296 piso=738432
COUNTS id=[ 256, 26623 ] end=145408 piso=1595392
COUNTS id=[ 256, 26624 ] end=47104 piso=698368
COUNTS id=[ 256, 26625 ] end=51200 piso=473088
COUNTS id=[ 256, 26626 ] end=49152 piso=448128
COUNTS id=[ 256, 26627 ] end=524288 piso=5615616
COUNTS id=[ 256, 26628 ] end=196608 piso=4206592
COUNTS id=[ 256, 26629 ] end=458752 piso=3108864
COUNTS id=[ 256, 26630 ] end=131072 piso=1503232
COUNTS id=[ 256, 26631 ] end=524288 piso=5615616
COUNTS id=[ 256, 26632 ] end=196608 piso=4206592
COUNTS id=[ 256, 26633 ] end=106496 piso=1089536
COUNTS id=[ 256, 26634 ] end=114688 piso=3362816
COUNTS id=[ 256, 26635 ] end=114688 piso=1101824
COUNTS id=[ 256, 26636 ] end=409600 piso=3047424
COUNTS id=[ 256, 26637 ] end=81920 piso=1441792
COUNTS id=[ 256, 26638 ] end=327680 piso=1865856
COUNTS id=[ 256, 26639 ] end=28672 piso=891008
COUNTS id=[ 256, 26640 ] end=55296 piso=785536
COUNTS id=[ 256, 26641 ] end=55296 piso=785536
COUNTS id=[ 256, 26642 ] end=376832 piso=2739200
COUNTS id=[ 256, 26643 ] end=81920 piso=1068032
PROGRESS checked=2100 hits=0 reversed=0 runtime_ms=6516388
COUNTS id=[ 256, 26644 ] end=102400 piso=752640
COUNTS id=[ 256, 26645 ] end=294912 piso=1724544
COUNTS id=[ 256, 26646 ] end=28672 piso=684160
COUNTS id=[ 256, 26647 ] end=51200 piso=531584
COUNTS id=[ 256, 26648 ] end=409600 piso=3391488
COUNTS id=[ 256, 26649 ] end=331776 piso=2596864
COUNTS id=[ 256, 26650 ] end=55296 piso=618496
COUNTS id=[ 256, 26651 ] end=98304 piso=1196032
COUNTS id=[ 256, 26652 ] end=53248 piso=1384448
COUNTS id=[ 256, 26653 ] end=327680 piso=2752512
COUNTS id=[ 256, 26654 ] end=100352 piso=966656
COUNTS id=[ 256, 26655 ] end=38912 piso=704512
COUNTS id=[ 256, 26656 ] end=32768 piso=966656
COUNTS id=[ 256, 26657 ] end=376832 piso=3391488
COUNTS id=[ 256, 26658 ] end=315392 piso=2596864
COUNTS id=[ 256, 26659 ] end=55296 piso=618496
COUNTS id=[ 256, 26660 ] end=81920 piso=1196032
COUNTS id=[ 256, 26661 ] end=20480 piso=1384448
COUNTS id=[ 256, 26662 ] end=327680 piso=2752512
COUNTS id=[ 256, 26663 ] end=100352 piso=966656
COUNTS id=[ 256, 26664 ] end=38912 piso=704512
COUNTS id=[ 256, 26665 ] end=32768 piso=966656
COUNTS id=[ 256, 26666 ] end=323584 piso=1770624
COUNTS id=[ 256, 26667 ] end=83968 piso=790656
COUNTS id=[ 256, 26668 ] end=34816 piso=610432
COUNTS id=[ 256, 26669 ] end=28672 piso=922752
COUNTS id=[ 256, 26670 ] end=356352 piso=2208896
COUNTS id=[ 256, 26671 ] end=307200 piso=1619072
COUNTS id=[ 256, 26672 ] end=55296 piso=622720
COUNTS id=[ 256, 26673 ] end=55296 piso=622720
COUNTS id=[ 256, 26674 ] end=61440 piso=910464
COUNTS id=[ 256, 26675 ] end=12288 piso=1090688
COUNTS id=[ 256, 26676 ] end=84992 piso=696832
COUNTS id=[ 256, 26677 ] end=31744 piso=430592
COUNTS id=[ 256, 26678 ] end=49152 piso=343552
COUNTS id=[ 256, 26679 ] end=49152 piso=355456
COUNTS id=[ 256, 26680 ] end=72704 piso=524416
COUNTS id=[ 256, 26681 ] end=31744 piso=368768
COUNTS id=[ 256, 26682 ] end=987136 piso=9551872
COUNTS id=[ 256, 26683 ] end=266240 piso=6111232
COUNTS id=[ 256, 26684 ] end=495616 piso=2457600
COUNTS id=[ 256, 26685 ] end=110592 piso=966656
COUNTS id=[ 256, 26686 ] end=495616 piso=3981312
COUNTS id=[ 256, 26687 ] end=987136 piso=8716288
COUNTS id=[ 256, 26688 ] end=266240 piso=3571712
COUNTS id=[ 256, 26689 ] end=110592 piso=966656
COUNTS id=[ 256, 26690 ] end=360448 piso=2047104
COUNTS id=[ 256, 26691 ] end=49152 piso=1166464
COUNTS id=[ 256, 26692 ] end=790528 piso=8310784
COUNTS id=[ 256, 26693 ] end=69632 piso=3297280
COUNTS id=[ 256, 26694 ] end=397312 piso=2265088
COUNTS id=[ 256, 26695 ] end=110592 piso=2142208
COUNTS id=[ 256, 26696 ] end=110592 piso=1159168
COUNTS id=[ 256, 26697 ] end=5115904 piso=36061184
COUNTS id=[ 256, 26698 ] end=2101248 piso=14499840
COUNTS id=[ 256, 26699 ] end=2560000 piso=12697600
COUNTS id=[ 256, 26700 ] end=987136 piso=8044544
COUNTS id=[ 256, 26701 ] end=348160 piso=2514944
COUNTS id=[ 256, 26702 ] end=2134016 piso=16072704
COUNTS id=[ 256, 26703 ] end=626688 piso=6995968
COUNTS id=[ 256, 26704 ] end=282624 piso=2514944
COUNTS id=[ 256, 26705 ] end=1748992 piso=10432512
COUNTS id=[ 256, 26706 ] end=241664 piso=4108288
COUNTS id=[ 256, 26707 ] end=503808 piso=3371008
COUNTS id=[ 256, 26708 ] end=1011712 piso=7417984
COUNTS id=[ 256, 26709 ] end=94208 piso=3018880
COUNTS id=[ 256, 26710 ] end=536576 piso=3129472
COUNTS id=[ 256, 26711 ] end=1314816 piso=6111232
COUNTS id=[ 256, 26712 ] end=266240 piso=2244608
COUNTS id=[ 256, 26713 ] end=1314816 piso=6111232
COUNTS id=[ 256, 26714 ] end=167936 piso=1269760
COUNTS id=[ 256, 26715 ] end=528384 piso=2392064
COUNTS id=[ 256, 26716 ] end=167936 piso=1269760
COUNTS id=[ 256, 26717 ] end=135168 piso=1071232
COUNTS id=[ 256, 26718 ] end=135168 piso=1071232
COUNTS id=[ 256, 26719 ] end=479232 piso=2248704
COUNTS id=[ 256, 26720 ] end=86016 piso=1167360
COUNTS id=[ 256, 26721 ] end=217088 piso=1499136
COUNTS id=[ 256, 26722 ] end=69632 piso=1040384
COUNTS id=[ 256, 26723 ] end=53248 piso=499712
COUNTS id=[ 256, 26724 ] end=110592 piso=770048
COUNTS id=[ 256, 26725 ] end=106496 piso=724992
COUNTS id=[ 256, 26726 ] end=32768 piso=552960
COUNTS id=[ 256, 26727 ] end=53248 piso=565376
COUNTS id=[ 256, 26728 ] end=118784 piso=1089664
COUNTS id=[ 256, 26729 ] end=20480 piso=811136
COUNTS id=[ 256, 26730 ] end=53248 piso=565376
COUNTS id=[ 256, 26731 ] end=61440 piso=565376
COUNTS id=[ 256, 26732 ] end=77824 piso=612480
COUNTS id=[ 256, 26733 ] end=28672 piso=505984
COUNTS id=[ 256, 26734 ] end=106496 piso=733184
COUNTS id=[ 256, 26735 ] end=32768 piso=561152
COUNTS id=[ 256, 26736 ] end=184320 piso=1490944
COUNTS id=[ 256, 26737 ] end=36864 piso=1032192
COUNTS id=[ 256, 26738 ] end=53248 piso=491520
COUNTS id=[ 256, 26739 ] end=94208 piso=761856
COUNTS id=[ 256, 26740 ] end=786432 piso=8081408
COUNTS id=[ 256, 26741 ] end=425984 piso=3133440
COUNTS id=[ 256, 26742 ] end=425984 piso=3133440
COUNTS id=[ 256, 26743 ] end=131072 piso=2314240
PROGRESS checked=2200 hits=0 reversed=0 runtime_ms=6708676
COUNTS id=[ 256, 26744 ] end=98304 piso=1200128
COUNTS id=[ 256, 26745 ] end=122880 piso=1036288
COUNTS id=[ 256, 26746 ] end=753664 piso=8077312
COUNTS id=[ 256, 26747 ] end=409600 piso=3129344
COUNTS id=[ 256, 26748 ] end=425984 piso=3129344
COUNTS id=[ 256, 26749 ] end=98304 piso=2310144
COUNTS id=[ 256, 26750 ] end=98304 piso=1196032
COUNTS id=[ 256, 26751 ] end=122880 piso=1032192
COUNTS id=[ 256, 26752 ] end=345088 piso=2116736
COUNTS id=[ 256, 26753 ] end=635904 piso=5601408
COUNTS id=[ 256, 26754 ] end=324608 piso=1955968
COUNTS id=[ 256, 26755 ] end=41984 piso=871552
COUNTS id=[ 256, 26756 ] end=29696 piso=1620096
COUNTS id=[ 256, 26757 ] end=70656 piso=987264
COUNTS id=[ 256, 26758 ] end=70656 piso=987264
COUNTS id=[ 256, 26759 ] end=872448 piso=9842688
COUNTS id=[ 256, 26760 ] end=118784 piso=3158016
COUNTS id=[ 256, 26761 ] end=118784 piso=1490944
COUNTS id=[ 256, 26762 ] end=790528 piso=8212480
COUNTS id=[ 256, 26763 ] end=102400 piso=3559424
COUNTS id=[ 256, 26764 ] end=69632 piso=958464
COUNTS id=[ 256, 26765 ] end=327680 piso=2236416
COUNTS id=[ 256, 26766 ] end=81920 piso=888832
COUNTS id=[ 256, 26767 ] end=364544 piso=2715648
COUNTS id=[ 256, 26768 ] end=118784 piso=1482752
COUNTS id=[ 256, 26769 ] end=315392 piso=2265088
COUNTS id=[ 256, 26770 ] end=69632 piso=950272
COUNTS id=[ 256, 26771 ] end=761856 piso=8470528
COUNTS id=[ 256, 26772 ] end=40960 piso=2801664
COUNTS id=[ 256, 26773 ] end=81920 piso=880640
COUNTS id=[ 256, 26774 ] end=401408 piso=2787456
COUNTS id=[ 256, 26775 ] end=81920 piso=1104000
COUNTS id=[ 256, 26776 ] end=352256 piso=1992832
COUNTS id=[ 256, 26777 ] end=32768 piso=1144960
COUNTS id=[ 256, 26778 ] end=368640 piso=2193536
COUNTS id=[ 256, 26779 ] end=49152 piso=1058944
COUNTS id=[ 256, 26780 ] end=86016 piso=2093056
COUNTS id=[ 256, 26781 ] end=86016 piso=2093056
COUNTS id=[ 256, 26782 ] end=69632 piso=794624
COUNTS id=[ 256, 26783 ] end=36864 piso=2134016
COUNTS id=[ 256, 26784 ] end=36864 piso=2134016
COUNTS id=[ 256, 26785 ] end=20480 piso=868352
COUNTS id=[ 256, 26786 ] end=32768 piso=778240
COUNTS id=[ 256, 26787 ] end=32768 piso=569344
COUNTS id=[ 256, 26788 ] end=69632 piso=978944
COUNTS id=[ 256, 26789 ] end=69632 piso=786432
COUNTS id=[ 256, 26790 ] end=20480 piso=921600
COUNTS id=[ 256, 26791 ] end=20480 piso=860160
COUNTS id=[ 256, 26792 ] end=40960 piso=1638400
COUNTS id=[ 256, 26793 ] end=40960 piso=1638400
COUNTS id=[ 256, 26794 ] end=32768 piso=561152
COUNTS id=[ 256, 26795 ] end=57344 piso=629888
COUNTS id=[ 256, 26796 ] end=8192 piso=687232
COUNTS id=[ 256, 26797 ] end=28672 piso=593024
COUNTS id=[ 256, 26798 ] end=28672 piso=593024
COUNTS id=[ 256, 26799 ] end=167936 piso=1486848
COUNTS id=[ 256, 26800 ] end=86016 piso=757760
COUNTS id=[ 256, 26801 ] end=81920 piso=720896
COUNTS id=[ 256, 26802 ] end=32768 piso=548864
COUNTS id=[ 256, 26803 ] end=69632 piso=1028096
COUNTS id=[ 256, 26804 ] end=53248 piso=487424
COUNTS id=[ 256, 26805 ] end=81920 piso=716800
COUNTS id=[ 256, 26806 ] end=32768 piso=544768
COUNTS id=[ 256, 26807 ] end=135168 piso=1482752
COUNTS id=[ 256, 26808 ] end=69632 piso=753664
COUNTS id=[ 256, 26809 ] end=36864 piso=1024000
COUNTS id=[ 256, 26810 ] end=53248 piso=483328
COUNTS id=[ 256, 26811 ] end=77824 piso=608384
COUNTS id=[ 256, 26812 ] end=28672 piso=501888
COUNTS id=[ 256, 26813 ] end=118784 piso=1085568
COUNTS id=[ 256, 26814 ] end=61440 piso=561280
COUNTS id=[ 256, 26815 ] end=20480 piso=807040
COUNTS id=[ 256, 26816 ] end=53248 piso=561280
COUNTS id=[ 256, 26817 ] end=53248 piso=561280
COUNTS id=[ 256, 26818 ] end=1021696 piso=11050656
COUNTS id=[ 256, 26819 ] end=729856 piso=5965472
COUNTS id=[ 256, 26820 ] end=340736 piso=2729632
COUNTS id=[ 256, 26821 ] end=360192 piso=2150560
COUNTS id=[ 256, 26822 ] end=400128 piso=2582688
COUNTS id=[ 256, 26823 ] end=68352 piso=1222816
COUNTS id=[ 256, 26824 ] end=48896 piso=2846368
COUNTS id=[ 256, 26825 ] end=108288 piso=1376416
COUNTS id=[ 256, 26826 ] end=742144 piso=5836704
COUNTS id=[ 256, 26827 ] end=656128 piso=5171616
COUNTS id=[ 256, 26828 ] end=782080 piso=6735776
COUNTS id=[ 256, 26829 ] end=360192 piso=2220448
COUNTS id=[ 256, 26830 ] end=61184 piso=1959840
COUNTS id=[ 256, 26831 ] end=72448 piso=1726880
COUNTS id=[ 256, 26832 ] end=101120 piso=1875872
COUNTS id=[ 256, 26833 ] end=1657600 piso=20192672
COUNTS id=[ 256, 26834 ] end=664320 piso=5294496
COUNTS id=[ 256, 26835 ] end=833280 piso=6473120
COUNTS id=[ 256, 26836 ] end=368384 piso=2302368
COUNTS id=[ 256, 26837 ] end=97024 piso=1339808
COUNTS id=[ 256, 26838 ] end=128768 piso=1391008
COUNTS id=[ 256, 26839 ] end=80640 piso=1849760
COUNTS id=[ 256, 26840 ] end=295680 piso=5189024
COUNTS id=[ 256, 26841 ] end=176896 piso=2007456
COUNTS id=[ 256, 26842 ] end=226624 piso=1505024
COUNTS id=[ 256, 26843 ] end=74048 piso=1160960
PROGRESS checked=2300 hits=0 reversed=0 runtime_ms=6890784
COUNTS id=[ 256, 26844 ] end=161344 piso=1260288
COUNTS id=[ 256, 26845 ] end=141376 piso=1079040
COUNTS id=[ 256, 26846 ] end=315968 piso=2538240
COUNTS id=[ 256, 26847 ] end=141376 piso=1079040
COUNTS id=[ 256, 26848 ] end=10816 piso=1768192
COUNTS id=[ 256, 26849 ] end=678144 piso=5740448
COUNTS id=[ 256, 26850 ] end=637184 piso=5181344
COUNTS id=[ 256, 26851 ] end=315648 piso=1551776
COUNTS id=[ 256, 26852 ] end=338176 piso=1818016
COUNTS id=[ 256, 26853 ] end=57600 piso=1675168
COUNTS id=[ 256, 26854 ] end=41216 piso=1730464
COUNTS id=[ 256, 26855 ] end=38144 piso=726432
COUNTS id=[ 256, 26856 ] end=60672 piso=779680
COUNTS id=[ 256, 26857 ] end=45312 piso=631712
COUNTS id=[ 256, 26858 ] end=67840 piso=708512
COUNTS id=[ 256, 26859 ] end=76032 piso=752544
COUNTS id=[ 256, 26860 ] end=98560 piso=960416
COUNTS id=[ 256, 26861 ] end=344320 piso=2025632
COUNTS id=[ 256, 26862 ] end=63744 piso=707744
COUNTS id=[ 256, 26863 ] end=66816 piso=1036448
COUNTS id=[ 256, 26864 ] end=94464 piso=937120
COUNTS id=[ 256, 26865 ] end=620800 piso=5077664
COUNTS id=[ 256, 26866 ] end=315648 piso=1555104
COUNTS id=[ 256, 26867 ] end=12544 piso=1460896
COUNTS id=[ 256, 26868 ] end=38144 piso=799392
COUNTS id=[ 256, 26869 ] end=315648 piso=1646752
COUNTS id=[ 256, 26870 ] end=41216 piso=627872
COUNTS id=[ 256, 26871 ] end=38144 piso=886944
COUNTS id=[ 256, 26872 ] end=71936 piso=722080
COUNTS id=[ 256, 26873 ] end=643328 piso=5591712
COUNTS id=[ 256, 26874 ] end=338176 piso=1824416
COUNTS id=[ 256, 26875 ] end=35072 piso=1372832
COUNTS id=[ 256, 26876 ] end=60672 piso=855712
COUNTS id=[ 256, 26877 ] end=338176 piso=1813920
COUNTS id=[ 256, 26878 ] end=315648 piso=1547680
COUNTS id=[ 256, 26879 ] end=624896 piso=5104032
COUNTS id=[ 256, 26880 ] end=647424 piso=5619104
COUNTS id=[ 256, 26881 ] end=60672 piso=775584
COUNTS id=[ 256, 26882 ] end=38144 piso=722336
COUNTS id=[ 256, 26883 ] end=16640 piso=1599904
COUNTS id=[ 256, 26884 ] end=39168 piso=1500576
COUNTS id=[ 256, 26885 ] end=73984 piso=1046944
COUNTS id=[ 256, 26886 ] end=45312 piso=778656
COUNTS id=[ 256, 26887 ] end=104704 piso=1212832
COUNTS id=[ 256, 26888 ] end=76032 piso=838048
COUNTS id=[ 256, 26889 ] end=102656 piso=1200544
COUNTS id=[ 256, 26890 ] end=55552 piso=833952
COUNTS id=[ 256, 26891 ] end=16640 piso=565664
COUNTS id=[ 256, 26892 ] end=35072 piso=491936
COUNTS id=[ 256, 26893 ] end=33024 piso=893344
COUNTS id=[ 256, 26894 ] end=61696 piso=647584
COUNTS id=[ 256, 26895 ] end=39168 piso=561568
COUNTS id=[ 256, 26896 ] end=69888 piso=765344
COUNTS id=[ 256, 26897 ] end=24832 piso=677280
COUNTS id=[ 256, 26898 ] end=47360 piso=615584
COUNTS id=[ 256, 26899 ] end=12544 piso=591008
COUNTS id=[ 256, 26900 ] end=69888 piso=736416
COUNTS id=[ 256, 26901 ] end=35072 piso=560288
COUNTS id=[ 256, 26902 ] end=57600 piso=586400
COUNTS id=[ 256, 26903 ] end=35072 piso=481952
COUNTS id=[ 256, 26904 ] end=12544 piso=513696
COUNTS id=[ 256, 26905 ] end=35072 piso=458400
COUNTS id=[ 256, 26906 ] end=35072 piso=483744
COUNTS id=[ 256, 26907 ] end=16640 piso=557472
COUNTS id=[ 256, 26908 ] end=51456 piso=613280
COUNTS id=[ 256, 26909 ] end=73984 piso=731040
COUNTS id=[ 256, 26910 ] end=61696 piso=639392
COUNTS id=[ 256, 26911 ] end=16640 piso=603040
COUNTS id=[ 256, 26912 ] end=39168 piso=573344
COUNTS id=[ 256, 26913 ] end=153856 piso=1799072
COUNTS id=[ 256, 26914 ] end=55552 piso=1590176
COUNTS id=[ 256, 26915 ] end=45312 piso=571296
COUNTS id=[ 256, 26916 ] end=71936 piso=658336
COUNTS id=[ 256, 26917 ] end=123136 piso=1305504
COUNTS id=[ 256, 26918 ] end=49408 piso=1514400
COUNTS id=[ 256, 26919 ] end=26880 piso=651168
COUNTS id=[ 256, 26920 ] end=53504 piso=607136
COUNTS id=[ 256, 26921 ] end=112896 piso=1117600
COUNTS id=[ 256, 26922 ] end=45312 piso=1285536
COUNTS id=[ 256, 26923 ] end=94464 piso=959904
COUNTS id=[ 256, 26924 ] end=26880 piso=1000864
COUNTS id=[ 256, 26925 ] end=67840 piso=641952
COUNTS id=[ 256, 26926 ] end=49408 piso=592800
COUNTS id=[ 256, 26927 ] end=26880 piso=802208
COUNTS id=[ 256, 26928 ] end=71936 piso=1327520
COUNTS id=[ 256, 26929 ] end=8448 piso=1152416
COUNTS id=[ 256, 26930 ] end=53504 piso=919968
COUNTS id=[ 256, 26931 ] end=41216 piso=556960
COUNTS id=[ 256, 26932 ] end=22784 piso=634784
COUNTS id=[ 256, 26933 ] end=317184 piso=3457440
COUNTS id=[ 256, 26934 ] end=180992 piso=2148768
COUNTS id=[ 256, 26935 ] end=67328 piso=849312
COUNTS id=[ 256, 26936 ] end=43776 piso=703904
COUNTS id=[ 256, 26937 ] end=102144 piso=2380192
COUNTS id=[ 256, 26938 ] end=36608 piso=1074592
COUNTS id=[ 256, 26939 ] end=163584 piso=1477536
COUNTS id=[ 256, 26940 ] end=56064 piso=1012640
COUNTS id=[ 256, 26941 ] end=148224 piso=1430432
COUNTS id=[ 256, 26942 ] end=40704 piso=1334176
COUNTS id=[ 256, 26943 ] end=39680 piso=681376
PROGRESS checked=2400 hits=0 reversed=0 runtime_ms=7065420
COUNTS id=[ 256, 26944 ] end=59136 piso=818592
COUNTS id=[ 256, 26945 ] end=28416 piso=1043872
COUNTS id=[ 256, 26946 ] end=332032 piso=2868640
COUNTS id=[ 256, 26947 ] end=166144 piso=1246624
COUNTS id=[ 256, 26948 ] end=53504 piso=752032
COUNTS id=[ 256, 26949 ] end=71936 piso=679328
COUNTS id=[ 256, 26950 ] end=123136 piso=1934752
COUNTS id=[ 256, 26951 ] end=106752 piso=975264
COUNTS id=[ 256, 26952 ] end=131328 piso=1032096
COUNTS id=[ 256, 26953 ] end=26880 piso=962464
COUNTS id=[ 256, 26954 ] end=157952 piso=1446816
COUNTS id=[ 256, 26955 ] end=53504 piso=803744
COUNTS id=[ 256, 26956 ] end=67840 piso=656800
COUNTS id=[ 256, 26957 ] end=45312 piso=717216
COUNTS id=[ 256, 26958 ] end=98560 piso=940448
ABELIAN_SKIPPED id=[ 256, 26959 ] reason=known_equality
COUNTS id=[ 256, 26960 ] end=589824 piso=655360
COUNTS id=[ 256, 26961 ] end=106496 piso=146560
COUNTS id=[ 256, 26962 ] end=100352 piso=146560
COUNTS id=[ 256, 26963 ] end=1970176 piso=18604032
COUNTS id=[ 256, 26964 ] end=987136 piso=6103040
COUNTS id=[ 256, 26965 ] end=528384 piso=5660672
COUNTS id=[ 256, 26966 ] end=135168 piso=1028096
COUNTS id=[ 256, 26967 ] end=806912 piso=5478400
COUNTS id=[ 256, 26968 ] end=86016 piso=1841152
COUNTS id=[ 256, 26969 ] end=110592 piso=985088
COUNTS id=[ 256, 26970 ] end=286528 piso=1825184
COUNTS id=[ 256, 26971 ] end=147264 piso=988064
COUNTS id=[ 256, 26972 ] end=20288 piso=1371552
ABELIAN_SKIPPED id=[ 256, 26973 ] reason=known_equality
COUNTS id=[ 256, 26974 ] end=17179869184 piso=691314098176
COUNTS id=[ 256, 26975 ] end=2147483648 piso=4362600448
COUNTS id=[ 256, 26976 ] end=5368709120 piso=147790626816
COUNTS id=[ 256, 26977 ] end=1610612736 piso=3909222400
COUNTS id=[ 256, 26978 ] end=671088640 piso=917635072
COUNTS id=[ 256, 26979 ] end=1140850688 piso=2376867840
COUNTS id=[ 256, 26980 ] end=268435456 piso=455876608
COUNTS id=[ 256, 26981 ] end=209715200 piso=321003520
COUNTS id=[ 256, 26982 ] end=1778384896 piso=70671007744
COUNTS id=[ 256, 26983 ] end=452984832 piso=611450880
COUNTS id=[ 256, 26984 ] end=222298112 piso=248381440
COUNTS id=[ 256, 26985 ] end=742391808 piso=1476009984
COUNTS id=[ 256, 26986 ] end=180355072 piso=318644224
COUNTS id=[ 256, 26987 ] end=132644864 piso=128917504
STRONG_INEQUALITY_COUNTEREXAMPLE id=[ 256, 26987 ] end=132644864 piso=128917504
CLOSEST id=[ 256, 26987 ] end=132644864 piso=128917504 ratio=15737/16192
COUNTS id=[ 256, 26988 ] end=379584512 piso=445186048
COUNTS id=[ 256, 26989 ] end=129499136 piso=108494848
STRONG_INEQUALITY_COUNTEREXAMPLE id=[ 256, 26989 ] end=129499136 piso=108494848
CLOSEST id=[ 256, 26989 ] end=129499136 piso=108494848 ratio=3311/3952
COUNTS id=[ 256, 26990 ] end=60817408 piso=148439040
COUNTS id=[ 256, 26991 ] end=36507222016 piso=562953711517696
COUNTS id=[ 256, 26992 ] end=2684354560 piso=147253755904
COUNTS id=[ 256, 26993 ] end=2684354560 piso=147170263040
COUNTS id=[ 256, 26994 ] end=2214592512 piso=137811329024
COUNTS id=[ 256, 26995 ] end=671088640 piso=2483552256
COUNTS id=[ 256, 26996 ] end=671088640 piso=2433875968
COUNTS id=[ 256, 26997 ] end=150994944 piso=686292992
COUNTS id=[ 256, 26998 ] end=2281701376 piso=5100273664
COUNTS id=[ 256, 26999 ] end=201326592 piso=741474304
COUNTS id=[ 256, 27000 ] end=142606336 piso=580550656
COUNTS id=[ 256, 27001 ] end=2483027968 piso=147186647040
COUNTS id=[ 256, 27002 ] end=3825205248 piso=350929158144
COUNTS id=[ 256, 27003 ] end=301989888 piso=2248671232
COUNTS id=[ 256, 27004 ] end=1308622848 piso=70850314240
COUNTS id=[ 256, 27005 ] end=216006656 piso=989208576
COUNTS id=[ 256, 27006 ] end=603979776 piso=3036807168
COUNTS id=[ 256, 27007 ] end=2952790016 piso=277092499456
COUNTS id=[ 256, 27008 ] end=159383552 piso=417603584
COUNTS id=[ 256, 27009 ] end=805306368 piso=14630256640
COUNTS id=[ 256, 27010 ] end=33554432 piso=128000000
COUNTS id=[ 256, 27011 ] end=176160768 piso=720502784
COUNTS id=[ 256, 27012 ] end=335544320 piso=1899102208
COUNTS id=[ 256, 27013 ] end=88080384 piso=183533568
COUNTS id=[ 256, 27014 ] end=20971520 piso=78258176
COUNTS id=[ 256, 27015 ] end=2269118464 piso=142064754688
COUNTS id=[ 256, 27016 ] end=297795584 piso=1472864256
COUNTS id=[ 256, 27017 ] end=213909504 piso=985800704
COUNTS id=[ 256, 27018 ] end=159383552 piso=697049088
COUNTS id=[ 256, 27019 ] end=146538496 piso=628785152
COUNTS id=[ 256, 27020 ] end=155189248 piso=416940032
COUNTS id=[ 256, 27021 ] end=85983232 piso=181043200
COUNTS id=[ 256, 27022 ] end=25165824 piso=120094720
COUNTS id=[ 256, 27023 ] end=17039360 piso=71802880
COUNTS id=[ 256, 27024 ] end=394264576 piso=1495269376
COUNTS id=[ 256, 27025 ] end=83886080 piso=227672064
COUNTS id=[ 256, 27026 ] end=31457280 piso=105291776
COUNTS id=[ 256, 27027 ] end=13107200 piso=71606272
COUNTS id=[ 256, 27028 ] end=2583691264 piso=276003160064
COUNTS id=[ 256, 27029 ] end=2365587456 piso=275014221824
COUNTS id=[ 256, 27030 ] end=184549376 piso=12992380928
COUNTS id=[ 256, 27031 ] end=310378496 piso=1748107264
COUNTS id=[ 256, 27032 ] end=230686720 piso=1166934016
COUNTS id=[ 256, 27033 ] end=1157627904 piso=69062492160
COUNTS id=[ 256, 27034 ] end=150994944 piso=510132224
COUNTS id=[ 256, 27035 ] end=88080384 piso=156270592
COUNTS id=[ 256, 27036 ] end=77594624 piso=108691456
COUNTS id=[ 256, 27037 ] end=1308622848 piso=70578733056
COUNTS id=[ 256, 27038 ] end=251658240 piso=603062272
COUNTS id=[ 256, 27039 ] end=243269632 piso=590479360
COUNTS id=[ 256, 27040 ] end=96468992 piso=209584128
COUNTS id=[ 256, 27041 ] end=207618048 piso=749936640
COUNTS id=[ 256, 27042 ] end=146800640 piso=360062976
COUNTS id=[ 256, 27043 ] end=20971520 piso=89464832
COUNTS id=[ 256, 27044 ] end=18350080 piso=37494784
COUNTS id=[ 256, 27045 ] end=143654912 piso=339509248
PROGRESS checked=2500 hits=0 reversed=2 runtime_ms=8037568
COUNTS id=[ 256, 27046 ] end=137363456 piso=301268992
COUNTS id=[ 256, 27047 ] end=10485760 piso=52363264
COUNTS id=[ 256, 27048 ] end=18612224 piso=37355520
COUNTS id=[ 256, 27049 ] end=1222639616 piso=71400169472
COUNTS id=[ 256, 27050 ] end=211812352 piso=833232896
COUNTS id=[ 256, 27051 ] end=81788928 piso=178528256
COUNTS id=[ 256, 27052 ] end=216006656 piso=721559552
COUNTS id=[ 256, 27053 ] end=81264640 piso=131694592
COUNTS id=[ 256, 27054 ] end=281018368 piso=1234968576
COUNTS id=[ 256, 27055 ] end=150994944 piso=390725632
COUNTS id=[ 256, 27056 ] end=25165824 piso=177733632
COUNTS id=[ 256, 27057 ] end=293601280 piso=1323433984
COUNTS id=[ 256, 27058 ] end=27262976 piso=63479808
COUNTS id=[ 256, 27059 ] end=150994944 piso=441655296
COUNTS id=[ 256, 27060 ] end=20971520 piso=93880320
COUNTS id=[ 256, 27061 ] end=33554432 piso=128974848
COUNTS id=[ 256, 27062 ] end=11010048 piso=29204480
COUNTS id=[ 256, 27063 ] end=81788928 piso=154214400
COUNTS id=[ 256, 27064 ] end=207618048 piso=708714496
COUNTS id=[ 256, 27065 ] end=80740352 piso=147488768
COUNTS id=[ 256, 27066 ] end=143654912 piso=351281152
COUNTS id=[ 256, 27067 ] end=18874368 piso=76021760
COUNTS id=[ 256, 27068 ] end=144703488 piso=366510080
COUNTS id=[ 256, 27069 ] end=12976128 piso=24608768
COUNTS id=[ 256, 27070 ] end=80216064 piso=119234560
COUNTS id=[ 256, 27071 ] end=16908288 piso=33505280
COUNTS id=[ 256, 27072 ] end=12976128 piso=25567232
COUNTS id=[ 256, 27073 ] end=5242880 piso=24453120
COUNTS id=[ 256, 27074 ] end=21757952 piso=42606592
COUNTS id=[ 256, 27075 ] end=214958080 piso=688898048
COUNTS id=[ 256, 27076 ] end=149159936 piso=344662016
COUNTS id=[ 256, 27077 ] end=18087936 piso=62529536
COUNTS id=[ 256, 27078 ] end=27262976 piso=62767104
COUNTS id=[ 256, 27079 ] end=79822848 piso=118460416
COUNTS id=[ 256, 27080 ] end=16908288 piso=33419264
COUNTS id=[ 256, 27081 ] end=20971520 piso=39626752
COUNTS id=[ 256, 27082 ] end=12976128 piso=24782848
COUNTS id=[ 256, 27083 ] end=5242880 piso=22702080
COUNTS id=[ 256, 27084 ] end=82837504 piso=136265728
COUNTS id=[ 256, 27085 ] end=11010048 piso=29310976
COUNTS id=[ 256, 27086 ] end=2642411520 piso=275993362432
COUNTS id=[ 256, 27087 ] end=377487360 piso=2440069120
COUNTS id=[ 256, 27088 ] end=377487360 piso=12973015040
COUNTS id=[ 256, 27089 ] end=268435456 piso=1225031680
COUNTS id=[ 256, 27090 ] end=250085376 piso=1174339584
COUNTS id=[ 256, 27091 ] end=1218445312 piso=69640781824
COUNTS id=[ 256, 27092 ] end=148897792 piso=438829056
COUNTS id=[ 256, 27093 ] end=155189248 piso=546865152
COUNTS id=[ 256, 27094 ] end=146800640 piso=519602176
COUNTS id=[ 256, 27095 ] end=88080384 piso=167804928
COUNTS id=[ 256, 27096 ] end=88080384 piso=165707776
COUNTS id=[ 256, 27097 ] end=81002496 piso=125927424
COUNTS id=[ 256, 27098 ] end=427819008 piso=1722032128
COUNTS id=[ 256, 27099 ] end=293601280 piso=1435639808
COUNTS id=[ 256, 27100 ] end=100663296 piso=245637120
COUNTS id=[ 256, 27101 ] end=67108864 piso=219553792
COUNTS id=[ 256, 27102 ] end=41680896 piso=91586560
COUNTS id=[ 256, 27103 ] end=216006656 piso=833495040
COUNTS id=[ 256, 27104 ] end=207618048 piso=756752384
