PARAMETERS start=256 end=256 start_id=42073 end_id=45578 skip_abelian=true log_all=true
ORDER_START order=256 groups=56092
COUNTS id=[ 256, 42073 ] end=1081344 piso=10016256
CLOSEST id=[ 256, 42073 ] end=1081344 piso=10016256 ratio=6521/704
COUNTS id=[ 256, 42074 ] end=3112960 piso=10438656
CLOSEST id=[ 256, 42074 ] end=3112960 piso=10438656 ratio=5097/1520
COUNTS id=[ 256, 42075 ] end=3112960 piso=11774976
COUNTS id=[ 256, 42076 ] end=1081344 piso=10725376
COUNTS id=[ 256, 42077 ] end=1081344 piso=10700288
COUNTS id=[ 256, 42078 ] end=3112960 piso=10294784
CLOSEST id=[ 256, 42078 ] end=3112960 piso=10294784 ratio=20107/6080
COUNTS id=[ 256, 42079 ] end=3112960 piso=10604032
COUNTS id=[ 256, 42080 ] end=3112960 piso=9934336
CLOSEST id=[ 256, 42080 ] end=3112960 piso=9934336 ratio=19403/6080
COUNTS id=[ 256, 42081 ] end=1081344 piso=9711616
COUNTS id=[ 256, 42082 ] end=1081344 piso=9763840
COUNTS id=[ 256, 42083 ] end=65536 piso=12626944
COUNTS id=[ 256, 42084 ] end=2097152 piso=9534464
COUNTS id=[ 256, 42085 ] end=4128768 piso=12418560
CLOSEST id=[ 256, 42085 ] end=4128768 piso=12418560 ratio=385/128
COUNTS id=[ 256, 42086 ] end=2097152 piso=11081216
COUNTS id=[ 256, 42087 ] end=2097152 piso=10073600
COUNTS id=[ 256, 42088 ] end=2097152 piso=9113088
COUNTS id=[ 256, 42089 ] end=2097152 piso=9287680
COUNTS id=[ 256, 42090 ] end=2097152 piso=9719808
COUNTS id=[ 256, 42091 ] end=4161536 piso=14348800
COUNTS id=[ 256, 42092 ] end=4128768 piso=13103616
COUNTS id=[ 256, 42093 ] end=2097152 piso=9292288
COUNTS id=[ 256, 42094 ] end=4128768 piso=12963840
COUNTS id=[ 256, 42095 ] end=6160384 piso=22794240
COUNTS id=[ 256, 42096 ] end=5144576 piso=18324480
COUNTS id=[ 256, 42097 ] end=5144576 piso=16118784
COUNTS id=[ 256, 42098 ] end=3112960 piso=10600960
COUNTS id=[ 256, 42099 ] end=3112960 piso=11500032
COUNTS id=[ 256, 42100 ] end=3112960 piso=10702848
COUNTS id=[ 256, 42101 ] end=3112960 piso=12266496
COUNTS id=[ 256, 42102 ] end=5144576 piso=14713344
CLOSEST id=[ 256, 42102 ] end=5144576 piso=14713344 ratio=28737/10048
COUNTS id=[ 256, 42103 ] end=1081344 piso=9394688
COUNTS id=[ 256, 42104 ] end=3112960 piso=10072576
COUNTS id=[ 256, 42105 ] end=5144576 piso=15475200
COUNTS id=[ 256, 42106 ] end=1081344 piso=10645504
COUNTS id=[ 256, 42107 ] end=3112960 piso=9044992
COUNTS id=[ 256, 42108 ] end=65536 piso=11186176
COUNTS id=[ 256, 42109 ] end=4128768 piso=11870208
COUNTS id=[ 256, 42110 ] end=4128768 piso=13624832
COUNTS id=[ 256, 42111 ] end=4128768 piso=12178944
COUNTS id=[ 256, 42112 ] end=4128768 piso=10478080
CLOSEST id=[ 256, 42112 ] end=4128768 piso=10478080 ratio=20465/8064
COUNTS id=[ 256, 42113 ] end=2097152 piso=10224128
COUNTS id=[ 256, 42114 ] end=4128768 piso=12871680
COUNTS id=[ 256, 42115 ] end=2097152 piso=9326592
COUNTS id=[ 256, 42116 ] end=4128768 piso=15426048
COUNTS id=[ 256, 42117 ] end=2097152 piso=11478016
COUNTS id=[ 256, 42118 ] end=4128768 piso=13533184
COUNTS id=[ 256, 42119 ] end=2097152 piso=11166720
COUNTS id=[ 256, 42120 ] end=2097152 piso=9971200
COUNTS id=[ 256, 42121 ] end=2097152 piso=10337792
COUNTS id=[ 256, 42122 ] end=3112960 piso=11997696
COUNTS id=[ 256, 42123 ] end=3112960 piso=13021696
COUNTS id=[ 256, 42124 ] end=3112960 piso=10869760
COUNTS id=[ 256, 42125 ] end=1081344 piso=9875456
COUNTS id=[ 256, 42126 ] end=1081344 piso=10396672
COUNTS id=[ 256, 42127 ] end=3112960 piso=11199488
COUNTS id=[ 256, 42128 ] end=1081344 piso=10592768
COUNTS id=[ 256, 42129 ] end=1081344 piso=9360896
COUNTS id=[ 256, 42130 ] end=3112960 piso=14303744
COUNTS id=[ 256, 42131 ] end=3112960 piso=12531712
COUNTS id=[ 256, 42132 ] end=3112960 piso=11635712
COUNTS id=[ 256, 42133 ] end=3112960 piso=11698176
COUNTS id=[ 256, 42134 ] end=1081344 piso=9972224
COUNTS id=[ 256, 42135 ] end=3112960 piso=10360320
COUNTS id=[ 256, 42136 ] end=2097152 piso=12729856
COUNTS id=[ 256, 42137 ] end=4128768 piso=13539840
COUNTS id=[ 256, 42138 ] end=2097152 piso=10023936
COUNTS id=[ 256, 42139 ] end=2097152 piso=10742784
COUNTS id=[ 256, 42140 ] end=2097152 piso=10416128
COUNTS id=[ 256, 42141 ] end=2097152 piso=9415680
COUNTS id=[ 256, 42142 ] end=2097152 piso=8636928
COUNTS id=[ 256, 42143 ] end=65536 piso=11510272
COUNTS id=[ 256, 42144 ] end=4128768 piso=15217152
COUNTS id=[ 256, 42145 ] end=4128768 piso=13400064
COUNTS id=[ 256, 42146 ] end=4325376 piso=15889408
COUNTS id=[ 256, 42147 ] end=34603008 piso=46260224
CLOSEST id=[ 256, 42147 ] end=34603008 piso=46260224 ratio=5647/4224
COUNTS id=[ 256, 42148 ] end=2097152 piso=9509376
COUNTS id=[ 256, 42149 ] end=4128768 piso=13330944
COUNTS id=[ 256, 42150 ] end=3112960 piso=14128640
COUNTS id=[ 256, 42151 ] end=35618816 piso=50386432
COUNTS id=[ 256, 42152 ] end=3112960 piso=10188800
COUNTS id=[ 256, 42153 ] end=3112960 piso=11648000
COUNTS id=[ 256, 42154 ] end=35618816 piso=49721344
COUNTS id=[ 256, 42155 ] end=1081344 piso=9924608
COUNTS id=[ 256, 42156 ] end=1081344 piso=9233920
COUNTS id=[ 256, 42157 ] end=3112960 piso=10402304
COUNTS id=[ 256, 42158 ] end=35618816 piso=51215872
COUNTS id=[ 256, 42159 ] end=3112960 piso=11802624
COUNTS id=[ 256, 42160 ] end=3112960 piso=11419648
COUNTS id=[ 256, 42161 ] end=35815424 piso=52067328
COUNTS id=[ 256, 42162 ] end=3112960 piso=11446784
COUNTS id=[ 256, 42163 ] end=3112960 piso=9852416
COUNTS id=[ 256, 42164 ] end=2097152 piso=11342336
COUNTS id=[ 256, 42165 ] end=36634624 piso=56595968
COUNTS id=[ 256, 42166 ] end=4128768 piso=13312000
COUNTS id=[ 256, 42167 ] end=2097152 piso=9629696
COUNTS id=[ 256, 42168 ] end=34603008 piso=45425664
CLOSEST id=[ 256, 42168 ] end=34603008 piso=45425664 ratio=14787/11264
COUNTS id=[ 256, 42169 ] end=2097152 piso=10688512
COUNTS id=[ 256, 42170 ] end=2097152 piso=9327104
COUNTS id=[ 256, 42171 ] end=2097152 piso=8647168
COUNTS id=[ 256, 42172 ] end=5144576 piso=15841280
PROGRESS checked=100 hits=0 reversed=0 runtime_ms=561328
COUNTS id=[ 256, 42173 ] end=35618816 piso=51633664
COUNTS id=[ 256, 42174 ] end=5144576 piso=16325120
COUNTS id=[ 256, 42175 ] end=3112960 piso=10069504
COUNTS id=[ 256, 42176 ] end=5144576 piso=15992832
COUNTS id=[ 256, 42177 ] end=5341184 piso=18812928
COUNTS id=[ 256, 42178 ] end=36831232 piso=57915904
COUNTS id=[ 256, 42179 ] end=36634624 piso=55361024
COUNTS id=[ 256, 42180 ] end=4128768 piso=12097536
COUNTS id=[ 256, 42181 ] end=2097152 piso=12222464
COUNTS id=[ 256, 42182 ] end=4128768 piso=13882368
COUNTS id=[ 256, 42183 ] end=2097152 piso=9876480
COUNTS id=[ 256, 42184 ] end=2097152 piso=10558976
COUNTS id=[ 256, 42185 ] end=6160384 piso=18270720
COUNTS id=[ 256, 42186 ] end=36634624 piso=57004544
COUNTS id=[ 256, 42187 ] end=4128768 piso=13827072
COUNTS id=[ 256, 42188 ] end=4128768 piso=13063168
COUNTS id=[ 256, 42189 ] end=6356992 piso=23844864
COUNTS id=[ 256, 42190 ] end=4128768 piso=13246976
COUNTS id=[ 256, 42191 ] end=4128768 piso=11381248
COUNTS id=[ 256, 42192 ] end=1081344 piso=10656768
COUNTS id=[ 256, 42193 ] end=5341184 piso=17302528
COUNTS id=[ 256, 42194 ] end=37650432 piso=64333312
COUNTS id=[ 256, 42195 ] end=35618816 piso=51471872
COUNTS id=[ 256, 42196 ] end=5144576 piso=13194752
COUNTS id=[ 256, 42197 ] end=3112960 piso=10743296
COUNTS id=[ 256, 42198 ] end=3112960 piso=11639808
COUNTS id=[ 256, 42199 ] end=3112960 piso=10046464
COUNTS id=[ 256, 42200 ] end=3112960 piso=11476992
COUNTS id=[ 256, 42201 ] end=35618816 piso=51788288
COUNTS id=[ 256, 42202 ] end=3112960 piso=10446336
COUNTS id=[ 256, 42203 ] end=3112960 piso=10494464
COUNTS id=[ 256, 42204 ] end=3112960 piso=11421696
COUNTS id=[ 256, 42205 ] end=5144576 piso=15736832
COUNTS id=[ 256, 42206 ] end=34603008 piso=46583296
COUNTS id=[ 256, 42207 ] end=36634624 piso=55351808
COUNTS id=[ 256, 42208 ] end=2097152 piso=9863168
COUNTS id=[ 256, 42209 ] end=2097152 piso=9373696
COUNTS id=[ 256, 42210 ] end=2097152 piso=9379840
COUNTS id=[ 256, 42211 ] end=2097152 piso=10526720
COUNTS id=[ 256, 42212 ] end=4128768 piso=11039232
COUNTS id=[ 256, 42213 ] end=2097152 piso=9063936
COUNTS id=[ 256, 42214 ] end=34603008 piso=48022016
COUNTS id=[ 256, 42215 ] end=4128768 piso=13209600
COUNTS id=[ 256, 42216 ] end=4128768 piso=13071360
COUNTS id=[ 256, 42217 ] end=4128768 piso=13012992
COUNTS id=[ 256, 42218 ] end=2097152 piso=9317888
COUNTS id=[ 256, 42219 ] end=4128768 piso=11288064
COUNTS id=[ 256, 42220 ] end=1081344 piso=10638336
COUNTS id=[ 256, 42221 ] end=3112960 piso=10202112
COUNTS id=[ 256, 42222 ] end=35618816 piso=50429440
COUNTS id=[ 256, 42223 ] end=35618816 piso=50761216
COUNTS id=[ 256, 42224 ] end=3112960 piso=9393664
COUNTS id=[ 256, 42225 ] end=3112960 piso=9192960
COUNTS id=[ 256, 42226 ] end=3112960 piso=10378240
COUNTS id=[ 256, 42227 ] end=1081344 piso=9862144
COUNTS id=[ 256, 42228 ] end=35618816 piso=52201984
COUNTS id=[ 256, 42229 ] end=5144576 piso=16044032
COUNTS id=[ 256, 42230 ] end=5144576 piso=16334848
COUNTS id=[ 256, 42231 ] end=35618816 piso=49697792
COUNTS id=[ 256, 42232 ] end=3112960 piso=10061312
COUNTS id=[ 256, 42233 ] end=5144576 piso=14289408
COUNTS id=[ 256, 42234 ] end=34603008 piso=46959616
COUNTS id=[ 256, 42235 ] end=69140480 piso=172882944
COUNTS id=[ 256, 42236 ] end=4128768 piso=13798912
COUNTS id=[ 256, 42237 ] end=2097152 piso=9900544
COUNTS id=[ 256, 42238 ] end=34603008 piso=46187008
COUNTS id=[ 256, 42239 ] end=2097152 piso=10562048
COUNTS id=[ 256, 42240 ] end=4128768 piso=11503616
COUNTS id=[ 256, 42241 ] end=4128768 piso=11127808
COUNTS id=[ 256, 42242 ] end=36634624 piso=54858752
COUNTS id=[ 256, 42243 ] end=4128768 piso=13527040
COUNTS id=[ 256, 42244 ] end=4128768 piso=11727360
COUNTS id=[ 256, 42245 ] end=4128768 piso=11956736
COUNTS id=[ 256, 42246 ] end=67108864 piso=152840704
COUNTS id=[ 256, 42247 ] end=4128768 piso=13718528
COUNTS id=[ 256, 42248 ] end=1081344 piso=10874368
COUNTS id=[ 256, 42249 ] end=35618816 piso=49637888
COUNTS id=[ 256, 42250 ] end=5144576 piso=13255680
COUNTS id=[ 256, 42251 ] end=3112960 piso=11133952
COUNTS id=[ 256, 42252 ] end=68124672 piso=161528832
COUNTS id=[ 256, 42253 ] end=35618816 piso=52058112
COUNTS id=[ 256, 42254 ] end=3112960 piso=10139136
COUNTS id=[ 256, 42255 ] end=3112960 piso=11124224
COUNTS id=[ 256, 42256 ] end=35618816 piso=51716608
COUNTS id=[ 256, 42257 ] end=3112960 piso=11429888
COUNTS id=[ 256, 42258 ] end=5341184 piso=18719744
COUNTS id=[ 256, 42259 ] end=3112960 piso=11415552
COUNTS id=[ 256, 42260 ] end=3112960 piso=9998848
COUNTS id=[ 256, 42261 ] end=3112960 piso=11716096
COUNTS id=[ 256, 42262 ] end=36634624 piso=57062400
COUNTS id=[ 256, 42263 ] end=34603008 piso=47088640
COUNTS id=[ 256, 42264 ] end=2097152 piso=9995776
COUNTS id=[ 256, 42265 ] end=2097152 piso=10916352
COUNTS id=[ 256, 42266 ] end=2097152 piso=11135488
COUNTS id=[ 256, 42267 ] end=2097152 piso=9347584
COUNTS id=[ 256, 42268 ] end=2097152 piso=8659968
COUNTS id=[ 256, 42269 ] end=4128768 piso=11331584
COUNTS id=[ 256, 42270 ] end=4128768 piso=12989440
COUNTS id=[ 256, 42271 ] end=4325376 piso=15826944
COUNTS id=[ 256, 42272 ] end=4128768 piso=13315584
PROGRESS checked=200 hits=0 reversed=0 runtime_ms=1181769
COUNTS id=[ 256, 42273 ] end=2097152 piso=9381376
COUNTS id=[ 256, 42274 ] end=34603008 piso=47861248
COUNTS id=[ 256, 42275 ] end=4128768 piso=12917760
COUNTS id=[ 256, 42276 ] end=1081344 piso=9858560
COUNTS id=[ 256, 42277 ] end=3112960 piso=11487744
COUNTS id=[ 256, 42278 ] end=3112960 piso=10242048
COUNTS id=[ 256, 42279 ] end=3112960 piso=9277440
COUNTS id=[ 256, 42280 ] end=35618816 piso=50179072
COUNTS id=[ 256, 42281 ] end=35618816 piso=51683328
COUNTS id=[ 256, 42282 ] end=3112960 piso=11422208
COUNTS id=[ 256, 42283 ] end=1081344 piso=10062336
COUNTS id=[ 256, 42284 ] end=2097152 piso=11406336
COUNTS id=[ 256, 42285 ] end=4128768 piso=15618560
COUNTS id=[ 256, 42286 ] end=2097152 piso=11627008
COUNTS id=[ 256, 42287 ] end=2097152 piso=9366016
COUNTS id=[ 256, 42288 ] end=2097152 piso=10667008
COUNTS id=[ 256, 42289 ] end=4325376 piso=15757312
COUNTS id=[ 256, 42290 ] end=3112960 piso=14814208
COUNTS id=[ 256, 42291 ] end=3112960 piso=13135872
COUNTS id=[ 256, 42292 ] end=1081344 piso=10407424
COUNTS id=[ 256, 42293 ] end=3112960 piso=12048896
COUNTS id=[ 256, 42294 ] end=3112960 piso=11360768
COUNTS id=[ 256, 42295 ] end=1081344 piso=9876992
COUNTS id=[ 256, 42296 ] end=1081344 piso=9263104
COUNTS id=[ 256, 42297 ] end=1081344 piso=10232832
COUNTS id=[ 256, 42298 ] end=3112960 piso=12039168
COUNTS id=[ 256, 42299 ] end=3309568 piso=14816256
COUNTS id=[ 256, 42300 ] end=3112960 piso=12014080
COUNTS id=[ 256, 42301 ] end=1081344 piso=9979392
COUNTS id=[ 256, 42302 ] end=3112960 piso=13643264
COUNTS id=[ 256, 42303 ] end=3112960 piso=11844608
COUNTS id=[ 256, 42304 ] end=65536 piso=11209728
COUNTS id=[ 256, 42305 ] end=2097152 piso=9959424
COUNTS id=[ 256, 42306 ] end=2097152 piso=11318784
COUNTS id=[ 256, 42307 ] end=2097152 piso=10731008
COUNTS id=[ 256, 42308 ] end=2097152 piso=9686528
COUNTS id=[ 256, 42309 ] end=2097152 piso=10880512
COUNTS id=[ 256, 42310 ] end=4128768 piso=16067584
COUNTS id=[ 256, 42311 ] end=2097152 piso=11456512
COUNTS id=[ 256, 42312 ] end=4128768 piso=13472768
COUNTS id=[ 256, 42313 ] end=4128768 piso=15570432
COUNTS id=[ 256, 42314 ] end=4128768 piso=11230720
COUNTS id=[ 256, 42315 ] end=2097152 piso=9371136
COUNTS id=[ 256, 42316 ] end=4128768 piso=13459456
COUNTS id=[ 256, 42317 ] end=4128768 piso=12987392
COUNTS id=[ 256, 42318 ] end=3112960 piso=12291072
COUNTS id=[ 256, 42319 ] end=5144576 piso=16986112
COUNTS id=[ 256, 42320 ] end=5144576 piso=14765568
COUNTS id=[ 256, 42321 ] end=1081344 piso=10136064
COUNTS id=[ 256, 42322 ] end=3112960 piso=9925120
COUNTS id=[ 256, 42323 ] end=3112960 piso=10636800
COUNTS id=[ 256, 42324 ] end=1081344 piso=9152512
COUNTS id=[ 256, 42325 ] end=3112960 piso=9028608
COUNTS id=[ 256, 42326 ] end=5144576 piso=16152576
COUNTS id=[ 256, 42327 ] end=3112960 piso=11702272
COUNTS id=[ 256, 42328 ] end=3112960 piso=10052096
COUNTS id=[ 256, 42329 ] end=3112960 piso=9920000
COUNTS id=[ 256, 42330 ] end=5144576 piso=18193920
COUNTS id=[ 256, 42331 ] end=3112960 piso=12055552
COUNTS id=[ 256, 42332 ] end=65536 piso=11745280
COUNTS id=[ 256, 42333 ] end=4128768 piso=10765312
COUNTS id=[ 256, 42334 ] end=4128768 piso=11647488
COUNTS id=[ 256, 42335 ] end=2097152 piso=10269184
COUNTS id=[ 256, 42336 ] end=4128768 piso=11942400
COUNTS id=[ 256, 42337 ] end=2097152 piso=10144256
COUNTS id=[ 256, 42338 ] end=4128768 piso=13380608
COUNTS id=[ 256, 42339 ] end=4128768 piso=13428736
COUNTS id=[ 256, 42340 ] end=3112960 piso=12060160
COUNTS id=[ 256, 42341 ] end=35618816 piso=49769984
COUNTS id=[ 256, 42342 ] end=3112960 piso=11407872
COUNTS id=[ 256, 42343 ] end=3112960 piso=11963904
COUNTS id=[ 256, 42344 ] end=34603008 piso=47854080
COUNTS id=[ 256, 42345 ] end=67108864 piso=150384128
COUNTS id=[ 256, 42346 ] end=2097152 piso=9718272
COUNTS id=[ 256, 42347 ] end=2097152 piso=9320960
COUNTS id=[ 256, 42348 ] end=34603008 piso=45999616
COUNTS id=[ 256, 42349 ] end=2097152 piso=10898944
COUNTS id=[ 256, 42350 ] end=2097152 piso=9403904
COUNTS id=[ 256, 42351 ] end=2097152 piso=8622592
COUNTS id=[ 256, 42352 ] end=67108864 piso=150048256
COUNTS id=[ 256, 42353 ] end=34603008 piso=48049664
COUNTS id=[ 256, 42354 ] end=2097152 piso=9678336
COUNTS id=[ 256, 42355 ] end=2097152 piso=9826816
COUNTS id=[ 256, 42356 ] end=2097152 piso=10883584
COUNTS id=[ 256, 42357 ] end=34603008 piso=46200320
COUNTS id=[ 256, 42358 ] end=2097152 piso=8663552
COUNTS id=[ 256, 42359 ] end=2097152 piso=8671744
COUNTS id=[ 256, 42360 ] end=35618816 piso=50178560
COUNTS id=[ 256, 42361 ] end=3112960 piso=11593216
COUNTS id=[ 256, 42362 ] end=3112960 piso=11320832
COUNTS id=[ 256, 42363 ] end=3112960 piso=11689472
COUNTS id=[ 256, 42364 ] end=37650432 piso=64427520
COUNTS id=[ 256, 42365 ] end=3112960 piso=11453952
COUNTS id=[ 256, 42366 ] end=3112960 piso=11775488
COUNTS id=[ 256, 42367 ] end=35618816 piso=52152832
COUNTS id=[ 256, 42368 ] end=36831232 piso=59823616
COUNTS id=[ 256, 42369 ] end=36634624 piso=57043456
COUNTS id=[ 256, 42370 ] end=4128768 piso=11821568
COUNTS id=[ 256, 42371 ] end=2097152 piso=11440640
COUNTS id=[ 256, 42372 ] end=4128768 piso=15592960
PROGRESS checked=300 hits=0 reversed=0 runtime_ms=1852932
COUNTS id=[ 256, 42373 ] end=4128768 piso=13495808
COUNTS id=[ 256, 42374 ] end=2097152 piso=9501184
COUNTS id=[ 256, 42375 ] end=4128768 piso=12146176
COUNTS id=[ 256, 42376 ] end=36634624 piso=56747520
COUNTS id=[ 256, 42377 ] end=36634624 piso=60462592
COUNTS id=[ 256, 42378 ] end=4325376 piso=14904832
COUNTS id=[ 256, 42379 ] end=2097152 piso=9646592
COUNTS id=[ 256, 42380 ] end=4128768 piso=12874240
COUNTS id=[ 256, 42381 ] end=4128768 piso=16031232
COUNTS id=[ 256, 42382 ] end=2097152 piso=10549760
COUNTS id=[ 256, 42383 ] end=4128768 piso=10443264
COUNTS id=[ 256, 42384 ] end=5144576 piso=16153088
COUNTS id=[ 256, 42385 ] end=35618816 piso=51725824
COUNTS id=[ 256, 42386 ] end=35618816 piso=51744256
COUNTS id=[ 256, 42387 ] end=3112960 piso=11441664
COUNTS id=[ 256, 42388 ] end=34603008 piso=47112192
COUNTS id=[ 256, 42389 ] end=2097152 piso=9397248
COUNTS id=[ 256, 42390 ] end=2097152 piso=9389056
COUNTS id=[ 256, 42391 ] end=36634624 piso=55272448
COUNTS id=[ 256, 42392 ] end=3112960 piso=12527104
COUNTS id=[ 256, 42393 ] end=5144576 piso=14214656
COUNTS id=[ 256, 42394 ] end=3112960 piso=10542592
COUNTS id=[ 256, 42395 ] end=3112960 piso=11680256
COUNTS id=[ 256, 42396 ] end=3112960 piso=10494464
COUNTS id=[ 256, 42397 ] end=1081344 piso=9432576
COUNTS id=[ 256, 42398 ] end=3112960 piso=9849344
COUNTS id=[ 256, 42399 ] end=3112960 piso=10373632
COUNTS id=[ 256, 42400 ] end=3112960 piso=10068480
COUNTS id=[ 256, 42401 ] end=3112960 piso=12587520
COUNTS id=[ 256, 42402 ] end=5144576 piso=17074688
COUNTS id=[ 256, 42403 ] end=3112960 piso=10415616
COUNTS id=[ 256, 42404 ] end=3112960 piso=9016832
COUNTS id=[ 256, 42405 ] end=3112960 piso=10451456
COUNTS id=[ 256, 42406 ] end=1081344 piso=10530304
COUNTS id=[ 256, 42407 ] end=3112960 piso=9068032
COUNTS id=[ 256, 42408 ] end=4128768 piso=11280384
COUNTS id=[ 256, 42409 ] end=34603008 piso=46945280
COUNTS id=[ 256, 42410 ] end=34603008 piso=46478336
COUNTS id=[ 256, 42411 ] end=2097152 piso=9380864
COUNTS id=[ 256, 42412 ] end=2097152 piso=10227712
COUNTS id=[ 256, 42413 ] end=2097152 piso=9819136
COUNTS id=[ 256, 42414 ] end=4128768 piso=12204032
COUNTS id=[ 256, 42415 ] end=2097152 piso=10166272
COUNTS id=[ 256, 42416 ] end=3112960 piso=10478080
COUNTS id=[ 256, 42417 ] end=3112960 piso=11198976
COUNTS id=[ 256, 42418 ] end=3112960 piso=10968576
COUNTS id=[ 256, 42419 ] end=1081344 piso=9906688
COUNTS id=[ 256, 42420 ] end=1081344 piso=9308672
COUNTS id=[ 256, 42421 ] end=1081344 piso=10425856
COUNTS id=[ 256, 42422 ] end=1081344 piso=10622464
COUNTS id=[ 256, 42423 ] end=3112960 piso=9911808
COUNTS id=[ 256, 42424 ] end=3112960 piso=10884608
COUNTS id=[ 256, 42425 ] end=1081344 piso=10362368
COUNTS id=[ 256, 42426 ] end=3112960 piso=11306496
COUNTS id=[ 256, 42427 ] end=3112960 piso=11145728
COUNTS id=[ 256, 42428 ] end=1081344 piso=9323008
COUNTS id=[ 256, 42429 ] end=3112960 piso=9238016
COUNTS id=[ 256, 42430 ] end=1081344 piso=9392640
COUNTS id=[ 256, 42431 ] end=1081344 piso=9415168
COUNTS id=[ 256, 42432 ] end=4128768 piso=12116992
COUNTS id=[ 256, 42433 ] end=2097152 piso=9668608
COUNTS id=[ 256, 42434 ] end=2097152 piso=9238528
COUNTS id=[ 256, 42435 ] end=2097152 piso=10811392
COUNTS id=[ 256, 42436 ] end=4128768 piso=13435392
COUNTS id=[ 256, 42437 ] end=2097152 piso=10801664
COUNTS id=[ 256, 42438 ] end=4128768 piso=12867072
COUNTS id=[ 256, 42439 ] end=4128768 piso=13117952
COUNTS id=[ 256, 42440 ] end=35618816 piso=51848192
COUNTS id=[ 256, 42441 ] end=35618816 piso=52462592
COUNTS id=[ 256, 42442 ] end=3112960 piso=11566080
COUNTS id=[ 256, 42443 ] end=1081344 piso=9859072
COUNTS id=[ 256, 42444 ] end=3112960 piso=11364352
COUNTS id=[ 256, 42445 ] end=3112960 piso=11478016
COUNTS id=[ 256, 42446 ] end=1081344 piso=9398272
COUNTS id=[ 256, 42447 ] end=3112960 piso=8990720
COUNTS id=[ 256, 42448 ] end=3112960 piso=11811840
COUNTS id=[ 256, 42449 ] end=3112960 piso=11752448
COUNTS id=[ 256, 42450 ] end=3112960 piso=9413632
COUNTS id=[ 256, 42451 ] end=1081344 piso=11274240
COUNTS id=[ 256, 42452 ] end=35618816 piso=51677184
COUNTS id=[ 256, 42453 ] end=35618816 piso=51657728
COUNTS id=[ 256, 42454 ] end=1081344 piso=9852928
COUNTS id=[ 256, 42455 ] end=3112960 piso=10047488
COUNTS id=[ 256, 42456 ] end=2097152 piso=11325952
COUNTS id=[ 256, 42457 ] end=4128768 piso=13123072
COUNTS id=[ 256, 42458 ] end=4128768 piso=13170176
COUNTS id=[ 256, 42459 ] end=4128768 piso=14059008
COUNTS id=[ 256, 42460 ] end=34603008 piso=48398848
COUNTS id=[ 256, 42461 ] end=34603008 piso=46203392
COUNTS id=[ 256, 42462 ] end=4128768 piso=12855808
COUNTS id=[ 256, 42463 ] end=36634624 piso=56817152
COUNTS id=[ 256, 42464 ] end=35618816 piso=54883328
COUNTS id=[ 256, 42465 ] end=68124672 piso=162112512
COUNTS id=[ 256, 42466 ] end=3112960 piso=10967040
COUNTS id=[ 256, 42467 ] end=3112960 piso=12301312
COUNTS id=[ 256, 42468 ] end=35618816 piso=51278848
COUNTS id=[ 256, 42469 ] end=3112960 piso=11675648
COUNTS id=[ 256, 42470 ] end=3112960 piso=9385984
COUNTS id=[ 256, 42471 ] end=3112960 piso=10477568
COUNTS id=[ 256, 42472 ] end=35618816 piso=49894400
PROGRESS checked=400 hits=0 reversed=0 runtime_ms=2517095
COUNTS id=[ 256, 42473 ] end=3112960 piso=15635456
COUNTS id=[ 256, 42474 ] end=3112960 piso=11496448
COUNTS id=[ 256, 42475 ] end=3112960 piso=9287680
COUNTS id=[ 256, 42476 ] end=35618816 piso=51476480
COUNTS id=[ 256, 42477 ] end=68124672 piso=163521536
COUNTS id=[ 256, 42478 ] end=3112960 piso=12326912
COUNTS id=[ 256, 42479 ] end=3112960 piso=10119168
COUNTS id=[ 256, 42480 ] end=2097152 piso=11940352
COUNTS id=[ 256, 42481 ] end=67108864 piso=149966336
COUNTS id=[ 256, 42482 ] end=36634624 piso=57267712
COUNTS id=[ 256, 42483 ] end=4128768 piso=13538816
COUNTS id=[ 256, 42484 ] end=35618816 piso=50334720
COUNTS id=[ 256, 42485 ] end=3112960 piso=10486784
COUNTS id=[ 256, 42486 ] end=3112960 piso=9783296
COUNTS id=[ 256, 42487 ] end=33587200 piso=43994112
CLOSEST id=[ 256, 42487 ] end=33587200 piso=43994112 ratio=42963/32800
COUNTS id=[ 256, 42488 ] end=4128768 piso=13855744
COUNTS id=[ 256, 42489 ] end=4128768 piso=12521472
COUNTS id=[ 256, 42490 ] end=4128768 piso=12169216
COUNTS id=[ 256, 42491 ] end=2097152 piso=11341824
COUNTS id=[ 256, 42492 ] end=2097152 piso=9847808
COUNTS id=[ 256, 42493 ] end=2097152 piso=8977408
COUNTS id=[ 256, 42494 ] end=2097152 piso=8779776
COUNTS id=[ 256, 42495 ] end=4128768 piso=11729920
COUNTS id=[ 256, 42496 ] end=4128768 piso=10554368
COUNTS id=[ 256, 42497 ] end=2097152 piso=10443776
COUNTS id=[ 256, 42498 ] end=2097152 piso=10448896
COUNTS id=[ 256, 42499 ] end=2097152 piso=8600576
COUNTS id=[ 256, 42500 ] end=2097152 piso=9274368
COUNTS id=[ 256, 42501 ] end=4128768 piso=13371392
COUNTS id=[ 256, 42502 ] end=4128768 piso=14018560
COUNTS id=[ 256, 42503 ] end=4128768 piso=11753472
COUNTS id=[ 256, 42504 ] end=1081344 piso=10313728
COUNTS id=[ 256, 42505 ] end=35618816 piso=50165760
COUNTS id=[ 256, 42506 ] end=35618816 piso=50762752
COUNTS id=[ 256, 42507 ] end=3112960 piso=10141696
COUNTS id=[ 256, 42508 ] end=3112960 piso=10569728
COUNTS id=[ 256, 42509 ] end=3112960 piso=11120640
COUNTS id=[ 256, 42510 ] end=1081344 piso=9856000
COUNTS id=[ 256, 42511 ] end=3112960 piso=10467328
COUNTS id=[ 256, 42512 ] end=2097152 piso=10394624
COUNTS id=[ 256, 42513 ] end=4128768 piso=13449216
COUNTS id=[ 256, 42514 ] end=2097152 piso=11300864
COUNTS id=[ 256, 42515 ] end=2097152 piso=9881600
COUNTS id=[ 256, 42516 ] end=2097152 piso=8639488
COUNTS id=[ 256, 42517 ] end=65536 piso=11205632
COUNTS id=[ 256, 42518 ] end=2097152 piso=9340928
COUNTS id=[ 256, 42519 ] end=2097152 piso=8604672
COUNTS id=[ 256, 42520 ] end=2097152 piso=9449472
COUNTS id=[ 256, 42521 ] end=2097152 piso=9756672
COUNTS id=[ 256, 42522 ] end=2097152 piso=9123840
COUNTS id=[ 256, 42523 ] end=65536 piso=11324416
COUNTS id=[ 256, 42524 ] end=2097152 piso=9747456
COUNTS id=[ 256, 42525 ] end=2097152 piso=9867264
COUNTS id=[ 256, 42526 ] end=2097152 piso=10249216
COUNTS id=[ 256, 42527 ] end=4128768 piso=13061120
COUNTS id=[ 256, 42528 ] end=1081344 piso=10834944
COUNTS id=[ 256, 42529 ] end=3112960 piso=10089472
COUNTS id=[ 256, 42530 ] end=3112960 piso=10220544
COUNTS id=[ 256, 42531 ] end=3112960 piso=11264000
COUNTS id=[ 256, 42532 ] end=106070016 piso=361851392
COUNTS id=[ 256, 42533 ] end=175439872 piso=974531072
COUNTS id=[ 256, 42534 ] end=72450048 piso=191975936
COUNTS id=[ 256, 42535 ] end=10059776 piso=55050752
COUNTS id=[ 256, 42536 ] end=4554752 piso=25399808
COUNTS id=[ 256, 42537 ] end=4554752 piso=34644480
COUNTS id=[ 256, 42538 ] end=102727680 piso=335122944
COUNTS id=[ 256, 42539 ] end=40337408 piso=78500352
COUNTS id=[ 256, 42540 ] end=40337408 piso=78062080
COUNTS id=[ 256, 42541 ] end=40337408 piso=85819904
COUNTS id=[ 256, 42542 ] end=141623296 piso=639120896
COUNTS id=[ 256, 42543 ] end=7143424 piso=37018112
COUNTS id=[ 256, 42544 ] end=72417280 piso=176209408
COUNTS id=[ 256, 42545 ] end=4521984 piso=66806272
COUNTS id=[ 256, 42546 ] end=8552448 piso=35570176
COUNTS id=[ 256, 42547 ] end=73957376 piso=195941888
COUNTS id=[ 256, 42548 ] end=70942720 piso=168067584
COUNTS id=[ 256, 42549 ] end=5799936 piso=25024000
COUNTS id=[ 256, 42550 ] end=104267776 piso=353831424
COUNTS id=[ 256, 42551 ] end=73957376 piso=197032448
COUNTS id=[ 256, 42552 ] end=73990144 piso=197437952
COUNTS id=[ 256, 42553 ] end=7143424 piso=30790144
COUNTS id=[ 256, 42554 ] end=40304640 piso=78832128
COUNTS id=[ 256, 42555 ] end=4521984 piso=16882176
COUNTS id=[ 256, 42556 ] end=2162688 piso=18229760
COUNTS id=[ 256, 42557 ] end=70582272 piso=170803712
COUNTS id=[ 256, 42558 ] end=37421056 piso=58204672
COUNTS id=[ 256, 42559 ] end=37421056 piso=55851520
COUNTS id=[ 256, 42560 ] end=40304640 piso=72391168
COUNTS id=[ 256, 42561 ] end=40304640 piso=78230016
COUNTS id=[ 256, 42562 ] end=7143424 piso=26099200
COUNTS id=[ 256, 42563 ] end=7143424 piso=21982720
COUNTS id=[ 256, 42564 ] end=4521984 piso=16048640
COUNTS id=[ 256, 42565 ] end=7143424 piso=26582528
COUNTS id=[ 256, 42566 ] end=40304640 piso=77619712
COUNTS id=[ 256, 42567 ] end=4521984 piso=16089600
COUNTS id=[ 256, 42568 ] end=7143424 piso=21806592
COUNTS id=[ 256, 42569 ] end=5799936 piso=18365952
COUNTS id=[ 256, 42570 ] end=41844736 piso=91703808
COUNTS id=[ 256, 42571 ] end=5799936 piso=20634112
COUNTS id=[ 256, 42572 ] end=5799936 piso=18861568
PROGRESS checked=500 hits=0 reversed=0 runtime_ms=4031596
COUNTS id=[ 256, 42573 ] end=38830080 piso=63949312
COUNTS id=[ 256, 42574 ] end=3309568 piso=16829952
COUNTS id=[ 256, 42575 ] end=8552448 piso=31510016
COUNTS id=[ 256, 42576 ] end=8552448 piso=29207040
COUNTS id=[ 256, 42577 ] end=99614720 piso=337457152
COUNTS id=[ 256, 42578 ] end=99614720 piso=337471488
COUNTS id=[ 256, 42579 ] end=3342336 piso=16386560
COUNTS id=[ 256, 42580 ] end=5373952 piso=15854080
COUNTS id=[ 256, 42581 ] end=5373952 piso=19728896
COUNTS id=[ 256, 42582 ] end=3342336 piso=13658624
COUNTS id=[ 256, 42583 ] end=37879808 piso=64420352
COUNTS id=[ 256, 42584 ] end=35848192 piso=50227712
COUNTS id=[ 256, 42585 ] end=35848192 piso=52849152
COUNTS id=[ 256, 42586 ] end=37879808 piso=62077440
COUNTS id=[ 256, 42587 ] end=68124672 piso=162329088
COUNTS id=[ 256, 42588 ] end=3112960 piso=22002176
COUNTS id=[ 256, 42589 ] end=68124672 piso=162558464
COUNTS id=[ 256, 42590 ] end=3112960 piso=24361472
COUNTS id=[ 256, 42591 ] end=4325376 piso=13869056
COUNTS id=[ 256, 42592 ] end=6356992 piso=21366784
COUNTS id=[ 256, 42593 ] end=6356992 piso=20585472
COUNTS id=[ 256, 42594 ] end=4325376 piso=15045632
COUNTS id=[ 256, 42595 ] end=67108864 piso=153522176
COUNTS id=[ 256, 42596 ] end=67108864 piso=153577472
COUNTS id=[ 256, 42597 ] end=3112960 piso=14137856
COUNTS id=[ 256, 42598 ] end=3112960 piso=11354624
COUNTS id=[ 256, 42599 ] end=3112960 piso=12165632
COUNTS id=[ 256, 42600 ] end=3112960 piso=12941824
COUNTS id=[ 256, 42601 ] end=35618816 piso=50381312
COUNTS id=[ 256, 42602 ] end=35618816 piso=49121792
COUNTS id=[ 256, 42603 ] end=35618816 piso=49314304
COUNTS id=[ 256, 42604 ] end=35618816 piso=50057728
COUNTS id=[ 256, 42605 ] end=5144576 piso=17027584
COUNTS id=[ 256, 42606 ] end=3112960 piso=10412544
COUNTS id=[ 256, 42607 ] end=5144576 piso=14261760
COUNTS id=[ 256, 42608 ] end=3112960 piso=13012480
COUNTS id=[ 256, 42609 ] end=3112960 piso=12889600
COUNTS id=[ 256, 42610 ] end=5144576 piso=14097920
COUNTS id=[ 256, 42611 ] end=3112960 piso=10433024
COUNTS id=[ 256, 42612 ] end=5144576 piso=16925184
COUNTS id=[ 256, 42613 ] end=2097152 piso=10297344
COUNTS id=[ 256, 42614 ] end=36634624 piso=55345152
COUNTS id=[ 256, 42615 ] end=34603008 piso=47123456
COUNTS id=[ 256, 42616 ] end=4128768 piso=12041216
COUNTS id=[ 256, 42617 ] end=4128768 piso=12678144
COUNTS id=[ 256, 42618 ] end=34603008 piso=47043584
COUNTS id=[ 256, 42619 ] end=36634624 piso=55515136
COUNTS id=[ 256, 42620 ] end=2097152 piso=10131456
COUNTS id=[ 256, 42621 ] end=36831232 piso=56988160
COUNTS id=[ 256, 42622 ] end=6356992 piso=21088768
COUNTS id=[ 256, 42623 ] end=4128768 piso=14903296
COUNTS id=[ 256, 42624 ] end=4128768 piso=12130304
COUNTS id=[ 256, 42625 ] end=5341184 piso=19200512
COUNTS id=[ 256, 42626 ] end=37879808 piso=63117824
COUNTS id=[ 256, 42627 ] end=5144576 piso=17503232
COUNTS id=[ 256, 42628 ] end=3112960 piso=11409408
COUNTS id=[ 256, 42629 ] end=37650432 piso=61856256
COUNTS id=[ 256, 42630 ] end=3112960 piso=9967104
COUNTS id=[ 256, 42631 ] end=5144576 piso=13984768
COUNTS id=[ 256, 42632 ] end=1081344 piso=10061824
COUNTS id=[ 256, 42633 ] end=3112960 piso=12267520
COUNTS id=[ 256, 42634 ] end=35618816 piso=48922624
COUNTS id=[ 256, 42635 ] end=5144576 piso=13709824
COUNTS id=[ 256, 42636 ] end=3112960 piso=10347008
COUNTS id=[ 256, 42637 ] end=4128768 piso=13676032
COUNTS id=[ 256, 42638 ] end=36634624 piso=54100480
COUNTS id=[ 256, 42639 ] end=4128768 piso=12129280
COUNTS id=[ 256, 42640 ] end=2097152 piso=9179136
COUNTS id=[ 256, 42641 ] end=36634624 piso=55358464
COUNTS id=[ 256, 42642 ] end=2097152 piso=9645056
COUNTS id=[ 256, 42643 ] end=6160384 piso=18250240
COUNTS id=[ 256, 42644 ] end=2097152 piso=9380352
COUNTS id=[ 256, 42645 ] end=4325376 piso=14725632
COUNTS id=[ 256, 42646 ] end=36831232 piso=61200896
COUNTS id=[ 256, 42647 ] end=2097152 piso=12900352
COUNTS id=[ 256, 42648 ] end=35848192 piso=57076224
COUNTS id=[ 256, 42649 ] end=5341184 piso=16941568
COUNTS id=[ 256, 42650 ] end=3112960 piso=12670976
COUNTS id=[ 256, 42651 ] end=3112960 piso=14283776
COUNTS id=[ 256, 42652 ] end=35618816 piso=52759040
COUNTS id=[ 256, 42653 ] end=3112960 piso=10847744
COUNTS id=[ 256, 42654 ] end=3112960 piso=11387904
COUNTS id=[ 256, 42655 ] end=1081344 piso=11126784
COUNTS id=[ 256, 42656 ] end=35618816 piso=52929536
COUNTS id=[ 256, 42657 ] end=1081344 piso=10320896
COUNTS id=[ 256, 42658 ] end=3112960 piso=11788800
COUNTS id=[ 256, 42659 ] end=3112960 piso=11182592
COUNTS id=[ 256, 42660 ] end=2097152 piso=9607680
COUNTS id=[ 256, 42661 ] end=36634624 piso=58269184
COUNTS id=[ 256, 42662 ] end=2097152 piso=11133952
COUNTS id=[ 256, 42663 ] end=2097152 piso=9756672
COUNTS id=[ 256, 42664 ] end=2097152 piso=9638912
COUNTS id=[ 256, 42665 ] end=34603008 piso=49751040
COUNTS id=[ 256, 42666 ] end=2097152 piso=11064832
COUNTS id=[ 256, 42667 ] end=4128768 piso=11712000
COUNTS id=[ 256, 42668 ] end=3112960 piso=12470272
COUNTS id=[ 256, 42669 ] end=37879808 piso=68266496
COUNTS id=[ 256, 42670 ] end=5341184 piso=17007104
COUNTS id=[ 256, 42671 ] end=6356992 piso=20992512
COUNTS id=[ 256, 42672 ] end=4128768 piso=13903872
PROGRESS checked=600 hits=0 reversed=0 runtime_ms=5474937
COUNTS id=[ 256, 42673 ] end=4128768 piso=15081472
COUNTS id=[ 256, 42674 ] end=36634624 piso=57664000
COUNTS id=[ 256, 42675 ] end=2097152 piso=9681408
COUNTS id=[ 256, 42676 ] end=6160384 piso=17887232
COUNTS id=[ 256, 42677 ] end=2097152 piso=10385408
COUNTS id=[ 256, 42678 ] end=36634624 piso=57867264
COUNTS id=[ 256, 42679 ] end=4128768 piso=11581440
COUNTS id=[ 256, 42680 ] end=2097152 piso=10017280
COUNTS id=[ 256, 42681 ] end=4128768 piso=12234240
COUNTS id=[ 256, 42682 ] end=3112960 piso=10233856
COUNTS id=[ 256, 42683 ] end=5144576 piso=14821376
COUNTS id=[ 256, 42684 ] end=35618816 piso=52912640
COUNTS id=[ 256, 42685 ] end=3112960 piso=9959936
COUNTS id=[ 256, 42686 ] end=5144576 piso=13871616
COUNTS id=[ 256, 42687 ] end=1081344 piso=11456000
COUNTS id=[ 256, 42688 ] end=37650432 piso=64955392
COUNTS id=[ 256, 42689 ] end=3112960 piso=10090496
COUNTS id=[ 256, 42690 ] end=3112960 piso=11069440
COUNTS id=[ 256, 42691 ] end=5373952 piso=18733568
COUNTS id=[ 256, 42692 ] end=5341184 piso=19204608
COUNTS id=[ 256, 42693 ] end=4325376 piso=17277440
COUNTS id=[ 256, 42694 ] end=2097152 piso=10917888
COUNTS id=[ 256, 42695 ] end=4128768 piso=14972416
COUNTS id=[ 256, 42696 ] end=2097152 piso=9901568
COUNTS id=[ 256, 42697 ] end=4128768 piso=11722752
COUNTS id=[ 256, 42698 ] end=2097152 piso=10596352
COUNTS id=[ 256, 42699 ] end=4128768 piso=14914560
COUNTS id=[ 256, 42700 ] end=4128768 piso=11708416
COUNTS id=[ 256, 42701 ] end=4128768 piso=11828736
COUNTS id=[ 256, 42702 ] end=65536 piso=12630528
COUNTS id=[ 256, 42703 ] end=1081344 piso=10027008
COUNTS id=[ 256, 42704 ] end=5144576 piso=14383104
COUNTS id=[ 256, 42705 ] end=3112960 piso=11040256
COUNTS id=[ 256, 42706 ] end=3112960 piso=12353024
COUNTS id=[ 256, 42707 ] end=1081344 piso=10460672
COUNTS id=[ 256, 42708 ] end=3112960 piso=10985984
COUNTS id=[ 256, 42709 ] end=3112960 piso=11618304
COUNTS id=[ 256, 42710 ] end=5144576 piso=16423936
COUNTS id=[ 256, 42711 ] end=35618816 piso=51118592
COUNTS id=[ 256, 42712 ] end=37650432 piso=61555200
COUNTS id=[ 256, 42713 ] end=37650432 piso=61998080
COUNTS id=[ 256, 42714 ] end=35618816 piso=49079296
COUNTS id=[ 256, 42715 ] end=36634624 piso=56531456
COUNTS id=[ 256, 42716 ] end=36667392 piso=55382528
COUNTS id=[ 256, 42717 ] end=36634624 piso=55445504
COUNTS id=[ 256, 42718 ] end=36634624 piso=54935552
COUNTS id=[ 256, 42719 ] end=4128768 piso=14749696
COUNTS id=[ 256, 42720 ] end=4128768 piso=12114944
COUNTS id=[ 256, 42721 ] end=6160384 piso=18062848
COUNTS id=[ 256, 42722 ] end=2097152 piso=10445312
COUNTS id=[ 256, 42723 ] end=6160384 piso=20634112
COUNTS id=[ 256, 42724 ] end=4128768 piso=11286016
COUNTS id=[ 256, 42725 ] end=4128768 piso=11333632
COUNTS id=[ 256, 42726 ] end=2097152 piso=9825280
COUNTS id=[ 256, 42727 ] end=5144576 piso=17047040
COUNTS id=[ 256, 42728 ] end=5144576 piso=14901760
COUNTS id=[ 256, 42729 ] end=5144576 piso=14490624
COUNTS id=[ 256, 42730 ] end=1081344 piso=9917440
COUNTS id=[ 256, 42731 ] end=5144576 piso=15990784
COUNTS id=[ 256, 42732 ] end=3112960 piso=10024960
COUNTS id=[ 256, 42733 ] end=5144576 piso=13956608
COUNTS id=[ 256, 42734 ] end=3112960 piso=9658880
COUNTS id=[ 256, 42735 ] end=68124672 piso=156443136
COUNTS id=[ 256, 42736 ] end=68124672 piso=160668160
COUNTS id=[ 256, 42737 ] end=37847040 piso=61979648
COUNTS id=[ 256, 42738 ] end=99647488 piso=328102400
COUNTS id=[ 256, 42739 ] end=36634624 piso=54864384
COUNTS id=[ 256, 42740 ] end=36634624 piso=54888448
COUNTS id=[ 256, 42741 ] end=38666240 piso=72284160
COUNTS id=[ 256, 42742 ] end=69140480 piso=174380032
COUNTS id=[ 256, 42743 ] end=2097152 piso=11073536
COUNTS id=[ 256, 42744 ] end=6356992 piso=19164672
COUNTS id=[ 256, 42745 ] end=4128768 piso=13087232
COUNTS id=[ 256, 42746 ] end=36634624 piso=57646592
COUNTS id=[ 256, 42747 ] end=36634624 piso=54221312
COUNTS id=[ 256, 42748 ] end=4128768 piso=11737088
COUNTS id=[ 256, 42749 ] end=4128768 piso=12020736
COUNTS id=[ 256, 42750 ] end=3112960 piso=11173376
COUNTS id=[ 256, 42751 ] end=70352896 piso=191797760
COUNTS id=[ 256, 42752 ] end=3112960 piso=12666880
COUNTS id=[ 256, 42753 ] end=5144576 piso=14573568
COUNTS id=[ 256, 42754 ] end=35618816 piso=48924672
COUNTS id=[ 256, 42755 ] end=35618816 piso=52955136
COUNTS id=[ 256, 42756 ] end=5144576 piso=14953984
COUNTS id=[ 256, 42757 ] end=5144576 piso=13799936
COUNTS id=[ 256, 42758 ] end=36634624 piso=54634496
COUNTS id=[ 256, 42759 ] end=67141632 piso=152363520
COUNTS id=[ 256, 42760 ] end=36634624 piso=54528512
COUNTS id=[ 256, 42761 ] end=35618816 piso=49873408
COUNTS id=[ 256, 42762 ] end=35618816 piso=49572864
COUNTS id=[ 256, 42763 ] end=37650432 piso=62114816
COUNTS id=[ 256, 42764 ] end=37650432 piso=65038336
COUNTS id=[ 256, 42765 ] end=3112960 piso=10734592
COUNTS id=[ 256, 42766 ] end=3112960 piso=10778112
COUNTS id=[ 256, 42767 ] end=3112960 piso=11257344
COUNTS id=[ 256, 42768 ] end=35618816 piso=52433408
COUNTS id=[ 256, 42769 ] end=3112960 piso=10011136
COUNTS id=[ 256, 42770 ] end=5144576 piso=14024704
COUNTS id=[ 256, 42771 ] end=3112960 piso=10525696
COUNTS id=[ 256, 42772 ] end=4128768 piso=12347392
PROGRESS checked=700 hits=0 reversed=0 runtime_ms=6645311
COUNTS id=[ 256, 42773 ] end=4128768 piso=13383680
COUNTS id=[ 256, 42774 ] end=36634624 piso=58563072
COUNTS id=[ 256, 42775 ] end=2097152 piso=9636352
COUNTS id=[ 256, 42776 ] end=4128768 piso=11216384
COUNTS id=[ 256, 42777 ] end=2097152 piso=10302976
COUNTS id=[ 256, 42778 ] end=36634624 piso=57882624
COUNTS id=[ 256, 42779 ] end=4128768 piso=11288576
COUNTS id=[ 256, 42780 ] end=36634624 piso=53772288
COUNTS id=[ 256, 42781 ] end=38699008 piso=72487424
COUNTS id=[ 256, 42782 ] end=36634624 piso=56547840
COUNTS id=[ 256, 42783 ] end=37650432 piso=63988224
COUNTS id=[ 256, 42784 ] end=37650432 piso=60560384
COUNTS id=[ 256, 42785 ] end=7176192 piso=29670400
COUNTS id=[ 256, 42786 ] end=5144576 piso=15013888
COUNTS id=[ 256, 42787 ] end=7176192 piso=25231872
COUNTS id=[ 256, 42788 ] end=1081344 piso=12237312
COUNTS id=[ 256, 42789 ] end=5144576 piso=17050112
COUNTS id=[ 256, 42790 ] end=5144576 piso=13875712
COUNTS id=[ 256, 42791 ] end=5144576 piso=14074880
COUNTS id=[ 256, 42792 ] end=5144576 piso=14194688
COUNTS id=[ 256, 42793 ] end=2097152 piso=10707968
COUNTS id=[ 256, 42794 ] end=8192000 piso=36656128
COUNTS id=[ 256, 42795 ] end=4128768 piso=13015552
COUNTS id=[ 256, 42796 ] end=6160384 piso=21017088
COUNTS id=[ 256, 42797 ] end=4128768 piso=11034112
COUNTS id=[ 256, 42798 ] end=4128768 piso=12996096
COUNTS id=[ 256, 42799 ] end=6160384 piso=18592768
COUNTS id=[ 256, 42800 ] end=6160384 piso=20521984
COUNTS id=[ 256, 42801 ] end=36634624 piso=57093120
COUNTS id=[ 256, 42802 ] end=6160384 piso=20175872
COUNTS id=[ 256, 42803 ] end=36634624 piso=55300608
COUNTS id=[ 256, 42804 ] end=4128768 piso=12035584
COUNTS id=[ 256, 42805 ] end=5144576 piso=16096256
COUNTS id=[ 256, 42806 ] end=5144576 piso=14266368
COUNTS id=[ 256, 42807 ] end=3112960 piso=10426880
COUNTS id=[ 256, 42808 ] end=1081344 piso=9855488
COUNTS id=[ 256, 42809 ] end=3112960 piso=12353024
COUNTS id=[ 256, 42810 ] end=5144576 piso=14119424
COUNTS id=[ 256, 42811 ] end=5144576 piso=14256128
COUNTS id=[ 256, 42812 ] end=5144576 piso=14198784
COUNTS id=[ 256, 42813 ] end=37650432 piso=64595968
COUNTS id=[ 256, 42814 ] end=5144576 piso=17074176
COUNTS id=[ 256, 42815 ] end=37650432 piso=62021120
COUNTS id=[ 256, 42816 ] end=3112960 piso=11132416
COUNTS id=[ 256, 42817 ] end=4128768 piso=13762560
COUNTS id=[ 256, 42818 ] end=6160384 piso=19417088
COUNTS id=[ 256, 42819 ] end=2097152 piso=10664448
COUNTS id=[ 256, 42820 ] end=2097152 piso=9408000
COUNTS id=[ 256, 42821 ] end=4128768 piso=12887552
COUNTS id=[ 256, 42822 ] end=4128768 piso=11789824
COUNTS id=[ 256, 42823 ] end=6160384 piso=17941504
COUNTS id=[ 256, 42824 ] end=4128768 piso=10311680
COUNTS id=[ 256, 42825 ] end=36634624 piso=55268352
COUNTS id=[ 256, 42826 ] end=69140480 piso=176954368
COUNTS id=[ 256, 42827 ] end=6160384 piso=22112768
COUNTS id=[ 256, 42828 ] end=36634624 piso=55270912
COUNTS id=[ 256, 42829 ] end=35618816 piso=52839424
COUNTS id=[ 256, 42830 ] end=37650432 piso=60657664
COUNTS id=[ 256, 42831 ] end=3112960 piso=10969600
COUNTS id=[ 256, 42832 ] end=3112960 piso=11362816
COUNTS id=[ 256, 42833 ] end=68124672 piso=162606592
COUNTS id=[ 256, 42834 ] end=3112960 piso=11053568
COUNTS id=[ 256, 42835 ] end=5144576 piso=15056896
COUNTS id=[ 256, 42836 ] end=7176192 piso=24932352
COUNTS id=[ 256, 42837 ] end=100630528 piso=355889152
COUNTS id=[ 256, 42838 ] end=5144576 piso=16996352
COUNTS id=[ 256, 42839 ] end=37650432 piso=62520832
COUNTS id=[ 256, 42840 ] end=5144576 piso=18089472
COUNTS id=[ 256, 42841 ] end=4128768 piso=12974080
COUNTS id=[ 256, 42842 ] end=69140480 piso=174430208
COUNTS id=[ 256, 42843 ] end=4128768 piso=12843520
COUNTS id=[ 256, 42844 ] end=2097152 piso=11148800
COUNTS id=[ 256, 42845 ] end=36634624 piso=53953024
COUNTS id=[ 256, 42846 ] end=34603008 piso=49238528
COUNTS id=[ 256, 42847 ] end=6160384 piso=18359296
COUNTS id=[ 256, 42848 ] end=6160384 piso=18147328
COUNTS id=[ 256, 42849 ] end=35618816 piso=50209280
COUNTS id=[ 256, 42850 ] end=5144576 piso=17080832
COUNTS id=[ 256, 42851 ] end=68124672 piso=164325376
COUNTS id=[ 256, 42852 ] end=5144576 piso=16358400
COUNTS id=[ 256, 42853 ] end=34603008 piso=48897024
COUNTS id=[ 256, 42854 ] end=4128768 piso=11725824
COUNTS id=[ 256, 42855 ] end=4128768 piso=12183040
COUNTS id=[ 256, 42856 ] end=2097152 piso=10258944
COUNTS id=[ 256, 42857 ] end=36634624 piso=57571840
COUNTS id=[ 256, 42858 ] end=4128768 piso=11867648
COUNTS id=[ 256, 42859 ] end=2097152 piso=10149888
COUNTS id=[ 256, 42860 ] end=6160384 piso=18325504
COUNTS id=[ 256, 42861 ] end=69140480 piso=176882688
COUNTS id=[ 256, 42862 ] end=4128768 piso=13401088
COUNTS id=[ 256, 42863 ] end=36634624 piso=55853568
COUNTS id=[ 256, 42864 ] end=4128768 piso=15066624
COUNTS id=[ 256, 42865 ] end=1081344 piso=10821120
COUNTS id=[ 256, 42866 ] end=5144576 piso=14988800
COUNTS id=[ 256, 42867 ] end=35618816 piso=52845568
COUNTS id=[ 256, 42868 ] end=3112960 piso=10722304
COUNTS id=[ 256, 42869 ] end=5144576 piso=14622720
COUNTS id=[ 256, 42870 ] end=3112960 piso=10561536
COUNTS id=[ 256, 42871 ] end=35618816 piso=52478464
COUNTS id=[ 256, 42872 ] end=5144576 piso=13990400
PROGRESS checked=800 hits=0 reversed=0 runtime_ms=7807259
COUNTS id=[ 256, 42873 ] end=3112960 piso=11178496
COUNTS id=[ 256, 42874 ] end=35618816 piso=51458560
COUNTS id=[ 256, 42875 ] end=5144576 piso=16951296
COUNTS id=[ 256, 42876 ] end=35618816 piso=52169728
COUNTS id=[ 256, 42877 ] end=2097152 piso=12068864
COUNTS id=[ 256, 42878 ] end=4128768 piso=12103680
COUNTS id=[ 256, 42879 ] end=2097152 piso=10626560
COUNTS id=[ 256, 42880 ] end=2097152 piso=10256896
COUNTS id=[ 256, 42881 ] end=4128768 piso=14946816
COUNTS id=[ 256, 42882 ] end=4128768 piso=11720192
COUNTS id=[ 256, 42883 ] end=4128768 piso=12396544
COUNTS id=[ 256, 42884 ] end=2097152 piso=10776576
COUNTS id=[ 256, 42885 ] end=36634624 piso=57756672
COUNTS id=[ 256, 42886 ] end=4128768 piso=14289920
COUNTS id=[ 256, 42887 ] end=36634624 piso=56378880
COUNTS id=[ 256, 42888 ] end=2097152 piso=11164160
COUNTS id=[ 256, 42889 ] end=1081344 piso=10449408
COUNTS id=[ 256, 42890 ] end=3112960 piso=12319232
COUNTS id=[ 256, 42891 ] end=3112960 piso=12158976
COUNTS id=[ 256, 42892 ] end=3112960 piso=12062720
COUNTS id=[ 256, 42893 ] end=3112960 piso=9434112
COUNTS id=[ 256, 42894 ] end=3112960 piso=10949632
COUNTS id=[ 256, 42895 ] end=5144576 piso=15062528
COUNTS id=[ 256, 42896 ] end=3112960 piso=12103168
COUNTS id=[ 256, 42897 ] end=68124672 piso=157922304
COUNTS id=[ 256, 42898 ] end=5144576 piso=16376832
COUNTS id=[ 256, 42899 ] end=37650432 piso=62138880
COUNTS id=[ 256, 42900 ] end=3112960 piso=11422208
COUNTS id=[ 256, 42901 ] end=2097152 piso=12026368
COUNTS id=[ 256, 42902 ] end=36634624 piso=53898752
COUNTS id=[ 256, 42903 ] end=4128768 piso=12154880
COUNTS id=[ 256, 42904 ] end=2097152 piso=10366976
COUNTS id=[ 256, 42905 ] end=36634624 piso=54924288
COUNTS id=[ 256, 42906 ] end=4128768 piso=11292672
COUNTS id=[ 256, 42907 ] end=4128768 piso=11218432
COUNTS id=[ 256, 42908 ] end=4128768 piso=10823168
COUNTS id=[ 256, 42909 ] end=36634624 piso=56915968
COUNTS id=[ 256, 42910 ] end=36634624 piso=55220224
COUNTS id=[ 256, 42911 ] end=36634624 piso=55406080
COUNTS id=[ 256, 42912 ] end=4128768 piso=12190208
COUNTS id=[ 256, 42913 ] end=3112960 piso=11621376
COUNTS id=[ 256, 42914 ] end=37650432 piso=60570624
COUNTS id=[ 256, 42915 ] end=5144576 piso=14558720
COUNTS id=[ 256, 42916 ] end=3112960 piso=9257472
COUNTS id=[ 256, 42917 ] end=35618816 piso=49703424
COUNTS id=[ 256, 42918 ] end=3112960 piso=10648064
COUNTS id=[ 256, 42919 ] end=3112960 piso=10676224
COUNTS id=[ 256, 42920 ] end=3112960 piso=9378816
COUNTS id=[ 256, 42921 ] end=3112960 piso=12380160
COUNTS id=[ 256, 42922 ] end=68124672 piso=165128192
COUNTS id=[ 256, 42923 ] end=3112960 piso=14111232
COUNTS id=[ 256, 42924 ] end=35618816 piso=50946560
COUNTS id=[ 256, 42925 ] end=34603008 piso=49640960
COUNTS id=[ 256, 42926 ] end=2097152 piso=10785280
COUNTS id=[ 256, 42927 ] end=2097152 piso=11901952
COUNTS id=[ 256, 42928 ] end=2097152 piso=11086848
COUNTS id=[ 256, 42929 ] end=34603008 piso=48763904
COUNTS id=[ 256, 42930 ] end=4128768 piso=11644928
COUNTS id=[ 256, 42931 ] end=2097152 piso=10117632
COUNTS id=[ 256, 42932 ] end=4128768 piso=12276224
COUNTS id=[ 256, 42933 ] end=67108864 piso=155930624
COUNTS id=[ 256, 42934 ] end=4128768 piso=13414400
COUNTS id=[ 256, 42935 ] end=34603008 piso=46868992
COUNTS id=[ 256, 42936 ] end=4128768 piso=14718464
COUNTS id=[ 256, 42937 ] end=3112960 piso=11066368
COUNTS id=[ 256, 42938 ] end=35618816 piso=53183488
COUNTS id=[ 256, 42939 ] end=3112960 piso=12110336
COUNTS id=[ 256, 42940 ] end=3112960 piso=11222528
COUNTS id=[ 256, 42941 ] end=3112960 piso=10723840
COUNTS id=[ 256, 42942 ] end=33587200 piso=46256640
COUNTS id=[ 256, 42943 ] end=3112960 piso=11035648
COUNTS id=[ 256, 42944 ] end=1081344 piso=11190272
COUNTS id=[ 256, 42945 ] end=36634624 piso=55251456
COUNTS id=[ 256, 42946 ] end=4128768 piso=15171072
COUNTS id=[ 256, 42947 ] end=69140480 piso=176800768
COUNTS id=[ 256, 42948 ] end=4128768 piso=13661184
COUNTS id=[ 256, 42949 ] end=35618816 piso=52759040
COUNTS id=[ 256, 42950 ] end=5144576 piso=14720512
COUNTS id=[ 256, 42951 ] end=1081344 piso=10838016
COUNTS id=[ 256, 42952 ] end=3112960 piso=11271168
COUNTS id=[ 256, 42953 ] end=35618816 piso=52344832
COUNTS id=[ 256, 42954 ] end=3112960 piso=10124288
COUNTS id=[ 256, 42955 ] end=5144576 piso=14299648
COUNTS id=[ 256, 42956 ] end=5144576 piso=14417408
COUNTS id=[ 256, 42957 ] end=68124672 piso=165006336
COUNTS id=[ 256, 42958 ] end=5144576 piso=16105472
COUNTS id=[ 256, 42959 ] end=35618816 piso=50422272
COUNTS id=[ 256, 42960 ] end=5144576 piso=16990720
COUNTS id=[ 256, 42961 ] end=4128768 piso=12251648
COUNTS id=[ 256, 42962 ] end=6160384 piso=18610688
COUNTS id=[ 256, 42963 ] end=34603008 piso=48824320
COUNTS id=[ 256, 42964 ] end=4128768 piso=11774976
COUNTS id=[ 256, 42965 ] end=2097152 piso=10174464
COUNTS id=[ 256, 42966 ] end=2097152 piso=10208256
COUNTS id=[ 256, 42967 ] end=36634624 piso=57565696
COUNTS id=[ 256, 42968 ] end=4128768 piso=11801088
COUNTS id=[ 256, 42969 ] end=4128768 piso=13660672
COUNTS id=[ 256, 42970 ] end=38666240 piso=72662528
COUNTS id=[ 256, 42971 ] end=6160384 piso=21306368
COUNTS id=[ 256, 42972 ] end=38862848 piso=75228160
PROGRESS checked=900 hits=0 reversed=0 runtime_ms=8984360
COUNTS id=[ 256, 42973 ] end=5341184 piso=17833472
COUNTS id=[ 256, 42974 ] end=7176192 piso=25391616
COUNTS id=[ 256, 42975 ] end=5144576 piso=14609408
COUNTS id=[ 256, 42976 ] end=1081344 piso=12523520
COUNTS id=[ 256, 42977 ] end=5144576 piso=16466944
COUNTS id=[ 256, 42978 ] end=5144576 piso=14034944
COUNTS id=[ 256, 42979 ] end=5144576 piso=14468608
COUNTS id=[ 256, 42980 ] end=7176192 piso=23534080
COUNTS id=[ 256, 42981 ] end=37650432 piso=64400384
COUNTS id=[ 256, 42982 ] end=7176192 piso=27478016
COUNTS id=[ 256, 42983 ] end=37650432 piso=62181888
COUNTS id=[ 256, 42984 ] end=5144576 piso=14936576
COUNTS id=[ 256, 42985 ] end=4128768 piso=11002368
COUNTS id=[ 256, 42986 ] end=8388608 piso=36393472
COUNTS id=[ 256, 42987 ] end=6160384 piso=19974144
COUNTS id=[ 256, 42988 ] end=4128768 piso=13128704
COUNTS id=[ 256, 42989 ] end=4128768 piso=11406336
COUNTS id=[ 256, 42990 ] end=2097152 piso=11261952
COUNTS id=[ 256, 42991 ] end=6160384 piso=19343872
COUNTS id=[ 256, 42992 ] end=6160384 piso=20124160
COUNTS id=[ 256, 42993 ] end=37847040 piso=64057344
COUNTS id=[ 256, 42994 ] end=5341184 piso=18837504
COUNTS id=[ 256, 42995 ] end=67108864 piso=158491648
COUNTS id=[ 256, 42996 ] end=36831232 piso=55390208
COUNTS id=[ 256, 42997 ] end=4325376 piso=13762560
COUNTS id=[ 256, 42998 ] end=2097152 piso=22589440
COUNTS id=[ 256, 42999 ] end=99614720 piso=339501056
COUNTS id=[ 256, 43000 ] end=4325376 piso=14213120
COUNTS id=[ 256, 43001 ] end=6356992 piso=20317184
COUNTS id=[ 256, 43002 ] end=4128768 piso=29980672
COUNTS id=[ 256, 43003 ] end=99614720 piso=339400704
COUNTS id=[ 256, 43004 ] end=4325376 piso=14845952
COUNTS id=[ 256, 43005 ] end=4325376 piso=15936512
COUNTS id=[ 256, 43006 ] end=2097152 piso=22626304
COUNTS id=[ 256, 43007 ] end=67108864 piso=157957120
COUNTS id=[ 256, 43008 ] end=36831232 piso=55392256
COUNTS id=[ 256, 43009 ] end=6356992 piso=20326400
COUNTS id=[ 256, 43010 ] end=4128768 piso=23123968
COUNTS id=[ 256, 43011 ] end=5341184 piso=19290112
COUNTS id=[ 256, 43012 ] end=5341184 piso=18750464
COUNTS id=[ 256, 43013 ] end=5144576 piso=15784960
COUNTS id=[ 256, 43014 ] end=5144576 piso=15757312
COUNTS id=[ 256, 43015 ] end=4128768 piso=13502464
COUNTS id=[ 256, 43016 ] end=6160384 piso=19944448
COUNTS id=[ 256, 43017 ] end=2097152 piso=9299968
COUNTS id=[ 256, 43018 ] end=2097152 piso=10240000
COUNTS id=[ 256, 43019 ] end=4128768 piso=13983744
COUNTS id=[ 256, 43020 ] end=6160384 piso=20213760
COUNTS id=[ 256, 43021 ] end=2097152 piso=10018816
COUNTS id=[ 256, 43022 ] end=6160384 piso=16823296
COUNTS id=[ 256, 43023 ] end=6160384 piso=21323776
COUNTS id=[ 256, 43024 ] end=4128768 piso=13475840
COUNTS id=[ 256, 43025 ] end=4128768 piso=11561984
COUNTS id=[ 256, 43026 ] end=65536 piso=12449792
COUNTS id=[ 256, 43027 ] end=6160384 piso=20173824
COUNTS id=[ 256, 43028 ] end=4128768 piso=13031424
COUNTS id=[ 256, 43029 ] end=4128768 piso=10518528
COUNTS id=[ 256, 43030 ] end=4128768 piso=11626496
COUNTS id=[ 256, 43031 ] end=7176192 piso=27535360
COUNTS id=[ 256, 43032 ] end=5144576 piso=16961536
COUNTS id=[ 256, 43033 ] end=4128768 piso=13405696
COUNTS id=[ 256, 43034 ] end=4128768 piso=13338112
COUNTS id=[ 256, 43035 ] end=3112960 piso=11980800
COUNTS id=[ 256, 43036 ] end=3112960 piso=10423296
COUNTS id=[ 256, 43037 ] end=3112960 piso=13222912
COUNTS id=[ 256, 43038 ] end=1081344 piso=10187776
COUNTS id=[ 256, 43039 ] end=5144576 piso=16605184
COUNTS id=[ 256, 43040 ] end=1081344 piso=10106880
COUNTS id=[ 256, 43041 ] end=5144576 piso=17445888
COUNTS id=[ 256, 43042 ] end=3112960 piso=10708992
COUNTS id=[ 256, 43043 ] end=3112960 piso=14029824
COUNTS id=[ 256, 43044 ] end=1081344 piso=10061824
COUNTS id=[ 256, 43045 ] end=5144576 piso=16164864
COUNTS id=[ 256, 43046 ] end=1081344 piso=11999232
COUNTS id=[ 256, 43047 ] end=5144576 piso=16784384
COUNTS id=[ 256, 43048 ] end=3112960 piso=9681920
COUNTS id=[ 256, 43049 ] end=3112960 piso=11427840
COUNTS id=[ 256, 43050 ] end=3112960 piso=10355712
COUNTS id=[ 256, 43051 ] end=6160384 piso=20647424
COUNTS id=[ 256, 43052 ] end=4128768 piso=14328320
COUNTS id=[ 256, 43053 ] end=4128768 piso=11750912
COUNTS id=[ 256, 43054 ] end=6160384 piso=17995264
COUNTS id=[ 256, 43055 ] end=3112960 piso=11134976
COUNTS id=[ 256, 43056 ] end=5144576 piso=12753920
COUNTS id=[ 256, 43057 ] end=3112960 piso=9319424
COUNTS id=[ 256, 43058 ] end=3112960 piso=11553792
COUNTS id=[ 256, 43059 ] end=3112960 piso=11145216
COUNTS id=[ 256, 43060 ] end=5144576 piso=12748800
COUNTS id=[ 256, 43061 ] end=3112960 piso=9337856
COUNTS id=[ 256, 43062 ] end=7176192 piso=25073664
COUNTS id=[ 256, 43063 ] end=5144576 piso=14912512
COUNTS id=[ 256, 43064 ] end=1081344 piso=10149888
COUNTS id=[ 256, 43065 ] end=5144576 piso=14093312
COUNTS id=[ 256, 43066 ] end=3112960 piso=11207680
COUNTS id=[ 256, 43067 ] end=5144576 piso=14389248
COUNTS id=[ 256, 43068 ] end=5144576 piso=12902400
COUNTS id=[ 256, 43069 ] end=5144576 piso=13619200
COUNTS id=[ 256, 43070 ] end=3112960 piso=10523648
COUNTS id=[ 256, 43071 ] end=4128768 piso=11828736
COUNTS id=[ 256, 43072 ] end=4128768 piso=11844096
PROGRESS checked=1000 hits=0 reversed=0 runtime_ms=10095456
COUNTS id=[ 256, 43073 ] end=4325376 piso=16627712
COUNTS id=[ 256, 43074 ] end=6553600 piso=25445376
COUNTS id=[ 256, 43075 ] end=68321280 piso=168322560
COUNTS id=[ 256, 43076 ] end=5341184 piso=16849408
COUNTS id=[ 256, 43077 ] end=5341184 piso=16882176
COUNTS id=[ 256, 43078 ] end=1081344 piso=26491392
COUNTS id=[ 256, 43079 ] end=68124672 piso=167540224
COUNTS id=[ 256, 43080 ] end=5341184 piso=16381440
COUNTS id=[ 256, 43081 ] end=5341184 piso=16796160
COUNTS id=[ 256, 43082 ] end=5144576 piso=27778560
COUNTS id=[ 256, 43083 ] end=68124672 piso=167996928
COUNTS id=[ 256, 43084 ] end=5341184 piso=17177088
COUNTS id=[ 256, 43085 ] end=7569408 piso=29086208
COUNTS id=[ 256, 43086 ] end=3112960 piso=24367616
COUNTS id=[ 256, 43087 ] end=68124672 piso=167570944
COUNTS id=[ 256, 43088 ] end=5341184 piso=16856576
COUNTS id=[ 256, 43089 ] end=3309568 piso=12968448
COUNTS id=[ 256, 43090 ] end=3112960 piso=24315392
COUNTS id=[ 256, 43091 ] end=6356992 piso=23273472
COUNTS id=[ 256, 43092 ] end=6356992 piso=23760896
COUNTS id=[ 256, 43093 ] end=36634624 piso=54960128
COUNTS id=[ 256, 43094 ] end=6160384 piso=19878912
COUNTS id=[ 256, 43095 ] end=3112960 piso=12274176
COUNTS id=[ 256, 43096 ] end=37650432 piso=61482496
COUNTS id=[ 256, 43097 ] end=1081344 piso=9805312
COUNTS id=[ 256, 43098 ] end=3112960 piso=10272256
COUNTS id=[ 256, 43099 ] end=35618816 piso=49981952
COUNTS id=[ 256, 43100 ] end=5144576 piso=15700480
COUNTS id=[ 256, 43101 ] end=3112960 piso=9266688
COUNTS id=[ 256, 43102 ] end=5144576 piso=13253120
COUNTS id=[ 256, 43103 ] end=37650432 piso=61776384
COUNTS id=[ 256, 43104 ] end=3112960 piso=11347456
COUNTS id=[ 256, 43105 ] end=5144576 piso=12741120
COUNTS id=[ 256, 43106 ] end=3112960 piso=10377728
COUNTS id=[ 256, 43107 ] end=5144576 piso=16545280
COUNTS id=[ 256, 43108 ] end=35618816 piso=49749504
COUNTS id=[ 256, 43109 ] end=3112960 piso=9272832
COUNTS id=[ 256, 43110 ] end=1081344 piso=10418688
COUNTS id=[ 256, 43111 ] end=4128768 piso=13191168
COUNTS id=[ 256, 43112 ] end=6160384 piso=20094976
COUNTS id=[ 256, 43113 ] end=5144576 piso=16353792
COUNTS id=[ 256, 43114 ] end=5144576 piso=16425472
COUNTS id=[ 256, 43115 ] end=4128768 piso=14091776
COUNTS id=[ 256, 43116 ] end=2097152 piso=10582528
COUNTS id=[ 256, 43117 ] end=4128768 piso=15349248
COUNTS id=[ 256, 43118 ] end=65536 piso=13092352
COUNTS id=[ 256, 43119 ] end=4128768 piso=13211136
COUNTS id=[ 256, 43120 ] end=2097152 piso=9315840
COUNTS id=[ 256, 43121 ] end=4128768 piso=14128640
COUNTS id=[ 256, 43122 ] end=4128768 piso=11254272
COUNTS id=[ 256, 43123 ] end=6160384 piso=21988864
COUNTS id=[ 256, 43124 ] end=2097152 piso=9346560
COUNTS id=[ 256, 43125 ] end=4128768 piso=13391360
COUNTS id=[ 256, 43126 ] end=2097152 piso=10752512
COUNTS id=[ 256, 43127 ] end=2097152 piso=12768768
COUNTS id=[ 256, 43128 ] end=2097152 piso=9361920
COUNTS id=[ 256, 43129 ] end=4128768 piso=13284864
COUNTS id=[ 256, 43130 ] end=2097152 piso=10487296
COUNTS id=[ 256, 43131 ] end=3112960 piso=12008960
COUNTS id=[ 256, 43132 ] end=5144576 piso=16132608
COUNTS id=[ 256, 43133 ] end=5144576 piso=14541312
COUNTS id=[ 256, 43134 ] end=3112960 piso=11057664
COUNTS id=[ 256, 43135 ] end=2097152 piso=11213312
COUNTS id=[ 256, 43136 ] end=6160384 piso=16666112
COUNTS id=[ 256, 43137 ] end=2097152 piso=9050624
COUNTS id=[ 256, 43138 ] end=4128768 piso=13031936
COUNTS id=[ 256, 43139 ] end=4128768 piso=12196352
COUNTS id=[ 256, 43140 ] end=4128768 piso=10252800
COUNTS id=[ 256, 43141 ] end=4128768 piso=10336768
COUNTS id=[ 256, 43142 ] end=6160384 piso=18425344
COUNTS id=[ 256, 43143 ] end=6160384 piso=18421248
COUNTS id=[ 256, 43144 ] end=4128768 piso=11900416
COUNTS id=[ 256, 43145 ] end=6160384 piso=16822784
COUNTS id=[ 256, 43146 ] end=2097152 piso=10225152
COUNTS id=[ 256, 43147 ] end=4128768 piso=12052992
COUNTS id=[ 256, 43148 ] end=2097152 piso=9176576
COUNTS id=[ 256, 43149 ] end=4128768 piso=11159040
COUNTS id=[ 256, 43150 ] end=4128768 piso=12086784
COUNTS id=[ 256, 43151 ] end=5144576 piso=13868544
COUNTS id=[ 256, 43152 ] end=5144576 piso=13783552
COUNTS id=[ 256, 43153 ] end=70975488 piso=167320064
COUNTS id=[ 256, 43154 ] end=7176192 piso=32825856
COUNTS id=[ 256, 43155 ] end=7176192 piso=29741568
COUNTS id=[ 256, 43156 ] end=2195456 piso=15241728
COUNTS id=[ 256, 43157 ] end=2195456 piso=16482816
COUNTS id=[ 256, 43158 ] end=37453824 piso=60568064
COUNTS id=[ 256, 43159 ] end=37453824 piso=59707904
COUNTS id=[ 256, 43160 ] end=37453824 piso=56275456
COUNTS id=[ 256, 43161 ] end=37453824 piso=56840704
COUNTS id=[ 256, 43162 ] end=7143424 piso=25458176
COUNTS id=[ 256, 43163 ] end=7143424 piso=31754752
COUNTS id=[ 256, 43164 ] end=4521984 piso=17600000
COUNTS id=[ 256, 43165 ] end=4521984 piso=13885952
COUNTS id=[ 256, 43166 ] end=5799936 piso=19487232
COUNTS id=[ 256, 43167 ] end=38830080 piso=65826304
COUNTS id=[ 256, 43168 ] end=36077568 piso=54512128
COUNTS id=[ 256, 43169 ] end=3309568 piso=14368256
COUNTS id=[ 256, 43170 ] end=3145728 piso=11524608
COUNTS id=[ 256, 43171 ] end=1114112 piso=11745792
COUNTS id=[ 256, 43172 ] end=1114112 piso=11250176
PROGRESS checked=1100 hits=0 reversed=0 runtime_ms=11177482
COUNTS id=[ 256, 43173 ] end=3145728 piso=10734080
COUNTS id=[ 256, 43174 ] end=33619968 piso=43375104
CLOSEST id=[ 256, 43174 ] end=33619968 piso=43375104 ratio=9413/7296
COUNTS id=[ 256, 43175 ] end=35651584 piso=49375744
COUNTS id=[ 256, 43176 ] end=35651584 piso=49551872
COUNTS id=[ 256, 43177 ] end=33619968 piso=43125248
CLOSEST id=[ 256, 43177 ] end=33619968 piso=43125248 ratio=84229/65664
COUNTS id=[ 256, 43178 ] end=3112960 piso=10802688
COUNTS id=[ 256, 43179 ] end=3112960 piso=10477056
COUNTS id=[ 256, 43180 ] end=3112960 piso=10454528
COUNTS id=[ 256, 43181 ] end=3112960 piso=11017728
COUNTS id=[ 256, 43182 ] end=2097152 piso=9835520
COUNTS id=[ 256, 43183 ] end=4128768 piso=11553792
COUNTS id=[ 256, 43184 ] end=4128768 piso=11741184
COUNTS id=[ 256, 43185 ] end=2097152 piso=9457664
COUNTS id=[ 256, 43186 ] end=4325376 piso=14207488
COUNTS id=[ 256, 43187 ] end=2097152 piso=10512384
COUNTS id=[ 256, 43188 ] end=3342336 piso=14039552
COUNTS id=[ 256, 43189 ] end=1081344 piso=11828224
COUNTS id=[ 256, 43190 ] end=3112960 piso=10318336
COUNTS id=[ 256, 43191 ] end=3112960 piso=12353024
COUNTS id=[ 256, 43192 ] end=1081344 piso=10415104
COUNTS id=[ 256, 43193 ] end=1081344 piso=9207808
COUNTS id=[ 256, 43194 ] end=1081344 piso=9786368
COUNTS id=[ 256, 43195 ] end=3112960 piso=12616704
COUNTS id=[ 256, 43196 ] end=3112960 piso=10669568
COUNTS id=[ 256, 43197 ] end=1081344 piso=9469440
COUNTS id=[ 256, 43198 ] end=2097152 piso=10210816
COUNTS id=[ 256, 43199 ] end=4128768 piso=13222400
COUNTS id=[ 256, 43200 ] end=2097152 piso=9681920
COUNTS id=[ 256, 43201 ] end=65536 piso=11278336
COUNTS id=[ 256, 43202 ] end=2097152 piso=10246144
COUNTS id=[ 256, 43203 ] end=2097152 piso=11071488
COUNTS id=[ 256, 43204 ] end=2097152 piso=9831936
COUNTS id=[ 256, 43205 ] end=2097152 piso=10149376
COUNTS id=[ 256, 43206 ] end=4325376 piso=14686720
COUNTS id=[ 256, 43207 ] end=5373952 piso=17500672
COUNTS id=[ 256, 43208 ] end=3112960 piso=10583040
COUNTS id=[ 256, 43209 ] end=5144576 piso=13775360
COUNTS id=[ 256, 43210 ] end=3112960 piso=10313216
COUNTS id=[ 256, 43211 ] end=3112960 piso=9290752
COUNTS id=[ 256, 43212 ] end=1081344 piso=9639936
COUNTS id=[ 256, 43213 ] end=3112960 piso=10459136
COUNTS id=[ 256, 43214 ] end=3112960 piso=10125312
COUNTS id=[ 256, 43215 ] end=1081344 piso=9295360
COUNTS id=[ 256, 43216 ] end=5144576 piso=12858880
COUNTS id=[ 256, 43217 ] end=4128768 piso=12069376
COUNTS id=[ 256, 43218 ] end=4128768 piso=11288064
COUNTS id=[ 256, 43219 ] end=4128768 piso=10281984
COUNTS id=[ 256, 43220 ] end=65536 piso=11640832
COUNTS id=[ 256, 43221 ] end=2097152 piso=9848832
COUNTS id=[ 256, 43222 ] end=4128768 piso=11851776
COUNTS id=[ 256, 43223 ] end=2097152 piso=8653312
COUNTS id=[ 256, 43224 ] end=4128768 piso=11180544
COUNTS id=[ 256, 43225 ] end=3342336 piso=13965824
COUNTS id=[ 256, 43226 ] end=2097152 piso=10285056
COUNTS id=[ 256, 43227 ] end=2097152 piso=10747392
COUNTS id=[ 256, 43228 ] end=2097152 piso=9750016
COUNTS id=[ 256, 43229 ] end=2097152 piso=9456640
COUNTS id=[ 256, 43230 ] end=2097152 piso=9409536
COUNTS id=[ 256, 43231 ] end=4128768 piso=11779072
COUNTS id=[ 256, 43232 ] end=2097152 piso=10287104
COUNTS id=[ 256, 43233 ] end=65536 piso=11422208
COUNTS id=[ 256, 43234 ] end=2097152 piso=9408000
COUNTS id=[ 256, 43235 ] end=1081344 piso=10148864
COUNTS id=[ 256, 43236 ] end=3112960 piso=9321472
COUNTS id=[ 256, 43237 ] end=3112960 piso=10825216
COUNTS id=[ 256, 43238 ] end=1081344 piso=10274304
COUNTS id=[ 256, 43239 ] end=1081344 piso=9763328
COUNTS id=[ 256, 43240 ] end=1081344 piso=9317888
COUNTS id=[ 256, 43241 ] end=3112960 piso=10077184
COUNTS id=[ 256, 43242 ] end=3112960 piso=11302912
COUNTS id=[ 256, 43243 ] end=35848192 piso=50940416
COUNTS id=[ 256, 43244 ] end=34603008 piso=45713920
COUNTS id=[ 256, 43245 ] end=2097152 piso=10959360
COUNTS id=[ 256, 43246 ] end=4128768 piso=11660288
COUNTS id=[ 256, 43247 ] end=2097152 piso=8780800
COUNTS id=[ 256, 43248 ] end=2097152 piso=9559040
COUNTS id=[ 256, 43249 ] end=36634624 piso=54857728
COUNTS id=[ 256, 43250 ] end=2097152 piso=9985536
COUNTS id=[ 256, 43251 ] end=2097152 piso=8591872
COUNTS id=[ 256, 43252 ] end=3112960 piso=9423872
COUNTS id=[ 256, 43253 ] end=3112960 piso=10232832
COUNTS id=[ 256, 43254 ] end=35618816 piso=49684992
COUNTS id=[ 256, 43255 ] end=1081344 piso=9861632
COUNTS id=[ 256, 43256 ] end=1081344 piso=9373184
COUNTS id=[ 256, 43257 ] end=3112960 piso=10021376
COUNTS id=[ 256, 43258 ] end=3112960 piso=11376640
COUNTS id=[ 256, 43259 ] end=35618816 piso=49191936
COUNTS id=[ 256, 43260 ] end=35618816 piso=50016768
COUNTS id=[ 256, 43261 ] end=35618816 piso=49224704
COUNTS id=[ 256, 43262 ] end=36667392 piso=68788736
COUNTS id=[ 256, 43263 ] end=36634624 piso=53760000
COUNTS id=[ 256, 43264 ] end=4128768 piso=12026880
COUNTS id=[ 256, 43265 ] end=4128768 piso=27543552
COUNTS id=[ 256, 43266 ] end=6356992 piso=19894784
COUNTS id=[ 256, 43267 ] end=2097152 piso=9362944
COUNTS id=[ 256, 43268 ] end=4128768 piso=11569664
COUNTS id=[ 256, 43269 ] end=6160384 piso=20710912
COUNTS id=[ 256, 43270 ] end=2097152 piso=10504192
COUNTS id=[ 256, 43271 ] end=4128768 piso=10478592
COUNTS id=[ 256, 43272 ] end=5144576 piso=27522560
PROGRESS checked=1200 hits=0 reversed=0 runtime_ms=12182740
COUNTS id=[ 256, 43273 ] end=5341184 piso=17015296
COUNTS id=[ 256, 43274 ] end=5144576 piso=14967808
COUNTS id=[ 256, 43275 ] end=1081344 piso=11045888
COUNTS id=[ 256, 43276 ] end=3112960 piso=10462208
COUNTS id=[ 256, 43277 ] end=5144576 piso=16067584
COUNTS id=[ 256, 43278 ] end=3112960 piso=10439168
COUNTS id=[ 256, 43279 ] end=5144576 piso=13049344
COUNTS id=[ 256, 43280 ] end=35618816 piso=49711616
COUNTS id=[ 256, 43281 ] end=34635776 piso=46678528
COUNTS id=[ 256, 43282 ] end=34603008 piso=45596672
COUNTS id=[ 256, 43283 ] end=4128768 piso=12687360
COUNTS id=[ 256, 43284 ] end=2097152 piso=10105856
COUNTS id=[ 256, 43285 ] end=2097152 piso=9130496
COUNTS id=[ 256, 43286 ] end=4128768 piso=11111936
COUNTS id=[ 256, 43287 ] end=4128768 piso=11658752
COUNTS id=[ 256, 43288 ] end=4128768 piso=11352576
COUNTS id=[ 256, 43289 ] end=2097152 piso=8587264
COUNTS id=[ 256, 43290 ] end=2097152 piso=8680448
COUNTS id=[ 256, 43291 ] end=3112960 piso=11136512
COUNTS id=[ 256, 43292 ] end=5144576 piso=14428672
COUNTS id=[ 256, 43293 ] end=3112960 piso=9379840
COUNTS id=[ 256, 43294 ] end=1081344 piso=10170368
COUNTS id=[ 256, 43295 ] end=3112960 piso=10200064
COUNTS id=[ 256, 43296 ] end=3112960 piso=9737216
COUNTS id=[ 256, 43297 ] end=3112960 piso=9159168
COUNTS id=[ 256, 43298 ] end=3112960 piso=9784832
COUNTS id=[ 256, 43299 ] end=67141632 piso=149066240
COUNTS id=[ 256, 43300 ] end=35618816 piso=48841728
COUNTS id=[ 256, 43301 ] end=37650432 piso=60506112
COUNTS id=[ 256, 43302 ] end=3112960 piso=11375616
COUNTS id=[ 256, 43303 ] end=3112960 piso=10364416
COUNTS id=[ 256, 43304 ] end=3112960 piso=11599360
COUNTS id=[ 256, 43305 ] end=3112960 piso=10067456
COUNTS id=[ 256, 43306 ] end=35618816 piso=48866816
COUNTS id=[ 256, 43307 ] end=3112960 piso=9569280
COUNTS id=[ 256, 43308 ] end=5144576 piso=13254656
COUNTS id=[ 256, 43309 ] end=4128768 piso=12592128
COUNTS id=[ 256, 43310 ] end=4128768 piso=11480064
COUNTS id=[ 256, 43311 ] end=36634624 piso=54265344
COUNTS id=[ 256, 43312 ] end=2097152 piso=10563072
COUNTS id=[ 256, 43313 ] end=2097152 piso=9278976
COUNTS id=[ 256, 43314 ] end=4128768 piso=10393088
COUNTS id=[ 256, 43315 ] end=4128768 piso=11374592
COUNTS id=[ 256, 43316 ] end=36634624 piso=53704704
COUNTS id=[ 256, 43317 ] end=34635776 piso=46604800
COUNTS id=[ 256, 43318 ] end=3112960 piso=10945536
COUNTS id=[ 256, 43319 ] end=5144576 piso=16095232
COUNTS id=[ 256, 43320 ] end=3112960 piso=10977792
COUNTS id=[ 256, 43321 ] end=1081344 piso=9452032
COUNTS id=[ 256, 43322 ] end=3112960 piso=9991680
COUNTS id=[ 256, 43323 ] end=3112960 piso=12094976
COUNTS id=[ 256, 43324 ] end=3112960 piso=10127360
COUNTS id=[ 256, 43325 ] end=3112960 piso=8932352
COUNTS id=[ 256, 43326 ] end=2097152 piso=9412608
COUNTS id=[ 256, 43327 ] end=4128768 piso=12003328
COUNTS id=[ 256, 43328 ] end=4128768 piso=13600256
COUNTS id=[ 256, 43329 ] end=2097152 piso=9754112
COUNTS id=[ 256, 43330 ] end=2097152 piso=9242112
COUNTS id=[ 256, 43331 ] end=2097152 piso=9342464
COUNTS id=[ 256, 43332 ] end=4128768 piso=12919808
COUNTS id=[ 256, 43333 ] end=4128768 piso=11807744
COUNTS id=[ 256, 43334 ] end=6160384 piso=21325824
COUNTS id=[ 256, 43335 ] end=4128768 piso=11786752
COUNTS id=[ 256, 43336 ] end=5144576 piso=14563328
COUNTS id=[ 256, 43337 ] end=5144576 piso=15342592
COUNTS id=[ 256, 43338 ] end=1081344 piso=10866176
COUNTS id=[ 256, 43339 ] end=3112960 piso=9754112
COUNTS id=[ 256, 43340 ] end=3112960 piso=10495488
COUNTS id=[ 256, 43341 ] end=5144576 piso=31216128
COUNTS id=[ 256, 43342 ] end=7176192 piso=23504896
COUNTS id=[ 256, 43343 ] end=3112960 piso=10283008
COUNTS id=[ 256, 43344 ] end=5144576 piso=27529216
COUNTS id=[ 256, 43345 ] end=5144576 piso=14563840
COUNTS id=[ 256, 43346 ] end=4128768 piso=26068992
COUNTS id=[ 256, 43347 ] end=6160384 piso=18300928
COUNTS id=[ 256, 43348 ] end=4128768 piso=11910656
COUNTS id=[ 256, 43349 ] end=65536 piso=13056512
COUNTS id=[ 256, 43350 ] end=4128768 piso=12429824
COUNTS id=[ 256, 43351 ] end=4128768 piso=12163584
COUNTS id=[ 256, 43352 ] end=4128768 piso=11338752
COUNTS id=[ 256, 43353 ] end=6160384 piso=17889280
COUNTS id=[ 256, 43354 ] end=4128768 piso=13236224
COUNTS id=[ 256, 43355 ] end=4128768 piso=11399680
COUNTS id=[ 256, 43356 ] end=5144576 piso=15890432
COUNTS id=[ 256, 43357 ] end=3112960 piso=10112000
COUNTS id=[ 256, 43358 ] end=1081344 piso=9270784
COUNTS id=[ 256, 43359 ] end=1081344 piso=10030592
COUNTS id=[ 256, 43360 ] end=3112960 piso=12469760
COUNTS id=[ 256, 43361 ] end=3112960 piso=10416640
COUNTS id=[ 256, 43362 ] end=3112960 piso=9437184
COUNTS id=[ 256, 43363 ] end=5144576 piso=14110720
COUNTS id=[ 256, 43364 ] end=5144576 piso=16115712
COUNTS id=[ 256, 43365 ] end=3112960 piso=10072576
COUNTS id=[ 256, 43366 ] end=4128768 piso=12023808
COUNTS id=[ 256, 43367 ] end=4128768 piso=13436928
COUNTS id=[ 256, 43368 ] end=2097152 piso=10194432
COUNTS id=[ 256, 43369 ] end=65536 piso=11258368
COUNTS id=[ 256, 43370 ] end=2097152 piso=9313792
COUNTS id=[ 256, 43371 ] end=4128768 piso=12969472
COUNTS id=[ 256, 43372 ] end=4128768 piso=11420672
PROGRESS checked=1300 hits=0 reversed=0 runtime_ms=12802428
COUNTS id=[ 256, 43373 ] end=4128768 piso=10467328
COUNTS id=[ 256, 43374 ] end=3112960 piso=9920000
COUNTS id=[ 256, 43375 ] end=3112960 piso=11787264
COUNTS id=[ 256, 43376 ] end=2097152 piso=11447296
COUNTS id=[ 256, 43377 ] end=2097152 piso=9909248
COUNTS id=[ 256, 43378 ] end=65536 piso=11487744
COUNTS id=[ 256, 43379 ] end=2097152 piso=9635328
COUNTS id=[ 256, 43380 ] end=4128768 piso=13275648
COUNTS id=[ 256, 43381 ] end=2097152 piso=10110464
COUNTS id=[ 256, 43382 ] end=2097152 piso=9114624
COUNTS id=[ 256, 43383 ] end=2097152 piso=9880576
COUNTS id=[ 256, 43384 ] end=4128768 piso=13860864
COUNTS id=[ 256, 43385 ] end=2097152 piso=9737728
COUNTS id=[ 256, 43386 ] end=1081344 piso=9882112
COUNTS id=[ 256, 43387 ] end=1081344 piso=11190784
COUNTS id=[ 256, 43388 ] end=3112960 piso=12401664
COUNTS id=[ 256, 43389 ] end=1081344 piso=10365952
COUNTS id=[ 256, 43390 ] end=1081344 piso=9195520
COUNTS id=[ 256, 43391 ] end=3112960 piso=10014720
COUNTS id=[ 256, 43392 ] end=3112960 piso=11789824
COUNTS id=[ 256, 43393 ] end=3112960 piso=10796544
COUNTS id=[ 256, 43394 ] end=3112960 piso=9983488
COUNTS id=[ 256, 43395 ] end=35618816 piso=49667072
COUNTS id=[ 256, 43396 ] end=34603008 piso=45443072
COUNTS id=[ 256, 43397 ] end=2097152 piso=9703424
COUNTS id=[ 256, 43398 ] end=2097152 piso=9208320
COUNTS id=[ 256, 43399 ] end=2097152 piso=9041408
COUNTS id=[ 256, 43400 ] end=2097152 piso=9335296
COUNTS id=[ 256, 43401 ] end=36634624 piso=54234624
COUNTS id=[ 256, 43402 ] end=4128768 piso=10970112
COUNTS id=[ 256, 43403 ] end=2097152 piso=8694784
COUNTS id=[ 256, 43404 ] end=4128768 piso=13111296
COUNTS id=[ 256, 43405 ] end=4128768 piso=11941376
COUNTS id=[ 256, 43406 ] end=1081344 piso=10003968
COUNTS id=[ 256, 43407 ] end=3112960 piso=9850368
COUNTS id=[ 256, 43408 ] end=35618816 piso=49199104
COUNTS id=[ 256, 43409 ] end=1081344 piso=10692608
COUNTS id=[ 256, 43410 ] end=3112960 piso=9483264
COUNTS id=[ 256, 43411 ] end=3112960 piso=9010176
COUNTS id=[ 256, 43412 ] end=3112960 piso=9968128
COUNTS id=[ 256, 43413 ] end=35618816 piso=49488384
COUNTS id=[ 256, 43414 ] end=3112960 piso=12048384
COUNTS id=[ 256, 43415 ] end=3112960 piso=11096576
COUNTS id=[ 256, 43416 ] end=2097152 piso=9714176
COUNTS id=[ 256, 43417 ] end=2097152 piso=11146752
COUNTS id=[ 256, 43418 ] end=2097152 piso=10314752
COUNTS id=[ 256, 43419 ] end=65536 piso=12022784
COUNTS id=[ 256, 43420 ] end=2097152 piso=9334784
COUNTS id=[ 256, 43421 ] end=4128768 piso=12282880
COUNTS id=[ 256, 43422 ] end=2097152 piso=10089984
COUNTS id=[ 256, 43423 ] end=2097152 piso=8904192
COUNTS id=[ 256, 43424 ] end=4128768 piso=13944832
COUNTS id=[ 256, 43425 ] end=2097152 piso=9673216
COUNTS id=[ 256, 43426 ] end=3112960 piso=11641856
COUNTS id=[ 256, 43427 ] end=3112960 piso=10202112
COUNTS id=[ 256, 43428 ] end=3112960 piso=10061312
COUNTS id=[ 256, 43429 ] end=1081344 piso=9861632
COUNTS id=[ 256, 43430 ] end=1081344 piso=10675712
COUNTS id=[ 256, 43431 ] end=3112960 piso=10008064
COUNTS id=[ 256, 43432 ] end=1081344 piso=9792512
COUNTS id=[ 256, 43433 ] end=1081344 piso=11350016
COUNTS id=[ 256, 43434 ] end=5144576 piso=16124928
COUNTS id=[ 256, 43435 ] end=3112960 piso=10803712
COUNTS id=[ 256, 43436 ] end=4128768 piso=13678080
COUNTS id=[ 256, 43437 ] end=2097152 piso=10031616
COUNTS id=[ 256, 43438 ] end=65536 piso=11694080
COUNTS id=[ 256, 43439 ] end=4128768 piso=11683840
COUNTS id=[ 256, 43440 ] end=4128768 piso=13084672
COUNTS id=[ 256, 43441 ] end=4128768 piso=11815936
COUNTS id=[ 256, 43442 ] end=4128768 piso=10289664
COUNTS id=[ 256, 43443 ] end=2097152 piso=9458176
COUNTS id=[ 256, 43444 ] end=4128768 piso=13248512
COUNTS id=[ 256, 43445 ] end=4128768 piso=11244032
COUNTS id=[ 256, 43446 ] end=3112960 piso=10578944
COUNTS id=[ 256, 43447 ] end=5144576 piso=15838208
COUNTS id=[ 256, 43448 ] end=5144576 piso=13842944
COUNTS id=[ 256, 43449 ] end=1081344 piso=10368512
COUNTS id=[ 256, 43450 ] end=3112960 piso=9981440
COUNTS id=[ 256, 43451 ] end=3112960 piso=11728384
COUNTS id=[ 256, 43452 ] end=1081344 piso=9945088
COUNTS id=[ 256, 43453 ] end=3112960 piso=9417728
COUNTS id=[ 256, 43454 ] end=4128768 piso=11784704
COUNTS id=[ 256, 43455 ] end=36634624 piso=54705152
COUNTS id=[ 256, 43456 ] end=37847040 piso=61940224
COUNTS id=[ 256, 43457 ] end=3112960 piso=10913280
COUNTS id=[ 256, 43458 ] end=1081344 piso=11058176
COUNTS id=[ 256, 43459 ] end=3112960 piso=11376640
COUNTS id=[ 256, 43460 ] end=3112960 piso=11756544
COUNTS id=[ 256, 43461 ] end=35618816 piso=49274880
COUNTS id=[ 256, 43462 ] end=5144576 piso=12925440
COUNTS id=[ 256, 43463 ] end=5144576 piso=14317056
COUNTS id=[ 256, 43464 ] end=5144576 piso=15928320
COUNTS id=[ 256, 43465 ] end=5144576 piso=14100992
COUNTS id=[ 256, 43466 ] end=4128768 piso=12003840
COUNTS id=[ 256, 43467 ] end=6356992 piso=18506240
COUNTS id=[ 256, 43468 ] end=36634624 piso=56058880
COUNTS id=[ 256, 43469 ] end=2097152 piso=9635840
COUNTS id=[ 256, 43470 ] end=2097152 piso=9834496
COUNTS id=[ 256, 43471 ] end=2097152 piso=9874432
COUNTS id=[ 256, 43472 ] end=4128768 piso=13262336
PROGRESS checked=1400 hits=0 reversed=0 runtime_ms=13376632
COUNTS id=[ 256, 43473 ] end=36634624 piso=53941760
COUNTS id=[ 256, 43474 ] end=4128768 piso=11694592
COUNTS id=[ 256, 43475 ] end=4128768 piso=13734912
COUNTS id=[ 256, 43476 ] end=3112960 piso=10812928
COUNTS id=[ 256, 43477 ] end=5144576 piso=14772736
COUNTS id=[ 256, 43478 ] end=1081344 piso=10051584
COUNTS id=[ 256, 43479 ] end=1081344 piso=9747456
COUNTS id=[ 256, 43480 ] end=3112960 piso=9832448
COUNTS id=[ 256, 43481 ] end=3112960 piso=10675200
COUNTS id=[ 256, 43482 ] end=5144576 piso=12959232
COUNTS id=[ 256, 43483 ] end=3112960 piso=9298432
COUNTS id=[ 256, 43484 ] end=5144576 piso=16084992
COUNTS id=[ 256, 43485 ] end=3112960 piso=9906688
COUNTS id=[ 256, 43486 ] end=4128768 piso=10985984
COUNTS id=[ 256, 43487 ] end=4128768 piso=10379776
COUNTS id=[ 256, 43488 ] end=4128768 piso=11721728
COUNTS id=[ 256, 43489 ] end=2097152 piso=9801728
COUNTS id=[ 256, 43490 ] end=65536 piso=11480064
COUNTS id=[ 256, 43491 ] end=2097152 piso=8859648
COUNTS id=[ 256, 43492 ] end=4128768 piso=11257344
COUNTS id=[ 256, 43493 ] end=4128768 piso=12135936
COUNTS id=[ 256, 43494 ] end=4128768 piso=13343744
COUNTS id=[ 256, 43495 ] end=4128768 piso=13213696
COUNTS id=[ 256, 43496 ] end=65536 piso=11760640
COUNTS id=[ 256, 43497 ] end=2097152 piso=8750080
COUNTS id=[ 256, 43498 ] end=4128768 piso=13359104
COUNTS id=[ 256, 43499 ] end=4128768 piso=14491648
COUNTS id=[ 256, 43500 ] end=4128768 piso=11048960
COUNTS id=[ 256, 43501 ] end=2097152 piso=8883200
COUNTS id=[ 256, 43502 ] end=4128768 piso=14387200
COUNTS id=[ 256, 43503 ] end=4128768 piso=13580288
COUNTS id=[ 256, 43504 ] end=2097152 piso=9144320
COUNTS id=[ 256, 43505 ] end=65536 piso=11731968
COUNTS id=[ 256, 43506 ] end=4128768 piso=13095936
COUNTS id=[ 256, 43507 ] end=4128768 piso=13328384
COUNTS id=[ 256, 43508 ] end=2097152 piso=8862720
COUNTS id=[ 256, 43509 ] end=4128768 piso=10544128
COUNTS id=[ 256, 43510 ] end=36634624 piso=57217024
COUNTS id=[ 256, 43511 ] end=4128768 piso=13986816
COUNTS id=[ 256, 43512 ] end=2097152 piso=9161728
COUNTS id=[ 256, 43513 ] end=2097152 piso=10228736
COUNTS id=[ 256, 43514 ] end=4128768 piso=16330752
COUNTS id=[ 256, 43515 ] end=36634624 piso=66527232
COUNTS id=[ 256, 43516 ] end=4128768 piso=11002880
COUNTS id=[ 256, 43517 ] end=4128768 piso=12107776
COUNTS id=[ 256, 43518 ] end=36634624 piso=55158784
COUNTS id=[ 256, 43519 ] end=4128768 piso=27547648
COUNTS id=[ 256, 43520 ] end=2097152 piso=11102208
COUNTS id=[ 256, 43521 ] end=2097152 piso=9149440
COUNTS id=[ 256, 43522 ] end=4128768 piso=13227008
COUNTS id=[ 256, 43523 ] end=36634624 piso=57452544
COUNTS id=[ 256, 43524 ] end=4128768 piso=12110848
COUNTS id=[ 256, 43525 ] end=4128768 piso=10359808
COUNTS id=[ 256, 43526 ] end=3112960 piso=10429440
COUNTS id=[ 256, 43527 ] end=3112960 piso=9498624
COUNTS id=[ 256, 43528 ] end=1081344 piso=9737216
COUNTS id=[ 256, 43529 ] end=3112960 piso=10417152
COUNTS id=[ 256, 43530 ] end=3112960 piso=10482688
COUNTS id=[ 256, 43531 ] end=3112960 piso=9458688
COUNTS id=[ 256, 43532 ] end=5144576 piso=12940288
COUNTS id=[ 256, 43533 ] end=3112960 piso=10409984
COUNTS id=[ 256, 43534 ] end=3112960 piso=9441280
COUNTS id=[ 256, 43535 ] end=1081344 piso=10974208
COUNTS id=[ 256, 43536 ] end=3112960 piso=11210752
COUNTS id=[ 256, 43537 ] end=3112960 piso=9365504
COUNTS id=[ 256, 43538 ] end=3112960 piso=8914944
COUNTS id=[ 256, 43539 ] end=5144576 piso=14417920
COUNTS id=[ 256, 43540 ] end=3112960 piso=10770432
COUNTS id=[ 256, 43541 ] end=3112960 piso=8918016
COUNTS id=[ 256, 43542 ] end=3112960 piso=9434112
COUNTS id=[ 256, 43543 ] end=1081344 piso=9973760
COUNTS id=[ 256, 43544 ] end=1081344 piso=10118144
COUNTS id=[ 256, 43545 ] end=1081344 piso=9221120
COUNTS id=[ 256, 43546 ] end=1081344 piso=9786368
COUNTS id=[ 256, 43547 ] end=3112960 piso=10695680
COUNTS id=[ 256, 43548 ] end=3112960 piso=10073088
COUNTS id=[ 256, 43549 ] end=3112960 piso=9410560
COUNTS id=[ 256, 43550 ] end=1081344 piso=11198464
COUNTS id=[ 256, 43551 ] end=1081344 piso=10073088
COUNTS id=[ 256, 43552 ] end=3112960 piso=10066944
COUNTS id=[ 256, 43553 ] end=1081344 piso=10146816
COUNTS id=[ 256, 43554 ] end=3112960 piso=9249792
COUNTS id=[ 256, 43555 ] end=3112960 piso=9387008
COUNTS id=[ 256, 43556 ] end=1081344 piso=9273344
COUNTS id=[ 256, 43557 ] end=3112960 piso=9608192
COUNTS id=[ 256, 43558 ] end=35618816 piso=50169344
COUNTS id=[ 256, 43559 ] end=3112960 piso=12149248
COUNTS id=[ 256, 43560 ] end=1081344 piso=9819648
COUNTS id=[ 256, 43561 ] end=1081344 piso=9356800
COUNTS id=[ 256, 43562 ] end=3112960 piso=11419136
COUNTS id=[ 256, 43563 ] end=35618816 piso=49991168
COUNTS id=[ 256, 43564 ] end=3112960 piso=9299456
COUNTS id=[ 256, 43565 ] end=3112960 piso=8989184
COUNTS id=[ 256, 43566 ] end=35618816 piso=49805824
COUNTS id=[ 256, 43567 ] end=3112960 piso=12051968
COUNTS id=[ 256, 43568 ] end=3112960 piso=9361920
COUNTS id=[ 256, 43569 ] end=3112960 piso=9277952
COUNTS id=[ 256, 43570 ] end=3112960 piso=11807232
COUNTS id=[ 256, 43571 ] end=35618816 piso=49981952
COUNTS id=[ 256, 43572 ] end=1081344 piso=9245184
PROGRESS checked=1500 hits=0 reversed=0 runtime_ms=13967529
COUNTS id=[ 256, 43573 ] end=1081344 piso=9309696
COUNTS id=[ 256, 43574 ] end=5341184 piso=19558912
COUNTS id=[ 256, 43575 ] end=5144576 piso=16522752
COUNTS id=[ 256, 43576 ] end=1081344 piso=10801664
COUNTS id=[ 256, 43577 ] end=3112960 piso=11256320
COUNTS id=[ 256, 43578 ] end=5144576 piso=18344448
COUNTS id=[ 256, 43579 ] end=5144576 piso=16556544
COUNTS id=[ 256, 43580 ] end=5144576 piso=12835328
COUNTS id=[ 256, 43581 ] end=3112960 piso=10460672
COUNTS id=[ 256, 43582 ] end=5144576 piso=15961600
COUNTS id=[ 256, 43583 ] end=5144576 piso=19153408
COUNTS id=[ 256, 43584 ] end=5341184 piso=15612416
COUNTS id=[ 256, 43585 ] end=3112960 piso=9910784
COUNTS id=[ 256, 43586 ] end=5144576 piso=15612416
COUNTS id=[ 256, 43587 ] end=5144576 piso=19857920
COUNTS id=[ 256, 43588 ] end=1081344 piso=11075072
COUNTS id=[ 256, 43589 ] end=3112960 piso=9316864
COUNTS id=[ 256, 43590 ] end=4128768 piso=12043776
COUNTS id=[ 256, 43591 ] end=2097152 piso=9435648
COUNTS id=[ 256, 43592 ] end=2097152 piso=9222656
COUNTS id=[ 256, 43593 ] end=2097152 piso=10068480
COUNTS id=[ 256, 43594 ] end=2097152 piso=9920000
COUNTS id=[ 256, 43595 ] end=4128768 piso=10395136
COUNTS id=[ 256, 43596 ] end=4128768 piso=10377728
COUNTS id=[ 256, 43597 ] end=4128768 piso=11576832
COUNTS id=[ 256, 43598 ] end=4128768 piso=10593792
COUNTS id=[ 256, 43599 ] end=4128768 piso=12088832
COUNTS id=[ 256, 43600 ] end=4128768 piso=12462592
COUNTS id=[ 256, 43601 ] end=2097152 piso=8975872
COUNTS id=[ 256, 43602 ] end=2097152 piso=8613376
COUNTS id=[ 256, 43603 ] end=2097152 piso=10859008
COUNTS id=[ 256, 43604 ] end=2097152 piso=10127872
COUNTS id=[ 256, 43605 ] end=4128768 piso=10371584
COUNTS id=[ 256, 43606 ] end=2097152 piso=9163264
COUNTS id=[ 256, 43607 ] end=2097152 piso=10581504
COUNTS id=[ 256, 43608 ] end=65536 piso=12260864
COUNTS id=[ 256, 43609 ] end=2097152 piso=9223680
COUNTS id=[ 256, 43610 ] end=2097152 piso=8516096
COUNTS id=[ 256, 43611 ] end=2097152 piso=9492992
COUNTS id=[ 256, 43612 ] end=4128768 piso=11107840
COUNTS id=[ 256, 43613 ] end=2097152 piso=8952320
COUNTS id=[ 256, 43614 ] end=4128768 piso=11304448
COUNTS id=[ 256, 43615 ] end=2097152 piso=9432576
COUNTS id=[ 256, 43616 ] end=2097152 piso=9371136
COUNTS id=[ 256, 43617 ] end=2097152 piso=10115584
COUNTS id=[ 256, 43618 ] end=65536 piso=11510272
COUNTS id=[ 256, 43619 ] end=2097152 piso=9154048
COUNTS id=[ 256, 43620 ] end=2097152 piso=9341440
COUNTS id=[ 256, 43621 ] end=2097152 piso=9359872
COUNTS id=[ 256, 43622 ] end=106070016 piso=360933888
COUNTS id=[ 256, 43623 ] end=106102784 piso=359148032
COUNTS id=[ 256, 43624 ] end=5799936 piso=21173760
COUNTS id=[ 256, 43625 ] end=5799936 piso=19150336
COUNTS id=[ 256, 43626 ] end=7143424 piso=26321920
COUNTS id=[ 256, 43627 ] end=4521984 piso=16719872
COUNTS id=[ 256, 43628 ] end=40304640 piso=76623872
COUNTS id=[ 256, 43629 ] end=37421056 piso=58872832
COUNTS id=[ 256, 43630 ] end=38830080 piso=81074176
COUNTS id=[ 256, 43631 ] end=38830080 piso=66251776
COUNTS id=[ 256, 43632 ] end=8552448 piso=29060096
COUNTS id=[ 256, 43633 ] end=3309568 piso=17197056
COUNTS id=[ 256, 43634 ] end=141492224 piso=653281792
COUNTS id=[ 256, 43635 ] end=106070016 piso=358607360
COUNTS id=[ 256, 43636 ] end=5799936 piso=21902848
COUNTS id=[ 256, 43637 ] end=38830080 piso=64554496
COUNTS id=[ 256, 43638 ] end=40304640 piso=74612736
COUNTS id=[ 256, 43639 ] end=4521984 piso=20579328
COUNTS id=[ 256, 43640 ] end=75563008 piso=218429440
COUNTS id=[ 256, 43641 ] end=37421056 piso=58891264
COUNTS id=[ 256, 43642 ] end=38830080 piso=67904512
COUNTS id=[ 256, 43643 ] end=104235008 piso=349157376
COUNTS id=[ 256, 43644 ] end=8552448 piso=28910592
COUNTS id=[ 256, 43645 ] end=5799936 piso=19601408
COUNTS id=[ 256, 43646 ] end=69173248 piso=176674816
COUNTS id=[ 256, 43647 ] end=67141632 piso=154015744
COUNTS id=[ 256, 43648 ] end=67141632 piso=155353088
COUNTS id=[ 256, 43649 ] end=69173248 piso=174874624
COUNTS id=[ 256, 43650 ] end=2129920 piso=11982848
COUNTS id=[ 256, 43651 ] end=4161536 piso=11958272
COUNTS id=[ 256, 43652 ] end=4161536 piso=13742080
COUNTS id=[ 256, 43653 ] end=2129920 piso=10645504
COUNTS id=[ 256, 43654 ] end=5144576 piso=16150528
COUNTS id=[ 256, 43655 ] end=3112960 piso=10999808
COUNTS id=[ 256, 43656 ] end=5144576 piso=16360448
COUNTS id=[ 256, 43657 ] end=3112960 piso=10042368
COUNTS id=[ 256, 43658 ] end=4128768 piso=13634048
COUNTS id=[ 256, 43659 ] end=4128768 piso=12069376
COUNTS id=[ 256, 43660 ] end=6160384 piso=20518400
COUNTS id=[ 256, 43661 ] end=2097152 piso=9704960
COUNTS id=[ 256, 43662 ] end=69173248 piso=174831616
COUNTS id=[ 256, 43663 ] end=4161536 piso=13099008
COUNTS id=[ 256, 43664 ] end=4161536 piso=12392448
COUNTS id=[ 256, 43665 ] end=7176192 piso=25016320
COUNTS id=[ 256, 43666 ] end=3112960 piso=10819584
COUNTS id=[ 256, 43667 ] end=4128768 piso=12876288
COUNTS id=[ 256, 43668 ] end=6160384 piso=18336256
COUNTS id=[ 256, 43669 ] end=40304640 piso=78007808
COUNTS id=[ 256, 43670 ] end=7143424 piso=24059392
COUNTS id=[ 256, 43671 ] end=7143424 piso=26264064
COUNTS id=[ 256, 43672 ] end=40337408 piso=75182592
PROGRESS checked=1600 hits=0 reversed=0 runtime_ms=14610716
COUNTS id=[ 256, 43673 ] end=41844736 piso=91314688
COUNTS id=[ 256, 43674 ] end=3309568 piso=16141824
COUNTS id=[ 256, 43675 ] end=5799936 piso=18451968
COUNTS id=[ 256, 43676 ] end=38830080 piso=63269376
COUNTS id=[ 256, 43677 ] end=7176192 piso=39821312
COUNTS id=[ 256, 43678 ] end=70615040 piso=174858240
COUNTS id=[ 256, 43679 ] end=10059776 piso=38221824
COUNTS id=[ 256, 43680 ] end=2195456 piso=19105792
COUNTS id=[ 256, 43681 ] end=70615040 piso=190455808
COUNTS id=[ 256, 43682 ] end=7176192 piso=23040000
COUNTS id=[ 256, 43683 ] end=7176192 piso=20326400
COUNTS id=[ 256, 43684 ] end=4554752 piso=17696768
COUNTS id=[ 256, 43685 ] end=3276800 piso=16702976
COUNTS id=[ 256, 43686 ] end=3276800 piso=13618688
COUNTS id=[ 256, 43687 ] end=2883584 piso=12902912
COUNTS id=[ 256, 43688 ] end=2916352 piso=16245248
COUNTS id=[ 256, 43689 ] end=2457600 piso=14065152
COUNTS id=[ 256, 43690 ] end=2457600 piso=19163648
COUNTS id=[ 256, 43691 ] end=1671168 piso=10996224
COUNTS id=[ 256, 43692 ] end=1671168 piso=14036480
COUNTS id=[ 256, 43693 ] end=3473408 piso=15738880
COUNTS id=[ 256, 43694 ] end=1245184 piso=16960512
COUNTS id=[ 256, 43695 ] end=3080192 piso=13175808
COUNTS id=[ 256, 43696 ] end=851968 piso=13064192
COUNTS id=[ 256, 43697 ] end=5144576 piso=16320512
COUNTS id=[ 256, 43698 ] end=5144576 piso=14452736
COUNTS id=[ 256, 43699 ] end=5144576 piso=16067584
COUNTS id=[ 256, 43700 ] end=5144576 piso=14748672
COUNTS id=[ 256, 43701 ] end=6193152 piso=19433984
COUNTS id=[ 256, 43702 ] end=98304 piso=12528128
COUNTS id=[ 256, 43703 ] end=8224768 piso=36776448
COUNTS id=[ 256, 43704 ] end=2129920 piso=10840576
COUNTS id=[ 256, 43705 ] end=4161536 piso=13916672
COUNTS id=[ 256, 43706 ] end=6193152 piso=18688512
COUNTS id=[ 256, 43707 ] end=2129920 piso=10197504
COUNTS id=[ 256, 43708 ] end=4161536 piso=11094528
COUNTS id=[ 256, 43709 ] end=5144576 piso=15279616
COUNTS id=[ 256, 43710 ] end=3112960 piso=10240512
COUNTS id=[ 256, 43711 ] end=5144576 piso=14309888
COUNTS id=[ 256, 43712 ] end=3112960 piso=9330176
COUNTS id=[ 256, 43713 ] end=5144576 piso=14821376
COUNTS id=[ 256, 43714 ] end=3112960 piso=10985472
COUNTS id=[ 256, 43715 ] end=3112960 piso=10970112
COUNTS id=[ 256, 43716 ] end=2097152 piso=10563072
COUNTS id=[ 256, 43717 ] end=4128768 piso=12939776
COUNTS id=[ 256, 43718 ] end=4128768 piso=11251200
COUNTS id=[ 256, 43719 ] end=2097152 piso=9949696
COUNTS id=[ 256, 43720 ] end=1081344 piso=11696640
COUNTS id=[ 256, 43721 ] end=5144576 piso=13702656
COUNTS id=[ 256, 43722 ] end=3112960 piso=10418688
COUNTS id=[ 256, 43723 ] end=3112960 piso=9352704
COUNTS id=[ 256, 43724 ] end=6160384 piso=24030208
COUNTS id=[ 256, 43725 ] end=6160384 piso=19970048
COUNTS id=[ 256, 43726 ] end=36634624 piso=56964608
COUNTS id=[ 256, 43727 ] end=69140480 piso=172683776
COUNTS id=[ 256, 43728 ] end=6160384 piso=21283328
COUNTS id=[ 256, 43729 ] end=4128768 piso=11787776
COUNTS id=[ 256, 43730 ] end=36634624 piso=55988224
COUNTS id=[ 256, 43731 ] end=2097152 piso=11090944
COUNTS id=[ 256, 43732 ] end=7176192 piso=30959104
COUNTS id=[ 256, 43733 ] end=5144576 piso=17283584
COUNTS id=[ 256, 43734 ] end=70156288 piso=191236096
COUNTS id=[ 256, 43735 ] end=35618816 piso=52000768
COUNTS id=[ 256, 43736 ] end=5144576 piso=15858688
COUNTS id=[ 256, 43737 ] end=5144576 piso=14752768
COUNTS id=[ 256, 43738 ] end=3112960 piso=12367360
COUNTS id=[ 256, 43739 ] end=35618816 piso=48960000
COUNTS id=[ 256, 43740 ] end=36634624 piso=54809600
COUNTS id=[ 256, 43741 ] end=4128768 piso=13101056
COUNTS id=[ 256, 43742 ] end=36634624 piso=55384576
COUNTS id=[ 256, 43743 ] end=36634624 piso=55227904
COUNTS id=[ 256, 43744 ] end=2097152 piso=9708032
COUNTS id=[ 256, 43745 ] end=36634624 piso=54261248
COUNTS id=[ 256, 43746 ] end=2097152 piso=9782272
COUNTS id=[ 256, 43747 ] end=4128768 piso=12222464
COUNTS id=[ 256, 43748 ] end=37650432 piso=61535744
COUNTS id=[ 256, 43749 ] end=3112960 piso=12333568
COUNTS id=[ 256, 43750 ] end=37650432 piso=62507008
COUNTS id=[ 256, 43751 ] end=35618816 piso=51011584
COUNTS id=[ 256, 43752 ] end=3112960 piso=10118144
COUNTS id=[ 256, 43753 ] end=35618816 piso=49087488
COUNTS id=[ 256, 43754 ] end=3112960 piso=9976320
COUNTS id=[ 256, 43755 ] end=3112960 piso=9942528
COUNTS id=[ 256, 43756 ] end=5144576 piso=16584192
COUNTS id=[ 256, 43757 ] end=5144576 piso=14725632
COUNTS id=[ 256, 43758 ] end=3112960 piso=13144064
COUNTS id=[ 256, 43759 ] end=5144576 piso=15122432
COUNTS id=[ 256, 43760 ] end=3112960 piso=11242496
COUNTS id=[ 256, 43761 ] end=1081344 piso=10178560
COUNTS id=[ 256, 43762 ] end=5144576 piso=15076864
COUNTS id=[ 256, 43763 ] end=1081344 piso=10192384
COUNTS id=[ 256, 43764 ] end=6160384 piso=21544448
COUNTS id=[ 256, 43765 ] end=2097152 piso=11135488
COUNTS id=[ 256, 43766 ] end=6160384 piso=21125120
COUNTS id=[ 256, 43767 ] end=4128768 piso=12892160
COUNTS id=[ 256, 43768 ] end=2097152 piso=10785792
COUNTS id=[ 256, 43769 ] end=4128768 piso=11026432
COUNTS id=[ 256, 43770 ] end=2097152 piso=10473984
COUNTS id=[ 256, 43771 ] end=2097152 piso=9132544
COUNTS id=[ 256, 43772 ] end=7176192 piso=25269760
PROGRESS checked=1700 hits=0 reversed=0 runtime_ms=15259338
COUNTS id=[ 256, 43773 ] end=5144576 piso=13896192
COUNTS id=[ 256, 43774 ] end=5144576 piso=14592000
COUNTS id=[ 256, 43775 ] end=5144576 piso=15808512
COUNTS id=[ 256, 43776 ] end=1081344 piso=11435008
COUNTS id=[ 256, 43777 ] end=5144576 piso=12883968
COUNTS id=[ 256, 43778 ] end=3112960 piso=9869824
COUNTS id=[ 256, 43779 ] end=5144576 piso=13992448
COUNTS id=[ 256, 43780 ] end=6160384 piso=18649600
COUNTS id=[ 256, 43781 ] end=4128768 piso=13170176
COUNTS id=[ 256, 43782 ] end=8192000 piso=36611072
COUNTS id=[ 256, 43783 ] end=4128768 piso=11570176
COUNTS id=[ 256, 43784 ] end=4128768 piso=10795008
COUNTS id=[ 256, 43785 ] end=4128768 piso=11951104
COUNTS id=[ 256, 43786 ] end=2097152 piso=10089984
COUNTS id=[ 256, 43787 ] end=4128768 piso=10452480
COUNTS id=[ 256, 43788 ] end=37650432 piso=63976448
COUNTS id=[ 256, 43789 ] end=5144576 piso=15710208
COUNTS id=[ 256, 43790 ] end=5144576 piso=15971328
COUNTS id=[ 256, 43791 ] end=3112960 piso=12599296
COUNTS id=[ 256, 43792 ] end=35618816 piso=49177600
COUNTS id=[ 256, 43793 ] end=5144576 piso=14113792
COUNTS id=[ 256, 43794 ] end=1081344 piso=9908224
COUNTS id=[ 256, 43795 ] end=5144576 piso=18933248
COUNTS id=[ 256, 43796 ] end=7176192 piso=27733504
COUNTS id=[ 256, 43797 ] end=3112960 piso=11144704
COUNTS id=[ 256, 43798 ] end=35618816 piso=50022912
COUNTS id=[ 256, 43799 ] end=3112960 piso=10426880
COUNTS id=[ 256, 43800 ] end=3112960 piso=10130944
COUNTS id=[ 256, 43801 ] end=3112960 piso=9258496
COUNTS id=[ 256, 43802 ] end=5144576 piso=16456704
COUNTS id=[ 256, 43803 ] end=5144576 piso=16850944
COUNTS id=[ 256, 43804 ] end=3112960 piso=11136000
COUNTS id=[ 256, 43805 ] end=3112960 piso=11223040
COUNTS id=[ 256, 43806 ] end=3112960 piso=10691584
COUNTS id=[ 256, 43807 ] end=1081344 piso=10226688
COUNTS id=[ 256, 43808 ] end=3112960 piso=10985472
COUNTS id=[ 256, 43809 ] end=5144576 piso=16357888
COUNTS id=[ 256, 43810 ] end=5144576 piso=14988800
COUNTS id=[ 256, 43811 ] end=3112960 piso=12692992
COUNTS id=[ 256, 43812 ] end=3112960 piso=11274752
COUNTS id=[ 256, 43813 ] end=3112960 piso=10199552
COUNTS id=[ 256, 43814 ] end=3112960 piso=9392640
COUNTS id=[ 256, 43815 ] end=1081344 piso=10664448
COUNTS id=[ 256, 43816 ] end=6160384 piso=20227584
COUNTS id=[ 256, 43817 ] end=4128768 piso=11755008
COUNTS id=[ 256, 43818 ] end=36634624 piso=57078272
COUNTS id=[ 256, 43819 ] end=4128768 piso=12985856
COUNTS id=[ 256, 43820 ] end=2097152 piso=9060864
COUNTS id=[ 256, 43821 ] end=4128768 piso=13552128
COUNTS id=[ 256, 43822 ] end=4128768 piso=11840000
COUNTS id=[ 256, 43823 ] end=36634624 piso=57582592
COUNTS id=[ 256, 43824 ] end=36634624 piso=55329792
COUNTS id=[ 256, 43825 ] end=6160384 piso=20151296
COUNTS id=[ 256, 43826 ] end=4128768 piso=13414400
COUNTS id=[ 256, 43827 ] end=4128768 piso=11492352
COUNTS id=[ 256, 43828 ] end=4128768 piso=11419648
COUNTS id=[ 256, 43829 ] end=2097152 piso=9168896
COUNTS id=[ 256, 43830 ] end=6160384 piso=19867136
COUNTS id=[ 256, 43831 ] end=6160384 piso=17944064
COUNTS id=[ 256, 43832 ] end=36634624 piso=55258624
COUNTS id=[ 256, 43833 ] end=2097152 piso=10707456
COUNTS id=[ 256, 43834 ] end=6160384 piso=16780800
COUNTS id=[ 256, 43835 ] end=36634624 piso=53869056
COUNTS id=[ 256, 43836 ] end=4128768 piso=13109760
COUNTS id=[ 256, 43837 ] end=36634624 piso=56007680
COUNTS id=[ 256, 43838 ] end=69140480 piso=172887040
COUNTS id=[ 256, 43839 ] end=4128768 piso=12728320
COUNTS id=[ 256, 43840 ] end=36634624 piso=53833728
COUNTS id=[ 256, 43841 ] end=4128768 piso=13061120
COUNTS id=[ 256, 43842 ] end=4128768 piso=11431936
COUNTS id=[ 256, 43843 ] end=4128768 piso=10975232
COUNTS id=[ 256, 43844 ] end=138215424 piso=587024896
COUNTS id=[ 256, 43845 ] end=5799936 piso=21829120
COUNTS id=[ 256, 43846 ] end=36077568 piso=56899072
COUNTS id=[ 256, 43847 ] end=37421056 piso=62376960
COUNTS id=[ 256, 43848 ] end=4521984 piso=20162560
COUNTS id=[ 256, 43849 ] end=72417280 piso=178112512
COUNTS id=[ 256, 43850 ] end=37421056 piso=59681792
COUNTS id=[ 256, 43851 ] end=36077568 piso=54616064
COUNTS id=[ 256, 43852 ] end=106070016 piso=363672576
COUNTS id=[ 256, 43853 ] end=5799936 piso=23798784
COUNTS id=[ 256, 43854 ] end=5799936 piso=18939904
COUNTS id=[ 256, 43855 ] end=103088128 piso=326760960
COUNTS id=[ 256, 43856 ] end=5799936 piso=17946112
COUNTS id=[ 256, 43857 ] end=3309568 piso=14964224
COUNTS id=[ 256, 43858 ] end=4521984 piso=17059840
COUNTS id=[ 256, 43859 ] end=4521984 piso=16118784
COUNTS id=[ 256, 43860 ] end=37421056 piso=57808896
COUNTS id=[ 256, 43861 ] end=37421056 piso=59423744
COUNTS id=[ 256, 43862 ] end=36077568 piso=54260736
COUNTS id=[ 256, 43863 ] end=38830080 piso=65779712
COUNTS id=[ 256, 43864 ] end=5799936 piso=17576960
COUNTS id=[ 256, 43865 ] end=3309568 piso=23132160
COUNTS id=[ 256, 43866 ] end=67141632 piso=154744832
COUNTS id=[ 256, 43867 ] end=2129920 piso=11943936
COUNTS id=[ 256, 43868 ] end=2129920 piso=11409408
COUNTS id=[ 256, 43869 ] end=3112960 piso=11617280
COUNTS id=[ 256, 43870 ] end=3112960 piso=11637760
COUNTS id=[ 256, 43871 ] end=2097152 piso=9356800
COUNTS id=[ 256, 43872 ] end=4128768 piso=15386112
PROGRESS checked=1800 hits=0 reversed=0 runtime_ms=15935142
COUNTS id=[ 256, 43873 ] end=4521984 piso=19127808
COUNTS id=[ 256, 43874 ] end=37421056 piso=62639616
COUNTS id=[ 256, 43875 ] end=34832384 piso=54284800
COUNTS id=[ 256, 43876 ] end=36077568 piso=57261568
COUNTS id=[ 256, 43877 ] end=3309568 piso=16308736
COUNTS id=[ 256, 43878 ] end=36077568 piso=55187968
COUNTS id=[ 256, 43879 ] end=3309568 piso=14781952
COUNTS id=[ 256, 43880 ] end=2195456 piso=15314944
COUNTS id=[ 256, 43881 ] end=72450048 piso=184029184
COUNTS id=[ 256, 43882 ] end=4554752 piso=21862400
COUNTS id=[ 256, 43883 ] end=2195456 piso=24176640
COUNTS id=[ 256, 43884 ] end=4554752 piso=15560704
COUNTS id=[ 256, 43885 ] end=69566464 piso=161374208
COUNTS id=[ 256, 43886 ] end=2195456 piso=24725504
COUNTS id=[ 256, 43887 ] end=4554752 piso=14804992
COUNTS id=[ 256, 43888 ] end=2490368 piso=11951616
COUNTS id=[ 256, 43889 ] end=2490368 piso=14003712
COUNTS id=[ 256, 43890 ] end=2916352 piso=12845568
COUNTS id=[ 256, 43891 ] end=2064384 piso=12653056
COUNTS id=[ 256, 43892 ] end=1277952 piso=12547584
COUNTS id=[ 256, 43893 ] end=2064384 piso=11961856
COUNTS id=[ 256, 43894 ] end=1277952 piso=10666496
COUNTS id=[ 256, 43895 ] end=3080192 piso=13160448
COUNTS id=[ 256, 43896 ] end=851968 piso=12870656
COUNTS id=[ 256, 43897 ] end=2686976 piso=12039168
COUNTS id=[ 256, 43898 ] end=458752 piso=11939840
COUNTS id=[ 256, 43899 ] end=3112960 piso=10379264
COUNTS id=[ 256, 43900 ] end=3112960 piso=12435456
COUNTS id=[ 256, 43901 ] end=3112960 piso=11781120
COUNTS id=[ 256, 43902 ] end=2129920 piso=11241984
COUNTS id=[ 256, 43903 ] end=98304 piso=11598336
COUNTS id=[ 256, 43904 ] end=4161536 piso=12163584
COUNTS id=[ 256, 43905 ] end=2129920 piso=11815424
COUNTS id=[ 256, 43906 ] end=4161536 piso=13711872
COUNTS id=[ 256, 43907 ] end=2129920 piso=9558528
COUNTS id=[ 256, 43908 ] end=2129920 piso=9710080
COUNTS id=[ 256, 43909 ] end=98304 piso=12691968
COUNTS id=[ 256, 43910 ] end=1081344 piso=10066432
COUNTS id=[ 256, 43911 ] end=3112960 piso=11005440
COUNTS id=[ 256, 43912 ] end=1081344 piso=9377280
COUNTS id=[ 256, 43913 ] end=3112960 piso=10785280
COUNTS id=[ 256, 43914 ] end=3112960 piso=11870208
COUNTS id=[ 256, 43915 ] end=5144576 piso=16033792
COUNTS id=[ 256, 43916 ] end=2097152 piso=10550784
COUNTS id=[ 256, 43917 ] end=4128768 piso=11805184
COUNTS id=[ 256, 43918 ] end=4128768 piso=11435520
COUNTS id=[ 256, 43919 ] end=2097152 piso=9654784
COUNTS id=[ 256, 43920 ] end=1081344 piso=9348608
COUNTS id=[ 256, 43921 ] end=5144576 piso=16222720
COUNTS id=[ 256, 43922 ] end=3112960 piso=8984064
COUNTS id=[ 256, 43923 ] end=3112960 piso=11749888
COUNTS id=[ 256, 43924 ] end=4128768 piso=13007872
COUNTS id=[ 256, 43925 ] end=4128768 piso=13641728
COUNTS id=[ 256, 43926 ] end=34603008 piso=46551552
COUNTS id=[ 256, 43927 ] end=4128768 piso=11673088
COUNTS id=[ 256, 43928 ] end=2097152 piso=9740800
COUNTS id=[ 256, 43929 ] end=2097152 piso=9747456
COUNTS id=[ 256, 43930 ] end=2097152 piso=9275392
COUNTS id=[ 256, 43931 ] end=3112960 piso=12090880
COUNTS id=[ 256, 43932 ] end=35618816 piso=50249728
COUNTS id=[ 256, 43933 ] end=35618816 piso=51027968
COUNTS id=[ 256, 43934 ] end=3112960 piso=10499072
COUNTS id=[ 256, 43935 ] end=3112960 piso=9812992
COUNTS id=[ 256, 43936 ] end=3112960 piso=9945600
COUNTS id=[ 256, 43937 ] end=1081344 piso=10102272
COUNTS id=[ 256, 43938 ] end=4128768 piso=15598592
COUNTS id=[ 256, 43939 ] end=36634624 piso=59918336
COUNTS id=[ 256, 43940 ] end=67108864 piso=155309568
COUNTS id=[ 256, 43941 ] end=4128768 piso=13671936
COUNTS id=[ 256, 43942 ] end=34603008 piso=48697856
COUNTS id=[ 256, 43943 ] end=2097152 piso=12042240
COUNTS id=[ 256, 43944 ] end=34603008 piso=48950272
COUNTS id=[ 256, 43945 ] end=35618816 piso=54686208
COUNTS id=[ 256, 43946 ] end=68124672 piso=164364288
COUNTS id=[ 256, 43947 ] end=35618816 piso=52402176
COUNTS id=[ 256, 43948 ] end=35618816 piso=52321280
COUNTS id=[ 256, 43949 ] end=3112960 piso=11744256
COUNTS id=[ 256, 43950 ] end=33587200 piso=45725184
COUNTS id=[ 256, 43951 ] end=3112960 piso=12970496
COUNTS id=[ 256, 43952 ] end=5144576 piso=15767040
COUNTS id=[ 256, 43953 ] end=5144576 piso=15563264
COUNTS id=[ 256, 43954 ] end=3112960 piso=11963392
COUNTS id=[ 256, 43955 ] end=3112960 piso=10171392
COUNTS id=[ 256, 43956 ] end=1081344 piso=10256384
COUNTS id=[ 256, 43957 ] end=3112960 piso=9982464
COUNTS id=[ 256, 43958 ] end=3112960 piso=10074624
COUNTS id=[ 256, 43959 ] end=4128768 piso=13637120
COUNTS id=[ 256, 43960 ] end=4128768 piso=13476352
COUNTS id=[ 256, 43961 ] end=4128768 piso=13167616
COUNTS id=[ 256, 43962 ] end=4128768 piso=11282432
COUNTS id=[ 256, 43963 ] end=2097152 piso=9702400
COUNTS id=[ 256, 43964 ] end=2097152 piso=9626112
COUNTS id=[ 256, 43965 ] end=2097152 piso=9323008
COUNTS id=[ 256, 43966 ] end=3112960 piso=10063360
COUNTS id=[ 256, 43967 ] end=5144576 piso=16294400
COUNTS id=[ 256, 43968 ] end=3112960 piso=11766784
COUNTS id=[ 256, 43969 ] end=1081344 piso=9225216
COUNTS id=[ 256, 43970 ] end=1081344 piso=10704896
COUNTS id=[ 256, 43971 ] end=1081344 piso=10630656
COUNTS id=[ 256, 43972 ] end=3112960 piso=10092032
PROGRESS checked=1900 hits=0 reversed=0 runtime_ms=16537495
COUNTS id=[ 256, 43973 ] end=4128768 piso=14363136
COUNTS id=[ 256, 43974 ] end=2097152 piso=10927616
COUNTS id=[ 256, 43975 ] end=4128768 piso=13852672
COUNTS id=[ 256, 43976 ] end=2097152 piso=9815040
COUNTS id=[ 256, 43977 ] end=2097152 piso=8654848
COUNTS id=[ 256, 43978 ] end=2097152 piso=9342464
COUNTS id=[ 256, 43979 ] end=65536 piso=11539968
COUNTS id=[ 256, 43980 ] end=3112960 piso=11329536
COUNTS id=[ 256, 43981 ] end=35618816 piso=54639616
COUNTS id=[ 256, 43982 ] end=1081344 piso=9891840
COUNTS id=[ 256, 43983 ] end=33587200 piso=46541824
COUNTS id=[ 256, 43984 ] end=1081344 piso=11179008
COUNTS id=[ 256, 43985 ] end=1081344 piso=10237952
COUNTS id=[ 256, 43986 ] end=3112960 piso=12803584
COUNTS id=[ 256, 43987 ] end=3112960 piso=12250624
COUNTS id=[ 256, 43988 ] end=1081344 piso=9862656
COUNTS id=[ 256, 43989 ] end=33587200 piso=45733376
COUNTS id=[ 256, 43990 ] end=1081344 piso=10524160
COUNTS id=[ 256, 43991 ] end=1081344 piso=10083840
COUNTS id=[ 256, 43992 ] end=5144576 piso=18223104
COUNTS id=[ 256, 43993 ] end=5144576 piso=16104448
COUNTS id=[ 256, 43994 ] end=5144576 piso=16072704
COUNTS id=[ 256, 43995 ] end=1081344 piso=10398720
COUNTS id=[ 256, 43996 ] end=1081344 piso=9757696
COUNTS id=[ 256, 43997 ] end=3112960 piso=10237952
COUNTS id=[ 256, 43998 ] end=5144576 piso=16664064
COUNTS id=[ 256, 43999 ] end=3112960 piso=10771968
COUNTS id=[ 256, 44000 ] end=3112960 piso=9903616
COUNTS id=[ 256, 44001 ] end=3112960 piso=12213760
COUNTS id=[ 256, 44002 ] end=1081344 piso=10093056
COUNTS id=[ 256, 44003 ] end=3112960 piso=9040384
COUNTS id=[ 256, 44004 ] end=4128768 piso=13768192
COUNTS id=[ 256, 44005 ] end=6160384 piso=20067840
COUNTS id=[ 256, 44006 ] end=4128768 piso=12139008
COUNTS id=[ 256, 44007 ] end=2097152 piso=9643520
COUNTS id=[ 256, 44008 ] end=2097152 piso=10798592
COUNTS id=[ 256, 44009 ] end=36634624 piso=57560576
COUNTS id=[ 256, 44010 ] end=34603008 piso=47203328
COUNTS id=[ 256, 44011 ] end=69140480 piso=176987136
COUNTS id=[ 256, 44012 ] end=4128768 piso=11730944
COUNTS id=[ 256, 44013 ] end=34603008 piso=48800768
COUNTS id=[ 256, 44014 ] end=2097152 piso=10380288
COUNTS id=[ 256, 44015 ] end=4128768 piso=11267072
COUNTS id=[ 256, 44016 ] end=4128768 piso=11705856
COUNTS id=[ 256, 44017 ] end=4128768 piso=13274624
COUNTS id=[ 256, 44018 ] end=2097152 piso=8635904
COUNTS id=[ 256, 44019 ] end=2097152 piso=11549184
COUNTS id=[ 256, 44020 ] end=4128768 piso=13354496
COUNTS id=[ 256, 44021 ] end=2097152 piso=9281024
COUNTS id=[ 256, 44022 ] end=34603008 piso=47055872
COUNTS id=[ 256, 44023 ] end=36634624 piso=57117696
COUNTS id=[ 256, 44024 ] end=2097152 piso=9259008
COUNTS id=[ 256, 44025 ] end=4128768 piso=13022208
COUNTS id=[ 256, 44026 ] end=2097152 piso=9751552
COUNTS id=[ 256, 44027 ] end=2097152 piso=8770560
COUNTS id=[ 256, 44028 ] end=69566464 piso=178900992
COUNTS id=[ 256, 44029 ] end=67141632 piso=153743360
COUNTS id=[ 256, 44030 ] end=4161536 piso=13608960
COUNTS id=[ 256, 44031 ] end=2129920 piso=10471424
COUNTS id=[ 256, 44032 ] end=2129920 piso=11816960
COUNTS id=[ 256, 44033 ] end=4161536 piso=12029952
COUNTS id=[ 256, 44034 ] end=5341184 piso=16739328
COUNTS id=[ 256, 44035 ] end=3112960 piso=10130432
COUNTS id=[ 256, 44036 ] end=5144576 piso=15796224
COUNTS id=[ 256, 44037 ] end=3112960 piso=10858496
COUNTS id=[ 256, 44038 ] end=4128768 piso=13552128
COUNTS id=[ 256, 44039 ] end=4128768 piso=12270080
COUNTS id=[ 256, 44040 ] end=6356992 piso=20747776
COUNTS id=[ 256, 44041 ] end=2097152 piso=9717248
COUNTS id=[ 256, 44042 ] end=4161536 piso=13996032
COUNTS id=[ 256, 44043 ] end=4161536 piso=14776320
COUNTS id=[ 256, 44044 ] end=7372800 piso=27820032
COUNTS id=[ 256, 44045 ] end=3112960 piso=12181504
COUNTS id=[ 256, 44046 ] end=4128768 piso=11945472
COUNTS id=[ 256, 44047 ] end=6356992 piso=23598592
COUNTS id=[ 256, 44048 ] end=72450048 piso=178463232
COUNTS id=[ 256, 44049 ] end=7143424 piso=26542592
COUNTS id=[ 256, 44050 ] end=73957376 piso=193362432
COUNTS id=[ 256, 44051 ] end=3309568 piso=16989696
COUNTS id=[ 256, 44052 ] end=36077568 piso=55188992
COUNTS id=[ 256, 44053 ] end=38830080 piso=64072192
COUNTS id=[ 256, 44054 ] end=4554752 piso=16250880
COUNTS id=[ 256, 44055 ] end=7176192 piso=27019264
COUNTS id=[ 256, 44056 ] end=139821056 piso=617201664
COUNTS id=[ 256, 44057 ] end=4554752 piso=17637376
COUNTS id=[ 256, 44058 ] end=7176192 piso=20183040
COUNTS id=[ 256, 44059 ] end=4554752 piso=19191808
COUNTS id=[ 256, 44060 ] end=72450048 piso=182095872
COUNTS id=[ 256, 44061 ] end=67731456 piso=155975680
COUNTS id=[ 256, 44062 ] end=9207808 piso=30302720
COUNTS id=[ 256, 44063 ] end=2883584 piso=13496832
COUNTS id=[ 256, 44064 ] end=8355840 piso=33417728
COUNTS id=[ 256, 44065 ] end=2064384 piso=13344256
COUNTS id=[ 256, 44066 ] end=2064384 piso=13155840
COUNTS id=[ 256, 44067 ] end=1277952 piso=12384768
COUNTS id=[ 256, 44068 ] end=1245184 piso=15625216
COUNTS id=[ 256, 44069 ] end=8978432 piso=28686336
COUNTS id=[ 256, 44070 ] end=851968 piso=12949504
COUNTS id=[ 256, 44071 ] end=3080192 piso=13794304
COUNTS id=[ 256, 44072 ] end=5341184 piso=16825344
PROGRESS checked=2000 hits=0 reversed=0 runtime_ms=17137139
COUNTS id=[ 256, 44073 ] end=5144576 piso=14420992
COUNTS id=[ 256, 44074 ] end=8617984 piso=39713280
COUNTS id=[ 256, 44075 ] end=2129920 piso=9792000
COUNTS id=[ 256, 44076 ] end=6193152 piso=19466752
COUNTS id=[ 256, 44077 ] end=98304 piso=12958208
COUNTS id=[ 256, 44078 ] end=2129920 piso=10361344
COUNTS id=[ 256, 44079 ] end=4161536 piso=10926592
COUNTS id=[ 256, 44080 ] end=4161536 piso=12118528
COUNTS id=[ 256, 44081 ] end=6193152 piso=20072960
COUNTS id=[ 256, 44082 ] end=5341184 piso=15500800
COUNTS id=[ 256, 44083 ] end=3112960 piso=10617344
COUNTS id=[ 256, 44084 ] end=5144576 piso=14395904
COUNTS id=[ 256, 44085 ] end=3112960 piso=9403904
COUNTS id=[ 256, 44086 ] end=3112960 piso=12407808
COUNTS id=[ 256, 44087 ] end=4325376 piso=14266880
COUNTS id=[ 256, 44088 ] end=2097152 piso=11038208
COUNTS id=[ 256, 44089 ] end=2097152 piso=10445312
COUNTS id=[ 256, 44090 ] end=4128768 piso=11857408
COUNTS id=[ 256, 44091 ] end=1081344 piso=9958912
COUNTS id=[ 256, 44092 ] end=5341184 piso=17447424
COUNTS id=[ 256, 44093 ] end=3112960 piso=9795072
COUNTS id=[ 256, 44094 ] end=3112960 piso=12020224
COUNTS id=[ 256, 44095 ] end=4325376 piso=15164416
COUNTS id=[ 256, 44096 ] end=4128768 piso=12805120
COUNTS id=[ 256, 44097 ] end=4128768 piso=12084224
COUNTS id=[ 256, 44098 ] end=65536 piso=12688384
COUNTS id=[ 256, 44099 ] end=4325376 piso=14089728
COUNTS id=[ 256, 44100 ] end=2097152 piso=9989632
COUNTS id=[ 256, 44101 ] end=7569408 piso=30252032
COUNTS id=[ 256, 44102 ] end=3112960 piso=10706944
COUNTS id=[ 256, 44103 ] end=1081344 piso=10484224
COUNTS id=[ 256, 44104 ] end=3112960 piso=9906688
COUNTS id=[ 256, 44105 ] end=3112960 piso=10222592
COUNTS id=[ 256, 44106 ] end=3112960 piso=10207232
COUNTS id=[ 256, 44107 ] end=6356992 piso=20725760
COUNTS id=[ 256, 44108 ] end=4128768 piso=14065664
COUNTS id=[ 256, 44109 ] end=2097152 piso=9905152
COUNTS id=[ 256, 44110 ] end=4128768 piso=11613184
COUNTS id=[ 256, 44111 ] end=2097152 piso=10480128
COUNTS id=[ 256, 44112 ] end=6356992 piso=18461184
COUNTS id=[ 256, 44113 ] end=7372800 piso=27158528
COUNTS id=[ 256, 44114 ] end=5341184 piso=16487424
COUNTS id=[ 256, 44115 ] end=3112960 piso=10464768
COUNTS id=[ 256, 44116 ] end=3112960 piso=10497536
COUNTS id=[ 256, 44117 ] end=3112960 piso=10188800
COUNTS id=[ 256, 44118 ] end=5144576 piso=14128128
COUNTS id=[ 256, 44119 ] end=68124672 piso=164738560
COUNTS id=[ 256, 44120 ] end=37847040 piso=64655872
COUNTS id=[ 256, 44121 ] end=68124672 piso=162276864
COUNTS id=[ 256, 44122 ] end=3112960 piso=12795392
COUNTS id=[ 256, 44123 ] end=35618816 piso=52908032
COUNTS id=[ 256, 44124 ] end=3112960 piso=13108224
COUNTS id=[ 256, 44125 ] end=69337088 piso=176360960
COUNTS id=[ 256, 44126 ] end=4128768 piso=17029632
COUNTS id=[ 256, 44127 ] end=34603008 piso=48658944
COUNTS id=[ 256, 44128 ] end=4128768 piso=14039552
COUNTS id=[ 256, 44129 ] end=34603008 piso=48742400
COUNTS id=[ 256, 44130 ] end=36634624 piso=55208960
COUNTS id=[ 256, 44131 ] end=68124672 piso=161438208
COUNTS id=[ 256, 44132 ] end=35618816 piso=50220544
COUNTS id=[ 256, 44133 ] end=3112960 piso=10800640
COUNTS id=[ 256, 44134 ] end=5144576 piso=27393536
COUNTS id=[ 256, 44135 ] end=1081344 piso=10909696
COUNTS id=[ 256, 44136 ] end=35618816 piso=49071104
COUNTS id=[ 256, 44137 ] end=6160384 piso=20616704
COUNTS id=[ 256, 44138 ] end=4128768 piso=26135040
COUNTS id=[ 256, 44139 ] end=2097152 piso=10359296
COUNTS id=[ 256, 44140 ] end=34603008 piso=45371904
COUNTS id=[ 256, 44141 ] end=4128768 piso=11888640
COUNTS id=[ 256, 44142 ] end=4128768 piso=12127232
COUNTS id=[ 256, 44143 ] end=35618816 piso=50422272
COUNTS id=[ 256, 44144 ] end=3112960 piso=9915904
COUNTS id=[ 256, 44145 ] end=3112960 piso=11282944
COUNTS id=[ 256, 44146 ] end=35815424 piso=54058496
COUNTS id=[ 256, 44147 ] end=3112960 piso=10707456
COUNTS id=[ 256, 44148 ] end=5144576 piso=16286720
COUNTS id=[ 256, 44149 ] end=3112960 piso=10151936
COUNTS id=[ 256, 44150 ] end=3112960 piso=10475520
COUNTS id=[ 256, 44151 ] end=35618816 piso=52492288
COUNTS id=[ 256, 44152 ] end=3112960 piso=10440704
COUNTS id=[ 256, 44153 ] end=37847040 piso=64443904
COUNTS id=[ 256, 44154 ] end=5144576 piso=14547456
COUNTS id=[ 256, 44155 ] end=3112960 piso=10360320
COUNTS id=[ 256, 44156 ] end=3112960 piso=12127744
COUNTS id=[ 256, 44157 ] end=37847040 piso=61917696
COUNTS id=[ 256, 44158 ] end=5144576 piso=14470144
COUNTS id=[ 256, 44159 ] end=5144576 piso=12875776
COUNTS id=[ 256, 44160 ] end=3112960 piso=10758144
COUNTS id=[ 256, 44161 ] end=5144576 piso=16535552
COUNTS id=[ 256, 44162 ] end=35618816 piso=49074176
COUNTS id=[ 256, 44163 ] end=4128768 piso=13885440
COUNTS id=[ 256, 44164 ] end=67108864 piso=153234432
COUNTS id=[ 256, 44165 ] end=2097152 piso=10206208
COUNTS id=[ 256, 44166 ] end=2097152 piso=9710592
COUNTS id=[ 256, 44167 ] end=4128768 piso=12806144
COUNTS id=[ 256, 44168 ] end=4128768 piso=13565440
COUNTS id=[ 256, 44169 ] end=4128768 piso=11178496
COUNTS id=[ 256, 44170 ] end=2097152 piso=10158592
COUNTS id=[ 256, 44171 ] end=34603008 piso=48715264
COUNTS id=[ 256, 44172 ] end=34603008 piso=45689344
PROGRESS checked=2100 hits=0 reversed=0 runtime_ms=17743294
COUNTS id=[ 256, 44173 ] end=4128768 piso=11994112
COUNTS id=[ 256, 44174 ] end=2097152 piso=10428416
COUNTS id=[ 256, 44175 ] end=4128768 piso=27518976
COUNTS id=[ 256, 44176 ] end=2097152 piso=11068416
COUNTS id=[ 256, 44177 ] end=2097152 piso=9472000
COUNTS id=[ 256, 44178 ] end=6356992 piso=23923200
COUNTS id=[ 256, 44179 ] end=2097152 piso=9496064
COUNTS id=[ 256, 44180 ] end=2097152 piso=9659904
COUNTS id=[ 256, 44181 ] end=4128768 piso=13580800
COUNTS id=[ 256, 44182 ] end=2097152 piso=10225152
COUNTS id=[ 256, 44183 ] end=2129920 piso=10088448
COUNTS id=[ 256, 44184 ] end=2129920 piso=10237952
COUNTS id=[ 256, 44185 ] end=3112960 piso=10415104
COUNTS id=[ 256, 44186 ] end=3112960 piso=10296320
COUNTS id=[ 256, 44187 ] end=2097152 piso=9914880
COUNTS id=[ 256, 44188 ] end=4128768 piso=11254272
COUNTS id=[ 256, 44189 ] end=4554752 piso=18579968
COUNTS id=[ 256, 44190 ] end=5799936 piso=20717056
COUNTS id=[ 256, 44191 ] end=3309568 piso=16140800
COUNTS id=[ 256, 44192 ] end=5799936 piso=18541056
COUNTS id=[ 256, 44193 ] end=3309568 piso=14159360
COUNTS id=[ 256, 44194 ] end=98304 piso=29722624
COUNTS id=[ 256, 44195 ] end=7176192 piso=22050816
COUNTS id=[ 256, 44196 ] end=7176192 piso=25165824
COUNTS id=[ 256, 44197 ] end=4554752 piso=34603008
COUNTS id=[ 256, 44198 ] end=2195456 piso=16123904
COUNTS id=[ 256, 44199 ] end=4554752 piso=23980032
COUNTS id=[ 256, 44200 ] end=4554752 piso=16224256
COUNTS id=[ 256, 44201 ] end=7176192 piso=38395904
COUNTS id=[ 256, 44202 ] end=2129920 piso=13836800
COUNTS id=[ 256, 44203 ] end=1671168 piso=11630080
COUNTS id=[ 256, 44204 ] end=1671168 piso=13439488
COUNTS id=[ 256, 44205 ] end=1671168 piso=10473984
COUNTS id=[ 256, 44206 ] end=1671168 piso=10958336
COUNTS id=[ 256, 44207 ] end=851968 piso=12977152
COUNTS id=[ 256, 44208 ] end=3080192 piso=13758464
COUNTS id=[ 256, 44209 ] end=458752 piso=11960320
COUNTS id=[ 256, 44210 ] end=2686976 piso=11510784
COUNTS id=[ 256, 44211 ] end=3112960 piso=10462208
COUNTS id=[ 256, 44212 ] end=4161536 piso=13367808
COUNTS id=[ 256, 44213 ] end=2129920 piso=11041280
COUNTS id=[ 256, 44214 ] end=2129920 piso=11164160
COUNTS id=[ 256, 44215 ] end=98304 piso=13146624
COUNTS id=[ 256, 44216 ] end=2129920 piso=10418688
COUNTS id=[ 256, 44217 ] end=98304 piso=11733504
COUNTS id=[ 256, 44218 ] end=4161536 piso=12958208
COUNTS id=[ 256, 44219 ] end=2129920 piso=11069952
COUNTS id=[ 256, 44220 ] end=1081344 piso=9857536
COUNTS id=[ 256, 44221 ] end=3112960 piso=11357696
COUNTS id=[ 256, 44222 ] end=1081344 piso=9426432
COUNTS id=[ 256, 44223 ] end=3112960 piso=10834432
COUNTS id=[ 256, 44224 ] end=4128768 piso=11346432
COUNTS id=[ 256, 44225 ] end=2097152 piso=10087936
COUNTS id=[ 256, 44226 ] end=2097152 piso=8913408
COUNTS id=[ 256, 44227 ] end=4128768 piso=10440192
COUNTS id=[ 256, 44228 ] end=1081344 piso=10500608
COUNTS id=[ 256, 44229 ] end=5144576 piso=13092352
COUNTS id=[ 256, 44230 ] end=3112960 piso=9497088
COUNTS id=[ 256, 44231 ] end=3112960 piso=9106944
COUNTS id=[ 256, 44232 ] end=4128768 piso=11842560
COUNTS id=[ 256, 44233 ] end=2097152 piso=9123840
COUNTS id=[ 256, 44234 ] end=2097152 piso=8613888
COUNTS id=[ 256, 44235 ] end=4128768 piso=10297856
COUNTS id=[ 256, 44236 ] end=2097152 piso=9304576
COUNTS id=[ 256, 44237 ] end=5144576 piso=14063616
COUNTS id=[ 256, 44238 ] end=3112960 piso=8962560
COUNTS id=[ 256, 44239 ] end=1081344 piso=9302528
COUNTS id=[ 256, 44240 ] end=3112960 piso=9461760
COUNTS id=[ 256, 44241 ] end=3112960 piso=9024512
COUNTS id=[ 256, 44242 ] end=2097152 piso=10186752
COUNTS id=[ 256, 44243 ] end=65536 piso=11298816
COUNTS id=[ 256, 44244 ] end=2097152 piso=10469376
COUNTS id=[ 256, 44245 ] end=2097152 piso=9065984
COUNTS id=[ 256, 44246 ] end=2097152 piso=10442240
COUNTS id=[ 256, 44247 ] end=3112960 piso=11077632
COUNTS id=[ 256, 44248 ] end=1081344 piso=10425856
COUNTS id=[ 256, 44249 ] end=1081344 piso=9254400
COUNTS id=[ 256, 44250 ] end=3112960 piso=10494976
COUNTS id=[ 256, 44251 ] end=1081344 piso=9687040
COUNTS id=[ 256, 44252 ] end=35618816 piso=50552320
COUNTS id=[ 256, 44253 ] end=3112960 piso=10418688
COUNTS id=[ 256, 44254 ] end=3112960 piso=10891776
COUNTS id=[ 256, 44255 ] end=3112960 piso=10115072
COUNTS id=[ 256, 44256 ] end=1081344 piso=9790464
COUNTS id=[ 256, 44257 ] end=4128768 piso=13437440
COUNTS id=[ 256, 44258 ] end=2097152 piso=9317888
COUNTS id=[ 256, 44259 ] end=2097152 piso=9428480
COUNTS id=[ 256, 44260 ] end=4128768 piso=11329536
COUNTS id=[ 256, 44261 ] end=2097152 piso=9522176
COUNTS id=[ 256, 44262 ] end=35618816 piso=50307584
COUNTS id=[ 256, 44263 ] end=3112960 piso=11078144
COUNTS id=[ 256, 44264 ] end=5144576 piso=15895040
COUNTS id=[ 256, 44265 ] end=3112960 piso=10102784
COUNTS id=[ 256, 44266 ] end=3112960 piso=11963392
COUNTS id=[ 256, 44267 ] end=4128768 piso=13497856
COUNTS id=[ 256, 44268 ] end=4128768 piso=12916224
COUNTS id=[ 256, 44269 ] end=2097152 piso=9930240
COUNTS id=[ 256, 44270 ] end=4128768 piso=13172736
COUNTS id=[ 256, 44271 ] end=4128768 piso=11299840
COUNTS id=[ 256, 44272 ] end=1081344 piso=9867776
PROGRESS checked=2200 hits=0 reversed=0 runtime_ms=18332958
COUNTS id=[ 256, 44273 ] end=5144576 piso=13934080
COUNTS id=[ 256, 44274 ] end=5144576 piso=13771264
COUNTS id=[ 256, 44275 ] end=3112960 piso=12336640
COUNTS id=[ 256, 44276 ] end=3112960 piso=9262080
COUNTS id=[ 256, 44277 ] end=3112960 piso=10146816
COUNTS id=[ 256, 44278 ] end=3112960 piso=10074112
COUNTS id=[ 256, 44279 ] end=5144576 piso=16236544
COUNTS id=[ 256, 44280 ] end=3112960 piso=11101696
COUNTS id=[ 256, 44281 ] end=1081344 piso=9441792
COUNTS id=[ 256, 44282 ] end=3112960 piso=9925120
COUNTS id=[ 256, 44283 ] end=3112960 piso=10610176
COUNTS id=[ 256, 44284 ] end=1081344 piso=9919488
COUNTS id=[ 256, 44285 ] end=3112960 piso=8973312
COUNTS id=[ 256, 44286 ] end=3112960 piso=9793536
COUNTS id=[ 256, 44287 ] end=3112960 piso=10129408
COUNTS id=[ 256, 44288 ] end=2097152 piso=10149888
COUNTS id=[ 256, 44289 ] end=2097152 piso=12070912
COUNTS id=[ 256, 44290 ] end=65536 piso=11134976
COUNTS id=[ 256, 44291 ] end=2097152 piso=10652672
COUNTS id=[ 256, 44292 ] end=65536 piso=11454976
COUNTS id=[ 256, 44293 ] end=2097152 piso=9607680
COUNTS id=[ 256, 44294 ] end=2097152 piso=9302528
COUNTS id=[ 256, 44295 ] end=2097152 piso=11308544
COUNTS id=[ 256, 44296 ] end=2097152 piso=10298368
COUNTS id=[ 256, 44297 ] end=4128768 piso=11813888
COUNTS id=[ 256, 44298 ] end=4128768 piso=10622976
COUNTS id=[ 256, 44299 ] end=65536 piso=12137472
COUNTS id=[ 256, 44300 ] end=2097152 piso=8971776
COUNTS id=[ 256, 44301 ] end=2097152 piso=9063936
COUNTS id=[ 256, 44302 ] end=2097152 piso=9606656
COUNTS id=[ 256, 44303 ] end=4128768 piso=11217408
COUNTS id=[ 256, 44304 ] end=5799936 piso=34294272
COUNTS id=[ 256, 44305 ] end=5832704 piso=36157952
COUNTS id=[ 256, 44306 ] end=7143424 piso=22829056
COUNTS id=[ 256, 44307 ] end=4521984 piso=16481280
COUNTS id=[ 256, 44308 ] end=4521984 piso=17587200
COUNTS id=[ 256, 44309 ] end=2162688 piso=14202880
COUNTS id=[ 256, 44310 ] end=5799936 piso=35432448
COUNTS id=[ 256, 44311 ] end=5799936 piso=19446784
COUNTS id=[ 256, 44312 ] end=5799936 piso=17398784
COUNTS id=[ 256, 44313 ] end=1081344 piso=17913856
COUNTS id=[ 256, 44314 ] end=3342336 piso=36817408
COUNTS id=[ 256, 44315 ] end=5799936 piso=35527168
COUNTS id=[ 256, 44316 ] end=4521984 piso=16289792
COUNTS id=[ 256, 44317 ] end=4521984 piso=19457024
COUNTS id=[ 256, 44318 ] end=2162688 piso=17184768
COUNTS id=[ 256, 44319 ] end=2162688 piso=14257152
COUNTS id=[ 256, 44320 ] end=3309568 piso=16552960
COUNTS id=[ 256, 44321 ] end=5799936 piso=20277248
COUNTS id=[ 256, 44322 ] end=3309568 piso=15795200
COUNTS id=[ 256, 44323 ] end=1081344 piso=25450496
COUNTS id=[ 256, 44324 ] end=2129920 piso=27045888
COUNTS id=[ 256, 44325 ] end=4161536 piso=23408640
COUNTS id=[ 256, 44326 ] end=4161536 piso=25077760
COUNTS id=[ 256, 44327 ] end=2129920 piso=25528320
COUNTS id=[ 256, 44328 ] end=3112960 piso=10100736
COUNTS id=[ 256, 44329 ] end=1081344 piso=10143744
COUNTS id=[ 256, 44330 ] end=3112960 piso=10753024
COUNTS id=[ 256, 44331 ] end=1081344 piso=9317376
COUNTS id=[ 256, 44332 ] end=2097152 piso=10287616
COUNTS id=[ 256, 44333 ] end=2097152 piso=9464320
COUNTS id=[ 256, 44334 ] end=4128768 piso=12158464
COUNTS id=[ 256, 44335 ] end=65536 piso=11486720
COUNTS id=[ 256, 44336 ] end=2129920 piso=22884352
COUNTS id=[ 256, 44337 ] end=1081344 piso=10185728
COUNTS id=[ 256, 44338 ] end=1081344 piso=10025984
COUNTS id=[ 256, 44339 ] end=65536 piso=12782080
COUNTS id=[ 256, 44340 ] end=2097152 piso=9193984
COUNTS id=[ 256, 44341 ] end=4128768 piso=14478848
COUNTS id=[ 256, 44342 ] end=4128768 piso=12317184
COUNTS id=[ 256, 44343 ] end=4128768 piso=13242368
COUNTS id=[ 256, 44344 ] end=2097152 piso=11365376
COUNTS id=[ 256, 44345 ] end=5144576 piso=16377856
COUNTS id=[ 256, 44346 ] end=3112960 piso=26261504
COUNTS id=[ 256, 44347 ] end=3112960 piso=13529600
COUNTS id=[ 256, 44348 ] end=3112960 piso=10995200
COUNTS id=[ 256, 44349 ] end=2097152 piso=9648640
COUNTS id=[ 256, 44350 ] end=4128768 piso=11767296
COUNTS id=[ 256, 44351 ] end=2097152 piso=9768960
COUNTS id=[ 256, 44352 ] end=2097152 piso=10208256
COUNTS id=[ 256, 44353 ] end=3112960 piso=10952704
COUNTS id=[ 256, 44354 ] end=3112960 piso=10921984
COUNTS id=[ 256, 44355 ] end=3112960 piso=11088384
COUNTS id=[ 256, 44356 ] end=1081344 piso=10235392
COUNTS id=[ 256, 44357 ] end=1081344 piso=11038720
COUNTS id=[ 256, 44358 ] end=1081344 piso=10020864
COUNTS id=[ 256, 44359 ] end=3112960 piso=11344384
COUNTS id=[ 256, 44360 ] end=1081344 piso=10444288
COUNTS id=[ 256, 44361 ] end=2097152 piso=11022336
COUNTS id=[ 256, 44362 ] end=2097152 piso=10422272
COUNTS id=[ 256, 44363 ] end=2097152 piso=11187712
COUNTS id=[ 256, 44364 ] end=65536 piso=12812800
COUNTS id=[ 256, 44365 ] end=1081344 piso=11378688
COUNTS id=[ 256, 44366 ] end=3112960 piso=9390080
COUNTS id=[ 256, 44367 ] end=3112960 piso=9239040
COUNTS id=[ 256, 44368 ] end=3112960 piso=10313216
COUNTS id=[ 256, 44369 ] end=4128768 piso=10953728
COUNTS id=[ 256, 44370 ] end=2097152 piso=10644480
COUNTS id=[ 256, 44371 ] end=2097152 piso=11477504
COUNTS id=[ 256, 44372 ] end=2097152 piso=10503680
PROGRESS checked=2300 hits=0 reversed=0 runtime_ms=18937373
COUNTS id=[ 256, 44373 ] end=3112960 piso=12497408
COUNTS id=[ 256, 44374 ] end=3112960 piso=9895424
COUNTS id=[ 256, 44375 ] end=3112960 piso=9949696
COUNTS id=[ 256, 44376 ] end=3112960 piso=12875776
COUNTS id=[ 256, 44377 ] end=3112960 piso=11493376
COUNTS id=[ 256, 44378 ] end=1081344 piso=10063872
COUNTS id=[ 256, 44379 ] end=3112960 piso=11197952
COUNTS id=[ 256, 44380 ] end=5144576 piso=15026688
COUNTS id=[ 256, 44381 ] end=3112960 piso=10252800
COUNTS id=[ 256, 44382 ] end=5144576 piso=14850048
COUNTS id=[ 256, 44383 ] end=5144576 piso=13735936
COUNTS id=[ 256, 44384 ] end=1081344 piso=11362304
COUNTS id=[ 256, 44385 ] end=2097152 piso=9745408
COUNTS id=[ 256, 44386 ] end=2097152 piso=9174016
COUNTS id=[ 256, 44387 ] end=4128768 piso=13453312
COUNTS id=[ 256, 44388 ] end=2097152 piso=12297728
COUNTS id=[ 256, 44389 ] end=4128768 piso=11984384
COUNTS id=[ 256, 44390 ] end=4128768 piso=11834880
COUNTS id=[ 256, 44391 ] end=65536 piso=12437504
COUNTS id=[ 256, 44392 ] end=2097152 piso=9197568
COUNTS id=[ 256, 44393 ] end=2097152 piso=9668608
COUNTS id=[ 256, 44394 ] end=2097152 piso=10574336
COUNTS id=[ 256, 44395 ] end=2097152 piso=11172352
COUNTS id=[ 256, 44396 ] end=65536 piso=12207616
COUNTS id=[ 256, 44397 ] end=36110336 piso=72456704
COUNTS id=[ 256, 44398 ] end=37421056 piso=60534784
COUNTS id=[ 256, 44399 ] end=4521984 piso=16454656
COUNTS id=[ 256, 44400 ] end=34799616 piso=52126720
COUNTS id=[ 256, 44401 ] end=2162688 piso=15417344
COUNTS id=[ 256, 44402 ] end=3309568 piso=15028224
COUNTS id=[ 256, 44403 ] end=70942720 piso=170329088
COUNTS id=[ 256, 44404 ] end=3309568 piso=18011136
COUNTS id=[ 256, 44405 ] end=3309568 piso=14307328
COUNTS id=[ 256, 44406 ] end=38862848 piso=77699584
COUNTS id=[ 256, 44407 ] end=40304640 piso=73179136
COUNTS id=[ 256, 44408 ] end=4521984 piso=15021056
COUNTS id=[ 256, 44409 ] end=37421056 piso=56621056
COUNTS id=[ 256, 44410 ] end=2162688 piso=14208000
COUNTS id=[ 256, 44411 ] end=5799936 piso=18420736
COUNTS id=[ 256, 44412 ] end=69107712 piso=164100096
COUNTS id=[ 256, 44413 ] end=5799936 piso=16352256
COUNTS id=[ 256, 44414 ] end=3309568 piso=13756416
COUNTS id=[ 256, 44415 ] end=4161536 piso=28061696
COUNTS id=[ 256, 44416 ] end=5144576 piso=14143488
COUNTS id=[ 256, 44417 ] end=1081344 piso=10518528
COUNTS id=[ 256, 44418 ] end=2097152 piso=9278976
COUNTS id=[ 256, 44419 ] end=4128768 piso=13436416
COUNTS id=[ 256, 44420 ] end=4128768 piso=11202048
COUNTS id=[ 256, 44421 ] end=4128768 piso=11827712
COUNTS id=[ 256, 44422 ] end=34603008 piso=45386752
COUNTS id=[ 256, 44423 ] end=3112960 piso=10461184
COUNTS id=[ 256, 44424 ] end=35618816 piso=48891392
COUNTS id=[ 256, 44425 ] end=1081344 piso=10277376
COUNTS id=[ 256, 44426 ] end=36634624 piso=55095808
COUNTS id=[ 256, 44427 ] end=34603008 piso=49251840
COUNTS id=[ 256, 44428 ] end=34603008 piso=48774144
COUNTS id=[ 256, 44429 ] end=68124672 piso=162166784
COUNTS id=[ 256, 44430 ] end=35618816 piso=52755968
COUNTS id=[ 256, 44431 ] end=3112960 piso=12409344
COUNTS id=[ 256, 44432 ] end=3112960 piso=10238976
COUNTS id=[ 256, 44433 ] end=3112960 piso=10218496
COUNTS id=[ 256, 44434 ] end=5144576 piso=13829632
COUNTS id=[ 256, 44435 ] end=6160384 piso=17945600
COUNTS id=[ 256, 44436 ] end=2097152 piso=9722880
COUNTS id=[ 256, 44437 ] end=2097152 piso=9808384
COUNTS id=[ 256, 44438 ] end=3112960 piso=9427968
COUNTS id=[ 256, 44439 ] end=1081344 piso=10646528
COUNTS id=[ 256, 44440 ] end=3112960 piso=10061312
COUNTS id=[ 256, 44441 ] end=4128768 piso=12748800
COUNTS id=[ 256, 44442 ] end=2097152 piso=9318400
COUNTS id=[ 256, 44443 ] end=4128768 piso=11975168
COUNTS id=[ 256, 44444 ] end=35618816 piso=48953856
COUNTS id=[ 256, 44445 ] end=35618816 piso=52856320
COUNTS id=[ 256, 44446 ] end=5144576 piso=14681088
COUNTS id=[ 256, 44447 ] end=3112960 piso=11250688
COUNTS id=[ 256, 44448 ] end=5144576 piso=15631872
COUNTS id=[ 256, 44449 ] end=3112960 piso=10021376
COUNTS id=[ 256, 44450 ] end=3112960 piso=11117568
COUNTS id=[ 256, 44451 ] end=3112960 piso=9292800
COUNTS id=[ 256, 44452 ] end=2097152 piso=10224640
COUNTS id=[ 256, 44453 ] end=2097152 piso=10537984
COUNTS id=[ 256, 44454 ] end=2097152 piso=9589248
COUNTS id=[ 256, 44455 ] end=34603008 piso=49707520
COUNTS id=[ 256, 44456 ] end=4128768 piso=10498048
COUNTS id=[ 256, 44457 ] end=2097152 piso=10692608
COUNTS id=[ 256, 44458 ] end=2097152 piso=9879040
COUNTS id=[ 256, 44459 ] end=36634624 piso=54803968
COUNTS id=[ 256, 44460 ] end=2129920 piso=24385536
COUNTS id=[ 256, 44461 ] end=4161536 piso=26490880
COUNTS id=[ 256, 44462 ] end=3112960 piso=10664960
COUNTS id=[ 256, 44463 ] end=1081344 piso=9503744
COUNTS id=[ 256, 44464 ] end=3112960 piso=10201088
COUNTS id=[ 256, 44465 ] end=1081344 piso=10211328
COUNTS id=[ 256, 44466 ] end=2097152 piso=10267136
COUNTS id=[ 256, 44467 ] end=2097152 piso=9447936
COUNTS id=[ 256, 44468 ] end=4128768 piso=12391936
COUNTS id=[ 256, 44469 ] end=65536 piso=11437568
COUNTS id=[ 256, 44470 ] end=1081344 piso=10773504
COUNTS id=[ 256, 44471 ] end=1081344 piso=10695680
COUNTS id=[ 256, 44472 ] end=65536 piso=11576832
PROGRESS checked=2400 hits=0 reversed=0 runtime_ms=19546294
COUNTS id=[ 256, 44473 ] end=2097152 piso=11855360
COUNTS id=[ 256, 44474 ] end=2097152 piso=10980864
COUNTS id=[ 256, 44475 ] end=2097152 piso=9123328
COUNTS id=[ 256, 44476 ] end=1081344 piso=12716544
COUNTS id=[ 256, 44477 ] end=1081344 piso=10478080
COUNTS id=[ 256, 44478 ] end=2097152 piso=10184192
COUNTS id=[ 256, 44479 ] end=4128768 piso=11810304
COUNTS id=[ 256, 44480 ] end=3112960 piso=11026944
COUNTS id=[ 256, 44481 ] end=1081344 piso=11268608
COUNTS id=[ 256, 44482 ] end=33587200 piso=46424064
COUNTS id=[ 256, 44483 ] end=3112960 piso=12513280
COUNTS id=[ 256, 44484 ] end=34603008 piso=49612800
COUNTS id=[ 256, 44485 ] end=4325376 piso=15026176
COUNTS id=[ 256, 44486 ] end=1081344 piso=10760192
COUNTS id=[ 256, 44487 ] end=3112960 piso=10076160
COUNTS id=[ 256, 44488 ] end=4128768 piso=11659264
COUNTS id=[ 256, 44489 ] end=2097152 piso=10987520
COUNTS id=[ 256, 44490 ] end=3112960 piso=10128384
COUNTS id=[ 256, 44491 ] end=3112960 piso=11096576
COUNTS id=[ 256, 44492 ] end=3112960 piso=12037120
COUNTS id=[ 256, 44493 ] end=1081344 piso=10117632
COUNTS id=[ 256, 44494 ] end=2097152 piso=10173952
COUNTS id=[ 256, 44495 ] end=2097152 piso=9699328
COUNTS id=[ 256, 44496 ] end=4128768 piso=10876416
COUNTS id=[ 256, 44497 ] end=6356992 piso=21340160
COUNTS id=[ 256, 44498 ] end=5144576 piso=13199360
COUNTS id=[ 256, 44499 ] end=1081344 piso=9746432
COUNTS id=[ 256, 44500 ] end=2097152 piso=9767424
COUNTS id=[ 256, 44501 ] end=4128768 piso=10611200
COUNTS id=[ 256, 44502 ] end=4128768 piso=10339840
COUNTS id=[ 256, 44503 ] end=5144576 piso=13300224
COUNTS id=[ 256, 44504 ] end=4128768 piso=11140608
COUNTS id=[ 256, 44505 ] end=1081344 piso=10484224
COUNTS id=[ 256, 44506 ] end=3112960 piso=10388480
COUNTS id=[ 256, 44507 ] end=36634624 piso=53837824
COUNTS id=[ 256, 44508 ] end=35618816 piso=49361920
COUNTS id=[ 256, 44509 ] end=4128768 piso=12009472
COUNTS id=[ 256, 44510 ] end=72417280 piso=191122944
COUNTS id=[ 256, 44511 ] end=7143424 piso=32181760
COUNTS id=[ 256, 44512 ] end=37421056 piso=72576512
COUNTS id=[ 256, 44513 ] end=4521984 piso=35991040
COUNTS id=[ 256, 44514 ] end=69533696 piso=160563712
COUNTS id=[ 256, 44515 ] end=4521984 piso=17306112
COUNTS id=[ 256, 44516 ] end=34799616 piso=49283584
COUNTS id=[ 256, 44517 ] end=2162688 piso=15938048
COUNTS id=[ 256, 44518 ] end=36110336 piso=73629696
COUNTS id=[ 256, 44519 ] end=5832704 piso=36986880
COUNTS id=[ 256, 44520 ] end=3309568 piso=18441216
COUNTS id=[ 256, 44521 ] end=3309568 piso=17765376
COUNTS id=[ 256, 44522 ] end=36077568 piso=56511488
COUNTS id=[ 256, 44523 ] end=5799936 piso=19356672
COUNTS id=[ 256, 44524 ] end=3309568 piso=14333952
COUNTS id=[ 256, 44525 ] end=7143424 piso=33808896
COUNTS id=[ 256, 44526 ] end=4521984 piso=33807872
COUNTS id=[ 256, 44527 ] end=4521984 piso=19279360
COUNTS id=[ 256, 44528 ] end=2162688 piso=14287360
COUNTS id=[ 256, 44529 ] end=5832704 piso=36356096
COUNTS id=[ 256, 44530 ] end=3407872 piso=37111808
COUNTS id=[ 256, 44531 ] end=3342336 piso=22972416
COUNTS id=[ 256, 44532 ] end=1114112 piso=25993216
COUNTS id=[ 256, 44533 ] end=3342336 piso=14981120
COUNTS id=[ 256, 44534 ] end=5832704 piso=22122496
COUNTS id=[ 256, 44535 ] end=1179648 piso=26451968
COUNTS id=[ 256, 44536 ] end=3342336 piso=14010368
COUNTS id=[ 256, 44537 ] end=35815424 piso=53450240
COUNTS id=[ 256, 44538 ] end=3309568 piso=13527552
COUNTS id=[ 256, 44539 ] end=35815424 piso=53249536
COUNTS id=[ 256, 44540 ] end=3309568 piso=13711872
COUNTS id=[ 256, 44541 ] end=33587200 piso=44152320
COUNTS id=[ 256, 44542 ] end=1081344 piso=10562048
COUNTS id=[ 256, 44543 ] end=33587200 piso=44258816
COUNTS id=[ 256, 44544 ] end=1081344 piso=10619392
COUNTS id=[ 256, 44545 ] end=2097152 piso=12068352
COUNTS id=[ 256, 44546 ] end=2097152 piso=11420160
COUNTS id=[ 256, 44547 ] end=2097152 piso=12528128
COUNTS id=[ 256, 44548 ] end=2097152 piso=10956288
COUNTS id=[ 256, 44549 ] end=2097152 piso=9620992
COUNTS id=[ 256, 44550 ] end=2097152 piso=9300480
COUNTS id=[ 256, 44551 ] end=2097152 piso=9884160
COUNTS id=[ 256, 44552 ] end=2097152 piso=9037312
COUNTS id=[ 256, 44553 ] end=5341184 piso=20058624
COUNTS id=[ 256, 44554 ] end=5341184 piso=16967168
COUNTS id=[ 256, 44555 ] end=5341184 piso=17010176
COUNTS id=[ 256, 44556 ] end=5537792 piso=21821952
COUNTS id=[ 256, 44557 ] end=3112960 piso=12184064
COUNTS id=[ 256, 44558 ] end=3112960 piso=10116608
COUNTS id=[ 256, 44559 ] end=3112960 piso=10094080
COUNTS id=[ 256, 44560 ] end=3112960 piso=12173824
COUNTS id=[ 256, 44561 ] end=4325376 piso=15111680
COUNTS id=[ 256, 44562 ] end=4128768 piso=13282816
COUNTS id=[ 256, 44563 ] end=4128768 piso=11298304
COUNTS id=[ 256, 44564 ] end=4128768 piso=12017152
COUNTS id=[ 256, 44565 ] end=70942720 piso=169849856
COUNTS id=[ 256, 44566 ] end=5799936 piso=20714496
COUNTS id=[ 256, 44567 ] end=36077568 piso=53145600
COUNTS id=[ 256, 44568 ] end=3309568 piso=17387520
COUNTS id=[ 256, 44569 ] end=70942720 piso=170096640
COUNTS id=[ 256, 44570 ] end=5799936 piso=21116928
COUNTS id=[ 256, 44571 ] end=36077568 piso=53144576
COUNTS id=[ 256, 44572 ] end=3309568 piso=17488896
PROGRESS checked=2500 hits=0 reversed=0 runtime_ms=20175305
COUNTS id=[ 256, 44573 ] end=37421056 piso=62385152
COUNTS id=[ 256, 44574 ] end=4554752 piso=17448960
COUNTS id=[ 256, 44575 ] end=4521984 piso=16040960
COUNTS id=[ 256, 44576 ] end=2162688 piso=23947264
COUNTS id=[ 256, 44577 ] end=34832384 piso=54116352
COUNTS id=[ 256, 44578 ] end=7143424 piso=24198144
COUNTS id=[ 256, 44579 ] end=4521984 piso=15602688
COUNTS id=[ 256, 44580 ] end=4096000 piso=16641024
COUNTS id=[ 256, 44581 ] end=3702784 piso=17290240
COUNTS id=[ 256, 44582 ] end=1867776 piso=12938240
COUNTS id=[ 256, 44583 ] end=2260992 piso=12993536
COUNTS id=[ 256, 44584 ] end=9994240 piso=30300160
COUNTS id=[ 256, 44585 ] end=4096000 piso=17178624
COUNTS id=[ 256, 44586 ] end=2260992 piso=13285376
COUNTS id=[ 256, 44587 ] end=2654208 piso=14303232
COUNTS id=[ 256, 44588 ] end=3080192 piso=13458432
COUNTS id=[ 256, 44589 ] end=3506176 piso=17070080
COUNTS id=[ 256, 44590 ] end=1245184 piso=16166912
COUNTS id=[ 256, 44591 ] end=851968 piso=12899328
COUNTS id=[ 256, 44592 ] end=3080192 piso=13237248
COUNTS id=[ 256, 44593 ] end=9011200 piso=29071360
COUNTS id=[ 256, 44594 ] end=851968 piso=12891136
COUNTS id=[ 256, 44595 ] end=34603008 piso=47155200
COUNTS id=[ 256, 44596 ] end=2097152 piso=10294272
COUNTS id=[ 256, 44597 ] end=34603008 piso=47193088
COUNTS id=[ 256, 44598 ] end=2097152 piso=10342400
COUNTS id=[ 256, 44599 ] end=34603008 piso=47106048
COUNTS id=[ 256, 44600 ] end=2097152 piso=10085376
COUNTS id=[ 256, 44601 ] end=34603008 piso=47250432
COUNTS id=[ 256, 44602 ] end=2097152 piso=10153984
COUNTS id=[ 256, 44603 ] end=3112960 piso=10707456
COUNTS id=[ 256, 44604 ] end=1081344 piso=10052096
COUNTS id=[ 256, 44605 ] end=3112960 piso=11457024
COUNTS id=[ 256, 44606 ] end=1081344 piso=9548288
COUNTS id=[ 256, 44607 ] end=1081344 piso=10191360
COUNTS id=[ 256, 44608 ] end=3112960 piso=11133440
COUNTS id=[ 256, 44609 ] end=1081344 piso=10641920
COUNTS id=[ 256, 44610 ] end=3112960 piso=9806336
COUNTS id=[ 256, 44611 ] end=2097152 piso=11996160
COUNTS id=[ 256, 44612 ] end=2097152 piso=9711616
COUNTS id=[ 256, 44613 ] end=2097152 piso=9917440
COUNTS id=[ 256, 44614 ] end=2097152 piso=11917312
COUNTS id=[ 256, 44615 ] end=1081344 piso=10036736
COUNTS id=[ 256, 44616 ] end=1081344 piso=10409472
COUNTS id=[ 256, 44617 ] end=35848192 piso=59815936
COUNTS id=[ 256, 44618 ] end=5341184 piso=19043328
COUNTS id=[ 256, 44619 ] end=3112960 piso=13374976
COUNTS id=[ 256, 44620 ] end=3309568 piso=14805504
COUNTS id=[ 256, 44621 ] end=35618816 piso=55169536
COUNTS id=[ 256, 44622 ] end=3112960 piso=11339264
COUNTS id=[ 256, 44623 ] end=3112960 piso=10189824
COUNTS id=[ 256, 44624 ] end=1081344 piso=11020288
COUNTS id=[ 256, 44625 ] end=37027840 piso=66047488
COUNTS id=[ 256, 44626 ] end=4325376 piso=17408512
COUNTS id=[ 256, 44627 ] end=4128768 piso=14597120
COUNTS id=[ 256, 44628 ] end=2097152 piso=12827648
