32 432
0 1 4 1 1 1
0 5 7 1 1 1
0 8 10 1 1 1
0 8 15 1 2 1
0 11 12 1 1 1
0 13 14 1 1 1
0 20 17 1 1 1
0 23 21 1 1 1
0 26 24 1 1 1
0 26 31 1 2 1
0 28 27 1 1 1
0 30 29 1 1 1
1 0 4 1 1 1
1 2 5 1 1 1
1 6 8 1 1 1
1 6 13 1 2 1
1 9 11 1 1 1
1 14 15 1 1 1
1 20 16 1 1 1
1 21 18 1 1 1
1 24 22 1 1 1
1 24 29 1 2 1
1 27 25 1 1 1
1 31 30 1 1 1
2 1 5 1 1 1
2 3 6 1 1 1
2 3 9 1 2 1
2 4 7 1 1 1
2 11 13 1 1 1
2 12 14 1 1 1
2 21 17 1 1 1
2 22 19 1 1 1
2 22 25 1 2 1
2 23 20 1 1 1
2 29 27 1 1 1
2 30 28 1 1 1
3 2 6 1 1 1
3 2 9 2 1 1
3 5 8 1 1 1
3 5 11 2 1 1
3 6 9 1 1 2
3 7 10 1 1 1
3 7 12 2 1 1
3 8 11 1 1 2
3 10 12 1 1 2
3 22 18 1 1 2
3 24 21 1 1 2
3 25 22 1 1 1
3 25 18 2 1 1
3 26 23 1 1 2
3 27 24 1 1 1
3 27 21 2 1 1
3 28 26 1 1 1
3 28 23 2 1 1
4 2 7 1 1 1
4 6 10 1 1 1
4 6 14 1 2 1
4 9 12 1 1 1
4 13 15 1 1 1
4 16 1 1 1 1
4 17 0 1 1 1
4 23 18 1 1 1
4 26 22 1 1 1
4 26 30 1 2 1
4 28 25 1 1 1
4 31 29 1 1 1
5 0 7 1 1 1
5 3 8 1 1 1
5 3 11 1 2 1
5 9 13 1 1 1
5 12 15 1 1 1
5 17 2 1 1 1
5 18 1 1 1 1
5 23 16 1 1 1
5 24 19 1 1 1
5 24 27 1 2 1
5 29 25 1 1 1
5 31 28 1 1 1
6 1 8 1 1 1
6 1 13 2 1 1
6 3 9 1 1 2
6 4 10 1 1 1
6 4 14 2 1 1
6 8 13 1 1 2
6 10 14 1 1 2
6 18 3 1 1 1
6 18 9 2 1 1
6 19 2 1 1 2
6 24 17 1 1 2
6 25 19 1 1 1
6 25 2 2 1 1
6 26 20 1 1 2
6 29 24 1 1 1
6 29 17 2 1 1
6 30 26 1 1 1
6 30 20 2 1 1
7 3 10 1 1 1
7 3 12 1 2 1
7 9 14 1 1 1
7 11 15 1 1 1
7 16 5 1 1 1
7 18 4 1 1 1
7 20 2 1 1 1
7 21 0 1 1 1
7 26 19 1 1 1
7 26 28 1 2 1
7 30 25 1 1 1
7 31 27 1 1 1
8 0 10 1 1 1
8 0 15 2 1 1
8 3 11 1 1 2
8 6 13 1 1 2
8 10 15 1 1 2
8 17 6 1 1 1
8 17 13 2 1 1
8 19 5 1 1 2
8 21 3 1 1 1
8 21 11 2 1 1
8 22 1 1 1 2
8 26 16 1 1 2
8 27 19 1 1 1
8 27 5 2 1 1
8 29 22 1 1 1
8 29 1 2 1 1
8 31 26 1 1 1
8 31 16 2 1 1
9 1 11 1 1 1
9 4 12 1 1 1
9 5 13 1 1 1
9 7 14 1 1 1
9 19 6 1 1 1
9 19 2 1 2 1
9 22 3 1 1 1
9 22 18 1 2 1
9 27 17 1 1 1
9 28 20 1 1 1
9 29 21 1 1 1
9 30 23 1 1 1
10 3 12 1 1 2
10 6 14 1 1 2
10 8 15 1 1 2
10 16 8 1 1 1
10 16 15 2 1 1
10 19 7 1 1 2
10 20 6 1 1 1
10 20 14 2 1 1
10 22 4 1 1 2
10 23 3 1 1 1
10 23 12 2 1 1
10 24 0 1 1 2
10 28 19 1 1 1
10 28 7 2 1 1
10 30 22 1 1 1
10 30 4 2 1 1
10 31 24 1 1 1
10 31 0 2 1 1
11 0 12 1 1 1
11 2 13 1 1 1
11 7 15 1 1 1
11 17 9 1 1 1
11 19 8 1 1 1
11 19 5 1 2 1
11 24 3 1 1 1
11 24 21 1 2 1
11 25 1 1 1 1
11 28 16 1 1 1
11 29 18 1 1 1
11 31 23 1 1 1
12 2 14 1 1 1
12 5 15 1 1 1
12 16 11 1 1 1
12 19 10 1 1 1
12 19 7 1 2 1
12 20 9 1 1 1
12 25 4 1 1 1
12 26 3 1 1 1
12 26 23 1 2 1
12 27 0 1 1 1
12 30 18 1 1 1
12 31 21 1 1 1
13 0 14 1 1 1
13 4 15 1 1 1
13 18 11 1 1 1
13 21 9 1 1 1
13 22 8 1 1 1
13 22 1 1 2 1
13 24 6 1 1 1
13 24 17 1 2 1
13 25 5 1 1 1
13 27 2 1 1 1
13 30 16 1 1 1
13 31 20 1 1 1
14 1 15 1 1 1
14 16 13 1 1 1
14 18 12 1 1 1
14 22 10 1 1 1
14 22 4 1 2 1
14 23 9 1 1 1
14 25 7 1 1 1
14 26 6 1 1 1
14 26 20 1 2 1
14 28 2 1 1 1
14 29 0 1 1 1
14 31 17 1 1 1
15 17 14 1 1 1
15 20 13 1 1 1
15 21 12 1 1 1
15 23 11 1 1 1
15 24 10 1 1 1
15 24 0 1 2 1
15 26 8 1 1 1
15 26 16 1 2 1
15 27 7 1 1 1
15 28 5 1 1 1
15 29 4 1 1 1
15 30 1 1 1 1
16 4 1 1 1 1
16 7 5 1 1 1
16 10 8 1 1 1
16 10 15 1 2 1
16 12 11 1 1 1
16 14 13 1 1 1
16 17 20 1 1 1
16 21 23 1 1 1
16 24 26 1 1 1
16 24 31 1 2 1
16 27 28 1 1 1
16 29 30 1 1 1
17 4 0 1 1 1
17 5 2 1 1 1
17 8 6 1 1 1
17 8 13 1 2 1
17 11 9 1 1 1
17 15 14 1 1 1
17 16 20 1 1 1
17 18 21 1 1 1
17 22 24 1 1 1
17 22 29 1 2 1
17 25 27 1 1 1
17 30 31 1 1 1
18 5 1 1 1 1
18 6 3 1 1 1
18 6 9 1 2 1
18 7 4 1 1 1
18 13 11 1 1 1
18 14 12 1 1 1
18 17 21 1 1 1
18 19 22 1 1 1
18 19 25 1 2 1
18 20 23 1 1 1
18 27 29 1 1 1
18 28 30 1 1 1
19 6 2 1 1 2
19 8 5 1 1 2
19 9 6 1 1 1
19 9 2 2 1 1
19 10 7 1 1 2
19 11 8 1 1 1
19 11 5 2 1 1
19 12 10 1 1 1
19 12 7 2 1 1
19 18 22 1 1 1
19 18 25 2 1 1
19 21 24 1 1 1
19 21 27 2 1 1
19 22 25 1 1 2
19 23 26 1 1 1
19 23 28 2 1 1
19 24 27 1 1 2
19 26 28 1 1 2
20 0 17 1 1 1
20 1 16 1 1 1
20 7 2 1 1 1
20 10 6 1 1 1
20 10 14 1 2 1
20 12 9 1 1 1
20 15 13 1 1 1
20 18 23 1 1 1
20 22 26 1 1 1
20 22 30 1 2 1
20 25 28 1 1 1
20 29 31 1 1 1
21 1 18 1 1 1
21 2 17 1 1 1
21 7 0 1 1 1
21 8 3 1 1 1
21 8 11 1 2 1
21 13 9 1 1 1
21 15 12 1 1 1
21 16 23 1 1 1
21 19 24 1 1 1
21 19 27 1 2 1
21 25 29 1 1 1
21 28 31 1 1 1
22 2 19 1 1 1
22 2 25 2 1 1
22 3 18 1 1 2
22 8 1 1 1 2
22 9 3 1 1 1
22 9 18 2 1 1
22 10 4 1 1 2
22 13 8 1 1 1
22 13 1 2 1 1
22 14 10 1 1 1
22 14 4 2 1 1
22 17 24 1 1 1
22 17 29 2 1 1
22 19 25 1 1 2
22 20 26 1 1 1
22 20 30 2 1 1
22 24 29 1 1 2
22 26 30 1 1 2
23 0 21 1 1 1
23 2 20 1 1 1
23 4 18 1 1 1
23 5 16 1 1 1
23 10 3 1 1 1
23 10 12 1 2 1
23 14 9 1 1 1
23 15 11 1 1 1
23 19 26 1 1 1
23 19 28 1 2 1
23 25 30 1 1 1
23 27 31 1 1 1
24 1 22 1 1 1
24 1 29 2 1 1
24 3 21 1 1 2
24 5 19 1 1 1
24 5 27 2 1 1
24 6 17 1 1 2
24 10 0 1 1 2
24 11 3 1 1 1
24 11 21 2 1 1
24 13 6 1 1 1
24 13 17 2 1 1
24 15 10 1 1 1
24 15 0 2 1 1
24 16 26 1 1 1
24 16 31 2 1 1
24 19 27 1 1 2
24 22 29 1 1 2
24 26 31 1 1 2
25 3 22 1 1 1
25 3 18 1 2 1
25 6 19 1 1 1
25 6 2 1 2 1
25 11 1 1 1 1
25 12 4 1 1 1
25 13 5 1 1 1
25 14 7 1 1 1
25 17 27 1 1 1
25 20 28 1 1 1
25 21 29 1 1 1
25 23 30 1 1 1
26 0 24 1 1 1
26 0 31 2 1 1
26 3 23 1 1 2
26 4 22 1 1 1
26 4 30 2 1 1
26 6 20 1 1 2
26 7 19 1 1 1
26 7 28 2 1 1
26 8 16 1 1 2
26 12 3 1 1 1
26 12 23 2 1 1
26 14 6 1 1 1
26 14 20 2 1 1
26 15 8 1 1 1
26 15 16 2 1 1
26 19 28 1 1 2
26 22 30 1 1 2
26 24 31 1 1 2
27 1 25 1 1 1
27 3 24 1 1 1
27 3 21 1 2 1
27 8 19 1 1 1
27 8 5 1 2 1
27 9 17 1 1 1
27 12 0 1 1 1
27 13 2 1 1 1
27 15 7 1 1 1
27 16 28 1 1 1
27 18 29 1 1 1
27 23 31 1 1 1
28 0 27 1 1 1
28 3 26 1 1 1
28 3 23 1 2 1
28 4 25 1 1 1
28 9 20 1 1 1
28 10 19 1 1 1
28 10 7 1 2 1
28 11 16 1 1 1
28 14 2 1 1 1
28 15 5 1 1 1
28 18 30 1 1 1
28 21 31 1 1 1
29 2 27 1 1 1
29 5 25 1 1 1
29 6 24 1 1 1
29 6 17 1 2 1
29 8 22 1 1 1
29 8 1 1 2 1
29 9 21 1 1 1
29 11 18 1 1 1
29 14 0 1 1 1
29 15 4 1 1 1
29 16 30 1 1 1
29 20 31 1 1 1
30 0 29 1 1 1
30 2 28 1 1 1
30 6 26 1 1 1
30 6 20 1 2 1
30 7 25 1 1 1
30 9 23 1 1 1
30 10 22 1 1 1
30 10 4 1 2 1
30 12 18 1 1 1
30 13 16 1 1 1
30 15 1 1 1 1
30 17 31 1 1 1
31 1 30 1 1 1
31 4 29 1 1 1
31 5 28 1 1 1
31 7 27 1 1 1
31 8 26 1 1 1
31 8 16 1 2 1
31 10 24 1 1 1
31 10 0 1 2 1
31 11 23 1 1 1
31 12 21 1 1 1
31 13 20 1 1 1
31 14 17 1 1 1
7176
0 2 6 1 1 4 1 4 1 17 1 17 1 20 1
0 2 6 1 1 4 1 7 1 17 1 20 1 21 1
0 4 6 1 1 4 1 10 1 17 1 20 1 24 1
0 2 6 1 1 4 1 10 2 17 1 20 1 31 1
0 2 6 1 1 4 1 12 1 17 1 20 1 27 1
0 2 6 1 1 4 1 14 1 17 1 20 1 29 1
0 2 6 1 1 4 1 15 1 17 1 20 1 24 2
0 1 4 1 1 4 2 17 2 20 1
0 2 6 1 1 7 1 7 1 20 1 21 1 21 1
0 4 6 1 1 7 1 10 1 20 1 21 1 24 1
0 2 6 1 1 7 1 10 2 20 1 21 1 31 1
0 2 6 1 1 7 1 12 1 20 1 21 1 27 1
0 2 6 1 1 7 1 14 1 20 1 21 1 29 1
0 2 6 1 1 7 1 15 1 20 1 21 1 24 2
0 1 4 1 1 7 2 20 1 21 2
0 8 6 1 1 10 1 10 1 20 1 24 1 24 1
0 4 6 1 1 10 1 10 2 20 1 24 1 31 1
0 4 6 1 1 10 1 12 1 20 1 24 1 27 1
0 4 6 1 1 10 1 14 1 20 1 24 1 29 1
0 4 6 1 1 10 1 15 1 20 1 24 1 24 2
0 2 6 1 1 10 2 10 2 20 1 31 1 31 1
0 2 6 1 1 10 2 12 1 20 1 27 1 31 1
0 2 6 1 1 10 2 14 1 20 1 29 1 31 1
0 2 6 1 1 10 2 15 1 20 1 24 2 31 1
0 4 4 1 1 10 2 20 1 24 2
0 1 4 1 1 10 4 20 1 31 2
0 2 6 1 1 12 1 12 1 20 1 27 1 27 1
0 2 6 1 1 12 1 14 1 20 1 27 1 29 1
0 2 6 1 1 12 1 15 1 20 1 24 2 27 1
0 1 4 1 1 12 2 20 1 27 2
0 2 6 1 1 14 1 14 1 20 1 29 1 29 1
0 2 6 1 1 14 1 15 1 20 1 24 2 29 1
0 1 4 1 1 14 2 20 1 29 2
0 2 6 1 1 15 1 15 1 20 1 24 2 24 2
0 1 4 1 1 15 2 20 1 24 4
0 2 6 4 1 4 1 5 1 17 1 17 1 23 1
0 4 6 4 1 4 1 8 1 17 1 17 1 26 1
0 2 6 4 1 4 1 8 2 17 1 17 1 31 1
0 2 6 4 1 4 1 11 1 17 1 17 1 28 1
0 2 6 4 1 4 1 13 1 17 1 17 1 30 1
0 2 6 4 1 4 1 15 1 17 1 17 1 26 2
0 2 6 4 1 5 1 7 1 17 1 21 1 23 1
0 4 6 4 1 5 1 10 1 17 1 23 1 24 1
0 2 6 4 1 5 1 10 2 17 1 23 1 31 1
0 2 6 4 1 5 1 12 1 17 1 23 1 27 1
0 2 6 4 1 5 1 14 1 17 1 23 1 29 1
0 2 6 4 1 5 1 15 1 17 1 23 1 24 2
0 4 6 4 1 7 1 8 1 17 1 21 1 26 1
0 2 6 4 1 7 1 8 2 17 1 21 1 31 1
0 2 6 4 1 7 1 11 1 17 1 21 1 28 1
0 2 6 4 1 7 1 13 1 17 1 21 1 30 1
0 2 6 4 1 7 1 15 1 17 1 21 1 26 2
0 8 6 4 1 8 1 10 1 17 1 24 1 26 1
0 4 6 4 1 8 1 10 2 17 1 26 1 31 1
0 4 6 4 1 8 1 12 1 17 1 26 1 27 1
0 4 6 4 1 8 1 14 1 17 1 26 1 29 1
0 4 6 4 1 8 1 15 1 17 1 24 2 26 1
0 4 6 4 1 8 2 10 1 17 1 24 1 31 1
0 2 6 4 1 8 2 10 2 17 1 31 1 31 1
0 2 6 4 1 8 2 12 1 17 1 27 1 31 1
0 2 6 4 1 8 2 14 1 17 1 29 1 31 1
0 2 6 4 1 8 2 15 1 17 1 24 2 31 1
0 4 6 4 1 10 1 11 1 17 1 24 1 28 1
0 4 6 4 1 10 1 13 1 17 1 24 1 30 1
0 4 6 4 1 10 1 15 1 17 1 24 1 26 2
0 2 6 4 1 10 2 11 1 17 1 28 1 31 1
0 2 6 4 1 10 2 13 1 17 1 30 1 31 1
0 2 6 4 1 10 2 15 1 17 1 26 2 31 1
0 2 6 4 1 11 1 12 1 17 1 27 1 28 1
0 2 6 4 1 11 1 14 1 17 1 28 1 29 1
0 2 6 4 1 11 1 15 1 17 1 24 2 28 1
0 2 6 4 1 12 1 13 1 17 1 27 1 30 1
0 2 6 4 1 12 1 15 1 17 1 26 2 27 1
0 2 6 4 1 13 1 14 1 17 1 29 1 30 1
0 2 6 4 1 13 1 15 1 17 1 24 2 30 1
0 2 6 4 1 14 1 15 1 17 1 26 2 29 1
0 2 6 4 1 15 1 15 1 17 1 24 2 26 2
0 1 4 4 2 5 1 17 2 23 1
0 2 4 4 2 8 1 17 2 26 1
0 1 4 4 2 8 2 17 2 31 1
0 1 4 4 2 11 1 17 2 28 1
0 1 4 4 2 13 1 17 2 30 1
0 1 4 4 2 15 1 17 2 26 2
0 2 6 5 1 7 1 7 1 21 1 21 1 23 1
0 4 6 5 1 7 1 10 1 21 1 23 1 24 1
0 2 6 5 1 7 1 10 2 21 1 23 1 31 1
0 2 6 5 1 7 1 12 1 21 1 23 1 27 1
0 2 6 5 1 7 1 14 1 21 1 23 1 29 1
0 2 6 5 1 7 1 15 1 21 1 23 1 24 2
0 1 4 5 1 7 2 21 2 23 1
0 8 6 5 1 10 1 10 1 23 1 24 1 24 1
0 4 6 5 1 10 1 10 2 23 1 24 1 31 1
0 4 6 5 1 10 1 12 1 23 1 24 1 27 1
0 4 6 5 1 10 1 14 1 23 1 24 1 29 1
0 4 6 5 1 10 1 15 1 23 1 24 1 24 2
0 2 6 5 1 10 2 10 2 23 1 31 1 31 1
0 2 6 5 1 10 2 12 1 23 1 27 1 31 1
0 2 6 5 1 10 2 14 1 23 1 29 1 31 1
0 2 6 5 1 10 2 15 1 23 1 24 2 31 1
0 4 4 5 1 10 2 23 1 24 2
0 1 4 5 1 10 4 23 1 31 2
0 2 6 5 1 12 1 12 1 23 1 27 1 27 1
0 2 6 5 1 12 1 14 1 23 1 27 1 29 1
0 2 6 5 1 12 1 15 1 23 1 24 2 27 1
0 1 4 5 1 12 2 23 1 27 2
0 2 6 5 1 14 1 14 1 23 1 29 1 29 1
0 2 6 5 1 14 1 15 1 23 1 24 2 29 1
0 1 4 5 1 14 2 23 1 29 2
0 2 6 5 1 15 1 15 1 23 1 24 2 24 2
0 1 4 5 1 15 2 23 1 24 4
0 4 6 7 1 7 1 8 1 21 1 21 1 26 1
0 2 6 7 1 7 1 8 2 21 1 21 1 31 1
0 2 6 7 1 7 1 11 1 21 1 21 1 28 1
0 2 6 7 1 7 1 13 1 21 1 21 1 30 1
0 2 6 7 1 7 1 15 1 21 1 21 1 26 2
0 8 6 7 1 8 1 10 1 21 1 24 1 26 1
0 4 6 7 1 8 1 10 2 21 1 26 1 31 1
0 4 6 7 1 8 1 12 1 21 1 26 1 27 1
0 4 6 7 1 8 1 14 1 21 1 26 1 29 1
0 4 6 7 1 8 1 15 1 21 1 24 2 26 1
0 4 6 7 1 8 2 10 1 21 1 24 1 31 1
0 2 6 7 1 8 2 10 2 21 1 31 1 31 1
0 2 6 7 1 8 2 12 1 21 1 27 1 31 1
0 2 6 7 1 8 2 14 1 21 1 29 1 31 1
0 2 6 7 1 8 2 15 1 21 1 24 2 31 1
0 4 6 7 1 10 1 11 1 21 1 24 1 28 1
0 4 6 7 1 10 1 13 1 21 1 24 1 30 1
0 4 6 7 1 10 1 15 1 21 1 24 1 26 2
0 2 6 7 1 10 2 11 1 21 1 28 1 31 1
0 2 6 7 1 10 2 13 1 21 1 30 1 31 1
0 2 6 7 1 10 2 15 1 21 1 26 2 31 1
0 2 6 7 1 11 1 12 1 21 1 27 1 28 1
0 2 6 7 1 11 1 14 1 21 1 28 1 29 1
0 2 6 7 1 11 1 15 1 21 1 24 2 28 1
0 2 6 7 1 12 1 13 1 21 1 27 1 30 1
0 2 6 7 1 12 1 15 1 21 1 26 2 27 1
0 2 6 7 1 13 1 14 1 21 1 29 1 30 1
0 2 6 7 1 13 1 15 1 21 1 24 2 30 1
0 2 6 7 1 14 1 15 1 21 1 26 2 29 1
0 2 6 7 1 15 1 15 1 21 1 24 2 26 2
0 2 4 7 2 8 1 21 2 26 1
0 1 4 7 2 8 2 21 2 31 1
0 1 4 7 2 11 1 21 2 28 1
0 1 4 7 2 13 1 21 2 30 1
0 1 4 7 2 15 1 21 2 26 2
0 16 6 8 1 10 1 10 1 24 1 24 1 26 1
0 8 6 8 1 10 1 10 2 24 1 26 1 31 1
0 8 6 8 1 10 1 12 1 24 1 26 1 27 1
0 8 6 8 1 10 1 14 1 24 1 26 1 29 1
0 8 6 8 1 10 1 15 1 24 1 24 2 26 1
0 4 6 8 1 10 2 10 2 26 1 31 1 31 1
0 4 6 8 1 10 2 12 1 26 1 27 1 31 1
0 4 6 8 1 10 2 14 1 26 1 29 1 31 1
0 4 6 8 1 10 2 15 1 24 2 26 1 31 1
0 8 4 8 1 10 2 24 2 26 1
0 2 4 8 1 10 4 26 1 31 2
0 4 6 8 1 12 1 12 1 26 1 27 1 27 1
0 4 6 8 1 12 1 14 1 26 1 27 1 29 1
0 4 6 8 1 12 1 15 1 24 2 26 1 27 1
0 2 4 8 1 12 2 26 1 27 2
0 4 6 8 1 14 1 14 1 26 1 29 1 29 1
0 4 6 8 1 14 1 15 1 24 2 26 1 29 1
0 2 4 8 1 14 2 26 1 29 2
0 4 6 8 1 15 1 15 1 24 2 24 2 26 1
0 2 4 8 1 15 2 24 4 26 1
0 8 6 8 2 10 1 10 1 24 1 24 1 31 1
0 4 6 8 2 10 1 10 2 24 1 31 1 31 1
0 4 6 8 2 10 1 12 1 24 1 27 1 31 1
0 4 6 8 2 10 1 14 1 24 1 29 1 31 1
0 4 6 8 2 10 1 15 1 24 1 24 2 31 1
0 2 6 8 2 10 2 10 2 31 1 31 1 31 1
0 2 6 8 2 10 2 12 1 27 1 31 1 31 1
0 2 6 8 2 10 2 14 1 29 1 31 1 31 1
0 2 6 8 2 10 2 15 1 24 2 31 1 31 1
0 4 4 8 2 10 2 24 2 31 1
0 1 4 8 2 10 4 31 1 31 2
0 2 6 8 2 12 1 12 1 27 1 27 1 31 1
0 2 6 8 2 12 1 14 1 27 1 29 1 31 1
0 2 6 8 2 12 1 15 1 24 2 27 1 31 1
0 1 4 8 2 12 2 27 2 31 1
0 2 6 8 2 14 1 14 1 29 1 29 1 31 1
0 2 6 8 2 14 1 15 1 24 2 29 1 31 1
0 1 4 8 2 14 2 29 2 31 1
0 2 6 8 2 15 1 15 1 24 2 24 2 31 1
0 1 4 8 2 15 2 24 4 31 1
0 8 6 10 1 10 1 11 1 24 1 24 1 28 1
0 8 6 10 1 10 1 13 1 24 1 24 1 30 1
0 8 6 10 1 10 1 15 1 24 1 24 1 26 2
0 4 6 10 1 10 2 11 1 24 1 28 1 31 1
0 4 6 10 1 10 2 13 1 24 1 30 1 31 1
0 4 6 10 1 10 2 15 1 24 1 26 2 31 1
0 4 6 10 1 11 1 12 1 24 1 27 1 28 1
0 4 6 10 1 11 1 14 1 24 1 28 1 29 1
0 4 6 10 1 11 1 15 1 24 1 24 2 28 1
0 4 6 10 1 12 1 13 1 24 1 27 1 30 1
0 4 6 10 1 12 1 15 1 24 1 26 2 27 1
0 4 6 10 1 13 1 14 1 24 1 29 1 30 1
0 4 6 10 1 13 1 15 1 24 1 24 2 30 1
0 4 6 10 1 14 1 15 1 24 1 26 2 29 1
0 4 6 10 1 15 1 15 1 24 1 24 2 26 2
0 2 6 10 2 10 2 11 1 28 1 31 1 31 1
0 2 6 10 2 10 2 13 1 30 1 31 1 31 1
0 2 6 10 2 10 2 15 1 26 2 31 1 31 1
0 2 6 10 2 11 1 12 1 27 1 28 1 31 1
0 2 6 10 2 11 1 14 1 28 1 29 1 31 1
0 2 6 10 2 11 1 15 1 24 2 28 1 31 1
0 4 4 10 2 11 1 24 2 28 1
0 2 6 10 2 12 1 13 1 27 1 30 1 31 1
0 2 6 10 2 12 1 15 1 26 2 27 1 31 1
0 2 6 10 2 13 1 14 1 29 1 30 1 31 1
0 2 6 10 2 13 1 15 1 24 2 30 1 31 1
0 4 4 10 2 13 1 24 2 30 1
0 2 6 10 2 14 1 15 1 26 2 29 1 31 1
0 2 6 10 2 15 1 15 1 24 2 26 2 31 1
0 4 4 10 2 15 1 24 2 26 2
0 1 4 10 4 11 1 28 1 31 2
0 1 4 10 4 13 1 30 1 31 2
0 1 4 10 4 15 1 26 2 31 2
0 2 6 11 1 12 1 12 1 27 1 27 1 28 1
0 2 6 11 1 12 1 14 1 27 1 28 1 29 1
0 2 6 11 1 12 1 15 1 24 2 27 1 28 1
0 1 4 11 1 12 2 27 2 28 1
0 2 6 11 1 14 1 14 1 28 1 29 1 29 1
0 2 6 11 1 14 1 15 1 24 2 28 1 29 1
0 1 4 11 1 14 2 28 1 29 2
0 2 6 11 1 15 1 15 1 24 2 24 2 28 1
0 1 4 11 1 15 2 24 4 28 1
0 2 6 12 1 12 1 13 1 27 1 27 1 30 1
0 2 6 12 1 12 1 15 1 26 2 27 1 27 1
0 2 6 12 1 13 1 14 1 27 1 29 1 30 1
0 2 6 12 1 13 1 15 1 24 2 27 1 30 1
0 2 6 12 1 14 1 15 1 26 2 27 1 29 1
0 2 6 12 1 15 1 15 1 24 2 26 2 27 1
0 1 4 12 2 13 1 27 2 30 1
0 1 4 12 2 15 1 26 2 27 2
0 2 6 13 1 14 1 14 1 29 1 29 1 30 1
0 2 6 13 1 14 1 15 1 24 2 29 1 30 1
0 1 4 13 1 14 2 29 2 30 1
0 2 6 13 1 15 1 15 1 24 2 24 2 30 1
0 1 4 13 1 15 2 24 4 30 1
0 2 6 14 1 14 1 15 1 26 2 29 1 29 1
0 2 6 14 1 15 1 15 1 24 2 26 2 29 1
0 1 4 14 2 15 1 26 2 29 2
0 2 6 15 1 15 1 15 1 24 2 24 2 26 2
0 1 4 15 1 15 2 24 4 26 2
1 2 6 0 1 4 1 4 1 16 1 16 1 20 1
1 2 6 0 1 4 1 5 1 16 1 18 1 20 1
1 4 6 0 1 4 1 8 1 16 1 20 1 22 1
1 2 6 0 1 4 1 8 2 16 1 20 1 29 1
1 2 6 0 1 4 1 11 1 16 1 20 1 25 1
1 2 6 0 1 4 1 13 1 16 1 20 1 22 2
1 2 6 0 1 4 1 15 1 16 1 20 1 30 1
1 1 4 0 1 4 2 16 2 20 1
1 2 6 0 1 5 1 5 1 18 1 18 1 20 1
1 4 6 0 1 5 1 8 1 18 1 20 1 22 1
1 2 6 0 1 5 1 8 2 18 1 20 1 29 1
1 2 6 0 1 5 1 11 1 18 1 20 1 25 1
1 2 6 0 1 5 1 13 1 18 1 20 1 22 2
1 2 6 0 1 5 1 15 1 18 1 20 1 30 1
1 1 4 0 1 5 2 18 2 20 1
1 8 6 0 1 8 1 8 1 20 1 22 1 22 1
1 4 6 0 1 8 1 8 2 20 1 22 1 29 1
1 4 6 0 1 8 1 11 1 20 1 22 1 25 1
1 4 6 0 1 8 1 13 1 20 1 22 1 22 2
1 4 6 0 1 8 1 15 1 20 1 22 1 30 1
1 2 6 0 1 8 2 8 2 20 1 29 1 29 1
1 2 6 0 1 8 2 11 1 20 1 25 1 29 1
1 2 6 0 1 8 2 13 1 20 1 22 2 29 1
1 2 6 0 1 8 2 15 1 20 1 29 1 30 1
1 4 4 0 1 8 2 20 1 22 2
1 1 4 0 1 8 4 20 1 29 2
1 2 6 0 1 11 1 11 1 20 1 25 1 25 1
1 2 6 0 1 11 1 13 1 20 1 22 2 25 1
1 2 6 0 1 11 1 15 1 20 1 25 1 30 1
1 1 4 0 1 11 2 20 1 25 2
1 2 6 0 1 13 1 13 1 20 1 22 2 22 2
1 2 6 0 1 13 1 15 1 20 1 22 2 30 1
1 1 4 0 1 13 2 20 1 22 4
1 2 6 0 1 15 1 15 1 20 1 30 1 30 1
1 1 4 0 1 15 2 20 1 30 2
1 2 6 2 1 4 1 4 1 16 1 16 1 21 1
1 2 6 2 1 4 1 5 1 16 1 18 1 21 1
1 4 6 2 1 4 1 8 1 16 1 21 1 22 1
1 2 6 2 1 4 1 8 2 16 1 21 1 29 1
1 2 6 2 1 4 1 11 1 16 1 21 1 25 1
1 2 6 2 1 4 1 13 1 16 1 21 1 22 2
1 2 6 2 1 4 1 15 1 16 1 21 1 30 1
1 1 4 2 1 4 2 16 2 21 1
1 2 6 2 1 5 1 5 1 18 1 18 1 21 1
1 4 6 2 1 5 1 8 1 18 1 21 1 22 1
1 2 6 2 1 5 1 8 2 18 1 21 1 29 1
1 2 6 2 1 5 1 11 1 18 1 21 1 25 1
1 2 6 2 1 5 1 13 1 18 1 21 1 22 2
1 2 6 2 1 5 1 15 1 18 1 21 1 30 1
1 1 4 2 1 5 2 18 2 21 1
1 8 6 2 1 8 1 8 1 21 1 22 1 22 1
1 4 6 2 1 8 1 8 2 21 1 22 1 29 1
1 4 6 2 1 8 1 11 1 21 1 22 1 25 1
1 4 6 2 1 8 1 13 1 21 1 22 1 22 2
1 4 6 2 1 8 1 15 1 21 1 22 1 30 1
1 2 6 2 1 8 2 8 2 21 1 29 1 29 1
1 2 6 2 1 8 2 11 1 21 1 25 1 29 1
1 2 6 2 1 8 2 13 1 21 1 22 2 29 1
1 2 6 2 1 8 2 15 1 21 1 29 1 30 1
1 4 4 2 1 8 2 21 1 22 2
1 1 4 2 1 8 4 21 1 29 2
1 2 6 2 1 11 1 11 1 21 1 25 1 25 1
1 2 6 2 1 11 1 13 1 21 1 22 2 25 1
1 2 6 2 1 11 1 15 1 21 1 25 1 30 1
1 1 4 2 1 11 2 21 1 25 2
1 2 6 2 1 13 1 13 1 21 1 22 2 22 2
1 2 6 2 1 13 1 15 1 21 1 22 2 30 1
1 1 4 2 1 13 2 21 1 22 4
1 2 6 2 1 15 1 15 1 21 1 30 1 30 1
1 1 4 2 1 15 2 21 1 30 2
1 4 6 4 1 4 1 6 1 16 1 16 1 24 1
1 2 6 4 1 4 1 6 2 16 1 16 1 29 1
1 2 6 4 1 4 1 9 1 16 1 16 1 27 1
1 2 6 4 1 4 1 13 1 16 1 16 1 24 2
1 2 6 4 1 4 1 14 1 16 1 16 1 31 1
1 4 6 4 1 5 1 6 1 16 1 18 1 24 1
1 2 6 4 1 5 1 6 2 16 1 18 1 29 1
1 2 6 4 1 5 1 9 1 16 1 18 1 27 1
1 2 6 4 1 5 1 13 1 16 1 18 1 24 2
1 2 6 4 1 5 1 14 1 16 1 18 1 31 1
1 8 6 4 1 6 1 8 1 16 1 22 1 24 1
1 4 6 4 1 6 1 8 2 16 1 24 1 29 1
1 4 6 4 1 6 1 11 1 16 1 24 1 25 1
1 4 6 4 1 6 1 13 1 16 1 22 2 24 1
1 4 6 4 1 6 1 15 1 16 1 24 1 30 1
1 4 6 4 1 6 2 8 1 16 1 22 1 29 1
1 2 6 4 1 6 2 8 2 16 1 29 1 29 1
1 2 6 4 1 6 2 11 1 16 1 25 1 29 1
1 2 6 4 1 6 2 13 1 16 1 22 2 29 1
1 2 6 4 1 6 2 15 1 16 1 29 1 30 1
1 4 6 4 1 8 1 9 1 16 1 22 1 27 1
1 4 6 4 1 8 1 13 1 16 1 22 1 24 2
1 4 6 4 1 8 1 14 1 16 1 22 1 31 1
1 2 6 4 1 8 2 9 1 16 1 27 1 29 1
1 2 6 4 1 8 2 13 1 16 1 24 2 29 1
1 2 6 4 1 8 2 14 1 16 1 29 1 31 1
1 2 6 4 1 9 1 11 1 16 1 25 1 27 1
1 2 6 4 1 9 1 13 1 16 1 22 2 27 1
1 2 6 4 1 9 1 15 1 16 1 27 1 30 1
1 2 6 4 1 11 1 13 1 16 1 24 2 25 1
1 2 6 4 1 11 1 14 1 16 1 25 1 31 1
1 2 6 4 1 13 1 13 1 16 1 22 2 24 2
1 2 6 4 1 13 1 14 1 16 1 22 2 31 1
1 2 6 4 1 13 1 15 1 16 1 24 2 30 1
1 2 6 4 1 14 1 15 1 16 1 30 1 31 1
1 2 4 4 2 6 1 16 2 24 1
1 1 4 4 2 6 2 16 2 29 1
1 1 4 4 2 9 1 16 2 27 1
1 1 4 4 2 13 1 16 2 24 2
1 1 4 4 2 14 1 16 2 31 1
1 4 6 5 1 5 1 6 1 18 1 18 1 24 1
1 2 6 5 1 5 1 6 2 18 1 18 1 29 1
1 2 6 5 1 5 1 9 1 18 1 18 1 27 1
1 2 6 5 1 5 1 13 1 18 1 18 1 24 2
1 2 6 5 1 5 1 14 1 18 1 18 1 31 1
1 8 6 5 1 6 1 8 1 18 1 22 1 24 1
1 4 6 5 1 6 1 8 2 18 1 24 1 29 1
1 4 6 5 1 6 1 11 1 18 1 24 1 25 1
1 4 6 5 1 6 1 13 1 18 1 22 2 24 1
1 4 6 5 1 6 1 15 1 18 1 24 1 30 1
1 4 6 5 1 6 2 8 1 18 1 22 1 29 1
1 2 6 5 1 6 2 8 2 18 1 29 1 29 1
1 2 6 5 1 6 2 11 1 18 1 25 1 29 1
1 2 6 5 1 6 2 13 1 18 1 22 2 29 1
1 2 6 5 1 6 2 15 1 18 1 29 1 30 1
1 4 6 5 1 8 1 9 1 18 1 22 1 27 1
1 4 6 5 1 8 1 13 1 18 1 22 1 24 2
1 4 6 5 1 8 1 14 1 18 1 22 1 31 1
1 2 6 5 1 8 2 9 1 18 1 27 1 29 1
1 2 6 5 1 8 2 13 1 18 1 24 2 29 1
1 2 6 5 1 8 2 14 1 18 1 29 1 31 1
1 2 6 5 1 9 1 11 1 18 1 25 1 27 1
1 2 6 5 1 9 1 13 1 18 1 22 2 27 1
1 2 6 5 1 9 1 15 1 18 1 27 1 30 1
1 2 6 5 1 11 1 13 1 18 1 24 2 25 1
1 2 6 5 1 11 1 14 1 18 1 25 1 31 1
1 2 6 5 1 13 1 13 1 18 1 22 2 24 2
1 2 6 5 1 13 1 14 1 18 1 22 2 31 1
1 2 6 5 1 13 1 15 1 18 1 24 2 30 1
1 2 6 5 1 14 1 15 1 18 1 30 1 31 1
1 2 4 5 2 6 1 18 2 24 1
1 1 4 5 2 6 2 18 2 29 1
1 1 4 5 2 9 1 18 2 27 1
1 1 4 5 2 13 1 18 2 24 2
1 1 4 5 2 14 1 18 2 31 1
1 16 6 6 1 8 1 8 1 22 1 22 1 24 1
1 8 6 6 1 8 1 8 2 22 1 24 1 29 1
1 8 6 6 1 8 1 11 1 22 1 24 1 25 1
1 8 6 6 1 8 1 13 1 22 1 22 2 24 1
1 8 6 6 1 8 1 15 1 22 1 24 1 30 1
1 4 6 6 1 8 2 8 2 24 1 29 1 29 1
1 4 6 6 1 8 2 11 1 24 1 25 1 29 1
1 4 6 6 1 8 2 13 1 22 2 24 1 29 1
1 4 6 6 1 8 2 15 1 24 1 29 1 30 1
1 8 4 6 1 8 2 22 2 24 1
1 2 4 6 1 8 4 24 1 29 2
1 4 6 6 1 11 1 11 1 24 1 25 1 25 1
1 4 6 6 1 11 1 13 1 22 2 24 1 25 1
1 4 6 6 1 11 1 15 1 24 1 25 1 30 1
1 2 4 6 1 11 2 24 1 25 2
1 4 6 6 1 13 1 13 1 22 2 22 2 24 1
1 4 6 6 1 13 1 15 1 22 2 24 1 30 1
1 2 4 6 1 13 2 22 4 24 1
1 4 6 6 1 15 1 15 1 24 1 30 1 30 1
1 2 4 6 1 15 2 24 1 30 2
1 8 6 6 2 8 1 8 1 22 1 22 1 29 1
1 4 6 6 2 8 1 8 2 22 1 29 1 29 1
1 4 6 6 2 8 1 11 1 22 1 25 1 29 1
1 4 6 6 2 8 1 13 1 22 1 22 2 29 1
1 4 6 6 2 8 1 15 1 22 1 29 1 30 1
1 2 6 6 2 8 2 8 2 29 1 29 1 29 1
1 2 6 6 2 8 2 11 1 25 1 29 1 29 1
1 2 6 6 2 8 2 13 1 22 2 29 1 29 1
1 2 6 6 2 8 2 15 1 29 1 29 1 30 1
1 4 4 6 2 8 2 22 2 29 1
1 1 4 6 2 8 4 29 1 29 2
1 2 6 6 2 11 1 11 1 25 1 25 1 29 1
1 2 6 6 2 11 1 13 1 22 2 25 1 29 1
1 2 6 6 2 11 1 15 1 25 1 29 1 30 1
1 1 4 6 2 11 2 25 2 29 1
1 2 6 6 2 13 1 13 1 22 2 22 2 29 1
1 2 6 6 2 13 1 15 1 22 2 29 1 30 1
1 1 4 6 2 13 2 22 4 29 1
1 2 6 6 2 15 1 15 1 29 1 30 1 30 1
1 1 4 6 2 15 2 29 1 30 2
1 8 6 8 1 8 1 9 1 22 1 22 1 27 1
1 8 6 8 1 8 1 13 1 22 1 22 1 24 2
1 8 6 8 1 8 1 14 1 22 1 22 1 31 1
1 4 6 8 1 8 2 9 1 22 1 27 1 29 1
1 4 6 8 1 8 2 13 1 22 1 24 2 29 1
1 4 6 8 1 8 2 14 1 22 1 29 1 31 1
1 4 6 8 1 9 1 11 1 22 1 25 1 27 1
1 4 6 8 1 9 1 13 1 22 1 22 2 27 1
1 4 6 8 1 9 1 15 1 22 1 27 1 30 1
1 4 6 8 1 11 1 13 1 22 1 24 2 25 1
1 4 6 8 1 11 1 14 1 22 1 25 1 31 1
1 4 6 8 1 13 1 13 1 22 1 22 2 24 2
1 4 6 8 1 13 1 14 1 22 1 22 2 31 1
1 4 6 8 1 13 1 15 1 22 1 24 2 30 1
1 4 6 8 1 14 1 15 1 22 1 30 1 31 1
1 2 6 8 2 8 2 9 1 27 1 29 1 29 1
1 2 6 8 2 8 2 13 1 24 2 29 1 29 1
1 2 6 8 2 8 2 14 1 29 1 29 1 31 1
1 2 6 8 2 9 1 11 1 25 1 27 1 29 1
1 2 6 8 2 9 1 13 1 22 2 27 1 29 1
1 2 6 8 2 9 1 15 1 27 1 29 1 30 1
1 4 4 8 2 9 1 22 2 27 1
1 2 6 8 2 11 1 13 1 24 2 25 1 29 1
1 2 6 8 2 11 1 14 1 25 1 29 1 31 1
1 2 6 8 2 13 1 13 1 22 2 24 2 29 1
1 2 6 8 2 13 1 14 1 22 2 29 1 31 1
1 2 6 8 2 13 1 15 1 24 2 29 1 30 1
1 4 4 8 2 13 1 22 2 24 2
1 2 6 8 2 14 1 15 1 29 1 30 1 31 1
1 4 4 8 2 14 1 22 2 31 1
1 1 4 8 4 9 1 27 1 29 2
1 1 4 8 4 13 1 24 2 29 2
1 1 4 8 4 14 1 29 2 31 1
1 2 6 9 1 11 1 11 1 25 1 25 1 27 1
1 2 6 9 1 11 1 13 1 22 2 25 1 27 1
1 2 6 9 1 11 1 15 1 25 1 27 1 30 1
1 1 4 9 1 11 2 25 2 27 1
1 2 6 9 1 13 1 13 1 22 2 22 2 27 1
1 2 6 9 1 13 1 15 1 22 2 27 1 30 1
1 1 4 9 1 13 2 22 4 27 1
1 2 6 9 1 15 1 15 1 27 1 30 1 30 1
1 1 4 9 1 15 2 27 1 30 2
1 2 6 11 1 11 1 13 1 24 2 25 1 25 1
1 2 6 11 1 11 1 14 1 25 1 25 1 31 1
1 2 6 11 1 13 1 13 1 22 2 24 2 25 1
1 2 6 11 1 13 1 14 1 22 2 25 1 31 1
1 2 6 11 1 13 1 15 1 24 2 25 1 30 1
1 2 6 11 1 14 1 15 1 25 1 30 1 31 1
1 1 4 11 2 13 1 24 2 25 2
1 1 4 11 2 14 1 25 2 31 1
1 2 6 13 1 13 1 13 1 22 2 22 2 24 2
1 2 6 13 1 13 1 14 1 22 2 22 2 31 1
1 2 6 13 1 13 1 15 1 22 2 24 2 30 1
1 1 4 13 1 13 2 22 4 24 2
1 2 6 13 1 14 1 15 1 22 2 30 1 31 1
1 2 6 13 1 15 1 15 1 24 2 30 1 30 1
1 1 4 13 1 15 2 24 2 30 2
1 1 4 13 2 14 1 22 4 31 1
1 2 6 14 1 15 1 15 1 30 1 30 1 31 1
1 1 4 14 1 15 2 30 2 31 1
2 2 6 1 1 5 1 5 1 17 1 17 1 21 1
2 4 6 1 1 5 1 6 1 17 1 19 1 21 1
2 2 6 1 1 5 1 6 2 17 1 21 1 25 1
2 2 6 1 1 5 1 7 1 17 1 20 1 21 1
2 2 6 1 1 5 1 9 1 17 1 19 2 21 1
2 2 6 1 1 5 1 13 1 17 1 21 1 27 1
2 2 6 1 1 5 1 14 1 17 1 21 1 28 1
2 1 4 1 1 5 2 17 2 21 1
2 8 6 1 1 6 1 6 1 19 1 19 1 21 1
2 4 6 1 1 6 1 6 2 19 1 21 1 25 1
2 4 6 1 1 6 1 7 1 19 1 20 1 21 1
2 4 6 1 1 6 1 9 1 19 1 19 2 21 1
2 4 6 1 1 6 1 13 1 19 1 21 1 27 1
2 4 6 1 1 6 1 14 1 19 1 21 1 28 1
2 2 6 1 1 6 2 6 2 21 1 25 1 25 1
2 2 6 1 1 6 2 7 1 20 1 21 1 25 1
2 2 6 1 1 6 2 9 1 19 2 21 1 25 1
2 2 6 1 1 6 2 13 1 21 1 25 1 27 1
2 2 6 1 1 6 2 14 1 21 1 25 1 28 1
2 4 4 1 1 6 2 19 2 21 1
2 1 4 1 1 6 4 21 1 25 2
2 2 6 1 1 7 1 7 1 20 1 20 1 21 1
2 2 6 1 1 7 1 9 1 19 2 20 1 21 1
2 2 6 1 1 7 1 13 1 20 1 21 1 27 1
2 2 6 1 1 7 1 14 1 20 1 21 1 28 1
2 1 4 1 1 7 2 20 2 21 1
2 2 6 1 1 9 1 9 1 19 2 19 2 21 1
2 2 6 1 1 9 1 13 1 19 2 21 1 27 1
2 2 6 1 1 9 1 14 1 19 2 21 1 28 1
2 1 4 1 1 9 2 19 4 21 1
2 2 6 1 1 13 1 13 1 21 1 27 1 27 1
2 2 6 1 1 13 1 14 1 21 1 27 1 28 1
2 1 4 1 1 13 2 21 1 27 2
2 2 6 1 1 14 1 14 1 21 1 28 1 28 1
2 1 4 1 1 14 2 21 1 28 2
2 4 6 3 1 5 1 5 1 17 1 17 1 22 1
2 8 6 3 1 5 1 6 1 17 1 19 1 22 1
2 4 6 3 1 5 1 6 2 17 1 22 1 25 1
2 4 6 3 1 5 1 7 1 17 1 20 1 22 1
2 4 6 3 1 5 1 9 1 17 1 19 2 22 1
2 4 6 3 1 5 1 13 1 17 1 22 1 27 1
2 4 6 3 1 5 1 14 1 17 1 22 1 28 1
2 2 4 3 1 5 2 17 2 22 1
2 16 6 3 1 6 1 6 1 19 1 19 1 22 1
2 8 6 3 1 6 1 6 2 19 1 22 1 25 1
2 8 6 3 1 6 1 7 1 19 1 20 1 22 1
2 8 6 3 1 6 1 9 1 19 1 19 2 22 1
2 8 6 3 1 6 1 13 1 19 1 22 1 27 1
2 8 6 3 1 6 1 14 1 19 1 22 1 28 1
2 4 6 3 1 6 2 6 2 22 1 25 1 25 1
2 4 6 3 1 6 2 7 1 20 1 22 1 25 1
2 4 6 3 1 6 2 9 1 19 2 22 1 25 1
2 4 6 3 1 6 2 13 1 22 1 25 1 27 1
2 4 6 3 1 6 2 14 1 22 1 25 1 28 1
2 8 4 3 1 6 2 19 2 22 1
2 2 4 3 1 6 4 22 1 25 2
2 4 6 3 1 7 1 7 1 20 1 20 1 22 1
2 4 6 3 1 7 1 9 1 19 2 20 1 22 1
2 4 6 3 1 7 1 13 1 20 1 22 1 27 1
2 4 6 3 1 7 1 14 1 20 1 22 1 28 1
2 2 4 3 1 7 2 20 2 22 1
2 4 6 3 1 9 1 9 1 19 2 19 2 22 1
2 4 6 3 1 9 1 13 1 19 2 22 1 27 1
2 4 6 3 1 9 1 14 1 19 2 22 1 28 1
2 2 4 3 1 9 2 19 4 22 1
2 4 6 3 1 13 1 13 1 22 1 27 1 27 1
2 4 6 3 1 13 1 14 1 22 1 27 1 28 1
2 2 4 3 1 13 2 22 1 27 2
2 4 6 3 1 14 1 14 1 22 1 28 1 28 1
2 2 4 3 1 14 2 22 1 28 2
2 2 6 3 2 5 1 5 1 17 1 17 1 25 1
2 4 6 3 2 5 1 6 1 17 1 19 1 25 1
2 2 6 3 2 5 1 6 2 17 1 25 1 25 1
2 2 6 3 2 5 1 7 1 17 1 20 1 25 1
2 2 6 3 2 5 1 9 1 17 1 19 2 25 1
2 2 6 3 2 5 1 13 1 17 1 25 1 27 1
2 2 6 3 2 5 1 14 1 17 1 25 1 28 1
2 1 4 3 2 5 2 17 2 25 1
2 8 6 3 2 6 1 6 1 19 1 19 1 25 1
2 4 6 3 2 6 1 6 2 19 1 25 1 25 1
2 4 6 3 2 6 1 7 1 19 1 20 1 25 1
2 4 6 3 2 6 1 9 1 19 1 19 2 25 1
2 4 6 3 2 6 1 13 1 19 1 25 1 27 1
2 4 6 3 2 6 1 14 1 19 1 25 1 28 1
2 2 6 3 2 6 2 6 2 25 1 25 1 25 1
2 2 6 3 2 6 2 7 1 20 1 25 1 25 1
2 2 6 3 2 6 2 9 1 19 2 25 1 25 1
2 2 6 3 2 6 2 13 1 25 1 25 1 27 1
2 2 6 3 2 6 2 14 1 25 1 25 1 28 1
2 4 4 3 2 6 2 19 2 25 1
2 1 4 3 2 6 4 25 1 25 2
2 2 6 3 2 7 1 7 1 20 1 20 1 25 1
2 2 6 3 2 7 1 9 1 19 2 20 1 25 1
2 2 6 3 2 7 1 13 1 20 1 25 1 27 1
2 2 6 3 2 7 1 14 1 20 1 25 1 28 1
2 1 4 3 2 7 2 20 2 25 1
2 2 6 3 2 9 1 9 1 19 2 19 2 25 1
2 2 6 3 2 9 1 13 1 19 2 25 1 27 1
2 2 6 3 2 9 1 14 1 19 2 25 1 28 1
2 1 4 3 2 9 2 19 4 25 1
2 2 6 3 2 13 1 13 1 25 1 27 1 27 1
2 2 6 3 2 13 1 14 1 25 1 27 1 28 1
2 1 4 3 2 13 2 25 1 27 2
2 2 6 3 2 14 1 14 1 25 1 28 1 28 1
2 1 4 3 2 14 2 25 1 28 2
2 2 6 4 1 5 1 5 1 17 1 17 1 23 1
2 4 6 4 1 5 1 6 1 17 1 19 1 23 1
2 2 6 4 1 5 1 6 2 17 1 23 1 25 1
2 2 6 4 1 5 1 7 1 17 1 20 1 23 1
2 2 6 4 1 5 1 9 1 17 1 19 2 23 1
2 2 6 4 1 5 1 13 1 17 1 23 1 27 1
2 2 6 4 1 5 1 14 1 17 1 23 1 28 1
2 1 4 4 1 5 2 17 2 23 1
2 8 6 4 1 6 1 6 1 19 1 19 1 23 1
2 4 6 4 1 6 1 6 2 19 1 23 1 25 1
2 4 6 4 1 6 1 7 1 19 1 20 1 23 1
2 4 6 4 1 6 1 9 1 19 1 19 2 23 1
2 4 6 4 1 6 1 13 1 19 1 23 1 27 1
2 4 6 4 1 6 1 14 1 19 1 23 1 28 1
2 2 6 4 1 6 2 6 2 23 1 25 1 25 1
2 2 6 4 1 6 2 7 1 20 1 23 1 25 1
2 2 6 4 1 6 2 9 1 19 2 23 1 25 1
2 2 6 4 1 6 2 13 1 23 1 25 1 27 1
2 2 6 4 1 6 2 14 1 23 1 25 1 28 1
2 4 4 4 1 6 2 19 2 23 1
2 1 4 4 1 6 4 23 1 25 2
2 2 6 4 1 7 1 7 1 20 1 20 1 23 1
2 2 6 4 1 7 1 9 1 19 2 20 1 23 1
2 2 6 4 1 7 1 13 1 20 1 23 1 27 1
2 2 6 4 1 7 1 14 1 20 1 23 1 28 1
2 1 4 4 1 7 2 20 2 23 1
2 2 6 4 1 9 1 9 1 19 2 19 2 23 1
2 2 6 4 1 9 1 13 1 19 2 23 1 27 1
2 2 6 4 1 9 1 14 1 19 2 23 1 28 1
2 1 4 4 1 9 2 19 4 23 1
2 2 6 4 1 13 1 13 1 23 1 27 1 27 1
2 2 6 4 1 13 1 14 1 23 1 27 1 28 1
2 1 4 4 1 13 2 23 1 27 2
2 2 6 4 1 14 1 14 1 23 1 28 1 28 1
2 1 4 4 1 14 2 23 1 28 2
2 2 6 5 1 5 1 9 1 17 1 17 1 22 2
2 2 6 5 1 5 1 11 1 17 1 17 1 29 1
2 2 6 5 1 5 1 12 1 17 1 17 1 30 1
2 4 6 5 1 6 1 9 1 17 1 19 1 22 2
2 4 6 5 1 6 1 11 1 17 1 19 1 29 1
2 4 6 5 1 6 1 12 1 17 1 19 1 30 1
2 2 6 5 1 6 2 9 1 17 1 22 2 25 1
2 2 6 5 1 6 2 11 1 17 1 25 1 29 1
2 2 6 5 1 6 2 12 1 17 1 25 1 30 1
2 2 6 5 1 7 1 9 1 17 1 20 1 22 2
2 2 6 5 1 7 1 11 1 17 1 20 1 29 1
2 2 6 5 1 7 1 12 1 17 1 20 1 30 1
2 2 6 5 1 9 1 9 1 17 1 19 2 22 2
2 2 6 5 1 9 1 11 1 17 1 19 2 29 1
2 2 6 5 1 9 1 12 1 17 1 19 2 30 1
2 2 6 5 1 9 1 13 1 17 1 22 2 27 1
2 2 6 5 1 9 1 14 1 17 1 22 2 28 1
2 2 6 5 1 11 1 13 1 17 1 27 1 29 1
2 2 6 5 1 11 1 14 1 17 1 28 1 29 1
2 2 6 5 1 12 1 13 1 17 1 27 1 30 1
2 2 6 5 1 12 1 14 1 17 1 28 1 30 1
2 1 4 5 2 9 1 17 2 22 2
2 1 4 5 2 11 1 17 2 29 1
2 1 4 5 2 12 1 17 2 30 1
2 8 6 6 1 6 1 9 1 19 1 19 1 22 2
2 8 6 6 1 6 1 11 1 19 1 19 1 29 1
2 8 6 6 1 6 1 12 1 19 1 19 1 30 1
2 4 6 6 1 6 2 9 1 19 1 22 2 25 1
2 4 6 6 1 6 2 11 1 19 1 25 1 29 1
2 4 6 6 1 6 2 12 1 19 1 25 1 30 1
2 4 6 6 1 7 1 9 1 19 1 20 1 22 2
2 4 6 6 1 7 1 11 1 19 1 20 1 29 1
2 4 6 6 1 7 1 12 1 19 1 20 1 30 1
2 4 6 6 1 9 1 9 1 19 1 19 2 22 2
2 4 6 6 1 9 1 11 1 19 1 19 2 29 1
2 4 6 6 1 9 1 12 1 19 1 19 2 30 1
2 4 6 6 1 9 1 13 1 19 1 22 2 27 1
2 4 6 6 1 9 1 14 1 19 1 22 2 28 1
2 4 6 6 1 11 1 13 1 19 1 27 1 29 1
2 4 6 6 1 11 1 14 1 19 1 28 1 29 1
2 4 6 6 1 12 1 13 1 19 1 27 1 30 1
2 4 6 6 1 12 1 14 1 19 1 28 1 30 1
2 2 6 6 2 6 2 9 1 22 2 25 1 25 1
2 2 6 6 2 6 2 11 1 25 1 25 1 29 1
2 2 6 6 2 6 2 12 1 25 1 25 1 30 1
2 2 6 6 2 7 1 9 1 20 1 22 2 25 1
2 2 6 6 2 7 1 11 1 20 1 25 1 29 1
2 2 6 6 2 7 1 12 1 20 1 25 1 30 1
2 2 6 6 2 9 1 9 1 19 2 22 2 25 1
2 2 6 6 2 9 1 11 1 19 2 25 1 29 1
2 2 6 6 2 9 1 12 1 19 2 25 1 30 1
2 2 6 6 2 9 1 13 1 22 2 25 1 27 1
2 2 6 6 2 9 1 14 1 22 2 25 1 28 1
2 4 4 6 2 9 1 19 2 22 2
2 2 6 6 2 11 1 13 1 25 1 27 1 29 1
2 2 6 6 2 11 1 14 1 25 1 28 1 29 1
2 4 4 6 2 11 1 19 2 29 1
2 2 6 6 2 12 1 13 1 25 1 27 1 30 1
2 2 6 6 2 12 1 14 1 25 1 28 1 30 1
2 4 4 6 2 12 1 19 2 30 1
2 1 4 6 4 9 1 22 2 25 2
2 1 4 6 4 11 1 25 2 29 1
2 1 4 6 4 12 1 25 2 30 1
2 2 6 7 1 7 1 9 1 20 1 20 1 22 2
2 2 6 7 1 7 1 11 1 20 1 20 1 29 1
2 2 6 7 1 7 1 12 1 20 1 20 1 30 1
2 2 6 7 1 9 1 9 1 19 2 20 1 22 2
2 2 6 7 1 9 1 11 1 19 2 20 1 29 1
2 2 6 7 1 9 1 12 1 19 2 20 1 30 1
2 2 6 7 1 9 1 13 1 20 1 22 2 27 1
2 2 6 7 1 9 1 14 1 20 1 22 2 28 1
2 2 6 7 1 11 1 13 1 20 1 27 1 29 1
2 2 6 7 1 11 1 14 1 20 1 28 1 29 1
2 2 6 7 1 12 1 13 1 20 1 27 1 30 1
2 2 6 7 1 12 1 14 1 20 1 28 1 30 1
2 1 4 7 2 9 1 20 2 22 2
2 1 4 7 2 11 1 20 2 29 1
2 1 4 7 2 12 1 20 2 30 1
2 2 6 9 1 9 1 9 1 19 2 19 2 22 2
2 2 6 9 1 9 1 11 1 19 2 19 2 29 1
2 2 6 9 1 9 1 12 1 19 2 19 2 30 1
2 2 6 9 1 9 1 13 1 19 2 22 2 27 1
2 2 6 9 1 9 1 14 1 19 2 22 2 28 1
2 1 4 9 1 9 2 19 4 22 2
2 2 6 9 1 11 1 13 1 19 2 27 1 29 1
2 2 6 9 1 11 1 14 1 19 2 28 1 29 1
2 2 6 9 1 12 1 13 1 19 2 27 1 30 1
2 2 6 9 1 12 1 14 1 19 2 28 1 30 1
2 2 6 9 1 13 1 13 1 22 2 27 1 27 1
2 2 6 9 1 13 1 14 1 22 2 27 1 28 1
2 1 4 9 1 13 2 22 2 27 2
2 2 6 9 1 14 1 14 1 22 2 28 1 28 1
2 1 4 9 1 14 2 22 2 28 2
2 1 4 9 2 11 1 19 4 29 1
2 1 4 9 2 12 1 19 4 30 1
2 2 6 11 1 13 1 13 1 27 1 27 1 29 1
2 2 6 11 1 13 1 14 1 27 1 28 1 29 1
2 1 4 11 1 13 2 27 2 29 1
2 2 6 11 1 14 1 14 1 28 1 28 1 29 1
2 1 4 11 1 14 2 28 2 29 1
2 2 6 12 1 13 1 13 1 27 1 27 1 30 1
2 2 6 12 1 13 1 14 1 27 1 28 1 30 1
2 1 4 12 1 13 2 27 2 30 1
2 2 6 12 1 14 1 14 1 28 1 28 1 30 1
2 1 4 12 1 14 2 28 2 30 1
3 2 6 2 1 6 1 6 1 18 1 18 1 22 1
3 2 6 2 1 6 1 8 1 18 1 21 1 22 1
3 2 6 2 1 6 1 9 1 18 1 22 1 22 1
3 2 6 2 1 6 1 10 1 18 1 22 1 23 1
3 2 6 2 1 6 1 11 1 18 1 22 1 24 1
3 2 6 2 1 6 1 12 1 18 1 22 1 26 1
3 1 4 2 1 6 2 18 2 22 1
3 2 6 2 1 8 1 8 1 21 1 21 1 22 1
3 2 6 2 1 8 1 9 1 21 1 22 1 22 1
3 2 6 2 1 8 1 10 1 21 1 22 1 23 1
3 2 6 2 1 8 1 11 1 21 1 22 1 24 1
3 2 6 2 1 8 1 12 1 21 1 22 1 26 1
3 1 4 2 1 8 2 21 2 22 1
3 2 6 2 1 9 1 9 1 22 1 22 1 22 1
3 2 6 2 1 9 1 10 1 22 1 22 1 23 1
3 2 6 2 1 9 1 11 1 22 1 22 1 24 1
3 2 6 2 1 9 1 12 1 22 1 22 1 26 1
3 1 4 2 1 9 2 22 1 22 2
3 2 6 2 1 10 1 10 1 22 1 23 1 23 1
3 2 6 2 1 10 1 11 1 22 1 23 1 24 1
3 2 6 2 1 10 1 12 1 22 1 23 1 26 1
3 1 4 2 1 10 2 22 1 23 2
3 2 6 2 1 11 1 11 1 22 1 24 1 24 1
3 2 6 2 1 11 1 12 1 22 1 24 1 26 1
3 1 4 2 1 11 2 22 1 24 2
3 2 6 2 1 12 1 12 1 22 1 26 1 26 1
3 1 4 2 1 12 2 22 1 26 2
3 2 6 5 1 6 1 6 1 18 1 18 1 24 1
3 2 6 5 1 6 1 8 1 18 1 21 1 24 1
3 2 6 5 1 6 1 9 1 18 1 22 1 24 1
3 2 6 5 1 6 1 10 1 18 1 23 1 24 1
3 2 6 5 1 6 1 11 1 18 1 24 1 24 1
3 2 6 5 1 6 1 12 1 18 1 24 1 26 1
3 1 4 5 1 6 2 18 2 24 1
3 2 6 5 1 8 1 8 1 21 1 21 1 24 1
3 2 6 5 1 8 1 9 1 21 1 22 1 24 1
3 2 6 5 1 8 1 10 1 21 1 23 1 24 1
3 2 6 5 1 8 1 11 1 21 1 24 1 24 1
3 2 6 5 1 8 1 12 1 21 1 24 1 26 1
3 1 4 5 1 8 2 21 2 24 1
3 2 6 5 1 9 1 9 1 22 1 22 1 24 1
3 2 6 5 1 9 1 10 1 22 1 23 1 24 1
3 2 6 5 1 9 1 11 1 22 1 24 1 24 1
3 2 6 5 1 9 1 12 1 22 1 24 1 26 1
3 1 4 5 1 9 2 22 2 24 1
3 2 6 5 1 10 1 10 1 23 1 23 1 24 1
3 2 6 5 1 10 1 11 1 23 1 24 1 24 1
3 2 6 5 1 10 1 12 1 23 1 24 1 26 1
3 1 4 5 1 10 2 23 2 24 1
3 2 6 5 1 11 1 11 1 24 1 24 1 24 1
3 2 6 5 1 11 1 12 1 24 1 24 1 26 1
3 1 4 5 1 11 2 24 1 24 2
3 2 6 5 1 12 1 12 1 24 1 26 1 26 1
3 1 4 5 1 12 2 24 1 26 2
3 2 6 6 1 6 1 6 1 18 1 18 1 25 1
3 2 6 6 1 6 1 7 1 18 1 18 1 26 1
3 2 6 6 1 6 1 8 1 18 1 18 1 27 1
3 2 6 6 1 6 1 8 1 18 1 21 1 25 1
3 2 6 6 1 6 1 9 1 18 1 22 1 25 1
3 2 6 6 1 6 1 10 1 18 1 18 1 28 1
3 2 6 6 1 6 1 10 1 18 1 23 1 25 1
3 2 6 6 1 6 1 11 1 18 1 24 1 25 1
3 2 6 6 1 6 1 12 1 18 1 25 1 26 1
3 1 4 6 1 6 2 18 2 25 1
3 2 6 6 1 7 1 8 1 18 1 21 1 26 1
3 2 6 6 1 7 1 9 1 18 1 22 1 26 1
3 2 6 6 1 7 1 10 1 18 1 23 1 26 1
3 2 6 6 1 7 1 11 1 18 1 24 1 26 1
3 2 6 6 1 7 1 12 1 18 1 26 1 26 1
3 2 6 6 1 8 1 8 1 18 1 21 1 27 1
3 2 6 6 1 8 1 8 1 21 1 21 1 25 1
3 2 6 6 1 8 1 9 1 18 1 22 1 27 1
3 2 6 6 1 8 1 9 1 21 1 22 1 25 1
3 2 6 6 1 8 1 10 1 18 1 21 1 28 1
3 2 6 6 1 8 1 10 1 18 1 23 1 27 1
3 2 6 6 1 8 1 10 1 21 1 23 1 25 1
3 2 6 6 1 8 1 11 1 18 1 24 1 27 1
3 2 6 6 1 8 1 11 1 21 1 24 1 25 1
3 2 6 6 1 8 1 12 1 18 1 26 1 27 1
3 2 6 6 1 8 1 12 1 21 1 25 1 26 1
3 1 4 6 1 8 2 21 2 25 1
3 2 6 6 1 9 1 9 1 22 1 22 1 25 1
3 2 6 6 1 9 1 10 1 18 1 22 1 28 1
3 2 6 6 1 9 1 10 1 22 1 23 1 25 1
3 2 6 6 1 9 1 11 1 22 1 24 1 25 1
3 2 6 6 1 9 1 12 1 22 1 25 1 26 1
3 1 4 6 1 9 2 22 2 25 1
3 2 6 6 1 10 1 10 1 18 1 23 1 28 1
3 2 6 6 1 10 1 10 1 23 1 23 1 25 1
3 2 6 6 1 10 1 11 1 18 1 24 1 28 1
3 2 6 6 1 10 1 11 1 23 1 24 1 25 1
3 2 6 6 1 10 1 12 1 18 1 26 1 28 1
3 2 6 6 1 10 1 12 1 23 1 25 1 26 1
3 1 4 6 1 10 2 23 2 25 1
3 2 6 6 1 11 1 11 1 24 1 24 1 25 1
3 2 6 6 1 11 1 12 1 24 1 25 1 26 1
3 1 4 6 1 11 2 24 2 25 1
3 2 6 6 1 12 1 12 1 25 1 26 1 26 1
3 1 4 6 1 12 2 25 1 26 2
3 1 4 6 2 7 1 18 2 26 1
3 1 4 6 2 8 1 18 2 27 1
3 1 4 6 2 10 1 18 2 28 1
3 2 6 7 1 8 1 8 1 21 1 21 1 26 1
3 2 6 7 1 8 1 9 1 21 1 22 1 26 1
3 2 6 7 1 8 1 10 1 21 1 23 1 26 1
3 2 6 7 1 8 1 11 1 21 1 24 1 26 1
3 2 6 7 1 8 1 12 1 21 1 26 1 26 1
3 1 4 7 1 8 2 21 2 26 1
3 2 6 7 1 9 1 9 1 22 1 22 1 26 1
3 2 6 7 1 9 1 10 1 22 1 23 1 26 1
3 2 6 7 1 9 1 11 1 22 1 24 1 26 1
3 2 6 7 1 9 1 12 1 22 1 26 1 26 1
3 1 4 7 1 9 2 22 2 26 1
3 2 6 7 1 10 1 10 1 23 1 23 1 26 1
3 2 6 7 1 10 1 11 1 23 1 24 1 26 1
3 2 6 7 1 10 1 12 1 23 1 26 1 26 1
3 1 4 7 1 10 2 23 2 26 1
3 2 6 7 1 11 1 11 1 24 1 24 1 26 1
3 2 6 7 1 11 1 12 1 24 1 26 1 26 1
3 1 4 7 1 11 2 24 2 26 1
3 2 6 7 1 12 1 12 1 26 1 26 1 26 1
3 1 4 7 1 12 2 26 1 26 2
3 2 6 8 1 8 1 8 1 21 1 21 1 27 1
3 2 6 8 1 8 1 9 1 21 1 22 1 27 1
3 2 6 8 1 8 1 10 1 21 1 21 1 28 1
3 2 6 8 1 8 1 10 1 21 1 23 1 27 1
3 2 6 8 1 8 1 11 1 21 1 24 1 27 1
3 2 6 8 1 8 1 12 1 21 1 26 1 27 1
3 1 4 8 1 8 2 21 2 27 1
3 2 6 8 1 9 1 9 1 22 1 22 1 27 1
3 2 6 8 1 9 1 10 1 21 1 22 1 28 1
3 2 6 8 1 9 1 10 1 22 1 23 1 27 1
3 2 6 8 1 9 1 11 1 22 1 24 1 27 1
3 2 6 8 1 9 1 12 1 22 1 26 1 27 1
3 1 4 8 1 9 2 22 2 27 1
3 2 6 8 1 10 1 10 1 21 1 23 1 28 1
3 2 6 8 1 10 1 10 1 23 1 23 1 27 1
3 2 6 8 1 10 1 11 1 21 1 24 1 28 1
3 2 6 8 1 10 1 11 1 23 1 24 1 27 1
3 2 6 8 1 10 1 12 1 21 1 26 1 28 1
3 2 6 8 1 10 1 12 1 23 1 26 1 27 1
3 1 4 8 1 10 2 23 2 27 1
3 2 6 8 1 11 1 11 1 24 1 24 1 27 1
3 2 6 8 1 11 1 12 1 24 1 26 1 27 1
3 1 4 8 1 11 2 24 2 27 1
3 2 6 8 1 12 1 12 1 26 1 26 1 27 1
3 1 4 8 1 12 2 26 2 27 1
3 1 4 8 2 10 1 21 2 28 1
3 2 6 9 1 9 1 10 1 22 1 22 1 28 1
3 2 6 9 1 10 1 10 1 22 1 23 1 28 1
3 2 6 9 1 10 1 11 1 22 1 24 1 28 1
3 2 6 9 1 10 1 12 1 22 1 26 1 28 1
3 1 4 9 2 10 1 22 2 28 1
3 2 6 10 1 10 1 10 1 23 1 23 1 28 1
3 2 6 10 1 10 1 11 1 23 1 24 1 28 1
3 2 6 10 1 10 1 12 1 23 1 26 1 28 1
3 1 4 10 1 10 2 23 2 28 1
3 2 6 10 1 11 1 11 1 24 1 24 1 28 1
3 2 6 10 1 11 1 12 1 24 1 26 1 28 1
3 1 4 10 1 11 2 24 2 28 1
3 2 6 10 1 12 1 12 1 26 1 26 1 28 1
3 1 4 10 1 12 2 26 2 28 1
4 2 6 0 1 0 1 1 1 1 1 2 1 23 1
4 4 6 0 1 0 1 1 1 1 1 6 1 26 1
4 2 6 0 1 0 1 1 1 1 1 6 2 30 1
4 2 6 0 1 0 1 1 1 1 1 9 1 28 1
4 2 6 0 1 0 1 1 1 1 1 13 1 31 1
4 2 6 0 1 0 1 1 1 1 1 14 1 26 2
4 2 6 0 1 0 1 1 1 1 1 16 1 17 1
4 2 6 0 1 1 1 2 1 7 1 18 1 23 1
4 4 6 0 1 1 1 2 1 10 1 22 1 23 1
4 2 6 0 1 1 1 2 1 10 2 23 1 30 1
4 2 6 0 1 1 1 2 1 12 1 23 1 25 1
4 2 6 0 1 1 1 2 1 14 1 22 2 23 1
4 2 6 0 1 1 1 2 1 15 1 23 1 29 1
4 4 6 0 1 1 1 6 1 7 1 18 1 26 1
4 8 6 0 1 1 1 6 1 10 1 22 1 26 1
4 4 6 0 1 1 1 6 1 10 2 26 1 30 1
4 4 6 0 1 1 1 6 1 12 1 25 1 26 1
4 4 6 0 1 1 1 6 1 14 1 22 2 26 1
4 4 6 0 1 1 1 6 1 15 1 26 1 29 1
4 2 6 0 1 1 1 6 2 7 1 18 1 30 1
4 4 6 0 1 1 1 6 2 10 1 22 1 30 1
4 2 6 0 1 1 1 6 2 10 2 30 1 30 1
4 2 6 0 1 1 1 6 2 12 1 25 1 30 1
4 2 6 0 1 1 1 6 2 14 1 22 2 30 1
4 2 6 0 1 1 1 6 2 15 1 29 1 30 1
4 2 6 0 1 1 1 7 1 9 1 18 1 28 1
4 2 6 0 1 1 1 7 1 13 1 18 1 31 1
4 2 6 0 1 1 1 7 1 14 1 18 1 26 2
4 2 6 0 1 1 1 7 1 16 1 17 1 18 1
4 4 6 0 1 1 1 9 1 10 1 22 1 28 1
4 2 6 0 1 1 1 9 1 10 2 28 1 30 1
4 2 6 0 1 1 1 9 1 12 1 25 1 28 1
4 2 6 0 1 1 1 9 1 14 1 22 2 28 1
4 2 6 0 1 1 1 9 1 15 1 28 1 29 1
4 4 6 0 1 1 1 10 1 13 1 22 1 31 1
4 4 6 0 1 1 1 10 1 14 1 22 1 26 2
4 4 6 0 1 1 1 10 1 16 1 17 1 22 1
4 2 6 0 1 1 1 10 2 13 1 30 1 31 1
4 2 6 0 1 1 1 10 2 14 1 26 2 30 1
4 2 6 0 1 1 1 10 2 16 1 17 1 30 1
4 2 6 0 1 1 1 12 1 13 1 25 1 31 1
4 2 6 0 1 1 1 12 1 14 1 25 1 26 2
4 2 6 0 1 1 1 12 1 16 1 17 1 25 1
4 2 6 0 1 1 1 13 1 14 1 22 2 31 1
4 2 6 0 1 1 1 13 1 15 1 29 1 31 1
4 2 6 0 1 1 1 14 1 14 1 22 2 26 2
4 2 6 0 1 1 1 14 1 15 1 26 2 29 1
4 2 6 0 1 1 1 14 1 16 1 17 1 22 2
4 2 6 0 1 1 1 15 1 16 1 17 1 29 1
4 1 4 0 2 1 2 2 1 23 1
4 2 4 0 2 1 2 6 1 26 1
4 1 4 0 2 1 2 6 2 30 1
4 1 4 0 2 1 2 9 1 28 1
4 1 4 0 2 1 2 13 1 31 1
4 1 4 0 2 1 2 14 1 26 2
4 1 4 0 2 1 2 16 1 17 1
4 2 6 2 1 7 1 7 1 18 1 18 1 23 1
4 4 6 2 1 7 1 10 1 18 1 22 1 23 1
4 2 6 2 1 7 1 10 2 18 1 23 1 30 1
4 2 6 2 1 7 1 12 1 18 1 23 1 25 1
4 2 6 2 1 7 1 14 1 18 1 22 2 23 1
4 2 6 2 1 7 1 15 1 18 1 23 1 29 1
4 1 4 2 1 7 2 18 2 23 1
4 8 6 2 1 10 1 10 1 22 1 22 1 23 1
4 4 6 2 1 10 1 10 2 22 1 23 1 30 1
4 4 6 2 1 10 1 12 1 22 1 23 1 25 1
4 4 6 2 1 10 1 14 1 22 1 22 2 23 1
4 4 6 2 1 10 1 15 1 22 1 23 1 29 1
4 2 6 2 1 10 2 10 2 23 1 30 1 30 1
4 2 6 2 1 10 2 12 1 23 1 25 1 30 1
4 2 6 2 1 10 2 14 1 22 2 23 1 30 1
4 2 6 2 1 10 2 15 1 23 1 29 1 30 1
4 4 4 2 1 10 2 22 2 23 1
4 1 4 2 1 10 4 23 1 30 2
4 2 6 2 1 12 1 12 1 23 1 25 1 25 1
4 2 6 2 1 12 1 14 1 22 2 23 1 25 1
4 2 6 2 1 12 1 15 1 23 1 25 1 29 1
4 1 4 2 1 12 2 23 1 25 2
4 2 6 2 1 14 1 14 1 22 2 22 2 23 1
4 2 6 2 1 14 1 15 1 22 2 23 1 29 1
4 1 4 2 1 14 2 22 4 23 1
4 2 6 2 1 15 1 15 1 23 1 29 1 29 1
4 1 4 2 1 15 2 23 1 29 2
4 4 6 6 1 7 1 7 1 18 1 18 1 26 1
4 8 6 6 1 7 1 10 1 18 1 22 1 26 1
4 4 6 6 1 7 1 10 2 18 1 26 1 30 1
4 4 6 6 1 7 1 12 1 18 1 25 1 26 1
4 4 6 6 1 7 1 14 1 18 1 22 2 26 1
4 4 6 6 1 7 1 15 1 18 1 26 1 29 1
4 2 4 6 1 7 2 18 2 26 1
4 16 6 6 1 10 1 10 1 22 1 22 1 26 1
4 8 6 6 1 10 1 10 2 22 1 26 1 30 1
4 8 6 6 1 10 1 12 1 22 1 25 1 26 1
4 8 6 6 1 10 1 14 1 22 1 22 2 26 1
4 8 6 6 1 10 1 15 1 22 1 26 1 29 1
4 4 6 6 1 10 2 10 2 26 1 30 1 30 1
4 4 6 6 1 10 2 12 1 25 1 26 1 30 1
4 4 6 6 1 10 2 14 1 22 2 26 1 30 1
4 4 6 6 1 10 2 15 1 26 1 29 1 30 1
4 8 4 6 1 10 2 22 2 26 1
4 2 4 6 1 10 4 26 1 30 2
4 4 6 6 1 12 1 12 1 25 1 25 1 26 1
4 4 6 6 1 12 1 14 1 22 2 25 1 26 1
4 4 6 6 1 12 1 15 1 25 1 26 1 29 1
4 2 4 6 1 12 2 25 2 26 1
4 4 6 6 1 14 1 14 1 22 2 22 2 26 1
4 4 6 6 1 14 1 15 1 22 2 26 1 29 1
4 2 4 6 1 14 2 22 4 26 1
4 4 6 6 1 15 1 15 1 26 1 29 1 29 1
4 2 4 6 1 15 2 26 1 29 2
4 2 6 6 2 7 1 7 1 18 1 18 1 30 1
4 4 6 6 2 7 1 10 1 18 1 22 1 30 1
4 2 6 6 2 7 1 10 2 18 1 30 1 30 1
4 2 6 6 2 7 1 12 1 18 1 25 1 30 1
4 2 6 6 2 7 1 14 1 18 1 22 2 30 1
4 2 6 6 2 7 1 15 1 18 1 29 1 30 1
4 1 4 6 2 7 2 18 2 30 1
4 8 6 6 2 10 1 10 1 22 1 22 1 30 1
4 4 6 6 2 10 1 10 2 22 1 30 1 30 1
4 4 6 6 2 10 1 12 1 22 1 25 1 30 1
4 4 6 6 2 10 1 14 1 22 1 22 2 30 1
4 4 6 6 2 10 1 15 1 22 1 29 1 30 1
4 2 6 6 2 10 2 10 2 30 1 30 1 30 1
4 2 6 6 2 10 2 12 1 25 1 30 1 30 1
4 2 6 6 2 10 2 14 1 22 2 30 1 30 1
4 2 6 6 2 10 2 15 1 29 1 30 1 30 1
4 4 4 6 2 10 2 22 2 30 1
4 1 4 6 2 10 4 30 1 30 2
4 2 6 6 2 12 1 12 1 25 1 25 1 30 1
4 2 6 6 2 12 1 14 1 22 2 25 1 30 1
4 2 6 6 2 12 1 15 1 25 1 29 1 30 1
4 1 4 6 2 12 2 25 2 30 1
4 2 6 6 2 14 1 14 1 22 2 22 2 30 1
4 2 6 6 2 14 1 15 1 22 2 29 1 30 1
4 1 4 6 2 14 2 22 4 30 1
4 2 6 6 2 15 1 15 1 29 1 29 1 30 1
4 1 4 6 2 15 2 29 2 30 1
4 2 6 7 1 7 1 9 1 18 1 18 1 28 1
4 2 6 7 1 7 1 13 1 18 1 18 1 31 1
4 2 6 7 1 7 1 14 1 18 1 18 1 26 2
4 2 6 7 1 7 1 16 1 17 1 18 1 18 1
4 4 6 7 1 9 1 10 1 18 1 22 1 28 1
4 2 6 7 1 9 1 10 2 18 1 28 1 30 1
4 2 6 7 1 9 1 12 1 18 1 25 1 28 1
4 2 6 7 1 9 1 14 1 18 1 22 2 28 1
4 2 6 7 1 9 1 15 1 18 1 28 1 29 1
4 4 6 7 1 10 1 13 1 18 1 22 1 31 1
4 4 6 7 1 10 1 14 1 18 1 22 1 26 2
4 4 6 7 1 10 1 16 1 17 1 18 1 22 1
4 2 6 7 1 10 2 13 1 18 1 30 1 31 1
4 2 6 7 1 10 2 14 1 18 1 26 2 30 1
4 2 6 7 1 10 2 16 1 17 1 18 1 30 1
4 2 6 7 1 12 1 13 1 18 1 25 1 31 1
4 2 6 7 1 12 1 14 1 18 1 25 1 26 2
4 2 6 7 1 12 1 16 1 17 1 18 1 25 1
4 2 6 7 1 13 1 14 1 18 1 22 2 31 1
4 2 6 7 1 13 1 15 1 18 1 29 1 31 1
4 2 6 7 1 14 1 14 1 18 1 22 2 26 2
4 2 6 7 1 14 1 15 1 18 1 26 2 29 1
4 2 6 7 1 14 1 16 1 17 1 18 1 22 2
4 2 6 7 1 15 1 16 1 17 1 18 1 29 1
4 1 4 7 2 9 1 18 2 28 1
4 1 4 7 2 13 1 18 2 31 1
4 1 4 7 2 14 1 18 2 26 2
4 1 4 7 2 16 1 17 1 18 2
4 8 6 9 1 10 1 10 1 22 1 22 1 28 1
4 4 6 9 1 10 1 10 2 22 1 28 1 30 1
4 4 6 9 1 10 1 12 1 22 1 25 1 28 1
4 4 6 9 1 10 1 14 1 22 1 22 2 28 1
4 4 6 9 1 10 1 15 1 22 1 28 1 29 1
4 2 6 9 1 10 2 10 2 28 1 30 1 30 1
4 2 6 9 1 10 2 12 1 25 1 28 1 30 1
4 2 6 9 1 10 2 14 1 22 2 28 1 30 1
4 2 6 9 1 10 2 15 1 28 1 29 1 30 1
4 4 4 9 1 10 2 22 2 28 1
4 1 4 9 1 10 4 28 1 30 2
4 2 6 9 1 12 1 12 1 25 1 25 1 28 1
4 2 6 9 1 12 1 14 1 22 2 25 1 28 1
4 2 6 9 1 12 1 15 1 25 1 28 1 29 1
4 1 4 9 1 12 2 25 2 28 1
4 2 6 9 1 14 1 14 1 22 2 22 2 28 1
4 2 6 9 1 14 1 15 1 22 2 28 1 29 1
4 1 4 9 1 14 2 22 4 28 1
4 2 6 9 1 15 1 15 1 28 1 29 1 29 1
4 1 4 9 1 15 2 28 1 29 2
4 8 6 10 1 10 1 13 1 22 1 22 1 31 1
4 8 6 10 1 10 1 14 1 22 1 22 1 26 2
4 8 6 10 1 10 1 16 1 17 1 22 1 22 1
4 4 6 10 1 10 2 13 1 22 1 30 1 31 1
4 4 6 10 1 10 2 14 1 22 1 26 2 30 1
4 4 6 10 1 10 2 16 1 17 1 22 1 30 1
4 4 6 10 1 12 1 13 1 22 1 25 1 31 1
4 4 6 10 1 12 1 14 1 22 1 25 1 26 2
4 4 6 10 1 12 1 16 1 17 1 22 1 25 1
4 4 6 10 1 13 1 14 1 22 1 22 2 31 1
4 4 6 10 1 13 1 15 1 22 1 29 1 31 1
4 4 6 10 1 14 1 14 1 22 1 22 2 26 2
4 4 6 10 1 14 1 15 1 22 1 26 2 29 1
4 4 6 10 1 14 1 16 1 17 1 22 1 22 2
4 4 6 10 1 15 1 16 1 17 1 22 1 29 1
4 2 6 10 2 10 2 13 1 30 1 30 1 31 1
4 2 6 10 2 10 2 14 1 26 2 30 1 30 1
4 2 6 10 2 10 2 16 1 17 1 30 1 30 1
4 2 6 10 2 12 1 13 1 25 1 30 1 31 1
4 2 6 10 2 12 1 14 1 25 1 26 2 30 1
4 2 6 10 2 12 1 16 1 17 1 25 1 30 1
4 2 6 10 2 13 1 14 1 22 2 30 1 31 1
4 2 6 10 2 13 1 15 1 29 1 30 1 31 1
4 4 4 10 2 13 1 22 2 31 1
4 2 6 10 2 14 1 14 1 22 2 26 2 30 1
4 2 6 10 2 14 1 15 1 26 2 29 1 30 1
4 2 6 10 2 14 1 16 1 17 1 22 2 30 1
4 4 4 10 2 14 1 22 2 26 2
4 2 6 10 2 15 1 16 1 17 1 29 1 30 1
4 4 4 10 2 16 1 17 1 22 2
4 1 4 10 4 13 1 30 2 31 1
4 1 4 10 4 14 1 26 2 30 2
4 1 4 10 4 16 1 17 1 30 2
4 2 6 12 1 12 1 13 1 25 1 25 1 31 1
4 2 6 12 1 12 1 14 1 25 1 25 1 26 2
4 2 6 12 1 12 1 16 1 17 1 25 1 25 1
4 2 6 12 1 13 1 14 1 22 2 25 1 31 1
4 2 6 12 1 13 1 15 1 25 1 29 1 31 1
4 2 6 12 1 14 1 14 1 22 2 25 1 26 2
4 2 6 12 1 14 1 15 1 25 1 26 2 29 1
4 2 6 12 1 14 1 16 1 17 1 22 2 25 1
4 2 6 12 1 15 1 16 1 17 1 25 1 29 1
4 1 4 12 2 13 1 25 2 31 1
4 1 4 12 2 14 1 25 2 26 2
4 1 4 12 2 16 1 17 1 25 2
4 2 6 13 1 14 1 14 1 22 2 22 2 31 1
4 2 6 13 1 14 1 15 1 22 2 29 1 31 1
4 1 4 13 1 14 2 22 4 31 1
4 2 6 13 1 15 1 15 1 29 1 29 1 31 1
4 1 4 13 1 15 2 29 2 31 1
4 2 6 14 1 14 1 14 1 22 2 22 2 26 2
4 2 6 14 1 14 1 15 1 22 2 26 2 29 1
4 2 6 14 1 14 1 16 1 17 1 22 2 22 2
4 1 4 14 1 14 2 22 4 26 2
4 2 6 14 1 15 1 15 1 26 2 29 1 29 1
4 2 6 14 1 15 1 16 1 17 1 22 2 29 1
4 1 4 14 1 15 2 26 2 29 2
4 1 4 14 2 16 1 17 1 22 4
4 2 6 15 1 15 1 16 1 17 1 29 1 29 1
4 1 4 15 2 16 1 17 1 29 2
5 2 6 0 1 1 1 1 1 2 1 2 1 23 1
5 2 6 0 1 1 1 2 1 7 1 16 1 23 1
5 4 6 0 1 1 1 2 1 8 1 19 1 23 1
5 2 6 0 1 1 1 2 1 8 2 23 1 27 1
5 2 6 0 1 1 1 2 1 11 1 19 2 23 1
5 2 6 0 1 1 1 2 1 13 1 23 1 25 1
5 2 6 0 1 1 1 2 1 15 1 23 1 28 1
5 1 4 0 1 1 2 2 2 23 1
5 2 6 0 1 7 1 7 1 16 1 16 1 23 1
5 4 6 0 1 7 1 8 1 16 1 19 1 23 1
5 2 6 0 1 7 1 8 2 16 1 23 1 27 1
5 2 6 0 1 7 1 11 1 16 1 19 2 23 1
5 2 6 0 1 7 1 13 1 16 1 23 1 25 1
5 2 6 0 1 7 1 15 1 16 1 23 1 28 1
5 1 4 0 1 7 2 16 2 23 1
5 8 6 0 1 8 1 8 1 19 1 19 1 23 1
5 4 6 0 1 8 1 8 2 19 1 23 1 27 1
5 4 6 0 1 8 1 11 1 19 1 19 2 23 1
5 4 6 0 1 8 1 13 1 19 1 23 1 25 1
5 4 6 0 1 8 1 15 1 19 1 23 1 28 1
5 2 6 0 1 8 2 8 2 23 1 27 1 27 1
5 2 6 0 1 8 2 11 1 19 2 23 1 27 1
5 2 6 0 1 8 2 13 1 23 1 25 1 27 1
5 2 6 0 1 8 2 15 1 23 1 27 1 28 1
5 4 4 0 1 8 2 19 2 23 1
5 1 4 0 1 8 4 23 1 27 2
5 2 6 0 1 11 1 11 1 19 2 19 2 23 1
5 2 6 0 1 11 1 13 1 19 2 23 1 25 1
5 2 6 0 1 11 1 15 1 19 2 23 1 28 1
5 1 4 0 1 11 2 19 4 23 1
5 2 6 0 1 13 1 13 1 23 1 25 1 25 1
5 2 6 0 1 13 1 15 1 23 1 25 1 28 1
5 1 4 0 1 13 2 23 1 25 2
5 2 6 0 1 15 1 15 1 23 1 28 1 28 1
5 1 4 0 1 15 2 23 1 28 2
5 4 6 1 1 1 1 2 1 2 1 3 1 24 1
5 2 6 1 1 1 1 2 1 2 1 3 2 27 1
5 2 6 1 1 1 1 2 1 2 1 9 1 29 1
5 2 6 1 1 1 1 2 1 2 1 11 1 24 2
5 2 6 1 1 1 1 2 1 2 1 12 1 31 1
5 2 6 1 1 1 1 2 1 2 1 17 1 18 1
5 4 6 1 1 2 1 3 1 7 1 16 1 24 1
5 8 6 1 1 2 1 3 1 8 1 19 1 24 1
5 4 6 1 1 2 1 3 1 8 2 24 1 27 1
5 4 6 1 1 2 1 3 1 11 1 19 2 24 1
5 4 6 1 1 2 1 3 1 13 1 24 1 25 1
5 4 6 1 1 2 1 3 1 15 1 24 1 28 1
5 2 6 1 1 2 1 3 2 7 1 16 1 27 1
5 4 6 1 1 2 1 3 2 8 1 19 1 27 1
5 2 6 1 1 2 1 3 2 8 2 27 1 27 1
5 2 6 1 1 2 1 3 2 11 1 19 2 27 1
5 2 6 1 1 2 1 3 2 13 1 25 1 27 1
5 2 6 1 1 2 1 3 2 15 1 27 1 28 1
5 2 6 1 1 2 1 7 1 9 1 16 1 29 1
5 2 6 1 1 2 1 7 1 11 1 16 1 24 2
5 2 6 1 1 2 1 7 1 12 1 16 1 31 1
5 2 6 1 1 2 1 7 1 16 1 17 1 18 1
5 4 6 1 1 2 1 8 1 9 1 19 1 29 1
5 4 6 1 1 2 1 8 1 11 1 19 1 24 2
5 4 6 1 1 2 1 8 1 12 1 19 1 31 1
5 4 6 1 1 2 1 8 1 17 1 18 1 19 1
5 2 6 1 1 2 1 8 2 9 1 27 1 29 1
5 2 6 1 1 2 1 8 2 11 1 24 2 27 1
5 2 6 1 1 2 1 8 2 12 1 27 1 31 1
5 2 6 1 1 2 1 8 2 17 1 18 1 27 1
5 2 6 1 1 2 1 9 1 11 1 19 2 29 1
5 2 6 1 1 2 1 9 1 13 1 25 1 29 1
5 2 6 1 1 2 1 9 1 15 1 28 1 29 1
5 2 6 1 1 2 1 11 1 11 1 19 2 24 2
5 2 6 1 1 2 1 11 1 12 1 19 2 31 1
5 2 6 1 1 2 1 11 1 13 1 24 2 25 1
5 2 6 1 1 2 1 11 1 15 1 24 2 28 1
5 2 6 1 1 2 1 11 1 17 1 18 1 19 2
5 2 6 1 1 2 1 12 1 13 1 25 1 31 1
5 2 6 1 1 2 1 12 1 15 1 28 1 31 1
5 2 6 1 1 2 1 13 1 17 1 18 1 25 1
5 2 6 1 1 2 1 15 1 17 1 18 1 28 1
5 2 4 1 2 2 2 3 1 24 1
5 1 4 1 2 2 2 3 2 27 1
5 1 4 1 2 2 2 9 1 29 1
5 1 4 1 2 2 2 11 1 24 2
5 1 4 1 2 2 2 12 1 31 1
5 1 4 1 2 2 2 17 1 18 1
5 4 6 3 1 7 1 7 1 16 1 16 1 24 1
5 8 6 3 1 7 1 8 1 16 1 19 1 24 1
5 4 6 3 1 7 1 8 2 16 1 24 1 27 1
5 4 6 3 1 7 1 11 1 16 1 19 2 24 1
5 4 6 3 1 7 1 13 1 16 1 24 1 25 1
5 4 6 3 1 7 1 15 1 16 1 24 1 28 1
5 2 4 3 1 7 2 16 2 24 1
5 16 6 3 1 8 1 8 1 19 1 19 1 24 1
5 8 6 3 1 8 1 8 2 19 1 24 1 27 1
5 8 6 3 1 8 1 11 1 19 1 19 2 24 1
5 8 6 3 1 8 1 13 1 19 1 24 1 25 1
5 8 6 3 1 8 1 15 1 19 1 24 1 28 1
5 4 6 3 1 8 2 8 2 24 1 27 1 27 1
5 4 6 3 1 8 2 11 1 19 2 24 1 27 1
5 4 6 3 1 8 2 13 1 24 1 25 1 27 1
5 4 6 3 1 8 2 15 1 24 1 27 1 28 1
5 8 4 3 1 8 2 19 2 24 1
5 2 4 3 1 8 4 24 1 27 2
5 4 6 3 1 11 1 11 1 19 2 19 2 24 1
5 4 6 3 1 11 1 13 1 19 2 24 1 25 1
5 4 6 3 1 11 1 15 1 19 2 24 1 28 1
5 2 4 3 1 11 2 19 4 24 1
5 4 6 3 1 13 1 13 1 24 1 25 1 25 1
5 4 6 3 1 13 1 15 1 24 1 25 1 28 1
5 2 4 3 1 13 2 24 1 25 2
5 4 6 3 1 15 1 15 1 24 1 28 1 28 1
5 2 4 3 1 15 2 24 1 28 2
5 2 6 3 2 7 1 7 1 16 1 16 1 27 1
5 4 6 3 2 7 1 8 1 16 1 19 1 27 1
5 2 6 3 2 7 1 8 2 16 1 27 1 27 1
5 2 6 3 2 7 1 11 1 16 1 19 2 27 1
5 2 6 3 2 7 1 13 1 16 1 25 1 27 1
5 2 6 3 2 7 1 15 1 16 1 27 1 28 1
5 1 4 3 2 7 2 16 2 27 1
5 8 6 3 2 8 1 8 1 19 1 19 1 27 1
5 4 6 3 2 8 1 8 2 19 1 27 1 27 1
5 4 6 3 2 8 1 11 1 19 1 19 2 27 1
5 4 6 3 2 8 1 13 1 19 1 25 1 27 1
5 4 6 3 2 8 1 15 1 19 1 27 1 28 1
5 2 6 3 2 8 2 8 2 27 1 27 1 27 1
5 2 6 3 2 8 2 11 1 19 2 27 1 27 1
5 2 6 3 2 8 2 13 1 25 1 27 1 27 1
5 2 6 3 2 8 2 15 1 27 1 27 1 28 1
5 4 4 3 2 8 2 19 2 27 1
5 1 4 3 2 8 4 27 1 27 2
5 2 6 3 2 11 1 11 1 19 2 19 2 27 1
5 2 6 3 2 11 1 13 1 19 2 25 1 27 1
5 2 6 3 2 11 1 15 1 19 2 27 1 28 1
5 1 4 3 2 11 2 19 4 27 1
5 2 6 3 2 13 1 13 1 25 1 25 1 27 1
5 2 6 3 2 13 1 15 1 25 1 27 1 28 1
5 1 4 3 2 13 2 25 2 27 1
5 2 6 3 2 15 1 15 1 27 1 28 1 28 1
5 1 4 3 2 15 2 27 1 28 2
5 2 6 7 1 7 1 9 1 16 1 16 1 29 1
5 2 6 7 1 7 1 11 1 16 1 16 1 24 2
5 2 6 7 1 7 1 12 1 16 1 16 1 31 1
5 2 6 7 1 7 1 16 1 16 1 17 1 18 1
5 4 6 7 1 8 1 9 1 16 1 19 1 29 1
5 4 6 7 1 8 1 11 1 16 1 19 1 24 2
5 4 6 7 1 8 1 12 1 16 1 19 1 31 1
5 4 6 7 1 8 1 16 1 17 1 18 1 19 1
5 2 6 7 1 8 2 9 1 16 1 27 1 29 1
5 2 6 7 1 8 2 11 1 16 1 24 2 27 1
5 2 6 7 1 8 2 12 1 16 1 27 1 31 1
5 2 6 7 1 8 2 16 1 17 1 18 1 27 1
5 2 6 7 1 9 1 11 1 16 1 19 2 29 1
5 2 6 7 1 9 1 13 1 16 1 25 1 29 1
5 2 6 7 1 9 1 15 1 16 1 28 1 29 1
5 2 6 7 1 11 1 11 1 16 1 19 2 24 2
5 2 6 7 1 11 1 12 1 16 1 19 2 31 1
5 2 6 7 1 11 1 13 1 16 1 24 2 25 1
5 2 6 7 1 11 1 15 1 16 1 24 2 28 1
5 2 6 7 1 11 1 16 1 17 1 18 1 19 2
5 2 6 7 1 12 1 13 1 16 1 25 1 31 1
5 2 6 7 1 12 1 15 1 16 1 28 1 31 1
5 2 6 7 1 13 1 16 1 17 1 18 1 25 1
5 2 6 7 1 15 1 16 1 17 1 18 1 28 1
5 1 4 7 2 9 1 16 2 29 1
5 1 4 7 2 11 1 16 2 24 2
5 1 4 7 2 12 1 16 2 31 1
5 1 4 7 2 16 2 17 1 18 1
5 8 6 8 1 8 1 9 1 19 1 19 1 29 1
5 8 6 8 1 8 1 11 1 19 1 19 1 24 2
5 8 6 8 1 8 1 12 1 19 1 19 1 31 1
5 8 6 8 1 8 1 17 1 18 1 19 1 19 1
5 4 6 8 1 8 2 9 1 19 1 27 1 29 1
5 4 6 8 1 8 2 11 1 19 1 24 2 27 1
5 4 6 8 1 8 2 12 1 19 1 27 1 31 1
5 4 6 8 1 8 2 17 1 18 1 19 1 27 1
5 4 6 8 1 9 1 11 1 19 1 19 2 29 1
5 4 6 8 1 9 1 13 1 19 1 25 1 29 1
5 4 6 8 1 9 1 15 1 19 1 28 1 29 1
5 4 6 8 1 11 1 11 1 19 1 19 2 24 2
5 4 6 8 1 11 1 12 1 19 1 19 2 31 1
5 4 6 8 1 11 1 13 1 19 1 24 2 25 1
5 4 6 8 1 11 1 15 1 19 1 24 2 28 1
5 4 6 8 1 11 1 17 1 18 1 19 1 19 2
5 4 6 8 1 12 1 13 1 19 1 25 1 31 1
5 4 6 8 1 12 1 15 1 19 1 28 1 31 1
5 4 6 8 1 13 1 17 1 18 1 19 1 25 1
5 4 6 8 1 15 1 17 1 18 1 19 1 28 1
5 2 6 8 2 8 2 9 1 27 1 27 1 29 1
5 2 6 8 2 8 2 11 1 24 2 27 1 27 1
5 2 6 8 2 8 2 12 1 27 1 27 1 31 1
5 2 6 8 2 8 2 17 1 18 1 27 1 27 1
5 2 6 8 2 9 1 11 1 19 2 27 1 29 1
5 2 6 8 2 9 1 13 1 25 1 27 1 29 1
5 2 6 8 2 9 1 15 1 27 1 28 1 29 1
5 4 4 8 2 9 1 19 2 29 1
5 2 6 8 2 11 1 11 1 19 2 24 2 27 1
5 2 6 8 2 11 1 12 1 19 2 27 1 31 1
5 2 6 8 2 11 1 13 1 24 2 25 1 27 1
5 2 6 8 2 11 1 15 1 24 2 27 1 28 1
5 2 6 8 2 11 1 17 1 18 1 19 2 27 1
5 4 4 8 2 11 1 19 2 24 2
5 2 6 8 2 12 1 13 1 25 1 27 1 31 1
5 2 6 8 2 12 1 15 1 27 1 28 1 31 1
5 4 4 8 2 12 1 19 2 31 1
5 2 6 8 2 13 1 17 1 18 1 25 1 27 1
5 2 6 8 2 15 1 17 1 18 1 27 1 28 1
5 4 4 8 2 17 1 18 1 19 2
5 1 4 8 4 9 1 27 2 29 1
5 1 4 8 4 11 1 24 2 27 2
5 1 4 8 4 12 1 27 2 31 1
5 1 4 8 4 17 1 18 1 27 2
5 2 6 9 1 11 1 11 1 19 2 19 2 29 1
5 2 6 9 1 11 1 13 1 19 2 25 1 29 1
5 2 6 9 1 11 1 15 1 19 2 28 1 29 1
5 1 4 9 1 11 2 19 4 29 1
5 2 6 9 1 13 1 13 1 25 1 25 1 29 1
5 2 6 9 1 13 1 15 1 25 1 28 1 29 1
5 1 4 9 1 13 2 25 2 29 1
5 2 6 9 1 15 1 15 1 28 1 28 1 29 1
5 1 4 9 1 15 2 28 2 29 1
5 2 6 11 1 11 1 11 1 19 2 19 2 24 2
5 2 6 11 1 11 1 12 1 19 2 19 2 31 1
5 2 6 11 1 11 1 13 1 19 2 24 2 25 1
5 2 6 11 1 11 1 15 1 19 2 24 2 28 1
5 2 6 11 1 11 1 17 1 18 1 19 2 19 2
5 1 4 11 1 11 2 19 4 24 2
5 2 6 11 1 12 1 13 1 19 2 25 1 31 1
5 2 6 11 1 12 1 15 1 19 2 28 1 31 1
5 2 6 11 1 13 1 13 1 24 2 25 1 25 1
5 2 6 11 1 13 1 15 1 24 2 25 1 28 1
5 2 6 11 1 13 1 17 1 18 1 19 2 25 1
5 1 4 11 1 13 2 24 2 25 2
5 2 6 11 1 15 1 15 1 24 2 28 1 28 1
5 2 6 11 1 15 1 17 1 18 1 19 2 28 1
5 1 4 11 1 15 2 24 2 28 2
5 1 4 11 2 12 1 19 4 31 1
5 1 4 11 2 17 1 18 1 19 4
5 2 6 12 1 13 1 13 1 25 1 25 1 31 1
5 2 6 12 1 13 1 15 1 25 1 28 1 31 1
5 1 4 12 1 13 2 25 2 31 1
5 2 6 12 1 15 1 15 1 28 1 28 1 31 1
5 1 4 12 1 15 2 28 2 31 1
5 2 6 13 1 13 1 17 1 18 1 25 1 25 1
5 2 6 13 1 15 1 17 1 18 1 25 1 28 1
5 1 4 13 2 17 1 18 1 25 2
5 2 6 15 1 15 1 17 1 18 1 28 1 28 1
5 1 4 15 2 17 1 18 1 28 2
6 2 6 1 1 2 1 2 1 3 1 3 1 24 1
6 2 6 1 1 2 1 3 1 8 1 17 1 24 1
6 2 6 1 1 2 1 3 1 9 1 19 1 24 1
6 2 6 1 1 2 1 3 1 10 1 20 1 24 1
6 2 6 1 1 2 1 3 1 13 1 24 1 24 1
6 2 6 1 1 2 1 3 1 14 1 24 1 26 1
6 1 4 1 1 2 2 3 2 24 1
6 2 6 1 1 8 1 8 1 17 1 17 1 24 1
6 2 6 1 1 8 1 9 1 17 1 19 1 24 1
6 2 6 1 1 8 1 10 1 17 1 20 1 24 1
6 2 6 1 1 8 1 13 1 17 1 24 1 24 1
6 2 6 1 1 8 1 14 1 17 1 24 1 26 1
6 1 4 1 1 8 2 17 2 24 1
6 2 6 1 1 9 1 9 1 19 1 19 1 24 1
6 2 6 1 1 9 1 10 1 19 1 20 1 24 1
6 2 6 1 1 9 1 13 1 19 1 24 1 24 1
6 2 6 1 1 9 1 14 1 19 1 24 1 26 1
6 1 4 1 1 9 2 19 2 24 1
6 2 6 1 1 10 1 10 1 20 1 20 1 24 1
6 2 6 1 1 10 1 13 1 20 1 24 1 24 1
6 2 6 1 1 10 1 14 1 20 1 24 1 26 1
6 1 4 1 1 10 2 20 2 24 1
6 2 6 1 1 13 1 13 1 24 1 24 1 24 1
6 2 6 1 1 13 1 14 1 24 1 24 1 26 1
6 1 4 1 1 13 2 24 1 24 2
6 2 6 1 1 14 1 14 1 24 1 26 1 26 1
6 1 4 1 1 14 2 24 1 26 2
6 2 6 2 1 2 1 3 1 3 1 3 1 25 1
6 2 6 2 1 2 1 3 1 3 1 4 1 26 1
6 2 6 2 1 2 1 3 1 3 1 8 1 29 1
6 2 6 2 1 2 1 3 1 3 1 10 1 30 1
6 2 6 2 1 2 1 3 1 3 1 18 1 19 1
6 2 6 2 1 3 1 3 1 8 1 17 1 25 1
6 2 6 2 1 3 1 3 1 9 1 19 1 25 1
6 2 6 2 1 3 1 3 1 10 1 20 1 25 1
6 2 6 2 1 3 1 3 1 13 1 24 1 25 1
6 2 6 2 1 3 1 3 1 14 1 25 1 26 1
6 2 6 2 1 3 1 4 1 8 1 17 1 26 1
6 2 6 2 1 3 1 4 1 9 1 19 1 26 1
6 2 6 2 1 3 1 4 1 10 1 20 1 26 1
6 2 6 2 1 3 1 4 1 13 1 24 1 26 1
6 2 6 2 1 3 1 4 1 14 1 26 1 26 1
6 2 6 2 1 3 1 8 1 8 1 17 1 29 1
6 2 6 2 1 3 1 8 1 9 1 19 1 29 1
6 2 6 2 1 3 1 8 1 10 1 17 1 30 1
6 2 6 2 1 3 1 8 1 10 1 20 1 29 1
6 2 6 2 1 3 1 8 1 13 1 24 1 29 1
6 2 6 2 1 3 1 8 1 14 1 26 1 29 1
6 2 6 2 1 3 1 8 1 17 1 18 1 19 1
6 2 6 2 1 3 1 9 1 10 1 19 1 30 1
6 2 6 2 1 3 1 9 1 18 1 19 1 19 1
6 2 6 2 1 3 1 10 1 10 1 20 1 30 1
6 2 6 2 1 3 1 10 1 13 1 24 1 30 1
6 2 6 2 1 3 1 10 1 14 1 26 1 30 1
6 2 6 2 1 3 1 10 1 18 1 19 1 20 1
6 2 6 2 1 3 1 13 1 18 1 19 1 24 1
6 2 6 2 1 3 1 14 1 18 1 19 1 26 1
6 1 4 2 2 3 1 3 2 25 1
6 1 4 2 2 3 2 4 1 26 1
6 1 4 2 2 3 2 8 1 29 1
6 1 4 2 2 3 2 10 1 30 1
6 1 4 2 2 3 2 18 1 19 1
6 2 6 3 1 8 1 8 1 17 1 17 1 25 1
6 2 6 3 1 8 1 9 1 17 1 19 1 25 1
6 2 6 3 1 8 1 10 1 17 1 20 1 25 1
6 2 6 3 1 8 1 13 1 17 1 24 1 25 1
6 2 6 3 1 8 1 14 1 17 1 25 1 26 1
6 1 4 3 1 8 2 17 2 25 1
6 2 6 3 1 9 1 9 1 19 1 19 1 25 1
6 2 6 3 1 9 1 10 1 19 1 20 1 25 1
6 2 6 3 1 9 1 13 1 19 1 24 1 25 1
6 2 6 3 1 9 1 14 1 19 1 25 1 26 1
6 1 4 3 1 9 2 19 2 25 1
6 2 6 3 1 10 1 10 1 20 1 20 1 25 1
6 2 6 3 1 10 1 13 1 20 1 24 1 25 1
6 2 6 3 1 10 1 14 1 20 1 25 1 26 1
6 1 4 3 1 10 2 20 2 25 1
6 2 6 3 1 13 1 13 1 24 1 24 1 25 1
6 2 6 3 1 13 1 14 1 24 1 25 1 26 1
6 1 4 3 1 13 2 24 2 25 1
6 2 6 3 1 14 1 14 1 25 1 26 1 26 1
6 1 4 3 1 14 2 25 1 26 2
6 2 6 4 1 8 1 8 1 17 1 17 1 26 1
6 2 6 4 1 8 1 9 1 17 1 19 1 26 1
6 2 6 4 1 8 1 10 1 17 1 20 1 26 1
6 2 6 4 1 8 1 13 1 17 1 24 1 26 1
6 2 6 4 1 8 1 14 1 17 1 26 1 26 1
6 1 4 4 1 8 2 17 2 26 1
6 2 6 4 1 9 1 9 1 19 1 19 1 26 1
6 2 6 4 1 9 1 10 1 19 1 20 1 26 1
6 2 6 4 1 9 1 13 1 19 1 24 1 26 1
6 2 6 4 1 9 1 14 1 19 1 26 1 26 1
6 1 4 4 1 9 2 19 2 26 1
6 2 6 4 1 10 1 10 1 20 1 20 1 26 1
6 2 6 4 1 10 1 13 1 20 1 24 1 26 1
6 2 6 4 1 10 1 14 1 20 1 26 1 26 1
6 1 4 4 1 10 2 20 2 26 1
6 2 6 4 1 13 1 13 1 24 1 24 1 26 1
6 2 6 4 1 13 1 14 1 24 1 26 1 26 1
6 1 4 4 1 13 2 24 2 26 1
6 2 6 4 1 14 1 14 1 26 1 26 1 26 1
6 1 4 4 1 14 2 26 1 26 2
6 2 6 8 1 8 1 8 1 17 1 17 1 29 1
6 2 6 8 1 8 1 9 1 17 1 19 1 29 1
6 2 6 8 1 8 1 10 1 17 1 17 1 30 1
6 2 6 8 1 8 1 10 1 17 1 20 1 29 1
6 2 6 8 1 8 1 13 1 17 1 24 1 29 1
6 2 6 8 1 8 1 14 1 17 1 26 1 29 1
6 2 6 8 1 8 1 17 1 17 1 18 1 19 1
6 1 4 8 1 8 2 17 2 29 1
6 2 6 8 1 9 1 9 1 19 1 19 1 29 1
6 2 6 8 1 9 1 10 1 17 1 19 1 30 1
6 2 6 8 1 9 1 10 1 19 1 20 1 29 1
6 2 6 8 1 9 1 13 1 19 1 24 1 29 1
6 2 6 8 1 9 1 14 1 19 1 26 1 29 1
6 2 6 8 1 9 1 17 1 18 1 19 1 19 1
6 1 4 8 1 9 2 19 2 29 1
6 2 6 8 1 10 1 10 1 17 1 20 1 30 1
6 2 6 8 1 10 1 10 1 20 1 20 1 29 1
6 2 6 8 1 10 1 13 1 17 1 24 1 30 1
6 2 6 8 1 10 1 13 1 20 1 24 1 29 1
6 2 6 8 1 10 1 14 1 17 1 26 1 30 1
6 2 6 8 1 10 1 14 1 20 1 26 1 29 1
6 2 6 8 1 10 1 17 1 18 1 19 1 20 1
6 1 4 8 1 10 2 20 2 29 1
6 2 6 8 1 13 1 13 1 24 1 24 1 29 1
6 2 6 8 1 13 1 14 1 24 1 26 1 29 1
6 2 6 8 1 13 1 17 1 18 1 19 1 24 1
6 1 4 8 1 13 2 24 2 29 1
6 2 6 8 1 14 1 14 1 26 1 26 1 29 1
6 2 6 8 1 14 1 17 1 18 1 19 1 26 1
6 1 4 8 1 14 2 26 2 29 1
6 1 4 8 2 10 1 17 2 30 1
6 1 4 8 2 17 2 18 1 19 1
6 2 6 9 1 9 1 10 1 19 1 19 1 30 1
6 2 6 9 1 9 1 18 1 19 1 19 1 19 1
6 2 6 9 1 10 1 10 1 19 1 20 1 30 1
6 2 6 9 1 10 1 13 1 19 1 24 1 30 1
6 2 6 9 1 10 1 14 1 19 1 26 1 30 1
6 2 6 9 1 10 1 18 1 19 1 19 1 20 1
6 2 6 9 1 13 1 18 1 19 1 19 1 24 1
6 2 6 9 1 14 1 18 1 19 1 19 1 26 1
6 1 4 9 2 10 1 19 2 30 1
6 1 4 9 2 18 1 19 1 19 2
6 2 6 10 1 10 1 10 1 20 1 20 1 30 1
6 2 6 10 1 10 1 13 1 20 1 24 1 30 1
6 2 6 10 1 10 1 14 1 20 1 26 1 30 1
6 2 6 10 1 10 1 18 1 19 1 20 1 20 1
6 1 4 10 1 10 2 20 2 30 1
6 2 6 10 1 13 1 13 1 24 1 24 1 30 1
6 2 6 10 1 13 1 14 1 24 1 26 1 30 1
6 2 6 10 1 13 1 18 1 19 1 20 1 24 1
6 1 4 10 1 13 2 24 2 30 1
6 2 6 10 1 14 1 14 1 26 1 26 1 30 1
6 2 6 10 1 14 1 18 1 19 1 20 1 26 1
6 1 4 10 1 14 2 26 2 30 1
6 1 4 10 2 18 1 19 1 20 2
6 2 6 13 1 13 1 18 1 19 1 24 1 24 1
6 2 6 13 1 14 1 18 1 19 1 24 1 26 1
6 1 4 13 2 18 1 19 1 24 2
6 2 6 14 1 14 1 18 1 19 1 26 1 26 1
6 1 4 14 2 18 1 19 1 26 2
7 4 6 0 1 0 1 3 1 5 1 5 1 26 1
7 2 6 0 1 0 1 3 2 5 1 5 1 28 1
7 2 6 0 1 0 1 5 1 5 1 9 1 30 1
7 2 6 0 1 0 1 5 1 5 1 11 1 31 1
7 2 6 0 1 0 1 5 1 5 1 12 1 26 2
7 2 6 0 1 0 1 5 1 5 1 16 1 21 1
7 2 6 0 1 0 1 5 1 5 1 18 1 20 1
7 4 6 0 1 2 1 3 1 4 1 5 1 26 1
7 2 6 0 1 2 1 3 2 4 1 5 1 28 1
7 2 6 0 1 2 1 4 1 5 1 9 1 30 1
7 2 6 0 1 2 1 4 1 5 1 11 1 31 1
7 2 6 0 1 2 1 4 1 5 1 12 1 26 2
7 2 6 0 1 2 1 4 1 5 1 16 1 21 1
7 2 6 0 1 2 1 4 1 5 1 18 1 20 1
7 8 6 0 1 3 1 5 1 10 1 19 1 26 1
7 4 6 0 1 3 1 5 1 10 2 26 1 28 1
7 4 6 0 1 3 1 5 1 12 1 19 2 26 1
7 4 6 0 1 3 1 5 1 14 1 25 1 26 1
7 4 6 0 1 3 1 5 1 15 1 26 1 27 1
7 4 6 0 1 3 2 5 1 10 1 19 1 28 1
7 2 6 0 1 3 2 5 1 10 2 28 1 28 1
7 2 6 0 1 3 2 5 1 12 1 19 2 28 1
7 2 6 0 1 3 2 5 1 14 1 25 1 28 1
7 2 6 0 1 3 2 5 1 15 1 27 1 28 1
7 4 6 0 1 5 1 9 1 10 1 19 1 30 1
7 2 6 0 1 5 1 9 1 10 2 28 1 30 1
7 2 6 0 1 5 1 9 1 12 1 19 2 30 1
7 2 6 0 1 5 1 9 1 14 1 25 1 30 1
7 2 6 0 1 5 1 9 1 15 1 27 1 30 1
7 4 6 0 1 5 1 10 1 11 1 19 1 31 1
7 4 6 0 1 5 1 10 1 12 1 19 1 26 2
7 4 6 0 1 5 1 10 1 16 1 19 1 21 1
7 4 6 0 1 5 1 10 1 18 1 19 1 20 1
7 2 6 0 1 5 1 10 2 11 1 28 1 31 1
7 2 6 0 1 5 1 10 2 12 1 26 2 28 1
7 2 6 0 1 5 1 10 2 16 1 21 1 28 1
7 2 6 0 1 5 1 10 2 18 1 20 1 28 1
7 2 6 0 1 5 1 11 1 12 1 19 2 31 1
7 2 6 0 1 5 1 11 1 14 1 25 1 31 1
7 2 6 0 1 5 1 11 1 15 1 27 1 31 1
7 2 6 0 1 5 1 12 1 12 1 19 2 26 2
7 2 6 0 1 5 1 12 1 14 1 25 1 26 2
7 2 6 0 1 5 1 12 1 15 1 26 2 27 1
7 2 6 0 1 5 1 12 1 16 1 19 2 21 1
7 2 6 0 1 5 1 12 1 18 1 19 2 20 1
7 2 6 0 1 5 1 14 1 16 1 21 1 25 1
7 2 6 0 1 5 1 14 1 18 1 20 1 25 1
7 2 6 0 1 5 1 15 1 16 1 21 1 27 1
7 2 6 0 1 5 1 15 1 18 1 20 1 27 1
7 2 4 0 2 3 1 5 2 26 1
7 1 4 0 2 3 2 5 2 28 1
7 1 4 0 2 5 2 9 1 30 1
7 1 4 0 2 5 2 11 1 31 1
7 1 4 0 2 5 2 12 1 26 2
7 1 4 0 2 5 2 16 1 21 1
7 1 4 0 2 5 2 18 1 20 1
7 4 6 2 1 2 1 3 1 4 1 4 1 26 1
7 2 6 2 1 2 1 3 2 4 1 4 1 28 1
7 2 6 2 1 2 1 4 1 4 1 9 1 30 1
7 2 6 2 1 2 1 4 1 4 1 11 1 31 1
7 2 6 2 1 2 1 4 1 4 1 12 1 26 2
7 2 6 2 1 2 1 4 1 4 1 16 1 21 1
7 2 6 2 1 2 1 4 1 4 1 18 1 20 1
7 8 6 2 1 3 1 4 1 10 1 19 1 26 1
7 4 6 2 1 3 1 4 1 10 2 26 1 28 1
7 4 6 2 1 3 1 4 1 12 1 19 2 26 1
7 4 6 2 1 3 1 4 1 14 1 25 1 26 1
7 4 6 2 1 3 1 4 1 15 1 26 1 27 1
7 4 6 2 1 3 2 4 1 10 1 19 1 28 1
7 2 6 2 1 3 2 4 1 10 2 28 1 28 1
7 2 6 2 1 3 2 4 1 12 1 19 2 28 1
7 2 6 2 1 3 2 4 1 14 1 25 1 28 1
7 2 6 2 1 3 2 4 1 15 1 27 1 28 1
7 4 6 2 1 4 1 9 1 10 1 19 1 30 1
7 2 6 2 1 4 1 9 1 10 2 28 1 30 1
7 2 6 2 1 4 1 9 1 12 1 19 2 30 1
7 2 6 2 1 4 1 9 1 14 1 25 1 30 1
7 2 6 2 1 4 1 9 1 15 1 27 1 30 1
7 4 6 2 1 4 1 10 1 11 1 19 1 31 1
7 4 6 2 1 4 1 10 1 12 1 19 1 26 2
7 4 6 2 1 4 1 10 1 16 1 19 1 21 1
7 4 6 2 1 4 1 10 1 18 1 19 1 20 1
7 2 6 2 1 4 1 10 2 11 1 28 1 31 1
7 2 6 2 1 4 1 10 2 12 1 26 2 28 1
7 2 6 2 1 4 1 10 2 16 1 21 1 28 1
7 2 6 2 1 4 1 10 2 18 1 20 1 28 1
7 2 6 2 1 4 1 11 1 12 1 19 2 31 1
7 2 6 2 1 4 1 11 1 14 1 25 1 31 1
7 2 6 2 1 4 1 11 1 15 1 27 1 31 1
7 2 6 2 1 4 1 12 1 12 1 19 2 26 2
7 2 6 2 1 4 1 12 1 14 1 25 1 26 2
7 2 6 2 1 4 1 12 1 15 1 26 2 27 1
7 2 6 2 1 4 1 12 1 16 1 19 2 21 1
7 2 6 2 1 4 1 12 1 18 1 19 2 20 1
7 2 6 2 1 4 1 14 1 16 1 21 1 25 1
7 2 6 2 1 4 1 14 1 18 1 20 1 25 1
7 2 6 2 1 4 1 15 1 16 1 21 1 27 1
7 2 6 2 1 4 1 15 1 18 1 20 1 27 1
7 2 4 2 2 3 1 4 2 26 1
7 1 4 2 2 3 2 4 2 28 1
7 1 4 2 2 4 2 9 1 30 1
7 1 4 2 2 4 2 11 1 31 1
7 1 4 2 2 4 2 12 1 26 2
7 1 4 2 2 4 2 16 1 21 1
7 1 4 2 2 4 2 18 1 20 1
7 16 6 3 1 10 1 10 1 19 1 19 1 26 1
7 8 6 3 1 10 1 10 2 19 1 26 1 28 1
7 8 6 3 1 10 1 12 1 19 1 19 2 26 1
7 8 6 3 1 10 1 14 1 19 1 25 1 26 1
7 8 6 3 1 10 1 15 1 19 1 26 1 27 1
7 4 6 3 1 10 2 10 2 26 1 28 1 28 1
7 4 6 3 1 10 2 12 1 19 2 26 1 28 1
7 4 6 3 1 10 2 14 1 25 1 26 1 28 1
7 4 6 3 1 10 2 15 1 26 1 27 1 28 1
7 8 4 3 1 10 2 19 2 26 1
7 2 4 3 1 10 4 26 1 28 2
7 4 6 3 1 12 1 12 1 19 2 19 2 26 1
7 4 6 3 1 12 1 14 1 19 2 25 1 26 1
7 4 6 3 1 12 1 15 1 19 2 26 1 27 1
7 2 4 3 1 12 2 19 4 26 1
7 4 6 3 1 14 1 14 1 25 1 25 1 26 1
7 4 6 3 1 14 1 15 1 25 1 26 1 27 1
7 2 4 3 1 14 2 25 2 26 1
7 4 6 3 1 15 1 15 1 26 1 27 1 27 1
7 2 4 3 1 15 2 26 1 27 2
7 8 6 3 2 10 1 10 1 19 1 19 1 28 1
7 4 6 3 2 10 1 10 2 19 1 28 1 28 1
7 4 6 3 2 10 1 12 1 19 1 19 2 28 1
7 4 6 3 2 10 1 14 1 19 1 25 1 28 1
7 4 6 3 2 10 1 15 1 19 1 27 1 28 1
7 2 6 3 2 10 2 10 2 28 1 28 1 28 1
7 2 6 3 2 10 2 12 1 19 2 28 1 28 1
7 2 6 3 2 10 2 14 1 25 1 28 1 28 1
7 2 6 3 2 10 2 15 1 27 1 28 1 28 1
7 4 4 3 2 10 2 19 2 28 1
7 1 4 3 2 10 4 28 1 28 2
7 2 6 3 2 12 1 12 1 19 2 19 2 28 1
7 2 6 3 2 12 1 14 1 19 2 25 1 28 1
7 2 6 3 2 12 1 15 1 19 2 27 1 28 1
7 1 4 3 2 12 2 19 4 28 1
7 2 6 3 2 14 1 14 1 25 1 25 1 28 1
7 2 6 3 2 14 1 15 1 25 1 27 1 28 1
7 1 4 3 2 14 2 25 2 28 1
7 2 6 3 2 15 1 15 1 27 1 27 1 28 1
7 1 4 3 2 15 2 27 2 28 1
7 8 6 9 1 10 1 10 1 19 1 19 1 30 1
7 4 6 9 1 10 1 10 2 19 1 28 1 30 1
7 4 6 9 1 10 1 12 1 19 1 19 2 30 1
7 4 6 9 1 10 1 14 1 19 1 25 1 30 1
7 4 6 9 1 10 1 15 1 19 1 27 1 30 1
7 2 6 9 1 10 2 10 2 28 1 28 1 30 1
7 2 6 9 1 10 2 12 1 19 2 28 1 30 1
7 2 6 9 1 10 2 14 1 25 1 28 1 30 1
7 2 6 9 1 10 2 15 1 27 1 28 1 30 1
7 4 4 9 1 10 2 19 2 30 1
7 1 4 9 1 10 4 28 2 30 1
7 2 6 9 1 12 1 12 1 19 2 19 2 30 1
7 2 6 9 1 12 1 14 1 19 2 25 1 30 1
7 2 6 9 1 12 1 15 1 19 2 27 1 30 1
7 1 4 9 1 12 2 19 4 30 1
7 2 6 9 1 14 1 14 1 25 1 25 1 30 1
7 2 6 9 1 14 1 15 1 25 1 27 1 30 1
7 1 4 9 1 14 2 25 2 30 1
7 2 6 9 1 15 1 15 1 27 1 27 1 30 1
7 1 4 9 1 15 2 27 2 30 1
7 8 6 10 1 10 1 11 1 19 1 19 1 31 1
7 8 6 10 1 10 1 12 1 19 1 19 1 26 2
7 8 6 10 1 10 1 16 1 19 1 19 1 21 1
7 8 6 10 1 10 1 18 1 19 1 19 1 20 1
7 4 6 10 1 10 2 11 1 19 1 28 1 31 1
7 4 6 10 1 10 2 12 1 19 1 26 2 28 1
7 4 6 10 1 10 2 16 1 19 1 21 1 28 1
7 4 6 10 1 10 2 18 1 19 1 20 1 28 1
7 4 6 10 1 11 1 12 1 19 1 19 2 31 1
7 4 6 10 1 11 1 14 1 19 1 25 1 31 1
7 4 6 10 1 11 1 15 1 19 1 27 1 31 1
7 4 6 10 1 12 1 12 1 19 1 19 2 26 2
7 4 6 10 1 12 1 14 1 19 1 25 1 26 2
7 4 6 10 1 12 1 15 1 19 1 26 2 27 1
7 4 6 10 1 12 1 16 1 19 1 19 2 21 1
7 4 6 10 1 12 1 18 1 19 1 19 2 20 1
7 4 6 10 1 14 1 16 1 19 1 21 1 25 1
7 4 6 10 1 14 1 18 1 19 1 20 1 25 1
7 4 6 10 1 15 1 16 1 19 1 21 1 27 1
7 4 6 10 1 15 1 18 1 19 1 20 1 27 1
7 2 6 10 2 10 2 11 1 28 1 28 1 31 1
7 2 6 10 2 10 2 12 1 26 2 28 1 28 1
7 2 6 10 2 10 2 16 1 21 1 28 1 28 1
7 2 6 10 2 10 2 18 1 20 1 28 1 28 1
7 2 6 10 2 11 1 12 1 19 2 28 1 31 1
7 2 6 10 2 11 1 14 1 25 1 28 1 31 1
7 2 6 10 2 11 1 15 1 27 1 28 1 31 1
7 4 4 10 2 11 1 19 2 31 1
7 2 6 10 2 12 1 12 1 19 2 26 2 28 1
7 2 6 10 2 12 1 14 1 25 1 26 2 28 1
7 2 6 10 2 12 1 15 1 26 2 27 1 28 1
7 2 6 10 2 12 1 16 1 19 2 21 1 28 1
7 2 6 10 2 12 1 18 1 19 2 20 1 28 1
7 4 4 10 2 12 1 19 2 26 2
7 2 6 10 2 14 1 16 1 21 1 25 1 28 1
7 2 6 10 2 14 1 18 1 20 1 25 1 28 1
7 2 6 10 2 15 1 16 1 21 1 27 1 28 1
7 2 6 10 2 15 1 18 1 20 1 27 1 28 1
7 4 4 10 2 16 1 19 2 21 1
7 4 4 10 2 18 1 19 2 20 1
7 1 4 10 4 11 1 28 2 31 1
7 1 4 10 4 12 1 26 2 28 2
7 1 4 10 4 16 1 21 1 28 2
7 1 4 10 4 18 1 20 1 28 2
7 2 6 11 1 12 1 12 1 19 2 19 2 31 1
7 2 6 11 1 12 1 14 1 19 2 25 1 31 1
7 2 6 11 1 12 1 15 1 19 2 27 1 31 1
7 1 4 11 1 12 2 19 4 31 1
7 2 6 11 1 14 1 14 1 25 1 25 1 31 1
7 2 6 11 1 14 1 15 1 25 1 27 1 31 1
7 1 4 11 1 14 2 25 2 31 1
7 2 6 11 1 15 1 15 1 27 1 27 1 31 1
7 1 4 11 1 15 2 27 2 31 1
7 2 6 12 1 12 1 12 1 19 2 19 2 26 2
7 2 6 12 1 12 1 14 1 19 2 25 1 26 2
7 2 6 12 1 12 1 15 1 19 2 26 2 27 1
7 2 6 12 1 12 1 16 1 19 2 19 2 21 1
7 2 6 12 1 12 1 18 1 19 2 19 2 20 1
7 1 4 12 1 12 2 19 4 26 2
7 2 6 12 1 14 1 14 1 25 1 25 1 26 2
7 2 6 12 1 14 1 15 1 25 1 26 2 27 1
7 2 6 12 1 14 1 16 1 19 2 21 1 25 1
7 2 6 12 1 14 1 18 1 19 2 20 1 25 1
7 1 4 12 1 14 2 25 2 26 2
7 2 6 12 1 15 1 15 1 26 2 27 1 27 1
7 2 6 12 1 15 1 16 1 19 2 21 1 27 1
7 2 6 12 1 15 1 18 1 19 2 20 1 27 1
7 1 4 12 1 15 2 26 2 27 2
7 1 4 12 2 16 1 19 4 21 1
7 1 4 12 2 18 1 19 4 20 1
7 2 6 14 1 14 1 16 1 21 1 25 1 25 1
7 2 6 14 1 14 1 18 1 20 1 25 1 25 1
7 2 6 14 1 15 1 16 1 21 1 25 1 27 1
7 2 6 14 1 15 1 18 1 20 1 25 1 27 1
7 1 4 14 2 16 1 21 1 25 2
7 1 4 14 2 18 1 20 1 25 2
7 2 6 15 1 15 1 16 1 21 1 27 1 27 1
7 2 6 15 1 15 1 18 1 20 1 27 1 27 1
7 1 4 15 2 16 1 21 1 27 2
7 1 4 15 2 18 1 20 1 27 2
8 2 6 0 1 1 1 1 1 6 1 6 1 26 1
8 2 6 0 1 1 1 3 1 5 1 6 1 26 1
8 2 6 0 1 1 1 6 1 10 1 16 1 26 1
8 2 6 0 1 1 1 6 1 11 1 19 1 26 1
8 2 6 0 1 1 1 6 1 13 1 22 1 26 1
8 2 6 0 1 1 1 6 1 15 1 26 1 26 1
8 1 4 0 1 1 2 6 2 26 1
8 2 6 0 1 3 1 3 1 5 1 5 1 26 1
8 2 6 0 1 3 1 5 1 10 1 16 1 26 1
8 2 6 0 1 3 1 5 1 11 1 19 1 26 1
8 2 6 0 1 3 1 5 1 13 1 22 1 26 1
8 2 6 0 1 3 1 5 1 15 1 26 1 26 1
8 1 4 0 1 3 2 5 2 26 1
8 2 6 0 1 10 1 10 1 16 1 16 1 26 1
8 2 6 0 1 10 1 11 1 16 1 19 1 26 1
8 2 6 0 1 10 1 13 1 16 1 22 1 26 1
8 2 6 0 1 10 1 15 1 16 1 26 1 26 1
8 1 4 0 1 10 2 16 2 26 1
8 2 6 0 1 11 1 11 1 19 1 19 1 26 1
8 2 6 0 1 11 1 13 1 19 1 22 1 26 1
8 2 6 0 1 11 1 15 1 19 1 26 1 26 1
8 1 4 0 1 11 2 19 2 26 1
8 2 6 0 1 13 1 13 1 22 1 22 1 26 1
8 2 6 0 1 13 1 15 1 22 1 26 1 26 1
8 1 4 0 1 13 2 22 2 26 1
8 2 6 0 1 15 1 15 1 26 1 26 1 26 1
8 1 4 0 1 15 2 26 1 26 2
8 2 6 1 1 1 1 3 1 6 1 6 1 27 1
8 2 6 1 1 1 1 6 1 6 1 6 1 29 1
8 2 6 1 1 1 1 6 1 6 1 10 1 31 1
8 2 6 1 1 1 1 6 1 6 1 17 1 22 1
8 2 6 1 1 1 1 6 1 6 1 19 1 21 1
8 2 6 1 1 3 1 3 1 5 1 6 1 27 1
8 2 6 1 1 3 1 5 1 6 1 6 1 29 1
8 2 6 1 1 3 1 5 1 6 1 10 1 31 1
8 2 6 1 1 3 1 5 1 6 1 17 1 22 1
8 2 6 1 1 3 1 5 1 6 1 19 1 21 1
8 2 6 1 1 3 1 6 1 10 1 16 1 27 1
8 2 6 1 1 3 1 6 1 11 1 19 1 27 1
8 2 6 1 1 3 1 6 1 13 1 22 1 27 1
8 2 6 1 1 3 1 6 1 15 1 26 1 27 1
8 2 6 1 1 6 1 6 1 10 1 16 1 29 1
8 2 6 1 1 6 1 6 1 11 1 19 1 29 1
8 2 6 1 1 6 1 6 1 13 1 22 1 29 1
8 2 6 1 1 6 1 6 1 15 1 26 1 29 1
8 2 6 1 1 6 1 10 1 10 1 16 1 31 1
8 2 6 1 1 6 1 10 1 11 1 19 1 31 1
8 2 6 1 1 6 1 10 1 13 1 22 1 31 1
8 2 6 1 1 6 1 10 1 15 1 26 1 31 1
8 2 6 1 1 6 1 10 1 16 1 17 1 22 1
8 2 6 1 1 6 1 10 1 16 1 19 1 21 1
8 2 6 1 1 6 1 11 1 17 1 19 1 22 1
8 2 6 1 1 6 1 11 1 19 1 19 1 21 1
8 2 6 1 1 6 1 13 1 17 1 22 1 22 1
8 2 6 1 1 6 1 13 1 19 1 21 1 22 1
8 2 6 1 1 6 1 15 1 17 1 22 1 26 1
8 2 6 1 1 6 1 15 1 19 1 21 1 26 1
8 1 4 1 2 3 1 6 2 27 1
8 1 4 1 2 6 1 6 2 29 1
8 1 4 1 2 6 2 10 1 31 1
8 1 4 1 2 6 2 17 1 22 1
8 1 4 1 2 6 2 19 1 21 1
8 2 6 3 1 3 1 3 1 5 1 5 1 27 1
8 2 6 3 1 3 1 5 1 5 1 6 1 29 1
8 2 6 3 1 3 1 5 1 5 1 10 1 31 1
8 2 6 3 1 3 1 5 1 5 1 17 1 22 1
8 2 6 3 1 3 1 5 1 5 1 19 1 21 1
8 2 6 3 1 3 1 5 1 10 1 16 1 27 1
8 2 6 3 1 3 1 5 1 11 1 19 1 27 1
8 2 6 3 1 3 1 5 1 13 1 22 1 27 1
8 2 6 3 1 3 1 5 1 15 1 26 1 27 1
8 1 4 3 1 3 2 5 2 27 1
8 2 6 3 1 5 1 6 1 10 1 16 1 29 1
8 2 6 3 1 5 1 6 1 11 1 19 1 29 1
8 2 6 3 1 5 1 6 1 13 1 22 1 29 1
8 2 6 3 1 5 1 6 1 15 1 26 1 29 1
8 2 6 3 1 5 1 10 1 10 1 16 1 31 1
8 2 6 3 1 5 1 10 1 11 1 19 1 31 1
8 2 6 3 1 5 1 10 1 13 1 22 1 31 1
8 2 6 3 1 5 1 10 1 15 1 26 1 31 1
8 2 6 3 1 5 1 10 1 16 1 17 1 22 1
8 2 6 3 1 5 1 10 1 16 1 19 1 21 1
8 2 6 3 1 5 1 11 1 17 1 19 1 22 1
8 2 6 3 1 5 1 11 1 19 1 19 1 21 1
8 2 6 3 1 5 1 13 1 17 1 22 1 22 1
8 2 6 3 1 5 1 13 1 19 1 21 1 22 1
8 2 6 3 1 5 1 15 1 17 1 22 1 26 1
8 2 6 3 1 5 1 15 1 19 1 21 1 26 1
8 2 6 3 1 10 1 10 1 16 1 16 1 27 1
8 2 6 3 1 10 1 11 1 16 1 19 1 27 1
8 2 6 3 1 10 1 13 1 16 1 22 1 27 1
8 2 6 3 1 10 1 15 1 16 1 26 1 27 1
8 1 4 3 1 10 2 16 2 27 1
8 2 6 3 1 11 1 11 1 19 1 19 1 27 1
8 2 6 3 1 11 1 13 1 19 1 22 1 27 1
8 2 6 3 1 11 1 15 1 19 1 26 1 27 1
8 1 4 3 1 11 2 19 2 27 1
8 2 6 3 1 13 1 13 1 22 1 22 1 27 1
8 2 6 3 1 13 1 15 1 22 1 26 1 27 1
8 1 4 3 1 13 2 22 2 27 1
8 2 6 3 1 15 1 15 1 26 1 26 1 27 1
8 1 4 3 1 15 2 26 2 27 1
8 1 4 3 2 5 2 6 1 29 1
8 1 4 3 2 5 2 10 1 31 1
8 1 4 3 2 5 2 17 1 22 1
8 1 4 3 2 5 2 19 1 21 1
8 2 6 6 1 10 1 10 1 16 1 16 1 29 1
8 2 6 6 1 10 1 11 1 16 1 19 1 29 1
8 2 6 6 1 10 1 13 1 16 1 22 1 29 1
8 2 6 6 1 10 1 15 1 16 1 26 1 29 1
8 1 4 6 1 10 2 16 2 29 1
8 2 6 6 1 11 1 11 1 19 1 19 1 29 1
8 2 6 6 1 11 1 13 1 19 1 22 1 29 1
8 2 6 6 1 11 1 15 1 19 1 26 1 29 1
8 1 4 6 1 11 2 19 2 29 1
8 2 6 6 1 13 1 13 1 22 1 22 1 29 1
8 2 6 6 1 13 1 15 1 22 1 26 1 29 1
8 1 4 6 1 13 2 22 2 29 1
8 2 6 6 1 15 1 15 1 26 1 26 1 29 1
8 1 4 6 1 15 2 26 2 29 1
8 2 6 10 1 10 1 10 1 16 1 16 1 31 1
8 2 6 10 1 10 1 11 1 16 1 19 1 31 1
8 2 6 10 1 10 1 13 1 16 1 22 1 31 1
8 2 6 10 1 10 1 15 1 16 1 26 1 31 1
8 2 6 10 1 10 1 16 1 16 1 17 1 22 1
8 2 6 10 1 10 1 16 1 16 1 19 1 21 1
8 1 4 10 1 10 2 16 2 31 1
8 2 6 10 1 11 1 11 1 19 1 19 1 31 1
8 2 6 10 1 11 1 13 1 19 1 22 1 31 1
8 2 6 10 1 11 1 15 1 19 1 26 1 31 1
8 2 6 10 1 11 1 16 1 17 1 19 1 22 1
8 2 6 10 1 11 1 16 1 19 1 19 1 21 1
8 1 4 10 1 11 2 19 2 31 1
8 2 6 10 1 13 1 13 1 22 1 22 1 31 1
8 2 6 10 1 13 1 15 1 22 1 26 1 31 1
8 2 6 10 1 13 1 16 1 17 1 22 1 22 1
8 2 6 10 1 13 1 16 1 19 1 21 1 22 1
8 1 4 10 1 13 2 22 2 31 1
8 2 6 10 1 15 1 15 1 26 1 26 1 31 1
8 2 6 10 1 15 1 16 1 17 1 22 1 26 1
8 2 6 10 1 15 1 16 1 19 1 21 1 26 1
8 1 4 10 1 15 2 26 2 31 1
8 1 4 10 2 16 2 17 1 22 1
8 1 4 10 2 16 2 19 1 21 1
8 2 6 11 1 11 1 17 1 19 1 19 1 22 1
8 2 6 11 1 11 1 19 1 19 1 19 1 21 1
8 2 6 11 1 13 1 17 1 19 1 22 1 22 1
8 2 6 11 1 13 1 19 1 19 1 21 1 22 1
8 2 6 11 1 15 1 17 1 19 1 22 1 26 1
8 2 6 11 1 15 1 19 1 19 1 21 1 26 1
8 1 4 11 2 17 1 19 2 22 1
8 1 4 11 2 19 1 19 2 21 1
8 2 6 13 1 13 1 17 1 22 1 22 1 22 1
8 2 6 13 1 13 1 19 1 21 1 22 1 22 1
8 2 6 13 1 15 1 17 1 22 1 22 1 26 1
8 2 6 13 1 15 1 19 1 21 1 22 1 26 1
8 1 4 13 2 17 1 22 1 22 2
8 1 4 13 2 19 1 21 1 22 2
8 2 6 15 1 15 1 17 1 22 1 26 1 26 1
8 2 6 15 1 15 1 19 1 21 1 26 1 26 1
8 1 4 15 2 17 1 22 1 26 2
8 1 4 15 2 19 1 21 1 26 2
9 2 6 1 1 2 1 2 1 3 2 3 2 27 1
9 4 6 1 1 2 1 3 1 3 2 6 1 27 1
9 2 6 1 1 2 1 3 2 6 2 18 1 27 1
9 2 6 1 1 2 1 3 2 11 1 17 1 27 1
9 2 6 1 1 2 1 3 2 12 1 20 1 27 1
9 2 6 1 1 2 1 3 2 13 1 21 1 27 1
9 2 6 1 1 2 1 3 2 14 1 23 1 27 1
9 1 4 1 1 2 2 3 4 27 1
9 8 6 1 1 3 1 3 1 6 1 6 1 27 1
9 4 6 1 1 3 1 6 1 6 2 18 1 27 1
9 4 6 1 1 3 1 6 1 11 1 17 1 27 1
9 4 6 1 1 3 1 6 1 12 1 20 1 27 1
9 4 6 1 1 3 1 6 1 13 1 21 1 27 1
9 4 6 1 1 3 1 6 1 14 1 23 1 27 1
9 4 4 1 1 3 2 6 2 27 1
9 2 6 1 1 6 2 6 2 18 1 18 1 27 1
9 2 6 1 1 6 2 11 1 17 1 18 1 27 1
9 2 6 1 1 6 2 12 1 18 1 20 1 27 1
9 2 6 1 1 6 2 13 1 18 1 21 1 27 1
9 2 6 1 1 6 2 14 1 18 1 23 1 27 1
9 1 4 1 1 6 4 18 2 27 1
9 2 6 1 1 11 1 11 1 17 1 17 1 27 1
9 2 6 1 1 11 1 12 1 17 1 20 1 27 1
9 2 6 1 1 11 1 13 1 17 1 21 1 27 1
9 2 6 1 1 11 1 14 1 17 1 23 1 27 1
9 1 4 1 1 11 2 17 2 27 1
9 2 6 1 1 12 1 12 1 20 1 20 1 27 1
9 2 6 1 1 12 1 13 1 20 1 21 1 27 1
9 2 6 1 1 12 1 14 1 20 1 23 1 27 1
9 1 4 1 1 12 2 20 2 27 1
9 2 6 1 1 13 1 13 1 21 1 21 1 27 1
9 2 6 1 1 13 1 14 1 21 1 23 1 27 1
9 1 4 1 1 13 2 21 2 27 1
9 2 6 1 1 14 1 14 1 23 1 23 1 27 1
9 1 4 1 1 14 2 23 2 27 1
9 2 6 2 1 2 1 2 1 3 2 3 2 22 2
9 4 6 2 1 2 1 3 1 3 2 6 1 22 2
9 2 6 2 1 2 1 3 2 3 2 4 1 28 1
9 2 6 2 1 2 1 3 2 3 2 5 1 29 1
9 2 6 2 1 2 1 3 2 3 2 7 1 30 1
9 2 6 2 1 2 1 3 2 3 2 18 1 19 2
9 4 6 2 1 2 1 3 2 3 2 19 1 22 1
9 2 6 2 1 2 1 3 2 6 2 18 1 22 2
9 2 6 2 1 2 1 3 2 11 1 17 1 22 2
9 2 6 2 1 2 1 3 2 12 1 20 1 22 2
9 2 6 2 1 2 1 3 2 13 1 21 1 22 2
9 2 6 2 1 2 1 3 2 14 1 22 2 23 1
9 1 4 2 1 2 2 3 4 22 2
9 8 6 2 1 3 1 3 1 6 1 6 1 22 2
9 4 6 2 1 3 1 3 2 4 1 6 1 28 1
9 4 6 2 1 3 1 3 2 5 1 6 1 29 1
9 4 6 2 1 3 1 3 2 6 1 7 1 30 1
9 4 6 2 1 3 1 3 2 6 1 18 1 19 2
9 8 6 2 1 3 1 3 2 6 1 19 1 22 1
9 4 6 2 1 3 1 6 1 6 2 18 1 22 2
9 4 6 2 1 3 1 6 1 11 1 17 1 22 2
9 4 6 2 1 3 1 6 1 12 1 20 1 22 2
9 4 6 2 1 3 1 6 1 13 1 21 1 22 2
9 4 6 2 1 3 1 6 1 14 1 22 2 23 1
9 2 6 2 1 3 2 4 1 6 2 18 1 28 1
9 2 6 2 1 3 2 4 1 11 1 17 1 28 1
9 2 6 2 1 3 2 4 1 12 1 20 1 28 1
9 2 6 2 1 3 2 4 1 13 1 21 1 28 1
9 2 6 2 1 3 2 4 1 14 1 23 1 28 1
9 2 6 2 1 3 2 5 1 6 2 18 1 29 1
9 2 6 2 1 3 2 5 1 11 1 17 1 29 1
9 2 6 2 1 3 2 5 1 12 1 20 1 29 1
9 2 6 2 1 3 2 5 1 13 1 21 1 29 1
9 2 6 2 1 3 2 5 1 14 1 23 1 29 1
9 2 6 2 1 3 2 6 2 7 1 18 1 30 1
9 2 6 2 1 3 2 6 2 18 1 18 1 19 2
9 4 6 2 1 3 2 6 2 18 1 19 1 22 1
9 4 4 2 1 3 2 6 2 22 2
9 2 6 2 1 3 2 7 1 11 1 17 1 30 1
9 2 6 2 1 3 2 7 1 12 1 20 1 30 1
9 2 6 2 1 3 2 7 1 13 1 21 1 30 1
9 2 6 2 1 3 2 7 1 14 1 23 1 30 1
9 2 6 2 1 3 2 11 1 17 1 18 1 19 2
9 4 6 2 1 3 2 11 1 17 1 19 1 22 1
9 2 6 2 1 3 2 12 1 18 1 19 2 20 1
9 4 6 2 1 3 2 12 1 19 1 20 1 22 1
9 2 6 2 1 3 2 13 1 18 1 19 2 21 1
9 4 6 2 1 3 2 13 1 19 1 21 1 22 1
9 2 6 2 1 3 2 14 1 18 1 19 2 23 1
9 4 6 2 1 3 2 14 1 19 1 22 1 23 1
9 2 6 2 1 6 2 6 2 18 1 18 1 22 2
9 2 6 2 1 6 2 11 1 17 1 18 1 22 2
9 2 6 2 1 6 2 12 1 18 1 20 1 22 2
9 2 6 2 1 6 2 13 1 18 1 21 1 22 2
9 2 6 2 1 6 2 14 1 18 1 22 2 23 1
9 1 4 2 1 6 4 18 2 22 2
9 2 6 2 1 11 1 11 1 17 1 17 1 22 2
9 2 6 2 1 11 1 12 1 17 1 20 1 22 2
9 2 6 2 1 11 1 13 1 17 1 21 1 22 2
9 2 6 2 1 11 1 14 1 17 1 22 2 23 1
9 1 4 2 1 11 2 17 2 22 2
9 2 6 2 1 12 1 12 1 20 1 20 1 22 2
9 2 6 2 1 12 1 13 1 20 1 21 1 22 2
9 2 6 2 1 12 1 14 1 20 1 22 2 23 1
9 1 4 2 1 12 2 20 2 22 2
9 2 6 2 1 13 1 13 1 21 1 21 1 22 2
9 2 6 2 1 13 1 14 1 21 1 22 2 23 1
9 1 4 2 1 13 2 21 2 22 2
9 2 6 2 1 14 1 14 1 22 2 23 1 23 1
9 1 4 2 1 14 2 22 2 23 2
9 1 4 2 2 3 4 4 1 28 1
9 1 4 2 2 3 4 5 1 29 1
9 1 4 2 2 3 4 7 1 30 1
9 1 4 2 2 3 4 18 1 19 2
9 2 4 2 2 3 4 19 1 22 1
9 8 6 3 1 3 1 4 1 6 1 6 1 28 1
9 8 6 3 1 3 1 5 1 6 1 6 1 29 1
9 8 6 3 1 3 1 6 1 6 1 7 1 30 1
9 8 6 3 1 3 1 6 1 6 1 18 1 19 2
9 16 6 3 1 3 1 6 1 6 1 19 1 22 1
9 4 6 3 1 4 1 6 1 6 2 18 1 28 1
9 4 6 3 1 4 1 6 1 11 1 17 1 28 1
9 4 6 3 1 4 1 6 1 12 1 20 1 28 1
9 4 6 3 1 4 1 6 1 13 1 21 1 28 1
9 4 6 3 1 4 1 6 1 14 1 23 1 28 1
9 4 6 3 1 5 1 6 1 6 2 18 1 29 1
9 4 6 3 1 5 1 6 1 11 1 17 1 29 1
9 4 6 3 1 5 1 6 1 12 1 20 1 29 1
9 4 6 3 1 5 1 6 1 13 1 21 1 29 1
9 4 6 3 1 5 1 6 1 14 1 23 1 29 1
9 4 6 3 1 6 1 6 2 7 1 18 1 30 1
9 4 6 3 1 6 1 6 2 18 1 18 1 19 2
9 8 6 3 1 6 1 6 2 18 1 19 1 22 1
9 4 6 3 1 6 1 7 1 11 1 17 1 30 1
9 4 6 3 1 6 1 7 1 12 1 20 1 30 1
9 4 6 3 1 6 1 7 1 13 1 21 1 30 1
9 4 6 3 1 6 1 7 1 14 1 23 1 30 1
9 4 6 3 1 6 1 11 1 17 1 18 1 19 2
9 8 6 3 1 6 1 11 1 17 1 19 1 22 1
9 4 6 3 1 6 1 12 1 18 1 19 2 20 1
9 8 6 3 1 6 1 12 1 19 1 20 1 22 1
9 4 6 3 1 6 1 13 1 18 1 19 2 21 1
9 8 6 3 1 6 1 13 1 19 1 21 1 22 1
9 4 6 3 1 6 1 14 1 18 1 19 2 23 1
9 8 6 3 1 6 1 14 1 19 1 22 1 23 1
9 4 4 3 2 4 1 6 2 28 1
9 4 4 3 2 5 1 6 2 29 1
9 4 4 3 2 6 2 7 1 30 1
9 4 4 3 2 6 2 18 1 19 2
9 8 4 3 2 6 2 19 1 22 1
9 2 6 4 1 6 2 6 2 18 1 18 1 28 1
9 2 6 4 1 6 2 11 1 17 1 18 1 28 1
9 2 6 4 1 6 2 12 1 18 1 20 1 28 1
9 2 6 4 1 6 2 13 1 18 1 21 1 28 1
9 2 6 4 1 6 2 14 1 18 1 23 1 28 1
9 1 4 4 1 6 4 18 2 28 1
9 2 6 4 1 11 1 11 1 17 1 17 1 28 1
9 2 6 4 1 11 1 12 1 17 1 20 1 28 1
9 2 6 4 1 11 1 13 1 17 1 21 1 28 1
9 2 6 4 1 11 1 14 1 17 1 23 1 28 1
9 1 4 4 1 11 2 17 2 28 1
9 2 6 4 1 12 1 12 1 20 1 20 1 28 1
9 2 6 4 1 12 1 13 1 20 1 21 1 28 1
9 2 6 4 1 12 1 14 1 20 1 23 1 28 1
9 1 4 4 1 12 2 20 2 28 1
9 2 6 4 1 13 1 13 1 21 1 21 1 28 1
9 2 6 4 1 13 1 14 1 21 1 23 1 28 1
9 1 4 4 1 13 2 21 2 28 1
9 2 6 4 1 14 1 14 1 23 1 23 1 28 1
9 1 4 4 1 14 2 23 2 28 1
9 2 6 5 1 6 2 6 2 18 1 18 1 29 1
9 2 6 5 1 6 2 11 1 17 1 18 1 29 1
9 2 6 5 1 6 2 12 1 18 1 20 1 29 1
9 2 6 5 1 6 2 13 1 18 1 21 1 29 1
9 2 6 5 1 6 2 14 1 18 1 23 1 29 1
9 1 4 5 1 6 4 18 2 29 1
9 2 6 5 1 11 1 11 1 17 1 17 1 29 1
9 2 6 5 1 11 1 12 1 17 1 20 1 29 1
9 2 6 5 1 11 1 13 1 17 1 21 1 29 1
9 2 6 5 1 11 1 14 1 17 1 23 1 29 1
9 1 4 5 1 11 2 17 2 29 1
9 2 6 5 1 12 1 12 1 20 1 20 1 29 1
9 2 6 5 1 12 1 13 1 20 1 21 1 29 1
9 2 6 5 1 12 1 14 1 20 1 23 1 29 1
9 1 4 5 1 12 2 20 2 29 1
9 2 6 5 1 13 1 13 1 21 1 21 1 29 1
9 2 6 5 1 13 1 14 1 21 1 23 1 29 1
9 1 4 5 1 13 2 21 2 29 1
9 2 6 5 1 14 1 14 1 23 1 23 1 29 1
9 1 4 5 1 14 2 23 2 29 1
9 2 6 6 2 6 2 7 1 18 1 18 1 30 1
9 2 6 6 2 6 2 18 1 18 1 18 1 19 2
9 4 6 6 2 6 2 18 1 18 1 19 1 22 1
9 2 6 6 2 7 1 11 1 17 1 18 1 30 1
9 2 6 6 2 7 1 12 1 18 1 20 1 30 1
9 2 6 6 2 7 1 13 1 18 1 21 1 30 1
9 2 6 6 2 7 1 14 1 18 1 23 1 30 1
9 2 6 6 2 11 1 17 1 18 1 18 1 19 2
9 4 6 6 2 11 1 17 1 18 1 19 1 22 1
9 2 6 6 2 12 1 18 1 18 1 19 2 20 1
9 4 6 6 2 12 1 18 1 19 1 20 1 22 1
9 2 6 6 2 13 1 18 1 18 1 19 2 21 1
9 4 6 6 2 13 1 18 1 19 1 21 1 22 1
9 2 6 6 2 14 1 18 1 18 1 19 2 23 1
9 4 6 6 2 14 1 18 1 19 1 22 1 23 1
9 1 4 6 4 7 1 18 2 30 1
9 1 4 6 4 18 1 18 2 19 2
9 2 4 6 4 18 2 19 1 22 1
9 2 6 7 1 11 1 11 1 17 1 17 1 30 1
9 2 6 7 1 11 1 12 1 17 1 20 1 30 1
9 2 6 7 1 11 1 13 1 17 1 21 1 30 1
9 2 6 7 1 11 1 14 1 17 1 23 1 30 1
9 1 4 7 1 11 2 17 2 30 1
9 2 6 7 1 12 1 12 1 20 1 20 1 30 1
9 2 6 7 1 12 1 13 1 20 1 21 1 30 1
9 2 6 7 1 12 1 14 1 20 1 23 1 30 1
9 1 4 7 1 12 2 20 2 30 1
9 2 6 7 1 13 1 13 1 21 1 21 1 30 1
9 2 6 7 1 13 1 14 1 21 1 23 1 30 1
9 1 4 7 1 13 2 21 2 30 1
9 2 6 7 1 14 1 14 1 23 1 23 1 30 1
9 1 4 7 1 14 2 23 2 30 1
9 2 6 11 1 11 1 17 1 17 1 18 1 19 2
9 4 6 11 1 11 1 17 1 17 1 19 1 22 1
9 2 6 11 1 12 1 17 1 18 1 19 2 20 1
9 4 6 11 1 12 1 17 1 19 1 20 1 22 1
9 2 6 11 1 13 1 17 1 18 1 19 2 21 1
9 4 6 11 1 13 1 17 1 19 1 21 1 22 1
9 2 6 11 1 14 1 17 1 18 1 19 2 23 1
9 4 6 11 1 14 1 17 1 19 1 22 1 23 1
9 1 4 11 2 17 2 18 1 19 2
9 2 4 11 2 17 2 19 1 22 1
9 2 6 12 1 12 1 18 1 19 2 20 1 20 1
9 4 6 12 1 12 1 19 1 20 1 20 1 22 1
9 2 6 12 1 13 1 18 1 19 2 20 1 21 1
9 4 6 12 1 13 1 19 1 20 1 21 1 22 1
9 2 6 12 1 14 1 18 1 19 2 20 1 23 1
9 4 6 12 1 14 1 19 1 20 1 22 1 23 1
9 1 4 12 2 18 1 19 2 20 2
9 2 4 12 2 19 1 20 2 22 1
9 2 6 13 1 13 1 18 1 19 2 21 1 21 1
9 4 6 13 1 13 1 19 1 21 1 21 1 22 1
9 2 6 13 1 14 1 18 1 19 2 21 1 23 1
9 4 6 13 1 14 1 19 1 21 1 22 1 23 1
9 1 4 13 2 18 1 19 2 21 2
9 2 4 13 2 19 1 21 2 22 1
9 2 6 14 1 14 1 18 1 19 2 23 1 23 1
9 4 6 14 1 14 1 19 1 22 1 23 1 23 1
9 1 4 14 2 18 1 19 2 23 2
9 2 4 14 2 19 1 22 1 23 2
10 2 6 0 1 0 1 3 1 8 1 8 1 28 1
10 2 6 0 1 0 1 6 1 8 1 8 1 30 1
10 2 6 0 1 0 1 8 1 8 1 8 1 31 1
10 2 6 0 1 0 1 8 1 8 1 16 1 24 1
10 2 6 0 1 0 1 8 1 8 1 19 1 23 1
10 2 6 0 1 0 1 8 1 8 1 20 1 22 1
10 2 6 0 1 3 1 3 1 7 1 8 1 28 1
10 2 6 0 1 3 1 4 1 6 1 8 1 28 1
10 2 6 0 1 3 1 6 1 7 1 8 1 30 1
10 2 6 0 1 3 1 7 1 8 1 8 1 31 1
10 2 6 0 1 3 1 7 1 8 1 16 1 24 1
10 2 6 0 1 3 1 7 1 8 1 19 1 23 1
10 2 6 0 1 3 1 7 1 8 1 20 1 22 1
10 2 6 0 1 3 1 8 1 12 1 19 1 28 1
10 2 6 0 1 3 1 8 1 14 1 22 1 28 1
10 2 6 0 1 3 1 8 1 15 1 24 1 28 1
10 2 6 0 1 4 1 6 1 6 1 8 1 30 1
10 2 6 0 1 4 1 6 1 8 1 8 1 31 1
10 2 6 0 1 4 1 6 1 8 1 16 1 24 1
10 2 6 0 1 4 1 6 1 8 1 19 1 23 1
10 2 6 0 1 4 1 6 1 8 1 20 1 22 1
10 2 6 0 1 6 1 8 1 12 1 19 1 30 1
10 2 6 0 1 6 1 8 1 14 1 22 1 30 1
10 2 6 0 1 6 1 8 1 15 1 24 1 30 1
10 2 6 0 1 8 1 8 1 12 1 19 1 31 1
10 2 6 0 1 8 1 8 1 14 1 22 1 31 1
10 2 6 0 1 8 1 8 1 15 1 24 1 31 1
10 2 6 0 1 8 1 12 1 16 1 19 1 24 1
10 2 6 0 1 8 1 12 1 19 1 19 1 23 1
10 2 6 0 1 8 1 12 1 19 1 20 1 22 1
10 2 6 0 1 8 1 14 1 16 1 22 1 24 1
10 2 6 0 1 8 1 14 1 19 1 22 1 23 1
10 2 6 0 1 8 1 14 1 20 1 22 1 22 1
10 2 6 0 1 8 1 15 1 16 1 24 1 24 1
10 2 6 0 1 8 1 15 1 19 1 23 1 24 1
10 2 6 0 1 8 1 15 1 20 1 22 1 24 1
10 1 4 0 2 3 1 8 2 28 1
10 1 4 0 2 6 1 8 2 30 1
10 1 4 0 2 8 1 8 2 31 1
10 1 4 0 2 8 2 16 1 24 1
10 1 4 0 2 8 2 19 1 23 1
10 1 4 0 2 8 2 20 1 22 1
10 2 6 3 1 3 1 3 1 7 1 7 1 28 1
10 2 6 3 1 3 1 4 1 6 1 7 1 28 1
10 2 6 3 1 3 1 6 1 7 1 7 1 30 1
10 2 6 3 1 3 1 7 1 7 1 8 1 31 1
10 2 6 3 1 3 1 7 1 7 1 16 1 24 1
10 2 6 3 1 3 1 7 1 7 1 19 1 23 1
10 2 6 3 1 3 1 7 1 7 1 20 1 22 1
10 2 6 3 1 3 1 7 1 12 1 19 1 28 1
10 2 6 3 1 3 1 7 1 14 1 22 1 28 1
10 2 6 3 1 3 1 7 1 15 1 24 1 28 1
10 1 4 3 1 3 2 7 2 28 1
10 2 6 3 1 4 1 4 1 6 1 6 1 28 1
10 2 6 3 1 4 1 6 1 6 1 7 1 30 1
10 2 6 3 1 4 1 6 1 7 1 8 1 31 1
10 2 6 3 1 4 1 6 1 7 1 16 1 24 1
10 2 6 3 1 4 1 6 1 7 1 19 1 23 1
10 2 6 3 1 4 1 6 1 7 1 20 1 22 1
10 2 6 3 1 4 1 6 1 12 1 19 1 28 1
10 2 6 3 1 4 1 6 1 14 1 22 1 28 1
10 2 6 3 1 4 1 6 1 15 1 24 1 28 1
10 1 4 3 1 4 2 6 2 28 1
10 2 6 3 1 6 1 7 1 12 1 19 1 30 1
10 2 6 3 1 6 1 7 1 14 1 22 1 30 1
10 2 6 3 1 6 1 7 1 15 1 24 1 30 1
10 2 6 3 1 7 1 8 1 12 1 19 1 31 1
10 2 6 3 1 7 1 8 1 14 1 22 1 31 1
10 2 6 3 1 7 1 8 1 15 1 24 1 31 1
10 2 6 3 1 7 1 12 1 16 1 19 1 24 1
10 2 6 3 1 7 1 12 1 19 1 19 1 23 1
10 2 6 3 1 7 1 12 1 19 1 20 1 22 1
10 2 6 3 1 7 1 14 1 16 1 22 1 24 1
10 2 6 3 1 7 1 14 1 19 1 22 1 23 1
10 2 6 3 1 7 1 14 1 20 1 22 1 22 1
10 2 6 3 1 7 1 15 1 16 1 24 1 24 1
10 2 6 3 1 7 1 15 1 19 1 23 1 24 1
10 2 6 3 1 7 1 15 1 20 1 22 1 24 1
10 2 6 3 1 12 1 12 1 19 1 19 1 28 1
10 2 6 3 1 12 1 14 1 19 1 22 1 28 1
10 2 6 3 1 12 1 15 1 19 1 24 1 28 1
10 1 4 3 1 12 2 19 2 28 1
10 2 6 3 1 14 1 14 1 22 1 22 1 28 1
10 2 6 3 1 14 1 15 1 22 1 24 1 28 1
10 1 4 3 1 14 2 22 2 28 1
10 2 6 3 1 15 1 15 1 24 1 24 1 28 1
10 1 4 3 1 15 2 24 2 28 1
10 1 4 3 2 6 1 7 2 30 1
10 1 4 3 2 7 2 8 1 31 1
10 1 4 3 2 7 2 16 1 24 1
10 1 4 3 2 7 2 19 1 23 1
10 1 4 3 2 7 2 20 1 22 1
10 2 6 4 1 4 1 6 1 6 1 6 1 30 1
10 2 6 4 1 4 1 6 1 6 1 8 1 31 1
10 2 6 4 1 4 1 6 1 6 1 16 1 24 1
10 2 6 4 1 4 1 6 1 6 1 19 1 23 1
10 2 6 4 1 4 1 6 1 6 1 20 1 22 1
10 2 6 4 1 6 1 6 1 12 1 19 1 30 1
10 2 6 4 1 6 1 6 1 14 1 22 1 30 1
10 2 6 4 1 6 1 6 1 15 1 24 1 30 1
10 2 6 4 1 6 1 8 1 12 1 19 1 31 1
10 2 6 4 1 6 1 8 1 14 1 22 1 31 1
10 2 6 4 1 6 1 8 1 15 1 24 1 31 1
10 2 6 4 1 6 1 12 1 16 1 19 1 24 1
10 2 6 4 1 6 1 12 1 19 1 19 1 23 1
10 2 6 4 1 6 1 12 1 19 1 20 1 22 1
10 2 6 4 1 6 1 14 1 16 1 22 1 24 1
10 2 6 4 1 6 1 14 1 19 1 22 1 23 1
10 2 6 4 1 6 1 14 1 20 1 22 1 22 1
10 2 6 4 1 6 1 15 1 16 1 24 1 24 1
10 2 6 4 1 6 1 15 1 19 1 23 1 24 1
10 2 6 4 1 6 1 15 1 20 1 22 1 24 1
10 1 4 4 2 6 1 6 2 30 1
10 1 4 4 2 6 2 8 1 31 1
10 1 4 4 2 6 2 16 1 24 1
10 1 4 4 2 6 2 19 1 23 1
10 1 4 4 2 6 2 20 1 22 1
10 2 6 6 1 12 1 12 1 19 1 19 1 30 1
10 2 6 6 1 12 1 14 1 19 1 22 1 30 1
10 2 6 6 1 12 1 15 1 19 1 24 1 30 1
10 1 4 6 1 12 2 19 2 30 1
10 2 6 6 1 14 1 14 1 22 1 22 1 30 1
10 2 6 6 1 14 1 15 1 22 1 24 1 30 1
10 1 4 6 1 14 2 22 2 30 1
10 2 6 6 1 15 1 15 1 24 1 24 1 30 1
10 1 4 6 1 15 2 24 2 30 1
10 2 6 8 1 12 1 12 1 19 1 19 1 31 1
10 2 6 8 1 12 1 14 1 19 1 22 1 31 1
10 2 6 8 1 12 1 15 1 19 1 24 1 31 1
10 1 4 8 1 12 2 19 2 31 1
10 2 6 8 1 14 1 14 1 22 1 22 1 31 1
10 2 6 8 1 14 1 15 1 22 1 24 1 31 1
10 1 4 8 1 14 2 22 2 31 1
10 2 6 8 1 15 1 15 1 24 1 24 1 31 1
10 1 4 8 1 15 2 24 2 31 1
10 2 6 12 1 12 1 16 1 19 1 19 1 24 1
10 2 6 12 1 12 1 19 1 19 1 19 1 23 1
10 2 6 12 1 12 1 19 1 19 1 20 1 22 1
10 2 6 12 1 14 1 16 1 19 1 22 1 24 1
10 2 6 12 1 14 1 19 1 19 1 22 1 23 1
10 2 6 12 1 14 1 19 1 20 1 22 1 22 1
10 2 6 12 1 15 1 16 1 19 1 24 1 24 1
10 2 6 12 1 15 1 19 1 19 1 23 1 24 1
10 2 6 12 1 15 1 19 1 20 1 22 1 24 1
10 1 4 12 2 16 1 19 2 24 1
10 1 4 12 2 19 1 19 2 23 1
10 1 4 12 2 19 2 20 1 22 1
10 2 6 14 1 14 1 16 1 22 1 22 1 24 1
10 2 6 14 1 14 1 19 1 22 1 22 1 23 1
10 2 6 14 1 14 1 20 1 22 1 22 1 22 1
10 2 6 14 1 15 1 16 1 22 1 24 1 24 1
10 2 6 14 1 15 1 19 1 22 1 23 1 24 1
10 2 6 14 1 15 1 20 1 22 1 22 1 24 1
10 1 4 14 2 16 1 22 2 24 1
10 1 4 14 2 19 1 22 2 23 1
10 1 4 14 2 20 1 22 1 22 2
10 2 6 15 1 15 1 16 1 24 1 24 1 24 1
10 2 6 15 1 15 1 19 1 23 1 24 1 24 1
10 2 6 15 1 15 1 20 1 22 1 24 1 24 1
10 1 4 15 2 16 1 24 1 24 2
10 1 4 15 2 19 1 23 1 24 2
10 1 4 15 2 20 1 22 1 24 2
11 2 6 0 1 1 1 1 1 9 1 9 1 28 1
11 4 6 0 1 1 1 3 1 8 1 9 1 28 1
11 2 6 0 1 1 1 3 2 5 1 9 1 28 1
11 2 6 0 1 1 1 8 2 9 1 21 1 28 1
11 2 6 0 1 1 1 9 1 12 1 16 1 28 1
11 2 6 0 1 1 1 9 1 13 1 18 1 28 1
11 2 6 0 1 1 1 9 1 15 1 23 1 28 1
11 1 4 0 1 1 2 9 2 28 1
11 8 6 0 1 3 1 3 1 8 1 8 1 28 1
11 4 6 0 1 3 1 3 2 5 1 8 1 28 1
11 4 6 0 1 3 1 8 1 8 2 21 1 28 1
11 4 6 0 1 3 1 8 1 12 1 16 1 28 1
11 4 6 0 1 3 1 8 1 13 1 18 1 28 1
11 4 6 0 1 3 1 8 1 15 1 23 1 28 1
11 2 6 0 1 3 2 3 2 5 1 5 1 28 1
11 2 6 0 1 3 2 5 1 8 2 21 1 28 1
11 2 6 0 1 3 2 5 1 12 1 16 1 28 1
11 2 6 0 1 3 2 5 1 13 1 18 1 28 1
11 2 6 0 1 3 2 5 1 15 1 23 1 28 1
11 4 4 0 1 3 2 8 2 28 1
11 1 4 0 1 3 4 5 2 28 1
11 2 6 0 1 8 2 8 2 21 1 21 1 28 1
11 2 6 0 1 8 2 12 1 16 1 21 1 28 1
11 2 6 0 1 8 2 13 1 18 1 21 1 28 1
11 2 6 0 1 8 2 15 1 21 1 23 1 28 1
11 1 4 0 1 8 4 21 2 28 1
11 2 6 0 1 12 1 12 1 16 1 16 1 28 1
11 2 6 0 1 12 1 13 1 16 1 18 1 28 1
11 2 6 0 1 12 1 15 1 16 1 23 1 28 1
11 1 4 0 1 12 2 16 2 28 1
11 2 6 0 1 13 1 13 1 18 1 18 1 28 1
11 2 6 0 1 13 1 15 1 18 1 23 1 28 1
11 1 4 0 1 13 2 18 2 28 1
11 2 6 0 1 15 1 15 1 23 1 23 1 28 1
11 1 4 0 1 15 2 23 2 28 1
11 2 6 1 1 1 1 2 1 9 1 9 1 29 1
11 2 6 1 1 1 1 5 1 9 1 9 1 24 2
11 2 6 1 1 1 1 7 1 9 1 9 1 31 1
11 2 6 1 1 1 1 9 1 9 1 17 1 25 1
11 4 6 1 1 1 1 9 1 9 1 19 1 24 1
11 2 6 1 1 1 1 9 1 9 1 19 2 21 1
11 4 6 1 1 2 1 3 1 8 1 9 1 29 1
11 2 6 1 1 2 1 3 2 5 1 9 1 29 1
11 2 6 1 1 2 1 8 2 9 1 21 1 29 1
11 2 6 1 1 2 1 9 1 12 1 16 1 29 1
11 2 6 1 1 2 1 9 1 13 1 18 1 29 1
11 2 6 1 1 2 1 9 1 15 1 23 1 29 1
11 4 6 1 1 3 1 5 1 8 1 9 1 24 2
11 4 6 1 1 3 1 7 1 8 1 9 1 31 1
11 4 6 1 1 3 1 8 1 9 1 17 1 25 1
11 8 6 1 1 3 1 8 1 9 1 19 1 24 1
11 4 6 1 1 3 1 8 1 9 1 19 2 21 1
11 2 6 1 1 3 2 5 1 5 1 9 1 24 2
11 2 6 1 1 3 2 5 1 7 1 9 1 31 1
11 2 6 1 1 3 2 5 1 9 1 17 1 25 1
11 4 6 1 1 3 2 5 1 9 1 19 1 24 1
11 2 6 1 1 3 2 5 1 9 1 19 2 21 1
11 2 6 1 1 5 1 8 2 9 1 21 1 24 2
11 2 6 1 1 5 1 9 1 12 1 16 1 24 2
11 2 6 1 1 5 1 9 1 13 1 18 1 24 2
11 2 6 1 1 5 1 9 1 15 1 23 1 24 2
11 2 6 1 1 7 1 8 2 9 1 21 1 31 1
11 2 6 1 1 7 1 9 1 12 1 16 1 31 1
11 2 6 1 1 7 1 9 1 13 1 18 1 31 1
11 2 6 1 1 7 1 9 1 15 1 23 1 31 1
11 2 6 1 1 8 2 9 1 17 1 21 1 25 1
11 4 6 1 1 8 2 9 1 19 1 21 1 24 1
11 2 6 1 1 8 2 9 1 19 2 21 1 21 1
11 2 6 1 1 9 1 12 1 16 1 17 1 25 1
11 4 6 1 1 9 1 12 1 16 1 19 1 24 1
11 2 6 1 1 9 1 12 1 16 1 19 2 21 1
11 2 6 1 1 9 1 13 1 17 1 18 1 25 1
11 4 6 1 1 9 1 13 1 18 1 19 1 24 1
11 2 6 1 1 9 1 13 1 18 1 19 2 21 1
11 2 6 1 1 9 1 15 1 17 1 23 1 25 1
11 4 6 1 1 9 1 15 1 19 1 23 1 24 1
11 2 6 1 1 9 1 15 1 19 2 21 1 23 1
11 1 4 1 2 2 1 9 2 29 1
11 1 4 1 2 5 1 9 2 24 2
11 1 4 1 2 7 1 9 2 31 1
11 1 4 1 2 9 2 17 1 25 1
11 2 4 1 2 9 2 19 1 24 1
11 1 4 1 2 9 2 19 2 21 1
11 8 6 2 1 3 1 3 1 8 1 8 1 29 1
11 4 6 2 1 3 1 3 2 5 1 8 1 29 1
11 4 6 2 1 3 1 8 1 8 2 21 1 29 1
11 4 6 2 1 3 1 8 1 12 1 16 1 29 1
11 4 6 2 1 3 1 8 1 13 1 18 1 29 1
11 4 6 2 1 3 1 8 1 15 1 23 1 29 1
11 2 6 2 1 3 2 3 2 5 1 5 1 29 1
11 2 6 2 1 3 2 5 1 8 2 21 1 29 1
11 2 6 2 1 3 2 5 1 12 1 16 1 29 1
11 2 6 2 1 3 2 5 1 13 1 18 1 29 1
11 2 6 2 1 3 2 5 1 15 1 23 1 29 1
11 4 4 2 1 3 2 8 2 29 1
11 1 4 2 1 3 4 5 2 29 1
11 2 6 2 1 8 2 8 2 21 1 21 1 29 1
11 2 6 2 1 8 2 12 1 16 1 21 1 29 1
11 2 6 2 1 8 2 13 1 18 1 21 1 29 1
11 2 6 2 1 8 2 15 1 21 1 23 1 29 1
11 1 4 2 1 8 4 21 2 29 1
11 2 6 2 1 12 1 12 1 16 1 16 1 29 1
11 2 6 2 1 12 1 13 1 16 1 18 1 29 1
11 2 6 2 1 12 1 15 1 16 1 23 1 29 1
11 1 4 2 1 12 2 16 2 29 1
11 2 6 2 1 13 1 13 1 18 1 18 1 29 1
11 2 6 2 1 13 1 15 1 18 1 23 1 29 1
11 1 4 2 1 13 2 18 2 29 1
11 2 6 2 1 15 1 15 1 23 1 23 1 29 1
11 1 4 2 1 15 2 23 2 29 1
11 8 6 3 1 3 1 5 1 8 1 8 1 24 2
11 8 6 3 1 3 1 7 1 8 1 8 1 31 1
11 8 6 3 1 3 1 8 1 8 1 17 1 25 1
11 16 6 3 1 3 1 8 1 8 1 19 1 24 1
11 8 6 3 1 3 1 8 1 8 1 19 2 21 1
11 4 6 3 1 3 2 5 1 5 1 8 1 24 2
11 4 6 3 1 3 2 5 1 7 1 8 1 31 1
11 4 6 3 1 3 2 5 1 8 1 17 1 25 1
11 8 6 3 1 3 2 5 1 8 1 19 1 24 1
11 4 6 3 1 3 2 5 1 8 1 19 2 21 1
11 4 6 3 1 5 1 8 1 8 2 21 1 24 2
11 4 6 3 1 5 1 8 1 12 1 16 1 24 2
11 4 6 3 1 5 1 8 1 13 1 18 1 24 2
11 4 6 3 1 5 1 8 1 15 1 23 1 24 2
11 4 6 3 1 7 1 8 1 8 2 21 1 31 1
11 4 6 3 1 7 1 8 1 12 1 16 1 31 1
11 4 6 3 1 7 1 8 1 13 1 18 1 31 1
11 4 6 3 1 7 1 8 1 15 1 23 1 31 1
11 4 6 3 1 8 1 8 2 17 1 21 1 25 1
11 8 6 3 1 8 1 8 2 19 1 21 1 24 1
11 4 6 3 1 8 1 8 2 19 2 21 1 21 1
11 4 6 3 1 8 1 12 1 16 1 17 1 25 1
11 8 6 3 1 8 1 12 1 16 1 19 1 24 1
11 4 6 3 1 8 1 12 1 16 1 19 2 21 1
11 4 6 3 1 8 1 13 1 17 1 18 1 25 1
11 8 6 3 1 8 1 13 1 18 1 19 1 24 1
11 4 6 3 1 8 1 13 1 18 1 19 2 21 1
11 4 6 3 1 8 1 15 1 17 1 23 1 25 1
11 8 6 3 1 8 1 15 1 19 1 23 1 24 1
11 4 6 3 1 8 1 15 1 19 2 21 1 23 1
11 2 6 3 2 3 2 5 1 5 1 5 1 24 2
11 2 6 3 2 3 2 5 1 5 1 7 1 31 1
11 2 6 3 2 3 2 5 1 5 1 17 1 25 1
11 4 6 3 2 3 2 5 1 5 1 19 1 24 1
11 2 6 3 2 3 2 5 1 5 1 19 2 21 1
11 2 6 3 2 5 1 5 1 8 2 21 1 24 2
11 2 6 3 2 5 1 5 1 12 1 16 1 24 2
11 2 6 3 2 5 1 5 1 13 1 18 1 24 2
11 2 6 3 2 5 1 5 1 15 1 23 1 24 2
11 2 6 3 2 5 1 7 1 8 2 21 1 31 1
11 2 6 3 2 5 1 7 1 12 1 16 1 31 1
11 2 6 3 2 5 1 7 1 13 1 18 1 31 1
11 2 6 3 2 5 1 7 1 15 1 23 1 31 1
11 2 6 3 2 5 1 8 2 17 1 21 1 25 1
11 4 6 3 2 5 1 8 2 19 1 21 1 24 1
11 2 6 3 2 5 1 8 2 19 2 21 1 21 1
11 4 4 3 2 5 1 8 2 24 2
11 2 6 3 2 5 1 12 1 16 1 17 1 25 1
11 4 6 3 2 5 1 12 1 16 1 19 1 24 1
11 2 6 3 2 5 1 12 1 16 1 19 2 21 1
11 2 6 3 2 5 1 13 1 17 1 18 1 25 1
11 4 6 3 2 5 1 13 1 18 1 19 1 24 1
11 2 6 3 2 5 1 13 1 18 1 19 2 21 1
11 2 6 3 2 5 1 15 1 17 1 23 1 25 1
11 4 6 3 2 5 1 15 1 19 1 23 1 24 1
11 2 6 3 2 5 1 15 1 19 2 21 1 23 1
11 4 4 3 2 7 1 8 2 31 1
11 4 4 3 2 8 2 17 1 25 1
11 8 4 3 2 8 2 19 1 24 1
11 4 4 3 2 8 2 19 2 21 1
11 1 4 3 4 5 1 5 2 24 2
11 1 4 3 4 5 2 7 1 31 1
11 1 4 3 4 5 2 17 1 25 1
11 2 4 3 4 5 2 19 1 24 1
11 1 4 3 4 5 2 19 2 21 1
11 2 6 5 1 8 2 8 2 21 1 21 1 24 2
11 2 6 5 1 8 2 12 1 16 1 21 1 24 2
11 2 6 5 1 8 2 13 1 18 1 21 1 24 2
11 2 6 5 1 8 2 15 1 21 1 23 1 24 2
11 1 4 5 1 8 4 21 2 24 2
11 2 6 5 1 12 1 12 1 16 1 16 1 24 2
11 2 6 5 1 12 1 13 1 16 1 18 1 24 2
11 2 6 5 1 12 1 15 1 16 1 23 1 24 2
11 1 4 5 1 12 2 16 2 24 2
11 2 6 5 1 13 1 13 1 18 1 18 1 24 2
11 2 6 5 1 13 1 15 1 18 1 23 1 24 2
11 1 4 5 1 13 2 18 2 24 2
11 2 6 5 1 15 1 15 1 23 1 23 1 24 2
11 1 4 5 1 15 2 23 2 24 2
11 2 6 7 1 8 2 8 2 21 1 21 1 31 1
11 2 6 7 1 8 2 12 1 16 1 21 1 31 1
11 2 6 7 1 8 2 13 1 18 1 21 1 31 1
11 2 6 7 1 8 2 15 1 21 1 23 1 31 1
11 1 4 7 1 8 4 21 2 31 1
11 2 6 7 1 12 1 12 1 16 1 16 1 31 1
11 2 6 7 1 12 1 13 1 16 1 18 1 31 1
11 2 6 7 1 12 1 15 1 16 1 23 1 31 1
11 1 4 7 1 12 2 16 2 31 1
11 2 6 7 1 13 1 13 1 18 1 18 1 31 1
11 2 6 7 1 13 1 15 1 18 1 23 1 31 1
11 1 4 7 1 13 2 18 2 31 1
11 2 6 7 1 15 1 15 1 23 1 23 1 31 1
11 1 4 7 1 15 2 23 2 31 1
11 2 6 8 2 8 2 17 1 21 1 21 1 25 1
11 4 6 8 2 8 2 19 1 21 1 21 1 24 1
11 2 6 8 2 8 2 19 2 21 1 21 1 21 1
11 2 6 8 2 12 1 16 1 17 1 21 1 25 1
11 4 6 8 2 12 1 16 1 19 1 21 1 24 1
11 2 6 8 2 12 1 16 1 19 2 21 1 21 1
11 2 6 8 2 13 1 17 1 18 1 21 1 25 1
11 4 6 8 2 13 1 18 1 19 1 21 1 24 1
11 2 6 8 2 13 1 18 1 19 2 21 1 21 1
11 2 6 8 2 15 1 17 1 21 1 23 1 25 1
11 4 6 8 2 15 1 19 1 21 1 23 1 24 1
11 2 6 8 2 15 1 19 2 21 1 21 1 23 1
11 1 4 8 4 17 1 21 2 25 1
11 2 4 8 4 19 1 21 2 24 1
11 1 4 8 4 19 2 21 1 21 2
11 2 6 12 1 12 1 16 1 16 1 17 1 25 1
11 4 6 12 1 12 1 16 1 16 1 19 1 24 1
11 2 6 12 1 12 1 16 1 16 1 19 2 21 1
11 2 6 12 1 13 1 16 1 17 1 18 1 25 1
11 4 6 12 1 13 1 16 1 18 1 19 1 24 1
11 2 6 12 1 13 1 16 1 18 1 19 2 21 1
11 2 6 12 1 15 1 16 1 17 1 23 1 25 1
11 4 6 12 1 15 1 16 1 19 1 23 1 24 1
11 2 6 12 1 15 1 16 1 19 2 21 1 23 1
11 1 4 12 2 16 2 17 1 25 1
11 2 4 12 2 16 2 19 1 24 1
11 1 4 12 2 16 2 19 2 21 1
11 2 6 13 1 13 1 17 1 18 1 18 1 25 1
11 4 6 13 1 13 1 18 1 18 1 19 1 24 1
11 2 6 13 1 13 1 18 1 18 1 19 2 21 1
11 2 6 13 1 15 1 17 1 18 1 23 1 25 1
11 4 6 13 1 15 1 18 1 19 1 23 1 24 1
11 2 6 13 1 15 1 18 1 19 2 21 1 23 1
11 1 4 13 2 17 1 18 2 25 1
11 2 4 13 2 18 2 19 1 24 1
11 1 4 13 2 18 2 19 2 21 1
11 2 6 15 1 15 1 17 1 23 1 23 1 25 1
11 4 6 15 1 15 1 19 1 23 1 23 1 24 1
11 2 6 15 1 15 1 19 2 21 1 23 1 23 1
11 1 4 15 2 17 1 23 2 25 1
11 2 4 15 2 19 1 23 2 24 1
11 1 4 15 2 19 2 21 1 23 2
12 2 6 0 1 0 1 2 1 11 1 11 1 30 1
12 2 6 0 1 0 1 5 1 11 1 11 1 31 1
12 2 6 0 1 0 1 7 1 11 1 11 1 26 2
12 2 6 0 1 0 1 11 1 11 1 16 1 27 1
12 4 6 0 1 0 1 11 1 11 1 19 1 26 1
12 2 6 0 1 0 1 11 1 11 1 19 2 23 1
12 2 6 0 1 0 1 11 1 11 1 20 1 25 1
12 4 6 0 1 2 1 3 1 10 1 11 1 30 1
12 2 6 0 1 2 1 3 2 7 1 11 1 30 1
12 2 6 0 1 2 1 4 1 9 1 11 1 30 1
12 2 6 0 1 2 1 10 2 11 1 23 1 30 1
12 2 6 0 1 2 1 11 1 14 1 18 1 30 1
12 2 6 0 1 2 1 11 1 15 1 21 1 30 1
12 4 6 0 1 3 1 5 1 10 1 11 1 31 1
12 4 6 0 1 3 1 7 1 10 1 11 1 26 2
12 4 6 0 1 3 1 10 1 11 1 16 1 27 1
12 8 6 0 1 3 1 10 1 11 1 19 1 26 1
12 4 6 0 1 3 1 10 1 11 1 19 2 23 1
12 4 6 0 1 3 1 10 1 11 1 20 1 25 1
12 2 6 0 1 3 2 5 1 7 1 11 1 31 1
12 2 6 0 1 3 2 7 1 7 1 11 1 26 2
12 2 6 0 1 3 2 7 1 11 1 16 1 27 1
12 4 6 0 1 3 2 7 1 11 1 19 1 26 1
12 2 6 0 1 3 2 7 1 11 1 19 2 23 1
12 2 6 0 1 3 2 7 1 11 1 20 1 25 1
12 2 6 0 1 4 1 5 1 9 1 11 1 31 1
12 2 6 0 1 4 1 7 1 9 1 11 1 26 2
12 2 6 0 1 4 1 9 1 11 1 16 1 27 1
12 4 6 0 1 4 1 9 1 11 1 19 1 26 1
12 2 6 0 1 4 1 9 1 11 1 19 2 23 1
12 2 6 0 1 4 1 9 1 11 1 20 1 25 1
12 2 6 0 1 5 1 10 2 11 1 23 1 31 1
12 2 6 0 1 5 1 11 1 14 1 18 1 31 1
12 2 6 0 1 5 1 11 1 15 1 21 1 31 1
12 2 6 0 1 7 1 10 2 11 1 23 1 26 2
12 2 6 0 1 7 1 11 1 14 1 18 1 26 2
12 2 6 0 1 7 1 11 1 15 1 21 1 26 2
12 2 6 0 1 10 2 11 1 16 1 23 1 27 1
12 4 6 0 1 10 2 11 1 19 1 23 1 26 1
12 2 6 0 1 10 2 11 1 19 2 23 1 23 1
12 2 6 0 1 10 2 11 1 20 1 23 1 25 1
12 2 6 0 1 11 1 14 1 16 1 18 1 27 1
12 4 6 0 1 11 1 14 1 18 1 19 1 26 1
12 2 6 0 1 11 1 14 1 18 1 19 2 23 1
12 2 6 0 1 11 1 14 1 18 1 20 1 25 1
12 2 6 0 1 11 1 15 1 16 1 21 1 27 1
12 4 6 0 1 11 1 15 1 19 1 21 1 26 1
12 2 6 0 1 11 1 15 1 19 2 21 1 23 1
12 2 6 0 1 11 1 15 1 20 1 21 1 25 1
12 1 4 0 2 2 1 11 2 30 1
12 1 4 0 2 5 1 11 2 31 1
12 1 4 0 2 7 1 11 2 26 2
12 1 4 0 2 11 2 16 1 27 1
12 2 4 0 2 11 2 19 1 26 1
12 1 4 0 2 11 2 19 2 23 1
12 1 4 0 2 11 2 20 1 25 1
12 8 6 2 1 3 1 3 1 10 1 10 1 30 1
12 4 6 2 1 3 1 3 2 7 1 10 1 30 1
12 4 6 2 1 3 1 4 1 9 1 10 1 30 1
12 4 6 2 1 3 1 10 1 10 2 23 1 30 1
12 4 6 2 1 3 1 10 1 14 1 18 1 30 1
12 4 6 2 1 3 1 10 1 15 1 21 1 30 1
12 2 6 2 1 3 2 3 2 7 1 7 1 30 1
12 2 6 2 1 3 2 4 1 7 1 9 1 30 1
12 2 6 2 1 3 2 7 1 10 2 23 1 30 1
12 2 6 2 1 3 2 7 1 14 1 18 1 30 1
12 2 6 2 1 3 2 7 1 15 1 21 1 30 1
12 4 4 2 1 3 2 10 2 30 1
12 1 4 2 1 3 4 7 2 30 1
12 2 6 2 1 4 1 4 1 9 1 9 1 30 1
12 2 6 2 1 4 1 9 1 10 2 23 1 30 1
12 2 6 2 1 4 1 9 1 14 1 18 1 30 1
12 2 6 2 1 4 1 9 1 15 1 21 1 30 1
12 1 4 2 1 4 2 9 2 30 1
12 2 6 2 1 10 2 10 2 23 1 23 1 30 1
12 2 6 2 1 10 2 14 1 18 1 23 1 30 1
12 2 6 2 1 10 2 15 1 21 1 23 1 30 1
12 1 4 2 1 10 4 23 2 30 1
12 2 6 2 1 14 1 14 1 18 1 18 1 30 1
12 2 6 2 1 14 1 15 1 18 1 21 1 30 1
12 1 4 2 1 14 2 18 2 30 1
12 2 6 2 1 15 1 15 1 21 1 21 1 30 1
12 1 4 2 1 15 2 21 2 30 1
12 8 6 3 1 3 1 5 1 10 1 10 1 31 1
12 8 6 3 1 3 1 7 1 10 1 10 1 26 2
12 8 6 3 1 3 1 10 1 10 1 16 1 27 1
12 16 6 3 1 3 1 10 1 10 1 19 1 26 1
12 8 6 3 1 3 1 10 1 10 1 19 2 23 1
12 8 6 3 1 3 1 10 1 10 1 20 1 25 1
12 4 6 3 1 3 2 5 1 7 1 10 1 31 1
12 4 6 3 1 3 2 7 1 7 1 10 1 26 2
12 4 6 3 1 3 2 7 1 10 1 16 1 27 1
12 8 6 3 1 3 2 7 1 10 1 19 1 26 1
12 4 6 3 1 3 2 7 1 10 1 19 2 23 1
12 4 6 3 1 3 2 7 1 10 1 20 1 25 1
12 4 6 3 1 4 1 5 1 9 1 10 1 31 1
12 4 6 3 1 4 1 7 1 9 1 10 1 26 2
12 4 6 3 1 4 1 9 1 10 1 16 1 27 1
12 8 6 3 1 4 1 9 1 10 1 19 1 26 1
12 4 6 3 1 4 1 9 1 10 1 19 2 23 1
12 4 6 3 1 4 1 9 1 10 1 20 1 25 1
12 4 6 3 1 5 1 10 1 10 2 23 1 31 1
12 4 6 3 1 5 1 10 1 14 1 18 1 31 1
12 4 6 3 1 5 1 10 1 15 1 21 1 31 1
12 4 6 3 1 7 1 10 1 10 2 23 1 26 2
12 4 6 3 1 7 1 10 1 14 1 18 1 26 2
12 4 6 3 1 7 1 10 1 15 1 21 1 26 2
12 4 6 3 1 10 1 10 2 16 1 23 1 27 1
12 8 6 3 1 10 1 10 2 19 1 23 1 26 1
12 4 6 3 1 10 1 10 2 19 2 23 1 23 1
12 4 6 3 1 10 1 10 2 20 1 23 1 25 1
12 4 6 3 1 10 1 14 1 16 1 18 1 27 1
12 8 6 3 1 10 1 14 1 18 1 19 1 26 1
12 4 6 3 1 10 1 14 1 18 1 19 2 23 1
12 4 6 3 1 10 1 14 1 18 1 20 1 25 1
12 4 6 3 1 10 1 15 1 16 1 21 1 27 1
12 8 6 3 1 10 1 15 1 19 1 21 1 26 1
12 4 6 3 1 10 1 15 1 19 2 21 1 23 1
12 4 6 3 1 10 1 15 1 20 1 21 1 25 1
12 2 6 3 2 3 2 5 1 7 1 7 1 31 1
12 2 6 3 2 3 2 7 1 7 1 7 1 26 2
12 2 6 3 2 3 2 7 1 7 1 16 1 27 1
12 4 6 3 2 3 2 7 1 7 1 19 1 26 1
12 2 6 3 2 3 2 7 1 7 1 19 2 23 1
12 2 6 3 2 3 2 7 1 7 1 20 1 25 1
12 2 6 3 2 4 1 5 1 7 1 9 1 31 1
12 2 6 3 2 4 1 7 1 7 1 9 1 26 2
12 2 6 3 2 4 1 7 1 9 1 16 1 27 1
12 4 6 3 2 4 1 7 1 9 1 19 1 26 1
12 2 6 3 2 4 1 7 1 9 1 19 2 23 1
12 2 6 3 2 4 1 7 1 9 1 20 1 25 1
12 2 6 3 2 5 1 7 1 10 2 23 1 31 1
12 2 6 3 2 5 1 7 1 14 1 18 1 31 1
12 2 6 3 2 5 1 7 1 15 1 21 1 31 1
12 4 4 3 2 5 1 10 2 31 1
12 2 6 3 2 7 1 7 1 10 2 23 1 26 2
12 2 6 3 2 7 1 7 1 14 1 18 1 26 2
12 2 6 3 2 7 1 7 1 15 1 21 1 26 2
12 2 6 3 2 7 1 10 2 16 1 23 1 27 1
12 4 6 3 2 7 1 10 2 19 1 23 1 26 1
12 2 6 3 2 7 1 10 2 19 2 23 1 23 1
12 2 6 3 2 7 1 10 2 20 1 23 1 25 1
12 4 4 3 2 7 1 10 2 26 2
12 2 6 3 2 7 1 14 1 16 1 18 1 27 1
12 4 6 3 2 7 1 14 1 18 1 19 1 26 1
12 2 6 3 2 7 1 14 1 18 1 19 2 23 1
12 2 6 3 2 7 1 14 1 18 1 20 1 25 1
12 2 6 3 2 7 1 15 1 16 1 21 1 27 1
12 4 6 3 2 7 1 15 1 19 1 21 1 26 1
12 2 6 3 2 7 1 15 1 19 2 21 1 23 1
12 2 6 3 2 7 1 15 1 20 1 21 1 25 1
12 4 4 3 2 10 2 16 1 27 1
12 8 4 3 2 10 2 19 1 26 1
12 4 4 3 2 10 2 19 2 23 1
12 4 4 3 2 10 2 20 1 25 1
12 1 4 3 4 5 1 7 2 31 1
12 1 4 3 4 7 1 7 2 26 2
12 1 4 3 4 7 2 16 1 27 1
12 2 4 3 4 7 2 19 1 26 1
12 1 4 3 4 7 2 19 2 23 1
12 1 4 3 4 7 2 20 1 25 1
12 2 6 4 1 4 1 5 1 9 1 9 1 31 1
12 2 6 4 1 4 1 7 1 9 1 9 1 26 2
12 2 6 4 1 4 1 9 1 9 1 16 1 27 1
12 4 6 4 1 4 1 9 1 9 1 19 1 26 1
12 2 6 4 1 4 1 9 1 9 1 19 2 23 1
12 2 6 4 1 4 1 9 1 9 1 20 1 25 1
12 2 6 4 1 5 1 9 1 10 2 23 1 31 1
12 2 6 4 1 5 1 9 1 14 1 18 1 31 1
12 2 6 4 1 5 1 9 1 15 1 21 1 31 1
12 2 6 4 1 7 1 9 1 10 2 23 1 26 2
12 2 6 4 1 7 1 9 1 14 1 18 1 26 2
12 2 6 4 1 7 1 9 1 15 1 21 1 26 2
12 2 6 4 1 9 1 10 2 16 1 23 1 27 1
12 4 6 4 1 9 1 10 2 19 1 23 1 26 1
12 2 6 4 1 9 1 10 2 19 2 23 1 23 1
12 2 6 4 1 9 1 10 2 20 1 23 1 25 1
12 2 6 4 1 9 1 14 1 16 1 18 1 27 1
12 4 6 4 1 9 1 14 1 18 1 19 1 26 1
12 2 6 4 1 9 1 14 1 18 1 19 2 23 1
12 2 6 4 1 9 1 14 1 18 1 20 1 25 1
12 2 6 4 1 9 1 15 1 16 1 21 1 27 1
12 4 6 4 1 9 1 15 1 19 1 21 1 26 1
12 2 6 4 1 9 1 15 1 19 2 21 1 23 1
12 2 6 4 1 9 1 15 1 20 1 21 1 25 1
12 1 4 4 2 5 1 9 2 31 1
12 1 4 4 2 7 1 9 2 26 2
12 1 4 4 2 9 2 16 1 27 1
12 2 4 4 2 9 2 19 1 26 1
12 1 4 4 2 9 2 19 2 23 1
12 1 4 4 2 9 2 20 1 25 1
12 2 6 5 1 10 2 10 2 23 1 23 1 31 1
12 2 6 5 1 10 2 14 1 18 1 23 1 31 1
12 2 6 5 1 10 2 15 1 21 1 23 1 31 1
12 1 4 5 1 10 4 23 2 31 1
12 2 6 5 1 14 1 14 1 18 1 18 1 31 1
12 2 6 5 1 14 1 15 1 18 1 21 1 31 1
12 1 4 5 1 14 2 18 2 31 1
12 2 6 5 1 15 1 15 1 21 1 21 1 31 1
12 1 4 5 1 15 2 21 2 31 1
12 2 6 7 1 10 2 10 2 23 1 23 1 26 2
12 2 6 7 1 10 2 14 1 18 1 23 1 26 2
12 2 6 7 1 10 2 15 1 21 1 23 1 26 2
12 1 4 7 1 10 4 23 2 26 2
12 2 6 7 1 14 1 14 1 18 1 18 1 26 2
12 2 6 7 1 14 1 15 1 18 1 21 1 26 2
12 1 4 7 1 14 2 18 2 26 2
12 2 6 7 1 15 1 15 1 21 1 21 1 26 2
12 1 4 7 1 15 2 21 2 26 2
12 2 6 10 2 10 2 16 1 23 1 23 1 27 1
12 4 6 10 2 10 2 19 1 23 1 23 1 26 1
12 2 6 10 2 10 2 19 2 23 1 23 1 23 1
12 2 6 10 2 10 2 20 1 23 1 23 1 25 1
12 2 6 10 2 14 1 16 1 18 1 23 1 27 1
12 4 6 10 2 14 1 18 1 19 1 23 1 26 1
12 2 6 10 2 14 1 18 1 19 2 23 1 23 1
12 2 6 10 2 14 1 18 1 20 1 23 1 25 1
12 2 6 10 2 15 1 16 1 21 1 23 1 27 1
12 4 6 10 2 15 1 19 1 21 1 23 1 26 1
12 2 6 10 2 15 1 19 2 21 1 23 1 23 1
12 2 6 10 2 15 1 20 1 21 1 23 1 25 1
12 1 4 10 4 16 1 23 2 27 1
12 2 4 10 4 19 1 23 2 26 1
12 1 4 10 4 19 2 23 1 23 2
12 1 4 10 4 20 1 23 2 25 1
12 2 6 14 1 14 1 16 1 18 1 18 1 27 1
12 4 6 14 1 14 1 18 1 18 1 19 1 26 1
12 2 6 14 1 14 1 18 1 18 1 19 2 23 1
12 2 6 14 1 14 1 18 1 18 1 20 1 25 1
12 2 6 14 1 15 1 16 1 18 1 21 1 27 1
12 4 6 14 1 15 1 18 1 19 1 21 1 26 1
12 2 6 14 1 15 1 18 1 19 2 21 1 23 1
12 2 6 14 1 15 1 18 1 20 1 21 1 25 1
12 1 4 14 2 16 1 18 2 27 1
12 2 4 14 2 18 2 19 1 26 1
12 1 4 14 2 18 2 19 2 23 1
12 1 4 14 2 18 2 20 1 25 1
12 2 6 15 1 15 1 16 1 21 1 21 1 27 1
12 4 6 15 1 15 1 19 1 21 1 21 1 26 1
12 2 6 15 1 15 1 19 2 21 1 21 1 23 1
12 2 6 15 1 15 1 20 1 21 1 21 1 25 1
12 1 4 15 2 16 1 21 2 27 1
12 2 4 15 2 19 1 21 2 26 1
12 1 4 15 2 19 2 21 2 23 1
12 1 4 15 2 20 1 21 2 25 1
13 2 6 0 1 1 1 1 1 6 2 6 2 30 1
13 2 6 0 1 1 1 2 1 6 2 11 1 30 1
13 2 6 0 1 1 1 5 1 6 2 9 1 30 1
13 4 6 0 1 1 1 6 1 6 2 8 1 30 1
13 2 6 0 1 1 1 6 2 8 2 17 1 30 1
13 2 6 0 1 1 1 6 2 14 1 16 1 30 1
13 2 6 0 1 1 1 6 2 15 1 20 1 30 1
13 1 4 0 1 1 2 6 4 30 1
13 2 6 0 1 2 1 2 1 11 1 11 1 30 1
13 2 6 0 1 2 1 5 1 9 1 11 1 30 1
13 4 6 0 1 2 1 6 1 8 1 11 1 30 1
13 2 6 0 1 2 1 8 2 11 1 17 1 30 1
13 2 6 0 1 2 1 11 1 14 1 16 1 30 1
13 2 6 0 1 2 1 11 1 15 1 20 1 30 1
13 1 4 0 1 2 2 11 2 30 1
13 2 6 0 1 5 1 5 1 9 1 9 1 30 1
13 4 6 0 1 5 1 6 1 8 1 9 1 30 1
13 2 6 0 1 5 1 8 2 9 1 17 1 30 1
13 2 6 0 1 5 1 9 1 14 1 16 1 30 1
13 2 6 0 1 5 1 9 1 15 1 20 1 30 1
13 1 4 0 1 5 2 9 2 30 1
13 8 6 0 1 6 1 6 1 8 1 8 1 30 1
13 4 6 0 1 6 1 8 1 8 2 17 1 30 1
13 4 6 0 1 6 1 8 1 14 1 16 1 30 1
13 4 6 0 1 6 1 8 1 15 1 20 1 30 1
13 4 4 0 1 6 2 8 2 30 1
13 2 6 0 1 8 2 8 2 17 1 17 1 30 1
13 2 6 0 1 8 2 14 1 16 1 17 1 30 1
13 2 6 0 1 8 2 15 1 17 1 20 1 30 1
13 1 4 0 1 8 4 17 2 30 1
13 2 6 0 1 14 1 14 1 16 1 16 1 30 1
13 2 6 0 1 14 1 15 1 16 1 20 1 30 1
13 1 4 0 1 14 2 16 2 30 1
13 2 6 0 1 15 1 15 1 20 1 20 1 30 1
13 1 4 0 1 15 2 20 2 30 1
13 2 6 1 1 1 1 1 1 6 2 6 2 24 2
13 2 6 1 1 1 1 2 1 6 2 11 1 24 2
13 2 6 1 1 1 1 4 1 6 2 6 2 31 1
13 2 6 1 1 1 1 5 1 6 2 9 1 24 2
13 4 6 1 1 1 1 6 1 6 2 8 1 24 2
13 2 6 1 1 1 1 6 2 6 2 17 1 22 2
13 2 6 1 1 1 1 6 2 6 2 18 1 27 1
13 2 6 1 1 1 1 6 2 6 2 21 1 25 1
13 4 6 1 1 1 1 6 2 6 2 22 1 24 1
13 2 6 1 1 1 1 6 2 8 2 17 1 24 2
13 2 6 1 1 1 1 6 2 14 1 16 1 24 2
13 2 6 1 1 1 1 6 2 15 1 20 1 24 2
13 1 4 1 1 1 2 6 4 24 2
13 2 6 1 1 2 1 2 1 11 1 11 1 24 2
13 2 6 1 1 2 1 4 1 6 2 11 1 31 1
13 2 6 1 1 2 1 5 1 9 1 11 1 24 2
13 4 6 1 1 2 1 6 1 8 1 11 1 24 2
13 2 6 1 1 2 1 6 2 11 1 17 1 22 2
13 2 6 1 1 2 1 6 2 11 1 18 1 27 1
13 2 6 1 1 2 1 6 2 11 1 21 1 25 1
13 4 6 1 1 2 1 6 2 11 1 22 1 24 1
13 2 6 1 1 2 1 8 2 11 1 17 1 24 2
13 2 6 1 1 2 1 11 1 14 1 16 1 24 2
13 2 6 1 1 2 1 11 1 15 1 20 1 24 2
13 1 4 1 1 2 2 11 2 24 2
13 2 6 1 1 4 1 5 1 6 2 9 1 31 1
13 4 6 1 1 4 1 6 1 6 2 8 1 31 1
13 2 6 1 1 4 1 6 2 8 2 17 1 31 1
13 2 6 1 1 4 1 6 2 14 1 16 1 31 1
13 2 6 1 1 4 1 6 2 15 1 20 1 31 1
13 2 6 1 1 5 1 5 1 9 1 9 1 24 2
13 4 6 1 1 5 1 6 1 8 1 9 1 24 2
13 2 6 1 1 5 1 6 2 9 1 17 1 22 2
13 2 6 1 1 5 1 6 2 9 1 18 1 27 1
13 2 6 1 1 5 1 6 2 9 1 21 1 25 1
13 4 6 1 1 5 1 6 2 9 1 22 1 24 1
13 2 6 1 1 5 1 8 2 9 1 17 1 24 2
13 2 6 1 1 5 1 9 1 14 1 16 1 24 2
13 2 6 1 1 5 1 9 1 15 1 20 1 24 2
13 1 4 1 1 5 2 9 2 24 2
13 8 6 1 1 6 1 6 1 8 1 8 1 24 2
13 4 6 1 1 6 1 6 2 8 1 17 1 22 2
13 4 6 1 1 6 1 6 2 8 1 18 1 27 1
13 4 6 1 1 6 1 6 2 8 1 21 1 25 1
13 8 6 1 1 6 1 6 2 8 1 22 1 24 1
13 4 6 1 1 6 1 8 1 8 2 17 1 24 2
13 4 6 1 1 6 1 8 1 14 1 16 1 24 2
13 4 6 1 1 6 1 8 1 15 1 20 1 24 2
13 2 6 1 1 6 2 8 2 17 1 17 1 22 2
13 2 6 1 1 6 2 8 2 17 1 18 1 27 1
13 2 6 1 1 6 2 8 2 17 1 21 1 25 1
13 4 6 1 1 6 2 8 2 17 1 22 1 24 1
13 4 4 1 1 6 2 8 2 24 2
13 2 6 1 1 6 2 14 1 16 1 17 1 22 2
13 2 6 1 1 6 2 14 1 16 1 18 1 27 1
13 2 6 1 1 6 2 14 1 16 1 21 1 25 1
13 4 6 1 1 6 2 14 1 16 1 22 1 24 1
13 2 6 1 1 6 2 15 1 17 1 20 1 22 2
13 2 6 1 1 6 2 15 1 18 1 20 1 27 1
13 2 6 1 1 6 2 15 1 20 1 21 1 25 1
13 4 6 1 1 6 2 15 1 20 1 22 1 24 1
13 2 6 1 1 8 2 8 2 17 1 17 1 24 2
13 2 6 1 1 8 2 14 1 16 1 17 1 24 2
13 2 6 1 1 8 2 15 1 17 1 20 1 24 2
13 1 4 1 1 8 4 17 2 24 2
13 2 6 1 1 14 1 14 1 16 1 16 1 24 2
13 2 6 1 1 14 1 15 1 16 1 20 1 24 2
13 1 4 1 1 14 2 16 2 24 2
13 2 6 1 1 15 1 15 1 20 1 20 1 24 2
13 1 4 1 1 15 2 20 2 24 2
13 1 4 1 2 4 1 6 4 31 1
13 1 4 1 2 6 4 17 1 22 2
13 1 4 1 2 6 4 18 1 27 1
13 1 4 1 2 6 4 21 1 25 1
13 2 4 1 2 6 4 22 1 24 1
13 2 6 2 1 2 1 4 1 11 1 11 1 31 1
13 2 6 2 1 2 1 11 1 11 1 17 1 22 2
13 2 6 2 1 2 1 11 1 11 1 18 1 27 1
13 2 6 2 1 2 1 11 1 11 1 21 1 25 1
13 4 6 2 1 2 1 11 1 11 1 22 1 24 1
13 2 6 2 1 4 1 5 1 9 1 11 1 31 1
13 4 6 2 1 4 1 6 1 8 1 11 1 31 1
13 2 6 2 1 4 1 8 2 11 1 17 1 31 1
13 2 6 2 1 4 1 11 1 14 1 16 1 31 1
13 2 6 2 1 4 1 11 1 15 1 20 1 31 1
13 2 6 2 1 5 1 9 1 11 1 17 1 22 2
13 2 6 2 1 5 1 9 1 11 1 18 1 27 1
13 2 6 2 1 5 1 9 1 11 1 21 1 25 1
13 4 6 2 1 5 1 9 1 11 1 22 1 24 1
13 4 6 2 1 6 1 8 1 11 1 17 1 22 2
13 4 6 2 1 6 1 8 1 11 1 18 1 27 1
13 4 6 2 1 6 1 8 1 11 1 21 1 25 1
13 8 6 2 1 6 1 8 1 11 1 22 1 24 1
13 2 6 2 1 8 2 11 1 17 1 17 1 22 2
13 2 6 2 1 8 2 11 1 17 1 18 1 27 1
13 2 6 2 1 8 2 11 1 17 1 21 1 25 1
13 4 6 2 1 8 2 11 1 17 1 22 1 24 1
13 2 6 2 1 11 1 14 1 16 1 17 1 22 2
13 2 6 2 1 11 1 14 1 16 1 18 1 27 1
13 2 6 2 1 11 1 14 1 16 1 21 1 25 1
13 4 6 2 1 11 1 14 1 16 1 22 1 24 1
13 2 6 2 1 11 1 15 1 17 1 20 1 22 2
13 2 6 2 1 11 1 15 1 18 1 20 1 27 1
13 2 6 2 1 11 1 15 1 20 1 21 1 25 1
13 4 6 2 1 11 1 15 1 20 1 22 1 24 1
13 1 4 2 2 4 1 11 2 31 1
13 1 4 2 2 11 2 17 1 22 2
13 1 4 2 2 11 2 18 1 27 1
13 1 4 2 2 11 2 21 1 25 1
13 2 4 2 2 11 2 22 1 24 1
13 2 6 4 1 5 1 5 1 9 1 9 1 31 1
13 4 6 4 1 5 1 6 1 8 1 9 1 31 1
13 2 6 4 1 5 1 8 2 9 1 17 1 31 1
13 2 6 4 1 5 1 9 1 14 1 16 1 31 1
13 2 6 4 1 5 1 9 1 15 1 20 1 31 1
13 1 4 4 1 5 2 9 2 31 1
13 8 6 4 1 6 1 6 1 8 1 8 1 31 1
13 4 6 4 1 6 1 8 1 8 2 17 1 31 1
13 4 6 4 1 6 1 8 1 14 1 16 1 31 1
13 4 6 4 1 6 1 8 1 15 1 20 1 31 1
13 4 4 4 1 6 2 8 2 31 1
13 2 6 4 1 8 2 8 2 17 1 17 1 31 1
13 2 6 4 1 8 2 14 1 16 1 17 1 31 1
13 2 6 4 1 8 2 15 1 17 1 20 1 31 1
13 1 4 4 1 8 4 17 2 31 1
13 2 6 4 1 14 1 14 1 16 1 16 1 31 1
13 2 6 4 1 14 1 15 1 16 1 20 1 31 1
13 1 4 4 1 14 2 16 2 31 1
13 2 6 4 1 15 1 15 1 20 1 20 1 31 1
13 1 4 4 1 15 2 20 2 31 1
13 2 6 5 1 5 1 9 1 9 1 17 1 22 2
13 2 6 5 1 5 1 9 1 9 1 18 1 27 1
13 2 6 5 1 5 1 9 1 9 1 21 1 25 1
13 4 6 5 1 5 1 9 1 9 1 22 1 24 1
13 4 6 5 1 6 1 8 1 9 1 17 1 22 2
13 4 6 5 1 6 1 8 1 9 1 18 1 27 1
13 4 6 5 1 6 1 8 1 9 1 21 1 25 1
13 8 6 5 1 6 1 8 1 9 1 22 1 24 1
13 2 6 5 1 8 2 9 1 17 1 17 1 22 2
13 2 6 5 1 8 2 9 1 17 1 18 1 27 1
13 2 6 5 1 8 2 9 1 17 1 21 1 25 1
13 4 6 5 1 8 2 9 1 17 1 22 1 24 1
13 2 6 5 1 9 1 14 1 16 1 17 1 22 2
13 2 6 5 1 9 1 14 1 16 1 18 1 27 1
13 2 6 5 1 9 1 14 1 16 1 21 1 25 1
13 4 6 5 1 9 1 14 1 16 1 22 1 24 1
13 2 6 5 1 9 1 15 1 17 1 20 1 22 2
13 2 6 5 1 9 1 15 1 18 1 20 1 27 1
13 2 6 5 1 9 1 15 1 20 1 21 1 25 1
13 4 6 5 1 9 1 15 1 20 1 22 1 24 1
13 1 4 5 2 9 2 17 1 22 2
13 1 4 5 2 9 2 18 1 27 1
13 1 4 5 2 9 2 21 1 25 1
13 2 4 5 2 9 2 22 1 24 1
13 8 6 6 1 6 1 8 1 8 1 17 1 22 2
13 8 6 6 1 6 1 8 1 8 1 18 1 27 1
13 8 6 6 1 6 1 8 1 8 1 21 1 25 1
13 16 6 6 1 6 1 8 1 8 1 22 1 24 1
13 4 6 6 1 8 1 8 2 17 1 17 1 22 2
13 4 6 6 1 8 1 8 2 17 1 18 1 27 1
13 4 6 6 1 8 1 8 2 17 1 21 1 25 1
13 8 6 6 1 8 1 8 2 17 1 22 1 24 1
13 4 6 6 1 8 1 14 1 16 1 17 1 22 2
13 4 6 6 1 8 1 14 1 16 1 18 1 27 1
13 4 6 6 1 8 1 14 1 16 1 21 1 25 1
13 8 6 6 1 8 1 14 1 16 1 22 1 24 1
13 4 6 6 1 8 1 15 1 17 1 20 1 22 2
13 4 6 6 1 8 1 15 1 18 1 20 1 27 1
13 4 6 6 1 8 1 15 1 20 1 21 1 25 1
13 8 6 6 1 8 1 15 1 20 1 22 1 24 1
13 4 4 6 2 8 2 17 1 22 2
13 4 4 6 2 8 2 18 1 27 1
13 4 4 6 2 8 2 21 1 25 1
13 8 4 6 2 8 2 22 1 24 1
13 2 6 8 2 8 2 17 1 17 1 17 1 22 2
13 2 6 8 2 8 2 17 1 17 1 18 1 27 1
13 2 6 8 2 8 2 17 1 17 1 21 1 25 1
13 4 6 8 2 8 2 17 1 17 1 22 1 24 1
13 2 6 8 2 14 1 16 1 17 1 17 1 22 2
13 2 6 8 2 14 1 16 1 17 1 18 1 27 1
13 2 6 8 2 14 1 16 1 17 1 21 1 25 1
13 4 6 8 2 14 1 16 1 17 1 22 1 24 1
13 2 6 8 2 15 1 17 1 17 1 20 1 22 2
13 2 6 8 2 15 1 17 1 18 1 20 1 27 1
13 2 6 8 2 15 1 17 1 20 1 21 1 25 1
13 4 6 8 2 15 1 17 1 20 1 22 1 24 1
13 1 4 8 4 17 1 17 2 22 2
13 1 4 8 4 17 2 18 1 27 1
13 1 4 8 4 17 2 21 1 25 1
13 2 4 8 4 17 2 22 1 24 1
13 2 6 14 1 14 1 16 1 16 1 17 1 22 2
13 2 6 14 1 14 1 16 1 16 1 18 1 27 1
13 2 6 14 1 14 1 16 1 16 1 21 1 25 1
13 4 6 14 1 14 1 16 1 16 1 22 1 24 1
13 2 6 14 1 15 1 16 1 17 1 20 1 22 2
13 2 6 14 1 15 1 16 1 18 1 20 1 27 1
13 2 6 14 1 15 1 16 1 20 1 21 1 25 1
13 4 6 14 1 15 1 16 1 20 1 22 1 24 1
13 1 4 14 2 16 2 17 1 22 2
13 1 4 14 2 16 2 18 1 27 1
13 1 4 14 2 16 2 21 1 25 1
13 2 4 14 2 16 2 22 1 24 1
13 2 6 15 1 15 1 17 1 20 1 20 1 22 2
13 2 6 15 1 15 1 18 1 20 1 20 1 27 1
13 2 6 15 1 15 1 20 1 20 1 21 1 25 1
13 4 6 15 1 15 1 20 1 20 1 22 1 24 1
13 1 4 15 2 17 1 20 2 22 2
13 1 4 15 2 18 1 20 2 27 1
13 1 4 15 2 20 2 21 1 25 1
13 2 4 15 2 20 2 22 1 24 1
14 2 6 0 1 0 1 1 1 13 1 13 1 31 1
14 2 6 0 1 0 1 4 1 13 1 13 1 26 2
14 2 6 0 1 0 1 13 1 13 1 16 1 29 1
14 2 6 0 1 0 1 13 1 13 1 18 1 28 1
14 2 6 0 1 0 1 13 1 13 1 20 1 22 2
14 4 6 0 1 0 1 13 1 13 1 22 1 26 1
14 2 6 0 1 0 1 13 1 13 1 23 1 25 1
14 2 6 0 1 1 1 2 1 12 1 13 1 31 1
14 2 6 0 1 1 1 4 1 6 2 13 1 31 1
14 4 6 0 1 1 1 6 1 10 1 13 1 31 1
14 2 6 0 1 1 1 7 1 9 1 13 1 31 1
14 2 6 0 1 1 1 10 2 13 1 20 1 31 1
14 2 6 0 1 1 1 13 1 15 1 17 1 31 1
14 2 6 0 1 2 1 4 1 12 1 13 1 26 2
14 2 6 0 1 2 1 12 1 13 1 16 1 29 1
14 2 6 0 1 2 1 12 1 13 1 18 1 28 1
14 2 6 0 1 2 1 12 1 13 1 20 1 22 2
14 4 6 0 1 2 1 12 1 13 1 22 1 26 1
14 2 6 0 1 2 1 12 1 13 1 23 1 25 1
14 2 6 0 1 4 1 4 1 6 2 13 1 26 2
14 4 6 0 1 4 1 6 1 10 1 13 1 26 2
14 2 6 0 1 4 1 6 2 13 1 16 1 29 1
14 2 6 0 1 4 1 6 2 13 1 18 1 28 1
14 2 6 0 1 4 1 6 2 13 1 20 1 22 2
14 4 6 0 1 4 1 6 2 13 1 22 1 26 1
14 2 6 0 1 4 1 6 2 13 1 23 1 25 1
14 2 6 0 1 4 1 7 1 9 1 13 1 26 2
14 2 6 0 1 4 1 10 2 13 1 20 1 26 2
14 2 6 0 1 4 1 13 1 15 1 17 1 26 2
14 4 6 0 1 6 1 10 1 13 1 16 1 29 1
14 4 6 0 1 6 1 10 1 13 1 18 1 28 1
14 4 6 0 1 6 1 10 1 13 1 20 1 22 2
14 8 6 0 1 6 1 10 1 13 1 22 1 26 1
14 4 6 0 1 6 1 10 1 13 1 23 1 25 1
14 2 6 0 1 7 1 9 1 13 1 16 1 29 1
14 2 6 0 1 7 1 9 1 13 1 18 1 28 1
14 2 6 0 1 7 1 9 1 13 1 20 1 22 2
14 4 6 0 1 7 1 9 1 13 1 22 1 26 1
14 2 6 0 1 7 1 9 1 13 1 23 1 25 1
14 2 6 0 1 10 2 13 1 16 1 20 1 29 1
14 2 6 0 1 10 2 13 1 18 1 20 1 28 1
14 2 6 0 1 10 2 13 1 20 1 20 1 22 2
14 4 6 0 1 10 2 13 1 20 1 22 1 26 1
14 2 6 0 1 10 2 13 1 20 1 23 1 25 1
14 2 6 0 1 13 1 15 1 16 1 17 1 29 1
14 2 6 0 1 13 1 15 1 17 1 18 1 28 1
14 2 6 0 1 13 1 15 1 17 1 20 1 22 2
14 4 6 0 1 13 1 15 1 17 1 22 1 26 1
14 2 6 0 1 13 1 15 1 17 1 23 1 25 1
14 1 4 0 2 1 1 13 2 31 1
14 1 4 0 2 4 1 13 2 26 2
14 1 4 0 2 13 2 16 1 29 1
14 1 4 0 2 13 2 18 1 28 1
14 1 4 0 2 13 2 20 1 22 2
14 2 4 0 2 13 2 22 1 26 1
14 1 4 0 2 13 2 23 1 25 1
14 2 6 1 1 2 1 2 1 12 1 12 1 31 1
14 2 6 1 1 2 1 4 1 6 2 12 1 31 1
14 4 6 1 1 2 1 6 1 10 1 12 1 31 1
14 2 6 1 1 2 1 7 1 9 1 12 1 31 1
14 2 6 1 1 2 1 10 2 12 1 20 1 31 1
14 2 6 1 1 2 1 12 1 15 1 17 1 31 1
14 1 4 1 1 2 2 12 2 31 1
14 2 6 1 1 4 1 4 1 6 2 6 2 31 1
14 4 6 1 1 4 1 6 1 6 2 10 1 31 1
14 2 6 1 1 4 1 6 2 7 1 9 1 31 1
14 2 6 1 1 4 1 6 2 10 2 20 1 31 1
14 2 6 1 1 4 1 6 2 15 1 17 1 31 1
14 1 4 1 1 4 2 6 4 31 1
14 8 6 1 1 6 1 6 1 10 1 10 1 31 1
14 4 6 1 1 6 1 7 1 9 1 10 1 31 1
14 4 6 1 1 6 1 10 1 10 2 20 1 31 1
14 4 6 1 1 6 1 10 1 15 1 17 1 31 1
14 4 4 1 1 6 2 10 2 31 1
14 2 6 1 1 7 1 7 1 9 1 9 1 31 1
14 2 6 1 1 7 1 9 1 10 2 20 1 31 1
14 2 6 1 1 7 1 9 1 15 1 17 1 31 1
14 1 4 1 1 7 2 9 2 31 1
14 2 6 1 1 10 2 10 2 20 1 20 1 31 1
14 2 6 1 1 10 2 15 1 17 1 20 1 31 1
14 1 4 1 1 10 4 20 2 31 1
14 2 6 1 1 15 1 15 1 17 1 17 1 31 1
14 1 4 1 1 15 2 17 2 31 1
14 2 6 2 1 2 1 4 1 12 1 12 1 26 2
14 2 6 2 1 2 1 12 1 12 1 16 1 29 1
14 2 6 2 1 2 1 12 1 12 1 18 1 28 1
14 2 6 2 1 2 1 12 1 12 1 20 1 22 2
14 4 6 2 1 2 1 12 1 12 1 22 1 26 1
14 2 6 2 1 2 1 12 1 12 1 23 1 25 1
14 2 6 2 1 4 1 4 1 6 2 12 1 26 2
14 4 6 2 1 4 1 6 1 10 1 12 1 26 2
14 2 6 2 1 4 1 6 2 12 1 16 1 29 1
14 2 6 2 1 4 1 6 2 12 1 18 1 28 1
14 2 6 2 1 4 1 6 2 12 1 20 1 22 2
14 4 6 2 1 4 1 6 2 12 1 22 1 26 1
14 2 6 2 1 4 1 6 2 12 1 23 1 25 1
14 2 6 2 1 4 1 7 1 9 1 12 1 26 2
14 2 6 2 1 4 1 10 2 12 1 20 1 26 2
14 2 6 2 1 4 1 12 1 15 1 17 1 26 2
14 4 6 2 1 6 1 10 1 12 1 16 1 29 1
14 4 6 2 1 6 1 10 1 12 1 18 1 28 1
14 4 6 2 1 6 1 10 1 12 1 20 1 22 2
14 8 6 2 1 6 1 10 1 12 1 22 1 26 1
14 4 6 2 1 6 1 10 1 12 1 23 1 25 1
14 2 6 2 1 7 1 9 1 12 1 16 1 29 1
14 2 6 2 1 7 1 9 1 12 1 18 1 28 1
14 2 6 2 1 7 1 9 1 12 1 20 1 22 2
14 4 6 2 1 7 1 9 1 12 1 22 1 26 1
14 2 6 2 1 7 1 9 1 12 1 23 1 25 1
14 2 6 2 1 10 2 12 1 16 1 20 1 29 1
14 2 6 2 1 10 2 12 1 18 1 20 1 28 1
14 2 6 2 1 10 2 12 1 20 1 20 1 22 2
14 4 6 2 1 10 2 12 1 20 1 22 1 26 1
14 2 6 2 1 10 2 12 1 20 1 23 1 25 1
14 2 6 2 1 12 1 15 1 16 1 17 1 29 1
14 2 6 2 1 12 1 15 1 17 1 18 1 28 1
14 2 6 2 1 12 1 15 1 17 1 20 1 22 2
14 4 6 2 1 12 1 15 1 17 1 22 1 26 1
14 2 6 2 1 12 1 15 1 17 1 23 1 25 1
14 1 4 2 2 4 1 12 2 26 2
14 1 4 2 2 12 2 16 1 29 1
14 1 4 2 2 12 2 18 1 28 1
14 1 4 2 2 12 2 20 1 22 2
14 2 4 2 2 12 2 22 1 26 1
14 1 4 2 2 12 2 23 1 25 1
14 2 6 4 1 4 1 4 1 6 2 6 2 26 2
14 4 6 4 1 4 1 6 1 6 2 10 1 26 2
14 2 6 4 1 4 1 6 2 6 2 16 1 29 1
14 2 6 4 1 4 1 6 2 6 2 18 1 28 1
14 2 6 4 1 4 1 6 2 6 2 20 1 22 2
14 4 6 4 1 4 1 6 2 6 2 22 1 26 1
14 2 6 4 1 4 1 6 2 6 2 23 1 25 1
14 2 6 4 1 4 1 6 2 7 1 9 1 26 2
14 2 6 4 1 4 1 6 2 10 2 20 1 26 2
14 2 6 4 1 4 1 6 2 15 1 17 1 26 2
14 1 4 4 1 4 2 6 4 26 2
14 8 6 4 1 6 1 6 1 10 1 10 1 26 2
14 4 6 4 1 6 1 6 2 10 1 16 1 29 1
14 4 6 4 1 6 1 6 2 10 1 18 1 28 1
14 4 6 4 1 6 1 6 2 10 1 20 1 22 2
14 8 6 4 1 6 1 6 2 10 1 22 1 26 1
14 4 6 4 1 6 1 6 2 10 1 23 1 25 1
14 4 6 4 1 6 1 7 1 9 1 10 1 26 2
14 4 6 4 1 6 1 10 1 10 2 20 1 26 2
14 4 6 4 1 6 1 10 1 15 1 17 1 26 2
14 2 6 4 1 6 2 7 1 9 1 16 1 29 1
14 2 6 4 1 6 2 7 1 9 1 18 1 28 1
14 2 6 4 1 6 2 7 1 9 1 20 1 22 2
14 4 6 4 1 6 2 7 1 9 1 22 1 26 1
14 2 6 4 1 6 2 7 1 9 1 23 1 25 1
14 2 6 4 1 6 2 10 2 16 1 20 1 29 1
14 2 6 4 1 6 2 10 2 18 1 20 1 28 1
14 2 6 4 1 6 2 10 2 20 1 20 1 22 2
14 4 6 4 1 6 2 10 2 20 1 22 1 26 1
14 2 6 4 1 6 2 10 2 20 1 23 1 25 1
14 4 4 4 1 6 2 10 2 26 2
14 2 6 4 1 6 2 15 1 16 1 17 1 29 1
14 2 6 4 1 6 2 15 1 17 1 18 1 28 1
14 2 6 4 1 6 2 15 1 17 1 20 1 22 2
14 4 6 4 1 6 2 15 1 17 1 22 1 26 1
14 2 6 4 1 6 2 15 1 17 1 23 1 25 1
14 2 6 4 1 7 1 7 1 9 1 9 1 26 2
14 2 6 4 1 7 1 9 1 10 2 20 1 26 2
14 2 6 4 1 7 1 9 1 15 1 17 1 26 2
14 1 4 4 1 7 2 9 2 26 2
14 2 6 4 1 10 2 10 2 20 1 20 1 26 2
14 2 6 4 1 10 2 15 1 17 1 20 1 26 2
14 1 4 4 1 10 4 20 2 26 2
14 2 6 4 1 15 1 15 1 17 1 17 1 26 2
14 1 4 4 1 15 2 17 2 26 2
14 1 4 4 2 6 4 16 1 29 1
14 1 4 4 2 6 4 18 1 28 1
14 1 4 4 2 6 4 20 1 22 2
14 2 4 4 2 6 4 22 1 26 1
14 1 4 4 2 6 4 23 1 25 1
14 8 6 6 1 6 1 10 1 10 1 16 1 29 1
14 8 6 6 1 6 1 10 1 10 1 18 1 28 1
14 8 6 6 1 6 1 10 1 10 1 20 1 22 2
14 16 6 6 1 6 1 10 1 10 1 22 1 26 1
14 8 6 6 1 6 1 10 1 10 1 23 1 25 1
14 4 6 6 1 7 1 9 1 10 1 16 1 29 1
14 4 6 6 1 7 1 9 1 10 1 18 1 28 1
14 4 6 6 1 7 1 9 1 10 1 20 1 22 2
14 8 6 6 1 7 1 9 1 10 1 22 1 26 1
14 4 6 6 1 7 1 9 1 10 1 23 1 25 1
14 4 6 6 1 10 1 10 2 16 1 20 1 29 1
14 4 6 6 1 10 1 10 2 18 1 20 1 28 1
14 4 6 6 1 10 1 10 2 20 1 20 1 22 2
14 8 6 6 1 10 1 10 2 20 1 22 1 26 1
14 4 6 6 1 10 1 10 2 20 1 23 1 25 1
14 4 6 6 1 10 1 15 1 16 1 17 1 29 1
14 4 6 6 1 10 1 15 1 17 1 18 1 28 1
14 4 6 6 1 10 1 15 1 17 1 20 1 22 2
14 8 6 6 1 10 1 15 1 17 1 22 1 26 1
14 4 6 6 1 10 1 15 1 17 1 23 1 25 1
14 4 4 6 2 10 2 16 1 29 1
14 4 4 6 2 10 2 18 1 28 1
14 4 4 6 2 10 2 20 1 22 2
14 8 4 6 2 10 2 22 1 26 1
14 4 4 6 2 10 2 23 1 25 1
14 2 6 7 1 7 1 9 1 9 1 16 1 29 1
14 2 6 7 1 7 1 9 1 9 1 18 1 28 1
14 2 6 7 1 7 1 9 1 9 1 20 1 22 2
14 4 6 7 1 7 1 9 1 9 1 22 1 26 1
14 2 6 7 1 7 1 9 1 9 1 23 1 25 1
14 2 6 7 1 9 1 10 2 16 1 20 1 29 1
14 2 6 7 1 9 1 10 2 18 1 20 1 28 1
14 2 6 7 1 9 1 10 2 20 1 20 1 22 2
14 4 6 7 1 9 1 10 2 20 1 22 1 26 1
14 2 6 7 1 9 1 10 2 20 1 23 1 25 1
14 2 6 7 1 9 1 15 1 16 1 17 1 29 1
14 2 6 7 1 9 1 15 1 17 1 18 1 28 1
14 2 6 7 1 9 1 15 1 17 1 20 1 22 2
14 4 6 7 1 9 1 15 1 17 1 22 1 26 1
14 2 6 7 1 9 1 15 1 17 1 23 1 25 1
14 1 4 7 2 9 2 16 1 29 1
14 1 4 7 2 9 2 18 1 28 1
14 1 4 7 2 9 2 20 1 22 2
14 2 4 7 2 9 2 22 1 26 1
14 1 4 7 2 9 2 23 1 25 1
14 2 6 10 2 10 2 16 1 20 1 20 1 29 1
14 2 6 10 2 10 2 18 1 20 1 20 1 28 1
14 2 6 10 2 10 2 20 1 20 1 20 1 22 2
14 4 6 10 2 10 2 20 1 20 1 22 1 26 1
14 2 6 10 2 10 2 20 1 20 1 23 1 25 1
14 2 6 10 2 15 1 16 1 17 1 20 1 29 1
14 2 6 10 2 15 1 17 1 18 1 20 1 28 1
14 2 6 10 2 15 1 17 1 20 1 20 1 22 2
14 4 6 10 2 15 1 17 1 20 1 22 1 26 1
14 2 6 10 2 15 1 17 1 20 1 23 1 25 1
14 1 4 10 4 16 1 20 2 29 1
14 1 4 10 4 18 1 20 2 28 1
14 1 4 10 4 20 1 20 2 22 2
14 2 4 10 4 20 2 22 1 26 1
14 1 4 10 4 20 2 23 1 25 1
14 2 6 15 1 15 1 16 1 17 1 17 1 29 1
14 2 6 15 1 15 1 17 1 17 1 18 1 28 1
14 2 6 15 1 15 1 17 1 17 1 20 1 22 2
14 4 6 15 1 15 1 17 1 17 1 22 1 26 1
14 2 6 15 1 15 1 17 1 17 1 23 1 25 1
14 1 4 15 2 16 1 17 2 29 1
14 1 4 15 2 17 2 18 1 28 1
14 1 4 15 2 17 2 20 1 22 2
14 2 4 15 2 17 2 22 1 26 1
14 1 4 15 2 17 2 23 1 25 1
15 2 6 0 1 0 1 0 1 8 2 8 2 26 2
15 2 6 0 1 0 1 1 1 8 2 14 1 26 2
15 2 6 0 1 0 1 4 1 8 2 13 1 26 2
15 2 6 0 1 0 1 5 1 8 2 12 1 26 2
15 2 6 0 1 0 1 7 1 8 2 11 1 26 2
15 4 6 0 1 0 1 8 1 8 2 10 1 26 2
15 2 6 0 1 0 1 8 2 8 2 16 1 24 2
15 2 6 0 1 0 1 8 2 8 2 17 1 30 1
15 2 6 0 1 0 1 8 2 8 2 20 1 29 1
15 2 6 0 1 0 1 8 2 8 2 21 1 28 1
15 2 6 0 1 0 1 8 2 8 2 23 1 27 1
15 4 6 0 1 0 1 8 2 8 2 24 1 26 1
15 2 6 0 1 0 1 8 2 10 2 16 1 26 2
15 1 4 0 1 0 2 8 4 26 2
15 2 6 0 1 1 1 1 1 14 1 14 1 26 2
15 2 6 0 1 1 1 4 1 13 1 14 1 26 2
15 2 6 0 1 1 1 5 1 12 1 14 1 26 2
15 2 6 0 1 1 1 7 1 11 1 14 1 26 2
15 4 6 0 1 1 1 8 1 10 1 14 1 26 2
15 2 6 0 1 1 1 8 2 14 1 16 1 24 2
15 2 6 0 1 1 1 8 2 14 1 17 1 30 1
15 2 6 0 1 1 1 8 2 14 1 20 1 29 1
15 2 6 0 1 1 1 8 2 14 1 21 1 28 1
15 2 6 0 1 1 1 8 2 14 1 23 1 27 1
15 4 6 0 1 1 1 8 2 14 1 24 1 26 1
15 2 6 0 1 1 1 10 2 14 1 16 1 26 2
15 1 4 0 1 1 2 14 2 26 2
15 2 6 0 1 4 1 4 1 13 1 13 1 26 2
15 2 6 0 1 4 1 5 1 12 1 13 1 26 2
15 2 6 0 1 4 1 7 1 11 1 13 1 26 2
15 4 6 0 1 4 1 8 1 10 1 13 1 26 2
15 2 6 0 1 4 1 8 2 13 1 16 1 24 2
15 2 6 0 1 4 1 8 2 13 1 17 1 30 1
15 2 6 0 1 4 1 8 2 13 1 20 1 29 1
15 2 6 0 1 4 1 8 2 13 1 21 1 28 1
15 2 6 0 1 4 1 8 2 13 1 23 1 27 1
15 4 6 0 1 4 1 8 2 13 1 24 1 26 1
15 2 6 0 1 4 1 10 2 13 1 16 1 26 2
15 1 4 0 1 4 2 13 2 26 2
15 2 6 0 1 5 1 5 1 12 1 12 1 26 2
15 2 6 0 1 5 1 7 1 11 1 12 1 26 2
15 4 6 0 1 5 1 8 1 10 1 12 1 26 2
15 2 6 0 1 5 1 8 2 12 1 16 1 24 2
15 2 6 0 1 5 1 8 2 12 1 17 1 30 1
15 2 6 0 1 5 1 8 2 12 1 20 1 29 1
15 2 6 0 1 5 1 8 2 12 1 21 1 28 1
15 2 6 0 1 5 1 8 2 12 1 23 1 27 1
15 4 6 0 1 5 1 8 2 12 1 24 1 26 1
15 2 6 0 1 5 1 10 2 12 1 16 1 26 2
15 1 4 0 1 5 2 12 2 26 2
15 2 6 0 1 7 1 7 1 11 1 11 1 26 2
15 4 6 0 1 7 1 8 1 10 1 11 1 26 2
15 2 6 0 1 7 1 8 2 11 1 16 1 24 2
15 2 6 0 1 7 1 8 2 11 1 17 1 30 1
15 2 6 0 1 7 1 8 2 11 1 20 1 29 1
15 2 6 0 1 7 1 8 2 11 1 21 1 28 1
15 2 6 0 1 7 1 8 2 11 1 23 1 27 1
15 4 6 0 1 7 1 8 2 11 1 24 1 26 1
15 2 6 0 1 7 1 10 2 11 1 16 1 26 2
15 1 4 0 1 7 2 11 2 26 2
15 8 6 0 1 8 1 8 1 10 1 10 1 26 2
15 4 6 0 1 8 1 8 2 10 1 16 1 24 2
15 4 6 0 1 8 1 8 2 10 1 17 1 30 1
15 4 6 0 1 8 1 8 2 10 1 20 1 29 1
15 4 6 0 1 8 1 8 2 10 1 21 1 28 1
15 4 6 0 1 8 1 8 2 10 1 23 1 27 1
15 8 6 0 1 8 1 8 2 10 1 24 1 26 1
15 4 6 0 1 8 1 10 1 10 2 16 1 26 2
15 2 6 0 1 8 2 10 2 16 1 16 1 24 2
15 2 6 0 1 8 2 10 2 16 1 17 1 30 1
15 2 6 0 1 8 2 10 2 16 1 20 1 29 1
15 2 6 0 1 8 2 10 2 16 1 21 1 28 1
15 2 6 0 1 8 2 10 2 16 1 23 1 27 1
15 4 6 0 1 8 2 10 2 16 1 24 1 26 1
15 4 4 0 1 8 2 10 2 26 2
15 2 6 0 1 10 2 10 2 16 1 16 1 26 2
15 1 4 0 1 10 4 16 2 26 2
15 1 4 0 2 8 4 16 1 24 2
15 1 4 0 2 8 4 17 1 30 1
15 1 4 0 2 8 4 20 1 29 1
15 1 4 0 2 8 4 21 1 28 1
15 1 4 0 2 8 4 23 1 27 1
15 2 4 0 2 8 4 24 1 26 1
15 2 6 1 1 1 1 14 1 14 1 16 1 24 2
15 2 6 1 1 1 1 14 1 14 1 17 1 30 1
15 2 6 1 1 1 1 14 1 14 1 20 1 29 1
15 2 6 1 1 1 1 14 1 14 1 21 1 28 1
15 2 6 1 1 1 1 14 1 14 1 23 1 27 1
15 4 6 1 1 1 1 14 1 14 1 24 1 26 1
15 2 6 1 1 4 1 13 1 14 1 16 1 24 2
15 2 6 1 1 4 1 13 1 14 1 17 1 30 1
15 2 6 1 1 4 1 13 1 14 1 20 1 29 1
15 2 6 1 1 4 1 13 1 14 1 21 1 28 1
15 2 6 1 1 4 1 13 1 14 1 23 1 27 1
15 4 6 1 1 4 1 13 1 14 1 24 1 26 1
15 2 6 1 1 5 1 12 1 14 1 16 1 24 2
15 2 6 1 1 5 1 12 1 14 1 17 1 30 1
15 2 6 1 1 5 1 12 1 14 1 20 1 29 1
15 2 6 1 1 5 1 12 1 14 1 21 1 28 1
15 2 6 1 1 5 1 12 1 14 1 23 1 27 1
15 4 6 1 1 5 1 12 1 14 1 24 1 26 1
15 2 6 1 1 7 1 11 1 14 1 16 1 24 2
15 2 6 1 1 7 1 11 1 14 1 17 1 30 1
15 2 6 1 1 7 1 11 1 14 1 20 1 29 1
15 2 6 1 1 7 1 11 1 14 1 21 1 28 1
15 2 6 1 1 7 1 11 1 14 1 23 1 27 1
15 4 6 1 1 7 1 11 1 14 1 24 1 26 1
15 4 6 1 1 8 1 10 1 14 1 16 1 24 2
15 4 6 1 1 8 1 10 1 14 1 17 1 30 1
15 4 6 1 1 8 1 10 1 14 1 20 1 29 1
15 4 6 1 1 8 1 10 1 14 1 21 1 28 1
15 4 6 1 1 8 1 10 1 14 1 23 1 27 1
15 8 6 1 1 8 1 10 1 14 1 24 1 26 1
15 2 6 1 1 10 2 14 1 16 1 16 1 24 2
15 2 6 1 1 10 2 14 1 16 1 17 1 30 1
15 2 6 1 1 10 2 14 1 16 1 20 1 29 1
15 2 6 1 1 10 2 14 1 16 1 21 1 28 1
15 2 6 1 1 10 2 14 1 16 1 23 1 27 1
15 4 6 1 1 10 2 14 1 16 1 24 1 26 1
15 1 4 1 2 14 2 16 1 24 2
15 1 4 1 2 14 2 17 1 30 1
15 1 4 1 2 14 2 20 1 29 1
15 1 4 1 2 14 2 21 1 28 1
15 1 4 1 2 14 2 23 1 27 1
15 2 4 1 2 14 2 24 1 26 1
15 2 6 4 1 4 1 13 1 13 1 16 1 24 2
15 2 6 4 1 4 1 13 1 13 1 17 1 30 1
15 2 6 4 1 4 1 13 1 13 1 20 1 29 1
15 2 6 4 1 4 1 13 1 13 1 21 1 28 1
15 2 6 4 1 4 1 13 1 13 1 23 1 27 1
15 4 6 4 1 4 1 13 1 13 1 24 1 26 1
15 2 6 4 1 5 1 12 1 13 1 16 1 24 2
15 2 6 4 1 5 1 12 1 13 1 17 1 30 1
15 2 6 4 1 5 1 12 1 13 1 20 1 29 1
15 2 6 4 1 5 1 12 1 13 1 21 1 28 1
15 2 6 4 1 5 1 12 1 13 1 23 1 27 1
15 4 6 4 1 5 1 12 1 13 1 24 1 26 1
15 2 6 4 1 7 1 11 1 13 1 16 1 24 2
15 2 6 4 1 7 1 11 1 13 1 17 1 30 1
15 2 6 4 1 7 1 11 1 13 1 20 1 29 1
15 2 6 4 1 7 1 11 1 13 1 21 1 28 1
15 2 6 4 1 7 1 11 1 13 1 23 1 27 1
15 4 6 4 1 7 1 11 1 13 1 24 1 26 1
15 4 6 4 1 8 1 10 1 13 1 16 1 24 2
15 4 6 4 1 8 1 10 1 13 1 17 1 30 1
15 4 6 4 1 8 1 10 1 13 1 20 1 29 1
15 4 6 4 1 8 1 10 1 13 1 21 1 28 1
15 4 6 4 1 8 1 10 1 13 1 23 1 27 1
15 8 6 4 1 8 1 10 1 13 1 24 1 26 1
15 2 6 4 1 10 2 13 1 16 1 16 1 24 2
15 2 6 4 1 10 2 13 1 16 1 17 1 30 1
15 2 6 4 1 10 2 13 1 16 1 20 1 29 1
15 2 6 4 1 10 2 13 1 16 1 21 1 28 1
15 2 6 4 1 10 2 13 1 16 1 23 1 27 1
15 4 6 4 1 10 2 13 1 16 1 24 1 26 1
15 1 4 4 2 13 2 16 1 24 2
15 1 4 4 2 13 2 17 1 30 1
15 1 4 4 2 13 2 20 1 29 1
15 1 4 4 2 13 2 21 1 28 1
15 1 4 4 2 13 2 23 1 27 1
15 2 4 4 2 13 2 24 1 26 1
15 2 6 5 1 5 1 12 1 12 1 16 1 24 2
15 2 6 5 1 5 1 12 1 12 1 17 1 30 1
15 2 6 5 1 5 1 12 1 12 1 20 1 29 1
15 2 6 5 1 5 1 12 1 12 1 21 1 28 1
15 2 6 5 1 5 1 12 1 12 1 23 1 27 1
15 4 6 5 1 5 1 12 1 12 1 24 1 26 1
15 2 6 5 1 7 1 11 1 12 1 16 1 24 2
15 2 6 5 1 7 1 11 1 12 1 17 1 30 1
15 2 6 5 1 7 1 11 1 12 1 20 1 29 1
15 2 6 5 1 7 1 11 1 12 1 21 1 28 1
15 2 6 5 1 7 1 11 1 12 1 23 1 27 1
15 4 6 5 1 7 1 11 1 12 1 24 1 26 1
15 4 6 5 1 8 1 10 1 12 1 16 1 24 2
15 4 6 5 1 8 1 10 1 12 1 17 1 30 1
15 4 6 5 1 8 1 10 1 12 1 20 1 29 1
15 4 6 5 1 8 1 10 1 12 1 21 1 28 1
15 4 6 5 1 8 1 10 1 12 1 23 1 27 1
15 8 6 5 1 8 1 10 1 12 1 24 1 26 1
15 2 6 5 1 10 2 12 1 16 1 16 1 24 2
15 2 6 5 1 10 2 12 1 16 1 17 1 30 1
15 2 6 5 1 10 2 12 1 16 1 20 1 29 1
15 2 6 5 1 10 2 12 1 16 1 21 1 28 1
15 2 6 5 1 10 2 12 1 16 1 23 1 27 1
15 4 6 5 1 10 2 12 1 16 1 24 1 26 1
15 1 4 5 2 12 2 16 1 24 2
15 1 4 5 2 12 2 17 1 30 1
15 1 4 5 2 12 2 20 1 29 1
15 1 4 5 2 12 2 21 1 28 1
15 1 4 5 2 12 2 23 1 27 1
15 2 4 5 2 12 2 24 1 26 1
15 2 6 7 1 7 1 11 1 11 1 16 1 24 2
15 2 6 7 1 7 1 11 1 11 1 17 1 30 1
15 2 6 7 1 7 1 11 1 11 1 20 1 29 1
15 2 6 7 1 7 1 11 1 11 1 21 1 28 1
15 2 6 7 1 7 1 11 1 11 1 23 1 27 1
15 4 6 7 1 7 1 11 1 11 1 24 1 26 1
15 4 6 7 1 8 1 10 1 11 1 16 1 24 2
15 4 6 7 1 8 1 10 1 11 1 17 1 30 1
15 4 6 7 1 8 1 10 1 11 1 20 1 29 1
15 4 6 7 1 8 1 10 1 11 1 21 1 28 1
15 4 6 7 1 8 1 10 1 11 1 23 1 27 1
15 8 6 7 1 8 1 10 1 11 1 24 1 26 1
15 2 6 7 1 10 2 11 1 16 1 16 1 24 2
15 2 6 7 1 10 2 11 1 16 1 17 1 30 1
15 2 6 7 1 10 2 11 1 16 1 20 1 29 1
15 2 6 7 1 10 2 11 1 16 1 21 1 28 1
15 2 6 7 1 10 2 11 1 16 1 23 1 27 1
15 4 6 7 1 10 2 11 1 16 1 24 1 26 1
15 1 4 7 2 11 2 16 1 24 2
15 1 4 7 2 11 2 17 1 30 1
15 1 4 7 2 11 2 20 1 29 1
15 1 4 7 2 11 2 21 1 28 1
15 1 4 7 2 11 2 23 1 27 1
15 2 4 7 2 11 2 24 1 26 1
15 8 6 8 1 8 1 10 1 10 1 16 1 24 2
15 8 6 8 1 8 1 10 1 10 1 17 1 30 1
15 8 6 8 1 8 1 10 1 10 1 20 1 29 1
15 8 6 8 1 8 1 10 1 10 1 21 1 28 1
15 8 6 8 1 8 1 10 1 10 1 23 1 27 1
15 16 6 8 1 8 1 10 1 10 1 24 1 26 1
15 4 6 8 1 10 1 10 2 16 1 16 1 24 2
15 4 6 8 1 10 1 10 2 16 1 17 1 30 1
15 4 6 8 1 10 1 10 2 16 1 20 1 29 1
15 4 6 8 1 10 1 10 2 16 1 21 1 28 1
15 4 6 8 1 10 1 10 2 16 1 23 1 27 1
15 8 6 8 1 10 1 10 2 16 1 24 1 26 1
15 4 4 8 2 10 2 16 1 24 2
15 4 4 8 2 10 2 17 1 30 1
15 4 4 8 2 10 2 20 1 29 1
15 4 4 8 2 10 2 21 1 28 1
15 4 4 8 2 10 2 23 1 27 1
15 8 4 8 2 10 2 24 1 26 1
15 2 6 10 2 10 2 16 1 16 1 16 1 24 2
15 2 6 10 2 10 2 16 1 16 1 17 1 30 1
15 2 6 10 2 10 2 16 1 16 1 20 1 29 1
15 2 6 10 2 10 2 16 1 16 1 21 1 28 1
15 2 6 10 2 10 2 16 1 16 1 23 1 27 1
15 4 6 10 2 10 2 16 1 16 1 24 1 26 1
15 1 4 10 4 16 1 16 2 24 2
15 1 4 10 4 16 2 17 1 30 1
15 1 4 10 4 16 2 20 1 29 1
15 1 4 10 4 16 2 21 1 28 1
15 1 4 10 4 16 2 23 1 27 1
15 2 4 10 4 16 2 24 1 26 1
16 2 6 1 1 1 1 4 1 17 1 20 1 20 1
16 2 6 1 1 1 1 7 1 20 1 20 1 21 1
16 4 6 1 1 1 1 10 1 20 1 20 1 24 1
16 2 6 1 1 1 1 10 2 20 1 20 1 31 1
16 2 6 1 1 1 1 12 1 20 1 20 1 27 1
16 2 6 1 1 1 1 14 1 20 1 20 1 29 1
16 2 6 1 1 1 1 15 1 20 1 20 1 24 2
16 2 6 1 1 4 1 5 1 17 1 20 1 23 1
16 4 6 1 1 4 1 8 1 17 1 20 1 26 1
16 2 6 1 1 4 1 8 2 17 1 20 1 31 1
16 2 6 1 1 4 1 11 1 17 1 20 1 28 1
16 2 6 1 1 4 1 13 1 17 1 20 1 30 1
16 2 6 1 1 4 1 15 1 17 1 20 1 26 2
16 2 6 1 1 5 1 7 1 20 1 21 1 23 1
16 4 6 1 1 5 1 10 1 20 1 23 1 24 1
16 2 6 1 1 5 1 10 2 20 1 23 1 31 1
16 2 6 1 1 5 1 12 1 20 1 23 1 27 1
16 2 6 1 1 5 1 14 1 20 1 23 1 29 1
16 2 6 1 1 5 1 15 1 20 1 23 1 24 2
16 4 6 1 1 7 1 8 1 20 1 21 1 26 1
16 2 6 1 1 7 1 8 2 20 1 21 1 31 1
16 2 6 1 1 7 1 11 1 20 1 21 1 28 1
16 2 6 1 1 7 1 13 1 20 1 21 1 30 1
16 2 6 1 1 7 1 15 1 20 1 21 1 26 2
16 8 6 1 1 8 1 10 1 20 1 24 1 26 1
16 4 6 1 1 8 1 10 2 20 1 26 1 31 1
16 4 6 1 1 8 1 12 1 20 1 26 1 27 1
16 4 6 1 1 8 1 14 1 20 1 26 1 29 1
16 4 6 1 1 8 1 15 1 20 1 24 2 26 1
16 4 6 1 1 8 2 10 1 20 1 24 1 31 1
16 2 6 1 1 8 2 10 2 20 1 31 1 31 1
16 2 6 1 1 8 2 12 1 20 1 27 1 31 1
16 2 6 1 1 8 2 14 1 20 1 29 1 31 1
16 2 6 1 1 8 2 15 1 20 1 24 2 31 1
16 4 6 1 1 10 1 11 1 20 1 24 1 28 1
16 4 6 1 1 10 1 13 1 20 1 24 1 30 1
16 4 6 1 1 10 1 15 1 20 1 24 1 26 2
16 2 6 1 1 10 2 11 1 20 1 28 1 31 1
16 2 6 1 1 10 2 13 1 20 1 30 1 31 1
16 2 6 1 1 10 2 15 1 20 1 26 2 31 1
16 2 6 1 1 11 1 12 1 20 1 27 1 28 1
16 2 6 1 1 11 1 14 1 20 1 28 1 29 1
16 2 6 1 1 11 1 15 1 20 1 24 2 28 1
16 2 6 1 1 12 1 13 1 20 1 27 1 30 1
16 2 6 1 1 12 1 15 1 20 1 26 2 27 1
16 2 6 1 1 13 1 14 1 20 1 29 1 30 1
16 2 6 1 1 13 1 15 1 20 1 24 2 30 1
16 2 6 1 1 14 1 15 1 20 1 26 2 29 1
16 2 6 1 1 15 1 15 1 20 1 24 2 26 2
16 1 4 1 2 4 1 17 1 20 2
16 1 4 1 2 7 1 20 2 21 1
16 2 4 1 2 10 1 20 2 24 1
16 1 4 1 2 10 2 20 2 31 1
16 1 4 1 2 12 1 20 2 27 1
16 1 4 1 2 14 1 20 2 29 1
16 1 4 1 2 15 1 20 2 24 2
16 2 6 4 1 5 1 5 1 17 1 23 1 23 1
16 4 6 4 1 5 1 8 1 17 1 23 1 26 1
16 2 6 4 1 5 1 8 2 17 1 23 1 31 1
16 2 6 4 1 5 1 11 1 17 1 23 1 28 1
16 2 6 4 1 5 1 13 1 17 1 23 1 30 1
16 2 6 4 1 5 1 15 1 17 1 23 1 26 2
16 1 4 4 1 5 2 17 1 23 2
16 8 6 4 1 8 1 8 1 17 1 26 1 26 1
16 4 6 4 1 8 1 8 2 17 1 26 1 31 1
16 4 6 4 1 8 1 11 1 17 1 26 1 28 1
16 4 6 4 1 8 1 13 1 17 1 26 1 30 1
16 4 6 4 1 8 1 15 1 17 1 26 1 26 2
16 2 6 4 1 8 2 8 2 17 1 31 1 31 1
16 2 6 4 1 8 2 11 1 17 1 28 1 31 1
16 2 6 4 1 8 2 13 1 17 1 30 1 31 1
16 2 6 4 1 8 2 15 1 17 1 26 2 31 1
16 4 4 4 1 8 2 17 1 26 2
16 1 4 4 1 8 4 17 1 31 2
16 2 6 4 1 11 1 11 1 17 1 28 1 28 1
16 2 6 4 1 11 1 13 1 17 1 28 1 30 1
16 2 6 4 1 11 1 15 1 17 1 26 2 28 1
16 1 4 4 1 11 2 17 1 28 2
16 2 6 4 1 13 1 13 1 17 1 30 1 30 1
16 2 6 4 1 13 1 15 1 17 1 26 2 30 1
16 1 4 4 1 13 2 17 1 30 2
16 2 6 4 1 15 1 15 1 17 1 26 2 26 2
16 1 4 4 1 15 2 17 1 26 4
16 2 6 5 1 5 1 7 1 21 1 23 1 23 1
16 4 6 5 1 5 1 10 1 23 1 23 1 24 1
16 2 6 5 1 5 1 10 2 23 1 23 1 31 1
16 2 6 5 1 5 1 12 1 23 1 23 1 27 1
16 2 6 5 1 5 1 14 1 23 1 23 1 29 1
16 2 6 5 1 5 1 15 1 23 1 23 1 24 2
16 4 6 5 1 7 1 8 1 21 1 23 1 26 1
16 2 6 5 1 7 1 8 2 21 1 23 1 31 1
16 2 6 5 1 7 1 11 1 21 1 23 1 28 1
16 2 6 5 1 7 1 13 1 21 1 23 1 30 1
16 2 6 5 1 7 1 15 1 21 1 23 1 26 2
16 8 6 5 1 8 1 10 1 23 1 24 1 26 1
16 4 6 5 1 8 1 10 2 23 1 26 1 31 1
16 4 6 5 1 8 1 12 1 23 1 26 1 27 1
16 4 6 5 1 8 1 14 1 23 1 26 1 29 1
16 4 6 5 1 8 1 15 1 23 1 24 2 26 1
16 4 6 5 1 8 2 10 1 23 1 24 1 31 1
16 2 6 5 1 8 2 10 2 23 1 31 1 31 1
16 2 6 5 1 8 2 12 1 23 1 27 1 31 1
16 2 6 5 1 8 2 14 1 23 1 29 1 31 1
16 2 6 5 1 8 2 15 1 23 1 24 2 31 1
16 4 6 5 1 10 1 11 1 23 1 24 1 28 1
16 4 6 5 1 10 1 13 1 23 1 24 1 30 1
16 4 6 5 1 10 1 15 1 23 1 24 1 26 2
16 2 6 5 1 10 2 11 1 23 1 28 1 31 1
16 2 6 5 1 10 2 13 1 23 1 30 1 31 1
16 2 6 5 1 10 2 15 1 23 1 26 2 31 1
16 2 6 5 1 11 1 12 1 23 1 27 1 28 1
16 2 6 5 1 11 1 14 1 23 1 28 1 29 1
16 2 6 5 1 11 1 15 1 23 1 24 2 28 1
16 2 6 5 1 12 1 13 1 23 1 27 1 30 1
16 2 6 5 1 12 1 15 1 23 1 26 2 27 1
16 2 6 5 1 13 1 14 1 23 1 29 1 30 1
16 2 6 5 1 13 1 15 1 23 1 24 2 30 1
16 2 6 5 1 14 1 15 1 23 1 26 2 29 1
16 2 6 5 1 15 1 15 1 23 1 24 2 26 2
16 1 4 5 2 7 1 21 1 23 2
16 2 4 5 2 10 1 23 2 24 1
16 1 4 5 2 10 2 23 2 31 1
16 1 4 5 2 12 1 23 2 27 1
16 1 4 5 2 14 1 23 2 29 1
16 1 4 5 2 15 1 23 2 24 2
16 8 6 7 1 8 1 8 1 21 1 26 1 26 1
16 4 6 7 1 8 1 8 2 21 1 26 1 31 1
16 4 6 7 1 8 1 11 1 21 1 26 1 28 1
16 4 6 7 1 8 1 13 1 21 1 26 1 30 1
16 4 6 7 1 8 1 15 1 21 1 26 1 26 2
16 2 6 7 1 8 2 8 2 21 1 31 1 31 1
16 2 6 7 1 8 2 11 1 21 1 28 1 31 1
16 2 6 7 1 8 2 13 1 21 1 30 1 31 1
16 2 6 7 1 8 2 15 1 21 1 26 2 31 1
16 4 4 7 1 8 2 21 1 26 2
16 1 4 7 1 8 4 21 1 31 2
16 2 6 7 1 11 1 11 1 21 1 28 1 28 1
16 2 6 7 1 11 1 13 1 21 1 28 1 30 1
16 2 6 7 1 11 1 15 1 21 1 26 2 28 1
16 1 4 7 1 11 2 21 1 28 2
16 2 6 7 1 13 1 13 1 21 1 30 1 30 1
16 2 6 7 1 13 1 15 1 21 1 26 2 30 1
16 1 4 7 1 13 2 21 1 30 2
16 2 6 7 1 15 1 15 1 21 1 26 2 26 2
16 1 4 7 1 15 2 21 1 26 4
16 16 6 8 1 8 1 10 1 24 1 26 1 26 1
16 8 6 8 1 8 1 10 2 26 1 26 1 31 1
16 8 6 8 1 8 1 12 1 26 1 26 1 27 1
16 8 6 8 1 8 1 14 1 26 1 26 1 29 1
16 8 6 8 1 8 1 15 1 24 2 26 1 26 1
16 8 6 8 1 8 2 10 1 24 1 26 1 31 1
16 4 6 8 1 8 2 10 2 26 1 31 1 31 1
16 4 6 8 1 8 2 12 1 26 1 27 1 31 1
16 4 6 8 1 8 2 14 1 26 1 29 1 31 1
16 4 6 8 1 8 2 15 1 24 2 26 1 31 1
16 8 6 8 1 10 1 11 1 24 1 26 1 28 1
16 8 6 8 1 10 1 13 1 24 1 26 1 30 1
16 8 6 8 1 10 1 15 1 24 1 26 1 26 2
16 4 6 8 1 10 2 11 1 26 1 28 1 31 1
16 4 6 8 1 10 2 13 1 26 1 30 1 31 1
16 4 6 8 1 10 2 15 1 26 1 26 2 31 1
16 4 6 8 1 11 1 12 1 26 1 27 1 28 1
16 4 6 8 1 11 1 14 1 26 1 28 1 29 1
16 4 6 8 1 11 1 15 1 24 2 26 1 28 1
16 4 6 8 1 12 1 13 1 26 1 27 1 30 1
16 4 6 8 1 12 1 15 1 26 1 26 2 27 1
16 4 6 8 1 13 1 14 1 26 1 29 1 30 1
16 4 6 8 1 13 1 15 1 24 2 26 1 30 1
16 4 6 8 1 14 1 15 1 26 1 26 2 29 1
16 4 6 8 1 15 1 15 1 24 2 26 1 26 2
16 4 6 8 2 8 2 10 1 24 1 31 1 31 1
16 2 6 8 2 8 2 10 2 31 1 31 1 31 1
16 2 6 8 2 8 2 12 1 27 1 31 1 31 1
16 2 6 8 2 8 2 14 1 29 1 31 1 31 1
16 2 6 8 2 8 2 15 1 24 2 31 1 31 1
16 4 6 8 2 10 1 11 1 24 1 28 1 31 1
16 4 6 8 2 10 1 13 1 24 1 30 1 31 1
16 4 6 8 2 10 1 15 1 24 1 26 2 31 1
16 8 4 8 2 10 1 24 1 26 2
16 2 6 8 2 10 2 11 1 28 1 31 1 31 1
16 2 6 8 2 10 2 13 1 30 1 31 1 31 1
16 2 6 8 2 10 2 15 1 26 2 31 1 31 1
16 4 4 8 2 10 2 26 2 31 1
16 2 6 8 2 11 1 12 1 27 1 28 1 31 1
16 2 6 8 2 11 1 14 1 28 1 29 1 31 1
16 2 6 8 2 11 1 15 1 24 2 28 1 31 1
16 2 6 8 2 12 1 13 1 27 1 30 1 31 1
16 2 6 8 2 12 1 15 1 26 2 27 1 31 1
16 4 4 8 2 12 1 26 2 27 1
16 2 6 8 2 13 1 14 1 29 1 30 1 31 1
16 2 6 8 2 13 1 15 1 24 2 30 1 31 1
16 2 6 8 2 14 1 15 1 26 2 29 1 31 1
16 4 4 8 2 14 1 26 2 29 1
16 2 6 8 2 15 1 15 1 24 2 26 2 31 1
16 4 4 8 2 15 1 24 2 26 2
16 2 4 8 4 10 1 24 1 31 2
16 1 4 8 4 10 2 31 1 31 2
16 1 4 8 4 12 1 27 1 31 2
16 1 4 8 4 14 1 29 1 31 2
16 1 4 8 4 15 1 24 2 31 2
16 4 6 10 1 11 1 11 1 24 1 28 1 28 1
16 4 6 10 1 11 1 13 1 24 1 28 1 30 1
16 4 6 10 1 11 1 15 1 24 1 26 2 28 1
16 2 4 10 1 11 2 24 1 28 2
16 4 6 10 1 13 1 13 1 24 1 30 1 30 1
16 4 6 10 1 13 1 15 1 24 1 26 2 30 1
16 2 4 10 1 13 2 24 1 30 2
16 4 6 10 1 15 1 15 1 24 1 26 2 26 2
16 2 4 10 1 15 2 24 1 26 4
16 2 6 10 2 11 1 11 1 28 1 28 1 31 1
16 2 6 10 2 11 1 13 1 28 1 30 1 31 1
16 2 6 10 2 11 1 15 1 26 2 28 1 31 1
16 1 4 10 2 11 2 28 2 31 1
16 2 6 10 2 13 1 13 1 30 1 30 1 31 1
16 2 6 10 2 13 1 15 1 26 2 30 1 31 1
16 1 4 10 2 13 2 30 2 31 1
16 2 6 10 2 15 1 15 1 26 2 26 2 31 1
16 1 4 10 2 15 2 26 4 31 1
16 2 6 11 1 11 1 12 1 27 1 28 1 28 1
16 2 6 11 1 11 1 14 1 28 1 28 1 29 1
16 2 6 11 1 11 1 15 1 24 2 28 1 28 1
16 2 6 11 1 12 1 13 1 27 1 28 1 30 1
16 2 6 11 1 12 1 15 1 26 2 27 1 28 1
16 2 6 11 1 13 1 14 1 28 1 29 1 30 1
16 2 6 11 1 13 1 15 1 24 2 28 1 30 1
16 2 6 11 1 14 1 15 1 26 2 28 1 29 1
16 2 6 11 1 15 1 15 1 24 2 26 2 28 1
16 1 4 11 2 12 1 27 1 28 2
16 1 4 11 2 14 1 28 2 29 1
16 1 4 11 2 15 1 24 2 28 2
16 2 6 12 1 13 1 13 1 27 1 30 1 30 1
16 2 6 12 1 13 1 15 1 26 2 27 1 30 1
16 1 4 12 1 13 2 27 1 30 2
16 2 6 12 1 15 1 15 1 26 2 26 2 27 1
16 1 4 12 1 15 2 26 4 27 1
16 2 6 13 1 13 1 14 1 29 1 30 1 30 1
16 2 6 13 1 13 1 15 1 24 2 30 1 30 1
16 2 6 13 1 14 1 15 1 26 2 29 1 30 1
16 2 6 13 1 15 1 15 1 24 2 26 2 30 1
16 1 4 13 2 14 1 29 1 30 2
16 1 4 13 2 15 1 24 2 30 2
16 2 6 14 1 15 1 15 1 26 2 26 2 29 1
16 1 4 14 1 15 2 26 4 29 1
16 2 6 15 1 15 1 15 1 24 2 26 2 26 2
16 1 4 15 1 15 2 24 2 26 4
17 2 6 0 1 0 1 4 1 16 1 20 1 20 1
17 2 6 0 1 0 1 5 1 18 1 20 1 20 1
17 4 6 0 1 0 1 8 1 20 1 20 1 22 1
17 2 6 0 1 0 1 8 2 20 1 20 1 29 1
17 2 6 0 1 0 1 11 1 20 1 20 1 25 1
17 2 6 0 1 0 1 13 1 20 1 20 1 22 2
17 2 6 0 1 0 1 15 1 20 1 20 1 30 1
17 2 6 0 1 2 1 4 1 16 1 20 1 21 1
17 2 6 0 1 2 1 5 1 18 1 20 1 21 1
17 4 6 0 1 2 1 8 1 20 1 21 1 22 1
17 2 6 0 1 2 1 8 2 20 1 21 1 29 1
17 2 6 0 1 2 1 11 1 20 1 21 1 25 1
17 2 6 0 1 2 1 13 1 20 1 21 1 22 2
17 2 6 0 1 2 1 15 1 20 1 21 1 30 1
17 4 6 0 1 4 1 6 1 16 1 20 1 24 1
17 2 6 0 1 4 1 6 2 16 1 20 1 29 1
17 2 6 0 1 4 1 9 1 16 1 20 1 27 1
17 2 6 0 1 4 1 13 1 16 1 20 1 24 2
17 2 6 0 1 4 1 14 1 16 1 20 1 31 1
17 4 6 0 1 5 1 6 1 18 1 20 1 24 1
17 2 6 0 1 5 1 6 2 18 1 20 1 29 1
17 2 6 0 1 5 1 9 1 18 1 20 1 27 1
17 2 6 0 1 5 1 13 1 18 1 20 1 24 2
17 2 6 0 1 5 1 14 1 18 1 20 1 31 1
17 8 6 0 1 6 1 8 1 20 1 22 1 24 1
17 4 6 0 1 6 1 8 2 20 1 24 1 29 1
17 4 6 0 1 6 1 11 1 20 1 24 1 25 1
17 4 6 0 1 6 1 13 1 20 1 22 2 24 1
17 4 6 0 1 6 1 15 1 20 1 24 1 30 1
17 4 6 0 1 6 2 8 1 20 1 22 1 29 1
17 2 6 0 1 6 2 8 2 20 1 29 1 29 1
17 2 6 0 1 6 2 11 1 20 1 25 1 29 1
17 2 6 0 1 6 2 13 1 20 1 22 2 29 1
17 2 6 0 1 6 2 15 1 20 1 29 1 30 1
17 4 6 0 1 8 1 9 1 20 1 22 1 27 1
17 4 6 0 1 8 1 13 1 20 1 22 1 24 2
17 4 6 0 1 8 1 14 1 20 1 22 1 31 1
17 2 6 0 1 8 2 9 1 20 1 27 1 29 1
17 2 6 0 1 8 2 13 1 20 1 24 2 29 1
17 2 6 0 1 8 2 14 1 20 1 29 1 31 1
17 2 6 0 1 9 1 11 1 20 1 25 1 27 1
17 2 6 0 1 9 1 13 1 20 1 22 2 27 1
17 2 6 0 1 9 1 15 1 20 1 27 1 30 1
17 2 6 0 1 11 1 13 1 20 1 24 2 25 1
17 2 6 0 1 11 1 14 1 20 1 25 1 31 1
17 2 6 0 1 13 1 13 1 20 1 22 2 24 2
17 2 6 0 1 13 1 14 1 20 1 22 2 31 1
17 2 6 0 1 13 1 15 1 20 1 24 2 30 1
17 2 6 0 1 14 1 15 1 20 1 30 1 31 1
17 1 4 0 2 4 1 16 1 20 2
17 1 4 0 2 5 1 18 1 20 2
17 2 4 0 2 8 1 20 2 22 1
17 1 4 0 2 8 2 20 2 29 1
17 1 4 0 2 11 1 20 2 25 1
17 1 4 0 2 13 1 20 2 22 2
17 1 4 0 2 15 1 20 2 30 1
17 2 6 2 1 2 1 4 1 16 1 21 1 21 1
17 2 6 2 1 2 1 5 1 18 1 21 1 21 1
17 4 6 2 1 2 1 8 1 21 1 21 1 22 1
17 2 6 2 1 2 1 8 2 21 1 21 1 29 1
17 2 6 2 1 2 1 11 1 21 1 21 1 25 1
17 2 6 2 1 2 1 13 1 21 1 21 1 22 2
17 2 6 2 1 2 1 15 1 21 1 21 1 30 1
17 4 6 2 1 4 1 6 1 16 1 21 1 24 1
17 2 6 2 1 4 1 6 2 16 1 21 1 29 1
17 2 6 2 1 4 1 9 1 16 1 21 1 27 1
17 2 6 2 1 4 1 13 1 16 1 21 1 24 2
17 2 6 2 1 4 1 14 1 16 1 21 1 31 1
17 4 6 2 1 5 1 6 1 18 1 21 1 24 1
17 2 6 2 1 5 1 6 2 18 1 21 1 29 1
17 2 6 2 1 5 1 9 1 18 1 21 1 27 1
17 2 6 2 1 5 1 13 1 18 1 21 1 24 2
17 2 6 2 1 5 1 14 1 18 1 21 1 31 1
17 8 6 2 1 6 1 8 1 21 1 22 1 24 1
17 4 6 2 1 6 1 8 2 21 1 24 1 29 1
17 4 6 2 1 6 1 11 1 21 1 24 1 25 1
17 4 6 2 1 6 1 13 1 21 1 22 2 24 1
17 4 6 2 1 6 1 15 1 21 1 24 1 30 1
17 4 6 2 1 6 2 8 1 21 1 22 1 29 1
17 2 6 2 1 6 2 8 2 21 1 29 1 29 1
17 2 6 2 1 6 2 11 1 21 1 25 1 29 1
17 2 6 2 1 6 2 13 1 21 1 22 2 29 1
17 2 6 2 1 6 2 15 1 21 1 29 1 30 1
17 4 6 2 1 8 1 9 1 21 1 22 1 27 1
17 4 6 2 1 8 1 13 1 21 1 22 1 24 2
17 4 6 2 1 8 1 14 1 21 1 22 1 31 1
17 2 6 2 1 8 2 9 1 21 1 27 1 29 1
17 2 6 2 1 8 2 13 1 21 1 24 2 29 1
17 2 6 2 1 8 2 14 1 21 1 29 1 31 1
17 2 6 2 1 9 1 11 1 21 1 25 1 27 1
17 2 6 2 1 9 1 13 1 21 1 22 2 27 1
17 2 6 2 1 9 1 15 1 21 1 27 1 30 1
17 2 6 2 1 11 1 13 1 21 1 24 2 25 1
17 2 6 2 1 11 1 14 1 21 1 25 1 31 1
17 2 6 2 1 13 1 13 1 21 1 22 2 24 2
17 2 6 2 1 13 1 14 1 21 1 22 2 31 1
17 2 6 2 1 13 1 15 1 21 1 24 2 30 1
17 2 6 2 1 14 1 15 1 21 1 30 1 31 1
17 1 4 2 2 4 1 16 1 21 2
17 1 4 2 2 5 1 18 1 21 2
17 2 4 2 2 8 1 21 2 22 1
17 1 4 2 2 8 2 21 2 29 1
17 1 4 2 2 11 1 21 2 25 1
17 1 4 2 2 13 1 21 2 22 2
17 1 4 2 2 15 1 21 2 30 1
17 8 6 4 1 6 1 6 1 16 1 24 1 24 1
17 4 6 4 1 6 1 6 2 16 1 24 1 29 1
17 4 6 4 1 6 1 9 1 16 1 24 1 27 1
17 4 6 4 1 6 1 13 1 16 1 24 1 24 2
17 4 6 4 1 6 1 14 1 16 1 24 1 31 1
17 2 6 4 1 6 2 6 2 16 1 29 1 29 1
17 2 6 4 1 6 2 9 1 16 1 27 1 29 1
17 2 6 4 1 6 2 13 1 16 1 24 2 29 1
17 2 6 4 1 6 2 14 1 16 1 29 1 31 1
17 4 4 4 1 6 2 16 1 24 2
17 1 4 4 1 6 4 16 1 29 2
17 2 6 4 1 9 1 9 1 16 1 27 1 27 1
17 2 6 4 1 9 1 13 1 16 1 24 2 27 1
17 2 6 4 1 9 1 14 1 16 1 27 1 31 1
17 1 4 4 1 9 2 16 1 27 2
17 2 6 4 1 13 1 13 1 16 1 24 2 24 2
17 2 6 4 1 13 1 14 1 16 1 24 2 31 1
17 1 4 4 1 13 2 16 1 24 4
17 2 6 4 1 14 1 14 1 16 1 31 1 31 1
17 1 4 4 1 14 2 16 1 31 2
17 8 6 5 1 6 1 6 1 18 1 24 1 24 1
17 4 6 5 1 6 1 6 2 18 1 24 1 29 1
17 4 6 5 1 6 1 9 1 18 1 24 1 27 1
17 4 6 5 1 6 1 13 1 18 1 24 1 24 2
17 4 6 5 1 6 1 14 1 18 1 24 1 31 1
17 2 6 5 1 6 2 6 2 18 1 29 1 29 1
17 2 6 5 1 6 2 9 1 18 1 27 1 29 1
17 2 6 5 1 6 2 13 1 18 1 24 2 29 1
17 2 6 5 1 6 2 14 1 18 1 29 1 31 1
17 4 4 5 1 6 2 18 1 24 2
17 1 4 5 1 6 4 18 1 29 2
17 2 6 5 1 9 1 9 1 18 1 27 1 27 1
17 2 6 5 1 9 1 13 1 18 1 24 2 27 1
17 2 6 5 1 9 1 14 1 18 1 27 1 31 1
17 1 4 5 1 9 2 18 1 27 2
17 2 6 5 1 13 1 13 1 18 1 24 2 24 2
17 2 6 5 1 13 1 14 1 18 1 24 2 31 1
17 1 4 5 1 13 2 18 1 24 4
17 2 6 5 1 14 1 14 1 18 1 31 1 31 1
17 1 4 5 1 14 2 18 1 31 2
17 16 6 6 1 6 1 8 1 22 1 24 1 24 1
17 8 6 6 1 6 1 8 2 24 1 24 1 29 1
17 8 6 6 1 6 1 11 1 24 1 24 1 25 1
17 8 6 6 1 6 1 13 1 22 2 24 1 24 1
17 8 6 6 1 6 1 15 1 24 1 24 1 30 1
17 8 6 6 1 6 2 8 1 22 1 24 1 29 1
17 4 6 6 1 6 2 8 2 24 1 29 1 29 1
17 4 6 6 1 6 2 11 1 24 1 25 1 29 1
17 4 6 6 1 6 2 13 1 22 2 24 1 29 1
17 4 6 6 1 6 2 15 1 24 1 29 1 30 1
17 8 6 6 1 8 1 9 1 22 1 24 1 27 1
17 8 6 6 1 8 1 13 1 22 1 24 1 24 2
17 8 6 6 1 8 1 14 1 22 1 24 1 31 1
17 4 6 6 1 8 2 9 1 24 1 27 1 29 1
17 4 6 6 1 8 2 13 1 24 1 24 2 29 1
17 4 6 6 1 8 2 14 1 24 1 29 1 31 1
17 4 6 6 1 9 1 11 1 24 1 25 1 27 1
17 4 6 6 1 9 1 13 1 22 2 24 1 27 1
17 4 6 6 1 9 1 15 1 24 1 27 1 30 1
17 4 6 6 1 11 1 13 1 24 1 24 2 25 1
17 4 6 6 1 11 1 14 1 24 1 25 1 31 1
17 4 6 6 1 13 1 13 1 22 2 24 1 24 2
17 4 6 6 1 13 1 14 1 22 2 24 1 31 1
17 4 6 6 1 13 1 15 1 24 1 24 2 30 1
17 4 6 6 1 14 1 15 1 24 1 30 1 31 1
17 4 6 6 2 6 2 8 1 22 1 29 1 29 1
17 2 6 6 2 6 2 8 2 29 1 29 1 29 1
17 2 6 6 2 6 2 11 1 25 1 29 1 29 1
17 2 6 6 2 6 2 13 1 22 2 29 1 29 1
17 2 6 6 2 6 2 15 1 29 1 29 1 30 1
17 4 6 6 2 8 1 9 1 22 1 27 1 29 1
17 4 6 6 2 8 1 13 1 22 1 24 2 29 1
17 4 6 6 2 8 1 14 1 22 1 29 1 31 1
17 8 4 6 2 8 1 22 1 24 2
17 2 6 6 2 8 2 9 1 27 1 29 1 29 1
17 2 6 6 2 8 2 13 1 24 2 29 1 29 1
17 2 6 6 2 8 2 14 1 29 1 29 1 31 1
17 4 4 6 2 8 2 24 2 29 1
17 2 6 6 2 9 1 11 1 25 1 27 1 29 1
17 2 6 6 2 9 1 13 1 22 2 27 1 29 1
17 2 6 6 2 9 1 15 1 27 1 29 1 30 1
17 2 6 6 2 11 1 13 1 24 2 25 1 29 1
17 2 6 6 2 11 1 14 1 25 1 29 1 31 1
17 4 4 6 2 11 1 24 2 25 1
17 2 6 6 2 13 1 13 1 22 2 24 2 29 1
17 2 6 6 2 13 1 14 1 22 2 29 1 31 1
17 2 6 6 2 13 1 15 1 24 2 29 1 30 1
17 4 4 6 2 13 1 22 2 24 2
17 2 6 6 2 14 1 15 1 29 1 30 1 31 1
17 4 4 6 2 15 1 24 2 30 1
17 2 4 6 4 8 1 22 1 29 2
17 1 4 6 4 8 2 29 1 29 2
17 1 4 6 4 11 1 25 1 29 2
17 1 4 6 4 13 1 22 2 29 2
17 1 4 6 4 15 1 29 2 30 1
17 4 6 8 1 9 1 9 1 22 1 27 1 27 1
17 4 6 8 1 9 1 13 1 22 1 24 2 27 1
17 4 6 8 1 9 1 14 1 22 1 27 1 31 1
17 2 4 8 1 9 2 22 1 27 2
17 4 6 8 1 13 1 13 1 22 1 24 2 24 2
17 4 6 8 1 13 1 14 1 22 1 24 2 31 1
17 2 4 8 1 13 2 22 1 24 4
17 4 6 8 1 14 1 14 1 22 1 31 1 31 1
17 2 4 8 1 14 2 22 1 31 2
17 2 6 8 2 9 1 9 1 27 1 27 1 29 1
17 2 6 8 2 9 1 13 1 24 2 27 1 29 1
17 2 6 8 2 9 1 14 1 27 1 29 1 31 1
17 1 4 8 2 9 2 27 2 29 1
17 2 6 8 2 13 1 13 1 24 2 24 2 29 1
17 2 6 8 2 13 1 14 1 24 2 29 1 31 1
17 1 4 8 2 13 2 24 4 29 1
17 2 6 8 2 14 1 14 1 29 1 31 1 31 1
17 1 4 8 2 14 2 29 1 31 2
17 2 6 9 1 9 1 11 1 25 1 27 1 27 1
17 2 6 9 1 9 1 13 1 22 2 27 1 27 1
17 2 6 9 1 9 1 15 1 27 1 27 1 30 1
17 2 6 9 1 11 1 13 1 24 2 25 1 27 1
17 2 6 9 1 11 1 14 1 25 1 27 1 31 1
17 2 6 9 1 13 1 13 1 22 2 24 2 27 1
17 2 6 9 1 13 1 14 1 22 2 27 1 31 1
17 2 6 9 1 13 1 15 1 24 2 27 1 30 1
17 2 6 9 1 14 1 15 1 27 1 30 1 31 1
17 1 4 9 2 11 1 25 1 27 2
17 1 4 9 2 13 1 22 2 27 2
17 1 4 9 2 15 1 27 2 30 1
17 2 6 11 1 13 1 13 1 24 2 24 2 25 1
17 2 6 11 1 13 1 14 1 24 2 25 1 31 1
17 1 4 11 1 13 2 24 4 25 1
17 2 6 11 1 14 1 14 1 25 1 31 1 31 1
17 1 4 11 1 14 2 25 1 31 2
17 2 6 13 1 13 1 13 1 22 2 24 2 24 2
17 2 6 13 1 13 1 14 1 22 2 24 2 31 1
17 2 6 13 1 13 1 15 1 24 2 24 2 30 1
17 1 4 13 1 13 2 22 2 24 4
17 2 6 13 1 14 1 14 1 22 2 31 1 31 1
17 2 6 13 1 14 1 15 1 24 2 30 1 31 1
17 1 4 13 1 14 2 22 2 31 2
17 1 4 13 2 15 1 24 4 30 1
17 2 6 14 1 14 1 15 1 30 1 31 1 31 1
17 1 4 14 2 15 1 30 1 31 2
18 2 6 1 1 1 1 5 1 17 1 21 1 21 1
18 4 6 1 1 1 1 6 1 19 1 21 1 21 1
18 2 6 1 1 1 1 6 2 21 1 21 1 25 1
18 2 6 1 1 1 1 7 1 20 1 21 1 21 1
18 2 6 1 1 1 1 9 1 19 2 21 1 21 1
18 2 6 1 1 1 1 13 1 21 1 21 1 27 1
18 2 6 1 1 1 1 14 1 21 1 21 1 28 1
18 4 6 1 1 3 1 5 1 17 1 21 1 22 1
18 8 6 1 1 3 1 6 1 19 1 21 1 22 1
18 4 6 1 1 3 1 6 2 21 1 22 1 25 1
18 4 6 1 1 3 1 7 1 20 1 21 1 22 1
18 4 6 1 1 3 1 9 1 19 2 21 1 22 1
18 4 6 1 1 3 1 13 1 21 1 22 1 27 1
18 4 6 1 1 3 1 14 1 21 1 22 1 28 1
18 2 6 1 1 3 2 5 1 17 1 21 1 25 1
18 4 6 1 1 3 2 6 1 19 1 21 1 25 1
18 2 6 1 1 3 2 6 2 21 1 25 1 25 1
18 2 6 1 1 3 2 7 1 20 1 21 1 25 1
18 2 6 1 1 3 2 9 1 19 2 21 1 25 1
18 2 6 1 1 3 2 13 1 21 1 25 1 27 1
18 2 6 1 1 3 2 14 1 21 1 25 1 28 1
18 2 6 1 1 4 1 5 1 17 1 21 1 23 1
18 4 6 1 1 4 1 6 1 19 1 21 1 23 1
18 2 6 1 1 4 1 6 2 21 1 23 1 25 1
18 2 6 1 1 4 1 7 1 20 1 21 1 23 1
18 2 6 1 1 4 1 9 1 19 2 21 1 23 1
18 2 6 1 1 4 1 13 1 21 1 23 1 27 1
18 2 6 1 1 4 1 14 1 21 1 23 1 28 1
18 2 6 1 1 5 1 9 1 17 1 21 1 22 2
18 2 6 1 1 5 1 11 1 17 1 21 1 29 1
18 2 6 1 1 5 1 12 1 17 1 21 1 30 1
18 4 6 1 1 6 1 9 1 19 1 21 1 22 2
18 4 6 1 1 6 1 11 1 19 1 21 1 29 1
18 4 6 1 1 6 1 12 1 19 1 21 1 30 1
18 2 6 1 1 6 2 9 1 21 1 22 2 25 1
18 2 6 1 1 6 2 11 1 21 1 25 1 29 1
18 2 6 1 1 6 2 12 1 21 1 25 1 30 1
18 2 6 1 1 7 1 9 1 20 1 21 1 22 2
18 2 6 1 1 7 1 11 1 20 1 21 1 29 1
18 2 6 1 1 7 1 12 1 20 1 21 1 30 1
18 2 6 1 1 9 1 9 1 19 2 21 1 22 2
18 2 6 1 1 9 1 11 1 19 2 21 1 29 1
18 2 6 1 1 9 1 12 1 19 2 21 1 30 1
18 2 6 1 1 9 1 13 1 21 1 22 2 27 1
18 2 6 1 1 9 1 14 1 21 1 22 2 28 1
18 2 6 1 1 11 1 13 1 21 1 27 1 29 1
18 2 6 1 1 11 1 14 1 21 1 28 1 29 1
18 2 6 1 1 12 1 13 1 21 1 27 1 30 1
18 2 6 1 1 12 1 14 1 21 1 28 1 30 1
18 1 4 1 2 5 1 17 1 21 2
18 2 4 1 2 6 1 19 1 21 2
18 1 4 1 2 6 2 21 2 25 1
18 1 4 1 2 7 1 20 1 21 2
18 1 4 1 2 9 1 19 2 21 2
18 1 4 1 2 13 1 21 2 27 1
18 1 4 1 2 14 1 21 2 28 1
18 8 6 3 1 3 1 5 1 17 1 22 1 22 1
18 16 6 3 1 3 1 6 1 19 1 22 1 22 1
18 8 6 3 1 3 1 6 2 22 1 22 1 25 1
18 8 6 3 1 3 1 7 1 20 1 22 1 22 1
18 8 6 3 1 3 1 9 1 19 2 22 1 22 1
18 8 6 3 1 3 1 13 1 22 1 22 1 27 1
18 8 6 3 1 3 1 14 1 22 1 22 1 28 1
18 4 6 3 1 3 2 5 1 17 1 22 1 25 1
18 8 6 3 1 3 2 6 1 19 1 22 1 25 1
18 4 6 3 1 3 2 6 2 22 1 25 1 25 1
18 4 6 3 1 3 2 7 1 20 1 22 1 25 1
18 4 6 3 1 3 2 9 1 19 2 22 1 25 1
18 4 6 3 1 3 2 13 1 22 1 25 1 27 1
18 4 6 3 1 3 2 14 1 22 1 25 1 28 1
18 4 6 3 1 4 1 5 1 17 1 22 1 23 1
18 8 6 3 1 4 1 6 1 19 1 22 1 23 1
18 4 6 3 1 4 1 6 2 22 1 23 1 25 1
18 4 6 3 1 4 1 7 1 20 1 22 1 23 1
18 4 6 3 1 4 1 9 1 19 2 22 1 23 1
18 4 6 3 1 4 1 13 1 22 1 23 1 27 1
18 4 6 3 1 4 1 14 1 22 1 23 1 28 1
18 4 6 3 1 5 1 9 1 17 1 22 1 22 2
18 4 6 3 1 5 1 11 1 17 1 22 1 29 1
18 4 6 3 1 5 1 12 1 17 1 22 1 30 1
18 8 6 3 1 6 1 9 1 19 1 22 1 22 2
18 8 6 3 1 6 1 11 1 19 1 22 1 29 1
18 8 6 3 1 6 1 12 1 19 1 22 1 30 1
18 4 6 3 1 6 2 9 1 22 1 22 2 25 1
18 4 6 3 1 6 2 11 1 22 1 25 1 29 1
18 4 6 3 1 6 2 12 1 22 1 25 1 30 1
18 4 6 3 1 7 1 9 1 20 1 22 1 22 2
18 4 6 3 1 7 1 11 1 20 1 22 1 29 1
18 4 6 3 1 7 1 12 1 20 1 22 1 30 1
18 4 6 3 1 9 1 9 1 19 2 22 1 22 2
18 4 6 3 1 9 1 11 1 19 2 22 1 29 1
18 4 6 3 1 9 1 12 1 19 2 22 1 30 1
18 4 6 3 1 9 1 13 1 22 1 22 2 27 1
18 4 6 3 1 9 1 14 1 22 1 22 2 28 1
18 4 6 3 1 11 1 13 1 22 1 27 1 29 1
18 4 6 3 1 11 1 14 1 22 1 28 1 29 1
18 4 6 3 1 12 1 13 1 22 1 27 1 30 1
18 4 6 3 1 12 1 14 1 22 1 28 1 30 1
18 2 6 3 2 3 2 5 1 17 1 25 1 25 1
18 4 6 3 2 3 2 6 1 19 1 25 1 25 1
18 2 6 3 2 3 2 6 2 25 1 25 1 25 1
18 2 6 3 2 3 2 7 1 20 1 25 1 25 1
18 2 6 3 2 3 2 9 1 19 2 25 1 25 1
18 2 6 3 2 3 2 13 1 25 1 25 1 27 1
18 2 6 3 2 3 2 14 1 25 1 25 1 28 1
18 2 6 3 2 4 1 5 1 17 1 23 1 25 1
18 4 6 3 2 4 1 6 1 19 1 23 1 25 1
18 2 6 3 2 4 1 6 2 23 1 25 1 25 1
18 2 6 3 2 4 1 7 1 20 1 23 1 25 1
18 2 6 3 2 4 1 9 1 19 2 23 1 25 1
18 2 6 3 2 4 1 13 1 23 1 25 1 27 1
18 2 6 3 2 4 1 14 1 23 1 25 1 28 1
18 2 6 3 2 5 1 9 1 17 1 22 2 25 1
18 2 6 3 2 5 1 11 1 17 1 25 1 29 1
18 2 6 3 2 5 1 12 1 17 1 25 1 30 1
18 4 4 3 2 5 1 17 1 22 2
18 4 6 3 2 6 1 9 1 19 1 22 2 25 1
18 4 6 3 2 6 1 11 1 19 1 25 1 29 1
18 4 6 3 2 6 1 12 1 19 1 25 1 30 1
18 8 4 3 2 6 1 19 1 22 2
18 2 6 3 2 6 2 9 1 22 2 25 1 25 1
18 2 6 3 2 6 2 11 1 25 1 25 1 29 1
18 2 6 3 2 6 2 12 1 25 1 25 1 30 1
18 4 4 3 2 6 2 22 2 25 1
18 2 6 3 2 7 1 9 1 20 1 22 2 25 1
18 2 6 3 2 7 1 11 1 20 1 25 1 29 1
18 2 6 3 2 7 1 12 1 20 1 25 1 30 1
18 4 4 3 2 7 1 20 1 22 2
18 2 6 3 2 9 1 9 1 19 2 22 2 25 1
18 2 6 3 2 9 1 11 1 19 2 25 1 29 1
18 2 6 3 2 9 1 12 1 19 2 25 1 30 1
18 2 6 3 2 9 1 13 1 22 2 25 1 27 1
18 2 6 3 2 9 1 14 1 22 2 25 1 28 1
18 4 4 3 2 9 1 19 2 22 2
18 2 6 3 2 11 1 13 1 25 1 27 1 29 1
18 2 6 3 2 11 1 14 1 25 1 28 1 29 1
18 2 6 3 2 12 1 13 1 25 1 27 1 30 1
18 2 6 3 2 12 1 14 1 25 1 28 1 30 1
18 4 4 3 2 13 1 22 2 27 1
18 4 4 3 2 14 1 22 2 28 1
18 1 4 3 4 5 1 17 1 25 2
18 2 4 3 4 6 1 19 1 25 2
18 1 4 3 4 6 2 25 1 25 2
18 1 4 3 4 7 1 20 1 25 2
18 1 4 3 4 9 1 19 2 25 2
18 1 4 3 4 13 1 25 2 27 1
18 1 4 3 4 14 1 25 2 28 1
18 2 6 4 1 4 1 5 1 17 1 23 1 23 1
18 4 6 4 1 4 1 6 1 19 1 23 1 23 1
18 2 6 4 1 4 1 6 2 23 1 23 1 25 1
18 2 6 4 1 4 1 7 1 20 1 23 1 23 1
18 2 6 4 1 4 1 9 1 19 2 23 1 23 1
18 2 6 4 1 4 1 13 1 23 1 23 1 27 1
18 2 6 4 1 4 1 14 1 23 1 23 1 28 1
18 2 6 4 1 5 1 9 1 17 1 22 2 23 1
18 2 6 4 1 5 1 11 1 17 1 23 1 29 1
18 2 6 4 1 5 1 12 1 17 1 23 1 30 1
18 4 6 4 1 6 1 9 1 19 1 22 2 23 1
18 4 6 4 1 6 1 11 1 19 1 23 1 29 1
18 4 6 4 1 6 1 12 1 19 1 23 1 30 1
18 2 6 4 1 6 2 9 1 22 2 23 1 25 1
18 2 6 4 1 6 2 11 1 23 1 25 1 29 1
18 2 6 4 1 6 2 12 1 23 1 25 1 30 1
18 2 6 4 1 7 1 9 1 20 1 22 2 23 1
18 2 6 4 1 7 1 11 1 20 1 23 1 29 1
18 2 6 4 1 7 1 12 1 20 1 23 1 30 1
18 2 6 4 1 9 1 9 1 19 2 22 2 23 1
18 2 6 4 1 9 1 11 1 19 2 23 1 29 1
18 2 6 4 1 9 1 12 1 19 2 23 1 30 1
18 2 6 4 1 9 1 13 1 22 2 23 1 27 1
18 2 6 4 1 9 1 14 1 22 2 23 1 28 1
18 2 6 4 1 11 1 13 1 23 1 27 1 29 1
18 2 6 4 1 11 1 14 1 23 1 28 1 29 1
18 2 6 4 1 12 1 13 1 23 1 27 1 30 1
18 2 6 4 1 12 1 14 1 23 1 28 1 30 1
18 1 4 4 2 5 1 17 1 23 2
18 2 4 4 2 6 1 19 1 23 2
18 1 4 4 2 6 2 23 2 25 1
18 1 4 4 2 7 1 20 1 23 2
18 1 4 4 2 9 1 19 2 23 2
18 1 4 4 2 13 1 23 2 27 1
18 1 4 4 2 14 1 23 2 28 1
18 2 6 5 1 9 1 9 1 17 1 22 2 22 2
18 2 6 5 1 9 1 11 1 17 1 22 2 29 1
18 2 6 5 1 9 1 12 1 17 1 22 2 30 1
18 1 4 5 1 9 2 17 1 22 4
18 2 6 5 1 11 1 11 1 17 1 29 1 29 1
18 2 6 5 1 11 1 12 1 17 1 29 1 30 1
18 1 4 5 1 11 2 17 1 29 2
18 2 6 5 1 12 1 12 1 17 1 30 1 30 1
18 1 4 5 1 12 2 17 1 30 2
18 4 6 6 1 9 1 9 1 19 1 22 2 22 2
18 4 6 6 1 9 1 11 1 19 1 22 2 29 1
18 4 6 6 1 9 1 12 1 19 1 22 2 30 1
18 2 4 6 1 9 2 19 1 22 4
18 4 6 6 1 11 1 11 1 19 1 29 1 29 1
18 4 6 6 1 11 1 12 1 19 1 29 1 30 1
18 2 4 6 1 11 2 19 1 29 2
18 4 6 6 1 12 1 12 1 19 1 30 1 30 1
18 2 4 6 1 12 2 19 1 30 2
18 2 6 6 2 9 1 9 1 22 2 22 2 25 1
18 2 6 6 2 9 1 11 1 22 2 25 1 29 1
18 2 6 6 2 9 1 12 1 22 2 25 1 30 1
18 1 4 6 2 9 2 22 4 25 1
18 2 6 6 2 11 1 11 1 25 1 29 1 29 1
18 2 6 6 2 11 1 12 1 25 1 29 1 30 1
18 1 4 6 2 11 2 25 1 29 2
18 2 6 6 2 12 1 12 1 25 1 30 1 30 1
18 1 4 6 2 12 2 25 1 30 2
18 2 6 7 1 9 1 9 1 20 1 22 2 22 2
18 2 6 7 1 9 1 11 1 20 1 22 2 29 1
18 2 6 7 1 9 1 12 1 20 1 22 2 30 1
18 1 4 7 1 9 2 20 1 22 4
18 2 6 7 1 11 1 11 1 20 1 29 1 29 1
18 2 6 7 1 11 1 12 1 20 1 29 1 30 1
18 1 4 7 1 11 2 20 1 29 2
18 2 6 7 1 12 1 12 1 20 1 30 1 30 1
18 1 4 7 1 12 2 20 1 30 2
18 2 6 9 1 9 1 9 1 19 2 22 2 22 2
18 2 6 9 1 9 1 11 1 19 2 22 2 29 1
18 2 6 9 1 9 1 12 1 19 2 22 2 30 1
18 2 6 9 1 9 1 13 1 22 2 22 2 27 1
18 2 6 9 1 9 1 14 1 22 2 22 2 28 1
18 1 4 9 1 9 2 19 2 22 4
18 2 6 9 1 11 1 11 1 19 2 29 1 29 1
18 2 6 9 1 11 1 12 1 19 2 29 1 30 1
18 2 6 9 1 11 1 13 1 22 2 27 1 29 1
18 2 6 9 1 11 1 14 1 22 2 28 1 29 1
18 1 4 9 1 11 2 19 2 29 2
18 2 6 9 1 12 1 12 1 19 2 30 1 30 1
18 2 6 9 1 12 1 13 1 22 2 27 1 30 1
18 2 6 9 1 12 1 14 1 22 2 28 1 30 1
18 1 4 9 1 12 2 19 2 30 2
18 1 4 9 2 13 1 22 4 27 1
18 1 4 9 2 14 1 22 4 28 1
18 2 6 11 1 11 1 13 1 27 1 29 1 29 1
18 2 6 11 1 11 1 14 1 28 1 29 1 29 1
18 2 6 11 1 12 1 13 1 27 1 29 1 30 1
18 2 6 11 1 12 1 14 1 28 1 29 1 30 1
18 1 4 11 2 13 1 27 1 29 2
18 1 4 11 2 14 1 28 1 29 2
18 2 6 12 1 12 1 13 1 27 1 30 1 30 1
18 2 6 12 1 12 1 14 1 28 1 30 1 30 1
18 1 4 12 2 13 1 27 1 30 2
18 1 4 12 2 14 1 28 1 30 2
19 2 6 2 1 2 1 6 1 18 1 22 1 22 1
19 2 6 2 1 2 1 8 1 21 1 22 1 22 1
19 2 6 2 1 2 1 9 1 22 1 22 1 22 1
19 2 6 2 1 2 1 10 1 22 1 22 1 23 1
19 2 6 2 1 2 1 11 1 22 1 22 1 24 1
19 2 6 2 1 2 1 12 1 22 1 22 1 26 1
19 2 6 2 1 5 1 6 1 18 1 22 1 24 1
19 2 6 2 1 5 1 8 1 21 1 22 1 24 1
19 2 6 2 1 5 1 9 1 22 1 22 1 24 1
19 2 6 2 1 5 1 10 1 22 1 23 1 24 1
19 2 6 2 1 5 1 11 1 22 1 24 1 24 1
19 2 6 2 1 5 1 12 1 22 1 24 1 26 1
19 2 6 2 1 6 1 6 1 18 1 22 1 25 1
19 2 6 2 1 6 1 7 1 18 1 22 1 26 1
19 2 6 2 1 6 1 8 1 18 1 22 1 27 1
19 2 6 2 1 6 1 8 1 21 1 22 1 25 1
19 2 6 2 1 6 1 9 1 22 1 22 1 25 1
19 2 6 2 1 6 1 10 1 18 1 22 1 28 1
19 2 6 2 1 6 1 10 1 22 1 23 1 25 1
19 2 6 2 1 6 1 11 1 22 1 24 1 25 1
19 2 6 2 1 6 1 12 1 22 1 25 1 26 1
19 2 6 2 1 7 1 8 1 21 1 22 1 26 1
19 2 6 2 1 7 1 9 1 22 1 22 1 26 1
19 2 6 2 1 7 1 10 1 22 1 23 1 26 1
19 2 6 2 1 7 1 11 1 22 1 24 1 26 1
19 2 6 2 1 7 1 12 1 22 1 26 1 26 1
19 2 6 2 1 8 1 8 1 21 1 22 1 27 1
19 2 6 2 1 8 1 9 1 22 1 22 1 27 1
19 2 6 2 1 8 1 10 1 21 1 22 1 28 1
19 2 6 2 1 8 1 10 1 22 1 23 1 27 1
19 2 6 2 1 8 1 11 1 22 1 24 1 27 1
19 2 6 2 1 8 1 12 1 22 1 26 1 27 1
19 2 6 2 1 9 1 10 1 22 1 22 1 28 1
19 2 6 2 1 10 1 10 1 22 1 23 1 28 1
19 2 6 2 1 10 1 11 1 22 1 24 1 28 1
19 2 6 2 1 10 1 12 1 22 1 26 1 28 1
19 1 4 2 2 6 1 18 1 22 2
19 1 4 2 2 8 1 21 1 22 2
19 1 4 2 2 9 1 22 1 22 2
19 1 4 2 2 10 1 22 2 23 1
19 1 4 2 2 11 1 22 2 24 1
19 1 4 2 2 12 1 22 2 26 1
19 2 6 5 1 5 1 6 1 18 1 24 1 24 1
19 2 6 5 1 5 1 8 1 21 1 24 1 24 1
19 2 6 5 1 5 1 9 1 22 1 24 1 24 1
19 2 6 5 1 5 1 10 1 23 1 24 1 24 1
19 2 6 5 1 5 1 11 1 24 1 24 1 24 1
19 2 6 5 1 5 1 12 1 24 1 24 1 26 1
19 2 6 5 1 6 1 6 1 18 1 24 1 25 1
19 2 6 5 1 6 1 7 1 18 1 24 1 26 1
19 2 6 5 1 6 1 8 1 18 1 24 1 27 1
19 2 6 5 1 6 1 8 1 21 1 24 1 25 1
19 2 6 5 1 6 1 9 1 22 1 24 1 25 1
19 2 6 5 1 6 1 10 1 18 1 24 1 28 1
19 2 6 5 1 6 1 10 1 23 1 24 1 25 1
19 2 6 5 1 6 1 11 1 24 1 24 1 25 1
19 2 6 5 1 6 1 12 1 24 1 25 1 26 1
19 2 6 5 1 7 1 8 1 21 1 24 1 26 1
19 2 6 5 1 7 1 9 1 22 1 24 1 26 1
19 2 6 5 1 7 1 10 1 23 1 24 1 26 1
19 2 6 5 1 7 1 11 1 24 1 24 1 26 1
19 2 6 5 1 7 1 12 1 24 1 26 1 26 1
19 2 6 5 1 8 1 8 1 21 1 24 1 27 1
19 2 6 5 1 8 1 9 1 22 1 24 1 27 1
19 2 6 5 1 8 1 10 1 21 1 24 1 28 1
19 2 6 5 1 8 1 10 1 23 1 24 1 27 1
19 2 6 5 1 8 1 11 1 24 1 24 1 27 1
19 2 6 5 1 8 1 12 1 24 1 26 1 27 1
19 2 6 5 1 9 1 10 1 22 1 24 1 28 1
19 2 6 5 1 10 1 10 1 23 1 24 1 28 1
19 2 6 5 1 10 1 11 1 24 1 24 1 28 1
19 2 6 5 1 10 1 12 1 24 1 26 1 28 1
19 1 4 5 2 6 1 18 1 24 2
19 1 4 5 2 8 1 21 1 24 2
19 1 4 5 2 9 1 22 1 24 2
19 1 4 5 2 10 1 23 1 24 2
19 1 4 5 2 11 1 24 1 24 2
19 1 4 5 2 12 1 24 2 26 1
19 2 6 6 1 6 1 6 1 18 1 25 1 25 1
19 2 6 6 1 6 1 7 1 18 1 25 1 26 1
19 2 6 6 1 6 1 8 1 18 1 25 1 27 1
19 2 6 6 1 6 1 8 1 21 1 25 1 25 1
19 2 6 6 1 6 1 9 1 22 1 25 1 25 1
19 2 6 6 1 6 1 10 1 18 1 25 1 28 1
19 2 6 6 1 6 1 10 1 23 1 25 1 25 1
19 2 6 6 1 6 1 11 1 24 1 25 1 25 1
19 2 6 6 1 6 1 12 1 25 1 25 1 26 1
19 1 4 6 1 6 2 18 1 25 2
19 2 6 6 1 7 1 7 1 18 1 26 1 26 1
19 2 6 6 1 7 1 8 1 18 1 26 1 27 1
19 2 6 6 1 7 1 8 1 21 1 25 1 26 1
19 2 6 6 1 7 1 9 1 22 1 25 1 26 1
19 2 6 6 1 7 1 10 1 18 1 26 1 28 1
19 2 6 6 1 7 1 10 1 23 1 25 1 26 1
19 2 6 6 1 7 1 11 1 24 1 25 1 26 1
19 2 6 6 1 7 1 12 1 25 1 26 1 26 1
19 1 4 6 1 7 2 18 1 26 2
19 2 6 6 1 8 1 8 1 18 1 27 1 27 1
19 2 6 6 1 8 1 8 1 21 1 25 1 27 1
19 2 6 6 1 8 1 9 1 22 1 25 1 27 1
19 2 6 6 1 8 1 10 1 18 1 27 1 28 1
19 2 6 6 1 8 1 10 1 21 1 25 1 28 1
19 2 6 6 1 8 1 10 1 23 1 25 1 27 1
19 2 6 6 1 8 1 11 1 24 1 25 1 27 1
19 2 6 6 1 8 1 12 1 25 1 26 1 27 1
19 1 4 6 1 8 2 18 1 27 2
19 2 6 6 1 9 1 10 1 22 1 25 1 28 1
19 2 6 6 1 10 1 10 1 18 1 28 1 28 1
19 2 6 6 1 10 1 10 1 23 1 25 1 28 1
19 2 6 6 1 10 1 11 1 24 1 25 1 28 1
19 2 6 6 1 10 1 12 1 25 1 26 1 28 1
19 1 4 6 1 10 2 18 1 28 2
19 1 4 6 2 8 1 21 1 25 2
19 1 4 6 2 9 1 22 1 25 2
19 1 4 6 2 10 1 23 1 25 2
19 1 4 6 2 11 1 24 1 25 2
19 1 4 6 2 12 1 25 2 26 1
19 2 6 7 1 7 1 8 1 21 1 26 1 26 1
19 2 6 7 1 7 1 9 1 22 1 26 1 26 1
19 2 6 7 1 7 1 10 1 23 1 26 1 26 1
19 2 6 7 1 7 1 11 1 24 1 26 1 26 1
19 2 6 7 1 7 1 12 1 26 1 26 1 26 1
19 2 6 7 1 8 1 8 1 21 1 26 1 27 1
19 2 6 7 1 8 1 9 1 22 1 26 1 27 1
19 2 6 7 1 8 1 10 1 21 1 26 1 28 1
19 2 6 7 1 8 1 10 1 23 1 26 1 27 1
19 2 6 7 1 8 1 11 1 24 1 26 1 27 1
19 2 6 7 1 8 1 12 1 26 1 26 1 27 1
19 2 6 7 1 9 1 10 1 22 1 26 1 28 1
19 2 6 7 1 10 1 10 1 23 1 26 1 28 1
19 2 6 7 1 10 1 11 1 24 1 26 1 28 1
19 2 6 7 1 10 1 12 1 26 1 26 1 28 1
19 1 4 7 2 8 1 21 1 26 2
19 1 4 7 2 9 1 22 1 26 2
19 1 4 7 2 10 1 23 1 26 2
19 1 4 7 2 11 1 24 1 26 2
19 1 4 7 2 12 1 26 1 26 2
19 2 6 8 1 8 1 8 1 21 1 27 1 27 1
19 2 6 8 1 8 1 9 1 22 1 27 1 27 1
19 2 6 8 1 8 1 10 1 21 1 27 1 28 1
19 2 6 8 1 8 1 10 1 23 1 27 1 27 1
19 2 6 8 1 8 1 11 1 24 1 27 1 27 1
19 2 6 8 1 8 1 12 1 26 1 27 1 27 1
19 1 4 8 1 8 2 21 1 27 2
19 2 6 8 1 9 1 10 1 22 1 27 1 28 1
19 2 6 8 1 10 1 10 1 21 1 28 1 28 1
19 2 6 8 1 10 1 10 1 23 1 27 1 28 1
19 2 6 8 1 10 1 11 1 24 1 27 1 28 1
19 2 6 8 1 10 1 12 1 26 1 27 1 28 1
19 1 4 8 1 10 2 21 1 28 2
19 1 4 8 2 9 1 22 1 27 2
19 1 4 8 2 10 1 23 1 27 2
19 1 4 8 2 11 1 24 1 27 2
19 1 4 8 2 12 1 26 1 27 2
19 2 6 9 1 10 1 10 1 22 1 28 1 28 1
19 1 4 9 1 10 2 22 1 28 2
19 2 6 10 1 10 1 10 1 23 1 28 1 28 1
19 2 6 10 1 10 1 11 1 24 1 28 1 28 1
19 2 6 10 1 10 1 12 1 26 1 28 1 28 1
19 1 4 10 1 10 2 23 1 28 2
19 1 4 10 2 11 1 24 1 28 2
19 1 4 10 2 12 1 26 1 28 2
20 2 6 0 1 1 1 2 1 2 1 23 1 23 1
20 4 6 0 1 1 1 2 1 6 1 23 1 26 1
20 2 6 0 1 1 1 2 1 6 2 23 1 30 1
20 2 6 0 1 1 1 2 1 9 1 23 1 28 1
20 2 6 0 1 1 1 2 1 13 1 23 1 31 1
20 2 6 0 1 1 1 2 1 14 1 23 1 26 2
20 2 6 0 1 1 1 2 1 16 1 17 1 23 1
20 1 4 0 1 1 1 2 2 23 2
20 8 6 0 1 1 1 6 1 6 1 26 1 26 1
20 4 6 0 1 1 1 6 1 6 2 26 1 30 1
20 4 6 0 1 1 1 6 1 9 1 26 1 28 1
20 4 6 0 1 1 1 6 1 13 1 26 1 31 1
20 4 6 0 1 1 1 6 1 14 1 26 1 26 2
20 4 6 0 1 1 1 6 1 16 1 17 1 26 1
20 2 6 0 1 1 1 6 2 6 2 30 1 30 1
20 2 6 0 1 1 1 6 2 9 1 28 1 30 1
20 2 6 0 1 1 1 6 2 13 1 30 1 31 1
20 2 6 0 1 1 1 6 2 14 1 26 2 30 1
20 2 6 0 1 1 1 6 2 16 1 17 1 30 1
20 4 4 0 1 1 1 6 2 26 2
20 1 4 0 1 1 1 6 4 30 2
20 2 6 0 1 1 1 9 1 9 1 28 1 28 1
20 2 6 0 1 1 1 9 1 13 1 28 1 31 1
20 2 6 0 1 1 1 9 1 14 1 26 2 28 1
20 2 6 0 1 1 1 9 1 16 1 17 1 28 1
20 1 4 0 1 1 1 9 2 28 2
20 2 6 0 1 1 1 13 1 13 1 31 1 31 1
20 2 6 0 1 1 1 13 1 14 1 26 2 31 1
20 2 6 0 1 1 1 13 1 16 1 17 1 31 1
20 1 4 0 1 1 1 13 2 31 2
20 2 6 0 1 1 1 14 1 14 1 26 2 26 2
20 2 6 0 1 1 1 14 1 16 1 17 1 26 2
20 1 4 0 1 1 1 14 2 26 4
20 2 6 0 1 1 1 16 1 16 1 17 1 17 1
20 1 4 0 1 1 1 16 2 17 2
20 2 6 2 1 2 1 7 1 18 1 23 1 23 1
20 4 6 2 1 2 1 10 1 22 1 23 1 23 1
20 2 6 2 1 2 1 10 2 23 1 23 1 30 1
20 2 6 2 1 2 1 12 1 23 1 23 1 25 1
20 2 6 2 1 2 1 14 1 22 2 23 1 23 1
20 2 6 2 1 2 1 15 1 23 1 23 1 29 1
20 4 6 2 1 6 1 7 1 18 1 23 1 26 1
20 8 6 2 1 6 1 10 1 22 1 23 1 26 1
20 4 6 2 1 6 1 10 2 23 1 26 1 30 1
20 4 6 2 1 6 1 12 1 23 1 25 1 26 1
20 4 6 2 1 6 1 14 1 22 2 23 1 26 1
20 4 6 2 1 6 1 15 1 23 1 26 1 29 1
20 2 6 2 1 6 2 7 1 18 1 23 1 30 1
20 4 6 2 1 6 2 10 1 22 1 23 1 30 1
20 2 6 2 1 6 2 10 2 23 1 30 1 30 1
20 2 6 2 1 6 2 12 1 23 1 25 1 30 1
20 2 6 2 1 6 2 14 1 22 2 23 1 30 1
20 2 6 2 1 6 2 15 1 23 1 29 1 30 1
20 2 6 2 1 7 1 9 1 18 1 23 1 28 1
20 2 6 2 1 7 1 13 1 18 1 23 1 31 1
20 2 6 2 1 7 1 14 1 18 1 23 1 26 2
20 2 6 2 1 7 1 16 1 17 1 18 1 23 1
20 4 6 2 1 9 1 10 1 22 1 23 1 28 1
20 2 6 2 1 9 1 10 2 23 1 28 1 30 1
20 2 6 2 1 9 1 12 1 23 1 25 1 28 1
20 2 6 2 1 9 1 14 1 22 2 23 1 28 1
20 2 6 2 1 9 1 15 1 23 1 28 1 29 1
20 4 6 2 1 10 1 13 1 22 1 23 1 31 1
20 4 6 2 1 10 1 14 1 22 1 23 1 26 2
20 4 6 2 1 10 1 16 1 17 1 22 1 23 1
20 2 6 2 1 10 2 13 1 23 1 30 1 31 1
20 2 6 2 1 10 2 14 1 23 1 26 2 30 1
20 2 6 2 1 10 2 16 1 17 1 23 1 30 1
20 2 6 2 1 12 1 13 1 23 1 25 1 31 1
20 2 6 2 1 12 1 14 1 23 1 25 1 26 2
20 2 6 2 1 12 1 16 1 17 1 23 1 25 1
20 2 6 2 1 13 1 14 1 22 2 23 1 31 1
20 2 6 2 1 13 1 15 1 23 1 29 1 31 1
20 2 6 2 1 14 1 14 1 22 2 23 1 26 2
20 2 6 2 1 14 1 15 1 23 1 26 2 29 1
20 2 6 2 1 14 1 16 1 17 1 22 2 23 1
20 2 6 2 1 15 1 16 1 17 1 23 1 29 1
20 1 4 2 2 7 1 18 1 23 2
20 2 4 2 2 10 1 22 1 23 2
20 1 4 2 2 10 2 23 2 30 1
20 1 4 2 2 12 1 23 2 25 1
20 1 4 2 2 14 1 22 2 23 2
20 1 4 2 2 15 1 23 2 29 1
20 8 6 6 1 6 1 7 1 18 1 26 1 26 1
20 16 6 6 1 6 1 10 1 22 1 26 1 26 1
20 8 6 6 1 6 1 10 2 26 1 26 1 30 1
20 8 6 6 1 6 1 12 1 25 1 26 1 26 1
20 8 6 6 1 6 1 14 1 22 2 26 1 26 1
20 8 6 6 1 6 1 15 1 26 1 26 1 29 1
20 4 6 6 1 6 2 7 1 18 1 26 1 30 1
20 8 6 6 1 6 2 10 1 22 1 26 1 30 1
20 4 6 6 1 6 2 10 2 26 1 30 1 30 1
20 4 6 6 1 6 2 12 1 25 1 26 1 30 1
20 4 6 6 1 6 2 14 1 22 2 26 1 30 1
20 4 6 6 1 6 2 15 1 26 1 29 1 30 1
20 4 6 6 1 7 1 9 1 18 1 26 1 28 1
20 4 6 6 1 7 1 13 1 18 1 26 1 31 1
20 4 6 6 1 7 1 14 1 18 1 26 1 26 2
20 4 6 6 1 7 1 16 1 17 1 18 1 26 1
20 8 6 6 1 9 1 10 1 22 1 26 1 28 1
20 4 6 6 1 9 1 10 2 26 1 28 1 30 1
20 4 6 6 1 9 1 12 1 25 1 26 1 28 1
20 4 6 6 1 9 1 14 1 22 2 26 1 28 1
20 4 6 6 1 9 1 15 1 26 1 28 1 29 1
20 8 6 6 1 10 1 13 1 22 1 26 1 31 1
20 8 6 6 1 10 1 14 1 22 1 26 1 26 2
20 8 6 6 1 10 1 16 1 17 1 22 1 26 1
20 4 6 6 1 10 2 13 1 26 1 30 1 31 1
20 4 6 6 1 10 2 14 1 26 1 26 2 30 1
20 4 6 6 1 10 2 16 1 17 1 26 1 30 1
20 4 6 6 1 12 1 13 1 25 1 26 1 31 1
20 4 6 6 1 12 1 14 1 25 1 26 1 26 2
20 4 6 6 1 12 1 16 1 17 1 25 1 26 1
20 4 6 6 1 13 1 14 1 22 2 26 1 31 1
20 4 6 6 1 13 1 15 1 26 1 29 1 31 1
20 4 6 6 1 14 1 14 1 22 2 26 1 26 2
20 4 6 6 1 14 1 15 1 26 1 26 2 29 1
20 4 6 6 1 14 1 16 1 17 1 22 2 26 1
20 4 6 6 1 15 1 16 1 17 1 26 1 29 1
20 2 6 6 2 6 2 7 1 18 1 30 1 30 1
20 4 6 6 2 6 2 10 1 22 1 30 1 30 1
20 2 6 6 2 6 2 10 2 30 1 30 1 30 1
20 2 6 6 2 6 2 12 1 25 1 30 1 30 1
20 2 6 6 2 6 2 14 1 22 2 30 1 30 1
20 2 6 6 2 6 2 15 1 29 1 30 1 30 1
20 2 6 6 2 7 1 9 1 18 1 28 1 30 1
20 2 6 6 2 7 1 13 1 18 1 30 1 31 1
20 2 6 6 2 7 1 14 1 18 1 26 2 30 1
20 2 6 6 2 7 1 16 1 17 1 18 1 30 1
20 4 4 6 2 7 1 18 1 26 2
20 4 6 6 2 9 1 10 1 22 1 28 1 30 1
20 2 6 6 2 9 1 10 2 28 1 30 1 30 1
20 2 6 6 2 9 1 12 1 25 1 28 1 30 1
20 2 6 6 2 9 1 14 1 22 2 28 1 30 1
20 2 6 6 2 9 1 15 1 28 1 29 1 30 1
20 4 6 6 2 10 1 13 1 22 1 30 1 31 1
20 4 6 6 2 10 1 14 1 22 1 26 2 30 1
20 4 6 6 2 10 1 16 1 17 1 22 1 30 1
20 8 4 6 2 10 1 22 1 26 2
20 2 6 6 2 10 2 13 1 30 1 30 1 31 1
20 2 6 6 2 10 2 14 1 26 2 30 1 30 1
20 2 6 6 2 10 2 16 1 17 1 30 1 30 1
20 4 4 6 2 10 2 26 2 30 1
20 2 6 6 2 12 1 13 1 25 1 30 1 31 1
20 2 6 6 2 12 1 14 1 25 1 26 2 30 1
20 2 6 6 2 12 1 16 1 17 1 25 1 30 1
20 4 4 6 2 12 1 25 1 26 2
20 2 6 6 2 13 1 14 1 22 2 30 1 31 1
20 2 6 6 2 13 1 15 1 29 1 30 1 31 1
20 2 6 6 2 14 1 14 1 22 2 26 2 30 1
20 2 6 6 2 14 1 15 1 26 2 29 1 30 1
20 2 6 6 2 14 1 16 1 17 1 22 2 30 1
20 4 4 6 2 14 1 22 2 26 2
20 2 6 6 2 15 1 16 1 17 1 29 1 30 1
20 4 4 6 2 15 1 26 2 29 1
20 1 4 6 4 7 1 18 1 30 2
20 2 4 6 4 10 1 22 1 30 2
20 1 4 6 4 10 2 30 1 30 2
20 1 4 6 4 12 1 25 1 30 2
20 1 4 6 4 14 1 22 2 30 2
20 1 4 6 4 15 1 29 1 30 2
20 2 6 7 1 9 1 9 1 18 1 28 1 28 1
20 2 6 7 1 9 1 13 1 18 1 28 1 31 1
20 2 6 7 1 9 1 14 1 18 1 26 2 28 1
20 2 6 7 1 9 1 16 1 17 1 18 1 28 1
20 1 4 7 1 9 2 18 1 28 2
20 2 6 7 1 13 1 13 1 18 1 31 1 31 1
20 2 6 7 1 13 1 14 1 18 1 26 2 31 1
20 2 6 7 1 13 1 16 1 17 1 18 1 31 1
20 1 4 7 1 13 2 18 1 31 2
20 2 6 7 1 14 1 14 1 18 1 26 2 26 2
20 2 6 7 1 14 1 16 1 17 1 18 1 26 2
20 1 4 7 1 14 2 18 1 26 4
20 2 6 7 1 16 1 16 1 17 1 17 1 18 1
20 1 4 7 1 16 2 17 2 18 1
20 4 6 9 1 9 1 10 1 22 1 28 1 28 1
20 2 6 9 1 9 1 10 2 28 1 28 1 30 1
20 2 6 9 1 9 1 12 1 25 1 28 1 28 1
20 2 6 9 1 9 1 14 1 22 2 28 1 28 1
20 2 6 9 1 9 1 15 1 28 1 28 1 29 1
20 4 6 9 1 10 1 13 1 22 1 28 1 31 1
20 4 6 9 1 10 1 14 1 22 1 26 2 28 1
20 4 6 9 1 10 1 16 1 17 1 22 1 28 1
20 2 6 9 1 10 2 13 1 28 1 30 1 31 1
20 2 6 9 1 10 2 14 1 26 2 28 1 30 1
20 2 6 9 1 10 2 16 1 17 1 28 1 30 1
20 2 6 9 1 12 1 13 1 25 1 28 1 31 1
20 2 6 9 1 12 1 14 1 25 1 26 2 28 1
20 2 6 9 1 12 1 16 1 17 1 25 1 28 1
20 2 6 9 1 13 1 14 1 22 2 28 1 31 1
20 2 6 9 1 13 1 15 1 28 1 29 1 31 1
20 2 6 9 1 14 1 14 1 22 2 26 2 28 1
20 2 6 9 1 14 1 15 1 26 2 28 1 29 1
20 2 6 9 1 14 1 16 1 17 1 22 2 28 1
20 2 6 9 1 15 1 16 1 17 1 28 1 29 1
20 2 4 9 2 10 1 22 1 28 2
20 1 4 9 2 10 2 28 2 30 1
20 1 4 9 2 12 1 25 1 28 2
20 1 4 9 2 14 1 22 2 28 2
20 1 4 9 2 15 1 28 2 29 1
20 4 6 10 1 13 1 13 1 22 1 31 1 31 1
20 4 6 10 1 13 1 14 1 22 1 26 2 31 1
20 4 6 10 1 13 1 16 1 17 1 22 1 31 1
20 2 4 10 1 13 2 22 1 31 2
20 4 6 10 1 14 1 14 1 22 1 26 2 26 2
20 4 6 10 1 14 1 16 1 17 1 22 1 26 2
20 2 4 10 1 14 2 22 1 26 4
20 4 6 10 1 16 1 16 1 17 1 17 1 22 1
20 2 4 10 1 16 2 17 2 22 1
20 2 6 10 2 13 1 13 1 30 1 31 1 31 1
20 2 6 10 2 13 1 14 1 26 2 30 1 31 1
20 2 6 10 2 13 1 16 1 17 1 30 1 31 1
20 1 4 10 2 13 2 30 1 31 2
20 2 6 10 2 14 1 14 1 26 2 26 2 30 1
20 2 6 10 2 14 1 16 1 17 1 26 2 30 1
20 1 4 10 2 14 2 26 4 30 1
20 2 6 10 2 16 1 16 1 17 1 17 1 30 1
20 1 4 10 2 16 2 17 2 30 1
20 2 6 12 1 13 1 13 1 25 1 31 1 31 1
20 2 6 12 1 13 1 14 1 25 1 26 2 31 1
20 2 6 12 1 13 1 16 1 17 1 25 1 31 1
20 1 4 12 1 13 2 25 1 31 2
20 2 6 12 1 14 1 14 1 25 1 26 2 26 2
20 2 6 12 1 14 1 16 1 17 1 25 1 26 2
20 1 4 12 1 14 2 25 1 26 4
20 2 6 12 1 16 1 16 1 17 1 17 1 25 1
20 1 4 12 1 16 2 17 2 25 1
20 2 6 13 1 13 1 14 1 22 2 31 1 31 1
20 2 6 13 1 13 1 15 1 29 1 31 1 31 1
20 2 6 13 1 14 1 14 1 22 2 26 2 31 1
20 2 6 13 1 14 1 15 1 26 2 29 1 31 1
20 2 6 13 1 14 1 16 1 17 1 22 2 31 1
20 2 6 13 1 15 1 16 1 17 1 29 1 31 1
20 1 4 13 2 14 1 22 2 31 2
20 1 4 13 2 15 1 29 1 31 2
20 2 6 14 1 14 1 14 1 22 2 26 2 26 2
20 2 6 14 1 14 1 15 1 26 2 26 2 29 1
20 2 6 14 1 14 1 16 1 17 1 22 2 26 2
20 1 4 14 1 14 2 22 2 26 4
20 2 6 14 1 15 1 16 1 17 1 26 2 29 1
20 2 6 14 1 16 1 16 1 17 1 17 1 22 2
20 1 4 14 1 16 2 17 2 22 2
20 1 4 14 2 15 1 26 4 29 1
20 2 6 15 1 16 1 16 1 17 1 17 1 29 1
20 1 4 15 1 16 2 17 2 29 1
21 2 6 0 1 0 1 1 1 2 1 23 1 23 1
21 2 6 0 1 0 1 7 1 16 1 23 1 23 1
21 4 6 0 1 0 1 8 1 19 1 23 1 23 1
21 2 6 0 1 0 1 8 2 23 1 23 1 27 1
21 2 6 0 1 0 1 11 1 19 2 23 1 23 1
21 2 6 0 1 0 1 13 1 23 1 23 1 25 1
21 2 6 0 1 0 1 15 1 23 1 23 1 28 1
21 4 6 0 1 1 1 2 1 3 1 23 1 24 1
21 2 6 0 1 1 1 2 1 3 2 23 1 27 1
21 2 6 0 1 1 1 2 1 9 1 23 1 29 1
21 2 6 0 1 1 1 2 1 11 1 23 1 24 2
21 2 6 0 1 1 1 2 1 12 1 23 1 31 1
21 2 6 0 1 1 1 2 1 17 1 18 1 23 1
21 4 6 0 1 3 1 7 1 16 1 23 1 24 1
21 8 6 0 1 3 1 8 1 19 1 23 1 24 1
21 4 6 0 1 3 1 8 2 23 1 24 1 27 1
21 4 6 0 1 3 1 11 1 19 2 23 1 24 1
21 4 6 0 1 3 1 13 1 23 1 24 1 25 1
21 4 6 0 1 3 1 15 1 23 1 24 1 28 1
21 2 6 0 1 3 2 7 1 16 1 23 1 27 1
21 4 6 0 1 3 2 8 1 19 1 23 1 27 1
21 2 6 0 1 3 2 8 2 23 1 27 1 27 1
21 2 6 0 1 3 2 11 1 19 2 23 1 27 1
21 2 6 0 1 3 2 13 1 23 1 25 1 27 1
21 2 6 0 1 3 2 15 1 23 1 27 1 28 1
21 2 6 0 1 7 1 9 1 16 1 23 1 29 1
21 2 6 0 1 7 1 11 1 16 1 23 1 24 2
21 2 6 0 1 7 1 12 1 16 1 23 1 31 1
21 2 6 0 1 7 1 16 1 17 1 18 1 23 1
21 4 6 0 1 8 1 9 1 19 1 23 1 29 1
21 4 6 0 1 8 1 11 1 19 1 23 1 24 2
21 4 6 0 1 8 1 12 1 19 1 23 1 31 1
21 4 6 0 1 8 1 17 1 18 1 19 1 23 1
21 2 6 0 1 8 2 9 1 23 1 27 1 29 1
21 2 6 0 1 8 2 11 1 23 1 24 2 27 1
21 2 6 0 1 8 2 12 1 23 1 27 1 31 1
21 2 6 0 1 8 2 17 1 18 1 23 1 27 1
21 2 6 0 1 9 1 11 1 19 2 23 1 29 1
21 2 6 0 1 9 1 13 1 23 1 25 1 29 1
21 2 6 0 1 9 1 15 1 23 1 28 1 29 1
21 2 6 0 1 11 1 11 1 19 2 23 1 24 2
21 2 6 0 1 11 1 12 1 19 2 23 1 31 1
21 2 6 0 1 11 1 13 1 23 1 24 2 25 1
21 2 6 0 1 11 1 15 1 23 1 24 2 28 1
21 2 6 0 1 11 1 17 1 18 1 19 2 23 1
21 2 6 0 1 12 1 13 1 23 1 25 1 31 1
21 2 6 0 1 12 1 15 1 23 1 28 1 31 1
21 2 6 0 1 13 1 17 1 18 1 23 1 25 1
21 2 6 0 1 15 1 17 1 18 1 23 1 28 1
21 1 4 0 2 1 1 2 1 23 2
21 1 4 0 2 7 1 16 1 23 2
21 2 4 0 2 8 1 19 1 23 2
21 1 4 0 2 8 2 23 2 27 1
21 1 4 0 2 11 1 19 2 23 2
21 1 4 0 2 13 1 23 2 25 1
21 1 4 0 2 15 1 23 2 28 1
21 8 6 1 1 2 1 3 1 3 1 24 1 24 1
21 4 6 1 1 2 1 3 1 3 2 24 1 27 1
21 4 6 1 1 2 1 3 1 9 1 24 1 29 1
21 4 6 1 1 2 1 3 1 11 1 24 1 24 2
21 4 6 1 1 2 1 3 1 12 1 24 1 31 1
21 4 6 1 1 2 1 3 1 17 1 18 1 24 1
21 2 6 1 1 2 1 3 2 3 2 27 1 27 1
21 2 6 1 1 2 1 3 2 9 1 27 1 29 1
21 2 6 1 1 2 1 3 2 11 1 24 2 27 1
21 2 6 1 1 2 1 3 2 12 1 27 1 31 1
21 2 6 1 1 2 1 3 2 17 1 18 1 27 1
21 4 4 1 1 2 1 3 2 24 2
21 1 4 1 1 2 1 3 4 27 2
21 2 6 1 1 2 1 9 1 9 1 29 1 29 1
21 2 6 1 1 2 1 9 1 11 1 24 2 29 1
21 2 6 1 1 2 1 9 1 12 1 29 1 31 1
21 2 6 1 1 2 1 9 1 17 1 18 1 29 1
21 1 4 1 1 2 1 9 2 29 2
21 2 6 1 1 2 1 11 1 11 1 24 2 24 2
21 2 6 1 1 2 1 11 1 12 1 24 2 31 1
21 2 6 1 1 2 1 11 1 17 1 18 1 24 2
21 1 4 1 1 2 1 11 2 24 4
21 2 6 1 1 2 1 12 1 12 1 31 1 31 1
21 2 6 1 1 2 1 12 1 17 1 18 1 31 1
21 1 4 1 1 2 1 12 2 31 2
21 2 6 1 1 2 1 17 1 17 1 18 1 18 1
21 1 4 1 1 2 1 17 2 18 2
21 8 6 3 1 3 1 7 1 16 1 24 1 24 1
21 16 6 3 1 3 1 8 1 19 1 24 1 24 1
21 8 6 3 1 3 1 8 2 24 1 24 1 27 1
21 8 6 3 1 3 1 11 1 19 2 24 1 24 1
21 8 6 3 1 3 1 13 1 24 1 24 1 25 1
21 8 6 3 1 3 1 15 1 24 1 24 1 28 1
21 4 6 3 1 3 2 7 1 16 1 24 1 27 1
21 8 6 3 1 3 2 8 1 19 1 24 1 27 1
21 4 6 3 1 3 2 8 2 24 1 27 1 27 1
21 4 6 3 1 3 2 11 1 19 2 24 1 27 1
21 4 6 3 1 3 2 13 1 24 1 25 1 27 1
21 4 6 3 1 3 2 15 1 24 1 27 1 28 1
21 4 6 3 1 7 1 9 1 16 1 24 1 29 1
21 4 6 3 1 7 1 11 1 16 1 24 1 24 2
21 4 6 3 1 7 1 12 1 16 1 24 1 31 1
21 4 6 3 1 7 1 16 1 17 1 18 1 24 1
21 8 6 3 1 8 1 9 1 19 1 24 1 29 1
21 8 6 3 1 8 1 11 1 19 1 24 1 24 2
21 8 6 3 1 8 1 12 1 19 1 24 1 31 1
21 8 6 3 1 8 1 17 1 18 1 19 1 24 1
21 4 6 3 1 8 2 9 1 24 1 27 1 29 1
21 4 6 3 1 8 2 11 1 24 1 24 2 27 1
21 4 6 3 1 8 2 12 1 24 1 27 1 31 1
21 4 6 3 1 8 2 17 1 18 1 24 1 27 1
21 4 6 3 1 9 1 11 1 19 2 24 1 29 1
21 4 6 3 1 9 1 13 1 24 1 25 1 29 1
21 4 6 3 1 9 1 15 1 24 1 28 1 29 1
21 4 6 3 1 11 1 11 1 19 2 24 1 24 2
21 4 6 3 1 11 1 12 1 19 2 24 1 31 1
21 4 6 3 1 11 1 13 1 24 1 24 2 25 1
21 4 6 3 1 11 1 15 1 24 1 24 2 28 1
21 4 6 3 1 11 1 17 1 18 1 19 2 24 1
21 4 6 3 1 12 1 13 1 24 1 25 1 31 1
21 4 6 3 1 12 1 15 1 24 1 28 1 31 1
21 4 6 3 1 13 1 17 1 18 1 24 1 25 1
21 4 6 3 1 15 1 17 1 18 1 24 1 28 1
21 2 6 3 2 3 2 7 1 16 1 27 1 27 1
21 4 6 3 2 3 2 8 1 19 1 27 1 27 1
21 2 6 3 2 3 2 8 2 27 1 27 1 27 1
21 2 6 3 2 3 2 11 1 19 2 27 1 27 1
21 2 6 3 2 3 2 13 1 25 1 27 1 27 1
21 2 6 3 2 3 2 15 1 27 1 27 1 28 1
21 2 6 3 2 7 1 9 1 16 1 27 1 29 1
21 2 6 3 2 7 1 11 1 16 1 24 2 27 1
21 2 6 3 2 7 1 12 1 16 1 27 1 31 1
21 2 6 3 2 7 1 16 1 17 1 18 1 27 1
21 4 4 3 2 7 1 16 1 24 2
21 4 6 3 2 8 1 9 1 19 1 27 1 29 1
21 4 6 3 2 8 1 11 1 19 1 24 2 27 1
21 4 6 3 2 8 1 12 1 19 1 27 1 31 1
21 4 6 3 2 8 1 17 1 18 1 19 1 27 1
21 8 4 3 2 8 1 19 1 24 2
21 2 6 3 2 8 2 9 1 27 1 27 1 29 1
21 2 6 3 2 8 2 11 1 24 2 27 1 27 1
21 2 6 3 2 8 2 12 1 27 1 27 1 31 1
21 2 6 3 2 8 2 17 1 18 1 27 1 27 1
21 4 4 3 2 8 2 24 2 27 1
21 2 6 3 2 9 1 11 1 19 2 27 1 29 1
21 2 6 3 2 9 1 13 1 25 1 27 1 29 1
21 2 6 3 2 9 1 15 1 27 1 28 1 29 1
21 2 6 3 2 11 1 11 1 19 2 24 2 27 1
21 2 6 3 2 11 1 12 1 19 2 27 1 31 1
21 2 6 3 2 11 1 13 1 24 2 25 1 27 1
21 2 6 3 2 11 1 15 1 24 2 27 1 28 1
21 2 6 3 2 11 1 17 1 18 1 19 2 27 1
21 4 4 3 2 11 1 19 2 24 2
21 2 6 3 2 12 1 13 1 25 1 27 1 31 1
21 2 6 3 2 12 1 15 1 27 1 28 1 31 1
21 2 6 3 2 13 1 17 1 18 1 25 1 27 1
21 4 4 3 2 13 1 24 2 25 1
21 2 6 3 2 15 1 17 1 18 1 27 1 28 1
21 4 4 3 2 15 1 24 2 28 1
21 1 4 3 4 7 1 16 1 27 2
21 2 4 3 4 8 1 19 1 27 2
21 1 4 3 4 8 2 27 1 27 2
21 1 4 3 4 11 1 19 2 27 2
21 1 4 3 4 13 1 25 1 27 2
21 1 4 3 4 15 1 27 2 28 1
21 2 6 7 1 9 1 9 1 16 1 29 1 29 1
21 2 6 7 1 9 1 11 1 16 1 24 2 29 1
21 2 6 7 1 9 1 12 1 16 1 29 1 31 1
21 2 6 7 1 9 1 16 1 17 1 18 1 29 1
21 1 4 7 1 9 2 16 1 29 2
21 2 6 7 1 11 1 11 1 16 1 24 2 24 2
21 2 6 7 1 11 1 12 1 16 1 24 2 31 1
21 2 6 7 1 11 1 16 1 17 1 18 1 24 2
21 1 4 7 1 11 2 16 1 24 4
21 2 6 7 1 12 1 12 1 16 1 31 1 31 1
21 2 6 7 1 12 1 16 1 17 1 18 1 31 1
21 1 4 7 1 12 2 16 1 31 2
21 2 6 7 1 16 1 17 1 17 1 18 1 18 1
21 1 4 7 1 16 1 17 2 18 2
21 4 6 8 1 9 1 9 1 19 1 29 1 29 1
21 4 6 8 1 9 1 11 1 19 1 24 2 29 1
21 4 6 8 1 9 1 12 1 19 1 29 1 31 1
21 4 6 8 1 9 1 17 1 18 1 19 1 29 1
21 2 4 8 1 9 2 19 1 29 2
21 4 6 8 1 11 1 11 1 19 1 24 2 24 2
21 4 6 8 1 11 1 12 1 19 1 24 2 31 1
21 4 6 8 1 11 1 17 1 18 1 19 1 24 2
21 2 4 8 1 11 2 19 1 24 4
21 4 6 8 1 12 1 12 1 19 1 31 1 31 1
21 4 6 8 1 12 1 17 1 18 1 19 1 31 1
21 2 4 8 1 12 2 19 1 31 2
21 4 6 8 1 17 1 17 1 18 1 18 1 19 1
21 2 4 8 1 17 2 18 2 19 1
21 2 6 8 2 9 1 9 1 27 1 29 1 29 1
21 2 6 8 2 9 1 11 1 24 2 27 1 29 1
21 2 6 8 2 9 1 12 1 27 1 29 1 31 1
21 2 6 8 2 9 1 17 1 18 1 27 1 29 1
21 1 4 8 2 9 2 27 1 29 2
21 2 6 8 2 11 1 11 1 24 2 24 2 27 1
21 2 6 8 2 11 1 12 1 24 2 27 1 31 1
21 2 6 8 2 11 1 17 1 18 1 24 2 27 1
21 1 4 8 2 11 2 24 4 27 1
21 2 6 8 2 12 1 12 1 27 1 31 1 31 1
21 2 6 8 2 12 1 17 1 18 1 27 1 31 1
21 1 4 8 2 12 2 27 1 31 2
21 2 6 8 2 17 1 17 1 18 1 18 1 27 1
21 1 4 8 2 17 2 18 2 27 1
21 2 6 9 1 9 1 11 1 19 2 29 1 29 1
21 2 6 9 1 9 1 13 1 25 1 29 1 29 1
21 2 6 9 1 9 1 15 1 28 1 29 1 29 1
21 2 6 9 1 11 1 11 1 19 2 24 2 29 1
21 2 6 9 1 11 1 12 1 19 2 29 1 31 1
21 2 6 9 1 11 1 13 1 24 2 25 1 29 1
21 2 6 9 1 11 1 15 1 24 2 28 1 29 1
21 2 6 9 1 11 1 17 1 18 1 19 2 29 1
21 2 6 9 1 12 1 13 1 25 1 29 1 31 1
21 2 6 9 1 12 1 15 1 28 1 29 1 31 1
21 2 6 9 1 13 1 17 1 18 1 25 1 29 1
21 2 6 9 1 15 1 17 1 18 1 28 1 29 1
21 1 4 9 2 11 1 19 2 29 2
21 1 4 9 2 13 1 25 1 29 2
21 1 4 9 2 15 1 28 1 29 2
21 2 6 11 1 11 1 11 1 19 2 24 2 24 2
21 2 6 11 1 11 1 12 1 19 2 24 2 31 1
21 2 6 11 1 11 1 13 1 24 2 24 2 25 1
21 2 6 11 1 11 1 15 1 24 2 24 2 28 1
21 2 6 11 1 11 1 17 1 18 1 19 2 24 2
21 1 4 11 1 11 2 19 2 24 4
21 2 6 11 1 12 1 12 1 19 2 31 1 31 1
21 2 6 11 1 12 1 13 1 24 2 25 1 31 1
21 2 6 11 1 12 1 15 1 24 2 28 1 31 1
21 2 6 11 1 12 1 17 1 18 1 19 2 31 1
21 1 4 11 1 12 2 19 2 31 2
21 2 6 11 1 13 1 17 1 18 1 24 2 25 1
21 2 6 11 1 15 1 17 1 18 1 24 2 28 1
21 2 6 11 1 17 1 17 1 18 1 18 1 19 2
21 1 4 11 1 17 2 18 2 19 2
21 1 4 11 2 13 1 24 4 25 1
21 1 4 11 2 15 1 24 4 28 1
21 2 6 12 1 12 1 13 1 25 1 31 1 31 1
21 2 6 12 1 12 1 15 1 28 1 31 1 31 1
21 2 6 12 1 13 1 17 1 18 1 25 1 31 1
21 2 6 12 1 15 1 17 1 18 1 28 1 31 1
21 1 4 12 2 13 1 25 1 31 2
21 1 4 12 2 15 1 28 1 31 2
21 2 6 13 1 17 1 17 1 18 1 18 1 25 1
21 1 4 13 1 17 2 18 2 25 1
21 2 6 15 1 17 1 17 1 18 1 18 1 28 1
21 1 4 15 1 17 2 18 2 28 1
22 2 6 1 1 1 1 2 1 3 1 24 1 24 1
22 2 6 1 1 1 1 8 1 17 1 24 1 24 1
22 2 6 1 1 1 1 9 1 19 1 24 1 24 1
22 2 6 1 1 1 1 10 1 20 1 24 1 24 1
22 2 6 1 1 1 1 13 1 24 1 24 1 24 1
22 2 6 1 1 1 1 14 1 24 1 24 1 26 1
22 2 6 1 1 2 1 3 1 3 1 24 1 25 1
22 2 6 1 1 2 1 3 1 4 1 24 1 26 1
22 2 6 1 1 2 1 3 1 8 1 24 1 29 1
22 2 6 1 1 2 1 3 1 10 1 24 1 30 1
22 2 6 1 1 2 1 3 1 18 1 19 1 24 1
22 2 6 1 1 3 1 8 1 17 1 24 1 25 1
22 2 6 1 1 3 1 9 1 19 1 24 1 25 1
22 2 6 1 1 3 1 10 1 20 1 24 1 25 1
22 2 6 1 1 3 1 13 1 24 1 24 1 25 1
22 2 6 1 1 3 1 14 1 24 1 25 1 26 1
22 2 6 1 1 4 1 8 1 17 1 24 1 26 1
22 2 6 1 1 4 1 9 1 19 1 24 1 26 1
22 2 6 1 1 4 1 10 1 20 1 24 1 26 1
22 2 6 1 1 4 1 13 1 24 1 24 1 26 1
22 2 6 1 1 4 1 14 1 24 1 26 1 26 1
22 2 6 1 1 8 1 8 1 17 1 24 1 29 1
22 2 6 1 1 8 1 9 1 19 1 24 1 29 1
22 2 6 1 1 8 1 10 1 17 1 24 1 30 1
22 2 6 1 1 8 1 10 1 20 1 24 1 29 1
22 2 6 1 1 8 1 13 1 24 1 24 1 29 1
22 2 6 1 1 8 1 14 1 24 1 26 1 29 1
22 2 6 1 1 8 1 17 1 18 1 19 1 24 1
22 2 6 1 1 9 1 10 1 19 1 24 1 30 1
22 2 6 1 1 9 1 18 1 19 1 19 1 24 1
22 2 6 1 1 10 1 10 1 20 1 24 1 30 1
22 2 6 1 1 10 1 13 1 24 1 24 1 30 1
22 2 6 1 1 10 1 14 1 24 1 26 1 30 1
22 2 6 1 1 10 1 18 1 19 1 20 1 24 1
22 2 6 1 1 13 1 18 1 19 1 24 1 24 1
22 2 6 1 1 14 1 18 1 19 1 24 1 26 1
22 1 4 1 2 2 1 3 1 24 2
22 1 4 1 2 8 1 17 1 24 2
22 1 4 1 2 9 1 19 1 24 2
22 1 4 1 2 10 1 20 1 24 2
22 1 4 1 2 13 1 24 1 24 2
22 1 4 1 2 14 1 24 2 26 1
22 2 6 2 1 3 1 3 1 3 1 25 1 25 1
22 2 6 2 1 3 1 3 1 4 1 25 1 26 1
22 2 6 2 1 3 1 3 1 8 1 25 1 29 1
22 2 6 2 1 3 1 3 1 10 1 25 1 30 1
22 2 6 2 1 3 1 3 1 18 1 19 1 25 1
22 1 4 2 1 3 1 3 2 25 2
22 2 6 2 1 3 1 4 1 4 1 26 1 26 1
22 2 6 2 1 3 1 4 1 8 1 26 1 29 1
22 2 6 2 1 3 1 4 1 10 1 26 1 30 1
22 2 6 2 1 3 1 4 1 18 1 19 1 26 1
22 1 4 2 1 3 1 4 2 26 2
22 2 6 2 1 3 1 8 1 8 1 29 1 29 1
22 2 6 2 1 3 1 8 1 10 1 29 1 30 1
22 2 6 2 1 3 1 8 1 18 1 19 1 29 1
22 1 4 2 1 3 1 8 2 29 2
22 2 6 2 1 3 1 10 1 10 1 30 1 30 1
22 2 6 2 1 3 1 10 1 18 1 19 1 30 1
22 1 4 2 1 3 1 10 2 30 2
22 2 6 2 1 3 1 18 1 18 1 19 1 19 1
22 1 4 2 1 3 1 18 2 19 2
22 2 6 3 1 3 1 8 1 17 1 25 1 25 1
22 2 6 3 1 3 1 9 1 19 1 25 1 25 1
22 2 6 3 1 3 1 10 1 20 1 25 1 25 1
22 2 6 3 1 3 1 13 1 24 1 25 1 25 1
22 2 6 3 1 3 1 14 1 25 1 25 1 26 1
22 2 6 3 1 4 1 8 1 17 1 25 1 26 1
22 2 6 3 1 4 1 9 1 19 1 25 1 26 1
22 2 6 3 1 4 1 10 1 20 1 25 1 26 1
22 2 6 3 1 4 1 13 1 24 1 25 1 26 1
22 2 6 3 1 4 1 14 1 25 1 26 1 26 1
22 2 6 3 1 8 1 8 1 17 1 25 1 29 1
22 2 6 3 1 8 1 9 1 19 1 25 1 29 1
22 2 6 3 1 8 1 10 1 17 1 25 1 30 1
22 2 6 3 1 8 1 10 1 20 1 25 1 29 1
22 2 6 3 1 8 1 13 1 24 1 25 1 29 1
22 2 6 3 1 8 1 14 1 25 1 26 1 29 1
22 2 6 3 1 8 1 17 1 18 1 19 1 25 1
22 2 6 3 1 9 1 10 1 19 1 25 1 30 1
22 2 6 3 1 9 1 18 1 19 1 19 1 25 1
22 2 6 3 1 10 1 10 1 20 1 25 1 30 1
22 2 6 3 1 10 1 13 1 24 1 25 1 30 1
22 2 6 3 1 10 1 14 1 25 1 26 1 30 1
22 2 6 3 1 10 1 18 1 19 1 20 1 25 1
22 2 6 3 1 13 1 18 1 19 1 24 1 25 1
22 2 6 3 1 14 1 18 1 19 1 25 1 26 1
22 1 4 3 2 8 1 17 1 25 2
22 1 4 3 2 9 1 19 1 25 2
22 1 4 3 2 10 1 20 1 25 2
22 1 4 3 2 13 1 24 1 25 2
22 1 4 3 2 14 1 25 2 26 1
22 2 6 4 1 4 1 8 1 17 1 26 1 26 1
22 2 6 4 1 4 1 9 1 19 1 26 1 26 1
22 2 6 4 1 4 1 10 1 20 1 26 1 26 1
22 2 6 4 1 4 1 13 1 24 1 26 1 26 1
22 2 6 4 1 4 1 14 1 26 1 26 1 26 1
22 2 6 4 1 8 1 8 1 17 1 26 1 29 1
22 2 6 4 1 8 1 9 1 19 1 26 1 29 1
22 2 6 4 1 8 1 10 1 17 1 26 1 30 1
22 2 6 4 1 8 1 10 1 20 1 26 1 29 1
22 2 6 4 1 8 1 13 1 24 1 26 1 29 1
22 2 6 4 1 8 1 14 1 26 1 26 1 29 1
22 2 6 4 1 8 1 17 1 18 1 19 1 26 1
22 2 6 4 1 9 1 10 1 19 1 26 1 30 1
22 2 6 4 1 9 1 18 1 19 1 19 1 26 1
22 2 6 4 1 10 1 10 1 20 1 26 1 30 1
22 2 6 4 1 10 1 13 1 24 1 26 1 30 1
22 2 6 4 1 10 1 14 1 26 1 26 1 30 1
22 2 6 4 1 10 1 18 1 19 1 20 1 26 1
22 2 6 4 1 13 1 18 1 19 1 24 1 26 1
22 2 6 4 1 14 1 18 1 19 1 26 1 26 1
22 1 4 4 2 8 1 17 1 26 2
22 1 4 4 2 9 1 19 1 26 2
22 1 4 4 2 10 1 20 1 26 2
22 1 4 4 2 13 1 24 1 26 2
22 1 4 4 2 14 1 26 1 26 2
22 2 6 8 1 8 1 8 1 17 1 29 1 29 1
22 2 6 8 1 8 1 9 1 19 1 29 1 29 1
22 2 6 8 1 8 1 10 1 17 1 29 1 30 1
22 2 6 8 1 8 1 10 1 20 1 29 1 29 1
22 2 6 8 1 8 1 13 1 24 1 29 1 29 1
22 2 6 8 1 8 1 14 1 26 1 29 1 29 1
22 2 6 8 1 8 1 17 1 18 1 19 1 29 1
22 1 4 8 1 8 2 17 1 29 2
22 2 6 8 1 9 1 10 1 19 1 29 1 30 1
22 2 6 8 1 9 1 18 1 19 1 19 1 29 1
22 2 6 8 1 10 1 10 1 17 1 30 1 30 1
22 2 6 8 1 10 1 10 1 20 1 29 1 30 1
22 2 6 8 1 10 1 13 1 24 1 29 1 30 1
22 2 6 8 1 10 1 14 1 26 1 29 1 30 1
22 2 6 8 1 10 1 17 1 18 1 19 1 30 1
22 2 6 8 1 10 1 18 1 19 1 20 1 29 1
22 1 4 8 1 10 2 17 1 30 2
22 2 6 8 1 13 1 18 1 19 1 24 1 29 1
22 2 6 8 1 14 1 18 1 19 1 26 1 29 1
22 2 6 8 1 17 1 18 1 18 1 19 1 19 1
22 1 4 8 1 17 1 18 2 19 2
22 1 4 8 2 9 1 19 1 29 2
22 1 4 8 2 10 1 20 1 29 2
22 1 4 8 2 13 1 24 1 29 2
22 1 4 8 2 14 1 26 1 29 2
22 2 6 9 1 10 1 10 1 19 1 30 1 30 1
22 2 6 9 1 10 1 18 1 19 1 19 1 30 1
22 1 4 9 1 10 2 19 1 30 2
22 2 6 9 1 18 1 18 1 19 1 19 1 19 1
22 1 4 9 1 18 2 19 1 19 2
22 2 6 10 1 10 1 10 1 20 1 30 1 30 1
22 2 6 10 1 10 1 13 1 24 1 30 1 30 1
22 2 6 10 1 10 1 14 1 26 1 30 1 30 1
22 2 6 10 1 10 1 18 1 19 1 20 1 30 1
22 1 4 10 1 10 2 20 1 30 2
22 2 6 10 1 13 1 18 1 19 1 24 1 30 1
22 2 6 10 1 14 1 18 1 19 1 26 1 30 1
22 2 6 10 1 18 1 18 1 19 1 19 1 20 1
22 1 4 10 1 18 2 19 2 20 1
22 1 4 10 2 13 1 24 1 30 2
22 1 4 10 2 14 1 26 1 30 2
22 2 6 13 1 18 1 18 1 19 1 19 1 24 1
22 1 4 13 1 18 2 19 2 24 1
22 2 6 14 1 18 1 18 1 19 1 19 1 26 1
22 1 4 14 1 18 2 19 2 26 1
23 8 6 0 1 3 1 3 1 5 1 26 1 26 1
23 4 6 0 1 3 1 3 2 5 1 26 1 28 1
23 4 6 0 1 3 1 5 1 9 1 26 1 30 1
23 4 6 0 1 3 1 5 1 11 1 26 1 31 1
23 4 6 0 1 3 1 5 1 12 1 26 1 26 2
23 4 6 0 1 3 1 5 1 16 1 21 1 26 1
23 4 6 0 1 3 1 5 1 18 1 20 1 26 1
23 2 6 0 1 3 2 3 2 5 1 28 1 28 1
23 2 6 0 1 3 2 5 1 9 1 28 1 30 1
23 2 6 0 1 3 2 5 1 11 1 28 1 31 1
23 2 6 0 1 3 2 5 1 12 1 26 2 28 1
23 2 6 0 1 3 2 5 1 16 1 21 1 28 1
23 2 6 0 1 3 2 5 1 18 1 20 1 28 1
23 4 4 0 1 3 2 5 1 26 2
23 1 4 0 1 3 4 5 1 28 2
23 2 6 0 1 5 1 9 1 9 1 30 1 30 1
23 2 6 0 1 5 1 9 1 11 1 30 1 31 1
23 2 6 0 1 5 1 9 1 12 1 26 2 30 1
23 2 6 0 1 5 1 9 1 16 1 21 1 30 1
23 2 6 0 1 5 1 9 1 18 1 20 1 30 1
23 1 4 0 1 5 1 9 2 30 2
23 2 6 0 1 5 1 11 1 11 1 31 1 31 1
23 2 6 0 1 5 1 11 1 12 1 26 2 31 1
23 2 6 0 1 5 1 11 1 16 1 21 1 31 1
23 2 6 0 1 5 1 11 1 18 1 20 1 31 1
23 1 4 0 1 5 1 11 2 31 2
23 2 6 0 1 5 1 12 1 12 1 26 2 26 2
23 2 6 0 1 5 1 12 1 16 1 21 1 26 2
23 2 6 0 1 5 1 12 1 18 1 20 1 26 2
23 1 4 0 1 5 1 12 2 26 4
23 2 6 0 1 5 1 16 1 16 1 21 1 21 1
23 2 6 0 1 5 1 16 1 18 1 20 1 21 1
23 1 4 0 1 5 1 16 2 21 2
23 2 6 0 1 5 1 18 1 18 1 20 1 20 1
23 1 4 0 1 5 1 18 2 20 2
23 8 6 2 1 3 1 3 1 4 1 26 1 26 1
23 4 6 2 1 3 1 3 2 4 1 26 1 28 1
23 4 6 2 1 3 1 4 1 9 1 26 1 30 1
23 4 6 2 1 3 1 4 1 11 1 26 1 31 1
23 4 6 2 1 3 1 4 1 12 1 26 1 26 2
23 4 6 2 1 3 1 4 1 16 1 21 1 26 1
23 4 6 2 1 3 1 4 1 18 1 20 1 26 1
23 2 6 2 1 3 2 3 2 4 1 28 1 28 1
23 2 6 2 1 3 2 4 1 9 1 28 1 30 1
23 2 6 2 1 3 2 4 1 11 1 28 1 31 1
23 2 6 2 1 3 2 4 1 12 1 26 2 28 1
23 2 6 2 1 3 2 4 1 16 1 21 1 28 1
23 2 6 2 1 3 2 4 1 18 1 20 1 28 1
23 4 4 2 1 3 2 4 1 26 2
23 1 4 2 1 3 4 4 1 28 2
23 2 6 2 1 4 1 9 1 9 1 30 1 30 1
23 2 6 2 1 4 1 9 1 11 1 30 1 31 1
23 2 6 2 1 4 1 9 1 12 1 26 2 30 1
23 2 6 2 1 4 1 9 1 16 1 21 1 30 1
23 2 6 2 1 4 1 9 1 18 1 20 1 30 1
23 1 4 2 1 4 1 9 2 30 2
23 2 6 2 1 4 1 11 1 11 1 31 1 31 1
23 2 6 2 1 4 1 11 1 12 1 26 2 31 1
23 2 6 2 1 4 1 11 1 16 1 21 1 31 1
23 2 6 2 1 4 1 11 1 18 1 20 1 31 1
23 1 4 2 1 4 1 11 2 31 2
23 2 6 2 1 4 1 12 1 12 1 26 2 26 2
23 2 6 2 1 4 1 12 1 16 1 21 1 26 2
23 2 6 2 1 4 1 12 1 18 1 20 1 26 2
23 1 4 2 1 4 1 12 2 26 4
23 2 6 2 1 4 1 16 1 16 1 21 1 21 1
23 2 6 2 1 4 1 16 1 18 1 20 1 21 1
23 1 4 2 1 4 1 16 2 21 2
23 2 6 2 1 4 1 18 1 18 1 20 1 20 1
23 1 4 2 1 4 1 18 2 20 2
23 16 6 3 1 3 1 10 1 19 1 26 1 26 1
23 8 6 3 1 3 1 10 2 26 1 26 1 28 1
23 8 6 3 1 3 1 12 1 19 2 26 1 26 1
23 8 6 3 1 3 1 14 1 25 1 26 1 26 1
23 8 6 3 1 3 1 15 1 26 1 26 1 27 1
23 8 6 3 1 3 2 10 1 19 1 26 1 28 1
23 4 6 3 1 3 2 10 2 26 1 28 1 28 1
23 4 6 3 1 3 2 12 1 19 2 26 1 28 1
23 4 6 3 1 3 2 14 1 25 1 26 1 28 1
23 4 6 3 1 3 2 15 1 26 1 27 1 28 1
23 8 6 3 1 9 1 10 1 19 1 26 1 30 1
23 4 6 3 1 9 1 10 2 26 1 28 1 30 1
23 4 6 3 1 9 1 12 1 19 2 26 1 30 1
23 4 6 3 1 9 1 14 1 25 1 26 1 30 1
23 4 6 3 1 9 1 15 1 26 1 27 1 30 1
23 8 6 3 1 10 1 11 1 19 1 26 1 31 1
23 8 6 3 1 10 1 12 1 19 1 26 1 26 2
23 8 6 3 1 10 1 16 1 19 1 21 1 26 1
23 8 6 3 1 10 1 18 1 19 1 20 1 26 1
23 4 6 3 1 10 2 11 1 26 1 28 1 31 1
23 4 6 3 1 10 2 12 1 26 1 26 2 28 1
23 4 6 3 1 10 2 16 1 21 1 26 1 28 1
23 4 6 3 1 10 2 18 1 20 1 26 1 28 1
23 4 6 3 1 11 1 12 1 19 2 26 1 31 1
23 4 6 3 1 11 1 14 1 25 1 26 1 31 1
23 4 6 3 1 11 1 15 1 26 1 27 1 31 1
23 4 6 3 1 12 1 12 1 19 2 26 1 26 2
23 4 6 3 1 12 1 14 1 25 1 26 1 26 2
23 4 6 3 1 12 1 15 1 26 1 26 2 27 1
23 4 6 3 1 12 1 16 1 19 2 21 1 26 1
23 4 6 3 1 12 1 18 1 19 2 20 1 26 1
23 4 6 3 1 14 1 16 1 21 1 25 1 26 1
23 4 6 3 1 14 1 18 1 20 1 25 1 26 1
23 4 6 3 1 15 1 16 1 21 1 26 1 27 1
23 4 6 3 1 15 1 18 1 20 1 26 1 27 1
23 4 6 3 2 3 2 10 1 19 1 28 1 28 1
23 2 6 3 2 3 2 10 2 28 1 28 1 28 1
23 2 6 3 2 3 2 12 1 19 2 28 1 28 1
23 2 6 3 2 3 2 14 1 25 1 28 1 28 1
23 2 6 3 2 3 2 15 1 27 1 28 1 28 1
23 4 6 3 2 9 1 10 1 19 1 28 1 30 1
23 2 6 3 2 9 1 10 2 28 1 28 1 30 1
23 2 6 3 2 9 1 12 1 19 2 28 1 30 1
23 2 6 3 2 9 1 14 1 25 1 28 1 30 1
23 2 6 3 2 9 1 15 1 27 1 28 1 30 1
23 4 6 3 2 10 1 11 1 19 1 28 1 31 1
23 4 6 3 2 10 1 12 1 19 1 26 2 28 1
23 4 6 3 2 10 1 16 1 19 1 21 1 28 1
23 4 6 3 2 10 1 18 1 19 1 20 1 28 1
23 8 4 3 2 10 1 19 1 26 2
23 2 6 3 2 10 2 11 1 28 1 28 1 31 1
23 2 6 3 2 10 2 12 1 26 2 28 1 28 1
23 2 6 3 2 10 2 16 1 21 1 28 1 28 1
23 2 6 3 2 10 2 18 1 20 1 28 1 28 1
23 4 4 3 2 10 2 26 2 28 1
23 2 6 3 2 11 1 12 1 19 2 28 1 31 1
23 2 6 3 2 11 1 14 1 25 1 28 1 31 1
23 2 6 3 2 11 1 15 1 27 1 28 1 31 1
23 2 6 3 2 12 1 12 1 19 2 26 2 28 1
23 2 6 3 2 12 1 14 1 25 1 26 2 28 1
23 2 6 3 2 12 1 15 1 26 2 27 1 28 1
23 2 6 3 2 12 1 16 1 19 2 21 1 28 1
23 2 6 3 2 12 1 18 1 19 2 20 1 28 1
23 4 4 3 2 12 1 19 2 26 2
23 2 6 3 2 14 1 16 1 21 1 25 1 28 1
23 2 6 3 2 14 1 18 1 20 1 25 1 28 1
23 4 4 3 2 14 1 25 1 26 2
23 2 6 3 2 15 1 16 1 21 1 27 1 28 1
23 2 6 3 2 15 1 18 1 20 1 27 1 28 1
23 4 4 3 2 15 1 26 2 27 1
23 2 4 3 4 10 1 19 1 28 2
23 1 4 3 4 10 2 28 1 28 2
23 1 4 3 4 12 1 19 2 28 2
23 1 4 3 4 14 1 25 1 28 2
23 1 4 3 4 15 1 27 1 28 2
23 4 6 9 1 9 1 10 1 19 1 30 1 30 1
23 2 6 9 1 9 1 10 2 28 1 30 1 30 1
23 2 6 9 1 9 1 12 1 19 2 30 1 30 1
23 2 6 9 1 9 1 14 1 25 1 30 1 30 1
23 2 6 9 1 9 1 15 1 27 1 30 1 30 1
23 4 6 9 1 10 1 11 1 19 1 30 1 31 1
23 4 6 9 1 10 1 12 1 19 1 26 2 30 1
23 4 6 9 1 10 1 16 1 19 1 21 1 30 1
23 4 6 9 1 10 1 18 1 19 1 20 1 30 1
23 2 6 9 1 10 2 11 1 28 1 30 1 31 1
23 2 6 9 1 10 2 12 1 26 2 28 1 30 1
23 2 6 9 1 10 2 16 1 21 1 28 1 30 1
23 2 6 9 1 10 2 18 1 20 1 28 1 30 1
23 2 6 9 1 11 1 12 1 19 2 30 1 31 1
23 2 6 9 1 11 1 14 1 25 1 30 1 31 1
23 2 6 9 1 11 1 15 1 27 1 30 1 31 1
23 2 6 9 1 12 1 12 1 19 2 26 2 30 1
23 2 6 9 1 12 1 14 1 25 1 26 2 30 1
23 2 6 9 1 12 1 15 1 26 2 27 1 30 1
23 2 6 9 1 12 1 16 1 19 2 21 1 30 1
23 2 6 9 1 12 1 18 1 19 2 20 1 30 1
23 2 6 9 1 14 1 16 1 21 1 25 1 30 1
23 2 6 9 1 14 1 18 1 20 1 25 1 30 1
23 2 6 9 1 15 1 16 1 21 1 27 1 30 1
23 2 6 9 1 15 1 18 1 20 1 27 1 30 1
23 2 4 9 2 10 1 19 1 30 2
23 1 4 9 2 10 2 28 1 30 2
23 1 4 9 2 12 1 19 2 30 2
23 1 4 9 2 14 1 25 1 30 2
23 1 4 9 2 15 1 27 1 30 2
23 4 6 10 1 11 1 11 1 19 1 31 1 31 1
23 4 6 10 1 11 1 12 1 19 1 26 2 31 1
23 4 6 10 1 11 1 16 1 19 1 21 1 31 1
23 4 6 10 1 11 1 18 1 19 1 20 1 31 1
23 2 4 10 1 11 2 19 1 31 2
23 4 6 10 1 12 1 12 1 19 1 26 2 26 2
23 4 6 10 1 12 1 16 1 19 1 21 1 26 2
23 4 6 10 1 12 1 18 1 19 1 20 1 26 2
23 2 4 10 1 12 2 19 1 26 4
23 4 6 10 1 16 1 16 1 19 1 21 1 21 1
23 4 6 10 1 16 1 18 1 19 1 20 1 21 1
23 2 4 10 1 16 2 19 1 21 2
23 4 6 10 1 18 1 18 1 19 1 20 1 20 1
23 2 4 10 1 18 2 19 1 20 2
23 2 6 10 2 11 1 11 1 28 1 31 1 31 1
23 2 6 10 2 11 1 12 1 26 2 28 1 31 1
23 2 6 10 2 11 1 16 1 21 1 28 1 31 1
23 2 6 10 2 11 1 18 1 20 1 28 1 31 1
23 1 4 10 2 11 2 28 1 31 2
23 2 6 10 2 12 1 12 1 26 2 26 2 28 1
23 2 6 10 2 12 1 16 1 21 1 26 2 28 1
23 2 6 10 2 12 1 18 1 20 1 26 2 28 1
23 1 4 10 2 12 2 26 4 28 1
23 2 6 10 2 16 1 16 1 21 1 21 1 28 1
23 2 6 10 2 16 1 18 1 20 1 21 1 28 1
23 1 4 10 2 16 2 21 2 28 1
23 2 6 10 2 18 1 18 1 20 1 20 1 28 1
23 1 4 10 2 18 2 20 2 28 1
23 2 6 11 1 11 1 12 1 19 2 31 1 31 1
23 2 6 11 1 11 1 14 1 25 1 31 1 31 1
23 2 6 11 1 11 1 15 1 27 1 31 1 31 1
23 2 6 11 1 12 1 12 1 19 2 26 2 31 1
23 2 6 11 1 12 1 14 1 25 1 26 2 31 1
23 2 6 11 1 12 1 15 1 26 2 27 1 31 1
23 2 6 11 1 12 1 16 1 19 2 21 1 31 1
23 2 6 11 1 12 1 18 1 19 2 20 1 31 1
23 2 6 11 1 14 1 16 1 21 1 25 1 31 1
23 2 6 11 1 14 1 18 1 20 1 25 1 31 1
23 2 6 11 1 15 1 16 1 21 1 27 1 31 1
23 2 6 11 1 15 1 18 1 20 1 27 1 31 1
23 1 4 11 2 12 1 19 2 31 2
23 1 4 11 2 14 1 25 1 31 2
23 1 4 11 2 15 1 27 1 31 2
23 2 6 12 1 12 1 12 1 19 2 26 2 26 2
23 2 6 12 1 12 1 14 1 25 1 26 2 26 2
23 2 6 12 1 12 1 15 1 26 2 26 2 27 1
23 2 6 12 1 12 1 16 1 19 2 21 1 26 2
23 2 6 12 1 12 1 18 1 19 2 20 1 26 2
23 1 4 12 1 12 2 19 2 26 4
23 2 6 12 1 14 1 16 1 21 1 25 1 26 2
23 2 6 12 1 14 1 18 1 20 1 25 1 26 2
23 2 6 12 1 15 1 16 1 21 1 26 2 27 1
23 2 6 12 1 15 1 18 1 20 1 26 2 27 1
23 2 6 12 1 16 1 16 1 19 2 21 1 21 1
23 2 6 12 1 16 1 18 1 19 2 20 1 21 1
23 1 4 12 1 16 2 19 2 21 2
23 2 6 12 1 18 1 18 1 19 2 20 1 20 1
23 1 4 12 1 18 2 19 2 20 2
23 1 4 12 2 14 1 25 1 26 4
23 1 4 12 2 15 1 26 4 27 1
23 2 6 14 1 16 1 16 1 21 1 21 1 25 1
23 2 6 14 1 16 1 18 1 20 1 21 1 25 1
23 1 4 14 1 16 2 21 2 25 1
23 2 6 14 1 18 1 18 1 20 1 20 1 25 1
23 1 4 14 1 18 2 20 2 25 1
23 2 6 15 1 16 1 16 1 21 1 21 1 27 1
23 2 6 15 1 16 1 18 1 20 1 21 1 27 1
23 1 4 15 1 16 2 21 2 27 1
23 2 6 15 1 18 1 18 1 20 1 20 1 27 1
23 1 4 15 1 18 2 20 2 27 1
24 2 6 0 1 0 1 1 1 6 1 26 1 26 1
24 2 6 0 1 0 1 3 1 5 1 26 1 26 1
24 2 6 0 1 0 1 10 1 16 1 26 1 26 1
24 2 6 0 1 0 1 11 1 19 1 26 1 26 1
24 2 6 0 1 0 1 13 1 22 1 26 1 26 1
24 2 6 0 1 0 1 15 1 26 1 26 1 26 1
24 2 6 0 1 1 1 3 1 6 1 26 1 27 1
24 2 6 0 1 1 1 6 1 6 1 26 1 29 1
24 2 6 0 1 1 1 6 1 10 1 26 1 31 1
24 2 6 0 1 1 1 6 1 17 1 22 1 26 1
24 2 6 0 1 1 1 6 1 19 1 21 1 26 1
24 2 6 0 1 3 1 3 1 5 1 26 1 27 1
24 2 6 0 1 3 1 5 1 6 1 26 1 29 1
24 2 6 0 1 3 1 5 1 10 1 26 1 31 1
24 2 6 0 1 3 1 5 1 17 1 22 1 26 1
24 2 6 0 1 3 1 5 1 19 1 21 1 26 1
24 2 6 0 1 3 1 10 1 16 1 26 1 27 1
24 2 6 0 1 3 1 11 1 19 1 26 1 27 1
24 2 6 0 1 3 1 13 1 22 1 26 1 27 1
24 2 6 0 1 3 1 15 1 26 1 26 1 27 1
24 2 6 0 1 6 1 10 1 16 1 26 1 29 1
24 2 6 0 1 6 1 11 1 19 1 26 1 29 1
24 2 6 0 1 6 1 13 1 22 1 26 1 29 1
24 2 6 0 1 6 1 15 1 26 1 26 1 29 1
24 2 6 0 1 10 1 10 1 16 1 26 1 31 1
24 2 6 0 1 10 1 11 1 19 1 26 1 31 1
24 2 6 0 1 10 1 13 1 22 1 26 1 31 1
24 2 6 0 1 10 1 15 1 26 1 26 1 31 1
24 2 6 0 1 10 1 16 1 17 1 22 1 26 1
24 2 6 0 1 10 1 16 1 19 1 21 1 26 1
24 2 6 0 1 11 1 17 1 19 1 22 1 26 1
24 2 6 0 1 11 1 19 1 19 1 21 1 26 1
24 2 6 0 1 13 1 17 1 22 1 22 1 26 1
24 2 6 0 1 13 1 19 1 21 1 22 1 26 1
24 2 6 0 1 15 1 17 1 22 1 26 1 26 1
24 2 6 0 1 15 1 19 1 21 1 26 1 26 1
24 1 4 0 2 1 1 6 1 26 2
24 1 4 0 2 3 1 5 1 26 2
24 1 4 0 2 10 1 16 1 26 2
24 1 4 0 2 11 1 19 1 26 2
24 1 4 0 2 13 1 22 1 26 2
24 1 4 0 2 15 1 26 1 26 2
24 2 6 1 1 3 1 3 1 6 1 27 1 27 1
24 2 6 1 1 3 1 6 1 6 1 27 1 29 1
24 2 6 1 1 3 1 6 1 10 1 27 1 31 1
24 2 6 1 1 3 1 6 1 17 1 22 1 27 1
24 2 6 1 1 3 1 6 1 19 1 21 1 27 1
24 1 4 1 1 3 2 6 1 27 2
24 2 6 1 1 6 1 6 1 6 1 29 1 29 1
24 2 6 1 1 6 1 6 1 10 1 29 1 31 1
24 2 6 1 1 6 1 6 1 17 1 22 1 29 1
24 2 6 1 1 6 1 6 1 19 1 21 1 29 1
24 1 4 1 1 6 1 6 2 29 2
24 2 6 1 1 6 1 10 1 10 1 31 1 31 1
24 2 6 1 1 6 1 10 1 17 1 22 1 31 1
24 2 6 1 1 6 1 10 1 19 1 21 1 31 1
24 1 4 1 1 6 1 10 2 31 2
24 2 6 1 1 6 1 17 1 17 1 22 1 22 1
24 2 6 1 1 6 1 17 1 19 1 21 1 22 1
24 1 4 1 1 6 1 17 2 22 2
24 2 6 1 1 6 1 19 1 19 1 21 1 21 1
24 1 4 1 1 6 1 19 2 21 2
24 2 6 3 1 3 1 3 1 5 1 27 1 27 1
24 2 6 3 1 3 1 5 1 6 1 27 1 29 1
24 2 6 3 1 3 1 5 1 10 1 27 1 31 1
24 2 6 3 1 3 1 5 1 17 1 22 1 27 1
24 2 6 3 1 3 1 5 1 19 1 21 1 27 1
24 2 6 3 1 3 1 10 1 16 1 27 1 27 1
24 2 6 3 1 3 1 11 1 19 1 27 1 27 1
24 2 6 3 1 3 1 13 1 22 1 27 1 27 1
24 2 6 3 1 3 1 15 1 26 1 27 1 27 1
24 1 4 3 1 3 2 5 1 27 2
24 2 6 3 1 5 1 6 1 6 1 29 1 29 1
24 2 6 3 1 5 1 6 1 10 1 29 1 31 1
24 2 6 3 1 5 1 6 1 17 1 22 1 29 1
24 2 6 3 1 5 1 6 1 19 1 21 1 29 1
24 1 4 3 1 5 1 6 2 29 2
24 2 6 3 1 5 1 10 1 10 1 31 1 31 1
24 2 6 3 1 5 1 10 1 17 1 22 1 31 1
24 2 6 3 1 5 1 10 1 19 1 21 1 31 1
24 1 4 3 1 5 1 10 2 31 2
24 2 6 3 1 5 1 17 1 17 1 22 1 22 1
24 2 6 3 1 5 1 17 1 19 1 21 1 22 1
24 1 4 3 1 5 1 17 2 22 2
24 2 6 3 1 5 1 19 1 19 1 21 1 21 1
24 1 4 3 1 5 1 19 2 21 2
24 2 6 3 1 6 1 10 1 16 1 27 1 29 1
24 2 6 3 1 6 1 11 1 19 1 27 1 29 1
24 2 6 3 1 6 1 13 1 22 1 27 1 29 1
24 2 6 3 1 6 1 15 1 26 1 27 1 29 1
24 2 6 3 1 10 1 10 1 16 1 27 1 31 1
24 2 6 3 1 10 1 11 1 19 1 27 1 31 1
24 2 6 3 1 10 1 13 1 22 1 27 1 31 1
24 2 6 3 1 10 1 15 1 26 1 27 1 31 1
24 2 6 3 1 10 1 16 1 17 1 22 1 27 1
24 2 6 3 1 10 1 16 1 19 1 21 1 27 1
24 2 6 3 1 11 1 17 1 19 1 22 1 27 1
24 2 6 3 1 11 1 19 1 19 1 21 1 27 1
24 2 6 3 1 13 1 17 1 22 1 22 1 27 1
24 2 6 3 1 13 1 19 1 21 1 22 1 27 1
24 2 6 3 1 15 1 17 1 22 1 26 1 27 1
24 2 6 3 1 15 1 19 1 21 1 26 1 27 1
24 1 4 3 2 10 1 16 1 27 2
24 1 4 3 2 11 1 19 1 27 2
24 1 4 3 2 13 1 22 1 27 2
24 1 4 3 2 15 1 26 1 27 2
24 2 6 6 1 6 1 10 1 16 1 29 1 29 1
24 2 6 6 1 6 1 11 1 19 1 29 1 29 1
24 2 6 6 1 6 1 13 1 22 1 29 1 29 1
24 2 6 6 1 6 1 15 1 26 1 29 1 29 1
24 2 6 6 1 10 1 10 1 16 1 29 1 31 1
24 2 6 6 1 10 1 11 1 19 1 29 1 31 1
24 2 6 6 1 10 1 13 1 22 1 29 1 31 1
24 2 6 6 1 10 1 15 1 26 1 29 1 31 1
24 2 6 6 1 10 1 16 1 17 1 22 1 29 1
24 2 6 6 1 10 1 16 1 19 1 21 1 29 1
24 2 6 6 1 11 1 17 1 19 1 22 1 29 1
24 2 6 6 1 11 1 19 1 19 1 21 1 29 1
24 2 6 6 1 13 1 17 1 22 1 22 1 29 1
24 2 6 6 1 13 1 19 1 21 1 22 1 29 1
24 2 6 6 1 15 1 17 1 22 1 26 1 29 1
24 2 6 6 1 15 1 19 1 21 1 26 1 29 1
24 1 4 6 2 10 1 16 1 29 2
24 1 4 6 2 11 1 19 1 29 2
24 1 4 6 2 13 1 22 1 29 2
24 1 4 6 2 15 1 26 1 29 2
24 2 6 10 1 10 1 10 1 16 1 31 1 31 1
24 2 6 10 1 10 1 11 1 19 1 31 1 31 1
24 2 6 10 1 10 1 13 1 22 1 31 1 31 1
24 2 6 10 1 10 1 15 1 26 1 31 1 31 1
24 2 6 10 1 10 1 16 1 17 1 22 1 31 1
24 2 6 10 1 10 1 16 1 19 1 21 1 31 1
24 1 4 10 1 10 2 16 1 31 2
24 2 6 10 1 11 1 17 1 19 1 22 1 31 1
24 2 6 10 1 11 1 19 1 19 1 21 1 31 1
24 2 6 10 1 13 1 17 1 22 1 22 1 31 1
24 2 6 10 1 13 1 19 1 21 1 22 1 31 1
24 2 6 10 1 15 1 17 1 22 1 26 1 31 1
24 2 6 10 1 15 1 19 1 21 1 26 1 31 1
24 2 6 10 1 16 1 17 1 17 1 22 1 22 1
24 2 6 10 1 16 1 17 1 19 1 21 1 22 1
24 1 4 10 1 16 1 17 2 22 2
24 2 6 10 1 16 1 19 1 19 1 21 1 21 1
24 1 4 10 1 16 1 19 2 21 2
24 1 4 10 2 11 1 19 1 31 2
24 1 4 10 2 13 1 22 1 31 2
24 1 4 10 2 15 1 26 1 31 2
24 2 6 11 1 17 1 17 1 19 1 22 1 22 1
24 2 6 11 1 17 1 19 1 19 1 21 1 22 1
24 1 4 11 1 17 2 19 1 22 2
24 2 6 11 1 19 1 19 1 19 1 21 1 21 1
24 1 4 11 1 19 1 19 2 21 2
24 2 6 13 1 17 1 17 1 22 1 22 1 22 1
24 2 6 13 1 17 1 19 1 21 1 22 1 22 1
24 1 4 13 1 17 2 22 1 22 2
24 2 6 13 1 19 1 19 1 21 1 21 1 22 1
24 1 4 13 1 19 2 21 2 22 1
24 2 6 15 1 17 1 17 1 22 1 22 1 26 1
24 2 6 15 1 17 1 19 1 21 1 22 1 26 1
24 1 4 15 1 17 2 22 2 26 1
24 2 6 15 1 19 1 19 1 21 1 21 1 26 1
24 1 4 15 1 19 2 21 2 26 1
25 2 6 1 1 1 1 2 1 3 2 27 1 27 1
25 4 6 1 1 1 1 3 1 6 1 27 1 27 1
25 2 6 1 1 1 1 6 2 18 1 27 1 27 1
25 2 6 1 1 1 1 11 1 17 1 27 1 27 1
25 2 6 1 1 1 1 12 1 20 1 27 1 27 1
25 2 6 1 1 1 1 13 1 21 1 27 1 27 1
25 2 6 1 1 1 1 14 1 23 1 27 1 27 1
25 2 6 1 1 2 1 2 1 3 2 22 2 27 1
25 4 6 1 1 2 1 3 1 6 1 22 2 27 1
25 2 6 1 1 2 1 3 2 4 1 27 1 28 1
25 2 6 1 1 2 1 3 2 5 1 27 1 29 1
25 2 6 1 1 2 1 3 2 7 1 27 1 30 1
25 2 6 1 1 2 1 3 2 18 1 19 2 27 1
25 4 6 1 1 2 1 3 2 19 1 22 1 27 1
25 2 6 1 1 2 1 6 2 18 1 22 2 27 1
25 2 6 1 1 2 1 11 1 17 1 22 2 27 1
25 2 6 1 1 2 1 12 1 20 1 22 2 27 1
25 2 6 1 1 2 1 13 1 21 1 22 2 27 1
25 2 6 1 1 2 1 14 1 22 2 23 1 27 1
25 4 6 1 1 3 1 4 1 6 1 27 1 28 1
25 4 6 1 1 3 1 5 1 6 1 27 1 29 1
25 4 6 1 1 3 1 6 1 7 1 27 1 30 1
25 4 6 1 1 3 1 6 1 18 1 19 2 27 1
25 8 6 1 1 3 1 6 1 19 1 22 1 27 1
25 2 6 1 1 4 1 6 2 18 1 27 1 28 1
25 2 6 1 1 4 1 11 1 17 1 27 1 28 1
25 2 6 1 1 4 1 12 1 20 1 27 1 28 1
25 2 6 1 1 4 1 13 1 21 1 27 1 28 1
25 2 6 1 1 4 1 14 1 23 1 27 1 28 1
25 2 6 1 1 5 1 6 2 18 1 27 1 29 1
25 2 6 1 1 5 1 11 1 17 1 27 1 29 1
25 2 6 1 1 5 1 12 1 20 1 27 1 29 1
25 2 6 1 1 5 1 13 1 21 1 27 1 29 1
25 2 6 1 1 5 1 14 1 23 1 27 1 29 1
25 2 6 1 1 6 2 7 1 18 1 27 1 30 1
25 2 6 1 1 6 2 18 1 18 1 19 2 27 1
25 4 6 1 1 6 2 18 1 19 1 22 1 27 1
25 2 6 1 1 7 1 11 1 17 1 27 1 30 1
25 2 6 1 1 7 1 12 1 20 1 27 1 30 1
25 2 6 1 1 7 1 13 1 21 1 27 1 30 1
25 2 6 1 1 7 1 14 1 23 1 27 1 30 1
25 2 6 1 1 11 1 17 1 18 1 19 2 27 1
25 4 6 1 1 11 1 17 1 19 1 22 1 27 1
25 2 6 1 1 12 1 18 1 19 2 20 1 27 1
25 4 6 1 1 12 1 19 1 20 1 22 1 27 1
25 2 6 1 1 13 1 18 1 19 2 21 1 27 1
25 4 6 1 1 13 1 19 1 21 1 22 1 27 1
25 2 6 1 1 14 1 18 1 19 2 23 1 27 1
25 4 6 1 1 14 1 19 1 22 1 23 1 27 1
25 1 4 1 2 2 1 3 2 27 2
25 2 4 1 2 3 1 6 1 27 2
25 1 4 1 2 6 2 18 1 27 2
25 1 4 1 2 11 1 17 1 27 2
25 1 4 1 2 12 1 20 1 27 2
25 1 4 1 2 13 1 21 1 27 2
25 1 4 1 2 14 1 23 1 27 2
25 2 6 2 1 2 1 2 1 3 2 22 2 22 2
25 4 6 2 1 2 1 3 1 6 1 22 2 22 2
25 2 6 2 1 2 1 3 2 4 1 22 2 28 1
25 2 6 2 1 2 1 3 2 5 1 22 2 29 1
25 2 6 2 1 2 1 3 2 7 1 22 2 30 1
25 2 6 2 1 2 1 3 2 18 1 19 2 22 2
25 4 6 2 1 2 1 3 2 19 1 22 1 22 2
25 2 6 2 1 2 1 6 2 18 1 22 2 22 2
25 2 6 2 1 2 1 11 1 17 1 22 2 22 2
25 2 6 2 1 2 1 12 1 20 1 22 2 22 2
25 2 6 2 1 2 1 13 1 21 1 22 2 22 2
25 2 6 2 1 2 1 14 1 22 2 22 2 23 1
25 1 4 2 1 2 2 3 2 22 4
25 4 6 2 1 3 1 4 1 6 1 22 2 28 1
25 4 6 2 1 3 1 5 1 6 1 22 2 29 1
25 4 6 2 1 3 1 6 1 7 1 22 2 30 1
25 4 6 2 1 3 1 6 1 18 1 19 2 22 2
25 8 6 2 1 3 1 6 1 19 1 22 1 22 2
25 2 6 2 1 3 2 4 1 4 1 28 1 28 1
25 2 6 2 1 3 2 4 1 5 1 28 1 29 1
25 2 6 2 1 3 2 4 1 7 1 28 1 30 1
25 2 6 2 1 3 2 4 1 18 1 19 2 28 1
25 4 6 2 1 3 2 4 1 19 1 22 1 28 1
25 1 4 2 1 3 2 4 2 28 2
25 2 6 2 1 3 2 5 1 5 1 29 1 29 1
25 2 6 2 1 3 2 5 1 7 1 29 1 30 1
25 2 6 2 1 3 2 5 1 18 1 19 2 29 1
25 4 6 2 1 3 2 5 1 19 1 22 1 29 1
25 1 4 2 1 3 2 5 2 29 2
25 2 6 2 1 3 2 7 1 7 1 30 1 30 1
25 2 6 2 1 3 2 7 1 18 1 19 2 30 1
25 4 6 2 1 3 2 7 1 19 1 22 1 30 1
25 1 4 2 1 3 2 7 2 30 2
25 2 6 2 1 3 2 18 1 18 1 19 2 19 2
25 4 6 2 1 3 2 18 1 19 1 19 2 22 1
25 1 4 2 1 3 2 18 2 19 4
25 8 6 2 1 3 2 19 1 19 1 22 1 22 1
25 4 4 2 1 3 2 19 2 22 2
25 2 6 2 1 4 1 6 2 18 1 22 2 28 1
25 2 6 2 1 4 1 11 1 17 1 22 2 28 1
25 2 6 2 1 4 1 12 1 20 1 22 2 28 1
25 2 6 2 1 4 1 13 1 21 1 22 2 28 1
25 2 6 2 1 4 1 14 1 22 2 23 1 28 1
25 2 6 2 1 5 1 6 2 18 1 22 2 29 1
25 2 6 2 1 5 1 11 1 17 1 22 2 29 1
25 2 6 2 1 5 1 12 1 20 1 22 2 29 1
25 2 6 2 1 5 1 13 1 21 1 22 2 29 1
25 2 6 2 1 5 1 14 1 22 2 23 1 29 1
25 2 6 2 1 6 2 7 1 18 1 22 2 30 1
25 2 6 2 1 6 2 18 1 18 1 19 2 22 2
25 4 6 2 1 6 2 18 1 19 1 22 1 22 2
25 2 6 2 1 7 1 11 1 17 1 22 2 30 1
25 2 6 2 1 7 1 12 1 20 1 22 2 30 1
25 2 6 2 1 7 1 13 1 21 1 22 2 30 1
25 2 6 2 1 7 1 14 1 22 2 23 1 30 1
25 2 6 2 1 11 1 17 1 18 1 19 2 22 2
25 4 6 2 1 11 1 17 1 19 1 22 1 22 2
25 2 6 2 1 12 1 18 1 19 2 20 1 22 2
25 4 6 2 1 12 1 19 1 20 1 22 1 22 2
25 2 6 2 1 13 1 18 1 19 2 21 1 22 2
25 4 6 2 1 13 1 19 1 21 1 22 1 22 2
25 2 6 2 1 14 1 18 1 19 2 22 2 23 1
25 4 6 2 1 14 1 19 1 22 1 22 2 23 1
25 2 4 2 2 3 1 6 1 22 4
25 1 4 2 2 6 2 18 1 22 4
25 1 4 2 2 11 1 17 1 22 4
25 1 4 2 2 12 1 20 1 22 4
25 1 4 2 2 13 1 21 1 22 4
25 1 4 2 2 14 1 22 4 23 1
25 4 6 3 1 4 1 4 1 6 1 28 1 28 1
25 4 6 3 1 4 1 5 1 6 1 28 1 29 1
25 4 6 3 1 4 1 6 1 7 1 28 1 30 1
25 4 6 3 1 4 1 6 1 18 1 19 2 28 1
25 8 6 3 1 4 1 6 1 19 1 22 1 28 1
25 2 4 3 1 4 2 6 1 28 2
25 4 6 3 1 5 1 5 1 6 1 29 1 29 1
25 4 6 3 1 5 1 6 1 7 1 29 1 30 1
25 4 6 3 1 5 1 6 1 18 1 19 2 29 1
25 8 6 3 1 5 1 6 1 19 1 22 1 29 1
25 2 4 3 1 5 2 6 1 29 2
25 4 6 3 1 6 1 7 1 7 1 30 1 30 1
25 4 6 3 1 6 1 7 1 18 1 19 2 30 1
25 8 6 3 1 6 1 7 1 19 1 22 1 30 1
25 2 4 3 1 6 1 7 2 30 2
25 4 6 3 1 6 1 18 1 18 1 19 2 19 2
25 8 6 3 1 6 1 18 1 19 1 19 2 22 1
25 2 4 3 1 6 1 18 2 19 4
25 16 6 3 1 6 1 19 1 19 1 22 1 22 1
25 8 4 3 1 6 1 19 2 22 2
25 2 6 4 1 4 1 6 2 18 1 28 1 28 1
25 2 6 4 1 4 1 11 1 17 1 28 1 28 1
25 2 6 4 1 4 1 12 1 20 1 28 1 28 1
25 2 6 4 1 4 1 13 1 21 1 28 1 28 1
25 2 6 4 1 4 1 14 1 23 1 28 1 28 1
25 2 6 4 1 5 1 6 2 18 1 28 1 29 1
25 2 6 4 1 5 1 11 1 17 1 28 1 29 1
25 2 6 4 1 5 1 12 1 20 1 28 1 29 1
25 2 6 4 1 5 1 13 1 21 1 28 1 29 1
25 2 6 4 1 5 1 14 1 23 1 28 1 29 1
25 2 6 4 1 6 2 7 1 18 1 28 1 30 1
25 2 6 4 1 6 2 18 1 18 1 19 2 28 1
25 4 6 4 1 6 2 18 1 19 1 22 1 28 1
25 2 6 4 1 7 1 11 1 17 1 28 1 30 1
25 2 6 4 1 7 1 12 1 20 1 28 1 30 1
25 2 6 4 1 7 1 13 1 21 1 28 1 30 1
25 2 6 4 1 7 1 14 1 23 1 28 1 30 1
25 2 6 4 1 11 1 17 1 18 1 19 2 28 1
25 4 6 4 1 11 1 17 1 19 1 22 1 28 1
25 2 6 4 1 12 1 18 1 19 2 20 1 28 1
25 4 6 4 1 12 1 19 1 20 1 22 1 28 1
25 2 6 4 1 13 1 18 1 19 2 21 1 28 1
25 4 6 4 1 13 1 19 1 21 1 22 1 28 1
25 2 6 4 1 14 1 18 1 19 2 23 1 28 1
25 4 6 4 1 14 1 19 1 22 1 23 1 28 1
25 1 4 4 2 6 2 18 1 28 2
25 1 4 4 2 11 1 17 1 28 2
25 1 4 4 2 12 1 20 1 28 2
25 1 4 4 2 13 1 21 1 28 2
25 1 4 4 2 14 1 23 1 28 2
25 2 6 5 1 5 1 6 2 18 1 29 1 29 1
25 2 6 5 1 5 1 11 1 17 1 29 1 29 1
25 2 6 5 1 5 1 12 1 20 1 29 1 29 1
25 2 6 5 1 5 1 13 1 21 1 29 1 29 1
25 2 6 5 1 5 1 14 1 23 1 29 1 29 1
25 2 6 5 1 6 2 7 1 18 1 29 1 30 1
25 2 6 5 1 6 2 18 1 18 1 19 2 29 1
25 4 6 5 1 6 2 18 1 19 1 22 1 29 1
25 2 6 5 1 7 1 11 1 17 1 29 1 30 1
25 2 6 5 1 7 1 12 1 20 1 29 1 30 1
25 2 6 5 1 7 1 13 1 21 1 29 1 30 1
25 2 6 5 1 7 1 14 1 23 1 29 1 30 1
25 2 6 5 1 11 1 17 1 18 1 19 2 29 1
25 4 6 5 1 11 1 17 1 19 1 22 1 29 1
25 2 6 5 1 12 1 18 1 19 2 20 1 29 1
25 4 6 5 1 12 1 19 1 20 1 22 1 29 1
25 2 6 5 1 13 1 18 1 19 2 21 1 29 1
25 4 6 5 1 13 1 19 1 21 1 22 1 29 1
25 2 6 5 1 14 1 18 1 19 2 23 1 29 1
25 4 6 5 1 14 1 19 1 22 1 23 1 29 1
25 1 4 5 2 6 2 18 1 29 2
25 1 4 5 2 11 1 17 1 29 2
25 1 4 5 2 12 1 20 1 29 2
25 1 4 5 2 13 1 21 1 29 2
25 1 4 5 2 14 1 23 1 29 2
25 2 6 6 2 7 1 7 1 18 1 30 1 30 1
25 2 6 6 2 7 1 18 1 18 1 19 2 30 1
25 4 6 6 2 7 1 18 1 19 1 22 1 30 1
25 1 4 6 2 7 2 18 1 30 2
25 2 6 6 2 18 1 18 1 18 1 19 2 19 2
25 4 6 6 2 18 1 18 1 19 1 19 2 22 1
25 1 4 6 2 18 1 18 2 19 4
25 8 6 6 2 18 1 19 1 19 1 22 1 22 1
25 4 4 6 2 18 1 19 2 22 2
25 2 6 7 1 7 1 11 1 17 1 30 1 30 1
25 2 6 7 1 7 1 12 1 20 1 30 1 30 1
25 2 6 7 1 7 1 13 1 21 1 30 1 30 1
25 2 6 7 1 7 1 14 1 23 1 30 1 30 1
25 2 6 7 1 11 1 17 1 18 1 19 2 30 1
25 4 6 7 1 11 1 17 1 19 1 22 1 30 1
25 2 6 7 1 12 1 18 1 19 2 20 1 30 1
25 4 6 7 1 12 1 19 1 20 1 22 1 30 1
25 2 6 7 1 13 1 18 1 19 2 21 1 30 1
25 4 6 7 1 13 1 19 1 21 1 22 1 30 1
25 2 6 7 1 14 1 18 1 19 2 23 1 30 1
25 4 6 7 1 14 1 19 1 22 1 23 1 30 1
25 1 4 7 2 11 1 17 1 30 2
25 1 4 7 2 12 1 20 1 30 2
25 1 4 7 2 13 1 21 1 30 2
25 1 4 7 2 14 1 23 1 30 2
25 2 6 11 1 17 1 18 1 18 1 19 2 19 2
25 4 6 11 1 17 1 18 1 19 1 19 2 22 1
25 1 4 11 1 17 1 18 2 19 4
25 8 6 11 1 17 1 19 1 19 1 22 1 22 1
25 4 4 11 1 17 1 19 2 22 2
25 2 6 12 1 18 1 18 1 19 2 19 2 20 1
25 4 6 12 1 18 1 19 1 19 2 20 1 22 1
25 1 4 12 1 18 2 19 4 20 1
25 8 6 12 1 19 1 19 1 20 1 22 1 22 1
25 4 4 12 1 19 2 20 1 22 2
25 2 6 13 1 18 1 18 1 19 2 19 2 21 1
25 4 6 13 1 18 1 19 1 19 2 21 1 22 1
25 1 4 13 1 18 2 19 4 21 1
25 8 6 13 1 19 1 19 1 21 1 22 1 22 1
25 4 4 13 1 19 2 21 1 22 2
25 2 6 14 1 18 1 18 1 19 2 19 2 23 1
25 4 6 14 1 18 1 19 1 19 2 22 1 23 1
25 1 4 14 1 18 2 19 4 23 1
25 8 6 14 1 19 1 19 1 22 1 22 1 23 1
25 4 4 14 1 19 2 22 2 23 1
26 2 6 0 1 3 1 3 1 8 1 28 1 28 1
26 2 6 0 1 3 1 6 1 8 1 28 1 30 1
26 2 6 0 1 3 1 8 1 8 1 28 1 31 1
26 2 6 0 1 3 1 8 1 16 1 24 1 28 1
26 2 6 0 1 3 1 8 1 19 1 23 1 28 1
26 2 6 0 1 3 1 8 1 20 1 22 1 28 1
26 1 4 0 1 3 2 8 1 28 2
26 2 6 0 1 6 1 6 1 8 1 30 1 30 1
26 2 6 0 1 6 1 8 1 8 1 30 1 31 1
26 2 6 0 1 6 1 8 1 16 1 24 1 30 1
26 2 6 0 1 6 1 8 1 19 1 23 1 30 1
26 2 6 0 1 6 1 8 1 20 1 22 1 30 1
26 1 4 0 1 6 2 8 1 30 2
26 2 6 0 1 8 1 8 1 8 1 31 1 31 1
26 2 6 0 1 8 1 8 1 16 1 24 1 31 1
26 2 6 0 1 8 1 8 1 19 1 23 1 31 1
26 2 6 0 1 8 1 8 1 20 1 22 1 31 1
26 1 4 0 1 8 1 8 2 31 2
26 2 6 0 1 8 1 16 1 16 1 24 1 24 1
26 2 6 0 1 8 1 16 1 19 1 23 1 24 1
26 2 6 0 1 8 1 16 1 20 1 22 1 24 1
26 1 4 0 1 8 1 16 2 24 2
26 2 6 0 1 8 1 19 1 19 1 23 1 23 1
26 2 6 0 1 8 1 19 1 20 1 22 1 23 1
26 1 4 0 1 8 1 19 2 23 2
26 2 6 0 1 8 1 20 1 20 1 22 1 22 1
26 1 4 0 1 8 1 20 2 22 2
26 2 6 3 1 3 1 3 1 7 1 28 1 28 1
26 2 6 3 1 3 1 4 1 6 1 28 1 28 1
26 2 6 3 1 3 1 6 1 7 1 28 1 30 1
26 2 6 3 1 3 1 7 1 8 1 28 1 31 1
26 2 6 3 1 3 1 7 1 16 1 24 1 28 1
26 2 6 3 1 3 1 7 1 19 1 23 1 28 1
26 2 6 3 1 3 1 7 1 20 1 22 1 28 1
26 2 6 3 1 3 1 12 1 19 1 28 1 28 1
26 2 6 3 1 3 1 14 1 22 1 28 1 28 1
26 2 6 3 1 3 1 15 1 24 1 28 1 28 1
26 1 4 3 1 3 2 7 1 28 2
26 2 6 3 1 4 1 6 1 6 1 28 1 30 1
26 2 6 3 1 4 1 6 1 8 1 28 1 31 1
26 2 6 3 1 4 1 6 1 16 1 24 1 28 1
26 2 6 3 1 4 1 6 1 19 1 23 1 28 1
26 2 6 3 1 4 1 6 1 20 1 22 1 28 1
26 2 6 3 1 6 1 6 1 7 1 30 1 30 1
26 2 6 3 1 6 1 7 1 8 1 30 1 31 1
26 2 6 3 1 6 1 7 1 16 1 24 1 30 1
26 2 6 3 1 6 1 7 1 19 1 23 1 30 1
26 2 6 3 1 6 1 7 1 20 1 22 1 30 1
26 2 6 3 1 6 1 12 1 19 1 28 1 30 1
26 2 6 3 1 6 1 14 1 22 1 28 1 30 1
26 2 6 3 1 6 1 15 1 24 1 28 1 30 1
26 1 4 3 1 6 2 7 1 30 2
26 2 6 3 1 7 1 8 1 8 1 31 1 31 1
26 2 6 3 1 7 1 8 1 16 1 24 1 31 1
26 2 6 3 1 7 1 8 1 19 1 23 1 31 1
26 2 6 3 1 7 1 8 1 20 1 22 1 31 1
26 1 4 3 1 7 1 8 2 31 2
26 2 6 3 1 7 1 16 1 16 1 24 1 24 1
26 2 6 3 1 7 1 16 1 19 1 23 1 24 1
26 2 6 3 1 7 1 16 1 20 1 22 1 24 1
26 1 4 3 1 7 1 16 2 24 2
26 2 6 3 1 7 1 19 1 19 1 23 1 23 1
26 2 6 3 1 7 1 19 1 20 1 22 1 23 1
26 1 4 3 1 7 1 19 2 23 2
26 2 6 3 1 7 1 20 1 20 1 22 1 22 1
26 1 4 3 1 7 1 20 2 22 2
26 2 6 3 1 8 1 12 1 19 1 28 1 31 1
26 2 6 3 1 8 1 14 1 22 1 28 1 31 1
26 2 6 3 1 8 1 15 1 24 1 28 1 31 1
26 2 6 3 1 12 1 16 1 19 1 24 1 28 1
26 2 6 3 1 12 1 19 1 19 1 23 1 28 1
26 2 6 3 1 12 1 19 1 20 1 22 1 28 1
26 2 6 3 1 14 1 16 1 22 1 24 1 28 1
26 2 6 3 1 14 1 19 1 22 1 23 1 28 1
26 2 6 3 1 14 1 20 1 22 1 22 1 28 1
26 2 6 3 1 15 1 16 1 24 1 24 1 28 1
26 2 6 3 1 15 1 19 1 23 1 24 1 28 1
26 2 6 3 1 15 1 20 1 22 1 24 1 28 1
26 1 4 3 2 4 1 6 1 28 2
26 1 4 3 2 12 1 19 1 28 2
26 1 4 3 2 14 1 22 1 28 2
26 1 4 3 2 15 1 24 1 28 2
26 2 6 4 1 6 1 6 1 6 1 30 1 30 1
26 2 6 4 1 6 1 6 1 8 1 30 1 31 1
26 2 6 4 1 6 1 6 1 16 1 24 1 30 1
26 2 6 4 1 6 1 6 1 19 1 23 1 30 1
26 2 6 4 1 6 1 6 1 20 1 22 1 30 1
26 1 4 4 1 6 1 6 2 30 2
26 2 6 4 1 6 1 8 1 8 1 31 1 31 1
26 2 6 4 1 6 1 8 1 16 1 24 1 31 1
26 2 6 4 1 6 1 8 1 19 1 23 1 31 1
26 2 6 4 1 6 1 8 1 20 1 22 1 31 1
26 1 4 4 1 6 1 8 2 31 2
26 2 6 4 1 6 1 16 1 16 1 24 1 24 1
26 2 6 4 1 6 1 16 1 19 1 23 1 24 1
26 2 6 4 1 6 1 16 1 20 1 22 1 24 1
26 1 4 4 1 6 1 16 2 24 2
26 2 6 4 1 6 1 19 1 19 1 23 1 23 1
26 2 6 4 1 6 1 19 1 20 1 22 1 23 1
26 1 4 4 1 6 1 19 2 23 2
26 2 6 4 1 6 1 20 1 20 1 22 1 22 1
26 1 4 4 1 6 1 20 2 22 2
26 2 6 6 1 6 1 12 1 19 1 30 1 30 1
26 2 6 6 1 6 1 14 1 22 1 30 1 30 1
26 2 6 6 1 6 1 15 1 24 1 30 1 30 1
26 2 6 6 1 8 1 12 1 19 1 30 1 31 1
26 2 6 6 1 8 1 14 1 22 1 30 1 31 1
26 2 6 6 1 8 1 15 1 24 1 30 1 31 1
26 2 6 6 1 12 1 16 1 19 1 24 1 30 1
26 2 6 6 1 12 1 19 1 19 1 23 1 30 1
26 2 6 6 1 12 1 19 1 20 1 22 1 30 1
26 2 6 6 1 14 1 16 1 22 1 24 1 30 1
26 2 6 6 1 14 1 19 1 22 1 23 1 30 1
26 2 6 6 1 14 1 20 1 22 1 22 1 30 1
26 2 6 6 1 15 1 16 1 24 1 24 1 30 1
26 2 6 6 1 15 1 19 1 23 1 24 1 30 1
26 2 6 6 1 15 1 20 1 22 1 24 1 30 1
26 1 4 6 2 12 1 19 1 30 2
26 1 4 6 2 14 1 22 1 30 2
26 1 4 6 2 15 1 24 1 30 2
26 2 6 8 1 8 1 12 1 19 1 31 1 31 1
26 2 6 8 1 8 1 14 1 22 1 31 1 31 1
26 2 6 8 1 8 1 15 1 24 1 31 1 31 1
26 2 6 8 1 12 1 16 1 19 1 24 1 31 1
26 2 6 8 1 12 1 19 1 19 1 23 1 31 1
26 2 6 8 1 12 1 19 1 20 1 22 1 31 1
26 2 6 8 1 14 1 16 1 22 1 24 1 31 1
26 2 6 8 1 14 1 19 1 22 1 23 1 31 1
26 2 6 8 1 14 1 20 1 22 1 22 1 31 1
26 2 6 8 1 15 1 16 1 24 1 24 1 31 1
26 2 6 8 1 15 1 19 1 23 1 24 1 31 1
26 2 6 8 1 15 1 20 1 22 1 24 1 31 1
26 1 4 8 2 12 1 19 1 31 2
26 1 4 8 2 14 1 22 1 31 2
26 1 4 8 2 15 1 24 1 31 2
26 2 6 12 1 16 1 16 1 19 1 24 1 24 1
26 2 6 12 1 16 1 19 1 19 1 23 1 24 1
26 2 6 12 1 16 1 19 1 20 1 22 1 24 1
26 1 4 12 1 16 2 19 1 24 2
26 2 6 12 1 19 1 19 1 19 1 23 1 23 1
26 2 6 12 1 19 1 19 1 20 1 22 1 23 1
26 1 4 12 1 19 1 19 2 23 2
26 2 6 12 1 19 1 20 1 20 1 22 1 22 1
26 1 4 12 1 19 1 20 2 22 2
26 2 6 14 1 16 1 16 1 22 1 24 1 24 1
26 2 6 14 1 16 1 19 1 22 1 23 1 24 1
26 2 6 14 1 16 1 20 1 22 1 22 1 24 1
26 1 4 14 1 16 2 22 1 24 2
26 2 6 14 1 19 1 19 1 22 1 23 1 23 1
26 2 6 14 1 19 1 20 1 22 1 22 1 23 1
26 1 4 14 1 19 2 22 1 23 2
26 2 6 14 1 20 1 20 1 22 1 22 1 22 1
26 1 4 14 1 20 2 22 1 22 2
26 2 6 15 1 16 1 16 1 24 1 24 1 24 1
26 2 6 15 1 16 1 19 1 23 1 24 1 24 1
26 2 6 15 1 16 1 20 1 22 1 24 1 24 1
26 1 4 15 1 16 2 24 1 24 2
26 2 6 15 1 19 1 19 1 23 1 23 1 24 1
26 2 6 15 1 19 1 20 1 22 1 23 1 24 1
26 1 4 15 1 19 2 23 2 24 1
26 2 6 15 1 20 1 20 1 22 1 22 1 24 1
26 1 4 15 1 20 2 22 2 24 1
27 2 6 0 1 0 1 1 1 9 1 28 1 28 1
27 4 6 0 1 0 1 3 1 8 1 28 1 28 1
27 2 6 0 1 0 1 3 2 5 1 28 1 28 1
27 2 6 0 1 0 1 8 2 21 1 28 1 28 1
27 2 6 0 1 0 1 12 1 16 1 28 1 28 1
27 2 6 0 1 0 1 13 1 18 1 28 1 28 1
27 2 6 0 1 0 1 15 1 23 1 28 1 28 1
27 2 6 0 1 1 1 2 1 9 1 28 1 29 1
27 2 6 0 1 1 1 5 1 9 1 24 2 28 1
27 2 6 0 1 1 1 7 1 9 1 28 1 31 1
27 2 6 0 1 1 1 9 1 17 1 25 1 28 1
27 4 6 0 1 1 1 9 1 19 1 24 1 28 1
27 2 6 0 1 1 1 9 1 19 2 21 1 28 1
27 4 6 0 1 2 1 3 1 8 1 28 1 29 1
27 2 6 0 1 2 1 3 2 5 1 28 1 29 1
27 2 6 0 1 2 1 8 2 21 1 28 1 29 1
27 2 6 0 1 2 1 12 1 16 1 28 1 29 1
27 2 6 0 1 2 1 13 1 18 1 28 1 29 1
27 2 6 0 1 2 1 15 1 23 1 28 1 29 1
27 4 6 0 1 3 1 5 1 8 1 24 2 28 1
27 4 6 0 1 3 1 7 1 8 1 28 1 31 1
27 4 6 0 1 3 1 8 1 17 1 25 1 28 1
27 8 6 0 1 3 1 8 1 19 1 24 1 28 1
27 4 6 0 1 3 1 8 1 19 2 21 1 28 1
27 2 6 0 1 3 2 5 1 5 1 24 2 28 1
27 2 6 0 1 3 2 5 1 7 1 28 1 31 1
27 2 6 0 1 3 2 5 1 17 1 25 1 28 1
27 4 6 0 1 3 2 5 1 19 1 24 1 28 1
27 2 6 0 1 3 2 5 1 19 2 21 1 28 1
27 2 6 0 1 5 1 8 2 21 1 24 2 28 1
27 2 6 0 1 5 1 12 1 16 1 24 2 28 1
27 2 6 0 1 5 1 13 1 18 1 24 2 28 1
27 2 6 0 1 5 1 15 1 23 1 24 2 28 1
27 2 6 0 1 7 1 8 2 21 1 28 1 31 1
27 2 6 0 1 7 1 12 1 16 1 28 1 31 1
27 2 6 0 1 7 1 13 1 18 1 28 1 31 1
27 2 6 0 1 7 1 15 1 23 1 28 1 31 1
27 2 6 0 1 8 2 17 1 21 1 25 1 28 1
27 4 6 0 1 8 2 19 1 21 1 24 1 28 1
27 2 6 0 1 8 2 19 2 21 1 21 1 28 1
27 2 6 0 1 12 1 16 1 17 1 25 1 28 1
27 4 6 0 1 12 1 16 1 19 1 24 1 28 1
27 2 6 0 1 12 1 16 1 19 2 21 1 28 1
27 2 6 0 1 13 1 17 1 18 1 25 1 28 1
27 4 6 0 1 13 1 18 1 19 1 24 1 28 1
27 2 6 0 1 13 1 18 1 19 2 21 1 28 1
27 2 6 0 1 15 1 17 1 23 1 25 1 28 1
27 4 6 0 1 15 1 19 1 23 1 24 1 28 1
27 2 6 0 1 15 1 19 2 21 1 23 1 28 1
27 1 4 0 2 1 1 9 1 28 2
27 2 4 0 2 3 1 8 1 28 2
27 1 4 0 2 3 2 5 1 28 2
27 1 4 0 2 8 2 21 1 28 2
27 1 4 0 2 12 1 16 1 28 2
27 1 4 0 2 13 1 18 1 28 2
27 1 4 0 2 15 1 23 1 28 2
27 2 6 1 1 2 1 2 1 9 1 29 1 29 1
27 2 6 1 1 2 1 5 1 9 1 24 2 29 1
27 2 6 1 1 2 1 7 1 9 1 29 1 31 1
27 2 6 1 1 2 1 9 1 17 1 25 1 29 1
27 4 6 1 1 2 1 9 1 19 1 24 1 29 1
27 2 6 1 1 2 1 9 1 19 2 21 1 29 1
27 1 4 1 1 2 2 9 1 29 2
27 2 6 1 1 5 1 5 1 9 1 24 2 24 2
27 2 6 1 1 5 1 7 1 9 1 24 2 31 1
27 2 6 1 1 5 1 9 1 17 1 24 2 25 1
27 4 6 1 1 5 1 9 1 19 1 24 1 24 2
27 2 6 1 1 5 1 9 1 19 2 21 1 24 2
27 1 4 1 1 5 2 9 1 24 4
27 2 6 1 1 7 1 7 1 9 1 31 1 31 1
27 2 6 1 1 7 1 9 1 17 1 25 1 31 1
27 4 6 1 1 7 1 9 1 19 1 24 1 31 1
27 2 6 1 1 7 1 9 1 19 2 21 1 31 1
27 1 4 1 1 7 2 9 1 31 2
27 2 6 1 1 9 1 17 1 17 1 25 1 25 1
27 4 6 1 1 9 1 17 1 19 1 24 1 25 1
27 2 6 1 1 9 1 17 1 19 2 21 1 25 1
27 1 4 1 1 9 1 17 2 25 2
27 8 6 1 1 9 1 19 1 19 1 24 1 24 1
27 4 6 1 1 9 1 19 1 19 2 21 1 24 1
27 2 6 1 1 9 1 19 2 19 2 21 1 21 1
27 4 4 1 1 9 1 19 2 24 2
27 1 4 1 1 9 1 19 4 21 2
27 4 6 2 1 2 1 3 1 8 1 29 1 29 1
27 2 6 2 1 2 1 3 2 5 1 29 1 29 1
27 2 6 2 1 2 1 8 2 21 1 29 1 29 1
27 2 6 2 1 2 1 12 1 16 1 29 1 29 1
27 2 6 2 1 2 1 13 1 18 1 29 1 29 1
27 2 6 2 1 2 1 15 1 23 1 29 1 29 1
27 4 6 2 1 3 1 5 1 8 1 24 2 29 1
27 4 6 2 1 3 1 7 1 8 1 29 1 31 1
27 4 6 2 1 3 1 8 1 17 1 25 1 29 1
27 8 6 2 1 3 1 8 1 19 1 24 1 29 1
27 4 6 2 1 3 1 8 1 19 2 21 1 29 1
27 2 6 2 1 3 2 5 1 5 1 24 2 29 1
27 2 6 2 1 3 2 5 1 7 1 29 1 31 1
27 2 6 2 1 3 2 5 1 17 1 25 1 29 1
27 4 6 2 1 3 2 5 1 19 1 24 1 29 1
27 2 6 2 1 3 2 5 1 19 2 21 1 29 1
27 2 6 2 1 5 1 8 2 21 1 24 2 29 1
27 2 6 2 1 5 1 12 1 16 1 24 2 29 1
27 2 6 2 1 5 1 13 1 18 1 24 2 29 1
27 2 6 2 1 5 1 15 1 23 1 24 2 29 1
27 2 6 2 1 7 1 8 2 21 1 29 1 31 1
27 2 6 2 1 7 1 12 1 16 1 29 1 31 1
27 2 6 2 1 7 1 13 1 18 1 29 1 31 1
27 2 6 2 1 7 1 15 1 23 1 29 1 31 1
27 2 6 2 1 8 2 17 1 21 1 25 1 29 1
27 4 6 2 1 8 2 19 1 21 1 24 1 29 1
27 2 6 2 1 8 2 19 2 21 1 21 1 29 1
27 2 6 2 1 12 1 16 1 17 1 25 1 29 1
27 4 6 2 1 12 1 16 1 19 1 24 1 29 1
27 2 6 2 1 12 1 16 1 19 2 21 1 29 1
27 2 6 2 1 13 1 17 1 18 1 25 1 29 1
27 4 6 2 1 13 1 18 1 19 1 24 1 29 1
27 2 6 2 1 13 1 18 1 19 2 21 1 29 1
27 2 6 2 1 15 1 17 1 23 1 25 1 29 1
27 4 6 2 1 15 1 19 1 23 1 24 1 29 1
27 2 6 2 1 15 1 19 2 21 1 23 1 29 1
27 2 4 2 2 3 1 8 1 29 2
27 1 4 2 2 3 2 5 1 29 2
27 1 4 2 2 8 2 21 1 29 2
27 1 4 2 2 12 1 16 1 29 2
27 1 4 2 2 13 1 18 1 29 2
27 1 4 2 2 15 1 23 1 29 2
27 4 6 3 1 5 1 5 1 8 1 24 2 24 2
27 4 6 3 1 5 1 7 1 8 1 24 2 31 1
27 4 6 3 1 5 1 8 1 17 1 24 2 25 1
27 8 6 3 1 5 1 8 1 19 1 24 1 24 2
27 4 6 3 1 5 1 8 1 19 2 21 1 24 2
27 2 4 3 1 5 2 8 1 24 4
27 4 6 3 1 7 1 7 1 8 1 31 1 31 1
27 4 6 3 1 7 1 8 1 17 1 25 1 31 1
27 8 6 3 1 7 1 8 1 19 1 24 1 31 1
27 4 6 3 1 7 1 8 1 19 2 21 1 31 1
27 2 4 3 1 7 2 8 1 31 2
27 4 6 3 1 8 1 17 1 17 1 25 1 25 1
27 8 6 3 1 8 1 17 1 19 1 24 1 25 1
27 4 6 3 1 8 1 17 1 19 2 21 1 25 1
27 2 4 3 1 8 1 17 2 25 2
27 16 6 3 1 8 1 19 1 19 1 24 1 24 1
27 8 6 3 1 8 1 19 1 19 2 21 1 24 1
27 4 6 3 1 8 1 19 2 19 2 21 1 21 1
27 8 4 3 1 8 1 19 2 24 2
27 2 4 3 1 8 1 19 4 21 2
27 2 6 3 2 5 1 5 1 5 1 24 2 24 2
27 2 6 3 2 5 1 5 1 7 1 24 2 31 1
27 2 6 3 2 5 1 5 1 17 1 24 2 25 1
27 4 6 3 2 5 1 5 1 19 1 24 1 24 2
27 2 6 3 2 5 1 5 1 19 2 21 1 24 2
27 1 4 3 2 5 1 5 2 24 4
27 2 6 3 2 5 1 7 1 7 1 31 1 31 1
27 2 6 3 2 5 1 7 1 17 1 25 1 31 1
27 4 6 3 2 5 1 7 1 19 1 24 1 31 1
27 2 6 3 2 5 1 7 1 19 2 21 1 31 1
27 1 4 3 2 5 1 7 2 31 2
27 2 6 3 2 5 1 17 1 17 1 25 1 25 1
27 4 6 3 2 5 1 17 1 19 1 24 1 25 1
27 2 6 3 2 5 1 17 1 19 2 21 1 25 1
27 1 4 3 2 5 1 17 2 25 2
27 8 6 3 2 5 1 19 1 19 1 24 1 24 1
27 4 6 3 2 5 1 19 1 19 2 21 1 24 1
27 2 6 3 2 5 1 19 2 19 2 21 1 21 1
27 4 4 3 2 5 1 19 2 24 2
27 1 4 3 2 5 1 19 4 21 2
27 2 6 5 1 5 1 8 2 21 1 24 2 24 2
27 2 6 5 1 5 1 12 1 16 1 24 2 24 2
27 2 6 5 1 5 1 13 1 18 1 24 2 24 2
27 2 6 5 1 5 1 15 1 23 1 24 2 24 2
27 2 6 5 1 7 1 8 2 21 1 24 2 31 1
27 2 6 5 1 7 1 12 1 16 1 24 2 31 1
27 2 6 5 1 7 1 13 1 18 1 24 2 31 1
27 2 6 5 1 7 1 15 1 23 1 24 2 31 1
27 2 6 5 1 8 2 17 1 21 1 24 2 25 1
27 4 6 5 1 8 2 19 1 21 1 24 1 24 2
27 2 6 5 1 8 2 19 2 21 1 21 1 24 2
27 2 6 5 1 12 1 16 1 17 1 24 2 25 1
27 4 6 5 1 12 1 16 1 19 1 24 1 24 2
27 2 6 5 1 12 1 16 1 19 2 21 1 24 2
27 2 6 5 1 13 1 17 1 18 1 24 2 25 1
27 4 6 5 1 13 1 18 1 19 1 24 1 24 2
27 2 6 5 1 13 1 18 1 19 2 21 1 24 2
27 2 6 5 1 15 1 17 1 23 1 24 2 25 1
27 4 6 5 1 15 1 19 1 23 1 24 1 24 2
27 2 6 5 1 15 1 19 2 21 1 23 1 24 2
27 1 4 5 2 8 2 21 1 24 4
27 1 4 5 2 12 1 16 1 24 4
27 1 4 5 2 13 1 18 1 24 4
27 1 4 5 2 15 1 23 1 24 4
27 2 6 7 1 7 1 8 2 21 1 31 1 31 1
27 2 6 7 1 7 1 12 1 16 1 31 1 31 1
27 2 6 7 1 7 1 13 1 18 1 31 1 31 1
27 2 6 7 1 7 1 15 1 23 1 31 1 31 1
27 2 6 7 1 8 2 17 1 21 1 25 1 31 1
27 4 6 7 1 8 2 19 1 21 1 24 1 31 1
27 2 6 7 1 8 2 19 2 21 1 21 1 31 1
27 2 6 7 1 12 1 16 1 17 1 25 1 31 1
27 4 6 7 1 12 1 16 1 19 1 24 1 31 1
27 2 6 7 1 12 1 16 1 19 2 21 1 31 1
27 2 6 7 1 13 1 17 1 18 1 25 1 31 1
27 4 6 7 1 13 1 18 1 19 1 24 1 31 1
27 2 6 7 1 13 1 18 1 19 2 21 1 31 1
27 2 6 7 1 15 1 17 1 23 1 25 1 31 1
27 4 6 7 1 15 1 19 1 23 1 24 1 31 1
27 2 6 7 1 15 1 19 2 21 1 23 1 31 1
27 1 4 7 2 8 2 21 1 31 2
27 1 4 7 2 12 1 16 1 31 2
27 1 4 7 2 13 1 18 1 31 2
27 1 4 7 2 15 1 23 1 31 2
27 2 6 8 2 17 1 17 1 21 1 25 1 25 1
27 4 6 8 2 17 1 19 1 21 1 24 1 25 1
27 2 6 8 2 17 1 19 2 21 1 21 1 25 1
27 1 4 8 2 17 2 21 1 25 2
27 8 6 8 2 19 1 19 1 21 1 24 1 24 1
27 4 6 8 2 19 1 19 2 21 1 21 1 24 1
27 2 6 8 2 19 2 19 2 21 1 21 1 21 1
27 4 4 8 2 19 2 21 1 24 2
27 1 4 8 2 19 4 21 1 21 2
27 2 6 12 1 16 1 17 1 17 1 25 1 25 1
27 4 6 12 1 16 1 17 1 19 1 24 1 25 1
27 2 6 12 1 16 1 17 1 19 2 21 1 25 1
27 1 4 12 1 16 1 17 2 25 2
27 8 6 12 1 16 1 19 1 19 1 24 1 24 1
27 4 6 12 1 16 1 19 1 19 2 21 1 24 1
27 2 6 12 1 16 1 19 2 19 2 21 1 21 1
27 4 4 12 1 16 1 19 2 24 2
27 1 4 12 1 16 1 19 4 21 2
27 2 6 13 1 17 1 17 1 18 1 25 1 25 1
27 4 6 13 1 17 1 18 1 19 1 24 1 25 1
27 2 6 13 1 17 1 18 1 19 2 21 1 25 1
27 1 4 13 1 17 2 18 1 25 2
27 8 6 13 1 18 1 19 1 19 1 24 1 24 1
27 4 6 13 1 18 1 19 1 19 2 21 1 24 1
27 2 6 13 1 18 1 19 2 19 2 21 1 21 1
27 4 4 13 1 18 1 19 2 24 2
27 1 4 13 1 18 1 19 4 21 2
27 2 6 15 1 17 1 17 1 23 1 25 1 25 1
27 4 6 15 1 17 1 19 1 23 1 24 1 25 1
27 2 6 15 1 17 1 19 2 21 1 23 1 25 1
27 1 4 15 1 17 2 23 1 25 2
27 8 6 15 1 19 1 19 1 23 1 24 1 24 1
27 4 6 15 1 19 1 19 2 21 1 23 1 24 1
27 2 6 15 1 19 2 19 2 21 1 21 1 23 1
27 4 4 15 1 19 2 23 1 24 2
27 1 4 15 1 19 4 21 2 23 1
28 2 6 0 1 2 1 2 1 11 1 30 1 30 1
28 2 6 0 1 2 1 5 1 11 1 30 1 31 1
28 2 6 0 1 2 1 7 1 11 1 26 2 30 1
28 2 6 0 1 2 1 11 1 16 1 27 1 30 1
28 4 6 0 1 2 1 11 1 19 1 26 1 30 1
28 2 6 0 1 2 1 11 1 19 2 23 1 30 1
28 2 6 0 1 2 1 11 1 20 1 25 1 30 1
28 1 4 0 1 2 2 11 1 30 2
28 2 6 0 1 5 1 5 1 11 1 31 1 31 1
28 2 6 0 1 5 1 7 1 11 1 26 2 31 1
28 2 6 0 1 5 1 11 1 16 1 27 1 31 1
28 4 6 0 1 5 1 11 1 19 1 26 1 31 1
28 2 6 0 1 5 1 11 1 19 2 23 1 31 1
28 2 6 0 1 5 1 11 1 20 1 25 1 31 1
28 1 4 0 1 5 2 11 1 31 2
28 2 6 0 1 7 1 7 1 11 1 26 2 26 2
28 2 6 0 1 7 1 11 1 16 1 26 2 27 1
28 4 6 0 1 7 1 11 1 19 1 26 1 26 2
28 2 6 0 1 7 1 11 1 19 2 23 1 26 2
28 2 6 0 1 7 1 11 1 20 1 25 1 26 2
28 1 4 0 1 7 2 11 1 26 4
28 2 6 0 1 11 1 16 1 16 1 27 1 27 1
28 4 6 0 1 11 1 16 1 19 1 26 1 27 1
28 2 6 0 1 11 1 16 1 19 2 23 1 27 1
28 2 6 0 1 11 1 16 1 20 1 25 1 27 1
28 1 4 0 1 11 1 16 2 27 2
28 8 6 0 1 11 1 19 1 19 1 26 1 26 1
28 4 6 0 1 11 1 19 1 19 2 23 1 26 1
28 4 6 0 1 11 1 19 1 20 1 25 1 26 1
28 2 6 0 1 11 1 19 2 19 2 23 1 23 1
28 2 6 0 1 11 1 19 2 20 1 23 1 25 1
28 4 4 0 1 11 1 19 2 26 2
28 1 4 0 1 11 1 19 4 23 2
28 2 6 0 1 11 1 20 1 20 1 25 1 25 1
28 1 4 0 1 11 1 20 2 25 2
28 4 6 2 1 2 1 3 1 10 1 30 1 30 1
28 2 6 2 1 2 1 3 2 7 1 30 1 30 1
28 2 6 2 1 2 1 4 1 9 1 30 1 30 1
28 2 6 2 1 2 1 10 2 23 1 30 1 30 1
28 2 6 2 1 2 1 14 1 18 1 30 1 30 1
28 2 6 2 1 2 1 15 1 21 1 30 1 30 1
28 4 6 2 1 3 1 5 1 10 1 30 1 31 1
28 4 6 2 1 3 1 7 1 10 1 26 2 30 1
28 4 6 2 1 3 1 10 1 16 1 27 1 30 1
28 8 6 2 1 3 1 10 1 19 1 26 1 30 1
28 4 6 2 1 3 1 10 1 19 2 23 1 30 1
28 4 6 2 1 3 1 10 1 20 1 25 1 30 1
28 2 6 2 1 3 2 5 1 7 1 30 1 31 1
28 2 6 2 1 3 2 7 1 7 1 26 2 30 1
28 2 6 2 1 3 2 7 1 16 1 27 1 30 1
28 4 6 2 1 3 2 7 1 19 1 26 1 30 1
28 2 6 2 1 3 2 7 1 19 2 23 1 30 1
28 2 6 2 1 3 2 7 1 20 1 25 1 30 1
28 2 6 2 1 4 1 5 1 9 1 30 1 31 1
28 2 6 2 1 4 1 7 1 9 1 26 2 30 1
28 2 6 2 1 4 1 9 1 16 1 27 1 30 1
28 4 6 2 1 4 1 9 1 19 1 26 1 30 1
28 2 6 2 1 4 1 9 1 19 2 23 1 30 1
28 2 6 2 1 4 1 9 1 20 1 25 1 30 1
28 2 6 2 1 5 1 10 2 23 1 30 1 31 1
28 2 6 2 1 5 1 14 1 18 1 30 1 31 1
28 2 6 2 1 5 1 15 1 21 1 30 1 31 1
28 2 6 2 1 7 1 10 2 23 1 26 2 30 1
28 2 6 2 1 7 1 14 1 18 1 26 2 30 1
28 2 6 2 1 7 1 15 1 21 1 26 2 30 1
28 2 6 2 1 10 2 16 1 23 1 27 1 30 1
28 4 6 2 1 10 2 19 1 23 1 26 1 30 1
28 2 6 2 1 10 2 19 2 23 1 23 1 30 1
28 2 6 2 1 10 2 20 1 23 1 25 1 30 1
28 2 6 2 1 14 1 16 1 18 1 27 1 30 1
28 4 6 2 1 14 1 18 1 19 1 26 1 30 1
28 2 6 2 1 14 1 18 1 19 2 23 1 30 1
28 2 6 2 1 14 1 18 1 20 1 25 1 30 1
28 2 6 2 1 15 1 16 1 21 1 27 1 30 1
28 4 6 2 1 15 1 19 1 21 1 26 1 30 1
28 2 6 2 1 15 1 19 2 21 1 23 1 30 1
28 2 6 2 1 15 1 20 1 21 1 25 1 30 1
28 2 4 2 2 3 1 10 1 30 2
28 1 4 2 2 3 2 7 1 30 2
28 1 4 2 2 4 1 9 1 30 2
28 1 4 2 2 10 2 23 1 30 2
28 1 4 2 2 14 1 18 1 30 2
28 1 4 2 2 15 1 21 1 30 2
28 4 6 3 1 5 1 5 1 10 1 31 1 31 1
28 4 6 3 1 5 1 7 1 10 1 26 2 31 1
28 4 6 3 1 5 1 10 1 16 1 27 1 31 1
28 8 6 3 1 5 1 10 1 19 1 26 1 31 1
28 4 6 3 1 5 1 10 1 19 2 23 1 31 1
28 4 6 3 1 5 1 10 1 20 1 25 1 31 1
28 2 4 3 1 5 2 10 1 31 2
28 4 6 3 1 7 1 7 1 10 1 26 2 26 2
28 4 6 3 1 7 1 10 1 16 1 26 2 27 1
28 8 6 3 1 7 1 10 1 19 1 26 1 26 2
28 4 6 3 1 7 1 10 1 19 2 23 1 26 2
28 4 6 3 1 7 1 10 1 20 1 25 1 26 2
28 2 4 3 1 7 2 10 1 26 4
28 4 6 3 1 10 1 16 1 16 1 27 1 27 1
28 8 6 3 1 10 1 16 1 19 1 26 1 27 1
28 4 6 3 1 10 1 16 1 19 2 23 1 27 1
28 4 6 3 1 10 1 16 1 20 1 25 1 27 1
28 2 4 3 1 10 1 16 2 27 2
28 16 6 3 1 10 1 19 1 19 1 26 1 26 1
28 8 6 3 1 10 1 19 1 19 2 23 1 26 1
28 8 6 3 1 10 1 19 1 20 1 25 1 26 1
28 4 6 3 1 10 1 19 2 19 2 23 1 23 1
28 4 6 3 1 10 1 19 2 20 1 23 1 25 1
28 8 4 3 1 10 1 19 2 26 2
28 2 4 3 1 10 1 19 4 23 2
28 4 6 3 1 10 1 20 1 20 1 25 1 25 1
28 2 4 3 1 10 1 20 2 25 2
28 2 6 3 2 5 1 5 1 7 1 31 1 31 1
28 2 6 3 2 5 1 7 1 7 1 26 2 31 1
28 2 6 3 2 5 1 7 1 16 1 27 1 31 1
28 4 6 3 2 5 1 7 1 19 1 26 1 31 1
28 2 6 3 2 5 1 7 1 19 2 23 1 31 1
28 2 6 3 2 5 1 7 1 20 1 25 1 31 1
28 1 4 3 2 5 2 7 1 31 2
28 2 6 3 2 7 1 7 1 7 1 26 2 26 2
28 2 6 3 2 7 1 7 1 16 1 26 2 27 1
28 4 6 3 2 7 1 7 1 19 1 26 1 26 2
28 2 6 3 2 7 1 7 1 19 2 23 1 26 2
28 2 6 3 2 7 1 7 1 20 1 25 1 26 2
28 1 4 3 2 7 1 7 2 26 4
28 2 6 3 2 7 1 16 1 16 1 27 1 27 1
28 4 6 3 2 7 1 16 1 19 1 26 1 27 1
28 2 6 3 2 7 1 16 1 19 2 23 1 27 1
28 2 6 3 2 7 1 16 1 20 1 25 1 27 1
28 1 4 3 2 7 1 16 2 27 2
28 8 6 3 2 7 1 19 1 19 1 26 1 26 1
28 4 6 3 2 7 1 19 1 19 2 23 1 26 1
28 4 6 3 2 7 1 19 1 20 1 25 1 26 1
28 2 6 3 2 7 1 19 2 19 2 23 1 23 1
28 2 6 3 2 7 1 19 2 20 1 23 1 25 1
28 4 4 3 2 7 1 19 2 26 2
28 1 4 3 2 7 1 19 4 23 2
28 2 6 3 2 7 1 20 1 20 1 25 1 25 1
28 1 4 3 2 7 1 20 2 25 2
28 2 6 4 1 5 1 5 1 9 1 31 1 31 1
28 2 6 4 1 5 1 7 1 9 1 26 2 31 1
28 2 6 4 1 5 1 9 1 16 1 27 1 31 1
28 4 6 4 1 5 1 9 1 19 1 26 1 31 1
28 2 6 4 1 5 1 9 1 19 2 23 1 31 1
28 2 6 4 1 5 1 9 1 20 1 25 1 31 1
28 1 4 4 1 5 2 9 1 31 2
28 2 6 4 1 7 1 7 1 9 1 26 2 26 2
28 2 6 4 1 7 1 9 1 16 1 26 2 27 1
28 4 6 4 1 7 1 9 1 19 1 26 1 26 2
28 2 6 4 1 7 1 9 1 19 2 23 1 26 2
28 2 6 4 1 7 1 9 1 20 1 25 1 26 2
28 1 4 4 1 7 2 9 1 26 4
28 2 6 4 1 9 1 16 1 16 1 27 1 27 1
28 4 6 4 1 9 1 16 1 19 1 26 1 27 1
28 2 6 4 1 9 1 16 1 19 2 23 1 27 1
28 2 6 4 1 9 1 16 1 20 1 25 1 27 1
28 1 4 4 1 9 1 16 2 27 2
28 8 6 4 1 9 1 19 1 19 1 26 1 26 1
28 4 6 4 1 9 1 19 1 19 2 23 1 26 1
28 4 6 4 1 9 1 19 1 20 1 25 1 26 1
28 2 6 4 1 9 1 19 2 19 2 23 1 23 1
28 2 6 4 1 9 1 19 2 20 1 23 1 25 1
28 4 4 4 1 9 1 19 2 26 2
28 1 4 4 1 9 1 19 4 23 2
28 2 6 4 1 9 1 20 1 20 1 25 1 25 1
28 1 4 4 1 9 1 20 2 25 2
28 2 6 5 1 5 1 10 2 23 1 31 1 31 1
28 2 6 5 1 5 1 14 1 18 1 31 1 31 1
28 2 6 5 1 5 1 15 1 21 1 31 1 31 1
28 2 6 5 1 7 1 10 2 23 1 26 2 31 1
28 2 6 5 1 7 1 14 1 18 1 26 2 31 1
28 2 6 5 1 7 1 15 1 21 1 26 2 31 1
28 2 6 5 1 10 2 16 1 23 1 27 1 31 1
28 4 6 5 1 10 2 19 1 23 1 26 1 31 1
28 2 6 5 1 10 2 19 2 23 1 23 1 31 1
28 2 6 5 1 10 2 20 1 23 1 25 1 31 1
28 2 6 5 1 14 1 16 1 18 1 27 1 31 1
28 4 6 5 1 14 1 18 1 19 1 26 1 31 1
28 2 6 5 1 14 1 18 1 19 2 23 1 31 1
28 2 6 5 1 14 1 18 1 20 1 25 1 31 1
28 2 6 5 1 15 1 16 1 21 1 27 1 31 1
28 4 6 5 1 15 1 19 1 21 1 26 1 31 1
28 2 6 5 1 15 1 19 2 21 1 23 1 31 1
28 2 6 5 1 15 1 20 1 21 1 25 1 31 1
28 1 4 5 2 10 2 23 1 31 2
28 1 4 5 2 14 1 18 1 31 2
28 1 4 5 2 15 1 21 1 31 2
28 2 6 7 1 7 1 10 2 23 1 26 2 26 2
28 2 6 7 1 7 1 14 1 18 1 26 2 26 2
28 2 6 7 1 7 1 15 1 21 1 26 2 26 2
28 2 6 7 1 10 2 16 1 23 1 26 2 27 1
28 4 6 7 1 10 2 19 1 23 1 26 1 26 2
28 2 6 7 1 10 2 19 2 23 1 23 1 26 2
28 2 6 7 1 10 2 20 1 23 1 25 1 26 2
28 2 6 7 1 14 1 16 1 18 1 26 2 27 1
28 4 6 7 1 14 1 18 1 19 1 26 1 26 2
28 2 6 7 1 14 1 18 1 19 2 23 1 26 2
28 2 6 7 1 14 1 18 1 20 1 25 1 26 2
28 2 6 7 1 15 1 16 1 21 1 26 2 27 1
28 4 6 7 1 15 1 19 1 21 1 26 1 26 2
28 2 6 7 1 15 1 19 2 21 1 23 1 26 2
28 2 6 7 1 15 1 20 1 21 1 25 1 26 2
28 1 4 7 2 10 2 23 1 26 4
28 1 4 7 2 14 1 18 1 26 4
28 1 4 7 2 15 1 21 1 26 4
28 2 6 10 2 16 1 16 1 23 1 27 1 27 1
28 4 6 10 2 16 1 19 1 23 1 26 1 27 1
28 2 6 10 2 16 1 19 2 23 1 23 1 27 1
28 2 6 10 2 16 1 20 1 23 1 25 1 27 1
28 1 4 10 2 16 2 23 1 27 2
28 8 6 10 2 19 1 19 1 23 1 26 1 26 1
28 4 6 10 2 19 1 19 2 23 1 23 1 26 1
28 4 6 10 2 19 1 20 1 23 1 25 1 26 1
28 2 6 10 2 19 2 19 2 23 1 23 1 23 1
28 2 6 10 2 19 2 20 1 23 1 23 1 25 1
28 4 4 10 2 19 2 23 1 26 2
28 1 4 10 2 19 4 23 1 23 2
28 2 6 10 2 20 1 20 1 23 1 25 1 25 1
28 1 4 10 2 20 2 23 1 25 2
28 2 6 14 1 16 1 16 1 18 1 27 1 27 1
28 4 6 14 1 16 1 18 1 19 1 26 1 27 1
28 2 6 14 1 16 1 18 1 19 2 23 1 27 1
28 2 6 14 1 16 1 18 1 20 1 25 1 27 1
28 1 4 14 1 16 2 18 1 27 2
28 8 6 14 1 18 1 19 1 19 1 26 1 26 1
28 4 6 14 1 18 1 19 1 19 2 23 1 26 1
28 4 6 14 1 18 1 19 1 20 1 25 1 26 1
28 2 6 14 1 18 1 19 2 19 2 23 1 23 1
28 2 6 14 1 18 1 19 2 20 1 23 1 25 1
28 4 4 14 1 18 1 19 2 26 2
28 1 4 14 1 18 1 19 4 23 2
28 2 6 14 1 18 1 20 1 20 1 25 1 25 1
28 1 4 14 1 18 1 20 2 25 2
28 2 6 15 1 16 1 16 1 21 1 27 1 27 1
28 4 6 15 1 16 1 19 1 21 1 26 1 27 1
28 2 6 15 1 16 1 19 2 21 1 23 1 27 1
28 2 6 15 1 16 1 20 1 21 1 25 1 27 1
28 1 4 15 1 16 2 21 1 27 2
28 8 6 15 1 19 1 19 1 21 1 26 1 26 1
28 4 6 15 1 19 1 19 2 21 1 23 1 26 1
28 4 6 15 1 19 1 20 1 21 1 25 1 26 1
28 2 6 15 1 19 2 19 2 21 1 23 1 23 1
28 2 6 15 1 19 2 20 1 21 1 23 1 25 1
28 4 4 15 1 19 2 21 1 26 2
28 1 4 15 1 19 4 21 1 23 2
28 2 6 15 1 20 1 20 1 21 1 25 1 25 1
28 1 4 15 1 20 2 21 1 25 2
29 2 6 0 1 0 1 1 1 6 2 30 1 30 1
29 2 6 0 1 0 1 2 1 11 1 30 1 30 1
29 2 6 0 1 0 1 5 1 9 1 30 1 30 1
29 4 6 0 1 0 1 6 1 8 1 30 1 30 1
29 2 6 0 1 0 1 8 2 17 1 30 1 30 1
29 2 6 0 1 0 1 14 1 16 1 30 1 30 1
29 2 6 0 1 0 1 15 1 20 1 30 1 30 1
29 2 6 0 1 1 1 1 1 6 2 24 2 30 1
29 2 6 0 1 1 1 2 1 11 1 24 2 30 1
29 2 6 0 1 1 1 4 1 6 2 30 1 31 1
29 2 6 0 1 1 1 5 1 9 1 24 2 30 1
29 4 6 0 1 1 1 6 1 8 1 24 2 30 1
29 2 6 0 1 1 1 6 2 17 1 22 2 30 1
29 2 6 0 1 1 1 6 2 18 1 27 1 30 1
29 2 6 0 1 1 1 6 2 21 1 25 1 30 1
29 4 6 0 1 1 1 6 2 22 1 24 1 30 1
29 2 6 0 1 1 1 8 2 17 1 24 2 30 1
29 2 6 0 1 1 1 14 1 16 1 24 2 30 1
29 2 6 0 1 1 1 15 1 20 1 24 2 30 1
29 2 6 0 1 2 1 4 1 11 1 30 1 31 1
29 2 6 0 1 2 1 11 1 17 1 22 2 30 1
29 2 6 0 1 2 1 11 1 18 1 27 1 30 1
29 2 6 0 1 2 1 11 1 21 1 25 1 30 1
29 4 6 0 1 2 1 11 1 22 1 24 1 30 1
29 2 6 0 1 4 1 5 1 9 1 30 1 31 1
29 4 6 0 1 4 1 6 1 8 1 30 1 31 1
29 2 6 0 1 4 1 8 2 17 1 30 1 31 1
29 2 6 0 1 4 1 14 1 16 1 30 1 31 1
29 2 6 0 1 4 1 15 1 20 1 30 1 31 1
29 2 6 0 1 5 1 9 1 17 1 22 2 30 1
29 2 6 0 1 5 1 9 1 18 1 27 1 30 1
29 2 6 0 1 5 1 9 1 21 1 25 1 30 1
29 4 6 0 1 5 1 9 1 22 1 24 1 30 1
29 4 6 0 1 6 1 8 1 17 1 22 2 30 1
29 4 6 0 1 6 1 8 1 18 1 27 1 30 1
29 4 6 0 1 6 1 8 1 21 1 25 1 30 1
29 8 6 0 1 6 1 8 1 22 1 24 1 30 1
29 2 6 0 1 8 2 17 1 17 1 22 2 30 1
29 2 6 0 1 8 2 17 1 18 1 27 1 30 1
29 2 6 0 1 8 2 17 1 21 1 25 1 30 1
29 4 6 0 1 8 2 17 1 22 1 24 1 30 1
29 2 6 0 1 14 1 16 1 17 1 22 2 30 1
29 2 6 0 1 14 1 16 1 18 1 27 1 30 1
29 2 6 0 1 14 1 16 1 21 1 25 1 30 1
29 4 6 0 1 14 1 16 1 22 1 24 1 30 1
29 2 6 0 1 15 1 17 1 20 1 22 2 30 1
29 2 6 0 1 15 1 18 1 20 1 27 1 30 1
29 2 6 0 1 15 1 20 1 21 1 25 1 30 1
29 4 6 0 1 15 1 20 1 22 1 24 1 30 1
29 1 4 0 2 1 1 6 2 30 2
29 1 4 0 2 2 1 11 1 30 2
29 1 4 0 2 5 1 9 1 30 2
29 2 4 0 2 6 1 8 1 30 2
29 1 4 0 2 8 2 17 1 30 2
29 1 4 0 2 14 1 16 1 30 2
29 1 4 0 2 15 1 20 1 30 2
29 2 6 1 1 1 1 1 1 6 2 24 2 24 2
29 2 6 1 1 1 1 2 1 11 1 24 2 24 2
29 2 6 1 1 1 1 4 1 6 2 24 2 31 1
29 2 6 1 1 1 1 5 1 9 1 24 2 24 2
29 4 6 1 1 1 1 6 1 8 1 24 2 24 2
29 2 6 1 1 1 1 6 2 17 1 22 2 24 2
29 2 6 1 1 1 1 6 2 18 1 24 2 27 1
29 2 6 1 1 1 1 6 2 21 1 24 2 25 1
29 4 6 1 1 1 1 6 2 22 1 24 1 24 2
29 2 6 1 1 1 1 8 2 17 1 24 2 24 2
29 2 6 1 1 1 1 14 1 16 1 24 2 24 2
29 2 6 1 1 1 1 15 1 20 1 24 2 24 2
29 1 4 1 1 1 2 6 2 24 4
29 2 6 1 1 2 1 4 1 11 1 24 2 31 1
29 2 6 1 1 2 1 11 1 17 1 22 2 24 2
29 2 6 1 1 2 1 11 1 18 1 24 2 27 1
29 2 6 1 1 2 1 11 1 21 1 24 2 25 1
29 4 6 1 1 2 1 11 1 22 1 24 1 24 2
29 2 6 1 1 4 1 4 1 6 2 31 1 31 1
29 2 6 1 1 4 1 5 1 9 1 24 2 31 1
29 4 6 1 1 4 1 6 1 8 1 24 2 31 1
29 2 6 1 1 4 1 6 2 17 1 22 2 31 1
29 2 6 1 1 4 1 6 2 18 1 27 1 31 1
29 2 6 1 1 4 1 6 2 21 1 25 1 31 1
29 4 6 1 1 4 1 6 2 22 1 24 1 31 1
29 2 6 1 1 4 1 8 2 17 1 24 2 31 1
29 2 6 1 1 4 1 14 1 16 1 24 2 31 1
29 2 6 1 1 4 1 15 1 20 1 24 2 31 1
29 1 4 1 1 4 2 6 2 31 2
29 2 6 1 1 5 1 9 1 17 1 22 2 24 2
29 2 6 1 1 5 1 9 1 18 1 24 2 27 1
29 2 6 1 1 5 1 9 1 21 1 24 2 25 1
29 4 6 1 1 5 1 9 1 22 1 24 1 24 2
29 4 6 1 1 6 1 8 1 17 1 22 2 24 2
29 4 6 1 1 6 1 8 1 18 1 24 2 27 1
29 4 6 1 1 6 1 8 1 21 1 24 2 25 1
29 8 6 1 1 6 1 8 1 22 1 24 1 24 2
29 2 6 1 1 6 2 17 1 17 1 22 2 22 2
29 2 6 1 1 6 2 17 1 18 1 22 2 27 1
29 2 6 1 1 6 2 17 1 21 1 22 2 25 1
29 4 6 1 1 6 2 17 1 22 1 22 2 24 1
29 1 4 1 1 6 2 17 2 22 4
29 2 6 1 1 6 2 18 1 18 1 27 1 27 1
29 2 6 1 1 6 2 18 1 21 1 25 1 27 1
29 4 6 1 1 6 2 18 1 22 1 24 1 27 1
29 1 4 1 1 6 2 18 2 27 2
29 2 6 1 1 6 2 21 1 21 1 25 1 25 1
29 4 6 1 1 6 2 21 1 22 1 24 1 25 1
29 1 4 1 1 6 2 21 2 25 2
29 8 6 1 1 6 2 22 1 22 1 24 1 24 1
29 4 4 1 1 6 2 22 2 24 2
29 2 6 1 1 8 2 17 1 17 1 22 2 24 2
29 2 6 1 1 8 2 17 1 18 1 24 2 27 1
29 2 6 1 1 8 2 17 1 21 1 24 2 25 1
29 4 6 1 1 8 2 17 1 22 1 24 1 24 2
29 2 6 1 1 14 1 16 1 17 1 22 2 24 2
29 2 6 1 1 14 1 16 1 18 1 24 2 27 1
29 2 6 1 1 14 1 16 1 21 1 24 2 25 1
29 4 6 1 1 14 1 16 1 22 1 24 1 24 2
29 2 6 1 1 15 1 17 1 20 1 22 2 24 2
29 2 6 1 1 15 1 18 1 20 1 24 2 27 1
29 2 6 1 1 15 1 20 1 21 1 24 2 25 1
29 4 6 1 1 15 1 20 1 22 1 24 1 24 2
29 1 4 1 2 2 1 11 1 24 4
29 1 4 1 2 5 1 9 1 24 4
29 2 4 1 2 6 1 8 1 24 4
29 1 4 1 2 8 2 17 1 24 4
29 1 4 1 2 14 1 16 1 24 4
29 1 4 1 2 15 1 20 1 24 4
29 2 6 2 1 4 1 4 1 11 1 31 1 31 1
29 2 6 2 1 4 1 11 1 17 1 22 2 31 1
29 2 6 2 1 4 1 11 1 18 1 27 1 31 1
29 2 6 2 1 4 1 11 1 21 1 25 1 31 1
29 4 6 2 1 4 1 11 1 22 1 24 1 31 1
29 1 4 2 1 4 2 11 1 31 2
29 2 6 2 1 11 1 17 1 17 1 22 2 22 2
29 2 6 2 1 11 1 17 1 18 1 22 2 27 1
29 2 6 2 1 11 1 17 1 21 1 22 2 25 1
29 4 6 2 1 11 1 17 1 22 1 22 2 24 1
29 1 4 2 1 11 1 17 2 22 4
29 2 6 2 1 11 1 18 1 18 1 27 1 27 1
29 2 6 2 1 11 1 18 1 21 1 25 1 27 1
29 4 6 2 1 11 1 18 1 22 1 24 1 27 1
29 1 4 2 1 11 1 18 2 27 2
29 2 6 2 1 11 1 21 1 21 1 25 1 25 1
29 4 6 2 1 11 1 21 1 22 1 24 1 25 1
29 1 4 2 1 11 1 21 2 25 2
29 8 6 2 1 11 1 22 1 22 1 24 1 24 1
29 4 4 2 1 11 1 22 2 24 2
29 2 6 4 1 4 1 5 1 9 1 31 1 31 1
29 4 6 4 1 4 1 6 1 8 1 31 1 31 1
29 2 6 4 1 4 1 8 2 17 1 31 1 31 1
29 2 6 4 1 4 1 14 1 16 1 31 1 31 1
29 2 6 4 1 4 1 15 1 20 1 31 1 31 1
29 2 6 4 1 5 1 9 1 17 1 22 2 31 1
29 2 6 4 1 5 1 9 1 18 1 27 1 31 1
29 2 6 4 1 5 1 9 1 21 1 25 1 31 1
29 4 6 4 1 5 1 9 1 22 1 24 1 31 1
29 4 6 4 1 6 1 8 1 17 1 22 2 31 1
29 4 6 4 1 6 1 8 1 18 1 27 1 31 1
29 4 6 4 1 6 1 8 1 21 1 25 1 31 1
29 8 6 4 1 6 1 8 1 22 1 24 1 31 1
29 2 6 4 1 8 2 17 1 17 1 22 2 31 1
29 2 6 4 1 8 2 17 1 18 1 27 1 31 1
29 2 6 4 1 8 2 17 1 21 1 25 1 31 1
29 4 6 4 1 8 2 17 1 22 1 24 1 31 1
29 2 6 4 1 14 1 16 1 17 1 22 2 31 1
29 2 6 4 1 14 1 16 1 18 1 27 1 31 1
29 2 6 4 1 14 1 16 1 21 1 25 1 31 1
29 4 6 4 1 14 1 16 1 22 1 24 1 31 1
29 2 6 4 1 15 1 17 1 20 1 22 2 31 1
29 2 6 4 1 15 1 18 1 20 1 27 1 31 1
29 2 6 4 1 15 1 20 1 21 1 25 1 31 1
29 4 6 4 1 15 1 20 1 22 1 24 1 31 1
29 1 4 4 2 5 1 9 1 31 2
29 2 4 4 2 6 1 8 1 31 2
29 1 4 4 2 8 2 17 1 31 2
29 1 4 4 2 14 1 16 1 31 2
29 1 4 4 2 15 1 20 1 31 2
29 2 6 5 1 9 1 17 1 17 1 22 2 22 2
29 2 6 5 1 9 1 17 1 18 1 22 2 27 1
29 2 6 5 1 9 1 17 1 21 1 22 2 25 1
29 4 6 5 1 9 1 17 1 22 1 22 2 24 1
29 1 4 5 1 9 1 17 2 22 4
29 2 6 5 1 9 1 18 1 18 1 27 1 27 1
29 2 6 5 1 9 1 18 1 21 1 25 1 27 1
29 4 6 5 1 9 1 18 1 22 1 24 1 27 1
29 1 4 5 1 9 1 18 2 27 2
29 2 6 5 1 9 1 21 1 21 1 25 1 25 1
29 4 6 5 1 9 1 21 1 22 1 24 1 25 1
29 1 4 5 1 9 1 21 2 25 2
29 8 6 5 1 9 1 22 1 22 1 24 1 24 1
29 4 4 5 1 9 1 22 2 24 2
29 4 6 6 1 8 1 17 1 17 1 22 2 22 2
29 4 6 6 1 8 1 17 1 18 1 22 2 27 1
29 4 6 6 1 8 1 17 1 21 1 22 2 25 1
29 8 6 6 1 8 1 17 1 22 1 22 2 24 1
29 2 4 6 1 8 1 17 2 22 4
29 4 6 6 1 8 1 18 1 18 1 27 1 27 1
29 4 6 6 1 8 1 18 1 21 1 25 1 27 1
29 8 6 6 1 8 1 18 1 22 1 24 1 27 1
29 2 4 6 1 8 1 18 2 27 2
29 4 6 6 1 8 1 21 1 21 1 25 1 25 1
29 8 6 6 1 8 1 21 1 22 1 24 1 25 1
29 2 4 6 1 8 1 21 2 25 2
29 16 6 6 1 8 1 22 1 22 1 24 1 24 1
29 8 4 6 1 8 1 22 2 24 2
29 2 6 8 2 17 1 17 1 17 1 22 2 22 2
29 2 6 8 2 17 1 17 1 18 1 22 2 27 1
29 2 6 8 2 17 1 17 1 21 1 22 2 25 1
29 4 6 8 2 17 1 17 1 22 1 22 2 24 1
29 1 4 8 2 17 1 17 2 22 4
29 2 6 8 2 17 1 18 1 18 1 27 1 27 1
29 2 6 8 2 17 1 18 1 21 1 25 1 27 1
29 4 6 8 2 17 1 18 1 22 1 24 1 27 1
29 1 4 8 2 17 1 18 2 27 2
29 2 6 8 2 17 1 21 1 21 1 25 1 25 1
29 4 6 8 2 17 1 21 1 22 1 24 1 25 1
29 1 4 8 2 17 1 21 2 25 2
29 8 6 8 2 17 1 22 1 22 1 24 1 24 1
29 4 4 8 2 17 1 22 2 24 2
29 2 6 14 1 16 1 17 1 17 1 22 2 22 2
29 2 6 14 1 16 1 17 1 18 1 22 2 27 1
29 2 6 14 1 16 1 17 1 21 1 22 2 25 1
29 4 6 14 1 16 1 17 1 22 1 22 2 24 1
29 1 4 14 1 16 1 17 2 22 4
29 2 6 14 1 16 1 18 1 18 1 27 1 27 1
29 2 6 14 1 16 1 18 1 21 1 25 1 27 1
29 4 6 14 1 16 1 18 1 22 1 24 1 27 1
29 1 4 14 1 16 1 18 2 27 2
29 2 6 14 1 16 1 21 1 21 1 25 1 25 1
29 4 6 14 1 16 1 21 1 22 1 24 1 25 1
29 1 4 14 1 16 1 21 2 25 2
29 8 6 14 1 16 1 22 1 22 1 24 1 24 1
29 4 4 14 1 16 1 22 2 24 2
29 2 6 15 1 17 1 17 1 20 1 22 2 22 2
29 2 6 15 1 17 1 18 1 20 1 22 2 27 1
29 2 6 15 1 17 1 20 1 21 1 22 2 25 1
29 4 6 15 1 17 1 20 1 22 1 22 2 24 1
29 1 4 15 1 17 2 20 1 22 4
29 2 6 15 1 18 1 18 1 20 1 27 1 27 1
29 2 6 15 1 18 1 20 1 21 1 25 1 27 1
29 4 6 15 1 18 1 20 1 22 1 24 1 27 1
29 1 4 15 1 18 2 20 1 27 2
29 2 6 15 1 20 1 21 1 21 1 25 1 25 1
29 4 6 15 1 20 1 21 1 22 1 24 1 25 1
29 1 4 15 1 20 1 21 2 25 2
29 8 6 15 1 20 1 22 1 22 1 24 1 24 1
29 4 4 15 1 20 1 22 2 24 2
30 2 6 0 1 1 1 1 1 13 1 31 1 31 1
30 2 6 0 1 1 1 4 1 13 1 26 2 31 1
30 2 6 0 1 1 1 13 1 16 1 29 1 31 1
30 2 6 0 1 1 1 13 1 18 1 28 1 31 1
30 2 6 0 1 1 1 13 1 20 1 22 2 31 1
30 4 6 0 1 1 1 13 1 22 1 26 1 31 1
30 2 6 0 1 1 1 13 1 23 1 25 1 31 1
30 1 4 0 1 1 2 13 1 31 2
30 2 6 0 1 4 1 4 1 13 1 26 2 26 2
30 2 6 0 1 4 1 13 1 16 1 26 2 29 1
30 2 6 0 1 4 1 13 1 18 1 26 2 28 1
30 2 6 0 1 4 1 13 1 20 1 22 2 26 2
30 4 6 0 1 4 1 13 1 22 1 26 1 26 2
30 2 6 0 1 4 1 13 1 23 1 25 1 26 2
30 1 4 0 1 4 2 13 1 26 4
30 2 6 0 1 13 1 16 1 16 1 29 1 29 1
30 2 6 0 1 13 1 16 1 18 1 28 1 29 1
30 2 6 0 1 13 1 16 1 20 1 22 2 29 1
30 4 6 0 1 13 1 16 1 22 1 26 1 29 1
30 2 6 0 1 13 1 16 1 23 1 25 1 29 1
30 1 4 0 1 13 1 16 2 29 2
30 2 6 0 1 13 1 18 1 18 1 28 1 28 1
30 2 6 0 1 13 1 18 1 20 1 22 2 28 1
30 4 6 0 1 13 1 18 1 22 1 26 1 28 1
30 2 6 0 1 13 1 18 1 23 1 25 1 28 1
30 1 4 0 1 13 1 18 2 28 2
30 2 6 0 1 13 1 20 1 20 1 22 2 22 2
30 4 6 0 1 13 1 20 1 22 1 22 2 26 1
30 2 6 0 1 13 1 20 1 22 2 23 1 25 1
30 1 4 0 1 13 1 20 2 22 4
30 8 6 0 1 13 1 22 1 22 1 26 1 26 1
30 4 6 0 1 13 1 22 1 23 1 25 1 26 1
30 4 4 0 1 13 1 22 2 26 2
30 2 6 0 1 13 1 23 1 23 1 25 1 25 1
30 1 4 0 1 13 1 23 2 25 2
30 2 6 1 1 1 1 2 1 12 1 31 1 31 1
30 2 6 1 1 1 1 4 1 6 2 31 1 31 1
30 4 6 1 1 1 1 6 1 10 1 31 1 31 1
30 2 6 1 1 1 1 7 1 9 1 31 1 31 1
30 2 6 1 1 1 1 10 2 20 1 31 1 31 1
30 2 6 1 1 1 1 15 1 17 1 31 1 31 1
30 2 6 1 1 2 1 4 1 12 1 26 2 31 1
30 2 6 1 1 2 1 12 1 16 1 29 1 31 1
30 2 6 1 1 2 1 12 1 18 1 28 1 31 1
30 2 6 1 1 2 1 12 1 20 1 22 2 31 1
30 4 6 1 1 2 1 12 1 22 1 26 1 31 1
30 2 6 1 1 2 1 12 1 23 1 25 1 31 1
30 2 6 1 1 4 1 4 1 6 2 26 2 31 1
30 4 6 1 1 4 1 6 1 10 1 26 2 31 1
30 2 6 1 1 4 1 6 2 16 1 29 1 31 1
30 2 6 1 1 4 1 6 2 18 1 28 1 31 1
30 2 6 1 1 4 1 6 2 20 1 22 2 31 1
30 4 6 1 1 4 1 6 2 22 1 26 1 31 1
30 2 6 1 1 4 1 6 2 23 1 25 1 31 1
30 2 6 1 1 4 1 7 1 9 1 26 2 31 1
30 2 6 1 1 4 1 10 2 20 1 26 2 31 1
30 2 6 1 1 4 1 15 1 17 1 26 2 31 1
30 4 6 1 1 6 1 10 1 16 1 29 1 31 1
30 4 6 1 1 6 1 10 1 18 1 28 1 31 1
30 4 6 1 1 6 1 10 1 20 1 22 2 31 1
30 8 6 1 1 6 1 10 1 22 1 26 1 31 1
30 4 6 1 1 6 1 10 1 23 1 25 1 31 1
30 2 6 1 1 7 1 9 1 16 1 29 1 31 1
30 2 6 1 1 7 1 9 1 18 1 28 1 31 1
30 2 6 1 1 7 1 9 1 20 1 22 2 31 1
30 4 6 1 1 7 1 9 1 22 1 26 1 31 1
30 2 6 1 1 7 1 9 1 23 1 25 1 31 1
30 2 6 1 1 10 2 16 1 20 1 29 1 31 1
30 2 6 1 1 10 2 18 1 20 1 28 1 31 1
30 2 6 1 1 10 2 20 1 20 1 22 2 31 1
30 4 6 1 1 10 2 20 1 22 1 26 1 31 1
30 2 6 1 1 10 2 20 1 23 1 25 1 31 1
30 2 6 1 1 15 1 16 1 17 1 29 1 31 1
30 2 6 1 1 15 1 17 1 18 1 28 1 31 1
30 2 6 1 1 15 1 17 1 20 1 22 2 31 1
30 4 6 1 1 15 1 17 1 22 1 26 1 31 1
30 2 6 1 1 15 1 17 1 23 1 25 1 31 1
30 1 4 1 2 2 1 12 1 31 2
30 1 4 1 2 4 1 6 2 31 2
30 2 4 1 2 6 1 10 1 31 2
30 1 4 1 2 7 1 9 1 31 2
30 1 4 1 2 10 2 20 1 31 2
30 1 4 1 2 15 1 17 1 31 2
30 2 6 2 1 4 1 4 1 12 1 26 2 26 2
30 2 6 2 1 4 1 12 1 16 1 26 2 29 1
30 2 6 2 1 4 1 12 1 18 1 26 2 28 1
30 2 6 2 1 4 1 12 1 20 1 22 2 26 2
30 4 6 2 1 4 1 12 1 22 1 26 1 26 2
30 2 6 2 1 4 1 12 1 23 1 25 1 26 2
30 1 4 2 1 4 2 12 1 26 4
30 2 6 2 1 12 1 16 1 16 1 29 1 29 1
30 2 6 2 1 12 1 16 1 18 1 28 1 29 1
30 2 6 2 1 12 1 16 1 20 1 22 2 29 1
30 4 6 2 1 12 1 16 1 22 1 26 1 29 1
30 2 6 2 1 12 1 16 1 23 1 25 1 29 1
30 1 4 2 1 12 1 16 2 29 2
30 2 6 2 1 12 1 18 1 18 1 28 1 28 1
30 2 6 2 1 12 1 18 1 20 1 22 2 28 1
30 4 6 2 1 12 1 18 1 22 1 26 1 28 1
30 2 6 2 1 12 1 18 1 23 1 25 1 28 1
30 1 4 2 1 12 1 18 2 28 2
30 2 6 2 1 12 1 20 1 20 1 22 2 22 2
30 4 6 2 1 12 1 20 1 22 1 22 2 26 1
30 2 6 2 1 12 1 20 1 22 2 23 1 25 1
30 1 4 2 1 12 1 20 2 22 4
30 8 6 2 1 12 1 22 1 22 1 26 1 26 1
30 4 6 2 1 12 1 22 1 23 1 25 1 26 1
30 4 4 2 1 12 1 22 2 26 2
30 2 6 2 1 12 1 23 1 23 1 25 1 25 1
30 1 4 2 1 12 1 23 2 25 2
30 2 6 4 1 4 1 4 1 6 2 26 2 26 2
30 4 6 4 1 4 1 6 1 10 1 26 2 26 2
30 2 6 4 1 4 1 6 2 16 1 26 2 29 1
30 2 6 4 1 4 1 6 2 18 1 26 2 28 1
30 2 6 4 1 4 1 6 2 20 1 22 2 26 2
30 4 6 4 1 4 1 6 2 22 1 26 1 26 2
30 2 6 4 1 4 1 6 2 23 1 25 1 26 2
30 2 6 4 1 4 1 7 1 9 1 26 2 26 2
30 2 6 4 1 4 1 10 2 20 1 26 2 26 2
30 2 6 4 1 4 1 15 1 17 1 26 2 26 2
30 1 4 4 1 4 2 6 2 26 4
30 4 6 4 1 6 1 10 1 16 1 26 2 29 1
30 4 6 4 1 6 1 10 1 18 1 26 2 28 1
30 4 6 4 1 6 1 10 1 20 1 22 2 26 2
30 8 6 4 1 6 1 10 1 22 1 26 1 26 2
30 4 6 4 1 6 1 10 1 23 1 25 1 26 2
30 2 6 4 1 6 2 16 1 16 1 29 1 29 1
30 2 6 4 1 6 2 16 1 18 1 28 1 29 1
30 2 6 4 1 6 2 16 1 20 1 22 2 29 1
30 4 6 4 1 6 2 16 1 22 1 26 1 29 1
30 2 6 4 1 6 2 16 1 23 1 25 1 29 1
30 1 4 4 1 6 2 16 2 29 2
30 2 6 4 1 6 2 18 1 18 1 28 1 28 1
30 2 6 4 1 6 2 18 1 20 1 22 2 28 1
30 4 6 4 1 6 2 18 1 22 1 26 1 28 1
30 2 6 4 1 6 2 18 1 23 1 25 1 28 1
30 1 4 4 1 6 2 18 2 28 2
30 2 6 4 1 6 2 20 1 20 1 22 2 22 2
30 4 6 4 1 6 2 20 1 22 1 22 2 26 1
30 2 6 4 1 6 2 20 1 22 2 23 1 25 1
30 1 4 4 1 6 2 20 2 22 4
30 8 6 4 1 6 2 22 1 22 1 26 1 26 1
30 4 6 4 1 6 2 22 1 23 1 25 1 26 1
30 4 4 4 1 6 2 22 2 26 2
30 2 6 4 1 6 2 23 1 23 1 25 1 25 1
30 1 4 4 1 6 2 23 2 25 2
30 2 6 4 1 7 1 9 1 16 1 26 2 29 1
30 2 6 4 1 7 1 9 1 18 1 26 2 28 1
30 2 6 4 1 7 1 9 1 20 1 22 2 26 2
30 4 6 4 1 7 1 9 1 22 1 26 1 26 2
30 2 6 4 1 7 1 9 1 23 1 25 1 26 2
30 2 6 4 1 10 2 16 1 20 1 26 2 29 1
30 2 6 4 1 10 2 18 1 20 1 26 2 28 1
30 2 6 4 1 10 2 20 1 20 1 22 2 26 2
30 4 6 4 1 10 2 20 1 22 1 26 1 26 2
30 2 6 4 1 10 2 20 1 23 1 25 1 26 2
30 2 6 4 1 15 1 16 1 17 1 26 2 29 1
30 2 6 4 1 15 1 17 1 18 1 26 2 28 1
30 2 6 4 1 15 1 17 1 20 1 22 2 26 2
30 4 6 4 1 15 1 17 1 22 1 26 1 26 2
30 2 6 4 1 15 1 17 1 23 1 25 1 26 2
30 2 4 4 2 6 1 10 1 26 4
30 1 4 4 2 7 1 9 1 26 4
30 1 4 4 2 10 2 20 1 26 4
30 1 4 4 2 15 1 17 1 26 4
30 4 6 6 1 10 1 16 1 16 1 29 1 29 1
30 4 6 6 1 10 1 16 1 18 1 28 1 29 1
30 4 6 6 1 10 1 16 1 20 1 22 2 29 1
30 8 6 6 1 10 1 16 1 22 1 26 1 29 1
30 4 6 6 1 10 1 16 1 23 1 25 1 29 1
30 2 4 6 1 10 1 16 2 29 2
30 4 6 6 1 10 1 18 1 18 1 28 1 28 1
30 4 6 6 1 10 1 18 1 20 1 22 2 28 1
30 8 6 6 1 10 1 18 1 22 1 26 1 28 1
30 4 6 6 1 10 1 18 1 23 1 25 1 28 1
30 2 4 6 1 10 1 18 2 28 2
30 4 6 6 1 10 1 20 1 20 1 22 2 22 2
30 8 6 6 1 10 1 20 1 22 1 22 2 26 1
30 4 6 6 1 10 1 20 1 22 2 23 1 25 1
30 2 4 6 1 10 1 20 2 22 4
30 16 6 6 1 10 1 22 1 22 1 26 1 26 1
30 8 6 6 1 10 1 22 1 23 1 25 1 26 1
30 8 4 6 1 10 1 22 2 26 2
30 4 6 6 1 10 1 23 1 23 1 25 1 25 1
30 2 4 6 1 10 1 23 2 25 2
30 2 6 7 1 9 1 16 1 16 1 29 1 29 1
30 2 6 7 1 9 1 16 1 18 1 28 1 29 1
30 2 6 7 1 9 1 16 1 20 1 22 2 29 1
30 4 6 7 1 9 1 16 1 22 1 26 1 29 1
30 2 6 7 1 9 1 16 1 23 1 25 1 29 1
30 1 4 7 1 9 1 16 2 29 2
30 2 6 7 1 9 1 18 1 18 1 28 1 28 1
30 2 6 7 1 9 1 18 1 20 1 22 2 28 1
30 4 6 7 1 9 1 18 1 22 1 26 1 28 1
30 2 6 7 1 9 1 18 1 23 1 25 1 28 1
30 1 4 7 1 9 1 18 2 28 2
30 2 6 7 1 9 1 20 1 20 1 22 2 22 2
30 4 6 7 1 9 1 20 1 22 1 22 2 26 1
30 2 6 7 1 9 1 20 1 22 2 23 1 25 1
30 1 4 7 1 9 1 20 2 22 4
30 8 6 7 1 9 1 22 1 22 1 26 1 26 1
30 4 6 7 1 9 1 22 1 23 1 25 1 26 1
30 4 4 7 1 9 1 22 2 26 2
30 2 6 7 1 9 1 23 1 23 1 25 1 25 1
30 1 4 7 1 9 1 23 2 25 2
30 2 6 10 2 16 1 16 1 20 1 29 1 29 1
30 2 6 10 2 16 1 18 1 20 1 28 1 29 1
30 2 6 10 2 16 1 20 1 20 1 22 2 29 1
30 4 6 10 2 16 1 20 1 22 1 26 1 29 1
30 2 6 10 2 16 1 20 1 23 1 25 1 29 1
30 1 4 10 2 16 2 20 1 29 2
30 2 6 10 2 18 1 18 1 20 1 28 1 28 1
30 2 6 10 2 18 1 20 1 20 1 22 2 28 1
30 4 6 10 2 18 1 20 1 22 1 26 1 28 1
30 2 6 10 2 18 1 20 1 23 1 25 1 28 1
30 1 4 10 2 18 2 20 1 28 2
30 2 6 10 2 20 1 20 1 20 1 22 2 22 2
30 4 6 10 2 20 1 20 1 22 1 22 2 26 1
30 2 6 10 2 20 1 20 1 22 2 23 1 25 1
30 1 4 10 2 20 1 20 2 22 4
30 8 6 10 2 20 1 22 1 22 1 26 1 26 1
30 4 6 10 2 20 1 22 1 23 1 25 1 26 1
30 4 4 10 2 20 1 22 2 26 2
30 2 6 10 2 20 1 23 1 23 1 25 1 25 1
30 1 4 10 2 20 1 23 2 25 2
30 2 6 15 1 16 1 16 1 17 1 29 1 29 1
30 2 6 15 1 16 1 17 1 18 1 28 1 29 1
30 2 6 15 1 16 1 17 1 20 1 22 2 29 1
30 4 6 15 1 16 1 17 1 22 1 26 1 29 1
30 2 6 15 1 16 1 17 1 23 1 25 1 29 1
30 1 4 15 1 16 2 17 1 29 2
30 2 6 15 1 17 1 18 1 18 1 28 1 28 1
30 2 6 15 1 17 1 18 1 20 1 22 2 28 1
30 4 6 15 1 17 1 18 1 22 1 26 1 28 1
30 2 6 15 1 17 1 18 1 23 1 25 1 28 1
30 1 4 15 1 17 1 18 2 28 2
30 2 6 15 1 17 1 20 1 20 1 22 2 22 2
30 4 6 15 1 17 1 20 1 22 1 22 2 26 1
30 2 6 15 1 17 1 20 1 22 2 23 1 25 1
30 1 4 15 1 17 1 20 2 22 4
30 8 6 15 1 17 1 22 1 22 1 26 1 26 1
30 4 6 15 1 17 1 22 1 23 1 25 1 26 1
30 4 4 15 1 17 1 22 2 26 2
30 2 6 15 1 17 1 23 1 23 1 25 1 25 1
30 1 4 15 1 17 1 23 2 25 2
31 2 6 0 1 0 1 0 1 8 2 26 2 26 2
31 2 6 0 1 0 1 1 1 14 1 26 2 26 2
31 2 6 0 1 0 1 4 1 13 1 26 2 26 2
31 2 6 0 1 0 1 5 1 12 1 26 2 26 2
31 2 6 0 1 0 1 7 1 11 1 26 2 26 2
31 4 6 0 1 0 1 8 1 10 1 26 2 26 2
31 2 6 0 1 0 1 8 2 16 1 24 2 26 2
31 2 6 0 1 0 1 8 2 17 1 26 2 30 1
31 2 6 0 1 0 1 8 2 20 1 26 2 29 1
31 2 6 0 1 0 1 8 2 21 1 26 2 28 1
31 2 6 0 1 0 1 8 2 23 1 26 2 27 1
31 4 6 0 1 0 1 8 2 24 1 26 1 26 2
31 2 6 0 1 0 1 10 2 16 1 26 2 26 2
31 1 4 0 1 0 2 8 2 26 4
31 2 6 0 1 1 1 14 1 16 1 24 2 26 2
31 2 6 0 1 1 1 14 1 17 1 26 2 30 1
31 2 6 0 1 1 1 14 1 20 1 26 2 29 1
31 2 6 0 1 1 1 14 1 21 1 26 2 28 1
31 2 6 0 1 1 1 14 1 23 1 26 2 27 1
31 4 6 0 1 1 1 14 1 24 1 26 1 26 2
31 2 6 0 1 4 1 13 1 16 1 24 2 26 2
31 2 6 0 1 4 1 13 1 17 1 26 2 30 1
31 2 6 0 1 4 1 13 1 20 1 26 2 29 1
31 2 6 0 1 4 1 13 1 21 1 26 2 28 1
31 2 6 0 1 4 1 13 1 23 1 26 2 27 1
31 4 6 0 1 4 1 13 1 24 1 26 1 26 2
31 2 6 0 1 5 1 12 1 16 1 24 2 26 2
31 2 6 0 1 5 1 12 1 17 1 26 2 30 1
31 2 6 0 1 5 1 12 1 20 1 26 2 29 1
31 2 6 0 1 5 1 12 1 21 1 26 2 28 1
31 2 6 0 1 5 1 12 1 23 1 26 2 27 1
31 4 6 0 1 5 1 12 1 24 1 26 1 26 2
31 2 6 0 1 7 1 11 1 16 1 24 2 26 2
31 2 6 0 1 7 1 11 1 17 1 26 2 30 1
31 2 6 0 1 7 1 11 1 20 1 26 2 29 1
31 2 6 0 1 7 1 11 1 21 1 26 2 28 1
31 2 6 0 1 7 1 11 1 23 1 26 2 27 1
31 4 6 0 1 7 1 11 1 24 1 26 1 26 2
31 4 6 0 1 8 1 10 1 16 1 24 2 26 2
31 4 6 0 1 8 1 10 1 17 1 26 2 30 1
31 4 6 0 1 8 1 10 1 20 1 26 2 29 1
31 4 6 0 1 8 1 10 1 21 1 26 2 28 1
31 4 6 0 1 8 1 10 1 23 1 26 2 27 1
31 8 6 0 1 8 1 10 1 24 1 26 1 26 2
31 2 6 0 1 8 2 16 1 16 1 24 2 24 2
31 2 6 0 1 8 2 16 1 17 1 24 2 30 1
31 2 6 0 1 8 2 16 1 20 1 24 2 29 1
31 2 6 0 1 8 2 16 1 21 1 24 2 28 1
31 2 6 0 1 8 2 16 1 23 1 24 2 27 1
31 4 6 0 1 8 2 16 1 24 1 24 2 26 1
31 1 4 0 1 8 2 16 2 24 4
31 2 6 0 1 8 2 17 1 17 1 30 1 30 1
31 2 6 0 1 8 2 17 1 20 1 29 1 30 1
31 2 6 0 1 8 2 17 1 21 1 28 1 30 1
31 2 6 0 1 8 2 17 1 23 1 27 1 30 1
31 4 6 0 1 8 2 17 1 24 1 26 1 30 1
31 1 4 0 1 8 2 17 2 30 2
31 2 6 0 1 8 2 20 1 20 1 29 1 29 1
31 2 6 0 1 8 2 20 1 21 1 28 1 29 1
31 2 6 0 1 8 2 20 1 23 1 27 1 29 1
31 4 6 0 1 8 2 20 1 24 1 26 1 29 1
31 1 4 0 1 8 2 20 2 29 2
31 2 6 0 1 8 2 21 1 21 1 28 1 28 1
31 2 6 0 1 8 2 21 1 23 1 27 1 28 1
31 4 6 0 1 8 2 21 1 24 1 26 1 28 1
31 1 4 0 1 8 2 21 2 28 2
31 2 6 0 1 8 2 23 1 23 1 27 1 27 1
31 4 6 0 1 8 2 23 1 24 1 26 1 27 1
31 1 4 0 1 8 2 23 2 27 2
31 8 6 0 1 8 2 24 1 24 1 26 1 26 1
31 4 4 0 1 8 2 24 2 26 2
31 2 6 0 1 10 2 16 1 16 1 24 2 26 2
31 2 6 0 1 10 2 16 1 17 1 26 2 30 1
31 2 6 0 1 10 2 16 1 20 1 26 2 29 1
31 2 6 0 1 10 2 16 1 21 1 26 2 28 1
31 2 6 0 1 10 2 16 1 23 1 26 2 27 1
31 4 6 0 1 10 2 16 1 24 1 26 1 26 2
31 1 4 0 2 1 1 14 1 26 4
31 1 4 0 2 4 1 13 1 26 4
31 1 4 0 2 5 1 12 1 26 4
31 1 4 0 2 7 1 11 1 26 4
31 2 4 0 2 8 1 10 1 26 4
31 1 4 0 2 10 2 16 1 26 4
31 2 6 1 1 14 1 16 1 16 1 24 2 24 2
31 2 6 1 1 14 1 16 1 17 1 24 2 30 1
31 2 6 1 1 14 1 16 1 20 1 24 2 29 1
31 2 6 1 1 14 1 16 1 21 1 24 2 28 1
31 2 6 1 1 14 1 16 1 23 1 24 2 27 1
31 4 6 1 1 14 1 16 1 24 1 24 2 26 1
31 1 4 1 1 14 1 16 2 24 4
31 2 6 1 1 14 1 17 1 17 1 30 1 30 1
31 2 6 1 1 14 1 17 1 20 1 29 1 30 1
31 2 6 1 1 14 1 17 1 21 1 28 1 30 1
31 2 6 1 1 14 1 17 1 23 1 27 1 30 1
31 4 6 1 1 14 1 17 1 24 1 26 1 30 1
31 1 4 1 1 14 1 17 2 30 2
31 2 6 1 1 14 1 20 1 20 1 29 1 29 1
31 2 6 1 1 14 1 20 1 21 1 28 1 29 1
31 2 6 1 1 14 1 20 1 23 1 27 1 29 1
31 4 6 1 1 14 1 20 1 24 1 26 1 29 1
31 1 4 1 1 14 1 20 2 29 2
31 2 6 1 1 14 1 21 1 21 1 28 1 28 1
31 2 6 1 1 14 1 21 1 23 1 27 1 28 1
31 4 6 1 1 14 1 21 1 24 1 26 1 28 1
31 1 4 1 1 14 1 21 2 28 2
31 2 6 1 1 14 1 23 1 23 1 27 1 27 1
31 4 6 1 1 14 1 23 1 24 1 26 1 27 1
31 1 4 1 1 14 1 23 2 27 2
31 8 6 1 1 14 1 24 1 24 1 26 1 26 1
31 4 4 1 1 14 1 24 2 26 2
31 2 6 4 1 13 1 16 1 16 1 24 2 24 2
31 2 6 4 1 13 1 16 1 17 1 24 2 30 1
31 2 6 4 1 13 1 16 1 20 1 24 2 29 1
31 2 6 4 1 13 1 16 1 21 1 24 2 28 1
31 2 6 4 1 13 1 16 1 23 1 24 2 27 1
31 4 6 4 1 13 1 16 1 24 1 24 2 26 1
31 1 4 4 1 13 1 16 2 24 4
31 2 6 4 1 13 1 17 1 17 1 30 1 30 1
31 2 6 4 1 13 1 17 1 20 1 29 1 30 1
31 2 6 4 1 13 1 17 1 21 1 28 1 30 1
31 2 6 4 1 13 1 17 1 23 1 27 1 30 1
31 4 6 4 1 13 1 17 1 24 1 26 1 30 1
31 1 4 4 1 13 1 17 2 30 2
31 2 6 4 1 13 1 20 1 20 1 29 1 29 1
31 2 6 4 1 13 1 20 1 21 1 28 1 29 1
31 2 6 4 1 13 1 20 1 23 1 27 1 29 1
31 4 6 4 1 13 1 20 1 24 1 26 1 29 1
31 1 4 4 1 13 1 20 2 29 2
31 2 6 4 1 13 1 21 1 21 1 28 1 28 1
31 2 6 4 1 13 1 21 1 23 1 27 1 28 1
31 4 6 4 1 13 1 21 1 24 1 26 1 28 1
31 1 4 4 1 13 1 21 2 28 2
31 2 6 4 1 13 1 23 1 23 1 27 1 27 1
31 4 6 4 1 13 1 23 1 24 1 26 1 27 1
31 1 4 4 1 13 1 23 2 27 2
31 8 6 4 1 13 1 24 1 24 1 26 1 26 1
31 4 4 4 1 13 1 24 2 26 2
31 2 6 5 1 12 1 16 1 16 1 24 2 24 2
31 2 6 5 1 12 1 16 1 17 1 24 2 30 1
31 2 6 5 1 12 1 16 1 20 1 24 2 29 1
31 2 6 5 1 12 1 16 1 21 1 24 2 28 1
31 2 6 5 1 12 1 16 1 23 1 24 2 27 1
31 4 6 5 1 12 1 16 1 24 1 24 2 26 1
31 1 4 5 1 12 1 16 2 24 4
31 2 6 5 1 12 1 17 1 17 1 30 1 30 1
31 2 6 5 1 12 1 17 1 20 1 29 1 30 1
31 2 6 5 1 12 1 17 1 21 1 28 1 30 1
31 2 6 5 1 12 1 17 1 23 1 27 1 30 1
31 4 6 5 1 12 1 17 1 24 1 26 1 30 1
31 1 4 5 1 12 1 17 2 30 2
31 2 6 5 1 12 1 20 1 20 1 29 1 29 1
31 2 6 5 1 12 1 20 1 21 1 28 1 29 1
31 2 6 5 1 12 1 20 1 23 1 27 1 29 1
31 4 6 5 1 12 1 20 1 24 1 26 1 29 1
31 1 4 5 1 12 1 20 2 29 2
31 2 6 5 1 12 1 21 1 21 1 28 1 28 1
31 2 6 5 1 12 1 21 1 23 1 27 1 28 1
31 4 6 5 1 12 1 21 1 24 1 26 1 28 1
31 1 4 5 1 12 1 21 2 28 2
31 2 6 5 1 12 1 23 1 23 1 27 1 27 1
31 4 6 5 1 12 1 23 1 24 1 26 1 27 1
31 1 4 5 1 12 1 23 2 27 2
31 8 6 5 1 12 1 24 1 24 1 26 1 26 1
31 4 4 5 1 12 1 24 2 26 2
31 2 6 7 1 11 1 16 1 16 1 24 2 24 2
31 2 6 7 1 11 1 16 1 17 1 24 2 30 1
31 2 6 7 1 11 1 16 1 20 1 24 2 29 1
31 2 6 7 1 11 1 16 1 21 1 24 2 28 1
31 2 6 7 1 11 1 16 1 23 1 24 2 27 1
31 4 6 7 1 11 1 16 1 24 1 24 2 26 1
31 1 4 7 1 11 1 16 2 24 4
31 2 6 7 1 11 1 17 1 17 1 30 1 30 1
31 2 6 7 1 11 1 17 1 20 1 29 1 30 1
31 2 6 7 1 11 1 17 1 21 1 28 1 30 1
31 2 6 7 1 11 1 17 1 23 1 27 1 30 1
31 4 6 7 1 11 1 17 1 24 1 26 1 30 1
31 1 4 7 1 11 1 17 2 30 2
31 2 6 7 1 11 1 20 1 20 1 29 1 29 1
31 2 6 7 1 11 1 20 1 21 1 28 1 29 1
31 2 6 7 1 11 1 20 1 23 1 27 1 29 1
31 4 6 7 1 11 1 20 1 24 1 26 1 29 1
31 1 4 7 1 11 1 20 2 29 2
31 2 6 7 1 11 1 21 1 21 1 28 1 28 1
31 2 6 7 1 11 1 21 1 23 1 27 1 28 1
31 4 6 7 1 11 1 21 1 24 1 26 1 28 1
31 1 4 7 1 11 1 21 2 28 2
31 2 6 7 1 11 1 23 1 23 1 27 1 27 1
31 4 6 7 1 11 1 23 1 24 1 26 1 27 1
31 1 4 7 1 11 1 23 2 27 2
31 8 6 7 1 11 1 24 1 24 1 26 1 26 1
31 4 4 7 1 11 1 24 2 26 2
31 4 6 8 1 10 1 16 1 16 1 24 2 24 2
31 4 6 8 1 10 1 16 1 17 1 24 2 30 1
31 4 6 8 1 10 1 16 1 20 1 24 2 29 1
31 4 6 8 1 10 1 16 1 21 1 24 2 28 1
31 4 6 8 1 10 1 16 1 23 1 24 2 27 1
31 8 6 8 1 10 1 16 1 24 1 24 2 26 1
31 2 4 8 1 10 1 16 2 24 4
31 4 6 8 1 10 1 17 1 17 1 30 1 30 1
31 4 6 8 1 10 1 17 1 20 1 29 1 30 1
31 4 6 8 1 10 1 17 1 21 1 28 1 30 1
31 4 6 8 1 10 1 17 1 23 1 27 1 30 1
31 8 6 8 1 10 1 17 1 24 1 26 1 30 1
31 2 4 8 1 10 1 17 2 30 2
31 4 6 8 1 10 1 20 1 20 1 29 1 29 1
31 4 6 8 1 10 1 20 1 21 1 28 1 29 1
31 4 6 8 1 10 1 20 1 23 1 27 1 29 1
31 8 6 8 1 10 1 20 1 24 1 26 1 29 1
31 2 4 8 1 10 1 20 2 29 2
31 4 6 8 1 10 1 21 1 21 1 28 1 28 1
31 4 6 8 1 10 1 21 1 23 1 27 1 28 1
31 8 6 8 1 10 1 21 1 24 1 26 1 28 1
31 2 4 8 1 10 1 21 2 28 2
31 4 6 8 1 10 1 23 1 23 1 27 1 27 1
31 8 6 8 1 10 1 23 1 24 1 26 1 27 1
31 2 4 8 1 10 1 23 2 27 2
31 16 6 8 1 10 1 24 1 24 1 26 1 26 1
31 8 4 8 1 10 1 24 2 26 2
31 2 6 10 2 16 1 16 1 16 1 24 2 24 2
31 2 6 10 2 16 1 16 1 17 1 24 2 30 1
31 2 6 10 2 16 1 16 1 20 1 24 2 29 1
31 2 6 10 2 16 1 16 1 21 1 24 2 28 1
31 2 6 10 2 16 1 16 1 23 1 24 2 27 1
31 4 6 10 2 16 1 16 1 24 1 24 2 26 1
31 1 4 10 2 16 1 16 2 24 4
31 2 6 10 2 16 1 17 1 17 1 30 1 30 1
31 2 6 10 2 16 1 17 1 20 1 29 1 30 1
31 2 6 10 2 16 1 17 1 21 1 28 1 30 1
31 2 6 10 2 16 1 17 1 23 1 27 1 30 1
31 4 6 10 2 16 1 17 1 24 1 26 1 30 1
31 1 4 10 2 16 1 17 2 30 2
31 2 6 10 2 16 1 20 1 20 1 29 1 29 1
31 2 6 10 2 16 1 20 1 21 1 28 1 29 1
31 2 6 10 2 16 1 20 1 23 1 27 1 29 1
31 4 6 10 2 16 1 20 1 24 1 26 1 29 1
31 1 4 10 2 16 1 20 2 29 2
31 2 6 10 2 16 1 21 1 21 1 28 1 28 1
31 2 6 10 2 16 1 21 1 23 1 27 1 28 1
31 4 6 10 2 16 1 21 1 24 1 26 1 28 1
31 1 4 10 2 16 1 21 2 28 2
31 2 6 10 2 16 1 23 1 23 1 27 1 27 1
31 4 6 10 2 16 1 23 1 24 1 26 1 27 1
31 1 4 10 2 16 1 23 2 27 2
31 8 6 10 2 16 1 24 1 24 1 26 1 26 1
31 4 4 10 2 16 1 24 2 26 2
