32 432
0 1 4 1 1 1
0 5 7 1 1 1
0 8 10 1 1 1
0 11 12 1 1 1
0 13 14 1 1 1
0 13 15 2 1 1
0 14 15 1 1 2
0 20 17 1 1 1
0 23 21 1 1 1
0 26 24 1 1 1
0 28 27 1 1 1
0 30 29 1 1 2
0 31 30 1 1 1
0 31 29 2 1 1
1 0 4 1 1 1
1 2 5 1 1 1
1 6 8 1 1 1
1 9 11 1 1 1
1 9 13 2 1 1
1 11 13 1 1 2
1 12 14 1 1 1
1 20 16 1 1 1
1 21 18 1 1 1
1 24 22 1 1 1
1 27 25 1 1 2
1 29 27 1 1 1
1 29 25 2 1 1
1 30 28 1 1 1
2 1 5 1 1 1
2 3 6 1 1 1
2 3 9 2 1 1
2 4 7 1 1 1
2 6 9 1 1 2
2 8 11 1 1 1
2 10 12 1 1 1
2 21 17 1 1 1
2 22 19 1 1 2
2 23 20 1 1 1
2 25 22 1 1 1
2 25 19 2 1 1
2 27 24 1 1 1
2 28 26 1 1 1
3 2 6 1 1 1
3 2 9 1 2 1
3 5 8 1 1 1
3 5 13 1 2 1
3 7 10 1 1 1
3 7 15 1 2 1
3 22 18 1 1 1
3 22 25 1 2 1
3 24 21 1 1 1
3 24 29 1 2 1
3 26 23 1 1 1
3 26 31 1 2 1
4 2 7 1 1 1
4 6 10 1 1 1
4 9 12 1 1 1
4 9 15 2 1 1
4 11 14 1 1 1
4 12 15 1 1 2
4 16 1 1 1 1
4 17 0 1 1 1
4 23 18 1 1 1
4 26 22 1 1 1
4 28 25 1 1 2
4 30 27 1 1 1
4 31 28 1 1 1
4 31 25 2 1 1
5 0 7 1 1 1
5 3 8 1 1 1
5 3 13 2 1 1
5 6 11 1 1 1
5 8 13 1 1 2
5 10 14 1 1 1
5 17 2 1 1 1
5 18 1 1 1 1
5 23 16 1 1 1
5 24 19 1 1 2
5 27 22 1 1 1
5 29 24 1 1 1
5 29 19 2 1 1
5 30 26 1 1 1
6 1 8 1 1 1
6 2 9 1 1 2
6 4 10 1 1 1
6 5 11 1 1 1
6 7 12 1 1 1
6 18 3 1 1 2
6 19 2 1 1 1
6 19 9 2 1 1
6 24 17 1 1 1
6 25 18 1 1 1
6 25 3 2 1 1
6 26 20 1 1 1
6 27 21 1 1 1
6 28 23 1 1 1
7 3 10 1 1 1
7 3 15 2 1 1
7 6 12 1 1 1
7 8 14 1 1 1
7 10 15 1 1 2
7 16 5 1 1 1
7 18 4 1 1 1
7 20 2 1 1 1
7 21 0 1 1 1
7 26 19 1 1 2
7 28 22 1 1 1
7 30 24 1 1 1
7 31 26 1 1 1
7 31 19 2 1 1
8 0 10 1 1 1
8 2 11 1 1 1
8 5 13 1 1 2
8 7 14 1 1 1
8 17 6 1 1 1
8 19 5 1 1 1
8 19 13 2 1 1
8 21 3 1 1 2
8 22 1 1 1 1
8 26 16 1 1 1
8 27 18 1 1 1
8 29 21 1 1 1
8 29 3 2 1 1
8 30 23 1 1 1
9 1 11 1 1 1
9 1 13 1 2 1
9 4 12 1 1 1
9 4 15 1 2 1
9 18 6 1 1 1
9 18 3 1 2 1
9 22 2 1 1 1
9 22 19 1 2 1
9 27 17 1 1 1
9 27 29 1 2 1
9 28 20 1 1 1
9 28 31 1 2 1
10 2 12 1 1 1
10 5 14 1 1 1
10 7 15 1 1 2
10 16 8 1 1 1
10 19 7 1 1 1
10 19 15 2 1 1
10 20 6 1 1 1
10 22 4 1 1 1
10 23 3 1 1 2
10 24 0 1 1 1
10 28 18 1 1 1
10 30 21 1 1 1
10 31 23 1 1 1
10 31 3 2 1 1
11 0 12 1 1 1
11 1 13 1 1 2
11 4 14 1 1 1
11 17 9 1 1 2
11 18 8 1 1 1
11 21 6 1 1 1
11 22 5 1 1 1
11 24 2 1 1 1
11 25 1 1 1 1
11 25 13 2 1 1
11 28 16 1 1 1
11 29 17 1 1 1
11 29 9 2 1 1
11 30 20 1 1 1
12 1 14 1 1 1
12 4 15 1 1 2
12 16 11 1 1 1
12 18 10 1 1 1
12 20 9 1 1 2
12 22 7 1 1 1
12 23 6 1 1 1
12 25 4 1 1 1
12 25 15 2 1 1
12 26 2 1 1 1
12 27 0 1 1 1
12 30 17 1 1 1
12 31 20 1 1 1
12 31 9 2 1 1
13 0 14 1 1 1
13 0 15 1 2 1
13 17 11 1 1 1
13 17 9 1 2 1
13 21 8 1 1 1
13 21 3 1 2 1
13 24 5 1 1 1
13 24 19 1 2 1
13 27 1 1 1 1
13 27 25 1 2 1
13 30 16 1 1 1
13 30 31 1 2 1
14 0 15 1 1 2
14 16 13 1 1 2
14 17 12 1 1 1
14 20 11 1 1 1
14 21 10 1 1 1
14 23 8 1 1 1
14 24 7 1 1 1
14 26 5 1 1 1
14 27 4 1 1 1
14 28 1 1 1 1
14 29 0 1 1 1
14 29 15 2 1 1
14 31 16 1 1 1
14 31 13 2 1 1
15 16 14 1 1 1
15 16 13 1 2 1
15 20 12 1 1 1
15 20 9 1 2 1
15 23 10 1 1 1
15 23 3 1 2 1
15 26 7 1 1 1
15 26 19 1 2 1
15 28 4 1 1 1
15 28 25 1 2 1
15 30 0 1 1 1
15 30 29 1 2 1
16 4 1 1 1 1
16 7 5 1 1 1
16 10 8 1 1 1
16 12 11 1 1 1
16 14 13 1 1 2
16 15 14 1 1 1
16 15 13 2 1 1
16 17 20 1 1 1
16 21 23 1 1 1
16 24 26 1 1 1
16 27 28 1 1 1
16 29 30 1 1 1
16 29 31 2 1 1
16 30 31 1 1 2
17 4 0 1 1 1
17 5 2 1 1 1
17 8 6 1 1 1
17 11 9 1 1 2
17 13 11 1 1 1
17 13 9 2 1 1
17 14 12 1 1 1
17 16 20 1 1 1
17 18 21 1 1 1
17 22 24 1 1 1
17 25 27 1 1 1
17 25 29 2 1 1
17 27 29 1 1 2
17 28 30 1 1 1
18 5 1 1 1 1
18 6 3 1 1 2
18 7 4 1 1 1
18 9 6 1 1 1
18 9 3 2 1 1
18 11 8 1 1 1
18 12 10 1 1 1
18 17 21 1 1 1
18 19 22 1 1 1
18 19 25 2 1 1
18 20 23 1 1 1
18 22 25 1 1 2
18 24 27 1 1 1
18 26 28 1 1 1
19 6 2 1 1 1
19 6 9 1 2 1
19 8 5 1 1 1
19 8 13 1 2 1
19 10 7 1 1 1
19 10 15 1 2 1
19 18 22 1 1 1
19 18 25 1 2 1
19 21 24 1 1 1
19 21 29 1 2 1
19 23 26 1 1 1
19 23 31 1 2 1
20 0 17 1 1 1
20 1 16 1 1 1
20 7 2 1 1 1
20 10 6 1 1 1
20 12 9 1 1 2
20 14 11 1 1 1
20 15 12 1 1 1
20 15 9 2 1 1
20 18 23 1 1 1
20 22 26 1 1 1
20 25 28 1 1 1
20 25 31 2 1 1
20 27 30 1 1 1
20 28 31 1 1 2
21 1 18 1 1 1
21 2 17 1 1 1
21 7 0 1 1 1
21 8 3 1 1 2
21 11 6 1 1 1
21 13 8 1 1 1
21 13 3 2 1 1
21 14 10 1 1 1
21 16 23 1 1 1
21 19 24 1 1 1
21 19 29 2 1 1
21 22 27 1 1 1
21 24 29 1 1 2
21 26 30 1 1 1
22 2 19 1 1 2
22 3 18 1 1 1
22 3 25 2 1 1
22 8 1 1 1 1
22 9 2 1 1 1
22 9 19 2 1 1
22 10 4 1 1 1
22 11 5 1 1 1
22 12 7 1 1 1
22 17 24 1 1 1
22 18 25 1 1 2
22 20 26 1 1 1
22 21 27 1 1 1
22 23 28 1 1 1
23 0 21 1 1 1
23 2 20 1 1 1
23 4 18 1 1 1
23 5 16 1 1 1
23 10 3 1 1 2
23 12 6 1 1 1
23 14 8 1 1 1
23 15 10 1 1 1
23 15 3 2 1 1
23 19 26 1 1 1
23 19 31 2 1 1
23 22 28 1 1 1
23 24 30 1 1 1
23 26 31 1 1 2
24 1 22 1 1 1
24 3 21 1 1 1
24 3 29 2 1 1
24 5 19 1 1 2
24 6 17 1 1 1
24 10 0 1 1 1
24 11 2 1 1 1
24 13 5 1 1 1
24 13 19 2 1 1
24 14 7 1 1 1
24 16 26 1 1 1
24 18 27 1 1 1
24 21 29 1 1 2
24 23 30 1 1 1
25 2 22 1 1 1
25 2 19 1 2 1
25 6 18 1 1 1
25 6 3 1 2 1
25 11 1 1 1 1
25 11 13 1 2 1
25 12 4 1 1 1
25 12 15 1 2 1
25 17 27 1 1 1
25 17 29 1 2 1
25 20 28 1 1 1
25 20 31 1 2 1
26 0 24 1 1 1
26 3 23 1 1 1
26 3 31 2 1 1
26 4 22 1 1 1
26 6 20 1 1 1
26 7 19 1 1 2
26 8 16 1 1 1
26 12 2 1 1 1
26 14 5 1 1 1
26 15 7 1 1 1
26 15 19 2 1 1
26 18 28 1 1 1
26 21 30 1 1 1
26 23 31 1 1 2
27 1 25 1 1 2
27 2 24 1 1 1
27 5 22 1 1 1
27 6 21 1 1 1
27 8 18 1 1 1
27 9 17 1 1 1
27 9 29 2 1 1
27 12 0 1 1 1
27 13 1 1 1 1
27 13 25 2 1 1
27 14 4 1 1 1
27 16 28 1 1 1
27 17 29 1 1 2
27 20 30 1 1 1
28 0 27 1 1 1
28 2 26 1 1 1
28 4 25 1 1 2
28 6 23 1 1 1
28 7 22 1 1 1
28 9 20 1 1 1
28 9 31 2 1 1
28 10 18 1 1 1
28 11 16 1 1 1
28 14 1 1 1 1
28 15 4 1 1 1
28 15 25 2 1 1
28 17 30 1 1 1
28 20 31 1 1 2
29 1 27 1 1 1
29 1 25 1 2 1
29 5 24 1 1 1
29 5 19 1 2 1
29 8 21 1 1 1
29 8 3 1 2 1
29 11 17 1 1 1
29 11 9 1 2 1
29 14 0 1 1 1
29 14 15 1 2 1
29 16 30 1 1 1
29 16 31 1 2 1
30 0 29 1 1 2
30 1 28 1 1 1
30 4 27 1 1 1
30 5 26 1 1 1
30 7 24 1 1 1
30 8 23 1 1 1
30 10 21 1 1 1
30 11 20 1 1 1
30 12 17 1 1 1
30 13 16 1 1 1
30 13 31 2 1 1
30 15 0 1 1 1
30 15 29 2 1 1
30 16 31 1 1 2
31 0 30 1 1 1
31 0 29 1 2 1
31 4 28 1 1 1
31 4 25 1 2 1
31 7 26 1 1 1
31 7 19 1 2 1
31 10 23 1 1 1
31 10 3 1 2 1
31 12 20 1 1 1
31 12 9 1 2 1
31 14 16 1 1 1
31 14 13 1 2 1
7776
0 2 6 1 1 4 1 4 1 17 1 17 1 20 1
0 2 6 1 1 4 1 7 1 17 1 20 1 21 1
0 2 6 1 1 4 1 10 1 17 1 20 1 24 1
0 2 6 1 1 4 1 12 1 17 1 20 1 27 1
0 2 6 1 1 4 1 14 1 17 1 20 1 29 1
0 2 6 1 1 4 1 15 1 17 1 20 1 30 1
0 1 4 1 1 4 2 17 2 20 1
0 2 6 1 1 7 1 7 1 20 1 21 1 21 1
0 2 6 1 1 7 1 10 1 20 1 21 1 24 1
0 2 6 1 1 7 1 12 1 20 1 21 1 27 1
0 2 6 1 1 7 1 14 1 20 1 21 1 29 1
0 2 6 1 1 7 1 15 1 20 1 21 1 30 1
0 1 4 1 1 7 2 20 1 21 2
0 2 6 1 1 10 1 10 1 20 1 24 1 24 1
0 2 6 1 1 10 1 12 1 20 1 24 1 27 1
0 2 6 1 1 10 1 14 1 20 1 24 1 29 1
0 2 6 1 1 10 1 15 1 20 1 24 1 30 1
0 1 4 1 1 10 2 20 1 24 2
0 2 6 1 1 12 1 12 1 20 1 27 1 27 1
0 2 6 1 1 12 1 14 1 20 1 27 1 29 1
0 2 6 1 1 12 1 15 1 20 1 27 1 30 1
0 1 4 1 1 12 2 20 1 27 2
0 2 6 1 1 14 1 14 1 20 1 29 1 29 1
0 2 6 1 1 14 1 15 1 20 1 29 1 30 1
0 1 4 1 1 14 2 20 1 29 2
0 2 6 1 1 15 1 15 1 20 1 30 1 30 1
0 1 4 1 1 15 2 20 1 30 2
0 2 6 4 1 4 1 5 1 17 1 17 1 23 1
0 2 6 4 1 4 1 8 1 17 1 17 1 26 1
0 2 6 4 1 4 1 11 1 17 1 17 1 28 1
0 2 6 4 1 4 1 13 1 17 1 17 1 30 1
0 2 6 4 1 4 1 14 1 17 1 17 1 31 1
0 2 6 4 1 5 1 7 1 17 1 21 1 23 1
0 2 6 4 1 5 1 10 1 17 1 23 1 24 1
0 2 6 4 1 5 1 12 1 17 1 23 1 27 1
0 2 6 4 1 5 1 14 1 17 1 23 1 29 1
0 2 6 4 1 5 1 15 1 17 1 23 1 30 1
0 2 6 4 1 7 1 8 1 17 1 21 1 26 1
0 2 6 4 1 7 1 11 1 17 1 21 1 28 1
0 2 6 4 1 7 1 13 1 17 1 21 1 30 1
0 2 6 4 1 7 1 14 1 17 1 21 1 31 1
0 2 6 4 1 8 1 10 1 17 1 24 1 26 1
0 2 6 4 1 8 1 12 1 17 1 26 1 27 1
0 2 6 4 1 8 1 14 1 17 1 26 1 29 1
0 2 6 4 1 8 1 15 1 17 1 26 1 30 1
0 2 6 4 1 10 1 11 1 17 1 24 1 28 1
0 2 6 4 1 10 1 13 1 17 1 24 1 30 1
0 2 6 4 1 10 1 14 1 17 1 24 1 31 1
0 2 6 4 1 11 1 12 1 17 1 27 1 28 1
0 2 6 4 1 11 1 14 1 17 1 28 1 29 1
0 2 6 4 1 11 1 15 1 17 1 28 1 30 1
0 2 6 4 1 12 1 13 1 17 1 27 1 30 1
0 2 6 4 1 12 1 14 1 17 1 27 1 31 1
0 2 6 4 1 13 1 14 1 17 1 29 1 30 1
0 2 6 4 1 13 1 15 1 17 1 30 1 30 1
0 2 6 4 1 14 1 14 1 17 1 29 1 31 1
0 2 6 4 1 14 1 15 1 17 1 30 1 31 1
0 1 4 4 2 5 1 17 2 23 1
0 1 4 4 2 8 1 17 2 26 1
0 1 4 4 2 11 1 17 2 28 1
0 1 4 4 2 13 1 17 2 30 1
0 1 4 4 2 14 1 17 2 31 1
0 2 6 5 1 7 1 7 1 21 1 21 1 23 1
0 2 6 5 1 7 1 10 1 21 1 23 1 24 1
0 2 6 5 1 7 1 12 1 21 1 23 1 27 1
0 2 6 5 1 7 1 14 1 21 1 23 1 29 1
0 2 6 5 1 7 1 15 1 21 1 23 1 30 1
0 1 4 5 1 7 2 21 2 23 1
0 2 6 5 1 10 1 10 1 23 1 24 1 24 1
0 2 6 5 1 10 1 12 1 23 1 24 1 27 1
0 2 6 5 1 10 1 14 1 23 1 24 1 29 1
0 2 6 5 1 10 1 15 1 23 1 24 1 30 1
0 1 4 5 1 10 2 23 1 24 2
0 2 6 5 1 12 1 12 1 23 1 27 1 27 1
0 2 6 5 1 12 1 14 1 23 1 27 1 29 1
0 2 6 5 1 12 1 15 1 23 1 27 1 30 1
0 1 4 5 1 12 2 23 1 27 2
0 2 6 5 1 14 1 14 1 23 1 29 1 29 1
0 2 6 5 1 14 1 15 1 23 1 29 1 30 1
0 1 4 5 1 14 2 23 1 29 2
0 2 6 5 1 15 1 15 1 23 1 30 1 30 1
0 1 4 5 1 15 2 23 1 30 2
0 2 6 7 1 7 1 8 1 21 1 21 1 26 1
0 2 6 7 1 7 1 11 1 21 1 21 1 28 1
0 2 6 7 1 7 1 13 1 21 1 21 1 30 1
0 2 6 7 1 7 1 14 1 21 1 21 1 31 1
0 2 6 7 1 8 1 10 1 21 1 24 1 26 1
0 2 6 7 1 8 1 12 1 21 1 26 1 27 1
0 2 6 7 1 8 1 14 1 21 1 26 1 29 1
0 2 6 7 1 8 1 15 1 21 1 26 1 30 1
0 2 6 7 1 10 1 11 1 21 1 24 1 28 1
0 2 6 7 1 10 1 13 1 21 1 24 1 30 1
0 2 6 7 1 10 1 14 1 21 1 24 1 31 1
0 2 6 7 1 11 1 12 1 21 1 27 1 28 1
0 2 6 7 1 11 1 14 1 21 1 28 1 29 1
0 2 6 7 1 11 1 15 1 21 1 28 1 30 1
0 2 6 7 1 12 1 13 1 21 1 27 1 30 1
0 2 6 7 1 12 1 14 1 21 1 27 1 31 1
0 2 6 7 1 13 1 14 1 21 1 29 1 30 1
0 2 6 7 1 13 1 15 1 21 1 30 1 30 1
0 2 6 7 1 14 1 14 1 21 1 29 1 31 1
0 2 6 7 1 14 1 15 1 21 1 30 1 31 1
0 1 4 7 2 8 1 21 2 26 1
0 1 4 7 2 11 1 21 2 28 1
0 1 4 7 2 13 1 21 2 30 1
0 1 4 7 2 14 1 21 2 31 1
0 2 6 8 1 10 1 10 1 24 1 24 1 26 1
0 2 6 8 1 10 1 12 1 24 1 26 1 27 1
0 2 6 8 1 10 1 14 1 24 1 26 1 29 1
0 2 6 8 1 10 1 15 1 24 1 26 1 30 1
0 1 4 8 1 10 2 24 2 26 1
0 2 6 8 1 12 1 12 1 26 1 27 1 27 1
0 2 6 8 1 12 1 14 1 26 1 27 1 29 1
0 2 6 8 1 12 1 15 1 26 1 27 1 30 1
0 1 4 8 1 12 2 26 1 27 2
0 2 6 8 1 14 1 14 1 26 1 29 1 29 1
0 2 6 8 1 14 1 15 1 26 1 29 1 30 1
0 1 4 8 1 14 2 26 1 29 2
0 2 6 8 1 15 1 15 1 26 1 30 1 30 1
0 1 4 8 1 15 2 26 1 30 2
0 2 6 10 1 10 1 11 1 24 1 24 1 28 1
0 2 6 10 1 10 1 13 1 24 1 24 1 30 1
0 2 6 10 1 10 1 14 1 24 1 24 1 31 1
0 2 6 10 1 11 1 12 1 24 1 27 1 28 1
0 2 6 10 1 11 1 14 1 24 1 28 1 29 1
0 2 6 10 1 11 1 15 1 24 1 28 1 30 1
0 2 6 10 1 12 1 13 1 24 1 27 1 30 1
0 2 6 10 1 12 1 14 1 24 1 27 1 31 1
0 2 6 10 1 13 1 14 1 24 1 29 1 30 1
0 2 6 10 1 13 1 15 1 24 1 30 1 30 1
0 2 6 10 1 14 1 14 1 24 1 29 1 31 1
0 2 6 10 1 14 1 15 1 24 1 30 1 31 1
0 1 4 10 2 11 1 24 2 28 1
0 1 4 10 2 13 1 24 2 30 1
0 1 4 10 2 14 1 24 2 31 1
0 2 6 11 1 12 1 12 1 27 1 27 1 28 1
0 2 6 11 1 12 1 14 1 27 1 28 1 29 1
0 2 6 11 1 12 1 15 1 27 1 28 1 30 1
0 1 4 11 1 12 2 27 2 28 1
0 2 6 11 1 14 1 14 1 28 1 29 1 29 1
0 2 6 11 1 14 1 15 1 28 1 29 1 30 1
0 1 4 11 1 14 2 28 1 29 2
0 2 6 11 1 15 1 15 1 28 1 30 1 30 1
0 1 4 11 1 15 2 28 1 30 2
0 2 6 12 1 12 1 13 1 27 1 27 1 30 1
0 2 6 12 1 12 1 14 1 27 1 27 1 31 1
0 2 6 12 1 13 1 14 1 27 1 29 1 30 1
0 2 6 12 1 13 1 15 1 27 1 30 1 30 1
0 2 6 12 1 14 1 14 1 27 1 29 1 31 1
0 2 6 12 1 14 1 15 1 27 1 30 1 31 1
0 1 4 12 2 13 1 27 2 30 1
0 1 4 12 2 14 1 27 2 31 1
0 2 6 13 1 14 1 14 1 29 1 29 1 30 1
0 2 6 13 1 14 1 15 1 29 1 30 1 30 1
0 1 4 13 1 14 2 29 2 30 1
0 2 6 13 1 15 1 15 1 30 1 30 1 30 1
0 1 4 13 1 15 2 30 1 30 2
0 2 6 14 1 14 1 14 1 29 1 29 1 31 1
0 2 6 14 1 14 1 15 1 29 1 30 1 31 1
0 1 4 14 1 14 2 29 2 31 1
0 2 6 14 1 15 1 15 1 30 1 30 1 31 1
0 1 4 14 1 15 2 30 2 31 1
1 2 6 0 1 4 1 4 1 16 1 16 1 20 1
1 2 6 0 1 4 1 5 1 16 1 18 1 20 1
1 2 6 0 1 4 1 8 1 16 1 20 1 22 1
1 2 6 0 1 4 1 11 1 16 1 20 1 25 1
1 2 6 0 1 4 1 13 1 16 1 20 1 27 1
1 2 6 0 1 4 1 14 1 16 1 20 1 28 1
1 1 4 0 1 4 2 16 2 20 1
1 2 6 0 1 5 1 5 1 18 1 18 1 20 1
1 2 6 0 1 5 1 8 1 18 1 20 1 22 1
1 2 6 0 1 5 1 11 1 18 1 20 1 25 1
1 2 6 0 1 5 1 13 1 18 1 20 1 27 1
1 2 6 0 1 5 1 14 1 18 1 20 1 28 1
1 1 4 0 1 5 2 18 2 20 1
1 2 6 0 1 8 1 8 1 20 1 22 1 22 1
1 2 6 0 1 8 1 11 1 20 1 22 1 25 1
1 2 6 0 1 8 1 13 1 20 1 22 1 27 1
1 2 6 0 1 8 1 14 1 20 1 22 1 28 1
1 1 4 0 1 8 2 20 1 22 2
1 2 6 0 1 11 1 11 1 20 1 25 1 25 1
1 2 6 0 1 11 1 13 1 20 1 25 1 27 1
1 2 6 0 1 11 1 14 1 20 1 25 1 28 1
1 1 4 0 1 11 2 20 1 25 2
1 2 6 0 1 13 1 13 1 20 1 27 1 27 1
1 2 6 0 1 13 1 14 1 20 1 27 1 28 1
1 1 4 0 1 13 2 20 1 27 2
1 2 6 0 1 14 1 14 1 20 1 28 1 28 1
1 1 4 0 1 14 2 20 1 28 2
1 2 6 2 1 4 1 4 1 16 1 16 1 21 1
1 2 6 2 1 4 1 5 1 16 1 18 1 21 1
1 2 6 2 1 4 1 8 1 16 1 21 1 22 1
1 2 6 2 1 4 1 11 1 16 1 21 1 25 1
1 2 6 2 1 4 1 13 1 16 1 21 1 27 1
1 2 6 2 1 4 1 14 1 16 1 21 1 28 1
1 1 4 2 1 4 2 16 2 21 1
1 2 6 2 1 5 1 5 1 18 1 18 1 21 1
1 2 6 2 1 5 1 8 1 18 1 21 1 22 1
1 2 6 2 1 5 1 11 1 18 1 21 1 25 1
1 2 6 2 1 5 1 13 1 18 1 21 1 27 1
1 2 6 2 1 5 1 14 1 18 1 21 1 28 1
1 1 4 2 1 5 2 18 2 21 1
1 2 6 2 1 8 1 8 1 21 1 22 1 22 1
1 2 6 2 1 8 1 11 1 21 1 22 1 25 1
1 2 6 2 1 8 1 13 1 21 1 22 1 27 1
1 2 6 2 1 8 1 14 1 21 1 22 1 28 1
1 1 4 2 1 8 2 21 1 22 2
1 2 6 2 1 11 1 11 1 21 1 25 1 25 1
1 2 6 2 1 11 1 13 1 21 1 25 1 27 1
1 2 6 2 1 11 1 14 1 21 1 25 1 28 1
1 1 4 2 1 11 2 21 1 25 2
1 2 6 2 1 13 1 13 1 21 1 27 1 27 1
1 2 6 2 1 13 1 14 1 21 1 27 1 28 1
1 1 4 2 1 13 2 21 1 27 2
1 2 6 2 1 14 1 14 1 21 1 28 1 28 1
1 1 4 2 1 14 2 21 1 28 2
1 2 6 4 1 4 1 6 1 16 1 16 1 24 1
1 2 6 4 1 4 1 9 1 16 1 16 1 27 1
1 2 6 4 1 4 1 11 1 16 1 16 1 29 1
1 2 6 4 1 4 1 12 1 16 1 16 1 30 1
1 2 6 4 1 5 1 6 1 16 1 18 1 24 1
1 2 6 4 1 5 1 9 1 16 1 18 1 27 1
1 2 6 4 1 5 1 11 1 16 1 18 1 29 1
1 2 6 4 1 5 1 12 1 16 1 18 1 30 1
1 2 6 4 1 6 1 8 1 16 1 22 1 24 1
1 2 6 4 1 6 1 11 1 16 1 24 1 25 1
1 2 6 4 1 6 1 13 1 16 1 24 1 27 1
1 2 6 4 1 6 1 14 1 16 1 24 1 28 1
1 2 6 4 1 8 1 9 1 16 1 22 1 27 1
1 2 6 4 1 8 1 11 1 16 1 22 1 29 1
1 2 6 4 1 8 1 12 1 16 1 22 1 30 1
1 2 6 4 1 9 1 11 1 16 1 25 1 27 1
1 2 6 4 1 9 1 13 1 16 1 27 1 27 1
1 2 6 4 1 9 1 14 1 16 1 27 1 28 1
1 2 6 4 1 11 1 11 1 16 1 25 1 29 1
1 2 6 4 1 11 1 12 1 16 1 25 1 30 1
1 2 6 4 1 11 1 13 1 16 1 27 1 29 1
1 2 6 4 1 11 1 14 1 16 1 28 1 29 1
1 2 6 4 1 12 1 13 1 16 1 27 1 30 1
1 2 6 4 1 12 1 14 1 16 1 28 1 30 1
1 1 4 4 2 6 1 16 2 24 1
1 1 4 4 2 9 1 16 2 27 1
1 1 4 4 2 11 1 16 2 29 1
1 1 4 4 2 12 1 16 2 30 1
1 2 6 5 1 5 1 6 1 18 1 18 1 24 1
1 2 6 5 1 5 1 9 1 18 1 18 1 27 1
1 2 6 5 1 5 1 11 1 18 1 18 1 29 1
1 2 6 5 1 5 1 12 1 18 1 18 1 30 1
1 2 6 5 1 6 1 8 1 18 1 22 1 24 1
1 2 6 5 1 6 1 11 1 18 1 24 1 25 1
1 2 6 5 1 6 1 13 1 18 1 24 1 27 1
1 2 6 5 1 6 1 14 1 18 1 24 1 28 1
1 2 6 5 1 8 1 9 1 18 1 22 1 27 1
1 2 6 5 1 8 1 11 1 18 1 22 1 29 1
1 2 6 5 1 8 1 12 1 18 1 22 1 30 1
1 2 6 5 1 9 1 11 1 18 1 25 1 27 1
1 2 6 5 1 9 1 13 1 18 1 27 1 27 1
1 2 6 5 1 9 1 14 1 18 1 27 1 28 1
1 2 6 5 1 11 1 11 1 18 1 25 1 29 1
1 2 6 5 1 11 1 12 1 18 1 25 1 30 1
1 2 6 5 1 11 1 13 1 18 1 27 1 29 1
1 2 6 5 1 11 1 14 1 18 1 28 1 29 1
1 2 6 5 1 12 1 13 1 18 1 27 1 30 1
1 2 6 5 1 12 1 14 1 18 1 28 1 30 1
1 1 4 5 2 6 1 18 2 24 1
1 1 4 5 2 9 1 18 2 27 1
1 1 4 5 2 11 1 18 2 29 1
1 1 4 5 2 12 1 18 2 30 1
1 2 6 6 1 8 1 8 1 22 1 22 1 24 1
1 2 6 6 1 8 1 11 1 22 1 24 1 25 1
1 2 6 6 1 8 1 13 1 22 1 24 1 27 1
1 2 6 6 1 8 1 14 1 22 1 24 1 28 1
1 1 4 6 1 8 2 22 2 24 1
1 2 6 6 1 11 1 11 1 24 1 25 1 25 1
1 2 6 6 1 11 1 13 1 24 1 25 1 27 1
1 2 6 6 1 11 1 14 1 24 1 25 1 28 1
1 1 4 6 1 11 2 24 1 25 2
1 2 6 6 1 13 1 13 1 24 1 27 1 27 1
1 2 6 6 1 13 1 14 1 24 1 27 1 28 1
1 1 4 6 1 13 2 24 1 27 2
1 2 6 6 1 14 1 14 1 24 1 28 1 28 1
1 1 4 6 1 14 2 24 1 28 2
1 2 6 8 1 8 1 9 1 22 1 22 1 27 1
1 2 6 8 1 8 1 11 1 22 1 22 1 29 1
1 2 6 8 1 8 1 12 1 22 1 22 1 30 1
1 2 6 8 1 9 1 11 1 22 1 25 1 27 1
1 2 6 8 1 9 1 13 1 22 1 27 1 27 1
1 2 6 8 1 9 1 14 1 22 1 27 1 28 1
1 2 6 8 1 11 1 11 1 22 1 25 1 29 1
1 2 6 8 1 11 1 12 1 22 1 25 1 30 1
1 2 6 8 1 11 1 13 1 22 1 27 1 29 1
1 2 6 8 1 11 1 14 1 22 1 28 1 29 1
1 2 6 8 1 12 1 13 1 22 1 27 1 30 1
1 2 6 8 1 12 1 14 1 22 1 28 1 30 1
1 1 4 8 2 9 1 22 2 27 1
1 1 4 8 2 11 1 22 2 29 1
1 1 4 8 2 12 1 22 2 30 1
1 2 6 9 1 11 1 11 1 25 1 25 1 27 1
1 2 6 9 1 11 1 13 1 25 1 27 1 27 1
1 2 6 9 1 11 1 14 1 25 1 27 1 28 1
1 1 4 9 1 11 2 25 2 27 1
1 2 6 9 1 13 1 13 1 27 1 27 1 27 1
1 2 6 9 1 13 1 14 1 27 1 27 1 28 1
1 1 4 9 1 13 2 27 1 27 2
1 2 6 9 1 14 1 14 1 27 1 28 1 28 1
1 1 4 9 1 14 2 27 1 28 2
1 2 6 11 1 11 1 11 1 25 1 25 1 29 1
1 2 6 11 1 11 1 12 1 25 1 25 1 30 1
1 2 6 11 1 11 1 13 1 25 1 27 1 29 1
1 2 6 11 1 11 1 14 1 25 1 28 1 29 1
1 1 4 11 1 11 2 25 2 29 1
1 2 6 11 1 12 1 13 1 25 1 27 1 30 1
1 2 6 11 1 12 1 14 1 25 1 28 1 30 1
1 2 6 11 1 13 1 13 1 27 1 27 1 29 1
1 2 6 11 1 13 1 14 1 27 1 28 1 29 1
1 1 4 11 1 13 2 27 2 29 1
1 2 6 11 1 14 1 14 1 28 1 28 1 29 1
1 1 4 11 1 14 2 28 2 29 1
1 1 4 11 2 12 1 25 2 30 1
1 2 6 12 1 13 1 13 1 27 1 27 1 30 1
1 2 6 12 1 13 1 14 1 27 1 28 1 30 1
1 1 4 12 1 13 2 27 2 30 1
1 2 6 12 1 14 1 14 1 28 1 28 1 30 1
1 1 4 12 1 14 2 28 2 30 1
2 2 6 1 1 5 1 5 1 17 1 17 1 21 1
2 2 6 1 1 5 1 6 1 17 1 19 1 21 1
2 2 6 1 1 5 1 7 1 17 1 20 1 21 1
2 2 6 1 1 5 1 9 1 17 1 21 1 22 1
2 2 6 1 1 5 1 11 1 17 1 21 1 24 1
2 2 6 1 1 5 1 12 1 17 1 21 1 26 1
2 1 4 1 1 5 2 17 2 21 1
2 2 6 1 1 6 1 6 1 19 1 19 1 21 1
2 2 6 1 1 6 1 7 1 19 1 20 1 21 1
2 2 6 1 1 6 1 9 1 19 1 21 1 22 1
2 2 6 1 1 6 1 11 1 19 1 21 1 24 1
2 2 6 1 1 6 1 12 1 19 1 21 1 26 1
2 1 4 1 1 6 2 19 2 21 1
2 2 6 1 1 7 1 7 1 20 1 20 1 21 1
2 2 6 1 1 7 1 9 1 20 1 21 1 22 1
2 2 6 1 1 7 1 11 1 20 1 21 1 24 1
2 2 6 1 1 7 1 12 1 20 1 21 1 26 1
2 1 4 1 1 7 2 20 2 21 1
2 2 6 1 1 9 1 9 1 21 1 22 1 22 1
2 2 6 1 1 9 1 11 1 21 1 22 1 24 1
2 2 6 1 1 9 1 12 1 21 1 22 1 26 1
2 1 4 1 1 9 2 21 1 22 2
2 2 6 1 1 11 1 11 1 21 1 24 1 24 1
2 2 6 1 1 11 1 12 1 21 1 24 1 26 1
2 1 4 1 1 11 2 21 1 24 2
2 2 6 1 1 12 1 12 1 21 1 26 1 26 1
2 1 4 1 1 12 2 21 1 26 2
2 2 6 3 1 5 1 5 1 17 1 17 1 22 1
2 2 6 3 1 5 1 6 1 17 1 19 1 22 1
2 2 6 3 1 5 1 7 1 17 1 20 1 22 1
2 2 6 3 1 5 1 9 1 17 1 22 1 22 1
2 2 6 3 1 5 1 11 1 17 1 22 1 24 1
2 2 6 3 1 5 1 12 1 17 1 22 1 26 1
2 1 4 3 1 5 2 17 2 22 1
2 2 6 3 1 6 1 6 1 19 1 19 1 22 1
2 2 6 3 1 6 1 7 1 19 1 20 1 22 1
2 2 6 3 1 6 1 9 1 19 1 22 1 22 1
2 2 6 3 1 6 1 11 1 19 1 22 1 24 1
2 2 6 3 1 6 1 12 1 19 1 22 1 26 1
2 1 4 3 1 6 2 19 2 22 1
2 2 6 3 1 7 1 7 1 20 1 20 1 22 1
2 2 6 3 1 7 1 9 1 20 1 22 1 22 1
2 2 6 3 1 7 1 11 1 20 1 22 1 24 1
2 2 6 3 1 7 1 12 1 20 1 22 1 26 1
2 1 4 3 1 7 2 20 2 22 1
2 2 6 3 1 9 1 9 1 22 1 22 1 22 1
2 2 6 3 1 9 1 11 1 22 1 22 1 24 1
2 2 6 3 1 9 1 12 1 22 1 22 1 26 1
2 1 4 3 1 9 2 22 1 22 2
2 2 6 3 1 11 1 11 1 22 1 24 1 24 1
2 2 6 3 1 11 1 12 1 22 1 24 1 26 1
2 1 4 3 1 11 2 22 1 24 2
2 2 6 3 1 12 1 12 1 22 1 26 1 26 1
2 1 4 3 1 12 2 22 1 26 2
2 2 6 4 1 5 1 5 1 17 1 17 1 23 1
2 2 6 4 1 5 1 6 1 17 1 19 1 23 1
2 2 6 4 1 5 1 7 1 17 1 20 1 23 1
2 2 6 4 1 5 1 9 1 17 1 22 1 23 1
2 2 6 4 1 5 1 11 1 17 1 23 1 24 1
2 2 6 4 1 5 1 12 1 17 1 23 1 26 1
2 1 4 4 1 5 2 17 2 23 1
2 2 6 4 1 6 1 6 1 19 1 19 1 23 1
2 2 6 4 1 6 1 7 1 19 1 20 1 23 1
2 2 6 4 1 6 1 9 1 19 1 22 1 23 1
2 2 6 4 1 6 1 11 1 19 1 23 1 24 1
2 2 6 4 1 6 1 12 1 19 1 23 1 26 1
2 1 4 4 1 6 2 19 2 23 1
2 2 6 4 1 7 1 7 1 20 1 20 1 23 1
2 2 6 4 1 7 1 9 1 20 1 22 1 23 1
2 2 6 4 1 7 1 11 1 20 1 23 1 24 1
2 2 6 4 1 7 1 12 1 20 1 23 1 26 1
2 1 4 4 1 7 2 20 2 23 1
2 2 6 4 1 9 1 9 1 22 1 22 1 23 1
2 2 6 4 1 9 1 11 1 22 1 23 1 24 1
2 2 6 4 1 9 1 12 1 22 1 23 1 26 1
2 1 4 4 1 9 2 22 2 23 1
2 2 6 4 1 11 1 11 1 23 1 24 1 24 1
2 2 6 4 1 11 1 12 1 23 1 24 1 26 1
2 1 4 4 1 11 2 23 1 24 2
2 2 6 4 1 12 1 12 1 23 1 26 1 26 1
2 1 4 4 1 12 2 23 1 26 2
2 2 6 5 1 5 1 6 1 17 1 17 1 25 1
2 2 6 5 1 5 1 8 1 17 1 17 1 27 1
2 2 6 5 1 5 1 10 1 17 1 17 1 28 1
2 2 6 5 1 6 1 6 1 17 1 19 1 25 1
2 2 6 5 1 6 1 7 1 17 1 20 1 25 1
2 2 6 5 1 6 1 8 1 17 1 19 1 27 1
2 2 6 5 1 6 1 9 1 17 1 22 1 25 1
2 2 6 5 1 6 1 10 1 17 1 19 1 28 1
2 2 6 5 1 6 1 11 1 17 1 24 1 25 1
2 2 6 5 1 6 1 12 1 17 1 25 1 26 1
2 2 6 5 1 7 1 8 1 17 1 20 1 27 1
2 2 6 5 1 7 1 10 1 17 1 20 1 28 1
2 2 6 5 1 8 1 9 1 17 1 22 1 27 1
2 2 6 5 1 8 1 11 1 17 1 24 1 27 1
2 2 6 5 1 8 1 12 1 17 1 26 1 27 1
2 2 6 5 1 9 1 10 1 17 1 22 1 28 1
2 2 6 5 1 10 1 11 1 17 1 24 1 28 1
2 2 6 5 1 10 1 12 1 17 1 26 1 28 1
2 1 4 5 2 6 1 17 2 25 1
2 1 4 5 2 8 1 17 2 27 1
2 1 4 5 2 10 1 17 2 28 1
2 2 6 6 1 6 1 6 1 19 1 19 1 25 1
2 2 6 6 1 6 1 7 1 19 1 20 1 25 1
2 2 6 6 1 6 1 8 1 19 1 19 1 27 1
2 2 6 6 1 6 1 9 1 19 1 22 1 25 1
2 2 6 6 1 6 1 10 1 19 1 19 1 28 1
2 2 6 6 1 6 1 11 1 19 1 24 1 25 1
2 2 6 6 1 6 1 12 1 19 1 25 1 26 1
2 1 4 6 1 6 2 19 2 25 1
2 2 6 6 1 7 1 7 1 20 1 20 1 25 1
2 2 6 6 1 7 1 8 1 19 1 20 1 27 1
2 2 6 6 1 7 1 9 1 20 1 22 1 25 1
2 2 6 6 1 7 1 10 1 19 1 20 1 28 1
2 2 6 6 1 7 1 11 1 20 1 24 1 25 1
2 2 6 6 1 7 1 12 1 20 1 25 1 26 1
2 1 4 6 1 7 2 20 2 25 1
2 2 6 6 1 8 1 9 1 19 1 22 1 27 1
2 2 6 6 1 8 1 11 1 19 1 24 1 27 1
2 2 6 6 1 8 1 12 1 19 1 26 1 27 1
2 2 6 6 1 9 1 9 1 22 1 22 1 25 1
2 2 6 6 1 9 1 10 1 19 1 22 1 28 1
2 2 6 6 1 9 1 11 1 22 1 24 1 25 1
2 2 6 6 1 9 1 12 1 22 1 25 1 26 1
2 1 4 6 1 9 2 22 2 25 1
2 2 6 6 1 10 1 11 1 19 1 24 1 28 1
2 2 6 6 1 10 1 12 1 19 1 26 1 28 1
2 2 6 6 1 11 1 11 1 24 1 24 1 25 1
2 2 6 6 1 11 1 12 1 24 1 25 1 26 1
2 1 4 6 1 11 2 24 2 25 1
2 2 6 6 1 12 1 12 1 25 1 26 1 26 1
2 1 4 6 1 12 2 25 1 26 2
2 1 4 6 2 8 1 19 2 27 1
2 1 4 6 2 10 1 19 2 28 1
2 2 6 7 1 7 1 8 1 20 1 20 1 27 1
2 2 6 7 1 7 1 10 1 20 1 20 1 28 1
2 2 6 7 1 8 1 9 1 20 1 22 1 27 1
2 2 6 7 1 8 1 11 1 20 1 24 1 27 1
2 2 6 7 1 8 1 12 1 20 1 26 1 27 1
2 2 6 7 1 9 1 10 1 20 1 22 1 28 1
2 2 6 7 1 10 1 11 1 20 1 24 1 28 1
2 2 6 7 1 10 1 12 1 20 1 26 1 28 1
2 1 4 7 2 8 1 20 2 27 1
2 1 4 7 2 10 1 20 2 28 1
2 2 6 8 1 9 1 9 1 22 1 22 1 27 1
2 2 6 8 1 9 1 11 1 22 1 24 1 27 1
2 2 6 8 1 9 1 12 1 22 1 26 1 27 1
2 1 4 8 1 9 2 22 2 27 1
2 2 6 8 1 11 1 11 1 24 1 24 1 27 1
2 2 6 8 1 11 1 12 1 24 1 26 1 27 1
2 1 4 8 1 11 2 24 2 27 1
2 2 6 8 1 12 1 12 1 26 1 26 1 27 1
2 1 4 8 1 12 2 26 2 27 1
2 2 6 9 1 9 1 10 1 22 1 22 1 28 1
2 2 6 9 1 10 1 11 1 22 1 24 1 28 1
2 2 6 9 1 10 1 12 1 22 1 26 1 28 1
2 1 4 9 2 10 1 22 2 28 1
2 2 6 10 1 11 1 11 1 24 1 24 1 28 1
2 2 6 10 1 11 1 12 1 24 1 26 1 28 1
2 1 4 10 1 11 2 24 2 28 1
2 2 6 10 1 12 1 12 1 26 1 26 1 28 1
2 1 4 10 1 12 2 26 2 28 1
3 16 6 2 1 6 1 6 1 18 1 18 1 22 1
3 8 6 2 1 6 1 6 2 18 1 22 1 25 1
3 16 6 2 1 6 1 8 1 18 1 21 1 22 1
3 8 6 2 1 6 1 8 2 18 1 22 1 29 1
3 8 6 2 1 6 1 9 1 18 1 18 2 22 1
3 16 6 2 1 6 1 10 1 18 1 22 1 23 1
3 8 6 2 1 6 1 10 2 18 1 22 1 31 1
3 8 6 2 1 6 1 13 1 18 1 21 2 22 1
3 8 6 2 1 6 1 15 1 18 1 22 1 23 2
3 4 6 2 1 6 2 6 2 22 1 25 1 25 1
3 8 6 2 1 6 2 8 1 21 1 22 1 25 1
3 4 6 2 1 6 2 8 2 22 1 25 1 29 1
3 4 6 2 1 6 2 9 1 18 2 22 1 25 1
3 8 6 2 1 6 2 10 1 22 1 23 1 25 1
3 4 6 2 1 6 2 10 2 22 1 25 1 31 1
3 4 6 2 1 6 2 13 1 21 2 22 1 25 1
3 4 6 2 1 6 2 15 1 22 1 23 2 25 1
3 8 4 2 1 6 2 18 2 22 1
3 2 4 2 1 6 4 22 1 25 2
3 16 6 2 1 8 1 8 1 21 1 21 1 22 1
3 8 6 2 1 8 1 8 2 21 1 22 1 29 1
3 8 6 2 1 8 1 9 1 18 2 21 1 22 1
3 16 6 2 1 8 1 10 1 21 1 22 1 23 1
3 8 6 2 1 8 1 10 2 21 1 22 1 31 1
3 8 6 2 1 8 1 13 1 21 1 21 2 22 1
3 8 6 2 1 8 1 15 1 21 1 22 1 23 2
3 4 6 2 1 8 2 8 2 22 1 29 1 29 1
3 4 6 2 1 8 2 9 1 18 2 22 1 29 1
3 8 6 2 1 8 2 10 1 22 1 23 1 29 1
3 4 6 2 1 8 2 10 2 22 1 29 1 31 1
3 4 6 2 1 8 2 13 1 21 2 22 1 29 1
3 4 6 2 1 8 2 15 1 22 1 23 2 29 1
3 8 4 2 1 8 2 21 2 22 1
3 2 4 2 1 8 4 22 1 29 2
3 4 6 2 1 9 1 9 1 18 2 18 2 22 1
3 8 6 2 1 9 1 10 1 18 2 22 1 23 1
3 4 6 2 1 9 1 10 2 18 2 22 1 31 1
3 4 6 2 1 9 1 13 1 18 2 21 2 22 1
3 4 6 2 1 9 1 15 1 18 2 22 1 23 2
3 2 4 2 1 9 2 18 4 22 1
3 16 6 2 1 10 1 10 1 22 1 23 1 23 1
3 8 6 2 1 10 1 10 2 22 1 23 1 31 1
3 8 6 2 1 10 1 13 1 21 2 22 1 23 1
3 8 6 2 1 10 1 15 1 22 1 23 1 23 2
3 4 6 2 1 10 2 10 2 22 1 31 1 31 1
3 4 6 2 1 10 2 13 1 21 2 22 1 31 1
3 4 6 2 1 10 2 15 1 22 1 23 2 31 1
3 8 4 2 1 10 2 22 1 23 2
3 2 4 2 1 10 4 22 1 31 2
3 4 6 2 1 13 1 13 1 21 2 21 2 22 1
3 4 6 2 1 13 1 15 1 21 2 22 1 23 2
3 2 4 2 1 13 2 21 4 22 1
3 4 6 2 1 15 1 15 1 22 1 23 2 23 2
3 2 4 2 1 15 2 22 1 23 4
3 8 6 2 2 6 1 6 1 18 1 18 1 25 1
3 4 6 2 2 6 1 6 2 18 1 25 1 25 1
3 8 6 2 2 6 1 8 1 18 1 21 1 25 1
3 4 6 2 2 6 1 8 2 18 1 25 1 29 1
3 4 6 2 2 6 1 9 1 18 1 18 2 25 1
3 8 6 2 2 6 1 10 1 18 1 23 1 25 1
3 4 6 2 2 6 1 10 2 18 1 25 1 31 1
3 4 6 2 2 6 1 13 1 18 1 21 2 25 1
3 4 6 2 2 6 1 15 1 18 1 23 2 25 1
3 2 6 2 2 6 2 6 2 25 1 25 1 25 1
3 4 6 2 2 6 2 8 1 21 1 25 1 25 1
3 2 6 2 2 6 2 8 2 25 1 25 1 29 1
3 2 6 2 2 6 2 9 1 18 2 25 1 25 1
3 4 6 2 2 6 2 10 1 23 1 25 1 25 1
3 2 6 2 2 6 2 10 2 25 1 25 1 31 1
3 2 6 2 2 6 2 13 1 21 2 25 1 25 1
3 2 6 2 2 6 2 15 1 23 2 25 1 25 1
3 4 4 2 2 6 2 18 2 25 1
3 1 4 2 2 6 4 25 1 25 2
3 8 6 2 2 8 1 8 1 21 1 21 1 25 1
3 4 6 2 2 8 1 8 2 21 1 25 1 29 1
3 4 6 2 2 8 1 9 1 18 2 21 1 25 1
3 8 6 2 2 8 1 10 1 21 1 23 1 25 1
3 4 6 2 2 8 1 10 2 21 1 25 1 31 1
3 4 6 2 2 8 1 13 1 21 1 21 2 25 1
3 4 6 2 2 8 1 15 1 21 1 23 2 25 1
3 2 6 2 2 8 2 8 2 25 1 29 1 29 1
3 2 6 2 2 8 2 9 1 18 2 25 1 29 1
3 4 6 2 2 8 2 10 1 23 1 25 1 29 1
3 2 6 2 2 8 2 10 2 25 1 29 1 31 1
3 2 6 2 2 8 2 13 1 21 2 25 1 29 1
3 2 6 2 2 8 2 15 1 23 2 25 1 29 1
3 4 4 2 2 8 2 21 2 25 1
3 1 4 2 2 8 4 25 1 29 2
3 2 6 2 2 9 1 9 1 18 2 18 2 25 1
3 4 6 2 2 9 1 10 1 18 2 23 1 25 1
3 2 6 2 2 9 1 10 2 18 2 25 1 31 1
3 2 6 2 2 9 1 13 1 18 2 21 2 25 1
3 2 6 2 2 9 1 15 1 18 2 23 2 25 1
3 1 4 2 2 9 2 18 4 25 1
3 8 6 2 2 10 1 10 1 23 1 23 1 25 1
3 4 6 2 2 10 1 10 2 23 1 25 1 31 1
3 4 6 2 2 10 1 13 1 21 2 23 1 25 1
3 4 6 2 2 10 1 15 1 23 1 23 2 25 1
3 2 6 2 2 10 2 10 2 25 1 31 1 31 1
3 2 6 2 2 10 2 13 1 21 2 25 1 31 1
3 2 6 2 2 10 2 15 1 23 2 25 1 31 1
3 4 4 2 2 10 2 23 2 25 1
3 1 4 2 2 10 4 25 1 31 2
3 2 6 2 2 13 1 13 1 21 2 21 2 25 1
3 2 6 2 2 13 1 15 1 21 2 23 2 25 1
3 1 4 2 2 13 2 21 4 25 1
3 2 6 2 2 15 1 15 1 23 2 23 2 25 1
3 1 4 2 2 15 2 23 4 25 1
3 16 6 5 1 6 1 6 1 18 1 18 1 24 1
3 8 6 5 1 6 1 6 2 18 1 24 1 25 1
3 16 6 5 1 6 1 8 1 18 1 21 1 24 1
3 8 6 5 1 6 1 8 2 18 1 24 1 29 1
3 8 6 5 1 6 1 9 1 18 1 18 2 24 1
3 16 6 5 1 6 1 10 1 18 1 23 1 24 1
3 8 6 5 1 6 1 10 2 18 1 24 1 31 1
3 8 6 5 1 6 1 13 1 18 1 21 2 24 1
3 8 6 5 1 6 1 15 1 18 1 23 2 24 1
3 4 6 5 1 6 2 6 2 24 1 25 1 25 1
3 8 6 5 1 6 2 8 1 21 1 24 1 25 1
3 4 6 5 1 6 2 8 2 24 1 25 1 29 1
3 4 6 5 1 6 2 9 1 18 2 24 1 25 1
3 8 6 5 1 6 2 10 1 23 1 24 1 25 1
3 4 6 5 1 6 2 10 2 24 1 25 1 31 1
3 4 6 5 1 6 2 13 1 21 2 24 1 25 1
3 4 6 5 1 6 2 15 1 23 2 24 1 25 1
3 8 4 5 1 6 2 18 2 24 1
3 2 4 5 1 6 4 24 1 25 2
3 16 6 5 1 8 1 8 1 21 1 21 1 24 1
3 8 6 5 1 8 1 8 2 21 1 24 1 29 1
3 8 6 5 1 8 1 9 1 18 2 21 1 24 1
3 16 6 5 1 8 1 10 1 21 1 23 1 24 1
3 8 6 5 1 8 1 10 2 21 1 24 1 31 1
3 8 6 5 1 8 1 13 1 21 1 21 2 24 1
3 8 6 5 1 8 1 15 1 21 1 23 2 24 1
3 4 6 5 1 8 2 8 2 24 1 29 1 29 1
3 4 6 5 1 8 2 9 1 18 2 24 1 29 1
3 8 6 5 1 8 2 10 1 23 1 24 1 29 1
3 4 6 5 1 8 2 10 2 24 1 29 1 31 1
3 4 6 5 1 8 2 13 1 21 2 24 1 29 1
3 4 6 5 1 8 2 15 1 23 2 24 1 29 1
3 8 4 5 1 8 2 21 2 24 1
3 2 4 5 1 8 4 24 1 29 2
3 4 6 5 1 9 1 9 1 18 2 18 2 24 1
3 8 6 5 1 9 1 10 1 18 2 23 1 24 1
3 4 6 5 1 9 1 10 2 18 2 24 1 31 1
3 4 6 5 1 9 1 13 1 18 2 21 2 24 1
3 4 6 5 1 9 1 15 1 18 2 23 2 24 1
3 2 4 5 1 9 2 18 4 24 1
3 16 6 5 1 10 1 10 1 23 1 23 1 24 1
3 8 6 5 1 10 1 10 2 23 1 24 1 31 1
3 8 6 5 1 10 1 13 1 21 2 23 1 24 1
3 8 6 5 1 10 1 15 1 23 1 23 2 24 1
3 4 6 5 1 10 2 10 2 24 1 31 1 31 1
3 4 6 5 1 10 2 13 1 21 2 24 1 31 1
3 4 6 5 1 10 2 15 1 23 2 24 1 31 1
3 8 4 5 1 10 2 23 2 24 1
3 2 4 5 1 10 4 24 1 31 2
3 4 6 5 1 13 1 13 1 21 2 21 2 24 1
3 4 6 5 1 13 1 15 1 21 2 23 2 24 1
3 2 4 5 1 13 2 21 4 24 1
3 4 6 5 1 15 1 15 1 23 2 23 2 24 1
3 2 4 5 1 15 2 23 4 24 1
3 8 6 5 2 6 1 6 1 18 1 18 1 29 1
3 4 6 5 2 6 1 6 2 18 1 25 1 29 1
3 8 6 5 2 6 1 8 1 18 1 21 1 29 1
3 4 6 5 2 6 1 8 2 18 1 29 1 29 1
3 4 6 5 2 6 1 9 1 18 1 18 2 29 1
3 8 6 5 2 6 1 10 1 18 1 23 1 29 1
3 4 6 5 2 6 1 10 2 18 1 29 1 31 1
3 4 6 5 2 6 1 13 1 18 1 21 2 29 1
3 4 6 5 2 6 1 15 1 18 1 23 2 29 1
3 2 6 5 2 6 2 6 2 25 1 25 1 29 1
3 4 6 5 2 6 2 8 1 21 1 25 1 29 1
3 2 6 5 2 6 2 8 2 25 1 29 1 29 1
3 2 6 5 2 6 2 9 1 18 2 25 1 29 1
3 4 6 5 2 6 2 10 1 23 1 25 1 29 1
3 2 6 5 2 6 2 10 2 25 1 29 1 31 1
3 2 6 5 2 6 2 13 1 21 2 25 1 29 1
3 2 6 5 2 6 2 15 1 23 2 25 1 29 1
3 4 4 5 2 6 2 18 2 29 1
3 1 4 5 2 6 4 25 2 29 1
3 8 6 5 2 8 1 8 1 21 1 21 1 29 1
3 4 6 5 2 8 1 8 2 21 1 29 1 29 1
3 4 6 5 2 8 1 9 1 18 2 21 1 29 1
3 8 6 5 2 8 1 10 1 21 1 23 1 29 1
3 4 6 5 2 8 1 10 2 21 1 29 1 31 1
3 4 6 5 2 8 1 13 1 21 1 21 2 29 1
3 4 6 5 2 8 1 15 1 21 1 23 2 29 1
3 2 6 5 2 8 2 8 2 29 1 29 1 29 1
3 2 6 5 2 8 2 9 1 18 2 29 1 29 1
3 4 6 5 2 8 2 10 1 23 1 29 1 29 1
3 2 6 5 2 8 2 10 2 29 1 29 1 31 1
3 2 6 5 2 8 2 13 1 21 2 29 1 29 1
3 2 6 5 2 8 2 15 1 23 2 29 1 29 1
3 4 4 5 2 8 2 21 2 29 1
3 1 4 5 2 8 4 29 1 29 2
3 2 6 5 2 9 1 9 1 18 2 18 2 29 1
3 4 6 5 2 9 1 10 1 18 2 23 1 29 1
3 2 6 5 2 9 1 10 2 18 2 29 1 31 1
3 2 6 5 2 9 1 13 1 18 2 21 2 29 1
3 2 6 5 2 9 1 15 1 18 2 23 2 29 1
3 1 4 5 2 9 2 18 4 29 1
3 8 6 5 2 10 1 10 1 23 1 23 1 29 1
3 4 6 5 2 10 1 10 2 23 1 29 1 31 1
3 4 6 5 2 10 1 13 1 21 2 23 1 29 1
3 4 6 5 2 10 1 15 1 23 1 23 2 29 1
3 2 6 5 2 10 2 10 2 29 1 31 1 31 1
3 2 6 5 2 10 2 13 1 21 2 29 1 31 1
3 2 6 5 2 10 2 15 1 23 2 29 1 31 1
3 4 4 5 2 10 2 23 2 29 1
3 1 4 5 2 10 4 29 1 31 2
3 2 6 5 2 13 1 13 1 21 2 21 2 29 1
3 2 6 5 2 13 1 15 1 21 2 23 2 29 1
3 1 4 5 2 13 2 21 4 29 1
3 2 6 5 2 15 1 15 1 23 2 23 2 29 1
3 1 4 5 2 15 2 23 4 29 1
3 16 6 6 1 6 1 7 1 18 1 18 1 26 1
3 8 6 6 1 6 1 7 2 18 1 18 1 31 1
3 8 6 6 1 6 1 9 1 18 1 18 1 22 2
3 8 6 6 1 6 1 13 1 18 1 18 1 24 2
3 8 6 6 1 6 1 15 1 18 1 18 1 26 2
3 8 6 6 1 6 2 7 1 18 1 25 1 26 1
3 4 6 6 1 6 2 7 2 18 1 25 1 31 1
3 4 6 6 1 6 2 9 1 18 1 22 2 25 1
3 4 6 6 1 6 2 13 1 18 1 24 2 25 1
3 4 6 6 1 6 2 15 1 18 1 25 1 26 2
3 16 6 6 1 7 1 8 1 18 1 21 1 26 1
3 8 6 6 1 7 1 8 2 18 1 26 1 29 1
3 8 6 6 1 7 1 9 1 18 1 18 2 26 1
3 16 6 6 1 7 1 10 1 18 1 23 1 26 1
3 8 6 6 1 7 1 10 2 18 1 26 1 31 1
3 8 6 6 1 7 1 13 1 18 1 21 2 26 1
3 8 6 6 1 7 1 15 1 18 1 23 2 26 1
3 8 6 6 1 7 2 8 1 18 1 21 1 31 1
3 4 6 6 1 7 2 8 2 18 1 29 1 31 1
3 4 6 6 1 7 2 9 1 18 1 18 2 31 1
3 8 6 6 1 7 2 10 1 18 1 23 1 31 1
3 4 6 6 1 7 2 10 2 18 1 31 1 31 1
3 4 6 6 1 7 2 13 1 18 1 21 2 31 1
3 4 6 6 1 7 2 15 1 18 1 23 2 31 1
3 8 6 6 1 8 1 9 1 18 1 21 1 22 2
3 8 6 6 1 8 1 13 1 18 1 21 1 24 2
3 8 6 6 1 8 1 15 1 18 1 21 1 26 2
3 4 6 6 1 8 2 9 1 18 1 22 2 29 1
3 4 6 6 1 8 2 13 1 18 1 24 2 29 1
3 4 6 6 1 8 2 15 1 18 1 26 2 29 1
3 4 6 6 1 9 1 9 1 18 1 18 2 22 2
3 8 6 6 1 9 1 10 1 18 1 22 2 23 1
3 4 6 6 1 9 1 10 2 18 1 22 2 31 1
3 4 6 6 1 9 1 13 1 18 1 18 2 24 2
3 4 6 6 1 9 1 13 1 18 1 21 2 22 2
3 4 6 6 1 9 1 15 1 18 1 18 2 26 2
3 4 6 6 1 9 1 15 1 18 1 22 2 23 2
3 8 6 6 1 10 1 13 1 18 1 23 1 24 2
3 8 6 6 1 10 1 15 1 18 1 23 1 26 2
3 4 6 6 1 10 2 13 1 18 1 24 2 31 1
3 4 6 6 1 10 2 15 1 18 1 26 2 31 1
3 4 6 6 1 13 1 13 1 18 1 21 2 24 2
3 4 6 6 1 13 1 15 1 18 1 21 2 26 2
3 4 6 6 1 13 1 15 1 18 1 23 2 24 2
3 4 6 6 1 15 1 15 1 18 1 23 2 26 2
3 4 6 6 2 6 2 7 1 25 1 25 1 26 1
3 2 6 6 2 6 2 7 2 25 1 25 1 31 1
3 2 6 6 2 6 2 9 1 22 2 25 1 25 1
3 2 6 6 2 6 2 13 1 24 2 25 1 25 1
3 2 6 6 2 6 2 15 1 25 1 25 1 26 2
3 8 6 6 2 7 1 8 1 21 1 25 1 26 1
3 4 6 6 2 7 1 8 2 25 1 26 1 29 1
3 4 6 6 2 7 1 9 1 18 2 25 1 26 1
3 8 6 6 2 7 1 10 1 23 1 25 1 26 1
3 4 6 6 2 7 1 10 2 25 1 26 1 31 1
3 4 6 6 2 7 1 13 1 21 2 25 1 26 1
3 4 6 6 2 7 1 15 1 23 2 25 1 26 1
3 8 4 6 2 7 1 18 2 26 1
3 4 6 6 2 7 2 8 1 21 1 25 1 31 1
3 2 6 6 2 7 2 8 2 25 1 29 1 31 1
3 2 6 6 2 7 2 9 1 18 2 25 1 31 1
3 4 6 6 2 7 2 10 1 23 1 25 1 31 1
3 2 6 6 2 7 2 10 2 25 1 31 1 31 1
3 2 6 6 2 7 2 13 1 21 2 25 1 31 1
3 2 6 6 2 7 2 15 1 23 2 25 1 31 1
3 4 4 6 2 7 2 18 2 31 1
3 4 6 6 2 8 1 9 1 21 1 22 2 25 1
3 4 6 6 2 8 1 13 1 21 1 24 2 25 1
3 4 6 6 2 8 1 15 1 21 1 25 1 26 2
3 2 6 6 2 8 2 9 1 22 2 25 1 29 1
3 2 6 6 2 8 2 13 1 24 2 25 1 29 1
3 2 6 6 2 8 2 15 1 25 1 26 2 29 1
3 2 6 6 2 9 1 9 1 18 2 22 2 25 1
3 4 6 6 2 9 1 10 1 22 2 23 1 25 1
3 2 6 6 2 9 1 10 2 22 2 25 1 31 1
3 2 6 6 2 9 1 13 1 18 2 24 2 25 1
3 2 6 6 2 9 1 13 1 21 2 22 2 25 1
3 2 6 6 2 9 1 15 1 18 2 25 1 26 2
3 2 6 6 2 9 1 15 1 22 2 23 2 25 1
3 4 4 6 2 9 1 18 2 22 2
3 4 6 6 2 10 1 13 1 23 1 24 2 25 1
3 4 6 6 2 10 1 15 1 23 1 25 1 26 2
3 2 6 6 2 10 2 13 1 24 2 25 1 31 1
3 2 6 6 2 10 2 15 1 25 1 26 2 31 1
3 2 6 6 2 13 1 13 1 21 2 24 2 25 1
3 2 6 6 2 13 1 15 1 21 2 25 1 26 2
3 2 6 6 2 13 1 15 1 23 2 24 2 25 1
3 4 4 6 2 13 1 18 2 24 2
3 2 6 6 2 15 1 15 1 23 2 25 1 26 2
3 4 4 6 2 15 1 18 2 26 2
3 2 4 6 4 7 1 25 2 26 1
3 1 4 6 4 7 2 25 2 31 1
3 1 4 6 4 9 1 22 2 25 2
3 1 4 6 4 13 1 24 2 25 2
3 1 4 6 4 15 1 25 2 26 2
3 16 6 7 1 8 1 8 1 21 1 21 1 26 1
3 8 6 7 1 8 1 8 2 21 1 26 1 29 1
3 8 6 7 1 8 1 9 1 18 2 21 1 26 1
3 16 6 7 1 8 1 10 1 21 1 23 1 26 1
3 8 6 7 1 8 1 10 2 21 1 26 1 31 1
3 8 6 7 1 8 1 13 1 21 1 21 2 26 1
3 8 6 7 1 8 1 15 1 21 1 23 2 26 1
3 4 6 7 1 8 2 8 2 26 1 29 1 29 1
3 4 6 7 1 8 2 9 1 18 2 26 1 29 1
3 8 6 7 1 8 2 10 1 23 1 26 1 29 1
3 4 6 7 1 8 2 10 2 26 1 29 1 31 1
3 4 6 7 1 8 2 13 1 21 2 26 1 29 1
3 4 6 7 1 8 2 15 1 23 2 26 1 29 1
3 8 4 7 1 8 2 21 2 26 1
3 2 4 7 1 8 4 26 1 29 2
3 4 6 7 1 9 1 9 1 18 2 18 2 26 1
3 8 6 7 1 9 1 10 1 18 2 23 1 26 1
3 4 6 7 1 9 1 10 2 18 2 26 1 31 1
3 4 6 7 1 9 1 13 1 18 2 21 2 26 1
3 4 6 7 1 9 1 15 1 18 2 23 2 26 1
3 2 4 7 1 9 2 18 4 26 1
3 16 6 7 1 10 1 10 1 23 1 23 1 26 1
3 8 6 7 1 10 1 10 2 23 1 26 1 31 1
3 8 6 7 1 10 1 13 1 21 2 23 1 26 1
3 8 6 7 1 10 1 15 1 23 1 23 2 26 1
3 4 6 7 1 10 2 10 2 26 1 31 1 31 1
3 4 6 7 1 10 2 13 1 21 2 26 1 31 1
3 4 6 7 1 10 2 15 1 23 2 26 1 31 1
3 8 4 7 1 10 2 23 2 26 1
3 2 4 7 1 10 4 26 1 31 2
3 4 6 7 1 13 1 13 1 21 2 21 2 26 1
3 4 6 7 1 13 1 15 1 21 2 23 2 26 1
3 2 4 7 1 13 2 21 4 26 1
3 4 6 7 1 15 1 15 1 23 2 23 2 26 1
3 2 4 7 1 15 2 23 4 26 1
3 8 6 7 2 8 1 8 1 21 1 21 1 31 1
3 4 6 7 2 8 1 8 2 21 1 29 1 31 1
3 4 6 7 2 8 1 9 1 18 2 21 1 31 1
3 8 6 7 2 8 1 10 1 21 1 23 1 31 1
3 4 6 7 2 8 1 10 2 21 1 31 1 31 1
3 4 6 7 2 8 1 13 1 21 1 21 2 31 1
3 4 6 7 2 8 1 15 1 21 1 23 2 31 1
3 2 6 7 2 8 2 8 2 29 1 29 1 31 1
3 2 6 7 2 8 2 9 1 18 2 29 1 31 1
3 4 6 7 2 8 2 10 1 23 1 29 1 31 1
3 2 6 7 2 8 2 10 2 29 1 31 1 31 1
3 2 6 7 2 8 2 13 1 21 2 29 1 31 1
3 2 6 7 2 8 2 15 1 23 2 29 1 31 1
3 4 4 7 2 8 2 21 2 31 1
3 1 4 7 2 8 4 29 2 31 1
3 2 6 7 2 9 1 9 1 18 2 18 2 31 1
3 4 6 7 2 9 1 10 1 18 2 23 1 31 1
3 2 6 7 2 9 1 10 2 18 2 31 1 31 1
3 2 6 7 2 9 1 13 1 18 2 21 2 31 1
3 2 6 7 2 9 1 15 1 18 2 23 2 31 1
3 1 4 7 2 9 2 18 4 31 1
3 8 6 7 2 10 1 10 1 23 1 23 1 31 1
3 4 6 7 2 10 1 10 2 23 1 31 1 31 1
3 4 6 7 2 10 1 13 1 21 2 23 1 31 1
3 4 6 7 2 10 1 15 1 23 1 23 2 31 1
3 2 6 7 2 10 2 10 2 31 1 31 1 31 1
3 2 6 7 2 10 2 13 1 21 2 31 1 31 1
3 2 6 7 2 10 2 15 1 23 2 31 1 31 1
3 4 4 7 2 10 2 23 2 31 1
3 1 4 7 2 10 4 31 1 31 2
3 2 6 7 2 13 1 13 1 21 2 21 2 31 1
3 2 6 7 2 13 1 15 1 21 2 23 2 31 1
3 1 4 7 2 13 2 21 4 31 1
3 2 6 7 2 15 1 15 1 23 2 23 2 31 1
3 1 4 7 2 15 2 23 4 31 1
3 8 6 8 1 8 1 9 1 21 1 21 1 22 2
3 8 6 8 1 8 1 13 1 21 1 21 1 24 2
3 8 6 8 1 8 1 15 1 21 1 21 1 26 2
3 4 6 8 1 8 2 9 1 21 1 22 2 29 1
3 4 6 8 1 8 2 13 1 21 1 24 2 29 1
3 4 6 8 1 8 2 15 1 21 1 26 2 29 1
3 4 6 8 1 9 1 9 1 18 2 21 1 22 2
3 8 6 8 1 9 1 10 1 21 1 22 2 23 1
3 4 6 8 1 9 1 10 2 21 1 22 2 31 1
3 4 6 8 1 9 1 13 1 18 2 21 1 24 2
3 4 6 8 1 9 1 13 1 21 1 21 2 22 2
3 4 6 8 1 9 1 15 1 18 2 21 1 26 2
3 4 6 8 1 9 1 15 1 21 1 22 2 23 2
3 8 6 8 1 10 1 13 1 21 1 23 1 24 2
3 8 6 8 1 10 1 15 1 21 1 23 1 26 2
3 4 6 8 1 10 2 13 1 21 1 24 2 31 1
3 4 6 8 1 10 2 15 1 21 1 26 2 31 1
3 4 6 8 1 13 1 13 1 21 1 21 2 24 2
3 4 6 8 1 13 1 15 1 21 1 21 2 26 2
3 4 6 8 1 13 1 15 1 21 1 23 2 24 2
3 4 6 8 1 15 1 15 1 21 1 23 2 26 2
3 2 6 8 2 8 2 9 1 22 2 29 1 29 1
3 2 6 8 2 8 2 13 1 24 2 29 1 29 1
3 2 6 8 2 8 2 15 1 26 2 29 1 29 1
3 2 6 8 2 9 1 9 1 18 2 22 2 29 1
3 4 6 8 2 9 1 10 1 22 2 23 1 29 1
3 2 6 8 2 9 1 10 2 22 2 29 1 31 1
3 2 6 8 2 9 1 13 1 18 2 24 2 29 1
3 2 6 8 2 9 1 13 1 21 2 22 2 29 1
3 2 6 8 2 9 1 15 1 18 2 26 2 29 1
3 2 6 8 2 9 1 15 1 22 2 23 2 29 1
3 4 4 8 2 9 1 21 2 22 2
3 4 6 8 2 10 1 13 1 23 1 24 2 29 1
3 4 6 8 2 10 1 15 1 23 1 26 2 29 1
3 2 6 8 2 10 2 13 1 24 2 29 1 31 1
3 2 6 8 2 10 2 15 1 26 2 29 1 31 1
3 2 6 8 2 13 1 13 1 21 2 24 2 29 1
3 2 6 8 2 13 1 15 1 21 2 26 2 29 1
3 2 6 8 2 13 1 15 1 23 2 24 2 29 1
3 4 4 8 2 13 1 21 2 24 2
3 2 6 8 2 15 1 15 1 23 2 26 2 29 1
3 4 4 8 2 15 1 21 2 26 2
3 1 4 8 4 9 1 22 2 29 2
3 1 4 8 4 13 1 24 2 29 2
3 1 4 8 4 15 1 26 2 29 2
3 2 6 9 1 9 1 9 1 18 2 18 2 22 2
3 4 6 9 1 9 1 10 1 18 2 22 2 23 1
3 2 6 9 1 9 1 10 2 18 2 22 2 31 1
3 2 6 9 1 9 1 13 1 18 2 18 2 24 2
3 2 6 9 1 9 1 13 1 18 2 21 2 22 2
3 2 6 9 1 9 1 15 1 18 2 18 2 26 2
3 2 6 9 1 9 1 15 1 18 2 22 2 23 2
3 1 4 9 1 9 2 18 4 22 2
3 8 6 9 1 10 1 10 1 22 2 23 1 23 1
3 4 6 9 1 10 1 10 2 22 2 23 1 31 1
3 4 6 9 1 10 1 13 1 18 2 23 1 24 2
3 4 6 9 1 10 1 13 1 21 2 22 2 23 1
3 4 6 9 1 10 1 15 1 18 2 23 1 26 2
3 4 6 9 1 10 1 15 1 22 2 23 1 23 2
3 2 6 9 1 10 2 10 2 22 2 31 1 31 1
3 2 6 9 1 10 2 13 1 18 2 24 2 31 1
3 2 6 9 1 10 2 13 1 21 2 22 2 31 1
3 2 6 9 1 10 2 15 1 18 2 26 2 31 1
3 2 6 9 1 10 2 15 1 22 2 23 2 31 1
3 4 4 9 1 10 2 22 2 23 2
3 1 4 9 1 10 4 22 2 31 2
3 2 6 9 1 13 1 13 1 18 2 21 2 24 2
3 2 6 9 1 13 1 13 1 21 2 21 2 22 2
3 2 6 9 1 13 1 15 1 18 2 21 2 26 2
3 2 6 9 1 13 1 15 1 18 2 23 2 24 2
3 2 6 9 1 13 1 15 1 21 2 22 2 23 2
3 1 4 9 1 13 2 21 4 22 2
3 2 6 9 1 15 1 15 1 18 2 23 2 26 2
3 2 6 9 1 15 1 15 1 22 2 23 2 23 2
3 1 4 9 1 15 2 22 2 23 4
3 1 4 9 2 13 1 18 4 24 2
3 1 4 9 2 15 1 18 4 26 2
3 8 6 10 1 10 1 13 1 23 1 23 1 24 2
3 8 6 10 1 10 1 15 1 23 1 23 1 26 2
3 4 6 10 1 10 2 13 1 23 1 24 2 31 1
3 4 6 10 1 10 2 15 1 23 1 26 2 31 1
3 4 6 10 1 13 1 13 1 21 2 23 1 24 2
3 4 6 10 1 13 1 15 1 21 2 23 1 26 2
3 4 6 10 1 13 1 15 1 23 1 23 2 24 2
3 4 6 10 1 15 1 15 1 23 1 23 2 26 2
3 2 6 10 2 10 2 13 1 24 2 31 1 31 1
3 2 6 10 2 10 2 15 1 26 2 31 1 31 1
3 2 6 10 2 13 1 13 1 21 2 24 2 31 1
3 2 6 10 2 13 1 15 1 21 2 26 2 31 1
3 2 6 10 2 13 1 15 1 23 2 24 2 31 1
3 4 4 10 2 13 1 23 2 24 2
3 2 6 10 2 15 1 15 1 23 2 26 2 31 1
3 4 4 10 2 15 1 23 2 26 2
3 1 4 10 4 13 1 24 2 31 2
3 1 4 10 4 15 1 26 2 31 2
3 2 6 13 1 13 1 13 1 21 2 21 2 24 2
3 2 6 13 1 13 1 15 1 21 2 21 2 26 2
3 2 6 13 1 13 1 15 1 21 2 23 2 24 2
3 1 4 13 1 13 2 21 4 24 2
3 2 6 13 1 15 1 15 1 21 2 23 2 26 2
3 2 6 13 1 15 1 15 1 23 2 23 2 24 2
3 1 4 13 1 15 2 23 4 24 2
3 1 4 13 2 15 1 21 4 26 2
3 2 6 15 1 15 1 15 1 23 2 23 2 26 2
3 1 4 15 1 15 2 23 4 26 2
4 2 6 0 1 0 1 1 1 1 1 2 1 23 1
4 2 6 0 1 0 1 1 1 1 1 6 1 26 1
4 2 6 0 1 0 1 1 1 1 1 9 1 28 1
4 2 6 0 1 0 1 1 1 1 1 11 1 30 1
4 2 6 0 1 0 1 1 1 1 1 12 1 31 1
4 2 6 0 1 0 1 1 1 1 1 16 1 17 1
4 2 6 0 1 1 1 2 1 7 1 18 1 23 1
4 2 6 0 1 1 1 2 1 10 1 22 1 23 1
4 2 6 0 1 1 1 2 1 12 1 23 1 25 1
4 2 6 0 1 1 1 2 1 14 1 23 1 27 1
4 2 6 0 1 1 1 2 1 15 1 23 1 28 1
4 2 6 0 1 1 1 6 1 7 1 18 1 26 1
4 2 6 0 1 1 1 6 1 10 1 22 1 26 1
4 2 6 0 1 1 1 6 1 12 1 25 1 26 1
4 2 6 0 1 1 1 6 1 14 1 26 1 27 1
4 2 6 0 1 1 1 6 1 15 1 26 1 28 1
4 2 6 0 1 1 1 7 1 9 1 18 1 28 1
4 2 6 0 1 1 1 7 1 11 1 18 1 30 1
4 2 6 0 1 1 1 7 1 12 1 18 1 31 1
4 2 6 0 1 1 1 7 1 16 1 17 1 18 1
4 2 6 0 1 1 1 9 1 10 1 22 1 28 1
4 2 6 0 1 1 1 9 1 12 1 25 1 28 1
4 2 6 0 1 1 1 9 1 14 1 27 1 28 1
4 2 6 0 1 1 1 9 1 15 1 28 1 28 1
4 2 6 0 1 1 1 10 1 11 1 22 1 30 1
4 2 6 0 1 1 1 10 1 12 1 22 1 31 1
4 2 6 0 1 1 1 10 1 16 1 17 1 22 1
4 2 6 0 1 1 1 11 1 12 1 25 1 30 1
4 2 6 0 1 1 1 11 1 14 1 27 1 30 1
4 2 6 0 1 1 1 11 1 15 1 28 1 30 1
4 2 6 0 1 1 1 12 1 12 1 25 1 31 1
4 2 6 0 1 1 1 12 1 14 1 27 1 31 1
4 2 6 0 1 1 1 12 1 15 1 28 1 31 1
4 2 6 0 1 1 1 12 1 16 1 17 1 25 1
4 2 6 0 1 1 1 14 1 16 1 17 1 27 1
4 2 6 0 1 1 1 15 1 16 1 17 1 28 1
4 1 4 0 2 1 2 2 1 23 1
4 1 4 0 2 1 2 6 1 26 1
4 1 4 0 2 1 2 9 1 28 1
4 1 4 0 2 1 2 11 1 30 1
4 1 4 0 2 1 2 12 1 31 1
4 1 4 0 2 1 2 16 1 17 1
4 2 6 2 1 7 1 7 1 18 1 18 1 23 1
4 2 6 2 1 7 1 10 1 18 1 22 1 23 1
4 2 6 2 1 7 1 12 1 18 1 23 1 25 1
4 2 6 2 1 7 1 14 1 18 1 23 1 27 1
4 2 6 2 1 7 1 15 1 18 1 23 1 28 1
4 1 4 2 1 7 2 18 2 23 1
4 2 6 2 1 10 1 10 1 22 1 22 1 23 1
4 2 6 2 1 10 1 12 1 22 1 23 1 25 1
4 2 6 2 1 10 1 14 1 22 1 23 1 27 1
4 2 6 2 1 10 1 15 1 22 1 23 1 28 1
4 1 4 2 1 10 2 22 2 23 1
4 2 6 2 1 12 1 12 1 23 1 25 1 25 1
4 2 6 2 1 12 1 14 1 23 1 25 1 27 1
4 2 6 2 1 12 1 15 1 23 1 25 1 28 1
4 1 4 2 1 12 2 23 1 25 2
4 2 6 2 1 14 1 14 1 23 1 27 1 27 1
4 2 6 2 1 14 1 15 1 23 1 27 1 28 1
4 1 4 2 1 14 2 23 1 27 2
4 2 6 2 1 15 1 15 1 23 1 28 1 28 1
4 1 4 2 1 15 2 23 1 28 2
4 2 6 6 1 7 1 7 1 18 1 18 1 26 1
4 2 6 6 1 7 1 10 1 18 1 22 1 26 1
4 2 6 6 1 7 1 12 1 18 1 25 1 26 1
4 2 6 6 1 7 1 14 1 18 1 26 1 27 1
4 2 6 6 1 7 1 15 1 18 1 26 1 28 1
4 1 4 6 1 7 2 18 2 26 1
4 2 6 6 1 10 1 10 1 22 1 22 1 26 1
4 2 6 6 1 10 1 12 1 22 1 25 1 26 1
4 2 6 6 1 10 1 14 1 22 1 26 1 27 1
4 2 6 6 1 10 1 15 1 22 1 26 1 28 1
4 1 4 6 1 10 2 22 2 26 1
4 2 6 6 1 12 1 12 1 25 1 25 1 26 1
4 2 6 6 1 12 1 14 1 25 1 26 1 27 1
4 2 6 6 1 12 1 15 1 25 1 26 1 28 1
4 1 4 6 1 12 2 25 2 26 1
4 2 6 6 1 14 1 14 1 26 1 27 1 27 1
4 2 6 6 1 14 1 15 1 26 1 27 1 28 1
4 1 4 6 1 14 2 26 1 27 2
4 2 6 6 1 15 1 15 1 26 1 28 1 28 1
4 1 4 6 1 15 2 26 1 28 2
4 2 6 7 1 7 1 9 1 18 1 18 1 28 1
4 2 6 7 1 7 1 11 1 18 1 18 1 30 1
4 2 6 7 1 7 1 12 1 18 1 18 1 31 1
4 2 6 7 1 7 1 16 1 17 1 18 1 18 1
4 2 6 7 1 9 1 10 1 18 1 22 1 28 1
4 2 6 7 1 9 1 12 1 18 1 25 1 28 1
4 2 6 7 1 9 1 14 1 18 1 27 1 28 1
4 2 6 7 1 9 1 15 1 18 1 28 1 28 1
4 2 6 7 1 10 1 11 1 18 1 22 1 30 1
4 2 6 7 1 10 1 12 1 18 1 22 1 31 1
4 2 6 7 1 10 1 16 1 17 1 18 1 22 1
4 2 6 7 1 11 1 12 1 18 1 25 1 30 1
4 2 6 7 1 11 1 14 1 18 1 27 1 30 1
4 2 6 7 1 11 1 15 1 18 1 28 1 30 1
4 2 6 7 1 12 1 12 1 18 1 25 1 31 1
4 2 6 7 1 12 1 14 1 18 1 27 1 31 1
4 2 6 7 1 12 1 15 1 18 1 28 1 31 1
4 2 6 7 1 12 1 16 1 17 1 18 1 25 1
4 2 6 7 1 14 1 16 1 17 1 18 1 27 1
4 2 6 7 1 15 1 16 1 17 1 18 1 28 1
4 1 4 7 2 9 1 18 2 28 1
4 1 4 7 2 11 1 18 2 30 1
4 1 4 7 2 12 1 18 2 31 1
4 1 4 7 2 16 1 17 1 18 2
4 2 6 9 1 10 1 10 1 22 1 22 1 28 1
4 2 6 9 1 10 1 12 1 22 1 25 1 28 1
4 2 6 9 1 10 1 14 1 22 1 27 1 28 1
4 2 6 9 1 10 1 15 1 22 1 28 1 28 1
4 1 4 9 1 10 2 22 2 28 1
4 2 6 9 1 12 1 12 1 25 1 25 1 28 1
4 2 6 9 1 12 1 14 1 25 1 27 1 28 1
4 2 6 9 1 12 1 15 1 25 1 28 1 28 1
4 1 4 9 1 12 2 25 2 28 1
4 2 6 9 1 14 1 14 1 27 1 27 1 28 1
4 2 6 9 1 14 1 15 1 27 1 28 1 28 1
4 1 4 9 1 14 2 27 2 28 1
4 2 6 9 1 15 1 15 1 28 1 28 1 28 1
4 1 4 9 1 15 2 28 1 28 2
4 2 6 10 1 10 1 11 1 22 1 22 1 30 1
4 2 6 10 1 10 1 12 1 22 1 22 1 31 1
4 2 6 10 1 10 1 16 1 17 1 22 1 22 1
4 2 6 10 1 11 1 12 1 22 1 25 1 30 1
4 2 6 10 1 11 1 14 1 22 1 27 1 30 1
4 2 6 10 1 11 1 15 1 22 1 28 1 30 1
4 2 6 10 1 12 1 12 1 22 1 25 1 31 1
4 2 6 10 1 12 1 14 1 22 1 27 1 31 1
4 2 6 10 1 12 1 15 1 22 1 28 1 31 1
4 2 6 10 1 12 1 16 1 17 1 22 1 25 1
4 2 6 10 1 14 1 16 1 17 1 22 1 27 1
4 2 6 10 1 15 1 16 1 17 1 22 1 28 1
4 1 4 10 2 11 1 22 2 30 1
4 1 4 10 2 12 1 22 2 31 1
4 1 4 10 2 16 1 17 1 22 2
4 2 6 11 1 12 1 12 1 25 1 25 1 30 1
4 2 6 11 1 12 1 14 1 25 1 27 1 30 1
4 2 6 11 1 12 1 15 1 25 1 28 1 30 1
4 1 4 11 1 12 2 25 2 30 1
4 2 6 11 1 14 1 14 1 27 1 27 1 30 1
4 2 6 11 1 14 1 15 1 27 1 28 1 30 1
4 1 4 11 1 14 2 27 2 30 1
4 2 6 11 1 15 1 15 1 28 1 28 1 30 1
4 1 4 11 1 15 2 28 2 30 1
4 2 6 12 1 12 1 12 1 25 1 25 1 31 1
4 2 6 12 1 12 1 14 1 25 1 27 1 31 1
4 2 6 12 1 12 1 15 1 25 1 28 1 31 1
4 2 6 12 1 12 1 16 1 17 1 25 1 25 1
4 1 4 12 1 12 2 25 2 31 1
4 2 6 12 1 14 1 14 1 27 1 27 1 31 1
4 2 6 12 1 14 1 15 1 27 1 28 1 31 1
4 2 6 12 1 14 1 16 1 17 1 25 1 27 1
4 1 4 12 1 14 2 27 2 31 1
4 2 6 12 1 15 1 15 1 28 1 28 1 31 1
4 2 6 12 1 15 1 16 1 17 1 25 1 28 1
4 1 4 12 1 15 2 28 2 31 1
4 1 4 12 2 16 1 17 1 25 2
4 2 6 14 1 14 1 16 1 17 1 27 1 27 1
4 2 6 14 1 15 1 16 1 17 1 27 1 28 1
4 1 4 14 2 16 1 17 1 27 2
4 2 6 15 1 15 1 16 1 17 1 28 1 28 1
4 1 4 15 2 16 1 17 1 28 2
5 2 6 0 1 1 1 1 1 2 1 2 1 23 1
5 2 6 0 1 1 1 2 1 7 1 16 1 23 1
5 2 6 0 1 1 1 2 1 8 1 19 1 23 1
5 2 6 0 1 1 1 2 1 11 1 22 1 23 1
5 2 6 0 1 1 1 2 1 13 1 23 1 24 1
5 2 6 0 1 1 1 2 1 14 1 23 1 26 1
5 1 4 0 1 1 2 2 2 23 1
5 2 6 0 1 7 1 7 1 16 1 16 1 23 1
5 2 6 0 1 7 1 8 1 16 1 19 1 23 1
5 2 6 0 1 7 1 11 1 16 1 22 1 23 1
5 2 6 0 1 7 1 13 1 16 1 23 1 24 1
5 2 6 0 1 7 1 14 1 16 1 23 1 26 1
5 1 4 0 1 7 2 16 2 23 1
5 2 6 0 1 8 1 8 1 19 1 19 1 23 1
5 2 6 0 1 8 1 11 1 19 1 22 1 23 1
5 2 6 0 1 8 1 13 1 19 1 23 1 24 1
5 2 6 0 1 8 1 14 1 19 1 23 1 26 1
5 1 4 0 1 8 2 19 2 23 1
5 2 6 0 1 11 1 11 1 22 1 22 1 23 1
5 2 6 0 1 11 1 13 1 22 1 23 1 24 1
5 2 6 0 1 11 1 14 1 22 1 23 1 26 1
5 1 4 0 1 11 2 22 2 23 1
5 2 6 0 1 13 1 13 1 23 1 24 1 24 1
5 2 6 0 1 13 1 14 1 23 1 24 1 26 1
5 1 4 0 1 13 2 23 1 24 2
5 2 6 0 1 14 1 14 1 23 1 26 1 26 1
5 1 4 0 1 14 2 23 1 26 2
5 2 6 1 1 1 1 2 1 2 1 3 1 24 1
5 2 6 1 1 1 1 2 1 2 1 6 1 27 1
5 2 6 1 1 1 1 2 1 2 1 8 1 29 1
5 2 6 1 1 1 1 2 1 2 1 10 1 30 1
5 2 6 1 1 1 1 2 1 2 1 17 1 18 1
5 2 6 1 1 2 1 3 1 7 1 16 1 24 1
5 2 6 1 1 2 1 3 1 8 1 19 1 24 1
5 2 6 1 1 2 1 3 1 11 1 22 1 24 1
5 2 6 1 1 2 1 3 1 13 1 24 1 24 1
5 2 6 1 1 2 1 3 1 14 1 24 1 26 1
5 2 6 1 1 2 1 6 1 7 1 16 1 27 1
5 2 6 1 1 2 1 6 1 8 1 19 1 27 1
5 2 6 1 1 2 1 6 1 11 1 22 1 27 1
5 2 6 1 1 2 1 6 1 13 1 24 1 27 1
5 2 6 1 1 2 1 6 1 14 1 26 1 27 1
5 2 6 1 1 2 1 7 1 8 1 16 1 29 1
5 2 6 1 1 2 1 7 1 10 1 16 1 30 1
5 2 6 1 1 2 1 7 1 16 1 17 1 18 1
5 2 6 1 1 2 1 8 1 8 1 19 1 29 1
5 2 6 1 1 2 1 8 1 10 1 19 1 30 1
5 2 6 1 1 2 1 8 1 11 1 22 1 29 1
5 2 6 1 1 2 1 8 1 13 1 24 1 29 1
5 2 6 1 1 2 1 8 1 14 1 26 1 29 1
5 2 6 1 1 2 1 8 1 17 1 18 1 19 1
5 2 6 1 1 2 1 10 1 11 1 22 1 30 1
5 2 6 1 1 2 1 10 1 13 1 24 1 30 1
5 2 6 1 1 2 1 10 1 14 1 26 1 30 1
5 2 6 1 1 2 1 11 1 17 1 18 1 22 1
5 2 6 1 1 2 1 13 1 17 1 18 1 24 1
5 2 6 1 1 2 1 14 1 17 1 18 1 26 1
5 1 4 1 2 2 2 3 1 24 1
5 1 4 1 2 2 2 6 1 27 1
5 1 4 1 2 2 2 8 1 29 1
5 1 4 1 2 2 2 10 1 30 1
5 1 4 1 2 2 2 17 1 18 1
5 2 6 3 1 7 1 7 1 16 1 16 1 24 1
5 2 6 3 1 7 1 8 1 16 1 19 1 24 1
5 2 6 3 1 7 1 11 1 16 1 22 1 24 1
5 2 6 3 1 7 1 13 1 16 1 24 1 24 1
5 2 6 3 1 7 1 14 1 16 1 24 1 26 1
5 1 4 3 1 7 2 16 2 24 1
5 2 6 3 1 8 1 8 1 19 1 19 1 24 1
5 2 6 3 1 8 1 11 1 19 1 22 1 24 1
5 2 6 3 1 8 1 13 1 19 1 24 1 24 1
5 2 6 3 1 8 1 14 1 19 1 24 1 26 1
5 1 4 3 1 8 2 19 2 24 1
5 2 6 3 1 11 1 11 1 22 1 22 1 24 1
5 2 6 3 1 11 1 13 1 22 1 24 1 24 1
5 2 6 3 1 11 1 14 1 22 1 24 1 26 1
5 1 4 3 1 11 2 22 2 24 1
5 2 6 3 1 13 1 13 1 24 1 24 1 24 1
5 2 6 3 1 13 1 14 1 24 1 24 1 26 1
5 1 4 3 1 13 2 24 1 24 2
5 2 6 3 1 14 1 14 1 24 1 26 1 26 1
5 1 4 3 1 14 2 24 1 26 2
5 2 6 6 1 7 1 7 1 16 1 16 1 27 1
5 2 6 6 1 7 1 8 1 16 1 19 1 27 1
5 2 6 6 1 7 1 11 1 16 1 22 1 27 1
5 2 6 6 1 7 1 13 1 16 1 24 1 27 1
5 2 6 6 1 7 1 14 1 16 1 26 1 27 1
5 1 4 6 1 7 2 16 2 27 1
5 2 6 6 1 8 1 8 1 19 1 19 1 27 1
5 2 6 6 1 8 1 11 1 19 1 22 1 27 1
5 2 6 6 1 8 1 13 1 19 1 24 1 27 1
5 2 6 6 1 8 1 14 1 19 1 26 1 27 1
5 1 4 6 1 8 2 19 2 27 1
5 2 6 6 1 11 1 11 1 22 1 22 1 27 1
5 2 6 6 1 11 1 13 1 22 1 24 1 27 1
5 2 6 6 1 11 1 14 1 22 1 26 1 27 1
5 1 4 6 1 11 2 22 2 27 1
5 2 6 6 1 13 1 13 1 24 1 24 1 27 1
5 2 6 6 1 13 1 14 1 24 1 26 1 27 1
5 1 4 6 1 13 2 24 2 27 1
5 2 6 6 1 14 1 14 1 26 1 26 1 27 1
5 1 4 6 1 14 2 26 2 27 1
5 2 6 7 1 7 1 8 1 16 1 16 1 29 1
5 2 6 7 1 7 1 10 1 16 1 16 1 30 1
5 2 6 7 1 7 1 16 1 16 1 17 1 18 1
5 2 6 7 1 8 1 8 1 16 1 19 1 29 1
5 2 6 7 1 8 1 10 1 16 1 19 1 30 1
5 2 6 7 1 8 1 11 1 16 1 22 1 29 1
5 2 6 7 1 8 1 13 1 16 1 24 1 29 1
5 2 6 7 1 8 1 14 1 16 1 26 1 29 1
5 2 6 7 1 8 1 16 1 17 1 18 1 19 1
5 2 6 7 1 10 1 11 1 16 1 22 1 30 1
5 2 6 7 1 10 1 13 1 16 1 24 1 30 1
5 2 6 7 1 10 1 14 1 16 1 26 1 30 1
5 2 6 7 1 11 1 16 1 17 1 18 1 22 1
5 2 6 7 1 13 1 16 1 17 1 18 1 24 1
5 2 6 7 1 14 1 16 1 17 1 18 1 26 1
5 1 4 7 2 8 1 16 2 29 1
5 1 4 7 2 10 1 16 2 30 1
5 1 4 7 2 16 2 17 1 18 1
5 2 6 8 1 8 1 8 1 19 1 19 1 29 1
5 2 6 8 1 8 1 10 1 19 1 19 1 30 1
5 2 6 8 1 8 1 11 1 19 1 22 1 29 1
5 2 6 8 1 8 1 13 1 19 1 24 1 29 1
5 2 6 8 1 8 1 14 1 19 1 26 1 29 1
5 2 6 8 1 8 1 17 1 18 1 19 1 19 1
5 1 4 8 1 8 2 19 2 29 1
5 2 6 8 1 10 1 11 1 19 1 22 1 30 1
5 2 6 8 1 10 1 13 1 19 1 24 1 30 1
5 2 6 8 1 10 1 14 1 19 1 26 1 30 1
5 2 6 8 1 11 1 11 1 22 1 22 1 29 1
5 2 6 8 1 11 1 13 1 22 1 24 1 29 1
5 2 6 8 1 11 1 14 1 22 1 26 1 29 1
5 2 6 8 1 11 1 17 1 18 1 19 1 22 1
5 1 4 8 1 11 2 22 2 29 1
5 2 6 8 1 13 1 13 1 24 1 24 1 29 1
5 2 6 8 1 13 1 14 1 24 1 26 1 29 1
5 2 6 8 1 13 1 17 1 18 1 19 1 24 1
5 1 4 8 1 13 2 24 2 29 1
5 2 6 8 1 14 1 14 1 26 1 26 1 29 1
5 2 6 8 1 14 1 17 1 18 1 19 1 26 1
5 1 4 8 1 14 2 26 2 29 1
5 1 4 8 2 10 1 19 2 30 1
5 1 4 8 2 17 1 18 1 19 2
5 2 6 10 1 11 1 11 1 22 1 22 1 30 1
5 2 6 10 1 11 1 13 1 22 1 24 1 30 1
5 2 6 10 1 11 1 14 1 22 1 26 1 30 1
5 1 4 10 1 11 2 22 2 30 1
5 2 6 10 1 13 1 13 1 24 1 24 1 30 1
5 2 6 10 1 13 1 14 1 24 1 26 1 30 1
5 1 4 10 1 13 2 24 2 30 1
5 2 6 10 1 14 1 14 1 26 1 26 1 30 1
5 1 4 10 1 14 2 26 2 30 1
5 2 6 11 1 11 1 17 1 18 1 22 1 22 1
5 2 6 11 1 13 1 17 1 18 1 22 1 24 1
5 2 6 11 1 14 1 17 1 18 1 22 1 26 1
5 1 4 11 2 17 1 18 1 22 2
5 2 6 13 1 13 1 17 1 18 1 24 1 24 1
5 2 6 13 1 14 1 17 1 18 1 24 1 26 1
5 1 4 13 2 17 1 18 1 24 2
5 2 6 14 1 14 1 17 1 18 1 26 1 26 1
5 1 4 14 2 17 1 18 1 26 2
6 2 6 1 1 2 1 2 1 3 1 3 1 24 1
6 2 6 1 1 2 1 3 1 8 1 17 1 24 1
6 2 6 1 1 2 1 3 1 9 1 18 1 24 1
6 2 6 1 1 2 1 3 1 10 1 20 1 24 1
6 2 6 1 1 2 1 3 1 11 1 21 1 24 1
6 2 6 1 1 2 1 3 1 12 1 23 1 24 1
6 1 4 1 1 2 2 3 2 24 1
6 2 6 1 1 8 1 8 1 17 1 17 1 24 1
6 2 6 1 1 8 1 9 1 17 1 18 1 24 1
6 2 6 1 1 8 1 10 1 17 1 20 1 24 1
6 2 6 1 1 8 1 11 1 17 1 21 1 24 1
6 2 6 1 1 8 1 12 1 17 1 23 1 24 1
6 1 4 1 1 8 2 17 2 24 1
6 2 6 1 1 9 1 9 1 18 1 18 1 24 1
6 2 6 1 1 9 1 10 1 18 1 20 1 24 1
6 2 6 1 1 9 1 11 1 18 1 21 1 24 1
6 2 6 1 1 9 1 12 1 18 1 23 1 24 1
6 1 4 1 1 9 2 18 2 24 1
6 2 6 1 1 10 1 10 1 20 1 20 1 24 1
6 2 6 1 1 10 1 11 1 20 1 21 1 24 1
6 2 6 1 1 10 1 12 1 20 1 23 1 24 1
6 1 4 1 1 10 2 20 2 24 1
6 2 6 1 1 11 1 11 1 21 1 21 1 24 1
6 2 6 1 1 11 1 12 1 21 1 23 1 24 1
6 1 4 1 1 11 2 21 2 24 1
6 2 6 1 1 12 1 12 1 23 1 23 1 24 1
6 1 4 1 1 12 2 23 2 24 1
6 2 6 2 1 2 1 2 1 3 1 3 1 25 1
6 2 6 2 1 2 1 3 1 3 1 4 1 26 1
6 2 6 2 1 2 1 3 1 3 1 5 1 27 1
6 2 6 2 1 2 1 3 1 3 1 7 1 28 1
6 2 6 2 1 2 1 3 1 3 1 18 1 19 1
6 2 6 2 1 2 1 3 1 8 1 17 1 25 1
6 2 6 2 1 2 1 3 1 9 1 18 1 25 1
6 2 6 2 1 2 1 3 1 10 1 20 1 25 1
6 2 6 2 1 2 1 3 1 11 1 21 1 25 1
6 2 6 2 1 2 1 3 1 12 1 23 1 25 1
6 1 4 2 1 2 2 3 2 25 1
6 2 6 2 1 3 1 4 1 8 1 17 1 26 1
6 2 6 2 1 3 1 4 1 9 1 18 1 26 1
6 2 6 2 1 3 1 4 1 10 1 20 1 26 1
6 2 6 2 1 3 1 4 1 11 1 21 1 26 1
6 2 6 2 1 3 1 4 1 12 1 23 1 26 1
6 2 6 2 1 3 1 5 1 8 1 17 1 27 1
6 2 6 2 1 3 1 5 1 9 1 18 1 27 1
6 2 6 2 1 3 1 5 1 10 1 20 1 27 1
6 2 6 2 1 3 1 5 1 11 1 21 1 27 1
6 2 6 2 1 3 1 5 1 12 1 23 1 27 1
6 2 6 2 1 3 1 7 1 8 1 17 1 28 1
6 2 6 2 1 3 1 7 1 9 1 18 1 28 1
6 2 6 2 1 3 1 7 1 10 1 20 1 28 1
6 2 6 2 1 3 1 7 1 11 1 21 1 28 1
6 2 6 2 1 3 1 7 1 12 1 23 1 28 1
6 2 6 2 1 3 1 8 1 17 1 18 1 19 1
6 2 6 2 1 3 1 9 1 18 1 18 1 19 1
6 2 6 2 1 3 1 10 1 18 1 19 1 20 1
6 2 6 2 1 3 1 11 1 18 1 19 1 21 1
6 2 6 2 1 3 1 12 1 18 1 19 1 23 1
6 2 6 2 1 8 1 8 1 17 1 17 1 25 1
6 2 6 2 1 8 1 9 1 17 1 18 1 25 1
6 2 6 2 1 8 1 10 1 17 1 20 1 25 1
6 2 6 2 1 8 1 11 1 17 1 21 1 25 1
6 2 6 2 1 8 1 12 1 17 1 23 1 25 1
6 1 4 2 1 8 2 17 2 25 1
6 2 6 2 1 9 1 9 1 18 1 18 1 25 1
6 2 6 2 1 9 1 10 1 18 1 20 1 25 1
6 2 6 2 1 9 1 11 1 18 1 21 1 25 1
6 2 6 2 1 9 1 12 1 18 1 23 1 25 1
6 1 4 2 1 9 2 18 2 25 1
6 2 6 2 1 10 1 10 1 20 1 20 1 25 1
6 2 6 2 1 10 1 11 1 20 1 21 1 25 1
6 2 6 2 1 10 1 12 1 20 1 23 1 25 1
6 1 4 2 1 10 2 20 2 25 1
6 2 6 2 1 11 1 11 1 21 1 21 1 25 1
6 2 6 2 1 11 1 12 1 21 1 23 1 25 1
6 1 4 2 1 11 2 21 2 25 1
6 2 6 2 1 12 1 12 1 23 1 23 1 25 1
6 1 4 2 1 12 2 23 2 25 1
6 1 4 2 2 3 2 4 1 26 1
6 1 4 2 2 3 2 5 1 27 1
6 1 4 2 2 3 2 7 1 28 1
6 1 4 2 2 3 2 18 1 19 1
6 2 6 4 1 8 1 8 1 17 1 17 1 26 1
6 2 6 4 1 8 1 9 1 17 1 18 1 26 1
6 2 6 4 1 8 1 10 1 17 1 20 1 26 1
6 2 6 4 1 8 1 11 1 17 1 21 1 26 1
6 2 6 4 1 8 1 12 1 17 1 23 1 26 1
6 1 4 4 1 8 2 17 2 26 1
6 2 6 4 1 9 1 9 1 18 1 18 1 26 1
6 2 6 4 1 9 1 10 1 18 1 20 1 26 1
6 2 6 4 1 9 1 11 1 18 1 21 1 26 1
6 2 6 4 1 9 1 12 1 18 1 23 1 26 1
6 1 4 4 1 9 2 18 2 26 1
6 2 6 4 1 10 1 10 1 20 1 20 1 26 1
6 2 6 4 1 10 1 11 1 20 1 21 1 26 1
6 2 6 4 1 10 1 12 1 20 1 23 1 26 1
6 1 4 4 1 10 2 20 2 26 1
6 2 6 4 1 11 1 11 1 21 1 21 1 26 1
6 2 6 4 1 11 1 12 1 21 1 23 1 26 1
6 1 4 4 1 11 2 21 2 26 1
6 2 6 4 1 12 1 12 1 23 1 23 1 26 1
6 1 4 4 1 12 2 23 2 26 1
6 2 6 5 1 8 1 8 1 17 1 17 1 27 1
6 2 6 5 1 8 1 9 1 17 1 18 1 27 1
6 2 6 5 1 8 1 10 1 17 1 20 1 27 1
6 2 6 5 1 8 1 11 1 17 1 21 1 27 1
6 2 6 5 1 8 1 12 1 17 1 23 1 27 1
6 1 4 5 1 8 2 17 2 27 1
6 2 6 5 1 9 1 9 1 18 1 18 1 27 1
6 2 6 5 1 9 1 10 1 18 1 20 1 27 1
6 2 6 5 1 9 1 11 1 18 1 21 1 27 1
6 2 6 5 1 9 1 12 1 18 1 23 1 27 1
6 1 4 5 1 9 2 18 2 27 1
6 2 6 5 1 10 1 10 1 20 1 20 1 27 1
6 2 6 5 1 10 1 11 1 20 1 21 1 27 1
6 2 6 5 1 10 1 12 1 20 1 23 1 27 1
6 1 4 5 1 10 2 20 2 27 1
6 2 6 5 1 11 1 11 1 21 1 21 1 27 1
6 2 6 5 1 11 1 12 1 21 1 23 1 27 1
6 1 4 5 1 11 2 21 2 27 1
6 2 6 5 1 12 1 12 1 23 1 23 1 27 1
6 1 4 5 1 12 2 23 2 27 1
6 2 6 7 1 8 1 8 1 17 1 17 1 28 1
6 2 6 7 1 8 1 9 1 17 1 18 1 28 1
6 2 6 7 1 8 1 10 1 17 1 20 1 28 1
6 2 6 7 1 8 1 11 1 17 1 21 1 28 1
6 2 6 7 1 8 1 12 1 17 1 23 1 28 1
6 1 4 7 1 8 2 17 2 28 1
6 2 6 7 1 9 1 9 1 18 1 18 1 28 1
6 2 6 7 1 9 1 10 1 18 1 20 1 28 1
6 2 6 7 1 9 1 11 1 18 1 21 1 28 1
6 2 6 7 1 9 1 12 1 18 1 23 1 28 1
6 1 4 7 1 9 2 18 2 28 1
6 2 6 7 1 10 1 10 1 20 1 20 1 28 1
6 2 6 7 1 10 1 11 1 20 1 21 1 28 1
6 2 6 7 1 10 1 12 1 20 1 23 1 28 1
6 1 4 7 1 10 2 20 2 28 1
6 2 6 7 1 11 1 11 1 21 1 21 1 28 1
6 2 6 7 1 11 1 12 1 21 1 23 1 28 1
6 1 4 7 1 11 2 21 2 28 1
6 2 6 7 1 12 1 12 1 23 1 23 1 28 1
6 1 4 7 1 12 2 23 2 28 1
6 2 6 8 1 8 1 17 1 17 1 18 1 19 1
6 2 6 8 1 9 1 17 1 18 1 18 1 19 1
6 2 6 8 1 10 1 17 1 18 1 19 1 20 1
6 2 6 8 1 11 1 17 1 18 1 19 1 21 1
6 2 6 8 1 12 1 17 1 18 1 19 1 23 1
6 1 4 8 2 17 2 18 1 19 1
6 2 6 9 1 9 1 18 1 18 1 18 1 19 1
6 2 6 9 1 10 1 18 1 18 1 19 1 20 1
6 2 6 9 1 11 1 18 1 18 1 19 1 21 1
6 2 6 9 1 12 1 18 1 18 1 19 1 23 1
6 1 4 9 2 18 1 18 2 19 1
6 2 6 10 1 10 1 18 1 19 1 20 1 20 1
6 2 6 10 1 11 1 18 1 19 1 20 1 21 1
6 2 6 10 1 12 1 18 1 19 1 20 1 23 1
6 1 4 10 2 18 1 19 1 20 2
6 2 6 11 1 11 1 18 1 19 1 21 1 21 1
6 2 6 11 1 12 1 18 1 19 1 21 1 23 1
6 1 4 11 2 18 1 19 1 21 2
6 2 6 12 1 12 1 18 1 19 1 23 1 23 1
6 1 4 12 2 18 1 19 1 23 2
7 2 6 0 1 0 1 3 1 5 1 5 1 26 1
7 2 6 0 1 0 1 5 1 5 1 6 1 28 1
7 2 6 0 1 0 1 5 1 5 1 8 1 30 1
7 2 6 0 1 0 1 5 1 5 1 10 1 31 1
7 2 6 0 1 0 1 5 1 5 1 16 1 21 1
7 2 6 0 1 0 1 5 1 5 1 18 1 20 1
7 2 6 0 1 2 1 3 1 4 1 5 1 26 1
7 2 6 0 1 2 1 4 1 5 1 6 1 28 1
7 2 6 0 1 2 1 4 1 5 1 8 1 30 1
7 2 6 0 1 2 1 4 1 5 1 10 1 31 1
7 2 6 0 1 2 1 4 1 5 1 16 1 21 1
7 2 6 0 1 2 1 4 1 5 1 18 1 20 1
7 2 6 0 1 3 1 5 1 10 1 19 1 26 1
7 2 6 0 1 3 1 5 1 12 1 22 1 26 1
7 2 6 0 1 3 1 5 1 14 1 24 1 26 1
7 2 6 0 1 3 1 5 1 15 1 26 1 26 1
7 2 6 0 1 5 1 6 1 10 1 19 1 28 1
7 2 6 0 1 5 1 6 1 12 1 22 1 28 1
7 2 6 0 1 5 1 6 1 14 1 24 1 28 1
7 2 6 0 1 5 1 6 1 15 1 26 1 28 1
7 2 6 0 1 5 1 8 1 10 1 19 1 30 1
7 2 6 0 1 5 1 8 1 12 1 22 1 30 1
7 2 6 0 1 5 1 8 1 14 1 24 1 30 1
7 2 6 0 1 5 1 8 1 15 1 26 1 30 1
7 2 6 0 1 5 1 10 1 10 1 19 1 31 1
7 2 6 0 1 5 1 10 1 12 1 22 1 31 1
7 2 6 0 1 5 1 10 1 14 1 24 1 31 1
7 2 6 0 1 5 1 10 1 15 1 26 1 31 1
7 2 6 0 1 5 1 10 1 16 1 19 1 21 1
7 2 6 0 1 5 1 10 1 18 1 19 1 20 1
7 2 6 0 1 5 1 12 1 16 1 21 1 22 1
7 2 6 0 1 5 1 12 1 18 1 20 1 22 1
7 2 6 0 1 5 1 14 1 16 1 21 1 24 1
7 2 6 0 1 5 1 14 1 18 1 20 1 24 1
7 2 6 0 1 5 1 15 1 16 1 21 1 26 1
7 2 6 0 1 5 1 15 1 18 1 20 1 26 1
7 1 4 0 2 3 1 5 2 26 1
7 1 4 0 2 5 2 6 1 28 1
7 1 4 0 2 5 2 8 1 30 1
7 1 4 0 2 5 2 10 1 31 1
7 1 4 0 2 5 2 16 1 21 1
7 1 4 0 2 5 2 18 1 20 1
7 2 6 2 1 2 1 3 1 4 1 4 1 26 1
7 2 6 2 1 2 1 4 1 4 1 6 1 28 1
7 2 6 2 1 2 1 4 1 4 1 8 1 30 1
7 2 6 2 1 2 1 4 1 4 1 10 1 31 1
7 2 6 2 1 2 1 4 1 4 1 16 1 21 1
7 2 6 2 1 2 1 4 1 4 1 18 1 20 1
7 2 6 2 1 3 1 4 1 10 1 19 1 26 1
7 2 6 2 1 3 1 4 1 12 1 22 1 26 1
7 2 6 2 1 3 1 4 1 14 1 24 1 26 1
7 2 6 2 1 3 1 4 1 15 1 26 1 26 1
7 2 6 2 1 4 1 6 1 10 1 19 1 28 1
7 2 6 2 1 4 1 6 1 12 1 22 1 28 1
7 2 6 2 1 4 1 6 1 14 1 24 1 28 1
7 2 6 2 1 4 1 6 1 15 1 26 1 28 1
7 2 6 2 1 4 1 8 1 10 1 19 1 30 1
7 2 6 2 1 4 1 8 1 12 1 22 1 30 1
7 2 6 2 1 4 1 8 1 14 1 24 1 30 1
7 2 6 2 1 4 1 8 1 15 1 26 1 30 1
7 2 6 2 1 4 1 10 1 10 1 19 1 31 1
7 2 6 2 1 4 1 10 1 12 1 22 1 31 1
7 2 6 2 1 4 1 10 1 14 1 24 1 31 1
7 2 6 2 1 4 1 10 1 15 1 26 1 31 1
7 2 6 2 1 4 1 10 1 16 1 19 1 21 1
7 2 6 2 1 4 1 10 1 18 1 19 1 20 1
7 2 6 2 1 4 1 12 1 16 1 21 1 22 1
7 2 6 2 1 4 1 12 1 18 1 20 1 22 1
7 2 6 2 1 4 1 14 1 16 1 21 1 24 1
7 2 6 2 1 4 1 14 1 18 1 20 1 24 1
7 2 6 2 1 4 1 15 1 16 1 21 1 26 1
7 2 6 2 1 4 1 15 1 18 1 20 1 26 1
7 1 4 2 2 3 1 4 2 26 1
7 1 4 2 2 4 2 6 1 28 1
7 1 4 2 2 4 2 8 1 30 1
7 1 4 2 2 4 2 10 1 31 1
7 1 4 2 2 4 2 16 1 21 1
7 1 4 2 2 4 2 18 1 20 1
7 2 6 3 1 10 1 10 1 19 1 19 1 26 1
7 2 6 3 1 10 1 12 1 19 1 22 1 26 1
7 2 6 3 1 10 1 14 1 19 1 24 1 26 1
7 2 6 3 1 10 1 15 1 19 1 26 1 26 1
7 1 4 3 1 10 2 19 2 26 1
7 2 6 3 1 12 1 12 1 22 1 22 1 26 1
7 2 6 3 1 12 1 14 1 22 1 24 1 26 1
7 2 6 3 1 12 1 15 1 22 1 26 1 26 1
7 1 4 3 1 12 2 22 2 26 1
7 2 6 3 1 14 1 14 1 24 1 24 1 26 1
7 2 6 3 1 14 1 15 1 24 1 26 1 26 1
7 1 4 3 1 14 2 24 2 26 1
7 2 6 3 1 15 1 15 1 26 1 26 1 26 1
7 1 4 3 1 15 2 26 1 26 2
7 2 6 6 1 10 1 10 1 19 1 19 1 28 1
7 2 6 6 1 10 1 12 1 19 1 22 1 28 1
7 2 6 6 1 10 1 14 1 19 1 24 1 28 1
7 2 6 6 1 10 1 15 1 19 1 26 1 28 1
7 1 4 6 1 10 2 19 2 28 1
7 2 6 6 1 12 1 12 1 22 1 22 1 28 1
7 2 6 6 1 12 1 14 1 22 1 24 1 28 1
7 2 6 6 1 12 1 15 1 22 1 26 1 28 1
7 1 4 6 1 12 2 22 2 28 1
7 2 6 6 1 14 1 14 1 24 1 24 1 28 1
7 2 6 6 1 14 1 15 1 24 1 26 1 28 1
7 1 4 6 1 14 2 24 2 28 1
7 2 6 6 1 15 1 15 1 26 1 26 1 28 1
7 1 4 6 1 15 2 26 2 28 1
7 2 6 8 1 10 1 10 1 19 1 19 1 30 1
7 2 6 8 1 10 1 12 1 19 1 22 1 30 1
7 2 6 8 1 10 1 14 1 19 1 24 1 30 1
7 2 6 8 1 10 1 15 1 19 1 26 1 30 1
7 1 4 8 1 10 2 19 2 30 1
7 2 6 8 1 12 1 12 1 22 1 22 1 30 1
7 2 6 8 1 12 1 14 1 22 1 24 1 30 1
7 2 6 8 1 12 1 15 1 22 1 26 1 30 1
7 1 4 8 1 12 2 22 2 30 1
7 2 6 8 1 14 1 14 1 24 1 24 1 30 1
7 2 6 8 1 14 1 15 1 24 1 26 1 30 1
7 1 4 8 1 14 2 24 2 30 1
7 2 6 8 1 15 1 15 1 26 1 26 1 30 1
7 1 4 8 1 15 2 26 2 30 1
7 2 6 10 1 10 1 10 1 19 1 19 1 31 1
7 2 6 10 1 10 1 12 1 19 1 22 1 31 1
7 2 6 10 1 10 1 14 1 19 1 24 1 31 1
7 2 6 10 1 10 1 15 1 19 1 26 1 31 1
7 2 6 10 1 10 1 16 1 19 1 19 1 21 1
7 2 6 10 1 10 1 18 1 19 1 19 1 20 1
7 1 4 10 1 10 2 19 2 31 1
7 2 6 10 1 12 1 12 1 22 1 22 1 31 1
7 2 6 10 1 12 1 14 1 22 1 24 1 31 1
7 2 6 10 1 12 1 15 1 22 1 26 1 31 1
7 2 6 10 1 12 1 16 1 19 1 21 1 22 1
7 2 6 10 1 12 1 18 1 19 1 20 1 22 1
7 1 4 10 1 12 2 22 2 31 1
7 2 6 10 1 14 1 14 1 24 1 24 1 31 1
7 2 6 10 1 14 1 15 1 24 1 26 1 31 1
7 2 6 10 1 14 1 16 1 19 1 21 1 24 1
7 2 6 10 1 14 1 18 1 19 1 20 1 24 1
7 1 4 10 1 14 2 24 2 31 1
7 2 6 10 1 15 1 15 1 26 1 26 1 31 1
7 2 6 10 1 15 1 16 1 19 1 21 1 26 1
7 2 6 10 1 15 1 18 1 19 1 20 1 26 1
7 1 4 10 1 15 2 26 2 31 1
7 1 4 10 2 16 1 19 2 21 1
7 1 4 10 2 18 1 19 2 20 1
7 2 6 12 1 12 1 16 1 21 1 22 1 22 1
7 2 6 12 1 12 1 18 1 20 1 22 1 22 1
7 2 6 12 1 14 1 16 1 21 1 22 1 24 1
7 2 6 12 1 14 1 18 1 20 1 22 1 24 1
7 2 6 12 1 15 1 16 1 21 1 22 1 26 1
7 2 6 12 1 15 1 18 1 20 1 22 1 26 1
7 1 4 12 2 16 1 21 1 22 2
7 1 4 12 2 18 1 20 1 22 2
7 2 6 14 1 14 1 16 1 21 1 24 1 24 1
7 2 6 14 1 14 1 18 1 20 1 24 1 24 1
7 2 6 14 1 15 1 16 1 21 1 24 1 26 1
7 2 6 14 1 15 1 18 1 20 1 24 1 26 1
7 1 4 14 2 16 1 21 1 24 2
7 1 4 14 2 18 1 20 1 24 2
7 2 6 15 1 15 1 16 1 21 1 26 1 26 1
7 2 6 15 1 15 1 18 1 20 1 26 1 26 1
7 1 4 15 2 16 1 21 1 26 2
7 1 4 15 2 18 1 20 1 26 2
8 2 6 0 1 1 1 1 1 6 1 6 1 26 1
8 2 6 0 1 1 1 3 1 5 1 6 1 26 1
8 2 6 0 1 1 1 6 1 10 1 16 1 26 1
8 2 6 0 1 1 1 6 1 11 1 18 1 26 1
8 2 6 0 1 1 1 6 1 13 1 21 1 26 1
8 2 6 0 1 1 1 6 1 14 1 23 1 26 1
8 1 4 0 1 1 2 6 2 26 1
8 2 6 0 1 3 1 3 1 5 1 5 1 26 1
8 2 6 0 1 3 1 5 1 10 1 16 1 26 1
8 2 6 0 1 3 1 5 1 11 1 18 1 26 1
8 2 6 0 1 3 1 5 1 13 1 21 1 26 1
8 2 6 0 1 3 1 5 1 14 1 23 1 26 1
8 1 4 0 1 3 2 5 2 26 1
8 2 6 0 1 10 1 10 1 16 1 16 1 26 1
8 2 6 0 1 10 1 11 1 16 1 18 1 26 1
8 2 6 0 1 10 1 13 1 16 1 21 1 26 1
8 2 6 0 1 10 1 14 1 16 1 23 1 26 1
8 1 4 0 1 10 2 16 2 26 1
8 2 6 0 1 11 1 11 1 18 1 18 1 26 1
8 2 6 0 1 11 1 13 1 18 1 21 1 26 1
8 2 6 0 1 11 1 14 1 18 1 23 1 26 1
8 1 4 0 1 11 2 18 2 26 1
8 2 6 0 1 13 1 13 1 21 1 21 1 26 1
8 2 6 0 1 13 1 14 1 21 1 23 1 26 1
8 1 4 0 1 13 2 21 2 26 1
8 2 6 0 1 14 1 14 1 23 1 23 1 26 1
8 1 4 0 1 14 2 23 2 26 1
8 2 6 1 1 1 1 2 1 6 1 6 1 27 1
8 2 6 1 1 1 1 5 1 6 1 6 1 29 1
8 2 6 1 1 1 1 6 1 6 1 7 1 30 1
8 2 6 1 1 1 1 6 1 6 1 17 1 22 1
8 2 6 1 1 1 1 6 1 6 1 19 1 21 1
8 2 6 1 1 2 1 3 1 5 1 6 1 27 1
8 2 6 1 1 2 1 6 1 10 1 16 1 27 1
8 2 6 1 1 2 1 6 1 11 1 18 1 27 1
8 2 6 1 1 2 1 6 1 13 1 21 1 27 1
8 2 6 1 1 2 1 6 1 14 1 23 1 27 1
8 2 6 1 1 3 1 5 1 5 1 6 1 29 1
8 2 6 1 1 3 1 5 1 6 1 7 1 30 1
8 2 6 1 1 3 1 5 1 6 1 17 1 22 1
8 2 6 1 1 3 1 5 1 6 1 19 1 21 1
8 2 6 1 1 5 1 6 1 10 1 16 1 29 1
8 2 6 1 1 5 1 6 1 11 1 18 1 29 1
8 2 6 1 1 5 1 6 1 13 1 21 1 29 1
8 2 6 1 1 5 1 6 1 14 1 23 1 29 1
8 2 6 1 1 6 1 7 1 10 1 16 1 30 1
8 2 6 1 1 6 1 7 1 11 1 18 1 30 1
8 2 6 1 1 6 1 7 1 13 1 21 1 30 1
8 2 6 1 1 6 1 7 1 14 1 23 1 30 1
8 2 6 1 1 6 1 10 1 16 1 17 1 22 1
8 2 6 1 1 6 1 10 1 16 1 19 1 21 1
8 2 6 1 1 6 1 11 1 17 1 18 1 22 1
8 2 6 1 1 6 1 11 1 18 1 19 1 21 1
8 2 6 1 1 6 1 13 1 17 1 21 1 22 1
8 2 6 1 1 6 1 13 1 19 1 21 1 21 1
8 2 6 1 1 6 1 14 1 17 1 22 1 23 1
8 2 6 1 1 6 1 14 1 19 1 21 1 23 1
8 1 4 1 2 2 1 6 2 27 1
8 1 4 1 2 5 1 6 2 29 1
8 1 4 1 2 6 2 7 1 30 1
8 1 4 1 2 6 2 17 1 22 1
8 1 4 1 2 6 2 19 1 21 1
8 2 6 2 1 3 1 3 1 5 1 5 1 27 1
8 2 6 2 1 3 1 5 1 10 1 16 1 27 1
8 2 6 2 1 3 1 5 1 11 1 18 1 27 1
8 2 6 2 1 3 1 5 1 13 1 21 1 27 1
8 2 6 2 1 3 1 5 1 14 1 23 1 27 1
8 1 4 2 1 3 2 5 2 27 1
8 2 6 2 1 10 1 10 1 16 1 16 1 27 1
8 2 6 2 1 10 1 11 1 16 1 18 1 27 1
8 2 6 2 1 10 1 13 1 16 1 21 1 27 1
8 2 6 2 1 10 1 14 1 16 1 23 1 27 1
8 1 4 2 1 10 2 16 2 27 1
8 2 6 2 1 11 1 11 1 18 1 18 1 27 1
8 2 6 2 1 11 1 13 1 18 1 21 1 27 1
8 2 6 2 1 11 1 14 1 18 1 23 1 27 1
8 1 4 2 1 11 2 18 2 27 1
8 2 6 2 1 13 1 13 1 21 1 21 1 27 1
8 2 6 2 1 13 1 14 1 21 1 23 1 27 1
8 1 4 2 1 13 2 21 2 27 1
8 2 6 2 1 14 1 14 1 23 1 23 1 27 1
8 1 4 2 1 14 2 23 2 27 1
8 2 6 3 1 3 1 5 1 5 1 5 1 29 1
8 2 6 3 1 3 1 5 1 5 1 7 1 30 1
8 2 6 3 1 3 1 5 1 5 1 17 1 22 1
8 2 6 3 1 3 1 5 1 5 1 19 1 21 1
8 2 6 3 1 5 1 5 1 10 1 16 1 29 1
8 2 6 3 1 5 1 5 1 11 1 18 1 29 1
8 2 6 3 1 5 1 5 1 13 1 21 1 29 1
8 2 6 3 1 5 1 5 1 14 1 23 1 29 1
8 2 6 3 1 5 1 7 1 10 1 16 1 30 1
8 2 6 3 1 5 1 7 1 11 1 18 1 30 1
8 2 6 3 1 5 1 7 1 13 1 21 1 30 1
8 2 6 3 1 5 1 7 1 14 1 23 1 30 1
8 2 6 3 1 5 1 10 1 16 1 17 1 22 1
8 2 6 3 1 5 1 10 1 16 1 19 1 21 1
8 2 6 3 1 5 1 11 1 17 1 18 1 22 1
8 2 6 3 1 5 1 11 1 18 1 19 1 21 1
8 2 6 3 1 5 1 13 1 17 1 21 1 22 1
8 2 6 3 1 5 1 13 1 19 1 21 1 21 1
8 2 6 3 1 5 1 14 1 17 1 22 1 23 1
8 2 6 3 1 5 1 14 1 19 1 21 1 23 1
8 1 4 3 2 5 1 5 2 29 1
8 1 4 3 2 5 2 7 1 30 1
8 1 4 3 2 5 2 17 1 22 1
8 1 4 3 2 5 2 19 1 21 1
8 2 6 5 1 10 1 10 1 16 1 16 1 29 1
8 2 6 5 1 10 1 11 1 16 1 18 1 29 1
8 2 6 5 1 10 1 13 1 16 1 21 1 29 1
8 2 6 5 1 10 1 14 1 16 1 23 1 29 1
8 1 4 5 1 10 2 16 2 29 1
8 2 6 5 1 11 1 11 1 18 1 18 1 29 1
8 2 6 5 1 11 1 13 1 18 1 21 1 29 1
8 2 6 5 1 11 1 14 1 18 1 23 1 29 1
8 1 4 5 1 11 2 18 2 29 1
8 2 6 5 1 13 1 13 1 21 1 21 1 29 1
8 2 6 5 1 13 1 14 1 21 1 23 1 29 1
8 1 4 5 1 13 2 21 2 29 1
8 2 6 5 1 14 1 14 1 23 1 23 1 29 1
8 1 4 5 1 14 2 23 2 29 1
8 2 6 7 1 10 1 10 1 16 1 16 1 30 1
8 2 6 7 1 10 1 11 1 16 1 18 1 30 1
8 2 6 7 1 10 1 13 1 16 1 21 1 30 1
8 2 6 7 1 10 1 14 1 16 1 23 1 30 1
8 1 4 7 1 10 2 16 2 30 1
8 2 6 7 1 11 1 11 1 18 1 18 1 30 1
8 2 6 7 1 11 1 13 1 18 1 21 1 30 1
8 2 6 7 1 11 1 14 1 18 1 23 1 30 1
8 1 4 7 1 11 2 18 2 30 1
8 2 6 7 1 13 1 13 1 21 1 21 1 30 1
8 2 6 7 1 13 1 14 1 21 1 23 1 30 1
8 1 4 7 1 13 2 21 2 30 1
8 2 6 7 1 14 1 14 1 23 1 23 1 30 1
8 1 4 7 1 14 2 23 2 30 1
8 2 6 10 1 10 1 16 1 16 1 17 1 22 1
8 2 6 10 1 10 1 16 1 16 1 19 1 21 1
8 2 6 10 1 11 1 16 1 17 1 18 1 22 1
8 2 6 10 1 11 1 16 1 18 1 19 1 21 1
8 2 6 10 1 13 1 16 1 17 1 21 1 22 1
8 2 6 10 1 13 1 16 1 19 1 21 1 21 1
8 2 6 10 1 14 1 16 1 17 1 22 1 23 1
8 2 6 10 1 14 1 16 1 19 1 21 1 23 1
8 1 4 10 2 16 2 17 1 22 1
8 1 4 10 2 16 2 19 1 21 1
8 2 6 11 1 11 1 17 1 18 1 18 1 22 1
8 2 6 11 1 11 1 18 1 18 1 19 1 21 1
8 2 6 11 1 13 1 17 1 18 1 21 1 22 1
8 2 6 11 1 13 1 18 1 19 1 21 1 21 1
8 2 6 11 1 14 1 17 1 18 1 22 1 23 1
8 2 6 11 1 14 1 18 1 19 1 21 1 23 1
8 1 4 11 2 17 1 18 2 22 1
8 1 4 11 2 18 2 19 1 21 1
8 2 6 13 1 13 1 17 1 21 1 21 1 22 1
8 2 6 13 1 13 1 19 1 21 1 21 1 21 1
8 2 6 13 1 14 1 17 1 21 1 22 1 23 1
8 2 6 13 1 14 1 19 1 21 1 21 1 23 1
8 1 4 13 2 17 1 21 2 22 1
8 1 4 13 2 19 1 21 1 21 2
8 2 6 14 1 14 1 17 1 22 1 23 1 23 1
8 2 6 14 1 14 1 19 1 21 1 23 1 23 1
8 1 4 14 2 17 1 22 1 23 2
8 1 4 14 2 19 1 21 1 23 2
9 16 6 1 1 2 1 2 1 6 1 6 1 27 1
9 8 6 1 1 2 1 2 2 3 1 6 1 27 1
9 8 6 1 1 2 1 6 1 6 2 19 1 27 1
9 16 6 1 1 2 1 6 1 11 1 17 1 27 1
9 8 6 1 1 2 1 6 1 11 2 27 1 29 1
9 16 6 1 1 2 1 6 1 12 1 20 1 27 1
9 8 6 1 1 2 1 6 1 12 2 27 1 31 1
9 8 6 1 1 2 1 6 1 13 1 17 2 27 1
9 8 6 1 1 2 1 6 1 15 1 20 2 27 1
9 4 6 1 1 2 2 2 2 3 1 3 1 27 1
9 4 6 1 1 2 2 3 1 6 2 19 1 27 1
9 8 6 1 1 2 2 3 1 11 1 17 1 27 1
9 4 6 1 1 2 2 3 1 11 2 27 1 29 1
9 8 6 1 1 2 2 3 1 12 1 20 1 27 1
9 4 6 1 1 2 2 3 1 12 2 27 1 31 1
9 4 6 1 1 2 2 3 1 13 1 17 2 27 1
9 4 6 1 1 2 2 3 1 15 1 20 2 27 1
9 8 4 1 1 2 2 6 2 27 1
9 2 4 1 1 2 4 3 2 27 1
9 4 6 1 1 6 2 6 2 19 1 19 1 27 1
9 8 6 1 1 6 2 11 1 17 1 19 1 27 1
9 4 6 1 1 6 2 11 2 19 1 27 1 29 1
9 8 6 1 1 6 2 12 1 19 1 20 1 27 1
9 4 6 1 1 6 2 12 2 19 1 27 1 31 1
9 4 6 1 1 6 2 13 1 17 2 19 1 27 1
9 4 6 1 1 6 2 15 1 19 1 20 2 27 1
9 2 4 1 1 6 4 19 2 27 1
9 16 6 1 1 11 1 11 1 17 1 17 1 27 1
9 8 6 1 1 11 1 11 2 17 1 27 1 29 1
9 16 6 1 1 11 1 12 1 17 1 20 1 27 1
9 8 6 1 1 11 1 12 2 17 1 27 1 31 1
9 8 6 1 1 11 1 13 1 17 1 17 2 27 1
9 8 6 1 1 11 1 15 1 17 1 20 2 27 1
9 4 6 1 1 11 2 11 2 27 1 29 1 29 1
9 8 6 1 1 11 2 12 1 20 1 27 1 29 1
9 4 6 1 1 11 2 12 2 27 1 29 1 31 1
9 4 6 1 1 11 2 13 1 17 2 27 1 29 1
9 4 6 1 1 11 2 15 1 20 2 27 1 29 1
9 8 4 1 1 11 2 17 2 27 1
9 2 4 1 1 11 4 27 1 29 2
9 16 6 1 1 12 1 12 1 20 1 20 1 27 1
9 8 6 1 1 12 1 12 2 20 1 27 1 31 1
9 8 6 1 1 12 1 13 1 17 2 20 1 27 1
9 8 6 1 1 12 1 15 1 20 1 20 2 27 1
9 4 6 1 1 12 2 12 2 27 1 31 1 31 1
9 4 6 1 1 12 2 13 1 17 2 27 1 31 1
9 4 6 1 1 12 2 15 1 20 2 27 1 31 1
9 8 4 1 1 12 2 20 2 27 1
9 2 4 1 1 12 4 27 1 31 2
9 4 6 1 1 13 1 13 1 17 2 17 2 27 1
9 4 6 1 1 13 1 15 1 17 2 20 2 27 1
9 2 4 1 1 13 2 17 4 27 1
9 4 6 1 1 15 1 15 1 20 2 20 2 27 1
9 2 4 1 1 15 2 20 4 27 1
9 8 6 1 2 2 1 2 1 6 1 6 1 29 1
9 4 6 1 2 2 1 2 2 3 1 6 1 29 1
9 4 6 1 2 2 1 6 1 6 2 19 1 29 1
9 8 6 1 2 2 1 6 1 11 1 17 1 29 1
9 4 6 1 2 2 1 6 1 11 2 29 1 29 1
9 8 6 1 2 2 1 6 1 12 1 20 1 29 1
9 4 6 1 2 2 1 6 1 12 2 29 1 31 1
9 4 6 1 2 2 1 6 1 13 1 17 2 29 1
9 4 6 1 2 2 1 6 1 15 1 20 2 29 1
9 2 6 1 2 2 2 2 2 3 1 3 1 29 1
9 2 6 1 2 2 2 3 1 6 2 19 1 29 1
9 4 6 1 2 2 2 3 1 11 1 17 1 29 1
9 2 6 1 2 2 2 3 1 11 2 29 1 29 1
9 4 6 1 2 2 2 3 1 12 1 20 1 29 1
9 2 6 1 2 2 2 3 1 12 2 29 1 31 1
9 2 6 1 2 2 2 3 1 13 1 17 2 29 1
9 2 6 1 2 2 2 3 1 15 1 20 2 29 1
9 4 4 1 2 2 2 6 2 29 1
9 1 4 1 2 2 4 3 2 29 1
9 2 6 1 2 6 2 6 2 19 1 19 1 29 1
9 4 6 1 2 6 2 11 1 17 1 19 1 29 1
9 2 6 1 2 6 2 11 2 19 1 29 1 29 1
9 4 6 1 2 6 2 12 1 19 1 20 1 29 1
9 2 6 1 2 6 2 12 2 19 1 29 1 31 1
9 2 6 1 2 6 2 13 1 17 2 19 1 29 1
9 2 6 1 2 6 2 15 1 19 1 20 2 29 1
9 1 4 1 2 6 4 19 2 29 1
9 8 6 1 2 11 1 11 1 17 1 17 1 29 1
9 4 6 1 2 11 1 11 2 17 1 29 1 29 1
9 8 6 1 2 11 1 12 1 17 1 20 1 29 1
9 4 6 1 2 11 1 12 2 17 1 29 1 31 1
9 4 6 1 2 11 1 13 1 17 1 17 2 29 1
9 4 6 1 2 11 1 15 1 17 1 20 2 29 1
9 2 6 1 2 11 2 11 2 29 1 29 1 29 1
9 4 6 1 2 11 2 12 1 20 1 29 1 29 1
9 2 6 1 2 11 2 12 2 29 1 29 1 31 1
9 2 6 1 2 11 2 13 1 17 2 29 1 29 1
9 2 6 1 2 11 2 15 1 20 2 29 1 29 1
9 4 4 1 2 11 2 17 2 29 1
9 1 4 1 2 11 4 29 1 29 2
9 8 6 1 2 12 1 12 1 20 1 20 1 29 1
9 4 6 1 2 12 1 12 2 20 1 29 1 31 1
9 4 6 1 2 12 1 13 1 17 2 20 1 29 1
9 4 6 1 2 12 1 15 1 20 1 20 2 29 1
9 2 6 1 2 12 2 12 2 29 1 31 1 31 1
9 2 6 1 2 12 2 13 1 17 2 29 1 31 1
9 2 6 1 2 12 2 15 1 20 2 29 1 31 1
9 4 4 1 2 12 2 20 2 29 1
9 1 4 1 2 12 4 29 1 31 2
9 2 6 1 2 13 1 13 1 17 2 17 2 29 1
9 2 6 1 2 13 1 15 1 17 2 20 2 29 1
9 1 4 1 2 13 2 17 4 29 1
9 2 6 1 2 15 1 15 1 20 2 20 2 29 1
9 1 4 1 2 15 2 20 4 29 1
9 8 6 2 1 2 1 3 1 6 1 6 1 22 2
9 16 6 2 1 2 1 4 1 6 1 6 1 28 1
9 8 6 2 1 2 1 4 2 6 1 6 1 31 1
9 8 6 2 1 2 1 6 1 6 1 13 1 27 2
9 8 6 2 1 2 1 6 1 6 1 15 1 28 2
9 16 6 2 1 2 1 6 1 6 1 18 1 22 1
9 8 6 2 1 2 1 6 1 6 1 18 2 19 1
9 4 6 2 1 2 2 3 1 3 1 6 1 22 2
9 8 6 2 1 2 2 3 1 4 1 6 1 28 1
9 4 6 2 1 2 2 3 1 4 2 6 1 31 1
9 4 6 2 1 2 2 3 1 6 1 13 1 27 2
9 4 6 2 1 2 2 3 1 6 1 15 1 28 2
9 8 6 2 1 2 2 3 1 6 1 18 1 22 1
9 4 6 2 1 2 2 3 1 6 1 18 2 19 1
9 4 6 2 1 3 1 6 1 6 2 19 1 22 2
9 8 6 2 1 3 1 6 1 11 1 17 1 22 2
9 4 6 2 1 3 1 6 1 11 2 22 2 29 1
9 8 6 2 1 3 1 6 1 12 1 20 1 22 2
9 4 6 2 1 3 1 6 1 12 2 22 2 31 1
9 4 6 2 1 3 1 6 1 13 1 17 2 22 2
9 4 6 2 1 3 1 6 1 15 1 20 2 22 2
9 8 6 2 1 4 1 6 1 6 2 19 1 28 1
9 16 6 2 1 4 1 6 1 11 1 17 1 28 1
9 8 6 2 1 4 1 6 1 11 2 28 1 29 1
9 16 6 2 1 4 1 6 1 12 1 20 1 28 1
9 8 6 2 1 4 1 6 1 12 2 28 1 31 1
9 8 6 2 1 4 1 6 1 13 1 17 2 28 1
9 8 6 2 1 4 1 6 1 15 1 20 2 28 1
9 4 6 2 1 4 2 6 1 6 2 19 1 31 1
9 8 6 2 1 4 2 6 1 11 1 17 1 31 1
9 4 6 2 1 4 2 6 1 11 2 29 1 31 1
9 8 6 2 1 4 2 6 1 12 1 20 1 31 1
9 4 6 2 1 4 2 6 1 12 2 31 1 31 1
9 4 6 2 1 4 2 6 1 13 1 17 2 31 1
9 4 6 2 1 4 2 6 1 15 1 20 2 31 1
9 4 6 2 1 6 1 6 2 13 1 19 1 27 2
9 4 6 2 1 6 1 6 2 15 1 19 1 28 2
9 8 6 2 1 6 1 6 2 18 1 19 1 22 1
9 4 6 2 1 6 1 6 2 18 2 19 1 19 1
9 8 6 2 1 6 1 11 1 13 1 17 1 27 2
9 8 6 2 1 6 1 11 1 15 1 17 1 28 2
9 16 6 2 1 6 1 11 1 17 1 18 1 22 1
9 8 6 2 1 6 1 11 1 17 1 18 2 19 1
9 4 6 2 1 6 1 11 2 13 1 27 2 29 1
9 4 6 2 1 6 1 11 2 15 1 28 2 29 1
9 8 6 2 1 6 1 11 2 18 1 22 1 29 1
9 4 6 2 1 6 1 11 2 18 2 19 1 29 1
9 8 6 2 1 6 1 12 1 13 1 20 1 27 2
9 8 6 2 1 6 1 12 1 15 1 20 1 28 2
9 16 6 2 1 6 1 12 1 18 1 20 1 22 1
9 8 6 2 1 6 1 12 1 18 2 19 1 20 1
9 4 6 2 1 6 1 12 2 13 1 27 2 31 1
9 4 6 2 1 6 1 12 2 15 1 28 2 31 1
9 8 6 2 1 6 1 12 2 18 1 22 1 31 1
9 4 6 2 1 6 1 12 2 18 2 19 1 31 1
9 4 6 2 1 6 1 13 1 13 1 17 2 27 2
9 4 6 2 1 6 1 13 1 15 1 17 2 28 2
9 4 6 2 1 6 1 13 1 15 1 20 2 27 2
9 8 6 2 1 6 1 13 1 17 2 18 1 22 1
9 4 6 2 1 6 1 13 1 17 2 18 2 19 1
9 4 6 2 1 6 1 15 1 15 1 20 2 28 2
9 8 6 2 1 6 1 15 1 18 1 20 2 22 1
9 4 6 2 1 6 1 15 1 18 2 19 1 20 2
9 2 6 2 2 2 2 3 1 3 1 3 1 22 2
9 4 6 2 2 2 2 3 1 3 1 4 1 28 1
9 2 6 2 2 2 2 3 1 3 1 4 2 31 1
9 2 6 2 2 2 2 3 1 3 1 13 1 27 2
9 2 6 2 2 2 2 3 1 3 1 15 1 28 2
9 4 6 2 2 2 2 3 1 3 1 18 1 22 1
9 2 6 2 2 2 2 3 1 3 1 18 2 19 1
9 2 6 2 2 3 1 3 1 6 2 19 1 22 2
9 4 6 2 2 3 1 3 1 11 1 17 1 22 2
9 2 6 2 2 3 1 3 1 11 2 22 2 29 1
9 4 6 2 2 3 1 3 1 12 1 20 1 22 2
9 2 6 2 2 3 1 3 1 12 2 22 2 31 1
9 2 6 2 2 3 1 3 1 13 1 17 2 22 2
9 2 6 2 2 3 1 3 1 15 1 20 2 22 2
9 4 6 2 2 3 1 4 1 6 2 19 1 28 1
9 8 6 2 2 3 1 4 1 11 1 17 1 28 1
9 4 6 2 2 3 1 4 1 11 2 28 1 29 1
9 8 6 2 2 3 1 4 1 12 1 20 1 28 1
9 4 6 2 2 3 1 4 1 12 2 28 1 31 1
9 4 6 2 2 3 1 4 1 13 1 17 2 28 1
9 4 6 2 2 3 1 4 1 15 1 20 2 28 1
9 2 6 2 2 3 1 4 2 6 2 19 1 31 1
9 4 6 2 2 3 1 4 2 11 1 17 1 31 1
9 2 6 2 2 3 1 4 2 11 2 29 1 31 1
9 4 6 2 2 3 1 4 2 12 1 20 1 31 1
9 2 6 2 2 3 1 4 2 12 2 31 1 31 1
9 2 6 2 2 3 1 4 2 13 1 17 2 31 1
9 2 6 2 2 3 1 4 2 15 1 20 2 31 1
9 2 6 2 2 3 1 6 2 13 1 19 1 27 2
9 2 6 2 2 3 1 6 2 15 1 19 1 28 2
9 4 6 2 2 3 1 6 2 18 1 19 1 22 1
9 2 6 2 2 3 1 6 2 18 2 19 1 19 1
9 4 4 2 2 3 1 6 2 22 2
9 4 6 2 2 3 1 11 1 13 1 17 1 27 2
9 4 6 2 2 3 1 11 1 15 1 17 1 28 2
9 8 6 2 2 3 1 11 1 17 1 18 1 22 1
9 4 6 2 2 3 1 11 1 17 1 18 2 19 1
9 2 6 2 2 3 1 11 2 13 1 27 2 29 1
9 2 6 2 2 3 1 11 2 15 1 28 2 29 1
9 4 6 2 2 3 1 11 2 18 1 22 1 29 1
9 2 6 2 2 3 1 11 2 18 2 19 1 29 1
9 4 6 2 2 3 1 12 1 13 1 20 1 27 2
9 4 6 2 2 3 1 12 1 15 1 20 1 28 2
9 8 6 2 2 3 1 12 1 18 1 20 1 22 1
9 4 6 2 2 3 1 12 1 18 2 19 1 20 1
9 2 6 2 2 3 1 12 2 13 1 27 2 31 1
9 2 6 2 2 3 1 12 2 15 1 28 2 31 1
9 4 6 2 2 3 1 12 2 18 1 22 1 31 1
9 2 6 2 2 3 1 12 2 18 2 19 1 31 1
9 2 6 2 2 3 1 13 1 13 1 17 2 27 2
9 2 6 2 2 3 1 13 1 15 1 17 2 28 2
9 2 6 2 2 3 1 13 1 15 1 20 2 27 2
9 4 6 2 2 3 1 13 1 17 2 18 1 22 1
9 2 6 2 2 3 1 13 1 17 2 18 2 19 1
9 2 6 2 2 3 1 15 1 15 1 20 2 28 2
9 4 6 2 2 3 1 15 1 18 1 20 2 22 1
9 2 6 2 2 3 1 15 1 18 2 19 1 20 2
9 8 4 2 2 4 1 6 2 28 1
9 4 4 2 2 4 2 6 2 31 1
9 4 4 2 2 6 2 13 1 27 2
9 4 4 2 2 6 2 15 1 28 2
9 8 4 2 2 6 2 18 1 22 1
9 4 4 2 2 6 2 18 2 19 1
9 1 4 2 4 3 1 3 2 22 2
9 2 4 2 4 3 2 4 1 28 1
9 1 4 2 4 3 2 4 2 31 1
9 1 4 2 4 3 2 13 1 27 2
9 1 4 2 4 3 2 15 1 28 2
9 2 4 2 4 3 2 18 1 22 1
9 1 4 2 4 3 2 18 2 19 1
9 2 6 3 1 6 2 6 2 19 1 19 1 22 2
9 4 6 3 1 6 2 11 1 17 1 19 1 22 2
9 2 6 3 1 6 2 11 2 19 1 22 2 29 1
9 4 6 3 1 6 2 12 1 19 1 20 1 22 2
9 2 6 3 1 6 2 12 2 19 1 22 2 31 1
9 2 6 3 1 6 2 13 1 17 2 19 1 22 2
9 2 6 3 1 6 2 15 1 19 1 20 2 22 2
9 1 4 3 1 6 4 19 2 22 2
9 8 6 3 1 11 1 11 1 17 1 17 1 22 2
9 4 6 3 1 11 1 11 2 17 1 22 2 29 1
9 8 6 3 1 11 1 12 1 17 1 20 1 22 2
9 4 6 3 1 11 1 12 2 17 1 22 2 31 1
9 4 6 3 1 11 1 13 1 17 1 17 2 22 2
9 4 6 3 1 11 1 15 1 17 1 20 2 22 2
9 2 6 3 1 11 2 11 2 22 2 29 1 29 1
9 4 6 3 1 11 2 12 1 20 1 22 2 29 1
9 2 6 3 1 11 2 12 2 22 2 29 1 31 1
9 2 6 3 1 11 2 13 1 17 2 22 2 29 1
9 2 6 3 1 11 2 15 1 20 2 22 2 29 1
9 4 4 3 1 11 2 17 2 22 2
9 1 4 3 1 11 4 22 2 29 2
9 8 6 3 1 12 1 12 1 20 1 20 1 22 2
9 4 6 3 1 12 1 12 2 20 1 22 2 31 1
9 4 6 3 1 12 1 13 1 17 2 20 1 22 2
9 4 6 3 1 12 1 15 1 20 1 20 2 22 2
9 2 6 3 1 12 2 12 2 22 2 31 1 31 1
9 2 6 3 1 12 2 13 1 17 2 22 2 31 1
9 2 6 3 1 12 2 15 1 20 2 22 2 31 1
9 4 4 3 1 12 2 20 2 22 2
9 1 4 3 1 12 4 22 2 31 2
9 2 6 3 1 13 1 13 1 17 2 17 2 22 2
9 2 6 3 1 13 1 15 1 17 2 20 2 22 2
9 1 4 3 1 13 2 17 4 22 2
9 2 6 3 1 15 1 15 1 20 2 20 2 22 2
9 1 4 3 1 15 2 20 4 22 2
9 4 6 4 1 6 2 6 2 19 1 19 1 28 1
9 8 6 4 1 6 2 11 1 17 1 19 1 28 1
9 4 6 4 1 6 2 11 2 19 1 28 1 29 1
9 8 6 4 1 6 2 12 1 19 1 20 1 28 1
9 4 6 4 1 6 2 12 2 19 1 28 1 31 1
9 4 6 4 1 6 2 13 1 17 2 19 1 28 1
9 4 6 4 1 6 2 15 1 19 1 20 2 28 1
9 2 4 4 1 6 4 19 2 28 1
9 16 6 4 1 11 1 11 1 17 1 17 1 28 1
9 8 6 4 1 11 1 11 2 17 1 28 1 29 1
9 16 6 4 1 11 1 12 1 17 1 20 1 28 1
9 8 6 4 1 11 1 12 2 17 1 28 1 31 1
9 8 6 4 1 11 1 13 1 17 1 17 2 28 1
9 8 6 4 1 11 1 15 1 17 1 20 2 28 1
9 4 6 4 1 11 2 11 2 28 1 29 1 29 1
9 8 6 4 1 11 2 12 1 20 1 28 1 29 1
9 4 6 4 1 11 2 12 2 28 1 29 1 31 1
9 4 6 4 1 11 2 13 1 17 2 28 1 29 1
9 4 6 4 1 11 2 15 1 20 2 28 1 29 1
9 8 4 4 1 11 2 17 2 28 1
9 2 4 4 1 11 4 28 1 29 2
9 16 6 4 1 12 1 12 1 20 1 20 1 28 1
9 8 6 4 1 12 1 12 2 20 1 28 1 31 1
9 8 6 4 1 12 1 13 1 17 2 20 1 28 1
9 8 6 4 1 12 1 15 1 20 1 20 2 28 1
9 4 6 4 1 12 2 12 2 28 1 31 1 31 1
9 4 6 4 1 12 2 13 1 17 2 28 1 31 1
9 4 6 4 1 12 2 15 1 20 2 28 1 31 1
9 8 4 4 1 12 2 20 2 28 1
9 2 4 4 1 12 4 28 1 31 2
9 4 6 4 1 13 1 13 1 17 2 17 2 28 1
9 4 6 4 1 13 1 15 1 17 2 20 2 28 1
9 2 4 4 1 13 2 17 4 28 1
9 4 6 4 1 15 1 15 1 20 2 20 2 28 1
9 2 4 4 1 15 2 20 4 28 1
9 2 6 4 2 6 2 6 2 19 1 19 1 31 1
9 4 6 4 2 6 2 11 1 17 1 19 1 31 1
9 2 6 4 2 6 2 11 2 19 1 29 1 31 1
9 4 6 4 2 6 2 12 1 19 1 20 1 31 1
9 2 6 4 2 6 2 12 2 19 1 31 1 31 1
9 2 6 4 2 6 2 13 1 17 2 19 1 31 1
9 2 6 4 2 6 2 15 1 19 1 20 2 31 1
9 1 4 4 2 6 4 19 2 31 1
9 8 6 4 2 11 1 11 1 17 1 17 1 31 1
9 4 6 4 2 11 1 11 2 17 1 29 1 31 1
9 8 6 4 2 11 1 12 1 17 1 20 1 31 1
9 4 6 4 2 11 1 12 2 17 1 31 1 31 1
9 4 6 4 2 11 1 13 1 17 1 17 2 31 1
9 4 6 4 2 11 1 15 1 17 1 20 2 31 1
9 2 6 4 2 11 2 11 2 29 1 29 1 31 1
9 4 6 4 2 11 2 12 1 20 1 29 1 31 1
9 2 6 4 2 11 2 12 2 29 1 31 1 31 1
9 2 6 4 2 11 2 13 1 17 2 29 1 31 1
9 2 6 4 2 11 2 15 1 20 2 29 1 31 1
9 4 4 4 2 11 2 17 2 31 1
9 1 4 4 2 11 4 29 2 31 1
9 8 6 4 2 12 1 12 1 20 1 20 1 31 1
9 4 6 4 2 12 1 12 2 20 1 31 1 31 1
9 4 6 4 2 12 1 13 1 17 2 20 1 31 1
9 4 6 4 2 12 1 15 1 20 1 20 2 31 1
9 2 6 4 2 12 2 12 2 31 1 31 1 31 1
9 2 6 4 2 12 2 13 1 17 2 31 1 31 1
9 2 6 4 2 12 2 15 1 20 2 31 1 31 1
9 4 4 4 2 12 2 20 2 31 1
9 1 4 4 2 12 4 31 1 31 2
9 2 6 4 2 13 1 13 1 17 2 17 2 31 1
9 2 6 4 2 13 1 15 1 17 2 20 2 31 1
9 1 4 4 2 13 2 17 4 31 1
9 2 6 4 2 15 1 15 1 20 2 20 2 31 1
9 1 4 4 2 15 2 20 4 31 1
9 2 6 6 2 6 2 13 1 19 1 19 1 27 2
9 2 6 6 2 6 2 15 1 19 1 19 1 28 2
9 4 6 6 2 6 2 18 1 19 1 19 1 22 1
9 2 6 6 2 6 2 18 2 19 1 19 1 19 1
9 4 6 6 2 11 1 13 1 17 1 19 1 27 2
9 4 6 6 2 11 1 15 1 17 1 19 1 28 2
9 8 6 6 2 11 1 17 1 18 1 19 1 22 1
9 4 6 6 2 11 1 17 1 18 2 19 1 19 1
9 2 6 6 2 11 2 13 1 19 1 27 2 29 1
9 2 6 6 2 11 2 15 1 19 1 28 2 29 1
9 4 6 6 2 11 2 18 1 19 1 22 1 29 1
9 2 6 6 2 11 2 18 2 19 1 19 1 29 1
9 4 6 6 2 12 1 13 1 19 1 20 1 27 2
9 4 6 6 2 12 1 15 1 19 1 20 1 28 2
9 8 6 6 2 12 1 18 1 19 1 20 1 22 1
9 4 6 6 2 12 1 18 2 19 1 19 1 20 1
9 2 6 6 2 12 2 13 1 19 1 27 2 31 1
9 2 6 6 2 12 2 15 1 19 1 28 2 31 1
9 4 6 6 2 12 2 18 1 19 1 22 1 31 1
9 2 6 6 2 12 2 18 2 19 1 19 1 31 1
9 2 6 6 2 13 1 13 1 17 2 19 1 27 2
9 2 6 6 2 13 1 15 1 17 2 19 1 28 2
9 2 6 6 2 13 1 15 1 19 1 20 2 27 2
9 4 6 6 2 13 1 17 2 18 1 19 1 22 1
9 2 6 6 2 13 1 17 2 18 2 19 1 19 1
9 2 6 6 2 15 1 15 1 19 1 20 2 28 2
9 4 6 6 2 15 1 18 1 19 1 20 2 22 1
9 2 6 6 2 15 1 18 2 19 1 19 1 20 2
9 1 4 6 4 13 1 19 2 27 2
9 1 4 6 4 15 1 19 2 28 2
9 2 4 6 4 18 1 19 2 22 1
9 1 4 6 4 18 2 19 1 19 2
9 8 6 11 1 11 1 13 1 17 1 17 1 27 2
9 8 6 11 1 11 1 15 1 17 1 17 1 28 2
9 16 6 11 1 11 1 17 1 17 1 18 1 22 1
9 8 6 11 1 11 1 17 1 17 1 18 2 19 1
9 4 6 11 1 11 2 13 1 17 1 27 2 29 1
9 4 6 11 1 11 2 15 1 17 1 28 2 29 1
9 8 6 11 1 11 2 17 1 18 1 22 1 29 1
9 4 6 11 1 11 2 17 1 18 2 19 1 29 1
9 8 6 11 1 12 1 13 1 17 1 20 1 27 2
9 8 6 11 1 12 1 15 1 17 1 20 1 28 2
9 16 6 11 1 12 1 17 1 18 1 20 1 22 1
9 8 6 11 1 12 1 17 1 18 2 19 1 20 1
9 4 6 11 1 12 2 13 1 17 1 27 2 31 1
9 4 6 11 1 12 2 15 1 17 1 28 2 31 1
9 8 6 11 1 12 2 17 1 18 1 22 1 31 1
9 4 6 11 1 12 2 17 1 18 2 19 1 31 1
9 4 6 11 1 13 1 13 1 17 1 17 2 27 2
9 4 6 11 1 13 1 15 1 17 1 17 2 28 2
9 4 6 11 1 13 1 15 1 17 1 20 2 27 2
9 8 6 11 1 13 1 17 1 17 2 18 1 22 1
9 4 6 11 1 13 1 17 1 17 2 18 2 19 1
9 4 6 11 1 15 1 15 1 17 1 20 2 28 2
9 8 6 11 1 15 1 17 1 18 1 20 2 22 1
9 4 6 11 1 15 1 17 1 18 2 19 1 20 2
9 2 6 11 2 11 2 13 1 27 2 29 1 29 1
9 2 6 11 2 11 2 15 1 28 2 29 1 29 1
9 4 6 11 2 11 2 18 1 22 1 29 1 29 1
9 2 6 11 2 11 2 18 2 19 1 29 1 29 1
9 4 6 11 2 12 1 13 1 20 1 27 2 29 1
9 4 6 11 2 12 1 15 1 20 1 28 2 29 1
9 8 6 11 2 12 1 18 1 20 1 22 1 29 1
9 4 6 11 2 12 1 18 2 19 1 20 1 29 1
9 2 6 11 2 12 2 13 1 27 2 29 1 31 1
9 2 6 11 2 12 2 15 1 28 2 29 1 31 1
9 4 6 11 2 12 2 18 1 22 1 29 1 31 1
9 2 6 11 2 12 2 18 2 19 1 29 1 31 1
9 2 6 11 2 13 1 13 1 17 2 27 2 29 1
9 2 6 11 2 13 1 15 1 17 2 28 2 29 1
9 2 6 11 2 13 1 15 1 20 2 27 2 29 1
9 4 6 11 2 13 1 17 2 18 1 22 1 29 1
9 2 6 11 2 13 1 17 2 18 2 19 1 29 1
9 4 4 11 2 13 1 17 2 27 2
9 2 6 11 2 15 1 15 1 20 2 28 2 29 1
9 4 4 11 2 15 1 17 2 28 2
9 4 6 11 2 15 1 18 1 20 2 22 1 29 1
9 2 6 11 2 15 1 18 2 19 1 20 2 29 1
9 8 4 11 2 17 2 18 1 22 1
9 4 4 11 2 17 2 18 2 19 1
9 1 4 11 4 13 1 27 2 29 2
9 1 4 11 4 15 1 28 2 29 2
9 2 4 11 4 18 1 22 1 29 2
9 1 4 11 4 18 2 19 1 29 2
9 8 6 12 1 12 1 13 1 20 1 20 1 27 2
9 8 6 12 1 12 1 15 1 20 1 20 1 28 2
9 16 6 12 1 12 1 18 1 20 1 20 1 22 1
9 8 6 12 1 12 1 18 2 19 1 20 1 20 1
9 4 6 12 1 12 2 13 1 20 1 27 2 31 1
9 4 6 12 1 12 2 15 1 20 1 28 2 31 1
9 8 6 12 1 12 2 18 1 20 1 22 1 31 1
9 4 6 12 1 12 2 18 2 19 1 20 1 31 1
9 4 6 12 1 13 1 13 1 17 2 20 1 27 2
9 4 6 12 1 13 1 15 1 17 2 20 1 28 2
9 4 6 12 1 13 1 15 1 20 1 20 2 27 2
9 8 6 12 1 13 1 17 2 18 1 20 1 22 1
9 4 6 12 1 13 1 17 2 18 2 19 1 20 1
9 4 6 12 1 15 1 15 1 20 1 20 2 28 2
9 8 6 12 1 15 1 18 1 20 1 20 2 22 1
9 4 6 12 1 15 1 18 2 19 1 20 1 20 2
9 2 6 12 2 12 2 13 1 27 2 31 1 31 1
9 2 6 12 2 12 2 15 1 28 2 31 1 31 1
9 4 6 12 2 12 2 18 1 22 1 31 1 31 1
9 2 6 12 2 12 2 18 2 19 1 31 1 31 1
9 2 6 12 2 13 1 13 1 17 2 27 2 31 1
9 2 6 12 2 13 1 15 1 17 2 28 2 31 1
9 2 6 12 2 13 1 15 1 20 2 27 2 31 1
9 4 6 12 2 13 1 17 2 18 1 22 1 31 1
9 2 6 12 2 13 1 17 2 18 2 19 1 31 1
9 4 4 12 2 13 1 20 2 27 2
9 2 6 12 2 15 1 15 1 20 2 28 2 31 1
9 4 6 12 2 15 1 18 1 20 2 22 1 31 1
9 2 6 12 2 15 1 18 2 19 1 20 2 31 1
9 4 4 12 2 15 1 20 2 28 2
9 8 4 12 2 18 1 20 2 22 1
9 4 4 12 2 18 2 19 1 20 2
9 1 4 12 4 13 1 27 2 31 2
9 1 4 12 4 15 1 28 2 31 2
9 2 4 12 4 18 1 22 1 31 2
9 1 4 12 4 18 2 19 1 31 2
9 2 6 13 1 13 1 13 1 17 2 17 2 27 2
9 2 6 13 1 13 1 15 1 17 2 17 2 28 2
9 2 6 13 1 13 1 15 1 17 2 20 2 27 2
9 4 6 13 1 13 1 17 2 17 2 18 1 22 1
9 2 6 13 1 13 1 17 2 17 2 18 2 19 1
9 1 4 13 1 13 2 17 4 27 2
9 2 6 13 1 15 1 15 1 17 2 20 2 28 2
9 2 6 13 1 15 1 15 1 20 2 20 2 27 2
9 4 6 13 1 15 1 17 2 18 1 20 2 22 1
9 2 6 13 1 15 1 17 2 18 2 19 1 20 2
9 1 4 13 1 15 2 20 4 27 2
9 1 4 13 2 15 1 17 4 28 2
9 2 4 13 2 17 4 18 1 22 1
9 1 4 13 2 17 4 18 2 19 1
9 2 6 15 1 15 1 15 1 20 2 20 2 28 2
9 4 6 15 1 15 1 18 1 20 2 20 2 22 1
9 2 6 15 1 15 1 18 2 19 1 20 2 20 2
9 1 4 15 1 15 2 20 4 28 2
9 2 4 15 2 18 1 20 4 22 1
9 1 4 15 2 18 2 19 1 20 4
10 2 6 0 1 0 1 2 1 8 1 8 1 28 1
10 2 6 0 1 0 1 5 1 8 1 8 1 30 1
10 2 6 0 1 0 1 7 1 8 1 8 1 31 1
10 2 6 0 1 0 1 8 1 8 1 16 1 24 1
10 2 6 0 1 0 1 8 1 8 1 19 1 23 1
10 2 6 0 1 0 1 8 1 8 1 20 1 22 1
10 2 6 0 1 2 1 3 1 7 1 8 1 28 1
10 2 6 0 1 2 1 4 1 6 1 8 1 28 1
10 2 6 0 1 2 1 8 1 12 1 18 1 28 1
10 2 6 0 1 2 1 8 1 14 1 21 1 28 1
10 2 6 0 1 2 1 8 1 15 1 23 1 28 1
10 2 6 0 1 3 1 5 1 7 1 8 1 30 1
10 2 6 0 1 3 1 7 1 7 1 8 1 31 1
10 2 6 0 1 3 1 7 1 8 1 16 1 24 1
10 2 6 0 1 3 1 7 1 8 1 19 1 23 1
10 2 6 0 1 3 1 7 1 8 1 20 1 22 1
10 2 6 0 1 4 1 5 1 6 1 8 1 30 1
10 2 6 0 1 4 1 6 1 7 1 8 1 31 1
10 2 6 0 1 4 1 6 1 8 1 16 1 24 1
10 2 6 0 1 4 1 6 1 8 1 19 1 23 1
10 2 6 0 1 4 1 6 1 8 1 20 1 22 1
10 2 6 0 1 5 1 8 1 12 1 18 1 30 1
10 2 6 0 1 5 1 8 1 14 1 21 1 30 1
10 2 6 0 1 5 1 8 1 15 1 23 1 30 1
10 2 6 0 1 7 1 8 1 12 1 18 1 31 1
10 2 6 0 1 7 1 8 1 14 1 21 1 31 1
10 2 6 0 1 7 1 8 1 15 1 23 1 31 1
10 2 6 0 1 8 1 12 1 16 1 18 1 24 1
10 2 6 0 1 8 1 12 1 18 1 19 1 23 1
10 2 6 0 1 8 1 12 1 18 1 20 1 22 1
10 2 6 0 1 8 1 14 1 16 1 21 1 24 1
10 2 6 0 1 8 1 14 1 19 1 21 1 23 1
10 2 6 0 1 8 1 14 1 20 1 21 1 22 1
10 2 6 0 1 8 1 15 1 16 1 23 1 24 1
10 2 6 0 1 8 1 15 1 19 1 23 1 23 1
10 2 6 0 1 8 1 15 1 20 1 22 1 23 1
10 1 4 0 2 2 1 8 2 28 1
10 1 4 0 2 5 1 8 2 30 1
10 1 4 0 2 7 1 8 2 31 1
10 1 4 0 2 8 2 16 1 24 1
10 1 4 0 2 8 2 19 1 23 1
10 1 4 0 2 8 2 20 1 22 1
10 2 6 2 1 3 1 3 1 7 1 7 1 28 1
10 2 6 2 1 3 1 4 1 6 1 7 1 28 1
10 2 6 2 1 3 1 7 1 12 1 18 1 28 1
10 2 6 2 1 3 1 7 1 14 1 21 1 28 1
10 2 6 2 1 3 1 7 1 15 1 23 1 28 1
10 1 4 2 1 3 2 7 2 28 1
10 2 6 2 1 4 1 4 1 6 1 6 1 28 1
10 2 6 2 1 4 1 6 1 12 1 18 1 28 1
10 2 6 2 1 4 1 6 1 14 1 21 1 28 1
10 2 6 2 1 4 1 6 1 15 1 23 1 28 1
10 1 4 2 1 4 2 6 2 28 1
10 2 6 2 1 12 1 12 1 18 1 18 1 28 1
10 2 6 2 1 12 1 14 1 18 1 21 1 28 1
10 2 6 2 1 12 1 15 1 18 1 23 1 28 1
10 1 4 2 1 12 2 18 2 28 1
10 2 6 2 1 14 1 14 1 21 1 21 1 28 1
10 2 6 2 1 14 1 15 1 21 1 23 1 28 1
10 1 4 2 1 14 2 21 2 28 1
10 2 6 2 1 15 1 15 1 23 1 23 1 28 1
10 1 4 2 1 15 2 23 2 28 1
10 2 6 3 1 3 1 5 1 7 1 7 1 30 1
10 2 6 3 1 3 1 7 1 7 1 7 1 31 1
10 2 6 3 1 3 1 7 1 7 1 16 1 24 1
10 2 6 3 1 3 1 7 1 7 1 19 1 23 1
10 2 6 3 1 3 1 7 1 7 1 20 1 22 1
10 2 6 3 1 4 1 5 1 6 1 7 1 30 1
10 2 6 3 1 4 1 6 1 7 1 7 1 31 1
10 2 6 3 1 4 1 6 1 7 1 16 1 24 1
10 2 6 3 1 4 1 6 1 7 1 19 1 23 1
10 2 6 3 1 4 1 6 1 7 1 20 1 22 1
10 2 6 3 1 5 1 7 1 12 1 18 1 30 1
10 2 6 3 1 5 1 7 1 14 1 21 1 30 1
10 2 6 3 1 5 1 7 1 15 1 23 1 30 1
10 2 6 3 1 7 1 7 1 12 1 18 1 31 1
10 2 6 3 1 7 1 7 1 14 1 21 1 31 1
10 2 6 3 1 7 1 7 1 15 1 23 1 31 1
10 2 6 3 1 7 1 12 1 16 1 18 1 24 1
10 2 6 3 1 7 1 12 1 18 1 19 1 23 1
10 2 6 3 1 7 1 12 1 18 1 20 1 22 1
10 2 6 3 1 7 1 14 1 16 1 21 1 24 1
10 2 6 3 1 7 1 14 1 19 1 21 1 23 1
10 2 6 3 1 7 1 14 1 20 1 21 1 22 1
10 2 6 3 1 7 1 15 1 16 1 23 1 24 1
10 2 6 3 1 7 1 15 1 19 1 23 1 23 1
10 2 6 3 1 7 1 15 1 20 1 22 1 23 1
10 1 4 3 2 5 1 7 2 30 1
10 1 4 3 2 7 1 7 2 31 1
10 1 4 3 2 7 2 16 1 24 1
10 1 4 3 2 7 2 19 1 23 1
10 1 4 3 2 7 2 20 1 22 1
10 2 6 4 1 4 1 5 1 6 1 6 1 30 1
10 2 6 4 1 4 1 6 1 6 1 7 1 31 1
10 2 6 4 1 4 1 6 1 6 1 16 1 24 1
10 2 6 4 1 4 1 6 1 6 1 19 1 23 1
10 2 6 4 1 4 1 6 1 6 1 20 1 22 1
10 2 6 4 1 5 1 6 1 12 1 18 1 30 1
10 2 6 4 1 5 1 6 1 14 1 21 1 30 1
10 2 6 4 1 5 1 6 1 15 1 23 1 30 1
10 2 6 4 1 6 1 7 1 12 1 18 1 31 1
10 2 6 4 1 6 1 7 1 14 1 21 1 31 1
10 2 6 4 1 6 1 7 1 15 1 23 1 31 1
10 2 6 4 1 6 1 12 1 16 1 18 1 24 1
10 2 6 4 1 6 1 12 1 18 1 19 1 23 1
10 2 6 4 1 6 1 12 1 18 1 20 1 22 1
10 2 6 4 1 6 1 14 1 16 1 21 1 24 1
10 2 6 4 1 6 1 14 1 19 1 21 1 23 1
10 2 6 4 1 6 1 14 1 20 1 21 1 22 1
10 2 6 4 1 6 1 15 1 16 1 23 1 24 1
10 2 6 4 1 6 1 15 1 19 1 23 1 23 1
10 2 6 4 1 6 1 15 1 20 1 22 1 23 1
10 1 4 4 2 5 1 6 2 30 1
10 1 4 4 2 6 2 7 1 31 1
10 1 4 4 2 6 2 16 1 24 1
10 1 4 4 2 6 2 19 1 23 1
10 1 4 4 2 6 2 20 1 22 1
10 2 6 5 1 12 1 12 1 18 1 18 1 30 1
10 2 6 5 1 12 1 14 1 18 1 21 1 30 1
10 2 6 5 1 12 1 15 1 18 1 23 1 30 1
10 1 4 5 1 12 2 18 2 30 1
10 2 6 5 1 14 1 14 1 21 1 21 1 30 1
10 2 6 5 1 14 1 15 1 21 1 23 1 30 1
10 1 4 5 1 14 2 21 2 30 1
10 2 6 5 1 15 1 15 1 23 1 23 1 30 1
10 1 4 5 1 15 2 23 2 30 1
10 2 6 7 1 12 1 12 1 18 1 18 1 31 1
10 2 6 7 1 12 1 14 1 18 1 21 1 31 1
10 2 6 7 1 12 1 15 1 18 1 23 1 31 1
10 1 4 7 1 12 2 18 2 31 1
10 2 6 7 1 14 1 14 1 21 1 21 1 31 1
10 2 6 7 1 14 1 15 1 21 1 23 1 31 1
10 1 4 7 1 14 2 21 2 31 1
10 2 6 7 1 15 1 15 1 23 1 23 1 31 1
10 1 4 7 1 15 2 23 2 31 1
10 2 6 12 1 12 1 16 1 18 1 18 1 24 1
10 2 6 12 1 12 1 18 1 18 1 19 1 23 1
10 2 6 12 1 12 1 18 1 18 1 20 1 22 1
10 2 6 12 1 14 1 16 1 18 1 21 1 24 1
10 2 6 12 1 14 1 18 1 19 1 21 1 23 1
10 2 6 12 1 14 1 18 1 20 1 21 1 22 1
10 2 6 12 1 15 1 16 1 18 1 23 1 24 1
10 2 6 12 1 15 1 18 1 19 1 23 1 23 1
10 2 6 12 1 15 1 18 1 20 1 22 1 23 1
10 1 4 12 2 16 1 18 2 24 1
10 1 4 12 2 18 2 19 1 23 1
10 1 4 12 2 18 2 20 1 22 1
10 2 6 14 1 14 1 16 1 21 1 21 1 24 1
10 2 6 14 1 14 1 19 1 21 1 21 1 23 1
10 2 6 14 1 14 1 20 1 21 1 21 1 22 1
10 2 6 14 1 15 1 16 1 21 1 23 1 24 1
10 2 6 14 1 15 1 19 1 21 1 23 1 23 1
10 2 6 14 1 15 1 20 1 21 1 22 1 23 1
10 1 4 14 2 16 1 21 2 24 1
10 1 4 14 2 19 1 21 2 23 1
10 1 4 14 2 20 1 21 2 22 1
10 2 6 15 1 15 1 16 1 23 1 23 1 24 1
10 2 6 15 1 15 1 19 1 23 1 23 1 23 1
10 2 6 15 1 15 1 20 1 22 1 23 1 23 1
10 1 4 15 2 16 1 23 2 24 1
10 1 4 15 2 19 1 23 1 23 2
10 1 4 15 2 20 1 22 1 23 2
11 2 6 0 1 1 1 1 1 9 1 9 1 28 1
11 2 6 0 1 1 1 2 1 8 1 9 1 28 1
11 2 6 0 1 1 1 5 1 6 1 9 1 28 1
11 2 6 0 1 1 1 9 1 12 1 16 1 28 1
11 2 6 0 1 1 1 9 1 13 1 17 1 28 1
11 2 6 0 1 1 1 9 1 14 1 20 1 28 1
11 1 4 0 1 1 2 9 2 28 1
11 2 6 0 1 2 1 2 1 8 1 8 1 28 1
11 2 6 0 1 2 1 5 1 6 1 8 1 28 1
11 2 6 0 1 2 1 8 1 12 1 16 1 28 1
11 2 6 0 1 2 1 8 1 13 1 17 1 28 1
11 2 6 0 1 2 1 8 1 14 1 20 1 28 1
11 1 4 0 1 2 2 8 2 28 1
11 2 6 0 1 5 1 5 1 6 1 6 1 28 1
11 2 6 0 1 5 1 6 1 12 1 16 1 28 1
11 2 6 0 1 5 1 6 1 13 1 17 1 28 1
11 2 6 0 1 5 1 6 1 14 1 20 1 28 1
11 1 4 0 1 5 2 6 2 28 1
11 2 6 0 1 12 1 12 1 16 1 16 1 28 1
11 2 6 0 1 12 1 13 1 16 1 17 1 28 1
11 2 6 0 1 12 1 14 1 16 1 20 1 28 1
11 1 4 0 1 12 2 16 2 28 1
11 2 6 0 1 13 1 13 1 17 1 17 1 28 1
11 2 6 0 1 13 1 14 1 17 1 20 1 28 1
11 1 4 0 1 13 2 17 2 28 1
11 2 6 0 1 14 1 14 1 20 1 20 1 28 1
11 1 4 0 1 14 2 20 2 28 1
11 2 6 1 1 1 1 1 1 9 1 9 1 29 1
11 2 6 1 1 1 1 2 1 8 1 9 1 29 1
11 2 6 1 1 1 1 4 1 9 1 9 1 30 1
11 2 6 1 1 1 1 5 1 6 1 9 1 29 1
11 2 6 1 1 1 1 9 1 9 1 17 1 25 1
11 2 6 1 1 1 1 9 1 9 1 18 1 24 1
11 2 6 1 1 1 1 9 1 9 1 21 1 22 1
11 2 6 1 1 1 1 9 1 12 1 16 1 29 1
11 2 6 1 1 1 1 9 1 13 1 17 1 29 1
11 2 6 1 1 1 1 9 1 14 1 20 1 29 1
11 1 4 1 1 1 2 9 2 29 1
11 2 6 1 1 2 1 2 1 8 1 8 1 29 1
11 2 6 1 1 2 1 4 1 8 1 9 1 30 1
11 2 6 1 1 2 1 5 1 6 1 8 1 29 1
11 2 6 1 1 2 1 8 1 9 1 17 1 25 1
11 2 6 1 1 2 1 8 1 9 1 18 1 24 1
11 2 6 1 1 2 1 8 1 9 1 21 1 22 1
11 2 6 1 1 2 1 8 1 12 1 16 1 29 1
11 2 6 1 1 2 1 8 1 13 1 17 1 29 1
11 2 6 1 1 2 1 8 1 14 1 20 1 29 1
11 1 4 1 1 2 2 8 2 29 1
11 2 6 1 1 4 1 5 1 6 1 9 1 30 1
11 2 6 1 1 4 1 9 1 12 1 16 1 30 1
11 2 6 1 1 4 1 9 1 13 1 17 1 30 1
11 2 6 1 1 4 1 9 1 14 1 20 1 30 1
11 2 6 1 1 5 1 5 1 6 1 6 1 29 1
11 2 6 1 1 5 1 6 1 9 1 17 1 25 1
11 2 6 1 1 5 1 6 1 9 1 18 1 24 1
11 2 6 1 1 5 1 6 1 9 1 21 1 22 1
11 2 6 1 1 5 1 6 1 12 1 16 1 29 1
11 2 6 1 1 5 1 6 1 13 1 17 1 29 1
11 2 6 1 1 5 1 6 1 14 1 20 1 29 1
11 1 4 1 1 5 2 6 2 29 1
11 2 6 1 1 9 1 12 1 16 1 17 1 25 1
11 2 6 1 1 9 1 12 1 16 1 18 1 24 1
11 2 6 1 1 9 1 12 1 16 1 21 1 22 1
11 2 6 1 1 9 1 13 1 17 1 17 1 25 1
11 2 6 1 1 9 1 13 1 17 1 18 1 24 1
11 2 6 1 1 9 1 13 1 17 1 21 1 22 1
11 2 6 1 1 9 1 14 1 17 1 20 1 25 1
11 2 6 1 1 9 1 14 1 18 1 20 1 24 1
11 2 6 1 1 9 1 14 1 20 1 21 1 22 1
11 2 6 1 1 12 1 12 1 16 1 16 1 29 1
11 2 6 1 1 12 1 13 1 16 1 17 1 29 1
11 2 6 1 1 12 1 14 1 16 1 20 1 29 1
11 1 4 1 1 12 2 16 2 29 1
11 2 6 1 1 13 1 13 1 17 1 17 1 29 1
11 2 6 1 1 13 1 14 1 17 1 20 1 29 1
11 1 4 1 1 13 2 17 2 29 1
11 2 6 1 1 14 1 14 1 20 1 20 1 29 1
11 1 4 1 1 14 2 20 2 29 1
11 1 4 1 2 4 1 9 2 30 1
11 1 4 1 2 9 2 17 1 25 1
11 1 4 1 2 9 2 18 1 24 1
11 1 4 1 2 9 2 21 1 22 1
11 2 6 2 1 2 1 4 1 8 1 8 1 30 1
11 2 6 2 1 2 1 8 1 8 1 17 1 25 1
11 2 6 2 1 2 1 8 1 8 1 18 1 24 1
11 2 6 2 1 2 1 8 1 8 1 21 1 22 1
11 2 6 2 1 4 1 5 1 6 1 8 1 30 1
11 2 6 2 1 4 1 8 1 12 1 16 1 30 1
11 2 6 2 1 4 1 8 1 13 1 17 1 30 1
11 2 6 2 1 4 1 8 1 14 1 20 1 30 1
11 2 6 2 1 5 1 6 1 8 1 17 1 25 1
11 2 6 2 1 5 1 6 1 8 1 18 1 24 1
11 2 6 2 1 5 1 6 1 8 1 21 1 22 1
11 2 6 2 1 8 1 12 1 16 1 17 1 25 1
11 2 6 2 1 8 1 12 1 16 1 18 1 24 1
11 2 6 2 1 8 1 12 1 16 1 21 1 22 1
11 2 6 2 1 8 1 13 1 17 1 17 1 25 1
11 2 6 2 1 8 1 13 1 17 1 18 1 24 1
11 2 6 2 1 8 1 13 1 17 1 21 1 22 1
11 2 6 2 1 8 1 14 1 17 1 20 1 25 1
11 2 6 2 1 8 1 14 1 18 1 20 1 24 1
11 2 6 2 1 8 1 14 1 20 1 21 1 22 1
11 1 4 2 2 4 1 8 2 30 1
11 1 4 2 2 8 2 17 1 25 1
11 1 4 2 2 8 2 18 1 24 1
11 1 4 2 2 8 2 21 1 22 1
11 2 6 4 1 5 1 5 1 6 1 6 1 30 1
11 2 6 4 1 5 1 6 1 12 1 16 1 30 1
11 2 6 4 1 5 1 6 1 13 1 17 1 30 1
11 2 6 4 1 5 1 6 1 14 1 20 1 30 1
11 1 4 4 1 5 2 6 2 30 1
11 2 6 4 1 12 1 12 1 16 1 16 1 30 1
11 2 6 4 1 12 1 13 1 16 1 17 1 30 1
11 2 6 4 1 12 1 14 1 16 1 20 1 30 1
11 1 4 4 1 12 2 16 2 30 1
11 2 6 4 1 13 1 13 1 17 1 17 1 30 1
11 2 6 4 1 13 1 14 1 17 1 20 1 30 1
11 1 4 4 1 13 2 17 2 30 1
11 2 6 4 1 14 1 14 1 20 1 20 1 30 1
11 1 4 4 1 14 2 20 2 30 1
11 2 6 5 1 5 1 6 1 6 1 17 1 25 1
11 2 6 5 1 5 1 6 1 6 1 18 1 24 1
11 2 6 5 1 5 1 6 1 6 1 21 1 22 1
11 2 6 5 1 6 1 12 1 16 1 17 1 25 1
11 2 6 5 1 6 1 12 1 16 1 18 1 24 1
11 2 6 5 1 6 1 12 1 16 1 21 1 22 1
11 2 6 5 1 6 1 13 1 17 1 17 1 25 1
11 2 6 5 1 6 1 13 1 17 1 18 1 24 1
11 2 6 5 1 6 1 13 1 17 1 21 1 22 1
11 2 6 5 1 6 1 14 1 17 1 20 1 25 1
11 2 6 5 1 6 1 14 1 18 1 20 1 24 1
11 2 6 5 1 6 1 14 1 20 1 21 1 22 1
11 1 4 5 2 6 2 17 1 25 1
11 1 4 5 2 6 2 18 1 24 1
11 1 4 5 2 6 2 21 1 22 1
11 2 6 12 1 12 1 16 1 16 1 17 1 25 1
11 2 6 12 1 12 1 16 1 16 1 18 1 24 1
11 2 6 12 1 12 1 16 1 16 1 21 1 22 1
11 2 6 12 1 13 1 16 1 17 1 17 1 25 1
11 2 6 12 1 13 1 16 1 17 1 18 1 24 1
11 2 6 12 1 13 1 16 1 17 1 21 1 22 1
11 2 6 12 1 14 1 16 1 17 1 20 1 25 1
11 2 6 12 1 14 1 16 1 18 1 20 1 24 1
11 2 6 12 1 14 1 16 1 20 1 21 1 22 1
11 1 4 12 2 16 2 17 1 25 1
11 1 4 12 2 16 2 18 1 24 1
11 1 4 12 2 16 2 21 1 22 1
11 2 6 13 1 13 1 17 1 17 1 17 1 25 1
11 2 6 13 1 13 1 17 1 17 1 18 1 24 1
11 2 6 13 1 13 1 17 1 17 1 21 1 22 1
11 2 6 13 1 14 1 17 1 17 1 20 1 25 1
11 2 6 13 1 14 1 17 1 18 1 20 1 24 1
11 2 6 13 1 14 1 17 1 20 1 21 1 22 1
11 1 4 13 2 17 1 17 2 25 1
11 1 4 13 2 17 2 18 1 24 1
11 1 4 13 2 17 2 21 1 22 1
11 2 6 14 1 14 1 17 1 20 1 20 1 25 1
11 2 6 14 1 14 1 18 1 20 1 20 1 24 1
11 2 6 14 1 14 1 20 1 20 1 21 1 22 1
11 1 4 14 2 17 1 20 2 25 1
11 1 4 14 2 18 1 20 2 24 1
11 1 4 14 2 20 2 21 1 22 1
12 2 6 0 1 0 1 1 1 11 1 11 1 30 1
12 2 6 0 1 0 1 4 1 11 1 11 1 31 1
12 2 6 0 1 0 1 11 1 11 1 16 1 27 1
12 2 6 0 1 0 1 11 1 11 1 18 1 26 1
12 2 6 0 1 0 1 11 1 11 1 20 1 25 1
12 2 6 0 1 0 1 11 1 11 1 22 1 23 1
12 2 6 0 1 1 1 2 1 10 1 11 1 30 1
12 2 6 0 1 1 1 4 1 9 1 11 1 30 1
12 2 6 0 1 1 1 6 1 7 1 11 1 30 1
12 2 6 0 1 1 1 11 1 14 1 17 1 30 1
12 2 6 0 1 1 1 11 1 15 1 20 1 30 1
12 2 6 0 1 2 1 4 1 10 1 11 1 31 1
12 2 6 0 1 2 1 10 1 11 1 16 1 27 1
12 2 6 0 1 2 1 10 1 11 1 18 1 26 1
12 2 6 0 1 2 1 10 1 11 1 20 1 25 1
12 2 6 0 1 2 1 10 1 11 1 22 1 23 1
12 2 6 0 1 4 1 4 1 9 1 11 1 31 1
12 2 6 0 1 4 1 6 1 7 1 11 1 31 1
12 2 6 0 1 4 1 9 1 11 1 16 1 27 1
12 2 6 0 1 4 1 9 1 11 1 18 1 26 1
12 2 6 0 1 4 1 9 1 11 1 20 1 25 1
12 2 6 0 1 4 1 9 1 11 1 22 1 23 1
12 2 6 0 1 4 1 11 1 14 1 17 1 31 1
12 2 6 0 1 4 1 11 1 15 1 20 1 31 1
12 2 6 0 1 6 1 7 1 11 1 16 1 27 1
12 2 6 0 1 6 1 7 1 11 1 18 1 26 1
12 2 6 0 1 6 1 7 1 11 1 20 1 25 1
12 2 6 0 1 6 1 7 1 11 1 22 1 23 1
12 2 6 0 1 11 1 14 1 16 1 17 1 27 1
12 2 6 0 1 11 1 14 1 17 1 18 1 26 1
12 2 6 0 1 11 1 14 1 17 1 20 1 25 1
12 2 6 0 1 11 1 14 1 17 1 22 1 23 1
12 2 6 0 1 11 1 15 1 16 1 20 1 27 1
12 2 6 0 1 11 1 15 1 18 1 20 1 26 1
12 2 6 0 1 11 1 15 1 20 1 20 1 25 1
12 2 6 0 1 11 1 15 1 20 1 22 1 23 1
12 1 4 0 2 1 1 11 2 30 1
12 1 4 0 2 4 1 11 2 31 1
12 1 4 0 2 11 2 16 1 27 1
12 1 4 0 2 11 2 18 1 26 1
12 1 4 0 2 11 2 20 1 25 1
12 1 4 0 2 11 2 22 1 23 1
12 2 6 1 1 2 1 2 1 10 1 10 1 30 1
12 2 6 1 1 2 1 4 1 9 1 10 1 30 1
12 2 6 1 1 2 1 6 1 7 1 10 1 30 1
12 2 6 1 1 2 1 10 1 14 1 17 1 30 1
12 2 6 1 1 2 1 10 1 15 1 20 1 30 1
12 1 4 1 1 2 2 10 2 30 1
12 2 6 1 1 4 1 4 1 9 1 9 1 30 1
12 2 6 1 1 4 1 6 1 7 1 9 1 30 1
12 2 6 1 1 4 1 9 1 14 1 17 1 30 1
12 2 6 1 1 4 1 9 1 15 1 20 1 30 1
12 1 4 1 1 4 2 9 2 30 1
12 2 6 1 1 6 1 6 1 7 1 7 1 30 1
12 2 6 1 1 6 1 7 1 14 1 17 1 30 1
12 2 6 1 1 6 1 7 1 15 1 20 1 30 1
12 1 4 1 1 6 2 7 2 30 1
12 2 6 1 1 14 1 14 1 17 1 17 1 30 1
12 2 6 1 1 14 1 15 1 17 1 20 1 30 1
12 1 4 1 1 14 2 17 2 30 1
12 2 6 1 1 15 1 15 1 20 1 20 1 30 1
12 1 4 1 1 15 2 20 2 30 1
12 2 6 2 1 2 1 4 1 10 1 10 1 31 1
12 2 6 2 1 2 1 10 1 10 1 16 1 27 1
12 2 6 2 1 2 1 10 1 10 1 18 1 26 1
12 2 6 2 1 2 1 10 1 10 1 20 1 25 1
12 2 6 2 1 2 1 10 1 10 1 22 1 23 1
12 2 6 2 1 4 1 4 1 9 1 10 1 31 1
12 2 6 2 1 4 1 6 1 7 1 10 1 31 1
12 2 6 2 1 4 1 9 1 10 1 16 1 27 1
12 2 6 2 1 4 1 9 1 10 1 18 1 26 1
12 2 6 2 1 4 1 9 1 10 1 20 1 25 1
12 2 6 2 1 4 1 9 1 10 1 22 1 23 1
12 2 6 2 1 4 1 10 1 14 1 17 1 31 1
12 2 6 2 1 4 1 10 1 15 1 20 1 31 1
12 2 6 2 1 6 1 7 1 10 1 16 1 27 1
12 2 6 2 1 6 1 7 1 10 1 18 1 26 1
12 2 6 2 1 6 1 7 1 10 1 20 1 25 1
12 2 6 2 1 6 1 7 1 10 1 22 1 23 1
12 2 6 2 1 10 1 14 1 16 1 17 1 27 1
12 2 6 2 1 10 1 14 1 17 1 18 1 26 1
12 2 6 2 1 10 1 14 1 17 1 20 1 25 1
12 2 6 2 1 10 1 14 1 17 1 22 1 23 1
12 2 6 2 1 10 1 15 1 16 1 20 1 27 1
12 2 6 2 1 10 1 15 1 18 1 20 1 26 1
12 2 6 2 1 10 1 15 1 20 1 20 1 25 1
12 2 6 2 1 10 1 15 1 20 1 22 1 23 1
12 1 4 2 2 4 1 10 2 31 1
12 1 4 2 2 10 2 16 1 27 1
12 1 4 2 2 10 2 18 1 26 1
12 1 4 2 2 10 2 20 1 25 1
12 1 4 2 2 10 2 22 1 23 1
12 2 6 4 1 4 1 4 1 9 1 9 1 31 1
12 2 6 4 1 4 1 6 1 7 1 9 1 31 1
12 2 6 4 1 4 1 9 1 9 1 16 1 27 1
12 2 6 4 1 4 1 9 1 9 1 18 1 26 1
12 2 6 4 1 4 1 9 1 9 1 20 1 25 1
12 2 6 4 1 4 1 9 1 9 1 22 1 23 1
12 2 6 4 1 4 1 9 1 14 1 17 1 31 1
12 2 6 4 1 4 1 9 1 15 1 20 1 31 1
12 1 4 4 1 4 2 9 2 31 1
12 2 6 4 1 6 1 6 1 7 1 7 1 31 1
12 2 6 4 1 6 1 7 1 9 1 16 1 27 1
12 2 6 4 1 6 1 7 1 9 1 18 1 26 1
12 2 6 4 1 6 1 7 1 9 1 20 1 25 1
12 2 6 4 1 6 1 7 1 9 1 22 1 23 1
12 2 6 4 1 6 1 7 1 14 1 17 1 31 1
12 2 6 4 1 6 1 7 1 15 1 20 1 31 1
12 1 4 4 1 6 2 7 2 31 1
12 2 6 4 1 9 1 14 1 16 1 17 1 27 1
12 2 6 4 1 9 1 14 1 17 1 18 1 26 1
12 2 6 4 1 9 1 14 1 17 1 20 1 25 1
12 2 6 4 1 9 1 14 1 17 1 22 1 23 1
12 2 6 4 1 9 1 15 1 16 1 20 1 27 1
12 2 6 4 1 9 1 15 1 18 1 20 1 26 1
12 2 6 4 1 9 1 15 1 20 1 20 1 25 1
12 2 6 4 1 9 1 15 1 20 1 22 1 23 1
12 2 6 4 1 14 1 14 1 17 1 17 1 31 1
12 2 6 4 1 14 1 15 1 17 1 20 1 31 1
12 1 4 4 1 14 2 17 2 31 1
12 2 6 4 1 15 1 15 1 20 1 20 1 31 1
12 1 4 4 1 15 2 20 2 31 1
12 1 4 4 2 9 2 16 1 27 1
12 1 4 4 2 9 2 18 1 26 1
12 1 4 4 2 9 2 20 1 25 1
12 1 4 4 2 9 2 22 1 23 1
12 2 6 6 1 6 1 7 1 7 1 16 1 27 1
12 2 6 6 1 6 1 7 1 7 1 18 1 26 1
12 2 6 6 1 6 1 7 1 7 1 20 1 25 1
12 2 6 6 1 6 1 7 1 7 1 22 1 23 1
12 2 6 6 1 7 1 14 1 16 1 17 1 27 1
12 2 6 6 1 7 1 14 1 17 1 18 1 26 1
12 2 6 6 1 7 1 14 1 17 1 20 1 25 1
12 2 6 6 1 7 1 14 1 17 1 22 1 23 1
12 2 6 6 1 7 1 15 1 16 1 20 1 27 1
12 2 6 6 1 7 1 15 1 18 1 20 1 26 1
12 2 6 6 1 7 1 15 1 20 1 20 1 25 1
12 2 6 6 1 7 1 15 1 20 1 22 1 23 1
12 1 4 6 2 7 2 16 1 27 1
12 1 4 6 2 7 2 18 1 26 1
12 1 4 6 2 7 2 20 1 25 1
12 1 4 6 2 7 2 22 1 23 1
12 2 6 14 1 14 1 16 1 17 1 17 1 27 1
12 2 6 14 1 14 1 17 1 17 1 18 1 26 1
12 2 6 14 1 14 1 17 1 17 1 20 1 25 1
12 2 6 14 1 14 1 17 1 17 1 22 1 23 1
12 2 6 14 1 15 1 16 1 17 1 20 1 27 1
12 2 6 14 1 15 1 17 1 18 1 20 1 26 1
12 2 6 14 1 15 1 17 1 20 1 20 1 25 1
12 2 6 14 1 15 1 17 1 20 1 22 1 23 1
12 1 4 14 2 16 1 17 2 27 1
12 1 4 14 2 17 2 18 1 26 1
12 1 4 14 2 17 2 20 1 25 1
12 1 4 14 2 17 2 22 1 23 1
12 2 6 15 1 15 1 16 1 20 1 20 1 27 1
12 2 6 15 1 15 1 18 1 20 1 20 1 26 1
12 2 6 15 1 15 1 20 1 20 1 20 1 25 1
12 2 6 15 1 15 1 20 1 20 1 22 1 23 1
12 1 4 15 2 16 1 20 2 27 1
12 1 4 15 2 18 1 20 2 26 1
12 1 4 15 2 20 1 20 2 25 1
12 1 4 15 2 20 2 22 1 23 1
13 16 6 0 1 1 1 1 1 11 1 11 1 30 1
13 8 6 0 1 1 1 1 2 9 1 11 1 30 1
13 8 6 0 1 1 1 3 1 5 2 11 1 30 1
13 16 6 0 1 1 1 5 1 8 1 11 1 30 1
13 8 6 0 1 1 1 8 2 11 1 19 1 30 1
13 8 6 0 1 1 1 11 1 11 2 25 1 30 1
13 16 6 0 1 1 1 11 1 14 1 16 1 30 1
13 8 6 0 1 1 1 11 1 14 2 30 1 31 1
13 8 6 0 1 1 1 11 1 15 1 16 2 30 1
13 4 6 0 1 1 2 1 2 9 1 9 1 30 1
13 4 6 0 1 1 2 3 1 5 2 9 1 30 1
13 8 6 0 1 1 2 5 1 8 1 9 1 30 1
13 4 6 0 1 1 2 8 2 9 1 19 1 30 1
13 4 6 0 1 1 2 9 1 11 2 25 1 30 1
13 8 6 0 1 1 2 9 1 14 1 16 1 30 1
13 4 6 0 1 1 2 9 1 14 2 30 1 31 1
13 4 6 0 1 1 2 9 1 15 1 16 2 30 1
13 8 4 0 1 1 2 11 2 30 1
13 2 4 0 1 1 4 9 2 30 1
13 4 6 0 1 3 1 3 1 5 2 5 2 30 1
13 8 6 0 1 3 1 5 1 5 2 8 1 30 1
13 4 6 0 1 3 1 5 2 8 2 19 1 30 1
13 4 6 0 1 3 1 5 2 11 2 25 1 30 1
13 8 6 0 1 3 1 5 2 14 1 16 1 30 1
13 4 6 0 1 3 1 5 2 14 2 30 1 31 1
13 4 6 0 1 3 1 5 2 15 1 16 2 30 1
13 2 4 0 1 3 2 5 4 30 1
13 16 6 0 1 5 1 5 1 8 1 8 1 30 1
13 8 6 0 1 5 1 8 1 8 2 19 1 30 1
13 8 6 0 1 5 1 8 1 11 2 25 1 30 1
13 16 6 0 1 5 1 8 1 14 1 16 1 30 1
13 8 6 0 1 5 1 8 1 14 2 30 1 31 1
13 8 6 0 1 5 1 8 1 15 1 16 2 30 1
13 8 4 0 1 5 2 8 2 30 1
13 4 6 0 1 8 2 8 2 19 1 19 1 30 1
13 4 6 0 1 8 2 11 2 19 1 25 1 30 1
13 8 6 0 1 8 2 14 1 16 1 19 1 30 1
13 4 6 0 1 8 2 14 2 19 1 30 1 31 1
13 4 6 0 1 8 2 15 1 16 2 19 1 30 1
13 2 4 0 1 8 4 19 2 30 1
13 4 6 0 1 11 2 11 2 25 1 25 1 30 1
13 8 6 0 1 11 2 14 1 16 1 25 1 30 1
13 4 6 0 1 11 2 14 2 25 1 30 1 31 1
13 4 6 0 1 11 2 15 1 16 2 25 1 30 1
13 2 4 0 1 11 4 25 2 30 1
13 16 6 0 1 14 1 14 1 16 1 16 1 30 1
13 8 6 0 1 14 1 14 2 16 1 30 1 31 1
13 8 6 0 1 14 1 15 1 16 1 16 2 30 1
13 4 6 0 1 14 2 14 2 30 1 31 1 31 1
13 4 6 0 1 14 2 15 1 16 2 30 1 31 1
13 8 4 0 1 14 2 16 2 30 1
13 2 4 0 1 14 4 30 1 31 2
13 4 6 0 1 15 1 15 1 16 2 16 2 30 1
13 2 4 0 1 15 2 16 4 30 1
13 8 6 0 2 1 1 1 1 11 1 11 1 31 1
13 4 6 0 2 1 1 1 2 9 1 11 1 31 1
13 4 6 0 2 1 1 3 1 5 2 11 1 31 1
13 8 6 0 2 1 1 5 1 8 1 11 1 31 1
13 4 6 0 2 1 1 8 2 11 1 19 1 31 1
13 4 6 0 2 1 1 11 1 11 2 25 1 31 1
13 8 6 0 2 1 1 11 1 14 1 16 1 31 1
13 4 6 0 2 1 1 11 1 14 2 31 1 31 1
13 4 6 0 2 1 1 11 1 15 1 16 2 31 1
13 2 6 0 2 1 2 1 2 9 1 9 1 31 1
13 2 6 0 2 1 2 3 1 5 2 9 1 31 1
13 4 6 0 2 1 2 5 1 8 1 9 1 31 1
13 2 6 0 2 1 2 8 2 9 1 19 1 31 1
13 2 6 0 2 1 2 9 1 11 2 25 1 31 1
13 4 6 0 2 1 2 9 1 14 1 16 1 31 1
13 2 6 0 2 1 2 9 1 14 2 31 1 31 1
13 2 6 0 2 1 2 9 1 15 1 16 2 31 1
13 4 4 0 2 1 2 11 2 31 1
13 1 4 0 2 1 4 9 2 31 1
13 2 6 0 2 3 1 3 1 5 2 5 2 31 1
13 4 6 0 2 3 1 5 1 5 2 8 1 31 1
13 2 6 0 2 3 1 5 2 8 2 19 1 31 1
13 2 6 0 2 3 1 5 2 11 2 25 1 31 1
13 4 6 0 2 3 1 5 2 14 1 16 1 31 1
13 2 6 0 2 3 1 5 2 14 2 31 1 31 1
13 2 6 0 2 3 1 5 2 15 1 16 2 31 1
13 1 4 0 2 3 2 5 4 31 1
13 8 6 0 2 5 1 5 1 8 1 8 1 31 1
13 4 6 0 2 5 1 8 1 8 2 19 1 31 1
13 4 6 0 2 5 1 8 1 11 2 25 1 31 1
13 8 6 0 2 5 1 8 1 14 1 16 1 31 1
13 4 6 0 2 5 1 8 1 14 2 31 1 31 1
13 4 6 0 2 5 1 8 1 15 1 16 2 31 1
13 4 4 0 2 5 2 8 2 31 1
13 2 6 0 2 8 2 8 2 19 1 19 1 31 1
13 2 6 0 2 8 2 11 2 19 1 25 1 31 1
13 4 6 0 2 8 2 14 1 16 1 19 1 31 1
13 2 6 0 2 8 2 14 2 19 1 31 1 31 1
13 2 6 0 2 8 2 15 1 16 2 19 1 31 1
13 1 4 0 2 8 4 19 2 31 1
13 2 6 0 2 11 2 11 2 25 1 25 1 31 1
13 4 6 0 2 11 2 14 1 16 1 25 1 31 1
13 2 6 0 2 11 2 14 2 25 1 31 1 31 1
13 2 6 0 2 11 2 15 1 16 2 25 1 31 1
13 1 4 0 2 11 4 25 2 31 1
13 8 6 0 2 14 1 14 1 16 1 16 1 31 1
13 4 6 0 2 14 1 14 2 16 1 31 1 31 1
13 4 6 0 2 14 1 15 1 16 1 16 2 31 1
13 2 6 0 2 14 2 14 2 31 1 31 1 31 1
13 2 6 0 2 14 2 15 1 16 2 31 1 31 1
13 4 4 0 2 14 2 16 2 31 1
13 1 4 0 2 14 4 31 1 31 2
13 2 6 0 2 15 1 15 1 16 2 16 2 31 1
13 1 4 0 2 15 2 16 4 31 1
13 8 6 1 1 1 1 3 1 11 1 11 1 24 2
13 8 6 1 1 1 1 9 1 11 1 11 1 27 2
13 8 6 1 1 1 1 11 1 11 1 15 1 30 2
13 16 6 1 1 1 1 11 1 11 1 17 1 27 1
13 8 6 1 1 1 1 11 1 11 1 17 2 25 1
13 8 6 1 1 1 1 11 1 11 1 19 1 21 2
13 16 6 1 1 1 1 11 1 11 1 21 1 24 1
13 4 6 1 1 1 2 3 1 9 1 11 1 24 2
13 4 6 1 1 1 2 9 1 9 1 11 1 27 2
13 4 6 1 1 1 2 9 1 11 1 15 1 30 2
13 8 6 1 1 1 2 9 1 11 1 17 1 27 1
13 4 6 1 1 1 2 9 1 11 1 17 2 25 1
13 4 6 1 1 1 2 9 1 11 1 19 1 21 2
13 8 6 1 1 1 2 9 1 11 1 21 1 24 1
13 4 6 1 1 3 1 3 1 5 2 11 1 24 2
13 8 6 1 1 3 1 5 1 8 1 11 1 24 2
13 4 6 1 1 3 1 5 2 9 1 11 1 27 2
13 4 6 1 1 3 1 5 2 11 1 15 1 30 2
13 8 6 1 1 3 1 5 2 11 1 17 1 27 1
13 4 6 1 1 3 1 5 2 11 1 17 2 25 1
13 4 6 1 1 3 1 5 2 11 1 19 1 21 2
13 8 6 1 1 3 1 5 2 11 1 21 1 24 1
13 4 6 1 1 3 1 8 2 11 1 19 1 24 2
13 4 6 1 1 3 1 11 1 11 2 24 2 25 1
13 8 6 1 1 3 1 11 1 14 1 16 1 24 2
13 4 6 1 1 3 1 11 1 14 2 24 2 31 1
13 4 6 1 1 3 1 11 1 15 1 16 2 24 2
13 8 6 1 1 5 1 8 1 9 1 11 1 27 2
13 8 6 1 1 5 1 8 1 11 1 15 1 30 2
13 16 6 1 1 5 1 8 1 11 1 17 1 27 1
13 8 6 1 1 5 1 8 1 11 1 17 2 25 1
13 8 6 1 1 5 1 8 1 11 1 19 1 21 2
13 16 6 1 1 5 1 8 1 11 1 21 1 24 1
13 4 6 1 1 8 2 9 1 11 1 19 1 27 2
13 4 6 1 1 8 2 11 1 15 1 19 1 30 2
13 8 6 1 1 8 2 11 1 17 1 19 1 27 1
13 4 6 1 1 8 2 11 1 17 2 19 1 25 1
13 4 6 1 1 8 2 11 1 19 1 19 1 21 2
13 8 6 1 1 8 2 11 1 19 1 21 1 24 1
13 4 6 1 1 9 1 11 1 11 2 25 1 27 2
13 8 6 1 1 9 1 11 1 14 1 16 1 27 2
13 4 6 1 1 9 1 11 1 14 2 27 2 31 1
13 4 6 1 1 9 1 11 1 15 1 16 2 27 2
13 4 6 1 1 11 1 11 2 15 1 25 1 30 2
13 8 6 1 1 11 1 11 2 17 1 25 1 27 1
13 4 6 1 1 11 1 11 2 17 2 25 1 25 1
13 4 6 1 1 11 1 11 2 19 1 21 2 25 1
13 8 6 1 1 11 1 11 2 21 1 24 1 25 1
13 8 6 1 1 11 1 14 1 15 1 16 1 30 2
13 16 6 1 1 11 1 14 1 16 1 17 1 27 1
13 8 6 1 1 11 1 14 1 16 1 17 2 25 1
13 8 6 1 1 11 1 14 1 16 1 19 1 21 2
13 16 6 1 1 11 1 14 1 16 1 21 1 24 1
13 4 6 1 1 11 1 14 2 15 1 30 2 31 1
13 8 6 1 1 11 1 14 2 17 1 27 1 31 1
13 4 6 1 1 11 1 14 2 17 2 25 1 31 1
13 4 6 1 1 11 1 14 2 19 1 21 2 31 1
13 8 6 1 1 11 1 14 2 21 1 24 1 31 1
13 4 6 1 1 11 1 15 1 15 1 16 2 30 2
13 8 6 1 1 11 1 15 1 16 2 17 1 27 1
13 4 6 1 1 11 1 15 1 16 2 17 2 25 1
13 4 6 1 1 11 1 15 1 16 2 19 1 21 2
13 8 6 1 1 11 1 15 1 16 2 21 1 24 1
13 2 6 1 2 1 2 3 1 9 1 9 1 24 2
13 2 6 1 2 1 2 9 1 9 1 9 1 27 2
13 2 6 1 2 1 2 9 1 9 1 15 1 30 2
13 4 6 1 2 1 2 9 1 9 1 17 1 27 1
13 2 6 1 2 1 2 9 1 9 1 17 2 25 1
13 2 6 1 2 1 2 9 1 9 1 19 1 21 2
13 4 6 1 2 1 2 9 1 9 1 21 1 24 1
13 2 6 1 2 3 1 3 1 5 2 9 1 24 2
13 4 6 1 2 3 1 5 1 8 1 9 1 24 2
13 2 6 1 2 3 1 5 2 9 1 9 1 27 2
13 2 6 1 2 3 1 5 2 9 1 15 1 30 2
13 4 6 1 2 3 1 5 2 9 1 17 1 27 1
13 2 6 1 2 3 1 5 2 9 1 17 2 25 1
13 2 6 1 2 3 1 5 2 9 1 19 1 21 2
13 4 6 1 2 3 1 5 2 9 1 21 1 24 1
13 2 6 1 2 3 1 8 2 9 1 19 1 24 2
13 2 6 1 2 3 1 9 1 11 2 24 2 25 1
13 4 6 1 2 3 1 9 1 14 1 16 1 24 2
13 2 6 1 2 3 1 9 1 14 2 24 2 31 1
13 2 6 1 2 3 1 9 1 15 1 16 2 24 2
13 4 4 1 2 3 1 11 2 24 2
13 4 6 1 2 5 1 8 1 9 1 9 1 27 2
13 4 6 1 2 5 1 8 1 9 1 15 1 30 2
13 8 6 1 2 5 1 8 1 9 1 17 1 27 1
13 4 6 1 2 5 1 8 1 9 1 17 2 25 1
13 4 6 1 2 5 1 8 1 9 1 19 1 21 2
13 8 6 1 2 5 1 8 1 9 1 21 1 24 1
13 2 6 1 2 8 2 9 1 9 1 19 1 27 2
13 2 6 1 2 8 2 9 1 15 1 19 1 30 2
13 4 6 1 2 8 2 9 1 17 1 19 1 27 1
13 2 6 1 2 8 2 9 1 17 2 19 1 25 1
13 2 6 1 2 8 2 9 1 19 1 19 1 21 2
13 4 6 1 2 8 2 9 1 19 1 21 1 24 1
13 2 6 1 2 9 1 9 1 11 2 25 1 27 2
13 4 6 1 2 9 1 9 1 14 1 16 1 27 2
13 2 6 1 2 9 1 9 1 14 2 27 2 31 1
13 2 6 1 2 9 1 9 1 15 1 16 2 27 2
13 2 6 1 2 9 1 11 2 15 1 25 1 30 2
13 4 6 1 2 9 1 11 2 17 1 25 1 27 1
13 2 6 1 2 9 1 11 2 17 2 25 1 25 1
13 2 6 1 2 9 1 11 2 19 1 21 2 25 1
13 4 6 1 2 9 1 11 2 21 1 24 1 25 1
13 4 4 1 2 9 1 11 2 27 2
13 4 6 1 2 9 1 14 1 15 1 16 1 30 2
13 8 6 1 2 9 1 14 1 16 1 17 1 27 1
13 4 6 1 2 9 1 14 1 16 1 17 2 25 1
13 4 6 1 2 9 1 14 1 16 1 19 1 21 2
13 8 6 1 2 9 1 14 1 16 1 21 1 24 1
13 2 6 1 2 9 1 14 2 15 1 30 2 31 1
13 4 6 1 2 9 1 14 2 17 1 27 1 31 1
13 2 6 1 2 9 1 14 2 17 2 25 1 31 1
13 2 6 1 2 9 1 14 2 19 1 21 2 31 1
13 4 6 1 2 9 1 14 2 21 1 24 1 31 1
13 2 6 1 2 9 1 15 1 15 1 16 2 30 2
13 4 6 1 2 9 1 15 1 16 2 17 1 27 1
13 2 6 1 2 9 1 15 1 16 2 17 2 25 1
13 2 6 1 2 9 1 15 1 16 2 19 1 21 2
13 4 6 1 2 9 1 15 1 16 2 21 1 24 1
13 4 4 1 2 11 2 15 1 30 2
13 8 4 1 2 11 2 17 1 27 1
13 4 4 1 2 11 2 17 2 25 1
13 4 4 1 2 11 2 19 1 21 2
13 8 4 1 2 11 2 21 1 24 1
13 1 4 1 4 3 1 9 2 24 2
13 1 4 1 4 9 1 9 2 27 2
13 1 4 1 4 9 2 15 1 30 2
13 2 4 1 4 9 2 17 1 27 1
13 1 4 1 4 9 2 17 2 25 1
13 1 4 1 4 9 2 19 1 21 2
13 2 4 1 4 9 2 21 1 24 1
13 2 6 3 1 3 1 3 1 5 2 5 2 24 2
13 4 6 3 1 3 1 5 1 5 2 8 1 24 2
13 2 6 3 1 3 1 5 2 5 2 9 1 27 2
13 2 6 3 1 3 1 5 2 5 2 15 1 30 2
13 4 6 3 1 3 1 5 2 5 2 17 1 27 1
13 2 6 3 1 3 1 5 2 5 2 17 2 25 1
13 2 6 3 1 3 1 5 2 5 2 19 1 21 2
13 4 6 3 1 3 1 5 2 5 2 21 1 24 1
13 2 6 3 1 3 1 5 2 8 2 19 1 24 2
13 2 6 3 1 3 1 5 2 11 2 24 2 25 1
13 4 6 3 1 3 1 5 2 14 1 16 1 24 2
13 2 6 3 1 3 1 5 2 14 2 24 2 31 1
13 2 6 3 1 3 1 5 2 15 1 16 2 24 2
13 1 4 3 1 3 2 5 4 24 2
13 8 6 3 1 5 1 5 1 8 1 8 1 24 2
13 4 6 3 1 5 1 5 2 8 1 9 1 27 2
13 4 6 3 1 5 1 5 2 8 1 15 1 30 2
13 8 6 3 1 5 1 5 2 8 1 17 1 27 1
13 4 6 3 1 5 1 5 2 8 1 17 2 25 1
13 4 6 3 1 5 1 5 2 8 1 19 1 21 2
13 8 6 3 1 5 1 5 2 8 1 21 1 24 1
13 4 6 3 1 5 1 8 1 8 2 19 1 24 2
13 4 6 3 1 5 1 8 1 11 2 24 2 25 1
13 8 6 3 1 5 1 8 1 14 1 16 1 24 2
13 4 6 3 1 5 1 8 1 14 2 24 2 31 1
13 4 6 3 1 5 1 8 1 15 1 16 2 24 2
13 2 6 3 1 5 2 8 2 9 1 19 1 27 2
13 2 6 3 1 5 2 8 2 15 1 19 1 30 2
13 4 6 3 1 5 2 8 2 17 1 19 1 27 1
13 2 6 3 1 5 2 8 2 17 2 19 1 25 1
13 2 6 3 1 5 2 8 2 19 1 19 1 21 2
13 4 6 3 1 5 2 8 2 19 1 21 1 24 1
13 4 4 3 1 5 2 8 2 24 2
13 2 6 3 1 5 2 9 1 11 2 25 1 27 2
13 4 6 3 1 5 2 9 1 14 1 16 1 27 2
13 2 6 3 1 5 2 9 1 14 2 27 2 31 1
13 2 6 3 1 5 2 9 1 15 1 16 2 27 2
13 2 6 3 1 5 2 11 2 15 1 25 1 30 2
13 4 6 3 1 5 2 11 2 17 1 25 1 27 1
13 2 6 3 1 5 2 11 2 17 2 25 1 25 1
13 2 6 3 1 5 2 11 2 19 1 21 2 25 1
13 4 6 3 1 5 2 11 2 21 1 24 1 25 1
13 4 6 3 1 5 2 14 1 15 1 16 1 30 2
13 8 6 3 1 5 2 14 1 16 1 17 1 27 1
13 4 6 3 1 5 2 14 1 16 1 17 2 25 1
13 4 6 3 1 5 2 14 1 16 1 19 1 21 2
13 8 6 3 1 5 2 14 1 16 1 21 1 24 1
13 2 6 3 1 5 2 14 2 15 1 30 2 31 1
13 4 6 3 1 5 2 14 2 17 1 27 1 31 1
13 2 6 3 1 5 2 14 2 17 2 25 1 31 1
13 2 6 3 1 5 2 14 2 19 1 21 2 31 1
13 4 6 3 1 5 2 14 2 21 1 24 1 31 1
13 2 6 3 1 5 2 15 1 15 1 16 2 30 2
13 4 6 3 1 5 2 15 1 16 2 17 1 27 1
13 2 6 3 1 5 2 15 1 16 2 17 2 25 1
13 2 6 3 1 5 2 15 1 16 2 19 1 21 2
13 4 6 3 1 5 2 15 1 16 2 21 1 24 1
13 2 6 3 1 8 2 8 2 19 1 19 1 24 2
13 2 6 3 1 8 2 11 2 19 1 24 2 25 1
13 4 6 3 1 8 2 14 1 16 1 19 1 24 2
13 2 6 3 1 8 2 14 2 19 1 24 2 31 1
13 2 6 3 1 8 2 15 1 16 2 19 1 24 2
13 1 4 3 1 8 4 19 2 24 2
13 2 6 3 1 11 2 11 2 24 2 25 1 25 1
13 4 6 3 1 11 2 14 1 16 1 24 2 25 1
13 2 6 3 1 11 2 14 2 24 2 25 1 31 1
13 2 6 3 1 11 2 15 1 16 2 24 2 25 1
13 1 4 3 1 11 4 24 2 25 2
13 8 6 3 1 14 1 14 1 16 1 16 1 24 2
13 4 6 3 1 14 1 14 2 16 1 24 2 31 1
13 4 6 3 1 14 1 15 1 16 1 16 2 24 2
13 2 6 3 1 14 2 14 2 24 2 31 1 31 1
13 2 6 3 1 14 2 15 1 16 2 24 2 31 1
13 4 4 3 1 14 2 16 2 24 2
13 1 4 3 1 14 4 24 2 31 2
13 2 6 3 1 15 1 15 1 16 2 16 2 24 2
13 1 4 3 1 15 2 16 4 24 2
13 1 4 3 2 5 4 9 1 27 2
13 1 4 3 2 5 4 15 1 30 2
13 2 4 3 2 5 4 17 1 27 1
13 1 4 3 2 5 4 17 2 25 1
13 1 4 3 2 5 4 19 1 21 2
13 2 4 3 2 5 4 21 1 24 1
13 8 6 5 1 5 1 8 1 8 1 9 1 27 2
13 8 6 5 1 5 1 8 1 8 1 15 1 30 2
13 16 6 5 1 5 1 8 1 8 1 17 1 27 1
13 8 6 5 1 5 1 8 1 8 1 17 2 25 1
13 8 6 5 1 5 1 8 1 8 1 19 1 21 2
13 16 6 5 1 5 1 8 1 8 1 21 1 24 1
13 4 6 5 1 8 1 8 2 9 1 19 1 27 2
13 4 6 5 1 8 1 8 2 15 1 19 1 30 2
13 8 6 5 1 8 1 8 2 17 1 19 1 27 1
13 4 6 5 1 8 1 8 2 17 2 19 1 25 1
13 4 6 5 1 8 1 8 2 19 1 19 1 21 2
13 8 6 5 1 8 1 8 2 19 1 21 1 24 1
13 4 6 5 1 8 1 9 1 11 2 25 1 27 2
13 8 6 5 1 8 1 9 1 14 1 16 1 27 2
13 4 6 5 1 8 1 9 1 14 2 27 2 31 1
13 4 6 5 1 8 1 9 1 15 1 16 2 27 2
13 4 6 5 1 8 1 11 2 15 1 25 1 30 2
13 8 6 5 1 8 1 11 2 17 1 25 1 27 1
13 4 6 5 1 8 1 11 2 17 2 25 1 25 1
13 4 6 5 1 8 1 11 2 19 1 21 2 25 1
13 8 6 5 1 8 1 11 2 21 1 24 1 25 1
13 8 6 5 1 8 1 14 1 15 1 16 1 30 2
13 16 6 5 1 8 1 14 1 16 1 17 1 27 1
13 8 6 5 1 8 1 14 1 16 1 17 2 25 1
13 8 6 5 1 8 1 14 1 16 1 19 1 21 2
13 16 6 5 1 8 1 14 1 16 1 21 1 24 1
13 4 6 5 1 8 1 14 2 15 1 30 2 31 1
13 8 6 5 1 8 1 14 2 17 1 27 1 31 1
13 4 6 5 1 8 1 14 2 17 2 25 1 31 1
13 4 6 5 1 8 1 14 2 19 1 21 2 31 1
13 8 6 5 1 8 1 14 2 21 1 24 1 31 1
13 4 6 5 1 8 1 15 1 15 1 16 2 30 2
13 8 6 5 1 8 1 15 1 16 2 17 1 27 1
13 4 6 5 1 8 1 15 1 16 2 17 2 25 1
13 4 6 5 1 8 1 15 1 16 2 19 1 21 2
13 8 6 5 1 8 1 15 1 16 2 21 1 24 1
13 4 4 5 2 8 2 9 1 27 2
13 4 4 5 2 8 2 15 1 30 2
13 8 4 5 2 8 2 17 1 27 1
13 4 4 5 2 8 2 17 2 25 1
13 4 4 5 2 8 2 19 1 21 2
13 8 4 5 2 8 2 21 1 24 1
13 2 6 8 2 8 2 9 1 19 1 19 1 27 2
13 2 6 8 2 8 2 15 1 19 1 19 1 30 2
13 4 6 8 2 8 2 17 1 19 1 19 1 27 1
13 2 6 8 2 8 2 17 2 19 1 19 1 25 1
13 2 6 8 2 8 2 19 1 19 1 19 1 21 2
13 4 6 8 2 8 2 19 1 19 1 21 1 24 1
13 2 6 8 2 9 1 11 2 19 1 25 1 27 2
13 4 6 8 2 9 1 14 1 16 1 19 1 27 2
13 2 6 8 2 9 1 14 2 19 1 27 2 31 1
13 2 6 8 2 9 1 15 1 16 2 19 1 27 2
13 2 6 8 2 11 2 15 1 19 1 25 1 30 2
13 4 6 8 2 11 2 17 1 19 1 25 1 27 1
13 2 6 8 2 11 2 17 2 19 1 25 1 25 1
13 2 6 8 2 11 2 19 1 19 1 21 2 25 1
13 4 6 8 2 11 2 19 1 21 1 24 1 25 1
13 4 6 8 2 14 1 15 1 16 1 19 1 30 2
13 8 6 8 2 14 1 16 1 17 1 19 1 27 1
13 4 6 8 2 14 1 16 1 17 2 19 1 25 1
13 4 6 8 2 14 1 16 1 19 1 19 1 21 2
13 8 6 8 2 14 1 16 1 19 1 21 1 24 1
13 2 6 8 2 14 2 15 1 19 1 30 2 31 1
13 4 6 8 2 14 2 17 1 19 1 27 1 31 1
13 2 6 8 2 14 2 17 2 19 1 25 1 31 1
13 2 6 8 2 14 2 19 1 19 1 21 2 31 1
13 4 6 8 2 14 2 19 1 21 1 24 1 31 1
13 2 6 8 2 15 1 15 1 16 2 19 1 30 2
13 4 6 8 2 15 1 16 2 17 1 19 1 27 1
13 2 6 8 2 15 1 16 2 17 2 19 1 25 1
13 2 6 8 2 15 1 16 2 19 1 19 1 21 2
13 4 6 8 2 15 1 16 2 19 1 21 1 24 1
13 1 4 8 4 9 1 19 2 27 2
13 1 4 8 4 15 1 19 2 30 2
13 2 4 8 4 17 1 19 2 27 1
13 1 4 8 4 17 2 19 2 25 1
13 1 4 8 4 19 1 19 2 21 2
13 2 4 8 4 19 2 21 1 24 1
13 2 6 9 1 11 2 11 2 25 1 25 1 27 2
13 4 6 9 1 11 2 14 1 16 1 25 1 27 2
13 2 6 9 1 11 2 14 2 25 1 27 2 31 1
13 2 6 9 1 11 2 15 1 16 2 25 1 27 2
13 1 4 9 1 11 4 25 2 27 2
13 8 6 9 1 14 1 14 1 16 1 16 1 27 2
13 4 6 9 1 14 1 14 2 16 1 27 2 31 1
13 4 6 9 1 14 1 15 1 16 1 16 2 27 2
13 2 6 9 1 14 2 14 2 27 2 31 1 31 1
13 2 6 9 1 14 2 15 1 16 2 27 2 31 1
13 4 4 9 1 14 2 16 2 27 2
13 1 4 9 1 14 4 27 2 31 2
13 2 6 9 1 15 1 15 1 16 2 16 2 27 2
13 1 4 9 1 15 2 16 4 27 2
13 2 6 11 2 11 2 15 1 25 1 25 1 30 2
13 4 6 11 2 11 2 17 1 25 1 25 1 27 1
13 2 6 11 2 11 2 17 2 25 1 25 1 25 1
13 2 6 11 2 11 2 19 1 21 2 25 1 25 1
13 4 6 11 2 11 2 21 1 24 1 25 1 25 1
13 4 6 11 2 14 1 15 1 16 1 25 1 30 2
13 8 6 11 2 14 1 16 1 17 1 25 1 27 1
13 4 6 11 2 14 1 16 1 17 2 25 1 25 1
13 4 6 11 2 14 1 16 1 19 1 21 2 25 1
13 8 6 11 2 14 1 16 1 21 1 24 1 25 1
13 2 6 11 2 14 2 15 1 25 1 30 2 31 1
13 4 6 11 2 14 2 17 1 25 1 27 1 31 1
13 2 6 11 2 14 2 17 2 25 1 25 1 31 1
13 2 6 11 2 14 2 19 1 21 2 25 1 31 1
13 4 6 11 2 14 2 21 1 24 1 25 1 31 1
13 2 6 11 2 15 1 15 1 16 2 25 1 30 2
13 4 6 11 2 15 1 16 2 17 1 25 1 27 1
13 2 6 11 2 15 1 16 2 17 2 25 1 25 1
13 2 6 11 2 15 1 16 2 19 1 21 2 25 1
13 4 6 11 2 15 1 16 2 21 1 24 1 25 1
13 1 4 11 4 15 1 25 2 30 2
13 2 4 11 4 17 1 25 2 27 1
13 1 4 11 4 17 2 25 1 25 2
13 1 4 11 4 19 1 21 2 25 2
13 2 4 11 4 21 1 24 1 25 2
13 8 6 14 1 14 1 15 1 16 1 16 1 30 2
13 16 6 14 1 14 1 16 1 16 1 17 1 27 1
13 8 6 14 1 14 1 16 1 16 1 17 2 25 1
13 8 6 14 1 14 1 16 1 16 1 19 1 21 2
13 16 6 14 1 14 1 16 1 16 1 21 1 24 1
13 4 6 14 1 14 2 15 1 16 1 30 2 31 1
13 8 6 14 1 14 2 16 1 17 1 27 1 31 1
13 4 6 14 1 14 2 16 1 17 2 25 1 31 1
13 4 6 14 1 14 2 16 1 19 1 21 2 31 1
13 8 6 14 1 14 2 16 1 21 1 24 1 31 1
13 4 6 14 1 15 1 15 1 16 1 16 2 30 2
13 8 6 14 1 15 1 16 1 16 2 17 1 27 1
13 4 6 14 1 15 1 16 1 16 2 17 2 25 1
13 4 6 14 1 15 1 16 1 16 2 19 1 21 2
13 8 6 14 1 15 1 16 1 16 2 21 1 24 1
13 2 6 14 2 14 2 15 1 30 2 31 1 31 1
13 4 6 14 2 14 2 17 1 27 1 31 1 31 1
13 2 6 14 2 14 2 17 2 25 1 31 1 31 1
13 2 6 14 2 14 2 19 1 21 2 31 1 31 1
13 4 6 14 2 14 2 21 1 24 1 31 1 31 1
13 2 6 14 2 15 1 15 1 16 2 30 2 31 1
13 4 6 14 2 15 1 16 2 17 1 27 1 31 1
13 2 6 14 2 15 1 16 2 17 2 25 1 31 1
13 2 6 14 2 15 1 16 2 19 1 21 2 31 1
13 4 6 14 2 15 1 16 2 21 1 24 1 31 1
13 4 4 14 2 15 1 16 2 30 2
13 8 4 14 2 16 2 17 1 27 1
13 4 4 14 2 16 2 17 2 25 1
13 4 4 14 2 16 2 19 1 21 2
13 8 4 14 2 16 2 21 1 24 1
13 1 4 14 4 15 1 30 2 31 2
13 2 4 14 4 17 1 27 1 31 2
13 1 4 14 4 17 2 25 1 31 2
13 1 4 14 4 19 1 21 2 31 2
13 2 4 14 4 21 1 24 1 31 2
13 2 6 15 1 15 1 15 1 16 2 16 2 30 2
13 4 6 15 1 15 1 16 2 16 2 17 1 27 1
13 2 6 15 1 15 1 16 2 16 2 17 2 25 1
13 2 6 15 1 15 1 16 2 16 2 19 1 21 2
13 4 6 15 1 15 1 16 2 16 2 21 1 24 1
13 1 4 15 1 15 2 16 4 30 2
13 2 4 15 2 16 4 17 1 27 1
13 1 4 15 2 16 4 17 2 25 1
13 1 4 15 2 16 4 19 1 21 2
13 2 4 15 2 16 4 21 1 24 1
14 2 6 0 1 0 1 0 1 13 1 13 1 31 1
14 2 6 0 1 0 1 1 1 12 1 13 1 31 1
14 2 6 0 1 0 1 4 1 11 1 13 1 31 1
14 2 6 0 1 0 1 5 1 10 1 13 1 31 1
14 2 6 0 1 0 1 7 1 8 1 13 1 31 1
14 2 6 0 1 0 1 13 1 13 1 16 1 29 1
14 2 6 0 1 0 1 13 1 13 1 17 1 28 1
14 2 6 0 1 0 1 13 1 13 1 20 1 27 1
14 2 6 0 1 0 1 13 1 13 1 21 1 26 1
14 2 6 0 1 0 1 13 1 13 1 23 1 24 1
14 2 6 0 1 0 1 13 1 15 1 16 1 31 1
14 1 4 0 1 0 2 13 2 31 1
14 2 6 0 1 1 1 1 1 12 1 12 1 31 1
14 2 6 0 1 1 1 4 1 11 1 12 1 31 1
14 2 6 0 1 1 1 5 1 10 1 12 1 31 1
14 2 6 0 1 1 1 7 1 8 1 12 1 31 1
14 2 6 0 1 1 1 12 1 13 1 16 1 29 1
14 2 6 0 1 1 1 12 1 13 1 17 1 28 1
14 2 6 0 1 1 1 12 1 13 1 20 1 27 1
14 2 6 0 1 1 1 12 1 13 1 21 1 26 1
14 2 6 0 1 1 1 12 1 13 1 23 1 24 1
14 2 6 0 1 1 1 12 1 15 1 16 1 31 1
14 1 4 0 1 1 2 12 2 31 1
14 2 6 0 1 4 1 4 1 11 1 11 1 31 1
14 2 6 0 1 4 1 5 1 10 1 11 1 31 1
14 2 6 0 1 4 1 7 1 8 1 11 1 31 1
14 2 6 0 1 4 1 11 1 13 1 16 1 29 1
14 2 6 0 1 4 1 11 1 13 1 17 1 28 1
14 2 6 0 1 4 1 11 1 13 1 20 1 27 1
14 2 6 0 1 4 1 11 1 13 1 21 1 26 1
14 2 6 0 1 4 1 11 1 13 1 23 1 24 1
14 2 6 0 1 4 1 11 1 15 1 16 1 31 1
14 1 4 0 1 4 2 11 2 31 1
14 2 6 0 1 5 1 5 1 10 1 10 1 31 1
14 2 6 0 1 5 1 7 1 8 1 10 1 31 1
14 2 6 0 1 5 1 10 1 13 1 16 1 29 1
14 2 6 0 1 5 1 10 1 13 1 17 1 28 1
14 2 6 0 1 5 1 10 1 13 1 20 1 27 1
14 2 6 0 1 5 1 10 1 13 1 21 1 26 1
14 2 6 0 1 5 1 10 1 13 1 23 1 24 1
14 2 6 0 1 5 1 10 1 15 1 16 1 31 1
14 1 4 0 1 5 2 10 2 31 1
14 2 6 0 1 7 1 7 1 8 1 8 1 31 1
14 2 6 0 1 7 1 8 1 13 1 16 1 29 1
14 2 6 0 1 7 1 8 1 13 1 17 1 28 1
14 2 6 0 1 7 1 8 1 13 1 20 1 27 1
14 2 6 0 1 7 1 8 1 13 1 21 1 26 1
14 2 6 0 1 7 1 8 1 13 1 23 1 24 1
14 2 6 0 1 7 1 8 1 15 1 16 1 31 1
14 1 4 0 1 7 2 8 2 31 1
14 2 6 0 1 13 1 15 1 16 1 16 1 29 1
14 2 6 0 1 13 1 15 1 16 1 17 1 28 1
14 2 6 0 1 13 1 15 1 16 1 20 1 27 1
14 2 6 0 1 13 1 15 1 16 1 21 1 26 1
14 2 6 0 1 13 1 15 1 16 1 23 1 24 1
14 2 6 0 1 15 1 15 1 16 1 16 1 31 1
14 1 4 0 1 15 2 16 2 31 1
14 1 4 0 2 13 2 16 1 29 1
14 1 4 0 2 13 2 17 1 28 1
14 1 4 0 2 13 2 20 1 27 1
14 1 4 0 2 13 2 21 1 26 1
14 1 4 0 2 13 2 23 1 24 1
14 2 6 1 1 1 1 12 1 12 1 16 1 29 1
14 2 6 1 1 1 1 12 1 12 1 17 1 28 1
14 2 6 1 1 1 1 12 1 12 1 20 1 27 1
14 2 6 1 1 1 1 12 1 12 1 21 1 26 1
14 2 6 1 1 1 1 12 1 12 1 23 1 24 1
14 2 6 1 1 4 1 11 1 12 1 16 1 29 1
14 2 6 1 1 4 1 11 1 12 1 17 1 28 1
14 2 6 1 1 4 1 11 1 12 1 20 1 27 1
14 2 6 1 1 4 1 11 1 12 1 21 1 26 1
14 2 6 1 1 4 1 11 1 12 1 23 1 24 1
14 2 6 1 1 5 1 10 1 12 1 16 1 29 1
14 2 6 1 1 5 1 10 1 12 1 17 1 28 1
14 2 6 1 1 5 1 10 1 12 1 20 1 27 1
14 2 6 1 1 5 1 10 1 12 1 21 1 26 1
14 2 6 1 1 5 1 10 1 12 1 23 1 24 1
14 2 6 1 1 7 1 8 1 12 1 16 1 29 1
14 2 6 1 1 7 1 8 1 12 1 17 1 28 1
14 2 6 1 1 7 1 8 1 12 1 20 1 27 1
14 2 6 1 1 7 1 8 1 12 1 21 1 26 1
14 2 6 1 1 7 1 8 1 12 1 23 1 24 1
14 2 6 1 1 12 1 15 1 16 1 16 1 29 1
14 2 6 1 1 12 1 15 1 16 1 17 1 28 1
14 2 6 1 1 12 1 15 1 16 1 20 1 27 1
14 2 6 1 1 12 1 15 1 16 1 21 1 26 1
14 2 6 1 1 12 1 15 1 16 1 23 1 24 1
14 1 4 1 2 12 2 16 1 29 1
14 1 4 1 2 12 2 17 1 28 1
14 1 4 1 2 12 2 20 1 27 1
14 1 4 1 2 12 2 21 1 26 1
14 1 4 1 2 12 2 23 1 24 1
14 2 6 4 1 4 1 11 1 11 1 16 1 29 1
14 2 6 4 1 4 1 11 1 11 1 17 1 28 1
14 2 6 4 1 4 1 11 1 11 1 20 1 27 1
14 2 6 4 1 4 1 11 1 11 1 21 1 26 1
14 2 6 4 1 4 1 11 1 11 1 23 1 24 1
14 2 6 4 1 5 1 10 1 11 1 16 1 29 1
14 2 6 4 1 5 1 10 1 11 1 17 1 28 1
14 2 6 4 1 5 1 10 1 11 1 20 1 27 1
14 2 6 4 1 5 1 10 1 11 1 21 1 26 1
14 2 6 4 1 5 1 10 1 11 1 23 1 24 1
14 2 6 4 1 7 1 8 1 11 1 16 1 29 1
14 2 6 4 1 7 1 8 1 11 1 17 1 28 1
14 2 6 4 1 7 1 8 1 11 1 20 1 27 1
14 2 6 4 1 7 1 8 1 11 1 21 1 26 1
14 2 6 4 1 7 1 8 1 11 1 23 1 24 1
14 2 6 4 1 11 1 15 1 16 1 16 1 29 1
14 2 6 4 1 11 1 15 1 16 1 17 1 28 1
14 2 6 4 1 11 1 15 1 16 1 20 1 27 1
14 2 6 4 1 11 1 15 1 16 1 21 1 26 1
14 2 6 4 1 11 1 15 1 16 1 23 1 24 1
14 1 4 4 2 11 2 16 1 29 1
14 1 4 4 2 11 2 17 1 28 1
14 1 4 4 2 11 2 20 1 27 1
14 1 4 4 2 11 2 21 1 26 1
14 1 4 4 2 11 2 23 1 24 1
14 2 6 5 1 5 1 10 1 10 1 16 1 29 1
14 2 6 5 1 5 1 10 1 10 1 17 1 28 1
14 2 6 5 1 5 1 10 1 10 1 20 1 27 1
14 2 6 5 1 5 1 10 1 10 1 21 1 26 1
14 2 6 5 1 5 1 10 1 10 1 23 1 24 1
14 2 6 5 1 7 1 8 1 10 1 16 1 29 1
14 2 6 5 1 7 1 8 1 10 1 17 1 28 1
14 2 6 5 1 7 1 8 1 10 1 20 1 27 1
14 2 6 5 1 7 1 8 1 10 1 21 1 26 1
14 2 6 5 1 7 1 8 1 10 1 23 1 24 1
14 2 6 5 1 10 1 15 1 16 1 16 1 29 1
14 2 6 5 1 10 1 15 1 16 1 17 1 28 1
14 2 6 5 1 10 1 15 1 16 1 20 1 27 1
14 2 6 5 1 10 1 15 1 16 1 21 1 26 1
14 2 6 5 1 10 1 15 1 16 1 23 1 24 1
14 1 4 5 2 10 2 16 1 29 1
14 1 4 5 2 10 2 17 1 28 1
14 1 4 5 2 10 2 20 1 27 1
14 1 4 5 2 10 2 21 1 26 1
14 1 4 5 2 10 2 23 1 24 1
14 2 6 7 1 7 1 8 1 8 1 16 1 29 1
14 2 6 7 1 7 1 8 1 8 1 17 1 28 1
14 2 6 7 1 7 1 8 1 8 1 20 1 27 1
14 2 6 7 1 7 1 8 1 8 1 21 1 26 1
14 2 6 7 1 7 1 8 1 8 1 23 1 24 1
14 2 6 7 1 8 1 15 1 16 1 16 1 29 1
14 2 6 7 1 8 1 15 1 16 1 17 1 28 1
14 2 6 7 1 8 1 15 1 16 1 20 1 27 1
14 2 6 7 1 8 1 15 1 16 1 21 1 26 1
14 2 6 7 1 8 1 15 1 16 1 23 1 24 1
14 1 4 7 2 8 2 16 1 29 1
14 1 4 7 2 8 2 17 1 28 1
14 1 4 7 2 8 2 20 1 27 1
14 1 4 7 2 8 2 21 1 26 1
14 1 4 7 2 8 2 23 1 24 1
14 2 6 15 1 15 1 16 1 16 1 16 1 29 1
14 2 6 15 1 15 1 16 1 16 1 17 1 28 1
14 2 6 15 1 15 1 16 1 16 1 20 1 27 1
14 2 6 15 1 15 1 16 1 16 1 21 1 26 1
14 2 6 15 1 15 1 16 1 16 1 23 1 24 1
14 1 4 15 2 16 1 16 2 29 1
14 1 4 15 2 16 2 17 1 28 1
14 1 4 15 2 16 2 20 1 27 1
14 1 4 15 2 16 2 21 1 26 1
14 1 4 15 2 16 2 23 1 24 1
15 8 6 0 1 0 1 3 1 14 1 14 1 26 2
15 8 6 0 1 0 1 9 1 14 1 14 1 28 2
15 8 6 0 1 0 1 13 1 14 1 14 1 30 2
15 16 6 0 1 0 1 14 1 14 1 16 1 30 1
15 8 6 0 1 0 1 14 1 14 1 16 2 29 1
15 8 6 0 1 0 1 14 1 14 1 19 1 23 2
15 16 6 0 1 0 1 14 1 14 1 20 1 28 1
15 8 6 0 1 0 1 14 1 14 1 20 2 25 1
15 16 6 0 1 0 1 14 1 14 1 23 1 26 1
15 4 6 0 1 0 2 3 1 13 1 14 1 26 2
15 4 6 0 1 0 2 9 1 13 1 14 1 28 2
15 4 6 0 1 0 2 13 1 13 1 14 1 30 2
15 8 6 0 1 0 2 13 1 14 1 16 1 30 1
15 4 6 0 1 0 2 13 1 14 1 16 2 29 1
15 4 6 0 1 0 2 13 1 14 1 19 1 23 2
15 8 6 0 1 0 2 13 1 14 1 20 1 28 1
15 4 6 0 1 0 2 13 1 14 1 20 2 25 1
15 8 6 0 1 0 2 13 1 14 1 23 1 26 1
15 4 6 0 1 3 1 3 1 7 2 14 1 26 2
15 8 6 0 1 3 1 4 1 12 1 14 1 26 2
15 4 6 0 1 3 1 4 2 9 1 14 1 26 2
15 8 6 0 1 3 1 7 1 10 1 14 1 26 2
15 4 6 0 1 3 1 7 2 9 1 14 1 28 2
15 4 6 0 1 3 1 7 2 13 1 14 1 30 2
15 8 6 0 1 3 1 7 2 14 1 16 1 30 1
15 4 6 0 1 3 1 7 2 14 1 16 2 29 1
15 4 6 0 1 3 1 7 2 14 1 19 1 23 2
15 8 6 0 1 3 1 7 2 14 1 20 1 28 1
15 4 6 0 1 3 1 7 2 14 1 20 2 25 1
15 8 6 0 1 3 1 7 2 14 1 23 1 26 1
15 4 6 0 1 3 1 10 2 14 1 19 1 26 2
15 4 6 0 1 3 1 12 2 14 1 25 1 26 2
15 4 6 0 1 3 1 14 1 14 2 26 2 29 1
15 8 6 0 1 4 1 9 1 12 1 14 1 28 2
15 8 6 0 1 4 1 12 1 13 1 14 1 30 2
15 16 6 0 1 4 1 12 1 14 1 16 1 30 1
15 8 6 0 1 4 1 12 1 14 1 16 2 29 1
15 8 6 0 1 4 1 12 1 14 1 19 1 23 2
15 16 6 0 1 4 1 12 1 14 1 20 1 28 1
15 8 6 0 1 4 1 12 1 14 1 20 2 25 1
15 16 6 0 1 4 1 12 1 14 1 23 1 26 1
15 4 6 0 1 4 2 9 1 9 1 14 1 28 2
15 4 6 0 1 4 2 9 1 13 1 14 1 30 2
15 8 6 0 1 4 2 9 1 14 1 16 1 30 1
15 4 6 0 1 4 2 9 1 14 1 16 2 29 1
15 4 6 0 1 4 2 9 1 14 1 19 1 23 2
15 8 6 0 1 4 2 9 1 14 1 20 1 28 1
15 4 6 0 1 4 2 9 1 14 1 20 2 25 1
15 8 6 0 1 4 2 9 1 14 1 23 1 26 1
15 8 6 0 1 7 1 9 1 10 1 14 1 28 2
15 8 6 0 1 7 1 10 1 13 1 14 1 30 2
15 16 6 0 1 7 1 10 1 14 1 16 1 30 1
15 8 6 0 1 7 1 10 1 14 1 16 2 29 1
15 8 6 0 1 7 1 10 1 14 1 19 1 23 2
15 16 6 0 1 7 1 10 1 14 1 20 1 28 1
15 8 6 0 1 7 1 10 1 14 1 20 2 25 1
15 16 6 0 1 7 1 10 1 14 1 23 1 26 1
15 4 6 0 1 9 1 10 2 14 1 19 1 28 2
15 4 6 0 1 9 1 12 2 14 1 25 1 28 2
15 4 6 0 1 9 1 14 1 14 2 28 2 29 1
15 4 6 0 1 10 2 13 1 14 1 19 1 30 2
15 8 6 0 1 10 2 14 1 16 1 19 1 30 1
15 4 6 0 1 10 2 14 1 16 2 19 1 29 1
15 4 6 0 1 10 2 14 1 19 1 19 1 23 2
15 8 6 0 1 10 2 14 1 19 1 20 1 28 1
15 4 6 0 1 10 2 14 1 19 1 20 2 25 1
15 8 6 0 1 10 2 14 1 19 1 23 1 26 1
15 4 6 0 1 12 2 13 1 14 1 25 1 30 2
15 8 6 0 1 12 2 14 1 16 1 25 1 30 1
15 4 6 0 1 12 2 14 1 16 2 25 1 29 1
15 4 6 0 1 12 2 14 1 19 1 23 2 25 1
15 8 6 0 1 12 2 14 1 20 1 25 1 28 1
15 4 6 0 1 12 2 14 1 20 2 25 1 25 1
15 8 6 0 1 12 2 14 1 23 1 25 1 26 1
15 4 6 0 1 13 1 14 1 14 2 29 1 30 2
15 8 6 0 1 14 1 14 2 16 1 29 1 30 1
15 4 6 0 1 14 1 14 2 16 2 29 1 29 1
15 4 6 0 1 14 1 14 2 19 1 23 2 29 1
15 8 6 0 1 14 1 14 2 20 1 28 1 29 1
15 4 6 0 1 14 1 14 2 20 2 25 1 29 1
15 8 6 0 1 14 1 14 2 23 1 26 1 29 1
15 2 6 0 2 0 2 3 1 13 1 13 1 26 2
15 2 6 0 2 0 2 9 1 13 1 13 1 28 2
15 2 6 0 2 0 2 13 1 13 1 13 1 30 2
15 4 6 0 2 0 2 13 1 13 1 16 1 30 1
15 2 6 0 2 0 2 13 1 13 1 16 2 29 1
15 2 6 0 2 0 2 13 1 13 1 19 1 23 2
15 4 6 0 2 0 2 13 1 13 1 20 1 28 1
15 2 6 0 2 0 2 13 1 13 1 20 2 25 1
15 4 6 0 2 0 2 13 1 13 1 23 1 26 1
15 2 6 0 2 3 1 3 1 7 2 13 1 26 2
15 4 6 0 2 3 1 4 1 12 1 13 1 26 2
15 2 6 0 2 3 1 4 2 9 1 13 1 26 2
15 4 6 0 2 3 1 7 1 10 1 13 1 26 2
15 2 6 0 2 3 1 7 2 9 1 13 1 28 2
15 2 6 0 2 3 1 7 2 13 1 13 1 30 2
15 4 6 0 2 3 1 7 2 13 1 16 1 30 1
15 2 6 0 2 3 1 7 2 13 1 16 2 29 1
15 2 6 0 2 3 1 7 2 13 1 19 1 23 2
15 4 6 0 2 3 1 7 2 13 1 20 1 28 1
15 2 6 0 2 3 1 7 2 13 1 20 2 25 1
15 4 6 0 2 3 1 7 2 13 1 23 1 26 1
15 2 6 0 2 3 1 10 2 13 1 19 1 26 2
15 2 6 0 2 3 1 12 2 13 1 25 1 26 2
15 2 6 0 2 3 1 13 1 14 2 26 2 29 1
15 4 4 0 2 3 1 14 2 26 2
15 4 6 0 2 4 1 9 1 12 1 13 1 28 2
15 4 6 0 2 4 1 12 1 13 1 13 1 30 2
15 8 6 0 2 4 1 12 1 13 1 16 1 30 1
15 4 6 0 2 4 1 12 1 13 1 16 2 29 1
15 4 6 0 2 4 1 12 1 13 1 19 1 23 2
15 8 6 0 2 4 1 12 1 13 1 20 1 28 1
15 4 6 0 2 4 1 12 1 13 1 20 2 25 1
15 8 6 0 2 4 1 12 1 13 1 23 1 26 1
15 2 6 0 2 4 2 9 1 9 1 13 1 28 2
15 2 6 0 2 4 2 9 1 13 1 13 1 30 2
15 4 6 0 2 4 2 9 1 13 1 16 1 30 1
15 2 6 0 2 4 2 9 1 13 1 16 2 29 1
15 2 6 0 2 4 2 9 1 13 1 19 1 23 2
15 4 6 0 2 4 2 9 1 13 1 20 1 28 1
15 2 6 0 2 4 2 9 1 13 1 20 2 25 1
15 4 6 0 2 4 2 9 1 13 1 23 1 26 1
15 4 6 0 2 7 1 9 1 10 1 13 1 28 2
15 4 6 0 2 7 1 10 1 13 1 13 1 30 2
15 8 6 0 2 7 1 10 1 13 1 16 1 30 1
15 4 6 0 2 7 1 10 1 13 1 16 2 29 1
15 4 6 0 2 7 1 10 1 13 1 19 1 23 2
15 8 6 0 2 7 1 10 1 13 1 20 1 28 1
15 4 6 0 2 7 1 10 1 13 1 20 2 25 1
15 8 6 0 2 7 1 10 1 13 1 23 1 26 1
15 2 6 0 2 9 1 10 2 13 1 19 1 28 2
15 2 6 0 2 9 1 12 2 13 1 25 1 28 2
15 2 6 0 2 9 1 13 1 14 2 28 2 29 1
15 4 4 0 2 9 1 14 2 28 2
15 2 6 0 2 10 2 13 1 13 1 19 1 30 2
15 4 6 0 2 10 2 13 1 16 1 19 1 30 1
15 2 6 0 2 10 2 13 1 16 2 19 1 29 1
15 2 6 0 2 10 2 13 1 19 1 19 1 23 2
15 4 6 0 2 10 2 13 1 19 1 20 1 28 1
15 2 6 0 2 10 2 13 1 19 1 20 2 25 1
15 4 6 0 2 10 2 13 1 19 1 23 1 26 1
15 2 6 0 2 12 2 13 1 13 1 25 1 30 2
15 4 6 0 2 12 2 13 1 16 1 25 1 30 1
15 2 6 0 2 12 2 13 1 16 2 25 1 29 1
15 2 6 0 2 12 2 13 1 19 1 23 2 25 1
15 4 6 0 2 12 2 13 1 20 1 25 1 28 1
15 2 6 0 2 12 2 13 1 20 2 25 1 25 1
15 4 6 0 2 12 2 13 1 23 1 25 1 26 1
15 2 6 0 2 13 1 13 1 14 2 29 1 30 2
15 4 6 0 2 13 1 14 2 16 1 29 1 30 1
15 2 6 0 2 13 1 14 2 16 2 29 1 29 1
15 2 6 0 2 13 1 14 2 19 1 23 2 29 1
15 4 6 0 2 13 1 14 2 20 1 28 1 29 1
15 2 6 0 2 13 1 14 2 20 2 25 1 29 1
15 4 6 0 2 13 1 14 2 23 1 26 1 29 1
15 4 4 0 2 13 1 14 2 30 2
15 8 4 0 2 14 2 16 1 30 1
15 4 4 0 2 14 2 16 2 29 1
15 4 4 0 2 14 2 19 1 23 2
15 8 4 0 2 14 2 20 1 28 1
15 4 4 0 2 14 2 20 2 25 1
15 8 4 0 2 14 2 23 1 26 1
15 1 4 0 4 3 1 13 2 26 2
15 1 4 0 4 9 1 13 2 28 2
15 1 4 0 4 13 1 13 2 30 2
15 2 4 0 4 13 2 16 1 30 1
15 1 4 0 4 13 2 16 2 29 1
15 1 4 0 4 13 2 19 1 23 2
15 2 4 0 4 13 2 20 1 28 1
15 1 4 0 4 13 2 20 2 25 1
15 2 4 0 4 13 2 23 1 26 1
15 2 6 3 1 3 1 3 1 7 2 7 2 26 2
15 4 6 3 1 3 1 4 1 7 2 12 1 26 2
15 2 6 3 1 3 1 4 2 7 2 9 1 26 2
15 4 6 3 1 3 1 7 1 7 2 10 1 26 2
15 2 6 3 1 3 1 7 2 7 2 9 1 28 2
15 2 6 3 1 3 1 7 2 7 2 13 1 30 2
15 4 6 3 1 3 1 7 2 7 2 16 1 30 1
15 2 6 3 1 3 1 7 2 7 2 16 2 29 1
15 2 6 3 1 3 1 7 2 7 2 19 1 23 2
15 4 6 3 1 3 1 7 2 7 2 20 1 28 1
15 2 6 3 1 3 1 7 2 7 2 20 2 25 1
15 4 6 3 1 3 1 7 2 7 2 23 1 26 1
15 2 6 3 1 3 1 7 2 10 2 19 1 26 2
15 2 6 3 1 3 1 7 2 12 2 25 1 26 2
15 2 6 3 1 3 1 7 2 14 2 26 2 29 1
15 1 4 3 1 3 2 7 4 26 2
15 8 6 3 1 4 1 4 1 12 1 12 1 26 2
15 4 6 3 1 4 1 4 2 9 1 12 1 26 2
15 8 6 3 1 4 1 7 1 10 1 12 1 26 2
15 4 6 3 1 4 1 7 2 9 1 12 1 28 2
15 4 6 3 1 4 1 7 2 12 1 13 1 30 2
15 8 6 3 1 4 1 7 2 12 1 16 1 30 1
15 4 6 3 1 4 1 7 2 12 1 16 2 29 1
15 4 6 3 1 4 1 7 2 12 1 19 1 23 2
15 8 6 3 1 4 1 7 2 12 1 20 1 28 1
15 4 6 3 1 4 1 7 2 12 1 20 2 25 1
15 8 6 3 1 4 1 7 2 12 1 23 1 26 1
15 4 6 3 1 4 1 10 2 12 1 19 1 26 2
15 4 6 3 1 4 1 12 1 12 2 25 1 26 2
15 4 6 3 1 4 1 12 1 14 2 26 2 29 1
15 2 6 3 1 4 2 4 2 9 1 9 1 26 2
15 4 6 3 1 4 2 7 1 9 1 10 1 26 2
15 2 6 3 1 4 2 7 2 9 1 9 1 28 2
15 2 6 3 1 4 2 7 2 9 1 13 1 30 2
15 4 6 3 1 4 2 7 2 9 1 16 1 30 1
15 2 6 3 1 4 2 7 2 9 1 16 2 29 1
15 2 6 3 1 4 2 7 2 9 1 19 1 23 2
15 4 6 3 1 4 2 7 2 9 1 20 1 28 1
15 2 6 3 1 4 2 7 2 9 1 20 2 25 1
15 4 6 3 1 4 2 7 2 9 1 23 1 26 1
15 2 6 3 1 4 2 9 1 10 2 19 1 26 2
15 2 6 3 1 4 2 9 1 12 2 25 1 26 2
15 2 6 3 1 4 2 9 1 14 2 26 2 29 1
15 4 4 3 1 4 2 12 2 26 2
15 1 4 3 1 4 4 9 2 26 2
15 8 6 3 1 7 1 7 1 10 1 10 1 26 2
15 4 6 3 1 7 1 7 2 9 1 10 1 28 2
15 4 6 3 1 7 1 7 2 10 1 13 1 30 2
15 8 6 3 1 7 1 7 2 10 1 16 1 30 1
15 4 6 3 1 7 1 7 2 10 1 16 2 29 1
15 4 6 3 1 7 1 7 2 10 1 19 1 23 2
15 8 6 3 1 7 1 7 2 10 1 20 1 28 1
15 4 6 3 1 7 1 7 2 10 1 20 2 25 1
15 8 6 3 1 7 1 7 2 10 1 23 1 26 1
15 4 6 3 1 7 1 10 1 10 2 19 1 26 2
15 4 6 3 1 7 1 10 1 12 2 25 1 26 2
15 4 6 3 1 7 1 10 1 14 2 26 2 29 1
15 2 6 3 1 7 2 9 1 10 2 19 1 28 2
15 2 6 3 1 7 2 9 1 12 2 25 1 28 2
15 2 6 3 1 7 2 9 1 14 2 28 2 29 1
15 2 6 3 1 7 2 10 2 13 1 19 1 30 2
15 4 6 3 1 7 2 10 2 16 1 19 1 30 1
15 2 6 3 1 7 2 10 2 16 2 19 1 29 1
15 2 6 3 1 7 2 10 2 19 1 19 1 23 2
15 4 6 3 1 7 2 10 2 19 1 20 1 28 1
15 2 6 3 1 7 2 10 2 19 1 20 2 25 1
15 4 6 3 1 7 2 10 2 19 1 23 1 26 1
15 4 4 3 1 7 2 10 2 26 2
15 2 6 3 1 7 2 12 2 13 1 25 1 30 2
15 4 6 3 1 7 2 12 2 16 1 25 1 30 1
15 2 6 3 1 7 2 12 2 16 2 25 1 29 1
15 2 6 3 1 7 2 12 2 19 1 23 2 25 1
15 4 6 3 1 7 2 12 2 20 1 25 1 28 1
15 2 6 3 1 7 2 12 2 20 2 25 1 25 1
15 4 6 3 1 7 2 12 2 23 1 25 1 26 1
15 2 6 3 1 7 2 13 1 14 2 29 1 30 2
15 4 6 3 1 7 2 14 2 16 1 29 1 30 1
15 2 6 3 1 7 2 14 2 16 2 29 1 29 1
15 2 6 3 1 7 2 14 2 19 1 23 2 29 1
15 4 6 3 1 7 2 14 2 20 1 28 1 29 1
15 2 6 3 1 7 2 14 2 20 2 25 1 29 1
15 4 6 3 1 7 2 14 2 23 1 26 1 29 1
15 2 6 3 1 10 2 10 2 19 1 19 1 26 2
15 2 6 3 1 10 2 12 2 19 1 25 1 26 2
15 2 6 3 1 10 2 14 2 19 1 26 2 29 1
15 1 4 3 1 10 4 19 2 26 2
15 2 6 3 1 12 2 12 2 25 1 25 1 26 2
15 2 6 3 1 12 2 14 2 25 1 26 2 29 1
15 1 4 3 1 12 4 25 2 26 2
15 2 6 3 1 14 2 14 2 26 2 29 1 29 1
15 1 4 3 1 14 4 26 2 29 2
15 1 4 3 2 7 4 9 1 28 2
15 1 4 3 2 7 4 13 1 30 2
15 2 4 3 2 7 4 16 1 30 1
15 1 4 3 2 7 4 16 2 29 1
15 1 4 3 2 7 4 19 1 23 2
15 2 4 3 2 7 4 20 1 28 1
15 1 4 3 2 7 4 20 2 25 1
15 2 4 3 2 7 4 23 1 26 1
15 8 6 4 1 4 1 9 1 12 1 12 1 28 2
15 8 6 4 1 4 1 12 1 12 1 13 1 30 2
15 16 6 4 1 4 1 12 1 12 1 16 1 30 1
15 8 6 4 1 4 1 12 1 12 1 16 2 29 1
15 8 6 4 1 4 1 12 1 12 1 19 1 23 2
15 16 6 4 1 4 1 12 1 12 1 20 1 28 1
15 8 6 4 1 4 1 12 1 12 1 20 2 25 1
15 16 6 4 1 4 1 12 1 12 1 23 1 26 1
15 4 6 4 1 4 2 9 1 9 1 12 1 28 2
15 4 6 4 1 4 2 9 1 12 1 13 1 30 2
15 8 6 4 1 4 2 9 1 12 1 16 1 30 1
15 4 6 4 1 4 2 9 1 12 1 16 2 29 1
15 4 6 4 1 4 2 9 1 12 1 19 1 23 2
15 8 6 4 1 4 2 9 1 12 1 20 1 28 1
15 4 6 4 1 4 2 9 1 12 1 20 2 25 1
15 8 6 4 1 4 2 9 1 12 1 23 1 26 1
15 8 6 4 1 7 1 9 1 10 1 12 1 28 2
15 8 6 4 1 7 1 10 1 12 1 13 1 30 2
15 16 6 4 1 7 1 10 1 12 1 16 1 30 1
15 8 6 4 1 7 1 10 1 12 1 16 2 29 1
15 8 6 4 1 7 1 10 1 12 1 19 1 23 2
15 16 6 4 1 7 1 10 1 12 1 20 1 28 1
15 8 6 4 1 7 1 10 1 12 1 20 2 25 1
15 16 6 4 1 7 1 10 1 12 1 23 1 26 1
15 4 6 4 1 9 1 10 2 12 1 19 1 28 2
15 4 6 4 1 9 1 12 1 12 2 25 1 28 2
15 4 6 4 1 9 1 12 1 14 2 28 2 29 1
15 4 6 4 1 10 2 12 1 13 1 19 1 30 2
15 8 6 4 1 10 2 12 1 16 1 19 1 30 1
15 4 6 4 1 10 2 12 1 16 2 19 1 29 1
15 4 6 4 1 10 2 12 1 19 1 19 1 23 2
15 8 6 4 1 10 2 12 1 19 1 20 1 28 1
15 4 6 4 1 10 2 12 1 19 1 20 2 25 1
15 8 6 4 1 10 2 12 1 19 1 23 1 26 1
15 4 6 4 1 12 1 12 2 13 1 25 1 30 2
15 8 6 4 1 12 1 12 2 16 1 25 1 30 1
15 4 6 4 1 12 1 12 2 16 2 25 1 29 1
15 4 6 4 1 12 1 12 2 19 1 23 2 25 1
15 8 6 4 1 12 1 12 2 20 1 25 1 28 1
15 4 6 4 1 12 1 12 2 20 2 25 1 25 1
15 8 6 4 1 12 1 12 2 23 1 25 1 26 1
15 4 6 4 1 12 1 13 1 14 2 29 1 30 2
15 8 6 4 1 12 1 14 2 16 1 29 1 30 1
15 4 6 4 1 12 1 14 2 16 2 29 1 29 1
15 4 6 4 1 12 1 14 2 19 1 23 2 29 1
15 8 6 4 1 12 1 14 2 20 1 28 1 29 1
15 4 6 4 1 12 1 14 2 20 2 25 1 29 1
15 8 6 4 1 12 1 14 2 23 1 26 1 29 1
15 2 6 4 2 4 2 9 1 9 1 9 1 28 2
15 2 6 4 2 4 2 9 1 9 1 13 1 30 2
15 4 6 4 2 4 2 9 1 9 1 16 1 30 1
15 2 6 4 2 4 2 9 1 9 1 16 2 29 1
15 2 6 4 2 4 2 9 1 9 1 19 1 23 2
15 4 6 4 2 4 2 9 1 9 1 20 1 28 1
15 2 6 4 2 4 2 9 1 9 1 20 2 25 1
15 4 6 4 2 4 2 9 1 9 1 23 1 26 1
15 4 6 4 2 7 1 9 1 9 1 10 1 28 2
15 4 6 4 2 7 1 9 1 10 1 13 1 30 2
15 8 6 4 2 7 1 9 1 10 1 16 1 30 1
15 4 6 4 2 7 1 9 1 10 1 16 2 29 1
15 4 6 4 2 7 1 9 1 10 1 19 1 23 2
15 8 6 4 2 7 1 9 1 10 1 20 1 28 1
15 4 6 4 2 7 1 9 1 10 1 20 2 25 1
15 8 6 4 2 7 1 9 1 10 1 23 1 26 1
15 2 6 4 2 9 1 9 1 10 2 19 1 28 2
15 2 6 4 2 9 1 9 1 12 2 25 1 28 2
15 2 6 4 2 9 1 9 1 14 2 28 2 29 1
15 2 6 4 2 9 1 10 2 13 1 19 1 30 2
15 4 6 4 2 9 1 10 2 16 1 19 1 30 1
15 2 6 4 2 9 1 10 2 16 2 19 1 29 1
15 2 6 4 2 9 1 10 2 19 1 19 1 23 2
15 4 6 4 2 9 1 10 2 19 1 20 1 28 1
15 2 6 4 2 9 1 10 2 19 1 20 2 25 1
15 4 6 4 2 9 1 10 2 19 1 23 1 26 1
15 2 6 4 2 9 1 12 2 13 1 25 1 30 2
15 4 6 4 2 9 1 12 2 16 1 25 1 30 1
15 2 6 4 2 9 1 12 2 16 2 25 1 29 1
15 2 6 4 2 9 1 12 2 19 1 23 2 25 1
15 4 6 4 2 9 1 12 2 20 1 25 1 28 1
15 2 6 4 2 9 1 12 2 20 2 25 1 25 1
15 4 6 4 2 9 1 12 2 23 1 25 1 26 1
15 4 4 4 2 9 1 12 2 28 2
15 2 6 4 2 9 1 13 1 14 2 29 1 30 2
15 4 6 4 2 9 1 14 2 16 1 29 1 30 1
15 2 6 4 2 9 1 14 2 16 2 29 1 29 1
15 2 6 4 2 9 1 14 2 19 1 23 2 29 1
15 4 6 4 2 9 1 14 2 20 1 28 1 29 1
15 2 6 4 2 9 1 14 2 20 2 25 1 29 1
15 4 6 4 2 9 1 14 2 23 1 26 1 29 1
15 4 4 4 2 12 2 13 1 30 2
15 8 4 4 2 12 2 16 1 30 1
15 4 4 4 2 12 2 16 2 29 1
15 4 4 4 2 12 2 19 1 23 2
15 8 4 4 2 12 2 20 1 28 1
15 4 4 4 2 12 2 20 2 25 1
15 8 4 4 2 12 2 23 1 26 1
15 1 4 4 4 9 1 9 2 28 2
15 1 4 4 4 9 2 13 1 30 2
15 2 4 4 4 9 2 16 1 30 1
15 1 4 4 4 9 2 16 2 29 1
15 1 4 4 4 9 2 19 1 23 2
15 2 4 4 4 9 2 20 1 28 1
15 1 4 4 4 9 2 20 2 25 1
15 2 4 4 4 9 2 23 1 26 1
15 8 6 7 1 7 1 9 1 10 1 10 1 28 2
15 8 6 7 1 7 1 10 1 10 1 13 1 30 2
15 16 6 7 1 7 1 10 1 10 1 16 1 30 1
15 8 6 7 1 7 1 10 1 10 1 16 2 29 1
15 8 6 7 1 7 1 10 1 10 1 19 1 23 2
15 16 6 7 1 7 1 10 1 10 1 20 1 28 1
15 8 6 7 1 7 1 10 1 10 1 20 2 25 1
15 16 6 7 1 7 1 10 1 10 1 23 1 26 1
15 4 6 7 1 9 1 10 1 10 2 19 1 28 2
15 4 6 7 1 9 1 10 1 12 2 25 1 28 2
15 4 6 7 1 9 1 10 1 14 2 28 2 29 1
15 4 6 7 1 10 1 10 2 13 1 19 1 30 2
15 8 6 7 1 10 1 10 2 16 1 19 1 30 1
15 4 6 7 1 10 1 10 2 16 2 19 1 29 1
15 4 6 7 1 10 1 10 2 19 1 19 1 23 2
15 8 6 7 1 10 1 10 2 19 1 20 1 28 1
15 4 6 7 1 10 1 10 2 19 1 20 2 25 1
15 8 6 7 1 10 1 10 2 19 1 23 1 26 1
15 4 6 7 1 10 1 12 2 13 1 25 1 30 2
15 8 6 7 1 10 1 12 2 16 1 25 1 30 1
15 4 6 7 1 10 1 12 2 16 2 25 1 29 1
15 4 6 7 1 10 1 12 2 19 1 23 2 25 1
15 8 6 7 1 10 1 12 2 20 1 25 1 28 1
15 4 6 7 1 10 1 12 2 20 2 25 1 25 1
15 8 6 7 1 10 1 12 2 23 1 25 1 26 1
15 4 6 7 1 10 1 13 1 14 2 29 1 30 2
15 8 6 7 1 10 1 14 2 16 1 29 1 30 1
15 4 6 7 1 10 1 14 2 16 2 29 1 29 1
15 4 6 7 1 10 1 14 2 19 1 23 2 29 1
15 8 6 7 1 10 1 14 2 20 1 28 1 29 1
15 4 6 7 1 10 1 14 2 20 2 25 1 29 1
15 8 6 7 1 10 1 14 2 23 1 26 1 29 1
15 4 4 7 2 9 1 10 2 28 2
15 4 4 7 2 10 2 13 1 30 2
15 8 4 7 2 10 2 16 1 30 1
15 4 4 7 2 10 2 16 2 29 1
15 4 4 7 2 10 2 19 1 23 2
15 8 4 7 2 10 2 20 1 28 1
15 4 4 7 2 10 2 20 2 25 1
15 8 4 7 2 10 2 23 1 26 1
15 2 6 9 1 10 2 10 2 19 1 19 1 28 2
15 2 6 9 1 10 2 12 2 19 1 25 1 28 2
15 2 6 9 1 10 2 14 2 19 1 28 2 29 1
15 1 4 9 1 10 4 19 2 28 2
15 2 6 9 1 12 2 12 2 25 1 25 1 28 2
15 2 6 9 1 12 2 14 2 25 1 28 2 29 1
15 1 4 9 1 12 4 25 2 28 2
15 2 6 9 1 14 2 14 2 28 2 29 1 29 1
15 1 4 9 1 14 4 28 2 29 2
15 2 6 10 2 10 2 13 1 19 1 19 1 30 2
15 4 6 10 2 10 2 16 1 19 1 19 1 30 1
15 2 6 10 2 10 2 16 2 19 1 19 1 29 1
15 2 6 10 2 10 2 19 1 19 1 19 1 23 2
15 4 6 10 2 10 2 19 1 19 1 20 1 28 1
15 2 6 10 2 10 2 19 1 19 1 20 2 25 1
15 4 6 10 2 10 2 19 1 19 1 23 1 26 1
15 2 6 10 2 12 2 13 1 19 1 25 1 30 2
15 4 6 10 2 12 2 16 1 19 1 25 1 30 1
15 2 6 10 2 12 2 16 2 19 1 25 1 29 1
15 2 6 10 2 12 2 19 1 19 1 23 2 25 1
15 4 6 10 2 12 2 19 1 20 1 25 1 28 1
15 2 6 10 2 12 2 19 1 20 2 25 1 25 1
15 4 6 10 2 12 2 19 1 23 1 25 1 26 1
15 2 6 10 2 13 1 14 2 19 1 29 1 30 2
15 4 6 10 2 14 2 16 1 19 1 29 1 30 1
15 2 6 10 2 14 2 16 2 19 1 29 1 29 1
15 2 6 10 2 14 2 19 1 19 1 23 2 29 1
15 4 6 10 2 14 2 19 1 20 1 28 1 29 1
15 2 6 10 2 14 2 19 1 20 2 25 1 29 1
15 4 6 10 2 14 2 19 1 23 1 26 1 29 1
15 1 4 10 4 13 1 19 2 30 2
15 2 4 10 4 16 1 19 2 30 1
15 1 4 10 4 16 2 19 2 29 1
15 1 4 10 4 19 1 19 2 23 2
15 2 4 10 4 19 2 20 1 28 1
15 1 4 10 4 19 2 20 2 25 1
15 2 4 10 4 19 2 23 1 26 1
15 2 6 12 2 12 2 13 1 25 1 25 1 30 2
15 4 6 12 2 12 2 16 1 25 1 25 1 30 1
15 2 6 12 2 12 2 16 2 25 1 25 1 29 1
15 2 6 12 2 12 2 19 1 23 2 25 1 25 1
15 4 6 12 2 12 2 20 1 25 1 25 1 28 1
15 2 6 12 2 12 2 20 2 25 1 25 1 25 1
15 4 6 12 2 12 2 23 1 25 1 25 1 26 1
15 2 6 12 2 13 1 14 2 25 1 29 1 30 2
15 4 6 12 2 14 2 16 1 25 1 29 1 30 1
15 2 6 12 2 14 2 16 2 25 1 29 1 29 1
15 2 6 12 2 14 2 19 1 23 2 25 1 29 1
15 4 6 12 2 14 2 20 1 25 1 28 1 29 1
15 2 6 12 2 14 2 20 2 25 1 25 1 29 1
15 4 6 12 2 14 2 23 1 25 1 26 1 29 1
15 1 4 12 4 13 1 25 2 30 2
15 2 4 12 4 16 1 25 2 30 1
15 1 4 12 4 16 2 25 2 29 1
15 1 4 12 4 19 1 23 2 25 2
15 2 4 12 4 20 1 25 2 28 1
15 1 4 12 4 20 2 25 1 25 2
15 2 4 12 4 23 1 25 2 26 1
15 2 6 13 1 14 2 14 2 29 1 29 1 30 2
15 1 4 13 1 14 4 29 2 30 2
15 4 6 14 2 14 2 16 1 29 1 29 1 30 1
15 2 6 14 2 14 2 16 2 29 1 29 1 29 1
15 2 6 14 2 14 2 19 1 23 2 29 1 29 1
15 4 6 14 2 14 2 20 1 28 1 29 1 29 1
15 2 6 14 2 14 2 20 2 25 1 29 1 29 1
15 4 6 14 2 14 2 23 1 26 1 29 1 29 1
15 2 4 14 4 16 1 29 2 30 1
15 1 4 14 4 16 2 29 1 29 2
15 1 4 14 4 19 1 23 2 29 2
15 2 4 14 4 20 1 28 1 29 2
15 1 4 14 4 20 2 25 1 29 2
15 2 4 14 4 23 1 26 1 29 2
16 2 6 1 1 1 1 4 1 17 1 20 1 20 1
16 2 6 1 1 1 1 7 1 20 1 20 1 21 1
16 2 6 1 1 1 1 10 1 20 1 20 1 24 1
16 2 6 1 1 1 1 12 1 20 1 20 1 27 1
16 2 6 1 1 1 1 14 1 20 1 20 1 29 1
16 2 6 1 1 1 1 15 1 20 1 20 1 30 1
16 2 6 1 1 4 1 5 1 17 1 20 1 23 1
16 2 6 1 1 4 1 8 1 17 1 20 1 26 1
16 2 6 1 1 4 1 11 1 17 1 20 1 28 1
16 2 6 1 1 4 1 13 1 17 1 20 1 30 1
16 2 6 1 1 4 1 14 1 17 1 20 1 31 1
16 2 6 1 1 5 1 7 1 20 1 21 1 23 1
16 2 6 1 1 5 1 10 1 20 1 23 1 24 1
16 2 6 1 1 5 1 12 1 20 1 23 1 27 1
16 2 6 1 1 5 1 14 1 20 1 23 1 29 1
16 2 6 1 1 5 1 15 1 20 1 23 1 30 1
16 2 6 1 1 7 1 8 1 20 1 21 1 26 1
16 2 6 1 1 7 1 11 1 20 1 21 1 28 1
16 2 6 1 1 7 1 13 1 20 1 21 1 30 1
16 2 6 1 1 7 1 14 1 20 1 21 1 31 1
16 2 6 1 1 8 1 10 1 20 1 24 1 26 1
16 2 6 1 1 8 1 12 1 20 1 26 1 27 1
16 2 6 1 1 8 1 14 1 20 1 26 1 29 1
16 2 6 1 1 8 1 15 1 20 1 26 1 30 1
16 2 6 1 1 10 1 11 1 20 1 24 1 28 1
16 2 6 1 1 10 1 13 1 20 1 24 1 30 1
16 2 6 1 1 10 1 14 1 20 1 24 1 31 1
16 2 6 1 1 11 1 12 1 20 1 27 1 28 1
16 2 6 1 1 11 1 14 1 20 1 28 1 29 1
16 2 6 1 1 11 1 15 1 20 1 28 1 30 1
16 2 6 1 1 12 1 13 1 20 1 27 1 30 1
16 2 6 1 1 12 1 14 1 20 1 27 1 31 1
16 2 6 1 1 13 1 14 1 20 1 29 1 30 1
16 2 6 1 1 13 1 15 1 20 1 30 1 30 1
16 2 6 1 1 14 1 14 1 20 1 29 1 31 1
16 2 6 1 1 14 1 15 1 20 1 30 1 31 1
16 1 4 1 2 4 1 17 1 20 2
16 1 4 1 2 7 1 20 2 21 1
16 1 4 1 2 10 1 20 2 24 1
16 1 4 1 2 12 1 20 2 27 1
16 1 4 1 2 14 1 20 2 29 1
16 1 4 1 2 15 1 20 2 30 1
16 2 6 4 1 5 1 5 1 17 1 23 1 23 1
16 2 6 4 1 5 1 8 1 17 1 23 1 26 1
16 2 6 4 1 5 1 11 1 17 1 23 1 28 1
16 2 6 4 1 5 1 13 1 17 1 23 1 30 1
16 2 6 4 1 5 1 14 1 17 1 23 1 31 1
16 1 4 4 1 5 2 17 1 23 2
16 2 6 4 1 8 1 8 1 17 1 26 1 26 1
16 2 6 4 1 8 1 11 1 17 1 26 1 28 1
16 2 6 4 1 8 1 13 1 17 1 26 1 30 1
16 2 6 4 1 8 1 14 1 17 1 26 1 31 1
16 1 4 4 1 8 2 17 1 26 2
16 2 6 4 1 11 1 11 1 17 1 28 1 28 1
16 2 6 4 1 11 1 13 1 17 1 28 1 30 1
16 2 6 4 1 11 1 14 1 17 1 28 1 31 1
16 1 4 4 1 11 2 17 1 28 2
16 2 6 4 1 13 1 13 1 17 1 30 1 30 1
16 2 6 4 1 13 1 14 1 17 1 30 1 31 1
16 1 4 4 1 13 2 17 1 30 2
16 2 6 4 1 14 1 14 1 17 1 31 1 31 1
16 1 4 4 1 14 2 17 1 31 2
16 2 6 5 1 5 1 7 1 21 1 23 1 23 1
16 2 6 5 1 5 1 10 1 23 1 23 1 24 1
16 2 6 5 1 5 1 12 1 23 1 23 1 27 1
16 2 6 5 1 5 1 14 1 23 1 23 1 29 1
16 2 6 5 1 5 1 15 1 23 1 23 1 30 1
16 2 6 5 1 7 1 8 1 21 1 23 1 26 1
16 2 6 5 1 7 1 11 1 21 1 23 1 28 1
16 2 6 5 1 7 1 13 1 21 1 23 1 30 1
16 2 6 5 1 7 1 14 1 21 1 23 1 31 1
16 2 6 5 1 8 1 10 1 23 1 24 1 26 1
16 2 6 5 1 8 1 12 1 23 1 26 1 27 1
16 2 6 5 1 8 1 14 1 23 1 26 1 29 1
16 2 6 5 1 8 1 15 1 23 1 26 1 30 1
16 2 6 5 1 10 1 11 1 23 1 24 1 28 1
16 2 6 5 1 10 1 13 1 23 1 24 1 30 1
16 2 6 5 1 10 1 14 1 23 1 24 1 31 1
16 2 6 5 1 11 1 12 1 23 1 27 1 28 1
16 2 6 5 1 11 1 14 1 23 1 28 1 29 1
16 2 6 5 1 11 1 15 1 23 1 28 1 30 1
16 2 6 5 1 12 1 13 1 23 1 27 1 30 1
16 2 6 5 1 12 1 14 1 23 1 27 1 31 1
16 2 6 5 1 13 1 14 1 23 1 29 1 30 1
16 2 6 5 1 13 1 15 1 23 1 30 1 30 1
16 2 6 5 1 14 1 14 1 23 1 29 1 31 1
16 2 6 5 1 14 1 15 1 23 1 30 1 31 1
16 1 4 5 2 7 1 21 1 23 2
16 1 4 5 2 10 1 23 2 24 1
16 1 4 5 2 12 1 23 2 27 1
16 1 4 5 2 14 1 23 2 29 1
16 1 4 5 2 15 1 23 2 30 1
16 2 6 7 1 8 1 8 1 21 1 26 1 26 1
16 2 6 7 1 8 1 11 1 21 1 26 1 28 1
16 2 6 7 1 8 1 13 1 21 1 26 1 30 1
16 2 6 7 1 8 1 14 1 21 1 26 1 31 1
16 1 4 7 1 8 2 21 1 26 2
16 2 6 7 1 11 1 11 1 21 1 28 1 28 1
16 2 6 7 1 11 1 13 1 21 1 28 1 30 1
16 2 6 7 1 11 1 14 1 21 1 28 1 31 1
16 1 4 7 1 11 2 21 1 28 2
16 2 6 7 1 13 1 13 1 21 1 30 1 30 1
16 2 6 7 1 13 1 14 1 21 1 30 1 31 1
16 1 4 7 1 13 2 21 1 30 2
16 2 6 7 1 14 1 14 1 21 1 31 1 31 1
16 1 4 7 1 14 2 21 1 31 2
16 2 6 8 1 8 1 10 1 24 1 26 1 26 1
16 2 6 8 1 8 1 12 1 26 1 26 1 27 1
16 2 6 8 1 8 1 14 1 26 1 26 1 29 1
16 2 6 8 1 8 1 15 1 26 1 26 1 30 1
16 2 6 8 1 10 1 11 1 24 1 26 1 28 1
16 2 6 8 1 10 1 13 1 24 1 26 1 30 1
16 2 6 8 1 10 1 14 1 24 1 26 1 31 1
16 2 6 8 1 11 1 12 1 26 1 27 1 28 1
16 2 6 8 1 11 1 14 1 26 1 28 1 29 1
16 2 6 8 1 11 1 15 1 26 1 28 1 30 1
16 2 6 8 1 12 1 13 1 26 1 27 1 30 1
16 2 6 8 1 12 1 14 1 26 1 27 1 31 1
16 2 6 8 1 13 1 14 1 26 1 29 1 30 1
16 2 6 8 1 13 1 15 1 26 1 30 1 30 1
16 2 6 8 1 14 1 14 1 26 1 29 1 31 1
16 2 6 8 1 14 1 15 1 26 1 30 1 31 1
16 1 4 8 2 10 1 24 1 26 2
16 1 4 8 2 12 1 26 2 27 1
16 1 4 8 2 14 1 26 2 29 1
16 1 4 8 2 15 1 26 2 30 1
16 2 6 10 1 11 1 11 1 24 1 28 1 28 1
16 2 6 10 1 11 1 13 1 24 1 28 1 30 1
16 2 6 10 1 11 1 14 1 24 1 28 1 31 1
16 1 4 10 1 11 2 24 1 28 2
16 2 6 10 1 13 1 13 1 24 1 30 1 30 1
16 2 6 10 1 13 1 14 1 24 1 30 1 31 1
16 1 4 10 1 13 2 24 1 30 2
16 2 6 10 1 14 1 14 1 24 1 31 1 31 1
16 1 4 10 1 14 2 24 1 31 2
16 2 6 11 1 11 1 12 1 27 1 28 1 28 1
16 2 6 11 1 11 1 14 1 28 1 28 1 29 1
16 2 6 11 1 11 1 15 1 28 1 28 1 30 1
16 2 6 11 1 12 1 13 1 27 1 28 1 30 1
16 2 6 11 1 12 1 14 1 27 1 28 1 31 1
16 2 6 11 1 13 1 14 1 28 1 29 1 30 1
16 2 6 11 1 13 1 15 1 28 1 30 1 30 1
16 2 6 11 1 14 1 14 1 28 1 29 1 31 1
16 2 6 11 1 14 1 15 1 28 1 30 1 31 1
16 1 4 11 2 12 1 27 1 28 2
16 1 4 11 2 14 1 28 2 29 1
16 1 4 11 2 15 1 28 2 30 1
16 2 6 12 1 13 1 13 1 27 1 30 1 30 1
16 2 6 12 1 13 1 14 1 27 1 30 1 31 1
16 1 4 12 1 13 2 27 1 30 2
16 2 6 12 1 14 1 14 1 27 1 31 1 31 1
16 1 4 12 1 14 2 27 1 31 2
16 2 6 13 1 13 1 14 1 29 1 30 1 30 1
16 2 6 13 1 13 1 15 1 30 1 30 1 30 1
16 2 6 13 1 14 1 14 1 29 1 30 1 31 1
16 2 6 13 1 14 1 15 1 30 1 30 1 31 1
16 1 4 13 2 14 1 29 1 30 2
16 1 4 13 2 15 1 30 1 30 2
16 2 6 14 1 14 1 14 1 29 1 31 1 31 1
16 2 6 14 1 14 1 15 1 30 1 31 1 31 1
16 1 4 14 1 14 2 29 1 31 2
16 1 4 14 2 15 1 30 1 31 2
17 2 6 0 1 0 1 4 1 16 1 20 1 20 1
17 2 6 0 1 0 1 5 1 18 1 20 1 20 1
17 2 6 0 1 0 1 8 1 20 1 20 1 22 1
17 2 6 0 1 0 1 11 1 20 1 20 1 25 1
17 2 6 0 1 0 1 13 1 20 1 20 1 27 1
17 2 6 0 1 0 1 14 1 20 1 20 1 28 1
17 2 6 0 1 2 1 4 1 16 1 20 1 21 1
17 2 6 0 1 2 1 5 1 18 1 20 1 21 1
17 2 6 0 1 2 1 8 1 20 1 21 1 22 1
17 2 6 0 1 2 1 11 1 20 1 21 1 25 1
17 2 6 0 1 2 1 13 1 20 1 21 1 27 1
17 2 6 0 1 2 1 14 1 20 1 21 1 28 1
17 2 6 0 1 4 1 6 1 16 1 20 1 24 1
17 2 6 0 1 4 1 9 1 16 1 20 1 27 1
17 2 6 0 1 4 1 11 1 16 1 20 1 29 1
17 2 6 0 1 4 1 12 1 16 1 20 1 30 1
17 2 6 0 1 5 1 6 1 18 1 20 1 24 1
17 2 6 0 1 5 1 9 1 18 1 20 1 27 1
17 2 6 0 1 5 1 11 1 18 1 20 1 29 1
17 2 6 0 1 5 1 12 1 18 1 20 1 30 1
17 2 6 0 1 6 1 8 1 20 1 22 1 24 1
17 2 6 0 1 6 1 11 1 20 1 24 1 25 1
17 2 6 0 1 6 1 13 1 20 1 24 1 27 1
17 2 6 0 1 6 1 14 1 20 1 24 1 28 1
17 2 6 0 1 8 1 9 1 20 1 22 1 27 1
17 2 6 0 1 8 1 11 1 20 1 22 1 29 1
17 2 6 0 1 8 1 12 1 20 1 22 1 30 1
17 2 6 0 1 9 1 11 1 20 1 25 1 27 1
17 2 6 0 1 9 1 13 1 20 1 27 1 27 1
17 2 6 0 1 9 1 14 1 20 1 27 1 28 1
17 2 6 0 1 11 1 11 1 20 1 25 1 29 1
17 2 6 0 1 11 1 12 1 20 1 25 1 30 1
17 2 6 0 1 11 1 13 1 20 1 27 1 29 1
17 2 6 0 1 11 1 14 1 20 1 28 1 29 1
17 2 6 0 1 12 1 13 1 20 1 27 1 30 1
17 2 6 0 1 12 1 14 1 20 1 28 1 30 1
17 1 4 0 2 4 1 16 1 20 2
17 1 4 0 2 5 1 18 1 20 2
17 1 4 0 2 8 1 20 2 22 1
17 1 4 0 2 11 1 20 2 25 1
17 1 4 0 2 13 1 20 2 27 1
17 1 4 0 2 14 1 20 2 28 1
17 2 6 2 1 2 1 4 1 16 1 21 1 21 1
17 2 6 2 1 2 1 5 1 18 1 21 1 21 1
17 2 6 2 1 2 1 8 1 21 1 21 1 22 1
17 2 6 2 1 2 1 11 1 21 1 21 1 25 1
17 2 6 2 1 2 1 13 1 21 1 21 1 27 1
17 2 6 2 1 2 1 14 1 21 1 21 1 28 1
17 2 6 2 1 4 1 6 1 16 1 21 1 24 1
17 2 6 2 1 4 1 9 1 16 1 21 1 27 1
17 2 6 2 1 4 1 11 1 16 1 21 1 29 1
17 2 6 2 1 4 1 12 1 16 1 21 1 30 1
17 2 6 2 1 5 1 6 1 18 1 21 1 24 1
17 2 6 2 1 5 1 9 1 18 1 21 1 27 1
17 2 6 2 1 5 1 11 1 18 1 21 1 29 1
17 2 6 2 1 5 1 12 1 18 1 21 1 30 1
17 2 6 2 1 6 1 8 1 21 1 22 1 24 1
17 2 6 2 1 6 1 11 1 21 1 24 1 25 1
17 2 6 2 1 6 1 13 1 21 1 24 1 27 1
17 2 6 2 1 6 1 14 1 21 1 24 1 28 1
17 2 6 2 1 8 1 9 1 21 1 22 1 27 1
17 2 6 2 1 8 1 11 1 21 1 22 1 29 1
17 2 6 2 1 8 1 12 1 21 1 22 1 30 1
17 2 6 2 1 9 1 11 1 21 1 25 1 27 1
17 2 6 2 1 9 1 13 1 21 1 27 1 27 1
17 2 6 2 1 9 1 14 1 21 1 27 1 28 1
17 2 6 2 1 11 1 11 1 21 1 25 1 29 1
17 2 6 2 1 11 1 12 1 21 1 25 1 30 1
17 2 6 2 1 11 1 13 1 21 1 27 1 29 1
17 2 6 2 1 11 1 14 1 21 1 28 1 29 1
17 2 6 2 1 12 1 13 1 21 1 27 1 30 1
17 2 6 2 1 12 1 14 1 21 1 28 1 30 1
17 1 4 2 2 4 1 16 1 21 2
17 1 4 2 2 5 1 18 1 21 2
17 1 4 2 2 8 1 21 2 22 1
17 1 4 2 2 11 1 21 2 25 1
17 1 4 2 2 13 1 21 2 27 1
17 1 4 2 2 14 1 21 2 28 1
17 2 6 4 1 6 1 6 1 16 1 24 1 24 1
17 2 6 4 1 6 1 9 1 16 1 24 1 27 1
17 2 6 4 1 6 1 11 1 16 1 24 1 29 1
17 2 6 4 1 6 1 12 1 16 1 24 1 30 1
17 1 4 4 1 6 2 16 1 24 2
17 2 6 4 1 9 1 9 1 16 1 27 1 27 1
17 2 6 4 1 9 1 11 1 16 1 27 1 29 1
17 2 6 4 1 9 1 12 1 16 1 27 1 30 1
17 1 4 4 1 9 2 16 1 27 2
17 2 6 4 1 11 1 11 1 16 1 29 1 29 1
17 2 6 4 1 11 1 12 1 16 1 29 1 30 1
17 1 4 4 1 11 2 16 1 29 2
17 2 6 4 1 12 1 12 1 16 1 30 1 30 1
17 1 4 4 1 12 2 16 1 30 2
17 2 6 5 1 6 1 6 1 18 1 24 1 24 1
17 2 6 5 1 6 1 9 1 18 1 24 1 27 1
17 2 6 5 1 6 1 11 1 18 1 24 1 29 1
17 2 6 5 1 6 1 12 1 18 1 24 1 30 1
17 1 4 5 1 6 2 18 1 24 2
17 2 6 5 1 9 1 9 1 18 1 27 1 27 1
17 2 6 5 1 9 1 11 1 18 1 27 1 29 1
17 2 6 5 1 9 1 12 1 18 1 27 1 30 1
17 1 4 5 1 9 2 18 1 27 2
17 2 6 5 1 11 1 11 1 18 1 29 1 29 1
17 2 6 5 1 11 1 12 1 18 1 29 1 30 1
17 1 4 5 1 11 2 18 1 29 2
17 2 6 5 1 12 1 12 1 18 1 30 1 30 1
17 1 4 5 1 12 2 18 1 30 2
17 2 6 6 1 6 1 8 1 22 1 24 1 24 1
17 2 6 6 1 6 1 11 1 24 1 24 1 25 1
17 2 6 6 1 6 1 13 1 24 1 24 1 27 1
17 2 6 6 1 6 1 14 1 24 1 24 1 28 1
17 2 6 6 1 8 1 9 1 22 1 24 1 27 1
17 2 6 6 1 8 1 11 1 22 1 24 1 29 1
17 2 6 6 1 8 1 12 1 22 1 24 1 30 1
17 2 6 6 1 9 1 11 1 24 1 25 1 27 1
17 2 6 6 1 9 1 13 1 24 1 27 1 27 1
17 2 6 6 1 9 1 14 1 24 1 27 1 28 1
17 2 6 6 1 11 1 11 1 24 1 25 1 29 1
17 2 6 6 1 11 1 12 1 24 1 25 1 30 1
17 2 6 6 1 11 1 13 1 24 1 27 1 29 1
17 2 6 6 1 11 1 14 1 24 1 28 1 29 1
17 2 6 6 1 12 1 13 1 24 1 27 1 30 1
17 2 6 6 1 12 1 14 1 24 1 28 1 30 1
17 1 4 6 2 8 1 22 1 24 2
17 1 4 6 2 11 1 24 2 25 1
17 1 4 6 2 13 1 24 2 27 1
17 1 4 6 2 14 1 24 2 28 1
17 2 6 8 1 9 1 9 1 22 1 27 1 27 1
17 2 6 8 1 9 1 11 1 22 1 27 1 29 1
17 2 6 8 1 9 1 12 1 22 1 27 1 30 1
17 1 4 8 1 9 2 22 1 27 2
17 2 6 8 1 11 1 11 1 22 1 29 1 29 1
17 2 6 8 1 11 1 12 1 22 1 29 1 30 1
17 1 4 8 1 11 2 22 1 29 2
17 2 6 8 1 12 1 12 1 22 1 30 1 30 1
17 1 4 8 1 12 2 22 1 30 2
17 2 6 9 1 9 1 11 1 25 1 27 1 27 1
17 2 6 9 1 9 1 13 1 27 1 27 1 27 1
17 2 6 9 1 9 1 14 1 27 1 27 1 28 1
17 2 6 9 1 11 1 11 1 25 1 27 1 29 1
17 2 6 9 1 11 1 12 1 25 1 27 1 30 1
17 2 6 9 1 11 1 13 1 27 1 27 1 29 1
17 2 6 9 1 11 1 14 1 27 1 28 1 29 1
17 2 6 9 1 12 1 13 1 27 1 27 1 30 1
17 2 6 9 1 12 1 14 1 27 1 28 1 30 1
17 1 4 9 2 11 1 25 1 27 2
17 1 4 9 2 13 1 27 1 27 2
17 1 4 9 2 14 1 27 2 28 1
17 2 6 11 1 11 1 11 1 25 1 29 1 29 1
17 2 6 11 1 11 1 12 1 25 1 29 1 30 1
17 2 6 11 1 11 1 13 1 27 1 29 1 29 1
17 2 6 11 1 11 1 14 1 28 1 29 1 29 1
17 1 4 11 1 11 2 25 1 29 2
17 2 6 11 1 12 1 12 1 25 1 30 1 30 1
17 2 6 11 1 12 1 13 1 27 1 29 1 30 1
17 2 6 11 1 12 1 14 1 28 1 29 1 30 1
17 1 4 11 1 12 2 25 1 30 2
17 1 4 11 2 13 1 27 1 29 2
17 1 4 11 2 14 1 28 1 29 2
17 2 6 12 1 12 1 13 1 27 1 30 1 30 1
17 2 6 12 1 12 1 14 1 28 1 30 1 30 1
17 1 4 12 2 13 1 27 1 30 2
17 1 4 12 2 14 1 28 1 30 2
18 2 6 1 1 1 1 5 1 17 1 21 1 21 1
18 2 6 1 1 1 1 6 1 19 1 21 1 21 1
18 2 6 1 1 1 1 7 1 20 1 21 1 21 1
18 2 6 1 1 1 1 9 1 21 1 21 1 22 1
18 2 6 1 1 1 1 11 1 21 1 21 1 24 1
18 2 6 1 1 1 1 12 1 21 1 21 1 26 1
18 2 6 1 1 3 1 5 1 17 1 21 1 22 1
18 2 6 1 1 3 1 6 1 19 1 21 1 22 1
18 2 6 1 1 3 1 7 1 20 1 21 1 22 1
18 2 6 1 1 3 1 9 1 21 1 22 1 22 1
18 2 6 1 1 3 1 11 1 21 1 22 1 24 1
18 2 6 1 1 3 1 12 1 21 1 22 1 26 1
18 2 6 1 1 4 1 5 1 17 1 21 1 23 1
18 2 6 1 1 4 1 6 1 19 1 21 1 23 1
18 2 6 1 1 4 1 7 1 20 1 21 1 23 1
18 2 6 1 1 4 1 9 1 21 1 22 1 23 1
18 2 6 1 1 4 1 11 1 21 1 23 1 24 1
18 2 6 1 1 4 1 12 1 21 1 23 1 26 1
18 2 6 1 1 5 1 6 1 17 1 21 1 25 1
18 2 6 1 1 5 1 8 1 17 1 21 1 27 1
18 2 6 1 1 5 1 10 1 17 1 21 1 28 1
18 2 6 1 1 6 1 6 1 19 1 21 1 25 1
18 2 6 1 1 6 1 7 1 20 1 21 1 25 1
18 2 6 1 1 6 1 8 1 19 1 21 1 27 1
18 2 6 1 1 6 1 9 1 21 1 22 1 25 1
18 2 6 1 1 6 1 10 1 19 1 21 1 28 1
18 2 6 1 1 6 1 11 1 21 1 24 1 25 1
18 2 6 1 1 6 1 12 1 21 1 25 1 26 1
18 2 6 1 1 7 1 8 1 20 1 21 1 27 1
18 2 6 1 1 7 1 10 1 20 1 21 1 28 1
18 2 6 1 1 8 1 9 1 21 1 22 1 27 1
18 2 6 1 1 8 1 11 1 21 1 24 1 27 1
18 2 6 1 1 8 1 12 1 21 1 26 1 27 1
18 2 6 1 1 9 1 10 1 21 1 22 1 28 1
18 2 6 1 1 10 1 11 1 21 1 24 1 28 1
18 2 6 1 1 10 1 12 1 21 1 26 1 28 1
18 1 4 1 2 5 1 17 1 21 2
18 1 4 1 2 6 1 19 1 21 2
18 1 4 1 2 7 1 20 1 21 2
18 1 4 1 2 9 1 21 2 22 1
18 1 4 1 2 11 1 21 2 24 1
18 1 4 1 2 12 1 21 2 26 1
18 2 6 3 1 3 1 5 1 17 1 22 1 22 1
18 2 6 3 1 3 1 6 1 19 1 22 1 22 1
18 2 6 3 1 3 1 7 1 20 1 22 1 22 1
18 2 6 3 1 3 1 9 1 22 1 22 1 22 1
18 2 6 3 1 3 1 11 1 22 1 22 1 24 1
18 2 6 3 1 3 1 12 1 22 1 22 1 26 1
18 2 6 3 1 4 1 5 1 17 1 22 1 23 1
18 2 6 3 1 4 1 6 1 19 1 22 1 23 1
18 2 6 3 1 4 1 7 1 20 1 22 1 23 1
18 2 6 3 1 4 1 9 1 22 1 22 1 23 1
18 2 6 3 1 4 1 11 1 22 1 23 1 24 1
18 2 6 3 1 4 1 12 1 22 1 23 1 26 1
18 2 6 3 1 5 1 6 1 17 1 22 1 25 1
18 2 6 3 1 5 1 8 1 17 1 22 1 27 1
18 2 6 3 1 5 1 10 1 17 1 22 1 28 1
18 2 6 3 1 6 1 6 1 19 1 22 1 25 1
18 2 6 3 1 6 1 7 1 20 1 22 1 25 1
18 2 6 3 1 6 1 8 1 19 1 22 1 27 1
18 2 6 3 1 6 1 9 1 22 1 22 1 25 1
18 2 6 3 1 6 1 10 1 19 1 22 1 28 1
18 2 6 3 1 6 1 11 1 22 1 24 1 25 1
18 2 6 3 1 6 1 12 1 22 1 25 1 26 1
18 2 6 3 1 7 1 8 1 20 1 22 1 27 1
18 2 6 3 1 7 1 10 1 20 1 22 1 28 1
18 2 6 3 1 8 1 9 1 22 1 22 1 27 1
18 2 6 3 1 8 1 11 1 22 1 24 1 27 1
18 2 6 3 1 8 1 12 1 22 1 26 1 27 1
18 2 6 3 1 9 1 10 1 22 1 22 1 28 1
18 2 6 3 1 10 1 11 1 22 1 24 1 28 1
18 2 6 3 1 10 1 12 1 22 1 26 1 28 1
18 1 4 3 2 5 1 17 1 22 2
18 1 4 3 2 6 1 19 1 22 2
18 1 4 3 2 7 1 20 1 22 2
18 1 4 3 2 9 1 22 1 22 2
18 1 4 3 2 11 1 22 2 24 1
18 1 4 3 2 12 1 22 2 26 1
18 2 6 4 1 4 1 5 1 17 1 23 1 23 1
18 2 6 4 1 4 1 6 1 19 1 23 1 23 1
18 2 6 4 1 4 1 7 1 20 1 23 1 23 1
18 2 6 4 1 4 1 9 1 22 1 23 1 23 1
18 2 6 4 1 4 1 11 1 23 1 23 1 24 1
18 2 6 4 1 4 1 12 1 23 1 23 1 26 1
18 2 6 4 1 5 1 6 1 17 1 23 1 25 1
18 2 6 4 1 5 1 8 1 17 1 23 1 27 1
18 2 6 4 1 5 1 10 1 17 1 23 1 28 1
18 2 6 4 1 6 1 6 1 19 1 23 1 25 1
18 2 6 4 1 6 1 7 1 20 1 23 1 25 1
18 2 6 4 1 6 1 8 1 19 1 23 1 27 1
18 2 6 4 1 6 1 9 1 22 1 23 1 25 1
18 2 6 4 1 6 1 10 1 19 1 23 1 28 1
18 2 6 4 1 6 1 11 1 23 1 24 1 25 1
18 2 6 4 1 6 1 12 1 23 1 25 1 26 1
18 2 6 4 1 7 1 8 1 20 1 23 1 27 1
18 2 6 4 1 7 1 10 1 20 1 23 1 28 1
18 2 6 4 1 8 1 9 1 22 1 23 1 27 1
18 2 6 4 1 8 1 11 1 23 1 24 1 27 1
18 2 6 4 1 8 1 12 1 23 1 26 1 27 1
18 2 6 4 1 9 1 10 1 22 1 23 1 28 1
18 2 6 4 1 10 1 11 1 23 1 24 1 28 1
18 2 6 4 1 10 1 12 1 23 1 26 1 28 1
18 1 4 4 2 5 1 17 1 23 2
18 1 4 4 2 6 1 19 1 23 2
18 1 4 4 2 7 1 20 1 23 2
18 1 4 4 2 9 1 22 1 23 2
18 1 4 4 2 11 1 23 2 24 1
18 1 4 4 2 12 1 23 2 26 1
18 2 6 5 1 6 1 6 1 17 1 25 1 25 1
18 2 6 5 1 6 1 8 1 17 1 25 1 27 1
18 2 6 5 1 6 1 10 1 17 1 25 1 28 1
18 1 4 5 1 6 2 17 1 25 2
18 2 6 5 1 8 1 8 1 17 1 27 1 27 1
18 2 6 5 1 8 1 10 1 17 1 27 1 28 1
18 1 4 5 1 8 2 17 1 27 2
18 2 6 5 1 10 1 10 1 17 1 28 1 28 1
18 1 4 5 1 10 2 17 1 28 2
18 2 6 6 1 6 1 6 1 19 1 25 1 25 1
18 2 6 6 1 6 1 7 1 20 1 25 1 25 1
18 2 6 6 1 6 1 8 1 19 1 25 1 27 1
18 2 6 6 1 6 1 9 1 22 1 25 1 25 1
18 2 6 6 1 6 1 10 1 19 1 25 1 28 1
18 2 6 6 1 6 1 11 1 24 1 25 1 25 1
18 2 6 6 1 6 1 12 1 25 1 25 1 26 1
18 1 4 6 1 6 2 19 1 25 2
18 2 6 6 1 7 1 8 1 20 1 25 1 27 1
18 2 6 6 1 7 1 10 1 20 1 25 1 28 1
18 2 6 6 1 8 1 8 1 19 1 27 1 27 1
18 2 6 6 1 8 1 9 1 22 1 25 1 27 1
18 2 6 6 1 8 1 10 1 19 1 27 1 28 1
18 2 6 6 1 8 1 11 1 24 1 25 1 27 1
18 2 6 6 1 8 1 12 1 25 1 26 1 27 1
18 1 4 6 1 8 2 19 1 27 2
18 2 6 6 1 9 1 10 1 22 1 25 1 28 1
18 2 6 6 1 10 1 10 1 19 1 28 1 28 1
18 2 6 6 1 10 1 11 1 24 1 25 1 28 1
18 2 6 6 1 10 1 12 1 25 1 26 1 28 1
18 1 4 6 1 10 2 19 1 28 2
18 1 4 6 2 7 1 20 1 25 2
18 1 4 6 2 9 1 22 1 25 2
18 1 4 6 2 11 1 24 1 25 2
18 1 4 6 2 12 1 25 2 26 1
18 2 6 7 1 8 1 8 1 20 1 27 1 27 1
18 2 6 7 1 8 1 10 1 20 1 27 1 28 1
18 1 4 7 1 8 2 20 1 27 2
18 2 6 7 1 10 1 10 1 20 1 28 1 28 1
18 1 4 7 1 10 2 20 1 28 2
18 2 6 8 1 8 1 9 1 22 1 27 1 27 1
18 2 6 8 1 8 1 11 1 24 1 27 1 27 1
18 2 6 8 1 8 1 12 1 26 1 27 1 27 1
18 2 6 8 1 9 1 10 1 22 1 27 1 28 1
18 2 6 8 1 10 1 11 1 24 1 27 1 28 1
18 2 6 8 1 10 1 12 1 26 1 27 1 28 1
18 1 4 8 2 9 1 22 1 27 2
18 1 4 8 2 11 1 24 1 27 2
18 1 4 8 2 12 1 26 1 27 2
18 2 6 9 1 10 1 10 1 22 1 28 1 28 1
18 1 4 9 1 10 2 22 1 28 2
18 2 6 10 1 10 1 11 1 24 1 28 1 28 1
18 2 6 10 1 10 1 12 1 26 1 28 1 28 1
18 1 4 10 2 11 1 24 1 28 2
18 1 4 10 2 12 1 26 1 28 2
19 16 6 2 1 2 1 6 1 18 1 22 1 22 1
19 8 6 2 1 2 1 6 2 22 1 22 1 25 1
19 16 6 2 1 2 1 8 1 21 1 22 1 22 1
19 8 6 2 1 2 1 8 2 22 1 22 1 29 1
19 8 6 2 1 2 1 9 1 18 2 22 1 22 1
19 16 6 2 1 2 1 10 1 22 1 22 1 23 1
19 8 6 2 1 2 1 10 2 22 1 22 1 31 1
19 8 6 2 1 2 1 13 1 21 2 22 1 22 1
19 8 6 2 1 2 1 15 1 22 1 22 1 23 2
19 8 6 2 1 2 2 6 1 18 1 22 1 25 1
19 4 6 2 1 2 2 6 2 22 1 25 1 25 1
19 8 6 2 1 2 2 8 1 21 1 22 1 25 1
19 4 6 2 1 2 2 8 2 22 1 25 1 29 1
19 4 6 2 1 2 2 9 1 18 2 22 1 25 1
19 8 6 2 1 2 2 10 1 22 1 23 1 25 1
19 4 6 2 1 2 2 10 2 22 1 25 1 31 1
19 4 6 2 1 2 2 13 1 21 2 22 1 25 1
19 4 6 2 1 2 2 15 1 22 1 23 2 25 1
19 16 6 2 1 5 1 6 1 18 1 22 1 24 1
19 8 6 2 1 5 1 6 2 22 1 24 1 25 1
19 16 6 2 1 5 1 8 1 21 1 22 1 24 1
19 8 6 2 1 5 1 8 2 22 1 24 1 29 1
19 8 6 2 1 5 1 9 1 18 2 22 1 24 1
19 16 6 2 1 5 1 10 1 22 1 23 1 24 1
19 8 6 2 1 5 1 10 2 22 1 24 1 31 1
19 8 6 2 1 5 1 13 1 21 2 22 1 24 1
19 8 6 2 1 5 1 15 1 22 1 23 2 24 1
19 8 6 2 1 5 2 6 1 18 1 22 1 29 1
19 4 6 2 1 5 2 6 2 22 1 25 1 29 1
19 8 6 2 1 5 2 8 1 21 1 22 1 29 1
19 4 6 2 1 5 2 8 2 22 1 29 1 29 1
19 4 6 2 1 5 2 9 1 18 2 22 1 29 1
19 8 6 2 1 5 2 10 1 22 1 23 1 29 1
19 4 6 2 1 5 2 10 2 22 1 29 1 31 1
19 4 6 2 1 5 2 13 1 21 2 22 1 29 1
19 4 6 2 1 5 2 15 1 22 1 23 2 29 1
19 16 6 2 1 6 1 7 1 18 1 22 1 26 1
19 8 6 2 1 6 1 7 2 18 1 22 1 31 1
19 8 6 2 1 6 1 9 1 18 1 22 1 22 2
19 8 6 2 1 6 1 13 1 18 1 22 1 24 2
19 8 6 2 1 6 1 15 1 18 1 22 1 26 2
19 8 6 2 1 6 2 7 1 22 1 25 1 26 1
19 4 6 2 1 6 2 7 2 22 1 25 1 31 1
19 4 6 2 1 6 2 9 1 22 1 22 2 25 1
19 4 6 2 1 6 2 13 1 22 1 24 2 25 1
19 4 6 2 1 6 2 15 1 22 1 25 1 26 2
19 16 6 2 1 7 1 8 1 21 1 22 1 26 1
19 8 6 2 1 7 1 8 2 22 1 26 1 29 1
19 8 6 2 1 7 1 9 1 18 2 22 1 26 1
19 16 6 2 1 7 1 10 1 22 1 23 1 26 1
19 8 6 2 1 7 1 10 2 22 1 26 1 31 1
19 8 6 2 1 7 1 13 1 21 2 22 1 26 1
19 8 6 2 1 7 1 15 1 22 1 23 2 26 1
19 8 6 2 1 7 2 8 1 21 1 22 1 31 1
19 4 6 2 1 7 2 8 2 22 1 29 1 31 1
19 4 6 2 1 7 2 9 1 18 2 22 1 31 1
19 8 6 2 1 7 2 10 1 22 1 23 1 31 1
19 4 6 2 1 7 2 10 2 22 1 31 1 31 1
19 4 6 2 1 7 2 13 1 21 2 22 1 31 1
19 4 6 2 1 7 2 15 1 22 1 23 2 31 1
19 8 6 2 1 8 1 9 1 21 1 22 1 22 2
19 8 6 2 1 8 1 13 1 21 1 22 1 24 2
19 8 6 2 1 8 1 15 1 21 1 22 1 26 2
19 4 6 2 1 8 2 9 1 22 1 22 2 29 1
19 4 6 2 1 8 2 13 1 22 1 24 2 29 1
19 4 6 2 1 8 2 15 1 22 1 26 2 29 1
19 4 6 2 1 9 1 9 1 18 2 22 1 22 2
19 8 6 2 1 9 1 10 1 22 1 22 2 23 1
19 4 6 2 1 9 1 10 2 22 1 22 2 31 1
19 4 6 2 1 9 1 13 1 18 2 22 1 24 2
19 4 6 2 1 9 1 13 1 21 2 22 1 22 2
19 4 6 2 1 9 1 15 1 18 2 22 1 26 2
19 4 6 2 1 9 1 15 1 22 1 22 2 23 2
19 8 6 2 1 10 1 13 1 22 1 23 1 24 2
19 8 6 2 1 10 1 15 1 22 1 23 1 26 2
19 4 6 2 1 10 2 13 1 22 1 24 2 31 1
19 4 6 2 1 10 2 15 1 22 1 26 2 31 1
19 4 6 2 1 13 1 13 1 21 2 22 1 24 2
19 4 6 2 1 13 1 15 1 21 2 22 1 26 2
19 4 6 2 1 13 1 15 1 22 1 23 2 24 2
19 4 6 2 1 15 1 15 1 22 1 23 2 26 2
19 4 6 2 2 2 2 6 1 18 1 25 1 25 1
19 2 6 2 2 2 2 6 2 25 1 25 1 25 1
19 4 6 2 2 2 2 8 1 21 1 25 1 25 1
19 2 6 2 2 2 2 8 2 25 1 25 1 29 1
19 2 6 2 2 2 2 9 1 18 2 25 1 25 1
19 4 6 2 2 2 2 10 1 23 1 25 1 25 1
19 2 6 2 2 2 2 10 2 25 1 25 1 31 1
19 2 6 2 2 2 2 13 1 21 2 25 1 25 1
19 2 6 2 2 2 2 15 1 23 2 25 1 25 1
19 8 6 2 2 5 1 6 1 18 1 24 1 25 1
19 4 6 2 2 5 1 6 2 24 1 25 1 25 1
19 8 6 2 2 5 1 8 1 21 1 24 1 25 1
19 4 6 2 2 5 1 8 2 24 1 25 1 29 1
19 4 6 2 2 5 1 9 1 18 2 24 1 25 1
19 8 6 2 2 5 1 10 1 23 1 24 1 25 1
19 4 6 2 2 5 1 10 2 24 1 25 1 31 1
19 4 6 2 2 5 1 13 1 21 2 24 1 25 1
19 4 6 2 2 5 1 15 1 23 2 24 1 25 1
19 4 6 2 2 5 2 6 1 18 1 25 1 29 1
19 2 6 2 2 5 2 6 2 25 1 25 1 29 1
19 4 6 2 2 5 2 8 1 21 1 25 1 29 1
19 2 6 2 2 5 2 8 2 25 1 29 1 29 1
19 2 6 2 2 5 2 9 1 18 2 25 1 29 1
19 4 6 2 2 5 2 10 1 23 1 25 1 29 1
19 2 6 2 2 5 2 10 2 25 1 29 1 31 1
19 2 6 2 2 5 2 13 1 21 2 25 1 29 1
19 2 6 2 2 5 2 15 1 23 2 25 1 29 1
19 8 6 2 2 6 1 7 1 18 1 25 1 26 1
19 4 6 2 2 6 1 7 2 18 1 25 1 31 1
19 4 6 2 2 6 1 9 1 18 1 22 2 25 1
19 4 6 2 2 6 1 13 1 18 1 24 2 25 1
19 4 6 2 2 6 1 15 1 18 1 25 1 26 2
19 8 4 2 2 6 1 18 1 22 2
19 4 6 2 2 6 2 7 1 25 1 25 1 26 1
19 2 6 2 2 6 2 7 2 25 1 25 1 31 1
19 2 6 2 2 6 2 9 1 22 2 25 1 25 1
19 2 6 2 2 6 2 13 1 24 2 25 1 25 1
19 2 6 2 2 6 2 15 1 25 1 25 1 26 2
19 4 4 2 2 6 2 22 2 25 1
19 8 6 2 2 7 1 8 1 21 1 25 1 26 1
19 4 6 2 2 7 1 8 2 25 1 26 1 29 1
19 4 6 2 2 7 1 9 1 18 2 25 1 26 1
19 8 6 2 2 7 1 10 1 23 1 25 1 26 1
19 4 6 2 2 7 1 10 2 25 1 26 1 31 1
19 4 6 2 2 7 1 13 1 21 2 25 1 26 1
19 4 6 2 2 7 1 15 1 23 2 25 1 26 1
19 4 6 2 2 7 2 8 1 21 1 25 1 31 1
19 2 6 2 2 7 2 8 2 25 1 29 1 31 1
19 2 6 2 2 7 2 9 1 18 2 25 1 31 1
19 4 6 2 2 7 2 10 1 23 1 25 1 31 1
19 2 6 2 2 7 2 10 2 25 1 31 1 31 1
19 2 6 2 2 7 2 13 1 21 2 25 1 31 1
19 2 6 2 2 7 2 15 1 23 2 25 1 31 1
19 4 6 2 2 8 1 9 1 21 1 22 2 25 1
19 4 6 2 2 8 1 13 1 21 1 24 2 25 1
19 4 6 2 2 8 1 15 1 21 1 25 1 26 2
19 8 4 2 2 8 1 21 1 22 2
19 2 6 2 2 8 2 9 1 22 2 25 1 29 1
19 2 6 2 2 8 2 13 1 24 2 25 1 29 1
19 2 6 2 2 8 2 15 1 25 1 26 2 29 1
19 4 4 2 2 8 2 22 2 29 1
19 2 6 2 2 9 1 9 1 18 2 22 2 25 1
19 4 6 2 2 9 1 10 1 22 2 23 1 25 1
19 2 6 2 2 9 1 10 2 22 2 25 1 31 1
19 2 6 2 2 9 1 13 1 18 2 24 2 25 1
19 2 6 2 2 9 1 13 1 21 2 22 2 25 1
19 2 6 2 2 9 1 15 1 18 2 25 1 26 2
19 2 6 2 2 9 1 15 1 22 2 23 2 25 1
19 4 4 2 2 9 1 18 2 22 2
19 4 6 2 2 10 1 13 1 23 1 24 2 25 1
19 4 6 2 2 10 1 15 1 23 1 25 1 26 2
19 8 4 2 2 10 1 22 2 23 1
19 2 6 2 2 10 2 13 1 24 2 25 1 31 1
19 2 6 2 2 10 2 15 1 25 1 26 2 31 1
19 4 4 2 2 10 2 22 2 31 1
19 2 6 2 2 13 1 13 1 21 2 24 2 25 1
19 2 6 2 2 13 1 15 1 21 2 25 1 26 2
19 2 6 2 2 13 1 15 1 23 2 24 2 25 1
19 4 4 2 2 13 1 21 2 22 2
19 2 6 2 2 15 1 15 1 23 2 25 1 26 2
19 4 4 2 2 15 1 22 2 23 2
19 2 4 2 4 6 1 18 1 25 2
19 1 4 2 4 6 2 25 1 25 2
19 2 4 2 4 8 1 21 1 25 2
19 1 4 2 4 8 2 25 2 29 1
19 1 4 2 4 9 1 18 2 25 2
19 2 4 2 4 10 1 23 1 25 2
19 1 4 2 4 10 2 25 2 31 1
19 1 4 2 4 13 1 21 2 25 2
19 1 4 2 4 15 1 23 2 25 2
19 16 6 5 1 5 1 6 1 18 1 24 1 24 1
19 8 6 5 1 5 1 6 2 24 1 24 1 25 1
19 16 6 5 1 5 1 8 1 21 1 24 1 24 1
19 8 6 5 1 5 1 8 2 24 1 24 1 29 1
19 8 6 5 1 5 1 9 1 18 2 24 1 24 1
19 16 6 5 1 5 1 10 1 23 1 24 1 24 1
19 8 6 5 1 5 1 10 2 24 1 24 1 31 1
19 8 6 5 1 5 1 13 1 21 2 24 1 24 1
19 8 6 5 1 5 1 15 1 23 2 24 1 24 1
19 8 6 5 1 5 2 6 1 18 1 24 1 29 1
19 4 6 5 1 5 2 6 2 24 1 25 1 29 1
19 8 6 5 1 5 2 8 1 21 1 24 1 29 1
19 4 6 5 1 5 2 8 2 24 1 29 1 29 1
19 4 6 5 1 5 2 9 1 18 2 24 1 29 1
19 8 6 5 1 5 2 10 1 23 1 24 1 29 1
19 4 6 5 1 5 2 10 2 24 1 29 1 31 1
19 4 6 5 1 5 2 13 1 21 2 24 1 29 1
19 4 6 5 1 5 2 15 1 23 2 24 1 29 1
19 16 6 5 1 6 1 7 1 18 1 24 1 26 1
19 8 6 5 1 6 1 7 2 18 1 24 1 31 1
19 8 6 5 1 6 1 9 1 18 1 22 2 24 1
19 8 6 5 1 6 1 13 1 18 1 24 1 24 2
19 8 6 5 1 6 1 15 1 18 1 24 1 26 2
19 8 6 5 1 6 2 7 1 24 1 25 1 26 1
19 4 6 5 1 6 2 7 2 24 1 25 1 31 1
19 4 6 5 1 6 2 9 1 22 2 24 1 25 1
19 4 6 5 1 6 2 13 1 24 1 24 2 25 1
19 4 6 5 1 6 2 15 1 24 1 25 1 26 2
19 16 6 5 1 7 1 8 1 21 1 24 1 26 1
19 8 6 5 1 7 1 8 2 24 1 26 1 29 1
19 8 6 5 1 7 1 9 1 18 2 24 1 26 1
19 16 6 5 1 7 1 10 1 23 1 24 1 26 1
19 8 6 5 1 7 1 10 2 24 1 26 1 31 1
19 8 6 5 1 7 1 13 1 21 2 24 1 26 1
19 8 6 5 1 7 1 15 1 23 2 24 1 26 1
19 8 6 5 1 7 2 8 1 21 1 24 1 31 1
19 4 6 5 1 7 2 8 2 24 1 29 1 31 1
19 4 6 5 1 7 2 9 1 18 2 24 1 31 1
19 8 6 5 1 7 2 10 1 23 1 24 1 31 1
19 4 6 5 1 7 2 10 2 24 1 31 1 31 1
19 4 6 5 1 7 2 13 1 21 2 24 1 31 1
19 4 6 5 1 7 2 15 1 23 2 24 1 31 1
19 8 6 5 1 8 1 9 1 21 1 22 2 24 1
19 8 6 5 1 8 1 13 1 21 1 24 1 24 2
19 8 6 5 1 8 1 15 1 21 1 24 1 26 2
19 4 6 5 1 8 2 9 1 22 2 24 1 29 1
19 4 6 5 1 8 2 13 1 24 1 24 2 29 1
19 4 6 5 1 8 2 15 1 24 1 26 2 29 1
19 4 6 5 1 9 1 9 1 18 2 22 2 24 1
19 8 6 5 1 9 1 10 1 22 2 23 1 24 1
19 4 6 5 1 9 1 10 2 22 2 24 1 31 1
19 4 6 5 1 9 1 13 1 18 2 24 1 24 2
19 4 6 5 1 9 1 13 1 21 2 22 2 24 1
19 4 6 5 1 9 1 15 1 18 2 24 1 26 2
19 4 6 5 1 9 1 15 1 22 2 23 2 24 1
19 8 6 5 1 10 1 13 1 23 1 24 1 24 2
19 8 6 5 1 10 1 15 1 23 1 24 1 26 2
19 4 6 5 1 10 2 13 1 24 1 24 2 31 1
19 4 6 5 1 10 2 15 1 24 1 26 2 31 1
19 4 6 5 1 13 1 13 1 21 2 24 1 24 2
19 4 6 5 1 13 1 15 1 21 2 24 1 26 2
19 4 6 5 1 13 1 15 1 23 2 24 1 24 2
19 4 6 5 1 15 1 15 1 23 2 24 1 26 2
19 4 6 5 2 5 2 6 1 18 1 29 1 29 1
19 2 6 5 2 5 2 6 2 25 1 29 1 29 1
19 4 6 5 2 5 2 8 1 21 1 29 1 29 1
19 2 6 5 2 5 2 8 2 29 1 29 1 29 1
19 2 6 5 2 5 2 9 1 18 2 29 1 29 1
19 4 6 5 2 5 2 10 1 23 1 29 1 29 1
19 2 6 5 2 5 2 10 2 29 1 29 1 31 1
19 2 6 5 2 5 2 13 1 21 2 29 1 29 1
19 2 6 5 2 5 2 15 1 23 2 29 1 29 1
19 8 6 5 2 6 1 7 1 18 1 26 1 29 1
19 4 6 5 2 6 1 7 2 18 1 29 1 31 1
19 4 6 5 2 6 1 9 1 18 1 22 2 29 1
19 4 6 5 2 6 1 13 1 18 1 24 2 29 1
19 4 6 5 2 6 1 15 1 18 1 26 2 29 1
19 8 4 5 2 6 1 18 1 24 2
19 4 6 5 2 6 2 7 1 25 1 26 1 29 1
19 2 6 5 2 6 2 7 2 25 1 29 1 31 1
19 2 6 5 2 6 2 9 1 22 2 25 1 29 1
19 2 6 5 2 6 2 13 1 24 2 25 1 29 1
19 2 6 5 2 6 2 15 1 25 1 26 2 29 1
19 4 4 5 2 6 2 24 2 25 1
19 8 6 5 2 7 1 8 1 21 1 26 1 29 1
19 4 6 5 2 7 1 8 2 26 1 29 1 29 1
19 4 6 5 2 7 1 9 1 18 2 26 1 29 1
19 8 6 5 2 7 1 10 1 23 1 26 1 29 1
19 4 6 5 2 7 1 10 2 26 1 29 1 31 1
19 4 6 5 2 7 1 13 1 21 2 26 1 29 1
19 4 6 5 2 7 1 15 1 23 2 26 1 29 1
19 4 6 5 2 7 2 8 1 21 1 29 1 31 1
19 2 6 5 2 7 2 8 2 29 1 29 1 31 1
19 2 6 5 2 7 2 9 1 18 2 29 1 31 1
19 4 6 5 2 7 2 10 1 23 1 29 1 31 1
19 2 6 5 2 7 2 10 2 29 1 31 1 31 1
19 2 6 5 2 7 2 13 1 21 2 29 1 31 1
19 2 6 5 2 7 2 15 1 23 2 29 1 31 1
19 4 6 5 2 8 1 9 1 21 1 22 2 29 1
19 4 6 5 2 8 1 13 1 21 1 24 2 29 1
19 4 6 5 2 8 1 15 1 21 1 26 2 29 1
19 8 4 5 2 8 1 21 1 24 2
19 2 6 5 2 8 2 9 1 22 2 29 1 29 1
19 2 6 5 2 8 2 13 1 24 2 29 1 29 1
19 2 6 5 2 8 2 15 1 26 2 29 1 29 1
19 4 4 5 2 8 2 24 2 29 1
19 2 6 5 2 9 1 9 1 18 2 22 2 29 1
19 4 6 5 2 9 1 10 1 22 2 23 1 29 1
19 2 6 5 2 9 1 10 2 22 2 29 1 31 1
19 2 6 5 2 9 1 13 1 18 2 24 2 29 1
19 2 6 5 2 9 1 13 1 21 2 22 2 29 1
19 2 6 5 2 9 1 15 1 18 2 26 2 29 1
19 2 6 5 2 9 1 15 1 22 2 23 2 29 1
19 4 4 5 2 9 1 18 2 24 2
19 4 6 5 2 10 1 13 1 23 1 24 2 29 1
19 4 6 5 2 10 1 15 1 23 1 26 2 29 1
19 8 4 5 2 10 1 23 1 24 2
19 2 6 5 2 10 2 13 1 24 2 29 1 31 1
19 2 6 5 2 10 2 15 1 26 2 29 1 31 1
19 4 4 5 2 10 2 24 2 31 1
19 2 6 5 2 13 1 13 1 21 2 24 2 29 1
19 2 6 5 2 13 1 15 1 21 2 26 2 29 1
19 2 6 5 2 13 1 15 1 23 2 24 2 29 1
19 4 4 5 2 13 1 21 2 24 2
19 2 6 5 2 15 1 15 1 23 2 26 2 29 1
19 4 4 5 2 15 1 23 2 24 2
19 2 4 5 4 6 1 18 1 29 2
19 1 4 5 4 6 2 25 1 29 2
19 2 4 5 4 8 1 21 1 29 2
19 1 4 5 4 8 2 29 1 29 2
19 1 4 5 4 9 1 18 2 29 2
19 2 4 5 4 10 1 23 1 29 2
19 1 4 5 4 10 2 29 2 31 1
19 1 4 5 4 13 1 21 2 29 2
19 1 4 5 4 15 1 23 2 29 2
19 16 6 6 1 7 1 7 1 18 1 26 1 26 1
19 8 6 6 1 7 1 7 2 18 1 26 1 31 1
19 8 6 6 1 7 1 9 1 18 1 22 2 26 1
19 8 6 6 1 7 1 13 1 18 1 24 2 26 1
19 8 6 6 1 7 1 15 1 18 1 26 1 26 2
19 4 6 6 1 7 2 7 2 18 1 31 1 31 1
19 4 6 6 1 7 2 9 1 18 1 22 2 31 1
19 4 6 6 1 7 2 13 1 18 1 24 2 31 1
19 4 6 6 1 7 2 15 1 18 1 26 2 31 1
19 8 4 6 1 7 2 18 1 26 2
19 2 4 6 1 7 4 18 1 31 2
19 4 6 6 1 9 1 9 1 18 1 22 2 22 2
19 4 6 6 1 9 1 13 1 18 1 22 2 24 2
19 4 6 6 1 9 1 15 1 18 1 22 2 26 2
19 2 4 6 1 9 2 18 1 22 4
19 4 6 6 1 13 1 13 1 18 1 24 2 24 2
19 4 6 6 1 13 1 15 1 18 1 24 2 26 2
19 2 4 6 1 13 2 18 1 24 4
19 4 6 6 1 15 1 15 1 18 1 26 2 26 2
19 2 4 6 1 15 2 18 1 26 4
19 8 6 6 2 7 1 7 1 25 1 26 1 26 1
19 4 6 6 2 7 1 7 2 25 1 26 1 31 1
19 4 6 6 2 7 1 9 1 22 2 25 1 26 1
19 4 6 6 2 7 1 13 1 24 2 25 1 26 1
19 4 6 6 2 7 1 15 1 25 1 26 1 26 2
19 2 6 6 2 7 2 7 2 25 1 31 1 31 1
19 2 6 6 2 7 2 9 1 22 2 25 1 31 1
19 2 6 6 2 7 2 13 1 24 2 25 1 31 1
19 2 6 6 2 7 2 15 1 25 1 26 2 31 1
19 4 4 6 2 7 2 25 1 26 2
19 1 4 6 2 7 4 25 1 31 2
19 2 6 6 2 9 1 9 1 22 2 22 2 25 1
19 2 6 6 2 9 1 13 1 22 2 24 2 25 1
19 2 6 6 2 9 1 15 1 22 2 25 1 26 2
19 1 4 6 2 9 2 22 4 25 1
19 2 6 6 2 13 1 13 1 24 2 24 2 25 1
19 2 6 6 2 13 1 15 1 24 2 25 1 26 2
19 1 4 6 2 13 2 24 4 25 1
19 2 6 6 2 15 1 15 1 25 1 26 2 26 2
19 1 4 6 2 15 2 25 1 26 4
19 16 6 7 1 7 1 8 1 21 1 26 1 26 1
19 8 6 7 1 7 1 8 2 26 1 26 1 29 1
19 8 6 7 1 7 1 9 1 18 2 26 1 26 1
19 16 6 7 1 7 1 10 1 23 1 26 1 26 1
19 8 6 7 1 7 1 10 2 26 1 26 1 31 1
19 8 6 7 1 7 1 13 1 21 2 26 1 26 1
19 8 6 7 1 7 1 15 1 23 2 26 1 26 1
19 8 6 7 1 7 2 8 1 21 1 26 1 31 1
19 4 6 7 1 7 2 8 2 26 1 29 1 31 1
19 4 6 7 1 7 2 9 1 18 2 26 1 31 1
19 8 6 7 1 7 2 10 1 23 1 26 1 31 1
19 4 6 7 1 7 2 10 2 26 1 31 1 31 1
19 4 6 7 1 7 2 13 1 21 2 26 1 31 1
19 4 6 7 1 7 2 15 1 23 2 26 1 31 1
19 8 6 7 1 8 1 9 1 21 1 22 2 26 1
19 8 6 7 1 8 1 13 1 21 1 24 2 26 1
19 8 6 7 1 8 1 15 1 21 1 26 1 26 2
19 4 6 7 1 8 2 9 1 22 2 26 1 29 1
19 4 6 7 1 8 2 13 1 24 2 26 1 29 1
19 4 6 7 1 8 2 15 1 26 1 26 2 29 1
19 4 6 7 1 9 1 9 1 18 2 22 2 26 1
19 8 6 7 1 9 1 10 1 22 2 23 1 26 1
19 4 6 7 1 9 1 10 2 22 2 26 1 31 1
19 4 6 7 1 9 1 13 1 18 2 24 2 26 1
19 4 6 7 1 9 1 13 1 21 2 22 2 26 1
19 4 6 7 1 9 1 15 1 18 2 26 1 26 2
19 4 6 7 1 9 1 15 1 22 2 23 2 26 1
19 8 6 7 1 10 1 13 1 23 1 24 2 26 1
19 8 6 7 1 10 1 15 1 23 1 26 1 26 2
19 4 6 7 1 10 2 13 1 24 2 26 1 31 1
19 4 6 7 1 10 2 15 1 26 1 26 2 31 1
19 4 6 7 1 13 1 13 1 21 2 24 2 26 1
19 4 6 7 1 13 1 15 1 21 2 26 1 26 2
19 4 6 7 1 13 1 15 1 23 2 24 2 26 1
19 4 6 7 1 15 1 15 1 23 2 26 1 26 2
19 4 6 7 2 7 2 8 1 21 1 31 1 31 1
19 2 6 7 2 7 2 8 2 29 1 31 1 31 1
19 2 6 7 2 7 2 9 1 18 2 31 1 31 1
19 4 6 7 2 7 2 10 1 23 1 31 1 31 1
19 2 6 7 2 7 2 10 2 31 1 31 1 31 1
19 2 6 7 2 7 2 13 1 21 2 31 1 31 1
19 2 6 7 2 7 2 15 1 23 2 31 1 31 1
19 4 6 7 2 8 1 9 1 21 1 22 2 31 1
19 4 6 7 2 8 1 13 1 21 1 24 2 31 1
19 4 6 7 2 8 1 15 1 21 1 26 2 31 1
19 8 4 7 2 8 1 21 1 26 2
19 2 6 7 2 8 2 9 1 22 2 29 1 31 1
19 2 6 7 2 8 2 13 1 24 2 29 1 31 1
19 2 6 7 2 8 2 15 1 26 2 29 1 31 1
19 4 4 7 2 8 2 26 2 29 1
19 2 6 7 2 9 1 9 1 18 2 22 2 31 1
19 4 6 7 2 9 1 10 1 22 2 23 1 31 1
19 2 6 7 2 9 1 10 2 22 2 31 1 31 1
19 2 6 7 2 9 1 13 1 18 2 24 2 31 1
19 2 6 7 2 9 1 13 1 21 2 22 2 31 1
19 2 6 7 2 9 1 15 1 18 2 26 2 31 1
19 2 6 7 2 9 1 15 1 22 2 23 2 31 1
19 4 4 7 2 9 1 18 2 26 2
19 4 6 7 2 10 1 13 1 23 1 24 2 31 1
19 4 6 7 2 10 1 15 1 23 1 26 2 31 1
19 8 4 7 2 10 1 23 1 26 2
19 2 6 7 2 10 2 13 1 24 2 31 1 31 1
19 2 6 7 2 10 2 15 1 26 2 31 1 31 1
19 4 4 7 2 10 2 26 2 31 1
19 2 6 7 2 13 1 13 1 21 2 24 2 31 1
19 2 6 7 2 13 1 15 1 21 2 26 2 31 1
19 2 6 7 2 13 1 15 1 23 2 24 2 31 1
19 4 4 7 2 13 1 21 2 26 2
19 2 6 7 2 15 1 15 1 23 2 26 2 31 1
19 4 4 7 2 15 1 23 2 26 2
19 2 4 7 4 8 1 21 1 31 2
19 1 4 7 4 8 2 29 1 31 2
19 1 4 7 4 9 1 18 2 31 2
19 2 4 7 4 10 1 23 1 31 2
19 1 4 7 4 10 2 31 1 31 2
19 1 4 7 4 13 1 21 2 31 2
19 1 4 7 4 15 1 23 2 31 2
19 4 6 8 1 9 1 9 1 21 1 22 2 22 2
19 4 6 8 1 9 1 13 1 21 1 22 2 24 2
19 4 6 8 1 9 1 15 1 21 1 22 2 26 2
19 2 4 8 1 9 2 21 1 22 4
19 4 6 8 1 13 1 13 1 21 1 24 2 24 2
19 4 6 8 1 13 1 15 1 21 1 24 2 26 2
19 2 4 8 1 13 2 21 1 24 4
19 4 6 8 1 15 1 15 1 21 1 26 2 26 2
19 2 4 8 1 15 2 21 1 26 4
19 2 6 8 2 9 1 9 1 22 2 22 2 29 1
19 2 6 8 2 9 1 13 1 22 2 24 2 29 1
19 2 6 8 2 9 1 15 1 22 2 26 2 29 1
19 1 4 8 2 9 2 22 4 29 1
19 2 6 8 2 13 1 13 1 24 2 24 2 29 1
19 2 6 8 2 13 1 15 1 24 2 26 2 29 1
19 1 4 8 2 13 2 24 4 29 1
19 2 6 8 2 15 1 15 1 26 2 26 2 29 1
19 1 4 8 2 15 2 26 4 29 1
19 2 6 9 1 9 1 9 1 18 2 22 2 22 2
19 4 6 9 1 9 1 10 1 22 2 22 2 23 1
19 2 6 9 1 9 1 10 2 22 2 22 2 31 1
19 2 6 9 1 9 1 13 1 18 2 22 2 24 2
19 2 6 9 1 9 1 13 1 21 2 22 2 22 2
19 2 6 9 1 9 1 15 1 18 2 22 2 26 2
19 2 6 9 1 9 1 15 1 22 2 22 2 23 2
19 1 4 9 1 9 2 18 2 22 4
19 4 6 9 1 10 1 13 1 22 2 23 1 24 2
19 4 6 9 1 10 1 15 1 22 2 23 1 26 2
19 2 6 9 1 10 2 13 1 22 2 24 2 31 1
19 2 6 9 1 10 2 15 1 22 2 26 2 31 1
19 2 6 9 1 13 1 13 1 18 2 24 2 24 2
19 2 6 9 1 13 1 13 1 21 2 22 2 24 2
19 2 6 9 1 13 1 15 1 18 2 24 2 26 2
19 2 6 9 1 13 1 15 1 21 2 22 2 26 2
19 2 6 9 1 13 1 15 1 22 2 23 2 24 2
19 1 4 9 1 13 2 18 2 24 4
19 2 6 9 1 15 1 15 1 18 2 26 2 26 2
19 2 6 9 1 15 1 15 1 22 2 23 2 26 2
19 1 4 9 1 15 2 18 2 26 4
19 2 4 9 2 10 1 22 4 23 1
19 1 4 9 2 10 2 22 4 31 1
19 1 4 9 2 13 1 21 2 22 4
19 1 4 9 2 15 1 22 4 23 2
19 4 6 10 1 13 1 13 1 23 1 24 2 24 2
19 4 6 10 1 13 1 15 1 23 1 24 2 26 2
19 2 4 10 1 13 2 23 1 24 4
19 4 6 10 1 15 1 15 1 23 1 26 2 26 2
19 2 4 10 1 15 2 23 1 26 4
19 2 6 10 2 13 1 13 1 24 2 24 2 31 1
19 2 6 10 2 13 1 15 1 24 2 26 2 31 1
19 1 4 10 2 13 2 24 4 31 1
19 2 6 10 2 15 1 15 1 26 2 26 2 31 1
19 1 4 10 2 15 2 26 4 31 1
19 2 6 13 1 13 1 13 1 21 2 24 2 24 2
19 2 6 13 1 13 1 15 1 21 2 24 2 26 2
19 2 6 13 1 13 1 15 1 23 2 24 2 24 2
19 1 4 13 1 13 2 21 2 24 4
19 2 6 13 1 15 1 15 1 21 2 26 2 26 2
19 2 6 13 1 15 1 15 1 23 2 24 2 26 2
19 1 4 13 1 15 2 21 2 26 4
19 1 4 13 2 15 1 23 2 24 4
19 2 6 15 1 15 1 15 1 23 2 26 2 26 2
19 1 4 15 1 15 2 23 2 26 4
20 2 6 0 1 1 1 2 1 2 1 23 1 23 1
20 2 6 0 1 1 1 2 1 6 1 23 1 26 1
20 2 6 0 1 1 1 2 1 9 1 23 1 28 1
20 2 6 0 1 1 1 2 1 11 1 23 1 30 1
20 2 6 0 1 1 1 2 1 12 1 23 1 31 1
20 2 6 0 1 1 1 2 1 16 1 17 1 23 1
20 1 4 0 1 1 1 2 2 23 2
20 2 6 0 1 1 1 6 1 6 1 26 1 26 1
20 2 6 0 1 1 1 6 1 9 1 26 1 28 1
20 2 6 0 1 1 1 6 1 11 1 26 1 30 1
20 2 6 0 1 1 1 6 1 12 1 26 1 31 1
20 2 6 0 1 1 1 6 1 16 1 17 1 26 1
20 1 4 0 1 1 1 6 2 26 2
20 2 6 0 1 1 1 9 1 9 1 28 1 28 1
20 2 6 0 1 1 1 9 1 11 1 28 1 30 1
20 2 6 0 1 1 1 9 1 12 1 28 1 31 1
20 2 6 0 1 1 1 9 1 16 1 17 1 28 1
20 1 4 0 1 1 1 9 2 28 2
20 2 6 0 1 1 1 11 1 11 1 30 1 30 1
20 2 6 0 1 1 1 11 1 12 1 30 1 31 1
20 2 6 0 1 1 1 11 1 16 1 17 1 30 1
20 1 4 0 1 1 1 11 2 30 2
20 2 6 0 1 1 1 12 1 12 1 31 1 31 1
20 2 6 0 1 1 1 12 1 16 1 17 1 31 1
20 1 4 0 1 1 1 12 2 31 2
20 2 6 0 1 1 1 16 1 16 1 17 1 17 1
20 1 4 0 1 1 1 16 2 17 2
20 2 6 2 1 2 1 7 1 18 1 23 1 23 1
20 2 6 2 1 2 1 10 1 22 1 23 1 23 1
20 2 6 2 1 2 1 12 1 23 1 23 1 25 1
20 2 6 2 1 2 1 14 1 23 1 23 1 27 1
20 2 6 2 1 2 1 15 1 23 1 23 1 28 1
20 2 6 2 1 6 1 7 1 18 1 23 1 26 1
20 2 6 2 1 6 1 10 1 22 1 23 1 26 1
20 2 6 2 1 6 1 12 1 23 1 25 1 26 1
20 2 6 2 1 6 1 14 1 23 1 26 1 27 1
20 2 6 2 1 6 1 15 1 23 1 26 1 28 1
20 2 6 2 1 7 1 9 1 18 1 23 1 28 1
20 2 6 2 1 7 1 11 1 18 1 23 1 30 1
20 2 6 2 1 7 1 12 1 18 1 23 1 31 1
20 2 6 2 1 7 1 16 1 17 1 18 1 23 1
20 2 6 2 1 9 1 10 1 22 1 23 1 28 1
20 2 6 2 1 9 1 12 1 23 1 25 1 28 1
20 2 6 2 1 9 1 14 1 23 1 27 1 28 1
20 2 6 2 1 9 1 15 1 23 1 28 1 28 1
20 2 6 2 1 10 1 11 1 22 1 23 1 30 1
20 2 6 2 1 10 1 12 1 22 1 23 1 31 1
20 2 6 2 1 10 1 16 1 17 1 22 1 23 1
20 2 6 2 1 11 1 12 1 23 1 25 1 30 1
20 2 6 2 1 11 1 14 1 23 1 27 1 30 1
20 2 6 2 1 11 1 15 1 23 1 28 1 30 1
20 2 6 2 1 12 1 12 1 23 1 25 1 31 1
20 2 6 2 1 12 1 14 1 23 1 27 1 31 1
20 2 6 2 1 12 1 15 1 23 1 28 1 31 1
20 2 6 2 1 12 1 16 1 17 1 23 1 25 1
20 2 6 2 1 14 1 16 1 17 1 23 1 27 1
20 2 6 2 1 15 1 16 1 17 1 23 1 28 1
20 1 4 2 2 7 1 18 1 23 2
20 1 4 2 2 10 1 22 1 23 2
20 1 4 2 2 12 1 23 2 25 1
20 1 4 2 2 14 1 23 2 27 1
20 1 4 2 2 15 1 23 2 28 1
20 2 6 6 1 6 1 7 1 18 1 26 1 26 1
20 2 6 6 1 6 1 10 1 22 1 26 1 26 1
20 2 6 6 1 6 1 12 1 25 1 26 1 26 1
20 2 6 6 1 6 1 14 1 26 1 26 1 27 1
20 2 6 6 1 6 1 15 1 26 1 26 1 28 1
20 2 6 6 1 7 1 9 1 18 1 26 1 28 1
20 2 6 6 1 7 1 11 1 18 1 26 1 30 1
20 2 6 6 1 7 1 12 1 18 1 26 1 31 1
20 2 6 6 1 7 1 16 1 17 1 18 1 26 1
20 2 6 6 1 9 1 10 1 22 1 26 1 28 1
20 2 6 6 1 9 1 12 1 25 1 26 1 28 1
20 2 6 6 1 9 1 14 1 26 1 27 1 28 1
20 2 6 6 1 9 1 15 1 26 1 28 1 28 1
20 2 6 6 1 10 1 11 1 22 1 26 1 30 1
20 2 6 6 1 10 1 12 1 22 1 26 1 31 1
20 2 6 6 1 10 1 16 1 17 1 22 1 26 1
20 2 6 6 1 11 1 12 1 25 1 26 1 30 1
20 2 6 6 1 11 1 14 1 26 1 27 1 30 1
20 2 6 6 1 11 1 15 1 26 1 28 1 30 1
20 2 6 6 1 12 1 12 1 25 1 26 1 31 1
20 2 6 6 1 12 1 14 1 26 1 27 1 31 1
20 2 6 6 1 12 1 15 1 26 1 28 1 31 1
20 2 6 6 1 12 1 16 1 17 1 25 1 26 1
20 2 6 6 1 14 1 16 1 17 1 26 1 27 1
20 2 6 6 1 15 1 16 1 17 1 26 1 28 1
20 1 4 6 2 7 1 18 1 26 2
20 1 4 6 2 10 1 22 1 26 2
20 1 4 6 2 12 1 25 1 26 2
20 1 4 6 2 14 1 26 2 27 1
20 1 4 6 2 15 1 26 2 28 1
20 2 6 7 1 9 1 9 1 18 1 28 1 28 1
20 2 6 7 1 9 1 11 1 18 1 28 1 30 1
20 2 6 7 1 9 1 12 1 18 1 28 1 31 1
20 2 6 7 1 9 1 16 1 17 1 18 1 28 1
20 1 4 7 1 9 2 18 1 28 2
20 2 6 7 1 11 1 11 1 18 1 30 1 30 1
20 2 6 7 1 11 1 12 1 18 1 30 1 31 1
20 2 6 7 1 11 1 16 1 17 1 18 1 30 1
20 1 4 7 1 11 2 18 1 30 2
20 2 6 7 1 12 1 12 1 18 1 31 1 31 1
20 2 6 7 1 12 1 16 1 17 1 18 1 31 1
20 1 4 7 1 12 2 18 1 31 2
20 2 6 7 1 16 1 16 1 17 1 17 1 18 1
20 1 4 7 1 16 2 17 2 18 1
20 2 6 9 1 9 1 10 1 22 1 28 1 28 1
20 2 6 9 1 9 1 12 1 25 1 28 1 28 1
20 2 6 9 1 9 1 14 1 27 1 28 1 28 1
20 2 6 9 1 9 1 15 1 28 1 28 1 28 1
20 2 6 9 1 10 1 11 1 22 1 28 1 30 1
20 2 6 9 1 10 1 12 1 22 1 28 1 31 1
20 2 6 9 1 10 1 16 1 17 1 22 1 28 1
20 2 6 9 1 11 1 12 1 25 1 28 1 30 1
20 2 6 9 1 11 1 14 1 27 1 28 1 30 1
20 2 6 9 1 11 1 15 1 28 1 28 1 30 1
20 2 6 9 1 12 1 12 1 25 1 28 1 31 1
20 2 6 9 1 12 1 14 1 27 1 28 1 31 1
20 2 6 9 1 12 1 15 1 28 1 28 1 31 1
20 2 6 9 1 12 1 16 1 17 1 25 1 28 1
20 2 6 9 1 14 1 16 1 17 1 27 1 28 1
20 2 6 9 1 15 1 16 1 17 1 28 1 28 1
20 1 4 9 2 10 1 22 1 28 2
20 1 4 9 2 12 1 25 1 28 2
20 1 4 9 2 14 1 27 1 28 2
20 1 4 9 2 15 1 28 1 28 2
20 2 6 10 1 11 1 11 1 22 1 30 1 30 1
20 2 6 10 1 11 1 12 1 22 1 30 1 31 1
20 2 6 10 1 11 1 16 1 17 1 22 1 30 1
20 1 4 10 1 11 2 22 1 30 2
20 2 6 10 1 12 1 12 1 22 1 31 1 31 1
20 2 6 10 1 12 1 16 1 17 1 22 1 31 1
20 1 4 10 1 12 2 22 1 31 2
20 2 6 10 1 16 1 16 1 17 1 17 1 22 1
20 1 4 10 1 16 2 17 2 22 1
20 2 6 11 1 11 1 12 1 25 1 30 1 30 1
20 2 6 11 1 11 1 14 1 27 1 30 1 30 1
20 2 6 11 1 11 1 15 1 28 1 30 1 30 1
20 2 6 11 1 12 1 12 1 25 1 30 1 31 1
20 2 6 11 1 12 1 14 1 27 1 30 1 31 1
20 2 6 11 1 12 1 15 1 28 1 30 1 31 1
20 2 6 11 1 12 1 16 1 17 1 25 1 30 1
20 2 6 11 1 14 1 16 1 17 1 27 1 30 1
20 2 6 11 1 15 1 16 1 17 1 28 1 30 1
20 1 4 11 2 12 1 25 1 30 2
20 1 4 11 2 14 1 27 1 30 2
20 1 4 11 2 15 1 28 1 30 2
20 2 6 12 1 12 1 12 1 25 1 31 1 31 1
20 2 6 12 1 12 1 14 1 27 1 31 1 31 1
20 2 6 12 1 12 1 15 1 28 1 31 1 31 1
20 2 6 12 1 12 1 16 1 17 1 25 1 31 1
20 1 4 12 1 12 2 25 1 31 2
20 2 6 12 1 14 1 16 1 17 1 27 1 31 1
20 2 6 12 1 15 1 16 1 17 1 28 1 31 1
20 2 6 12 1 16 1 16 1 17 1 17 1 25 1
20 1 4 12 1 16 2 17 2 25 1
20 1 4 12 2 14 1 27 1 31 2
20 1 4 12 2 15 1 28 1 31 2
20 2 6 14 1 16 1 16 1 17 1 17 1 27 1
20 1 4 14 1 16 2 17 2 27 1
20 2 6 15 1 16 1 16 1 17 1 17 1 28 1
20 1 4 15 1 16 2 17 2 28 1
21 2 6 0 1 0 1 1 1 2 1 23 1 23 1
21 2 6 0 1 0 1 7 1 16 1 23 1 23 1
21 2 6 0 1 0 1 8 1 19 1 23 1 23 1
21 2 6 0 1 0 1 11 1 22 1 23 1 23 1
21 2 6 0 1 0 1 13 1 23 1 23 1 24 1
21 2 6 0 1 0 1 14 1 23 1 23 1 26 1
21 2 6 0 1 1 1 2 1 3 1 23 1 24 1
21 2 6 0 1 1 1 2 1 6 1 23 1 27 1
21 2 6 0 1 1 1 2 1 8 1 23 1 29 1
21 2 6 0 1 1 1 2 1 10 1 23 1 30 1
21 2 6 0 1 1 1 2 1 17 1 18 1 23 1
21 2 6 0 1 3 1 7 1 16 1 23 1 24 1
21 2 6 0 1 3 1 8 1 19 1 23 1 24 1
21 2 6 0 1 3 1 11 1 22 1 23 1 24 1
21 2 6 0 1 3 1 13 1 23 1 24 1 24 1
21 2 6 0 1 3 1 14 1 23 1 24 1 26 1
21 2 6 0 1 6 1 7 1 16 1 23 1 27 1
21 2 6 0 1 6 1 8 1 19 1 23 1 27 1
21 2 6 0 1 6 1 11 1 22 1 23 1 27 1
21 2 6 0 1 6 1 13 1 23 1 24 1 27 1
21 2 6 0 1 6 1 14 1 23 1 26 1 27 1
21 2 6 0 1 7 1 8 1 16 1 23 1 29 1
21 2 6 0 1 7 1 10 1 16 1 23 1 30 1
21 2 6 0 1 7 1 16 1 17 1 18 1 23 1
21 2 6 0 1 8 1 8 1 19 1 23 1 29 1
21 2 6 0 1 8 1 10 1 19 1 23 1 30 1
21 2 6 0 1 8 1 11 1 22 1 23 1 29 1
21 2 6 0 1 8 1 13 1 23 1 24 1 29 1
21 2 6 0 1 8 1 14 1 23 1 26 1 29 1
21 2 6 0 1 8 1 17 1 18 1 19 1 23 1
21 2 6 0 1 10 1 11 1 22 1 23 1 30 1
21 2 6 0 1 10 1 13 1 23 1 24 1 30 1
21 2 6 0 1 10 1 14 1 23 1 26 1 30 1
21 2 6 0 1 11 1 17 1 18 1 22 1 23 1
21 2 6 0 1 13 1 17 1 18 1 23 1 24 1
21 2 6 0 1 14 1 17 1 18 1 23 1 26 1
21 1 4 0 2 1 1 2 1 23 2
21 1 4 0 2 7 1 16 1 23 2
21 1 4 0 2 8 1 19 1 23 2
21 1 4 0 2 11 1 22 1 23 2
21 1 4 0 2 13 1 23 2 24 1
21 1 4 0 2 14 1 23 2 26 1
21 2 6 1 1 2 1 3 1 3 1 24 1 24 1
21 2 6 1 1 2 1 3 1 6 1 24 1 27 1
21 2 6 1 1 2 1 3 1 8 1 24 1 29 1
21 2 6 1 1 2 1 3 1 10 1 24 1 30 1
21 2 6 1 1 2 1 3 1 17 1 18 1 24 1
21 1 4 1 1 2 1 3 2 24 2
21 2 6 1 1 2 1 6 1 6 1 27 1 27 1
21 2 6 1 1 2 1 6 1 8 1 27 1 29 1
21 2 6 1 1 2 1 6 1 10 1 27 1 30 1
21 2 6 1 1 2 1 6 1 17 1 18 1 27 1
21 1 4 1 1 2 1 6 2 27 2
21 2 6 1 1 2 1 8 1 8 1 29 1 29 1
21 2 6 1 1 2 1 8 1 10 1 29 1 30 1
21 2 6 1 1 2 1 8 1 17 1 18 1 29 1
21 1 4 1 1 2 1 8 2 29 2
21 2 6 1 1 2 1 10 1 10 1 30 1 30 1
21 2 6 1 1 2 1 10 1 17 1 18 1 30 1
21 1 4 1 1 2 1 10 2 30 2
21 2 6 1 1 2 1 17 1 17 1 18 1 18 1
21 1 4 1 1 2 1 17 2 18 2
21 2 6 3 1 3 1 7 1 16 1 24 1 24 1
21 2 6 3 1 3 1 8 1 19 1 24 1 24 1
21 2 6 3 1 3 1 11 1 22 1 24 1 24 1
21 2 6 3 1 3 1 13 1 24 1 24 1 24 1
21 2 6 3 1 3 1 14 1 24 1 24 1 26 1
21 2 6 3 1 6 1 7 1 16 1 24 1 27 1
21 2 6 3 1 6 1 8 1 19 1 24 1 27 1
21 2 6 3 1 6 1 11 1 22 1 24 1 27 1
21 2 6 3 1 6 1 13 1 24 1 24 1 27 1
21 2 6 3 1 6 1 14 1 24 1 26 1 27 1
21 2 6 3 1 7 1 8 1 16 1 24 1 29 1
21 2 6 3 1 7 1 10 1 16 1 24 1 30 1
21 2 6 3 1 7 1 16 1 17 1 18 1 24 1
21 2 6 3 1 8 1 8 1 19 1 24 1 29 1
21 2 6 3 1 8 1 10 1 19 1 24 1 30 1
21 2 6 3 1 8 1 11 1 22 1 24 1 29 1
21 2 6 3 1 8 1 13 1 24 1 24 1 29 1
21 2 6 3 1 8 1 14 1 24 1 26 1 29 1
21 2 6 3 1 8 1 17 1 18 1 19 1 24 1
21 2 6 3 1 10 1 11 1 22 1 24 1 30 1
21 2 6 3 1 10 1 13 1 24 1 24 1 30 1
21 2 6 3 1 10 1 14 1 24 1 26 1 30 1
21 2 6 3 1 11 1 17 1 18 1 22 1 24 1
21 2 6 3 1 13 1 17 1 18 1 24 1 24 1
21 2 6 3 1 14 1 17 1 18 1 24 1 26 1
21 1 4 3 2 7 1 16 1 24 2
21 1 4 3 2 8 1 19 1 24 2
21 1 4 3 2 11 1 22 1 24 2
21 1 4 3 2 13 1 24 1 24 2
21 1 4 3 2 14 1 24 2 26 1
21 2 6 6 1 6 1 7 1 16 1 27 1 27 1
21 2 6 6 1 6 1 8 1 19 1 27 1 27 1
21 2 6 6 1 6 1 11 1 22 1 27 1 27 1
21 2 6 6 1 6 1 13 1 24 1 27 1 27 1
21 2 6 6 1 6 1 14 1 26 1 27 1 27 1
21 2 6 6 1 7 1 8 1 16 1 27 1 29 1
21 2 6 6 1 7 1 10 1 16 1 27 1 30 1
21 2 6 6 1 7 1 16 1 17 1 18 1 27 1
21 2 6 6 1 8 1 8 1 19 1 27 1 29 1
21 2 6 6 1 8 1 10 1 19 1 27 1 30 1
21 2 6 6 1 8 1 11 1 22 1 27 1 29 1
21 2 6 6 1 8 1 13 1 24 1 27 1 29 1
21 2 6 6 1 8 1 14 1 26 1 27 1 29 1
21 2 6 6 1 8 1 17 1 18 1 19 1 27 1
21 2 6 6 1 10 1 11 1 22 1 27 1 30 1
21 2 6 6 1 10 1 13 1 24 1 27 1 30 1
21 2 6 6 1 10 1 14 1 26 1 27 1 30 1
21 2 6 6 1 11 1 17 1 18 1 22 1 27 1
21 2 6 6 1 13 1 17 1 18 1 24 1 27 1
21 2 6 6 1 14 1 17 1 18 1 26 1 27 1
21 1 4 6 2 7 1 16 1 27 2
21 1 4 6 2 8 1 19 1 27 2
21 1 4 6 2 11 1 22 1 27 2
21 1 4 6 2 13 1 24 1 27 2
21 1 4 6 2 14 1 26 1 27 2
21 2 6 7 1 8 1 8 1 16 1 29 1 29 1
21 2 6 7 1 8 1 10 1 16 1 29 1 30 1
21 2 6 7 1 8 1 16 1 17 1 18 1 29 1
21 1 4 7 1 8 2 16 1 29 2
21 2 6 7 1 10 1 10 1 16 1 30 1 30 1
21 2 6 7 1 10 1 16 1 17 1 18 1 30 1
21 1 4 7 1 10 2 16 1 30 2
21 2 6 7 1 16 1 17 1 17 1 18 1 18 1
21 1 4 7 1 16 1 17 2 18 2
21 2 6 8 1 8 1 8 1 19 1 29 1 29 1
21 2 6 8 1 8 1 10 1 19 1 29 1 30 1
21 2 6 8 1 8 1 11 1 22 1 29 1 29 1
21 2 6 8 1 8 1 13 1 24 1 29 1 29 1
21 2 6 8 1 8 1 14 1 26 1 29 1 29 1
21 2 6 8 1 8 1 17 1 18 1 19 1 29 1
21 1 4 8 1 8 2 19 1 29 2
21 2 6 8 1 10 1 10 1 19 1 30 1 30 1
21 2 6 8 1 10 1 11 1 22 1 29 1 30 1
21 2 6 8 1 10 1 13 1 24 1 29 1 30 1
21 2 6 8 1 10 1 14 1 26 1 29 1 30 1
21 2 6 8 1 10 1 17 1 18 1 19 1 30 1
21 1 4 8 1 10 2 19 1 30 2
21 2 6 8 1 11 1 17 1 18 1 22 1 29 1
21 2 6 8 1 13 1 17 1 18 1 24 1 29 1
21 2 6 8 1 14 1 17 1 18 1 26 1 29 1
21 2 6 8 1 17 1 17 1 18 1 18 1 19 1
21 1 4 8 1 17 2 18 2 19 1
21 1 4 8 2 11 1 22 1 29 2
21 1 4 8 2 13 1 24 1 29 2
21 1 4 8 2 14 1 26 1 29 2
21 2 6 10 1 10 1 11 1 22 1 30 1 30 1
21 2 6 10 1 10 1 13 1 24 1 30 1 30 1
21 2 6 10 1 10 1 14 1 26 1 30 1 30 1
21 2 6 10 1 11 1 17 1 18 1 22 1 30 1
21 2 6 10 1 13 1 17 1 18 1 24 1 30 1
21 2 6 10 1 14 1 17 1 18 1 26 1 30 1
21 1 4 10 2 11 1 22 1 30 2
21 1 4 10 2 13 1 24 1 30 2
21 1 4 10 2 14 1 26 1 30 2
21 2 6 11 1 17 1 17 1 18 1 18 1 22 1
21 1 4 11 1 17 2 18 2 22 1
21 2 6 13 1 17 1 17 1 18 1 18 1 24 1
21 1 4 13 1 17 2 18 2 24 1
21 2 6 14 1 17 1 17 1 18 1 18 1 26 1
21 1 4 14 1 17 2 18 2 26 1
22 2 6 1 1 1 1 2 1 3 1 24 1 24 1
22 2 6 1 1 1 1 8 1 17 1 24 1 24 1
22 2 6 1 1 1 1 9 1 18 1 24 1 24 1
22 2 6 1 1 1 1 10 1 20 1 24 1 24 1
22 2 6 1 1 1 1 11 1 21 1 24 1 24 1
22 2 6 1 1 1 1 12 1 23 1 24 1 24 1
22 2 6 1 1 2 1 2 1 3 1 24 1 25 1
22 2 6 1 1 2 1 3 1 4 1 24 1 26 1
22 2 6 1 1 2 1 3 1 5 1 24 1 27 1
22 2 6 1 1 2 1 3 1 7 1 24 1 28 1
22 2 6 1 1 2 1 3 1 18 1 19 1 24 1
22 2 6 1 1 2 1 8 1 17 1 24 1 25 1
22 2 6 1 1 2 1 9 1 18 1 24 1 25 1
22 2 6 1 1 2 1 10 1 20 1 24 1 25 1
22 2 6 1 1 2 1 11 1 21 1 24 1 25 1
22 2 6 1 1 2 1 12 1 23 1 24 1 25 1
22 2 6 1 1 4 1 8 1 17 1 24 1 26 1
22 2 6 1 1 4 1 9 1 18 1 24 1 26 1
22 2 6 1 1 4 1 10 1 20 1 24 1 26 1
22 2 6 1 1 4 1 11 1 21 1 24 1 26 1
22 2 6 1 1 4 1 12 1 23 1 24 1 26 1
22 2 6 1 1 5 1 8 1 17 1 24 1 27 1
22 2 6 1 1 5 1 9 1 18 1 24 1 27 1
22 2 6 1 1 5 1 10 1 20 1 24 1 27 1
22 2 6 1 1 5 1 11 1 21 1 24 1 27 1
22 2 6 1 1 5 1 12 1 23 1 24 1 27 1
22 2 6 1 1 7 1 8 1 17 1 24 1 28 1
22 2 6 1 1 7 1 9 1 18 1 24 1 28 1
22 2 6 1 1 7 1 10 1 20 1 24 1 28 1
22 2 6 1 1 7 1 11 1 21 1 24 1 28 1
22 2 6 1 1 7 1 12 1 23 1 24 1 28 1
22 2 6 1 1 8 1 17 1 18 1 19 1 24 1
22 2 6 1 1 9 1 18 1 18 1 19 1 24 1
22 2 6 1 1 10 1 18 1 19 1 20 1 24 1
22 2 6 1 1 11 1 18 1 19 1 21 1 24 1
22 2 6 1 1 12 1 18 1 19 1 23 1 24 1
22 1 4 1 2 2 1 3 1 24 2
22 1 4 1 2 8 1 17 1 24 2
22 1 4 1 2 9 1 18 1 24 2
22 1 4 1 2 10 1 20 1 24 2
22 1 4 1 2 11 1 21 1 24 2
22 1 4 1 2 12 1 23 1 24 2
22 2 6 2 1 2 1 2 1 3 1 25 1 25 1
22 2 6 2 1 2 1 3 1 4 1 25 1 26 1
22 2 6 2 1 2 1 3 1 5 1 25 1 27 1
22 2 6 2 1 2 1 3 1 7 1 25 1 28 1
22 2 6 2 1 2 1 3 1 18 1 19 1 25 1
22 2 6 2 1 2 1 8 1 17 1 25 1 25 1
22 2 6 2 1 2 1 9 1 18 1 25 1 25 1
22 2 6 2 1 2 1 10 1 20 1 25 1 25 1
22 2 6 2 1 2 1 11 1 21 1 25 1 25 1
22 2 6 2 1 2 1 12 1 23 1 25 1 25 1
22 1 4 2 1 2 2 3 1 25 2
22 2 6 2 1 3 1 4 1 4 1 26 1 26 1
22 2 6 2 1 3 1 4 1 5 1 26 1 27 1
22 2 6 2 1 3 1 4 1 7 1 26 1 28 1
22 2 6 2 1 3 1 4 1 18 1 19 1 26 1
22 1 4 2 1 3 1 4 2 26 2
22 2 6 2 1 3 1 5 1 5 1 27 1 27 1
22 2 6 2 1 3 1 5 1 7 1 27 1 28 1
22 2 6 2 1 3 1 5 1 18 1 19 1 27 1
22 1 4 2 1 3 1 5 2 27 2
22 2 6 2 1 3 1 7 1 7 1 28 1 28 1
22 2 6 2 1 3 1 7 1 18 1 19 1 28 1
22 1 4 2 1 3 1 7 2 28 2
22 2 6 2 1 3 1 18 1 18 1 19 1 19 1
22 1 4 2 1 3 1 18 2 19 2
22 2 6 2 1 4 1 8 1 17 1 25 1 26 1
22 2 6 2 1 4 1 9 1 18 1 25 1 26 1
22 2 6 2 1 4 1 10 1 20 1 25 1 26 1
22 2 6 2 1 4 1 11 1 21 1 25 1 26 1
22 2 6 2 1 4 1 12 1 23 1 25 1 26 1
22 2 6 2 1 5 1 8 1 17 1 25 1 27 1
22 2 6 2 1 5 1 9 1 18 1 25 1 27 1
22 2 6 2 1 5 1 10 1 20 1 25 1 27 1
22 2 6 2 1 5 1 11 1 21 1 25 1 27 1
22 2 6 2 1 5 1 12 1 23 1 25 1 27 1
22 2 6 2 1 7 1 8 1 17 1 25 1 28 1
22 2 6 2 1 7 1 9 1 18 1 25 1 28 1
22 2 6 2 1 7 1 10 1 20 1 25 1 28 1
22 2 6 2 1 7 1 11 1 21 1 25 1 28 1
22 2 6 2 1 7 1 12 1 23 1 25 1 28 1
22 2 6 2 1 8 1 17 1 18 1 19 1 25 1
22 2 6 2 1 9 1 18 1 18 1 19 1 25 1
22 2 6 2 1 10 1 18 1 19 1 20 1 25 1
22 2 6 2 1 11 1 18 1 19 1 21 1 25 1
22 2 6 2 1 12 1 18 1 19 1 23 1 25 1
22 1 4 2 2 8 1 17 1 25 2
22 1 4 2 2 9 1 18 1 25 2
22 1 4 2 2 10 1 20 1 25 2
22 1 4 2 2 11 1 21 1 25 2
22 1 4 2 2 12 1 23 1 25 2
22 2 6 4 1 4 1 8 1 17 1 26 1 26 1
22 2 6 4 1 4 1 9 1 18 1 26 1 26 1
22 2 6 4 1 4 1 10 1 20 1 26 1 26 1
22 2 6 4 1 4 1 11 1 21 1 26 1 26 1
22 2 6 4 1 4 1 12 1 23 1 26 1 26 1
22 2 6 4 1 5 1 8 1 17 1 26 1 27 1
22 2 6 4 1 5 1 9 1 18 1 26 1 27 1
22 2 6 4 1 5 1 10 1 20 1 26 1 27 1
22 2 6 4 1 5 1 11 1 21 1 26 1 27 1
22 2 6 4 1 5 1 12 1 23 1 26 1 27 1
22 2 6 4 1 7 1 8 1 17 1 26 1 28 1
22 2 6 4 1 7 1 9 1 18 1 26 1 28 1
22 2 6 4 1 7 1 10 1 20 1 26 1 28 1
22 2 6 4 1 7 1 11 1 21 1 26 1 28 1
22 2 6 4 1 7 1 12 1 23 1 26 1 28 1
22 2 6 4 1 8 1 17 1 18 1 19 1 26 1
22 2 6 4 1 9 1 18 1 18 1 19 1 26 1
22 2 6 4 1 10 1 18 1 19 1 20 1 26 1
22 2 6 4 1 11 1 18 1 19 1 21 1 26 1
22 2 6 4 1 12 1 18 1 19 1 23 1 26 1
22 1 4 4 2 8 1 17 1 26 2
22 1 4 4 2 9 1 18 1 26 2
22 1 4 4 2 10 1 20 1 26 2
22 1 4 4 2 11 1 21 1 26 2
22 1 4 4 2 12 1 23 1 26 2
22 2 6 5 1 5 1 8 1 17 1 27 1 27 1
22 2 6 5 1 5 1 9 1 18 1 27 1 27 1
22 2 6 5 1 5 1 10 1 20 1 27 1 27 1
22 2 6 5 1 5 1 11 1 21 1 27 1 27 1
22 2 6 5 1 5 1 12 1 23 1 27 1 27 1
22 2 6 5 1 7 1 8 1 17 1 27 1 28 1
22 2 6 5 1 7 1 9 1 18 1 27 1 28 1
22 2 6 5 1 7 1 10 1 20 1 27 1 28 1
22 2 6 5 1 7 1 11 1 21 1 27 1 28 1
22 2 6 5 1 7 1 12 1 23 1 27 1 28 1
22 2 6 5 1 8 1 17 1 18 1 19 1 27 1
22 2 6 5 1 9 1 18 1 18 1 19 1 27 1
22 2 6 5 1 10 1 18 1 19 1 20 1 27 1
22 2 6 5 1 11 1 18 1 19 1 21 1 27 1
22 2 6 5 1 12 1 18 1 19 1 23 1 27 1
22 1 4 5 2 8 1 17 1 27 2
22 1 4 5 2 9 1 18 1 27 2
22 1 4 5 2 10 1 20 1 27 2
22 1 4 5 2 11 1 21 1 27 2
22 1 4 5 2 12 1 23 1 27 2
22 2 6 7 1 7 1 8 1 17 1 28 1 28 1
22 2 6 7 1 7 1 9 1 18 1 28 1 28 1
22 2 6 7 1 7 1 10 1 20 1 28 1 28 1
22 2 6 7 1 7 1 11 1 21 1 28 1 28 1
22 2 6 7 1 7 1 12 1 23 1 28 1 28 1
22 2 6 7 1 8 1 17 1 18 1 19 1 28 1
22 2 6 7 1 9 1 18 1 18 1 19 1 28 1
22 2 6 7 1 10 1 18 1 19 1 20 1 28 1
22 2 6 7 1 11 1 18 1 19 1 21 1 28 1
22 2 6 7 1 12 1 18 1 19 1 23 1 28 1
22 1 4 7 2 8 1 17 1 28 2
22 1 4 7 2 9 1 18 1 28 2
22 1 4 7 2 10 1 20 1 28 2
22 1 4 7 2 11 1 21 1 28 2
22 1 4 7 2 12 1 23 1 28 2
22 2 6 8 1 17 1 18 1 18 1 19 1 19 1
22 1 4 8 1 17 1 18 2 19 2
22 2 6 9 1 18 1 18 1 18 1 19 1 19 1
22 1 4 9 1 18 1 18 2 19 2
22 2 6 10 1 18 1 18 1 19 1 19 1 20 1
22 1 4 10 1 18 2 19 2 20 1
22 2 6 11 1 18 1 18 1 19 1 19 1 21 1
22 1 4 11 1 18 2 19 2 21 1
22 2 6 12 1 18 1 18 1 19 1 19 1 23 1
22 1 4 12 1 18 2 19 2 23 1
23 2 6 0 1 3 1 3 1 5 1 26 1 26 1
23 2 6 0 1 3 1 5 1 6 1 26 1 28 1
23 2 6 0 1 3 1 5 1 8 1 26 1 30 1
23 2 6 0 1 3 1 5 1 10 1 26 1 31 1
23 2 6 0 1 3 1 5 1 16 1 21 1 26 1
23 2 6 0 1 3 1 5 1 18 1 20 1 26 1
23 1 4 0 1 3 2 5 1 26 2
23 2 6 0 1 5 1 6 1 6 1 28 1 28 1
23 2 6 0 1 5 1 6 1 8 1 28 1 30 1
23 2 6 0 1 5 1 6 1 10 1 28 1 31 1
23 2 6 0 1 5 1 6 1 16 1 21 1 28 1
23 2 6 0 1 5 1 6 1 18 1 20 1 28 1
23 1 4 0 1 5 1 6 2 28 2
23 2 6 0 1 5 1 8 1 8 1 30 1 30 1
23 2 6 0 1 5 1 8 1 10 1 30 1 31 1
23 2 6 0 1 5 1 8 1 16 1 21 1 30 1
23 2 6 0 1 5 1 8 1 18 1 20 1 30 1
23 1 4 0 1 5 1 8 2 30 2
23 2 6 0 1 5 1 10 1 10 1 31 1 31 1
23 2 6 0 1 5 1 10 1 16 1 21 1 31 1
23 2 6 0 1 5 1 10 1 18 1 20 1 31 1
23 1 4 0 1 5 1 10 2 31 2
23 2 6 0 1 5 1 16 1 16 1 21 1 21 1
23 2 6 0 1 5 1 16 1 18 1 20 1 21 1
23 1 4 0 1 5 1 16 2 21 2
23 2 6 0 1 5 1 18 1 18 1 20 1 20 1
23 1 4 0 1 5 1 18 2 20 2
23 2 6 2 1 3 1 3 1 4 1 26 1 26 1
23 2 6 2 1 3 1 4 1 6 1 26 1 28 1
23 2 6 2 1 3 1 4 1 8 1 26 1 30 1
23 2 6 2 1 3 1 4 1 10 1 26 1 31 1
23 2 6 2 1 3 1 4 1 16 1 21 1 26 1
23 2 6 2 1 3 1 4 1 18 1 20 1 26 1
23 1 4 2 1 3 2 4 1 26 2
23 2 6 2 1 4 1 6 1 6 1 28 1 28 1
23 2 6 2 1 4 1 6 1 8 1 28 1 30 1
23 2 6 2 1 4 1 6 1 10 1 28 1 31 1
23 2 6 2 1 4 1 6 1 16 1 21 1 28 1
23 2 6 2 1 4 1 6 1 18 1 20 1 28 1
23 1 4 2 1 4 1 6 2 28 2
23 2 6 2 1 4 1 8 1 8 1 30 1 30 1
23 2 6 2 1 4 1 8 1 10 1 30 1 31 1
23 2 6 2 1 4 1 8 1 16 1 21 1 30 1
23 2 6 2 1 4 1 8 1 18 1 20 1 30 1
23 1 4 2 1 4 1 8 2 30 2
23 2 6 2 1 4 1 10 1 10 1 31 1 31 1
23 2 6 2 1 4 1 10 1 16 1 21 1 31 1
23 2 6 2 1 4 1 10 1 18 1 20 1 31 1
23 1 4 2 1 4 1 10 2 31 2
23 2 6 2 1 4 1 16 1 16 1 21 1 21 1
23 2 6 2 1 4 1 16 1 18 1 20 1 21 1
23 1 4 2 1 4 1 16 2 21 2
23 2 6 2 1 4 1 18 1 18 1 20 1 20 1
23 1 4 2 1 4 1 18 2 20 2
23 2 6 3 1 3 1 10 1 19 1 26 1 26 1
23 2 6 3 1 3 1 12 1 22 1 26 1 26 1
23 2 6 3 1 3 1 14 1 24 1 26 1 26 1
23 2 6 3 1 3 1 15 1 26 1 26 1 26 1
23 2 6 3 1 6 1 10 1 19 1 26 1 28 1
23 2 6 3 1 6 1 12 1 22 1 26 1 28 1
23 2 6 3 1 6 1 14 1 24 1 26 1 28 1
23 2 6 3 1 6 1 15 1 26 1 26 1 28 1
23 2 6 3 1 8 1 10 1 19 1 26 1 30 1
23 2 6 3 1 8 1 12 1 22 1 26 1 30 1
23 2 6 3 1 8 1 14 1 24 1 26 1 30 1
23 2 6 3 1 8 1 15 1 26 1 26 1 30 1
23 2 6 3 1 10 1 10 1 19 1 26 1 31 1
23 2 6 3 1 10 1 12 1 22 1 26 1 31 1
23 2 6 3 1 10 1 14 1 24 1 26 1 31 1
23 2 6 3 1 10 1 15 1 26 1 26 1 31 1
23 2 6 3 1 10 1 16 1 19 1 21 1 26 1
23 2 6 3 1 10 1 18 1 19 1 20 1 26 1
23 2 6 3 1 12 1 16 1 21 1 22 1 26 1
23 2 6 3 1 12 1 18 1 20 1 22 1 26 1
23 2 6 3 1 14 1 16 1 21 1 24 1 26 1
23 2 6 3 1 14 1 18 1 20 1 24 1 26 1
23 2 6 3 1 15 1 16 1 21 1 26 1 26 1
23 2 6 3 1 15 1 18 1 20 1 26 1 26 1
23 1 4 3 2 10 1 19 1 26 2
23 1 4 3 2 12 1 22 1 26 2
23 1 4 3 2 14 1 24 1 26 2
23 1 4 3 2 15 1 26 1 26 2
23 2 6 6 1 6 1 10 1 19 1 28 1 28 1
23 2 6 6 1 6 1 12 1 22 1 28 1 28 1
23 2 6 6 1 6 1 14 1 24 1 28 1 28 1
23 2 6 6 1 6 1 15 1 26 1 28 1 28 1
23 2 6 6 1 8 1 10 1 19 1 28 1 30 1
23 2 6 6 1 8 1 12 1 22 1 28 1 30 1
23 2 6 6 1 8 1 14 1 24 1 28 1 30 1
23 2 6 6 1 8 1 15 1 26 1 28 1 30 1
23 2 6 6 1 10 1 10 1 19 1 28 1 31 1
23 2 6 6 1 10 1 12 1 22 1 28 1 31 1
23 2 6 6 1 10 1 14 1 24 1 28 1 31 1
23 2 6 6 1 10 1 15 1 26 1 28 1 31 1
23 2 6 6 1 10 1 16 1 19 1 21 1 28 1
23 2 6 6 1 10 1 18 1 19 1 20 1 28 1
23 2 6 6 1 12 1 16 1 21 1 22 1 28 1
23 2 6 6 1 12 1 18 1 20 1 22 1 28 1
23 2 6 6 1 14 1 16 1 21 1 24 1 28 1
23 2 6 6 1 14 1 18 1 20 1 24 1 28 1
23 2 6 6 1 15 1 16 1 21 1 26 1 28 1
23 2 6 6 1 15 1 18 1 20 1 26 1 28 1
23 1 4 6 2 10 1 19 1 28 2
23 1 4 6 2 12 1 22 1 28 2
23 1 4 6 2 14 1 24 1 28 2
23 1 4 6 2 15 1 26 1 28 2
23 2 6 8 1 8 1 10 1 19 1 30 1 30 1
23 2 6 8 1 8 1 12 1 22 1 30 1 30 1
23 2 6 8 1 8 1 14 1 24 1 30 1 30 1
23 2 6 8 1 8 1 15 1 26 1 30 1 30 1
23 2 6 8 1 10 1 10 1 19 1 30 1 31 1
23 2 6 8 1 10 1 12 1 22 1 30 1 31 1
23 2 6 8 1 10 1 14 1 24 1 30 1 31 1
23 2 6 8 1 10 1 15 1 26 1 30 1 31 1
23 2 6 8 1 10 1 16 1 19 1 21 1 30 1
23 2 6 8 1 10 1 18 1 19 1 20 1 30 1
23 2 6 8 1 12 1 16 1 21 1 22 1 30 1
23 2 6 8 1 12 1 18 1 20 1 22 1 30 1
23 2 6 8 1 14 1 16 1 21 1 24 1 30 1
23 2 6 8 1 14 1 18 1 20 1 24 1 30 1
23 2 6 8 1 15 1 16 1 21 1 26 1 30 1
23 2 6 8 1 15 1 18 1 20 1 26 1 30 1
23 1 4 8 2 10 1 19 1 30 2
23 1 4 8 2 12 1 22 1 30 2
23 1 4 8 2 14 1 24 1 30 2
23 1 4 8 2 15 1 26 1 30 2
23 2 6 10 1 10 1 10 1 19 1 31 1 31 1
23 2 6 10 1 10 1 12 1 22 1 31 1 31 1
23 2 6 10 1 10 1 14 1 24 1 31 1 31 1
23 2 6 10 1 10 1 15 1 26 1 31 1 31 1
23 2 6 10 1 10 1 16 1 19 1 21 1 31 1
23 2 6 10 1 10 1 18 1 19 1 20 1 31 1
23 1 4 10 1 10 2 19 1 31 2
23 2 6 10 1 12 1 16 1 21 1 22 1 31 1
23 2 6 10 1 12 1 18 1 20 1 22 1 31 1
23 2 6 10 1 14 1 16 1 21 1 24 1 31 1
23 2 6 10 1 14 1 18 1 20 1 24 1 31 1
23 2 6 10 1 15 1 16 1 21 1 26 1 31 1
23 2 6 10 1 15 1 18 1 20 1 26 1 31 1
23 2 6 10 1 16 1 16 1 19 1 21 1 21 1
23 2 6 10 1 16 1 18 1 19 1 20 1 21 1
23 1 4 10 1 16 2 19 1 21 2
23 2 6 10 1 18 1 18 1 19 1 20 1 20 1
23 1 4 10 1 18 2 19 1 20 2
23 1 4 10 2 12 1 22 1 31 2
23 1 4 10 2 14 1 24 1 31 2
23 1 4 10 2 15 1 26 1 31 2
23 2 6 12 1 16 1 16 1 21 1 21 1 22 1
23 2 6 12 1 16 1 18 1 20 1 21 1 22 1
23 1 4 12 1 16 2 21 2 22 1
23 2 6 12 1 18 1 18 1 20 1 20 1 22 1
23 1 4 12 1 18 2 20 2 22 1
23 2 6 14 1 16 1 16 1 21 1 21 1 24 1
23 2 6 14 1 16 1 18 1 20 1 21 1 24 1
23 1 4 14 1 16 2 21 2 24 1
23 2 6 14 1 18 1 18 1 20 1 20 1 24 1
23 1 4 14 1 18 2 20 2 24 1
23 2 6 15 1 16 1 16 1 21 1 21 1 26 1
23 2 6 15 1 16 1 18 1 20 1 21 1 26 1
23 1 4 15 1 16 2 21 2 26 1
23 2 6 15 1 18 1 18 1 20 1 20 1 26 1
23 1 4 15 1 18 2 20 2 26 1
24 2 6 0 1 0 1 1 1 6 1 26 1 26 1
24 2 6 0 1 0 1 3 1 5 1 26 1 26 1
24 2 6 0 1 0 1 10 1 16 1 26 1 26 1
24 2 6 0 1 0 1 11 1 18 1 26 1 26 1
24 2 6 0 1 0 1 13 1 21 1 26 1 26 1
24 2 6 0 1 0 1 14 1 23 1 26 1 26 1
24 2 6 0 1 1 1 2 1 6 1 26 1 27 1
24 2 6 0 1 1 1 5 1 6 1 26 1 29 1
24 2 6 0 1 1 1 6 1 7 1 26 1 30 1
24 2 6 0 1 1 1 6 1 17 1 22 1 26 1
24 2 6 0 1 1 1 6 1 19 1 21 1 26 1
24 2 6 0 1 2 1 3 1 5 1 26 1 27 1
24 2 6 0 1 2 1 10 1 16 1 26 1 27 1
24 2 6 0 1 2 1 11 1 18 1 26 1 27 1
24 2 6 0 1 2 1 13 1 21 1 26 1 27 1
24 2 6 0 1 2 1 14 1 23 1 26 1 27 1
24 2 6 0 1 3 1 5 1 5 1 26 1 29 1
24 2 6 0 1 3 1 5 1 7 1 26 1 30 1
24 2 6 0 1 3 1 5 1 17 1 22 1 26 1
24 2 6 0 1 3 1 5 1 19 1 21 1 26 1
24 2 6 0 1 5 1 10 1 16 1 26 1 29 1
24 2 6 0 1 5 1 11 1 18 1 26 1 29 1
24 2 6 0 1 5 1 13 1 21 1 26 1 29 1
24 2 6 0 1 5 1 14 1 23 1 26 1 29 1
24 2 6 0 1 7 1 10 1 16 1 26 1 30 1
24 2 6 0 1 7 1 11 1 18 1 26 1 30 1
24 2 6 0 1 7 1 13 1 21 1 26 1 30 1
24 2 6 0 1 7 1 14 1 23 1 26 1 30 1
24 2 6 0 1 10 1 16 1 17 1 22 1 26 1
24 2 6 0 1 10 1 16 1 19 1 21 1 26 1
24 2 6 0 1 11 1 17 1 18 1 22 1 26 1
24 2 6 0 1 11 1 18 1 19 1 21 1 26 1
24 2 6 0 1 13 1 17 1 21 1 22 1 26 1
24 2 6 0 1 13 1 19 1 21 1 21 1 26 1
24 2 6 0 1 14 1 17 1 22 1 23 1 26 1
24 2 6 0 1 14 1 19 1 21 1 23 1 26 1
24 1 4 0 2 1 1 6 1 26 2
24 1 4 0 2 3 1 5 1 26 2
24 1 4 0 2 10 1 16 1 26 2
24 1 4 0 2 11 1 18 1 26 2
24 1 4 0 2 13 1 21 1 26 2
24 1 4 0 2 14 1 23 1 26 2
24 2 6 1 1 2 1 2 1 6 1 27 1 27 1
24 2 6 1 1 2 1 5 1 6 1 27 1 29 1
24 2 6 1 1 2 1 6 1 7 1 27 1 30 1
24 2 6 1 1 2 1 6 1 17 1 22 1 27 1
24 2 6 1 1 2 1 6 1 19 1 21 1 27 1
24 1 4 1 1 2 2 6 1 27 2
24 2 6 1 1 5 1 5 1 6 1 29 1 29 1
24 2 6 1 1 5 1 6 1 7 1 29 1 30 1
24 2 6 1 1 5 1 6 1 17 1 22 1 29 1
24 2 6 1 1 5 1 6 1 19 1 21 1 29 1
24 1 4 1 1 5 2 6 1 29 2
24 2 6 1 1 6 1 7 1 7 1 30 1 30 1
24 2 6 1 1 6 1 7 1 17 1 22 1 30 1
24 2 6 1 1 6 1 7 1 19 1 21 1 30 1
24 1 4 1 1 6 1 7 2 30 2
24 2 6 1 1 6 1 17 1 17 1 22 1 22 1
24 2 6 1 1 6 1 17 1 19 1 21 1 22 1
24 1 4 1 1 6 1 17 2 22 2
24 2 6 1 1 6 1 19 1 19 1 21 1 21 1
24 1 4 1 1 6 1 19 2 21 2
24 2 6 2 1 2 1 3 1 5 1 27 1 27 1
24 2 6 2 1 2 1 10 1 16 1 27 1 27 1
24 2 6 2 1 2 1 11 1 18 1 27 1 27 1
24 2 6 2 1 2 1 13 1 21 1 27 1 27 1
24 2 6 2 1 2 1 14 1 23 1 27 1 27 1
24 2 6 2 1 3 1 5 1 5 1 27 1 29 1
24 2 6 2 1 3 1 5 1 7 1 27 1 30 1
24 2 6 2 1 3 1 5 1 17 1 22 1 27 1
24 2 6 2 1 3 1 5 1 19 1 21 1 27 1
24 2 6 2 1 5 1 10 1 16 1 27 1 29 1
24 2 6 2 1 5 1 11 1 18 1 27 1 29 1
24 2 6 2 1 5 1 13 1 21 1 27 1 29 1
24 2 6 2 1 5 1 14 1 23 1 27 1 29 1
24 2 6 2 1 7 1 10 1 16 1 27 1 30 1
24 2 6 2 1 7 1 11 1 18 1 27 1 30 1
24 2 6 2 1 7 1 13 1 21 1 27 1 30 1
24 2 6 2 1 7 1 14 1 23 1 27 1 30 1
24 2 6 2 1 10 1 16 1 17 1 22 1 27 1
24 2 6 2 1 10 1 16 1 19 1 21 1 27 1
24 2 6 2 1 11 1 17 1 18 1 22 1 27 1
24 2 6 2 1 11 1 18 1 19 1 21 1 27 1
24 2 6 2 1 13 1 17 1 21 1 22 1 27 1
24 2 6 2 1 13 1 19 1 21 1 21 1 27 1
24 2 6 2 1 14 1 17 1 22 1 23 1 27 1
24 2 6 2 1 14 1 19 1 21 1 23 1 27 1
24 1 4 2 2 3 1 5 1 27 2
24 1 4 2 2 10 1 16 1 27 2
24 1 4 2 2 11 1 18 1 27 2
24 1 4 2 2 13 1 21 1 27 2
24 1 4 2 2 14 1 23 1 27 2
24 2 6 3 1 5 1 5 1 5 1 29 1 29 1
24 2 6 3 1 5 1 5 1 7 1 29 1 30 1
24 2 6 3 1 5 1 5 1 17 1 22 1 29 1
24 2 6 3 1 5 1 5 1 19 1 21 1 29 1
24 1 4 3 1 5 1 5 2 29 2
24 2 6 3 1 5 1 7 1 7 1 30 1 30 1
24 2 6 3 1 5 1 7 1 17 1 22 1 30 1
24 2 6 3 1 5 1 7 1 19 1 21 1 30 1
24 1 4 3 1 5 1 7 2 30 2
24 2 6 3 1 5 1 17 1 17 1 22 1 22 1
24 2 6 3 1 5 1 17 1 19 1 21 1 22 1
24 1 4 3 1 5 1 17 2 22 2
24 2 6 3 1 5 1 19 1 19 1 21 1 21 1
24 1 4 3 1 5 1 19 2 21 2
24 2 6 5 1 5 1 10 1 16 1 29 1 29 1
24 2 6 5 1 5 1 11 1 18 1 29 1 29 1
24 2 6 5 1 5 1 13 1 21 1 29 1 29 1
24 2 6 5 1 5 1 14 1 23 1 29 1 29 1
24 2 6 5 1 7 1 10 1 16 1 29 1 30 1
24 2 6 5 1 7 1 11 1 18 1 29 1 30 1
24 2 6 5 1 7 1 13 1 21 1 29 1 30 1
24 2 6 5 1 7 1 14 1 23 1 29 1 30 1
24 2 6 5 1 10 1 16 1 17 1 22 1 29 1
24 2 6 5 1 10 1 16 1 19 1 21 1 29 1
24 2 6 5 1 11 1 17 1 18 1 22 1 29 1
24 2 6 5 1 11 1 18 1 19 1 21 1 29 1
24 2 6 5 1 13 1 17 1 21 1 22 1 29 1
24 2 6 5 1 13 1 19 1 21 1 21 1 29 1
24 2 6 5 1 14 1 17 1 22 1 23 1 29 1
24 2 6 5 1 14 1 19 1 21 1 23 1 29 1
24 1 4 5 2 10 1 16 1 29 2
24 1 4 5 2 11 1 18 1 29 2
24 1 4 5 2 13 1 21 1 29 2
24 1 4 5 2 14 1 23 1 29 2
24 2 6 7 1 7 1 10 1 16 1 30 1 30 1
24 2 6 7 1 7 1 11 1 18 1 30 1 30 1
24 2 6 7 1 7 1 13 1 21 1 30 1 30 1
24 2 6 7 1 7 1 14 1 23 1 30 1 30 1
24 2 6 7 1 10 1 16 1 17 1 22 1 30 1
24 2 6 7 1 10 1 16 1 19 1 21 1 30 1
24 2 6 7 1 11 1 17 1 18 1 22 1 30 1
24 2 6 7 1 11 1 18 1 19 1 21 1 30 1
24 2 6 7 1 13 1 17 1 21 1 22 1 30 1
24 2 6 7 1 13 1 19 1 21 1 21 1 30 1
24 2 6 7 1 14 1 17 1 22 1 23 1 30 1
24 2 6 7 1 14 1 19 1 21 1 23 1 30 1
24 1 4 7 2 10 1 16 1 30 2
24 1 4 7 2 11 1 18 1 30 2
24 1 4 7 2 13 1 21 1 30 2
24 1 4 7 2 14 1 23 1 30 2
24 2 6 10 1 16 1 17 1 17 1 22 1 22 1
24 2 6 10 1 16 1 17 1 19 1 21 1 22 1
24 1 4 10 1 16 1 17 2 22 2
24 2 6 10 1 16 1 19 1 19 1 21 1 21 1
24 1 4 10 1 16 1 19 2 21 2
24 2 6 11 1 17 1 17 1 18 1 22 1 22 1
24 2 6 11 1 17 1 18 1 19 1 21 1 22 1
24 1 4 11 1 17 2 18 1 22 2
24 2 6 11 1 18 1 19 1 19 1 21 1 21 1
24 1 4 11 1 18 1 19 2 21 2
24 2 6 13 1 17 1 17 1 21 1 22 1 22 1
24 2 6 13 1 17 1 19 1 21 1 21 1 22 1
24 1 4 13 1 17 2 21 1 22 2
24 2 6 13 1 19 1 19 1 21 1 21 1 21 1
24 1 4 13 1 19 2 21 1 21 2
24 2 6 14 1 17 1 17 1 22 1 22 1 23 1
24 2 6 14 1 17 1 19 1 21 1 22 1 23 1
24 1 4 14 1 17 2 22 2 23 1
24 2 6 14 1 19 1 19 1 21 1 21 1 23 1
24 1 4 14 1 19 2 21 2 23 1
25 16 6 1 1 1 1 2 1 6 1 27 1 27 1
25 8 6 1 1 1 1 2 2 3 1 27 1 27 1
25 8 6 1 1 1 1 6 2 19 1 27 1 27 1
25 16 6 1 1 1 1 11 1 17 1 27 1 27 1
25 8 6 1 1 1 1 11 2 27 1 27 1 29 1
25 16 6 1 1 1 1 12 1 20 1 27 1 27 1
25 8 6 1 1 1 1 12 2 27 1 27 1 31 1
25 8 6 1 1 1 1 13 1 17 2 27 1 27 1
25 8 6 1 1 1 1 15 1 20 2 27 1 27 1
25 8 6 1 1 1 2 2 1 6 1 27 1 29 1
25 4 6 1 1 1 2 2 2 3 1 27 1 29 1
25 4 6 1 1 1 2 6 2 19 1 27 1 29 1
25 8 6 1 1 1 2 11 1 17 1 27 1 29 1
25 4 6 1 1 1 2 11 2 27 1 29 1 29 1
25 8 6 1 1 1 2 12 1 20 1 27 1 29 1
25 4 6 1 1 1 2 12 2 27 1 29 1 31 1
25 4 6 1 1 1 2 13 1 17 2 27 1 29 1
25 4 6 1 1 1 2 15 1 20 2 27 1 29 1
25 8 6 1 1 2 1 3 1 6 1 22 2 27 1
25 16 6 1 1 2 1 4 1 6 1 27 1 28 1
25 8 6 1 1 2 1 4 2 6 1 27 1 31 1
25 8 6 1 1 2 1 6 1 13 1 27 1 27 2
25 8 6 1 1 2 1 6 1 15 1 27 1 28 2
25 16 6 1 1 2 1 6 1 18 1 22 1 27 1
25 8 6 1 1 2 1 6 1 18 2 19 1 27 1
25 4 6 1 1 2 2 3 1 3 1 22 2 27 1
25 8 6 1 1 2 2 3 1 4 1 27 1 28 1
25 4 6 1 1 2 2 3 1 4 2 27 1 31 1
25 4 6 1 1 2 2 3 1 13 1 27 1 27 2
25 4 6 1 1 2 2 3 1 15 1 27 1 28 2
25 8 6 1 1 2 2 3 1 18 1 22 1 27 1
25 4 6 1 1 2 2 3 1 18 2 19 1 27 1
25 4 6 1 1 3 1 6 2 19 1 22 2 27 1
25 8 6 1 1 3 1 11 1 17 1 22 2 27 1
25 4 6 1 1 3 1 11 2 22 2 27 1 29 1
25 8 6 1 1 3 1 12 1 20 1 22 2 27 1
25 4 6 1 1 3 1 12 2 22 2 27 1 31 1
25 4 6 1 1 3 1 13 1 17 2 22 2 27 1
25 4 6 1 1 3 1 15 1 20 2 22 2 27 1
25 8 6 1 1 4 1 6 2 19 1 27 1 28 1
25 16 6 1 1 4 1 11 1 17 1 27 1 28 1
25 8 6 1 1 4 1 11 2 27 1 28 1 29 1
25 16 6 1 1 4 1 12 1 20 1 27 1 28 1
25 8 6 1 1 4 1 12 2 27 1 28 1 31 1
25 8 6 1 1 4 1 13 1 17 2 27 1 28 1
25 8 6 1 1 4 1 15 1 20 2 27 1 28 1
25 4 6 1 1 4 2 6 2 19 1 27 1 31 1
25 8 6 1 1 4 2 11 1 17 1 27 1 31 1
25 4 6 1 1 4 2 11 2 27 1 29 1 31 1
25 8 6 1 1 4 2 12 1 20 1 27 1 31 1
25 4 6 1 1 4 2 12 2 27 1 31 1 31 1
25 4 6 1 1 4 2 13 1 17 2 27 1 31 1
25 4 6 1 1 4 2 15 1 20 2 27 1 31 1
25 4 6 1 1 6 2 13 1 19 1 27 1 27 2
25 4 6 1 1 6 2 15 1 19 1 27 1 28 2
25 8 6 1 1 6 2 18 1 19 1 22 1 27 1
25 4 6 1 1 6 2 18 2 19 1 19 1 27 1
25 8 6 1 1 11 1 13 1 17 1 27 1 27 2
25 8 6 1 1 11 1 15 1 17 1 27 1 28 2
25 16 6 1 1 11 1 17 1 18 1 22 1 27 1
25 8 6 1 1 11 1 17 1 18 2 19 1 27 1
25 4 6 1 1 11 2 13 1 27 1 27 2 29 1
25 4 6 1 1 11 2 15 1 27 1 28 2 29 1
25 8 6 1 1 11 2 18 1 22 1 27 1 29 1
25 4 6 1 1 11 2 18 2 19 1 27 1 29 1
25 8 6 1 1 12 1 13 1 20 1 27 1 27 2
25 8 6 1 1 12 1 15 1 20 1 27 1 28 2
25 16 6 1 1 12 1 18 1 20 1 22 1 27 1
25 8 6 1 1 12 1 18 2 19 1 20 1 27 1
25 4 6 1 1 12 2 13 1 27 1 27 2 31 1
25 4 6 1 1 12 2 15 1 27 1 28 2 31 1
25 8 6 1 1 12 2 18 1 22 1 27 1 31 1
25 4 6 1 1 12 2 18 2 19 1 27 1 31 1
25 4 6 1 1 13 1 13 1 17 2 27 1 27 2
25 4 6 1 1 13 1 15 1 17 2 27 1 28 2
25 4 6 1 1 13 1 15 1 20 2 27 1 27 2
25 8 6 1 1 13 1 17 2 18 1 22 1 27 1
25 4 6 1 1 13 1 17 2 18 2 19 1 27 1
25 4 6 1 1 15 1 15 1 20 2 27 1 28 2
25 8 6 1 1 15 1 18 1 20 2 22 1 27 1
25 4 6 1 1 15 1 18 2 19 1 20 2 27 1
25 4 6 1 2 1 2 2 1 6 1 29 1 29 1
25 2 6 1 2 1 2 2 2 3 1 29 1 29 1
25 2 6 1 2 1 2 6 2 19 1 29 1 29 1
25 4 6 1 2 1 2 11 1 17 1 29 1 29 1
25 2 6 1 2 1 2 11 2 29 1 29 1 29 1
25 4 6 1 2 1 2 12 1 20 1 29 1 29 1
25 2 6 1 2 1 2 12 2 29 1 29 1 31 1
25 2 6 1 2 1 2 13 1 17 2 29 1 29 1
25 2 6 1 2 1 2 15 1 20 2 29 1 29 1
25 4 6 1 2 2 1 3 1 6 1 22 2 29 1
25 8 6 1 2 2 1 4 1 6 1 28 1 29 1
25 4 6 1 2 2 1 4 2 6 1 29 1 31 1
25 4 6 1 2 2 1 6 1 13 1 27 2 29 1
25 4 6 1 2 2 1 6 1 15 1 28 2 29 1
25 8 6 1 2 2 1 6 1 18 1 22 1 29 1
25 4 6 1 2 2 1 6 1 18 2 19 1 29 1
25 8 4 1 2 2 1 6 1 27 2
25 2 6 1 2 2 2 3 1 3 1 22 2 29 1
25 4 6 1 2 2 2 3 1 4 1 28 1 29 1
25 2 6 1 2 2 2 3 1 4 2 29 1 31 1
25 2 6 1 2 2 2 3 1 13 1 27 2 29 1
25 2 6 1 2 2 2 3 1 15 1 28 2 29 1
25 4 6 1 2 2 2 3 1 18 1 22 1 29 1
25 2 6 1 2 2 2 3 1 18 2 19 1 29 1
25 4 4 1 2 2 2 3 1 27 2
25 2 6 1 2 3 1 6 2 19 1 22 2 29 1
25 4 6 1 2 3 1 11 1 17 1 22 2 29 1
25 2 6 1 2 3 1 11 2 22 2 29 1 29 1
25 4 6 1 2 3 1 12 1 20 1 22 2 29 1
25 2 6 1 2 3 1 12 2 22 2 29 1 31 1
25 2 6 1 2 3 1 13 1 17 2 22 2 29 1
25 2 6 1 2 3 1 15 1 20 2 22 2 29 1
25 4 6 1 2 4 1 6 2 19 1 28 1 29 1
25 8 6 1 2 4 1 11 1 17 1 28 1 29 1
25 4 6 1 2 4 1 11 2 28 1 29 1 29 1
25 8 6 1 2 4 1 12 1 20 1 28 1 29 1
25 4 6 1 2 4 1 12 2 28 1 29 1 31 1
25 4 6 1 2 4 1 13 1 17 2 28 1 29 1
25 4 6 1 2 4 1 15 1 20 2 28 1 29 1
25 2 6 1 2 4 2 6 2 19 1 29 1 31 1
25 4 6 1 2 4 2 11 1 17 1 29 1 31 1
25 2 6 1 2 4 2 11 2 29 1 29 1 31 1
25 4 6 1 2 4 2 12 1 20 1 29 1 31 1
25 2 6 1 2 4 2 12 2 29 1 31 1 31 1
25 2 6 1 2 4 2 13 1 17 2 29 1 31 1
25 2 6 1 2 4 2 15 1 20 2 29 1 31 1
25 2 6 1 2 6 2 13 1 19 1 27 2 29 1
25 2 6 1 2 6 2 15 1 19 1 28 2 29 1
25 4 6 1 2 6 2 18 1 19 1 22 1 29 1
25 2 6 1 2 6 2 18 2 19 1 19 1 29 1
25 4 4 1 2 6 2 19 1 27 2
25 4 6 1 2 11 1 13 1 17 1 27 2 29 1
25 4 6 1 2 11 1 15 1 17 1 28 2 29 1
25 8 6 1 2 11 1 17 1 18 1 22 1 29 1
25 4 6 1 2 11 1 17 1 18 2 19 1 29 1
25 8 4 1 2 11 1 17 1 27 2
25 2 6 1 2 11 2 13 1 27 2 29 1 29 1
25 2 6 1 2 11 2 15 1 28 2 29 1 29 1
25 4 6 1 2 11 2 18 1 22 1 29 1 29 1
25 2 6 1 2 11 2 18 2 19 1 29 1 29 1
25 4 4 1 2 11 2 27 2 29 1
25 4 6 1 2 12 1 13 1 20 1 27 2 29 1
25 4 6 1 2 12 1 15 1 20 1 28 2 29 1
25 8 6 1 2 12 1 18 1 20 1 22 1 29 1
25 4 6 1 2 12 1 18 2 19 1 20 1 29 1
25 8 4 1 2 12 1 20 1 27 2
25 2 6 1 2 12 2 13 1 27 2 29 1 31 1
25 2 6 1 2 12 2 15 1 28 2 29 1 31 1
25 4 6 1 2 12 2 18 1 22 1 29 1 31 1
25 2 6 1 2 12 2 18 2 19 1 29 1 31 1
25 4 4 1 2 12 2 27 2 31 1
25 2 6 1 2 13 1 13 1 17 2 27 2 29 1
25 2 6 1 2 13 1 15 1 17 2 28 2 29 1
25 2 6 1 2 13 1 15 1 20 2 27 2 29 1
25 4 6 1 2 13 1 17 2 18 1 22 1 29 1
25 2 6 1 2 13 1 17 2 18 2 19 1 29 1
25 4 4 1 2 13 1 17 2 27 2
25 2 6 1 2 15 1 15 1 20 2 28 2 29 1
25 4 6 1 2 15 1 18 1 20 2 22 1 29 1
25 2 6 1 2 15 1 18 2 19 1 20 2 29 1
25 4 4 1 2 15 1 20 2 27 2
25 2 4 1 4 2 1 6 1 29 2
25 1 4 1 4 2 2 3 1 29 2
25 1 4 1 4 6 2 19 1 29 2
25 2 4 1 4 11 1 17 1 29 2
25 1 4 1 4 11 2 29 1 29 2
25 2 4 1 4 12 1 20 1 29 2
25 1 4 1 4 12 2 29 2 31 1
25 1 4 1 4 13 1 17 2 29 2
25 1 4 1 4 15 1 20 2 29 2
25 4 6 2 1 3 1 3 1 6 1 22 2 22 2
25 8 6 2 1 3 1 4 1 6 1 22 2 28 1
25 4 6 2 1 3 1 4 2 6 1 22 2 31 1
25 4 6 2 1 3 1 6 1 13 1 22 2 27 2
25 4 6 2 1 3 1 6 1 15 1 22 2 28 2
25 8 6 2 1 3 1 6 1 18 1 22 1 22 2
25 4 6 2 1 3 1 6 1 18 2 19 1 22 2
25 2 4 2 1 3 2 6 1 22 4
25 16 6 2 1 4 1 4 1 6 1 28 1 28 1
25 8 6 2 1 4 1 4 2 6 1 28 1 31 1
25 8 6 2 1 4 1 6 1 13 1 27 2 28 1
25 8 6 2 1 4 1 6 1 15 1 28 1 28 2
25 16 6 2 1 4 1 6 1 18 1 22 1 28 1
25 8 6 2 1 4 1 6 1 18 2 19 1 28 1
25 4 6 2 1 4 2 4 2 6 1 31 1 31 1
25 4 6 2 1 4 2 6 1 13 1 27 2 31 1
25 4 6 2 1 4 2 6 1 15 1 28 2 31 1
25 8 6 2 1 4 2 6 1 18 1 22 1 31 1
25 4 6 2 1 4 2 6 1 18 2 19 1 31 1
25 8 4 2 1 4 2 6 1 28 2
25 2 4 2 1 4 4 6 1 31 2
25 4 6 2 1 6 1 13 1 13 1 27 2 27 2
25 4 6 2 1 6 1 13 1 15 1 27 2 28 2
25 8 6 2 1 6 1 13 1 18 1 22 1 27 2
25 4 6 2 1 6 1 13 1 18 2 19 1 27 2
25 2 4 2 1 6 1 13 2 27 4
25 4 6 2 1 6 1 15 1 15 1 28 2 28 2
25 8 6 2 1 6 1 15 1 18 1 22 1 28 2
25 4 6 2 1 6 1 15 1 18 2 19 1 28 2
25 2 4 2 1 6 1 15 2 28 4
25 16 6 2 1 6 1 18 1 18 1 22 1 22 1
25 8 6 2 1 6 1 18 1 18 2 19 1 22 1
25 4 6 2 1 6 1 18 2 18 2 19 1 19 1
25 8 4 2 1 6 1 18 2 22 2
25 2 4 2 1 6 1 18 4 19 2
25 2 6 2 2 3 1 3 1 3 1 22 2 22 2
25 4 6 2 2 3 1 3 1 4 1 22 2 28 1
25 2 6 2 2 3 1 3 1 4 2 22 2 31 1
25 2 6 2 2 3 1 3 1 13 1 22 2 27 2
25 2 6 2 2 3 1 3 1 15 1 22 2 28 2
25 4 6 2 2 3 1 3 1 18 1 22 1 22 2
25 2 6 2 2 3 1 3 1 18 2 19 1 22 2
25 1 4 2 2 3 1 3 2 22 4
25 8 6 2 2 3 1 4 1 4 1 28 1 28 1
25 4 6 2 2 3 1 4 1 4 2 28 1 31 1
25 4 6 2 2 3 1 4 1 13 1 27 2 28 1
25 4 6 2 2 3 1 4 1 15 1 28 1 28 2
25 8 6 2 2 3 1 4 1 18 1 22 1 28 1
25 4 6 2 2 3 1 4 1 18 2 19 1 28 1
25 2 6 2 2 3 1 4 2 4 2 31 1 31 1
25 2 6 2 2 3 1 4 2 13 1 27 2 31 1
25 2 6 2 2 3 1 4 2 15 1 28 2 31 1
25 4 6 2 2 3 1 4 2 18 1 22 1 31 1
25 2 6 2 2 3 1 4 2 18 2 19 1 31 1
25 4 4 2 2 3 1 4 2 28 2
25 1 4 2 2 3 1 4 4 31 2
25 2 6 2 2 3 1 13 1 13 1 27 2 27 2
25 2 6 2 2 3 1 13 1 15 1 27 2 28 2
25 4 6 2 2 3 1 13 1 18 1 22 1 27 2
25 2 6 2 2 3 1 13 1 18 2 19 1 27 2
25 1 4 2 2 3 1 13 2 27 4
25 2 6 2 2 3 1 15 1 15 1 28 2 28 2
25 4 6 2 2 3 1 15 1 18 1 22 1 28 2
25 2 6 2 2 3 1 15 1 18 2 19 1 28 2
25 1 4 2 2 3 1 15 2 28 4
25 8 6 2 2 3 1 18 1 18 1 22 1 22 1
25 4 6 2 2 3 1 18 1 18 2 19 1 22 1
25 2 6 2 2 3 1 18 2 18 2 19 1 19 1
25 4 4 2 2 3 1 18 2 22 2
25 1 4 2 2 3 1 18 4 19 2
25 2 6 3 1 3 1 6 2 19 1 22 2 22 2
25 4 6 3 1 3 1 11 1 17 1 22 2 22 2
25 2 6 3 1 3 1 11 2 22 2 22 2 29 1
25 4 6 3 1 3 1 12 1 20 1 22 2 22 2
25 2 6 3 1 3 1 12 2 22 2 22 2 31 1
25 2 6 3 1 3 1 13 1 17 2 22 2 22 2
25 2 6 3 1 3 1 15 1 20 2 22 2 22 2
25 4 6 3 1 4 1 6 2 19 1 22 2 28 1
25 8 6 3 1 4 1 11 1 17 1 22 2 28 1
25 4 6 3 1 4 1 11 2 22 2 28 1 29 1
25 8 6 3 1 4 1 12 1 20 1 22 2 28 1
25 4 6 3 1 4 1 12 2 22 2 28 1 31 1
25 4 6 3 1 4 1 13 1 17 2 22 2 28 1
25 4 6 3 1 4 1 15 1 20 2 22 2 28 1
25 2 6 3 1 4 2 6 2 19 1 22 2 31 1
25 4 6 3 1 4 2 11 1 17 1 22 2 31 1
25 2 6 3 1 4 2 11 2 22 2 29 1 31 1
25 4 6 3 1 4 2 12 1 20 1 22 2 31 1
25 2 6 3 1 4 2 12 2 22 2 31 1 31 1
25 2 6 3 1 4 2 13 1 17 2 22 2 31 1
25 2 6 3 1 4 2 15 1 20 2 22 2 31 1
25 2 6 3 1 6 2 13 1 19 1 22 2 27 2
25 2 6 3 1 6 2 15 1 19 1 22 2 28 2
25 4 6 3 1 6 2 18 1 19 1 22 1 22 2
25 2 6 3 1 6 2 18 2 19 1 19 1 22 2
25 4 6 3 1 11 1 13 1 17 1 22 2 27 2
25 4 6 3 1 11 1 15 1 17 1 22 2 28 2
25 8 6 3 1 11 1 17 1 18 1 22 1 22 2
25 4 6 3 1 11 1 17 1 18 2 19 1 22 2
25 2 6 3 1 11 2 13 1 22 2 27 2 29 1
25 2 6 3 1 11 2 15 1 22 2 28 2 29 1
25 4 6 3 1 11 2 18 1 22 1 22 2 29 1
25 2 6 3 1 11 2 18 2 19 1 22 2 29 1
25 4 6 3 1 12 1 13 1 20 1 22 2 27 2
25 4 6 3 1 12 1 15 1 20 1 22 2 28 2
25 8 6 3 1 12 1 18 1 20 1 22 1 22 2
25 4 6 3 1 12 1 18 2 19 1 20 1 22 2
25 2 6 3 1 12 2 13 1 22 2 27 2 31 1
25 2 6 3 1 12 2 15 1 22 2 28 2 31 1
25 4 6 3 1 12 2 18 1 22 1 22 2 31 1
25 2 6 3 1 12 2 18 2 19 1 22 2 31 1
25 2 6 3 1 13 1 13 1 17 2 22 2 27 2
25 2 6 3 1 13 1 15 1 17 2 22 2 28 2
25 2 6 3 1 13 1 15 1 20 2 22 2 27 2
25 4 6 3 1 13 1 17 2 18 1 22 1 22 2
25 2 6 3 1 13 1 17 2 18 2 19 1 22 2
25 2 6 3 1 15 1 15 1 20 2 22 2 28 2
25 4 6 3 1 15 1 18 1 20 2 22 1 22 2
25 2 6 3 1 15 1 18 2 19 1 20 2 22 2
25 1 4 3 2 6 2 19 1 22 4
25 2 4 3 2 11 1 17 1 22 4
25 1 4 3 2 11 2 22 4 29 1
25 2 4 3 2 12 1 20 1 22 4
25 1 4 3 2 12 2 22 4 31 1
25 1 4 3 2 13 1 17 2 22 4
25 1 4 3 2 15 1 20 2 22 4
25 8 6 4 1 4 1 6 2 19 1 28 1 28 1
25 16 6 4 1 4 1 11 1 17 1 28 1 28 1
25 8 6 4 1 4 1 11 2 28 1 28 1 29 1
25 16 6 4 1 4 1 12 1 20 1 28 1 28 1
25 8 6 4 1 4 1 12 2 28 1 28 1 31 1
25 8 6 4 1 4 1 13 1 17 2 28 1 28 1
25 8 6 4 1 4 1 15 1 20 2 28 1 28 1
25 4 6 4 1 4 2 6 2 19 1 28 1 31 1
25 8 6 4 1 4 2 11 1 17 1 28 1 31 1
25 4 6 4 1 4 2 11 2 28 1 29 1 31 1
25 8 6 4 1 4 2 12 1 20 1 28 1 31 1
25 4 6 4 1 4 2 12 2 28 1 31 1 31 1
25 4 6 4 1 4 2 13 1 17 2 28 1 31 1
25 4 6 4 1 4 2 15 1 20 2 28 1 31 1
25 4 6 4 1 6 2 13 1 19 1 27 2 28 1
25 4 6 4 1 6 2 15 1 19 1 28 1 28 2
25 8 6 4 1 6 2 18 1 19 1 22 1 28 1
25 4 6 4 1 6 2 18 2 19 1 19 1 28 1
25 8 6 4 1 11 1 13 1 17 1 27 2 28 1
25 8 6 4 1 11 1 15 1 17 1 28 1 28 2
25 16 6 4 1 11 1 17 1 18 1 22 1 28 1
25 8 6 4 1 11 1 17 1 18 2 19 1 28 1
25 4 6 4 1 11 2 13 1 27 2 28 1 29 1
25 4 6 4 1 11 2 15 1 28 1 28 2 29 1
25 8 6 4 1 11 2 18 1 22 1 28 1 29 1
25 4 6 4 1 11 2 18 2 19 1 28 1 29 1
25 8 6 4 1 12 1 13 1 20 1 27 2 28 1
25 8 6 4 1 12 1 15 1 20 1 28 1 28 2
25 16 6 4 1 12 1 18 1 20 1 22 1 28 1
25 8 6 4 1 12 1 18 2 19 1 20 1 28 1
25 4 6 4 1 12 2 13 1 27 2 28 1 31 1
25 4 6 4 1 12 2 15 1 28 1 28 2 31 1
25 8 6 4 1 12 2 18 1 22 1 28 1 31 1
25 4 6 4 1 12 2 18 2 19 1 28 1 31 1
25 4 6 4 1 13 1 13 1 17 2 27 2 28 1
25 4 6 4 1 13 1 15 1 17 2 28 1 28 2
25 4 6 4 1 13 1 15 1 20 2 27 2 28 1
25 8 6 4 1 13 1 17 2 18 1 22 1 28 1
25 4 6 4 1 13 1 17 2 18 2 19 1 28 1
25 4 6 4 1 15 1 15 1 20 2 28 1 28 2
25 8 6 4 1 15 1 18 1 20 2 22 1 28 1
25 4 6 4 1 15 1 18 2 19 1 20 2 28 1
25 2 6 4 2 4 2 6 2 19 1 31 1 31 1
25 4 6 4 2 4 2 11 1 17 1 31 1 31 1
25 2 6 4 2 4 2 11 2 29 1 31 1 31 1
25 4 6 4 2 4 2 12 1 20 1 31 1 31 1
25 2 6 4 2 4 2 12 2 31 1 31 1 31 1
25 2 6 4 2 4 2 13 1 17 2 31 1 31 1
25 2 6 4 2 4 2 15 1 20 2 31 1 31 1
25 2 6 4 2 6 2 13 1 19 1 27 2 31 1
25 2 6 4 2 6 2 15 1 19 1 28 2 31 1
25 4 6 4 2 6 2 18 1 19 1 22 1 31 1
25 2 6 4 2 6 2 18 2 19 1 19 1 31 1
25 4 4 4 2 6 2 19 1 28 2
25 4 6 4 2 11 1 13 1 17 1 27 2 31 1
25 4 6 4 2 11 1 15 1 17 1 28 2 31 1
25 8 6 4 2 11 1 17 1 18 1 22 1 31 1
25 4 6 4 2 11 1 17 1 18 2 19 1 31 1
25 8 4 4 2 11 1 17 1 28 2
25 2 6 4 2 11 2 13 1 27 2 29 1 31 1
25 2 6 4 2 11 2 15 1 28 2 29 1 31 1
25 4 6 4 2 11 2 18 1 22 1 29 1 31 1
25 2 6 4 2 11 2 18 2 19 1 29 1 31 1
25 4 4 4 2 11 2 28 2 29 1
25 4 6 4 2 12 1 13 1 20 1 27 2 31 1
25 4 6 4 2 12 1 15 1 20 1 28 2 31 1
25 8 6 4 2 12 1 18 1 20 1 22 1 31 1
25 4 6 4 2 12 1 18 2 19 1 20 1 31 1
25 8 4 4 2 12 1 20 1 28 2
25 2 6 4 2 12 2 13 1 27 2 31 1 31 1
25 2 6 4 2 12 2 15 1 28 2 31 1 31 1
25 4 6 4 2 12 2 18 1 22 1 31 1 31 1
25 2 6 4 2 12 2 18 2 19 1 31 1 31 1
25 4 4 4 2 12 2 28 2 31 1
25 2 6 4 2 13 1 13 1 17 2 27 2 31 1
25 2 6 4 2 13 1 15 1 17 2 28 2 31 1
25 2 6 4 2 13 1 15 1 20 2 27 2 31 1
25 4 6 4 2 13 1 17 2 18 1 22 1 31 1
25 2 6 4 2 13 1 17 2 18 2 19 1 31 1
25 4 4 4 2 13 1 17 2 28 2
25 2 6 4 2 15 1 15 1 20 2 28 2 31 1
25 4 6 4 2 15 1 18 1 20 2 22 1 31 1
25 2 6 4 2 15 1 18 2 19 1 20 2 31 1
25 4 4 4 2 15 1 20 2 28 2
25 1 4 4 4 6 2 19 1 31 2
25 2 4 4 4 11 1 17 1 31 2
25 1 4 4 4 11 2 29 1 31 2
25 2 4 4 4 12 1 20 1 31 2
25 1 4 4 4 12 2 31 1 31 2
25 1 4 4 4 13 1 17 2 31 2
25 1 4 4 4 15 1 20 2 31 2
25 2 6 6 2 13 1 13 1 19 1 27 2 27 2
25 2 6 6 2 13 1 15 1 19 1 27 2 28 2
25 4 6 6 2 13 1 18 1 19 1 22 1 27 2
25 2 6 6 2 13 1 18 2 19 1 19 1 27 2
25 1 4 6 2 13 2 19 1 27 4
25 2 6 6 2 15 1 15 1 19 1 28 2 28 2
25 4 6 6 2 15 1 18 1 19 1 22 1 28 2
25 2 6 6 2 15 1 18 2 19 1 19 1 28 2
25 1 4 6 2 15 2 19 1 28 4
25 8 6 6 2 18 1 18 1 19 1 22 1 22 1
25 4 6 6 2 18 1 18 2 19 1 19 1 22 1
25 2 6 6 2 18 2 18 2 19 1 19 1 19 1
25 4 4 6 2 18 2 19 1 22 2
25 1 4 6 2 18 4 19 1 19 2
25 4 6 11 1 13 1 13 1 17 1 27 2 27 2
25 4 6 11 1 13 1 15 1 17 1 27 2 28 2
25 8 6 11 1 13 1 17 1 18 1 22 1 27 2
25 4 6 11 1 13 1 17 1 18 2 19 1 27 2
25 2 4 11 1 13 2 17 1 27 4
25 4 6 11 1 15 1 15 1 17 1 28 2 28 2
25 8 6 11 1 15 1 17 1 18 1 22 1 28 2
25 4 6 11 1 15 1 17 1 18 2 19 1 28 2
25 2 4 11 1 15 2 17 1 28 4
25 16 6 11 1 17 1 18 1 18 1 22 1 22 1
25 8 6 11 1 17 1 18 1 18 2 19 1 22 1
25 4 6 11 1 17 1 18 2 18 2 19 1 19 1
25 8 4 11 1 17 1 18 2 22 2
25 2 4 11 1 17 1 18 4 19 2
25 2 6 11 2 13 1 13 1 27 2 27 2 29 1
25 2 6 11 2 13 1 15 1 27 2 28 2 29 1
25 4 6 11 2 13 1 18 1 22 1 27 2 29 1
25 2 6 11 2 13 1 18 2 19 1 27 2 29 1
25 1 4 11 2 13 2 27 4 29 1
25 2 6 11 2 15 1 15 1 28 2 28 2 29 1
25 4 6 11 2 15 1 18 1 22 1 28 2 29 1
25 2 6 11 2 15 1 18 2 19 1 28 2 29 1
25 1 4 11 2 15 2 28 4 29 1
25 8 6 11 2 18 1 18 1 22 1 22 1 29 1
25 4 6 11 2 18 1 18 2 19 1 22 1 29 1
25 2 6 11 2 18 2 18 2 19 1 19 1 29 1
25 4 4 11 2 18 2 22 2 29 1
25 1 4 11 2 18 4 19 2 29 1
25 4 6 12 1 13 1 13 1 20 1 27 2 27 2
25 4 6 12 1 13 1 15 1 20 1 27 2 28 2
25 8 6 12 1 13 1 18 1 20 1 22 1 27 2
25 4 6 12 1 13 1 18 2 19 1 20 1 27 2
25 2 4 12 1 13 2 20 1 27 4
25 4 6 12 1 15 1 15 1 20 1 28 2 28 2
25 8 6 12 1 15 1 18 1 20 1 22 1 28 2
25 4 6 12 1 15 1 18 2 19 1 20 1 28 2
25 2 4 12 1 15 2 20 1 28 4
25 16 6 12 1 18 1 18 1 20 1 22 1 22 1
25 8 6 12 1 18 1 18 2 19 1 20 1 22 1
25 4 6 12 1 18 2 18 2 19 1 19 1 20 1
25 8 4 12 1 18 2 20 1 22 2
25 2 4 12 1 18 4 19 2 20 1
25 2 6 12 2 13 1 13 1 27 2 27 2 31 1
25 2 6 12 2 13 1 15 1 27 2 28 2 31 1
25 4 6 12 2 13 1 18 1 22 1 27 2 31 1
25 2 6 12 2 13 1 18 2 19 1 27 2 31 1
25 1 4 12 2 13 2 27 4 31 1
25 2 6 12 2 15 1 15 1 28 2 28 2 31 1
25 4 6 12 2 15 1 18 1 22 1 28 2 31 1
25 2 6 12 2 15 1 18 2 19 1 28 2 31 1
25 1 4 12 2 15 2 28 4 31 1
25 8 6 12 2 18 1 18 1 22 1 22 1 31 1
25 4 6 12 2 18 1 18 2 19 1 22 1 31 1
25 2 6 12 2 18 2 18 2 19 1 19 1 31 1
25 4 4 12 2 18 2 22 2 31 1
25 1 4 12 2 18 4 19 2 31 1
25 2 6 13 1 13 1 13 1 17 2 27 2 27 2
25 2 6 13 1 13 1 15 1 17 2 27 2 28 2
25 2 6 13 1 13 1 15 1 20 2 27 2 27 2
25 4 6 13 1 13 1 17 2 18 1 22 1 27 2
25 2 6 13 1 13 1 17 2 18 2 19 1 27 2
25 1 4 13 1 13 2 17 2 27 4
25 2 6 13 1 15 1 15 1 17 2 28 2 28 2
25 2 6 13 1 15 1 15 1 20 2 27 2 28 2
25 4 6 13 1 15 1 17 2 18 1 22 1 28 2
25 2 6 13 1 15 1 17 2 18 2 19 1 28 2
25 4 6 13 1 15 1 18 1 20 2 22 1 27 2
25 2 6 13 1 15 1 18 2 19 1 20 2 27 2
25 1 4 13 1 15 2 17 2 28 4
25 8 6 13 1 17 2 18 1 18 1 22 1 22 1
25 4 6 13 1 17 2 18 1 18 2 19 1 22 1
25 2 6 13 1 17 2 18 2 18 2 19 1 19 1
25 4 4 13 1 17 2 18 2 22 2
25 1 4 13 1 17 2 18 4 19 2
25 1 4 13 2 15 1 20 2 27 4
25 2 6 15 1 15 1 15 1 20 2 28 2 28 2
25 4 6 15 1 15 1 18 1 20 2 22 1 28 2
25 2 6 15 1 15 1 18 2 19 1 20 2 28 2
25 1 4 15 1 15 2 20 2 28 4
25 8 6 15 1 18 1 18 1 20 2 22 1 22 1
25 4 6 15 1 18 1 18 2 19 1 20 2 22 1
25 2 6 15 1 18 2 18 2 19 1 19 1 20 2
25 4 4 15 1 18 2 20 2 22 2
25 1 4 15 1 18 4 19 2 20 2
26 2 6 0 1 2 1 2 1 8 1 28 1 28 1
26 2 6 0 1 2 1 5 1 8 1 28 1 30 1
26 2 6 0 1 2 1 7 1 8 1 28 1 31 1
26 2 6 0 1 2 1 8 1 16 1 24 1 28 1
26 2 6 0 1 2 1 8 1 19 1 23 1 28 1
26 2 6 0 1 2 1 8 1 20 1 22 1 28 1
26 1 4 0 1 2 2 8 1 28 2
26 2 6 0 1 5 1 5 1 8 1 30 1 30 1
26 2 6 0 1 5 1 7 1 8 1 30 1 31 1
26 2 6 0 1 5 1 8 1 16 1 24 1 30 1
26 2 6 0 1 5 1 8 1 19 1 23 1 30 1
26 2 6 0 1 5 1 8 1 20 1 22 1 30 1
26 1 4 0 1 5 2 8 1 30 2
26 2 6 0 1 7 1 7 1 8 1 31 1 31 1
26 2 6 0 1 7 1 8 1 16 1 24 1 31 1
26 2 6 0 1 7 1 8 1 19 1 23 1 31 1
26 2 6 0 1 7 1 8 1 20 1 22 1 31 1
26 1 4 0 1 7 2 8 1 31 2
26 2 6 0 1 8 1 16 1 16 1 24 1 24 1
26 2 6 0 1 8 1 16 1 19 1 23 1 24 1
26 2 6 0 1 8 1 16 1 20 1 22 1 24 1
26 1 4 0 1 8 1 16 2 24 2
26 2 6 0 1 8 1 19 1 19 1 23 1 23 1
26 2 6 0 1 8 1 19 1 20 1 22 1 23 1
26 1 4 0 1 8 1 19 2 23 2
26 2 6 0 1 8 1 20 1 20 1 22 1 22 1
26 1 4 0 1 8 1 20 2 22 2
26 2 6 2 1 2 1 3 1 7 1 28 1 28 1
26 2 6 2 1 2 1 4 1 6 1 28 1 28 1
26 2 6 2 1 2 1 12 1 18 1 28 1 28 1
26 2 6 2 1 2 1 14 1 21 1 28 1 28 1
26 2 6 2 1 2 1 15 1 23 1 28 1 28 1
26 2 6 2 1 3 1 5 1 7 1 28 1 30 1
26 2 6 2 1 3 1 7 1 7 1 28 1 31 1
26 2 6 2 1 3 1 7 1 16 1 24 1 28 1
26 2 6 2 1 3 1 7 1 19 1 23 1 28 1
26 2 6 2 1 3 1 7 1 20 1 22 1 28 1
26 2 6 2 1 4 1 5 1 6 1 28 1 30 1
26 2 6 2 1 4 1 6 1 7 1 28 1 31 1
26 2 6 2 1 4 1 6 1 16 1 24 1 28 1
26 2 6 2 1 4 1 6 1 19 1 23 1 28 1
26 2 6 2 1 4 1 6 1 20 1 22 1 28 1
26 2 6 2 1 5 1 12 1 18 1 28 1 30 1
26 2 6 2 1 5 1 14 1 21 1 28 1 30 1
26 2 6 2 1 5 1 15 1 23 1 28 1 30 1
26 2 6 2 1 7 1 12 1 18 1 28 1 31 1
26 2 6 2 1 7 1 14 1 21 1 28 1 31 1
26 2 6 2 1 7 1 15 1 23 1 28 1 31 1
26 2 6 2 1 12 1 16 1 18 1 24 1 28 1
26 2 6 2 1 12 1 18 1 19 1 23 1 28 1
26 2 6 2 1 12 1 18 1 20 1 22 1 28 1
26 2 6 2 1 14 1 16 1 21 1 24 1 28 1
26 2 6 2 1 14 1 19 1 21 1 23 1 28 1
26 2 6 2 1 14 1 20 1 21 1 22 1 28 1
26 2 6 2 1 15 1 16 1 23 1 24 1 28 1
26 2 6 2 1 15 1 19 1 23 1 23 1 28 1
26 2 6 2 1 15 1 20 1 22 1 23 1 28 1
26 1 4 2 2 3 1 7 1 28 2
26 1 4 2 2 4 1 6 1 28 2
26 1 4 2 2 12 1 18 1 28 2
26 1 4 2 2 14 1 21 1 28 2
26 1 4 2 2 15 1 23 1 28 2
26 2 6 3 1 5 1 5 1 7 1 30 1 30 1
26 2 6 3 1 5 1 7 1 7 1 30 1 31 1
26 2 6 3 1 5 1 7 1 16 1 24 1 30 1
26 2 6 3 1 5 1 7 1 19 1 23 1 30 1
26 2 6 3 1 5 1 7 1 20 1 22 1 30 1
26 1 4 3 1 5 2 7 1 30 2
26 2 6 3 1 7 1 7 1 7 1 31 1 31 1
26 2 6 3 1 7 1 7 1 16 1 24 1 31 1
26 2 6 3 1 7 1 7 1 19 1 23 1 31 1
26 2 6 3 1 7 1 7 1 20 1 22 1 31 1
26 1 4 3 1 7 1 7 2 31 2
26 2 6 3 1 7 1 16 1 16 1 24 1 24 1
26 2 6 3 1 7 1 16 1 19 1 23 1 24 1
26 2 6 3 1 7 1 16 1 20 1 22 1 24 1
26 1 4 3 1 7 1 16 2 24 2
26 2 6 3 1 7 1 19 1 19 1 23 1 23 1
26 2 6 3 1 7 1 19 1 20 1 22 1 23 1
26 1 4 3 1 7 1 19 2 23 2
26 2 6 3 1 7 1 20 1 20 1 22 1 22 1
26 1 4 3 1 7 1 20 2 22 2
26 2 6 4 1 5 1 5 1 6 1 30 1 30 1
26 2 6 4 1 5 1 6 1 7 1 30 1 31 1
26 2 6 4 1 5 1 6 1 16 1 24 1 30 1
26 2 6 4 1 5 1 6 1 19 1 23 1 30 1
26 2 6 4 1 5 1 6 1 20 1 22 1 30 1
26 1 4 4 1 5 2 6 1 30 2
26 2 6 4 1 6 1 7 1 7 1 31 1 31 1
26 2 6 4 1 6 1 7 1 16 1 24 1 31 1
26 2 6 4 1 6 1 7 1 19 1 23 1 31 1
26 2 6 4 1 6 1 7 1 20 1 22 1 31 1
26 1 4 4 1 6 1 7 2 31 2
26 2 6 4 1 6 1 16 1 16 1 24 1 24 1
26 2 6 4 1 6 1 16 1 19 1 23 1 24 1
26 2 6 4 1 6 1 16 1 20 1 22 1 24 1
26 1 4 4 1 6 1 16 2 24 2
26 2 6 4 1 6 1 19 1 19 1 23 1 23 1
26 2 6 4 1 6 1 19 1 20 1 22 1 23 1
26 1 4 4 1 6 1 19 2 23 2
26 2 6 4 1 6 1 20 1 20 1 22 1 22 1
26 1 4 4 1 6 1 20 2 22 2
26 2 6 5 1 5 1 12 1 18 1 30 1 30 1
26 2 6 5 1 5 1 14 1 21 1 30 1 30 1
26 2 6 5 1 5 1 15 1 23 1 30 1 30 1
26 2 6 5 1 7 1 12 1 18 1 30 1 31 1
26 2 6 5 1 7 1 14 1 21 1 30 1 31 1
26 2 6 5 1 7 1 15 1 23 1 30 1 31 1
26 2 6 5 1 12 1 16 1 18 1 24 1 30 1
26 2 6 5 1 12 1 18 1 19 1 23 1 30 1
26 2 6 5 1 12 1 18 1 20 1 22 1 30 1
26 2 6 5 1 14 1 16 1 21 1 24 1 30 1
26 2 6 5 1 14 1 19 1 21 1 23 1 30 1
26 2 6 5 1 14 1 20 1 21 1 22 1 30 1
26 2 6 5 1 15 1 16 1 23 1 24 1 30 1
26 2 6 5 1 15 1 19 1 23 1 23 1 30 1
26 2 6 5 1 15 1 20 1 22 1 23 1 30 1
26 1 4 5 2 12 1 18 1 30 2
26 1 4 5 2 14 1 21 1 30 2
26 1 4 5 2 15 1 23 1 30 2
26 2 6 7 1 7 1 12 1 18 1 31 1 31 1
26 2 6 7 1 7 1 14 1 21 1 31 1 31 1
26 2 6 7 1 7 1 15 1 23 1 31 1 31 1
26 2 6 7 1 12 1 16 1 18 1 24 1 31 1
26 2 6 7 1 12 1 18 1 19 1 23 1 31 1
26 2 6 7 1 12 1 18 1 20 1 22 1 31 1
26 2 6 7 1 14 1 16 1 21 1 24 1 31 1
26 2 6 7 1 14 1 19 1 21 1 23 1 31 1
26 2 6 7 1 14 1 20 1 21 1 22 1 31 1
26 2 6 7 1 15 1 16 1 23 1 24 1 31 1
26 2 6 7 1 15 1 19 1 23 1 23 1 31 1
26 2 6 7 1 15 1 20 1 22 1 23 1 31 1
26 1 4 7 2 12 1 18 1 31 2
26 1 4 7 2 14 1 21 1 31 2
26 1 4 7 2 15 1 23 1 31 2
26 2 6 12 1 16 1 16 1 18 1 24 1 24 1
26 2 6 12 1 16 1 18 1 19 1 23 1 24 1
26 2 6 12 1 16 1 18 1 20 1 22 1 24 1
26 1 4 12 1 16 2 18 1 24 2
26 2 6 12 1 18 1 19 1 19 1 23 1 23 1
26 2 6 12 1 18 1 19 1 20 1 22 1 23 1
26 1 4 12 1 18 1 19 2 23 2
26 2 6 12 1 18 1 20 1 20 1 22 1 22 1
26 1 4 12 1 18 1 20 2 22 2
26 2 6 14 1 16 1 16 1 21 1 24 1 24 1
26 2 6 14 1 16 1 19 1 21 1 23 1 24 1
26 2 6 14 1 16 1 20 1 21 1 22 1 24 1
26 1 4 14 1 16 2 21 1 24 2
26 2 6 14 1 19 1 19 1 21 1 23 1 23 1
26 2 6 14 1 19 1 20 1 21 1 22 1 23 1
26 1 4 14 1 19 2 21 1 23 2
26 2 6 14 1 20 1 20 1 21 1 22 1 22 1
26 1 4 14 1 20 2 21 1 22 2
26 2 6 15 1 16 1 16 1 23 1 24 1 24 1
26 2 6 15 1 16 1 19 1 23 1 23 1 24 1
26 2 6 15 1 16 1 20 1 22 1 23 1 24 1
26 1 4 15 1 16 2 23 1 24 2
26 2 6 15 1 19 1 19 1 23 1 23 1 23 1
26 2 6 15 1 19 1 20 1 22 1 23 1 23 1
26 1 4 15 1 19 2 23 1 23 2
26 2 6 15 1 20 1 20 1 22 1 22 1 23 1
26 1 4 15 1 20 2 22 2 23 1
27 2 6 0 1 0 1 1 1 9 1 28 1 28 1
27 2 6 0 1 0 1 2 1 8 1 28 1 28 1
27 2 6 0 1 0 1 5 1 6 1 28 1 28 1
27 2 6 0 1 0 1 12 1 16 1 28 1 28 1
27 2 6 0 1 0 1 13 1 17 1 28 1 28 1
27 2 6 0 1 0 1 14 1 20 1 28 1 28 1
27 2 6 0 1 1 1 1 1 9 1 28 1 29 1
27 2 6 0 1 1 1 2 1 8 1 28 1 29 1
27 2 6 0 1 1 1 4 1 9 1 28 1 30 1
27 2 6 0 1 1 1 5 1 6 1 28 1 29 1
27 2 6 0 1 1 1 9 1 17 1 25 1 28 1
27 2 6 0 1 1 1 9 1 18 1 24 1 28 1
27 2 6 0 1 1 1 9 1 21 1 22 1 28 1
27 2 6 0 1 1 1 12 1 16 1 28 1 29 1
27 2 6 0 1 1 1 13 1 17 1 28 1 29 1
27 2 6 0 1 1 1 14 1 20 1 28 1 29 1
27 2 6 0 1 2 1 4 1 8 1 28 1 30 1
27 2 6 0 1 2 1 8 1 17 1 25 1 28 1
27 2 6 0 1 2 1 8 1 18 1 24 1 28 1
27 2 6 0 1 2 1 8 1 21 1 22 1 28 1
27 2 6 0 1 4 1 5 1 6 1 28 1 30 1
27 2 6 0 1 4 1 12 1 16 1 28 1 30 1
27 2 6 0 1 4 1 13 1 17 1 28 1 30 1
27 2 6 0 1 4 1 14 1 20 1 28 1 30 1
27 2 6 0 1 5 1 6 1 17 1 25 1 28 1
27 2 6 0 1 5 1 6 1 18 1 24 1 28 1
27 2 6 0 1 5 1 6 1 21 1 22 1 28 1
27 2 6 0 1 12 1 16 1 17 1 25 1 28 1
27 2 6 0 1 12 1 16 1 18 1 24 1 28 1
27 2 6 0 1 12 1 16 1 21 1 22 1 28 1
27 2 6 0 1 13 1 17 1 17 1 25 1 28 1
27 2 6 0 1 13 1 17 1 18 1 24 1 28 1
27 2 6 0 1 13 1 17 1 21 1 22 1 28 1
27 2 6 0 1 14 1 17 1 20 1 25 1 28 1
27 2 6 0 1 14 1 18 1 20 1 24 1 28 1
27 2 6 0 1 14 1 20 1 21 1 22 1 28 1
27 1 4 0 2 1 1 9 1 28 2
27 1 4 0 2 2 1 8 1 28 2
27 1 4 0 2 5 1 6 1 28 2
27 1 4 0 2 12 1 16 1 28 2
27 1 4 0 2 13 1 17 1 28 2
27 1 4 0 2 14 1 20 1 28 2
27 2 6 1 1 1 1 1 1 9 1 29 1 29 1
27 2 6 1 1 1 1 2 1 8 1 29 1 29 1
27 2 6 1 1 1 1 4 1 9 1 29 1 30 1
27 2 6 1 1 1 1 5 1 6 1 29 1 29 1
27 2 6 1 1 1 1 9 1 17 1 25 1 29 1
27 2 6 1 1 1 1 9 1 18 1 24 1 29 1
27 2 6 1 1 1 1 9 1 21 1 22 1 29 1
27 2 6 1 1 1 1 12 1 16 1 29 1 29 1
27 2 6 1 1 1 1 13 1 17 1 29 1 29 1
27 2 6 1 1 1 1 14 1 20 1 29 1 29 1
27 1 4 1 1 1 2 9 1 29 2
27 2 6 1 1 2 1 4 1 8 1 29 1 30 1
27 2 6 1 1 2 1 8 1 17 1 25 1 29 1
27 2 6 1 1 2 1 8 1 18 1 24 1 29 1
27 2 6 1 1 2 1 8 1 21 1 22 1 29 1
27 2 6 1 1 4 1 4 1 9 1 30 1 30 1
27 2 6 1 1 4 1 5 1 6 1 29 1 30 1
27 2 6 1 1 4 1 9 1 17 1 25 1 30 1
27 2 6 1 1 4 1 9 1 18 1 24 1 30 1
27 2 6 1 1 4 1 9 1 21 1 22 1 30 1
27 2 6 1 1 4 1 12 1 16 1 29 1 30 1
27 2 6 1 1 4 1 13 1 17 1 29 1 30 1
27 2 6 1 1 4 1 14 1 20 1 29 1 30 1
27 1 4 1 1 4 2 9 1 30 2
27 2 6 1 1 5 1 6 1 17 1 25 1 29 1
27 2 6 1 1 5 1 6 1 18 1 24 1 29 1
27 2 6 1 1 5 1 6 1 21 1 22 1 29 1
27 2 6 1 1 9 1 17 1 17 1 25 1 25 1
27 2 6 1 1 9 1 17 1 18 1 24 1 25 1
27 2 6 1 1 9 1 17 1 21 1 22 1 25 1
27 1 4 1 1 9 1 17 2 25 2
27 2 6 1 1 9 1 18 1 18 1 24 1 24 1
27 2 6 1 1 9 1 18 1 21 1 22 1 24 1
27 1 4 1 1 9 1 18 2 24 2
27 2 6 1 1 9 1 21 1 21 1 22 1 22 1
27 1 4 1 1 9 1 21 2 22 2
27 2 6 1 1 12 1 16 1 17 1 25 1 29 1
27 2 6 1 1 12 1 16 1 18 1 24 1 29 1
27 2 6 1 1 12 1 16 1 21 1 22 1 29 1
27 2 6 1 1 13 1 17 1 17 1 25 1 29 1
27 2 6 1 1 13 1 17 1 18 1 24 1 29 1
27 2 6 1 1 13 1 17 1 21 1 22 1 29 1
27 2 6 1 1 14 1 17 1 20 1 25 1 29 1
27 2 6 1 1 14 1 18 1 20 1 24 1 29 1
27 2 6 1 1 14 1 20 1 21 1 22 1 29 1
27 1 4 1 2 2 1 8 1 29 2
27 1 4 1 2 5 1 6 1 29 2
27 1 4 1 2 12 1 16 1 29 2
27 1 4 1 2 13 1 17 1 29 2
27 1 4 1 2 14 1 20 1 29 2
27 2 6 2 1 4 1 4 1 8 1 30 1 30 1
27 2 6 2 1 4 1 8 1 17 1 25 1 30 1
27 2 6 2 1 4 1 8 1 18 1 24 1 30 1
27 2 6 2 1 4 1 8 1 21 1 22 1 30 1
27 1 4 2 1 4 2 8 1 30 2
27 2 6 2 1 8 1 17 1 17 1 25 1 25 1
27 2 6 2 1 8 1 17 1 18 1 24 1 25 1
27 2 6 2 1 8 1 17 1 21 1 22 1 25 1
27 1 4 2 1 8 1 17 2 25 2
27 2 6 2 1 8 1 18 1 18 1 24 1 24 1
27 2 6 2 1 8 1 18 1 21 1 22 1 24 1
27 1 4 2 1 8 1 18 2 24 2
27 2 6 2 1 8 1 21 1 21 1 22 1 22 1
27 1 4 2 1 8 1 21 2 22 2
27 2 6 4 1 4 1 5 1 6 1 30 1 30 1
27 2 6 4 1 4 1 12 1 16 1 30 1 30 1
27 2 6 4 1 4 1 13 1 17 1 30 1 30 1
27 2 6 4 1 4 1 14 1 20 1 30 1 30 1
27 2 6 4 1 5 1 6 1 17 1 25 1 30 1
27 2 6 4 1 5 1 6 1 18 1 24 1 30 1
27 2 6 4 1 5 1 6 1 21 1 22 1 30 1
27 2 6 4 1 12 1 16 1 17 1 25 1 30 1
27 2 6 4 1 12 1 16 1 18 1 24 1 30 1
27 2 6 4 1 12 1 16 1 21 1 22 1 30 1
27 2 6 4 1 13 1 17 1 17 1 25 1 30 1
27 2 6 4 1 13 1 17 1 18 1 24 1 30 1
27 2 6 4 1 13 1 17 1 21 1 22 1 30 1
27 2 6 4 1 14 1 17 1 20 1 25 1 30 1
27 2 6 4 1 14 1 18 1 20 1 24 1 30 1
27 2 6 4 1 14 1 20 1 21 1 22 1 30 1
27 1 4 4 2 5 1 6 1 30 2
27 1 4 4 2 12 1 16 1 30 2
27 1 4 4 2 13 1 17 1 30 2
27 1 4 4 2 14 1 20 1 30 2
27 2 6 5 1 6 1 17 1 17 1 25 1 25 1
27 2 6 5 1 6 1 17 1 18 1 24 1 25 1
27 2 6 5 1 6 1 17 1 21 1 22 1 25 1
27 1 4 5 1 6 1 17 2 25 2
27 2 6 5 1 6 1 18 1 18 1 24 1 24 1
27 2 6 5 1 6 1 18 1 21 1 22 1 24 1
27 1 4 5 1 6 1 18 2 24 2
27 2 6 5 1 6 1 21 1 21 1 22 1 22 1
27 1 4 5 1 6 1 21 2 22 2
27 2 6 12 1 16 1 17 1 17 1 25 1 25 1
27 2 6 12 1 16 1 17 1 18 1 24 1 25 1
27 2 6 12 1 16 1 17 1 21 1 22 1 25 1
27 1 4 12 1 16 1 17 2 25 2
27 2 6 12 1 16 1 18 1 18 1 24 1 24 1
27 2 6 12 1 16 1 18 1 21 1 22 1 24 1
27 1 4 12 1 16 1 18 2 24 2
27 2 6 12 1 16 1 21 1 21 1 22 1 22 1
27 1 4 12 1 16 1 21 2 22 2
27 2 6 13 1 17 1 17 1 17 1 25 1 25 1
27 2 6 13 1 17 1 17 1 18 1 24 1 25 1
27 2 6 13 1 17 1 17 1 21 1 22 1 25 1
27 1 4 13 1 17 1 17 2 25 2
27 2 6 13 1 17 1 18 1 18 1 24 1 24 1
27 2 6 13 1 17 1 18 1 21 1 22 1 24 1
27 1 4 13 1 17 1 18 2 24 2
27 2 6 13 1 17 1 21 1 21 1 22 1 22 1
27 1 4 13 1 17 1 21 2 22 2
27 2 6 14 1 17 1 17 1 20 1 25 1 25 1
27 2 6 14 1 17 1 18 1 20 1 24 1 25 1
27 2 6 14 1 17 1 20 1 21 1 22 1 25 1
27 1 4 14 1 17 2 20 1 25 2
27 2 6 14 1 18 1 18 1 20 1 24 1 24 1
27 2 6 14 1 18 1 20 1 21 1 22 1 24 1
27 1 4 14 1 18 2 20 1 24 2
27 2 6 14 1 20 1 21 1 21 1 22 1 22 1
27 1 4 14 1 20 1 21 2 22 2
28 2 6 0 1 1 1 1 1 11 1 30 1 30 1
28 2 6 0 1 1 1 4 1 11 1 30 1 31 1
28 2 6 0 1 1 1 11 1 16 1 27 1 30 1
28 2 6 0 1 1 1 11 1 18 1 26 1 30 1
28 2 6 0 1 1 1 11 1 20 1 25 1 30 1
28 2 6 0 1 1 1 11 1 22 1 23 1 30 1
28 1 4 0 1 1 2 11 1 30 2
28 2 6 0 1 4 1 4 1 11 1 31 1 31 1
28 2 6 0 1 4 1 11 1 16 1 27 1 31 1
28 2 6 0 1 4 1 11 1 18 1 26 1 31 1
28 2 6 0 1 4 1 11 1 20 1 25 1 31 1
28 2 6 0 1 4 1 11 1 22 1 23 1 31 1
28 1 4 0 1 4 2 11 1 31 2
28 2 6 0 1 11 1 16 1 16 1 27 1 27 1
28 2 6 0 1 11 1 16 1 18 1 26 1 27 1
28 2 6 0 1 11 1 16 1 20 1 25 1 27 1
28 2 6 0 1 11 1 16 1 22 1 23 1 27 1
28 1 4 0 1 11 1 16 2 27 2
28 2 6 0 1 11 1 18 1 18 1 26 1 26 1
28 2 6 0 1 11 1 18 1 20 1 25 1 26 1
28 2 6 0 1 11 1 18 1 22 1 23 1 26 1
28 1 4 0 1 11 1 18 2 26 2
28 2 6 0 1 11 1 20 1 20 1 25 1 25 1
28 2 6 0 1 11 1 20 1 22 1 23 1 25 1
28 1 4 0 1 11 1 20 2 25 2
28 2 6 0 1 11 1 22 1 22 1 23 1 23 1
28 1 4 0 1 11 1 22 2 23 2
28 2 6 1 1 1 1 2 1 10 1 30 1 30 1
28 2 6 1 1 1 1 4 1 9 1 30 1 30 1
28 2 6 1 1 1 1 6 1 7 1 30 1 30 1
28 2 6 1 1 1 1 14 1 17 1 30 1 30 1
28 2 6 1 1 1 1 15 1 20 1 30 1 30 1
28 2 6 1 1 2 1 4 1 10 1 30 1 31 1
28 2 6 1 1 2 1 10 1 16 1 27 1 30 1
28 2 6 1 1 2 1 10 1 18 1 26 1 30 1
28 2 6 1 1 2 1 10 1 20 1 25 1 30 1
28 2 6 1 1 2 1 10 1 22 1 23 1 30 1
28 2 6 1 1 4 1 4 1 9 1 30 1 31 1
28 2 6 1 1 4 1 6 1 7 1 30 1 31 1
28 2 6 1 1 4 1 9 1 16 1 27 1 30 1
28 2 6 1 1 4 1 9 1 18 1 26 1 30 1
28 2 6 1 1 4 1 9 1 20 1 25 1 30 1
28 2 6 1 1 4 1 9 1 22 1 23 1 30 1
28 2 6 1 1 4 1 14 1 17 1 30 1 31 1
28 2 6 1 1 4 1 15 1 20 1 30 1 31 1
28 2 6 1 1 6 1 7 1 16 1 27 1 30 1
28 2 6 1 1 6 1 7 1 18 1 26 1 30 1
28 2 6 1 1 6 1 7 1 20 1 25 1 30 1
28 2 6 1 1 6 1 7 1 22 1 23 1 30 1
28 2 6 1 1 14 1 16 1 17 1 27 1 30 1
28 2 6 1 1 14 1 17 1 18 1 26 1 30 1
28 2 6 1 1 14 1 17 1 20 1 25 1 30 1
28 2 6 1 1 14 1 17 1 22 1 23 1 30 1
28 2 6 1 1 15 1 16 1 20 1 27 1 30 1
28 2 6 1 1 15 1 18 1 20 1 26 1 30 1
28 2 6 1 1 15 1 20 1 20 1 25 1 30 1
28 2 6 1 1 15 1 20 1 22 1 23 1 30 1
28 1 4 1 2 2 1 10 1 30 2
28 1 4 1 2 4 1 9 1 30 2
28 1 4 1 2 6 1 7 1 30 2
28 1 4 1 2 14 1 17 1 30 2
28 1 4 1 2 15 1 20 1 30 2
28 2 6 2 1 4 1 4 1 10 1 31 1 31 1
28 2 6 2 1 4 1 10 1 16 1 27 1 31 1
28 2 6 2 1 4 1 10 1 18 1 26 1 31 1
28 2 6 2 1 4 1 10 1 20 1 25 1 31 1
28 2 6 2 1 4 1 10 1 22 1 23 1 31 1
28 1 4 2 1 4 2 10 1 31 2
28 2 6 2 1 10 1 16 1 16 1 27 1 27 1
28 2 6 2 1 10 1 16 1 18 1 26 1 27 1
28 2 6 2 1 10 1 16 1 20 1 25 1 27 1
28 2 6 2 1 10 1 16 1 22 1 23 1 27 1
28 1 4 2 1 10 1 16 2 27 2
28 2 6 2 1 10 1 18 1 18 1 26 1 26 1
28 2 6 2 1 10 1 18 1 20 1 25 1 26 1
28 2 6 2 1 10 1 18 1 22 1 23 1 26 1
28 1 4 2 1 10 1 18 2 26 2
28 2 6 2 1 10 1 20 1 20 1 25 1 25 1
28 2 6 2 1 10 1 20 1 22 1 23 1 25 1
28 1 4 2 1 10 1 20 2 25 2
28 2 6 2 1 10 1 22 1 22 1 23 1 23 1
28 1 4 2 1 10 1 22 2 23 2
28 2 6 4 1 4 1 4 1 9 1 31 1 31 1
28 2 6 4 1 4 1 6 1 7 1 31 1 31 1
28 2 6 4 1 4 1 9 1 16 1 27 1 31 1
28 2 6 4 1 4 1 9 1 18 1 26 1 31 1
28 2 6 4 1 4 1 9 1 20 1 25 1 31 1
28 2 6 4 1 4 1 9 1 22 1 23 1 31 1
28 2 6 4 1 4 1 14 1 17 1 31 1 31 1
28 2 6 4 1 4 1 15 1 20 1 31 1 31 1
28 1 4 4 1 4 2 9 1 31 2
28 2 6 4 1 6 1 7 1 16 1 27 1 31 1
28 2 6 4 1 6 1 7 1 18 1 26 1 31 1
28 2 6 4 1 6 1 7 1 20 1 25 1 31 1
28 2 6 4 1 6 1 7 1 22 1 23 1 31 1
28 2 6 4 1 9 1 16 1 16 1 27 1 27 1
28 2 6 4 1 9 1 16 1 18 1 26 1 27 1
28 2 6 4 1 9 1 16 1 20 1 25 1 27 1
28 2 6 4 1 9 1 16 1 22 1 23 1 27 1
28 1 4 4 1 9 1 16 2 27 2
28 2 6 4 1 9 1 18 1 18 1 26 1 26 1
28 2 6 4 1 9 1 18 1 20 1 25 1 26 1
28 2 6 4 1 9 1 18 1 22 1 23 1 26 1
28 1 4 4 1 9 1 18 2 26 2
28 2 6 4 1 9 1 20 1 20 1 25 1 25 1
28 2 6 4 1 9 1 20 1 22 1 23 1 25 1
28 1 4 4 1 9 1 20 2 25 2
28 2 6 4 1 9 1 22 1 22 1 23 1 23 1
28 1 4 4 1 9 1 22 2 23 2
28 2 6 4 1 14 1 16 1 17 1 27 1 31 1
28 2 6 4 1 14 1 17 1 18 1 26 1 31 1
28 2 6 4 1 14 1 17 1 20 1 25 1 31 1
28 2 6 4 1 14 1 17 1 22 1 23 1 31 1
28 2 6 4 1 15 1 16 1 20 1 27 1 31 1
28 2 6 4 1 15 1 18 1 20 1 26 1 31 1
28 2 6 4 1 15 1 20 1 20 1 25 1 31 1
28 2 6 4 1 15 1 20 1 22 1 23 1 31 1
28 1 4 4 2 6 1 7 1 31 2
28 1 4 4 2 14 1 17 1 31 2
28 1 4 4 2 15 1 20 1 31 2
28 2 6 6 1 7 1 16 1 16 1 27 1 27 1
28 2 6 6 1 7 1 16 1 18 1 26 1 27 1
28 2 6 6 1 7 1 16 1 20 1 25 1 27 1
28 2 6 6 1 7 1 16 1 22 1 23 1 27 1
28 1 4 6 1 7 1 16 2 27 2
28 2 6 6 1 7 1 18 1 18 1 26 1 26 1
28 2 6 6 1 7 1 18 1 20 1 25 1 26 1
28 2 6 6 1 7 1 18 1 22 1 23 1 26 1
28 1 4 6 1 7 1 18 2 26 2
28 2 6 6 1 7 1 20 1 20 1 25 1 25 1
28 2 6 6 1 7 1 20 1 22 1 23 1 25 1
28 1 4 6 1 7 1 20 2 25 2
28 2 6 6 1 7 1 22 1 22 1 23 1 23 1
28 1 4 6 1 7 1 22 2 23 2
28 2 6 14 1 16 1 16 1 17 1 27 1 27 1
28 2 6 14 1 16 1 17 1 18 1 26 1 27 1
28 2 6 14 1 16 1 17 1 20 1 25 1 27 1
28 2 6 14 1 16 1 17 1 22 1 23 1 27 1
28 1 4 14 1 16 2 17 1 27 2
28 2 6 14 1 17 1 18 1 18 1 26 1 26 1
28 2 6 14 1 17 1 18 1 20 1 25 1 26 1
28 2 6 14 1 17 1 18 1 22 1 23 1 26 1
28 1 4 14 1 17 1 18 2 26 2
28 2 6 14 1 17 1 20 1 20 1 25 1 25 1
28 2 6 14 1 17 1 20 1 22 1 23 1 25 1
28 1 4 14 1 17 1 20 2 25 2
28 2 6 14 1 17 1 22 1 22 1 23 1 23 1
28 1 4 14 1 17 1 22 2 23 2
28 2 6 15 1 16 1 16 1 20 1 27 1 27 1
28 2 6 15 1 16 1 18 1 20 1 26 1 27 1
28 2 6 15 1 16 1 20 1 20 1 25 1 27 1
28 2 6 15 1 16 1 20 1 22 1 23 1 27 1
28 1 4 15 1 16 2 20 1 27 2
28 2 6 15 1 18 1 18 1 20 1 26 1 26 1
28 2 6 15 1 18 1 20 1 20 1 25 1 26 1
28 2 6 15 1 18 1 20 1 22 1 23 1 26 1
28 1 4 15 1 18 2 20 1 26 2
28 2 6 15 1 20 1 20 1 20 1 25 1 25 1
28 2 6 15 1 20 1 20 1 22 1 23 1 25 1
28 1 4 15 1 20 1 20 2 25 2
28 2 6 15 1 20 1 22 1 22 1 23 1 23 1
28 1 4 15 1 20 1 22 2 23 2
29 16 6 0 1 0 1 1 1 11 1 30 1 30 1
29 8 6 0 1 0 1 1 2 9 1 30 1 30 1
29 8 6 0 1 0 1 3 1 5 2 30 1 30 1
29 16 6 0 1 0 1 5 1 8 1 30 1 30 1
29 8 6 0 1 0 1 8 2 19 1 30 1 30 1
29 8 6 0 1 0 1 11 2 25 1 30 1 30 1
29 16 6 0 1 0 1 14 1 16 1 30 1 30 1
29 8 6 0 1 0 1 14 2 30 1 30 1 31 1
29 8 6 0 1 0 1 15 1 16 2 30 1 30 1
29 8 6 0 1 0 2 1 1 11 1 30 1 31 1
29 4 6 0 1 0 2 1 2 9 1 30 1 31 1
29 4 6 0 1 0 2 3 1 5 2 30 1 31 1
29 8 6 0 1 0 2 5 1 8 1 30 1 31 1
29 4 6 0 1 0 2 8 2 19 1 30 1 31 1
29 4 6 0 1 0 2 11 2 25 1 30 1 31 1
29 8 6 0 1 0 2 14 1 16 1 30 1 31 1
29 4 6 0 1 0 2 14 2 30 1 31 1 31 1
29 4 6 0 1 0 2 15 1 16 2 30 1 31 1
29 8 6 0 1 1 1 3 1 11 1 24 2 30 1
29 8 6 0 1 1 1 9 1 11 1 27 2 30 1
29 8 6 0 1 1 1 11 1 15 1 30 1 30 2
29 16 6 0 1 1 1 11 1 17 1 27 1 30 1
29 8 6 0 1 1 1 11 1 17 2 25 1 30 1
29 8 6 0 1 1 1 11 1 19 1 21 2 30 1
29 16 6 0 1 1 1 11 1 21 1 24 1 30 1
29 4 6 0 1 1 2 3 1 9 1 24 2 30 1
29 4 6 0 1 1 2 9 1 9 1 27 2 30 1
29 4 6 0 1 1 2 9 1 15 1 30 1 30 2
29 8 6 0 1 1 2 9 1 17 1 27 1 30 1
29 4 6 0 1 1 2 9 1 17 2 25 1 30 1
29 4 6 0 1 1 2 9 1 19 1 21 2 30 1
29 8 6 0 1 1 2 9 1 21 1 24 1 30 1
29 4 6 0 1 3 1 3 1 5 2 24 2 30 1
29 8 6 0 1 3 1 5 1 8 1 24 2 30 1
29 4 6 0 1 3 1 5 2 9 1 27 2 30 1
29 4 6 0 1 3 1 5 2 15 1 30 1 30 2
29 8 6 0 1 3 1 5 2 17 1 27 1 30 1
29 4 6 0 1 3 1 5 2 17 2 25 1 30 1
29 4 6 0 1 3 1 5 2 19 1 21 2 30 1
29 8 6 0 1 3 1 5 2 21 1 24 1 30 1
29 4 6 0 1 3 1 8 2 19 1 24 2 30 1
29 4 6 0 1 3 1 11 2 24 2 25 1 30 1
29 8 6 0 1 3 1 14 1 16 1 24 2 30 1
29 4 6 0 1 3 1 14 2 24 2 30 1 31 1
29 4 6 0 1 3 1 15 1 16 2 24 2 30 1
29 8 6 0 1 5 1 8 1 9 1 27 2 30 1
29 8 6 0 1 5 1 8 1 15 1 30 1 30 2
29 16 6 0 1 5 1 8 1 17 1 27 1 30 1
29 8 6 0 1 5 1 8 1 17 2 25 1 30 1
29 8 6 0 1 5 1 8 1 19 1 21 2 30 1
29 16 6 0 1 5 1 8 1 21 1 24 1 30 1
29 4 6 0 1 8 2 9 1 19 1 27 2 30 1
29 4 6 0 1 8 2 15 1 19 1 30 1 30 2
29 8 6 0 1 8 2 17 1 19 1 27 1 30 1
29 4 6 0 1 8 2 17 2 19 1 25 1 30 1
29 4 6 0 1 8 2 19 1 19 1 21 2 30 1
29 8 6 0 1 8 2 19 1 21 1 24 1 30 1
29 4 6 0 1 9 1 11 2 25 1 27 2 30 1
29 8 6 0 1 9 1 14 1 16 1 27 2 30 1
29 4 6 0 1 9 1 14 2 27 2 30 1 31 1
29 4 6 0 1 9 1 15 1 16 2 27 2 30 1
29 4 6 0 1 11 2 15 1 25 1 30 1 30 2
29 8 6 0 1 11 2 17 1 25 1 27 1 30 1
29 4 6 0 1 11 2 17 2 25 1 25 1 30 1
29 4 6 0 1 11 2 19 1 21 2 25 1 30 1
29 8 6 0 1 11 2 21 1 24 1 25 1 30 1
29 8 6 0 1 14 1 15 1 16 1 30 1 30 2
29 16 6 0 1 14 1 16 1 17 1 27 1 30 1
29 8 6 0 1 14 1 16 1 17 2 25 1 30 1
29 8 6 0 1 14 1 16 1 19 1 21 2 30 1
29 16 6 0 1 14 1 16 1 21 1 24 1 30 1
29 4 6 0 1 14 2 15 1 30 1 30 2 31 1
29 8 6 0 1 14 2 17 1 27 1 30 1 31 1
29 4 6 0 1 14 2 17 2 25 1 30 1 31 1
29 4 6 0 1 14 2 19 1 21 2 30 1 31 1
29 8 6 0 1 14 2 21 1 24 1 30 1 31 1
29 4 6 0 1 15 1 15 1 16 2 30 1 30 2
29 8 6 0 1 15 1 16 2 17 1 27 1 30 1
29 4 6 0 1 15 1 16 2 17 2 25 1 30 1
29 4 6 0 1 15 1 16 2 19 1 21 2 30 1
29 8 6 0 1 15 1 16 2 21 1 24 1 30 1
29 4 6 0 2 0 2 1 1 11 1 31 1 31 1
29 2 6 0 2 0 2 1 2 9 1 31 1 31 1
29 2 6 0 2 0 2 3 1 5 2 31 1 31 1
29 4 6 0 2 0 2 5 1 8 1 31 1 31 1
29 2 6 0 2 0 2 8 2 19 1 31 1 31 1
29 2 6 0 2 0 2 11 2 25 1 31 1 31 1
29 4 6 0 2 0 2 14 1 16 1 31 1 31 1
29 2 6 0 2 0 2 14 2 31 1 31 1 31 1
29 2 6 0 2 0 2 15 1 16 2 31 1 31 1
29 4 6 0 2 1 1 3 1 11 1 24 2 31 1
29 4 6 0 2 1 1 9 1 11 1 27 2 31 1
29 4 6 0 2 1 1 11 1 15 1 30 2 31 1
29 8 6 0 2 1 1 11 1 17 1 27 1 31 1
29 4 6 0 2 1 1 11 1 17 2 25 1 31 1
29 4 6 0 2 1 1 11 1 19 1 21 2 31 1
29 8 6 0 2 1 1 11 1 21 1 24 1 31 1
29 8 4 0 2 1 1 11 1 30 2
29 2 6 0 2 1 2 3 1 9 1 24 2 31 1
29 2 6 0 2 1 2 9 1 9 1 27 2 31 1
29 2 6 0 2 1 2 9 1 15 1 30 2 31 1
29 4 6 0 2 1 2 9 1 17 1 27 1 31 1
29 2 6 0 2 1 2 9 1 17 2 25 1 31 1
29 2 6 0 2 1 2 9 1 19 1 21 2 31 1
29 4 6 0 2 1 2 9 1 21 1 24 1 31 1
29 4 4 0 2 1 2 9 1 30 2
29 2 6 0 2 3 1 3 1 5 2 24 2 31 1
29 4 6 0 2 3 1 5 1 8 1 24 2 31 1
29 2 6 0 2 3 1 5 2 9 1 27 2 31 1
29 2 6 0 2 3 1 5 2 15 1 30 2 31 1
29 4 6 0 2 3 1 5 2 17 1 27 1 31 1
29 2 6 0 2 3 1 5 2 17 2 25 1 31 1
29 2 6 0 2 3 1 5 2 19 1 21 2 31 1
29 4 6 0 2 3 1 5 2 21 1 24 1 31 1
29 4 4 0 2 3 1 5 2 30 2
29 2 6 0 2 3 1 8 2 19 1 24 2 31 1
29 2 6 0 2 3 1 11 2 24 2 25 1 31 1
29 4 6 0 2 3 1 14 1 16 1 24 2 31 1
29 2 6 0 2 3 1 14 2 24 2 31 1 31 1
29 2 6 0 2 3 1 15 1 16 2 24 2 31 1
29 4 6 0 2 5 1 8 1 9 1 27 2 31 1
29 4 6 0 2 5 1 8 1 15 1 30 2 31 1
29 8 6 0 2 5 1 8 1 17 1 27 1 31 1
29 4 6 0 2 5 1 8 1 17 2 25 1 31 1
29 4 6 0 2 5 1 8 1 19 1 21 2 31 1
29 8 6 0 2 5 1 8 1 21 1 24 1 31 1
29 8 4 0 2 5 1 8 1 30 2
29 2 6 0 2 8 2 9 1 19 1 27 2 31 1
29 2 6 0 2 8 2 15 1 19 1 30 2 31 1
29 4 6 0 2 8 2 17 1 19 1 27 1 31 1
29 2 6 0 2 8 2 17 2 19 1 25 1 31 1
29 2 6 0 2 8 2 19 1 19 1 21 2 31 1
29 4 6 0 2 8 2 19 1 21 1 24 1 31 1
29 4 4 0 2 8 2 19 1 30 2
29 2 6 0 2 9 1 11 2 25 1 27 2 31 1
29 4 6 0 2 9 1 14 1 16 1 27 2 31 1
29 2 6 0 2 9 1 14 2 27 2 31 1 31 1
29 2 6 0 2 9 1 15 1 16 2 27 2 31 1
29 2 6 0 2 11 2 15 1 25 1 30 2 31 1
29 4 6 0 2 11 2 17 1 25 1 27 1 31 1
29 2 6 0 2 11 2 17 2 25 1 25 1 31 1
29 2 6 0 2 11 2 19 1 21 2 25 1 31 1
29 4 6 0 2 11 2 21 1 24 1 25 1 31 1
29 4 4 0 2 11 2 25 1 30 2
29 4 6 0 2 14 1 15 1 16 1 30 2 31 1
29 8 6 0 2 14 1 16 1 17 1 27 1 31 1
29 4 6 0 2 14 1 16 1 17 2 25 1 31 1
29 4 6 0 2 14 1 16 1 19 1 21 2 31 1
29 8 6 0 2 14 1 16 1 21 1 24 1 31 1
29 8 4 0 2 14 1 16 1 30 2
29 2 6 0 2 14 2 15 1 30 2 31 1 31 1
29 4 6 0 2 14 2 17 1 27 1 31 1 31 1
29 2 6 0 2 14 2 17 2 25 1 31 1 31 1
29 2 6 0 2 14 2 19 1 21 2 31 1 31 1
29 4 6 0 2 14 2 21 1 24 1 31 1 31 1
29 4 4 0 2 14 2 30 2 31 1
29 2 6 0 2 15 1 15 1 16 2 30 2 31 1
29 4 6 0 2 15 1 16 2 17 1 27 1 31 1
29 2 6 0 2 15 1 16 2 17 2 25 1 31 1
29 2 6 0 2 15 1 16 2 19 1 21 2 31 1
29 4 6 0 2 15 1 16 2 21 1 24 1 31 1
29 4 4 0 2 15 1 16 2 30 2
29 2 4 0 4 1 1 11 1 31 2
29 1 4 0 4 1 2 9 1 31 2
29 1 4 0 4 3 1 5 2 31 2
29 2 4 0 4 5 1 8 1 31 2
29 1 4 0 4 8 2 19 1 31 2
29 1 4 0 4 11 2 25 1 31 2
29 2 4 0 4 14 1 16 1 31 2
29 1 4 0 4 14 2 31 1 31 2
29 1 4 0 4 15 1 16 2 31 2
29 4 6 1 1 3 1 3 1 11 1 24 2 24 2
29 4 6 1 1 3 1 9 1 11 1 24 2 27 2
29 4 6 1 1 3 1 11 1 15 1 24 2 30 2
29 8 6 1 1 3 1 11 1 17 1 24 2 27 1
29 4 6 1 1 3 1 11 1 17 2 24 2 25 1
29 4 6 1 1 3 1 11 1 19 1 21 2 24 2
29 8 6 1 1 3 1 11 1 21 1 24 1 24 2
29 2 4 1 1 3 2 11 1 24 4
29 4 6 1 1 9 1 9 1 11 1 27 2 27 2
29 4 6 1 1 9 1 11 1 15 1 27 2 30 2
29 8 6 1 1 9 1 11 1 17 1 27 1 27 2
29 4 6 1 1 9 1 11 1 17 2 25 1 27 2
29 4 6 1 1 9 1 11 1 19 1 21 2 27 2
29 8 6 1 1 9 1 11 1 21 1 24 1 27 2
29 2 4 1 1 9 2 11 1 27 4
29 4 6 1 1 11 1 15 1 15 1 30 2 30 2
29 8 6 1 1 11 1 15 1 17 1 27 1 30 2
29 4 6 1 1 11 1 15 1 17 2 25 1 30 2
29 4 6 1 1 11 1 15 1 19 1 21 2 30 2
29 8 6 1 1 11 1 15 1 21 1 24 1 30 2
29 2 4 1 1 11 1 15 2 30 4
29 16 6 1 1 11 1 17 1 17 1 27 1 27 1
29 8 6 1 1 11 1 17 1 17 2 25 1 27 1
29 8 6 1 1 11 1 17 1 19 1 21 2 27 1
29 16 6 1 1 11 1 17 1 21 1 24 1 27 1
29 4 6 1 1 11 1 17 2 17 2 25 1 25 1
29 4 6 1 1 11 1 17 2 19 1 21 2 25 1
29 8 6 1 1 11 1 17 2 21 1 24 1 25 1
29 8 4 1 1 11 1 17 2 27 2
29 2 4 1 1 11 1 17 4 25 2
29 4 6 1 1 11 1 19 1 19 1 21 2 21 2
29 8 6 1 1 11 1 19 1 21 1 21 2 24 1
29 2 4 1 1 11 1 19 2 21 4
29 16 6 1 1 11 1 21 1 21 1 24 1 24 1
29 8 4 1 1 11 1 21 2 24 2
29 2 6 1 2 3 1 3 1 9 1 24 2 24 2
29 2 6 1 2 3 1 9 1 9 1 24 2 27 2
29 2 6 1 2 3 1 9 1 15 1 24 2 30 2
29 4 6 1 2 3 1 9 1 17 1 24 2 27 1
29 2 6 1 2 3 1 9 1 17 2 24 2 25 1
29 2 6 1 2 3 1 9 1 19 1 21 2 24 2
29 4 6 1 2 3 1 9 1 21 1 24 1 24 2
29 1 4 1 2 3 2 9 1 24 4
29 2 6 1 2 9 1 9 1 9 1 27 2 27 2
29 2 6 1 2 9 1 9 1 15 1 27 2 30 2
29 4 6 1 2 9 1 9 1 17 1 27 1 27 2
29 2 6 1 2 9 1 9 1 17 2 25 1 27 2
29 2 6 1 2 9 1 9 1 19 1 21 2 27 2
29 4 6 1 2 9 1 9 1 21 1 24 1 27 2
29 1 4 1 2 9 1 9 2 27 4
29 2 6 1 2 9 1 15 1 15 1 30 2 30 2
29 4 6 1 2 9 1 15 1 17 1 27 1 30 2
29 2 6 1 2 9 1 15 1 17 2 25 1 30 2
29 2 6 1 2 9 1 15 1 19 1 21 2 30 2
29 4 6 1 2 9 1 15 1 21 1 24 1 30 2
29 1 4 1 2 9 1 15 2 30 4
29 8 6 1 2 9 1 17 1 17 1 27 1 27 1
29 4 6 1 2 9 1 17 1 17 2 25 1 27 1
29 4 6 1 2 9 1 17 1 19 1 21 2 27 1
29 8 6 1 2 9 1 17 1 21 1 24 1 27 1
29 2 6 1 2 9 1 17 2 17 2 25 1 25 1
29 2 6 1 2 9 1 17 2 19 1 21 2 25 1
29 4 6 1 2 9 1 17 2 21 1 24 1 25 1
29 4 4 1 2 9 1 17 2 27 2
29 1 4 1 2 9 1 17 4 25 2
29 2 6 1 2 9 1 19 1 19 1 21 2 21 2
29 4 6 1 2 9 1 19 1 21 1 21 2 24 1
29 1 4 1 2 9 1 19 2 21 4
29 8 6 1 2 9 1 21 1 21 1 24 1 24 1
29 4 4 1 2 9 1 21 2 24 2
29 2 6 3 1 3 1 3 1 5 2 24 2 24 2
29 4 6 3 1 3 1 5 1 8 1 24 2 24 2
29 2 6 3 1 3 1 5 2 9 1 24 2 27 2
29 2 6 3 1 3 1 5 2 15 1 24 2 30 2
29 4 6 3 1 3 1 5 2 17 1 24 2 27 1
29 2 6 3 1 3 1 5 2 17 2 24 2 25 1
29 2 6 3 1 3 1 5 2 19 1 21 2 24 2
29 4 6 3 1 3 1 5 2 21 1 24 1 24 2
29 2 6 3 1 3 1 8 2 19 1 24 2 24 2
29 2 6 3 1 3 1 11 2 24 2 24 2 25 1
29 4 6 3 1 3 1 14 1 16 1 24 2 24 2
29 2 6 3 1 3 1 14 2 24 2 24 2 31 1
29 2 6 3 1 3 1 15 1 16 2 24 2 24 2
29 1 4 3 1 3 2 5 2 24 4
29 4 6 3 1 5 1 8 1 9 1 24 2 27 2
29 4 6 3 1 5 1 8 1 15 1 24 2 30 2
29 8 6 3 1 5 1 8 1 17 1 24 2 27 1
29 4 6 3 1 5 1 8 1 17 2 24 2 25 1
29 4 6 3 1 5 1 8 1 19 1 21 2 24 2
29 8 6 3 1 5 1 8 1 21 1 24 1 24 2
29 2 6 3 1 5 2 9 1 9 1 27 2 27 2
29 2 6 3 1 5 2 9 1 15 1 27 2 30 2
29 4 6 3 1 5 2 9 1 17 1 27 1 27 2
29 2 6 3 1 5 2 9 1 17 2 25 1 27 2
29 2 6 3 1 5 2 9 1 19 1 21 2 27 2
29 4 6 3 1 5 2 9 1 21 1 24 1 27 2
29 1 4 3 1 5 2 9 2 27 4
29 2 6 3 1 5 2 15 1 15 1 30 2 30 2
29 4 6 3 1 5 2 15 1 17 1 27 1 30 2
29 2 6 3 1 5 2 15 1 17 2 25 1 30 2
29 2 6 3 1 5 2 15 1 19 1 21 2 30 2
29 4 6 3 1 5 2 15 1 21 1 24 1 30 2
29 1 4 3 1 5 2 15 2 30 4
29 8 6 3 1 5 2 17 1 17 1 27 1 27 1
29 4 6 3 1 5 2 17 1 17 2 25 1 27 1
29 4 6 3 1 5 2 17 1 19 1 21 2 27 1
29 8 6 3 1 5 2 17 1 21 1 24 1 27 1
29 2 6 3 1 5 2 17 2 17 2 25 1 25 1
29 2 6 3 1 5 2 17 2 19 1 21 2 25 1
29 4 6 3 1 5 2 17 2 21 1 24 1 25 1
29 4 4 3 1 5 2 17 2 27 2
29 1 4 3 1 5 2 17 4 25 2
29 2 6 3 1 5 2 19 1 19 1 21 2 21 2
29 4 6 3 1 5 2 19 1 21 1 21 2 24 1
29 1 4 3 1 5 2 19 2 21 4
29 8 6 3 1 5 2 21 1 21 1 24 1 24 1
29 4 4 3 1 5 2 21 2 24 2
29 2 6 3 1 8 2 9 1 19 1 24 2 27 2
29 2 6 3 1 8 2 15 1 19 1 24 2 30 2
29 4 6 3 1 8 2 17 1 19 1 24 2 27 1
29 2 6 3 1 8 2 17 2 19 1 24 2 25 1
29 2 6 3 1 8 2 19 1 19 1 21 2 24 2
29 4 6 3 1 8 2 19 1 21 1 24 1 24 2
29 2 6 3 1 9 1 11 2 24 2 25 1 27 2
29 4 6 3 1 9 1 14 1 16 1 24 2 27 2
29 2 6 3 1 9 1 14 2 24 2 27 2 31 1
29 2 6 3 1 9 1 15 1 16 2 24 2 27 2
29 2 6 3 1 11 2 15 1 24 2 25 1 30 2
29 4 6 3 1 11 2 17 1 24 2 25 1 27 1
29 2 6 3 1 11 2 17 2 24 2 25 1 25 1
29 2 6 3 1 11 2 19 1 21 2 24 2 25 1
29 4 6 3 1 11 2 21 1 24 1 24 2 25 1
29 4 6 3 1 14 1 15 1 16 1 24 2 30 2
29 8 6 3 1 14 1 16 1 17 1 24 2 27 1
29 4 6 3 1 14 1 16 1 17 2 24 2 25 1
29 4 6 3 1 14 1 16 1 19 1 21 2 24 2
29 8 6 3 1 14 1 16 1 21 1 24 1 24 2
29 2 6 3 1 14 2 15 1 24 2 30 2 31 1
29 4 6 3 1 14 2 17 1 24 2 27 1 31 1
29 2 6 3 1 14 2 17 2 24 2 25 1 31 1
29 2 6 3 1 14 2 19 1 21 2 24 2 31 1
29 4 6 3 1 14 2 21 1 24 1 24 2 31 1
29 2 6 3 1 15 1 15 1 16 2 24 2 30 2
29 4 6 3 1 15 1 16 2 17 1 24 2 27 1
29 2 6 3 1 15 1 16 2 17 2 24 2 25 1
29 2 6 3 1 15 1 16 2 19 1 21 2 24 2
29 4 6 3 1 15 1 16 2 21 1 24 1 24 2
29 2 4 3 2 5 1 8 1 24 4
29 1 4 3 2 8 2 19 1 24 4
29 1 4 3 2 11 2 24 4 25 1
29 2 4 3 2 14 1 16 1 24 4
29 1 4 3 2 14 2 24 4 31 1
29 1 4 3 2 15 1 16 2 24 4
29 4 6 5 1 8 1 9 1 9 1 27 2 27 2
29 4 6 5 1 8 1 9 1 15 1 27 2 30 2
29 8 6 5 1 8 1 9 1 17 1 27 1 27 2
29 4 6 5 1 8 1 9 1 17 2 25 1 27 2
29 4 6 5 1 8 1 9 1 19 1 21 2 27 2
29 8 6 5 1 8 1 9 1 21 1 24 1 27 2
29 2 4 5 1 8 1 9 2 27 4
29 4 6 5 1 8 1 15 1 15 1 30 2 30 2
29 8 6 5 1 8 1 15 1 17 1 27 1 30 2
29 4 6 5 1 8 1 15 1 17 2 25 1 30 2
29 4 6 5 1 8 1 15 1 19 1 21 2 30 2
29 8 6 5 1 8 1 15 1 21 1 24 1 30 2
29 2 4 5 1 8 1 15 2 30 4
29 16 6 5 1 8 1 17 1 17 1 27 1 27 1
29 8 6 5 1 8 1 17 1 17 2 25 1 27 1
29 8 6 5 1 8 1 17 1 19 1 21 2 27 1
29 16 6 5 1 8 1 17 1 21 1 24 1 27 1
29 4 6 5 1 8 1 17 2 17 2 25 1 25 1
29 4 6 5 1 8 1 17 2 19 1 21 2 25 1
29 8 6 5 1 8 1 17 2 21 1 24 1 25 1
29 8 4 5 1 8 1 17 2 27 2
29 2 4 5 1 8 1 17 4 25 2
29 4 6 5 1 8 1 19 1 19 1 21 2 21 2
29 8 6 5 1 8 1 19 1 21 1 21 2 24 1
29 2 4 5 1 8 1 19 2 21 4
29 16 6 5 1 8 1 21 1 21 1 24 1 24 1
29 8 4 5 1 8 1 21 2 24 2
29 2 6 8 2 9 1 9 1 19 1 27 2 27 2
29 2 6 8 2 9 1 15 1 19 1 27 2 30 2
29 4 6 8 2 9 1 17 1 19 1 27 1 27 2
29 2 6 8 2 9 1 17 2 19 1 25 1 27 2
29 2 6 8 2 9 1 19 1 19 1 21 2 27 2
29 4 6 8 2 9 1 19 1 21 1 24 1 27 2
29 1 4 8 2 9 2 19 1 27 4
29 2 6 8 2 15 1 15 1 19 1 30 2 30 2
29 4 6 8 2 15 1 17 1 19 1 27 1 30 2
29 2 6 8 2 15 1 17 2 19 1 25 1 30 2
29 2 6 8 2 15 1 19 1 19 1 21 2 30 2
29 4 6 8 2 15 1 19 1 21 1 24 1 30 2
29 1 4 8 2 15 2 19 1 30 4
29 8 6 8 2 17 1 17 1 19 1 27 1 27 1
29 4 6 8 2 17 1 17 2 19 1 25 1 27 1
29 4 6 8 2 17 1 19 1 19 1 21 2 27 1
29 8 6 8 2 17 1 19 1 21 1 24 1 27 1
29 2 6 8 2 17 2 17 2 19 1 25 1 25 1
29 2 6 8 2 17 2 19 1 19 1 21 2 25 1
29 4 6 8 2 17 2 19 1 21 1 24 1 25 1
29 4 4 8 2 17 2 19 1 27 2
29 1 4 8 2 17 4 19 1 25 2
29 2 6 8 2 19 1 19 1 19 1 21 2 21 2
29 4 6 8 2 19 1 19 1 21 1 21 2 24 1
29 1 4 8 2 19 1 19 2 21 4
29 8 6 8 2 19 1 21 1 21 1 24 1 24 1
29 4 4 8 2 19 1 21 2 24 2
29 2 6 9 1 9 1 11 2 25 1 27 2 27 2
29 4 6 9 1 9 1 14 1 16 1 27 2 27 2
29 2 6 9 1 9 1 14 2 27 2 27 2 31 1
29 2 6 9 1 9 1 15 1 16 2 27 2 27 2
29 2 6 9 1 11 2 15 1 25 1 27 2 30 2
29 4 6 9 1 11 2 17 1 25 1 27 1 27 2
29 2 6 9 1 11 2 17 2 25 1 25 1 27 2
29 2 6 9 1 11 2 19 1 21 2 25 1 27 2
29 4 6 9 1 11 2 21 1 24 1 25 1 27 2
29 4 6 9 1 14 1 15 1 16 1 27 2 30 2
29 8 6 9 1 14 1 16 1 17 1 27 1 27 2
29 4 6 9 1 14 1 16 1 17 2 25 1 27 2
29 4 6 9 1 14 1 16 1 19 1 21 2 27 2
29 8 6 9 1 14 1 16 1 21 1 24 1 27 2
29 2 6 9 1 14 2 15 1 27 2 30 2 31 1
29 4 6 9 1 14 2 17 1 27 1 27 2 31 1
29 2 6 9 1 14 2 17 2 25 1 27 2 31 1
29 2 6 9 1 14 2 19 1 21 2 27 2 31 1
29 4 6 9 1 14 2 21 1 24 1 27 2 31 1
29 2 6 9 1 15 1 15 1 16 2 27 2 30 2
29 4 6 9 1 15 1 16 2 17 1 27 1 27 2
29 2 6 9 1 15 1 16 2 17 2 25 1 27 2
29 2 6 9 1 15 1 16 2 19 1 21 2 27 2
29 4 6 9 1 15 1 16 2 21 1 24 1 27 2
29 1 4 9 2 11 2 25 1 27 4
29 2 4 9 2 14 1 16 1 27 4
29 1 4 9 2 14 2 27 4 31 1
29 1 4 9 2 15 1 16 2 27 4
29 2 6 11 2 15 1 15 1 25 1 30 2 30 2
29 4 6 11 2 15 1 17 1 25 1 27 1 30 2
29 2 6 11 2 15 1 17 2 25 1 25 1 30 2
29 2 6 11 2 15 1 19 1 21 2 25 1 30 2
29 4 6 11 2 15 1 21 1 24 1 25 1 30 2
29 1 4 11 2 15 2 25 1 30 4
29 8 6 11 2 17 1 17 1 25 1 27 1 27 1
29 4 6 11 2 17 1 17 2 25 1 25 1 27 1
29 4 6 11 2 17 1 19 1 21 2 25 1 27 1
29 8 6 11 2 17 1 21 1 24 1 25 1 27 1
29 2 6 11 2 17 2 17 2 25 1 25 1 25 1
29 2 6 11 2 17 2 19 1 21 2 25 1 25 1
29 4 6 11 2 17 2 21 1 24 1 25 1 25 1
29 4 4 11 2 17 2 25 1 27 2
29 1 4 11 2 17 4 25 1 25 2
29 2 6 11 2 19 1 19 1 21 2 21 2 25 1
29 4 6 11 2 19 1 21 1 21 2 24 1 25 1
29 1 4 11 2 19 2 21 4 25 1
29 8 6 11 2 21 1 21 1 24 1 24 1 25 1
29 4 4 11 2 21 2 24 2 25 1
29 4 6 14 1 15 1 15 1 16 1 30 2 30 2
29 8 6 14 1 15 1 16 1 17 1 27 1 30 2
29 4 6 14 1 15 1 16 1 17 2 25 1 30 2
29 4 6 14 1 15 1 16 1 19 1 21 2 30 2
29 8 6 14 1 15 1 16 1 21 1 24 1 30 2
29 2 4 14 1 15 2 16 1 30 4
29 16 6 14 1 16 1 17 1 17 1 27 1 27 1
29 8 6 14 1 16 1 17 1 17 2 25 1 27 1
29 8 6 14 1 16 1 17 1 19 1 21 2 27 1
29 16 6 14 1 16 1 17 1 21 1 24 1 27 1
29 4 6 14 1 16 1 17 2 17 2 25 1 25 1
29 4 6 14 1 16 1 17 2 19 1 21 2 25 1
29 8 6 14 1 16 1 17 2 21 1 24 1 25 1
29 8 4 14 1 16 1 17 2 27 2
29 2 4 14 1 16 1 17 4 25 2
29 4 6 14 1 16 1 19 1 19 1 21 2 21 2
29 8 6 14 1 16 1 19 1 21 1 21 2 24 1
29 2 4 14 1 16 1 19 2 21 4
29 16 6 14 1 16 1 21 1 21 1 24 1 24 1
29 8 4 14 1 16 1 21 2 24 2
29 2 6 14 2 15 1 15 1 30 2 30 2 31 1
29 4 6 14 2 15 1 17 1 27 1 30 2 31 1
29 2 6 14 2 15 1 17 2 25 1 30 2 31 1
29 2 6 14 2 15 1 19 1 21 2 30 2 31 1
29 4 6 14 2 15 1 21 1 24 1 30 2 31 1
29 1 4 14 2 15 2 30 4 31 1
29 8 6 14 2 17 1 17 1 27 1 27 1 31 1
29 4 6 14 2 17 1 17 2 25 1 27 1 31 1
29 4 6 14 2 17 1 19 1 21 2 27 1 31 1
29 8 6 14 2 17 1 21 1 24 1 27 1 31 1
29 2 6 14 2 17 2 17 2 25 1 25 1 31 1
29 2 6 14 2 17 2 19 1 21 2 25 1 31 1
29 4 6 14 2 17 2 21 1 24 1 25 1 31 1
29 4 4 14 2 17 2 27 2 31 1
29 1 4 14 2 17 4 25 2 31 1
29 2 6 14 2 19 1 19 1 21 2 21 2 31 1
29 4 6 14 2 19 1 21 1 21 2 24 1 31 1
29 1 4 14 2 19 2 21 4 31 1
29 8 6 14 2 21 1 21 1 24 1 24 1 31 1
29 4 4 14 2 21 2 24 2 31 1
29 2 6 15 1 15 1 15 1 16 2 30 2 30 2
29 4 6 15 1 15 1 16 2 17 1 27 1 30 2
29 2 6 15 1 15 1 16 2 17 2 25 1 30 2
29 2 6 15 1 15 1 16 2 19 1 21 2 30 2
29 4 6 15 1 15 1 16 2 21 1 24 1 30 2
29 1 4 15 1 15 2 16 2 30 4
29 8 6 15 1 16 2 17 1 17 1 27 1 27 1
29 4 6 15 1 16 2 17 1 17 2 25 1 27 1
29 4 6 15 1 16 2 17 1 19 1 21 2 27 1
29 8 6 15 1 16 2 17 1 21 1 24 1 27 1
29 2 6 15 1 16 2 17 2 17 2 25 1 25 1
29 2 6 15 1 16 2 17 2 19 1 21 2 25 1
29 4 6 15 1 16 2 17 2 21 1 24 1 25 1
29 4 4 15 1 16 2 17 2 27 2
29 1 4 15 1 16 2 17 4 25 2
29 2 6 15 1 16 2 19 1 19 1 21 2 21 2
29 4 6 15 1 16 2 19 1 21 1 21 2 24 1
29 1 4 15 1 16 2 19 2 21 4
29 8 6 15 1 16 2 21 1 21 1 24 1 24 1
29 4 4 15 1 16 2 21 2 24 2
30 2 6 0 1 0 1 0 1 13 1 31 1 31 1
30 2 6 0 1 0 1 1 1 12 1 31 1 31 1
30 2 6 0 1 0 1 4 1 11 1 31 1 31 1
30 2 6 0 1 0 1 5 1 10 1 31 1 31 1
30 2 6 0 1 0 1 7 1 8 1 31 1 31 1
30 2 6 0 1 0 1 13 1 16 1 29 1 31 1
30 2 6 0 1 0 1 13 1 17 1 28 1 31 1
30 2 6 0 1 0 1 13 1 20 1 27 1 31 1
30 2 6 0 1 0 1 13 1 21 1 26 1 31 1
30 2 6 0 1 0 1 13 1 23 1 24 1 31 1
30 2 6 0 1 0 1 15 1 16 1 31 1 31 1
30 1 4 0 1 0 2 13 1 31 2
30 2 6 0 1 1 1 12 1 16 1 29 1 31 1
30 2 6 0 1 1 1 12 1 17 1 28 1 31 1
30 2 6 0 1 1 1 12 1 20 1 27 1 31 1
30 2 6 0 1 1 1 12 1 21 1 26 1 31 1
30 2 6 0 1 1 1 12 1 23 1 24 1 31 1
30 2 6 0 1 4 1 11 1 16 1 29 1 31 1
30 2 6 0 1 4 1 11 1 17 1 28 1 31 1
30 2 6 0 1 4 1 11 1 20 1 27 1 31 1
30 2 6 0 1 4 1 11 1 21 1 26 1 31 1
30 2 6 0 1 4 1 11 1 23 1 24 1 31 1
30 2 6 0 1 5 1 10 1 16 1 29 1 31 1
30 2 6 0 1 5 1 10 1 17 1 28 1 31 1
30 2 6 0 1 5 1 10 1 20 1 27 1 31 1
30 2 6 0 1 5 1 10 1 21 1 26 1 31 1
30 2 6 0 1 5 1 10 1 23 1 24 1 31 1
30 2 6 0 1 7 1 8 1 16 1 29 1 31 1
30 2 6 0 1 7 1 8 1 17 1 28 1 31 1
30 2 6 0 1 7 1 8 1 20 1 27 1 31 1
30 2 6 0 1 7 1 8 1 21 1 26 1 31 1
30 2 6 0 1 7 1 8 1 23 1 24 1 31 1
30 2 6 0 1 13 1 16 1 16 1 29 1 29 1
30 2 6 0 1 13 1 16 1 17 1 28 1 29 1
30 2 6 0 1 13 1 16 1 20 1 27 1 29 1
30 2 6 0 1 13 1 16 1 21 1 26 1 29 1
30 2 6 0 1 13 1 16 1 23 1 24 1 29 1
30 1 4 0 1 13 1 16 2 29 2
30 2 6 0 1 13 1 17 1 17 1 28 1 28 1
30 2 6 0 1 13 1 17 1 20 1 27 1 28 1
30 2 6 0 1 13 1 17 1 21 1 26 1 28 1
30 2 6 0 1 13 1 17 1 23 1 24 1 28 1
30 1 4 0 1 13 1 17 2 28 2
30 2 6 0 1 13 1 20 1 20 1 27 1 27 1
30 2 6 0 1 13 1 20 1 21 1 26 1 27 1
30 2 6 0 1 13 1 20 1 23 1 24 1 27 1
30 1 4 0 1 13 1 20 2 27 2
30 2 6 0 1 13 1 21 1 21 1 26 1 26 1
30 2 6 0 1 13 1 21 1 23 1 24 1 26 1
30 1 4 0 1 13 1 21 2 26 2
30 2 6 0 1 13 1 23 1 23 1 24 1 24 1
30 1 4 0 1 13 1 23 2 24 2
30 2 6 0 1 15 1 16 1 16 1 29 1 31 1
30 2 6 0 1 15 1 16 1 17 1 28 1 31 1
30 2 6 0 1 15 1 16 1 20 1 27 1 31 1
30 2 6 0 1 15 1 16 1 21 1 26 1 31 1
30 2 6 0 1 15 1 16 1 23 1 24 1 31 1
30 1 4 0 2 1 1 12 1 31 2
30 1 4 0 2 4 1 11 1 31 2
30 1 4 0 2 5 1 10 1 31 2
30 1 4 0 2 7 1 8 1 31 2
30 1 4 0 2 15 1 16 1 31 2
30 2 6 1 1 12 1 16 1 16 1 29 1 29 1
30 2 6 1 1 12 1 16 1 17 1 28 1 29 1
30 2 6 1 1 12 1 16 1 20 1 27 1 29 1
30 2 6 1 1 12 1 16 1 21 1 26 1 29 1
30 2 6 1 1 12 1 16 1 23 1 24 1 29 1
30 1 4 1 1 12 1 16 2 29 2
30 2 6 1 1 12 1 17 1 17 1 28 1 28 1
30 2 6 1 1 12 1 17 1 20 1 27 1 28 1
30 2 6 1 1 12 1 17 1 21 1 26 1 28 1
30 2 6 1 1 12 1 17 1 23 1 24 1 28 1
30 1 4 1 1 12 1 17 2 28 2
30 2 6 1 1 12 1 20 1 20 1 27 1 27 1
30 2 6 1 1 12 1 20 1 21 1 26 1 27 1
30 2 6 1 1 12 1 20 1 23 1 24 1 27 1
30 1 4 1 1 12 1 20 2 27 2
30 2 6 1 1 12 1 21 1 21 1 26 1 26 1
30 2 6 1 1 12 1 21 1 23 1 24 1 26 1
30 1 4 1 1 12 1 21 2 26 2
30 2 6 1 1 12 1 23 1 23 1 24 1 24 1
30 1 4 1 1 12 1 23 2 24 2
30 2 6 4 1 11 1 16 1 16 1 29 1 29 1
30 2 6 4 1 11 1 16 1 17 1 28 1 29 1
30 2 6 4 1 11 1 16 1 20 1 27 1 29 1
30 2 6 4 1 11 1 16 1 21 1 26 1 29 1
30 2 6 4 1 11 1 16 1 23 1 24 1 29 1
30 1 4 4 1 11 1 16 2 29 2
30 2 6 4 1 11 1 17 1 17 1 28 1 28 1
30 2 6 4 1 11 1 17 1 20 1 27 1 28 1
30 2 6 4 1 11 1 17 1 21 1 26 1 28 1
30 2 6 4 1 11 1 17 1 23 1 24 1 28 1
30 1 4 4 1 11 1 17 2 28 2
30 2 6 4 1 11 1 20 1 20 1 27 1 27 1
30 2 6 4 1 11 1 20 1 21 1 26 1 27 1
30 2 6 4 1 11 1 20 1 23 1 24 1 27 1
30 1 4 4 1 11 1 20 2 27 2
30 2 6 4 1 11 1 21 1 21 1 26 1 26 1
30 2 6 4 1 11 1 21 1 23 1 24 1 26 1
30 1 4 4 1 11 1 21 2 26 2
30 2 6 4 1 11 1 23 1 23 1 24 1 24 1
30 1 4 4 1 11 1 23 2 24 2
30 2 6 5 1 10 1 16 1 16 1 29 1 29 1
30 2 6 5 1 10 1 16 1 17 1 28 1 29 1
30 2 6 5 1 10 1 16 1 20 1 27 1 29 1
30 2 6 5 1 10 1 16 1 21 1 26 1 29 1
30 2 6 5 1 10 1 16 1 23 1 24 1 29 1
30 1 4 5 1 10 1 16 2 29 2
30 2 6 5 1 10 1 17 1 17 1 28 1 28 1
30 2 6 5 1 10 1 17 1 20 1 27 1 28 1
30 2 6 5 1 10 1 17 1 21 1 26 1 28 1
30 2 6 5 1 10 1 17 1 23 1 24 1 28 1
30 1 4 5 1 10 1 17 2 28 2
30 2 6 5 1 10 1 20 1 20 1 27 1 27 1
30 2 6 5 1 10 1 20 1 21 1 26 1 27 1
30 2 6 5 1 10 1 20 1 23 1 24 1 27 1
30 1 4 5 1 10 1 20 2 27 2
30 2 6 5 1 10 1 21 1 21 1 26 1 26 1
30 2 6 5 1 10 1 21 1 23 1 24 1 26 1
30 1 4 5 1 10 1 21 2 26 2
30 2 6 5 1 10 1 23 1 23 1 24 1 24 1
30 1 4 5 1 10 1 23 2 24 2
30 2 6 7 1 8 1 16 1 16 1 29 1 29 1
30 2 6 7 1 8 1 16 1 17 1 28 1 29 1
30 2 6 7 1 8 1 16 1 20 1 27 1 29 1
30 2 6 7 1 8 1 16 1 21 1 26 1 29 1
30 2 6 7 1 8 1 16 1 23 1 24 1 29 1
30 1 4 7 1 8 1 16 2 29 2
30 2 6 7 1 8 1 17 1 17 1 28 1 28 1
30 2 6 7 1 8 1 17 1 20 1 27 1 28 1
30 2 6 7 1 8 1 17 1 21 1 26 1 28 1
30 2 6 7 1 8 1 17 1 23 1 24 1 28 1
30 1 4 7 1 8 1 17 2 28 2
30 2 6 7 1 8 1 20 1 20 1 27 1 27 1
30 2 6 7 1 8 1 20 1 21 1 26 1 27 1
30 2 6 7 1 8 1 20 1 23 1 24 1 27 1
30 1 4 7 1 8 1 20 2 27 2
30 2 6 7 1 8 1 21 1 21 1 26 1 26 1
30 2 6 7 1 8 1 21 1 23 1 24 1 26 1
30 1 4 7 1 8 1 21 2 26 2
30 2 6 7 1 8 1 23 1 23 1 24 1 24 1
30 1 4 7 1 8 1 23 2 24 2
30 2 6 15 1 16 1 16 1 16 1 29 1 29 1
30 2 6 15 1 16 1 16 1 17 1 28 1 29 1
30 2 6 15 1 16 1 16 1 20 1 27 1 29 1
30 2 6 15 1 16 1 16 1 21 1 26 1 29 1
30 2 6 15 1 16 1 16 1 23 1 24 1 29 1
30 1 4 15 1 16 1 16 2 29 2
30 2 6 15 1 16 1 17 1 17 1 28 1 28 1
30 2 6 15 1 16 1 17 1 20 1 27 1 28 1
30 2 6 15 1 16 1 17 1 21 1 26 1 28 1
30 2 6 15 1 16 1 17 1 23 1 24 1 28 1
30 1 4 15 1 16 1 17 2 28 2
30 2 6 15 1 16 1 20 1 20 1 27 1 27 1
30 2 6 15 1 16 1 20 1 21 1 26 1 27 1
30 2 6 15 1 16 1 20 1 23 1 24 1 27 1
30 1 4 15 1 16 1 20 2 27 2
30 2 6 15 1 16 1 21 1 21 1 26 1 26 1
30 2 6 15 1 16 1 21 1 23 1 24 1 26 1
30 1 4 15 1 16 1 21 2 26 2
30 2 6 15 1 16 1 23 1 23 1 24 1 24 1
30 1 4 15 1 16 1 23 2 24 2
31 4 6 0 1 3 1 3 1 14 1 26 2 26 2
31 4 6 0 1 3 1 9 1 14 1 26 2 28 2
31 4 6 0 1 3 1 13 1 14 1 26 2 30 2
31 8 6 0 1 3 1 14 1 16 1 26 2 30 1
31 4 6 0 1 3 1 14 1 16 2 26 2 29 1
31 4 6 0 1 3 1 14 1 19 1 23 2 26 2
31 8 6 0 1 3 1 14 1 20 1 26 2 28 1
31 4 6 0 1 3 1 14 1 20 2 25 1 26 2
31 8 6 0 1 3 1 14 1 23 1 26 1 26 2
31 2 4 0 1 3 2 14 1 26 4
31 4 6 0 1 9 1 9 1 14 1 28 2 28 2
31 4 6 0 1 9 1 13 1 14 1 28 2 30 2
31 8 6 0 1 9 1 14 1 16 1 28 2 30 1
31 4 6 0 1 9 1 14 1 16 2 28 2 29 1
31 4 6 0 1 9 1 14 1 19 1 23 2 28 2
31 8 6 0 1 9 1 14 1 20 1 28 1 28 2
31 4 6 0 1 9 1 14 1 20 2 25 1 28 2
31 8 6 0 1 9 1 14 1 23 1 26 1 28 2
31 2 4 0 1 9 2 14 1 28 4
31 4 6 0 1 13 1 13 1 14 1 30 2 30 2
31 8 6 0 1 13 1 14 1 16 1 30 1 30 2
31 4 6 0 1 13 1 14 1 16 2 29 1 30 2
31 4 6 0 1 13 1 14 1 19 1 23 2 30 2
31 8 6 0 1 13 1 14 1 20 1 28 1 30 2
31 4 6 0 1 13 1 14 1 20 2 25 1 30 2
31 8 6 0 1 13 1 14 1 23 1 26 1 30 2
31 2 4 0 1 13 2 14 1 30 4
31 16 6 0 1 14 1 16 1 16 1 30 1 30 1
31 8 6 0 1 14 1 16 1 16 2 29 1 30 1
31 8 6 0 1 14 1 16 1 19 1 23 2 30 1
31 16 6 0 1 14 1 16 1 20 1 28 1 30 1
31 8 6 0 1 14 1 16 1 20 2 25 1 30 1
31 16 6 0 1 14 1 16 1 23 1 26 1 30 1
31 4 6 0 1 14 1 16 2 16 2 29 1 29 1
31 4 6 0 1 14 1 16 2 19 1 23 2 29 1
31 8 6 0 1 14 1 16 2 20 1 28 1 29 1
31 4 6 0 1 14 1 16 2 20 2 25 1 29 1
31 8 6 0 1 14 1 16 2 23 1 26 1 29 1
31 8 4 0 1 14 1 16 2 30 2
31 2 4 0 1 14 1 16 4 29 2
31 4 6 0 1 14 1 19 1 19 1 23 2 23 2
31 8 6 0 1 14 1 19 1 20 1 23 2 28 1
31 4 6 0 1 14 1 19 1 20 2 23 2 25 1
31 8 6 0 1 14 1 19 1 23 1 23 2 26 1
31 2 4 0 1 14 1 19 2 23 4
31 16 6 0 1 14 1 20 1 20 1 28 1 28 1
31 8 6 0 1 14 1 20 1 20 2 25 1 28 1
31 16 6 0 1 14 1 20 1 23 1 26 1 28 1
31 4 6 0 1 14 1 20 2 20 2 25 1 25 1
31 8 6 0 1 14 1 20 2 23 1 25 1 26 1
31 8 4 0 1 14 1 20 2 28 2
31 2 4 0 1 14 1 20 4 25 2
31 16 6 0 1 14 1 23 1 23 1 26 1 26 1
31 8 4 0 1 14 1 23 2 26 2
31 2 6 0 2 3 1 3 1 13 1 26 2 26 2
31 2 6 0 2 3 1 9 1 13 1 26 2 28 2
31 2 6 0 2 3 1 13 1 13 1 26 2 30 2
31 4 6 0 2 3 1 13 1 16 1 26 2 30 1
31 2 6 0 2 3 1 13 1 16 2 26 2 29 1
31 2 6 0 2 3 1 13 1 19 1 23 2 26 2
31 4 6 0 2 3 1 13 1 20 1 26 2 28 1
31 2 6 0 2 3 1 13 1 20 2 25 1 26 2
31 4 6 0 2 3 1 13 1 23 1 26 1 26 2
31 1 4 0 2 3 2 13 1 26 4
31 2 6 0 2 9 1 9 1 13 1 28 2 28 2
31 2 6 0 2 9 1 13 1 13 1 28 2 30 2
31 4 6 0 2 9 1 13 1 16 1 28 2 30 1
31 2 6 0 2 9 1 13 1 16 2 28 2 29 1
31 2 6 0 2 9 1 13 1 19 1 23 2 28 2
31 4 6 0 2 9 1 13 1 20 1 28 1 28 2
31 2 6 0 2 9 1 13 1 20 2 25 1 28 2
31 4 6 0 2 9 1 13 1 23 1 26 1 28 2
31 1 4 0 2 9 2 13 1 28 4
31 2 6 0 2 13 1 13 1 13 1 30 2 30 2
31 4 6 0 2 13 1 13 1 16 1 30 1 30 2
31 2 6 0 2 13 1 13 1 16 2 29 1 30 2
31 2 6 0 2 13 1 13 1 19 1 23 2 30 2
31 4 6 0 2 13 1 13 1 20 1 28 1 30 2
31 2 6 0 2 13 1 13 1 20 2 25 1 30 2
31 4 6 0 2 13 1 13 1 23 1 26 1 30 2
31 1 4 0 2 13 1 13 2 30 4
31 8 6 0 2 13 1 16 1 16 1 30 1 30 1
31 4 6 0 2 13 1 16 1 16 2 29 1 30 1
31 4 6 0 2 13 1 16 1 19 1 23 2 30 1
31 8 6 0 2 13 1 16 1 20 1 28 1 30 1
31 4 6 0 2 13 1 16 1 20 2 25 1 30 1
31 8 6 0 2 13 1 16 1 23 1 26 1 30 1
31 2 6 0 2 13 1 16 2 16 2 29 1 29 1
31 2 6 0 2 13 1 16 2 19 1 23 2 29 1
31 4 6 0 2 13 1 16 2 20 1 28 1 29 1
31 2 6 0 2 13 1 16 2 20 2 25 1 29 1
31 4 6 0 2 13 1 16 2 23 1 26 1 29 1
31 4 4 0 2 13 1 16 2 30 2
31 1 4 0 2 13 1 16 4 29 2
31 2 6 0 2 13 1 19 1 19 1 23 2 23 2
31 4 6 0 2 13 1 19 1 20 1 23 2 28 1
31 2 6 0 2 13 1 19 1 20 2 23 2 25 1
31 4 6 0 2 13 1 19 1 23 1 23 2 26 1
31 1 4 0 2 13 1 19 2 23 4
31 8 6 0 2 13 1 20 1 20 1 28 1 28 1
31 4 6 0 2 13 1 20 1 20 2 25 1 28 1
31 8 6 0 2 13 1 20 1 23 1 26 1 28 1
31 2 6 0 2 13 1 20 2 20 2 25 1 25 1
31 4 6 0 2 13 1 20 2 23 1 25 1 26 1
31 4 4 0 2 13 1 20 2 28 2
31 1 4 0 2 13 1 20 4 25 2
31 8 6 0 2 13 1 23 1 23 1 26 1 26 1
31 4 4 0 2 13 1 23 2 26 2
31 2 6 3 1 3 1 3 1 7 2 26 2 26 2
31 4 6 3 1 3 1 4 1 12 1 26 2 26 2
31 2 6 3 1 3 1 4 2 9 1 26 2 26 2
31 4 6 3 1 3 1 7 1 10 1 26 2 26 2
31 2 6 3 1 3 1 7 2 9 1 26 2 28 2
31 2 6 3 1 3 1 7 2 13 1 26 2 30 2
31 4 6 3 1 3 1 7 2 16 1 26 2 30 1
31 2 6 3 1 3 1 7 2 16 2 26 2 29 1
31 2 6 3 1 3 1 7 2 19 1 23 2 26 2
31 4 6 3 1 3 1 7 2 20 1 26 2 28 1
31 2 6 3 1 3 1 7 2 20 2 25 1 26 2
31 4 6 3 1 3 1 7 2 23 1 26 1 26 2
31 2 6 3 1 3 1 10 2 19 1 26 2 26 2
31 2 6 3 1 3 1 12 2 25 1 26 2 26 2
31 2 6 3 1 3 1 14 2 26 2 26 2 29 1
31 1 4 3 1 3 2 7 2 26 4
31 4 6 3 1 4 1 9 1 12 1 26 2 28 2
31 4 6 3 1 4 1 12 1 13 1 26 2 30 2
31 8 6 3 1 4 1 12 1 16 1 26 2 30 1
31 4 6 3 1 4 1 12 1 16 2 26 2 29 1
31 4 6 3 1 4 1 12 1 19 1 23 2 26 2
31 8 6 3 1 4 1 12 1 20 1 26 2 28 1
31 4 6 3 1 4 1 12 1 20 2 25 1 26 2
31 8 6 3 1 4 1 12 1 23 1 26 1 26 2
31 2 6 3 1 4 2 9 1 9 1 26 2 28 2
31 2 6 3 1 4 2 9 1 13 1 26 2 30 2
31 4 6 3 1 4 2 9 1 16 1 26 2 30 1
31 2 6 3 1 4 2 9 1 16 2 26 2 29 1
31 2 6 3 1 4 2 9 1 19 1 23 2 26 2
31 4 6 3 1 4 2 9 1 20 1 26 2 28 1
31 2 6 3 1 4 2 9 1 20 2 25 1 26 2
31 4 6 3 1 4 2 9 1 23 1 26 1 26 2
31 4 6 3 1 7 1 9 1 10 1 26 2 28 2
31 4 6 3 1 7 1 10 1 13 1 26 2 30 2
31 8 6 3 1 7 1 10 1 16 1 26 2 30 1
31 4 6 3 1 7 1 10 1 16 2 26 2 29 1
31 4 6 3 1 7 1 10 1 19 1 23 2 26 2
31 8 6 3 1 7 1 10 1 20 1 26 2 28 1
31 4 6 3 1 7 1 10 1 20 2 25 1 26 2
31 8 6 3 1 7 1 10 1 23 1 26 1 26 2
31 2 6 3 1 7 2 9 1 9 1 28 2 28 2
31 2 6 3 1 7 2 9 1 13 1 28 2 30 2
31 4 6 3 1 7 2 9 1 16 1 28 2 30 1
31 2 6 3 1 7 2 9 1 16 2 28 2 29 1
31 2 6 3 1 7 2 9 1 19 1 23 2 28 2
31 4 6 3 1 7 2 9 1 20 1 28 1 28 2
31 2 6 3 1 7 2 9 1 20 2 25 1 28 2
31 4 6 3 1 7 2 9 1 23 1 26 1 28 2
31 1 4 3 1 7 2 9 2 28 4
31 2 6 3 1 7 2 13 1 13 1 30 2 30 2
31 4 6 3 1 7 2 13 1 16 1 30 1 30 2
31 2 6 3 1 7 2 13 1 16 2 29 1 30 2
31 2 6 3 1 7 2 13 1 19 1 23 2 30 2
31 4 6 3 1 7 2 13 1 20 1 28 1 30 2
31 2 6 3 1 7 2 13 1 20 2 25 1 30 2
31 4 6 3 1 7 2 13 1 23 1 26 1 30 2
31 1 4 3 1 7 2 13 2 30 4
31 8 6 3 1 7 2 16 1 16 1 30 1 30 1
31 4 6 3 1 7 2 16 1 16 2 29 1 30 1
31 4 6 3 1 7 2 16 1 19 1 23 2 30 1
31 8 6 3 1 7 2 16 1 20 1 28 1 30 1
31 4 6 3 1 7 2 16 1 20 2 25 1 30 1
31 8 6 3 1 7 2 16 1 23 1 26 1 30 1
31 2 6 3 1 7 2 16 2 16 2 29 1 29 1
31 2 6 3 1 7 2 16 2 19 1 23 2 29 1
31 4 6 3 1 7 2 16 2 20 1 28 1 29 1
31 2 6 3 1 7 2 16 2 20 2 25 1 29 1
31 4 6 3 1 7 2 16 2 23 1 26 1 29 1
31 4 4 3 1 7 2 16 2 30 2
31 1 4 3 1 7 2 16 4 29 2
31 2 6 3 1 7 2 19 1 19 1 23 2 23 2
31 4 6 3 1 7 2 19 1 20 1 23 2 28 1
31 2 6 3 1 7 2 19 1 20 2 23 2 25 1
31 4 6 3 1 7 2 19 1 23 1 23 2 26 1
31 1 4 3 1 7 2 19 2 23 4
31 8 6 3 1 7 2 20 1 20 1 28 1 28 1
31 4 6 3 1 7 2 20 1 20 2 25 1 28 1
31 8 6 3 1 7 2 20 1 23 1 26 1 28 1
31 2 6 3 1 7 2 20 2 20 2 25 1 25 1
31 4 6 3 1 7 2 20 2 23 1 25 1 26 1
31 4 4 3 1 7 2 20 2 28 2
31 1 4 3 1 7 2 20 4 25 2
31 8 6 3 1 7 2 23 1 23 1 26 1 26 1
31 4 4 3 1 7 2 23 2 26 2
31 2 6 3 1 9 1 10 2 19 1 26 2 28 2
31 2 6 3 1 9 1 12 2 25 1 26 2 28 2
31 2 6 3 1 9 1 14 2 26 2 28 2 29 1
31 2 6 3 1 10 2 13 1 19 1 26 2 30 2
31 4 6 3 1 10 2 16 1 19 1 26 2 30 1
31 2 6 3 1 10 2 16 2 19 1 26 2 29 1
31 2 6 3 1 10 2 19 1 19 1 23 2 26 2
31 4 6 3 1 10 2 19 1 20 1 26 2 28 1
31 2 6 3 1 10 2 19 1 20 2 25 1 26 2
31 4 6 3 1 10 2 19 1 23 1 26 1 26 2
31 2 6 3 1 12 2 13 1 25 1 26 2 30 2
31 4 6 3 1 12 2 16 1 25 1 26 2 30 1
31 2 6 3 1 12 2 16 2 25 1 26 2 29 1
31 2 6 3 1 12 2 19 1 23 2 25 1 26 2
31 4 6 3 1 12 2 20 1 25 1 26 2 28 1
31 2 6 3 1 12 2 20 2 25 1 25 1 26 2
31 4 6 3 1 12 2 23 1 25 1 26 1 26 2
31 2 6 3 1 13 1 14 2 26 2 29 1 30 2
31 4 6 3 1 14 2 16 1 26 2 29 1 30 1
31 2 6 3 1 14 2 16 2 26 2 29 1 29 1
31 2 6 3 1 14 2 19 1 23 2 26 2 29 1
31 4 6 3 1 14 2 20 1 26 2 28 1 29 1
31 2 6 3 1 14 2 20 2 25 1 26 2 29 1
31 4 6 3 1 14 2 23 1 26 1 26 2 29 1
31 2 4 3 2 4 1 12 1 26 4
31 1 4 3 2 4 2 9 1 26 4
31 2 4 3 2 7 1 10 1 26 4
31 1 4 3 2 10 2 19 1 26 4
31 1 4 3 2 12 2 25 1 26 4
31 1 4 3 2 14 2 26 4 29 1
31 4 6 4 1 9 1 9 1 12 1 28 2 28 2
31 4 6 4 1 9 1 12 1 13 1 28 2 30 2
31 8 6 4 1 9 1 12 1 16 1 28 2 30 1
31 4 6 4 1 9 1 12 1 16 2 28 2 29 1
31 4 6 4 1 9 1 12 1 19 1 23 2 28 2
31 8 6 4 1 9 1 12 1 20 1 28 1 28 2
31 4 6 4 1 9 1 12 1 20 2 25 1 28 2
31 8 6 4 1 9 1 12 1 23 1 26 1 28 2
31 2 4 4 1 9 2 12 1 28 4
31 4 6 4 1 12 1 13 1 13 1 30 2 30 2
31 8 6 4 1 12 1 13 1 16 1 30 1 30 2
31 4 6 4 1 12 1 13 1 16 2 29 1 30 2
31 4 6 4 1 12 1 13 1 19 1 23 2 30 2
31 8 6 4 1 12 1 13 1 20 1 28 1 30 2
31 4 6 4 1 12 1 13 1 20 2 25 1 30 2
31 8 6 4 1 12 1 13 1 23 1 26 1 30 2
31 2 4 4 1 12 1 13 2 30 4
31 16 6 4 1 12 1 16 1 16 1 30 1 30 1
31 8 6 4 1 12 1 16 1 16 2 29 1 30 1
31 8 6 4 1 12 1 16 1 19 1 23 2 30 1
31 16 6 4 1 12 1 16 1 20 1 28 1 30 1
31 8 6 4 1 12 1 16 1 20 2 25 1 30 1
31 16 6 4 1 12 1 16 1 23 1 26 1 30 1
31 4 6 4 1 12 1 16 2 16 2 29 1 29 1
31 4 6 4 1 12 1 16 2 19 1 23 2 29 1
31 8 6 4 1 12 1 16 2 20 1 28 1 29 1
31 4 6 4 1 12 1 16 2 20 2 25 1 29 1
31 8 6 4 1 12 1 16 2 23 1 26 1 29 1
31 8 4 4 1 12 1 16 2 30 2
31 2 4 4 1 12 1 16 4 29 2
31 4 6 4 1 12 1 19 1 19 1 23 2 23 2
31 8 6 4 1 12 1 19 1 20 1 23 2 28 1
31 4 6 4 1 12 1 19 1 20 2 23 2 25 1
31 8 6 4 1 12 1 19 1 23 1 23 2 26 1
31 2 4 4 1 12 1 19 2 23 4
31 16 6 4 1 12 1 20 1 20 1 28 1 28 1
31 8 6 4 1 12 1 20 1 20 2 25 1 28 1
31 16 6 4 1 12 1 20 1 23 1 26 1 28 1
31 4 6 4 1 12 1 20 2 20 2 25 1 25 1
31 8 6 4 1 12 1 20 2 23 1 25 1 26 1
31 8 4 4 1 12 1 20 2 28 2
31 2 4 4 1 12 1 20 4 25 2
31 16 6 4 1 12 1 23 1 23 1 26 1 26 1
31 8 4 4 1 12 1 23 2 26 2
31 2 6 4 2 9 1 9 1 9 1 28 2 28 2
31 2 6 4 2 9 1 9 1 13 1 28 2 30 2
31 4 6 4 2 9 1 9 1 16 1 28 2 30 1
31 2 6 4 2 9 1 9 1 16 2 28 2 29 1
31 2 6 4 2 9 1 9 1 19 1 23 2 28 2
31 4 6 4 2 9 1 9 1 20 1 28 1 28 2
31 2 6 4 2 9 1 9 1 20 2 25 1 28 2
31 4 6 4 2 9 1 9 1 23 1 26 1 28 2
31 1 4 4 2 9 1 9 2 28 4
31 2 6 4 2 9 1 13 1 13 1 30 2 30 2
31 4 6 4 2 9 1 13 1 16 1 30 1 30 2
31 2 6 4 2 9 1 13 1 16 2 29 1 30 2
31 2 6 4 2 9 1 13 1 19 1 23 2 30 2
31 4 6 4 2 9 1 13 1 20 1 28 1 30 2
31 2 6 4 2 9 1 13 1 20 2 25 1 30 2
31 4 6 4 2 9 1 13 1 23 1 26 1 30 2
31 1 4 4 2 9 1 13 2 30 4
31 8 6 4 2 9 1 16 1 16 1 30 1 30 1
31 4 6 4 2 9 1 16 1 16 2 29 1 30 1
31 4 6 4 2 9 1 16 1 19 1 23 2 30 1
31 8 6 4 2 9 1 16 1 20 1 28 1 30 1
31 4 6 4 2 9 1 16 1 20 2 25 1 30 1
31 8 6 4 2 9 1 16 1 23 1 26 1 30 1
31 2 6 4 2 9 1 16 2 16 2 29 1 29 1
31 2 6 4 2 9 1 16 2 19 1 23 2 29 1
31 4 6 4 2 9 1 16 2 20 1 28 1 29 1
31 2 6 4 2 9 1 16 2 20 2 25 1 29 1
31 4 6 4 2 9 1 16 2 23 1 26 1 29 1
31 4 4 4 2 9 1 16 2 30 2
31 1 4 4 2 9 1 16 4 29 2
31 2 6 4 2 9 1 19 1 19 1 23 2 23 2
31 4 6 4 2 9 1 19 1 20 1 23 2 28 1
31 2 6 4 2 9 1 19 1 20 2 23 2 25 1
31 4 6 4 2 9 1 19 1 23 1 23 2 26 1
31 1 4 4 2 9 1 19 2 23 4
31 8 6 4 2 9 1 20 1 20 1 28 1 28 1
31 4 6 4 2 9 1 20 1 20 2 25 1 28 1
31 8 6 4 2 9 1 20 1 23 1 26 1 28 1
31 2 6 4 2 9 1 20 2 20 2 25 1 25 1
31 4 6 4 2 9 1 20 2 23 1 25 1 26 1
31 4 4 4 2 9 1 20 2 28 2
31 1 4 4 2 9 1 20 4 25 2
31 8 6 4 2 9 1 23 1 23 1 26 1 26 1
31 4 4 4 2 9 1 23 2 26 2
31 4 6 7 1 9 1 9 1 10 1 28 2 28 2
31 4 6 7 1 9 1 10 1 13 1 28 2 30 2
31 8 6 7 1 9 1 10 1 16 1 28 2 30 1
31 4 6 7 1 9 1 10 1 16 2 28 2 29 1
31 4 6 7 1 9 1 10 1 19 1 23 2 28 2
31 8 6 7 1 9 1 10 1 20 1 28 1 28 2
31 4 6 7 1 9 1 10 1 20 2 25 1 28 2
31 8 6 7 1 9 1 10 1 23 1 26 1 28 2
31 2 4 7 1 9 2 10 1 28 4
31 4 6 7 1 10 1 13 1 13 1 30 2 30 2
31 8 6 7 1 10 1 13 1 16 1 30 1 30 2
31 4 6 7 1 10 1 13 1 16 2 29 1 30 2
31 4 6 7 1 10 1 13 1 19 1 23 2 30 2
31 8 6 7 1 10 1 13 1 20 1 28 1 30 2
31 4 6 7 1 10 1 13 1 20 2 25 1 30 2
31 8 6 7 1 10 1 13 1 23 1 26 1 30 2
31 2 4 7 1 10 1 13 2 30 4
31 16 6 7 1 10 1 16 1 16 1 30 1 30 1
31 8 6 7 1 10 1 16 1 16 2 29 1 30 1
31 8 6 7 1 10 1 16 1 19 1 23 2 30 1
31 16 6 7 1 10 1 16 1 20 1 28 1 30 1
31 8 6 7 1 10 1 16 1 20 2 25 1 30 1
31 16 6 7 1 10 1 16 1 23 1 26 1 30 1
31 4 6 7 1 10 1 16 2 16 2 29 1 29 1
31 4 6 7 1 10 1 16 2 19 1 23 2 29 1
31 8 6 7 1 10 1 16 2 20 1 28 1 29 1
31 4 6 7 1 10 1 16 2 20 2 25 1 29 1
31 8 6 7 1 10 1 16 2 23 1 26 1 29 1
31 8 4 7 1 10 1 16 2 30 2
31 2 4 7 1 10 1 16 4 29 2
31 4 6 7 1 10 1 19 1 19 1 23 2 23 2
31 8 6 7 1 10 1 19 1 20 1 23 2 28 1
31 4 6 7 1 10 1 19 1 20 2 23 2 25 1
31 8 6 7 1 10 1 19 1 23 1 23 2 26 1
31 2 4 7 1 10 1 19 2 23 4
31 16 6 7 1 10 1 20 1 20 1 28 1 28 1
31 8 6 7 1 10 1 20 1 20 2 25 1 28 1
31 16 6 7 1 10 1 20 1 23 1 26 1 28 1
31 4 6 7 1 10 1 20 2 20 2 25 1 25 1
31 8 6 7 1 10 1 20 2 23 1 25 1 26 1
31 8 4 7 1 10 1 20 2 28 2
31 2 4 7 1 10 1 20 4 25 2
31 16 6 7 1 10 1 23 1 23 1 26 1 26 1
31 8 4 7 1 10 1 23 2 26 2
31 2 6 9 1 9 1 10 2 19 1 28 2 28 2
31 2 6 9 1 9 1 12 2 25 1 28 2 28 2
31 2 6 9 1 9 1 14 2 28 2 28 2 29 1
31 2 6 9 1 10 2 13 1 19 1 28 2 30 2
31 4 6 9 1 10 2 16 1 19 1 28 2 30 1
31 2 6 9 1 10 2 16 2 19 1 28 2 29 1
31 2 6 9 1 10 2 19 1 19 1 23 2 28 2
31 4 6 9 1 10 2 19 1 20 1 28 1 28 2
31 2 6 9 1 10 2 19 1 20 2 25 1 28 2
31 4 6 9 1 10 2 19 1 23 1 26 1 28 2
31 2 6 9 1 12 2 13 1 25 1 28 2 30 2
31 4 6 9 1 12 2 16 1 25 1 28 2 30 1
31 2 6 9 1 12 2 16 2 25 1 28 2 29 1
31 2 6 9 1 12 2 19 1 23 2 25 1 28 2
31 4 6 9 1 12 2 20 1 25 1 28 1 28 2
31 2 6 9 1 12 2 20 2 25 1 25 1 28 2
31 4 6 9 1 12 2 23 1 25 1 26 1 28 2
31 2 6 9 1 13 1 14 2 28 2 29 1 30 2
31 4 6 9 1 14 2 16 1 28 2 29 1 30 1
31 2 6 9 1 14 2 16 2 28 2 29 1 29 1
31 2 6 9 1 14 2 19 1 23 2 28 2 29 1
31 4 6 9 1 14 2 20 1 28 1 28 2 29 1
31 2 6 9 1 14 2 20 2 25 1 28 2 29 1
31 4 6 9 1 14 2 23 1 26 1 28 2 29 1
31 1 4 9 2 10 2 19 1 28 4
31 1 4 9 2 12 2 25 1 28 4
31 1 4 9 2 14 2 28 4 29 1
31 2 6 10 2 13 1 13 1 19 1 30 2 30 2
31 4 6 10 2 13 1 16 1 19 1 30 1 30 2
31 2 6 10 2 13 1 16 2 19 1 29 1 30 2
31 2 6 10 2 13 1 19 1 19 1 23 2 30 2
31 4 6 10 2 13 1 19 1 20 1 28 1 30 2
31 2 6 10 2 13 1 19 1 20 2 25 1 30 2
31 4 6 10 2 13 1 19 1 23 1 26 1 30 2
31 1 4 10 2 13 2 19 1 30 4
31 8 6 10 2 16 1 16 1 19 1 30 1 30 1
31 4 6 10 2 16 1 16 2 19 1 29 1 30 1
31 4 6 10 2 16 1 19 1 19 1 23 2 30 1
31 8 6 10 2 16 1 19 1 20 1 28 1 30 1
31 4 6 10 2 16 1 19 1 20 2 25 1 30 1
31 8 6 10 2 16 1 19 1 23 1 26 1 30 1
31 2 6 10 2 16 2 16 2 19 1 29 1 29 1
31 2 6 10 2 16 2 19 1 19 1 23 2 29 1
31 4 6 10 2 16 2 19 1 20 1 28 1 29 1
31 2 6 10 2 16 2 19 1 20 2 25 1 29 1
31 4 6 10 2 16 2 19 1 23 1 26 1 29 1
31 4 4 10 2 16 2 19 1 30 2
31 1 4 10 2 16 4 19 1 29 2
31 2 6 10 2 19 1 19 1 19 1 23 2 23 2
31 4 6 10 2 19 1 19 1 20 1 23 2 28 1
31 2 6 10 2 19 1 19 1 20 2 23 2 25 1
31 4 6 10 2 19 1 19 1 23 1 23 2 26 1
31 1 4 10 2 19 1 19 2 23 4
31 8 6 10 2 19 1 20 1 20 1 28 1 28 1
31 4 6 10 2 19 1 20 1 20 2 25 1 28 1
31 8 6 10 2 19 1 20 1 23 1 26 1 28 1
31 2 6 10 2 19 1 20 2 20 2 25 1 25 1
31 4 6 10 2 19 1 20 2 23 1 25 1 26 1
31 4 4 10 2 19 1 20 2 28 2
31 1 4 10 2 19 1 20 4 25 2
31 8 6 10 2 19 1 23 1 23 1 26 1 26 1
31 4 4 10 2 19 1 23 2 26 2
31 2 6 12 2 13 1 13 1 25 1 30 2 30 2
31 4 6 12 2 13 1 16 1 25 1 30 1 30 2
31 2 6 12 2 13 1 16 2 25 1 29 1 30 2
31 2 6 12 2 13 1 19 1 23 2 25 1 30 2
31 4 6 12 2 13 1 20 1 25 1 28 1 30 2
31 2 6 12 2 13 1 20 2 25 1 25 1 30 2
31 4 6 12 2 13 1 23 1 25 1 26 1 30 2
31 1 4 12 2 13 2 25 1 30 4
31 8 6 12 2 16 1 16 1 25 1 30 1 30 1
31 4 6 12 2 16 1 16 2 25 1 29 1 30 1
31 4 6 12 2 16 1 19 1 23 2 25 1 30 1
31 8 6 12 2 16 1 20 1 25 1 28 1 30 1
31 4 6 12 2 16 1 20 2 25 1 25 1 30 1
31 8 6 12 2 16 1 23 1 25 1 26 1 30 1
31 2 6 12 2 16 2 16 2 25 1 29 1 29 1
31 2 6 12 2 16 2 19 1 23 2 25 1 29 1
31 4 6 12 2 16 2 20 1 25 1 28 1 29 1
31 2 6 12 2 16 2 20 2 25 1 25 1 29 1
31 4 6 12 2 16 2 23 1 25 1 26 1 29 1
31 4 4 12 2 16 2 25 1 30 2
31 1 4 12 2 16 4 25 1 29 2
31 2 6 12 2 19 1 19 1 23 2 23 2 25 1
31 4 6 12 2 19 1 20 1 23 2 25 1 28 1
31 2 6 12 2 19 1 20 2 23 2 25 1 25 1
31 4 6 12 2 19 1 23 1 23 2 25 1 26 1
31 1 4 12 2 19 2 23 4 25 1
31 8 6 12 2 20 1 20 1 25 1 28 1 28 1
31 4 6 12 2 20 1 20 2 25 1 25 1 28 1
31 8 6 12 2 20 1 23 1 25 1 26 1 28 1
31 2 6 12 2 20 2 20 2 25 1 25 1 25 1
31 4 6 12 2 20 2 23 1 25 1 25 1 26 1
31 4 4 12 2 20 2 25 1 28 2
31 1 4 12 2 20 4 25 1 25 2
31 8 6 12 2 23 1 23 1 25 1 26 1 26 1
31 4 4 12 2 23 2 25 1 26 2
31 2 6 13 1 13 1 14 2 29 1 30 2 30 2
31 4 6 13 1 14 2 16 1 29 1 30 1 30 2
31 2 6 13 1 14 2 16 2 29 1 29 1 30 2
31 2 6 13 1 14 2 19 1 23 2 29 1 30 2
31 4 6 13 1 14 2 20 1 28 1 29 1 30 2
31 2 6 13 1 14 2 20 2 25 1 29 1 30 2
31 4 6 13 1 14 2 23 1 26 1 29 1 30 2
31 1 4 13 2 14 2 29 1 30 4
31 8 6 14 2 16 1 16 1 29 1 30 1 30 1
31 4 6 14 2 16 1 16 2 29 1 29 1 30 1
31 4 6 14 2 16 1 19 1 23 2 29 1 30 1
31 8 6 14 2 16 1 20 1 28 1 29 1 30 1
31 4 6 14 2 16 1 20 2 25 1 29 1 30 1
31 8 6 14 2 16 1 23 1 26 1 29 1 30 1
31 2 6 14 2 16 2 16 2 29 1 29 1 29 1
31 2 6 14 2 16 2 19 1 23 2 29 1 29 1
31 4 6 14 2 16 2 20 1 28 1 29 1 29 1
31 2 6 14 2 16 2 20 2 25 1 29 1 29 1
31 4 6 14 2 16 2 23 1 26 1 29 1 29 1
31 4 4 14 2 16 2 29 1 30 2
31 1 4 14 2 16 4 29 1 29 2
31 2 6 14 2 19 1 19 1 23 2 23 2 29 1
31 4 6 14 2 19 1 20 1 23 2 28 1 29 1
31 2 6 14 2 19 1 20 2 23 2 25 1 29 1
31 4 6 14 2 19 1 23 1 23 2 26 1 29 1
31 1 4 14 2 19 2 23 4 29 1
31 8 6 14 2 20 1 20 1 28 1 28 1 29 1
31 4 6 14 2 20 1 20 2 25 1 28 1 29 1
31 8 6 14 2 20 1 23 1 26 1 28 1 29 1
31 2 6 14 2 20 2 20 2 25 1 25 1 29 1
31 4 6 14 2 20 2 23 1 25 1 26 1 29 1
31 4 4 14 2 20 2 28 2 29 1
31 1 4 14 2 20 4 25 2 29 1
31 8 6 14 2 23 1 23 1 26 1 26 1 29 1
31 4 4 14 2 23 2 26 2 29 1
