TABLE_START (2xA6).2_3 runtime_ms=1603
TABLE_START 2.A10 runtime_ms=1633
TABLE_START 2.A10.2 runtime_ms=1658
TABLE_START Isoclinic(2.A10.2) runtime_ms=1660
TABLE_START 2.A11 runtime_ms=1663
TABLE_START 2.A11.2 runtime_ms=1665
TABLE_START Isoclinic(2.A11.2) runtime_ms=1668
TABLE_START 2.A12 runtime_ms=1673
TABLE_START 2.A12.2 runtime_ms=1675
TABLE_START Isoclinic(2.A12.2) runtime_ms=1680
TABLE_START 2.A13 runtime_ms=1689
TABLE_START 2.A13.2 runtime_ms=1693
TABLE_START Isoclinic(2.A13.2) runtime_ms=1700
TABLE_START 2.A14.2 runtime_ms=1718
TABLE_START Isoclinic(2.A14.2) runtime_ms=1746
TABLE_START 2.A15.2 runtime_ms=1823
TABLE_START 2.A16.2 runtime_ms=1893
TABLE_START 2.A17.2 runtime_ms=1985
TABLE_START 2.A18.2 runtime_ms=2121
TABLE_START 2.A5 runtime_ms=2327
TABLE_START 2.A5.2 runtime_ms=2354
TABLE_START Isoclinic(2.A5.2) runtime_ms=2354
TABLE_START 2.A6 runtime_ms=2355
TABLE_START 2.A6.2_1 runtime_ms=2355
TABLE_START 2.A6.2_2 runtime_ms=2356
TABLE_START Isoclinic(2.A6.2_2) runtime_ms=2357
TABLE_START 2.A7 runtime_ms=2358
TABLE_START 2.A7.2 runtime_ms=2359
TABLE_START Isoclinic(2.A7.2) runtime_ms=2359
TABLE_START 2.A8 runtime_ms=2361
TABLE_START 2.A8.2 runtime_ms=2362
TABLE_START Isoclinic(2.A8.2) runtime_ms=2363
TABLE_START 2.A9 runtime_ms=2364
TABLE_START 2.A9.2 runtime_ms=2366
TABLE_START Isoclinic(2.A9.2) runtime_ms=2367
TABLE_START 2F4(2)'M7 runtime_ms=2430
TABLE_START 3.A6 runtime_ms=2431
TABLE_START 3.A6.2^2 runtime_ms=2431
TABLE_START 3.A6.2_1 runtime_ms=2432
TABLE_START 3.A6.2_2 runtime_ms=2432
TABLE_START 3.A6.2_3 runtime_ms=2433
TABLE_START 3.A7 runtime_ms=2434
TABLE_START 3.A7.2 runtime_ms=2434
TABLE_START Isoclinic(2.A6x2) runtime_ms=2435
TABLE_START 4.A6.2_3 runtime_ms=2439
TABLE_START 6.A6 runtime_ms=2500
TABLE_START 6.A6.2_1 runtime_ms=2526
TABLE_START 6.A6.2_2 runtime_ms=2527
TABLE_START Isoclinic(6.A6.2_2) runtime_ms=2528
TABLE_START 6.A7 runtime_ms=2530
TABLE_START 6.A7.2 runtime_ms=2531
TABLE_START Isoclinic(6.A7.2) runtime_ms=2533
TABLE_START A10 runtime_ms=2534
TABLE_START A10.2 runtime_ms=2535
TABLE_START A11 runtime_ms=2536
TABLE_START A11.2 runtime_ms=2537
TABLE_START A12 runtime_ms=2538
TABLE_START A12.2 runtime_ms=2539
TABLE_START A13 runtime_ms=2542
TABLE_START A13.2 runtime_ms=2544
TABLE_START A14 runtime_ms=2548
TABLE_START A5 runtime_ms=2568
TABLE_START A6M2 runtime_ms=2593
TABLE_START A5.2 runtime_ms=2594
TABLE_START A6.2_1M3 runtime_ms=2594
TABLE_START A6 runtime_ms=2594
TABLE_START A6.2^2 runtime_ms=2594
TABLE_START U4(3).2_3M10 runtime_ms=2595
TABLE_START A6.2_1 runtime_ms=2595
TABLE_START A6.2_2 runtime_ms=2595
TABLE_START A6.2_3 runtime_ms=2596
TABLE_START A7 runtime_ms=2596
TABLE_START A7.2 runtime_ms=2596
TABLE_START A8 runtime_ms=2597
TABLE_START A8.2 runtime_ms=2597
TABLE_START A9 runtime_ms=2597
TABLE_START A9.2 runtime_ms=2598
TABLE_START M12M4 runtime_ms=2599
TABLE_START A14.2 runtime_ms=2599
TABLE_START A15.2 runtime_ms=2626
TABLE_START A15 runtime_ms=2689
TABLE_START A16.2 runtime_ms=2739
TABLE_START A16 runtime_ms=2823
TABLE_START A17 runtime_ms=2888
TABLE_START A17.2 runtime_ms=3035
TABLE_START A18 runtime_ms=3159
TABLE_START A18.2 runtime_ms=3276
TABLE_START A19 runtime_ms=3461
TABLE_START A19.2 runtime_ms=3697
TABLE_START Isoclinic(6.A6x2) runtime_ms=3996
TABLE_START Isoclinic(3.A6.2_3x2) runtime_ms=4030
TABLE_START 12.A6.2_3 runtime_ms=4063
TABLE_START 2.F4(2) runtime_ms=4130
TABLE_START 2.F4(2).2 runtime_ms=4213
TABLE_START Isoclinic(2.F4(2).2) runtime_ms=4223
TABLE_START Isoclinic(2x2.F4(2).2) runtime_ms=4240
TABLE_START 2.(2xF4(2)).2 runtime_ms=4324
TABLE_START 2.G2(4) runtime_ms=4495
TABLE_START 2.G2(4).2 runtime_ms=4508
TABLE_START Isoclinic(2.G2(4).2) runtime_ms=4510
PROGRESS tables=100 cases=445 skipped=
0 latest=Isoclinic(2.G2(4).2) runtime_ms=4514
TABLE_START 2.Sz(8) runtime_ms=4514
TABLE_START 2^2.Sz(8) runtime_ms=4515
TABLE_START 2^2.Sz(8).3 runtime_ms=4516
TABLE_START 3.G2(3) runtime_ms=4517
TABLE_START 3.G2(3).2 runtime_ms=4519
TABLE_START F4(2) runtime_ms=4520
TABLE_START F4(2).2 runtime_ms=4524
TABLE_START G2(3) runtime_ms=4528
TABLE_START G2(3).2 runtime_ms=4529
TABLE_START G2(4) runtime_ms=4529
TABLE_START G2(4).2 runtime_ms=4530
TABLE_START G2(5) runtime_ms=4530
TABLE_START G2(7) runtime_ms=4531
TABLE_START R(27) runtime_ms=4535
TABLE_START R(27).3 runtime_ms=4536
TABLE_START Sz(32) runtime_ms=4538
TABLE_START Sz(32).5 runtime_ms=4540
TABLE_START Sz(8) runtime_ms=4541
TABLE_START Sz(8).3 runtime_ms=4541
TABLE_START 3^(1+10):U5(2):2 runtime_ms=4541
TABLE_START 3^5:U4(2) runtime_ms=4664
TABLE_START 3^7:O7(3) runtime_ms=4759
TABLE_START 2^7:S6(2) runtime_ms=5027
TABLE_START 2^8:O8+(2) runtime_ms=5124
TABLE_START 2^8:S8(2) runtime_ms=5237
TABLE_START 2^(1+22).Co2 runtime_ms=5450
TABLE_START 2.Co1 runtime_ms=6098
TABLE_START 2.J2 runtime_ms=6120
TABLE_START 2.J2.2 runtime_ms=6121
TABLE_START Isoclinic(2.J2.2) runtime_ms=6122
TABLE_START 3.J3 runtime_ms=6125
TABLE_START 3.J3.2 runtime_ms=6128
TABLE_START Co1 runtime_ms=6130
TABLE_START Co2 runtime_ms=6135
TABLE_START Co3 runtime_ms=6137
TABLE_START J1 runtime_ms=6138
TABLE_START J2 runtime_ms=6139
TABLE_START J2.2 runtime_ms=6139
TABLE_START J3 runtime_ms=6139
TABLE_START J3.2 runtime_ms=6140
TABLE_START J4 runtime_ms=6140
TABLE_START NDG(12.M22,3^2) runtime_ms=6148
TABLE_START 12.M22N3 runtime_ms=6380
TABLE_START 3xIsoclinic(2x5:8) runtime_ms=6382
TABLE_START 12x7:3 runtime_ms=6686
TABLE_START 12x11:5 runtime_ms=6983
TABLE_START 3x2.M22N2 runtime_ms=7253
TABLE_START 2x3.(A4x3):2 runtime_ms=7552
TABLE_START (GL(2,3)x2F4(2)').2 runtime_ms=7793
TABLE_START D8x2F4(2)'.2 runtime_ms=8092
TABLE_START QD16.2 runtime_ms=8123
TABLE_START (QD16x2F4(2)').2 runtime_ms=8356
TABLE_START 2.(3^2:D8xU4(3).2^2).2 runtime_ms=8768
TABLE_START 2xBN5 runtime_ms=9095
TABLE_START (5^2:4S4x2.A5):2 runtime_ms=9135
TABLE_START 2.BN7 runtime_ms=9378
TABLE_START (3^2x2).U4(3).D8 runtime_ms=9445
TABLE_START NDG(2.Co1,3^3) runtime_ms=9453
TABLE_START NDG(Co1,5^2) runtime_ms=9457
TABLE_START NDG(2.Co1,5^2) runtime_ms=9458
TABLE_START 2xCo1N3 runtime_ms=9461
TABLE_START 2xCo1N5 runtime_ms=9503
TABLE_START 2x5^(1+2):GL2(5) runtime_ms=9827
TABLE_START 2x7^2:(3x2A4) runtime_ms=10092
TABLE_START 2.HS.2N3 runtime_ms=10417
TABLE_START 2.HSN2 runtime_ms=10648
TABLE_START 2.HS.2N2 runtime_ms=10649
TABLE_START NDG(2.HS,Q8) runtime_ms=10649
TABLE_START NDG(2.HS,Q8).2 runtime_ms=10690
TABLE_START 5^(1+2):8:4 runtime_ms=10980
TABLE_START 2.J2N2 runtime_ms=10980
TABLE_START 2.J2N3 runtime_ms=10981
TABLE_START 2.J2.2N5 runtime_ms=10981
TABLE_START 2.M12N2 runtime_ms=10982
TABLE_START 2xM12N3 runtime_ms=10982
TABLE_START 2.RuN2 runtime_ms=11019
TABLE_START 5^(1+2):(4x4):4 runtime_ms=11251
TABLE_START 3.F3+N5 runtime_ms=11252
TABLE_START 3.F3+.2N5 runtime_ms=11258
TABLE_START 3xF3+N7 runtime_ms=11636
TABLE_START 3.F3+.2N7 runtime_ms=11674
TABLE_START (A4x11:5).2 runtime_ms=12378
TABLE_START 3x(A4x11:5).2 runtime_ms=12764
TABLE_START (3^(1+2)_+:2x13:6).2 runtime_ms=13137
TABLE_START 3x17:16 runtime_ms=13511
TABLE_START 3x23:11 runtime_ms=13835
TABLE_START 3x29:14 runtime_ms=14077
TABLE_START 3x(D10xA9).2 runtime_ms=14430
TABLE_START 3x(3xA6):2_2 runtime_ms=14826
TABLE_START 3.(3xM10):2 runtime_ms=15169
TABLE_START 3xJ3N2 runtime_ms=15531
TABLE_START 3^3.3^(1+2):8 runtime_ms=15857
TABLE_START 3^3.3^(1+2):8.2 runtime_ms=16089
TABLE_START 3.McL.2N5 runtime_ms=16090
TABLE_START 3xMcLN2 runtime_ms=16251
TABLE_START (3xMcLN2).2 runtime_ms=16519
TABLE_START McL.2N3 runtime_ms=17100
TABLE_START 3.McL.2N3 runtime_ms=17388
TABLE_START 3xONN2 runtime_ms=17436
TABLE_START ON.2N2 runtime_ms=17764
PROGRESS tables=200 cases=802 skipped=0 latest=ON.2N2 runtime_ms=17992
TABLE_START (3xONN2).2 runtime_ms=17992
TABLE_START NDG(ON,D8) runtime_ms=18028
TABLE_START NDG(3.ON,D8) runtime_ms=18312
TABLE_START NDG(ON,D8).2 runtime_ms=18313
TABLE_START 3x(4x2^2).2^4.S3 runtime_ms=18313
TABLE_START 3x(4^2x2).2^3.S3 runtime_ms=18552
TABLE_START 3.ON.2N3 runtime_ms=18852
TABLE_START 3.ON.2M4 runtime_ms=18928
TABLE_START 3.ON.2N7 runtime_ms=19320
TABLE_START 2.M22N2 runtime_ms=19918
TABLE_START 4.M22N2 runtime_ms=20201
TABLE_START 3x4.M22N2 runtime_ms=20202
TABLE_START Isoclinic(2x(2.A4x3).2) runtime_ms=20215
TABLE_START Isoclinic(4x3^2:Q8) runtime_ms=20490
TABLE_START Isoclinic(2x5:8) runtime_ms=20814
TABLE_START 4x7:3 runtime_ms=21342
TABLE_START 4x11:5 runtime_ms=21348
TABLE_START 2x11:10 runtime_ms=21667
TABLE_START 6.A6N2 runtime_ms=21916
TABLE_START 2^6.2^5.S6 runtime_ms=22201
TABLE_START 2^10.2^3.L3(2) runtime_ms=22205
TABLE_START 2^(5+8):(2xA6) runtime_ms=22208
TABLE_START (2x2^(1+8)_+).2.2^4.(S3xS3) runtime_ms=22210
TABLE_START 2^(5+8):(S3xS4) runtime_ms=22213
TABLE_START 2^(5+8):(S3xD8) runtime_ms=22216
TABLE_START 2^10.2^4.S5 runtime_ms=22220
TABLE_START 2^(5+8):(2xS4) runtime_ms=22222
TABLE_START 2^10.2^2.2^2.S4 runtime_ms=22225
TABLE_START 2^10.2^3.S4 runtime_ms=22228
TABLE_START 2^(5+8):(S3x3.A6) runtime_ms=22233
TABLE_START 2^(5+8):(2x3.A6) runtime_ms=22255
TABLE_START S3x6_1.U4(3).2_2 runtime_ms=22268
TABLE_START 2x3^5:U4(2):2 runtime_ms=22439
TABLE_START 2x3^5.3^3.(2xS4) runtime_ms=22806
TABLE_START 2x(3^(1+6).3)a.2.S4 runtime_ms=23102
TABLE_START 2x(3^(1+6).3)b.2.S4 runtime_ms=23343
TABLE_START 2x3^5.3^(1+2).2.S4 runtime_ms=23644
TABLE_START 2xFi22N3 runtime_ms=23882
TABLE_START 2xS3x7:6 runtime_ms=24210
TABLE_START 2^2x11:5 runtime_ms=24477
TABLE_START 2x13:6 runtime_ms=24817
TABLE_START 3.Fi22N3 runtime_ms=25060
TABLE_START 3x2^6:S6(2) runtime_ms=25350
TABLE_START S3x3_1.U4(3).2_2 runtime_ms=25386
TABLE_START 3.3^(1+6):2^(3+4):3^2:2 runtime_ms=25783
TABLE_START 3x2^6.2^5.S6 runtime_ms=26016
TABLE_START 3x2^10.2^3.L3(2) runtime_ms=26118
TABLE_START 3x2^10.2^4.S5 runtime_ms=26441
TABLE_START 3x2^(5+8):(S3xS4) runtime_ms=26753
TABLE_START 3x(2x2^(1+8)_+).2.2^4.(S3xS3) runtime_ms=27068
TABLE_START 3x2^10.2^3.S4 runtime_ms=27392
TABLE_START 3x2^10.2^2.2^2.S4 runtime_ms=27726
TABLE_START 3x2^(5+8):(S3xD8) runtime_ms=28044
TABLE_START 3x2^(5+8):(2xS4) runtime_ms=28376
TABLE_START 3xFi22N2 runtime_ms=28692
TABLE_START 3x5:4xS5 runtime_ms=29104
TABLE_START 6x5:4xS5 runtime_ms=29472
TABLE_START 3xFi22N5 runtime_ms=29849
TABLE_START 3xS3x7:6 runtime_ms=30171
TABLE_START 6xS3x7:6 runtime_ms=30439
TABLE_START 6x11:5 runtime_ms=30766
TABLE_START 2x6x11:5 runtime_ms=31091
TABLE_START 2x3.Fi22N3 runtime_ms=31361
TABLE_START 2xFi22N5 runtime_ms=31665
TABLE_START 6xFi22N5 runtime_ms=31928
TABLE_START 3x5^2:(4xS3) runtime_ms=32254
TABLE_START 3x2.J2.2N5 runtime_ms=32521
TABLE_START D8xS6(2) runtime_ms=32820
TABLE_START NDG(He.2,3^2) runtime_ms=33077
TABLE_START NDG(HN,3^2) runtime_ms=33366
TABLE_START NDG(HN.2,3^2) runtime_ms=33367
TABLE_START HNN3 runtime_ms=33369
TABLE_START HN.2N3 runtime_ms=33369
TABLE_START 3^4.(3xSL(2,3)).2 runtime_ms=33370
TABLE_START HNN5 runtime_ms=33370
TABLE_START NDG(J4,3^2) runtime_ms=33372
TABLE_START (3^(1+2):2^2xG2(3)):2 runtime_ms=33372
TABLE_START (3^2:2x13:6).2 runtime_ms=33381
TABLE_START (D10xA9).2 runtime_ms=33442
TABLE_START MN5 runtime_ms=33810
TABLE_START (11:5xM12):2 runtime_ms=34049
TABLE_START 2F4(2)'N2 runtime_ms=34199
TABLE_START 2F4(2)'.2N2 runtime_ms=34430
TABLE_START 2^(3+1+3).L3(2) runtime_ms=34431
TABLE_START 2^(2+2+4).(S3xS3) runtime_ms=34431
TABLE_START NRS(M24,2^(2+2+4)a) runtime_ms=34432
TABLE_START NRS(M24,2^(4+4)) runtime_ms=34433
TABLE_START [2^9].S3a runtime_ms=34433
TABLE_START NRS(M24,[2^9]a) runtime_ms=34434
TABLE_START [2^9].S3b runtime_ms=34435
TABLE_START NRS(M24,[2^9]b) runtime_ms=34436
TABLE_START L3(2)xS3 runtime_ms=34436
TABLE_START 3x2^(1+4)_-:A5 runtime_ms=34505
TABLE_START 3x2^(2+4):(3xS3) runtime_ms=34749
TABLE_START 3x11:5 runtime_ms=35058
TABLE_START 6x7:3 runtime_ms=35324
TABLE_START G2(3).2N2 runtime_ms=35620
TABLE_START 3^2.(3x3^(1+2)+):2^2 runtime_ms=35851
TABLE_START 3^3.(3x3^(1+2)+):2^2 runtime_ms=35851
TABLE_START U3(5).2N2 runtime_ms=35852
PROGRESS tables=300 cases=1051 skipped=0 latest=U3(5).2N2 runtime_ms=35852
TABLE_START (D10xU3(5)N2).2 runtime_ms=35852
TABLE_START 5:4xU3(5).2N2 runtime_ms=36214
TABLE_START 2^(1+8)_+.(2xA5) runtime_ms=36537
TABLE_START 2^(1+8)_+.(A4xA5) runtime_ms=36766
TABLE_START 2^(1+8)_+.(A4xA4).2 runtime_ms=36768
TABLE_START (D8xA6).2^2 runtime_ms=36769
TABLE_START (7:3xA5):2 runtime_ms=36770
TABLE_START 2^(2+1+2+4+2).(3xS4) runtime_ms=36881
TABLE_START D8xU3(3).2 runtime_ms=37113
TABLE_START (Q16xU3(3)).2 runtime_ms=37129
TABLE_START 3x4^2:D12 runtime_ms=37689
TABLE_START 3xM12N2 runtime_ms=37990
TABLE_START 3x7:6 runtime_ms=38253
TABLE_START 3x13:6 runtime_ms=38558
TABLE_START 6x13:6 runtime_ms=38802
TABLE_START S3x13:6 runtime_ms=39108
TABLE_START 5:4xS7 runtime_ms=39351
TABLE_START S3xA5 runtime_ms=39702
TABLE_START G2(4)N2 runtime_ms=39960
TABLE_START 3^(1+2):8:4 runtime_ms=40244
TABLE_START S3x2.A5 runtime_ms=40244
TABLE_START 2.A5.2xS3 runtime_ms=40280
TABLE_START 2.D10xA5 runtime_ms=40542
TABLE_START (7:3x3):4 runtime_ms=40866
TABLE_START 2.M12N5 runtime_ms=41097
TABLE_START 7:12 runtime_ms=41097
TABLE_START NRS(M22,[2^6]) runtime_ms=41098
TABLE_START 2^(2+8):(3xA5):2 runtime_ms=41098
TABLE_START 2^(4+6):(A5x3):2 runtime_ms=41099
TABLE_START 2.HSN3A runtime_ms=41100
TABLE_START 2^3.(2x2^3.L3(2)) runtime_ms=41137
TABLE_START (7:3xL2(7)):2 runtime_ms=41422
TABLE_START F4(2)N7B runtime_ms=41457
TABLE_START 3x19:9 runtime_ms=41719
TABLE_START 3x17:8 runtime_ms=42048
TABLE_START 3xD6xD10 runtime_ms=42316
TABLE_START 3x2^3.S4v1 runtime_ms=42625
TABLE_START 3xNRS(M22,[2^6]) runtime_ms=42862
TABLE_START 2.2^3.2^5.S3 runtime_ms=43384
TABLE_START (2^2x4).2^5.S3 runtime_ms=43384
TABLE_START 2.2^4.2^4.S3 runtime_ms=43385
TABLE_START (2x4^2).2^4.S3 runtime_ms=43386
TABLE_START 2.2^(4+6).2.S3 runtime_ms=43388
TABLE_START S3xU4(2).2 runtime_ms=43389
TABLE_START 3^4.A6.D8 runtime_ms=43401
TABLE_START (Q8xD14):3 runtime_ms=43692
TABLE_START (Q8x13:4):3 runtime_ms=43693
TABLE_START 5:4xS5x2 runtime_ms=43693
TABLE_START 2^5.2^4.L4(2) runtime_ms=43775
TABLE_START (2^5.2^6)a.(S3xL3(2)) runtime_ms=44009
TABLE_START (2^5.2^6)b.(L3(2)xS3) runtime_ms=44010
TABLE_START 2^5.2^6.(2xL3(2)) runtime_ms=44011
TABLE_START (2^5.2^6.2^2)a.S3^2 runtime_ms=44012
TABLE_START (2^5.2^6.2^2)b.S3^2 runtime_ms=44014
TABLE_START 2^5.2^6.D8.S3 runtime_ms=44014
TABLE_START (2^(1+8).2^3)a.L3(2) runtime_ms=44016
TABLE_START (2^(1+8).2^3)b.L3(2) runtime_ms=44017
TABLE_START 2^(1+8).2^4.S3^2 runtime_ms=44018
TABLE_START 2^(1+8).2^4.2.S3 runtime_ms=44019
TABLE_START 2^(1+8).2^3.2^2.S3 runtime_ms=44021
TABLE_START 2^(1+8).2^(1+4).S3 runtime_ms=44022
TABLE_START 2^(1+8).2^2.(3xA5).2 runtime_ms=44085
TABLE_START 2^(1+8).2^2.S3^2 runtime_ms=44086
TABLE_START 2^(1+8).D8.S3 runtime_ms=44087
TABLE_START (D10xA6).2 runtime_ms=44088
TABLE_START 5:8 runtime_ms=44151
TABLE_START (2.D10xA6).2 runtime_ms=44383
TABLE_START 2x3^5:(3^2:SD16) runtime_ms=44715
TABLE_START 31:6 runtime_ms=45038
TABLE_START 11:5xS3 runtime_ms=45271
TABLE_START (SL2(3)x7:3).2 runtime_ms=45595
TABLE_START 3^5.3^3.(2xS4) runtime_ms=45921
TABLE_START (3^(1+6).3)a.2.S4 runtime_ms=46151
TABLE_START (3^(1+6).3)b.2.S4 runtime_ms=46152
TABLE_START 3^5.3^(1+2).2.S4 runtime_ms=46153
TABLE_START (3^2:4xD10).2 runtime_ms=46155
TABLE_START (3^2:D8xD10).2 runtime_ms=46284
TABLE_START S4x3^2:4 runtime_ms=46658
TABLE_START S4x3^(1+2):4 runtime_ms=46903
TABLE_START (3^(1+2):4xD10).2 runtime_ms=47204
TABLE_START 3x7^(1+2):(D8x3) runtime_ms=47584
TABLE_START 3x19:6 runtime_ms=47851
TABLE_START 3x31:15 runtime_ms=48154
TABLE_START 2.(S4xS5) runtime_ms=48434
TABLE_START 2.D8.S5 runtime_ms=48722
TABLE_START (2^(1+4)x3).GO+(4,2) runtime_ms=48722
TABLE_START 2^(1+4).S3^2 runtime_ms=48723
TABLE_START 2.(D8x2^2).S3 runtime_ms=48723
TABLE_START 2.2^4.2.S3 runtime_ms=48724
TABLE_START (4x2^2).2^4.S3 runtime_ms=48724
TABLE_START (4^2x2).2^3.S3 runtime_ms=48724
TABLE_START 2^(1+6)_-.2^4.A5 runtime_ms=48725
TABLE_START 2^(4+6).2^2.(3xS3) runtime_ms=48726
TABLE_START 2^(2+8).2^2.(3xS3) runtime_ms=48727
TABLE_START (A4x7:3):2 runtime_ms=48728
TABLE_START S4x3^2:Q8 runtime_ms=48779
TABLE_START 11:20 runtime_ms=49115
TABLE_START (SL(2,3)x7:3).2 runtime_ms=49347
TABLE_START 3x(A5xD10).2 runtime_ms=49397
TABLE_START (D10x3.A6).2_3 runtime_ms=49763
PROGRESS tables=400 cases=1311 skipped=0 latest=(D10x3.A6).2_3 runtime_ms=
50130
TABLE_START 3x(A4x7:3):2 runtime_ms=50130
TABLE_START 3x11:10 runtime_ms=50468
TABLE_START S4x3^(1+2)_+:Q8 runtime_ms=50714
TABLE_START D8x3^(1+2)_+:Q8 runtime_ms=51050
TABLE_START 2.(D8x3^2:Q8) runtime_ms=51315
TABLE_START 3x2^(1+6)_-.2^4.A5 runtime_ms=51602
TABLE_START 3x2^(2+8).2^2.(3xS3) runtime_ms=51621
TABLE_START 3x2^(4+6).2^2.(3xS3) runtime_ms=51861
TABLE_START 3xSuzN2 runtime_ms=52162
TABLE_START (2.D10x3.A6).2_3 runtime_ms=52496
TABLE_START 3x(SL(2,3)x7:3).2 runtime_ms=53095
TABLE_START 3x11:20 runtime_ms=53441
TABLE_START 3x(2x13).6 runtime_ms=53680
TABLE_START 3x(2.A5xD10).2 runtime_ms=53982
TABLE_START 2^(1+8)_+.2^5.S4(2) runtime_ms=54363
TABLE_START 2^3.(2x2^(1+3+3+3).L3(2)) runtime_ms=54597
TABLE_START 2^(1+1+3+3).(2x2^(3+3).L3(2)) runtime_ms=54603
TABLE_START 2^(1+1+2+4).(2x2^(2+4).S3^2) runtime_ms=54607
TABLE_START 2^10.2^3.2^3.S3 runtime_ms=54615
TABLE_START 2^(1+8)_+.2^3.2^2.2^3.S3 runtime_ms=54628
TABLE_START 2^(1+8)_+.2^2.2^2.2^4.S3 runtime_ms=54636
TABLE_START 2^(1+8)_+.2^3.2^5.S3 runtime_ms=54704
TABLE_START 3xD10 runtime_ms=54711
TABLE_START 2.SuzN2 runtime_ms=54716
TABLE_START 2.G2(4)N2 runtime_ms=54951
TABLE_START 3.3^5:(3^2:SD16) runtime_ms=54952
TABLE_START 3x2.SuzN2 runtime_ms=54955
TABLE_START 2x3.3^5:(3^2:SD16) runtime_ms=55037
TABLE_START 2.(D8x3^(1+2)_+:Q8) runtime_ms=55284
TABLE_START 2.Fi22N2 runtime_ms=55570
TABLE_START 3x2.Fi22N2 runtime_ms=55576
TABLE_START (2^2x11:5).2 runtime_ms=55826
TABLE_START 2^5:A6 runtime_ms=56195
TABLE_START 3^4:S6 runtime_ms=56493
TABLE_START 3^4:3^2:D8 runtime_ms=56493
TABLE_START S3x5:4 runtime_ms=56494
TABLE_START 3^3:(S3x2) runtime_ms=56534
TABLE_START 3^3:S3 runtime_ms=56764
TABLE_START 2^4:A4 runtime_ms=56765
TABLE_START 2x7:6 runtime_ms=56765
TABLE_START 5:4xS4 runtime_ms=56853
TABLE_START (3x2.D10).2 runtime_ms=57132
TABLE_START 2.A8N3 runtime_ms=57666
TABLE_START S6(2)N2 runtime_ms=57666
TABLE_START 2x3^3:S3 runtime_ms=57667
TABLE_START 2.U4(2)N2 runtime_ms=57672
TABLE_START 2.(S3x5:4) runtime_ms=57958
TABLE_START 2x3^3:(S3x2) runtime_ms=57958
TABLE_START 2^6:S4a runtime_ms=57967
TABLE_START 2^6:S4b runtime_ms=58195
TABLE_START 2.[2^6].(2xS3) runtime_ms=58198
TABLE_START 3x2.D10 runtime_ms=58198
TABLE_START (D10x2^3.L3(2)).2 runtime_ms=58209
TABLE_START 7:3xS5 runtime_ms=58658
TABLE_START 31:10 runtime_ms=58990
TABLE_START 23:22 runtime_ms=59226
TABLE_START 11:10xS3 runtime_ms=59516
TABLE_START (7:3xA7):2 runtime_ms=59768
TABLE_START (13:6xA4).2 runtime_ms=60111
TABLE_START 5^3:(4x(2xA5).2) runtime_ms=60480
TABLE_START (D10xJ2).2 runtime_ms=60714
TABLE_START 2^4:A4b runtime_ms=60833
TABLE_START 3^4.3^2:4 runtime_ms=61063
TABLE_START 2^(4+8).(2xA4) runtime_ms=61064
TABLE_START 2^9.2^4.A5a runtime_ms=61066
TABLE_START 2^9.2^4.A5b runtime_ms=61067
TABLE_START 2^(4+8):(A4xS3) runtime_ms=61069
TABLE_START S6xD8 runtime_ms=61070
TABLE_START (2^4:A4xA4).2 runtime_ms=61099
TABLE_START (2x2^(1+8)_+).O8+(2) runtime_ms=61667
TABLE_START 2.2^(2+12):(A8xS3) runtime_ms=61966
TABLE_START 2.(A5wr2) runtime_ms=61978
TABLE_START (D10x2.(A5xA5).2).2 runtime_ms=61978
TABLE_START (11:5xD12).2 runtime_ms=62304
TABLE_START 2.(13:6xA4).2 runtime_ms=62658
TABLE_START (7:3x2.A7):2 runtime_ms=62951
TABLE_START 2.(D10xJ2).2 runtime_ms=63016
TABLE_START 2x(7:3xL2(7)):2 runtime_ms=63252
TABLE_START (7:3x2.L3(4).2).2 runtime_ms=63349
TABLE_START (3^(1+2):8x2.A6).2 runtime_ms=63716
TABLE_START 3^6:L4(3):2_2 runtime_ms=64115
TABLE_START 3^(3+6):(L3(3)x2) runtime_ms=64354
TABLE_START 2^(1+6).3^(1+2).2S4 runtime_ms=64358
TABLE_START L3(3)x2 runtime_ms=64488
TABLE_START (3xSL(2,3)):2 runtime_ms=64731
TABLE_START S3x(3xSL(2,3)):2 runtime_ms=65023
TABLE_START 2^(1+4)_+.(S3x3^2:2) runtime_ms=65268
TABLE_START A7xS3 runtime_ms=65269
TABLE_START D8xS3 runtime_ms=65299
TABLE_START 2.2^4.(S3x3^2:2) runtime_ms=65593
TABLE_START 2.2^(4+12).(S3x3S6) runtime_ms=65834
TABLE_START 2x3^(1+4).2U4(2).2 runtime_ms=65846
TABLE_START 3^(3+4):(2.S4)^2 runtime_ms=65973
TABLE_START (2.A7xL2(7)).2 runtime_ms=66216
TABLE_START (2.A6xU3(3)).2 runtime_ms=66344
TABLE_START (2.A4x2.G2(4)).2 runtime_ms=66746
TABLE_START 2.(A4xG2(4)).2 runtime_ms=67249
TABLE_START (2.A5x2.J2).2 runtime_ms=67766
TABLE_START 2.(A5xJ2).2 runtime_ms=68276
TABLE_START 2(S4xS4) runtime_ms=68805
PROGRESS tables=500 cases=1588 skipped=0 latest=2(S4xS4) runtime_ms=69133
TABLE_START S3x2.S4 runtime_ms=69133
TABLE_START 2^6:S7 runtime_ms=69377
TABLE_START S4xU3(3).2 runtime_ms=69667
TABLE_START A8xS3 runtime_ms=69695
TABLE_START 2x2.M12 runtime_ms=69961
TABLE_START 2x2.A4xS3 runtime_ms=70263
TABLE_START 2^2x3^2.2.S4 runtime_ms=70511
TABLE_START 2.S4x2.S4 runtime_ms=70819
TABLE_START 2x2.U4(2).2 runtime_ms=71057
TABLE_START 2x2.(3^3:(S4x2)) runtime_ms=71364
TABLE_START 2xS3x2.S4 runtime_ms=71622
TABLE_START S3x3.S6 runtime_ms=71916
TABLE_START 2x3.S6 runtime_ms=72180
TABLE_START (D10xD10).2^2 runtime_ms=72505
TABLE_START (3x3^3:S3):2 runtime_ms=72734
TABLE_START (3x3^(1+2)+:2A4).2 runtime_ms=73038
TABLE_START 2^12.(S3x3S6) runtime_ms=73078
TABLE_START 2^12.(2^2xD8) runtime_ms=73411
TABLE_START 2^(3+3+3).L3(2) runtime_ms=73664
TABLE_START NRS(O8+(2),2^(3+3+3)_a) runtime_ms=73664
TABLE_START NRS(O8+(2),2^(3+3+3)_b) runtime_ms=73665
TABLE_START O8+(2)N2 runtime_ms=73666
TABLE_START 5:4xS6 runtime_ms=73668
TABLE_START E6(2) runtime_ms=73786
TABLE_START F4(3) runtime_ms=73843
TABLE_START 2.Fi22 runtime_ms=73887
TABLE_START 2.Fi22.2 runtime_ms=73900
TABLE_START Isoclinic(2.Fi22.2) runtime_ms=73910
TABLE_START 3.Fi22 runtime_ms=73926
TABLE_START 3.Fi22.2 runtime_ms=73943
TABLE_START 6.Fi22 runtime_ms=73954
TABLE_START 6.Fi22.2 runtime_ms=73999
TABLE_START Isoclinic(6.Fi22.2) runtime_ms=74022
TABLE_START Fi22 runtime_ms=74049
TABLE_START Fi22.2 runtime_ms=74052
TABLE_START 3.F3+ runtime_ms=74057
TABLE_START 3.F3+.2 runtime_ms=74142
TABLE_START F3+ runtime_ms=74195
TABLE_START F3+.2 runtime_ms=74206
TABLE_START Fi23 runtime_ms=74232
TABLE_START P1/G1/L1/V1/ext2 runtime_ms=74239
TABLE_START P1/G1/L1/V1/ext3 runtime_ms=74314
TABLE_START P1/G1/L1/V1/ext4 runtime_ms=74452
TABLE_START P1/G1/L1/V1/ext5 runtime_ms=74534
TABLE_START P1/G1/L1/V1/ext6 runtime_ms=74631
TABLE_START P1/G1/L1/V2/ext3 runtime_ms=74749
TABLE_START P1/G1/L1/V2/ext6 runtime_ms=74830
TABLE_START P1/G2/L1/V1/ext2 runtime_ms=74950
TABLE_START P1/G2/L1/V1/ext3 runtime_ms=75036
TABLE_START P1/G2/L1/V1/ext4 runtime_ms=75136
TABLE_START P1/G2/L1/V2/ext2 runtime_ms=75316
TABLE_START P1/G2/L1/V2/ext4 runtime_ms=75404
TABLE_START P1/G2/L2/V2/ext2 runtime_ms=75523
TABLE_START P1/G2/L2/V2/ext4 runtime_ms=75605
TABLE_START P1/G3/L2/V1/ext2 runtime_ms=75720
TABLE_START P1/G3/L2/V1/ext3 runtime_ms=75807
TABLE_START P11/G1/L1/V1/ext2 runtime_ms=75883
TABLE_START P11/G1/L1/V1/ext3 runtime_ms=75966
TABLE_START P11/G1/L1/V1/ext4 runtime_ms=76017
TABLE_START P11/G1/L1/V2/ext2 runtime_ms=76163
TABLE_START P11/G1/L1/V2/ext4 runtime_ms=76248
TABLE_START P11/G1/L1/V3/ext2 runtime_ms=76456
TABLE_START P11/G1/L1/V3/ext4 runtime_ms=76536
TABLE_START P11/G2/L1/V1/ext2 runtime_ms=76677
TABLE_START P11/G2/L1/V1/ext3 runtime_ms=76758
TABLE_START P11/G2/L1/V2/ext2 runtime_ms=76910
TABLE_START P11/G3/L1/V1/ext2 runtime_ms=76993
TABLE_START P11/G3/L1/V1/ext3 runtime_ms=77082
TABLE_START P11/G3/L1/V2/ext3 runtime_ms=77163
TABLE_START P11/G3/L3/V1/ext2 runtime_ms=77249
TABLE_START P11/G3/L3/V2/ext3 runtime_ms=77340
TABLE_START P11/G3/L4/V2/ext2 runtime_ms=77487
TABLE_START P11/G3/L4/V2/ext3 runtime_ms=77603
TABLE_START P11/G3/L4/V3/ext2 runtime_ms=77690
TABLE_START P11/G4/L1/V1/ext2 runtime_ms=77810
TABLE_START P11/G4/L1/V1/ext3 runtime_ms=77865
TABLE_START P12/G1/L2/V1/ext2 runtime_ms=78022
TABLE_START P12/G1/L2/V1/ext3 runtime_ms=78132
TABLE_START P13/G1/L2/V1/ext2 runtime_ms=78232
TABLE_START P13/G1/L2/V1/ext3 runtime_ms=78315
TABLE_START P13/G1/L6/V1/ext2 runtime_ms=78588
TABLE_START P2/G1/L1/V1/ext2 runtime_ms=78665
TABLE_START P2/G1/L1/V1/ext3 runtime_ms=78755
TABLE_START P2/G2/L1/V1/ext2 runtime_ms=78896
TABLE_START P2/G2/L1/V1/ext3 runtime_ms=78988
TABLE_START P2/G2/L1/V2/ext2 runtime_ms=79129
TABLE_START P21/G1/L1/V1/ext2 runtime_ms=79220
TABLE_START P21/G1/L1/V1/ext3 runtime_ms=79307
TABLE_START P21/G1/L1/V1/ext4 runtime_ms=79422
TABLE_START P21/G1/L3/V2/ext3 runtime_ms=79654
TABLE_START P21/G2/L1/V1/ext2 runtime_ms=79743
TABLE_START P21/G2/L1/V2/ext2 runtime_ms=79855
TABLE_START P21/G2/L1/V3/ext2 runtime_ms=79968
TABLE_START P21/G2/L2/V1/ext2 runtime_ms=80079
TABLE_START P21/G2/L2/V2/ext2 runtime_ms=80203
TABLE_START P21/G2/L2/V3/ext2 runtime_ms=80330
TABLE_START P21/G2/L5/V2/ext2 runtime_ms=80461
TABLE_START P21/G3/L2/V1/ext2 runtime_ms=80669
TABLE_START P21/G3/L5/V1/ext2 runtime_ms=80808
TABLE_START P27/G1/L1/V1/ext2 runtime_ms=80948
PROGRESS tables=600 cases=1947 skipped=0 latest=P27/G1/L1/V1/ext2 runtime_ms=
81016
TABLE_START P27/G1/L1/V1/ext3 runtime_ms=81016
TABLE_START P27/G1/L1/V1/ext4 runtime_ms=81163
TABLE_START P31/G1/L1/V1/ext2 runtime_ms=81499
TABLE_START P31/G1/L1/V1/ext3 runtime_ms=81585
TABLE_START P41/G1/L1/V1/ext2 runtime_ms=81835
TABLE_START P41/G1/L1/V1/ext3 runtime_ms=81892
TABLE_START P41/G1/L1/V2/ext2 runtime_ms=81967
TABLE_START P41/G1/L1/V3/ext3 runtime_ms=82021
TABLE_START P41/G1/L1/V4/ext2 runtime_ms=82098
TABLE_START P41/G1/L1/V4/ext3 runtime_ms=82159
TABLE_START P41/G2/L1/V1/ext2 runtime_ms=82238
TABLE_START P41/G2/L1/V1/ext3 runtime_ms=82309
TABLE_START P43/G1/L1/V1/ext2 runtime_ms=82414
TABLE_START P43/G2/L1/V1/ext2 runtime_ms=82593
TABLE_START P43/G3/L1/V1/ext2 runtime_ms=82709
TABLE_START P43/G3/L1/V2/ext2 runtime_ms=82782
TABLE_START P48/G1/L1/V1/ext2 runtime_ms=82856
TABLE_START P48/G1/L1/V2/ext2 runtime_ms=83012
TABLE_START P49/G1/L1/V1/ext2 runtime_ms=83164
TABLE_START P49/G1/L1/V1/ext3 runtime_ms=83260
TABLE_START P49/G1/L1/V2/ext3 runtime_ms=83334
TABLE_START P50/G1/L1/V1/ext2 runtime_ms=83465
TABLE_START P50/G1/L1/V1/ext3 runtime_ms=83627
TABLE_START P50/G1/L1/V1/ext4 runtime_ms=83960
TABLE_START S3 runtime_ms=84370
TABLE_START 2.S3 runtime_ms=84372
TABLE_START Symm(4) runtime_ms=84372
TABLE_START 2.Symm(4) runtime_ms=84387
TABLE_START D8 runtime_ms=84404
TABLE_START 2.D8 runtime_ms=84406
TABLE_START D10 runtime_ms=84406
TABLE_START 7:3 runtime_ms=84409
TABLE_START 2x7:3 runtime_ms=84414
TABLE_START C2 runtime_ms=84419
TABLE_START C3 runtime_ms=84423
TABLE_START C4 runtime_ms=84428
TABLE_START C6 runtime_ms=84430
TABLE_START 3^2:2 runtime_ms=84430
TABLE_START 3^(1+2)_+:2 runtime_ms=84430
TABLE_START 3^2:4 runtime_ms=84430
TABLE_START 2^3.S3 runtime_ms=84430
TABLE_START 2^3.D8 runtime_ms=84431
TABLE_START 2^3.S4v1 runtime_ms=84431
TABLE_START 2^3.S4v2 runtime_ms=84431
TABLE_START 2xSymm(4) runtime_ms=84432
TABLE_START D8x2 runtime_ms=84432
TABLE_START 2^2:S4 runtime_ms=84432
TABLE_START (A4x3):2 runtime_ms=84432
TABLE_START S3x2 runtime_ms=84432
TABLE_START (A5x3):2 runtime_ms=84433
TABLE_START 2^4:(3x3):2 runtime_ms=84433
TABLE_START 2^3:7 runtime_ms=84433
TABLE_START 2^3 runtime_ms=84433
TABLE_START S3xS3 runtime_ms=84433
TABLE_START 3^(1+2):4 runtime_ms=84434
TABLE_START 4^2:3 runtime_ms=84434
TABLE_START 3^2 runtime_ms=84434
TABLE_START 3^(1+2)_+ runtime_ms=84434
TABLE_START 2.2^4:3 runtime_ms=84434
TABLE_START 2.L2(11) runtime_ms=84435
TABLE_START 2.L2(11).2 runtime_ms=84443
TABLE_START Isoclinic(2.L2(11).2) runtime_ms=84443
TABLE_START 2.L2(13) runtime_ms=84446
TABLE_START 2.L2(13).2 runtime_ms=84446
TABLE_START Isoclinic(2.L2(13).2) runtime_ms=84448
TABLE_START 2.L2(17) runtime_ms=84449
TABLE_START 2.L2(17).2 runtime_ms=84450
TABLE_START Isoclinic(2.L2(17).2) runtime_ms=84451
TABLE_START 2.L2(19) runtime_ms=84454
TABLE_START 2.L2(19).2 runtime_ms=84455
TABLE_START Isoclinic(2.L2(19).2) runtime_ms=84457
TABLE_START 2.L2(23) runtime_ms=84462
TABLE_START 2.L2(23).2 runtime_ms=84463
TABLE_START Isoclinic(2.L2(23).2) runtime_ms=84465
TABLE_START 2.L2(25) runtime_ms=84475
TABLE_START 2.L2(25).2_1 runtime_ms=84477
TABLE_START Isoclinic(2.L2(25).2_1) runtime_ms=84479
TABLE_START 2.L2(25).2_2 runtime_ms=84486
TABLE_START Isoclinic(2.L2(25)x2) runtime_ms=84487
TABLE_START Isoclinic(L2(25).2_3x2) runtime_ms=84500
TABLE_START 4.L2(25).2_3 runtime_ms=84512
TABLE_START 2.L2(27) runtime_ms=84546
TABLE_START 2.L2(27).2 runtime_ms=84555
TABLE_START Isoclinic(2.L2(27).2) runtime_ms=84559
TABLE_START 2.L2(27).3 runtime_ms=84573
TABLE_START 2.L2(27).6 runtime_ms=84575
TABLE_START Isoclinic(2.L2(27).6) runtime_ms=84576
TABLE_START 2.L2(29) runtime_ms=84581
TABLE_START 2.L2(29).2 runtime_ms=84582
TABLE_START Isoclinic(2.L2(29).2) runtime_ms=84586
TABLE_START 2.L2(31) runtime_ms=84599
TABLE_START 2.L2(31).2 runtime_ms=84601
TABLE_START Isoclinic(2.L2(31).2) runtime_ms=84605
TABLE_START J3M3 runtime_ms=84636
TABLE_START L2(11) runtime_ms=84636
TABLE_START L2(11).2 runtime_ms=84637
TABLE_START L2(121)M3 runtime_ms=84637
TABLE_START M12.2M3 runtime_ms=84637
TABLE_START U3(11)M4 runtime_ms=84638
TABLE_START U3(11)M5 runtime_ms=84638
PROGRESS tables=700 cases=2255 skipped=0 latest=U3(11)M5 runtime_ms=84639
TABLE_START L2(13) runtime_ms=84639
TABLE_START L2(13).2 runtime_ms=84639
TABLE_START L2(16) runtime_ms=84640
TABLE_START L2(16).2 runtime_ms=84640
TABLE_START S4(4)M4 runtime_ms=84641
TABLE_START L2(16).4 runtime_ms=84641
TABLE_START S4(4).2M5 runtime_ms=84642
TABLE_START L2(17) runtime_ms=84642
TABLE_START L2(17).2 runtime_ms=84643
TABLE_START L2(19) runtime_ms=84643
TABLE_START L2(19).2 runtime_ms=84643
TABLE_START L2(23) runtime_ms=84644
TABLE_START L2(23).2 runtime_ms=84645
TABLE_START L2(25) runtime_ms=84646
TABLE_START L2(25).2^2 runtime_ms=84646
TABLE_START L2(25).2_1 runtime_ms=84647
TABLE_START L2(25).2_2 runtime_ms=84648
TABLE_START L2(25).2_3 runtime_ms=84648
TABLE_START L2(27) runtime_ms=84649
TABLE_START L2(27).2 runtime_ms=84649
TABLE_START L2(27).3 runtime_ms=84650
TABLE_START L2(27).6 runtime_ms=84650
TABLE_START L2(29) runtime_ms=84650
TABLE_START L2(29).2 runtime_ms=84651
TABLE_START L2(31) runtime_ms=84652
TABLE_START L2(31).2 runtime_ms=84652
TABLE_START L2(32) runtime_ms=84653
TABLE_START L2(32).5 runtime_ms=84655
TABLE_START L2(8) runtime_ms=84655
TABLE_START L2(8).3 runtime_ms=84656
TABLE_START A9M5 runtime_ms=84656
TABLE_START ONM8 runtime_ms=84656
TABLE_START 2.L2(49) runtime_ms=84657
TABLE_START 2.L2(49).2_1 runtime_ms=84732
TABLE_START Isoclinic(2.L2(49).2_1) runtime_ms=84741
TABLE_START 2.L2(49).2_2 runtime_ms=84818
TABLE_START Isoclinic(2.L2(49)x2) runtime_ms=84819
TABLE_START Isoclinic(L2(49).2_3x2) runtime_ms=84918
TABLE_START 4.L2(49).2_3 runtime_ms=84937
TABLE_START 2.L2(81) runtime_ms=85052
TABLE_START 2.L2(81).2_1 runtime_ms=85068
TABLE_START 2.L2(81).2_2 runtime_ms=85071
TABLE_START Isoclinic(2.L2(81).2_2) runtime_ms=85103
TABLE_START Isoclinic(2.L2(81)x2) runtime_ms=85585
TABLE_START Isoclinic(L2(81).2_3x2) runtime_ms=86168
TABLE_START 4.L2(81).2_3 runtime_ms=86188
TABLE_START 2.L2(81).4_1 runtime_ms=86783
TABLE_START 4.L2(81).4_2 runtime_ms=86794
TABLE_START L2(49) runtime_ms=86798
TABLE_START L2(49).2_1 runtime_ms=86799
TABLE_START L2(49).2_2 runtime_ms=86801
TABLE_START L2(49).2_3 runtime_ms=86802
TABLE_START L2(49).2^2 runtime_ms=86803
TABLE_START L2(81) runtime_ms=86804
TABLE_START L2(81).2_1 runtime_ms=86807
TABLE_START L2(81).2_2 runtime_ms=86808
TABLE_START L2(81).2_3 runtime_ms=86816
TABLE_START L2(81).2^2 runtime_ms=86817
TABLE_START L2(81).4_1 runtime_ms=86820
TABLE_START L2(81).4_2 runtime_ms=86820
TABLE_START L2(81).(2x4) runtime_ms=86821
TABLE_START 12_1.L3(4) runtime_ms=86822
TABLE_START 12_1.L3(4).2_1 runtime_ms=86843
TABLE_START Isoclinic(12_1.L3(4).2_1) runtime_ms=86848
TABLE_START 12_1.L3(4).2_2 runtime_ms=86852
TABLE_START Isoclinic(12_1.L3(4).2_2) runtime_ms=86854
TABLE_START 12_1.L3(4).2_3 runtime_ms=86857
TABLE_START 12_2.L3(4) runtime_ms=86861
TABLE_START 12_2.L3(4).2_1 runtime_ms=86867
TABLE_START Isoclinic(12_2.L3(4).2_1) runtime_ms=86871
TABLE_START 12_2.L3(4).2_2 runtime_ms=86875
TABLE_START 12_2.L3(4).2_3 runtime_ms=86881
TABLE_START Isoclinic(12_2.L3(4).2_3) runtime_ms=86884
TABLE_START 2.L3(4) runtime_ms=86887
TABLE_START 2.L3(4).2_1 runtime_ms=86887
TABLE_START Isoclinic(2.L3(4).2_1) runtime_ms=86888
TABLE_START 2.L3(4).2_2 runtime_ms=86889
TABLE_START Isoclinic(2.L3(4).2_2) runtime_ms=86889
TABLE_START 2.L3(4).2_3 runtime_ms=86891
TABLE_START Isoclinic(2.L3(4).2_3) runtime_ms=86891
TABLE_START 2.L3(4).(2^2)_{123} runtime_ms=86893
TABLE_START 2.L3(4).(2^2)_{1*23} runtime_ms=86894
TABLE_START 2.L3(4).(2^2)_{12*3} runtime_ms=86896
TABLE_START 2.L3(4).(2^2)_{123*} runtime_ms=86897
TABLE_START 2.L3(4).(2^2)_{1*2*3} runtime_ms=86898
TABLE_START 2.L3(4).(2^2)_{1*23*} runtime_ms=86899
TABLE_START 2.L3(4).(2^2)_{12*3*} runtime_ms=86901
TABLE_START 2.L3(4).(2^2)_{1*2*3*} runtime_ms=86903
TABLE_START 2^2.L3(4) runtime_ms=86904
TABLE_START (2x4).L3(4) runtime_ms=86905
TABLE_START 4^2.L3(4) runtime_ms=86908
TABLE_START (4^2x3).L3(4) runtime_ms=86914
TABLE_START 3.L3(4) runtime_ms=86959
TABLE_START 3.L3(4).2^2 runtime_ms=86960
TABLE_START 3.L3(4).2_1 runtime_ms=86962
TABLE_START 3.L3(4).2_2 runtime_ms=86962
TABLE_START 3.L3(4).2_3 runtime_ms=86963
TABLE_START 3.L3(4).3 runtime_ms=86964
TABLE_START Isoclinic(3.L3(4).3,1) runtime_ms=86967
TABLE_START Isoclinic(3.L3(4).3,2) runtime_ms=87005
PROGRESS tables=800 cases=2653 skipped=
0 latest=Isoclinic(3.L3(4).3,2) runtime_ms=87032
TABLE_START 3.L3(4).6 runtime_ms=87032
TABLE_START Isoclinic(3.L3(4).6,1) runtime_ms=87035
TABLE_START Isoclinic(3.L3(4).6,2) runtime_ms=87051
TABLE_START 4_1.L3(4) runtime_ms=87072
TABLE_START 4_1.L3(4).2_1 runtime_ms=87072
TABLE_START Isoclinic(4_1.L3(4).2_1) runtime_ms=87073
TABLE_START 4_1.L3(4).2_2 runtime_ms=87074
TABLE_START Isoclinic(4_1.L3(4).2_2) runtime_ms=87075
TABLE_START 4_1.L3(4).2_3 runtime_ms=87076
TABLE_START 4_1.L3(4).2_3* runtime_ms=87077
TABLE_START 4_1.L3(4).(2^2)_{123} runtime_ms=87084
TABLE_START 4_1.L3(4).(2^2)_{1*23} runtime_ms=87086
TABLE_START 4_1.L3(4).(2^2)_{12*3} runtime_ms=87087
TABLE_START 4_1.L3(4).(2^2)_{123*} runtime_ms=87088
TABLE_START 4_1.L3(4).(2^2)_{1*2*3} runtime_ms=87089
TABLE_START 4_1.L3(4).(2^2)_{1*23*} runtime_ms=87090
TABLE_START 4_1.L3(4).(2^2)_{12*3*} runtime_ms=87092
TABLE_START 4_1.L3(4).(2^2)_{1*2*3*} runtime_ms=87093
TABLE_START 4_2.L3(4) runtime_ms=87094
TABLE_START 4_2.L3(4).2_1 runtime_ms=87095
TABLE_START Isoclinic(4_2.L3(4).2_1) runtime_ms=87095
TABLE_START 4_2.L3(4).2_2 runtime_ms=87096
TABLE_START 4_2.L3(4).2_2* runtime_ms=87098
TABLE_START 4_2.L3(4).2_3 runtime_ms=87109
TABLE_START Isoclinic(4_2.L3(4).2_3) runtime_ms=87110
TABLE_START 4_2.L3(4).(2^2)_{123} runtime_ms=87112
TABLE_START 4_2.L3(4).(2^2)_{1*23} runtime_ms=87113
TABLE_START 4_2.L3(4).(2^2)_{12*3} runtime_ms=87114
TABLE_START 4_2.L3(4).(2^2)_{123*} runtime_ms=87115
TABLE_START 4_2.L3(4).(2^2)_{1*2*3} runtime_ms=87117
TABLE_START 4_2.L3(4).(2^2)_{1*23*} runtime_ms=87118
TABLE_START 4_2.L3(4).(2^2)_{12*3*} runtime_ms=87119
TABLE_START 4_2.L3(4).(2^2)_{1*2*3*} runtime_ms=87121
TABLE_START 6.L3(4) runtime_ms=87122
TABLE_START 6.L3(4).2_1 runtime_ms=87123
TABLE_START Isoclinic(6.L3(4).2_1) runtime_ms=87125
TABLE_START 6.L3(4).2_2 runtime_ms=87129
TABLE_START Isoclinic(6.L3(4).2_2) runtime_ms=87130
TABLE_START 6.L3(4).2_3 runtime_ms=87132
TABLE_START Isoclinic(6.L3(4).2_3) runtime_ms=87134
TABLE_START 6.L3(4).(2^2)_{123} runtime_ms=87136
TABLE_START 6.L3(4).(2^2)_{1*23} runtime_ms=87137
TABLE_START 6.L3(4).(2^2)_{12*3} runtime_ms=87139
TABLE_START 6.L3(4).(2^2)_{123*} runtime_ms=87140
TABLE_START 6.L3(4).(2^2)_{1*2*3} runtime_ms=87143
TABLE_START 6.L3(4).(2^2)_{1*23*} runtime_ms=87145
TABLE_START 6.L3(4).(2^2)_{12*3*} runtime_ms=87147
TABLE_START 6.L3(4).(2^2)_{1*2*3*} runtime_ms=87149
TABLE_START (2x12).L3(4) runtime_ms=87150
TABLE_START L3(4) runtime_ms=87161
TABLE_START L3(4).2^2 runtime_ms=87161
TABLE_START U4(3).(2^2)_{133}M6 runtime_ms=87162
TABLE_START L3(4).2_1 runtime_ms=87162
TABLE_START L3(4).2_2 runtime_ms=87162
TABLE_START L3(4).2_3 runtime_ms=87163
TABLE_START L3(4).3 runtime_ms=87163
TABLE_START L3(4).3.2_2 runtime_ms=87163
TABLE_START L3(4).3.2_3 runtime_ms=87164
TABLE_START L3(4).6 runtime_ms=87164
TABLE_START L3(4).D12 runtime_ms=87165
TABLE_START (2^2x3).L3(4) runtime_ms=87165
TABLE_START (2^2x3).L3(4).2_1 runtime_ms=87169
TABLE_START (2^2x3).L3(4).2_2 runtime_ms=87174
TABLE_START (2^2x3).L3(4).2_3 runtime_ms=87177
TABLE_START (2^2x3).L3(4).3 runtime_ms=87180
TABLE_START 2^2.L3(4).2_1 runtime_ms=87185
TABLE_START 2^2.L3(4).2_2 runtime_ms=87186
TABLE_START 2^2.L3(4).2_3 runtime_ms=87187
TABLE_START 2^2.L3(4).3 runtime_ms=87187
TABLE_START 2^2.L3(4).3.2_2 runtime_ms=87188
TABLE_START 2^2.L3(4).3.2_3 runtime_ms=87189
TABLE_START 3.L3(4).3.2_2 runtime_ms=87190
TABLE_START 3.L3(4).3.2_3 runtime_ms=87191
TABLE_START 2^2.L3(4).2^2 runtime_ms=87193
TABLE_START 2^2.L3(4).6 runtime_ms=87194
TABLE_START 2^2.L3(4).D12 runtime_ms=87195
TABLE_START 2.L3(2) runtime_ms=87196
TABLE_START 2.L3(2).2 runtime_ms=87202
TABLE_START Isoclinic(2.L3(2).2) runtime_ms=87203
TABLE_START 2F4(2)'M2 runtime_ms=87203
TABLE_START 3.L3(7) runtime_ms=87204
TABLE_START 3.L3(7).2 runtime_ms=87207
TABLE_START 3.L3(7).3 runtime_ms=87209
TABLE_START Isoclinic(3.L3(7).3,1) runtime_ms=87232
TABLE_START Isoclinic(3.L3(7).3,2) runtime_ms=88741
TABLE_START 3.L3(7).S3 runtime_ms=89272
TABLE_START L3(2) runtime_ms=89279
TABLE_START L3(2).2 runtime_ms=89279
TABLE_START L3(3) runtime_ms=89279
TABLE_START L3(3).2 runtime_ms=89279
TABLE_START G2(3)M6 runtime_ms=89279
TABLE_START L3(5) runtime_ms=89280
TABLE_START L3(5).2 runtime_ms=89282
TABLE_START L3(7) runtime_ms=89282
TABLE_START L3(7).2 runtime_ms=89283
TABLE_START L3(7).3 runtime_ms=89283
TABLE_START L3(7).S3 runtime_ms=89285
TABLE_START L3(8) runtime_ms=89287
TABLE_START L3(8).2 runtime_ms=89292
TABLE_START L3(8).3 runtime_ms=89295
PROGRESS tables=900 cases=3044 skipped=0 latest=L3(8).3 runtime_ms=89297
TABLE_START L3(8).6 runtime_ms=89297
TABLE_START ONM2 runtime_ms=89298
TABLE_START 2.L4(3) runtime_ms=89299
TABLE_START 2.L4(3).2_1 runtime_ms=89310
TABLE_START Isoclinic(2.L4(3).2_1) runtime_ms=89313
TABLE_START 2.L4(3).2_2 runtime_ms=89328
TABLE_START Isoclinic(2.L4(3).2_2) runtime_ms=89331
TABLE_START 2.L4(3).2_3 runtime_ms=89334
TABLE_START Isoclinic(2.L4(3).2_3) runtime_ms=89335
TABLE_START L3(9) runtime_ms=89337
TABLE_START L3(9).2_1 runtime_ms=89347
TABLE_START L3(9).2_2 runtime_ms=89350
TABLE_START L3(9).2_3 runtime_ms=89354
TABLE_START L3(9).2^2 runtime_ms=89358
TABLE_START L4(3) runtime_ms=89360
TABLE_START L4(3).2_1 runtime_ms=89360
TABLE_START L4(3).2_2 runtime_ms=89361
TABLE_START L4(3).2_3 runtime_ms=89362
TABLE_START L4(3).2^2 runtime_ms=89362
TABLE_START L5(2) runtime_ms=89364
TABLE_START L5(2).2 runtime_ms=89365
TABLE_START L6(2) runtime_ms=89365
TABLE_START L6(2).2 runtime_ms=89368
TABLE_START L4(4) runtime_ms=89370
TABLE_START L4(4).2_1 runtime_ms=89391
TABLE_START L4(4).2_2 runtime_ms=89395
TABLE_START L4(4).2_3 runtime_ms=89399
TABLE_START L4(4).2^2 runtime_ms=89402
TABLE_START L7(2) runtime_ms=89405
TABLE_START L7(2).2 runtime_ms=89418
TABLE_START L5(3) runtime_ms=89426
TABLE_START L5(3).2 runtime_ms=89437
TABLE_START L2(37) runtime_ms=89442
TABLE_START L2(41) runtime_ms=89448
TABLE_START L2(43) runtime_ms=89454
TABLE_START L2(47) runtime_ms=89461
TABLE_START L2(53) runtime_ms=89529
TABLE_START L2(59) runtime_ms=89535
TABLE_START L2(61) runtime_ms=89540
TABLE_START L2(64) runtime_ms=89549
TABLE_START L2(64).6 runtime_ms=89564
TABLE_START L2(67) runtime_ms=89566
TABLE_START L2(71) runtime_ms=89572
TABLE_START L2(73) runtime_ms=89581
TABLE_START L2(79) runtime_ms=89588
TABLE_START L2(83) runtime_ms=89595
TABLE_START L2(89) runtime_ms=89606
TABLE_START L2(97) runtime_ms=89614
TABLE_START L2(101) runtime_ms=89625
TABLE_START L2(103) runtime_ms=89636
TABLE_START L2(107) runtime_ms=89647
TABLE_START L2(109) runtime_ms=89660
TABLE_START L2(113) runtime_ms=89672
TABLE_START L2(121) runtime_ms=89686
TABLE_START L2(125) runtime_ms=89701
TABLE_START L4(5) runtime_ms=89717
TABLE_START 2.L4(5) runtime_ms=89730
TABLE_START 4.L4(5) runtime_ms=89735
TABLE_START L4(9) runtime_ms=89754
TABLE_START L8(2) runtime_ms=89811
TABLE_START L3(11) runtime_ms=89883
TABLE_START 12.M22 runtime_ms=89907
TABLE_START 12.M22.2 runtime_ms=89923
TABLE_START Isoclinic(12.M22.2) runtime_ms=89928
TABLE_START 2.M12 runtime_ms=89933
TABLE_START 2.M12.2 runtime_ms=89933
TABLE_START Isoclinic(2.M12.2) runtime_ms=89935
TABLE_START 2.M22 runtime_ms=89936
TABLE_START 2.M22.2 runtime_ms=89937
TABLE_START Isoclinic(2.M22.2) runtime_ms=89938
TABLE_START 3.M22 runtime_ms=89940
TABLE_START 3.M22.2 runtime_ms=89942
TABLE_START 4.M22 runtime_ms=89943
TABLE_START 4.M22.2 runtime_ms=89944
TABLE_START Isoclinic(4.M22.2) runtime_ms=89945
TABLE_START 6.M22 runtime_ms=89947
TABLE_START 6.M22.2 runtime_ms=89951
TABLE_START Isoclinic(6.M22.2) runtime_ms=89953
TABLE_START HNM12 runtime_ms=89957
TABLE_START HSM9 runtime_ms=89957
TABLE_START M11 runtime_ms=89958
TABLE_START M12 runtime_ms=89958
TABLE_START M12.2 runtime_ms=89958
TABLE_START M12M2 runtime_ms=89958
TABLE_START M22 runtime_ms=89958
TABLE_START M22.2 runtime_ms=89958
TABLE_START M23 runtime_ms=89958
TABLE_START M24 runtime_ms=89959
TABLE_START McLM3 runtime_ms=89960
TABLE_START 3.McLM3 runtime_ms=89960
TABLE_START ONM11 runtime_ms=89961
TABLE_START 2.A12M8 runtime_ms=89961
TABLE_START 3^7.O7(3):2 runtime_ms=89962
TABLE_START 2^(3+12).(L3(2)xA6) runtime_ms=90060
TABLE_START 2^(6+8).(S3xA8) runtime_ms=90065
TABLE_START 3^2.3^4.3^8.(A5x2A4).2 runtime_ms=90071
TABLE_START S3xO8+(3):S3 runtime_ms=90081
TABLE_START 3^(1+10):(2xU5(2):2) runtime_ms=90153
TABLE_START 2^2.U6(2):S3x2 runtime_ms=90252
TABLE_START 2^(1+12)_+.3_1.U4(3).2^2_{122} runtime_ms=90377
PROGRESS tables=1000 cases=3515 skipped=
0 latest=2^(1+12)_+.3_1.U4(3).2^2_{122} runtime_ms=90468
TABLE_START 3^3.[3^10].(L3(3)x2^2) runtime_ms=90468
TABLE_START 3^2.3^4.3^8.(S5x2S4) runtime_ms=90491
TABLE_START S4xO8+(2):S3 runtime_ms=90513
TABLE_START 2^(3+12).(L3(2)xS6) runtime_ms=90588
TABLE_START 2^(7+8).(S3xA8) runtime_ms=90678
TABLE_START (S3xS3xG2(3)):2 runtime_ms=90694
TABLE_START S5xS9 runtime_ms=90775
TABLE_START S6xL2(8):3 runtime_ms=90949
TABLE_START 7:6xS7 runtime_ms=91065
TABLE_START 7^(1+2)_+:(6xS3).2 runtime_ms=91191
TABLE_START 13:3 runtime_ms=91272
TABLE_START 19:3 runtime_ms=91276
TABLE_START 31:3 runtime_ms=91284
TABLE_START 37:3 runtime_ms=91290
TABLE_START 43:3 runtime_ms=91297
TABLE_START 73:3 runtime_ms=91305
TABLE_START 91:3 runtime_ms=91313
TABLE_START 133:3 runtime_ms=91325
TABLE_START 31:5 runtime_ms=91346
TABLE_START 109:54 runtime_ms=91353
TABLE_START 113:56 runtime_ms=91365
TABLE_START D14 runtime_ms=91377
TABLE_START D110 runtime_ms=91383
TABLE_START D114 runtime_ms=91392
TABLE_START D122 runtime_ms=91402
TABLE_START D126 runtime_ms=91410
TABLE_START S6x2 runtime_ms=91419
TABLE_START S7x2 runtime_ms=91453
TABLE_START S8x2 runtime_ms=91547
TABLE_START S9x2 runtime_ms=91580
TABLE_START S10x2 runtime_ms=91616
TABLE_START 2.Fi22M13 runtime_ms=91648
TABLE_START S11x2 runtime_ms=91685
TABLE_START S5xS3 runtime_ms=91721
TABLE_START S7xS3 runtime_ms=91755
TABLE_START S8xS3 runtime_ms=91789
TABLE_START S9xS3 runtime_ms=91821
TABLE_START S10xS3 runtime_ms=91857
TABLE_START S4xS4 runtime_ms=91893
TABLE_START S5xS4 runtime_ms=91913
TABLE_START S6xS4 runtime_ms=91958
TABLE_START S7xS4 runtime_ms=92003
TABLE_START S8xS4 runtime_ms=92051
TABLE_START S9xS4 runtime_ms=92097
TABLE_START S6xS5 runtime_ms=92149
TABLE_START S7xS5 runtime_ms=92180
TABLE_START S8xS5 runtime_ms=92213
TABLE_START S7xS6 runtime_ms=92249
TABLE_START (A10x3):2 runtime_ms=92284
TABLE_START (A9xA4):2 runtime_ms=92359
TABLE_START (A8xA5):2 runtime_ms=92446
TABLE_START (A7xA6):2 runtime_ms=92503
TABLE_START D62x2 runtime_ms=92557
TABLE_START S3xL2(8) runtime_ms=92565
TABLE_START 5xA5 runtime_ms=92580
TABLE_START 3xL2(8) runtime_ms=92613
TABLE_START 5xIsoclinic(2.A6.2_2) runtime_ms=92629
TABLE_START 3xU4(2) runtime_ms=92750
TABLE_START 3^(1+2)+:2A4 runtime_ms=92767
TABLE_START S3x3^(1+2)+:2A4 runtime_ms=92770
TABLE_START 3x2S5 runtime_ms=92782
TABLE_START 7:3x3 runtime_ms=92811
TABLE_START M10x2 runtime_ms=92819
TABLE_START L2(8):3x2 runtime_ms=92851
TABLE_START 2^2xA6 runtime_ms=92864
TABLE_START 2^2.L3(4)M4 runtime_ms=92911
TABLE_START 2^2.L3(4)M5 runtime_ms=92955
TABLE_START 2^2xL2(7) runtime_ms=93000
TABLE_START 2^2.L3(4)M7 runtime_ms=93024
TABLE_START 2^2.L3(4)M8 runtime_ms=93051
TABLE_START A4x7:3 runtime_ms=93075
TABLE_START 7^2:24 runtime_ms=93088
TABLE_START 3^4:40 runtime_ms=93092
TABLE_START 2^4:A5 runtime_ms=93094
TABLE_START L3(4)M4 runtime_ms=93095
TABLE_START L3(4)M5 runtime_ms=93121
TABLE_START L3(4)M7 runtime_ms=93152
TABLE_START L3(4)M8 runtime_ms=93160
TABLE_START 2xA6 runtime_ms=93167
TABLE_START 2.L3(4)M4 runtime_ms=93197
TABLE_START 2.L3(4)M5 runtime_ms=93230
TABLE_START 2xL3(2) runtime_ms=93260
TABLE_START 2.L3(4)M7 runtime_ms=93272
TABLE_START 2.L3(4)M8 runtime_ms=93282
TABLE_START Isoclinic(2x3^2:Q8) runtime_ms=93294
TABLE_START 4_1.2^4:A5 runtime_ms=93325
TABLE_START 4_2.2^4:A5 runtime_ms=93327
TABLE_START 3x2^4:A5 runtime_ms=93327
TABLE_START 3.L3(4)M4 runtime_ms=93334
TABLE_START 3.L3(4)M5 runtime_ms=93360
TABLE_START 3.L3(4)M7 runtime_ms=93388
TABLE_START 3.L3(4)M8 runtime_ms=93406
TABLE_START 3^(1+2)_+:Q8 runtime_ms=93421
TABLE_START 3x2^5.A5 runtime_ms=93451
TABLE_START 6xL3(2) runtime_ms=93543
TABLE_START 6.L3(4)M7 runtime_ms=93553
TABLE_START 6.L3(4)M8 runtime_ms=93566
TABLE_START Isoclinic(2x3^(1+2)_+:Q8) runtime_ms=93578
TABLE_START 3x4_1.2^4:A5 runtime_ms=93611
TABLE_START 3x4_2.2^4:A5 runtime_ms=93620
PROGRESS tables=1100 cases=3826 skipped=0 latest=3x4_2.2^4:A5 runtime_ms=93627
TABLE_START 3^(1+4)_+.2S4 runtime_ms=93627
TABLE_START 2(A4xA4).2^2 runtime_ms=93628
TABLE_START U4(3)M3 runtime_ms=93628
TABLE_START U4(3)M9 runtime_ms=93637
TABLE_START U4(3)M12 runtime_ms=93645
TABLE_START 2.A6M2 runtime_ms=93671
TABLE_START 3^2:8 runtime_ms=93702
TABLE_START 2.A6M5 runtime_ms=93708
TABLE_START 3xA5 runtime_ms=93726
TABLE_START 3.A6M2 runtime_ms=93759
TABLE_START 3xSymm(4) runtime_ms=93794
TABLE_START 3.A6M5 runtime_ms=93820
TABLE_START 3x2.A5 runtime_ms=93845
TABLE_START 6.A6M2 runtime_ms=93880
TABLE_START 3x2.Symm(4) runtime_ms=93915
TABLE_START 6.A6M5 runtime_ms=93941
TABLE_START 2.A4x3 runtime_ms=93968
TABLE_START (2.A4x3).2 runtime_ms=93984
TABLE_START 3xL3(2) runtime_ms=94022
TABLE_START 3xA5.2 runtime_ms=94036
TABLE_START 3.(A4x3):2 runtime_ms=94071
TABLE_START 3x2.L3(2) runtime_ms=94077
TABLE_START 3xIsoclinic(2.A5.2) runtime_ms=94087
TABLE_START (2.A5x3).2 runtime_ms=94125
TABLE_START 2.A6x3 runtime_ms=94255
TABLE_START (2.A6x3).2_1 runtime_ms=94294
TABLE_START 2.A9M5 runtime_ms=94360
TABLE_START 2.(A5xA4).2 runtime_ms=94382
TABLE_START (2x3^3).S4 runtime_ms=94388
TABLE_START 3^2:2A4 runtime_ms=94388
TABLE_START U3(8)M4 runtime_ms=94389
TABLE_START U3(8)M5 runtime_ms=94389
TABLE_START 2x3^2:2A4 runtime_ms=94389
TABLE_START A7x3 runtime_ms=94392
TABLE_START (A7x3).2 runtime_ms=94429
TABLE_START 2.A7x3 runtime_ms=94492
TABLE_START (2.A7x3).2 runtime_ms=94530
TABLE_START (A5xA5):4 runtime_ms=94599
TABLE_START 2.(A5xA5).4 runtime_ms=94605
TABLE_START (A6xA4).2 runtime_ms=94606
TABLE_START 2.(A6xA4).2 runtime_ms=94658
TABLE_START A8x3 runtime_ms=94722
TABLE_START (A8x3).2 runtime_ms=94759
TABLE_START (2.A8x3).2 runtime_ms=94827
TABLE_START (A7xA4):2 runtime_ms=94933
TABLE_START 2.(A7xA4).2 runtime_ms=94994
TABLE_START (A6xA5):2 runtime_ms=95056
TABLE_START 2.(A6xA5).2 runtime_ms=95095
TABLE_START A9x3 runtime_ms=95135
TABLE_START (A9x3):2 runtime_ms=95173
TABLE_START 2.A9x3 runtime_ms=95241
TABLE_START (2.A9x3).2 runtime_ms=95281
TABLE_START 7^(1+2).Sp(2,7) runtime_ms=95416
TABLE_START 3xO8+(2) runtime_ms=95425
TABLE_START (3xO8+(2)):2 runtime_ms=95476
TABLE_START 3^(3+6):26 runtime_ms=95564
TABLE_START 2x3^4:(2xA6) runtime_ms=95571
TABLE_START [2^30].L5(2) runtime_ms=95601
TABLE_START 2^(9+16).S8(2) runtime_ms=96035
TABLE_START [2^35].(S5xL3(2)) runtime_ms=96251
TABLE_START 2^(2+10+20).(M22.2xS3) runtime_ms=97560
TABLE_START 3^(1+12):6.Suz.2 runtime_ms=97989
TABLE_START 3^12.6.Suz.2 runtime_ms=98222
TABLE_START 3^(1+12).2.Suz.2 runtime_ms=98336
TABLE_START 3^(1+12).(2xU5(2).2) runtime_ms=98385
TABLE_START 5^(1+6):2.J2.4 runtime_ms=98421
TABLE_START (7:3xHe):2 runtime_ms=98428
TABLE_START (A5xA12):2 runtime_ms=98525
TABLE_START 5^(3+3).(2xL3(5)) runtime_ms=98827
TABLE_START (A6xA6xA6).(2xS4) runtime_ms=98914
TABLE_START (A5xU3(8):3):2 runtime_ms=98920
TABLE_START 5^(2+2+4):(S3xGL2(5)) runtime_ms=99016
TABLE_START (L3(2)xS4(4):2).2 runtime_ms=99106
TABLE_START (5^2:[2^4]xU3(5)).S3 runtime_ms=99187
TABLE_START (L2(11)xM12):2 runtime_ms=99343
TABLE_START (A7x(A5xA5):2^2):2 runtime_ms=99403
TABLE_START 5^4:(3x2.L2(25)).2 runtime_ms=99699
TABLE_START 7^(2+1+2):GL2(7) runtime_ms=99785
TABLE_START M11xA6.2^2 runtime_ms=99788
TABLE_START (S5xS5xS5):S3 runtime_ms=99826
TABLE_START (L2(11)xL2(11)):4 runtime_ms=99953
TABLE_START 13^2:2.L2(13).4 runtime_ms=100099
TABLE_START (7^2:(3x2A4)xL2(7)).2 runtime_ms=100102
TABLE_START (13:6xL3(3)).2 runtime_ms=100258
TABLE_START 3^3:L3(3) runtime_ms=100433
TABLE_START L4(3)M4 runtime_ms=100457
TABLE_START 3^4:2(A4xA4).2 runtime_ms=100466
TABLE_START (4xA6):2 runtime_ms=100489
TABLE_START (3x2S5).2 runtime_ms=100523
TABLE_START O8+(2)M2 runtime_ms=100546
TABLE_START O8+(2)M3 runtime_ms=100563
TABLE_START O8+(2)M5 runtime_ms=100605
TABLE_START O8+(2)M6 runtime_ms=100639
TABLE_START O8+(2)M8 runtime_ms=100674
TABLE_START O8+(2)M9 runtime_ms=100726
TABLE_START (3xU4(2)):2 runtime_ms=100776
TABLE_START O8+(2)M11 runtime_ms=100886
TABLE_START O8+(2)M12 runtime_ms=100929
TABLE_START 2^(1+8)_+:(S3xS3xS3) runtime_ms=100977
TABLE_START 3^4:2^3.S4(a) runtime_ms=101001
PROGRESS tables=1200 cases=4163 skipped=0 latest=3^4:2^3.S4(a) runtime_ms=
101002
TABLE_START 2x2.S6(2) runtime_ms=101002
TABLE_START 2^2.O8+(2)M2 runtime_ms=101025
TABLE_START 2^2.O8+(2)M3 runtime_ms=101073
TABLE_START (2x2^(1+6)_+).A8 runtime_ms=101122
TABLE_START 2^2.O8+(2)M5 runtime_ms=101148
TABLE_START 2^2.O8+(2)M6 runtime_ms=101150
TABLE_START 2x2.A9 runtime_ms=101152
TABLE_START 2^2.O8+(2)M8 runtime_ms=101182
TABLE_START 2^2.O8+(2)M9 runtime_ms=101238
TABLE_START 2x(3x2.U4(2)):2 runtime_ms=101292
TABLE_START 2^2.O8+(2)M11 runtime_ms=101373
TABLE_START 2^2.O8+(2)M12 runtime_ms=101456
TABLE_START 2^2.(2^(1+8)_+:(S3xS3xS3)) runtime_ms=101538
TABLE_START (2^2x3^4).2^3.S4 runtime_ms=101565
TABLE_START (2x2.(A5xA5)):2^2 runtime_ms=101568
TABLE_START 2^2.O8+(2)M16 runtime_ms=101571
TABLE_START 2^2.O8+(2)M17 runtime_ms=101572
TABLE_START (4^2x2)(2xS4) runtime_ms=101574
TABLE_START (4^2x2)S4 runtime_ms=101575
TABLE_START (4^2x3):S3 runtime_ms=101575
TABLE_START (7:3x3):2 runtime_ms=101575
TABLE_START (7xL2(7)):2 runtime_ms=101576
TABLE_START (9x3).S3 runtime_ms=101577
TABLE_START (A5xA5):2^2 runtime_ms=101577
TABLE_START S4(4).2M7 runtime_ms=101577
TABLE_START O8+(2)M16 runtime_ms=101578
TABLE_START O8+(2)M17 runtime_ms=101578
TABLE_START 2.O8+(2)M3 runtime_ms=101579
TABLE_START 2.O8+(2)M6 runtime_ms=101659
TABLE_START 2xA9 runtime_ms=101694
TABLE_START 2.O8+(2)M9 runtime_ms=101749
TABLE_START 2x(3xU4(2)):2 runtime_ms=101803
TABLE_START (3x2.U4(2)):2 runtime_ms=101875
TABLE_START 2.O8+(2)M12 runtime_ms=101928
TABLE_START 2.2^(1+8)_+:(S3xS3xS3) runtime_ms=101980
TABLE_START (2x3^4:2^3).S4 runtime_ms=102007
TABLE_START (A5xA5).(2x4) runtime_ms=102007
TABLE_START 2.(A5xA5).2^2 runtime_ms=102015
TABLE_START 2.O8+(2)M17 runtime_ms=102039
TABLE_START (A8xA4):2 runtime_ms=102040
TABLE_START (A7xA5):2 runtime_ms=102110
TABLE_START (S3xS3xA5):2 runtime_ms=102177
TABLE_START 2^{3+6}:(L3(2)x3) runtime_ms=102200
TABLE_START 2^{1+8}_+:(S3xA5) runtime_ms=102201
TABLE_START 10^2:S3 runtime_ms=102202
TABLE_START 11^(1+2)+:40 runtime_ms=102203
TABLE_START 11^2:(5x2L2(11).2) runtime_ms=102205
TABLE_START 11^2:60 runtime_ms=102217
TABLE_START 2(A4xA4).4.2 runtime_ms=102221
TABLE_START 2(A4xA4).4.2^2 runtime_ms=102221
TABLE_START 2(L2(11)x2).2 runtime_ms=102222
TABLE_START 2(L2(7)x4).2 runtime_ms=102223
TABLE_START 2.(2.(A4xA4).2.2) runtime_ms=102226
TABLE_START 2.(2^5:S6) runtime_ms=102226
TABLE_START 2x3^(1+2)_+:2S4 runtime_ms=102227
TABLE_START 2.(3^3:(S4x2)) runtime_ms=102255
TABLE_START 2.(S3xS6) runtime_ms=102255
TABLE_START 2.(S6x2) runtime_ms=102256
TABLE_START 2.2^6.L3(2) runtime_ms=102257
TABLE_START D108 runtime_ms=102257
TABLE_START D112 runtime_ms=102262
TABLE_START 2^(1+4)+.(S3xS3) runtime_ms=102291
TABLE_START 2^(1+8)+:L2(8) runtime_ms=102315
TABLE_START 2^(2+4):(3xD10) runtime_ms=102316
TABLE_START 2^(2+4):15 runtime_ms=102317
TABLE_START 2^(3+6):21 runtime_ms=102317
TABLE_START 2^2.(3^2:2A4) runtime_ms=102318
TABLE_START 2^2.(3^2:Q8) runtime_ms=102319
TABLE_START 2^2.(3^2:Q8.2) runtime_ms=102319
TABLE_START 7:3xS4 runtime_ms=102319
TABLE_START D8xL3(2) runtime_ms=102404
TABLE_START 2^2.[2^6].(S3xS3) runtime_ms=102436
TABLE_START 2^2.S6 runtime_ms=102459
TABLE_START 2^3.L3(2):2 runtime_ms=102460
TABLE_START 2^6:(3xA5) runtime_ms=102460
TABLE_START S4(4)M2 runtime_ms=102461
TABLE_START 2^6:(3xA5):2 runtime_ms=102461
TABLE_START S4(4).2M3 runtime_ms=102462
TABLE_START 2^6:(7xL2(8)) runtime_ms=102462
TABLE_START 2^6:3^3:S4 runtime_ms=102465
TABLE_START 2S5.2 runtime_ms=102466
TABLE_START 3^(1+2)+.2S4 runtime_ms=102467
TABLE_START 3^(1+2)+:2S4 runtime_ms=102467
TABLE_START 3^(1+4)+.2^(1+4)-.S3 runtime_ms=102467
TABLE_START 3^(1+4)+.4S4 runtime_ms=102472
TABLE_START 3^(2+4):80 runtime_ms=102473
TABLE_START 3^2.(3x3^(1+2)+):D8 runtime_ms=102479
TABLE_START 3^3:S4` runtime_ms=102479
TABLE_START 3^4:(2xA6) runtime_ms=102480
TABLE_START 3^4:2^3.S4 runtime_ms=102480
TABLE_START 3^4:GL2(9) runtime_ms=102481
TABLE_START 4(A4xA4).4 runtime_ms=102485
TABLE_START 5^(1+2)+:24 runtime_ms=102485
TABLE_START 5^(1+2)+:4A5 runtime_ms=102486
TABLE_START 5^(1+2)+:8 runtime_ms=102487
TABLE_START 5^2:S3 runtime_ms=102487
TABLE_START 5^3:(2xA5).2 runtime_ms=102488
TABLE_START 5^3:62 runtime_ms=102488
TABLE_START 6^2:D12 runtime_ms=102493
TABLE_START 6^2:S3 runtime_ms=102493
PROGRESS tables=1300 cases=4449 skipped=0 latest=6^2:S3 runtime_ms=102494
TABLE_START 7^(1+2):48 runtime_ms=102494
TABLE_START 7^2:2A4 runtime_ms=102496
TABLE_START 7^2:S3 runtime_ms=102497
TABLE_START 8^2:S3 runtime_ms=102497
TABLE_START 2^(1+8)_+:U4(2) runtime_ms=102498
TABLE_START U6(2)M5 runtime_ms=102574
TABLE_START U6(2)M6 runtime_ms=102653
TABLE_START U6(2)M9 runtime_ms=102813
TABLE_START U6(2)M10 runtime_ms=102915
TABLE_START U6(2)M12 runtime_ms=103079
TABLE_START U6(2)M13 runtime_ms=103162
TABLE_START 3^(1+4).2^(1+1+2+2).S3 runtime_ms=103253
TABLE_START 2.2^(1+8)_+:U4(2) runtime_ms=103331
TABLE_START 2.U6(2)M6 runtime_ms=103334
TABLE_START 2.2^(4+8):(S3xA5) runtime_ms=103418
TABLE_START 2.U6(2)M9 runtime_ms=103501
TABLE_START 2.U6(2)M10 runtime_ms=103576
TABLE_START 2xM22 runtime_ms=103794
TABLE_START 2.U6(2)M13 runtime_ms=103886
TABLE_START 2xS3xU4(2) runtime_ms=103975
TABLE_START 2.(3^(1+4).[2^7.3]) runtime_ms=104081
TABLE_START 3x2^(1+8)_+:U4(2) runtime_ms=104164
TABLE_START 3.U6(2)M5 runtime_ms=104329
TABLE_START 3.U6(2)M6 runtime_ms=104406
TABLE_START 3x2^(4+8):(S3xA5) runtime_ms=104574
TABLE_START 3xS6(2) runtime_ms=104722
TABLE_START 3.U6(2)M9 runtime_ms=104892
TABLE_START 3.U6(2)M10 runtime_ms=105001
TABLE_START 3.U6(2)M12 runtime_ms=105108
TABLE_START 3.U6(2)M13 runtime_ms=105195
TABLE_START 3xS3xU4(2) runtime_ms=105281
TABLE_START 3.(3^(1+4).[2^7.3]) runtime_ms=105462
TABLE_START 3x2.2^(1+8)_+:U4(2) runtime_ms=105543
TABLE_START 6.U6(2)M6 runtime_ms=105662
TABLE_START 3x2.2^(4+8):(S3xA5) runtime_ms=105753
TABLE_START 6xS6(2) runtime_ms=106005
TABLE_START 6.U6(2)M9 runtime_ms=106044
TABLE_START 6.U6(2)M10 runtime_ms=106165
TABLE_START 2x3.M22 runtime_ms=106284
TABLE_START 6.U6(2)M13 runtime_ms=106439
TABLE_START 6xS3xU4(2) runtime_ms=106525
TABLE_START 6.(3^(1+4).[2^7.3]) runtime_ms=106667
TABLE_START 2^2xU5(2) runtime_ms=106754
TABLE_START 2^2.2^(1+8)_+:U4(2) runtime_ms=106788
TABLE_START 2^2.U6(2)M5 runtime_ms=106876
TABLE_START 2^2.U6(2)M6 runtime_ms=107087
TABLE_START 2^2.2^(4+8):(S3xA5) runtime_ms=107316
TABLE_START 2^2xS6(2) runtime_ms=107403
TABLE_START 2^2.U6(2)M9 runtime_ms=107496
TABLE_START 2^2.U6(2)M10 runtime_ms=107606
TABLE_START 2x2.M22 runtime_ms=107714
TABLE_START 2^2.U6(2)M12 runtime_ms=107804
TABLE_START 2^2.U6(2)M13 runtime_ms=107894
TABLE_START 2^2xS3xU4(2) runtime_ms=108048
TABLE_START 2^2x3xU5(2) runtime_ms=108163
TABLE_START 3x2^2.2^(1+8)_+:U4(2) runtime_ms=108423
TABLE_START 2x6_1.U4(3).2_2 runtime_ms=108738
TABLE_START (2^2x3).U6(2)M5 runtime_ms=108933
TABLE_START (2^2x3).U6(2)M6 runtime_ms=109148
TABLE_START 3x2^2.2^(4+8):(S3xA5) runtime_ms=109429
TABLE_START 2^2x3xS6(2) runtime_ms=109662
TABLE_START (2^2x3).U6(2)M9 runtime_ms=109798
TABLE_START (2^2x3).U6(2)M10 runtime_ms=109952
TABLE_START 2x6.M22 runtime_ms=110169
TABLE_START (2^2x3).U6(2)M12 runtime_ms=110273
TABLE_START (2^2x3).U6(2)M13 runtime_ms=110372
TABLE_START 2^2x3xS3xU4(2) runtime_ms=110472
TABLE_START (2^2x3).(3^(1+4).[2^7.3]) runtime_ms=110768
TABLE_START 3^5:U4(2):2 runtime_ms=110869
TABLE_START O7(3)M5 runtime_ms=110942
TABLE_START 3^(3+3):L3(3) runtime_ms=110954
TABLE_START 3^(3+3)b:L3(3) runtime_ms=111089
TABLE_START O7(3)M8 runtime_ms=111090
TABLE_START O7(3)M11 runtime_ms=111109
TABLE_START (2^2xU4(2)):2 runtime_ms=111203
TABLE_START (A4x2(A4xA4).2).2 runtime_ms=111317
TABLE_START (2x3^5).U4(2).2 runtime_ms=111450
TABLE_START 2xG2(3) runtime_ms=111519
TABLE_START 2.O7(3)M5 runtime_ms=111537
TABLE_START 2x3^(3+3):L3(3) runtime_ms=111622
TABLE_START 2x3^(3+3)b:L3(3) runtime_ms=111766
TABLE_START 2.O7(3)M8 runtime_ms=111903
TABLE_START 2.O7(3)M9 runtime_ms=111922
TABLE_START 2.O7(3)M11 runtime_ms=111991
TABLE_START 2.(2^2xU4(2)).2 runtime_ms=112027
TABLE_START 2^(1+6)_+:A7 runtime_ms=112096
TABLE_START 2.(S6xS4) runtime_ms=112097
TABLE_START 2.(A4x2(A4xA4).2).2 runtime_ms=112099
TABLE_START 3.3^5:U4(2):2 runtime_ms=112100
TABLE_START 3xL4(3).2_2 runtime_ms=112105
TABLE_START 3.O7(3)M5 runtime_ms=112134
TABLE_START 3.(3^(3+3):L3(3)) runtime_ms=112217
TABLE_START 3.O7(3)M8 runtime_ms=112286
TABLE_START 3.O7(3)M9 runtime_ms=112394
TABLE_START 3xS9 runtime_ms=112467
TABLE_START 3.O7(3)M11 runtime_ms=112568
TABLE_START 3x(2^2xU4(2)):2 runtime_ms=112674
TABLE_START 2^6:3A7 runtime_ms=112872
TABLE_START 3xS6xS4 runtime_ms=112942
TABLE_START 3.(A4x2(A4xA4).2).2 runtime_ms=113004
PROGRESS tables=1400 cases=4809 skipped=
0 latest=3.(A4x2(A4xA4).2).2 runtime_ms=113077
TABLE_START 6.(3^5:U4(2):2) runtime_ms=113077
TABLE_START 3x2.L4(3).2_2 runtime_ms=113087
TABLE_START 2x3.G2(3) runtime_ms=113188
TABLE_START 6.O7(3)M5 runtime_ms=113281
TABLE_START 2x3.(3^(3+3):L3(3)) runtime_ms=113373
TABLE_START 3x2.S6(2) runtime_ms=113516
TABLE_START 6.O7(3)M8 runtime_ms=113547
TABLE_START 6.O7(3)M9 runtime_ms=113715
TABLE_START 3xIsoclinic(2.A9.2) runtime_ms=113788
TABLE_START 6.O7(3)M11 runtime_ms=113832
TABLE_START 3x2.(2^2xU4(2)).2 runtime_ms=113942
TABLE_START 2^(1+6)_+:3A7 runtime_ms=114103
TABLE_START 3x2.(S6xS4) runtime_ms=114108
TABLE_START 6.(A4x2(A4xA4).2).2 runtime_ms=114257
TABLE_START 3^6:(L4(3)x2) runtime_ms=114261
TABLE_START L4(3)x2 runtime_ms=114266
TABLE_START 3^6:2U4(3).2_1 runtime_ms=114281
TABLE_START 2^8:O8+(2):2 runtime_ms=114357
TABLE_START 2^8:O8-(2):2 runtime_ms=114366
TABLE_START 3xU3(3).2 runtime_ms=114375
TABLE_START 3.G2(3)M2 runtime_ms=114391
TABLE_START 3.(3^(1+2)+x3^2):2S4 runtime_ms=114477
TABLE_START 3.G2(3)M4 runtime_ms=114547
TABLE_START 3.G2(3)M6 runtime_ms=114547
TABLE_START 3xL2(8).3 runtime_ms=114604
TABLE_START 3x2^3.L3(2) runtime_ms=114687
TABLE_START 3xL2(13) runtime_ms=114913
TABLE_START 3.2^(1+4)+:3^2.2 runtime_ms=114998
TABLE_START 2.2^(4+6).(A5x3) runtime_ms=115065
TABLE_START Isoclinic(2xU3(4).2) runtime_ms=115066
TABLE_START Isoclinic(2xU3(3).2) runtime_ms=115088
TABLE_START 2.A5xA5 runtime_ms=115174
TABLE_START U3(5)M2 runtime_ms=115273
TABLE_START U3(5)M3 runtime_ms=115370
TABLE_START U3(5)M6 runtime_ms=115468
TABLE_START U3(5)M7 runtime_ms=115626
TABLE_START 3.U3(5)M2 runtime_ms=115720
TABLE_START 3.U3(5)M3 runtime_ms=115823
TABLE_START 3x5^(1+2)_+:8 runtime_ms=115917
TABLE_START 3.U3(5)M6 runtime_ms=116017
TABLE_START 3.U3(5)M7 runtime_ms=116115
TABLE_START 2.2^(3+3):7 runtime_ms=116213
TABLE_START 2x13:4 runtime_ms=116284
TABLE_START 2^2.2^(3+3):7 runtime_ms=116322
TABLE_START 2^2x13:4 runtime_ms=116455
TABLE_START 2^2xD14 runtime_ms=116490
TABLE_START L3(7)M2 runtime_ms=116570
TABLE_START L3(7)M4 runtime_ms=116691
TABLE_START L3(7)M5 runtime_ms=116765
TABLE_START 3x7^2:2.L2(7).2 runtime_ms=116843
TABLE_START 3.L3(7)M2 runtime_ms=116966
TABLE_START 3xL3(2).2 runtime_ms=117094
TABLE_START 3.L3(7)M4 runtime_ms=117238
TABLE_START 3.L3(7)M5 runtime_ms=117313
TABLE_START 3x19:3 runtime_ms=117394
TABLE_START 2.(A6xA6).2^2 runtime_ms=117478
TABLE_START 2.(A8xA4).2 runtime_ms=117549
TABLE_START 2.(A7xA5).2 runtime_ms=117551
TABLE_START 2.2^5.S6 runtime_ms=117553
TABLE_START 2^(1+6)_-.3^3.S4 runtime_ms=117554
TABLE_START 2.3^4.2^3.S4 runtime_ms=117554
TABLE_START 2.(2^4:A5) runtime_ms=117555
TABLE_START 2x3^(1+2)+:2A4 runtime_ms=117556
TABLE_START (2x3^3).S4` runtime_ms=117563
TABLE_START 2.(2.(A4xA4).2) runtime_ms=117632
TABLE_START 3xF4(2) runtime_ms=117633
TABLE_START 3.2E6(2)M4 runtime_ms=117706
TABLE_START 3.2E6(2)M5 runtime_ms=117850
TABLE_START 3.2E6(2)M8 runtime_ms=118055
TABLE_START 3.2E6(2)M9 runtime_ms=118156
TABLE_START 6xF4(2) runtime_ms=118252
TABLE_START 3x2.F4(2) runtime_ms=118557
TABLE_START 6.2E6(2)M5 runtime_ms=118864
TABLE_START 6x2.F4(2) runtime_ms=119107
TABLE_START (2^2x3).2E6(2)M4 runtime_ms=119938
TABLE_START (2^2x3).2E6(2)M5 runtime_ms=120714
TABLE_START 2x3.Fi22 runtime_ms=121487
TABLE_START 6.2E6(2)M9 runtime_ms=121708
TABLE_START 2x6.Fi22 runtime_ms=121839
TABLE_START (2^2x3).2E6(2)M8 runtime_ms=122095
TABLE_START (2^2x3).2E6(2)M9 runtime_ms=122424
TABLE_START 2.D12 runtime_ms=122682
TABLE_START 2.D14 runtime_ms=122688
TABLE_START D16 runtime_ms=122688
TABLE_START 2.D16 runtime_ms=122688
TABLE_START D18 runtime_ms=122688
TABLE_START 2.D18 runtime_ms=122689
TABLE_START 2.D20 runtime_ms=122689
TABLE_START D22 runtime_ms=122689
TABLE_START 2.D22 runtime_ms=122689
TABLE_START 2.D24 runtime_ms=122690
TABLE_START D26 runtime_ms=122690
TABLE_START 2.D26 runtime_ms=122690
TABLE_START D28 runtime_ms=122690
TABLE_START 2.D28 runtime_ms=122691
TABLE_START D30 runtime_ms=122691
TABLE_START 2.D30 runtime_ms=122691
TABLE_START D32 runtime_ms=122692
TABLE_START 2.D32 runtime_ms=122692
TABLE_START (2x29).14 runtime_ms=122692
PROGRESS tables=1500 cases=5143 skipped=0 latest=(2x29).14 runtime_ms=122693
TABLE_START 2x31:15 runtime_ms=122693
TABLE_START 3^3:13 runtime_ms=122746
TABLE_START 2x3^3:13 runtime_ms=122751
TABLE_START 5^2:12 runtime_ms=122823
TABLE_START (2x5^2).12 runtime_ms=122824
TABLE_START L2(25)M3 runtime_ms=122824
TABLE_START 2.L2(25)M3 runtime_ms=122851
TABLE_START 2x23:11 runtime_ms=122884
TABLE_START 2x19:9 runtime_ms=122905
TABLE_START (2x17).8 runtime_ms=122949
TABLE_START (2x13).6 runtime_ms=122953
TABLE_START 6.A6M3 runtime_ms=122953
TABLE_START 6.(A4x3).2 runtime_ms=122953
TABLE_START 127:7 runtime_ms=122954
TABLE_START 9:6 runtime_ms=122961
TABLE_START 2^2.[2^9]:(7xS3) runtime_ms=122965
TABLE_START 2^(1+8)_+:L2(8):3 runtime_ms=122967
TABLE_START 2^2.[2^9]:(7:3xS3) runtime_ms=122968
TABLE_START 3^(1+2)_+.(2S4x3) runtime_ms=122969
TABLE_START 3^2:2A4x3 runtime_ms=122970
TABLE_START 2x(A4x3):2 runtime_ms=122979
TABLE_START (2^4:S5x3).2 runtime_ms=122991
TABLE_START 2^3:L3(2)xS3 runtime_ms=123019
TABLE_START (L2(11)x3).2 runtime_ms=123036
TABLE_START 3^5:(M10x2) runtime_ms=123060
TABLE_START (3xL3(4).2_2).2 runtime_ms=123113
TABLE_START M11xS3 runtime_ms=123149
TABLE_START 3.2^(2+4):(S3xS3) runtime_ms=123163
TABLE_START 3x2(A4xA4).2^2 runtime_ms=123221
TABLE_START 3xM22C2A runtime_ms=123234
TABLE_START 3xJ1 runtime_ms=123249
TABLE_START 3xL2(31) runtime_ms=123269
TABLE_START 3xONM8 runtime_ms=123287
TABLE_START 3xL3(7).2 runtime_ms=123307
TABLE_START 3xONM2 runtime_ms=123326
TABLE_START 3x4^3.L3(2) runtime_ms=123343
TABLE_START 3xD8 runtime_ms=123395
TABLE_START 3x5:8 runtime_ms=123406
TABLE_START (3xL2(16):2).2 runtime_ms=123660
TABLE_START [2^20]:(S3xL3(2)) runtime_ms=123686
TABLE_START 2.F4(2)M5 runtime_ms=123794
TABLE_START F4(2)M6 runtime_ms=123852
TABLE_START 2.F4(2)M6 runtime_ms=123868
TABLE_START F4(2)M13 runtime_ms=123912
TABLE_START (L3(2)xL3(2)):2 runtime_ms=123913
TABLE_START 2^(2+11+22).(M24xS3) runtime_ms=123926
TABLE_START 2^[39].(L3(2)x3.S6) runtime_ms=124136
TABLE_START [2^20]:A6.2^2 runtime_ms=124698
TABLE_START [2^22]:(S3xS3):2 runtime_ms=124749
TABLE_START 2F4(2)x2 runtime_ms=124766
TABLE_START (S6wr2).2 runtime_ms=124788
TABLE_START F4(2).2M8 runtime_ms=124824
TABLE_START (L3(2)xL3(2)).4 runtime_ms=124825
TABLE_START 2^(5+10+20).(S3xL5(2)) runtime_ms=124825
TABLE_START 2^4:s5 runtime_ms=125026
TABLE_START 2.M22M5 runtime_ms=125032
TABLE_START 2.S4 runtime_ms=125032
TABLE_START 23:11 runtime_ms=125032
TABLE_START 2^3:sl(3,2) runtime_ms=125037
TABLE_START 2^4:(3xA5).2 runtime_ms=125042
TABLE_START 2^4:a6 runtime_ms=125042
TABLE_START 2.M22M2 runtime_ms=125042
TABLE_START 3.M22M2 runtime_ms=125136
TABLE_START 4.M22M2 runtime_ms=125141
TABLE_START 6.M22M2 runtime_ms=125142
TABLE_START 12.M22M2 runtime_ms=125145
TABLE_START 2^4:3.S6 runtime_ms=125148
TABLE_START 2^4:a7 runtime_ms=125149
TABLE_START 3.2^4:a7 runtime_ms=125150
TABLE_START 3.McLM10 runtime_ms=125151
TABLE_START 2xA7 runtime_ms=125152
TABLE_START 2x(3.A7) runtime_ms=125247
TABLE_START 2.(2xA7) runtime_ms=125283
TABLE_START 2.(2x3.A7) runtime_ms=125325
TABLE_START 3x2^4:s5 runtime_ms=125377
TABLE_START 4.M22M5 runtime_ms=125387
TABLE_START 3x2.M22M5 runtime_ms=125392
TABLE_START 3x4.M22M5 runtime_ms=125398
TABLE_START 2x2^3:L3(2) runtime_ms=125415
TABLE_START 2x2^3:L3(2)x2 runtime_ms=125424
TABLE_START (2xA6).2^2 runtime_ms=125443
TABLE_START 3x2^3:L3(2) runtime_ms=125498
TABLE_START 4.M22M6 runtime_ms=125508
TABLE_START 6x2^3:L3(2) runtime_ms=125517
TABLE_START 3x4.M22M6 runtime_ms=125528
TABLE_START (4xA6).2_3 runtime_ms=125539
TABLE_START 6.M22M7 runtime_ms=125578
TABLE_START 12.M22M7 runtime_ms=125617
TABLE_START 2xL2(11) runtime_ms=125669
TABLE_START 2xL2(11).2 runtime_ms=125687
TABLE_START 3xL2(11) runtime_ms=125704
TABLE_START 2.(2xL2(11)) runtime_ms=125721
TABLE_START 6xL2(11) runtime_ms=125741
TABLE_START 3x2.(2xL2(11)) runtime_ms=125759
TABLE_START McLM10 runtime_ms=125785
TABLE_START 2^4:a8 runtime_ms=125792
TABLE_START 2^6:(psl(3,2)xs3) runtime_ms=125792
TABLE_START 2^6:3.s6 runtime_ms=125793
TABLE_START 2xS5 runtime_ms=125794
TABLE_START 3^2.2.S4 runtime_ms=125824
PROGRESS tables=1600 cases=5458 skipped=0 latest=3^2.2.S4 runtime_ms=125829
TABLE_START 4^2:D12 runtime_ms=125829
TABLE_START 4^2:D12.2 runtime_ms=125830
TABLE_START A4xS3 runtime_ms=125830
TABLE_START M12M7 runtime_ms=125830
TABLE_START M22.2M4 runtime_ms=125831
TABLE_START M8.S4 runtime_ms=125831
TABLE_START S4xS3 runtime_ms=125831
TABLE_START 2xM11 runtime_ms=125836
TABLE_START 2.HSM9 runtime_ms=125849
TABLE_START 2.M12M2 runtime_ms=125862
TABLE_START 2.A11M7 runtime_ms=125873
TABLE_START 2.M12M4 runtime_ms=125886
TABLE_START 2x3^2.2.S4 runtime_ms=126009
TABLE_START 2.M12M7 runtime_ms=126023
TABLE_START 2.M12M8 runtime_ms=126031
TABLE_START 2.M12M9 runtime_ms=126085
TABLE_START 2.M12M10 runtime_ms=126089
TABLE_START 2.A4xS3 runtime_ms=126089
TABLE_START (2^2xSz(8)):3 runtime_ms=126099
TABLE_START (3^2:4xa6).2 runtime_ms=126142
TABLE_START (3^2:4x2.A6).2 runtime_ms=126210
TABLE_START (3xG2(3)):2 runtime_ms=126321
TABLE_START (D10xU3(5)).2 runtime_ms=126391
TABLE_START (a4xpsl(3,4)):2 runtime_ms=126494
TABLE_START 2.(A4xL3(4)).2 runtime_ms=126536
TABLE_START (a6xa5).2 runtime_ms=126536
TABLE_START 2.(2^2xSz(8)):3 runtime_ms=126571
TABLE_START 2.2.2^4+6:S5 runtime_ms=126616
TABLE_START 2xA8 runtime_ms=126620
TABLE_START 2.2^3+8:L3(2) runtime_ms=126716
TABLE_START 2.2^4+6:S5 runtime_ms=126759
TABLE_START 2.2^6:u3(3):2 runtime_ms=126760
TABLE_START 2.RuM1 runtime_ms=126761
TABLE_START 2^(1+8).(A5xA5).2 runtime_ms=126784
TABLE_START 2^1+6.psl(3,2) runtime_ms=126830
TABLE_START 2^1+6.u4q2 runtime_ms=126831
TABLE_START 2.SuzM4 runtime_ms=126832
TABLE_START 2^1+8.a9 runtime_ms=126835
TABLE_START 2^1+8.2.A9 runtime_ms=126837
TABLE_START 2^2+8(a5xs3) runtime_ms=126839
TABLE_START 2.SuzM9 runtime_ms=126840
TABLE_START (2xL3(3)).2 runtime_ms=126843
TABLE_START 2^2.psl(3,4).s3 runtime_ms=126853
TABLE_START 2^3+8:L3(2) runtime_ms=126918
TABLE_START 2^3.2^2.2^6.(3xL3(2)) runtime_ms=126960
TABLE_START 2^4+6:3a6 runtime_ms=126962
TABLE_START 2.SuzM7 runtime_ms=126963
TABLE_START 2^4.s6 runtime_ms=126965
TABLE_START U4(3).2_1M10 runtime_ms=126965
TABLE_START 2^5.S6 runtime_ms=126966
TABLE_START 2.2^4.S6 runtime_ms=126967
TABLE_START 2^4.(S4x2) runtime_ms=126967
TABLE_START 2^5.psl(5,2) runtime_ms=126968
TABLE_START 2^6.U4(2) runtime_ms=126969
TABLE_START 2^6.U4(2).2 runtime_ms=126970
TABLE_START 2^6:u3(3):2 runtime_ms=126971
TABLE_START 2xa6.2^2 runtime_ms=126972
TABLE_START U4(3).(2^2)_{133}M11 runtime_ms=126973
TABLE_START U4(3).(2^2)_{133}M12 runtime_ms=126973
TABLE_START (2xA6.2^2).2 runtime_ms=126974
TABLE_START 2.HSM11 runtime_ms=126974
TABLE_START 3.3^(1+4):2S5 runtime_ms=126975
TABLE_START 3.3^(1+4):4S5 runtime_ms=126978
TABLE_START 2^(1+3):L3(2) runtime_ms=126979
TABLE_START 2^(2+4):(3x3):2 runtime_ms=126980
TABLE_START 3.2^(2+4):(3x3):2 runtime_ms=126980
TABLE_START 2^(1+1+2+2):S3 runtime_ms=126981
TABLE_START 2^(2+4).S3 runtime_ms=126981
TABLE_START 2^(2+4).(S3x2) runtime_ms=126982
TABLE_START 3.ONM5 runtime_ms=126982
TABLE_START 31:15 runtime_ms=127051
TABLE_START 31:30 runtime_ms=127100
TABLE_START 37:18 runtime_ms=127148
TABLE_START 47:23 runtime_ms=127196
TABLE_START 3^(1+4):2S5 runtime_ms=127242
TABLE_START 3^(1+4):4A5 runtime_ms=127284
TABLE_START 3^(1+4):4S5 runtime_ms=127285
TABLE_START 3^(1+6):2^(3+4):3^2:2 runtime_ms=127286
TABLE_START 3^(1+6)_+:2^(3+4):(S3xS3) runtime_ms=127288
TABLE_START 3^(2+4):2A5.D8 runtime_ms=127290
TABLE_START 3^2+4:2(2^2xa4)2 runtime_ms=127291
TABLE_START 3^4:2(A4xA4).4 runtime_ms=127292
TABLE_START 3^4:m10 runtime_ms=127292
TABLE_START 3^5:M10 runtime_ms=127293
TABLE_START 3^4.3^2.Q8 runtime_ms=127294
TABLE_START 3.3^4.3^2.Q8 runtime_ms=127294
TABLE_START 3xL3(4).2_2 runtime_ms=127296
TABLE_START 3x2.A8 runtime_ms=127316
TABLE_START 3xM11 runtime_ms=127460
TABLE_START 3xONM11 runtime_ms=127514
TABLE_START 3x5^(1+2):3:8 runtime_ms=127563
TABLE_START 3^5:2S6 runtime_ms=127641
TABLE_START 3^5:M11 runtime_ms=127689
TABLE_START 3^6.M11 runtime_ms=127689
TABLE_START 3x2.SuzM4 runtime_ms=127692
TABLE_START 2x3^6.M11 runtime_ms=127762
TABLE_START 3x2.J2.2 runtime_ms=127819
TABLE_START 3x2.SuzM7 runtime_ms=127844
TABLE_START 3x2.SuzM9 runtime_ms=127951
TABLE_START 3xIsoclinic(2.M12.2) runtime_ms=128015
PROGRESS tables=1700 cases=5763 skipped=
0 latest=3xIsoclinic(2.M12.2) runtime_ms=128095
TABLE_START 4.2^4.S5 runtime_ms=128095
TABLE_START 2^(1+6)_+:S5 runtime_ms=128136
TABLE_START 2.HSM10 runtime_ms=128137
TABLE_START 4.2^4:(2xS3) runtime_ms=128138
TABLE_START 4.2^4 runtime_ms=128138
TABLE_START S4x2^2 runtime_ms=128139
TABLE_START 4.2^4:S4 runtime_ms=128155
TABLE_START J1x2 runtime_ms=128197
TABLE_START 7^(1+2)_+:(3xD16) runtime_ms=128215
TABLE_START 4^3.L3(2) runtime_ms=128256
TABLE_START (3^2:4xA6).2^2 runtime_ms=128257
TABLE_START 4^3.(L3(2)x2) runtime_ms=128258
TABLE_START 4^3:psl(3,2) runtime_ms=128258
TABLE_START 4^3:(L3(2)x2) runtime_ms=128258
TABLE_START 2.4^3.L3(2) runtime_ms=128259
TABLE_START 4^3:S4 runtime_ms=128260
TABLE_START 5:4xa5 runtime_ms=128260
TABLE_START 5:4xS5 runtime_ms=128261
TABLE_START 5:4x2.A5 runtime_ms=128295
TABLE_START 5:4xA4 runtime_ms=128374
TABLE_START 5:4x2^2 runtime_ms=128425
TABLE_START A4xC4 runtime_ms=128488
TABLE_START D8xV4 runtime_ms=128535
TABLE_START 5^(1+4):2^(1+4).5.4 runtime_ms=128598
TABLE_START 5^(1+4):4S6 runtime_ms=128708
TABLE_START 5^2.5.5^2.4A5 runtime_ms=128709
TABLE_START 5^2:4s5 runtime_ms=128711
TABLE_START 2xU3(5).2 runtime_ms=128712
TABLE_START L2(25).(2x4) runtime_ms=128728
TABLE_START 2x5^2:4S5 runtime_ms=128789
TABLE_START 3.A6.(2x4) runtime_ms=128835
TABLE_START Isoclinic(L2(13).2x2) runtime_ms=128912
TABLE_START 5^3.psl(3,5) runtime_ms=128971
TABLE_START 67:22 runtime_ms=129014
TABLE_START 7:3xpsl(3,2) runtime_ms=129020
TABLE_START 7^2:(3x2S4) runtime_ms=129074
TABLE_START 7^2:2psl(2,7) runtime_ms=129117
TABLE_START LyM6 runtime_ms=129118
TABLE_START ONM5 runtime_ms=129120
TABLE_START ThM7 runtime_ms=129182
TABLE_START ThN3B runtime_ms=129224
TABLE_START s4xpsl(3,2) runtime_ms=129225
TABLE_START 2^(1+6)_+.L3(2).2 runtime_ms=129250
TABLE_START S4xL3(2).2 runtime_ms=129293
TABLE_START 7:6xL3(2) runtime_ms=129304
TABLE_START 2^(1+6)_-.U4(2).2 runtime_ms=129430
TABLE_START 3^5:(M11x2) runtime_ms=129473
TABLE_START J2.2x2 runtime_ms=129474
TABLE_START 2^(4+6):3S6 runtime_ms=129492
TABLE_START (A4xL3(4):2_3):2 runtime_ms=129535
TABLE_START 2^(2+8):(S5xS3) runtime_ms=129583
TABLE_START M12.2x2 runtime_ms=129632
TABLE_START 3^(2+4):2(S4xD8) runtime_ms=129640
TABLE_START (A6:2_2xA5).2 runtime_ms=129682
TABLE_START (3^2:8xA6).2 runtime_ms=129721
TABLE_START 3xG2(4) runtime_ms=129763
TABLE_START 3x2.G2(4) runtime_ms=129787
TABLE_START 2xU5(2) runtime_ms=129865
TABLE_START 3xU5(2) runtime_ms=129924
TABLE_START 3x2^(1+6)_-.U4(2) runtime_ms=129994
TABLE_START 3xJ2.2 runtime_ms=130153
TABLE_START 3x2^(4+6).3A6 runtime_ms=130176
TABLE_START (A4x3.L3(4)).2 runtime_ms=130271
TABLE_START 3x2^(2+8):(A5xS3) runtime_ms=130277
TABLE_START 3xM12.2 runtime_ms=130329
TABLE_START 3.3^(2+4):2(A4x2^2).2 runtime_ms=130337
TABLE_START (3.A6xA5):2 runtime_ms=130386
TABLE_START (3^(1+2):4xA6).2 runtime_ms=130424
TABLE_START 3xL3(3).2 runtime_ms=130535
TABLE_START 3xL2(25) runtime_ms=130591
TABLE_START (3xG2(4)).2 runtime_ms=130711
TABLE_START (3xU5(2)).2 runtime_ms=130829
TABLE_START (3x2^(1+6)_-.U4(2)).2 runtime_ms=130942
TABLE_START 3^6:(M11x2) runtime_ms=131042
TABLE_START S3xJ2.2 runtime_ms=131045
TABLE_START (3x2^(4+6):3A6).2 runtime_ms=131062
TABLE_START (A4x3.L3(4).2_3).2 runtime_ms=131158
TABLE_START (3x2^(2+8):(A5xS3)).2 runtime_ms=131256
TABLE_START S3xM12.2 runtime_ms=131374
TABLE_START 3.3^(2+4):2(S4xD8) runtime_ms=131383
TABLE_START (3.A6.2_2xA5):2 runtime_ms=131432
TABLE_START (3^(1+2):8xA6).2 runtime_ms=131553
TABLE_START (3xL2(25)).2_2 runtime_ms=131668
TABLE_START 3^4:(M10x2) runtime_ms=131775
TABLE_START 2x3^5:M11 runtime_ms=131819
TABLE_START 2.SuzM11 runtime_ms=131867
TABLE_START 6.SuzM8 runtime_ms=131870
TABLE_START 6.SuzM11 runtime_ms=131882
TABLE_START 3x(2xL3(3)).2 runtime_ms=131966
TABLE_START 3x2.L2(25) runtime_ms=132031
TABLE_START (3^(1+2):4x2.A6).2 runtime_ms=132089
TABLE_START (A6x2.A5).2 runtime_ms=132205
TABLE_START (3.A6x2.A5).2 runtime_ms=132284
TABLE_START 2xU5(2).2 runtime_ms=132370
TABLE_START Isoclinic(S8x2) runtime_ms=132432
TABLE_START Isoclinic(U3(5).2x2) runtime_ms=132509
TABLE_START 2.HSM3 runtime_ms=132569
TABLE_START 2^(1+8)_+.(A5xA5).2^2 runtime_ms=132631
TABLE_START 5:4xU3(5):2 runtime_ms=132738
TABLE_START 5^(1+4)_+:(4Y2^(1+4)_-.5.4) runtime_ms=132786
PROGRESS tables=1800 cases=6082 skipped=
0 latest=5^(1+4)_+:(4Y2^(1+4)_-.5.4) runtime_ms=132836
TABLE_START (S6xS6).2^2 runtime_ms=132836
TABLE_START 2^3.2^2.2^6.(S3xL3(2)) runtime_ms=132838
TABLE_START 5^2.5.5^2.4S5 runtime_ms=132839
TABLE_START 3^4:2(S4xS4).2 runtime_ms=132840
TABLE_START HN.2M13 runtime_ms=132841
TABLE_START (A4xG2(4)):2 runtime_ms=132842
TABLE_START (A5xJ2):2 runtime_ms=132934
TABLE_START (A6xU3(3)):2 runtime_ms=133027
TABLE_START (A7xL2(7)):2 runtime_ms=133125
TABLE_START (D10x(A5xA5).2).2 runtime_ms=133205
TABLE_START 2.2^11:M24 runtime_ms=133235
TABLE_START 2^(1+8)+.O8+(2) runtime_ms=133242
TABLE_START 2^(2+12):(A8xS3) runtime_ms=133247
TABLE_START 2^(4+10)(S5xS3) runtime_ms=133254
TABLE_START 2^(4+12).(S3x3S6) runtime_ms=133259
TABLE_START 2^1+4+6.a8 runtime_ms=133266
TABLE_START 2^1+8:s6f2 runtime_ms=133270
TABLE_START 2^10:m22:2 runtime_ms=133273
TABLE_START 2^11:M24 runtime_ms=133276
TABLE_START 2^2.[2^7*3^2].S3 runtime_ms=133278
TABLE_START 2^4.a8 runtime_ms=133279
TABLE_START 2xm12 runtime_ms=133280
TABLE_START 3^(3+4):2(S4xS4) runtime_ms=133291
TABLE_START 3^1+4:2^1+4.s5 runtime_ms=133321
TABLE_START 3^1+4:4s6 runtime_ms=133322
TABLE_START 3^5:(2xm11) runtime_ms=133323
TABLE_START 3^6:2M12 runtime_ms=133324
TABLE_START 5^(1+2):GL2(5) runtime_ms=133326
TABLE_START 5^2:2A5 runtime_ms=133326
TABLE_START 5^3:(4xS5) runtime_ms=133327
TABLE_START A9xS3 runtime_ms=133328
TABLE_START a4xs5 runtime_ms=133363
TABLE_START s3xpsl(2,8).3 runtime_ms=133428
TABLE_START 2xCo2 runtime_ms=133457
TABLE_START 2xCo3 runtime_ms=133479
TABLE_START 2xU6(2).3.2 runtime_ms=133525
TABLE_START 2x3^6:2.M12 runtime_ms=133656
TABLE_START 2.A9xS3 runtime_ms=133694
TABLE_START 2x5^2:2A5 runtime_ms=133761
TABLE_START (2^2x2^(1+8)).(3xU4(2)).2 runtime_ms=133793
TABLE_START (3xO8+(3):3):2 runtime_ms=133858
TABLE_START (A4xO8+(2).3).2 runtime_ms=133996
TABLE_START (A5xA9):2 runtime_ms=134191
TABLE_START 29:14 runtime_ms=134308
TABLE_START 2^(5+8):(S3xA6) runtime_ms=134435
TABLE_START 2^(1+5+8).(S3xA6) runtime_ms=134496
TABLE_START 2x2F4(2)' runtime_ms=134500
TABLE_START 2^(6+8):(A7xS3) runtime_ms=134522
TABLE_START 2x3.O7(3) runtime_ms=134591
TABLE_START 6.Fi22M3 runtime_ms=134630
TABLE_START 2xO7(3) runtime_ms=134733
TABLE_START 2.Fi22M3 runtime_ms=134809
TABLE_START 3^(1+8).2^(1+6).3^(1+2).2S4 runtime_ms=134885
TABLE_START 7:6xA7 runtime_ms=134947
TABLE_START A6xL2(8):3 runtime_ms=134982
TABLE_START Fi23M8 runtime_ms=135084
TABLE_START S3xO7(3) runtime_ms=135212
TABLE_START S3xU4(3).(2^2)_{122} runtime_ms=135231
TABLE_START 2xS3xU4(3).(2^2)_{122} runtime_ms=135379
TABLE_START S3x2.U4(3).2_2 runtime_ms=135612
TABLE_START 2xS3x2.U4(3).2_2 runtime_ms=135825
TABLE_START S3xU4(3).2_2 runtime_ms=136068
TABLE_START 2xS3xU4(3).2_2 runtime_ms=136277
TABLE_START S4xS6(2) runtime_ms=136492
TABLE_START O8+(2):S3x2 runtime_ms=136585
TABLE_START 3xO8+(2):S3 runtime_ms=136754
TABLE_START 6xO8+(2):S3 runtime_ms=136872
TABLE_START 2x2.U4(3).2_2 runtime_ms=137034
TABLE_START 2^2.U4(3).(2^2)_{122} runtime_ms=137179
TABLE_START 2xU4(3).(2^2)_{122} runtime_ms=137532
TABLE_START 3x2.U4(3).(2^2)_{122} runtime_ms=137678
TABLE_START (S3x2.U4(3).2_2).2 runtime_ms=137905
TABLE_START (2x2^(1+8)):U4(2):2 runtime_ms=138419
TABLE_START (2x2^(1+8)):(U4(2):2x2) runtime_ms=138480
TABLE_START 2.(2x2^(1+8)):U4(2):2 runtime_ms=138487
TABLE_START 3x(2x2^(1+8)):U4(2):2 runtime_ms=138493
TABLE_START 3xA10.2 runtime_ms=138526
TABLE_START 3xM12 runtime_ms=138628
TABLE_START 3.(2x2^(1+8)):(U4(2):2x2) runtime_ms=138698
TABLE_START 3x2F4(2)' runtime_ms=138852
TABLE_START Fi22.2M4 runtime_ms=138940
TABLE_START 2.(3^(1+6):2^(3+4):3^2:2) runtime_ms=139002
TABLE_START 2^12.3_1.U4(3).2_2' runtime_ms=139005
TABLE_START 2^(1+12).3_1.U4(3).2_2' runtime_ms=139009
TABLE_START 2^12.3^2.U4(3).2_2' runtime_ms=139016
TABLE_START 3.2^(1+12).3U4(3).2 runtime_ms=139054
TABLE_START 3^3.[3^10].GL3(3) runtime_ms=139119
TABLE_START 2^12.M24 runtime_ms=139129
TABLE_START 3xFi23 runtime_ms=139135
TABLE_START 2^(5+8):(S3xS6) runtime_ms=139236
TABLE_START 3^5:(2xU4(2).2) runtime_ms=139303
TABLE_START 2.[2^6]:(S3xS3) runtime_ms=139306
TABLE_START 2^5:S6 runtime_ms=139325
TABLE_START 2^6:L3(2) runtime_ms=139326
TABLE_START S3xS6 runtime_ms=139416
TABLE_START (2^6x2^8):S6(2) runtime_ms=139529
TABLE_START (2^(1+8)x2^6):S6(2) runtime_ms=139554
TABLE_START 2.F4(2)M1 runtime_ms=139564
TABLE_START F4(2)M2 runtime_ms=139590
TABLE_START 2.F4(2)M2 runtime_ms=139598
PROGRESS tables=1900 cases=6463 skipped=0 latest=2.F4(2)M2 runtime_ms=139622
TABLE_START 3^6:L3(3) runtime_ms=139622
TABLE_START 3^(3+4):2(S4xA4) runtime_ms=139624
TABLE_START A4xU4(2) runtime_ms=139628
TABLE_START 2.(A4xU4(2)) runtime_ms=139647
TABLE_START 2^(2+6):3^3:S3 runtime_ms=139693
TABLE_START 2xU3(3).2 runtime_ms=139713
TABLE_START (2x3.A6).2 runtime_ms=139728
TABLE_START (2xL3(2)).2 runtime_ms=139775
TABLE_START (3xM10):2 runtime_ms=139795
TABLE_START 11:10 runtime_ms=139807
TABLE_START 13:6 runtime_ms=139810
TABLE_START 19:18 runtime_ms=139828
TABLE_START 19:6 runtime_ms=139843
TABLE_START 2.J2M8 runtime_ms=139855
TABLE_START 2A4xA5 runtime_ms=139864
TABLE_START 2A5xD10 runtime_ms=139910
TABLE_START (2.A5xD10).2 runtime_ms=139955
TABLE_START 2^(1+4).S5 runtime_ms=140035
TABLE_START 2^(2+4):(S3xS3) runtime_ms=140047
TABLE_START 2^1+4b:a5 runtime_ms=140047
TABLE_START 2^2+4.3xs3 runtime_ms=140047
TABLE_START 2^{1+4}_-:2A5 runtime_ms=140048
TABLE_START 2^{3+4}:(3xS3) runtime_ms=140048
TABLE_START 2xA5 runtime_ms=140049
TABLE_START 2xU3(3) runtime_ms=140081
TABLE_START 37:12 runtime_ms=140107
TABLE_START 3^2.3^(1+2):8.2 runtime_ms=140119
TABLE_START 3x2^4:(3xA5) runtime_ms=140119
TABLE_START 3xL2(16).2 runtime_ms=140138
TABLE_START 3xL2(19) runtime_ms=140154
TABLE_START 3xL2(17) runtime_ms=140178
TABLE_START 43:14 runtime_ms=140199
TABLE_START 5^2:D12 runtime_ms=140211
TABLE_START 7:6 runtime_ms=140213
TABLE_START D6xD10 runtime_ms=140215
TABLE_START (2^2xA5):2 runtime_ms=140231
TABLE_START 2^3.(S4x2) runtime_ms=140290
TABLE_START F3+M7 runtime_ms=140301
TABLE_START J4M4 runtime_ms=140305
TABLE_START L2(17)x2 runtime_ms=140310
TABLE_START a4xa5 runtime_ms=140323
TABLE_START a5xd10 runtime_ms=140334
TABLE_START D10xA5 runtime_ms=140366
TABLE_START c2aj4 runtime_ms=140409
TABLE_START frob runtime_ms=140426
TABLE_START j3m4 runtime_ms=140427
TABLE_START j3m6 runtime_ms=140427
TABLE_START 2^10:L5(2) runtime_ms=140466
TABLE_START O10+(2)M4 runtime_ms=140544
TABLE_START (3xO8-(2)):2 runtime_ms=140547
TABLE_START (A5xU4(2)):2 runtime_ms=140605
TABLE_START mx1j4 runtime_ms=140680
TABLE_START (A4xA5):2 runtime_ms=140693
TABLE_START (A5xD10).2 runtime_ms=140747
TABLE_START (D10xA5).2 runtime_ms=140828
TABLE_START O8+(2)N5C runtime_ms=140909
TABLE_START (A5xA5):2 runtime_ms=140991
TABLE_START (2.A5xA5):2 runtime_ms=141037
TABLE_START L3(2).2x2 runtime_ms=141084
TABLE_START 3^5.U4(2) runtime_ms=141108
TABLE_START 3.3^5.U4(2) runtime_ms=141274
TABLE_START C9Y3.3^5.U4(2) runtime_ms=141277
TABLE_START 2^24.Co1 runtime_ms=141732
TABLE_START 2^1+24.Co1 runtime_ms=141778
TABLE_START 2^1+24.2.Co1 runtime_ms=141840
TABLE_START 2xF4(2) runtime_ms=142093
TABLE_START 2^2xF4(2) runtime_ms=142127
TABLE_START 2xF4(2).2 runtime_ms=142384
TABLE_START (2^2xF4(2)):2 runtime_ms=142647
TABLE_START 2x2.F4(2) runtime_ms=143141
TABLE_START 2^2.2E6(2)M4 runtime_ms=143373
TABLE_START 2^2.2E6(2)M5 runtime_ms=143672
TABLE_START 2.2E6(2)M5 runtime_ms=143905
TABLE_START 2E6(2)M4 runtime_ms=144163
TABLE_START 2E6(2)M5 runtime_ms=144351
TABLE_START S3xFi22.2 runtime_ms=144538
TABLE_START 2xFi22 runtime_ms=144826
TABLE_START 2xFi22.2 runtime_ms=145016
TABLE_START 2x2.Fi22 runtime_ms=145282
TABLE_START 2^2.2E6(2)M8 runtime_ms=145486
TABLE_START 2^2.2E6(2)M9 runtime_ms=145755
TABLE_START 2.2E6(2)M9 runtime_ms=145962
TABLE_START 2E6(2)M8 runtime_ms=146148
TABLE_START 2E6(2)M9 runtime_ms=146387
TABLE_START (L3(2)xL3(4)).2 runtime_ms=146564
TABLE_START (L3(2)xL3(4).2_2).2 runtime_ms=146776
TABLE_START 2E6(2)N3C runtime_ms=146994
TABLE_START 2E6(2).2N3C runtime_ms=147225
TABLE_START 2^2.Fi22.2 runtime_ms=147228
TABLE_START 3x2.Fi22.2 runtime_ms=147463
TABLE_START (S3x2.Fi22).2 runtime_ms=147827
TABLE_START 2xFi23 runtime_ms=148601
TABLE_START 2xTh runtime_ms=148815
TABLE_START S3xTh runtime_ms=149075
TABLE_START (3^2:D8xU4(3).2^2).2 runtime_ms=149278
TABLE_START 2x47:23 runtime_ms=149866
TABLE_START 59:29 runtime_ms=150160
TABLE_START 41:40 runtime_ms=150334
TABLE_START L3(3)xD8 runtime_ms=150565
TABLE_START 5:4xHS.2 runtime_ms=150737
PROGRESS tables=2000 cases=6866 skipped=0 latest=5:4xHS.2 runtime_ms=150959
TABLE_START S4x2F4(2)'.2 runtime_ms=150959
TABLE_START A5.2xM22.2 runtime_ms=151215
TABLE_START 5^2:4S4xS5 runtime_ms=151418
TABLE_START 3^(3+6):(L3(3)xD8) runtime_ms=151702
TABLE_START 3^6.L4(3).D8 runtime_ms=151864
TABLE_START 2^2.(U3(3).2xS4) runtime_ms=151873
TABLE_START 3^(1+8).2^(1+6).U4(2).2 runtime_ms=151876
TABLE_START 3^2.3^3.3^6.(S4x2S4) runtime_ms=151886
TABLE_START (S6xL3(4).2).2 runtime_ms=151891
TABLE_START 5^(1+4).2^(1+4).A5.4 runtime_ms=151988
TABLE_START (S6xS6).4 runtime_ms=152212
TABLE_START (D10xHN).2 runtime_ms=152213
TABLE_START 7^(1+4):(3x2.S7) runtime_ms=152350
TABLE_START 2^(10+16).O10+(2) runtime_ms=152515
TABLE_START 3^8.O8-(3).2_3 runtime_ms=152602
TABLE_START (3^2:2xO8+(3)).S4 runtime_ms=152621
TABLE_START (2xO8+(3)).S4 runtime_ms=152655
TABLE_START 3^(2+5+10).(M11x2S4) runtime_ms=152716
TABLE_START 3^(3+2+6+6):(L3(3)xSD16) runtime_ms=152737
TABLE_START (3^(1+2)+x3^2):2S4 runtime_ms=152755
TABLE_START G2(3)M4 runtime_ms=152757
TABLE_START 2^(1+4)+:3^2.2 runtime_ms=152758
TABLE_START A5xA5 runtime_ms=152758
TABLE_START 2.(A5xA5).2 runtime_ms=152786
TABLE_START 2^(5+5):31 runtime_ms=152788
TABLE_START 41:4 runtime_ms=152790
TABLE_START 25:4 runtime_ms=152852
TABLE_START D62 runtime_ms=152854
TABLE_START D24 runtime_ms=152857
TABLE_START D20 runtime_ms=152861
TABLE_START S3xU4(2) runtime_ms=152869
TABLE_START 2xU4(3).2_2 runtime_ms=152883
TABLE_START 2x3_1.U4(3).2_2 runtime_ms=152961
TABLE_START O8+(3)M14 runtime_ms=153056
TABLE_START (A4xU4(2)):2 runtime_ms=153075
TABLE_START O8+(3)M19 runtime_ms=153119
TABLE_START O8+(3)M20 runtime_ms=153180
TABLE_START O8+(3)M21 runtime_ms=153239
TABLE_START O8+(3)M22 runtime_ms=153298
TABLE_START O8+(3)M23 runtime_ms=153357
TABLE_START (A6xA6):2^2 runtime_ms=153417
TABLE_START O8+(3)M25 runtime_ms=153432
TABLE_START O8+(3)M26 runtime_ms=153433
TABLE_START (A4wr2^2):2 runtime_ms=153433
TABLE_START O8+(3)M27 runtime_ms=153435
TABLE_START 2^8.A9 runtime_ms=153439
TABLE_START 2..11.m23 runtime_ms=153441
TABLE_START 2.2^8.f20 runtime_ms=153449
TABLE_START 2^10:(2^5:s5) runtime_ms=153449
TABLE_START 2^2.2^8:s3 runtime_ms=153456
TABLE_START 2.[2^9]:5:4 runtime_ms=153456
TABLE_START 2^2.[2^9]:S3 runtime_ms=153457
TABLE_START 2^6:u3(3) runtime_ms=153458
TABLE_START 2^{1+6}:3^{1+2}:2A4 runtime_ms=153460
TABLE_START 2^(4+4):(3xA5) runtime_ms=153461
TABLE_START 3^4:S5 runtime_ms=153462
TABLE_START 3.s7x2 runtime_ms=153463
TABLE_START 4.s4 runtime_ms=153494
TABLE_START 4^2:s3 runtime_ms=153501
TABLE_START A11Syl2 runtime_ms=153501
TABLE_START a4 runtime_ms=153501
TABLE_START 2.L2(3) runtime_ms=153502
TABLE_START a5wc2 runtime_ms=153502
TABLE_START S4(4)M6 runtime_ms=153502
TABLE_START affine runtime_ms=153503
TABLE_START b33141 runtime_ms=153503
TABLE_START bd10 runtime_ms=153504
TABLE_START bd6 runtime_ms=153504
TABLE_START bd8 runtime_ms=153506
TABLE_START M22C2A runtime_ms=153514
TABLE_START M24C2B runtime_ms=153521
TABLE_START c3d2 runtime_ms=153522
TABLE_START D120 runtime_ms=153522
TABLE_START esp43t runtime_ms=153529
TABLE_START j2nd2 runtime_ms=153592
TABLE_START 2^10:m22 runtime_ms=153610
TABLE_START 2.Fi22M5 runtime_ms=153621
TABLE_START 3.Fi22M5 runtime_ms=153623
TABLE_START 6.Fi22M5 runtime_ms=153632
TABLE_START 2^6:s6f2 runtime_ms=153650
TABLE_START f22s2 runtime_ms=153651
TABLE_START g61 runtime_ms=153655
TABLE_START g61s1 runtime_ms=153658
TABLE_START g72x16 runtime_ms=153661
TABLE_START ghh runtime_ms=153663
TABLE_START gl25 runtime_ms=153693
TABLE_START group2 runtime_ms=153765
TABLE_START group3 runtime_ms=153765
TABLE_START group5 runtime_ms=153766
TABLE_START group6 runtime_ms=153767
TABLE_START gs4 runtime_ms=153767
TABLE_START h4 runtime_ms=153774
TABLE_START hed3 runtime_ms=153784
TABLE_START hess runtime_ms=153784
TABLE_START hsd2 runtime_ms=153785
TABLE_START m12d2 runtime_ms=153829
TABLE_START mo61 runtime_ms=153843
TABLE_START 2^4:(S3xS3) runtime_ms=153868
TABLE_START mo62 runtime_ms=153878
TABLE_START mo62p runtime_ms=153879
PROGRESS tables=2100 cases=7160 skipped=0 latest=mo62p runtime_ms=153957
TABLE_START mo81 runtime_ms=153957
TABLE_START 2^6:A8 runtime_ms=154016
TABLE_START 2^(1+6)_+.A8 runtime_ms=154027
TABLE_START ons1 runtime_ms=154028
TABLE_START S3xU4(3) runtime_ms=154073
TABLE_START P1L62 runtime_ms=154160
TABLE_START 2^6:L6(2) runtime_ms=154233
TABLE_START P1L82 runtime_ms=154260
TABLE_START P2L62 runtime_ms=154295
TABLE_START 2^10:(L5(2)xS3) runtime_ms=154297
TABLE_START P3L62 runtime_ms=154306
TABLE_START 2^12:(L4(2)xL3(2)) runtime_ms=154308
TABLE_START P2L82 runtime_ms=154316
TABLE_START L3(4)Syl2 runtime_ms=154369
TABLE_START M23C2A runtime_ms=154385
TABLE_START U72CT runtime_ms=154427
TABLE_START pap runtime_ms=154456
TABLE_START V4 runtime_ms=154484
TABLE_START Q8 runtime_ms=154499
TABLE_START M24C2A runtime_ms=154500
TABLE_START s2wrs2 runtime_ms=154543
TABLE_START s2wrs3 runtime_ms=154559
TABLE_START s2wrs4 runtime_ms=154578
TABLE_START s2wrs5 runtime_ms=154593
TABLE_START s3wrs2 runtime_ms=154594
TABLE_START s3wrs3 runtime_ms=154594
TABLE_START s4 runtime_ms=154595
TABLE_START A6M5 runtime_ms=154595
TABLE_START s4wrs2 runtime_ms=154595
TABLE_START s5wrs2 runtime_ms=154596
TABLE_START S4wrS3 runtime_ms=154596
TABLE_START S3wrS4 runtime_ms=154617
TABLE_START 2^6:S6 runtime_ms=154623
TABLE_START A8.2N2 runtime_ms=154639
TABLE_START s61p runtime_ms=154646
TABLE_START sl25ex runtime_ms=154665
TABLE_START D8x3^2:Q8 runtime_ms=154681
TABLE_START suzd2 runtime_ms=154713
TABLE_START suzdx runtime_ms=154822
TABLE_START suzs2 runtime_ms=154939
TABLE_START twd5a runtime_ms=154955
TABLE_START w(d4) runtime_ms=154955
TABLE_START w(d5) runtime_ms=154958
TABLE_START w(f4) runtime_ms=154989
TABLE_START 2^4:3^2:4 runtime_ms=155004
TABLE_START 2^6:3^(1+2).D8 runtime_ms=155048
TABLE_START 3^(1+4):4S4 runtime_ms=155048
TABLE_START 2^(4+4).(S3xS3).2 runtime_ms=155049
TABLE_START 2.2^(2+2).2^(1+1+2+2):S4 runtime_ms=155049
TABLE_START 2^(2+1+2).2^(1+1+2).2^2.S4 runtime_ms=155050
TABLE_START 2^(4+10).(S4xS3) runtime_ms=155051
TABLE_START 5^(1+4):4.3^2:D8 runtime_ms=155055
TABLE_START 2^11.2^6.3^(1+2).D8 runtime_ms=155057
TABLE_START 2^(4+12).(S3x3^(1+2)_+:D8) runtime_ms=155061
TABLE_START 3^(1+10)_+:2^(1+6)_-:3^(1+2)_+:2S4 runtime_ms=155067
TABLE_START 3^(1+10)_+:(2x2^(1+6)_-:3^(1+2)_+:2S4) runtime_ms=155073
TABLE_START 2^12:Sz(8) runtime_ms=155092
TABLE_START 2^10:M22' runtime_ms=155095
TABLE_START 2^12:J2 runtime_ms=155096
TABLE_START 2.B runtime_ms=155097
TABLE_START B runtime_ms=155173
TABLE_START M runtime_ms=155209
TABLE_START (3^2:2xG2(3)).2 runtime_ms=155270
TABLE_START (3xA6).2_1 runtime_ms=155356
TABLE_START (A6xA6).D8 runtime_ms=155405
TABLE_START 2.(A4xA4) runtime_ms=155406
TABLE_START 2.2^(2+8).(3xA5) runtime_ms=155407
TABLE_START 2F4(8) runtime_ms=155409
TABLE_START 2^(1+6)_-3.3.3^2:2 runtime_ms=155428
TABLE_START 2^(2+8):(3xA5) runtime_ms=155428
TABLE_START 2^(4+6):(A5x3) runtime_ms=155429
TABLE_START 2^(4+8):(S3xA5) runtime_ms=155430
TABLE_START 2^5:L5(2) runtime_ms=155431
TABLE_START 2^6:U4(2) runtime_ms=155433
TABLE_START 2^8:O8-(2) runtime_ms=155596
TABLE_START 2^9.L3(4) runtime_ms=155647
TABLE_START 2.U6(2)M3 runtime_ms=155648
TABLE_START 3.U6(2)M3 runtime_ms=155649
TABLE_START 6.U6(2)M3 runtime_ms=155654
TABLE_START 2^2.U6(2)M3 runtime_ms=155666
TABLE_START (2^2x3).U6(2)M3 runtime_ms=155669
TABLE_START 2xS6(2) runtime_ms=155688
TABLE_START 3.ONM6 runtime_ms=155710
TABLE_START 3^(1+4).2U4(2) runtime_ms=155757
TABLE_START 3^(1+4).2U4(2).2 runtime_ms=155764
TABLE_START 3^3.S4 runtime_ms=155769
TABLE_START 3^3:A4 runtime_ms=155769
TABLE_START 3^4.2U4(2) runtime_ms=155770
TABLE_START 3^4.2U4(2).2 runtime_ms=155771
TABLE_START 3^4:(2xA5) runtime_ms=155771
TABLE_START 3^4:A6 runtime_ms=155772
TABLE_START 2x3^4:A6 runtime_ms=155772
TABLE_START 3^4:2.A6 runtime_ms=155823
TABLE_START 2.(2x3^4:A6) runtime_ms=155823
TABLE_START 4.3^(1+4)_+.2S4 runtime_ms=155833
TABLE_START 3^2.(3^4:A6) runtime_ms=155882
TABLE_START 3^2.(3^(1+4)_+.2S4) runtime_ms=155887
TABLE_START 3^6:L4(3) runtime_ms=155892
TABLE_START O8+(3)M8 runtime_ms=155896
TABLE_START O8+(3)M9 runtime_ms=155899
PROGRESS tables=2200 cases=7485 skipped=0 latest=O8+(3)M9 runtime_ms=155902
TABLE_START 3^7.O7(3) runtime_ms=155902
TABLE_START 5^(1+4):GL(2,5) runtime_ms=155910
TABLE_START 6xU5(2) runtime_ms=155912
TABLE_START 7^2:2.L2(7).2 runtime_ms=156030
TABLE_START (7^2)b:2.L2(7).2 runtime_ms=156077
TABLE_START A6.D8 runtime_ms=156077
TABLE_START D8xL4(3).2_2 runtime_ms=156078
TABLE_START M22.2M3 runtime_ms=156108
TABLE_START O7(3).2x2 runtime_ms=156155
TABLE_START O8-(3).2_1M4 runtime_ms=156177
TABLE_START S4xU4(2).2 runtime_ms=156247
TABLE_START O8-(3)M8 runtime_ms=156310
TABLE_START 2^6:U4(2).2 runtime_ms=156374
TABLE_START (S3xS3):2xS5 runtime_ms=156529
TABLE_START 2^3.L3(2) runtime_ms=156620
TABLE_START S8(2)M3 runtime_ms=156711
TABLE_START 2^10.A8 runtime_ms=156761
TABLE_START (S6xS6):2 runtime_ms=156763
TABLE_START 2^(3+8):(S3xS6) runtime_ms=156796
TABLE_START S3xS6(2) runtime_ms=156851
TABLE_START 2xS3xS6(2) runtime_ms=156873
TABLE_START 2^(6+6):(S3xL3(2)) runtime_ms=156956
TABLE_START 2^8:S6(2) runtime_ms=157010
TABLE_START 2^6:S8 runtime_ms=157012
TABLE_START 2^(1+4).S3 runtime_ms=157013
TABLE_START 2x3.A6 runtime_ms=157014
TABLE_START 7^1+2.6 runtime_ms=157044
TABLE_START M12C4 runtime_ms=157094
TABLE_START 1/2(8xS3) runtime_ms=157094
TABLE_START (2^2x3).2 runtime_ms=157094
TABLE_START 4.2^2 runtime_ms=157094
TABLE_START (4xA6).2^2 runtime_ms=157095
TABLE_START 5^1+2.2A4 runtime_ms=157096
TABLE_START 13^1+2.2A4 runtime_ms=157097
TABLE_START 7^1+4.2A7 runtime_ms=157102
TABLE_START 7xL2(8) runtime_ms=157114
TABLE_START (7xL2(8)).3 runtime_ms=157128
TABLE_START O7(3)N3A runtime_ms=157307
TABLE_START 2^6:A7 runtime_ms=157355
TABLE_START 2^8:S8 runtime_ms=157432
TABLE_START 2^(1+8):S8 runtime_ms=157479
TABLE_START 2^6:S5 runtime_ms=157481
TABLE_START L3(2)wr2 runtime_ms=157482
TABLE_START O10+(3) runtime_ms=157489
TABLE_START 2.O7(3) runtime_ms=157603
TABLE_START 2.O7(3).2 runtime_ms=157615
TABLE_START Isoclinic(2.O7(3).2) runtime_ms=157623
TABLE_START 3.O7(3) runtime_ms=157638
TABLE_START 3.Fi22M3 runtime_ms=157646
TABLE_START 3.O7(3).2 runtime_ms=157652
TABLE_START 6.O7(3) runtime_ms=157658
TABLE_START 6.O7(3).2 runtime_ms=157672
TABLE_START Isoclinic(6.O7(3).2) runtime_ms=157683
TABLE_START Fi22M3 runtime_ms=157706
TABLE_START O7(3) runtime_ms=157707
TABLE_START O8+(3)M2 runtime_ms=157708
TABLE_START O8+(3)M3 runtime_ms=157710
TABLE_START O8+(3)M4 runtime_ms=157711
TABLE_START O8+(3)M5 runtime_ms=157713
TABLE_START O8+(3)M6 runtime_ms=157714
TABLE_START O7(3).2 runtime_ms=157716
TABLE_START O8-(3)M3 runtime_ms=157718
TABLE_START 2.O8+(2) runtime_ms=157722
TABLE_START 2.O8+(2).2 runtime_ms=157758
TABLE_START Isoclinic(2.O8+(2).2) runtime_ms=157762
TABLE_START 2^2.O8+(2) runtime_ms=157773
TABLE_START 2^2.O8+(2).2 runtime_ms=157778
TABLE_START 2^2.O8+(2).3 runtime_ms=157783
TABLE_START 2^2.O8+(2).3.2 runtime_ms=157787
TABLE_START O8+(2) runtime_ms=157793
TABLE_START O8+(3)M11 runtime_ms=157793
TABLE_START O8+(3)M12 runtime_ms=157795
TABLE_START O8+(3)M13 runtime_ms=157796
TABLE_START O8+(2).2 runtime_ms=157797
TABLE_START O8+(2).3 runtime_ms=157798
TABLE_START O8+(2).3.2 runtime_ms=157799
TABLE_START F4(2)M8 runtime_ms=157801
TABLE_START O8+(3) runtime_ms=157802
TABLE_START O8+(3).2_1 runtime_ms=157806
TABLE_START O8+(3).2_1' runtime_ms=157812
TABLE_START O8+(3).2_1'' runtime_ms=157817
TABLE_START O8+(3).2_2 runtime_ms=157823
TABLE_START O8+(3).2_2' runtime_ms=157828
TABLE_START O8+(3).3 runtime_ms=157833
TABLE_START O8+(3).3.2 runtime_ms=157837
TABLE_START O8+(3).4 runtime_ms=157842
TABLE_START O8+(3).(2^2)_{111} runtime_ms=157849
TABLE_START O8+(3).(2^2)_{122} runtime_ms=157863
TABLE_START O8+(3).D8 runtime_ms=157876
TABLE_START O8+(3).A4 runtime_ms=157888
TABLE_START O8+(3).S4 runtime_ms=157894
TABLE_START 2.O8+(3) runtime_ms=157909
TABLE_START 2^2.O8+(3) runtime_ms=157918
TABLE_START 2^2.O8+(3).3 runtime_ms=157946
TABLE_START O10+(2) runtime_ms=157957
TABLE_START O10+(2).2 runtime_ms=157991
TABLE_START O10-(2) runtime_ms=158001
TABLE_START O10-(2).2 runtime_ms=158009
TABLE_START O8-(2) runtime_ms=158018
TABLE_START O8-(2).2 runtime_ms=158019
PROGRESS tables=2300 cases=7900 skipped=0 latest=O8-(2).2 runtime_ms=158021
TABLE_START O8-(3) runtime_ms=158021
TABLE_START 2.O8-(3) runtime_ms=158027
TABLE_START O8-(3).2_1 runtime_ms=158043
TABLE_START O8-(3).2_2 runtime_ms=158055
TABLE_START O8-(3).2_3 runtime_ms=158068
TABLE_START O8-(3).2^2 runtime_ms=158074
TABLE_START O12-(2) runtime_ms=158086
TABLE_START O12-(2).2 runtime_ms=158151
TABLE_START O12+(2) runtime_ms=158234
TABLE_START O12+(2).2 runtime_ms=158303
TABLE_START O7(5) runtime_ms=158435
TABLE_START O7(5).2 runtime_ms=158474
TABLE_START O9(3) runtime_ms=158502
TABLE_START 2.O9(3) runtime_ms=158521
TABLE_START O10-(3) runtime_ms=158560
TABLE_START 2.O10-(3) runtime_ms=158606
TABLE_START O8+(7) runtime_ms=158697
TABLE_START 2.O8+(7) runtime_ms=159660
TABLE_START O12+(3) runtime_ms=161761
TABLE_START 2_1.O12+(3) runtime_ms=162864
TABLE_START O12-(3) runtime_ms=164487
TABLE_START 2.HS runtime_ms=165877
TABLE_START 2.HS.2 runtime_ms=165891
TABLE_START Isoclinic(2.HS.2) runtime_ms=165893
TABLE_START HS.2x2 runtime_ms=165898
TABLE_START Isoclinic(2.HSx2) runtime_ms=165904
TABLE_START 4.HS.2 runtime_ms=165930
TABLE_START 2.Ru runtime_ms=165977
TABLE_START 2.Suz runtime_ms=165993
TABLE_START 2.Suz.2 runtime_ms=165996
TABLE_START Isoclinic(2.Suz.2) runtime_ms=166002
TABLE_START 3.McL runtime_ms=166016
TABLE_START 3.McL.2 runtime_ms=166019
TABLE_START 3.ON runtime_ms=166021
TABLE_START 3.ON.2 runtime_ms=166028
TABLE_START 3.Suz runtime_ms=166033
TABLE_START 3.Suz.2 runtime_ms=166043
TABLE_START 6.Suz runtime_ms=166048
TABLE_START 6.Suz.2 runtime_ms=166078
TABLE_START Isoclinic(6.Suz.2) runtime_ms=166089
TABLE_START F3+M14 runtime_ms=166111
TABLE_START HN runtime_ms=166112
TABLE_START HN.2 runtime_ms=166115
TABLE_START HS runtime_ms=166118
TABLE_START HS.2 runtime_ms=166119
TABLE_START He runtime_ms=166120
TABLE_START He.2 runtime_ms=166121
TABLE_START Ly runtime_ms=166121
TABLE_START McL runtime_ms=166125
TABLE_START McL.2 runtime_ms=166125
TABLE_START ON runtime_ms=166126
TABLE_START ON.2 runtime_ms=166127
TABLE_START Ru runtime_ms=166128
TABLE_START Suz runtime_ms=166129
TABLE_START Suz.2 runtime_ms=166130
TABLE_START Th runtime_ms=166131
TABLE_START (3^(1+2)x2).SD16 runtime_ms=166135
TABLE_START (2x3^(1+2)_+:8):2 runtime_ms=166163
TABLE_START 11+^(1+2):(5x2S4) runtime_ms=166163
TABLE_START 2.HS.2N5 runtime_ms=166165
TABLE_START 2^3.7.3 runtime_ms=166167
TABLE_START 2^4:D8 runtime_ms=166168
TABLE_START 2x(3^2.QD16) runtime_ms=166168
TABLE_START 3^(1+2):8 runtime_ms=166168
TABLE_START 3^(1+2):D8 runtime_ms=166168
TABLE_START 3^(1+2):SD16 runtime_ms=166169
TABLE_START 3^2.3^(1+2):8 runtime_ms=166169
TABLE_START 3^2:Q8 runtime_ms=166169
TABLE_START 3^2:Q8.2 runtime_ms=166169
TABLE_START 3^4:(3^2:Q8) runtime_ms=166170
TABLE_START 3^4:2^(1+4)D10 runtime_ms=166211
TABLE_START 3^4:2^(1+4).(5:4) runtime_ms=166239
TABLE_START 3^5:(3^2:SD16) runtime_ms=166240
TABLE_START 4^3.D8 runtime_ms=166241
TABLE_START 5^(1+2):(24:2) runtime_ms=166241
TABLE_START 5^(1+2):(8.2) runtime_ms=166242
TABLE_START 5^(1+2):3:8 runtime_ms=166242
TABLE_START 5^(1+2):4S4 runtime_ms=166242
TABLE_START 5^1+2:(2^5) runtime_ms=166243
TABLE_START 5^2:(4xS3) runtime_ms=166243
TABLE_START 5^2:4A4 runtime_ms=166244
TABLE_START 7^(1+2):(D8x3) runtime_ms=166244
TABLE_START 7^(1+2):(S3x3) runtime_ms=166244
TABLE_START 7^(1+2):(S3x6) runtime_ms=166245
TABLE_START 7^2:(3x2A4) runtime_ms=166246
TABLE_START Co1N3 runtime_ms=166246
TABLE_START Co3N2 runtime_ms=166249
TABLE_START Co3N3 runtime_ms=166250
TABLE_START Fi22N3 runtime_ms=166251
TABLE_START Fi22N5 runtime_ms=166252
TABLE_START HS.2N5 runtime_ms=166253
TABLE_START HSN2 runtime_ms=166254
TABLE_START J2N2 runtime_ms=166254
TABLE_START J3N2 runtime_ms=166255
TABLE_START LyN2 runtime_ms=166255
TABLE_START LyN3 runtime_ms=166256
TABLE_START LyN5 runtime_ms=166256
TABLE_START M11N2 runtime_ms=166258
TABLE_START M12N2 runtime_ms=166258
TABLE_START M12N3 runtime_ms=166258
PROGRESS tables=2400 cases=8339 skipped=0 latest=M12N3 runtime_ms=166259
TABLE_START M24N2 runtime_ms=166259
TABLE_START McLN2 runtime_ms=166259
TABLE_START RuN2 runtime_ms=166260
TABLE_START (2^2xD14):3 runtime_ms=166261
TABLE_START (2^2x13:4):3 runtime_ms=166261
TABLE_START SuzN2 runtime_ms=166262
TABLE_START ThN2 runtime_ms=166263
TABLE_START ThN3 runtime_ms=166264
TABLE_START 2.HSN3 runtime_ms=166265
TABLE_START 5:4 runtime_ms=166266
TABLE_START 2x5:4 runtime_ms=166270
TABLE_START 5:4x3 runtime_ms=166403
TABLE_START 6x5:4 runtime_ms=166440
TABLE_START 11:5 runtime_ms=166504
TABLE_START 2x11:5 runtime_ms=166534
TABLE_START 17:8 runtime_ms=166567
TABLE_START 17:16 runtime_ms=166598
TABLE_START 19:9 runtime_ms=166631
TABLE_START (3xD10).2 runtime_ms=166663
TABLE_START 7:3xS3 runtime_ms=166691
TABLE_START S3x7:6 runtime_ms=166694
TABLE_START (A4xD10).2 runtime_ms=166726
TABLE_START Co2N2 runtime_ms=166816
TABLE_START 3^(1+4)_+:(S3xQD16) runtime_ms=166852
TABLE_START Co2N7 runtime_ms=166853
TABLE_START Co1N5 runtime_ms=166854
TABLE_START F3+N5 runtime_ms=166854
TABLE_START S4x5^2:4S4 runtime_ms=166857
TABLE_START BN7 runtime_ms=166904
TABLE_START 11^2:(5x2.A5) runtime_ms=167073
TABLE_START 13^(1+2):(3x4S4) runtime_ms=167103
TABLE_START 13:4 runtime_ms=167105
TABLE_START 13:12 runtime_ms=167107
TABLE_START 2^(3+3):7 runtime_ms=167142
TABLE_START 2^(3+3):7:3 runtime_ms=167171
TABLE_START 7:6xA5.2 runtime_ms=167171
TABLE_START HNN2 runtime_ms=167214
TABLE_START [7^6]:(6x6) runtime_ms=167243
TABLE_START (3x13:6).2 runtime_ms=167246
TABLE_START Fi23N3 runtime_ms=167301
TABLE_START 2.S4(5) runtime_ms=167337
TABLE_START 2.S4(5).2 runtime_ms=167356
TABLE_START Isoclinic(2.S4(5).2) runtime_ms=167358
TABLE_START 2.S6(2) runtime_ms=167364
TABLE_START 2.S6(3) runtime_ms=167366
TABLE_START 2.S6(3).2 runtime_ms=167378
TABLE_START Isoclinic(2.S6(3).2) runtime_ms=167388
TABLE_START S10(2) runtime_ms=167404
TABLE_START S4(4) runtime_ms=167423
TABLE_START S4(4).2 runtime_ms=167424
TABLE_START S4(4).4 runtime_ms=167425
TABLE_START S4(5) runtime_ms=167425
TABLE_START S4(5).2 runtime_ms=167426
TABLE_START S6(2) runtime_ms=167427
TABLE_START S6(3) runtime_ms=167427
TABLE_START S6(3).2 runtime_ms=167430
TABLE_START S8(2) runtime_ms=167432
TABLE_START F4(2)M4 runtime_ms=167434
TABLE_START S4(7) runtime_ms=167437
TABLE_START S4(8) runtime_ms=167482
TABLE_START S4(8).3 runtime_ms=167488
TABLE_START S4(7).2 runtime_ms=167490
TABLE_START S4(9) runtime_ms=167492
TABLE_START S4(9).2_1 runtime_ms=167495
TABLE_START S4(9).2_2 runtime_ms=167497
TABLE_START S4(9).2_3 runtime_ms=167503
TABLE_START S4(9).2^2 runtime_ms=167505
TABLE_START S6(4) runtime_ms=167510
TABLE_START S6(4).2 runtime_ms=167520
TABLE_START S6(5) runtime_ms=167524
TABLE_START S8(3) runtime_ms=167548
TABLE_START S12(2) runtime_ms=167612
TABLE_START 2F4(2)' runtime_ms=167811
TABLE_START 2F4(2)'.2 runtime_ms=167829
TABLE_START 3D4(2) runtime_ms=167829
TABLE_START 3D4(2).3 runtime_ms=167830
TABLE_START F4(2)M10 runtime_ms=167832
TABLE_START 3D4(3) runtime_ms=167833
TABLE_START 3D4(4) runtime_ms=167846
TABLE_START 2.2E6(2) runtime_ms=168052
TABLE_START 2.2E6(2).2 runtime_ms=168176
TABLE_START 2^2.2E6(2) runtime_ms=168246
TABLE_START 2^2.2E6(2).2 runtime_ms=168319
TABLE_START 2^2.2E6(2).3 runtime_ms=168408
TABLE_START 2^2.2E6(2).3.2 runtime_ms=168513
TABLE_START 2E6(2) runtime_ms=168630
TABLE_START 2E6(2).2 runtime_ms=168640
TABLE_START 2E6(2).3 runtime_ms=168663
TABLE_START 2E6(2).3.2 runtime_ms=168736
TABLE_START 3.2E6(2) runtime_ms=168783
TABLE_START 3.2E6(2).2 runtime_ms=168903
TABLE_START 6.2E6(2) runtime_ms=168963
TABLE_START 6.2E6(2).2 runtime_ms=169225
TABLE_START (2^2x3).2E6(2) runtime_ms=169367
TABLE_START (2^2x3).2E6(2).2 runtime_ms=170082
TABLE_START 12_1.U4(3) runtime_ms=170369
TABLE_START 12_1.U4(3).2_1 runtime_ms=170460
TABLE_START 12_1.U4(3).2_2 runtime_ms=170475
TABLE_START Isoclinic(12_1.U4(3).2_2) runtime_ms=170497
TABLE_START 12_1.U4(3).2_2' runtime_ms=170519
PROGRESS tables=2500 cases=8767 skipped=0 latest=12_1.U4(3).2_2' runtime_ms=
170529
TABLE_START Isoclinic(12_1.U4(3).2_2') runtime_ms=170529
TABLE_START 12_2.U4(3) runtime_ms=170537
TABLE_START 12_2.U4(3).2_1 runtime_ms=170551
TABLE_START 12_2.U4(3).2_3 runtime_ms=170561
TABLE_START Isoclinic(12_2.U4(3).2_3) runtime_ms=170573
TABLE_START 12_2.U4(3).2_3' runtime_ms=170585
TABLE_START Isoclinic(12_2.U4(3).2_3') runtime_ms=170591
TABLE_START 2.U4(3) runtime_ms=170597
TABLE_START 2.U4(3).2_1 runtime_ms=170598
TABLE_START Isoclinic(2.U4(3).2_1) runtime_ms=170600
TABLE_START 2.U4(3).2_2 runtime_ms=170604
TABLE_START Isoclinic(2.U4(3).2_2) runtime_ms=170605
TABLE_START 2.U4(3).2_2' runtime_ms=170609
TABLE_START Isoclinic(2.U4(3).2_2') runtime_ms=170610
TABLE_START 2.U4(3).2_3 runtime_ms=170613
TABLE_START Isoclinic(2.U4(3).2_3) runtime_ms=170614
TABLE_START 2.U4(3).2_3' runtime_ms=170617
TABLE_START Isoclinic(2.U4(3).2_3') runtime_ms=170617
TABLE_START 2.U4(3).4 runtime_ms=170618
TABLE_START 2.U4(3).(2^2)_{122} runtime_ms=170624
TABLE_START 2.U4(3).(2^2)_{1*22} runtime_ms=170626
TABLE_START 2.U4(3).(2^2)_{12*2} runtime_ms=170630
TABLE_START 2.U4(3).(2^2)_{1*2*2} runtime_ms=170639
TABLE_START 2.U4(3).(2^2)_{12*2*} runtime_ms=170646
TABLE_START 2.U4(3).(2^2)_{1*2*2*} runtime_ms=170651
TABLE_START 2.U4(3).(2^2)_{133} runtime_ms=170659
TABLE_START 2.U4(3).(2^2)_{1*33} runtime_ms=170660
TABLE_START 2.U4(3).(2^2)_{13*3} runtime_ms=170662
TABLE_START 2.U4(3).(2^2)_{1*3*3} runtime_ms=170667
TABLE_START 2.U4(3).(2^2)_{13*3*} runtime_ms=170671
TABLE_START 2.U4(3).(2^2)_{1*3*3*} runtime_ms=170674
TABLE_START 2.U4(3).D8 runtime_ms=170678
TABLE_START O8+(3)M16 runtime_ms=170681
TABLE_START O8+(3)M17 runtime_ms=170683
TABLE_START 3^2.U4(3) runtime_ms=170686
TABLE_START 3^2.U4(3).2_3' runtime_ms=170695
TABLE_START 3^2.U4(3).(2^2)_{133} runtime_ms=170704
TABLE_START 3^2.U4(3).D8 runtime_ms=170710
TABLE_START 3_1.U4(3) runtime_ms=170713
TABLE_START 3_1.U4(3).2_1 runtime_ms=170715
TABLE_START 3_1.U4(3).2_2 runtime_ms=170717
TABLE_START 3_1.U4(3).2_2' runtime_ms=170722
TABLE_START 3_1.U4(3).(2^2)_{122} runtime_ms=170725
TABLE_START 3_2.U4(3) runtime_ms=170728
TABLE_START 3_2.U4(3).2_1 runtime_ms=170729
TABLE_START 3_2.U4(3).2_3 runtime_ms=170730
TABLE_START 3_2.U4(3).2_3' runtime_ms=170732
TABLE_START 3_2.U4(3).(2^2)_{133} runtime_ms=170733
TABLE_START 4.U4(3) runtime_ms=170734
TABLE_START 4.U4(3).2_1 runtime_ms=170737
TABLE_START 4.U4(3).2_2 runtime_ms=170741
TABLE_START Isoclinic(4.U4(3).2_2) runtime_ms=170744
TABLE_START 4.U4(3).2_3 runtime_ms=170748
TABLE_START Isoclinic(4.U4(3).2_3) runtime_ms=170750
TABLE_START 4.U4(3).4 runtime_ms=170753
TABLE_START 6_1.U4(3) runtime_ms=170837
TABLE_START 6_1.U4(3).2_1 runtime_ms=170843
TABLE_START Isoclinic(6_1.U4(3).2_1) runtime_ms=170846
TABLE_START 6_1.U4(3).2_2 runtime_ms=170852
TABLE_START Isoclinic(6_1.U4(3).2_2) runtime_ms=170862
TABLE_START 6_1.U4(3).2_2' runtime_ms=170895
TABLE_START Isoclinic(6_1.U4(3).2_2') runtime_ms=170898
TABLE_START 6_2.U4(3) runtime_ms=170903
TABLE_START 6_2.U4(3).2_1 runtime_ms=170907
TABLE_START Isoclinic(6_2.U4(3).2_1) runtime_ms=170910
TABLE_START 6_2.U4(3).2_3 runtime_ms=170916
TABLE_START Isoclinic(6_2.U4(3).2_3) runtime_ms=170920
TABLE_START 6_2.U4(3).2_3' runtime_ms=170933
TABLE_START Isoclinic(6_2.U4(3).2_3') runtime_ms=170935
TABLE_START U4(3) runtime_ms=170941
TABLE_START U4(3).(2^2)_{122} runtime_ms=170941
TABLE_START U4(3).(2^2)_{133} runtime_ms=170942
TABLE_START U4(3).2_1 runtime_ms=170943
TABLE_START U4(3).2_2 runtime_ms=170943
TABLE_START U4(3).2_2' runtime_ms=170944
TABLE_START U4(3).2_3 runtime_ms=170944
TABLE_START U4(3).2_3' runtime_ms=170945
TABLE_START U4(3).4 runtime_ms=170945
TABLE_START U4(3).D8 runtime_ms=170946
TABLE_START (3^2x2).U4(3) runtime_ms=170948
TABLE_START (3^2x4).U4(3) runtime_ms=170979
TABLE_START (3^2x2).U4(3).2_3' runtime_ms=171095
TABLE_START Isoclinic((3^2x2).U4(3).2_3') runtime_ms=171110
TABLE_START 3.U3(5) runtime_ms=171137
TABLE_START 3.U3(5).2 runtime_ms=171150
TABLE_START 3.U3(5).3 runtime_ms=171151
TABLE_START Isoclinic(3.U3(5).3,1) runtime_ms=171157
TABLE_START Isoclinic(3.U3(5).3,2) runtime_ms=171215
TABLE_START 3.U3(5).S3 runtime_ms=171256
TABLE_START 3.U3(8) runtime_ms=171258
TABLE_START 3.U3(8).2 runtime_ms=171264
TABLE_START 3.U3(8).3_1 runtime_ms=171267
TABLE_START 3.U3(8).3_2 runtime_ms=171270
TABLE_START Isoclinic(3.U3(8).3_2,1) runtime_ms=171321
TABLE_START Isoclinic(3.U3(8).3_2,2) runtime_ms=173812
TABLE_START 3.U3(8).6 runtime_ms=175322
TABLE_START 3.U3(8).S3 runtime_ms=175325
TABLE_START Isoclinic(3.U3(8)x3) runtime_ms=175341
TABLE_START Isoclinic(U3(8).3_3x3) runtime_ms=176599
TABLE_START 9.U3(8).3_3 runtime_ms=176630
PROGRESS tables=2600 cases=9167 skipped=0 latest=9.U3(8).3_3 runtime_ms=177834
TABLE_START HSM3 runtime_ms=177834
TABLE_START U3(3) runtime_ms=177845
TABLE_START U3(3).2 runtime_ms=177846
TABLE_START G2(3)M2 runtime_ms=177848
TABLE_START U3(4) runtime_ms=177849
TABLE_START U3(4).2 runtime_ms=177850
TABLE_START U3(4).4 runtime_ms=177850
TABLE_START U3(5) runtime_ms=177851
TABLE_START U3(5).2 runtime_ms=177851
TABLE_START U3(5).3 runtime_ms=177852
TABLE_START U3(5).3.2 runtime_ms=177853
TABLE_START U3(7) runtime_ms=177854
TABLE_START U3(7).2 runtime_ms=177857
TABLE_START U3(8) runtime_ms=177858
TABLE_START U3(8).2 runtime_ms=177859
TABLE_START U3(8).3_1 runtime_ms=177860
TABLE_START U3(8).3_2 runtime_ms=177861
TABLE_START U3(8).3_3 runtime_ms=177867
TABLE_START U3(8).6 runtime_ms=177868
TABLE_START U3(8).S3 runtime_ms=177869
TABLE_START U3(8).3^2 runtime_ms=177872
TABLE_START U3(8).(S3x3) runtime_ms=177874
TABLE_START U3(9) runtime_ms=177875
TABLE_START U3(9).2 runtime_ms=177883
TABLE_START U3(9).4 runtime_ms=177886
TABLE_START 2.U4(2) runtime_ms=177889
TABLE_START 2.U4(2).2 runtime_ms=177898
TABLE_START Isoclinic(2.U4(2).2) runtime_ms=177899
TABLE_START 3.U3(11) runtime_ms=177901
TABLE_START 3.U3(11).2 runtime_ms=177919
TABLE_START 3.U3(11).3 runtime_ms=177927
TABLE_START Isoclinic(3.U3(11).3,1) runtime_ms=178102
TABLE_START Isoclinic(3.U3(11).3,2) runtime_ms=234933
TABLE_START 3.U3(11).S3 runtime_ms=244958
TABLE_START U3(11) runtime_ms=245010
TABLE_START U3(11).2 runtime_ms=245012
TABLE_START U3(11).3 runtime_ms=245013
TABLE_START U3(11).S3 runtime_ms=245031
TABLE_START U4(2) runtime_ms=245038
TABLE_START U4(2).2 runtime_ms=245039
TABLE_START U4(3).2_1M4 runtime_ms=245039
TABLE_START U5(2) runtime_ms=245040
TABLE_START U5(2).2 runtime_ms=245041
TABLE_START 2.U6(2) runtime_ms=245043
TABLE_START 2.U6(2).2 runtime_ms=245068
TABLE_START Isoclinic(2.U6(2).2) runtime_ms=245074
TABLE_START 2^2.U6(2) runtime_ms=245087
TABLE_START 2^2.U6(2).2 runtime_ms=245094
TABLE_START 2^2.U6(2).3 runtime_ms=245101
TABLE_START 2^2.U6(2).3.2 runtime_ms=245113
TABLE_START 3.U6(2) runtime_ms=245122
TABLE_START 3.U6(2).2 runtime_ms=245133
TABLE_START 3.U6(2).3 runtime_ms=245139
TABLE_START Isoclinic(3.U6(2).3,1) runtime_ms=245219
TABLE_START Isoclinic(3.U6(2).3,2) runtime_ms=245859
TABLE_START 6.U6(2) runtime_ms=246430
TABLE_START 6.U6(2).2 runtime_ms=246457
TABLE_START Isoclinic(6.U6(2).2) runtime_ms=246468
TABLE_START U6(2) runtime_ms=246488
TABLE_START U6(2).2 runtime_ms=246489
TABLE_START U6(2).3 runtime_ms=246490
TABLE_START U6(2).3.2 runtime_ms=246497
TABLE_START 3.U6(2).3.2 runtime_ms=246500
TABLE_START (2^2x3).U6(2) runtime_ms=246511
TABLE_START (2^2x3).U6(2).2 runtime_ms=246578
TABLE_START (2^2x3).U6(2).3 runtime_ms=246604
TABLE_START U4(4) runtime_ms=246701
TABLE_START U4(4).4 runtime_ms=246728
TABLE_START U4(5) runtime_ms=246731
TABLE_START U4(5).2_1 runtime_ms=246736
TABLE_START U4(5).2_2 runtime_ms=246741
TABLE_START U4(5).2_3 runtime_ms=246758
TABLE_START U4(5).2^2 runtime_ms=246762
TABLE_START U5(4) runtime_ms=246770
TABLE_START U5(4).2 runtime_ms=246776
TABLE_START U5(3) runtime_ms=246782
TABLE_START U7(2) runtime_ms=246797
TABLE_START U6(4) runtime_ms=246862
TABLE_START Alt(2) runtime_ms=252134
TABLE_START 2.Alt(2) runtime_ms=252137
TABLE_START Sym(2) runtime_ms=252142
TABLE_START 2.Sym(2) runtime_ms=252145
TABLE_START Alt(3) runtime_ms=252149
TABLE_START 2.Alt(3) runtime_ms=252151
TABLE_START Sym(3) runtime_ms=252155
TABLE_START 2.Sym(3) runtime_ms=252158
TABLE_START Alt(4) runtime_ms=252162
TABLE_START 2.Alt(4) runtime_ms=252165
TABLE_START Sym(4) runtime_ms=252168
TABLE_START 2.Sym(4) runtime_ms=252171
TABLE_START Alt(5) runtime_ms=252175
TABLE_START 2.Alt(5) runtime_ms=252179
TABLE_START Sym(5) runtime_ms=252182
TABLE_START 2.Sym(5) runtime_ms=252186
TABLE_START Alt(6) runtime_ms=252190
TABLE_START 2.Alt(6) runtime_ms=252193
TABLE_START Sym(6) runtime_ms=252197
TABLE_START 2.Sym(6) runtime_ms=252200
TABLE_START Alt(7) runtime_ms=252205
TABLE_START 2.Alt(7) runtime_ms=252209
PROGRESS tables=2700 cases=9570 skipped=0 latest=2.Alt(7) runtime_ms=252213
TABLE_START Sym(7) runtime_ms=252213
TABLE_START 2.Sym(7) runtime_ms=252217
TABLE_START Alt(8) runtime_ms=252222
TABLE_START 2.Alt(8) runtime_ms=252226
TABLE_START Sym(8) runtime_ms=252231
TABLE_START 2.Sym(8) runtime_ms=252236
TABLE_START Alt(9) runtime_ms=252241
TABLE_START 2.Alt(9) runtime_ms=252246
TABLE_START Sym(9) runtime_ms=252252
TABLE_START 2.Sym(9) runtime_ms=252258
TABLE_START Alt(10) runtime_ms=252264
TABLE_START 2.Alt(10) runtime_ms=252271
TABLE_START Sym(10) runtime_ms=252353
TABLE_START 2.Sym(10) runtime_ms=252359
TABLE_START Alt(11) runtime_ms=252366
TABLE_START 2.Alt(11) runtime_ms=252378
TABLE_START Sym(11) runtime_ms=252386
TABLE_START 2.Sym(11) runtime_ms=252393
TABLE_START Alt(12) runtime_ms=252405
TABLE_START 2.Alt(12) runtime_ms=252412
TABLE_START Sym(12) runtime_ms=252423
TABLE_START 2.Sym(12) runtime_ms=252436
TABLE_START Alt(13) runtime_ms=252448
TABLE_START 2.Alt(13) runtime_ms=252462
TABLE_START Sym(13) runtime_ms=252478
TABLE_START 2.Sym(13) runtime_ms=252493
TABLE_START Alt(14) runtime_ms=252514
TABLE_START 2.Alt(14) runtime_ms=252530
TABLE_START Sym(14) runtime_ms=252555
TABLE_START 2.Sym(14) runtime_ms=252578
TABLE_START Alt(15) runtime_ms=252607
TABLE_START 2.Alt(15) runtime_ms=252632
TABLE_START Sym(15) runtime_ms=252667
TABLE_START 2.Sym(15) runtime_ms=252701
TABLE_START Alt(16) runtime_ms=252742
TABLE_START 2.Alt(16) runtime_ms=252779
TABLE_START Sym(16) runtime_ms=252829
TABLE_START 2.Sym(16) runtime_ms=252883
TABLE_START Alt(17) runtime_ms=252944
TABLE_START 2.Alt(17) runtime_ms=253002
TABLE_START Sym(17) runtime_ms=253081
TABLE_START 2.Sym(17) runtime_ms=253233
TABLE_START Alt(18) runtime_ms=253337
TABLE_START 2.Alt(18) runtime_ms=253426
TABLE_START Sym(18) runtime_ms=253544
TABLE_START 2.Sym(18) runtime_ms=253690
TABLE_START Alt(19) runtime_ms=253920
TABLE_START 2.Alt(19) runtime_ms=254062
TABLE_START Sym(19) runtime_ms=254250
TABLE_START 2.Sym(19) runtime_ms=254571
DONE tables=2750 cases=9850 skipped=0
