ORDER_START 64 count=267
ROW114 [ 64, 4, 3, 2, 16, true, 4, 17 ]
ROW114 [ 64, 5, 3, 2, 16, true, 4, 17 ]
ROW114 [ 64, 6, 3, 2, 16, false, 3, 8 ] WITNESS [ 32, 32 ]
ROW114 [ 64, 7, 3, 2, 16, false, 3, 8 ] WITNESS [ 32, 32 ]
ROW114 [ 64, 8, 3, 2, 8, false, 1, 17 ] WITNESS [ 16, 16 ]
ROW114 [ 64, 9, 3, 2, 8, false, 1, 17 ] WITNESS [ 16, 16 ]
ROW114 [ 64, 10, 3, 2, 8, false, 1, 17 ] WITNESS [ 16, 16 ]
ROW114 [ 64, 11, 3, 2, 8, false, 1, 17 ] WITNESS [ 16, 16 ]
ROW114 [ 64, 12, 3, 2, 8, false, 1, 17 ] WITNESS [ 16, 16 ]
ROW114 [ 64, 13, 3, 2, 8, false, 1, 17 ] WITNESS [ 16, 16 ]
ROW114 [ 64, 14, 3, 2, 8, false, 1, 17 ] WITNESS [ 16, 16 ]
ROW114 [ 64, 15, 3, 2, 16, false, 2, 8 ] WITNESS [ 32, 32 ]
ROW114 [ 64, 16, 3, 2, 16, false, 2, 8 ] WITNESS [ 32, 32 ]
ROW114 [ 64, 20, 3, 2, 16, false, 2, 8 ] WITNESS [ 32, 32 ]
ROW114 [ 64, 21, 3, 2, 16, false, 2, 8 ] WITNESS [ 32, 32 ]
ROW114 [ 64, 22, 3, 2, 16, false, 2, 8 ] WITNESS [ 32, 32 ]
ROW114 [ 64, 23, 3, 2, 16, true, 4, 17 ]
ROW114 [ 64, 24, 3, 2, 16, true, 4, 17 ]
ROW114 [ 64, 25, 3, 2, 16, true, 4, 17 ]
ROW114 [ 64, 30, 3, 2, 16, true, 4, 17 ]
ROW114 [ 64, 31, 3, 2, 16, false, 1, 8 ] WITNESS [ 32, 32 ]
ROW114 [ 64, 32, 4, 2, 8, false, 3, 26 ] WITNESS [ 16, 16 ]
ROW114 [ 64, 33, 4, 2, 8, false, 3, 26 ] WITNESS [ 16, 16 ]
ROW114 [ 64, 34, 4, 2, 8, false, 4, 26 ] WITNESS [ 16, 16 ]
ROW114 [ 64, 35, 4, 2, 8, false, 4, 26 ] WITNESS [ 16, 16 ]
ROW114 [ 64, 36, 4, 2, 8, false, 4, 26 ] WITNESS [ 16, 16 ]
ROW114 [ 64, 37, 4, 2, 8, false, 4, 26 ] WITNESS [ 16, 16 ]
ROW114 [ 64, 38, 4, 2, 8, false, 1, 11 ] WITNESS [ 16, 16 ]
ROW114 [ 64, 39, 4, 2, 8, false, 1, 11 ] WITNESS [ 16, 16 ]
ROW114 [ 64, 40, 4, 2, 8, false, 1, 11 ] WITNESS [ 16, 16 ]
ROW114 [ 64, 41, 4, 2, 8, false, 3, 25 ] WITNESS [ 16, 16 ]
ROW114 [ 64, 42, 4, 2, 8, false, 3, 25 ] WITNESS [ 16, 16 ]
ROW114 [ 64, 43, 4, 2, 8, false, 3, 25 ] WITNESS [ 16, 16 ]
ROW114 [ 64, 45, 3, 2, 16, false, 2, 8 ] WITNESS [ 32, 32 ]
ROW114 [ 64, 46, 4, 2, 8, false, 1, 18 ] WITNESS [ 16, 16 ]
ROW114 [ 64, 47, 4, 2, 8, false, 1, 11 ] WITNESS [ 16, 16 ]
ROW114 [ 64, 48, 4, 2, 8, false, 1, 11 ] WITNESS [ 16, 16 ]
ROW114 [ 64, 49, 4, 2, 8, false, 1, 11 ] WITNESS [ 16, 16 ]
ROW114 [ 64, 52, 5, 2, 4, false, 1, 14 ] WITNESS [ 8, 8 ]
ROW114 [ 64, 53, 5, 2, 4, false, 1, 14 ] WITNESS [ 8, 8 ]
ROW114 [ 64, 54, 5, 2, 4, false, 1, 14 ] WITNESS [ 8, 8 ]
ROW114 [ 64, 90, 3, 2, 16, true, 4, 17 ]
ROW114 [ 64, 91, 3, 2, 16, true, 4, 17 ]
ROW114 [ 64, 92, 3, 2, 16, true, 4, 17 ]
ROW114 [ 64, 93, 3, 2, 16, true, 4, 17 ]
ROW114 [ 64, 94, 3, 2, 16, true, 4, 17 ]
ROW114 [ 64, 95, 3, 2, 16, false, 3, 8 ] WITNESS [ 32, 32 ]
ROW114 [ 64, 96, 3, 2, 16, false, 3, 8 ] WITNESS [ 32, 32 ]
ROW114 [ 64, 97, 3, 2, 16, false, 3, 8 ] WITNESS [ 32, 32 ]
ROW114 [ 64, 98, 3, 2, 16, true, 8, 27 ]
ROW114 [ 64, 99, 3, 2, 16, true, 8, 27 ]
ROW114 [ 64, 100, 3, 2, 16, true, 8, 27 ]
ROW114 [ 64, 101, 3, 2, 16, false, 3, 8 ] WITNESS [ 32, 32 ]
ROW114 [ 64, 102, 3, 2, 16, true, 8, 27 ]
ROW114 [ 64, 106, 3, 2, 16, false, 2, 8 ] WITNESS [ 32, 32 ]
ROW114 [ 64, 107, 3, 2, 16, false, 2, 8 ] WITNESS [ 32, 32 ]
ROW114 [ 64, 108, 3, 2, 16, false, 2, 8 ] WITNESS [ 32, 32 ]
ROW114 [ 64, 109, 3, 2, 16, true, 8, 27 ]
ROW114 [ 64, 110, 3, 2, 16, false, 2, 8 ] WITNESS [ 32, 32 ]
ROW114 [ 64, 111, 3, 2, 16, true, 8, 27 ]
ROW114 [ 64, 118, 3, 2, 16, false, 3, 8 ] WITNESS [ 32, 32 ]
ROW114 [ 64, 119, 3, 2, 16, false, 3, 8 ] WITNESS [ 32, 32 ]
ROW114 [ 64, 120, 3, 2, 16, false, 3, 8 ] WITNESS [ 32, 32 ]
ROW114 [ 64, 121, 3, 2, 16, true, 8, 27 ]
ROW114 [ 64, 122, 3, 2, 16, true, 8, 27 ]
ROW114 [ 64, 123, 3, 2, 16, true, 8, 27 ]
ROW114 [ 64, 124, 3, 2, 16, false, 3, 8 ] WITNESS [ 32, 32 ]
ROW114 [ 64, 125, 3, 2, 16, true, 8, 27 ]
ROW114 [ 64, 128, 3, 2, 8, false, 2, 27 ] WITNESS [ 16, 16 ]
ROW114 [ 64, 129, 3, 2, 8, false, 2, 27 ] WITNESS [ 16, 16 ]
ROW114 [ 64, 130, 3, 2, 8, false, 2, 27 ] WITNESS [ 16, 16 ]
ROW114 [ 64, 131, 3, 2, 8, false, 2, 27 ] WITNESS [ 16, 16 ]
ROW114 [ 64, 132, 3, 2, 8, false, 2, 27 ] WITNESS [ 16, 16 ]
ROW114 [ 64, 133, 3, 2, 8, false, 2, 27 ] WITNESS [ 16, 16 ]
ROW114 [ 64, 134, 3, 2, 8, false, 17, 65 ] WITNESS [ 16, 16 ]
ROW114 [ 64, 135, 3, 2, 8, false, 17, 65 ] WITNESS [ 16, 16 ]
ROW114 [ 64, 136, 3, 2, 8, false, 17, 65 ] WITNESS [ 16, 16 ]
ROW114 [ 64, 137, 3, 2, 8, false, 17, 65 ] WITNESS [ 16, 16 ]
ROW114 [ 64, 138, 3, 2, 8, false, 2, 65 ] WITNESS [ 16, 16 ]
ROW114 [ 64, 139, 3, 2, 8, false, 2, 65 ] WITNESS [ 16, 16 ]
ROW114 [ 64, 140, 3, 2, 8, false, 2, 27 ] WITNESS [ 16, 16 ]
ROW114 [ 64, 141, 3, 2, 8, false, 2, 27 ] WITNESS [ 16, 16 ]
ROW114 [ 64, 142, 3, 2, 8, false, 2, 27 ] WITNESS [ 16, 16 ]
ROW114 [ 64, 143, 3, 2, 8, false, 2, 27 ] WITNESS [ 16, 16 ]
ROW114 [ 64, 144, 3, 2, 8, false, 2, 27 ] WITNESS [ 16, 16 ]
ROW114 [ 64, 145, 3, 2, 8, false, 2, 27 ] WITNESS [ 16, 16 ]
ROW114 [ 64, 146, 3, 2, 8, false, 5, 27 ] WITNESS [ 16, 16 ]
ROW114 [ 64, 147, 3, 2, 8, false, 5, 27 ] WITNESS [ 16, 16 ]
ROW114 [ 64, 148, 3, 2, 8, false, 5, 27 ] WITNESS [ 16, 16 ]
ROW114 [ 64, 149, 3, 2, 8, false, 5, 27 ] WITNESS [ 16, 16 ]
ROW114 [ 64, 150, 3, 2, 8, false, 5, 27 ] WITNESS [ 16, 16 ]
ROW114 [ 64, 151, 3, 2, 8, false, 5, 27 ] WITNESS [ 16, 16 ]
ROW114 [ 64, 152, 3, 2, 8, false, 14, 47 ] WITNESS [ 16, 16 ]
ROW114 [ 64, 153, 3, 2, 8, false, 14, 47 ] WITNESS [ 16, 16 ]
ROW114 [ 64, 154, 3, 2, 8, false, 14, 47 ] WITNESS [ 16, 16 ]
ROW114 [ 64, 155, 3, 2, 8, false, 2, 27 ] WITNESS [ 16, 16 ]
ROW114 [ 64, 156, 3, 2, 8, false, 2, 27 ] WITNESS [ 16, 16 ]
ROW114 [ 64, 157, 3, 2, 8, false, 2, 27 ] WITNESS [ 16, 16 ]
ROW114 [ 64, 158, 3, 2, 8, false, 2, 27 ] WITNESS [ 16, 16 ]
ROW114 [ 64, 159, 3, 2, 8, false, 2, 27 ] WITNESS [ 16, 16 ]
ROW114 [ 64, 160, 3, 2, 8, false, 2, 27 ] WITNESS [ 16, 16 ]
ROW114 [ 64, 161, 3, 2, 8, false, 2, 27 ] WITNESS [ 16, 16 ]
ROW114 [ 64, 162, 3, 2, 8, false, 2, 27 ] WITNESS [ 16, 16 ]
ROW114 [ 64, 163, 3, 2, 8, false, 2, 27 ] WITNESS [ 16, 16 ]
ROW114 [ 64, 164, 3, 2, 8, false, 2, 27 ] WITNESS [ 16, 16 ]
ROW114 [ 64, 165, 3, 2, 8, false, 2, 27 ] WITNESS [ 16, 16 ]
ROW114 [ 64, 166, 3, 2, 8, false, 2, 27 ] WITNESS [ 16, 16 ]
ROW114 [ 64, 167, 3, 2, 8, false, 5, 27 ] WITNESS [ 16, 16 ]
ROW114 [ 64, 168, 3, 2, 8, false, 5, 27 ] WITNESS [ 16, 16 ]
ROW114 [ 64, 169, 3, 2, 8, false, 5, 27 ] WITNESS [ 16, 16 ]
ROW114 [ 64, 170, 3, 2, 8, false, 5, 27 ] WITNESS [ 16, 16 ]
ROW114 [ 64, 171, 3, 2, 8, false, 5, 27 ] WITNESS [ 16, 16 ]
ROW114 [ 64, 172, 3, 2, 8, false, 5, 27 ] WITNESS [ 16, 16 ]
ROW114 [ 64, 173, 3, 2, 8, false, 5, 27 ] WITNESS [ 16, 16 ]
ROW114 [ 64, 174, 3, 2, 8, false, 5, 27 ] WITNESS [ 16, 16 ]
ROW114 [ 64, 175, 3, 2, 8, false, 5, 27 ] WITNESS [ 16, 16 ]
ROW114 [ 64, 176, 3, 2, 8, false, 5, 27 ] WITNESS [ 16, 16 ]
ROW114 [ 64, 177, 3, 2, 8, false, 5, 27 ] WITNESS [ 16, 16 ]
ROW114 [ 64, 178, 3, 2, 8, false, 5, 27 ] WITNESS [ 16, 16 ]
ROW114 [ 64, 179, 3, 2, 8, false, 6, 27 ] WITNESS [ 16, 16 ]
ROW114 [ 64, 180, 3, 2, 8, false, 6, 27 ] WITNESS [ 16, 16 ]
ROW114 [ 64, 181, 3, 2, 8, false, 6, 27 ] WITNESS [ 16, 16 ]
ROW114 [ 64, 182, 3, 2, 8, false, 6, 27 ] WITNESS [ 16, 16 ]
ROW114 [ 64, 186, 4, 2, 8, false, 1, 11 ] WITNESS [ 16, 16 ]
ROW114 [ 64, 187, 4, 2, 8, false, 1, 11 ] WITNESS [ 16, 16 ]
ROW114 [ 64, 188, 4, 2, 8, false, 1, 11 ] WITNESS [ 16, 16 ]
ROW114 [ 64, 189, 4, 2, 8, false, 1, 11 ] WITNESS [ 16, 16 ]
ROW114 [ 64, 190, 4, 2, 8, false, 2, 38 ] WITNESS [ 16, 16 ]
ROW114 [ 64, 191, 4, 2, 8, false, 2, 38 ] WITNESS [ 16, 16 ]
ROW114 [ 64, 250, 3, 2, 16, false, 3, 8 ] WITNESS [ 32, 32 ]
ROW114 [ 64, 251, 3, 2, 16, false, 3, 8 ] WITNESS [ 32, 32 ]
ROW114 [ 64, 252, 3, 2, 16, false, 3, 8 ] WITNESS [ 32, 32 ]
ROW114 [ 64, 253, 3, 2, 16, false, 3, 8 ] WITNESS [ 32, 32 ]
ROW114 [ 64, 254, 3, 2, 16, true, 8, 27 ]
ROW114 [ 64, 255, 3, 2, 16, true, 8, 27 ]
ROW114 [ 64, 256, 3, 2, 16, true, 8, 27 ]
ROW114 [ 64, 257, 3, 2, 16, true, 16, 118 ]
ROW114 [ 64, 258, 3, 2, 16, true, 16, 118 ]
ROW114 [ 64, 259, 3, 2, 16, true, 16, 118 ]
ORDER_DONE 64 total=267 eligible=139 weak=27 checks=591 runtime_ms=5981
ORDER_START 81 count=15
ROW114 [ 81, 7, 3, 2, 9, false, 2, 11 ] WITNESS [ 27, 27 ]
ROW114 [ 81, 8, 3, 2, 9, false, 2, 11 ] WITNESS [ 27, 27 ]
ROW114 [ 81, 9, 3, 2, 9, false, 2, 11 ] WITNESS [ 27, 27 ]
ROW114 [ 81, 10, 3, 2, 9, false, 2, 11 ] WITNESS [ 27, 27 ]
ORDER_DONE 81 total=282 eligible=143 weak=27 checks=599 runtime_ms=6047
ORDER_START 128 count=2328
ROW114 [ 128, 2, 3, 2, 16, false, 1, 17 ] WITNESS [ 32, 32 ]
ROW114 [ 128, 3, 3, 2, 16, false, 1, 17 ] WITNESS [ 32, 32 ]
ROW114 [ 128, 4, 3, 2, 16, false, 1, 17 ] WITNESS [ 32, 32 ]
ROW114 [ 128, 8, 3, 2, 32, false, 2, 8 ] WITNESS [ 64, 64 ]
ROW114 [ 128, 9, 3, 2, 32, false, 2, 8 ] WITNESS [ 64, 64 ]
ROW114 [ 128, 10, 3, 2, 32, false, 2, 8 ] WITNESS [ 64, 64 ]
ROW114 [ 128, 11, 3, 2, 32, false, 2, 8 ] WITNESS [ 64, 64 ]
ROW114 [ 128, 12, 3, 2, 32, true, 4, 17 ]
ROW114 [ 128, 13, 3, 2, 32, true, 4, 17 ]
ROW114 [ 128, 14, 3, 2, 32, true, 4, 17 ]
ROW114 [ 128, 15, 3, 2, 32, true, 4, 17 ]
ROW114 [ 128, 16, 3, 2, 16, false, 6, 38 ] WITNESS [ 32, 32 ]
ROW114 [ 128, 17, 3, 2, 16, false, 6, 38 ] WITNESS [ 32, 32 ]
ROW114 [ 128, 18, 3, 2, 16, false, 6, 38 ] WITNESS [ 32, 32 ]
ROW114 [ 128, 19, 3, 2, 16, false, 6, 38 ] WITNESS [ 32, 32 ]
ROW114 [ 128, 20, 3, 2, 16, false, 6, 38 ] WITNESS [ 32, 32 ]
ROW114 [ 128, 21, 3, 2, 16, false, 6, 38 ] WITNESS [ 32, 32 ]
ROW114 [ 128, 22, 3, 2, 16, false, 6, 38 ] WITNESS [ 32, 32 ]
ROW114 [ 128, 23, 3, 2, 16, false, 6, 38 ] WITNESS [ 32, 32 ]
ROW114 [ 128, 24, 3, 2, 16, false, 6, 38 ] WITNESS [ 32, 32 ]
ROW114 [ 128, 25, 3, 2, 16, false, 6, 38 ] WITNESS [ 32, 32 ]
ROW114 [ 128, 26, 3, 2, 16, false, 1, 17 ] WITNESS [ 32, 32 ]
ROW114 [ 128, 27, 3, 2, 16, false, 1, 17 ] WITNESS [ 32, 32 ]
ROW114 [ 128, 28, 3, 2, 16, false, 1, 17 ] WITNESS [ 32, 32 ]
ROW114 [ 128, 29, 3, 2, 16, false, 1, 17 ] WITNESS [ 32, 32 ]
ROW114 [ 128, 30, 3, 2, 16, false, 1, 17 ] WITNESS [ 32, 32 ]
ROW114 [ 128, 31, 3, 2, 16, false, 1, 17 ] WITNESS [ 32, 32 ]
ROW114 [ 128, 32, 3, 2, 16, false, 1, 17 ] WITNESS [ 32, 32 ]
ROW114 [ 128, 33, 3, 2, 16, false, 1, 17 ] WITNESS [ 32, 32 ]
ROW114 [ 128, 34, 3, 2, 16, false, 1, 17 ] WITNESS [ 32, 32 ]
ROW114 [ 128, 35, 3, 2, 16, false, 1, 17 ] WITNESS [ 32, 32 ]
ROW114 [ 128, 36, 3, 2, 16, false, 9, 38 ] WITNESS [ 32, 32 ]
ROW114 [ 128, 37, 3, 2, 16, false, 9, 38 ] WITNESS [ 32, 32 ]
ROW114 [ 128, 38, 3, 2, 16, false, 9, 38 ] WITNESS [ 32, 32 ]
ROW114 [ 128, 39, 3, 2, 16, false, 9, 38 ] WITNESS [ 32, 32 ]
ROW114 [ 128, 40, 3, 2, 16, false, 9, 38 ] WITNESS [ 32, 32 ]
ROW114 [ 128, 41, 3, 2, 16, false, 9, 38 ] WITNESS [ 32, 32 ]
ROW114 [ 128, 46, 3, 2, 32, true, 4, 17 ]
ROW114 [ 128, 47, 3, 2, 16, false, 1, 17 ] WITNESS [ 32, 32 ]
ROW114 [ 128, 48, 4, 2, 16, false, 3, 26 ] WITNESS [ 32, 32 ]
ROW114 [ 128, 49, 4, 2, 16, false, 3, 26 ] WITNESS [ 32, 32 ]
ROW114 [ 128, 50, 4, 2, 16, false, 4, 26 ] WITNESS [ 32, 32 ]
ROW114 [ 128, 51, 4, 2, 16, false, 4, 26 ] WITNESS [ 32, 32 ]
ROW114 [ 128, 52, 4, 2, 16, false, 3, 26 ] WITNESS [ 32, 32 ]
ROW114 [ 128, 53, 4, 2, 16, false, 4, 26 ] WITNESS [ 32, 32 ]
ROW114 [ 128, 54, 3, 2, 32, true, 4, 17 ]
ROW114 [ 128, 55, 3, 2, 16, false, 1, 17 ] WITNESS [ 32, 32 ]
ROW114 [ 128, 56, 4, 2, 16, false, 3, 26 ] WITNESS [ 32, 32 ]
ROW114 [ 128, 57, 4, 2, 16, false, 3, 26 ] WITNESS [ 32, 32 ]
ROW114 [ 128, 58, 4, 2, 16, false, 4, 26 ] WITNESS [ 32, 32 ]
ROW114 [ 128, 59, 4, 2, 16, false, 3, 26 ] WITNESS [ 32, 32 ]
ROW114 [ 128, 60, 4, 2, 16, false, 4, 26 ] WITNESS [ 32, 32 ]
ROW114 [ 128, 61, 3, 2, 32, false, 3, 8 ] WITNESS [ 64, 64 ]
ROW114 [ 128, 62, 3, 2, 16, false, 1, 17 ] WITNESS [ 32, 32 ]
ROW114 [ 128, 63, 4, 2, 16, false, 1, 11 ] WITNESS [ 32, 32 ]
ROW114 [ 128, 64, 4, 2, 16, false, 1, 11 ] WITNESS [ 32, 32 ]
ROW114 [ 128, 65, 4, 2, 16, false, 3, 25 ] WITNESS [ 32, 32 ]
ROW114 [ 128, 66, 4, 2, 16, false, 3, 25 ] WITNESS [ 32, 32 ]
ROW114 [ 128, 67, 4, 2, 16, false, 1, 11 ] WITNESS [ 32, 32 ]
ROW114 [ 128, 68, 4, 2, 16, false, 3, 25 ] WITNESS [ 32, 32 ]
ROW114 [ 128, 69, 3, 2, 32, false, 3, 8 ] WITNESS [ 64, 64 ]
ROW114 [ 128, 70, 3, 2, 16, false, 1, 17 ] WITNESS [ 32, 32 ]
ROW114 [ 128, 71, 4, 2, 8, false, 2, 45 ] WITNESS [ 16, 16 ]
ROW114 [ 128, 72, 4, 2, 8, false, 2, 45 ] WITNESS [ 16, 16 ]
ROW114 [ 128, 73, 4, 2, 8, false, 2, 45 ] WITNESS [ 16, 16 ]
ROW114 [ 128, 74, 4, 2, 8, false, 2, 45 ] WITNESS [ 16, 16 ]
ROW114 [ 128, 75, 4, 2, 8, false, 1, 26 ] WITNESS [ 16, 16 ]
ROW114 [ 128, 76, 4, 2, 8, false, 1, 26 ] WITNESS [ 16, 16 ]
ROW114 [ 128, 77, 4, 2, 8, false, 1, 26 ] WITNESS [ 16, 16 ]
ROW114 [ 128, 78, 4, 2, 8, false, 1, 26 ] WITNESS [ 16, 16 ]
ROW114 [ 128, 79, 4, 2, 8, false, 1, 25 ] WITNESS [ 16, 16 ]
ROW114 [ 128, 80, 4, 2, 8, false, 1, 25 ] WITNESS [ 16, 16 ]
ROW114 [ 128, 81, 4, 2, 8, false, 1, 25 ] WITNESS [ 16, 16 ]
ROW114 [ 128, 82, 4, 2, 8, false, 1, 25 ] WITNESS [ 16, 16 ]
ROW114 [ 128, 83, 4, 2, 8, false, 1, 26 ] WITNESS [ 16, 16 ]
ROW114 [ 128, 84, 4, 2, 8, false, 1, 26 ] WITNESS [ 16, 16 ]
ROW114 [ 128, 85, 4, 2, 8, false, 1, 26 ] WITNESS [ 16, 16 ]
ROW114 [ 128, 86, 4, 2, 8, false, 1, 26 ] WITNESS [ 16, 16 ]
ROW114 [ 128, 87, 4, 2, 8, false, 1, 35 ] WITNESS [ 16, 16 ]
ROW114 [ 128, 88, 4, 2, 8, false, 1, 35 ] WITNESS [ 16, 16 ]
ROW114 [ 128, 89, 4, 2, 8, false, 2, 42 ] WITNESS [ 16, 16 ]
ROW114 [ 128, 90, 4, 2, 8, false, 2, 42 ] WITNESS [ 16, 16 ]
ROW114 [ 128, 91, 4, 2, 8, false, 2, 42 ] WITNESS [ 16, 16 ]
ROW114 [ 128, 92, 4, 2, 8, false, 1, 25 ] WITNESS [ 16, 16 ]
ROW114 [ 128, 93, 4, 2, 8, false, 1, 25 ] WITNESS [ 16, 16 ]
ROW114 [ 128, 94, 4, 2, 8, false, 1, 25 ] WITNESS [ 16, 16 ]
ROW114 [ 128, 95, 4, 2, 8, false, 1, 25 ] WITNESS [ 16, 16 ]
ROW114 [ 128, 96, 4, 2, 8, false, 1, 25 ] WITNESS [ 16, 16 ]
ROW114 [ 128, 97, 4, 2, 8, false, 1, 25 ] WITNESS [ 16, 16 ]
ROW114 [ 128, 98, 4, 2, 8, false, 1, 32 ] WITNESS [ 16, 16 ]
ROW114 [ 128, 99, 3, 2, 32, false, 2, 8 ] WITNESS [ 64, 64 ]
ROW114 [ 128, 100, 4, 2, 16, false, 1, 18 ] WITNESS [ 32, 32 ]
ROW114 [ 128, 101, 4, 2, 16, false, 1, 18 ] WITNESS [ 32, 32 ]
ROW114 [ 128, 102, 3, 2, 32, false, 2, 8 ] WITNESS [ 64, 64 ]
ROW114 [ 128, 103, 4, 2, 16, false, 1, 11 ] WITNESS [ 32, 32 ]
ROW114 [ 128, 104, 4, 2, 16, false, 1, 11 ] WITNESS [ 32, 32 ]
ROW114 [ 128, 105, 4, 2, 16, false, 1, 11 ] WITNESS [ 32, 32 ]
ROW114 [ 128, 108, 3, 2, 32, false, 2, 8 ] WITNESS [ 64, 64 ]
ROW114 [ 128, 109, 3, 2, 32, true, 4, 17 ]
ROW114 [ 128, 110, 3, 2, 32, true, 4, 17 ]
ROW114 [ 128, 111, 3, 2, 32, false, 1, 8 ] WITNESS [ 64, 64 ]
ROW114 [ 128, 112, 4, 2, 16, false, 1, 11 ] WITNESS [ 32, 32 ]
ROW114 [ 128, 113, 4, 2, 16, false, 1, 11 ] WITNESS [ 32, 32 ]
ROW114 [ 128, 114, 4, 2, 16, false, 1, 11 ] WITNESS [ 32, 32 ]
ROW114 [ 128, 115, 4, 2, 16, false, 1, 18 ] WITNESS [ 32, 32 ]
ROW114 [ 128, 116, 4, 2, 16, false, 1, 18 ] WITNESS [ 32, 32 ]
ROW114 [ 128, 117, 4, 2, 16, false, 1, 18 ] WITNESS [ 32, 32 ]
ROW114 [ 128, 118, 4, 2, 16, false, 1, 25 ] WITNESS [ 32, 32 ]
ROW114 [ 128, 119, 4, 2, 16, false, 1, 25 ] WITNESS [ 32, 32 ]
ROW114 [ 128, 120, 4, 2, 16, false, 1, 25 ] WITNESS [ 32, 32 ]
ROW114 [ 128, 121, 4, 2, 16, false, 1, 25 ] WITNESS [ 32, 32 ]
ROW114 [ 128, 122, 4, 2, 16, false, 3, 26 ] WITNESS [ 32, 32 ]
ROW114 [ 128, 123, 4, 2, 16, false, 3, 26 ] WITNESS [ 32, 32 ]
ROW114 [ 128, 124, 4, 2, 16, false, 3, 26 ] WITNESS [ 32, 32 ]
ROW114 [ 128, 125, 4, 2, 16, false, 3, 26 ] WITNESS [ 32, 32 ]
ROW114 [ 128, 126, 4, 2, 16, false, 3, 26 ] WITNESS [ 32, 32 ]
ROW114 [ 128, 127, 4, 2, 16, false, 3, 26 ] WITNESS [ 32, 32 ]
ROW114 [ 128, 132, 3, 2, 32, true, 4, 17 ]
ROW114 [ 128, 133, 3, 2, 32, false, 1, 8 ] WITNESS [ 64, 64 ]
ROW114 [ 128, 134, 5, 3, 8, false, 5, 47 ] WITNESS [ 16, 16 ]
ROW114 [ 128, 135, 5, 3, 8, false, 5, 47 ] WITNESS [ 16, 16 ]
ROW114 [ 128, 136, 5, 3, 8, false, 5, 47 ] WITNESS [ 16, 16 ]
ROW114 [ 128, 137, 5, 3, 8, false, 5, 47 ] WITNESS [ 16, 16 ]
ROW114 [ 128, 138, 5, 2, 8, false, 10, 43 ] WITNESS [ 16, 16 ]
ROW114 [ 128, 139, 5, 2, 8, false, 10, 43 ] WITNESS [ 16, 16 ]
ROW114 [ 128, 140, 5, 2, 8, false, 10, 43 ] WITNESS [ 16, 16 ]
ROW114 [ 128, 141, 5, 2, 8, false, 10, 43 ] WITNESS [ 16, 16 ]
ROW114 [ 128, 142, 5, 2, 8, false, 10, 43 ] WITNESS [ 16, 16 ]
ROW114 [ 128, 143, 5, 2, 8, false, 10, 43 ] WITNESS [ 16, 16 ]
ROW114 [ 128, 144, 5, 2, 8, false, 4, 35 ] WITNESS [ 16, 16 ]
ROW114 [ 128, 145, 5, 2, 8, false, 4, 35 ] WITNESS [ 16, 16 ]
ROW114 [ 128, 146, 5, 2, 8, false, 4, 35 ] WITNESS [ 16, 16 ]
ROW114 [ 128, 147, 5, 2, 8, false, 1, 14 ] WITNESS [ 16, 16 ]
ROW114 [ 128, 148, 5, 2, 8, false, 1, 14 ] WITNESS [ 16, 16 ]
ROW114 [ 128, 149, 5, 2, 8, false, 1, 14 ] WITNESS [ 16, 16 ]
ROW114 [ 128, 150, 5, 2, 8, false, 4, 33 ] WITNESS [ 16, 16 ]
ROW114 [ 128, 151, 5, 2, 8, false, 4, 33 ] WITNESS [ 16, 16 ]
ROW114 [ 128, 152, 5, 2, 8, false, 4, 33 ] WITNESS [ 16, 16 ]
ROW114 [ 128, 154, 3, 2, 32, false, 2, 8 ] WITNESS [ 64, 64 ]
ROW114 [ 128, 155, 5, 2, 8, false, 1, 14 ] WITNESS [ 16, 16 ]
ROW114 [ 128, 156, 5, 2, 8, false, 1, 14 ] WITNESS [ 16, 16 ]
ROW114 [ 128, 157, 5, 2, 8, false, 1, 14 ] WITNESS [ 16, 16 ]
ROW114 [ 128, 158, 5, 2, 8, false, 1, 23 ] WITNESS [ 16, 16 ]
ROW114 [ 128, 161, 6, 2, 4, false, 1, 17 ] WITNESS [ 8, 8 ]
ROW114 [ 128, 162, 6, 2, 4, false, 1, 17 ] WITNESS [ 8, 8 ]
ROW114 [ 128, 163, 6, 2, 4, false, 1, 17 ] WITNESS [ 8, 8 ]
ROW114 [ 128, 188, 3, 2, 32, true, 4, 17 ]
ROW114 [ 128, 189, 3, 2, 32, true, 4, 17 ]
ROW114 [ 128, 190, 3, 2, 32, true, 4, 17 ]
ROW114 [ 128, 191, 3, 2, 32, true, 4, 17 ]
ROW114 [ 128, 192, 3, 2, 32, true, 4, 17 ]
ROW114 [ 128, 193, 3, 2, 32, true, 4, 17 ]
ROW114 [ 128, 194, 3, 2, 16, false, 6, 66 ] WITNESS [ 32, 32 ]
ROW114 [ 128, 195, 3, 2, 16, false, 6, 66 ] WITNESS [ 32, 32 ]
ROW114 [ 128, 196, 3, 2, 16, false, 6, 66 ] WITNESS [ 32, 32 ]
ROW114 [ 128, 197, 3, 2, 16, false, 6, 66 ] WITNESS [ 32, 32 ]
ROW114 [ 128, 198, 3, 2, 16, false, 6, 66 ] WITNESS [ 32, 32 ]
ROW114 [ 128, 199, 3, 2, 16, false, 6, 66 ] WITNESS [ 32, 32 ]
ROW114 [ 128, 200, 3, 2, 16, false, 6, 66 ] WITNESS [ 32, 32 ]
ROW114 [ 128, 201, 3, 2, 16, false, 6, 66 ] WITNESS [ 32, 32 ]
ROW114 [ 128, 202, 3, 2, 16, false, 6, 66 ] WITNESS [ 32, 32 ]
ROW114 [ 128, 203, 3, 2, 16, false, 6, 66 ] WITNESS [ 32, 32 ]
ROW114 [ 128, 204, 3, 2, 16, false, 6, 66 ] WITNESS [ 32, 32 ]
ROW114 [ 128, 205, 3, 2, 16, false, 6, 66 ] WITNESS [ 32, 32 ]
ROW114 [ 128, 206, 3, 2, 32, false, 3, 8 ] WITNESS [ 64, 64 ]
ROW114 [ 128, 207, 3, 2, 32, false, 3, 8 ] WITNESS [ 64, 64 ]
ROW114 [ 128, 208, 3, 2, 32, false, 3, 8 ] WITNESS [ 64, 64 ]
ROW114 [ 128, 209, 3, 2, 32, true, 8, 27 ]
ROW114 [ 128, 210, 3, 2, 32, true, 8, 27 ]
ROW114 [ 128, 211, 3, 2, 32, true, 8, 27 ]
ROW114 [ 128, 212, 3, 2, 16, false, 4, 27 ] WITNESS [ 32, 32 ]
ROW114 [ 128, 213, 3, 2, 16, false, 4, 27 ] WITNESS [ 32, 32 ]
ROW114 [ 128, 214, 3, 2, 16, false, 4, 27 ] WITNESS [ 32, 32 ]
ROW114 [ 128, 215, 3, 2, 16, false, 4, 27 ] WITNESS [ 32, 32 ]
ROW114 [ 128, 216, 3, 2, 16, false, 4, 27 ] WITNESS [ 32, 32 ]
ROW114 [ 128, 217, 3, 2, 16, false, 4, 27 ] WITNESS [ 32, 32 ]
ROW114 [ 128, 218, 3, 2, 16, false, 2, 27 ] WITNESS [ 32, 32 ]
ROW114 [ 128, 219, 3, 2, 16, false, 2, 27 ] WITNESS [ 32, 32 ]
ROW114 [ 128, 220, 3, 2, 16, false, 2, 27 ] WITNESS [ 32, 32 ]
ROW114 [ 128, 221, 3, 2, 16, false, 3, 27 ] WITNESS [ 32, 32 ]
ROW114 [ 128, 222, 3, 2, 16, false, 3, 27 ] WITNESS [ 32, 32 ]
ROW114 [ 128, 223, 3, 2, 16, false, 3, 27 ] WITNESS [ 32, 32 ]
ROW114 [ 128, 224, 3, 2, 16, false, 7, 27 ] WITNESS [ 32, 32 ]
ROW114 [ 128, 225, 3, 2, 16, false, 7, 27 ] WITNESS [ 32, 32 ]
ROW114 [ 128, 226, 3, 2, 16, false, 7, 27 ] WITNESS [ 32, 32 ]
ROW114 [ 128, 227, 3, 2, 16, false, 7, 27 ] WITNESS [ 32, 32 ]
ROW114 [ 128, 228, 3, 2, 16, false, 7, 27 ] WITNESS [ 32, 32 ]
ROW114 [ 128, 229, 3, 2, 16, false, 7, 27 ] WITNESS [ 32, 32 ]
ROW114 [ 128, 230, 3, 2, 16, false, 1, 17 ] WITNESS [ 32, 32 ]
ROW114 [ 128, 231, 3, 2, 16, false, 1, 17 ] WITNESS [ 32, 32 ]
ROW114 [ 128, 232, 3, 2, 16, false, 1, 17 ] WITNESS [ 32, 32 ]
ROW114 [ 128, 233, 3, 2, 16, false, 1, 17 ] WITNESS [ 32, 32 ]
ROW114 [ 128, 234, 3, 2, 16, false, 1, 17 ] WITNESS [ 32, 32 ]
ROW114 [ 128, 235, 3, 2, 16, false, 1, 17 ] WITNESS [ 32, 32 ]
ROW114 [ 128, 236, 3, 2, 16, false, 6, 66 ] WITNESS [ 32, 32 ]
ROW114 [ 128, 237, 3, 2, 16, false, 6, 66 ] WITNESS [ 32, 32 ]
ROW114 [ 128, 238, 3, 2, 16, false, 6, 66 ] WITNESS [ 32, 32 ]
ROW114 [ 128, 239, 3, 2, 16, false, 6, 66 ] WITNESS [ 32, 32 ]
ROW114 [ 128, 240, 3, 2, 16, false, 6, 66 ] WITNESS [ 32, 32 ]
ROW114 [ 128, 241, 3, 2, 16, false, 6, 66 ] WITNESS [ 32, 32 ]
ROW114 [ 128, 242, 3, 2, 16, false, 6, 66 ] WITNESS [ 32, 32 ]
ROW114 [ 128, 243, 3, 2, 16, false, 6, 66 ] WITNESS [ 32, 32 ]
ROW114 [ 128, 244, 3, 2, 16, false, 6, 66 ] WITNESS [ 32, 32 ]
ROW114 [ 128, 245, 3, 2, 16, false, 6, 66 ] WITNESS [ 32, 32 ]
ROW114 [ 128, 246, 3, 2, 16, false, 6, 66 ] WITNESS [ 32, 32 ]
ROW114 [ 128, 247, 3, 2, 16, false, 6, 66 ] WITNESS [ 32, 32 ]
ROW114 [ 128, 248, 3, 2, 16, false, 6, 66 ] WITNESS [ 32, 32 ]
ROW114 [ 128, 249, 3, 2, 16, false, 6, 66 ] WITNESS [ 32, 32 ]
ROW114 [ 128, 250, 3, 2, 16, false, 6, 66 ] WITNESS [ 32, 32 ]
ROW114 [ 128, 251, 3, 2, 16, false, 6, 66 ] WITNESS [ 32, 32 ]
ROW114 [ 128, 252, 3, 2, 16, false, 6, 66 ] WITNESS [ 32, 32 ]
ROW114 [ 128, 253, 3, 2, 16, false, 6, 66 ] WITNESS [ 32, 32 ]
ROW114 [ 128, 254, 3, 2, 16, false, 1, 17 ] WITNESS [ 32, 32 ]
ROW114 [ 128, 255, 3, 2, 16, false, 1, 17 ] WITNESS [ 32, 32 ]
ROW114 [ 128, 256, 3, 2, 16, false, 1, 17 ] WITNESS [ 32, 32 ]
ROW114 [ 128, 257, 3, 2, 16, false, 1, 17 ] WITNESS [ 32, 32 ]
ROW114 [ 128, 258, 3, 2, 16, false, 1, 17 ] WITNESS [ 32, 32 ]
ROW114 [ 128, 259, 3, 2, 16, false, 6, 66 ] WITNESS [ 32, 32 ]
ROW114 [ 128, 260, 3, 2, 16, false, 6, 66 ] WITNESS [ 32, 32 ]
ROW114 [ 128, 261, 3, 2, 16, false, 6, 66 ] WITNESS [ 32, 32 ]
ROW114 [ 128, 262, 3, 2, 16, false, 6, 66 ] WITNESS [ 32, 32 ]
ROW114 [ 128, 263, 3, 2, 16, false, 6, 66 ] WITNESS [ 32, 32 ]
ROW114 [ 128, 264, 3, 2, 16, false, 6, 66 ] WITNESS [ 32, 32 ]
ROW114 [ 128, 265, 3, 2, 16, false, 6, 66 ] WITNESS [ 32, 32 ]
ROW114 [ 128, 266, 3, 2, 16, false, 6, 66 ] WITNESS [ 32, 32 ]
ROW114 [ 128, 267, 3, 2, 16, false, 6, 66 ] WITNESS [ 32, 32 ]
ROW114 [ 128, 268, 3, 2, 16, false, 6, 66 ] WITNESS [ 32, 32 ]
ROW114 [ 128, 269, 3, 2, 16, false, 6, 66 ] WITNESS [ 32, 32 ]
ROW114 [ 128, 270, 3, 2, 16, false, 1, 17 ] WITNESS [ 32, 32 ]
ROW114 [ 128, 271, 3, 2, 16, false, 1, 17 ] WITNESS [ 32, 32 ]
ROW114 [ 128, 272, 3, 2, 16, false, 1, 17 ] WITNESS [ 32, 32 ]
ROW114 [ 128, 273, 3, 2, 16, false, 1, 17 ] WITNESS [ 32, 32 ]
ROW114 [ 128, 274, 3, 2, 16, false, 1, 17 ] WITNESS [ 32, 32 ]
ROW114 [ 128, 275, 3, 2, 16, false, 1, 17 ] WITNESS [ 32, 32 ]
ROW114 [ 128, 276, 3, 2, 16, false, 1, 17 ] WITNESS [ 32, 32 ]
ROW114 [ 128, 277, 3, 2, 16, false, 6, 66 ] WITNESS [ 32, 32 ]
ROW114 [ 128, 278, 3, 2, 16, false, 6, 66 ] WITNESS [ 32, 32 ]
ROW114 [ 128, 279, 3, 2, 16, false, 6, 66 ] WITNESS [ 32, 32 ]
ROW114 [ 128, 280, 3, 2, 16, false, 6, 66 ] WITNESS [ 32, 32 ]
ROW114 [ 128, 281, 3, 2, 16, false, 6, 66 ] WITNESS [ 32, 32 ]
ROW114 [ 128, 282, 3, 2, 16, false, 6, 66 ] WITNESS [ 32, 32 ]
ROW114 [ 128, 283, 3, 2, 16, false, 6, 66 ] WITNESS [ 32, 32 ]
ROW114 [ 128, 284, 3, 2, 16, false, 6, 66 ] WITNESS [ 32, 32 ]
ROW114 [ 128, 285, 3, 2, 16, false, 6, 66 ] WITNESS [ 32, 32 ]
ROW114 [ 128, 286, 3, 2, 16, false, 6, 66 ] WITNESS [ 32, 32 ]
ROW114 [ 128, 287, 3, 2, 16, false, 6, 66 ] WITNESS [ 32, 32 ]
ROW114 [ 128, 288, 3, 2, 16, false, 6, 66 ] WITNESS [ 32, 32 ]
ROW114 [ 128, 289, 3, 2, 16, false, 6, 66 ] WITNESS [ 32, 32 ]
ROW114 [ 128, 290, 3, 2, 16, false, 6, 66 ] WITNESS [ 32, 32 ]
ROW114 [ 128, 291, 3, 2, 16, false, 6, 66 ] WITNESS [ 32, 32 ]
ROW114 [ 128, 292, 3, 2, 16, false, 6, 66 ] WITNESS [ 32, 32 ]
ROW114 [ 128, 293, 3, 2, 16, false, 6, 66 ] WITNESS [ 32, 32 ]
ROW114 [ 128, 294, 3, 2, 32, false, 2, 8 ] WITNESS [ 64, 64 ]
ROW114 [ 128, 295, 3, 2, 32, false, 2, 8 ] WITNESS [ 64, 64 ]
ROW114 [ 128, 296, 3, 2, 32, false, 2, 8 ] WITNESS [ 64, 64 ]
ROW114 [ 128, 297, 3, 2, 32, true, 8, 27 ]
ROW114 [ 128, 298, 3, 2, 16, false, 5, 27 ] WITNESS [ 32, 32 ]
ROW114 [ 128, 299, 3, 2, 16, false, 5, 27 ] WITNESS [ 32, 32 ]
ROW114 [ 128, 300, 3, 2, 16, false, 5, 27 ] WITNESS [ 32, 32 ]
ROW114 [ 128, 301, 3, 2, 16, false, 5, 27 ] WITNESS [ 32, 32 ]
ROW114 [ 128, 302, 3, 2, 16, false, 5, 27 ] WITNESS [ 32, 32 ]
ROW114 [ 128, 303, 3, 2, 16, false, 5, 27 ] WITNESS [ 32, 32 ]
ROW114 [ 128, 304, 3, 2, 16, false, 5, 27 ] WITNESS [ 32, 32 ]
ROW114 [ 128, 305, 3, 2, 16, false, 5, 27 ] WITNESS [ 32, 32 ]
ROW114 [ 128, 306, 3, 2, 16, false, 5, 27 ] WITNESS [ 32, 32 ]
ROW114 [ 128, 307, 3, 2, 32, false, 3, 8 ] WITNESS [ 64, 64 ]
ROW114 [ 128, 308, 3, 2, 32, false, 3, 8 ] WITNESS [ 64, 64 ]
ROW114 [ 128, 309, 3, 2, 32, false, 3, 8 ] WITNESS [ 64, 64 ]
ROW114 [ 128, 310, 3, 2, 32, true, 8, 27 ]
ROW114 [ 128, 311, 3, 2, 32, true, 8, 27 ]
ROW114 [ 128, 312, 3, 2, 32, true, 8, 27 ]
ROW114 [ 128, 313, 3, 2, 16, false, 2, 27 ] WITNESS [ 32, 32 ]
ROW114 [ 128, 314, 3, 2, 16, false, 2, 27 ] WITNESS [ 32, 32 ]
ROW114 [ 128, 315, 3, 2, 16, false, 2, 27 ] WITNESS [ 32, 32 ]
ROW114 [ 128, 316, 3, 2, 16, false, 2, 27 ] WITNESS [ 32, 32 ]
ROW114 [ 128, 317, 3, 2, 16, false, 2, 27 ] WITNESS [ 32, 32 ]
ROW114 [ 128, 318, 3, 2, 16, false, 2, 27 ] WITNESS [ 32, 32 ]
ROW114 [ 128, 319, 3, 2, 16, false, 2, 27 ] WITNESS [ 32, 32 ]
ROW114 [ 128, 320, 3, 2, 16, false, 2, 27 ] WITNESS [ 32, 32 ]
ROW114 [ 128, 321, 3, 2, 16, false, 7, 27 ] WITNESS [ 32, 32 ]
ROW114 [ 128, 322, 3, 2, 16, false, 7, 27 ] WITNESS [ 32, 32 ]
ROW114 [ 128, 323, 3, 2, 16, false, 7, 27 ] WITNESS [ 32, 32 ]
ROW114 [ 128, 324, 3, 2, 16, false, 7, 27 ] WITNESS [ 32, 32 ]
ROW114 [ 128, 325, 3, 2, 16, false, 7, 27 ] WITNESS [ 32, 32 ]
ROW114 [ 128, 326, 3, 2, 16, false, 7, 27 ] WITNESS [ 32, 32 ]
ROW114 [ 128, 327, 3, 2, 8, false, 7, 65 ] WITNESS [ 16, 16 ]
ROW114 [ 128, 328, 3, 2, 8, false, 7, 65 ] WITNESS [ 16, 16 ]
ROW114 [ 128, 329, 3, 2, 8, false, 7, 65 ] WITNESS [ 16, 16 ]
ROW114 [ 128, 330, 3, 2, 8, false, 7, 65 ] WITNESS [ 16, 16 ]
ROW114 [ 128, 331, 3, 2, 8, false, 7, 65 ] WITNESS [ 16, 16 ]
ROW114 [ 128, 332, 3, 2, 8, false, 7, 65 ] WITNESS [ 16, 16 ]
ROW114 [ 128, 333, 3, 2, 8, false, 7, 65 ] WITNESS [ 16, 16 ]
ROW114 [ 128, 334, 3, 2, 8, false, 7, 65 ] WITNESS [ 16, 16 ]
ROW114 [ 128, 335, 3, 2, 8, false, 7, 65 ] WITNESS [ 16, 16 ]
ROW114 [ 128, 336, 3, 2, 8, false, 7, 65 ] WITNESS [ 16, 16 ]
ROW114 [ 128, 337, 3, 2, 8, false, 7, 65 ] WITNESS [ 16, 16 ]
ROW114 [ 128, 338, 3, 2, 8, false, 7, 65 ] WITNESS [ 16, 16 ]
ROW114 [ 128, 339, 3, 2, 8, false, 7, 65 ] WITNESS [ 16, 16 ]
ROW114 [ 128, 340, 3, 2, 8, false, 7, 65 ] WITNESS [ 16, 16 ]
ROW114 [ 128, 341, 3, 2, 8, false, 7, 65 ] WITNESS [ 16, 16 ]
ROW114 [ 128, 342, 3, 2, 8, false, 7, 65 ] WITNESS [ 16, 16 ]
ROW114 [ 128, 343, 3, 2, 8, false, 7, 65 ] WITNESS [ 16, 16 ]
ROW114 [ 128, 344, 3, 2, 8, false, 7, 65 ] WITNESS [ 16, 16 ]
ROW114 [ 128, 345, 3, 2, 8, false, 7, 65 ] WITNESS [ 16, 16 ]
ROW114 [ 128, 346, 3, 2, 8, false, 7, 65 ] WITNESS [ 16, 16 ]
ROW114 [ 128, 347, 3, 2, 8, false, 7, 65 ] WITNESS [ 16, 16 ]
ROW114 [ 128, 348, 3, 2, 8, false, 7, 65 ] WITNESS [ 16, 16 ]
ROW114 [ 128, 349, 3, 2, 8, false, 7, 65 ] WITNESS [ 16, 16 ]
ROW114 [ 128, 350, 3, 2, 8, false, 7, 65 ] WITNESS [ 16, 16 ]
ROW114 [ 128, 351, 3, 2, 8, false, 2, 65 ] WITNESS [ 16, 16 ]
ROW114 [ 128, 352, 3, 2, 8, false, 2, 65 ] WITNESS [ 16, 16 ]
ROW114 [ 128, 353, 3, 2, 8, false, 2, 65 ] WITNESS [ 16, 16 ]
ROW114 [ 128, 354, 3, 2, 8, false, 2, 65 ] WITNESS [ 16, 16 ]
ROW114 [ 128, 355, 3, 2, 8, false, 2, 65 ] WITNESS [ 16, 16 ]
ROW114 [ 128, 356, 3, 2, 8, false, 2, 65 ] WITNESS [ 16, 16 ]
ROW114 [ 128, 357, 3, 2, 8, false, 2, 65 ] WITNESS [ 16, 16 ]
ROW114 [ 128, 358, 3, 2, 8, false, 2, 65 ] WITNESS [ 16, 16 ]
ROW114 [ 128, 359, 3, 2, 8, false, 2, 65 ] WITNESS [ 16, 16 ]
ROW114 [ 128, 360, 3, 2, 8, false, 2, 65 ] WITNESS [ 16, 16 ]
ROW114 [ 128, 361, 3, 2, 8, false, 2, 65 ] WITNESS [ 16, 16 ]
ROW114 [ 128, 362, 3, 2, 8, false, 2, 65 ] WITNESS [ 16, 16 ]
ROW114 [ 128, 363, 3, 2, 8, false, 2, 65 ] WITNESS [ 16, 16 ]
ROW114 [ 128, 364, 3, 2, 8, false, 2, 65 ] WITNESS [ 16, 16 ]
ROW114 [ 128, 365, 3, 2, 8, false, 2, 65 ] WITNESS [ 16, 16 ]
ROW114 [ 128, 366, 3, 2, 8, false, 2, 65 ] WITNESS [ 16, 16 ]
ROW114 [ 128, 367, 3, 2, 8, false, 2, 65 ] WITNESS [ 16, 16 ]
ROW114 [ 128, 368, 3, 2, 8, false, 2, 65 ] WITNESS [ 16, 16 ]
ROW114 [ 128, 369, 3, 2, 8, false, 2, 65 ] WITNESS [ 16, 16 ]
ROW114 [ 128, 370, 3, 2, 8, false, 2, 65 ] WITNESS [ 16, 16 ]
ROW114 [ 128, 371, 3, 2, 8, false, 2, 65 ] WITNESS [ 16, 16 ]
ROW114 [ 128, 372, 3, 2, 8, false, 2, 65 ] WITNESS [ 16, 16 ]
ROW114 [ 128, 373, 3, 2, 8, false, 2, 65 ] WITNESS [ 16, 16 ]
ROW114 [ 128, 374, 3, 2, 8, false, 2, 65 ] WITNESS [ 16, 16 ]
ROW114 [ 128, 375, 3, 2, 8, false, 2, 65 ] WITNESS [ 16, 16 ]
ROW114 [ 128, 376, 3, 2, 8, false, 2, 65 ] WITNESS [ 16, 16 ]
ROW114 [ 128, 377, 3, 2, 8, false, 2, 65 ] WITNESS [ 16, 16 ]
ROW114 [ 128, 378, 3, 2, 8, false, 2, 65 ] WITNESS [ 16, 16 ]
ROW114 [ 128, 379, 3, 2, 8, false, 2, 65 ] WITNESS [ 16, 16 ]
ROW114 [ 128, 380, 3, 2, 8, false, 2, 65 ] WITNESS [ 16, 16 ]
ROW114 [ 128, 381, 3, 2, 8, false, 2, 65 ] WITNESS [ 16, 16 ]
ROW114 [ 128, 382, 3, 2, 8, false, 2, 65 ] WITNESS [ 16, 16 ]
ROW114 [ 128, 383, 3, 2, 8, false, 2, 65 ] WITNESS [ 16, 16 ]
ROW114 [ 128, 384, 3, 2, 8, false, 2, 65 ] WITNESS [ 16, 16 ]
ROW114 [ 128, 385, 3, 2, 8, false, 2, 65 ] WITNESS [ 16, 16 ]
ROW114 [ 128, 386, 3, 2, 8, false, 2, 65 ] WITNESS [ 16, 16 ]
ROW114 [ 128, 387, 3, 2, 8, false, 4, 65 ] WITNESS [ 16, 16 ]
ROW114 [ 128, 388, 3, 2, 8, false, 4, 65 ] WITNESS [ 16, 16 ]
ROW114 [ 128, 389, 3, 2, 8, false, 4, 65 ] WITNESS [ 16, 16 ]
ROW114 [ 128, 390, 3, 2, 8, false, 4, 65 ] WITNESS [ 16, 16 ]
ROW114 [ 128, 391, 3, 2, 8, false, 4, 65 ] WITNESS [ 16, 16 ]
ROW114 [ 128, 392, 3, 2, 8, false, 4, 65 ] WITNESS [ 16, 16 ]
ROW114 [ 128, 393, 3, 2, 8, false, 4, 65 ] WITNESS [ 16, 16 ]
ROW114 [ 128, 394, 3, 2, 8, false, 4, 65 ] WITNESS [ 16, 16 ]
ROW114 [ 128, 395, 3, 2, 8, false, 4, 65 ] WITNESS [ 16, 16 ]
ROW114 [ 128, 396, 3, 2, 8, false, 4, 65 ] WITNESS [ 16, 16 ]
ROW114 [ 128, 397, 3, 2, 8, false, 1, 47 ] WITNESS [ 16, 16 ]
ROW114 [ 128, 398, 3, 2, 8, false, 1, 47 ] WITNESS [ 16, 16 ]
ROW114 [ 128, 399, 3, 2, 8, false, 1, 47 ] WITNESS [ 16, 16 ]
ROW114 [ 128, 400, 3, 2, 8, false, 1, 47 ] WITNESS [ 16, 16 ]
ROW114 [ 128, 401, 3, 2, 8, false, 1, 47 ] WITNESS [ 16, 16 ]
ROW114 [ 128, 402, 3, 2, 8, false, 1, 47 ] WITNESS [ 16, 16 ]
ROW114 [ 128, 403, 3, 2, 8, false, 1, 47 ] WITNESS [ 16, 16 ]
ROW114 [ 128, 404, 3, 2, 8, false, 1, 47 ] WITNESS [ 16, 16 ]
ROW114 [ 128, 405, 3, 2, 8, false, 1, 47 ] WITNESS [ 16, 16 ]
ROW114 [ 128, 406, 3, 2, 8, false, 1, 47 ] WITNESS [ 16, 16 ]
ROW114 [ 128, 407, 3, 2, 8, false, 1, 47 ] WITNESS [ 16, 16 ]
ROW114 [ 128, 408, 3, 2, 8, false, 1, 47 ] WITNESS [ 16, 16 ]
ROW114 [ 128, 409, 3, 2, 8, false, 1, 47 ] WITNESS [ 16, 16 ]
ROW114 [ 128, 410, 3, 2, 8, false, 1, 47 ] WITNESS [ 16, 16 ]
ROW114 [ 128, 411, 3, 2, 8, false, 1, 47 ] WITNESS [ 16, 16 ]
ROW114 [ 128, 412, 3, 2, 8, false, 1, 47 ] WITNESS [ 16, 16 ]
ROW114 [ 128, 413, 3, 2, 8, false, 1, 47 ] WITNESS [ 16, 16 ]
ROW114 [ 128, 414, 3, 2, 8, false, 1, 47 ] WITNESS [ 16, 16 ]
ROW114 [ 128, 415, 3, 2, 8, false, 1, 47 ] WITNESS [ 16, 16 ]
ROW114 [ 128, 416, 3, 2, 8, false, 1, 47 ] WITNESS [ 16, 16 ]
ROW114 [ 128, 417, 3, 2, 8, false, 1, 47 ] WITNESS [ 16, 16 ]
ROW114 [ 128, 418, 3, 2, 8, false, 1, 47 ] WITNESS [ 16, 16 ]
ROW114 [ 128, 419, 3, 2, 8, false, 1, 47 ] WITNESS [ 16, 16 ]
ROW114 [ 128, 420, 3, 2, 8, false, 1, 47 ] WITNESS [ 16, 16 ]
ROW114 [ 128, 421, 3, 2, 8, false, 1, 47 ] WITNESS [ 16, 16 ]
ROW114 [ 128, 422, 3, 2, 8, false, 1, 47 ] WITNESS [ 16, 16 ]
ROW114 [ 128, 423, 3, 2, 8, false, 1, 47 ] WITNESS [ 16, 16 ]
ROW114 [ 128, 424, 3, 2, 8, false, 1, 47 ] WITNESS [ 16, 16 ]
ROW114 [ 128, 425, 3, 2, 8, false, 1, 47 ] WITNESS [ 16, 16 ]
ROW114 [ 128, 426, 3, 2, 8, false, 1, 47 ] WITNESS [ 16, 16 ]
ROW114 [ 128, 427, 3, 2, 8, false, 1, 47 ] WITNESS [ 16, 16 ]
ROW114 [ 128, 428, 3, 2, 8, false, 1, 47 ] WITNESS [ 16, 16 ]
ROW114 [ 128, 429, 3, 2, 8, false, 1, 47 ] WITNESS [ 16, 16 ]
ROW114 [ 128, 430, 3, 2, 8, false, 1, 47 ] WITNESS [ 16, 16 ]
ROW114 [ 128, 431, 3, 2, 8, false, 1, 47 ] WITNESS [ 16, 16 ]
ROW114 [ 128, 432, 3, 2, 8, false, 1, 47 ] WITNESS [ 16, 16 ]
ROW114 [ 128, 433, 3, 2, 8, false, 1, 47 ] WITNESS [ 16, 16 ]
ROW114 [ 128, 434, 3, 2, 8, false, 1, 47 ] WITNESS [ 16, 16 ]
ROW114 [ 128, 435, 3, 2, 8, false, 1, 47 ] WITNESS [ 16, 16 ]
ROW114 [ 128, 436, 3, 2, 8, false, 1, 47 ] WITNESS [ 16, 16 ]
ROW114 [ 128, 437, 3, 2, 8, false, 2, 54 ] WITNESS [ 16, 16 ]
ROW114 [ 128, 438, 3, 2, 8, false, 2, 54 ] WITNESS [ 16, 16 ]
ROW114 [ 128, 439, 3, 2, 8, false, 2, 54 ] WITNESS [ 16, 16 ]
ROW114 [ 128, 440, 3, 2, 8, false, 2, 54 ] WITNESS [ 16, 16 ]
ROW114 [ 128, 441, 3, 2, 8, false, 2, 54 ] WITNESS [ 16, 16 ]
ROW114 [ 128, 442, 3, 2, 8, false, 2, 54 ] WITNESS [ 16, 16 ]
ROW114 [ 128, 443, 3, 2, 8, false, 2, 54 ] WITNESS [ 16, 16 ]
ROW114 [ 128, 444, 3, 2, 8, false, 2, 54 ] WITNESS [ 16, 16 ]
ROW114 [ 128, 445, 3, 2, 8, false, 2, 54 ] WITNESS [ 16, 16 ]
ROW114 [ 128, 446, 3, 2, 8, false, 2, 54 ] WITNESS [ 16, 16 ]
ROW114 [ 128, 447, 3, 2, 8, false, 2, 54 ] WITNESS [ 16, 16 ]
ROW114 [ 128, 448, 3, 2, 8, false, 2, 54 ] WITNESS [ 16, 16 ]
ROW114 [ 128, 449, 3, 2, 8, false, 2, 54 ] WITNESS [ 16, 16 ]
ROW114 [ 128, 450, 3, 2, 8, false, 2, 54 ] WITNESS [ 16, 16 ]
ROW114 [ 128, 451, 3, 2, 8, false, 2, 54 ] WITNESS [ 16, 16 ]
ROW114 [ 128, 452, 3, 2, 8, false, 2, 54 ] WITNESS [ 16, 16 ]
ROW114 [ 128, 453, 3, 2, 8, false, 2, 54 ] WITNESS [ 16, 16 ]
ROW114 [ 128, 454, 3, 2, 8, false, 2, 54 ] WITNESS [ 16, 16 ]
ROW114 [ 128, 455, 3, 2, 8, false, 2, 54 ] WITNESS [ 16, 16 ]
ROW114 [ 128, 464, 3, 2, 32, false, 2, 8 ] WITNESS [ 64, 64 ]
ROW114 [ 128, 465, 3, 2, 32, true, 8, 27 ]
ROW114 [ 128, 466, 3, 2, 32, false, 2, 8 ] WITNESS [ 64, 64 ]
ROW114 [ 128, 467, 3, 2, 32, false, 2, 8 ] WITNESS [ 64, 64 ]
ROW114 [ 128, 468, 3, 2, 32, true, 8, 27 ]
ROW114 [ 128, 469, 3, 2, 32, false, 2, 8 ] WITNESS [ 64, 64 ]
ROW114 [ 128, 470, 3, 2, 32, true, 8, 27 ]
ROW114 [ 128, 471, 3, 2, 32, true, 4, 17 ]
ROW114 [ 128, 472, 3, 2, 32, true, 4, 17 ]
ROW114 [ 128, 473, 3, 2, 32, true, 4, 17 ]
ROW114 [ 128, 474, 3, 2, 32, true, 4, 17 ]
ROW114 [ 128, 475, 3, 2, 32, true, 4, 17 ]
ROW114 [ 128, 486, 3, 2, 32, true, 4, 17 ]
ROW114 [ 128, 487, 3, 2, 32, true, 4, 17 ]
ROW114 [ 128, 488, 3, 2, 32, true, 4, 17 ]
ROW114 [ 128, 489, 3, 2, 32, true, 4, 17 ]
ROW114 [ 128, 490, 3, 2, 32, false, 2, 8 ] WITNESS [ 64, 64 ]
ROW114 [ 128, 491, 3, 2, 32, true, 8, 27 ]
ROW114 [ 128, 492, 3, 2, 32, false, 2, 8 ] WITNESS [ 64, 64 ]
ROW114 [ 128, 493, 3, 2, 32, false, 2, 8 ] WITNESS [ 64, 64 ]
ROW114 [ 128, 494, 3, 2, 32, true, 8, 27 ]
ROW114 [ 128, 495, 3, 2, 32, true, 8, 27 ]
ROW114 [ 128, 496, 3, 2, 32, false, 2, 8 ] WITNESS [ 64, 64 ]
ROW114 [ 128, 497, 3, 2, 32, true, 8, 27 ]
ROW114 [ 128, 504, 3, 2, 32, false, 1, 8 ] WITNESS [ 64, 64 ]
ROW114 [ 128, 505, 3, 2, 32, true, 8, 27 ]
ROW114 [ 128, 506, 3, 2, 32, false, 1, 8 ] WITNESS [ 64, 64 ]
ROW114 [ 128, 507, 3, 2, 32, false, 1, 8 ] WITNESS [ 64, 64 ]
ROW114 [ 128, 508, 3, 2, 32, true, 8, 27 ]
ROW114 [ 128, 509, 3, 2, 32, false, 1, 8 ] WITNESS [ 64, 64 ]
ROW114 [ 128, 510, 3, 2, 32, true, 8, 27 ]
ROW114 [ 128, 513, 3, 2, 16, false, 6, 66 ] WITNESS [ 32, 32 ]
ROW114 [ 128, 514, 3, 2, 16, false, 6, 66 ] WITNESS [ 32, 32 ]
ROW114 [ 128, 515, 3, 2, 16, false, 6, 66 ] WITNESS [ 32, 32 ]
ROW114 [ 128, 516, 3, 2, 16, false, 6, 66 ] WITNESS [ 32, 32 ]
ROW114 [ 128, 517, 3, 2, 16, false, 6, 66 ] WITNESS [ 32, 32 ]
ROW114 [ 128, 518, 3, 2, 16, false, 2, 27 ] WITNESS [ 32, 32 ]
ROW114 [ 128, 519, 3, 2, 16, false, 2, 27 ] WITNESS [ 32, 32 ]
ROW114 [ 128, 520, 3, 2, 16, false, 2, 27 ] WITNESS [ 32, 32 ]
ROW114 [ 128, 521, 3, 2, 16, false, 2, 27 ] WITNESS [ 32, 32 ]
ROW114 [ 128, 522, 3, 2, 16, false, 14, 65 ] WITNESS [ 32, 32 ]
ROW114 [ 128, 523, 3, 2, 16, false, 14, 65 ] WITNESS [ 32, 32 ]
ROW114 [ 128, 524, 3, 2, 16, false, 17, 65 ] WITNESS [ 32, 32 ]
ROW114 [ 128, 525, 3, 2, 16, false, 17, 65 ] WITNESS [ 32, 32 ]
ROW114 [ 128, 526, 3, 2, 16, false, 17, 65 ] WITNESS [ 32, 32 ]
ROW114 [ 128, 527, 3, 2, 16, false, 41, 253 ] WITNESS [ 64, 32 ]
ROW114 [ 128, 528, 3, 2, 16, false, 41, 253 ] WITNESS [ 64, 32 ]
ROW114 [ 128, 531, 3, 2, 16, false, 1, 66 ] WITNESS [ 32, 32 ]
ROW114 [ 128, 532, 3, 2, 16, false, 1, 66 ] WITNESS [ 32, 32 ]
ROW114 [ 128, 533, 3, 2, 16, false, 1, 66 ] WITNESS [ 32, 32 ]
ROW114 [ 128, 534, 3, 2, 16, false, 2, 27 ] WITNESS [ 32, 32 ]
ROW114 [ 128, 535, 3, 2, 16, false, 2, 27 ] WITNESS [ 32, 32 ]
ROW114 [ 128, 536, 3, 2, 16, false, 2, 27 ] WITNESS [ 32, 32 ]
ROW114 [ 128, 537, 3, 2, 16, false, 2, 27 ] WITNESS [ 32, 32 ]
ROW114 [ 128, 538, 3, 2, 16, false, 2, 27 ] WITNESS [ 32, 32 ]
ROW114 [ 128, 539, 3, 2, 16, false, 5, 27 ] WITNESS [ 32, 32 ]
ROW114 [ 128, 540, 3, 2, 16, false, 5, 27 ] WITNESS [ 32, 32 ]
ROW114 [ 128, 541, 3, 2, 16, false, 5, 27 ] WITNESS [ 32, 32 ]
ROW114 [ 128, 542, 3, 2, 16, false, 5, 27 ] WITNESS [ 32, 32 ]
ROW114 [ 128, 543, 3, 2, 16, false, 5, 27 ] WITNESS [ 32, 32 ]
ROW114 [ 128, 544, 3, 2, 16, false, 2, 38 ] WITNESS [ 32, 32 ]
ROW114 [ 128, 545, 3, 2, 16, false, 2, 38 ] WITNESS [ 32, 32 ]
ROW114 [ 128, 546, 3, 2, 16, false, 1, 47 ] WITNESS [ 32, 32 ]
ROW114 [ 128, 547, 3, 2, 16, false, 1, 47 ] WITNESS [ 32, 32 ]
ROW114 [ 128, 548, 3, 2, 16, false, 1, 47 ] WITNESS [ 32, 32 ]
ROW114 [ 128, 551, 3, 2, 16, false, 1, 66 ] WITNESS [ 32, 32 ]
ROW114 [ 128, 552, 3, 2, 16, false, 1, 66 ] WITNESS [ 32, 32 ]
ROW114 [ 128, 553, 3, 2, 16, false, 1, 66 ] WITNESS [ 32, 32 ]
ROW114 [ 128, 554, 3, 2, 16, false, 1, 66 ] WITNESS [ 32, 32 ]
ROW114 [ 128, 555, 3, 2, 16, false, 2, 27 ] WITNESS [ 32, 32 ]
ROW114 [ 128, 556, 3, 2, 16, false, 2, 27 ] WITNESS [ 32, 32 ]
ROW114 [ 128, 557, 3, 2, 16, false, 2, 27 ] WITNESS [ 32, 32 ]
ROW114 [ 128, 558, 3, 2, 16, false, 2, 27 ] WITNESS [ 32, 32 ]
ROW114 [ 128, 559, 3, 2, 16, false, 4, 38 ] WITNESS [ 32, 32 ]
ROW114 [ 128, 560, 3, 2, 16, false, 20, 109 ] WITNESS [ 64, 32 ]
ROW114 [ 128, 561, 3, 2, 16, false, 20, 109 ] WITNESS [ 64, 32 ]
ROW114 [ 128, 562, 3, 2, 16, false, 20, 109 ] WITNESS [ 64, 32 ]
ROW114 [ 128, 565, 3, 2, 16, false, 4, 38 ] WITNESS [ 32, 32 ]
ROW114 [ 128, 566, 3, 2, 16, false, 5, 27 ] WITNESS [ 32, 32 ]
ROW114 [ 128, 567, 3, 2, 16, false, 5, 27 ] WITNESS [ 32, 32 ]
ROW114 [ 128, 568, 3, 2, 16, false, 5, 27 ] WITNESS [ 32, 32 ]
ROW114 [ 128, 569, 3, 2, 16, false, 5, 27 ] WITNESS [ 32, 32 ]
ROW114 [ 128, 570, 3, 2, 16, false, 5, 27 ] WITNESS [ 32, 32 ]
ROW114 [ 128, 573, 3, 2, 16, false, 2, 38 ] WITNESS [ 32, 32 ]
ROW114 [ 128, 576, 3, 2, 16, false, 5, 27 ] WITNESS [ 32, 32 ]
ROW114 [ 128, 577, 3, 2, 16, false, 5, 27 ] WITNESS [ 32, 32 ]
ROW114 [ 128, 578, 3, 2, 16, false, 5, 27 ] WITNESS [ 32, 32 ]
ROW114 [ 128, 579, 3, 2, 16, false, 5, 27 ] WITNESS [ 32, 32 ]
ROW114 [ 128, 580, 3, 2, 16, false, 5, 27 ] WITNESS [ 32, 32 ]
ROW114 [ 128, 581, 3, 2, 16, false, 5, 27 ] WITNESS [ 32, 32 ]
ROW114 [ 128, 584, 3, 2, 16, false, 2, 27 ] WITNESS [ 32, 32 ]
ROW114 [ 128, 585, 3, 2, 16, false, 2, 27 ] WITNESS [ 32, 32 ]
ROW114 [ 128, 586, 3, 2, 16, false, 2, 27 ] WITNESS [ 32, 32 ]
ROW114 [ 128, 587, 3, 2, 16, false, 2, 27 ] WITNESS [ 32, 32 ]
ROW114 [ 128, 588, 3, 2, 16, false, 17, 65 ] WITNESS [ 32, 32 ]
ROW114 [ 128, 589, 3, 2, 16, false, 17, 65 ] WITNESS [ 32, 32 ]
ROW114 [ 128, 590, 3, 2, 16, false, 17, 65 ] WITNESS [ 32, 32 ]
ROW114 [ 128, 591, 3, 2, 16, false, 3, 65 ] WITNESS [ 32, 32 ]
ROW114 [ 128, 592, 3, 2, 16, false, 3, 65 ] WITNESS [ 32, 32 ]
ROW114 [ 128, 593, 3, 2, 16, false, 3, 65 ] WITNESS [ 32, 32 ]
ROW114 [ 128, 594, 3, 2, 16, false, 5, 27 ] WITNESS [ 32, 32 ]
ROW114 [ 128, 595, 3, 2, 16, false, 5, 27 ] WITNESS [ 32, 32 ]
ROW114 [ 128, 596, 3, 2, 16, false, 5, 27 ] WITNESS [ 32, 32 ]
ROW114 [ 128, 597, 3, 2, 16, false, 5, 27 ] WITNESS [ 32, 32 ]
ROW114 [ 128, 598, 3, 2, 16, false, 5, 27 ] WITNESS [ 32, 32 ]
ROW114 [ 128, 599, 3, 2, 16, false, 2, 65 ] WITNESS [ 32, 32 ]
ROW114 [ 128, 600, 3, 2, 16, false, 2, 65 ] WITNESS [ 32, 32 ]
ROW114 [ 128, 603, 3, 2, 16, false, 3, 27 ] WITNESS [ 32, 32 ]
ROW114 [ 128, 604, 3, 2, 16, false, 3, 27 ] WITNESS [ 32, 32 ]
ROW114 [ 128, 605, 3, 2, 16, false, 3, 27 ] WITNESS [ 32, 32 ]
ROW114 [ 128, 606, 3, 2, 16, false, 3, 27 ] WITNESS [ 32, 32 ]
ROW114 [ 128, 607, 3, 2, 16, false, 3, 27 ] WITNESS [ 32, 32 ]
ROW114 [ 128, 608, 3, 2, 16, false, 1, 27 ] WITNESS [ 32, 32 ]
ROW114 [ 128, 609, 3, 2, 16, false, 1, 27 ] WITNESS [ 32, 32 ]
ROW114 [ 128, 610, 3, 2, 16, false, 1, 27 ] WITNESS [ 32, 32 ]
ROW114 [ 128, 611, 3, 2, 16, false, 1, 27 ] WITNESS [ 32, 32 ]
ROW114 [ 128, 612, 3, 2, 16, false, 1, 27 ] WITNESS [ 32, 32 ]
ROW114 [ 128, 613, 3, 2, 16, false, 17, 65 ] WITNESS [ 32, 32 ]
ROW114 [ 128, 614, 3, 2, 16, false, 17, 65 ] WITNESS [ 32, 32 ]
ROW114 [ 128, 615, 3, 2, 16, false, 17, 65 ] WITNESS [ 32, 32 ]
ROW114 [ 128, 616, 3, 2, 16, false, 4, 65 ] WITNESS [ 32, 32 ]
ROW114 [ 128, 617, 3, 2, 16, false, 4, 65 ] WITNESS [ 32, 32 ]
ROW114 [ 128, 618, 3, 2, 16, false, 4, 65 ] WITNESS [ 32, 32 ]
ROW114 [ 128, 619, 3, 2, 16, false, 4, 65 ] WITNESS [ 32, 32 ]
ROW114 [ 128, 620, 3, 2, 16, false, 4, 65 ] WITNESS [ 32, 32 ]
ROW114 [ 128, 621, 3, 2, 16, false, 5, 65 ] WITNESS [ 32, 32 ]
ROW114 [ 128, 622, 3, 2, 16, false, 5, 65 ] WITNESS [ 32, 32 ]
ROW114 [ 128, 623, 3, 2, 16, false, 5, 65 ] WITNESS [ 32, 32 ]
ROW114 [ 128, 624, 3, 2, 16, false, 5, 27 ] WITNESS [ 32, 32 ]
ROW114 [ 128, 625, 3, 2, 16, false, 5, 27 ] WITNESS [ 32, 32 ]
ROW114 [ 128, 626, 3, 2, 16, false, 5, 27 ] WITNESS [ 32, 32 ]
ROW114 [ 128, 627, 3, 2, 16, false, 5, 27 ] WITNESS [ 32, 32 ]
ROW114 [ 128, 628, 3, 2, 16, false, 5, 27 ] WITNESS [ 32, 32 ]
ROW114 [ 128, 629, 3, 2, 16, false, 5, 27 ] WITNESS [ 32, 32 ]
ROW114 [ 128, 630, 3, 2, 16, false, 4, 66 ] WITNESS [ 32, 32 ]
ROW114 [ 128, 631, 3, 2, 16, false, 4, 66 ] WITNESS [ 32, 32 ]
ROW114 [ 128, 632, 3, 2, 16, false, 4, 66 ] WITNESS [ 32, 32 ]
ROW114 [ 128, 633, 3, 2, 16, false, 4, 66 ] WITNESS [ 32, 32 ]
ROW114 [ 128, 634, 3, 2, 16, false, 34, 143 ] WITNESS [ 64, 32 ]
ROW114 [ 128, 635, 3, 2, 16, false, 34, 143 ] WITNESS [ 64, 32 ]
ROW114 [ 128, 636, 3, 2, 16, false, 34, 143 ] WITNESS [ 64, 32 ]
ROW114 [ 128, 637, 3, 2, 16, false, 34, 143 ] WITNESS [ 64, 32 ]
ROW114 [ 128, 638, 3, 2, 16, false, 13, 47 ] WITNESS [ 32, 32 ]
ROW114 [ 128, 639, 3, 2, 16, false, 13, 47 ] WITNESS [ 32, 32 ]
ROW114 [ 128, 640, 3, 2, 16, false, 13, 47 ] WITNESS [ 32, 32 ]
ROW114 [ 128, 641, 3, 2, 16, false, 34, 143 ] WITNESS [ 64, 32 ]
ROW114 [ 128, 642, 3, 2, 16, false, 34, 143 ] WITNESS [ 64, 32 ]
ROW114 [ 128, 643, 3, 2, 16, false, 34, 143 ] WITNESS [ 64, 32 ]
ROW114 [ 128, 644, 3, 2, 16, false, 34, 143 ] WITNESS [ 64, 32 ]
ROW114 [ 128, 645, 3, 2, 16, false, 34, 143 ] WITNESS [ 64, 32 ]
ROW114 [ 128, 646, 3, 2, 16, false, 34, 143 ] WITNESS [ 64, 32 ]
ROW114 [ 128, 647, 3, 2, 16, false, 34, 143 ] WITNESS [ 64, 32 ]
ROW114 [ 128, 650, 3, 2, 16, false, 2, 27 ] WITNESS [ 32, 32 ]
ROW114 [ 128, 651, 3, 2, 16, false, 2, 27 ] WITNESS [ 32, 32 ]
ROW114 [ 128, 652, 3, 2, 16, false, 2, 27 ] WITNESS [ 32, 32 ]
ROW114 [ 128, 653, 3, 2, 16, false, 2, 27 ] WITNESS [ 32, 32 ]
ROW114 [ 128, 654, 3, 2, 16, false, 2, 27 ] WITNESS [ 32, 32 ]
ROW114 [ 128, 657, 3, 2, 16, false, 2, 27 ] WITNESS [ 32, 32 ]
ROW114 [ 128, 658, 3, 2, 16, false, 2, 27 ] WITNESS [ 32, 32 ]
ROW114 [ 128, 659, 3, 2, 16, false, 2, 27 ] WITNESS [ 32, 32 ]
ROW114 [ 128, 660, 3, 2, 16, false, 2, 27 ] WITNESS [ 32, 32 ]
ROW114 [ 128, 661, 3, 2, 16, false, 2, 27 ] WITNESS [ 32, 32 ]
ROW114 [ 128, 662, 3, 2, 16, false, 14, 47 ] WITNESS [ 32, 32 ]
ROW114 [ 128, 663, 3, 2, 16, false, 14, 47 ] WITNESS [ 32, 32 ]
ROW114 [ 128, 664, 3, 2, 16, false, 14, 47 ] WITNESS [ 32, 32 ]
ROW114 [ 128, 665, 3, 2, 16, false, 5, 27 ] WITNESS [ 32, 32 ]
ROW114 [ 128, 666, 3, 2, 16, false, 5, 27 ] WITNESS [ 32, 32 ]
ROW114 [ 128, 667, 3, 2, 16, false, 5, 27 ] WITNESS [ 32, 32 ]
ROW114 [ 128, 668, 3, 2, 16, false, 5, 27 ] WITNESS [ 32, 32 ]
ROW114 [ 128, 669, 3, 2, 16, false, 5, 27 ] WITNESS [ 32, 32 ]
ROW114 [ 128, 670, 3, 2, 16, false, 5, 27 ] WITNESS [ 32, 32 ]
ROW114 [ 128, 673, 3, 2, 16, false, 6, 27 ] WITNESS [ 32, 32 ]
ROW114 [ 128, 674, 3, 2, 16, false, 6, 27 ] WITNESS [ 32, 32 ]
ROW114 [ 128, 675, 3, 2, 16, false, 6, 27 ] WITNESS [ 32, 32 ]
ROW114 [ 128, 676, 3, 2, 16, false, 6, 27 ] WITNESS [ 32, 32 ]
ROW114 [ 128, 677, 3, 2, 16, false, 6, 27 ] WITNESS [ 32, 32 ]
ROW114 [ 128, 678, 3, 2, 16, false, 6, 27 ] WITNESS [ 32, 32 ]
ROW114 [ 128, 679, 3, 2, 16, false, 2, 27 ] WITNESS [ 32, 32 ]
ROW114 [ 128, 680, 3, 2, 16, false, 2, 27 ] WITNESS [ 32, 32 ]
ROW114 [ 128, 681, 3, 2, 16, false, 2, 27 ] WITNESS [ 32, 32 ]
ROW114 [ 128, 682, 3, 2, 16, false, 2, 27 ] WITNESS [ 32, 32 ]
ROW114 [ 128, 683, 3, 2, 16, false, 1, 47 ] WITNESS [ 32, 32 ]
ROW114 [ 128, 684, 3, 2, 16, false, 1, 47 ] WITNESS [ 32, 32 ]
ROW114 [ 128, 685, 3, 2, 16, false, 1, 47 ] WITNESS [ 32, 32 ]
ROW114 [ 128, 688, 3, 2, 16, false, 5, 27 ] WITNESS [ 32, 32 ]
ROW114 [ 128, 689, 3, 2, 16, false, 5, 27 ] WITNESS [ 32, 32 ]
ROW114 [ 128, 690, 3, 2, 16, false, 5, 27 ] WITNESS [ 32, 32 ]
ROW114 [ 128, 691, 3, 2, 16, false, 5, 27 ] WITNESS [ 32, 32 ]
ROW114 [ 128, 692, 3, 2, 16, false, 5, 27 ] WITNESS [ 32, 32 ]
ROW114 [ 128, 693, 3, 2, 16, false, 5, 27 ] WITNESS [ 32, 32 ]
ROW114 [ 128, 694, 3, 2, 16, false, 5, 27 ] WITNESS [ 32, 32 ]
ROW114 [ 128, 695, 3, 2, 16, false, 5, 27 ] WITNESS [ 32, 32 ]
ROW114 [ 128, 696, 3, 2, 16, false, 4, 66 ] WITNESS [ 32, 32 ]
ROW114 [ 128, 697, 3, 2, 16, false, 4, 66 ] WITNESS [ 32, 32 ]
ROW114 [ 128, 698, 3, 2, 16, false, 4, 66 ] WITNESS [ 32, 32 ]
ROW114 [ 128, 699, 3, 2, 16, false, 4, 66 ] WITNESS [ 32, 32 ]
ROW114 [ 128, 700, 3, 2, 16, false, 5, 27 ] WITNESS [ 32, 32 ]
ROW114 [ 128, 701, 3, 2, 16, false, 5, 27 ] WITNESS [ 32, 32 ]
ROW114 [ 128, 702, 3, 2, 16, false, 5, 27 ] WITNESS [ 32, 32 ]
ROW114 [ 128, 703, 3, 2, 16, false, 5, 27 ] WITNESS [ 32, 32 ]
ROW114 [ 128, 704, 3, 2, 16, false, 5, 27 ] WITNESS [ 32, 32 ]
ROW114 [ 128, 705, 3, 2, 16, false, 5, 27 ] WITNESS [ 32, 32 ]
ROW114 [ 128, 706, 3, 2, 16, false, 5, 27 ] WITNESS [ 32, 32 ]
ROW114 [ 128, 707, 3, 2, 16, false, 5, 27 ] WITNESS [ 32, 32 ]
ROW114 [ 128, 708, 3, 2, 16, false, 7, 47 ] WITNESS [ 32, 32 ]
ROW114 [ 128, 709, 3, 2, 16, false, 7, 47 ] WITNESS [ 32, 32 ]
ROW114 [ 128, 710, 3, 2, 16, false, 7, 47 ] WITNESS [ 32, 32 ]
ROW114 [ 128, 711, 3, 2, 16, false, 7, 47 ] WITNESS [ 32, 32 ]
ROW114 [ 128, 712, 3, 2, 16, false, 3, 27 ] WITNESS [ 32, 32 ]
ROW114 [ 128, 713, 3, 2, 16, false, 3, 27 ] WITNESS [ 32, 32 ]
ROW114 [ 128, 714, 3, 2, 16, false, 3, 27 ] WITNESS [ 32, 32 ]
ROW114 [ 128, 715, 3, 2, 16, false, 3, 27 ] WITNESS [ 32, 32 ]
ROW114 [ 128, 718, 3, 2, 16, false, 3, 27 ] WITNESS [ 32, 32 ]
ROW114 [ 128, 719, 3, 2, 16, false, 3, 27 ] WITNESS [ 32, 32 ]
ROW114 [ 128, 720, 3, 2, 16, false, 3, 27 ] WITNESS [ 32, 32 ]
ROW114 [ 128, 721, 3, 2, 16, false, 3, 27 ] WITNESS [ 32, 32 ]
ROW114 [ 128, 722, 3, 2, 16, false, 5, 27 ] WITNESS [ 32, 32 ]
ROW114 [ 128, 723, 3, 2, 16, false, 5, 27 ] WITNESS [ 32, 32 ]
ROW114 [ 128, 724, 3, 2, 16, false, 5, 27 ] WITNESS [ 32, 32 ]
ROW114 [ 128, 725, 3, 2, 16, false, 5, 27 ] WITNESS [ 32, 32 ]
ROW114 [ 128, 726, 3, 2, 16, false, 5, 27 ] WITNESS [ 32, 32 ]
ROW114 [ 128, 727, 3, 2, 16, false, 5, 27 ] WITNESS [ 32, 32 ]
ROW114 [ 128, 728, 3, 2, 16, false, 4, 66 ] WITNESS [ 32, 32 ]
ROW114 [ 128, 729, 3, 2, 16, false, 4, 66 ] WITNESS [ 32, 32 ]
ROW114 [ 128, 730, 3, 2, 16, false, 4, 66 ] WITNESS [ 32, 32 ]
ROW114 [ 128, 731, 3, 2, 8, false, 1, 27 ] WITNESS [ 16, 16 ]
ROW114 [ 128, 732, 3, 2, 8, false, 1, 27 ] WITNESS [ 16, 16 ]
ROW114 [ 128, 733, 3, 2, 8, false, 1, 27 ] WITNESS [ 16, 16 ]
ROW114 [ 128, 734, 3, 2, 8, false, 12, 65 ] WITNESS [ 16, 16 ]
ROW114 [ 128, 735, 3, 2, 8, false, 12, 65 ] WITNESS [ 16, 16 ]
ROW114 [ 128, 736, 3, 2, 8, false, 12, 65 ] WITNESS [ 16, 16 ]
ROW114 [ 128, 737, 3, 2, 8, false, 12, 65 ] WITNESS [ 16, 16 ]
ROW114 [ 128, 738, 3, 2, 8, false, 9, 65 ] WITNESS [ 16, 16 ]
ROW114 [ 128, 739, 3, 2, 8, false, 9, 65 ] WITNESS [ 16, 16 ]
ROW114 [ 128, 740, 3, 2, 8, false, 2, 161 ] WITNESS [ 16, 16 ]
ROW114 [ 128, 741, 3, 2, 8, false, 2, 161 ] WITNESS [ 16, 16 ]
ROW114 [ 128, 742, 3, 2, 8, false, 3, 54 ] WITNESS [ 16, 16 ]
ROW114 [ 128, 743, 3, 2, 8, false, 1, 27 ] WITNESS [ 16, 16 ]
ROW114 [ 128, 744, 3, 2, 8, false, 1, 27 ] WITNESS [ 16, 16 ]
ROW114 [ 128, 745, 3, 2, 8, false, 1, 27 ] WITNESS [ 16, 16 ]
ROW114 [ 128, 746, 3, 2, 8, false, 1, 27 ] WITNESS [ 16, 16 ]
ROW114 [ 128, 747, 3, 2, 8, false, 1, 27 ] WITNESS [ 16, 16 ]
ROW114 [ 128, 748, 3, 2, 8, false, 1, 27 ] WITNESS [ 16, 16 ]
ROW114 [ 128, 749, 3, 2, 8, false, 1, 54 ] WITNESS [ 16, 16 ]
ROW114 [ 128, 750, 3, 2, 8, false, 1, 47 ] WITNESS [ 16, 16 ]
ROW114 [ 128, 751, 3, 2, 8, false, 1, 47 ] WITNESS [ 16, 16 ]
ROW114 [ 128, 752, 3, 2, 8, false, 1, 47 ] WITNESS [ 16, 16 ]
ROW114 [ 128, 753, 3, 2, 8, false, 12, 65 ] WITNESS [ 16, 16 ]
ROW114 [ 128, 754, 3, 2, 8, false, 12, 65 ] WITNESS [ 16, 16 ]
ROW114 [ 128, 755, 3, 2, 8, false, 1, 27 ] WITNESS [ 16, 16 ]
ROW114 [ 128, 756, 3, 2, 8, false, 1, 27 ] WITNESS [ 16, 16 ]
ROW114 [ 128, 757, 3, 2, 8, false, 1, 27 ] WITNESS [ 16, 16 ]
ROW114 [ 128, 758, 3, 2, 8, false, 1, 27 ] WITNESS [ 16, 16 ]
ROW114 [ 128, 759, 3, 2, 8, false, 3, 65 ] WITNESS [ 16, 16 ]
ROW114 [ 128, 760, 3, 2, 8, false, 3, 65 ] WITNESS [ 16, 16 ]
ROW114 [ 128, 761, 3, 2, 8, false, 1, 65 ] WITNESS [ 16, 16 ]
ROW114 [ 128, 762, 3, 2, 8, false, 1, 65 ] WITNESS [ 16, 16 ]
ROW114 [ 128, 763, 3, 2, 8, false, 1, 38 ] WITNESS [ 16, 16 ]
ROW114 [ 128, 764, 3, 2, 8, false, 6, 101 ] WITNESS [ 16, 16 ]
ROW114 [ 128, 765, 3, 2, 8, false, 1, 27 ] WITNESS [ 16, 16 ]
ROW114 [ 128, 766, 3, 2, 8, false, 1, 27 ] WITNESS [ 16, 16 ]
ROW114 [ 128, 767, 3, 2, 8, false, 1, 27 ] WITNESS [ 16, 16 ]
ROW114 [ 128, 768, 3, 2, 8, false, 1, 27 ] WITNESS [ 16, 16 ]
ROW114 [ 128, 769, 3, 2, 8, false, 3, 65 ] WITNESS [ 16, 16 ]
ROW114 [ 128, 770, 3, 2, 8, false, 3, 65 ] WITNESS [ 16, 16 ]
ROW114 [ 128, 771, 3, 2, 8, false, 1, 65 ] WITNESS [ 16, 16 ]
ROW114 [ 128, 772, 3, 2, 8, false, 1, 65 ] WITNESS [ 16, 16 ]
ROW114 [ 128, 773, 3, 2, 8, false, 1, 27 ] WITNESS [ 16, 16 ]
ROW114 [ 128, 774, 3, 2, 8, false, 1, 27 ] WITNESS [ 16, 16 ]
ROW114 [ 128, 775, 3, 2, 8, false, 1, 27 ] WITNESS [ 16, 16 ]
ROW114 [ 128, 776, 3, 2, 8, false, 1, 65 ] WITNESS [ 16, 16 ]
ROW114 [ 128, 777, 3, 2, 8, false, 2, 47 ] WITNESS [ 16, 16 ]
ROW114 [ 128, 778, 3, 2, 8, false, 2, 47 ] WITNESS [ 16, 16 ]
ROW114 [ 128, 779, 3, 2, 8, false, 2, 47 ] WITNESS [ 16, 16 ]
ROW114 [ 128, 780, 3, 2, 8, false, 3, 119 ] WITNESS [ 16, 16 ]
ROW114 [ 128, 781, 3, 2, 8, false, 3, 119 ] WITNESS [ 16, 16 ]
ROW114 [ 128, 782, 3, 2, 8, false, 2, 38 ] WITNESS [ 16, 16 ]
ROW114 [ 128, 783, 3, 2, 8, false, 2, 47 ] WITNESS [ 16, 16 ]
ROW114 [ 128, 784, 3, 2, 8, false, 2, 47 ] WITNESS [ 16, 16 ]
ROW114 [ 128, 785, 3, 2, 8, false, 2, 38 ] WITNESS [ 16, 16 ]
ROW114 [ 128, 786, 3, 2, 8, false, 1, 27 ] WITNESS [ 16, 16 ]
ROW114 [ 128, 787, 3, 2, 8, false, 1, 27 ] WITNESS [ 16, 16 ]
ROW114 [ 128, 788, 3, 2, 8, false, 1, 27 ] WITNESS [ 16, 16 ]
ROW114 [ 128, 789, 3, 2, 8, false, 1, 27 ] WITNESS [ 16, 16 ]
ROW114 [ 128, 790, 3, 2, 8, false, 1, 27 ] WITNESS [ 16, 16 ]
ROW114 [ 128, 791, 3, 2, 8, false, 1, 27 ] WITNESS [ 16, 16 ]
ROW114 [ 128, 792, 3, 2, 8, false, 3, 65 ] WITNESS [ 16, 16 ]
ROW114 [ 128, 793, 3, 2, 8, false, 3, 65 ] WITNESS [ 16, 16 ]
ROW114 [ 128, 794, 3, 2, 8, false, 1, 65 ] WITNESS [ 16, 16 ]
ROW114 [ 128, 795, 3, 2, 8, false, 1, 47 ] WITNESS [ 16, 16 ]
ROW114 [ 128, 796, 3, 2, 8, false, 1, 47 ] WITNESS [ 16, 16 ]
ROW114 [ 128, 797, 3, 2, 8, false, 1, 27 ] WITNESS [ 16, 16 ]
ROW114 [ 128, 798, 3, 2, 8, false, 1, 27 ] WITNESS [ 16, 16 ]
ROW114 [ 128, 799, 3, 2, 8, false, 1, 27 ] WITNESS [ 16, 16 ]
ROW114 [ 128, 800, 3, 2, 8, false, 1, 27 ] WITNESS [ 16, 16 ]
ROW114 [ 128, 801, 3, 2, 8, false, 6, 93 ] WITNESS [ 16, 16 ]
ROW114 [ 128, 802, 3, 2, 8, false, 6, 93 ] WITNESS [ 16, 16 ]
ROW114 [ 128, 803, 3, 2, 8, false, 1, 27 ] WITNESS [ 16, 16 ]
ROW114 [ 128, 804, 3, 2, 8, false, 1, 27 ] WITNESS [ 16, 16 ]
ROW114 [ 128, 805, 3, 2, 8, false, 1, 27 ] WITNESS [ 16, 16 ]
ROW114 [ 128, 806, 3, 2, 8, false, 1, 27 ] WITNESS [ 16, 16 ]
ROW114 [ 128, 807, 3, 2, 8, false, 1, 27 ] WITNESS [ 16, 16 ]
ROW114 [ 128, 808, 3, 2, 8, false, 1, 27 ] WITNESS [ 16, 16 ]
ROW114 [ 128, 809, 3, 2, 8, false, 1, 27 ] WITNESS [ 16, 16 ]
ROW114 [ 128, 810, 3, 2, 8, false, 1, 47 ] WITNESS [ 16, 16 ]
ROW114 [ 128, 811, 3, 2, 8, false, 1, 47 ] WITNESS [ 16, 16 ]
ROW114 [ 128, 812, 3, 2, 8, false, 1, 38 ] WITNESS [ 16, 16 ]
ROW114 [ 128, 813, 3, 2, 8, false, 1, 85 ] WITNESS [ 16, 16 ]
ROW114 [ 128, 814, 3, 2, 8, false, 1, 85 ] WITNESS [ 16, 16 ]
ROW114 [ 128, 815, 3, 2, 8, false, 1, 27 ] WITNESS [ 16, 16 ]
ROW114 [ 128, 816, 3, 2, 8, false, 1, 27 ] WITNESS [ 16, 16 ]
ROW114 [ 128, 817, 3, 2, 8, false, 1, 27 ] WITNESS [ 16, 16 ]
ROW114 [ 128, 818, 3, 2, 8, false, 1, 27 ] WITNESS [ 16, 16 ]
ROW114 [ 128, 819, 3, 2, 8, false, 1, 27 ] WITNESS [ 16, 16 ]
ROW114 [ 128, 820, 3, 2, 8, false, 1, 27 ] WITNESS [ 16, 16 ]
ROW114 [ 128, 821, 3, 2, 8, false, 1, 47 ] WITNESS [ 16, 16 ]
ROW114 [ 128, 822, 3, 2, 8, false, 1, 47 ] WITNESS [ 16, 16 ]
ROW114 [ 128, 823, 3, 2, 8, false, 2, 54 ] WITNESS [ 16, 16 ]
ROW114 [ 128, 824, 3, 2, 8, false, 1, 27 ] WITNESS [ 16, 16 ]
ROW114 [ 128, 825, 3, 2, 8, false, 1, 27 ] WITNESS [ 16, 16 ]
ROW114 [ 128, 826, 3, 2, 8, false, 1, 27 ] WITNESS [ 16, 16 ]
ROW114 [ 128, 827, 3, 2, 8, false, 1, 27 ] WITNESS [ 16, 16 ]
ROW114 [ 128, 828, 3, 2, 8, false, 1, 27 ] WITNESS [ 16, 16 ]
ROW114 [ 128, 829, 3, 2, 8, false, 1, 27 ] WITNESS [ 16, 16 ]
ROW114 [ 128, 830, 3, 2, 8, false, 1, 54 ] WITNESS [ 16, 16 ]
ROW114 [ 128, 831, 3, 2, 8, false, 1, 27 ] WITNESS [ 16, 16 ]
ROW114 [ 128, 832, 3, 2, 8, false, 1, 27 ] WITNESS [ 16, 16 ]
ROW114 [ 128, 833, 3, 2, 8, false, 1, 27 ] WITNESS [ 16, 16 ]
ROW114 [ 128, 834, 3, 2, 8, false, 1, 38 ] WITNESS [ 16, 16 ]
ROW114 [ 128, 835, 3, 2, 8, false, 1, 38 ] WITNESS [ 16, 16 ]
ROW114 [ 128, 836, 3, 2, 8, false, 4, 59 ] WITNESS [ 16, 16 ]
ROW114 [ 128, 846, 3, 2, 32, true, 4, 17 ]
ROW114 [ 128, 847, 3, 2, 32, true, 4, 17 ]
ROW114 [ 128, 848, 3, 2, 32, false, 1, 8 ] WITNESS [ 64, 64 ]
ROW114 [ 128, 849, 3, 2, 32, true, 8, 27 ]
ROW114 [ 128, 850, 4, 2, 16, false, 3, 26 ] WITNESS [ 32, 32 ]
ROW114 [ 128, 851, 4, 2, 16, false, 3, 26 ] WITNESS [ 32, 32 ]
ROW114 [ 128, 852, 4, 2, 16, false, 3, 26 ] WITNESS [ 32, 32 ]
ROW114 [ 128, 853, 4, 2, 16, true, 27, 105 ]
ROW114 [ 128, 854, 4, 2, 16, true, 27, 105 ]
ROW114 [ 128, 855, 4, 2, 16, true, 27, 105 ]
ROW114 [ 128, 856, 4, 2, 16, false, 4, 26 ] WITNESS [ 32, 32 ]
ROW114 [ 128, 857, 4, 2, 16, false, 4, 26 ] WITNESS [ 32, 32 ]
ROW114 [ 128, 858, 4, 2, 16, false, 4, 26 ] WITNESS [ 32, 32 ]
ROW114 [ 128, 859, 4, 2, 16, true, 27, 105 ]
ROW114 [ 128, 860, 4, 2, 16, true, 27, 105 ]
ROW114 [ 128, 861, 4, 2, 16, true, 27, 105 ]
ROW114 [ 128, 862, 4, 2, 16, false, 4, 26 ] WITNESS [ 32, 32 ]
ROW114 [ 128, 863, 4, 2, 16, false, 4, 26 ] WITNESS [ 32, 32 ]
ROW114 [ 128, 864, 4, 2, 16, false, 4, 26 ] WITNESS [ 32, 32 ]
ROW114 [ 128, 865, 4, 2, 16, true, 27, 105 ]
ROW114 [ 128, 866, 4, 2, 16, true, 27, 105 ]
ROW114 [ 128, 867, 4, 2, 16, true, 27, 105 ]
ROW114 [ 128, 868, 4, 2, 16, false, 1, 11 ] WITNESS [ 32, 32 ]
ROW114 [ 128, 869, 4, 2, 16, false, 1, 11 ] WITNESS [ 32, 32 ]
ROW114 [ 128, 870, 4, 2, 16, false, 1, 11 ] WITNESS [ 32, 32 ]
ROW114 [ 128, 871, 4, 2, 16, false, 2, 38 ] WITNESS [ 32, 32 ]
ROW114 [ 128, 872, 4, 2, 16, false, 2, 38 ] WITNESS [ 32, 32 ]
ROW114 [ 128, 873, 4, 2, 16, false, 2, 38 ] WITNESS [ 32, 32 ]
ROW114 [ 128, 874, 4, 2, 16, false, 1, 11 ] WITNESS [ 32, 32 ]
ROW114 [ 128, 875, 4, 2, 16, false, 2, 38 ] WITNESS [ 32, 32 ]
ROW114 [ 128, 876, 4, 2, 16, false, 3, 25 ] WITNESS [ 32, 32 ]
ROW114 [ 128, 877, 4, 2, 16, false, 3, 25 ] WITNESS [ 32, 32 ]
ROW114 [ 128, 878, 4, 2, 16, false, 3, 25 ] WITNESS [ 32, 32 ]
ROW114 [ 128, 879, 4, 2, 16, false, 3, 25 ] WITNESS [ 32, 32 ]
ROW114 [ 128, 880, 4, 2, 16, false, 3, 25 ] WITNESS [ 32, 32 ]
ROW114 [ 128, 884, 3, 2, 32, false, 2, 8 ] WITNESS [ 64, 64 ]
ROW114 [ 128, 885, 3, 2, 32, true, 8, 27 ]
ROW114 [ 128, 886, 4, 2, 16, false, 1, 18 ] WITNESS [ 32, 32 ]
ROW114 [ 128, 887, 4, 2, 16, false, 1, 18 ] WITNESS [ 32, 32 ]
ROW114 [ 128, 888, 4, 2, 16, false, 1, 11 ] WITNESS [ 32, 32 ]
ROW114 [ 128, 889, 4, 2, 16, false, 1, 11 ] WITNESS [ 32, 32 ]
ROW114 [ 128, 890, 4, 2, 16, false, 1, 11 ] WITNESS [ 32, 32 ]
ROW114 [ 128, 891, 4, 2, 16, false, 5, 38 ] WITNESS [ 32, 32 ]
ROW114 [ 128, 892, 4, 2, 16, false, 1, 11 ] WITNESS [ 32, 32 ]
ROW114 [ 128, 893, 4, 2, 16, false, 5, 38 ] WITNESS [ 32, 32 ]
ROW114 [ 128, 897, 3, 2, 16, false, 4, 38 ] WITNESS [ 32, 32 ]
ROW114 [ 128, 898, 3, 2, 16, false, 6, 38 ] WITNESS [ 32, 32 ]
ROW114 [ 128, 902, 3, 2, 32, false, 3, 8 ] WITNESS [ 64, 64 ]
ROW114 [ 128, 903, 3, 2, 32, true, 8, 27 ]
ROW114 [ 128, 904, 4, 2, 16, false, 1, 11 ] WITNESS [ 32, 32 ]
ROW114 [ 128, 905, 4, 2, 16, false, 1, 11 ] WITNESS [ 32, 32 ]
ROW114 [ 128, 906, 4, 2, 16, false, 1, 11 ] WITNESS [ 32, 32 ]
ROW114 [ 128, 907, 4, 2, 16, false, 2, 38 ] WITNESS [ 32, 32 ]
ROW114 [ 128, 908, 4, 2, 16, false, 2, 38 ] WITNESS [ 32, 32 ]
ROW114 [ 128, 909, 4, 2, 16, false, 2, 38 ] WITNESS [ 32, 32 ]
ROW114 [ 128, 910, 4, 2, 16, false, 1, 11 ] WITNESS [ 32, 32 ]
ROW114 [ 128, 911, 4, 2, 16, false, 2, 38 ] WITNESS [ 32, 32 ]
ROW114 [ 128, 912, 4, 2, 16, true, 23, 66 ]
ROW114 [ 128, 913, 4, 2, 16, true, 23, 66 ]
ROW114 [ 128, 916, 4, 2, 8, false, 1, 38 ] WITNESS [ 16, 16 ]
ROW114 [ 128, 917, 4, 2, 8, false, 1, 38 ] WITNESS [ 16, 16 ]
ROW114 [ 128, 918, 4, 2, 8, false, 1, 38 ] WITNESS [ 16, 16 ]
ROW114 [ 128, 919, 4, 2, 8, false, 1, 38 ] WITNESS [ 16, 16 ]
ROW114 [ 128, 920, 4, 2, 8, false, 1, 38 ] WITNESS [ 16, 16 ]
ROW114 [ 128, 921, 4, 2, 8, false, 1, 38 ] WITNESS [ 16, 16 ]
ROW114 [ 128, 922, 4, 2, 8, false, 7, 99 ] WITNESS [ 16, 16 ]
ROW114 [ 128, 923, 4, 2, 8, false, 7, 99 ] WITNESS [ 16, 16 ]
ROW114 [ 128, 924, 4, 2, 8, false, 6, 99 ] WITNESS [ 16, 16 ]
ROW114 [ 128, 925, 4, 2, 8, false, 6, 99 ] WITNESS [ 16, 16 ]
ROW114 [ 128, 926, 4, 2, 8, false, 6, 99 ] WITNESS [ 16, 16 ]
ROW114 [ 128, 927, 4, 2, 8, false, 6, 99 ] WITNESS [ 16, 16 ]
ROW114 [ 128, 928, 4, 3, 8, false, 5, 99 ] WITNESS [ 16, 16 ]
ROW114 [ 128, 929, 4, 3, 8, false, 5, 99 ] WITNESS [ 16, 16 ]
ROW114 [ 128, 930, 4, 3, 8, false, 5, 99 ] WITNESS [ 16, 16 ]
ROW114 [ 128, 931, 4, 3, 8, false, 5, 99 ] WITNESS [ 16, 16 ]
ROW114 [ 128, 932, 4, 3, 8, false, 5, 99 ] WITNESS [ 16, 16 ]
ROW114 [ 128, 933, 4, 3, 8, false, 5, 99 ] WITNESS [ 16, 16 ]
ROW114 [ 128, 934, 4, 3, 8, false, 5, 99 ] WITNESS [ 16, 16 ]
ROW114 [ 128, 935, 4, 3, 8, false, 5, 99 ] WITNESS [ 16, 16 ]
ROW114 [ 128, 936, 4, 3, 8, false, 5, 99 ] WITNESS [ 16, 16 ]
ROW114 [ 128, 937, 4, 3, 8, false, 5, 99 ] WITNESS [ 16, 16 ]
ROW114 [ 128, 938, 4, 2, 8, false, 2, 38 ] WITNESS [ 16, 16 ]
ROW114 [ 128, 939, 4, 2, 8, false, 2, 38 ] WITNESS [ 16, 16 ]
ROW114 [ 128, 940, 4, 2, 8, false, 2, 38 ] WITNESS [ 16, 16 ]
ROW114 [ 128, 941, 4, 2, 8, false, 2, 38 ] WITNESS [ 16, 16 ]
ROW114 [ 128, 942, 4, 2, 8, false, 2, 38 ] WITNESS [ 16, 16 ]
ROW114 [ 128, 943, 4, 2, 8, false, 2, 38 ] WITNESS [ 16, 16 ]
ROW114 [ 128, 944, 4, 2, 8, false, 15, 70 ] WITNESS [ 16, 16 ]
ROW114 [ 128, 945, 4, 2, 8, false, 15, 70 ] WITNESS [ 16, 16 ]
ROW114 [ 128, 946, 4, 2, 8, false, 15, 70 ] WITNESS [ 16, 16 ]
ROW114 [ 128, 947, 4, 2, 8, false, 5, 38 ] WITNESS [ 16, 16 ]
ROW114 [ 128, 948, 4, 2, 8, false, 5, 38 ] WITNESS [ 16, 16 ]
ROW114 [ 128, 949, 4, 2, 8, false, 5, 38 ] WITNESS [ 16, 16 ]
ROW114 [ 128, 950, 4, 2, 8, false, 5, 38 ] WITNESS [ 16, 16 ]
ROW114 [ 128, 951, 4, 2, 8, false, 5, 38 ] WITNESS [ 16, 16 ]
ROW114 [ 128, 952, 4, 2, 8, false, 5, 38 ] WITNESS [ 16, 16 ]
ROW114 [ 128, 953, 4, 2, 8, false, 2, 67 ] WITNESS [ 16, 16 ]
ROW114 [ 128, 954, 4, 2, 8, false, 2, 67 ] WITNESS [ 16, 16 ]
ROW114 [ 128, 955, 4, 2, 8, false, 2, 67 ] WITNESS [ 16, 16 ]
ROW114 [ 128, 956, 4, 2, 8, false, 2, 38 ] WITNESS [ 16, 16 ]
ROW114 [ 128, 957, 4, 2, 8, false, 2, 38 ] WITNESS [ 16, 16 ]
ROW114 [ 128, 958, 4, 2, 8, false, 2, 38 ] WITNESS [ 16, 16 ]
ROW114 [ 128, 959, 4, 2, 8, false, 2, 38 ] WITNESS [ 16, 16 ]
ROW114 [ 128, 960, 4, 2, 8, false, 2, 38 ] WITNESS [ 16, 16 ]
ROW114 [ 128, 961, 4, 2, 8, false, 2, 38 ] WITNESS [ 16, 16 ]
ROW114 [ 128, 962, 4, 2, 8, false, 3, 54 ] WITNESS [ 16, 16 ]
ROW114 [ 128, 963, 4, 2, 8, false, 3, 54 ] WITNESS [ 16, 16 ]
ROW114 [ 128, 964, 4, 2, 8, false, 2, 38 ] WITNESS [ 16, 16 ]
ROW114 [ 128, 965, 4, 2, 8, false, 2, 38 ] WITNESS [ 16, 16 ]
ROW114 [ 128, 966, 4, 2, 8, false, 2, 38 ] WITNESS [ 16, 16 ]
ROW114 [ 128, 967, 4, 2, 8, false, 2, 38 ] WITNESS [ 16, 16 ]
ROW114 [ 128, 968, 4, 2, 8, false, 2, 38 ] WITNESS [ 16, 16 ]
ROW114 [ 128, 969, 4, 2, 8, false, 2, 38 ] WITNESS [ 16, 16 ]
ROW114 [ 128, 970, 4, 2, 8, false, 1, 57 ] WITNESS [ 16, 16 ]
ROW114 [ 128, 971, 4, 2, 8, false, 1, 57 ] WITNESS [ 16, 16 ]
ROW114 [ 128, 972, 4, 2, 8, false, 6, 38 ] WITNESS [ 16, 16 ]
ROW114 [ 128, 973, 4, 2, 8, false, 6, 38 ] WITNESS [ 16, 16 ]
ROW114 [ 128, 974, 4, 2, 8, false, 6, 38 ] WITNESS [ 16, 16 ]
ROW114 [ 128, 975, 4, 2, 8, false, 6, 38 ] WITNESS [ 16, 16 ]
ROW114 [ 128, 976, 4, 2, 8, false, 6, 38 ] WITNESS [ 16, 16 ]
ROW114 [ 128, 977, 4, 2, 8, false, 6, 38 ] WITNESS [ 16, 16 ]
ROW114 [ 128, 978, 4, 2, 8, false, 5, 38 ] WITNESS [ 16, 16 ]
ROW114 [ 128, 979, 4, 2, 8, false, 5, 38 ] WITNESS [ 16, 16 ]
ROW114 [ 128, 980, 4, 2, 8, false, 5, 38 ] WITNESS [ 16, 16 ]
ROW114 [ 128, 981, 4, 2, 8, false, 5, 38 ] WITNESS [ 16, 16 ]
ROW114 [ 128, 982, 4, 2, 8, false, 5, 38 ] WITNESS [ 16, 16 ]
ROW114 [ 128, 983, 4, 2, 8, false, 5, 38 ] WITNESS [ 16, 16 ]
ROW114 [ 128, 984, 4, 2, 8, false, 7, 38 ] WITNESS [ 16, 16 ]
ROW114 [ 128, 985, 4, 2, 8, false, 7, 38 ] WITNESS [ 16, 16 ]
ROW114 [ 128, 986, 4, 2, 8, false, 7, 38 ] WITNESS [ 16, 16 ]
ROW114 [ 128, 987, 4, 2, 8, false, 7, 38 ] WITNESS [ 16, 16 ]
ROW114 [ 128, 991, 5, 2, 8, false, 1, 14 ] WITNESS [ 16, 16 ]
ROW114 [ 128, 992, 5, 2, 8, false, 1, 14 ] WITNESS [ 16, 16 ]
ROW114 [ 128, 993, 5, 2, 8, false, 1, 14 ] WITNESS [ 16, 16 ]
ROW114 [ 128, 994, 5, 2, 8, false, 1, 14 ] WITNESS [ 16, 16 ]
ROW114 [ 128, 995, 5, 2, 8, false, 2, 49 ] WITNESS [ 16, 16 ]
ROW114 [ 128, 996, 5, 2, 8, false, 2, 49 ] WITNESS [ 16, 16 ]
ROW114 [ 128, 1613, 3, 2, 32, true, 4, 17 ]
ROW114 [ 128, 1614, 3, 2, 32, true, 4, 17 ]
ROW114 [ 128, 1615, 3, 2, 32, true, 16, 337 ]
ROW114 [ 128, 1616, 3, 2, 32, true, 16, 337 ]
ROW114 [ 128, 1617, 3, 2, 32, true, 4, 17 ]
ROW114 [ 128, 1618, 3, 2, 32, true, 4, 17 ]
ROW114 [ 128, 1619, 3, 2, 32, true, 4, 17 ]
ROW114 [ 128, 1620, 3, 2, 32, true, 16, 337 ]
ROW114 [ 128, 1621, 3, 2, 32, true, 16, 337 ]
ROW114 [ 128, 1622, 3, 2, 32, false, 3, 8 ] WITNESS [ 64, 64 ]
ROW114 [ 128, 1623, 3, 2, 32, false, 3, 8 ] WITNESS [ 64, 64 ]
ROW114 [ 128, 1624, 3, 2, 32, false, 3, 8 ] WITNESS [ 64, 64 ]
ROW114 [ 128, 1625, 3, 2, 32, true, 8, 27 ]
ROW114 [ 128, 1626, 3, 2, 32, true, 8, 27 ]
ROW114 [ 128, 1627, 3, 2, 32, true, 8, 27 ]
ROW114 [ 128, 1628, 3, 2, 32, true, 8, 27 ]
ROW114 [ 128, 1629, 3, 2, 32, true, 16, 118 ]
ROW114 [ 128, 1630, 3, 2, 32, true, 16, 118 ]
ROW114 [ 128, 1631, 3, 2, 32, false, 3, 8 ] WITNESS [ 64, 64 ]
ROW114 [ 128, 1632, 3, 2, 32, true, 8, 27 ]
ROW114 [ 128, 1633, 3, 2, 32, true, 16, 118 ]
ROW114 [ 128, 1639, 3, 2, 32, false, 2, 8 ] WITNESS [ 64, 64 ]
ROW114 [ 128, 1640, 3, 2, 32, false, 2, 8 ] WITNESS [ 64, 64 ]
ROW114 [ 128, 1641, 3, 2, 32, false, 2, 8 ] WITNESS [ 64, 64 ]
ROW114 [ 128, 1642, 3, 2, 32, true, 8, 27 ]
ROW114 [ 128, 1643, 3, 2, 32, true, 8, 27 ]
ROW114 [ 128, 1644, 3, 2, 32, true, 16, 118 ]
ROW114 [ 128, 1645, 3, 2, 32, true, 16, 118 ]
ROW114 [ 128, 1646, 3, 2, 32, false, 2, 8 ] WITNESS [ 64, 64 ]
ROW114 [ 128, 1647, 3, 2, 32, true, 8, 27 ]
ROW114 [ 128, 1648, 3, 2, 32, true, 16, 118 ]
ROW114 [ 128, 1668, 3, 2, 32, false, 3, 8 ] WITNESS [ 64, 64 ]
ROW114 [ 128, 1669, 3, 2, 32, false, 3, 8 ] WITNESS [ 64, 64 ]
ROW114 [ 128, 1670, 3, 2, 32, false, 3, 8 ] WITNESS [ 64, 64 ]
ROW114 [ 128, 1671, 3, 2, 32, false, 3, 8 ] WITNESS [ 64, 64 ]
ROW114 [ 128, 1672, 3, 2, 32, true, 8, 27 ]
ROW114 [ 128, 1673, 3, 2, 32, true, 8, 27 ]
ROW114 [ 128, 1674, 3, 2, 32, true, 8, 27 ]
ROW114 [ 128, 1675, 3, 2, 32, true, 8, 27 ]
ROW114 [ 128, 1676, 3, 2, 32, true, 8, 27 ]
ROW114 [ 128, 1677, 3, 2, 32, true, 8, 27 ]
ROW114 [ 128, 1678, 3, 2, 32, true, 16, 118 ]
ROW114 [ 128, 1679, 3, 2, 32, true, 16, 118 ]
ROW114 [ 128, 1680, 3, 2, 32, true, 16, 118 ]
ROW114 [ 128, 1681, 3, 2, 32, true, 16, 118 ]
ROW114 [ 128, 1682, 3, 2, 32, true, 16, 118 ]
ROW114 [ 128, 1683, 3, 2, 32, true, 16, 118 ]
ROW114 [ 128, 1684, 3, 2, 32, true, 16, 118 ]
ROW114 [ 128, 1685, 3, 2, 32, false, 3, 8 ] WITNESS [ 64, 64 ]
ROW114 [ 128, 1686, 3, 2, 32, true, 8, 27 ]
ROW114 [ 128, 1687, 3, 2, 32, true, 8, 27 ]
ROW114 [ 128, 1688, 3, 2, 32, true, 16, 118 ]
ROW114 [ 128, 1689, 3, 2, 32, true, 16, 118 ]
ROW114 [ 128, 1728, 3, 2, 16, false, 2, 27 ] WITNESS [ 32, 32 ]
ROW114 [ 128, 1729, 3, 2, 16, false, 2, 27 ] WITNESS [ 32, 32 ]
ROW114 [ 128, 1730, 3, 2, 16, false, 2, 27 ] WITNESS [ 32, 32 ]
ROW114 [ 128, 1731, 3, 2, 16, false, 2, 27 ] WITNESS [ 32, 32 ]
ROW114 [ 128, 1732, 3, 2, 16, false, 2, 27 ] WITNESS [ 32, 32 ]
ROW114 [ 128, 1733, 3, 2, 16, false, 2, 27 ] WITNESS [ 32, 32 ]
ROW114 [ 128, 1734, 3, 2, 16, false, 2, 27 ] WITNESS [ 32, 32 ]
ROW114 [ 128, 1735, 3, 2, 16, false, 12, 118 ] WITNESS [ 32, 32 ]
ROW114 [ 128, 1736, 3, 2, 16, false, 12, 118 ] WITNESS [ 32, 32 ]
ROW114 [ 128, 1737, 3, 2, 16, false, 12, 118 ] WITNESS [ 32, 32 ]
ROW114 [ 128, 1738, 3, 2, 16, false, 12, 118 ] WITNESS [ 32, 32 ]
ROW114 [ 128, 1739, 3, 2, 16, false, 12, 118 ] WITNESS [ 32, 32 ]
ROW114 [ 128, 1740, 3, 2, 16, false, 17, 118 ] WITNESS [ 32, 32 ]
ROW114 [ 128, 1741, 3, 2, 16, false, 17, 118 ] WITNESS [ 32, 32 ]
ROW114 [ 128, 1742, 3, 2, 16, false, 17, 118 ] WITNESS [ 32, 32 ]
ROW114 [ 128, 1743, 3, 2, 16, false, 17, 118 ] WITNESS [ 32, 32 ]
ROW114 [ 128, 1744, 3, 2, 16, false, 17, 118 ] WITNESS [ 32, 32 ]
ROW114 [ 128, 1745, 3, 2, 16, false, 17, 118 ] WITNESS [ 32, 32 ]
ROW114 [ 128, 1746, 3, 2, 16, false, 17, 65 ] WITNESS [ 32, 32 ]
ROW114 [ 128, 1747, 3, 2, 16, false, 17, 65 ] WITNESS [ 32, 32 ]
ROW114 [ 128, 1748, 3, 2, 16, false, 17, 65 ] WITNESS [ 32, 32 ]
ROW114 [ 128, 1749, 3, 2, 16, false, 17, 65 ] WITNESS [ 32, 32 ]
ROW114 [ 128, 1750, 3, 2, 16, false, 17, 65 ] WITNESS [ 32, 32 ]
ROW114 [ 128, 1751, 3, 2, 16, false, 71, 331 ] WITNESS [ 64, 32 ]
ROW114 [ 128, 1752, 3, 2, 16, false, 71, 331 ] WITNESS [ 64, 32 ]
ROW114 [ 128, 1753, 3, 2, 16, false, 71, 331 ] WITNESS [ 64, 32 ]
ROW114 [ 128, 1754, 3, 2, 16, false, 71, 331 ] WITNESS [ 64, 32 ]
ROW114 [ 128, 1755, 3, 2, 16, false, 2, 65 ] WITNESS [ 32, 32 ]
ROW114 [ 128, 1756, 3, 2, 16, false, 2, 65 ] WITNESS [ 32, 32 ]
ROW114 [ 128, 1757, 3, 2, 16, false, 2, 65 ] WITNESS [ 32, 32 ]
ROW114 [ 128, 1758, 3, 2, 16, false, 71, 331 ] WITNESS [ 64, 32 ]
ROW114 [ 128, 1759, 3, 2, 16, false, 71, 331 ] WITNESS [ 64, 32 ]
ROW114 [ 128, 1760, 3, 2, 16, false, 71, 331 ] WITNESS [ 64, 32 ]
ROW114 [ 128, 1761, 3, 2, 16, false, 2, 27 ] WITNESS [ 32, 32 ]
ROW114 [ 128, 1762, 3, 2, 16, false, 2, 27 ] WITNESS [ 32, 32 ]
ROW114 [ 128, 1763, 3, 2, 16, false, 2, 27 ] WITNESS [ 32, 32 ]
ROW114 [ 128, 1764, 3, 2, 16, false, 2, 27 ] WITNESS [ 32, 32 ]
ROW114 [ 128, 1765, 3, 2, 16, false, 2, 27 ] WITNESS [ 32, 32 ]
ROW114 [ 128, 1766, 3, 2, 16, false, 2, 27 ] WITNESS [ 32, 32 ]
ROW114 [ 128, 1767, 3, 2, 16, false, 2, 27 ] WITNESS [ 32, 32 ]
ROW114 [ 128, 1768, 3, 2, 16, false, 4, 118 ] WITNESS [ 32, 32 ]
ROW114 [ 128, 1769, 3, 2, 16, false, 4, 118 ] WITNESS [ 32, 32 ]
ROW114 [ 128, 1770, 3, 2, 16, false, 4, 118 ] WITNESS [ 32, 32 ]
ROW114 [ 128, 1771, 3, 2, 16, false, 4, 118 ] WITNESS [ 32, 32 ]
ROW114 [ 128, 1772, 3, 2, 16, false, 4, 118 ] WITNESS [ 32, 32 ]
ROW114 [ 128, 1773, 3, 2, 16, false, 8, 118 ] WITNESS [ 32, 32 ]
ROW114 [ 128, 1774, 3, 2, 16, false, 8, 118 ] WITNESS [ 32, 32 ]
ROW114 [ 128, 1775, 3, 2, 16, false, 8, 118 ] WITNESS [ 32, 32 ]
ROW114 [ 128, 1776, 3, 2, 16, false, 8, 118 ] WITNESS [ 32, 32 ]
ROW114 [ 128, 1777, 3, 2, 16, false, 8, 118 ] WITNESS [ 32, 32 ]
ROW114 [ 128, 1778, 3, 2, 16, false, 8, 118 ] WITNESS [ 32, 32 ]
ROW114 [ 128, 1779, 3, 2, 16, false, 5, 27 ] WITNESS [ 32, 32 ]
ROW114 [ 128, 1780, 3, 2, 16, false, 5, 27 ] WITNESS [ 32, 32 ]
ROW114 [ 128, 1781, 3, 2, 16, false, 5, 27 ] WITNESS [ 32, 32 ]
ROW114 [ 128, 1782, 3, 2, 16, false, 5, 27 ] WITNESS [ 32, 32 ]
ROW114 [ 128, 1783, 3, 2, 16, false, 5, 27 ] WITNESS [ 32, 32 ]
ROW114 [ 128, 1784, 3, 2, 16, false, 5, 27 ] WITNESS [ 32, 32 ]
ROW114 [ 128, 1785, 3, 2, 16, false, 5, 27 ] WITNESS [ 32, 32 ]
ROW114 [ 128, 1786, 3, 2, 16, false, 5, 27 ] WITNESS [ 32, 32 ]
ROW114 [ 128, 1787, 3, 2, 16, false, 16, 118 ] WITNESS [ 32, 32 ]
ROW114 [ 128, 1788, 3, 2, 16, false, 16, 118 ] WITNESS [ 32, 32 ]
ROW114 [ 128, 1789, 3, 2, 16, false, 5, 118 ] WITNESS [ 32, 32 ]
ROW114 [ 128, 1790, 3, 2, 16, false, 5, 118 ] WITNESS [ 32, 32 ]
ROW114 [ 128, 1791, 3, 2, 16, false, 5, 118 ] WITNESS [ 32, 32 ]
ROW114 [ 128, 1792, 3, 2, 16, false, 5, 118 ] WITNESS [ 32, 32 ]
ROW114 [ 128, 1793, 3, 2, 16, false, 5, 118 ] WITNESS [ 32, 32 ]
ROW114 [ 128, 1794, 3, 2, 16, false, 6, 118 ] WITNESS [ 32, 32 ]
ROW114 [ 128, 1795, 3, 2, 16, false, 6, 118 ] WITNESS [ 32, 32 ]
ROW114 [ 128, 1796, 3, 2, 16, false, 14, 47 ] WITNESS [ 32, 32 ]
ROW114 [ 128, 1797, 3, 2, 16, false, 14, 47 ] WITNESS [ 32, 32 ]
ROW114 [ 128, 1798, 3, 2, 16, false, 14, 47 ] WITNESS [ 32, 32 ]
ROW114 [ 128, 1799, 3, 2, 16, false, 14, 47 ] WITNESS [ 32, 32 ]
ROW114 [ 128, 1800, 3, 2, 16, false, 62, 213 ] WITNESS [ 64, 32 ]
ROW114 [ 128, 1801, 3, 2, 16, false, 62, 213 ] WITNESS [ 64, 32 ]
ROW114 [ 128, 1802, 3, 2, 16, false, 2, 27 ] WITNESS [ 32, 32 ]
ROW114 [ 128, 1803, 3, 2, 16, false, 2, 27 ] WITNESS [ 32, 32 ]
ROW114 [ 128, 1804, 3, 2, 16, false, 2, 27 ] WITNESS [ 32, 32 ]
ROW114 [ 128, 1805, 3, 2, 16, false, 2, 27 ] WITNESS [ 32, 32 ]
ROW114 [ 128, 1806, 3, 2, 16, false, 2, 27 ] WITNESS [ 32, 32 ]
ROW114 [ 128, 1807, 3, 2, 16, false, 2, 27 ] WITNESS [ 32, 32 ]
ROW114 [ 128, 1808, 3, 2, 16, false, 2, 27 ] WITNESS [ 32, 32 ]
ROW114 [ 128, 1809, 3, 2, 16, false, 4, 118 ] WITNESS [ 32, 32 ]
ROW114 [ 128, 1810, 3, 2, 16, false, 4, 118 ] WITNESS [ 32, 32 ]
ROW114 [ 128, 1811, 3, 2, 16, false, 4, 118 ] WITNESS [ 32, 32 ]
ROW114 [ 128, 1812, 3, 2, 16, false, 4, 118 ] WITNESS [ 32, 32 ]
ROW114 [ 128, 1813, 3, 2, 16, false, 8, 118 ] WITNESS [ 32, 32 ]
ROW114 [ 128, 1814, 3, 2, 16, false, 8, 118 ] WITNESS [ 32, 32 ]
ROW114 [ 128, 1815, 3, 2, 16, false, 8, 118 ] WITNESS [ 32, 32 ]
ROW114 [ 128, 1816, 3, 2, 16, false, 8, 118 ] WITNESS [ 32, 32 ]
ROW114 [ 128, 1817, 3, 2, 16, false, 2, 27 ] WITNESS [ 32, 32 ]
ROW114 [ 128, 1818, 3, 2, 16, false, 2, 27 ] WITNESS [ 32, 32 ]
ROW114 [ 128, 1819, 3, 2, 16, false, 2, 27 ] WITNESS [ 32, 32 ]
ROW114 [ 128, 1820, 3, 2, 16, false, 2, 27 ] WITNESS [ 32, 32 ]
ROW114 [ 128, 1821, 3, 2, 16, false, 2, 27 ] WITNESS [ 32, 32 ]
ROW114 [ 128, 1822, 3, 2, 16, false, 2, 27 ] WITNESS [ 32, 32 ]
ROW114 [ 128, 1823, 3, 2, 16, false, 2, 27 ] WITNESS [ 32, 32 ]
ROW114 [ 128, 1824, 3, 2, 16, false, 4, 118 ] WITNESS [ 32, 32 ]
ROW114 [ 128, 1825, 3, 2, 16, false, 4, 118 ] WITNESS [ 32, 32 ]
ROW114 [ 128, 1826, 3, 2, 16, false, 4, 118 ] WITNESS [ 32, 32 ]
ROW114 [ 128, 1827, 3, 2, 16, false, 4, 118 ] WITNESS [ 32, 32 ]
ROW114 [ 128, 1828, 3, 2, 16, false, 8, 118 ] WITNESS [ 32, 32 ]
ROW114 [ 128, 1829, 3, 2, 16, false, 8, 118 ] WITNESS [ 32, 32 ]
ROW114 [ 128, 1830, 3, 2, 16, false, 8, 118 ] WITNESS [ 32, 32 ]
ROW114 [ 128, 1831, 3, 2, 16, false, 8, 118 ] WITNESS [ 32, 32 ]
ROW114 [ 128, 1832, 3, 2, 16, false, 2, 27 ] WITNESS [ 32, 32 ]
ROW114 [ 128, 1833, 3, 2, 16, false, 2, 27 ] WITNESS [ 32, 32 ]
ROW114 [ 128, 1834, 3, 2, 16, false, 2, 27 ] WITNESS [ 32, 32 ]
ROW114 [ 128, 1835, 3, 2, 16, false, 2, 27 ] WITNESS [ 32, 32 ]
ROW114 [ 128, 1836, 3, 2, 16, false, 2, 27 ] WITNESS [ 32, 32 ]
ROW114 [ 128, 1837, 3, 2, 16, false, 2, 27 ] WITNESS [ 32, 32 ]
ROW114 [ 128, 1838, 3, 2, 16, false, 2, 27 ] WITNESS [ 32, 32 ]
ROW114 [ 128, 1839, 3, 2, 16, false, 2, 27 ] WITNESS [ 32, 32 ]
ROW114 [ 128, 1840, 3, 2, 16, false, 2, 27 ] WITNESS [ 32, 32 ]
ROW114 [ 128, 1841, 3, 2, 16, false, 31, 118 ] WITNESS [ 32, 32 ]
ROW114 [ 128, 1842, 3, 2, 16, false, 31, 118 ] WITNESS [ 32, 32 ]
ROW114 [ 128, 1843, 3, 2, 16, false, 31, 118 ] WITNESS [ 32, 32 ]
ROW114 [ 128, 1844, 3, 2, 16, false, 31, 118 ] WITNESS [ 32, 32 ]
ROW114 [ 128, 1845, 3, 2, 16, false, 31, 118 ] WITNESS [ 32, 32 ]
ROW114 [ 128, 1846, 3, 2, 16, false, 31, 118 ] WITNESS [ 32, 32 ]
ROW114 [ 128, 1847, 3, 2, 16, false, 31, 118 ] WITNESS [ 32, 32 ]
ROW114 [ 128, 1848, 3, 2, 16, false, 31, 118 ] WITNESS [ 32, 32 ]
ROW114 [ 128, 1849, 3, 2, 16, false, 31, 118 ] WITNESS [ 32, 32 ]
ROW114 [ 128, 1850, 3, 2, 16, false, 8, 118 ] WITNESS [ 32, 32 ]
ROW114 [ 128, 1851, 3, 2, 16, false, 8, 118 ] WITNESS [ 32, 32 ]
ROW114 [ 128, 1852, 3, 2, 16, false, 8, 118 ] WITNESS [ 32, 32 ]
ROW114 [ 128, 1853, 3, 2, 16, false, 8, 118 ] WITNESS [ 32, 32 ]
ROW114 [ 128, 1854, 3, 2, 16, false, 8, 118 ] WITNESS [ 32, 32 ]
ROW114 [ 128, 1855, 3, 2, 16, false, 8, 118 ] WITNESS [ 32, 32 ]
ROW114 [ 128, 1856, 3, 2, 16, false, 8, 118 ] WITNESS [ 32, 32 ]
ROW114 [ 128, 1857, 3, 2, 16, false, 8, 118 ] WITNESS [ 32, 32 ]
ROW114 [ 128, 1858, 3, 2, 16, false, 8, 118 ] WITNESS [ 32, 32 ]
ROW114 [ 128, 1859, 3, 2, 16, false, 8, 118 ] WITNESS [ 32, 32 ]
ROW114 [ 128, 1860, 3, 2, 16, false, 5, 27 ] WITNESS [ 32, 32 ]
ROW114 [ 128, 1861, 3, 2, 16, false, 5, 27 ] WITNESS [ 32, 32 ]
ROW114 [ 128, 1862, 3, 2, 16, false, 5, 27 ] WITNESS [ 32, 32 ]
ROW114 [ 128, 1863, 3, 2, 16, false, 5, 27 ] WITNESS [ 32, 32 ]
ROW114 [ 128, 1864, 3, 2, 16, false, 5, 27 ] WITNESS [ 32, 32 ]
ROW114 [ 128, 1865, 3, 2, 16, false, 5, 27 ] WITNESS [ 32, 32 ]
ROW114 [ 128, 1866, 3, 2, 16, false, 5, 27 ] WITNESS [ 32, 32 ]
ROW114 [ 128, 1867, 3, 2, 16, false, 5, 27 ] WITNESS [ 32, 32 ]
ROW114 [ 128, 1868, 3, 2, 16, false, 21, 118 ] WITNESS [ 32, 32 ]
ROW114 [ 128, 1869, 3, 2, 16, false, 21, 118 ] WITNESS [ 32, 32 ]
ROW114 [ 128, 1870, 3, 2, 16, false, 8, 118 ] WITNESS [ 32, 32 ]
ROW114 [ 128, 1871, 3, 2, 16, false, 8, 118 ] WITNESS [ 32, 32 ]
ROW114 [ 128, 1872, 3, 2, 16, false, 8, 118 ] WITNESS [ 32, 32 ]
ROW114 [ 128, 1873, 3, 2, 16, false, 8, 118 ] WITNESS [ 32, 32 ]
ROW114 [ 128, 1874, 3, 2, 16, false, 8, 118 ] WITNESS [ 32, 32 ]
ROW114 [ 128, 1875, 3, 2, 16, false, 5, 27 ] WITNESS [ 32, 32 ]
ROW114 [ 128, 1876, 3, 2, 16, false, 5, 27 ] WITNESS [ 32, 32 ]
ROW114 [ 128, 1877, 3, 2, 16, false, 5, 27 ] WITNESS [ 32, 32 ]
ROW114 [ 128, 1878, 3, 2, 16, false, 5, 27 ] WITNESS [ 32, 32 ]
ROW114 [ 128, 1879, 3, 2, 16, false, 5, 27 ] WITNESS [ 32, 32 ]
ROW114 [ 128, 1880, 3, 2, 16, false, 5, 27 ] WITNESS [ 32, 32 ]
ROW114 [ 128, 1881, 3, 2, 16, false, 5, 27 ] WITNESS [ 32, 32 ]
ROW114 [ 128, 1882, 3, 2, 16, false, 5, 27 ] WITNESS [ 32, 32 ]
ROW114 [ 128, 1883, 3, 2, 16, false, 16, 118 ] WITNESS [ 32, 32 ]
ROW114 [ 128, 1884, 3, 2, 16, false, 16, 118 ] WITNESS [ 32, 32 ]
ROW114 [ 128, 1885, 3, 2, 16, false, 16, 118 ] WITNESS [ 32, 32 ]
ROW114 [ 128, 1886, 3, 2, 16, false, 5, 118 ] WITNESS [ 32, 32 ]
ROW114 [ 128, 1887, 3, 2, 16, false, 5, 118 ] WITNESS [ 32, 32 ]
ROW114 [ 128, 1888, 3, 2, 16, false, 5, 118 ] WITNESS [ 32, 32 ]
ROW114 [ 128, 1889, 3, 2, 16, false, 6, 27 ] WITNESS [ 32, 32 ]
ROW114 [ 128, 1890, 3, 2, 16, false, 6, 27 ] WITNESS [ 32, 32 ]
ROW114 [ 128, 1891, 3, 2, 16, false, 6, 27 ] WITNESS [ 32, 32 ]
ROW114 [ 128, 1892, 3, 2, 16, false, 6, 27 ] WITNESS [ 32, 32 ]
ROW114 [ 128, 1893, 3, 2, 16, false, 6, 27 ] WITNESS [ 32, 32 ]
ROW114 [ 128, 1894, 3, 2, 16, false, 6, 27 ] WITNESS [ 32, 32 ]
ROW114 [ 128, 1895, 3, 2, 16, false, 14, 118 ] WITNESS [ 32, 32 ]
ROW114 [ 128, 1896, 3, 2, 16, false, 14, 118 ] WITNESS [ 32, 32 ]
ROW114 [ 128, 1897, 3, 2, 16, false, 3, 118 ] WITNESS [ 32, 32 ]
ROW114 [ 128, 1898, 3, 2, 16, false, 3, 118 ] WITNESS [ 32, 32 ]
ROW114 [ 128, 1899, 3, 2, 16, false, 6, 27 ] WITNESS [ 32, 32 ]
ROW114 [ 128, 1900, 3, 2, 16, false, 6, 27 ] WITNESS [ 32, 32 ]
ROW114 [ 128, 1901, 3, 2, 16, false, 6, 27 ] WITNESS [ 32, 32 ]
ROW114 [ 128, 1902, 3, 2, 16, false, 6, 27 ] WITNESS [ 32, 32 ]
ROW114 [ 128, 1903, 3, 2, 16, false, 6, 27 ] WITNESS [ 32, 32 ]
ROW114 [ 128, 1904, 3, 2, 16, false, 6, 27 ] WITNESS [ 32, 32 ]
ROW114 [ 128, 1905, 3, 2, 16, false, 14, 118 ] WITNESS [ 32, 32 ]
ROW114 [ 128, 1906, 3, 2, 16, false, 14, 118 ] WITNESS [ 32, 32 ]
ROW114 [ 128, 1907, 3, 2, 16, false, 14, 118 ] WITNESS [ 32, 32 ]
ROW114 [ 128, 1908, 3, 2, 16, false, 14, 118 ] WITNESS [ 32, 32 ]
ROW114 [ 128, 1909, 3, 2, 16, false, 14, 118 ] WITNESS [ 32, 32 ]
ROW114 [ 128, 1910, 3, 2, 16, false, 3, 118 ] WITNESS [ 32, 32 ]
ROW114 [ 128, 1911, 3, 2, 16, false, 3, 118 ] WITNESS [ 32, 32 ]
ROW114 [ 128, 1912, 3, 2, 16, false, 3, 118 ] WITNESS [ 32, 32 ]
ROW114 [ 128, 1913, 3, 2, 16, false, 3, 118 ] WITNESS [ 32, 32 ]
ROW114 [ 128, 1914, 3, 2, 16, false, 4, 118 ] WITNESS [ 32, 32 ]
ROW114 [ 128, 1915, 3, 2, 16, false, 4, 118 ] WITNESS [ 32, 32 ]
ROW114 [ 128, 1916, 3, 2, 16, false, 4, 118 ] WITNESS [ 32, 32 ]
ROW114 [ 128, 1917, 3, 2, 16, false, 4, 118 ] WITNESS [ 32, 32 ]
ROW114 [ 128, 1918, 3, 2, 16, false, 13, 118 ] WITNESS [ 32, 32 ]
ROW114 [ 128, 1919, 3, 2, 16, false, 13, 118 ] WITNESS [ 32, 32 ]
ROW114 [ 128, 1920, 3, 2, 16, false, 13, 118 ] WITNESS [ 32, 32 ]
ROW114 [ 128, 1921, 3, 2, 16, false, 13, 118 ] WITNESS [ 32, 32 ]
ROW114 [ 128, 1922, 3, 2, 16, false, 13, 118 ] WITNESS [ 32, 32 ]
ROW114 [ 128, 1923, 3, 2, 16, false, 13, 118 ] WITNESS [ 32, 32 ]
ROW114 [ 128, 1924, 3, 2, 16, false, 31, 118 ] WITNESS [ 32, 32 ]
ROW114 [ 128, 1925, 3, 2, 16, false, 31, 118 ] WITNESS [ 32, 32 ]
ROW114 [ 128, 1926, 3, 2, 16, false, 31, 118 ] WITNESS [ 32, 32 ]
ROW114 [ 128, 1927, 3, 2, 16, false, 31, 118 ] WITNESS [ 32, 32 ]
ROW114 [ 128, 1928, 3, 2, 16, false, 31, 118 ] WITNESS [ 32, 32 ]
ROW114 [ 128, 1929, 3, 2, 16, false, 31, 118 ] WITNESS [ 32, 32 ]
ROW114 [ 128, 1930, 3, 2, 16, false, 13, 118 ] WITNESS [ 32, 32 ]
ROW114 [ 128, 1931, 3, 2, 16, false, 13, 118 ] WITNESS [ 32, 32 ]
ROW114 [ 128, 1932, 3, 2, 16, false, 13, 118 ] WITNESS [ 32, 32 ]
ROW114 [ 128, 1933, 3, 2, 16, false, 13, 118 ] WITNESS [ 32, 32 ]
ROW114 [ 128, 1934, 3, 2, 16, false, 13, 118 ] WITNESS [ 32, 32 ]
ROW114 [ 128, 1935, 3, 2, 16, false, 13, 118 ] WITNESS [ 32, 32 ]
ROW114 [ 128, 1936, 3, 2, 16, false, 13, 118 ] WITNESS [ 32, 32 ]
ROW114 [ 128, 1937, 3, 2, 16, false, 13, 118 ] WITNESS [ 32, 32 ]
ROW114 [ 128, 1938, 3, 2, 16, false, 13, 118 ] WITNESS [ 32, 32 ]
ROW114 [ 128, 1939, 3, 2, 16, false, 13, 118 ] WITNESS [ 32, 32 ]
ROW114 [ 128, 1940, 3, 2, 16, false, 13, 118 ] WITNESS [ 32, 32 ]
ROW114 [ 128, 1941, 3, 2, 16, false, 13, 118 ] WITNESS [ 32, 32 ]
ROW114 [ 128, 1942, 3, 2, 16, false, 13, 118 ] WITNESS [ 32, 32 ]
ROW114 [ 128, 1943, 3, 2, 16, false, 13, 118 ] WITNESS [ 32, 32 ]
ROW114 [ 128, 1944, 3, 2, 16, false, 13, 118 ] WITNESS [ 32, 32 ]
ROW114 [ 128, 1945, 3, 2, 16, false, 31, 118 ] WITNESS [ 32, 32 ]
ROW114 [ 128, 1946, 3, 2, 16, false, 31, 118 ] WITNESS [ 32, 32 ]
ROW114 [ 128, 1947, 3, 2, 16, false, 31, 118 ] WITNESS [ 32, 32 ]
ROW114 [ 128, 1948, 3, 2, 16, false, 31, 118 ] WITNESS [ 32, 32 ]
ROW114 [ 128, 1949, 3, 2, 16, false, 31, 118 ] WITNESS [ 32, 32 ]
ROW114 [ 128, 1950, 3, 2, 16, false, 31, 118 ] WITNESS [ 32, 32 ]
ROW114 [ 128, 1951, 3, 2, 16, false, 31, 118 ] WITNESS [ 32, 32 ]
ROW114 [ 128, 1952, 3, 2, 16, false, 13, 118 ] WITNESS [ 32, 32 ]
ROW114 [ 128, 1953, 3, 2, 16, false, 13, 118 ] WITNESS [ 32, 32 ]
ROW114 [ 128, 1954, 3, 2, 16, false, 13, 118 ] WITNESS [ 32, 32 ]
ROW114 [ 128, 1955, 3, 2, 16, false, 13, 118 ] WITNESS [ 32, 32 ]
ROW114 [ 128, 1956, 3, 2, 16, false, 13, 118 ] WITNESS [ 32, 32 ]
ROW114 [ 128, 1957, 3, 2, 16, false, 13, 118 ] WITNESS [ 32, 32 ]
ROW114 [ 128, 1958, 3, 2, 16, false, 13, 118 ] WITNESS [ 32, 32 ]
ROW114 [ 128, 1959, 3, 2, 16, false, 13, 118 ] WITNESS [ 32, 32 ]
ROW114 [ 128, 1960, 3, 2, 16, false, 13, 118 ] WITNESS [ 32, 32 ]
ROW114 [ 128, 1961, 3, 2, 16, false, 13, 118 ] WITNESS [ 32, 32 ]
ROW114 [ 128, 1962, 3, 2, 16, false, 13, 118 ] WITNESS [ 32, 32 ]
ROW114 [ 128, 1963, 3, 2, 16, false, 13, 118 ] WITNESS [ 32, 32 ]
ROW114 [ 128, 1964, 3, 2, 16, false, 13, 118 ] WITNESS [ 32, 32 ]
ROW114 [ 128, 1965, 3, 2, 16, false, 13, 118 ] WITNESS [ 32, 32 ]
ROW114 [ 128, 1966, 3, 2, 16, false, 31, 118 ] WITNESS [ 32, 32 ]
ROW114 [ 128, 1967, 3, 2, 16, false, 31, 118 ] WITNESS [ 32, 32 ]
ROW114 [ 128, 1968, 3, 2, 16, false, 31, 118 ] WITNESS [ 32, 32 ]
ROW114 [ 128, 1969, 3, 2, 16, false, 31, 118 ] WITNESS [ 32, 32 ]
ROW114 [ 128, 1970, 3, 2, 16, false, 31, 118 ] WITNESS [ 32, 32 ]
ROW114 [ 128, 1971, 3, 2, 16, false, 31, 118 ] WITNESS [ 32, 32 ]
ROW114 [ 128, 1972, 3, 2, 16, false, 31, 118 ] WITNESS [ 32, 32 ]
ROW114 [ 128, 1973, 3, 2, 16, false, 13, 118 ] WITNESS [ 32, 32 ]
ROW114 [ 128, 1974, 3, 2, 16, false, 13, 118 ] WITNESS [ 32, 32 ]
ROW114 [ 128, 1975, 3, 2, 16, false, 13, 118 ] WITNESS [ 32, 32 ]
ROW114 [ 128, 1976, 3, 2, 16, false, 13, 118 ] WITNESS [ 32, 32 ]
ROW114 [ 128, 1977, 3, 2, 16, false, 13, 118 ] WITNESS [ 32, 32 ]
ROW114 [ 128, 1978, 3, 2, 16, false, 13, 118 ] WITNESS [ 32, 32 ]
ROW114 [ 128, 1979, 3, 2, 16, false, 13, 118 ] WITNESS [ 32, 32 ]
ROW114 [ 128, 1980, 3, 2, 16, false, 13, 118 ] WITNESS [ 32, 32 ]
ROW114 [ 128, 1981, 3, 2, 16, false, 13, 118 ] WITNESS [ 32, 32 ]
ROW114 [ 128, 1982, 3, 2, 16, false, 13, 118 ] WITNESS [ 32, 32 ]
ROW114 [ 128, 1983, 3, 2, 16, false, 31, 118 ] WITNESS [ 32, 32 ]
ROW114 [ 128, 1984, 3, 2, 16, false, 31, 118 ] WITNESS [ 32, 32 ]
ROW114 [ 128, 1985, 3, 2, 16, false, 31, 118 ] WITNESS [ 32, 32 ]
ROW114 [ 128, 1986, 3, 2, 16, false, 31, 118 ] WITNESS [ 32, 32 ]
ROW114 [ 128, 1987, 3, 2, 16, false, 31, 118 ] WITNESS [ 32, 32 ]
ROW114 [ 128, 1988, 3, 2, 16, false, 31, 118 ] WITNESS [ 32, 32 ]
ROW114 [ 128, 1989, 3, 2, 16, false, 13, 118 ] WITNESS [ 32, 32 ]
ROW114 [ 128, 1990, 3, 2, 16, false, 13, 118 ] WITNESS [ 32, 32 ]
ROW114 [ 128, 1991, 3, 2, 16, false, 13, 118 ] WITNESS [ 32, 32 ]
ROW114 [ 128, 1992, 3, 2, 16, false, 13, 118 ] WITNESS [ 32, 32 ]
ROW114 [ 128, 1993, 3, 2, 16, false, 13, 118 ] WITNESS [ 32, 32 ]
ROW114 [ 128, 1994, 3, 2, 16, false, 13, 118 ] WITNESS [ 32, 32 ]
ROW114 [ 128, 1995, 3, 2, 16, false, 13, 118 ] WITNESS [ 32, 32 ]
ROW114 [ 128, 1996, 3, 2, 16, false, 30, 118 ] WITNESS [ 32, 32 ]
ROW114 [ 128, 1997, 3, 2, 16, false, 30, 118 ] WITNESS [ 32, 32 ]
ROW114 [ 128, 1998, 3, 2, 16, false, 30, 118 ] WITNESS [ 32, 32 ]
ROW114 [ 128, 1999, 3, 2, 16, false, 30, 118 ] WITNESS [ 32, 32 ]
ROW114 [ 128, 2000, 3, 2, 16, false, 30, 118 ] WITNESS [ 32, 32 ]
ROW114 [ 128, 2001, 3, 2, 16, false, 30, 118 ] WITNESS [ 32, 32 ]
ROW114 [ 128, 2002, 3, 2, 16, false, 30, 118 ] WITNESS [ 32, 32 ]
ROW114 [ 128, 2003, 3, 2, 16, false, 30, 118 ] WITNESS [ 32, 32 ]
ROW114 [ 128, 2004, 3, 2, 16, false, 13, 118 ] WITNESS [ 32, 32 ]
ROW114 [ 128, 2005, 3, 2, 16, false, 13, 118 ] WITNESS [ 32, 32 ]
ROW114 [ 128, 2006, 3, 2, 16, false, 13, 118 ] WITNESS [ 32, 32 ]
ROW114 [ 128, 2007, 3, 2, 16, false, 13, 118 ] WITNESS [ 32, 32 ]
ROW114 [ 128, 2008, 3, 2, 16, false, 13, 118 ] WITNESS [ 32, 32 ]
ROW114 [ 128, 2009, 3, 2, 16, false, 13, 118 ] WITNESS [ 32, 32 ]
ROW114 [ 128, 2010, 3, 2, 16, false, 13, 118 ] WITNESS [ 32, 32 ]
ROW114 [ 128, 2011, 3, 2, 16, false, 13, 118 ] WITNESS [ 32, 32 ]
ROW114 [ 128, 2012, 3, 2, 16, false, 13, 118 ] WITNESS [ 32, 32 ]
ROW114 [ 128, 2013, 3, 2, 16, false, 13, 118 ] WITNESS [ 32, 32 ]
ROW114 [ 128, 2014, 3, 2, 16, false, 13, 118 ] WITNESS [ 32, 32 ]
ROW114 [ 128, 2015, 3, 2, 16, false, 13, 118 ] WITNESS [ 32, 32 ]
ROW114 [ 128, 2016, 3, 2, 16, false, 13, 118 ] WITNESS [ 32, 32 ]
ROW114 [ 128, 2017, 3, 2, 16, false, 13, 118 ] WITNESS [ 32, 32 ]
ROW114 [ 128, 2018, 3, 2, 16, false, 13, 118 ] WITNESS [ 32, 32 ]
ROW114 [ 128, 2019, 3, 2, 16, false, 13, 118 ] WITNESS [ 32, 32 ]
ROW114 [ 128, 2020, 3, 2, 16, true, 67, 214 ]
ROW114 [ 128, 2021, 3, 2, 16, true, 67, 214 ]
ROW114 [ 128, 2022, 3, 2, 16, false, 15, 214 ] WITNESS [ 32, 32 ]
ROW114 [ 128, 2023, 3, 2, 16, false, 15, 214 ] WITNESS [ 32, 32 ]
ROW114 [ 128, 2024, 3, 2, 16, false, 15, 214 ] WITNESS [ 32, 32 ]
ROW114 [ 128, 2025, 3, 2, 16, false, 15, 214 ] WITNESS [ 32, 32 ]
ROW114 [ 128, 2026, 3, 2, 16, false, 8, 118 ] WITNESS [ 32, 32 ]
ROW114 [ 128, 2027, 3, 2, 16, false, 8, 118 ] WITNESS [ 32, 32 ]
ROW114 [ 128, 2028, 3, 2, 16, false, 8, 118 ] WITNESS [ 32, 32 ]
ROW114 [ 128, 2029, 3, 2, 16, false, 8, 118 ] WITNESS [ 32, 32 ]
ROW114 [ 128, 2030, 3, 2, 16, false, 8, 118 ] WITNESS [ 32, 32 ]
ROW114 [ 128, 2031, 3, 2, 16, false, 8, 118 ] WITNESS [ 32, 32 ]
ROW114 [ 128, 2032, 3, 2, 16, false, 8, 118 ] WITNESS [ 32, 32 ]
ROW114 [ 128, 2033, 3, 2, 16, false, 8, 118 ] WITNESS [ 32, 32 ]
ROW114 [ 128, 2034, 3, 2, 16, false, 8, 118 ] WITNESS [ 32, 32 ]
ROW114 [ 128, 2035, 3, 2, 16, false, 8, 118 ] WITNESS [ 32, 32 ]
ROW114 [ 128, 2036, 3, 2, 16, false, 8, 118 ] WITNESS [ 32, 32 ]
ROW114 [ 128, 2037, 3, 2, 16, false, 8, 118 ] WITNESS [ 32, 32 ]
ROW114 [ 128, 2038, 3, 2, 16, false, 8, 118 ] WITNESS [ 32, 32 ]
ROW114 [ 128, 2039, 3, 2, 16, false, 8, 118 ] WITNESS [ 32, 32 ]
ROW114 [ 128, 2040, 3, 2, 16, false, 8, 118 ] WITNESS [ 32, 32 ]
ROW114 [ 128, 2041, 3, 2, 16, false, 8, 118 ] WITNESS [ 32, 32 ]
ROW114 [ 128, 2042, 3, 2, 16, false, 8, 118 ] WITNESS [ 32, 32 ]
ROW114 [ 128, 2043, 3, 2, 16, false, 8, 118 ] WITNESS [ 32, 32 ]
ROW114 [ 128, 2044, 3, 2, 16, false, 8, 118 ] WITNESS [ 32, 32 ]
ROW114 [ 128, 2045, 3, 2, 16, false, 8, 118 ] WITNESS [ 32, 32 ]
ROW114 [ 128, 2046, 3, 2, 16, false, 8, 118 ] WITNESS [ 32, 32 ]
ROW114 [ 128, 2047, 3, 2, 16, false, 8, 118 ] WITNESS [ 32, 32 ]
ROW114 [ 128, 2048, 3, 2, 16, false, 8, 118 ] WITNESS [ 32, 32 ]
ROW114 [ 128, 2049, 3, 2, 16, false, 8, 118 ] WITNESS [ 32, 32 ]
ROW114 [ 128, 2050, 3, 2, 16, false, 8, 118 ] WITNESS [ 32, 32 ]
ROW114 [ 128, 2051, 3, 2, 16, false, 8, 118 ] WITNESS [ 32, 32 ]
ROW114 [ 128, 2052, 3, 2, 16, false, 8, 118 ] WITNESS [ 32, 32 ]
ROW114 [ 128, 2053, 3, 2, 16, false, 8, 118 ] WITNESS [ 32, 32 ]
ROW114 [ 128, 2054, 3, 2, 16, false, 17, 118 ] WITNESS [ 32, 32 ]
ROW114 [ 128, 2055, 3, 2, 16, false, 17, 118 ] WITNESS [ 32, 32 ]
ROW114 [ 128, 2056, 3, 2, 16, false, 17, 118 ] WITNESS [ 32, 32 ]
ROW114 [ 128, 2057, 3, 2, 16, false, 17, 118 ] WITNESS [ 32, 32 ]
ROW114 [ 128, 2058, 3, 2, 16, false, 17, 118 ] WITNESS [ 32, 32 ]
ROW114 [ 128, 2059, 3, 2, 16, false, 17, 118 ] WITNESS [ 32, 32 ]
ROW114 [ 128, 2060, 3, 2, 16, false, 17, 118 ] WITNESS [ 32, 32 ]
ROW114 [ 128, 2061, 3, 2, 16, false, 17, 118 ] WITNESS [ 32, 32 ]
ROW114 [ 128, 2062, 3, 2, 16, false, 17, 118 ] WITNESS [ 32, 32 ]
ROW114 [ 128, 2063, 3, 2, 16, false, 17, 118 ] WITNESS [ 32, 32 ]
ROW114 [ 128, 2064, 3, 2, 16, false, 17, 118 ] WITNESS [ 32, 32 ]
ROW114 [ 128, 2065, 3, 2, 16, false, 17, 118 ] WITNESS [ 32, 32 ]
ROW114 [ 128, 2066, 3, 2, 16, false, 8, 118 ] WITNESS [ 32, 32 ]
ROW114 [ 128, 2067, 3, 2, 16, false, 8, 118 ] WITNESS [ 32, 32 ]
ROW114 [ 128, 2068, 3, 2, 16, false, 8, 118 ] WITNESS [ 32, 32 ]
ROW114 [ 128, 2069, 3, 2, 16, false, 8, 118 ] WITNESS [ 32, 32 ]
ROW114 [ 128, 2070, 3, 2, 16, false, 8, 118 ] WITNESS [ 32, 32 ]
ROW114 [ 128, 2071, 3, 2, 16, false, 8, 118 ] WITNESS [ 32, 32 ]
ROW114 [ 128, 2072, 3, 2, 16, false, 8, 118 ] WITNESS [ 32, 32 ]
ROW114 [ 128, 2073, 3, 2, 16, false, 8, 118 ] WITNESS [ 32, 32 ]
ROW114 [ 128, 2074, 3, 2, 16, false, 8, 118 ] WITNESS [ 32, 32 ]
ROW114 [ 128, 2075, 3, 2, 16, false, 8, 118 ] WITNESS [ 32, 32 ]
ROW114 [ 128, 2076, 3, 2, 16, false, 8, 118 ] WITNESS [ 32, 32 ]
ROW114 [ 128, 2077, 3, 2, 16, false, 8, 118 ] WITNESS [ 32, 32 ]
ROW114 [ 128, 2078, 3, 2, 16, false, 8, 118 ] WITNESS [ 32, 32 ]
ROW114 [ 128, 2079, 3, 2, 16, false, 8, 118 ] WITNESS [ 32, 32 ]
ROW114 [ 128, 2080, 3, 2, 16, false, 8, 118 ] WITNESS [ 32, 32 ]
ROW114 [ 128, 2081, 3, 2, 16, false, 8, 118 ] WITNESS [ 32, 32 ]
ROW114 [ 128, 2082, 3, 2, 16, false, 8, 118 ] WITNESS [ 32, 32 ]
ROW114 [ 128, 2083, 3, 2, 16, false, 17, 118 ] WITNESS [ 32, 32 ]
ROW114 [ 128, 2084, 3, 2, 16, false, 17, 118 ] WITNESS [ 32, 32 ]
ROW114 [ 128, 2085, 3, 2, 16, false, 17, 118 ] WITNESS [ 32, 32 ]
ROW114 [ 128, 2086, 3, 2, 16, false, 17, 118 ] WITNESS [ 32, 32 ]
ROW114 [ 128, 2087, 3, 2, 16, false, 17, 118 ] WITNESS [ 32, 32 ]
ROW114 [ 128, 2088, 3, 2, 16, false, 17, 118 ] WITNESS [ 32, 32 ]
ROW114 [ 128, 2089, 3, 2, 16, false, 17, 118 ] WITNESS [ 32, 32 ]
ROW114 [ 128, 2090, 3, 2, 16, false, 8, 118 ] WITNESS [ 32, 32 ]
ROW114 [ 128, 2091, 3, 2, 16, false, 8, 118 ] WITNESS [ 32, 32 ]
ROW114 [ 128, 2092, 3, 2, 16, false, 8, 118 ] WITNESS [ 32, 32 ]
ROW114 [ 128, 2093, 3, 2, 16, false, 8, 118 ] WITNESS [ 32, 32 ]
ROW114 [ 128, 2094, 3, 2, 16, false, 8, 118 ] WITNESS [ 32, 32 ]
ROW114 [ 128, 2095, 3, 2, 16, false, 8, 118 ] WITNESS [ 32, 32 ]
ROW114 [ 128, 2096, 3, 2, 16, false, 8, 118 ] WITNESS [ 32, 32 ]
ROW114 [ 128, 2097, 3, 2, 16, false, 8, 118 ] WITNESS [ 32, 32 ]
ROW114 [ 128, 2098, 3, 2, 16, false, 8, 118 ] WITNESS [ 32, 32 ]
ROW114 [ 128, 2099, 3, 2, 16, false, 8, 118 ] WITNESS [ 32, 32 ]
ROW114 [ 128, 2100, 3, 2, 16, false, 8, 118 ] WITNESS [ 32, 32 ]
ROW114 [ 128, 2101, 3, 2, 16, false, 8, 118 ] WITNESS [ 32, 32 ]
ROW114 [ 128, 2102, 3, 2, 16, false, 8, 118 ] WITNESS [ 32, 32 ]
ROW114 [ 128, 2103, 3, 2, 16, false, 8, 118 ] WITNESS [ 32, 32 ]
ROW114 [ 128, 2104, 3, 2, 16, false, 8, 118 ] WITNESS [ 32, 32 ]
ROW114 [ 128, 2105, 3, 2, 16, false, 8, 118 ] WITNESS [ 32, 32 ]
ROW114 [ 128, 2106, 3, 2, 16, false, 8, 118 ] WITNESS [ 32, 32 ]
ROW114 [ 128, 2107, 3, 2, 16, false, 8, 118 ] WITNESS [ 32, 32 ]
ROW114 [ 128, 2108, 3, 2, 16, false, 8, 118 ] WITNESS [ 32, 32 ]
ROW114 [ 128, 2109, 3, 2, 16, false, 8, 118 ] WITNESS [ 32, 32 ]
ROW114 [ 128, 2110, 3, 2, 16, false, 8, 118 ] WITNESS [ 32, 32 ]
ROW114 [ 128, 2111, 3, 2, 16, false, 8, 118 ] WITNESS [ 32, 32 ]
ROW114 [ 128, 2112, 3, 2, 16, false, 8, 118 ] WITNESS [ 32, 32 ]
ROW114 [ 128, 2113, 3, 2, 16, false, 8, 118 ] WITNESS [ 32, 32 ]
ROW114 [ 128, 2114, 3, 2, 16, false, 8, 118 ] WITNESS [ 32, 32 ]
ROW114 [ 128, 2115, 3, 2, 16, false, 8, 118 ] WITNESS [ 32, 32 ]
ROW114 [ 128, 2116, 3, 2, 16, false, 8, 118 ] WITNESS [ 32, 32 ]
ROW114 [ 128, 2117, 3, 2, 16, false, 8, 118 ] WITNESS [ 32, 32 ]
ROW114 [ 128, 2118, 3, 2, 16, false, 8, 118 ] WITNESS [ 32, 32 ]
ROW114 [ 128, 2119, 3, 2, 16, false, 8, 118 ] WITNESS [ 32, 32 ]
ROW114 [ 128, 2120, 3, 2, 16, false, 8, 118 ] WITNESS [ 32, 32 ]
ROW114 [ 128, 2121, 3, 2, 16, false, 8, 118 ] WITNESS [ 32, 32 ]
ROW114 [ 128, 2122, 3, 2, 16, false, 8, 118 ] WITNESS [ 32, 32 ]
ROW114 [ 128, 2123, 3, 2, 16, false, 8, 118 ] WITNESS [ 32, 32 ]
ROW114 [ 128, 2124, 3, 2, 16, false, 8, 118 ] WITNESS [ 32, 32 ]
ROW114 [ 128, 2125, 3, 2, 16, false, 8, 118 ] WITNESS [ 32, 32 ]
ROW114 [ 128, 2126, 3, 2, 16, false, 8, 118 ] WITNESS [ 32, 32 ]
ROW114 [ 128, 2127, 3, 2, 16, false, 8, 118 ] WITNESS [ 32, 32 ]
ROW114 [ 128, 2128, 3, 2, 16, false, 8, 118 ] WITNESS [ 32, 32 ]
ROW114 [ 128, 2129, 3, 2, 16, false, 8, 118 ] WITNESS [ 32, 32 ]
ROW114 [ 128, 2130, 3, 2, 16, false, 8, 118 ] WITNESS [ 32, 32 ]
ROW114 [ 128, 2131, 3, 2, 16, false, 8, 118 ] WITNESS [ 32, 32 ]
ROW114 [ 128, 2132, 3, 2, 16, false, 8, 118 ] WITNESS [ 32, 32 ]
ROW114 [ 128, 2133, 3, 2, 16, false, 8, 118 ] WITNESS [ 32, 32 ]
ROW114 [ 128, 2134, 3, 2, 16, false, 8, 118 ] WITNESS [ 32, 32 ]
ROW114 [ 128, 2135, 3, 2, 16, false, 8, 118 ] WITNESS [ 32, 32 ]
ROW114 [ 128, 2140, 4, 2, 16, false, 1, 11 ] WITNESS [ 32, 32 ]
ROW114 [ 128, 2141, 4, 2, 16, false, 1, 11 ] WITNESS [ 32, 32 ]
ROW114 [ 128, 2142, 4, 2, 16, false, 1, 11 ] WITNESS [ 32, 32 ]
ROW114 [ 128, 2143, 4, 2, 16, false, 1, 11 ] WITNESS [ 32, 32 ]
ROW114 [ 128, 2144, 4, 2, 16, false, 2, 38 ] WITNESS [ 32, 32 ]
ROW114 [ 128, 2145, 4, 2, 16, false, 2, 38 ] WITNESS [ 32, 32 ]
ROW114 [ 128, 2146, 4, 2, 16, false, 2, 38 ] WITNESS [ 32, 32 ]
ROW114 [ 128, 2147, 4, 2, 16, false, 9, 169 ] WITNESS [ 32, 32 ]
ROW114 [ 128, 2148, 4, 2, 16, false, 9, 169 ] WITNESS [ 32, 32 ]
ROW114 [ 128, 2149, 4, 2, 16, false, 9, 169 ] WITNESS [ 32, 32 ]
ROW114 [ 128, 2306, 3, 2, 32, false, 3, 8 ] WITNESS [ 64, 64 ]
ROW114 [ 128, 2307, 3, 2, 32, false, 3, 8 ] WITNESS [ 64, 64 ]
ROW114 [ 128, 2308, 3, 2, 32, false, 3, 8 ] WITNESS [ 64, 64 ]
ROW114 [ 128, 2309, 3, 2, 32, false, 3, 8 ] WITNESS [ 64, 64 ]
ROW114 [ 128, 2310, 3, 2, 32, true, 8, 27 ]
ROW114 [ 128, 2311, 3, 2, 32, true, 8, 27 ]
ROW114 [ 128, 2312, 3, 2, 32, true, 8, 27 ]
ROW114 [ 128, 2313, 3, 2, 32, true, 16, 118 ]
ROW114 [ 128, 2314, 3, 2, 32, true, 16, 118 ]
ROW114 [ 128, 2315, 3, 2, 32, true, 16, 118 ]
ROW114 [ 128, 2316, 3, 2, 32, true, 16, 118 ]
ROW114 [ 128, 2317, 3, 2, 32, true, 32, 681 ]
ROW114 [ 128, 2318, 3, 2, 32, true, 32, 681 ]
ORDER_DONE 128 total=2610 eligible=1509 weak=135 checks=10450 runtime_ms=
120864
ORDER_START 243 count=67
ROW114 [ 243, 3, 3, 2, 9, false, 1, 11 ] WITNESS [ 27, 27 ]
ROW114 [ 243, 4, 3, 2, 9, false, 1, 11 ] WITNESS [ 27, 27 ]
ROW114 [ 243, 5, 3, 2, 9, false, 1, 11 ] WITNESS [ 27, 27 ]
ROW114 [ 243, 6, 3, 2, 9, false, 1, 11 ] WITNESS [ 27, 27 ]
ROW114 [ 243, 7, 3, 2, 9, false, 1, 11 ] WITNESS [ 27, 27 ]
ROW114 [ 243, 8, 3, 2, 9, false, 1, 11 ] WITNESS [ 27, 27 ]
ROW114 [ 243, 9, 3, 2, 9, false, 1, 11 ] WITNESS [ 27, 27 ]
ROW114 [ 243, 13, 3, 2, 27, false, 2, 11 ] WITNESS [ 81, 81 ]
ROW114 [ 243, 14, 3, 2, 27, false, 2, 11 ] WITNESS [ 81, 81 ]
ROW114 [ 243, 15, 3, 2, 27, false, 2, 11 ] WITNESS [ 81, 81 ]
ROW114 [ 243, 16, 3, 2, 27, false, 2, 11 ] WITNESS [ 81, 81 ]
ROW114 [ 243, 17, 3, 2, 27, false, 4, 11 ] WITNESS [ 81, 81 ]
ROW114 [ 243, 18, 3, 2, 27, false, 4, 11 ] WITNESS [ 81, 81 ]
ROW114 [ 243, 19, 3, 2, 27, false, 4, 11 ] WITNESS [ 81, 81 ]
ROW114 [ 243, 20, 3, 2, 27, false, 4, 11 ] WITNESS [ 81, 81 ]
ROW114 [ 243, 22, 3, 2, 27, true, 5, 17 ]
ROW114 [ 243, 25, 4, 2, 9, false, 1, 16 ] WITNESS [ 27, 27 ]
ROW114 [ 243, 26, 4, 2, 9, false, 1, 16 ] WITNESS [ 27, 27 ]
ROW114 [ 243, 27, 4, 2, 9, false, 1, 16 ] WITNESS [ 27, 27 ]
ROW114 [ 243, 28, 4, 2, 9, false, 1, 16 ] WITNESS [ 27, 27 ]
ROW114 [ 243, 29, 4, 2, 9, false, 1, 16 ] WITNESS [ 27, 27 ]
ROW114 [ 243, 30, 4, 2, 9, false, 1, 16 ] WITNESS [ 27, 27 ]
ROW114 [ 243, 51, 3, 2, 27, false, 2, 11 ] WITNESS [ 81, 81 ]
ROW114 [ 243, 52, 3, 2, 27, false, 2, 11 ] WITNESS [ 81, 81 ]
ROW114 [ 243, 53, 3, 2, 27, false, 2, 11 ] WITNESS [ 81, 81 ]
ROW114 [ 243, 54, 3, 2, 27, false, 2, 11 ] WITNESS [ 81, 81 ]
ROW114 [ 243, 55, 3, 2, 27, false, 2, 11 ] WITNESS [ 81, 81 ]
ROW114 [ 243, 56, 3, 2, 27, true, 14, 56 ]
ROW114 [ 243, 57, 3, 2, 27, true, 14, 56 ]
ROW114 [ 243, 58, 3, 2, 27, true, 14, 56 ]
ROW114 [ 243, 59, 3, 2, 27, true, 14, 56 ]
ROW114 [ 243, 60, 3, 2, 27, true, 14, 56 ]
ORDER_DONE 243 total=2677 eligible=1541 weak=141 checks=10572 runtime_ms=
121674
ORDER_START 729 count=504
ROW114 [ 729, 4, 3, 2, 81, false, 2, 11 ] WITNESS [ 243, 243 ]
ROW114 [ 729, 5, 3, 2, 81, false, 2, 11 ] WITNESS [ 243, 243 ]
ROW114 [ 729, 6, 3, 2, 81, false, 2, 11 ] WITNESS [ 243, 243 ]
ROW114 [ 729, 7, 3, 2, 81, false, 4, 11 ] WITNESS [ 243, 243 ]
ROW114 [ 729, 8, 3, 2, 81, false, 4, 11 ] WITNESS [ 243, 243 ]
ROW114 [ 729, 9, 3, 2, 27, false, 1, 11 ] WITNESS [ 81, 81 ]
ROW114 [ 729, 10, 3, 2, 27, false, 1, 11 ] WITNESS [ 81, 81 ]
ROW114 [ 729, 11, 3, 2, 27, false, 1, 11 ] WITNESS [ 81, 81 ]
ROW114 [ 729, 12, 3, 2, 27, false, 1, 11 ] WITNESS [ 81, 81 ]
ROW114 [ 729, 13, 3, 2, 27, false, 1, 11 ] WITNESS [ 81, 81 ]
ROW114 [ 729, 14, 3, 2, 27, false, 1, 11 ] WITNESS [ 81, 81 ]
ROW114 [ 729, 15, 3, 2, 27, false, 1, 11 ] WITNESS [ 81, 81 ]
ROW114 [ 729, 16, 3, 2, 27, false, 1, 11 ] WITNESS [ 81, 81 ]
ROW114 [ 729, 17, 3, 2, 27, false, 1, 11 ] WITNESS [ 81, 81 ]
ROW114 [ 729, 18, 3, 2, 27, false, 1, 11 ] WITNESS [ 81, 81 ]
ROW114 [ 729, 19, 3, 2, 27, false, 1, 11 ] WITNESS [ 81, 81 ]
ROW114 [ 729, 20, 3, 2, 27, false, 1, 11 ] WITNESS [ 81, 81 ]
ROW114 [ 729, 21, 3, 2, 27, false, 1, 11 ] WITNESS [ 81, 81 ]
ROW114 [ 729, 22, 3, 2, 81, true, 5, 17 ]
ROW114 [ 729, 26, 3, 2, 81, false, 2, 11 ] WITNESS [ 243, 243 ]
ROW114 [ 729, 27, 3, 2, 81, false, 2, 11 ] WITNESS [ 243, 243 ]
ROW114 [ 729, 28, 3, 2, 81, false, 2, 11 ] WITNESS [ 243, 243 ]
ROW114 [ 729, 29, 3, 2, 81, false, 2, 11 ] WITNESS [ 243, 243 ]
ROW114 [ 729, 30, 3, 2, 81, true, 5, 17 ]
ROW114 [ 729, 31, 3, 2, 81, true, 5, 17 ]
ROW114 [ 729, 32, 3, 2, 81, true, 5, 17 ]
ROW114 [ 729, 33, 3, 2, 81, true, 5, 17 ]
ROW114 [ 729, 34, 4, 2, 9, false, 1, 47 ] WITNESS [ 27, 27 ]
ROW114 [ 729, 35, 4, 2, 9, false, 1, 47 ] WITNESS [ 27, 27 ]
ROW114 [ 729, 36, 4, 2, 9, false, 1, 47 ] WITNESS [ 27, 27 ]
ROW114 [ 729, 37, 4, 2, 9, false, 1, 47 ] WITNESS [ 27, 27 ]
ROW114 [ 729, 38, 4, 2, 9, false, 1, 47 ] WITNESS [ 27, 27 ]
ROW114 [ 729, 39, 4, 2, 9, false, 1, 47 ] WITNESS [ 27, 27 ]
ROW114 [ 729, 40, 4, 2, 9, false, 1, 16 ] WITNESS [ 27, 27 ]
ROW114 [ 729, 41, 4, 2, 9, false, 1, 16 ] WITNESS [ 27, 27 ]
ROW114 [ 729, 42, 4, 2, 9, false, 1, 16 ] WITNESS [ 27, 27 ]
ROW114 [ 729, 43, 4, 2, 9, false, 1, 16 ] WITNESS [ 27, 27 ]
ROW114 [ 729, 44, 4, 2, 9, false, 1, 46 ] WITNESS [ 27, 27 ]
ROW114 [ 729, 45, 4, 2, 9, false, 1, 46 ] WITNESS [ 27, 27 ]
ROW114 [ 729, 46, 4, 2, 9, false, 1, 46 ] WITNESS [ 27, 27 ]
ROW114 [ 729, 47, 4, 2, 9, false, 1, 46 ] WITNESS [ 27, 27 ]
ROW114 [ 729, 48, 4, 2, 9, false, 1, 16 ] WITNESS [ 27, 27 ]
ROW114 [ 729, 49, 4, 2, 9, false, 1, 16 ] WITNESS [ 27, 27 ]
ROW114 [ 729, 50, 4, 2, 9, false, 1, 16 ] WITNESS [ 27, 27 ]
ROW114 [ 729, 51, 4, 2, 9, false, 1, 16 ] WITNESS [ 27, 27 ]
ROW114 [ 729, 52, 4, 2, 9, false, 1, 16 ] WITNESS [ 27, 27 ]
ROW114 [ 729, 53, 4, 2, 9, false, 1, 16 ] WITNESS [ 27, 27 ]
ROW114 [ 729, 54, 4, 2, 9, false, 1, 16 ] WITNESS [ 27, 27 ]
ROW114 [ 729, 55, 4, 2, 9, false, 1, 16 ] WITNESS [ 27, 27 ]
ROW114 [ 729, 56, 4, 2, 9, false, 1, 25 ] WITNESS [ 27, 27 ]
ROW114 [ 729, 57, 4, 2, 9, false, 1, 25 ] WITNESS [ 27, 27 ]
ROW114 [ 729, 62, 3, 2, 81, false, 2, 11 ] WITNESS [ 243, 243 ]
ROW114 [ 729, 63, 3, 2, 81, false, 1, 11 ] WITNESS [ 243, 243 ]
ROW114 [ 729, 64, 3, 2, 81, false, 1, 11 ] WITNESS [ 243, 243 ]
ROW114 [ 729, 65, 4, 2, 27, false, 3, 90 ] WITNESS [ 81, 81 ]
ROW114 [ 729, 66, 4, 2, 27, false, 3, 90 ] WITNESS [ 81, 81 ]
ROW114 [ 729, 67, 4, 2, 27, false, 3, 90 ] WITNESS [ 81, 81 ]
ROW114 [ 729, 68, 4, 2, 27, false, 15, 90 ] WITNESS [ 81, 81 ]
ROW114 [ 729, 69, 4, 2, 27, false, 15, 90 ] WITNESS [ 81, 81 ]
ROW114 [ 729, 70, 4, 2, 27, false, 15, 90 ] WITNESS [ 81, 81 ]
ROW114 [ 729, 71, 4, 2, 27, false, 15, 90 ] WITNESS [ 81, 81 ]
ROW114 [ 729, 72, 4, 2, 27, false, 4, 36 ] WITNESS [ 81, 81 ]
ROW114 [ 729, 73, 4, 2, 27, false, 4, 36 ] WITNESS [ 81, 81 ]
ROW114 [ 729, 74, 4, 2, 27, false, 4, 36 ] WITNESS [ 81, 81 ]
ROW114 [ 729, 75, 4, 2, 27, false, 4, 36 ] WITNESS [ 81, 81 ]
ROW114 [ 729, 76, 4, 2, 27, false, 4, 36 ] WITNESS [ 81, 81 ]
ROW114 [ 729, 77, 4, 2, 27, false, 4, 36 ] WITNESS [ 81, 81 ]
ROW114 [ 729, 78, 4, 2, 27, false, 1, 16 ] WITNESS [ 81, 81 ]
ROW114 [ 729, 79, 4, 2, 27, false, 1, 16 ] WITNESS [ 81, 81 ]
ROW114 [ 729, 80, 4, 2, 27, false, 1, 16 ] WITNESS [ 81, 81 ]
ROW114 [ 729, 81, 4, 2, 27, false, 1, 16 ] WITNESS [ 81, 81 ]
ROW114 [ 729, 82, 4, 2, 27, false, 1, 16 ] WITNESS [ 81, 81 ]
ROW114 [ 729, 83, 4, 2, 27, false, 1, 16 ] WITNESS [ 81, 81 ]
ROW114 [ 729, 84, 4, 2, 27, false, 1, 16 ] WITNESS [ 81, 81 ]
ROW114 [ 729, 85, 4, 2, 27, false, 1, 16 ] WITNESS [ 81, 81 ]
ROW114 [ 729, 86, 4, 2, 27, false, 1, 16 ] WITNESS [ 81, 81 ]
ROW114 [ 729, 87, 4, 2, 27, false, 1, 16 ] WITNESS [ 81, 81 ]
ROW114 [ 729, 88, 4, 2, 27, false, 1, 16 ] WITNESS [ 81, 81 ]
ROW114 [ 729, 89, 4, 2, 27, false, 1, 16 ] WITNESS [ 81, 81 ]
ROW114 [ 729, 90, 4, 2, 27, false, 1, 16 ] WITNESS [ 81, 81 ]
ROW114 [ 729, 92, 3, 2, 81, true, 5, 17 ]
ROW114 [ 729, 95, 5, 2, 9, false, 1, 24 ] WITNESS [ 27, 27 ]
ROW114 [ 729, 96, 5, 2, 9, false, 1, 24 ] WITNESS [ 27, 27 ]
ROW114 [ 729, 97, 5, 2, 9, false, 1, 24 ] WITNESS [ 27, 27 ]
ROW114 [ 729, 98, 5, 2, 9, false, 1, 24 ] WITNESS [ 27, 27 ]
ROW114 [ 729, 99, 5, 2, 9, false, 1, 24 ] WITNESS [ 27, 27 ]
ROW114 [ 729, 100, 5, 2, 9, false, 1, 24 ] WITNESS [ 27, 27 ]
ROW114 [ 729, 101, 5, 2, 9, false, 1, 24 ] WITNESS [ 27, 27 ]
ROW114 [ 729, 138, 3, 2, 27, false, 1, 11 ] WITNESS [ 81, 81 ]
ROW114 [ 729, 139, 3, 2, 27, false, 1, 11 ] WITNESS [ 81, 81 ]
ROW114 [ 729, 140, 3, 2, 27, false, 1, 11 ] WITNESS [ 81, 81 ]
ROW114 [ 729, 141, 3, 2, 27, false, 1, 11 ] WITNESS [ 81, 81 ]
ROW114 [ 729, 142, 3, 2, 27, false, 1, 11 ] WITNESS [ 81, 81 ]
ROW114 [ 729, 143, 3, 2, 27, false, 1, 11 ] WITNESS [ 81, 81 ]
ROW114 [ 729, 144, 3, 2, 27, false, 1, 11 ] WITNESS [ 81, 81 ]
ROW114 [ 729, 145, 3, 2, 27, false, 1, 11 ] WITNESS [ 81, 81 ]
ROW114 [ 729, 146, 3, 2, 27, false, 1, 11 ] WITNESS [ 81, 81 ]
ROW114 [ 729, 147, 3, 2, 27, false, 1, 11 ] WITNESS [ 81, 81 ]
ROW114 [ 729, 148, 3, 2, 27, false, 1, 11 ] WITNESS [ 81, 81 ]
ROW114 [ 729, 149, 3, 2, 27, false, 6, 56 ] WITNESS [ 81, 81 ]
ROW114 [ 729, 150, 3, 2, 27, false, 6, 56 ] WITNESS [ 81, 81 ]
ROW114 [ 729, 151, 3, 2, 27, false, 6, 56 ] WITNESS [ 81, 81 ]
ROW114 [ 729, 152, 3, 2, 27, false, 6, 56 ] WITNESS [ 81, 81 ]
ROW114 [ 729, 153, 3, 2, 27, false, 6, 56 ] WITNESS [ 81, 81 ]
ROW114 [ 729, 154, 3, 2, 27, false, 6, 56 ] WITNESS [ 81, 81 ]
ROW114 [ 729, 155, 3, 2, 27, false, 6, 56 ] WITNESS [ 81, 81 ]
ROW114 [ 729, 156, 3, 2, 27, false, 6, 56 ] WITNESS [ 81, 81 ]
ROW114 [ 729, 157, 3, 2, 27, false, 6, 56 ] WITNESS [ 81, 81 ]
ROW114 [ 729, 158, 3, 2, 27, false, 6, 56 ] WITNESS [ 81, 81 ]
ROW114 [ 729, 159, 3, 2, 27, false, 6, 56 ] WITNESS [ 81, 81 ]
ROW114 [ 729, 160, 3, 2, 27, false, 6, 56 ] WITNESS [ 81, 81 ]
ROW114 [ 729, 161, 3, 2, 27, false, 6, 56 ] WITNESS [ 81, 81 ]
ROW114 [ 729, 162, 3, 2, 27, false, 6, 56 ] WITNESS [ 81, 81 ]
ROW114 [ 729, 163, 3, 2, 27, false, 6, 56 ] WITNESS [ 81, 81 ]
ROW114 [ 729, 164, 3, 2, 27, false, 6, 56 ] WITNESS [ 81, 81 ]
ROW114 [ 729, 165, 3, 2, 27, false, 6, 56 ] WITNESS [ 81, 81 ]
ROW114 [ 729, 166, 3, 2, 27, false, 6, 56 ] WITNESS [ 81, 81 ]
ROW114 [ 729, 167, 3, 2, 27, false, 6, 56 ] WITNESS [ 81, 81 ]
ROW114 [ 729, 168, 3, 2, 27, false, 6, 56 ] WITNESS [ 81, 81 ]
ROW114 [ 729, 169, 3, 2, 27, false, 6, 56 ] WITNESS [ 81, 81 ]
ROW114 [ 729, 170, 3, 2, 27, false, 6, 56 ] WITNESS [ 81, 81 ]
ROW114 [ 729, 171, 3, 2, 27, false, 6, 56 ] WITNESS [ 81, 81 ]
ROW114 [ 729, 172, 3, 2, 27, false, 6, 56 ] WITNESS [ 81, 81 ]
ROW114 [ 729, 173, 3, 2, 27, false, 6, 56 ] WITNESS [ 81, 81 ]
ROW114 [ 729, 174, 3, 2, 27, false, 6, 56 ] WITNESS [ 81, 81 ]
ROW114 [ 729, 175, 3, 2, 27, false, 6, 56 ] WITNESS [ 81, 81 ]
ROW114 [ 729, 176, 3, 2, 27, false, 6, 56 ] WITNESS [ 81, 81 ]
ROW114 [ 729, 177, 3, 2, 27, false, 6, 56 ] WITNESS [ 81, 81 ]
ROW114 [ 729, 178, 3, 2, 27, false, 6, 56 ] WITNESS [ 81, 81 ]
ROW114 [ 729, 179, 3, 2, 27, false, 6, 56 ] WITNESS [ 81, 81 ]
ROW114 [ 729, 180, 3, 2, 27, false, 6, 56 ] WITNESS [ 81, 81 ]
ROW114 [ 729, 181, 3, 2, 27, false, 6, 56 ] WITNESS [ 81, 81 ]
ROW114 [ 729, 182, 3, 2, 27, false, 6, 56 ] WITNESS [ 81, 81 ]
ROW114 [ 729, 183, 3, 2, 27, false, 6, 56 ] WITNESS [ 81, 81 ]
ROW114 [ 729, 184, 3, 2, 27, false, 6, 56 ] WITNESS [ 81, 81 ]
ROW114 [ 729, 185, 3, 2, 27, false, 6, 56 ] WITNESS [ 81, 81 ]
ROW114 [ 729, 186, 3, 2, 27, false, 6, 56 ] WITNESS [ 81, 81 ]
ROW114 [ 729, 187, 3, 2, 27, false, 6, 56 ] WITNESS [ 81, 81 ]
ROW114 [ 729, 188, 3, 2, 27, false, 4, 56 ] WITNESS [ 81, 81 ]
ROW114 [ 729, 189, 3, 2, 27, false, 4, 56 ] WITNESS [ 81, 81 ]
ROW114 [ 729, 190, 3, 2, 27, false, 4, 56 ] WITNESS [ 81, 81 ]
ROW114 [ 729, 191, 3, 2, 27, false, 4, 56 ] WITNESS [ 81, 81 ]
ROW114 [ 729, 192, 3, 2, 27, false, 4, 56 ] WITNESS [ 81, 81 ]
ROW114 [ 729, 193, 3, 2, 27, false, 4, 56 ] WITNESS [ 81, 81 ]
ROW114 [ 729, 194, 3, 2, 27, false, 4, 56 ] WITNESS [ 81, 81 ]
ROW114 [ 729, 195, 3, 2, 27, false, 4, 56 ] WITNESS [ 81, 81 ]
ROW114 [ 729, 196, 3, 2, 27, false, 4, 56 ] WITNESS [ 81, 81 ]
ROW114 [ 729, 197, 3, 2, 27, false, 4, 56 ] WITNESS [ 81, 81 ]
ROW114 [ 729, 198, 3, 2, 27, false, 4, 56 ] WITNESS [ 81, 81 ]
ROW114 [ 729, 199, 3, 2, 27, false, 4, 56 ] WITNESS [ 81, 81 ]
ROW114 [ 729, 200, 3, 2, 27, false, 4, 56 ] WITNESS [ 81, 81 ]
ROW114 [ 729, 201, 3, 2, 27, false, 4, 56 ] WITNESS [ 81, 81 ]
ROW114 [ 729, 202, 3, 2, 27, false, 4, 56 ] WITNESS [ 81, 81 ]
ROW114 [ 729, 203, 3, 2, 27, false, 4, 56 ] WITNESS [ 81, 81 ]
ROW114 [ 729, 204, 3, 2, 27, false, 4, 56 ] WITNESS [ 81, 81 ]
ROW114 [ 729, 205, 3, 2, 27, false, 4, 56 ] WITNESS [ 81, 81 ]
ROW114 [ 729, 206, 3, 2, 27, false, 4, 56 ] WITNESS [ 81, 81 ]
ROW114 [ 729, 207, 3, 2, 27, false, 4, 56 ] WITNESS [ 81, 81 ]
ROW114 [ 729, 208, 3, 2, 27, false, 4, 56 ] WITNESS [ 81, 81 ]
ROW114 [ 729, 209, 3, 2, 27, false, 4, 56 ] WITNESS [ 81, 81 ]
ROW114 [ 729, 210, 3, 2, 27, false, 4, 56 ] WITNESS [ 81, 81 ]
ROW114 [ 729, 211, 3, 2, 27, false, 4, 56 ] WITNESS [ 81, 81 ]
ROW114 [ 729, 212, 3, 2, 27, false, 4, 56 ] WITNESS [ 81, 81 ]
ROW114 [ 729, 213, 3, 2, 27, false, 4, 56 ] WITNESS [ 81, 81 ]
ROW114 [ 729, 214, 3, 2, 27, false, 4, 56 ] WITNESS [ 81, 81 ]
ROW114 [ 729, 215, 3, 2, 27, false, 4, 56 ] WITNESS [ 81, 81 ]
ROW114 [ 729, 216, 3, 2, 27, false, 18, 56 ] WITNESS [ 81, 81 ]
ROW114 [ 729, 217, 3, 2, 27, false, 18, 56 ] WITNESS [ 81, 81 ]
ROW114 [ 729, 218, 3, 2, 27, false, 18, 56 ] WITNESS [ 81, 81 ]
ROW114 [ 729, 219, 3, 2, 27, false, 18, 56 ] WITNESS [ 81, 81 ]
ROW114 [ 729, 220, 3, 2, 27, false, 18, 56 ] WITNESS [ 81, 81 ]
ROW114 [ 729, 221, 3, 2, 27, false, 18, 56 ] WITNESS [ 81, 81 ]
ROW114 [ 729, 222, 3, 2, 27, false, 18, 56 ] WITNESS [ 81, 81 ]
ROW114 [ 729, 223, 3, 2, 27, false, 18, 56 ] WITNESS [ 81, 81 ]
ROW114 [ 729, 224, 3, 2, 27, false, 18, 56 ] WITNESS [ 81, 81 ]
ROW114 [ 729, 225, 3, 2, 27, false, 18, 56 ] WITNESS [ 81, 81 ]
ROW114 [ 729, 226, 3, 2, 27, false, 18, 56 ] WITNESS [ 81, 81 ]
ROW114 [ 729, 227, 3, 2, 27, false, 18, 56 ] WITNESS [ 81, 81 ]
ROW114 [ 729, 228, 3, 2, 27, false, 18, 56 ] WITNESS [ 81, 81 ]
ROW114 [ 729, 229, 3, 2, 27, false, 18, 56 ] WITNESS [ 81, 81 ]
ROW114 [ 729, 230, 3, 2, 27, false, 18, 56 ] WITNESS [ 81, 81 ]
ROW114 [ 729, 231, 3, 2, 27, false, 18, 56 ] WITNESS [ 81, 81 ]
ROW114 [ 729, 232, 3, 2, 27, false, 18, 56 ] WITNESS [ 81, 81 ]
ROW114 [ 729, 233, 3, 2, 27, false, 18, 56 ] WITNESS [ 81, 81 ]
ROW114 [ 729, 234, 3, 2, 27, false, 18, 56 ] WITNESS [ 81, 81 ]
ROW114 [ 729, 235, 3, 2, 27, false, 18, 56 ] WITNESS [ 81, 81 ]
ROW114 [ 729, 236, 3, 2, 27, false, 18, 56 ] WITNESS [ 81, 81 ]
ROW114 [ 729, 237, 3, 2, 27, false, 18, 56 ] WITNESS [ 81, 81 ]
ROW114 [ 729, 245, 3, 2, 81, false, 2, 11 ] WITNESS [ 243, 243 ]
ROW114 [ 729, 246, 3, 2, 81, false, 2, 11 ] WITNESS [ 243, 243 ]
ROW114 [ 729, 247, 3, 2, 81, false, 2, 11 ] WITNESS [ 243, 243 ]
ROW114 [ 729, 248, 3, 2, 81, false, 2, 11 ] WITNESS [ 243, 243 ]
ROW114 [ 729, 249, 3, 2, 81, true, 14, 56 ]
ROW114 [ 729, 250, 3, 2, 81, true, 14, 56 ]
ROW114 [ 729, 251, 3, 2, 81, true, 14, 56 ]
ROW114 [ 729, 252, 3, 2, 81, true, 14, 56 ]
ROW114 [ 729, 253, 3, 2, 81, false, 2, 11 ] WITNESS [ 243, 243 ]
ROW114 [ 729, 254, 3, 2, 81, true, 14, 56 ]
ROW114 [ 729, 255, 3, 2, 81, false, 4, 11 ] WITNESS [ 243, 243 ]
ROW114 [ 729, 256, 3, 2, 81, false, 4, 11 ] WITNESS [ 243, 243 ]
ROW114 [ 729, 257, 3, 2, 81, false, 4, 11 ] WITNESS [ 243, 243 ]
ROW114 [ 729, 258, 3, 2, 81, true, 14, 56 ]
ROW114 [ 729, 259, 3, 2, 81, true, 14, 56 ]
ROW114 [ 729, 260, 3, 2, 81, true, 14, 56 ]
ROW114 [ 729, 261, 3, 2, 81, false, 4, 11 ] WITNESS [ 243, 243 ]
ROW114 [ 729, 262, 3, 2, 81, true, 14, 56 ]
ROW114 [ 729, 263, 3, 2, 81, false, 4, 11 ] WITNESS [ 243, 243 ]
ROW114 [ 729, 264, 3, 2, 81, true, 14, 56 ]
ROW114 [ 729, 268, 3, 2, 81, true, 5, 17 ]
ROW114 [ 729, 269, 3, 2, 81, true, 5, 17 ]
ROW114 [ 729, 276, 3, 2, 81, false, 2, 11 ] WITNESS [ 243, 243 ]
ROW114 [ 729, 277, 3, 2, 81, false, 2, 11 ] WITNESS [ 243, 243 ]
ROW114 [ 729, 278, 3, 2, 81, false, 2, 11 ] WITNESS [ 243, 243 ]
ROW114 [ 729, 279, 3, 2, 81, false, 2, 11 ] WITNESS [ 243, 243 ]
ROW114 [ 729, 280, 3, 2, 81, true, 14, 56 ]
ROW114 [ 729, 281, 3, 2, 81, true, 14, 56 ]
ROW114 [ 729, 282, 3, 2, 81, true, 14, 56 ]
ROW114 [ 729, 283, 3, 2, 81, true, 14, 56 ]
ROW114 [ 729, 284, 3, 2, 81, false, 2, 11 ] WITNESS [ 243, 243 ]
ROW114 [ 729, 285, 3, 2, 81, true, 14, 56 ]
ROW114 [ 729, 290, 3, 2, 27, false, 8, 56 ] WITNESS [ 81, 81 ]
ROW114 [ 729, 291, 3, 2, 27, false, 8, 56 ] WITNESS [ 81, 81 ]
ROW114 [ 729, 292, 3, 2, 27, false, 8, 56 ] WITNESS [ 81, 81 ]
ROW114 [ 729, 293, 3, 2, 27, false, 8, 56 ] WITNESS [ 81, 81 ]
ROW114 [ 729, 294, 3, 2, 27, false, 8, 56 ] WITNESS [ 81, 81 ]
ROW114 [ 729, 295, 3, 2, 27, false, 18, 56 ] WITNESS [ 81, 81 ]
ROW114 [ 729, 296, 3, 2, 27, false, 18, 56 ] WITNESS [ 81, 81 ]
ROW114 [ 729, 297, 3, 2, 27, false, 18, 56 ] WITNESS [ 81, 81 ]
ROW114 [ 729, 298, 3, 2, 27, false, 18, 56 ] WITNESS [ 81, 81 ]
ROW114 [ 729, 299, 3, 2, 27, false, 18, 56 ] WITNESS [ 81, 81 ]
ROW114 [ 729, 300, 3, 2, 27, false, 3, 56 ] WITNESS [ 81, 81 ]
ROW114 [ 729, 301, 3, 2, 27, false, 3, 56 ] WITNESS [ 81, 81 ]
ROW114 [ 729, 302, 3, 2, 27, false, 3, 56 ] WITNESS [ 81, 81 ]
ROW114 [ 729, 303, 3, 2, 27, false, 3, 56 ] WITNESS [ 81, 81 ]
ROW114 [ 729, 304, 3, 2, 27, false, 3, 56 ] WITNESS [ 81, 81 ]
ROW114 [ 729, 305, 3, 2, 27, false, 3, 56 ] WITNESS [ 81, 81 ]
ROW114 [ 729, 306, 3, 2, 27, false, 3, 56 ] WITNESS [ 81, 81 ]
ROW114 [ 729, 307, 3, 2, 27, false, 20, 189 ] WITNESS [ 81, 81 ]
ROW114 [ 729, 308, 3, 2, 27, false, 20, 189 ] WITNESS [ 81, 81 ]
ROW114 [ 729, 309, 3, 2, 27, false, 20, 189 ] WITNESS [ 81, 81 ]
ROW114 [ 729, 310, 3, 2, 27, false, 20, 189 ] WITNESS [ 81, 81 ]
ROW114 [ 729, 311, 3, 2, 27, false, 20, 189 ] WITNESS [ 81, 81 ]
ROW114 [ 729, 312, 3, 2, 27, false, 20, 189 ] WITNESS [ 81, 81 ]
ROW114 [ 729, 313, 3, 2, 27, false, 20, 189 ] WITNESS [ 81, 81 ]
ROW114 [ 729, 314, 3, 2, 27, false, 21, 189 ] WITNESS [ 81, 81 ]
ROW114 [ 729, 315, 3, 2, 27, false, 21, 189 ] WITNESS [ 81, 81 ]
ROW114 [ 729, 316, 3, 2, 27, false, 21, 189 ] WITNESS [ 81, 81 ]
ROW114 [ 729, 317, 3, 2, 27, false, 21, 189 ] WITNESS [ 81, 81 ]
ROW114 [ 729, 318, 3, 2, 27, false, 21, 189 ] WITNESS [ 81, 81 ]
ROW114 [ 729, 319, 3, 2, 27, false, 21, 189 ] WITNESS [ 81, 81 ]
ROW114 [ 729, 320, 3, 2, 27, false, 36, 189 ] WITNESS [ 81, 81 ]
ROW114 [ 729, 321, 3, 2, 27, false, 36, 189 ] WITNESS [ 81, 81 ]
ROW114 [ 729, 322, 3, 2, 27, false, 36, 189 ] WITNESS [ 81, 81 ]
ROW114 [ 729, 323, 3, 2, 27, false, 36, 189 ] WITNESS [ 81, 81 ]
ROW114 [ 729, 324, 3, 2, 27, false, 36, 189 ] WITNESS [ 81, 81 ]
ROW114 [ 729, 325, 3, 2, 27, false, 1, 56 ] WITNESS [ 81, 81 ]
ROW114 [ 729, 326, 3, 2, 27, false, 1, 56 ] WITNESS [ 81, 81 ]
ROW114 [ 729, 327, 3, 2, 27, false, 1, 56 ] WITNESS [ 81, 81 ]
ROW114 [ 729, 328, 3, 2, 27, false, 1, 56 ] WITNESS [ 81, 81 ]
ROW114 [ 729, 329, 3, 2, 27, false, 7, 56 ] WITNESS [ 81, 81 ]
ROW114 [ 729, 330, 3, 2, 27, false, 7, 56 ] WITNESS [ 81, 81 ]
ROW114 [ 729, 331, 3, 2, 27, false, 7, 56 ] WITNESS [ 81, 81 ]
ROW114 [ 729, 332, 3, 2, 27, false, 7, 56 ] WITNESS [ 81, 81 ]
ROW114 [ 729, 333, 3, 2, 27, false, 7, 56 ] WITNESS [ 81, 81 ]
ROW114 [ 729, 334, 3, 2, 27, false, 7, 56 ] WITNESS [ 81, 81 ]
ROW114 [ 729, 335, 3, 2, 27, false, 7, 56 ] WITNESS [ 81, 81 ]
ROW114 [ 729, 336, 3, 2, 27, false, 7, 56 ] WITNESS [ 81, 81 ]
ROW114 [ 729, 337, 3, 2, 27, false, 5, 56 ] WITNESS [ 81, 81 ]
ROW114 [ 729, 338, 3, 2, 27, false, 5, 56 ] WITNESS [ 81, 81 ]
ROW114 [ 729, 339, 3, 2, 27, false, 5, 56 ] WITNESS [ 81, 81 ]
ROW114 [ 729, 340, 3, 2, 27, false, 5, 56 ] WITNESS [ 81, 81 ]
ROW114 [ 729, 341, 3, 2, 27, false, 5, 56 ] WITNESS [ 81, 81 ]
ROW114 [ 729, 342, 3, 2, 27, false, 5, 56 ] WITNESS [ 81, 81 ]
ROW114 [ 729, 343, 3, 2, 27, false, 5, 56 ] WITNESS [ 81, 81 ]
ROW114 [ 729, 344, 3, 2, 27, false, 1, 56 ] WITNESS [ 81, 81 ]
ROW114 [ 729, 345, 3, 2, 27, false, 1, 56 ] WITNESS [ 81, 81 ]
ROW114 [ 729, 346, 3, 2, 27, false, 1, 56 ] WITNESS [ 81, 81 ]
ROW114 [ 729, 347, 3, 2, 27, false, 1, 56 ] WITNESS [ 81, 81 ]
ROW114 [ 729, 348, 3, 2, 27, false, 7, 56 ] WITNESS [ 81, 81 ]
ROW114 [ 729, 349, 3, 2, 27, false, 7, 56 ] WITNESS [ 81, 81 ]
ROW114 [ 729, 350, 3, 2, 27, false, 7, 56 ] WITNESS [ 81, 81 ]
ROW114 [ 729, 351, 3, 2, 27, false, 7, 56 ] WITNESS [ 81, 81 ]
ROW114 [ 729, 352, 3, 2, 27, false, 5, 56 ] WITNESS [ 81, 81 ]
ROW114 [ 729, 353, 3, 2, 27, false, 5, 56 ] WITNESS [ 81, 81 ]
ROW114 [ 729, 354, 3, 2, 27, false, 5, 56 ] WITNESS [ 81, 81 ]
ROW114 [ 729, 355, 3, 2, 27, false, 5, 56 ] WITNESS [ 81, 81 ]
ROW114 [ 729, 356, 3, 2, 27, false, 5, 56 ] WITNESS [ 81, 81 ]
ROW114 [ 729, 357, 3, 2, 27, false, 5, 56 ] WITNESS [ 81, 81 ]
ROW114 [ 729, 358, 3, 2, 27, false, 5, 56 ] WITNESS [ 81, 81 ]
ROW114 [ 729, 359, 3, 2, 27, false, 5, 56 ] WITNESS [ 81, 81 ]
ROW114 [ 729, 360, 3, 2, 27, false, 5, 56 ] WITNESS [ 81, 81 ]
ROW114 [ 729, 361, 3, 2, 27, false, 5, 56 ] WITNESS [ 81, 81 ]
ROW114 [ 729, 362, 3, 2, 27, false, 5, 56 ] WITNESS [ 81, 81 ]
ROW114 [ 729, 363, 3, 2, 27, false, 5, 56 ] WITNESS [ 81, 81 ]
ROW114 [ 729, 364, 3, 2, 27, false, 4, 56 ] WITNESS [ 81, 81 ]
ROW114 [ 729, 365, 3, 2, 27, false, 4, 56 ] WITNESS [ 81, 81 ]
ROW114 [ 729, 366, 3, 2, 27, false, 4, 56 ] WITNESS [ 81, 81 ]
ROW114 [ 729, 367, 3, 2, 27, false, 4, 56 ] WITNESS [ 81, 81 ]
ROW114 [ 729, 368, 3, 2, 27, false, 4, 56 ] WITNESS [ 81, 81 ]
ROW114 [ 729, 369, 3, 2, 27, false, 4, 56 ] WITNESS [ 81, 81 ]
ROW114 [ 729, 370, 3, 2, 27, false, 4, 56 ] WITNESS [ 81, 81 ]
ROW114 [ 729, 371, 3, 2, 27, false, 1, 56 ] WITNESS [ 81, 81 ]
ROW114 [ 729, 372, 3, 2, 27, false, 1, 56 ] WITNESS [ 81, 81 ]
ROW114 [ 729, 373, 3, 2, 27, false, 1, 56 ] WITNESS [ 81, 81 ]
ROW114 [ 729, 374, 3, 2, 27, false, 7, 56 ] WITNESS [ 81, 81 ]
ROW114 [ 729, 375, 3, 2, 27, false, 7, 56 ] WITNESS [ 81, 81 ]
ROW114 [ 729, 376, 3, 2, 27, false, 7, 56 ] WITNESS [ 81, 81 ]
ROW114 [ 729, 377, 3, 2, 27, false, 7, 56 ] WITNESS [ 81, 81 ]
ROW114 [ 729, 378, 3, 2, 27, false, 5, 56 ] WITNESS [ 81, 81 ]
ROW114 [ 729, 379, 3, 2, 27, false, 5, 56 ] WITNESS [ 81, 81 ]
ROW114 [ 729, 380, 3, 2, 27, false, 5, 56 ] WITNESS [ 81, 81 ]
ROW114 [ 729, 381, 3, 2, 27, false, 5, 56 ] WITNESS [ 81, 81 ]
ROW114 [ 729, 382, 3, 2, 27, false, 5, 56 ] WITNESS [ 81, 81 ]
ROW114 [ 729, 383, 3, 2, 27, false, 5, 56 ] WITNESS [ 81, 81 ]
ROW114 [ 729, 384, 3, 2, 27, false, 5, 56 ] WITNESS [ 81, 81 ]
ROW114 [ 729, 385, 3, 2, 27, false, 5, 56 ] WITNESS [ 81, 81 ]
ROW114 [ 729, 386, 3, 2, 27, false, 5, 56 ] WITNESS [ 81, 81 ]
ROW114 [ 729, 387, 3, 2, 27, false, 5, 56 ] WITNESS [ 81, 81 ]
ROW114 [ 729, 388, 3, 2, 27, false, 10, 57 ] WITNESS [ 81, 81 ]
ROW114 [ 729, 389, 3, 2, 27, false, 10, 57 ] WITNESS [ 81, 81 ]
ROW114 [ 729, 390, 3, 2, 27, false, 10, 57 ] WITNESS [ 81, 81 ]
ROW114 [ 729, 394, 4, 2, 27, false, 1, 16 ] WITNESS [ 81, 81 ]
ROW114 [ 729, 395, 4, 2, 27, false, 1, 16 ] WITNESS [ 81, 81 ]
ROW114 [ 729, 396, 4, 2, 27, false, 1, 16 ] WITNESS [ 81, 81 ]
ROW114 [ 729, 397, 4, 2, 27, false, 1, 16 ] WITNESS [ 81, 81 ]
ROW114 [ 729, 398, 4, 2, 27, false, 1, 84 ] WITNESS [ 81, 81 ]
ROW114 [ 729, 399, 4, 2, 27, false, 1, 84 ] WITNESS [ 81, 81 ]
ROW114 [ 729, 400, 4, 2, 27, false, 1, 84 ] WITNESS [ 81, 81 ]
ROW114 [ 729, 401, 4, 2, 27, false, 1, 84 ] WITNESS [ 81, 81 ]
ROW114 [ 729, 402, 4, 2, 27, false, 1, 16 ] WITNESS [ 81, 81 ]
ROW114 [ 729, 403, 4, 2, 27, false, 1, 16 ] WITNESS [ 81, 81 ]
ROW114 [ 729, 404, 4, 2, 27, false, 1, 16 ] WITNESS [ 81, 81 ]
ROW114 [ 729, 405, 4, 2, 27, false, 1, 16 ] WITNESS [ 81, 81 ]
ROW114 [ 729, 406, 4, 2, 27, false, 6, 84 ] WITNESS [ 81, 81 ]
ROW114 [ 729, 407, 4, 2, 27, false, 6, 84 ] WITNESS [ 81, 81 ]
ROW114 [ 729, 408, 4, 2, 27, false, 6, 84 ] WITNESS [ 81, 81 ]
ROW114 [ 729, 409, 4, 2, 27, false, 6, 84 ] WITNESS [ 81, 81 ]
ROW114 [ 729, 410, 4, 2, 27, false, 6, 84 ] WITNESS [ 81, 81 ]
ROW114 [ 729, 411, 4, 2, 27, false, 18, 80 ] WITNESS [ 81, 81 ]
ROW114 [ 729, 412, 4, 2, 27, false, 18, 80 ] WITNESS [ 81, 81 ]
ROW114 [ 729, 413, 4, 2, 27, false, 18, 80 ] WITNESS [ 81, 81 ]
ROW114 [ 729, 414, 4, 2, 27, false, 18, 80 ] WITNESS [ 81, 81 ]
ROW114 [ 729, 479, 3, 2, 81, false, 2, 11 ] WITNESS [ 243, 243 ]
ROW114 [ 729, 480, 3, 2, 81, false, 2, 11 ] WITNESS [ 243, 243 ]
ROW114 [ 729, 481, 3, 2, 81, false, 2, 11 ] WITNESS [ 243, 243 ]
ROW114 [ 729, 482, 3, 2, 81, false, 2, 11 ] WITNESS [ 243, 243 ]
ROW114 [ 729, 483, 3, 2, 81, false, 2, 11 ] WITNESS [ 243, 243 ]
ROW114 [ 729, 484, 3, 2, 81, true, 14, 56 ]
ROW114 [ 729, 485, 3, 2, 81, true, 14, 56 ]
ROW114 [ 729, 486, 3, 2, 81, true, 14, 56 ]
ROW114 [ 729, 487, 3, 2, 81, true, 14, 56 ]
ROW114 [ 729, 488, 3, 2, 81, true, 14, 56 ]
ROW114 [ 729, 489, 3, 2, 81, true, 14, 56 ]
ROW114 [ 729, 490, 3, 2, 81, true, 41, 450 ]
ROW114 [ 729, 491, 3, 2, 81, true, 41, 450 ]
ROW114 [ 729, 492, 3, 2, 81, true, 41, 450 ]
ROW114 [ 729, 493, 3, 2, 81, true, 41, 450 ]
ROW114 [ 729, 494, 3, 2, 81, true, 41, 450 ]
ROW114 [ 729, 495, 3, 2, 81, true, 41, 450 ]
ROW114 [ 729, 496, 3, 2, 81, true, 41, 450 ]
ORDER_DONE 729 total=3181 eligible=1901 weak=177 checks=13209 runtime_ms=
147452
PASS_21114_PILOT total=3181 eligible=1901 weak=177 checks=13209
