line,timestamp,phase,input_tokens,cached_input_tokens,cache_write_input_tokens,output_tokens,reasoning_output_tokens,total_tokens,category
15,2026-09-10T20:56:56.255Z,research,15095,11904,0,240,0,15335,ordinary
23,2026-09-10T20:57:06.039Z,research,15672,14976,0,256,57,15928,ordinary
30,2026-09-10T20:57:11.636Z,research,19032,11904,0,66,0,19098,ordinary
37,2026-09-10T20:57:20.810Z,research,19193,18816,0,227,46,19420,ordinary
59,2026-09-10T20:58:59.775Z,research,31820,31488,0,190,0,32010,ordinary
68,2026-09-10T20:59:12.222Z,research,44243,31616,0,250,34,44493,ordinary
79,2026-09-10T21:00:12.621Z,research,61841,44032,0,1853,14,63694,ordinary
86,2026-09-10T21:00:35.808Z,research,64772,61696,0,655,463,65427,ordinary
98,2026-09-10T21:00:58.931Z,research,76111,64640,0,648,318,76759,ordinary
107,2026-09-10T21:01:12.780Z,research,84502,75904,0,326,23,84828,ordinary
116,2026-09-10T21:01:38.101Z,research,92728,84352,0,707,516,93435,ordinary
126,2026-09-10T21:03:53.619Z,research,102932,92544,0,4311,516,107243,ordinary
133,2026-09-10T21:04:02.993Z,research,107302,102784,0,228,32,107530,ordinary
141,2026-09-10T21:05:20.480Z,research,115026,107264,0,2256,516,117282,ordinary
155,2026-09-10T21:06:48.737Z,research,121565,114944,0,2789,1034,124354,ordinary
163,2026-09-10T21:08:05.619Z,research,125666,121472,0,2402,516,128068,ordinary
171,2026-09-10T21:08:22.005Z,research,129029,125568,0,349,91,129378,ordinary
180,2026-09-10T21:08:33.685Z,research,134845,128896,0,230,65,135075,ordinary
188,2026-09-10T21:09:00.601Z,research,139574,134784,0,723,499,140297,ordinary
197,2026-09-10T21:09:22.884Z,research,152925,139520,0,597,365,153522,ordinary
205,2026-09-10T21:09:33.534Z,research,158925,152832,0,246,15,159171,ordinary
221,2026-09-10T21:11:03.914Z,research,163678,158848,0,2569,2443,166247,ordinary
229,2026-09-10T21:11:18.041Z,research,170375,163584,0,318,79,170693,ordinary
241,2026-09-10T21:12:01.539Z,research,172742,170240,0,1283,1128,174025,ordinary
249,2026-09-10T21:12:11.629Z,research,180147,172672,0,219,22,180366,ordinary
261,2026-09-10T21:12:40.575Z,research,184232,180096,0,826,622,185058,ordinary
270,2026-09-10T21:13:59.164Z,research,185267,184192,0,2461,167,187728,ordinary
278,2026-09-10T21:14:13.422Z,research,188372,185216,0,323,143,188695,ordinary
290,2026-09-10T21:14:57.314Z,research,193799,188288,0,1257,1085,195056,ordinary
299,2026-09-10T21:15:21.629Z,research,199218,193664,0,636,516,199854,ordinary
306,2026-09-10T21:15:44.001Z,research,199945,199168,0,641,38,200586,ordinary
313,2026-09-10T21:16:09.793Z,research,200731,199808,0,425,244,201156,ordinary
321,2026-09-10T21:16:31.430Z,research,204070,200576,0,456,290,204526,ordinary
330,2026-09-10T21:17:33.417Z,research,206020,204032,0,2004,516,208024,ordinary
339,2026-09-10T21:17:56.697Z,research,208191,205952,0,680,478,208871,ordinary
349,2026-09-10T21:19:03.578Z,research,209641,208128,0,2163,166,211804,ordinary
359,2026-09-10T21:19:12.892Z,research,212343,209536,0,240,93,212583,ordinary
367,2026-09-10T21:19:55.534Z,research,212873,212224,0,982,802,213855,ordinary
377,2026-09-10T21:20:37.983Z,research,214077,212736,0,1270,349,215347,ordinary
384,2026-09-10T21:20:58.339Z,research,216037,214016,0,474,313,216511,ordinary
393,2026-09-10T21:21:56.275Z,research,218583,215936,0,1867,225,220450,ordinary
401,2026-09-10T21:22:03.246Z,research,220656,218496,0,158,62,220814,ordinary
411,2026-09-10T21:22:10.729Z,research,222084,220544,0,175,0,222259,ordinary
419,2026-09-10T21:22:37.060Z,research,224223,221952,0,742,516,224965,ordinary
428,2026-09-10T21:23:14.996Z,research,231169,224128,0,1088,767,232257,ordinary
447,2026-09-10T21:25:50.606Z,research,234412,231040,0,5087,2116,239499,ordinary
456,2026-09-10T21:26:05.957Z,research,241124,234368,0,412,258,241536,ordinary
463,2026-09-10T21:27:36.725Z,research,242946,241024,0,2955,516,245901,ordinary
467,2026-09-10T21:30:10.410Z,research,245979,242816,0,4980,0,250959,compaction
479,2026-09-10T21:30:19.261Z,research,18825,11904,0,222,56,19047,ordinary
485,2026-09-10T21:30:26.539Z,research,20134,18688,0,192,0,20326,ordinary
493,2026-09-10T21:30:43.708Z,research,31597,19968,0,508,127,32105,ordinary
502,2026-09-10T21:30:57.465Z,research,34921,31360,0,321,66,35242,ordinary
512,2026-09-10T21:31:13.839Z,research,47716,34688,0,450,44,48166,ordinary
520,2026-09-10T21:31:27.690Z,research,55504,47488,0,304,208,55808,ordinary
527,2026-09-10T21:31:37.216Z,research,63869,55296,0,155,13,64024,ordinary
536,2026-09-10T21:32:41.695Z,research,73465,63744,0,2045,516,75510,ordinary
542,2026-09-10T21:32:52.027Z,research,75534,73344,0,284,67,75818,ordinary
551,2026-09-10T21:33:06.820Z,research,76201,75392,0,259,37,76460,ordinary
567,2026-09-10T21:34:21.715Z,research,77457,76032,0,2151,1970,79608,ordinary
574,2026-09-10T21:34:31.369Z,research,87988,77312,0,137,29,88125,ordinary
581,2026-09-10T21:34:57.435Z,research,92055,87808,0,737,516,92792,ordinary
592,2026-09-10T21:36:26.895Z,research,98788,91904,0,2765,57,101553,ordinary
598,2026-09-10T21:36:47.562Z,research,101577,98560,0,605,314,102182,ordinary
607,2026-09-10T21:36:55.760Z,research,104566,101376,0,164,9,104730,ordinary
614,2026-09-10T21:37:19.270Z,research,110792,104448,0,528,309,111320,ordinary
623,2026-09-10T21:37:22.777Z,research,113495,110592,0,45,8,113540,ordinary
630,2026-09-10T21:38:31.839Z,research,115650,113280,0,2220,65,117870,ordinary
639,2026-09-10T21:39:19.680Z,research,117894,115072,0,1500,582,119394,ordinary
645,2026-09-10T21:39:33.245Z,research,119453,117760,0,369,77,119822,ordinary
656,2026-09-10T21:40:11.674Z,research,120379,119296,0,1195,438,121574,ordinary
664,2026-09-10T21:40:30.540Z,research,121639,120192,0,487,328,122126,ordinary
673,2026-09-10T21:41:26.145Z,research,122610,121472,0,1800,119,124410,ordinary
679,2026-09-10T21:42:35.018Z,research,124434,122496,0,2142,215,126576,ordinary
687,2026-09-10T21:42:43.171Z,research,127385,124288,0,208,85,127593,ordinary
696,2026-09-10T21:43:21.525Z,research,127887,127232,0,1218,212,129105,ordinary
705,2026-09-10T21:43:29.527Z,research,129416,127744,0,210,139,129626,ordinary
718,2026-09-10T21:43:42.197Z,research,130896,129280,0,339,147,131235,ordinary
730,2026-09-10T21:44:57.502Z,research,134620,130816,0,2268,2070,136888,ordinary
738,2026-09-10T21:45:12.403Z,research,147498,134528,0,385,168,147883,ordinary
749,2026-09-10T21:45:40.350Z,research,154556,147328,0,801,637,155357,ordinary
758,2026-09-10T21:46:50.008Z,research,157605,154368,0,2216,303,159821,ordinary
765,2026-09-10T21:47:14.092Z,research,159880,157440,0,714,468,160594,ordinary
780,2026-09-10T21:48:28.638Z,research,164264,159744,0,2387,1208,166651,ordinary
788,2026-09-10T21:48:47.278Z,research,170358,164096,0,504,370,170862,ordinary
819,2026-09-10T21:52:14.807Z,research,174030,170240,0,6751,6403,180781,ordinary
835,2026-09-10T21:54:42.087Z,research,188357,173952,0,4803,1748,193160,ordinary
844,2026-09-10T21:55:41.090Z,research,193184,188160,0,1915,1034,195099,ordinary
851,2026-09-10T21:55:51.451Z,research,195156,193024,0,239,40,195395,ordinary
860,2026-09-10T21:56:09.441Z,research,204008,195072,0,463,182,204471,ordinary
870,2026-09-10T21:56:50.213Z,research,204637,203904,0,1239,516,205876,ordinary
878,2026-09-10T21:57:42.845Z,research,208171,204544,0,1682,515,209853,ordinary
887,2026-09-10T21:58:14.820Z,research,210004,208128,0,986,807,210990,ordinary
903,2026-09-10T22:00:41.030Z,research,212324,209920,0,4639,1991,216963,ordinary
911,2026-09-10T22:02:20.129Z,research,217086,47488,0,3041,1034,220127,ordinary
919,2026-09-10T22:02:28.628Z,research,220641,216960,0,219,61,220860,ordinary
927,2026-09-10T22:03:45.993Z,research,222407,220544,0,2520,337,224927,ordinary
935,2026-09-10T22:03:57.143Z,research,225364,222336,0,309,224,225673,ordinary
947,2026-09-10T22:04:23.963Z,research,226943,225280,0,810,516,227753,ordinary
960,2026-09-10T22:05:37.948Z,research,237927,226816,0,2047,1831,239974,ordinary
965,2026-09-10T22:09:42.024Z,research,249012,237824,0,8016,0,257028,compaction
977,2026-09-10T22:09:50.625Z,research,21865,11904,0,222,49,22087,ordinary
985,2026-09-10T22:10:00.943Z,research,25114,21632,0,288,27,25402,ordinary
998,2026-09-10T22:10:39.528Z,research,36400,24960,0,1187,784,37587,ordinary
1007,2026-09-10T22:11:03.258Z,research,43024,36224,0,590,363,43614,ordinary
1018,2026-09-10T22:11:32.824Z,research,54967,42880,0,764,550,55731,ordinary
1026,2026-09-10T22:11:42.991Z,research,60794,54400,0,213,41,61007,ordinary
1034,2026-09-10T22:11:56.804Z,research,70898,60672,0,366,170,71264,ordinary
1046,2026-09-10T22:12:46.024Z,research,80150,70656,0,1463,1084,81613,ordinary
1055,2026-09-10T22:13:01.960Z,research,81760,80000,0,369,48,82129,ordinary
1067,2026-09-10T22:15:17.126Z,research,94183,81536,0,4407,673,98590,ordinary
1073,2026-09-10T22:15:29.228Z,research,98614,93952,0,264,53,98878,ordinary
1082,2026-09-10T22:15:40.433Z,research,107612,98432,0,267,63,107879,ordinary
1090,2026-09-10T22:15:46.972Z,research,108486,107392,0,144,20,108630,ordinary
1097,2026-09-10T22:15:56.255Z,research,114199,108288,0,264,186,114463,ordinary
1112,2026-09-10T22:16:57.595Z,research,118039,114048,0,1991,1621,120030,ordinary
1121,2026-09-10T22:18:20.616Z,research,128714,117888,0,2586,62,131300,ordinary
1130,2026-09-10T22:18:30.701Z,research,132832,128512,0,268,172,133100,ordinary
1139,2026-09-10T22:19:13.022Z,research,135613,132608,0,1290,729,136903,ordinary
1147,2026-09-10T22:19:22.317Z,research,144757,135552,0,195,14,144952,ordinary
1159,2026-09-10T22:20:52.766Z,research,145982,144640,0,2923,965,148905,ordinary
1165,2026-09-10T22:21:49.873Z,research,148964,145920,0,1814,252,150778,ordinary
1177,2026-09-10T22:23:13.234Z,research,151829,148864,0,2724,1552,154553,ordinary
1186,2026-09-10T22:23:39.906Z,research,154877,151680,0,835,420,155712,ordinary
1194,2026-09-10T22:23:44.300Z,research,156558,154752,0,94,40,156652,ordinary
1211,2026-09-10T22:25:12.085Z,research,156926,156416,0,2872,2536,159798,ordinary
1229,2026-09-10T22:27:42.648Z,research,160879,156800,0,4831,2657,165710,ordinary
1236,2026-09-10T22:27:50.837Z,research,165769,160768,0,202,14,165971,ordinary
1246,2026-09-10T22:29:36.572Z,research,175722,165632,0,3420,775,179142,ordinary
1256,2026-09-10T22:29:50.052Z,research,187145,175616,0,175,52,187320,ordinary
1269,2026-09-10T22:31:02.740Z,research,188115,187008,0,2363,726,190478,ordinary
1276,2026-09-10T22:31:09.321Z,research,190820,188032,0,164,96,190984,ordinary
1283,2026-09-10T22:31:56.833Z,research,191263,190720,0,1531,286,192794,ordinary
1291,2026-09-10T22:32:10.666Z,research,193067,191104,0,375,303,193442,ordinary
1302,2026-09-10T22:32:38.278Z,research,194712,192896,0,773,516,195485,ordinary
1318,2026-09-10T22:34:04.783Z,research,197412,194560,0,2764,2556,200176,ordinary
1338,2026-09-10T22:35:58.987Z,research,211273,197248,0,3308,3083,214581,ordinary
1345,2026-09-10T22:36:11.837Z,research,214757,211200,0,280,51,215037,ordinary
1352,2026-09-10T22:36:16.310Z,research,215212,214656,0,43,0,215255,ordinary
1368,2026-09-10T22:38:01.324Z,research,223555,215040,0,3219,3060,226774,ordinary
1379,2026-09-10T22:38:35.042Z,research,235213,223488,0,969,711,236182,ordinary
1386,2026-09-10T22:38:47.315Z,research,237240,235136,0,321,198,237561,ordinary
1396,2026-09-10T22:40:07.092Z,research,243378,237184,0,2498,1006,245876,ordinary
1401,2026-09-10T22:44:21.290Z,research,247170,132992,0,8304,0,255474,compaction
1413,2026-09-10T22:44:31.355Z,research,22158,11904,0,278,25,22436,ordinary
1419,2026-09-10T22:44:38.621Z,research,25092,22016,0,190,0,25282,ordinary
1431,2026-09-10T22:46:23.084Z,research,32805,24960,0,3435,516,36240,ordinary
1437,2026-09-10T22:46:40.253Z,research,36264,32640,0,408,109,36672,ordinary
1446,2026-09-10T22:46:50.420Z,research,37453,36096,0,249,81,37702,ordinary
1454,2026-09-10T22:46:59.643Z,research,48809,37248,0,163,26,48972,ordinary
1464,2026-09-10T22:47:16.055Z,research,58449,48640,0,428,165,58877,ordinary
1472,2026-09-10T22:47:28.625Z,research,61901,58240,0,234,72,62135,ordinary
1481,2026-09-10T22:48:07.922Z,research,68244,61696,0,1221,207,69465,ordinary
1487,2026-09-10T22:48:14.463Z,research,69609,68096,0,170,0,69779,ordinary
1497,2026-09-10T22:48:37.020Z,research,70601,69376,0,690,547,71291,ordinary
1505,2026-09-10T22:48:46.502Z,research,79370,70400,0,124,27,79494,ordinary
1513,2026-09-10T22:49:09.528Z,research,89557,79232,0,603,452,90160,ordinary
1523,2026-09-10T22:49:41.191Z,research,90426,88960,0,912,18,91338,ordinary
1540,2026-09-10T22:51:01.015Z,research,100717,90240,0,2547,2275,103264,ordinary
1548,2026-09-10T22:51:17.989Z,research,111597,100352,0,450,160,112047,ordinary
1561,2026-09-10T22:52:43.054Z,research,115514,111488,0,2773,1090,118287,ordinary
1571,2026-09-10T22:53:39.147Z,research,119689,32640,0,160,84,119849,ordinary
1578,2026-09-10T22:54:42.245Z,research,121933,119552,0,2053,74,123986,ordinary
1585,2026-09-10T22:54:49.681Z,research,124045,121856,0,165,88,124210,ordinary
1598,2026-09-10T22:56:14.642Z,research,124894,123904,0,2674,530,127568,ordinary
1606,2026-09-10T22:56:33.860Z,research,128044,124800,0,588,425,128632,ordinary
1614,2026-09-10T22:56:41.725Z,research,136674,127872,0,156,42,136830,ordinary
1625,2026-09-10T22:57:55.265Z,research,146976,136576,0,2314,605,149290,ordinary
1641,2026-09-10T22:59:24.208Z,research,149625,146816,0,2900,2493,152525,ordinary
1653,2026-09-10T23:00:47.063Z,research,153213,149504,0,2629,557,155842,ordinary
1661,2026-09-10T23:01:04.376Z,research,156936,153088,0,512,435,157448,ordinary
1669,2026-09-10T23:01:13.124Z,research,158309,156800,0,188,99,158497,ordinary
1680,2026-09-10T23:01:20.039Z,research,159768,158208,0,170,0,159938,ordinary
1688,2026-09-10T23:02:11.869Z,research,162953,159616,0,1674,1034,164627,ordinary
1703,2026-09-10T23:03:31.650Z,research,175097,119552,0,949,827,176046,ordinary
1714,2026-09-10T23:04:42.009Z,research,177767,174976,0,2226,516,179993,ordinary
1721,2026-09-10T23:05:04.750Z,research,180052,177664,0,674,516,180726,ordinary
1729,2026-09-10T23:05:27.616Z,research,189213,179968,0,460,63,189673,ordinary
1737,2026-09-10T23:05:38.525Z,research,189779,189056,0,230,143,190009,ordinary
1743,2026-09-10T23:05:47.328Z,research,193659,189696,0,187,72,193846,ordinary
1758,2026-09-10T23:07:17.896Z,research,202000,193536,0,2858,2588,204858,ordinary
1770,2026-09-10T23:08:19.607Z,research,213020,201856,0,1743,1552,214763,ordinary
1778,2026-09-10T23:08:28.226Z,research,226106,212864,0,176,34,226282,ordinary
1794,2026-09-10T23:09:55.911Z,research,235621,226048,0,2708,2547,238329,ordinary
1799,2026-09-10T23:13:48.397Z,research,247413,32640,0,7493,0,254906,compaction
1811,2026-09-10T23:13:55.612Z,research,21343,11904,0,188,52,21531,ordinary
1816,2026-09-10T23:14:06.357Z,research,22384,21120,0,184,0,22568,ordinary
1825,2026-09-10T23:14:25.242Z,research,29337,22144,0,585,220,29922,ordinary
1834,2026-09-10T23:14:36.727Z,research,41799,29184,0,257,24,42056,ordinary
1844,2026-09-10T23:14:52.650Z,research,50321,41600,0,404,30,50725,ordinary
1853,2026-09-10T23:15:04.281Z,research,60663,50176,0,253,79,60916,ordinary
1862,2026-09-10T23:16:14.009Z,research,71307,60544,0,2222,516,73529,ordinary
1868,2026-09-10T23:17:30.292Z,research,73553,71168,0,2439,234,75992,ordinary
1878,2026-09-10T23:17:54.613Z,research,76051,73472,0,685,260,76736,ordinary
1886,2026-09-10T23:18:06.933Z,research,85348,75904,0,291,111,85639,ordinary
1895,2026-09-10T23:19:11.903Z,research,94278,85248,0,2066,516,96344,ordinary
1901,2026-09-10T23:20:06.780Z,research,96368,94208,0,1788,163,98156,ordinary
1909,2026-09-10T23:20:15.651Z,research,99397,96256,0,242,71,99639,ordinary
1918,2026-09-10T23:20:31.618Z,research,100307,99328,0,482,238,100789,ordinary
1926,2026-09-10T23:21:05.234Z,research,107036,100224,0,1028,190,108064,ordinary
1935,2026-09-10T23:22:13.974Z,research,108858,106880,0,2246,516,111104,ordinary
1943,2026-09-10T23:22:27.725Z,research,111215,108800,0,367,137,111582,ordinary
1951,2026-09-10T23:23:37.625Z,research,112575,111104,0,2068,516,114643,ordinary
1962,2026-09-10T23:25:56.379Z,research,115751,29184,0,2772,0,118523,ordinary
1968,2026-09-10T23:26:10.607Z,research,118547,115584,0,228,43,118775,ordinary
1980,2026-09-10T23:26:55.121Z,research,119310,118400,0,1441,1220,120751,ordinary
1988,2026-09-10T23:27:04.710Z,research,130022,119168,0,226,107,130248,ordinary
1995,2026-09-10T23:27:16.874Z,research,140434,129920,0,349,254,140783,ordinary
2020,2026-09-10T23:29:43.797Z,research,148579,140288,0,4796,4525,153375,ordinary
2028,2026-09-10T23:30:05.473Z,research,161862,148480,0,614,339,162476,ordinary
2037,2026-09-10T23:30:18.228Z,research,170847,161792,0,320,16,171167,ordinary
2045,2026-09-10T23:30:32.812Z,research,180065,170752,0,387,39,180452,ordinary
2053,2026-09-10T23:30:42.126Z,research,180703,179968,0,219,86,180922,ordinary
2060,2026-09-10T23:30:55.711Z,research,187114,180608,0,404,99,187518,ordinary
2068,2026-09-10T23:31:10.133Z,research,198741,187008,0,249,95,198990,ordinary
2084,2026-09-10T23:33:16.508Z,research,204710,198656,0,4045,1410,208755,ordinary
2091,2026-09-10T23:33:23.712Z,research,208779,204544,0,190,83,208969,ordinary
2098,2026-09-10T23:34:02.819Z,research,210638,208640,0,1229,456,211867,ordinary
2113,2026-09-10T23:36:22.203Z,research,213242,119168,0,1832,0,215074,ordinary
2123,2026-09-10T23:36:35.232Z,research,215459,213120,0,360,268,215819,ordinary
2134,2026-09-10T23:37:03.368Z,research,217090,215296,0,817,516,217907,ordinary
2145,2026-09-10T23:37:32.766Z,research,218803,216960,0,924,774,219727,ordinary
2169,2026-09-10T23:40:02.067Z,research,229086,218624,0,4868,4587,233954,ordinary
2185,2026-09-10T23:41:18.861Z,research,243011,228864,0,2316,2148,245327,ordinary
2190,2026-09-10T23:45:07.335Z,research,255990,29184,0,7354,0,263344,compaction
2202,2026-09-10T23:45:18.505Z,research,21193,11904,0,317,58,21510,ordinary
2210,2026-09-10T23:45:29.006Z,research,22226,20992,0,304,64,22530,ordinary
2223,2026-09-10T23:45:58.322Z,research,34166,22016,0,810,359,34976,ordinary
2232,2026-09-10T23:48:31.259Z,research,45051,33536,0,5001,516,50052,ordinary
2239,2026-09-10T23:48:46.604Z,research,50076,44928,0,443,193,50519,ordinary
2249,2026-09-10T23:49:00.093Z,research,58687,49920,0,311,57,58998,ordinary
2258,2026-09-10T23:50:14.333Z,research,68838,58496,0,2377,516,71215,ordinary
2265,2026-09-10T23:51:14.143Z,research,75817,68608,0,1921,274,77738,ordinary
2275,2026-09-10T23:51:24.124Z,research,78620,75648,0,278,16,78898,ordinary
2283,2026-09-10T23:51:31.273Z,research,79168,78464,0,150,23,79318,ordinary
2294,2026-09-10T23:52:28.287Z,research,89964,78976,0,1654,1473,91618,ordinary
2302,2026-09-10T23:52:50.148Z,research,100389,89728,0,612,443,101001,ordinary
2321,2026-09-10T23:54:22.820Z,research,110180,100224,0,2918,2537,113098,ordinary
2330,2026-09-10T23:54:37.124Z,research,122558,110080,0,277,119,122835,ordinary
2341,2026-09-10T23:57:13.381Z,research,134141,122496,0,5006,1034,139147,ordinary
2350,2026-09-10T23:57:27.128Z,research,139989,134016,0,336,154,140325,ordinary
2358,2026-09-10T23:57:49.726Z,research,144894,139904,0,657,315,145551,ordinary
2369,2026-09-10T23:58:28.563Z,research,145610,144768,0,1171,948,146781,ordinary
2378,2026-09-10T23:59:03.591Z,research,151133,145536,0,984,516,152117,ordinary
2387,2026-09-11T00:00:37.368Z,research,152193,151040,0,2947,869,155140,ordinary
2397,2026-09-11T00:01:45.794Z,research,155307,152064,0,2122,43,157429,ordinary
2404,2026-09-11T00:02:04.314Z,research,157545,155136,0,520,76,158065,ordinary
2411,2026-09-11T00:02:16.307Z,research,158126,157440,0,312,231,158438,ordinary
2421,2026-09-11T00:02:39.119Z,research,158622,157952,0,686,230,159308,ordinary
2429,2026-09-11T00:03:12.381Z,research,160331,158464,0,1063,105,161394,ordinary
2436,2026-09-11T00:03:23.185Z,research,161543,160256,0,170,49,161713,ordinary
2443,2026-09-11T00:04:28.581Z,research,162176,161408,0,2122,477,164298,ordinary
2451,2026-09-11T00:04:41.924Z,research,165927,162048,0,376,162,166303,ordinary
2460,2026-09-11T00:04:51.795Z,research,166831,165760,0,274,175,167105,ordinary
2471,2026-09-11T00:05:15.896Z,research,168376,166656,0,743,516,169119,ordinary
2489,2026-09-11T00:06:55.518Z,research,170329,168320,0,3192,3106,173521,ordinary
2496,2026-09-11T00:07:02.500Z,research,179106,170240,0,125,24,179231,ordinary
2505,2026-09-11T00:07:11.323Z,research,188118,178944,0,187,35,188305,ordinary
2512,2026-09-11T00:07:28.290Z,research,190154,188032,0,415,190,190569,ordinary
2520,2026-09-11T00:07:41.541Z,research,198897,190080,0,305,99,199202,ordinary
2533,2026-09-11T00:08:24.207Z,research,211442,198784,0,1207,1034,212649,ordinary
2542,2026-09-11T00:08:35.371Z,research,222735,211200,0,222,124,222957,ordinary
2549,2026-09-11T00:08:45.629Z,research,231043,222208,0,219,36,231262,ordinary
2560,2026-09-11T00:08:59.641Z,research,242529,230912,0,221,60,242750,ordinary
2565,2026-09-11T00:13:06.767Z,research,250995,100864,0,8000,0,258995,compaction
2577,2026-09-11T00:13:14.404Z,research,21849,11904,0,199,45,22048,ordinary
2582,2026-09-11T00:13:20.824Z,research,22858,11904,0,162,0,23020,ordinary
2591,2026-09-11T00:14:24.295Z,research,26954,22656,0,1998,47,28952,ordinary
2600,2026-09-11T00:14:41.871Z,research,31468,26752,0,436,244,31904,ordinary
2606,2026-09-11T00:14:48.205Z,research,39825,31232,0,74,0,39899,ordinary
2614,2026-09-11T00:15:10.800Z,research,48120,39680,0,643,516,48763,ordinary
2623,2026-09-11T00:17:02.938Z,research,59677,48000,0,3649,516,63326,ordinary
2632,2026-09-11T00:17:21.359Z,research,64547,59520,0,533,125,65080,ordinary
2640,2026-09-11T00:17:35.967Z,research,73881,64384,0,349,34,74230,ordinary
2648,2026-09-11T00:17:54.664Z,research,82418,73728,0,482,202,82900,ordinary
2655,2026-09-11T00:18:06.169Z,research,91075,82176,0,253,58,91328,ordinary
2664,2026-09-11T00:18:18.950Z,research,101179,90880,0,321,63,101500,ordinary
2672,2026-09-11T00:18:34.330Z,research,102806,100992,0,391,111,103197,ordinary
2680,2026-09-11T00:18:53.662Z,research,111186,102656,0,449,196,111635,ordinary
2688,2026-09-11T00:19:04.159Z,research,115922,110976,0,175,15,116097,ordinary
2698,2026-09-11T00:19:25.289Z,research,125486,115712,0,571,319,126057,ordinary
2707,2026-09-11T00:21:09.884Z,research,134436,125312,0,3378,344,137814,ordinary
2714,2026-09-11T00:21:58.356Z,research,137964,134272,0,1520,146,139484,ordinary
2722,2026-09-11T00:22:05.604Z,research,140483,137728,0,189,52,140672,ordinary
2732,2026-09-11T00:22:19.253Z,research,140858,140288,0,379,128,141237,ordinary
2742,2026-09-11T00:22:45.247Z,research,142545,140672,0,790,622,143335,ordinary
2758,2026-09-11T00:24:05.199Z,research,149661,142336,0,2287,2176,151948,ordinary
2766,2026-09-11T00:24:23.167Z,research,156979,149504,0,478,249,157457,ordinary
2774,2026-09-11T00:24:40.947Z,research,160810,156800,0,445,92,161255,ordinary
2782,2026-09-11T00:24:54.979Z,research,165314,160640,0,185,40,165499,ordinary
2793,2026-09-11T00:25:19.525Z,research,169573,165120,0,760,550,170333,ordinary
2809,2026-09-11T00:26:51.259Z,research,178966,169344,0,2589,2472,181555,ordinary
2817,2026-09-11T00:27:07.850Z,research,185489,178816,0,439,131,185928,ordinary
2827,2026-09-11T00:27:20.506Z,research,190539,185344,0,304,56,190843,ordinary
2835,2026-09-11T00:27:33.208Z,research,198661,190336,0,318,91,198979,ordinary
2844,2026-09-11T00:28:48.941Z,research,207366,198528,0,2390,470,209756,ordinary
2850,2026-09-11T00:29:35.617Z,research,209780,207232,0,1475,128,211255,ordinary
2863,2026-09-11T00:30:36.580Z,research,212730,209664,0,1969,811,214699,ordinary
2871,2026-09-11T00:30:50.643Z,research,214865,212608,0,290,217,215155,ordinary
2879,2026-09-11T00:31:01.475Z,research,215876,214656,0,279,76,216155,ordinary
2885,2026-09-11T00:31:05.922Z,research,216285,215680,0,81,0,216366,ordinary
2894,2026-09-11T00:31:15.457Z,research,217637,216064,0,202,0,217839,ordinary
2906,2026-09-11T00:32:02.101Z,research,220273,217472,0,1400,1213,221673,ordinary
2922,2026-09-11T00:33:03.602Z,research,233038,220032,0,1903,1698,234941,ordinary
2930,2026-09-11T00:33:13.536Z,research,239356,232832,0,201,15,239557,ordinary
2936,2026-09-11T00:37:59.139Z,research,245711,239232,0,9378,0,255089,compaction
2948,2026-09-11T00:38:10.389Z,research,23221,11904,0,292,66,23513,ordinary
2956,2026-09-11T00:38:24.990Z,research,25991,23040,0,270,45,26261,ordinary
2970,2026-09-11T00:39:05.737Z,research,37612,23040,0,1109,764,38721,ordinary
2980,2026-09-11T00:40:15.846Z,research,49366,37376,0,2177,50,51543,ordinary
2987,2026-09-11T00:40:42.045Z,research,51602,49152,0,736,516,52338,ordinary
3002,2026-09-11T00:42:32.886Z,research,64222,51456,0,3537,1552,67759,ordinary
3009,2026-09-11T00:42:47.629Z,research,70128,64000,0,419,220,70547,ordinary
3018,2026-09-11T00:44:31.377Z,research,81793,69888,0,3338,516,85131,ordinary
3025,2026-09-11T00:45:00.126Z,research,85189,81664,0,725,516,85914,ordinary
3034,2026-09-11T00:45:23.139Z,research,96301,84992,0,604,251,96905,ordinary
3043,2026-09-11T00:46:28.809Z,research,107686,96128,0,2070,47,109756,ordinary
3053,2026-09-11T00:47:45.174Z,research,109918,107520,0,2467,396,112385,ordinary
3062,2026-09-11T00:48:05.879Z,research,112607,109696,0,530,21,113137,ordinary
3071,2026-09-11T00:48:20.991Z,research,114354,112384,0,370,299,114724,ordinary
3080,2026-09-11T00:48:32.180Z,research,115995,114176,0,283,0,116278,ordinary
3098,2026-09-11T00:50:26.138Z,research,126762,115840,0,3082,2861,129844,ordinary
3106,2026-09-11T00:50:37.512Z,research,138563,126592,0,275,30,138838,ordinary
3114,2026-09-11T00:50:50.568Z,research,142106,138368,0,299,11,142405,ordinary
3122,2026-09-11T00:50:56.669Z,research,147474,141952,0,131,19,147605,ordinary
3131,2026-09-11T00:51:39.067Z,research,153775,147328,0,1357,30,155132,ordinary
3140,2026-09-11T00:51:53.357Z,research,158465,153600,0,243,49,158708,ordinary
3152,2026-09-11T00:53:32.997Z,research,161197,158336,0,3261,1395,164458,ordinary
3182,2026-09-11T00:57:13.862Z,research,172544,161024,0,7036,5407,179580,ordinary
3234,2026-09-11T01:04:08.700Z,research,198283,37376,0,1207,828,199490,ordinary
3244,2026-09-11T01:05:46.150Z,research,210717,198144,0,3152,58,213869,ordinary
3252,2026-09-11T01:06:33.589Z,research,216783,210560,0,1420,516,218203,ordinary
3261,2026-09-11T01:07:02.798Z,research,226511,216064,0,775,442,227286,ordinary
3274,2026-09-11T01:08:51.884Z,research,229104,226304,0,3358,1381,232462,ordinary
3283,2026-09-11T01:09:01.225Z,research,236483,228992,0,183,61,236666,ordinary
3291,2026-09-11T01:09:42.923Z,research,241692,236288,0,1154,754,242846,ordinary
3296,2026-09-11T01:14:06.174Z,research,250736,241536,0,8563,0,259299,compaction
3308,2026-09-11T01:14:16.597Z,research,22407,11904,0,286,55,22693,ordinary
3316,2026-09-11T01:14:28.128Z,research,25256,22272,0,317,39,25573,ordinary
3326,2026-09-11T01:14:39.432Z,research,37017,25088,0,271,11,37288,ordinary
3337,2026-09-11T01:14:50.301Z,research,49501,36864,0,256,80,49757,ordinary
3345,2026-09-11T01:15:17.489Z,research,56761,49280,0,675,516,57436,ordinary
3353,2026-09-11T01:15:56.358Z,research,66588,56576,0,699,516,67287,ordinary
3363,2026-09-11T01:17:20.144Z,research,69813,49280,0,1203,66,71016,ordinary
3369,2026-09-11T01:17:34.008Z,research,71076,69632,0,297,15,71373,ordinary
3378,2026-09-11T01:17:42.911Z,research,74804,70912,0,156,26,74960,ordinary
3389,2026-09-11T01:19:35.113Z,research,80399,74624,0,3622,166,84021,ordinary
3395,2026-09-11T01:19:40.420Z,research,84079,80256,0,120,39,84199,ordinary
3402,2026-09-11T01:20:23.506Z,research,87686,83840,0,1300,301,88986,ordinary
3409,2026-09-11T01:20:27.375Z,research,89197,87552,0,72,23,89269,ordinary
3417,2026-09-11T01:20:49.894Z,research,89436,88960,0,554,516,89990,ordinary
3423,2026-09-11T01:22:03.201Z,research,92903,89216,0,2348,500,95251,ordinary
3432,2026-09-11T01:22:16.591Z,research,95697,92288,0,365,89,96062,ordinary
3440,2026-09-11T01:22:27.416Z,research,106092,95488,0,242,77,106334,ordinary
3449,2026-09-11T01:23:31.824Z,research,112238,105984,0,1987,483,114225,ordinary
3455,2026-09-11T01:23:57.560Z,research,114283,112128,0,681,516,114964,ordinary
3463,2026-09-11T01:24:13.481Z,research,119954,114176,0,434,105,120388,ordinary
3471,2026-09-11T01:24:37.573Z,research,122913,119808,0,623,516,123536,ordinary
3484,2026-09-11T01:25:54.101Z,research,125274,122752,0,2469,963,127743,ordinary
3491,2026-09-11T01:26:01.757Z,research,127803,125184,0,164,45,127967,ordinary
3499,2026-09-11T01:27:04.388Z,research,128727,127616,0,1954,516,130681,ordinary
3505,2026-09-11T01:27:11.023Z,research,130834,128640,0,138,29,130972,ordinary
3513,2026-09-11T01:27:30.012Z,research,132030,130688,0,442,349,132472,ordinary
3522,2026-09-11T01:28:19.587Z,research,133585,131840,0,1592,20,135177,ordinary
3529,2026-09-11T01:28:53.791Z,research,135641,133376,0,996,417,136637,ordinary
3537,2026-09-11T01:29:01.943Z,research,136820,135552,0,198,84,137018,ordinary
3546,2026-09-11T01:29:13.638Z,research,138289,136704,0,185,0,138474,ordinary
3554,2026-09-11T01:29:21.768Z,research,148378,138112,0,214,55,148592,ordinary
3559,2026-09-11T01:29:27.770Z,research,150172,148224,0,150,0,150322,ordinary
3568,2026-09-11T01:30:03.269Z,research,152635,150016,0,953,864,153588,ordinary
3575,2026-09-11T01:30:27.012Z,research,161478,152448,0,613,516,162091,ordinary
3582,2026-09-11T01:30:44.007Z,research,166031,161280,0,421,96,166452,ordinary
3599,2026-09-11T01:32:18.971Z,research,170683,165888,0,2231,1920,172914,ordinary
3608,2026-09-11T01:33:05.584Z,research,181161,170496,0,1291,1034,182452,ordinary
3616,2026-09-11T01:33:14.676Z,research,186079,180992,0,187,30,186266,ordinary
3627,2026-09-11T01:34:31.685Z,research,193169,185984,0,2371,1028,195540,ordinary
3634,2026-09-11T01:35:25.846Z,research,195564,193024,0,1587,37,197151,ordinary
3644,2026-09-11T01:36:19.476Z,research,197260,87552,0,1067,942,198327,ordinary
3661,2026-09-11T01:37:45.687Z,research,200198,197120,0,2067,1840,202265,ordinary
3673,2026-09-11T01:38:50.263Z,research,206247,200064,0,1522,1377,207769,ordinary
3683,2026-09-11T01:39:36.919Z,research,212007,206080,0,1094,1028,213101,ordinary
3711,2026-09-11T01:43:47.062Z,research,217650,211840,0,7305,5026,224955,ordinary
3720,2026-09-11T01:44:02.181Z,research,225018,217088,0,369,98,225387,ordinary
3729,2026-09-11T01:45:37.284Z,research,231809,224896,0,3061,516,234870,ordinary
3738,2026-09-11T01:45:53.219Z,research,234930,231680,0,411,245,235341,ordinary
3744,2026-09-11T01:46:03.789Z,research,238518,234752,0,258,11,238776,ordinary
3750,2026-09-11T01:49:49.508Z,research,245528,237824,0,7402,0,252930,compaction
3762,2026-09-11T01:49:59.955Z,research,21246,11904,0,279,39,21525,ordinary
3768,2026-09-11T01:50:08.428Z,research,22931,11904,0,197,0,23128,ordinary
3778,2026-09-11T01:50:18.655Z,research,32529,22784,0,220,39,32749,ordinary
3788,2026-09-11T01:50:39.279Z,research,43835,32384,0,352,171,44187,ordinary
3793,2026-09-11T01:50:50.563Z,research,48763,43648,0,210,0,48973,ordinary
3802,2026-09-11T01:51:37.414Z,research,59317,48640,0,1453,473,60770,ordinary
3810,2026-09-11T01:51:56.594Z,research,60950,59136,0,374,33,61324,ordinary
3820,2026-09-11T01:52:51.260Z,research,69969,60800,0,1718,133,71687,ordinary
3829,2026-09-11T01:53:09.149Z,research,72006,69760,0,479,160,72485,ordinary
3837,2026-09-11T01:53:40.243Z,research,77915,71808,0,757,516,78672,ordinary
3846,2026-09-11T01:53:49.521Z,research,82719,77696,0,163,32,82882,ordinary
3854,2026-09-11T01:55:16.125Z,research,86055,82048,0,2717,276,88772,ordinary
3860,2026-09-11T01:55:56.180Z,research,88796,85888,0,1123,52,89919,ordinary
3870,2026-09-11T01:56:26.340Z,research,90127,88704,0,777,516,90904,ordinary
3879,2026-09-11T01:57:45.480Z,research,103938,89984,0,2545,201,106483,ordinary
3887,2026-09-11T01:57:52.773Z,research,106702,103808,0,180,107,106882,ordinary
3903,2026-09-11T01:59:58.688Z,research,112218,106496,0,2618,2461,114836,ordinary
3911,2026-09-11T02:00:08.052Z,research,118815,112128,0,209,27,119024,ordinary
3937,2026-09-11T02:03:47.272Z,research,124827,118656,0,4963,4892,129790,ordinary
3958,2026-09-11T02:06:12.584Z,research,130949,124672,0,3726,3044,134675,ordinary
3968,2026-09-11T02:06:20.420Z,research,134926,130816,0,181,94,135107,ordinary
3977,2026-09-11T02:06:33.316Z,research,136378,134784,0,193,0,136571,ordinary
3994,2026-09-11T02:08:14.766Z,research,142237,136192,0,2275,1997,144512,ordinary
4007,2026-09-11T02:09:02.824Z,research,154022,142080,0,1239,1095,155261,ordinary
4018,2026-09-11T02:09:51.368Z,research,163419,153856,0,1153,1034,164572,ordinary
4025,2026-09-11T02:10:49.540Z,research,175439,163328,0,1733,164,177172,ordinary
4039,2026-09-11T02:12:07.716Z,research,185212,175360,0,1888,1782,187100,ordinary
4050,2026-09-11T02:12:19.234Z,research,195161,185088,0,278,81,195439,ordinary
4060,2026-09-11T02:14:38.037Z,research,199274,59136,0,2406,0,201680,ordinary
4068,2026-09-11T02:14:50.703Z,research,206669,199168,0,242,79,206911,ordinary
4076,2026-09-11T02:15:03.804Z,research,207061,206592,0,288,36,207349,ordinary
4088,2026-09-11T02:16:20.993Z,research,211089,206976,0,2122,1552,213211,ordinary
4099,2026-09-11T02:16:36.910Z,research,213353,210944,0,399,113,213752,ordinary
4107,2026-09-11T02:16:49.725Z,research,217489,213248,0,306,96,217795,ordinary
4115,2026-09-11T02:17:24.184Z,research,224635,217344,0,1023,211,225658,ordinary
4124,2026-09-11T02:17:53.786Z,research,225801,224512,0,727,516,226528,ordinary
4132,2026-09-11T02:18:17.893Z,research,229493,225664,0,470,200,229963,ordinary
4140,2026-09-11T02:18:25.900Z,research,233911,229376,0,152,28,234063,ordinary
4147,2026-09-11T02:18:53.925Z,research,236869,233856,0,780,210,237649,ordinary
4155,2026-09-11T02:20:28.734Z,research,239823,236800,0,3035,279,242858,ordinary
4170,2026-09-11T02:22:25.236Z,research,243503,239744,0,3309,1957,246812,ordinary
4176,2026-09-11T02:25:55.320Z,research,247216,243328,0,6819,0,254035,compaction
4188,2026-09-11T02:26:03.833Z,research,20665,11904,0,215,28,20880,ordinary
4194,2026-09-11T02:26:10.851Z,research,21593,20480,0,171,0,21764,ordinary
4203,2026-09-11T02:26:22.031Z,research,27285,21376,0,276,114,27561,ordinary
4211,2026-09-11T02:26:30.829Z,research,38151,27136,0,151,17,38302,ordinary
4221,2026-09-11T02:26:51.431Z,research,46747,38016,0,562,354,47309,ordinary
4228,2026-09-11T02:27:16.917Z,research,56532,46592,0,737,0,57269,ordinary
4235,2026-09-11T02:27:48.059Z,research,62578,56320,0,631,516,63209,ordinary
4249,2026-09-11T02:29:28.770Z,research,72737,62336,0,2221,2054,74958,ordinary
4260,2026-09-11T02:29:56.350Z,research,86592,72576,0,803,14,87395,ordinary
4269,2026-09-11T02:30:52.913Z,research,87637,86400,0,1132,988,88769,ordinary
4282,2026-09-11T02:32:00.628Z,research,97064,87424,0,1544,1406,98608,ordinary
4290,2026-09-11T02:32:12.138Z,research,107566,96896,0,166,13,107732,ordinary
4303,2026-09-11T02:33:39.043Z,research,115903,107392,0,2229,1552,118132,ordinary
4314,2026-09-11T02:34:27.721Z,research,118365,115712,0,1181,935,119546,ordinary
4322,2026-09-11T02:34:37.562Z,research,129485,118144,0,220,50,129705,ordinary
4330,2026-09-11T02:34:46.700Z,research,139142,129280,0,158,22,139300,ordinary
4340,2026-09-11T02:35:26.790Z,research,147366,139008,0,952,811,148318,ordinary
4348,2026-09-11T02:36:00.513Z,research,149623,147200,0,1028,53,150651,ordinary
4356,2026-09-11T02:36:15.403Z,research,158665,149504,0,378,28,159043,ordinary
4366,2026-09-11T02:36:50.335Z,research,162753,158464,0,1068,87,163821,ordinary
4374,2026-09-11T02:37:05.328Z,research,164068,162560,0,406,44,164474,ordinary
4382,2026-09-11T02:37:14.282Z,research,169492,163840,0,201,16,169693,ordinary
4391,2026-09-11T02:37:51.674Z,research,171021,46592,0,748,633,171769,ordinary
4401,2026-09-11T02:39:38.965Z,research,179788,170880,0,3373,498,183161,ordinary
4417,2026-09-11T02:41:20.978Z,research,183185,179584,0,2332,2133,185517,ordinary
4425,2026-09-11T02:42:16.055Z,research,186728,183040,0,1716,369,188444,ordinary
4435,2026-09-11T02:42:32.912Z,research,188697,186496,0,458,113,189155,ordinary
4441,2026-09-11T02:42:36.794Z,research,189472,188544,0,36,0,189508,ordinary
4448,2026-09-11T02:43:54.392Z,research,191872,189312,0,2437,355,194309,ordinary
4454,2026-09-11T02:44:16.387Z,research,194333,191360,0,550,412,194883,ordinary
4462,2026-09-11T02:44:56.391Z,research,195676,194176,0,1231,34,196907,ordinary
4474,2026-09-11T02:45:11.851Z,research,197402,195456,0,334,203,197736,ordinary
4479,2026-09-11T02:45:15.504Z,research,198184,197248,0,64,0,198248,ordinary
4488,2026-09-11T02:45:23.017Z,research,199519,198016,0,171,0,199690,ordinary
4505,2026-09-11T02:47:16.849Z,research,204834,170880,0,1322,1160,206156,ordinary
4514,2026-09-11T02:47:46.032Z,research,214398,204672,0,631,516,215029,ordinary
4529,2026-09-11T02:49:07.406Z,research,225363,214272,0,2304,2016,227667,ordinary
4537,2026-09-11T02:50:35.132Z,research,235429,225152,0,2794,516,238223,ordinary
4543,2026-09-11T02:54:32.145Z,research,247698,235264,0,7712,0,255410,compaction
4555,2026-09-11T02:54:42.626Z,research,21569,11904,0,246,37,21815,ordinary
4561,2026-09-11T02:54:53.753Z,research,26454,21376,0,318,0,26772,ordinary
4573,2026-09-11T02:56:33.818Z,research,37136,26240,0,3215,307,40351,ordinary
4581,2026-09-11T02:56:45.597Z,research,40375,36992,0,338,13,40713,ordinary
4591,2026-09-11T02:56:56.070Z,research,51709,40192,0,244,24,51953,ordinary
4601,2026-09-11T02:57:18.329Z,research,60270,51584,0,604,239,60874,ordinary
4612,2026-09-11T02:58:51.927Z,research,60969,60032,0,3002,222,63971,ordinary
4618,2026-09-11T02:59:00.723Z,research,63995,60800,0,237,46,64232,ordinary
4626,2026-09-11T02:59:43.047Z,research,73527,63872,0,1317,49,74844,ordinary
4634,2026-09-11T02:59:56.222Z,research,75098,73344,0,357,72,75455,ordinary
4644,2026-09-11T03:00:03.352Z,research,85328,74880,0,120,7,85448,ordinary
4655,2026-09-11T03:00:45.423Z,research,95681,85120,0,1022,822,96703,ordinary
4662,2026-09-11T03:00:55.969Z,research,104534,95488,0,254,14,104788,ordinary
4673,2026-09-11T03:02:47.047Z,research,108876,104320,0,3530,848,112406,ordinary
4680,2026-09-11T03:03:10.050Z,research,112661,108672,0,494,337,113155,ordinary
4691,2026-09-11T03:04:06.001Z,research,118469,112512,0,1774,123,120243,ordinary
4698,2026-09-11T03:04:53.560Z,research,120392,118272,0,1513,301,121905,ordinary
4710,2026-09-11T03:05:40.245Z,research,122089,120192,0,1195,1071,123284,ordinary
4726,2026-09-11T03:07:22.557Z,research,133019,121856,0,2326,2198,135345,ordinary
4742,2026-09-11T03:09:15.039Z,research,145797,132864,0,2719,2524,148516,ordinary
4752,2026-09-11T03:09:26.411Z,research,156314,145664,0,233,27,156547,ordinary
4760,2026-09-11T03:09:37.884Z,research,166477,156160,0,278,86,166755,ordinary
4773,2026-09-11T03:11:13.805Z,research,170832,166272,0,2770,1123,173602,ordinary
4781,2026-09-11T03:11:20.971Z,research,173741,170624,0,175,95,173916,ordinary
4789,2026-09-11T03:11:27.137Z,research,174358,173568,0,122,37,174480,ordinary
4800,2026-09-11T03:11:40.185Z,research,175751,174208,0,356,75,176107,ordinary
4807,2026-09-11T03:11:50.434Z,research,185735,175616,0,167,0,185902,ordinary
4815,2026-09-11T03:12:00.094Z,research,197340,185600,0,202,33,197542,ordinary
4826,2026-09-11T03:13:24.696Z,research,207700,197120,0,2703,952,210403,ordinary
4837,2026-09-11T03:13:39.198Z,research,210562,207488,0,328,32,210890,ordinary
4845,2026-09-11T03:13:56.768Z,research,218528,210432,0,183,13,218711,ordinary
4852,2026-09-11T03:14:08.641Z,research,219324,218368,0,331,43,219655,ordinary
4861,2026-09-11T03:14:19.565Z,research,221118,219136,0,144,25,221262,ordinary
4867,2026-09-11T03:14:28.327Z,research,223223,220928,0,202,133,223425,ordinary
4877,2026-09-11T03:14:47.390Z,research,224436,222976,0,564,160,225000,ordinary
4892,2026-09-11T03:16:00.211Z,research,225260,224256,0,2284,852,227544,ordinary
4909,2026-09-11T03:17:32.356Z,research,227959,225024,0,2360,2203,230319,ordinary
4917,2026-09-11T03:17:38.436Z,research,239032,227712,0,106,25,239138,ordinary
4921,2026-09-11T03:21:44.070Z,research,246804,238848,0,8071,0,254875,compaction
4933,2026-09-11T03:21:52.329Z,research,21921,11904,0,215,34,22136,ordinary
4938,2026-09-11T03:21:59.044Z,research,23181,21760,0,171,0,23352,ordinary
4946,2026-09-11T03:22:12.103Z,research,32239,23040,0,329,40,32568,ordinary
4955,2026-09-11T03:22:24.919Z,research,45474,32000,0,238,23,45712,ordinary
4965,2026-09-11T03:22:45.667Z,research,57008,45312,0,578,27,57586,ordinary
4973,2026-09-11T03:23:18.357Z,research,65739,56832,0,736,516,66475,ordinary
4981,2026-09-11T03:23:42.669Z,research,77692,65536,0,667,516,78359,ordinary
4990,2026-09-11T03:23:53.732Z,research,89924,77568,0,234,24,90158,ordinary
4998,2026-09-11T03:24:18.865Z,research,99878,89856,0,594,368,100472,ordinary
5008,2026-09-11T03:24:34.864Z,research,111348,99712,0,420,59,111768,ordinary
5016,2026-09-11T03:24:48.140Z,research,111903,111232,0,165,48,112068,ordinary
5024,2026-09-11T03:24:59.155Z,research,118445,111744,0,284,74,118729,ordinary
5032,2026-09-11T03:25:28.988Z,research,129427,118272,0,721,516,130148,ordinary
5041,2026-09-11T03:26:09.631Z,research,135464,129280,0,1189,516,136653,ordinary
5048,2026-09-11T03:26:37.251Z,research,136712,135424,0,618,516,137330,ordinary
5057,2026-09-11T03:28:07.280Z,research,138356,136576,0,2930,44,141286,ordinary
5065,2026-09-11T03:28:37.353Z,research,141310,138240,0,768,36,142078,ordinary
5072,2026-09-11T03:29:23.335Z,research,143735,141184,0,1336,28,145071,ordinary
5085,2026-09-11T03:30:25.909Z,research,145710,143616,0,1993,724,147703,ordinary
5093,2026-09-11T03:31:08.848Z,research,148493,145664,0,1355,294,149848,ordinary
5100,2026-09-11T03:31:49.854Z,research,151792,148352,0,1252,146,153044,ordinary
5107,2026-09-11T03:31:57.451Z,research,155426,151680,0,174,26,155600,ordinary
5119,2026-09-11T03:32:42.351Z,research,156014,155392,0,1397,576,157411,ordinary
5131,2026-09-11T03:33:49.415Z,research,157573,155904,0,2120,516,159693,ordinary
5138,2026-09-11T03:34:52.111Z,research,159819,157440,0,2038,516,161857,ordinary
5146,2026-09-11T03:35:04.468Z,research,162102,159744,0,320,228,162422,ordinary
5155,2026-09-11T03:35:51.283Z,research,165654,162048,0,1138,1034,166792,ordinary
5162,2026-09-11T03:36:04.507Z,research,174800,165632,0,290,117,175090,ordinary
5172,2026-09-11T03:36:46.463Z,research,186386,174720,0,1111,978,187497,ordinary
5180,2026-09-11T03:36:58.794Z,research,199002,186240,0,251,23,199253,ordinary
5188,2026-09-11T03:37:17.128Z,research,207319,198912,0,447,255,207766,ordinary
5198,2026-09-11T03:37:26.893Z,research,213326,207232,0,201,28,213527,ordinary
5206,2026-09-11T03:37:37.231Z,research,222289,213248,0,241,19,222530,ordinary
5214,2026-09-11T03:37:47.287Z,research,226733,222208,0,188,54,226921,ordinary
5221,2026-09-11T03:38:11.121Z,research,227110,226688,0,633,199,227743,ordinary
5229,2026-09-11T03:38:20.008Z,research,228301,227072,0,221,26,228522,ordinary
5239,2026-09-11T03:39:14.847Z,research,237994,228224,0,1682,968,239676,ordinary
5246,2026-09-11T03:40:01.766Z,research,239745,237952,0,1507,26,241252,ordinary
5254,2026-09-11T03:40:13.893Z,research,241355,239616,0,283,221,241638,ordinary
5265,2026-09-11T03:40:43.234Z,research,242909,241280,0,772,516,243681,ordinary
5270,2026-09-11T03:45:08.119Z,research,256614,78208,0,8573,0,265187,compaction
5282,2026-09-11T03:45:16.290Z,research,22419,11904,0,220,37,22639,ordinary
5288,2026-09-11T03:45:22.984Z,research,23448,22272,0,170,0,23618,ordinary
5297,2026-09-11T03:45:35.045Z,research,31553,23296,0,251,72,31804,ordinary
5307,2026-09-11T03:45:49.779Z,research,42673,31360,0,320,33,42993,ordinary
5318,2026-09-11T03:46:04.223Z,research,54240,42496,0,353,135,54593,ordinary
5328,2026-09-11T03:46:59.841Z,research,66471,54016,0,1267,1034,67738,ordinary
5337,2026-09-11T03:47:13.573Z,research,78990,66304,0,272,56,79262,ordinary
5347,2026-09-11T03:47:23.823Z,research,90735,78848,0,242,60,90977,ordinary
5363,2026-09-11T03:49:00.276Z,research,96668,90496,0,2404,2070,99072,ordinary
5378,2026-09-11T03:50:13.863Z,research,105008,96512,0,2013,1782,107021,ordinary
5391,2026-09-11T03:52:02.468Z,research,113539,104832,0,3525,1282,117064,ordinary
5398,2026-09-11T03:52:18.315Z,research,117122,113408,0,391,147,117513,ordinary
5406,2026-09-11T03:52:34.786Z,research,119016,116992,0,493,102,119509,ordinary
5414,2026-09-11T03:52:39.442Z,research,119650,118784,0,65,0,119715,ordinary
5424,2026-09-11T03:53:17.052Z,research,121587,119424,0,1058,872,122645,ordinary
5437,2026-09-11T03:54:43.956Z,research,123429,121088,0,2796,804,126225,ordinary
5447,2026-09-11T03:55:42.158Z,research,126284,123392,0,1707,792,127991,ordinary
5455,2026-09-11T03:56:12.407Z,research,128138,126208,0,701,516,128839,ordinary
5481,2026-09-11T03:59:59.103Z,research,133899,128000,0,7455,4754,141354,ordinary
5498,2026-09-11T04:02:06.974Z,research,141630,133760,0,4208,1909,145838,ordinary
5506,2026-09-11T04:02:29.038Z,research,146031,141568,0,666,254,146697,ordinary
5514,2026-09-11T04:02:45.742Z,research,150091,145920,0,479,30,150570,ordinary
5522,2026-09-11T04:03:05.487Z,research,150815,150016,0,581,516,151396,ordinary
5531,2026-09-11T04:03:14.210Z,research,152667,150784,0,181,0,152848,ordinary
5541,2026-09-11T04:03:59.656Z,research,156996,152576,0,1260,1034,158256,ordinary
5550,2026-09-11T04:04:12.630Z,research,169679,156928,0,323,98,170002,ordinary
5567,2026-09-11T04:05:51.754Z,research,181577,169600,0,2593,2359,184170,ordinary
5589,2026-09-11T04:08:03.679Z,research,193332,181504,0,4045,3624,197377,ordinary
5600,2026-09-11T04:08:34.450Z,research,202171,193280,0,895,719,203066,ordinary
5609,2026-09-11T04:09:07.716Z,research,210613,202112,0,897,740,211510,ordinary
5618,2026-09-11T04:09:16.849Z,research,211814,210560,0,237,34,212051,ordinary
5627,2026-09-11T04:09:45.122Z,research,217321,211712,0,836,633,218157,ordinary
5637,2026-09-11T04:09:51.948Z,research,220977,217216,0,115,66,221092,ordinary
5646,2026-09-11T04:11:32.419Z,research,223737,220928,0,3278,984,227015,ordinary
5656,2026-09-11T04:11:57.565Z,research,227121,223488,0,671,579,227792,ordinary
5666,2026-09-11T04:13:59.937Z,research,229027,226944,0,4017,76,233044,ordinary
5681,2026-09-11T04:15:39.881Z,research,233192,228864,0,2687,2519,235879,ordinary
5689,2026-09-11T04:15:53.510Z,research,239486,233088,0,273,62,239759,ordinary
5695,2026-09-11T04:20:54.595Z,research,249956,96512,0,7667,0,257623,compaction
5708,2026-09-11T04:21:11.054Z,research,21513,21376,0,265,52,21778,ordinary
5716,2026-09-11T04:21:21.880Z,research,22584,21376,0,295,40,22879,ordinary
5725,2026-09-11T04:21:34.085Z,research,33380,22400,0,290,28,33670,ordinary
5738,2026-09-11T04:22:34.938Z,research,45143,33152,0,1933,827,47076,ordinary
5745,2026-09-11T04:22:49.818Z,research,47335,44928,0,384,73,47719,ordinary
5753,2026-09-11T04:22:58.949Z,research,56423,47104,0,177,48,56600,ordinary
5759,2026-09-11T04:23:03.437Z,research,56658,56192,0,37,0,56695,ordinary
5765,2026-09-11T04:23:25.437Z,research,58805,56448,0,595,516,59400,ordinary
5777,2026-09-11T04:25:11.506Z,research,66150,58240,0,3439,1324,69589,ordinary
5786,2026-09-11T04:25:23.761Z,research,69613,66048,0,340,73,69953,ordinary
5794,2026-09-11T04:26:13.720Z,research,76364,69504,0,1583,292,77947,ordinary
5800,2026-09-11T04:26:43.740Z,research,78041,76160,0,839,38,78880,ordinary
5808,2026-09-11T04:26:55.291Z,research,83591,77952,0,288,16,83879,ordinary
5826,2026-09-11T04:28:32.491Z,research,91133,83456,0,2816,2588,93949,ordinary
5842,2026-09-11T04:29:57.437Z,research,103889,91008,0,2365,2070,106254,ordinary
5853,2026-09-11T04:30:33.448Z,research,110312,103808,0,1061,830,111373,ordinary
5863,2026-09-11T04:31:10.151Z,research,116371,110208,0,1126,886,117497,ordinary
5877,2026-09-11T04:32:17.557Z,research,125505,116224,0,2145,1859,127650,ordinary
5886,2026-09-11T04:33:04.726Z,research,136777,125312,0,1438,516,138215,ordinary
5895,2026-09-11T04:33:18.743Z,research,138273,136576,0,387,63,138660,ordinary
5907,2026-09-11T04:34:01.856Z,research,142328,138112,0,1124,1061,143452,ordinary
5920,2026-09-11T04:35:41.618Z,research,144776,142208,0,3246,1365,148022,ordinary
5931,2026-09-11T04:36:28.726Z,research,148080,144640,0,1484,1299,149564,ordinary
5940,2026-09-11T04:38:10.196Z,research,153418,147840,0,3292,141,156710,ordinary
5951,2026-09-11T04:39:02.817Z,research,156734,153216,0,1654,582,158388,ordinary
5958,2026-09-11T04:39:52.352Z,research,158557,156544,0,1595,250,160152,ordinary
5969,2026-09-11T04:41:27.122Z,research,160362,158336,0,3106,1158,163468,ordinary
5976,2026-09-11T04:42:28.854Z,research,163547,160128,0,1974,20,165521,ordinary
5982,2026-09-11T04:42:45.044Z,research,165581,163328,0,418,316,165999,ordinary
5989,2026-09-11T04:43:02.111Z,research,167421,165376,0,497,420,167918,ordinary
6003,2026-09-11T04:44:14.868Z,research,168249,167296,0,2093,1930,170342,ordinary
6011,2026-09-11T04:44:34.901Z,research,175699,168064,0,558,292,176257,ordinary
6022,2026-09-11T04:45:59.385Z,research,181870,175488,0,2707,923,184577,ordinary
6031,2026-09-11T04:46:10.996Z,research,184688,181632,0,290,81,184978,ordinary
6039,2026-09-11T04:46:20.335Z,research,185086,184448,0,239,87,185325,ordinary
6048,2026-09-11T04:47:34.431Z,research,185506,184960,0,2412,1034,187918,ordinary
6056,2026-09-11T04:47:47.292Z,research,188201,185344,0,333,249,188534,ordinary
6065,2026-09-11T04:47:54.687Z,research,189805,188032,0,142,0,189947,ordinary
6078,2026-09-11T04:49:11.003Z,research,196999,189568,0,2258,2070,199257,ordinary
6086,2026-09-11T04:49:35.496Z,research,204285,196864,0,587,459,204872,ordinary
6094,2026-09-11T04:49:42.037Z,research,212101,204160,0,109,55,212210,ordinary
6109,2026-09-11T04:50:50.131Z,research,217602,211968,0,2138,1825,219740,ordinary
6127,2026-09-11T04:52:34.617Z,research,224302,217472,0,3353,3069,227655,ordinary
6135,2026-09-11T04:52:56.553Z,research,238639,224128,0,597,516,239236,ordinary
6146,2026-09-11T04:53:52.562Z,research,243967,238464,0,1684,1361,245651,ordinary
6151,2026-09-11T04:58:13.888Z,research,252104,143360,0,8508,0,260612,compaction
6163,2026-09-11T04:58:21.311Z,research,22353,11904,0,191,47,22544,ordinary
6168,2026-09-11T04:58:28.330Z,research,22878,11904,0,192,0,23070,ordinary
6177,2026-09-11T04:58:43.720Z,research,31206,22656,0,407,120,31613,ordinary
6186,2026-09-11T04:58:56.862Z,research,40427,22144,0,297,21,40724,ordinary
6197,2026-09-11T04:59:14.020Z,research,46041,39936,0,406,18,46447,ordinary
6206,2026-09-11T04:59:39.269Z,research,57185,45952,0,742,516,57927,ordinary
6214,2026-09-11T05:00:01.664Z,research,64421,57088,0,630,516,65051,ordinary
6224,2026-09-11T05:01:24.968Z,research,66953,64256,0,2726,357,69679,ordinary
6230,2026-09-11T05:01:39.694Z,research,69703,66816,0,251,17,69954,ordinary
6239,2026-09-11T05:01:58.355Z,research,73836,69504,0,507,287,74343,ordinary
6246,2026-09-11T05:02:13.269Z,research,75378,73728,0,444,117,75822,ordinary
6254,2026-09-11T05:02:30.161Z,research,76973,75264,0,396,177,77369,ordinary
6261,2026-09-11T05:02:43.920Z,research,77938,76800,0,345,65,78283,ordinary
6270,2026-09-11T05:02:57.486Z,research,78376,77824,0,375,150,78751,ordinary
6280,2026-09-11T05:05:13.748Z,research,78856,78208,0,4355,815,83211,ordinary
6286,2026-09-11T05:05:26.813Z,research,83235,78720,0,289,51,83524,ordinary
6301,2026-09-11T05:07:45.136Z,research,84843,83072,0,4529,1552,89372,ordinary
6308,2026-09-11T05:08:32.820Z,research,89395,84736,0,1498,370,90893,ordinary
6317,2026-09-11T05:09:00.920Z,research,92327,89216,0,878,516,93205,ordinary
6325,2026-09-11T05:10:07.367Z,research,93372,92160,0,2158,54,95530,ordinary
6332,2026-09-11T05:10:13.414Z,research,95612,93184,0,134,50,95746,ordinary
6340,2026-09-11T05:10:54.560Z,research,97176,95488,0,1308,31,98484,ordinary
6348,2026-09-11T05:11:07.256Z,research,98990,97024,0,372,301,99362,ordinary
6357,2026-09-11T05:11:16.067Z,research,100633,98816,0,230,0,100863,ordinary
6369,2026-09-11T05:12:12.464Z,research,106517,100480,0,1612,1385,108129,ordinary
6377,2026-09-11T05:12:22.211Z,research,115824,106368,0,202,25,116026,ordinary
6385,2026-09-11T05:12:31.597Z,research,125255,115712,0,219,31,125474,ordinary
6407,2026-09-11T05:14:49.593Z,research,130735,125056,0,3854,3554,134589,ordinary
6425,2026-09-11T05:16:43.707Z,research,141621,130560,0,3348,3065,144969,ordinary
6433,2026-09-11T05:16:53.703Z,research,153693,141440,0,198,16,153891,ordinary
6441,2026-09-11T05:17:11.783Z,research,157914,153600,0,462,248,158376,ordinary
6461,2026-09-11T05:19:25.426Z,research,162670,157440,0,4083,3074,166753,ordinary
6468,2026-09-11T05:19:32.276Z,research,166856,162560,0,169,16,167025,ordinary
6479,2026-09-11T05:20:04.831Z,research,167378,166784,0,804,719,168182,ordinary
6490,2026-09-11T05:20:50.599Z,research,169637,167296,0,1401,1175,171038,ordinary
6500,2026-09-11T05:21:29.719Z,research,176613,169472,0,1134,1006,177747,ordinary
6511,2026-09-11T05:24:03.065Z,research,179035,57088,0,4710,1020,183745,ordinary
6520,2026-09-11T05:24:26.808Z,research,183980,178944,0,651,226,184631,ordinary
6530,2026-09-11T05:24:37.172Z,research,184777,183936,0,235,50,185012,ordinary
6537,2026-09-11T05:25:03.709Z,research,185367,184704,0,744,516,186111,ordinary
6548,2026-09-11T05:27:04.738Z,research,186294,185216,0,3931,989,190225,ordinary
6558,2026-09-11T05:27:57.340Z,research,190504,186240,0,1448,1351,191952,ordinary
6568,2026-09-11T05:28:58.924Z,research,192445,190336,0,1981,131,194426,ordinary
6575,2026-09-11T05:30:02.920Z,research,194624,192384,0,2004,321,196628,ordinary
6584,2026-09-11T05:30:14.238Z,research,196687,194560,0,185,58,196872,ordinary
6592,2026-09-11T05:30:46.131Z,research,197225,196608,0,991,290,198216,ordinary
6600,2026-09-11T05:31:35.103Z,research,199299,197120,0,1505,437,200804,ordinary
6619,2026-09-11T05:33:41.864Z,research,201348,199168,0,3456,3248,204804,ordinary
6628,2026-09-11T05:34:25.327Z,research,204867,201216,0,1383,26,206250,ordinary
6638,2026-09-11T05:35:46.429Z,research,206474,204800,0,2598,1034,209072,ordinary
6655,2026-09-11T05:37:24.392Z,research,209536,206336,0,2594,2520,212130,ordinary
6666,2026-09-11T05:38:10.819Z,research,212471,209408,0,1345,1034,213816,ordinary
6674,2026-09-11T05:38:16.893Z,research,214004,212352,0,116,18,214120,ordinary
6685,2026-09-11T05:38:28.386Z,research,215391,213888,0,255,79,215646,ordinary
6694,2026-09-11T05:38:37.112Z,research,217737,215296,0,203,30,217940,ordinary
6703,2026-09-11T05:39:22.666Z,research,227794,217600,0,1108,906,228902,ordinary
6731,2026-09-11T05:43:14.437Z,research,231462,227712,0,5822,5567,237284,ordinary
6737,2026-09-11T06:04:21.052Z,research,247192,247040,0,11354,0,258546,compaction
6749,2026-09-11T06:04:31.901Z,research,25213,11904,0,197,40,25410,ordinary
6754,2026-09-11T06:04:40.661Z,research,27106,25088,0,216,0,27322,ordinary
6766,2026-09-11T06:05:05.932Z,research,33561,26880,0,682,415,34243,ordinary
6774,2026-09-11T06:05:13.404Z,research,36470,11904,0,154,0,36624,ordinary
6782,2026-09-11T06:05:54.210Z,research,46754,33408,0,1155,18,47909,ordinary
6789,2026-09-11T06:06:03.802Z,research,48416,46592,0,238,41,48654,ordinary
6803,2026-09-11T06:07:16.851Z,research,59978,36352,0,1605,1344,61583,ordinary
6817,2026-09-11T06:08:53.795Z,research,72613,59776,0,2228,2036,74841,ordinary
6825,2026-09-11T06:09:16.589Z,research,80962,72448,0,495,324,81457,ordinary
6840,2026-09-11T06:10:15.681Z,research,88606,80768,0,1347,1175,89953,ordinary
6846,2026-09-11T06:10:24.566Z,research,95490,88448,0,94,0,95584,ordinary
6854,2026-09-11T06:12:28.025Z,research,97553,95360,0,3958,13,101511,ordinary
6861,2026-09-11T06:12:37.931Z,research,101535,97408,0,186,41,101721,ordinary
6870,2026-09-11T06:12:48.667Z,research,105949,101376,0,222,23,106171,ordinary
6878,2026-09-11T06:13:12.078Z,research,109317,105856,0,553,396,109870,ordinary
6887,2026-09-11T06:14:23.646Z,research,116293,109184,0,2159,203,118452,ordinary
6894,2026-09-11T06:14:41.078Z,research,118511,116096,0,345,212,118856,ordinary
6904,2026-09-11T06:15:45.240Z,research,120597,118400,0,1952,170,122549,ordinary
6911,2026-09-11T06:15:55.619Z,research,122839,120448,0,202,56,123041,ordinary
6930,2026-09-11T06:18:27.812Z,research,123562,122752,0,3864,2828,127426,ordinary
6937,2026-09-11T06:18:57.525Z,research,127497,123392,0,769,499,128266,ordinary
6947,2026-09-11T06:19:50.108Z,research,129082,127360,0,1623,646,130705,ordinary
6954,2026-09-11T06:20:08.042Z,research,130763,128896,0,268,72,131031,ordinary
6970,2026-09-11T06:20:49.600Z,research,131708,130560,0,1205,694,132913,ordinary
6983,2026-09-11T06:22:27.366Z,research,133162,131584,0,2939,1110,136101,ordinary
6990,2026-09-11T06:22:57.576Z,research,136168,132992,0,891,195,137059,ordinary
7003,2026-09-11T06:24:58.377Z,research,137622,136064,0,3616,1438,141238,ordinary
7010,2026-09-11T06:25:22.440Z,research,141754,137472,0,608,516,142362,ordinary
7017,2026-09-11T06:26:20.586Z,research,143191,141568,0,1707,516,144898,ordinary
7026,2026-09-11T06:26:30.943Z,research,145015,143104,0,185,89,145200,ordinary
7037,2026-09-11T06:26:44.364Z,research,146473,144896,0,303,69,146776,ordinary
7057,2026-09-11T06:29:32.818Z,research,152885,146304,0,3668,3473,156553,ordinary
7069,2026-09-11T06:30:52.813Z,research,165092,152704,0,1745,1552,166837,ordinary
7081,2026-09-11T06:31:49.451Z,research,172238,164992,0,1224,1012,173462,ordinary
7094,2026-09-11T06:32:57.017Z,research,177281,172160,0,1377,1225,178658,ordinary
7102,2026-09-11T06:33:38.041Z,research,182195,177152,0,995,464,183190,ordinary
7108,2026-09-11T06:34:02.468Z,research,183248,182016,0,514,363,183762,ordinary
7120,2026-09-11T06:34:18.955Z,research,188660,183168,0,335,42,188995,ordinary
7127,2026-09-11T06:34:41.759Z,research,193627,188544,0,505,231,194132,ordinary
7141,2026-09-11T06:36:31.442Z,research,197542,193536,0,2163,2070,199705,ordinary
7158,2026-09-11T06:38:53.227Z,research,203238,197376,0,3088,2952,206326,ordinary
7172,2026-09-11T06:40:18.374Z,research,211725,203136,0,1959,1749,213684,ordinary
7180,2026-09-11T06:40:35.038Z,research,218531,211584,0,298,85,218829,ordinary
7189,2026-09-11T06:40:47.770Z,research,226411,218368,0,204,31,226615,ordinary
7196,2026-09-11T06:40:57.030Z,research,229089,225920,0,190,52,229279,ordinary
7204,2026-09-11T06:41:10.692Z,research,235099,228992,0,286,68,235385,ordinary
7212,2026-09-11T06:41:26.152Z,research,240408,235008,0,323,43,240731,ordinary
7226,2026-09-11T06:43:22.808Z,research,244996,240384,0,3676,1273,248672,ordinary
7230,2026-09-11T06:48:31.268Z,research,248719,244992,0,10153,0,258872,compaction
7242,2026-09-11T06:48:44.235Z,research,24001,11904,0,327,46,24328,ordinary
7248,2026-09-11T06:48:56.078Z,research,27901,11904,0,279,0,28180,ordinary
7260,2026-09-11T06:49:12.947Z,research,38392,27776,0,382,139,38774,ordinary
7268,2026-09-11T06:49:49.054Z,research,42181,38272,0,935,445,43116,ordinary
7274,2026-09-11T06:50:33.331Z,research,46178,41984,0,1324,0,47502,ordinary
7281,2026-09-11T06:50:45.191Z,research,48013,45952,0,321,89,48334,ordinary
7288,2026-09-11T06:51:01.583Z,research,54767,47872,0,317,140,55084,ordinary
7300,2026-09-11T06:52:07.527Z,research,66698,54528,0,1259,1034,67957,ordinary
7312,2026-09-11T06:53:21.249Z,research,79319,66560,0,1592,1476,80911,ordinary
7321,2026-09-11T06:53:48.747Z,research,91549,79104,0,396,231,91945,ordinary
7339,2026-09-11T06:56:08.413Z,research,103185,91392,0,3300,3106,106485,ordinary
7355,2026-09-11T06:57:41.609Z,research,111220,103040,0,2260,1967,113480,ordinary
7374,2026-09-11T06:59:31.919Z,research,120945,111104,0,2922,2730,123867,ordinary
7390,2026-09-11T07:00:58.344Z,research,129928,120448,0,2390,2152,132318,ordinary
7399,2026-09-11T07:02:18.403Z,research,140954,129792,0,2440,119,143394,ordinary
7408,2026-09-11T07:04:17.259Z,research,143525,140800,0,3652,226,147177,ordinary
7415,2026-09-11T07:04:40.178Z,research,147416,143360,0,558,382,147974,ordinary
7423,2026-09-11T07:05:44.065Z,research,153542,147328,0,1813,110,155355,ordinary
7430,2026-09-11T07:05:57.400Z,research,155825,153344,0,265,14,156090,ordinary
7439,2026-09-11T07:06:15.202Z,research,156390,155648,0,496,308,156886,ordinary
7447,2026-09-11T07:07:08.584Z,research,159373,156288,0,1582,397,160955,ordinary
7454,2026-09-11T07:07:18.692Z,research,161048,159232,0,171,93,161219,ordinary
7461,2026-09-11T07:07:41.465Z,research,161758,160896,0,562,468,162320,ordinary
7474,2026-09-11T07:08:16.789Z,research,162768,161664,0,792,524,163560,ordinary
7481,2026-09-11T07:09:05.783Z,research,164283,162688,0,1435,233,165718,ordinary
7489,2026-09-11T07:09:17.360Z,research,165934,164096,0,305,198,166239,ordinary
7499,2026-09-11T07:09:31.745Z,research,167510,165760,0,184,0,167694,ordinary
7514,2026-09-11T07:11:33.309Z,research,171871,167424,0,2742,2566,174613,ordinary
7522,2026-09-11T07:11:44.350Z,research,186808,171776,0,149,17,186957,ordinary
7536,2026-09-11T07:12:52.579Z,research,196513,186624,0,1555,1286,198068,ordinary
7544,2026-09-11T07:13:02.216Z,research,207239,196352,0,133,24,207372,ordinary
7551,2026-09-11T07:13:09.458Z,research,214997,207104,0,117,30,215114,ordinary
7558,2026-09-11T07:13:18.795Z,research,222719,214912,0,99,14,222818,ordinary
7565,2026-09-11T07:13:28.709Z,research,226210,222592,0,199,52,226409,ordinary
7577,2026-09-11T07:14:37.230Z,research,234094,226048,0,1656,1436,235750,ordinary
7585,2026-09-11T07:15:01.243Z,research,239937,233984,0,468,346,240405,ordinary
7589,2026-09-11T07:19:56.108Z,research,246149,239744,0,9675,0,255824,compaction
7601,2026-09-11T07:20:06.723Z,research,23537,11904,0,243,32,23780,ordinary
7606,2026-09-11T07:20:15.486Z,research,24480,23296,0,228,0,24708,ordinary
7615,2026-09-11T07:20:30.754Z,research,33717,24320,0,371,42,34088,ordinary
7621,2026-09-11T07:20:40.538Z,research,43158,33536,0,69,0,43227,ordinary
7630,2026-09-11T07:20:50.623Z,research,52589,43008,0,184,9,52773,ordinary
7637,2026-09-11T07:21:21.777Z,research,61307,52480,0,872,326,62179,ordinary
7651,2026-09-11T07:22:46.292Z,research,70506,61184,0,1759,1624,72265,ordinary
7665,2026-09-11T07:24:18.590Z,research,81797,70400,0,2396,1550,84193,ordinary
7676,2026-09-11T07:25:02.381Z,research,93493,81664,0,1159,1034,94652,ordinary
7683,2026-09-11T07:25:13.905Z,research,101178,93312,0,201,26,101379,ordinary
7691,2026-09-11T07:25:22.865Z,research,108385,100992,0,127,22,108512,ordinary
7699,2026-09-11T07:25:37.468Z,research,114168,108288,0,282,198,114450,ordinary
7712,2026-09-11T07:27:13.412Z,research,119477,114048,0,2142,1975,121619,ordinary
7728,2026-09-11T07:28:51.178Z,research,133314,119296,0,2278,2140,135592,ordinary
7738,2026-09-11T07:29:08.832Z,research,145932,133120,0,237,13,146169,ordinary
7746,2026-09-11T07:29:27.521Z,research,152821,145792,0,383,102,153204,ordinary
7757,2026-09-11T07:29:46.488Z,research,162486,152704,0,486,318,162972,ordinary
7763,2026-09-11T07:29:54.290Z,research,166018,162304,0,112,12,166130,ordinary
7770,2026-09-11T07:30:32.565Z,research,170631,165504,0,1176,264,171807,ordinary
7781,2026-09-11T07:31:15.198Z,research,171834,170496,0,1211,1103,173045,ordinary
7788,2026-09-11T07:31:23.225Z,research,178831,171776,0,125,35,178956,ordinary
7799,2026-09-11T07:32:17.808Z,research,184302,178688,0,1362,1281,185664,ordinary
7815,2026-09-11T07:34:30.420Z,research,188321,184192,0,4319,1939,192640,ordinary
7821,2026-09-11T07:35:41.087Z,research,192676,188160,0,2256,411,194932,ordinary
7830,2026-09-11T07:35:57.772Z,research,195084,192512,0,336,270,195420,ordinary
7837,2026-09-11T07:36:11.247Z,research,198047,194944,0,344,144,198391,ordinary
7846,2026-09-11T07:36:45.403Z,research,199159,197888,0,823,640,199982,ordinary
7854,2026-09-11T07:37:02.627Z,research,201675,199040,0,366,291,202041,ordinary
7863,2026-09-11T07:37:45.240Z,research,207873,201600,0,1070,928,208943,ordinary
7881,2026-09-11T07:39:31.868Z,research,219368,207744,0,2809,2528,222177,ordinary
7899,2026-09-11T07:41:36.477Z,research,230411,219264,0,2996,2678,233407,ordinary
7908,2026-09-11T07:41:56.670Z,research,244843,230272,0,381,82,245224,ordinary
7913,2026-09-11T07:45:42.042Z,research,253620,244352,0,7366,0,260986,compaction
7921,2026-09-11T07:45:49.981Z,research,21208,11904,0,61,0,21269,ordinary
7930,2026-09-11T07:46:01.943Z,research,21819,20992,0,280,22,22099,ordinary
7941,2026-09-11T07:46:14.759Z,research,29626,21632,0,250,90,29876,ordinary
7949,2026-09-11T07:48:00.509Z,research,39517,29440,0,3083,373,42600,ordinary
7955,2026-09-11T07:48:12.948Z,research,42624,39296,0,275,43,42899,ordinary
7970,2026-09-11T07:50:22.690Z,research,50339,42496,0,4124,459,54463,ordinary
7977,2026-09-11T07:50:38.840Z,research,54490,50176,0,421,225,54911,ordinary
7986,2026-09-11T07:50:49.964Z,research,57495,54272,0,272,18,57767,ordinary
7994,2026-09-11T07:50:58.883Z,research,65610,57344,0,144,15,65754,ordinary
8002,2026-09-11T07:52:24.250Z,research,74942,65408,0,2720,270,77662,ordinary
8009,2026-09-11T07:52:34.219Z,research,77686,74752,0,210,36,77896,ordinary
8023,2026-09-11T07:52:47.442Z,research,79231,77568,0,333,16,79564,ordinary
8030,2026-09-11T07:52:59.898Z,research,81183,79104,0,326,62,81509,ordinary
8038,2026-09-11T07:53:51.288Z,research,81943,81024,0,1601,90,83544,ordinary
8048,2026-09-11T07:54:23.194Z,research,83837,81792,0,679,516,84516,ordinary
8057,2026-09-11T07:54:36.821Z,research,87753,83712,0,304,89,88057,ordinary
8070,2026-09-11T07:55:26.165Z,research,98708,87552,0,993,867,99701,ordinary
8077,2026-09-11T07:55:46.083Z,research,107366,98560,0,254,64,107620,ordinary
8085,2026-09-11T07:55:53.212Z,research,112012,107136,0,130,8,112142,ordinary
8091,2026-09-11T07:55:58.576Z,research,117850,111872,0,61,0,117911,ordinary
8109,2026-09-11T07:57:46.946Z,research,120883,117632,0,2679,2348,123562,ordinary
8120,2026-09-11T07:57:56.942Z,research,129945,120704,0,188,25,130133,ordinary
8128,2026-09-11T07:58:06.265Z,research,131554,129792,0,179,20,131733,ordinary
8149,2026-09-11T08:00:08.194Z,research,133103,131328,0,3174,2876,136277,ordinary
8165,2026-09-11T08:02:18.840Z,research,145130,132864,0,4179,1835,149309,ordinary
8171,2026-09-11T08:02:32.145Z,research,149340,144640,0,346,29,149686,ordinary
8180,2026-09-11T08:02:43.052Z,research,150427,149248,0,209,75,150636,ordinary
8193,2026-09-11T08:05:05.628Z,research,152138,150272,0,4654,1384,156792,ordinary
8199,2026-09-11T08:05:22.665Z,research,156817,151936,0,414,114,157231,ordinary
8213,2026-09-11T08:05:40.019Z,research,157966,156672,0,460,167,158426,ordinary
8223,2026-09-11T08:06:20.611Z,research,160560,157824,0,1102,879,161662,ordinary
8233,2026-09-11T08:07:18.823Z,research,170196,160384,0,1585,156,171781,ordinary
8242,2026-09-11T08:08:51.362Z,research,172121,169728,0,2908,816,175029,ordinary
8255,2026-09-11T08:10:16.206Z,research,175213,172032,0,2704,830,177917,ordinary
8269,2026-09-11T08:11:05.106Z,research,179509,175104,0,1183,1008,180692,ordinary
8280,2026-09-11T08:11:49.245Z,research,180955,179456,0,1240,988,182195,ordinary
8295,2026-09-11T08:13:54.203Z,research,182749,180864,0,4052,1248,186801,ordinary
8301,2026-09-11T08:14:14.518Z,research,186864,182656,0,320,218,187184,ordinary
8325,2026-09-11T08:17:28.658Z,research,187600,186752,0,4642,4538,192242,ordinary
8333,2026-09-11T08:17:45.217Z,research,197072,187520,0,373,261,197445,ordinary
8340,2026-09-11T08:17:57.985Z,research,204335,196992,0,247,58,204582,ordinary
8348,2026-09-11T08:18:08.343Z,research,208830,204288,0,215,83,209045,ordinary
8362,2026-09-11T08:19:06.546Z,research,212522,208768,0,1779,855,214301,ordinary
8371,2026-09-11T08:19:48.791Z,research,218508,212480,0,1292,256,219800,ordinary
8382,2026-09-11T08:20:07.322Z,research,221864,218368,0,498,394,222362,ordinary
8393,2026-09-11T08:20:17.757Z,research,223636,221696,0,199,0,223835,ordinary
8414,2026-09-11T08:22:33.496Z,research,225691,223488,0,3715,3318,229406,ordinary
8423,2026-09-11T08:22:44.443Z,research,238579,225536,0,61,19,238640,ordinary
8431,2026-09-11T08:23:29.843Z,research,241096,238464,0,1159,1012,242255,ordinary
8435,2026-09-11T08:27:43.678Z,research,250382,241024,0,8182,0,258564,compaction
8447,2026-09-11T08:27:52.821Z,research,22032,11904,0,203,61,22235,ordinary
8454,2026-09-11T08:28:04.233Z,research,25646,21888,0,297,24,25943,ordinary
8463,2026-09-11T08:28:15.240Z,research,35421,25472,0,261,16,35682,ordinary
8473,2026-09-11T08:28:30.061Z,research,46653,35200,0,228,13,46881,ordinary
8481,2026-09-11T08:28:48.955Z,research,53663,46464,0,504,246,54167,ordinary
8489,2026-09-11T08:29:02.566Z,research,61872,53504,0,190,25,62062,ordinary
8498,2026-09-11T08:29:26.323Z,research,65285,61696,0,532,281,65817,ordinary
8505,2026-09-11T08:30:11.802Z,research,70871,64768,0,1188,237,72059,ordinary
8513,2026-09-11T08:30:23.464Z,research,72263,70784,0,277,38,72540,ordinary
8521,2026-09-11T08:30:35.933Z,research,76704,72064,0,304,128,77008,ordinary
8529,2026-09-11T08:30:52.081Z,research,83681,76544,0,391,55,84072,ordinary
8538,2026-09-11T08:31:08.053Z,research,84164,83584,0,392,114,84556,ordinary
8545,2026-09-11T08:31:23.970Z,research,87259,83968,0,253,111,87512,ordinary
8555,2026-09-11T08:31:45.547Z,research,88797,87168,0,354,35,89151,ordinary
8566,2026-09-11T08:32:31.425Z,research,92374,88704,0,1342,1082,93716,ordinary
8576,2026-09-11T08:33:21.107Z,research,94562,92288,0,1095,788,95657,ordinary
8587,2026-09-11T08:34:06.462Z,research,103108,94464,0,1060,831,104168,ordinary
8595,2026-09-11T08:34:33.003Z,research,111898,102912,0,597,462,112495,ordinary
8603,2026-09-11T08:34:50.037Z,research,116668,111744,0,234,103,116902,ordinary
8611,2026-09-11T08:35:09.609Z,research,118185,116480,0,387,271,118572,ordinary
8620,2026-09-11T08:36:54.427Z,research,119333,118016,0,3361,509,122694,ordinary
8630,2026-09-11T08:37:26.019Z,research,122765,119168,0,844,153,123609,ordinary
8636,2026-09-11T08:37:43.751Z,research,123824,122624,0,317,141,124141,ordinary
8644,2026-09-11T08:38:25.768Z,research,125651,123648,0,812,460,126463,ordinary
8652,2026-09-11T08:38:37.451Z,research,126627,125568,0,271,157,126898,ordinary
8658,2026-09-11T08:38:50.733Z,research,127610,126464,0,191,72,127801,ordinary
8667,2026-09-11T08:40:07.456Z,research,129611,127488,0,2285,516,131896,ordinary
8675,2026-09-11T08:40:21.151Z,research,131961,129408,0,324,89,132285,ordinary
8683,2026-09-11T08:40:33.339Z,research,138687,131840,0,256,16,138943,ordinary
8695,2026-09-11T08:41:28.136Z,research,139036,138496,0,1660,898,140696,ordinary
8703,2026-09-11T08:42:41.965Z,research,142844,138880,0,2302,466,145146,ordinary
8713,2026-09-11T08:43:06.389Z,research,145879,142336,0,641,264,146520,ordinary
8720,2026-09-11T08:43:25.682Z,research,146580,145792,0,474,245,147054,ordinary
8728,2026-09-11T08:43:41.290Z,research,154490,146432,0,292,50,154782,ordinary
8736,2026-09-11T08:44:05.026Z,research,159261,154368,0,107,25,159368,ordinary
8743,2026-09-11T08:44:12.695Z,research,160668,159104,0,116,13,160784,ordinary
8751,2026-09-11T08:45:50.381Z,research,161964,160512,0,3090,516,165054,ordinary
8757,2026-09-11T08:46:03.569Z,research,165081,161920,0,282,160,165363,ordinary
8764,2026-09-11T08:46:17.988Z,research,169148,164992,0,251,94,169399,ordinary
8772,2026-09-11T08:46:37.082Z,research,172706,169088,0,470,385,173176,ordinary
8781,2026-09-11T08:48:07.614Z,research,174323,172544,0,2870,822,177193,ordinary
8791,2026-09-11T08:48:26.588Z,research,177790,174208,0,515,166,178305,ordinary
8801,2026-09-11T08:49:08.787Z,research,179788,177664,0,1143,1034,180931,ordinary
8809,2026-09-11T08:49:17.491Z,research,181690,179712,0,147,77,181837,ordinary
8820,2026-09-11T08:49:32.804Z,research,183108,181632,0,327,95,183435,ordinary
8832,2026-09-11T08:50:43.276Z,research,185971,183040,0,1753,1552,187724,ordinary
8840,2026-09-11T08:50:51.525Z,research,195815,185856,0,141,50,195956,ordinary
8857,2026-09-11T08:52:39.854Z,research,199034,195712,0,2650,2457,201684,ordinary
8866,2026-09-11T08:53:21.444Z,research,204908,198912,0,965,865,205873,ordinary
8881,2026-09-11T08:54:56.104Z,research,213930,204800,0,2595,2450,216525,ordinary
8889,2026-09-11T08:55:07.741Z,research,224525,213888,0,238,67,224763,ordinary
8897,2026-09-11T08:55:30.849Z,research,233646,224384,0,529,428,234175,ordinary
8908,2026-09-11T08:56:38.759Z,research,237092,233600,0,1537,1328,238629,ordinary
8914,2026-09-11T09:03:31.675Z,research,246099,246016,0,7539,0,253638,compaction
8926,2026-09-11T09:03:42.337Z,research,21396,11904,0,263,32,21659,ordinary
8932,2026-09-11T09:03:52.652Z,research,24257,21248,0,235,0,24492,ordinary
8941,2026-09-11T09:04:06.086Z,research,31143,24064,0,187,35,31330,ordinary
8951,2026-09-11T09:04:31.028Z,research,37161,30976,0,616,195,37777,ordinary
8957,2026-09-11T09:04:57.231Z,research,38952,36992,0,454,0,39406,ordinary
8965,2026-09-11T09:05:07.000Z,research,46640,38784,0,206,27,46846,ordinary
8972,2026-09-11T09:05:28.272Z,research,55368,46464,0,295,13,55663,ordinary
8981,2026-09-11T09:05:38.139Z,research,61777,55168,0,142,25,61919,ordinary
8989,2026-09-11T09:06:04.116Z,research,67988,61568,0,462,293,68450,ordinary
9001,2026-09-11T09:06:33.699Z,research,78054,67840,0,801,535,78855,ordinary
9011,2026-09-11T09:07:14.737Z,research,87889,77824,0,948,774,88837,ordinary
9021,2026-09-11T09:08:02.688Z,research,96523,87680,0,1188,1034,97711,ordinary
9033,2026-09-11T09:08:42.613Z,research,106067,96384,0,998,692,107065,ordinary
9042,2026-09-11T09:08:56.777Z,research,115228,105856,0,271,104,115499,ordinary
9051,2026-09-11T09:09:59.362Z,research,117559,115072,0,1922,137,119481,ordinary
9058,2026-09-11T09:10:08.415Z,research,119931,117120,0,172,14,120103,ordinary
9066,2026-09-11T09:10:25.433Z,research,124734,119808,0,465,221,125199,ordinary
9075,2026-09-11T09:11:52.932Z,research,134834,124672,0,2594,516,137428,ordinary
9084,2026-09-11T09:13:16.342Z,research,137459,134784,0,1559,440,139018,ordinary
9092,2026-09-11T09:13:43.210Z,research,139645,137344,0,705,183,140350,ordinary
9099,2026-09-11T09:14:15.417Z,research,142927,139520,0,916,18,143843,ordinary
9109,2026-09-11T09:15:45.600Z,research,144668,142848,0,2867,516,147535,ordinary
9116,2026-09-11T09:16:10.539Z,research,147811,144512,0,710,414,148521,ordinary
9124,2026-09-11T09:16:33.506Z,research,153263,147712,0,574,159,153837,ordinary
9131,2026-09-11T09:16:57.200Z,research,157898,153216,0,689,461,158587,ordinary
9137,2026-09-11T09:17:04.485Z,research,158659,157824,0,86,0,158745,ordinary
9148,2026-09-11T09:17:20.632Z,research,160016,158592,0,323,130,160339,ordinary
9156,2026-09-11T09:17:33.776Z,research,165931,159872,0,316,40,166247,ordinary
9164,2026-09-11T09:17:56.932Z,research,174700,165888,0,529,269,175229,ordinary
9180,2026-09-11T09:19:31.923Z,research,186603,174592,0,1954,1721,188557,ordinary
9188,2026-09-11T09:19:48.090Z,research,196609,186496,0,345,43,196954,ordinary
9198,2026-09-11T09:20:34.143Z,research,205519,196480,0,1002,748,206521,ordinary
9210,2026-09-11T09:21:53.408Z,research,210244,205440,0,1710,1422,211954,ordinary
9218,2026-09-11T09:22:04.934Z,research,222625,210176,0,192,38,222817,ordinary
9229,2026-09-11T09:23:22.848Z,research,230189,222592,0,1685,1470,231874,ordinary
9255,2026-09-11T09:27:08.502Z,research,244100,230144,0,5068,4891,249168,ordinary
9260,2026-09-11T09:30:42.484Z,research,257528,243968,0,6616,0,264144,compaction
9272,2026-09-11T09:30:54.405Z,research,20461,11904,0,255,68,20716,ordinary
9278,2026-09-11T09:31:05.014Z,research,23085,20224,0,234,0,23319,ordinary
9287,2026-09-11T09:31:16.838Z,research,25697,22912,0,266,35,25963,ordinary
9295,2026-09-11T09:31:24.600Z,research,36805,25472,0,94,19,36899,ordinary
9302,2026-09-11T09:31:41.116Z,research,37023,36608,0,236,14,37259,ordinary
9311,2026-09-11T09:31:59.142Z,research,37353,36864,0,462,11,37815,ordinary
9319,2026-09-11T09:32:15.780Z,research,41762,37120,0,320,122,42082,ordinary
9327,2026-09-11T09:32:52.573Z,research,53167,41600,0,783,516,53950,ordinary
9335,2026-09-11T09:33:07.024Z,research,57761,52992,0,339,103,58100,ordinary
9343,2026-09-11T09:33:20.246Z,research,62313,57600,0,216,48,62529,ordinary
9354,2026-09-11T09:34:02.072Z,research,71634,62080,0,847,516,72481,ordinary
9363,2026-09-11T09:34:13.702Z,research,82835,71424,0,212,114,83047,ordinary
9370,2026-09-11T09:34:34.547Z,research,86793,82688,0,420,245,87213,ordinary
9378,2026-09-11T09:35:12.412Z,research,92661,86656,0,726,515,93387,ordinary
9386,2026-09-11T09:35:26.240Z,research,100614,92544,0,283,81,100897,ordinary
9394,2026-09-11T09:35:37.647Z,research,105600,100480,0,122,24,105722,ordinary
9401,2026-09-11T09:36:05.842Z,research,111887,105472,0,458,338,112345,ordinary
9408,2026-09-11T09:37:20.218Z,research,113872,111744,0,2394,61,116266,ordinary
9416,2026-09-11T09:37:37.528Z,research,117347,113664,0,489,136,117836,ordinary
9427,2026-09-11T09:37:58.825Z,research,118732,117120,0,578,228,119310,ordinary
9436,2026-09-11T09:38:05.118Z,research,119505,118528,0,78,0,119583,ordinary
9444,2026-09-11T09:39:16.403Z,research,123780,119296,0,1885,1034,125665,ordinary
9451,2026-09-11T09:39:25.398Z,research,130153,123264,0,187,36,130340,ordinary
9458,2026-09-11T09:40:02.423Z,research,130558,130048,0,1027,20,131585,ordinary
9471,2026-09-11T09:41:29.238Z,research,131609,130432,0,1865,1723,133474,ordinary
9479,2026-09-11T09:41:38.443Z,research,136859,131456,0,84,15,136943,ordinary
9492,2026-09-11T09:43:09.910Z,research,142085,136704,0,2109,2009,144194,ordinary
9499,2026-09-11T09:43:18.884Z,research,150848,141952,0,155,22,151003,ordinary
9507,2026-09-11T09:43:32.777Z,research,155146,150784,0,254,30,155400,ordinary
9516,2026-09-11T09:43:45.461Z,research,159117,155008,0,209,48,159326,ordinary
9523,2026-09-11T09:44:26.138Z,research,165009,158976,0,729,457,165738,ordinary
9531,2026-09-11T09:44:46.197Z,research,171706,164864,0,212,111,171918,ordinary
9538,2026-09-11T09:45:04.344Z,research,174308,171648,0,426,324,174734,ordinary
9547,2026-09-11T09:45:18.452Z,research,178464,174208,0,301,13,178765,ordinary
9557,2026-09-11T09:46:06.690Z,research,182834,178304,0,1175,946,184009,ordinary
9566,2026-09-11T09:46:15.590Z,research,188903,182784,0,161,21,189064,ordinary
9575,2026-09-11T09:47:04.435Z,research,194615,188800,0,1321,1001,195936,ordinary
9583,2026-09-11T09:47:14.420Z,research,196200,194560,0,165,9,196365,ordinary
9591,2026-09-11T09:48:24.178Z,research,197069,196096,0,2049,260,199118,ordinary
9600,2026-09-11T09:48:42.914Z,research,199298,196992,0,362,159,199660,ordinary
9607,2026-09-11T09:48:51.074Z,research,201843,199168,0,147,29,201990,ordinary
9615,2026-09-11T09:50:03.982Z,research,205217,201344,0,1758,263,206975,ordinary
9624,2026-09-11T09:50:20.199Z,research,207051,205184,0,398,115,207449,ordinary
9633,2026-09-11T09:50:33.129Z,research,208145,206976,0,238,176,208383,ordinary
9644,2026-09-11T09:51:17.361Z,research,209656,208128,0,787,516,210443,ordinary
9653,2026-09-11T09:51:29.994Z,research,213446,209536,0,223,55,213669,ordinary
9665,2026-09-11T09:52:44.981Z,research,217648,213376,0,1692,1552,219340,ordinary
9674,2026-09-11T09:54:15.402Z,research,223143,217600,0,2597,516,225740,ordinary
9681,2026-09-11T09:54:27.541Z,research,225798,223104,0,242,48,226040,ordinary
9691,2026-09-11T09:55:11.376Z,research,226494,225792,0,1027,874,227521,ordinary
9702,2026-09-11T09:56:13.676Z,research,229783,226432,0,1881,677,231664,ordinary
9715,2026-09-11T09:57:52.068Z,research,231947,229760,0,2353,2070,234300,ordinary
9727,2026-09-11T09:58:55.665Z,research,235695,231936,0,1564,1442,237259,ordinary
9738,2026-09-11T10:00:06.906Z,research,239847,235648,0,1781,1333,241628,ordinary
9748,2026-09-11T10:00:23.805Z,research,245327,239744,0,256,35,245583,ordinary
9753,2026-09-11T10:03:42.718Z,research,249142,245248,0,6369,0,255511,compaction
9765,2026-09-11T10:03:51.517Z,research,20215,11904,0,231,64,20446,ordinary
9770,2026-09-11T10:04:00.879Z,research,22967,20096,0,230,0,23197,ordinary
9778,2026-09-11T10:04:16.404Z,research,25409,22784,0,347,97,25756,ordinary
9789,2026-09-11T10:04:31.126Z,research,35995,25216,0,396,125,36391,ordinary
9798,2026-09-11T10:05:39.874Z,research,47434,35840,0,2161,435,49595,ordinary
9802,2026-09-11T10:05:51.005Z,research,49619,47232,0,253,0,49872,ordinary
9811,2026-09-11T10:06:21.878Z,research,56303,49408,0,883,516,57186,ordinary
9821,2026-09-11T10:06:38.888Z,research,61040,56064,0,423,39,61463,ordinary
9830,2026-09-11T10:07:39.982Z,research,65451,60800,0,1903,516,67354,ordinary
9836,2026-09-11T10:07:54.409Z,research,67379,65280,0,200,26,67579,ordinary
9843,2026-09-11T10:08:08.047Z,research,69243,67200,0,379,182,69622,ordinary
9852,2026-09-11T10:08:42.490Z,research,74951,69120,0,994,36,75945,ordinary
9860,2026-09-11T10:09:19.896Z,research,76578,74752,0,1109,419,77687,ordinary
9869,2026-09-11T10:09:39.127Z,research,78010,76416,0,510,215,78520,ordinary
9877,2026-09-11T10:10:11.483Z,research,81568,77824,0,755,516,82323,ordinary
9885,2026-09-11T10:10:36.617Z,research,82589,81408,0,734,516,83323,ordinary
9892,2026-09-11T10:10:47.248Z,research,83984,82432,0,239,140,84223,ordinary
9902,2026-09-11T10:11:54.278Z,research,84600,83840,0,2147,633,86747,ordinary
9910,2026-09-11T10:12:09.501Z,research,86807,84480,0,408,259,87215,ordinary
9919,2026-09-11T10:12:18.835Z,research,88065,86656,0,203,29,88268,ordinary
9924,2026-09-11T10:12:22.737Z,research,89285,87936,0,38,0,89323,ordinary
9931,2026-09-11T10:12:37.529Z,research,92068,89088,0,313,40,92381,ordinary
9938,2026-09-11T10:13:21.625Z,research,92448,91392,0,1375,0,93823,ordinary
9945,2026-09-11T10:13:43.740Z,research,96602,92288,0,583,49,97185,ordinary
9953,2026-09-11T10:13:54.638Z,research,101897,96000,0,151,32,102048,ordinary
9963,2026-09-11T10:15:08.679Z,research,102833,101760,0,2188,516,105021,ordinary
9970,2026-09-11T10:15:23.016Z,research,106230,102656,0,294,120,106524,ordinary
9982,2026-09-11T10:16:24.074Z,research,106836,105984,0,1701,1552,108537,ordinary
9994,2026-09-11T10:17:01.504Z,research,111478,106624,0,989,722,112467,ordinary
10001,2026-09-11T10:18:03.209Z,research,118394,111232,0,1848,516,120242,ordinary
10007,2026-09-11T10:18:32.530Z,research,120306,118144,0,834,30,121140,ordinary
10016,2026-09-11T10:19:16.230Z,research,121197,120064,0,1351,30,122548,ordinary
10029,2026-09-11T10:20:41.819Z,research,123487,120960,0,2384,2070,125871,ordinary
10037,2026-09-11T10:20:57.928Z,research,132033,123264,0,393,215,132426,ordinary
10045,2026-09-11T10:21:07.147Z,research,140456,131840,0,173,12,140629,ordinary
10053,2026-09-11T10:21:29.187Z,research,145937,140288,0,449,128,146386,ordinary
10063,2026-09-11T10:21:45.004Z,research,150135,145792,0,368,100,150503,ordinary
10073,2026-09-11T10:22:18.042Z,research,153520,149888,0,927,553,154447,ordinary
10083,2026-09-11T10:23:01.066Z,research,158799,153344,0,1092,963,159891,ordinary
10090,2026-09-11T10:23:10.931Z,research,162963,158592,0,190,13,163153,ordinary
10098,2026-09-11T10:24:00.923Z,research,165308,162816,0,1517,394,166825,ordinary
10111,2026-09-11T10:25:08.521Z,research,169571,165120,0,1994,1809,171565,ordinary
10121,2026-09-11T10:25:58.637Z,research,171855,168960,0,1458,29,173313,ordinary
10131,2026-09-11T10:26:39.024Z,research,175531,171776,0,1088,982,176619,ordinary
10141,2026-09-11T10:28:26.557Z,research,181374,175360,0,3431,850,184805,ordinary
10148,2026-09-11T10:28:49.826Z,research,184869,181248,0,576,441,185445,ordinary
10158,2026-09-11T10:29:20.007Z,research,186327,184704,0,805,486,187132,ordinary
10166,2026-09-11T10:29:29.981Z,research,190215,186240,0,191,113,190406,ordinary
10174,2026-09-11T10:30:20.165Z,research,194075,190080,0,1451,516,195526,ordinary
10182,2026-09-11T10:30:51.936Z,research,195659,193536,0,589,444,196248,ordinary
10189,2026-09-11T10:31:13.058Z,research,197061,195584,0,445,268,197506,ordinary
10199,2026-09-11T10:32:23.259Z,research,203709,196992,0,2149,370,205858,ordinary
10207,2026-09-11T10:33:09.499Z,research,205886,203648,0,1409,727,207295,ordinary
10219,2026-09-11T10:33:53.528Z,research,207640,205824,0,1285,624,208925,ordinary
10229,2026-09-11T10:34:35.689Z,research,210353,207616,0,1042,864,211395,ordinary
10236,2026-09-11T10:34:50.977Z,research,211628,210304,0,120,31,211748,ordinary
10243,2026-09-11T10:34:57.977Z,research,212318,211584,0,90,19,212408,ordinary
10250,2026-09-11T10:35:53.442Z,research,215871,212224,0,1732,516,217603,ordinary
10258,2026-09-11T10:36:05.302Z,research,218635,215808,0,175,102,218810,ordinary
10266,2026-09-11T10:36:42.145Z,research,219123,218624,0,1066,291,220189,ordinary
10284,2026-09-11T10:38:19.272Z,research,220389,219008,0,2581,2115,222970,ordinary
10295,2026-09-11T10:39:26.520Z,research,223616,220288,0,2058,813,225674,ordinary
10303,2026-09-11T10:39:38.278Z,research,225838,223488,0,248,106,226086,ordinary
10312,2026-09-11T10:39:49.060Z,research,227361,225792,0,257,58,227618,ordinary
10319,2026-09-11T10:40:59.416Z,research,228278,227328,0,2037,516,230315,ordinary
10328,2026-09-11T10:41:17.316Z,research,231028,228224,0,347,275,231375,ordinary
10335,2026-09-11T10:41:30.880Z,research,231695,230912,0,239,132,231934,ordinary
10346,2026-09-11T10:41:56.657Z,research,233205,231680,0,678,516,233883,ordinary
10355,2026-09-11T10:42:40.200Z,research,234905,233088,0,1112,947,236017,ordinary
10365,2026-09-11T10:43:20.421Z,research,244329,234880,0,936,749,245265,ordinary
10370,2026-09-11T10:47:08.700Z,research,250122,244224,0,7342,0,257464,compaction
10382,2026-09-11T10:47:18.696Z,research,21190,11904,0,262,44,21452,ordinary
10390,2026-09-11T10:47:30.174Z,research,24340,20992,0,252,20,24592,ordinary
10399,2026-09-11T10:47:42.738Z,research,34680,24192,0,265,49,34945,ordinary
10409,2026-09-11T10:47:57.426Z,research,42786,34560,0,312,19,43098,ordinary
10419,2026-09-11T10:48:23.241Z,research,53092,42624,0,600,485,53692,ordinary
10426,2026-09-11T10:48:45.984Z,research,59541,52864,0,491,406,60032,ordinary
10439,2026-09-11T10:49:48.972Z,research,66333,59392,0,1508,1258,67841,ordinary
10447,2026-09-11T10:50:31.267Z,research,72921,66176,0,1241,27,74162,ordinary
10457,2026-09-11T10:51:14.199Z,research,74703,72832,0,1094,856,75797,ordinary
10469,2026-09-11T10:52:35.495Z,research,80375,74624,0,2527,1552,82902,ordinary
10479,2026-09-11T10:54:10.255Z,research,86630,80256,0,3019,850,89649,ordinary
10486,2026-09-11T10:54:21.246Z,research,89712,86528,0,236,146,89948,ordinary
10500,2026-09-11T10:56:13.144Z,research,90370,89600,0,3035,1316,93405,ordinary
10508,2026-09-11T10:56:25.149Z,research,93606,90240,0,234,22,93840,ordinary
10516,2026-09-11T10:56:34.697Z,research,96169,93440,0,182,31,96351,ordinary
10524,2026-09-11T10:56:45.271Z,research,102265,96128,0,207,41,102472,ordinary
10532,2026-09-11T10:56:57.154Z,research,107215,102144,0,225,21,107440,ordinary
10540,2026-09-11T10:57:06.959Z,research,110596,107136,0,188,22,110784,ordinary
10548,2026-09-11T10:57:18.217Z,research,114445,110464,0,205,19,114650,ordinary
10556,2026-09-11T10:57:24.084Z,research,119253,114304,0,43,18,119296,ordinary
10562,2026-09-11T10:57:31.944Z,research,122605,119168,0,149,14,122754,ordinary
10575,2026-09-11T10:58:30.047Z,research,124332,122496,0,1443,1312,125775,ordinary
10597,2026-09-11T11:01:20.604Z,research,126866,124288,0,5607,3373,132473,ordinary
10604,2026-09-11T11:02:46.693Z,research,132778,126720,0,2776,513,135554,ordinary
10613,2026-09-11T11:03:27.920Z,research,135617,132736,0,1210,516,136827,ordinary
10625,2026-09-11T11:04:30.084Z,research,138813,135552,0,1434,1257,140247,ordinary
10637,2026-09-11T11:06:06.341Z,research,145896,138752,0,2757,1552,148653,ordinary
10648,2026-09-11T11:07:14.351Z,research,149214,145792,0,2054,481,151268,ordinary
10656,2026-09-11T11:07:39.674Z,research,151674,149120,0,601,440,152275,ordinary
10664,2026-09-11T11:07:50.684Z,research,152591,151552,0,275,191,152866,ordinary
10673,2026-09-11T11:07:59.107Z,research,154138,152448,0,179,0,154317,ordinary
10680,2026-09-11T11:08:08.970Z,research,157336,153984,0,243,105,157579,ordinary
10689,2026-09-11T11:08:29.959Z,research,162342,157184,0,226,30,162568,ordinary
10696,2026-09-11T11:08:43.625Z,research,165508,162176,0,146,15,165654,ordinary
10709,2026-09-11T11:10:04.750Z,research,166424,165376,0,2414,1418,168838,ordinary
10716,2026-09-11T11:10:31.457Z,research,168939,166272,0,725,369,169664,ordinary
10723,2026-09-11T11:10:42.506Z,research,170073,168832,0,169,26,170242,ordinary
10734,2026-09-11T11:11:25.534Z,research,170413,169984,0,1077,773,171490,ordinary
10742,2026-09-11T11:11:35.066Z,research,174407,170368,0,170,32,174577,ordinary
10749,2026-09-11T11:11:54.266Z,research,176614,174336,0,395,328,177009,ordinary
10764,2026-09-11T11:13:36.215Z,research,179535,176512,0,2379,2273,181914,ordinary
10773,2026-09-11T11:14:02.628Z,research,183859,179456,0,708,620,184567,ordinary
10780,2026-09-11T11:14:22.748Z,research,185678,183808,0,283,191,185961,ordinary
10788,2026-09-11T11:15:24.267Z,research,187145,185600,0,1953,516,189098,ordinary
10796,2026-09-11T11:15:55.868Z,research,189391,187008,0,587,439,189978,ordinary
10803,2026-09-11T11:16:04.896Z,research,193309,189312,0,134,30,193443,ordinary
10810,2026-09-11T11:16:31.577Z,research,194536,193152,0,686,345,195222,ordinary
10817,2026-09-11T11:16:47.167Z,research,195575,194432,0,371,85,195946,ordinary
10826,2026-09-11T11:17:19.376Z,research,196158,195456,0,842,630,197000,ordinary
10835,2026-09-11T11:17:45.934Z,research,198286,196096,0,641,555,198927,ordinary
10852,2026-09-11T11:19:43.895Z,research,203574,198144,0,2881,2755,206455,ordinary
10862,2026-09-11T11:20:14.566Z,research,211394,203520,0,741,564,212135,ordinary
10878,2026-09-11T11:21:59.748Z,research,215978,211328,0,2494,2302,218472,ordinary
10898,2026-09-11T11:24:29.285Z,research,222990,215936,0,3497,3365,226487,ordinary
10936,2026-09-11T11:28:57.738Z,research,231157,222848,0,6664,6418,237821,ordinary
10945,2026-09-11T11:29:54.288Z,research,240685,231040,0,1712,662,242397,ordinary
10962,2026-09-11T11:31:27.343Z,research,242915,240640,0,2326,2215,245241,ordinary
10966,2026-09-11T11:35:08.743Z,research,245949,242816,0,7195,0,253144,compaction
10978,2026-09-11T11:35:17.786Z,research,21057,11904,0,236,33,21293,ordinary
10984,2026-09-11T11:35:25.614Z,research,22982,20864,0,110,0,23092,ordinary
10991,2026-09-11T11:35:34.240Z,research,29479,22784,0,231,33,29710,ordinary
11001,2026-09-11T11:35:52.055Z,research,36692,29312,0,388,100,37080,ordinary
11011,2026-09-11T11:37:26.636Z,research,44335,36480,0,2845,516,47180,ordinary
11017,2026-09-11T11:38:02.014Z,research,47204,44160,0,1064,132,48268,ordinary
11024,2026-09-11T11:39:19.014Z,research,49381,46976,0,2489,516,51870,ordinary
11033,2026-09-11T11:39:59.119Z,research,51896,49152,0,1225,238,53121,ordinary
11038,2026-09-11T11:40:09.687Z,research,53530,51712,0,126,0,53656,ordinary
11045,2026-09-11T11:40:14.902Z,research,62677,53376,0,100,15,62777,ordinary
11055,2026-09-11T11:41:05.530Z,research,73528,62464,0,1088,912,74616,ordinary
11068,2026-09-11T11:42:46.483Z,research,86693,73344,0,2182,2066,88875,ordinary
11081,2026-09-11T11:43:43.864Z,research,96181,86528,0,1490,1174,97671,ordinary
11089,2026-09-11T11:44:07.779Z,research,107955,96000,0,631,516,108586,ordinary
11097,2026-09-11T11:44:18.573Z,research,112583,107776,0,249,23,112832,ordinary
11105,2026-09-11T11:45:52.607Z,research,122959,112384,0,2994,516,125953,ordinary
11113,2026-09-11T11:46:19.128Z,research,125977,122752,0,794,187,126771,ordinary
11122,2026-09-11T11:46:35.492Z,research,131291,125824,0,330,103,131621,ordinary
11132,2026-09-11T11:47:05.450Z,research,137335,131200,0,773,498,138108,ordinary
11140,2026-09-11T11:47:26.077Z,research,146430,137216,0,523,363,146953,ordinary
11147,2026-09-11T11:49:01.820Z,research,147134,146304,0,3057,79,150191,ordinary
11154,2026-09-11T11:49:12.115Z,research,150215,146944,0,246,24,150461,ordinary
11161,2026-09-11T11:49:28.339Z,research,152077,150016,0,403,213,152480,ordinary
11169,2026-09-11T11:49:40.416Z,research,158439,151936,0,238,36,158677,ordinary
11177,2026-09-11T11:49:58.284Z,research,162232,158336,0,398,77,162630,ordinary
11185,2026-09-11T11:50:21.566Z,research,162982,162048,0,428,254,163410,ordinary
11192,2026-09-11T11:50:39.504Z,research,166157,162816,0,475,59,166632,ordinary
11200,2026-09-11T11:50:46.978Z,research,167971,166016,0,150,75,168121,ordinary
11207,2026-09-11T11:51:35.549Z,research,168876,167808,0,1522,278,170398,ordinary
11215,2026-09-11T11:52:41.916Z,research,170457,168704,0,2111,480,172568,ordinary
11224,2026-09-11T11:53:06.409Z,research,172808,170368,0,671,499,173479,ordinary
11231,2026-09-11T11:54:27.574Z,research,174162,172672,0,2468,402,176630,ordinary
11239,2026-09-11T11:55:02.572Z,research,176898,173952,0,1037,403,177935,ordinary
11246,2026-09-11T11:55:14.629Z,research,177993,176768,0,262,221,178255,ordinary
11251,2026-09-11T11:55:21.316Z,research,178647,177792,0,87,0,178734,ordinary
11260,2026-09-11T11:55:30.524Z,research,180005,178560,0,222,0,180227,ordinary
11270,2026-09-11T11:55:57.533Z,research,186310,179840,0,772,543,187082,ordinary
11282,2026-09-11T11:56:53.419Z,research,194934,186112,0,1357,1188,196291,ordinary
11300,2026-09-11T11:58:42.360Z,research,205470,194816,0,2956,2322,208426,ordinary
11317,2026-09-11T12:00:23.562Z,research,215773,205312,0,2415,2167,218188,ordinary
11326,2026-09-11T12:02:24.279Z,research,224175,215680,0,3583,516,227758,ordinary
11334,2026-09-11T12:02:53.454Z,research,227819,224000,0,766,390,228585,ordinary
11343,2026-09-11T12:03:12.918Z,research,233925,227712,0,458,208,234383,ordinary
11351,2026-09-11T12:04:55.851Z,research,234541,233344,0,3277,454,237818,ordinary
11359,2026-09-11T12:05:30.290Z,research,239259,234496,0,802,516,240061,ordinary
11364,2026-09-11T12:08:39.311Z,research,246862,239232,0,6108,0,252970,compaction
11376,2026-09-11T12:08:49.419Z,research,19964,11904,0,240,55,20204,ordinary
11381,2026-09-11T12:08:57.299Z,research,21499,19840,0,188,0,21687,ordinary
11390,2026-09-11T12:09:15.267Z,research,32343,21376,0,531,307,32874,ordinary
11398,2026-09-11T12:09:28.550Z,research,43003,32128,0,229,41,43232,ordinary
11408,2026-09-11T12:09:51.752Z,research,53933,42880,0,611,315,54544,ordinary
11416,2026-09-11T12:10:10.717Z,research,60685,53760,0,273,78,60958,ordinary
11424,2026-09-11T12:11:52.835Z,research,71574,60544,0,3160,50,74734,ordinary
11431,2026-09-11T12:12:03.565Z,research,74758,71424,0,236,51,74994,ordinary
11440,2026-09-11T12:12:57.769Z,research,77714,74624,0,1625,144,79339,ordinary
11452,2026-09-11T12:13:32.871Z,research,87525,77568,0,1004,663,88529,ordinary
11461,2026-09-11T12:15:06.734Z,research,89144,87296,0,2865,516,92009,ordinary
11468,2026-09-11T12:15:34.712Z,research,92069,88960,0,657,516,92726,ordinary
11476,2026-09-11T12:15:56.724Z,research,94658,91904,0,517,297,95175,ordinary
11491,2026-09-11T12:17:21.978Z,research,102398,94464,0,2537,1297,104935,ordinary
11498,2026-09-11T12:17:35.461Z,research,104997,102272,0,352,133,105349,ordinary
11517,2026-09-11T12:19:49.456Z,research,108386,104832,0,3134,3058,111520,ordinary
11524,2026-09-11T12:20:44.295Z,research,114743,108160,0,1637,416,116380,ordinary
11541,2026-09-11T12:22:32.837Z,research,124528,114560,0,2724,2070,127252,ordinary
11549,2026-09-11T12:23:58.143Z,research,135508,124416,0,2610,44,138118,ordinary
11558,2026-09-11T12:25:16.443Z,research,138955,135424,0,2292,516,141247,ordinary
11566,2026-09-11T12:25:34.423Z,research,145331,138752,0,290,77,145621,ordinary
11577,2026-09-11T12:27:29.200Z,research,145786,145152,0,3378,1182,149164,ordinary
11586,2026-09-11T12:27:59.390Z,research,150108,145664,0,749,516,150857,ordinary
11596,2026-09-11T12:28:45.991Z,research,154386,150016,0,1028,883,155414,ordinary
11605,2026-09-11T12:29:14.631Z,research,161832,154240,0,781,192,162613,ordinary
11614,2026-09-11T12:29:26.905Z,research,166776,161792,0,135,50,166911,ordinary
11624,2026-09-11T12:30:00.170Z,research,171228,166656,0,974,239,172202,ordinary
11634,2026-09-11T12:30:12.371Z,research,172635,171136,0,114,62,172749,ordinary
11641,2026-09-11T12:30:19.337Z,research,173616,172544,0,121,10,173737,ordinary
11649,2026-09-11T12:32:15.806Z,research,174498,173568,0,3782,516,178280,ordinary
11660,2026-09-11T12:33:35.547Z,research,178345,174464,0,2491,659,180836,ordinary
11668,2026-09-11T12:34:07.259Z,research,180929,178304,0,916,516,181845,ordinary
11676,2026-09-11T12:34:16.310Z,research,182563,180864,0,173,61,182736,ordinary
11688,2026-09-11T12:34:54.059Z,research,184008,182528,0,830,516,184838,ordinary
11698,2026-09-11T12:35:43.587Z,research,191927,183936,0,1038,803,192965,ordinary
11706,2026-09-11T12:36:02.110Z,research,199075,191872,0,381,216,199456,ordinary
11718,2026-09-11T12:37:13.136Z,research,208238,199040,0,1729,1552,209967,ordinary
11726,2026-09-11T12:37:34.791Z,research,219783,208128,0,496,140,220279,ordinary
11742,2026-09-11T12:39:21.619Z,research,230441,219648,0,2243,1949,232684,ordinary
11754,2026-09-11T12:40:31.173Z,research,242541,230400,0,1662,1491,244203,ordinary
11759,2026-09-11T12:44:01.459Z,research,253868,242432,0,6782,0,260650,compaction
11771,2026-09-11T12:44:11.554Z,research,20632,11904,0,272,30,20904,ordinary
11777,2026-09-11T12:44:21.883Z,research,22299,11904,0,261,0,22560,ordinary
11787,2026-09-11T12:44:36.862Z,research,32640,22144,0,384,92,33024,ordinary
11794,2026-09-11T12:44:45.211Z,research,45458,32512,0,116,0,45574,ordinary
11804,2026-09-11T12:45:38.708Z,research,54170,45312,0,1614,82,55784,ordinary
11809,2026-09-11T12:45:49.086Z,research,55808,54016,0,173,0,55981,ordinary
11817,2026-09-11T12:46:39.715Z,research,66178,55680,0,1534,150,67712,ordinary
11825,2026-09-11T12:47:20.907Z,research,72438,66048,0,721,516,73159,ordinary
11837,2026-09-11T12:48:08.950Z,research,78472,72320,0,1127,848,79599,ordinary
11847,2026-09-11T12:49:01.353Z,research,91100,78336,0,1216,990,92316,ordinary
11855,2026-09-11T12:49:28.518Z,research,98865,91008,0,620,412,99485,ordinary
11865,2026-09-11T12:50:16.916Z,research,106174,98688,0,1012,888,107186,ordinary
11880,2026-09-11T12:52:01.634Z,research,114144,105984,0,2433,2317,116577,ordinary
11887,2026-09-11T12:52:10.313Z,research,122108,114048,0,129,17,122237,ordinary
11896,2026-09-11T12:52:46.434Z,research,127520,121984,0,821,673,128341,ordinary
11903,2026-09-11T12:53:13.541Z,research,134041,127360,0,678,401,134719,ordinary
11915,2026-09-11T12:54:02.725Z,research,140761,133888,0,1129,851,141890,ordinary
11937,2026-09-11T12:56:49.259Z,research,154411,140672,0,3864,3751,158275,ordinary
11944,2026-09-11T12:57:12.791Z,research,164644,154240,0,390,217,165034,ordinary
11952,2026-09-11T12:57:43.702Z,research,171411,164480,0,597,496,172008,ordinary
11959,2026-09-11T12:58:05.595Z,research,177329,171264,0,518,132,177847,ordinary
11967,2026-09-11T12:58:14.483Z,research,184081,177152,0,152,20,184233,ordinary
11978,2026-09-11T12:58:57.139Z,research,194606,183936,0,1218,935,195824,ordinary
11986,2026-09-11T12:59:11.548Z,research,202314,194432,0,267,48,202581,ordinary
11994,2026-09-11T12:59:23.127Z,research,213740,202112,0,203,80,213943,ordinary
12003,2026-09-11T12:59:41.237Z,research,219373,213632,0,371,229,219744,ordinary
12011,2026-09-11T13:01:44.332Z,research,224098,219264,0,3926,792,228024,ordinary
12019,2026-09-11T13:03:32.600Z,research,228055,224000,0,3294,251,231349,ordinary
12026,2026-09-11T13:03:40.986Z,research,231499,227968,0,156,82,231655,ordinary
12033,2026-09-11T13:04:10.715Z,research,234329,231424,0,834,248,235163,ordinary
12047,2026-09-11T13:05:56.185Z,research,235359,234240,0,2134,2009,237493,ordinary
12054,2026-09-11T13:06:12.552Z,research,243273,235264,0,380,140,243653,ordinary
12059,2026-09-11T13:09:26.423Z,research,246429,243200,0,6205,0,252634,compaction
12067,2026-09-11T13:09:32.534Z,research,20049,11904,0,120,0,20169,ordinary
12076,2026-09-11T13:09:42.163Z,research,21246,19840,0,237,25,21483,ordinary
12083,2026-09-11T13:09:53.607Z,research,30809,21120,0,279,107,31088,ordinary
12091,2026-09-11T13:10:07.922Z,research,41909,30592,0,302,24,42211,ordinary
12101,2026-09-11T13:10:59.332Z,research,52771,41728,0,763,516,53534,ordinary
12109,2026-09-11T13:11:09.394Z,research,63036,52608,0,191,24,63227,ordinary
12117,2026-09-11T13:11:40.934Z,research,74457,62848,0,704,516,75161,ordinary
12127,2026-09-11T13:12:40.884Z,research,85094,74240,0,1262,1034,86356,ordinary
12135,2026-09-11T13:13:09.035Z,research,93439,84864,0,513,319,93952,ordinary
12147,2026-09-11T13:14:03.692Z,research,101894,93312,0,1123,823,103017,ordinary
12155,2026-09-11T13:14:20.088Z,research,109744,101760,0,306,47,110050,ordinary
12163,2026-09-11T13:14:53.058Z,research,120929,109568,0,630,516,121559,ordinary
12170,2026-09-11T13:15:02.308Z,research,130187,120704,0,238,41,130425,ordinary
12194,2026-09-11T13:17:49.163Z,research,141077,130048,0,4139,3811,145216,ordinary
12202,2026-09-11T13:18:14.307Z,research,151658,140928,0,422,90,152080,ordinary
12211,2026-09-11T13:18:34.246Z,research,161570,151424,0,207,50,161777,ordinary
12219,2026-09-11T13:19:00.616Z,research,169676,161408,0,540,329,170216,ordinary
12227,2026-09-11T13:19:20.268Z,research,174099,169472,0,460,141,174559,ordinary
12235,2026-09-11T13:19:32.465Z,research,182632,173952,0,216,85,182848,ordinary
12244,2026-09-11T13:20:19.577Z,research,190142,182528,0,768,587,190910,ordinary
12254,2026-09-11T13:22:06.047Z,research,200620,189952,0,3313,407,203933,ordinary
12262,2026-09-11T13:22:57.975Z,research,203992,200448,0,1588,162,205580,ordinary
12271,2026-09-11T13:23:40.144Z,research,211384,203904,0,1050,44,212434,ordinary
12279,2026-09-11T13:24:27.424Z,research,212870,210816,0,1424,177,214294,ordinary
12287,2026-09-11T13:24:51.071Z,research,215476,212736,0,521,170,215997,ordinary
12295,2026-09-11T13:25:06.653Z,research,224365,215424,0,329,44,224694,ordinary
12303,2026-09-11T13:25:24.109Z,research,232631,224256,0,374,41,233005,ordinary
12310,2026-09-11T13:25:30.685Z,research,233123,232576,0,79,27,233202,ordinary
12321,2026-09-11T13:26:24.209Z,research,237448,233088,0,1358,1101,238806,ordinary
12326,2026-09-11T13:30:03.323Z,research,249287,237312,0,7056,0,256343,compaction
12338,2026-09-11T13:30:11.398Z,research,20902,11904,0,201,30,21103,ordinary
12343,2026-09-11T13:30:20.303Z,research,22245,20736,0,164,0,22409,ordinary
12352,2026-09-11T13:30:31.472Z,research,32924,22016,0,275,12,33199,ordinary
12362,2026-09-11T13:30:53.108Z,research,45889,32768,0,517,29,46406,ordinary
12371,2026-09-11T13:31:13.102Z,research,54042,45696,0,267,25,54309,ordinary
12378,2026-09-11T13:31:27.483Z,research,59231,53888,0,237,56,59468,ordinary
12386,2026-09-11T13:32:00.612Z,research,71587,59136,0,903,516,72490,ordinary
12397,2026-09-11T13:32:14.683Z,research,84223,71424,0,321,9,84544,ordinary
12405,2026-09-11T13:32:22.150Z,research,90810,84096,0,113,42,90923,ordinary
12412,2026-09-11T13:32:45.935Z,research,96257,90624,0,637,435,96894,ordinary
12420,2026-09-11T13:32:54.288Z,research,103695,96128,0,113,29,103808,ordinary
12432,2026-09-11T13:33:44.534Z,research,107826,103552,0,1206,864,109032,ordinary
12440,2026-09-11T13:33:57.314Z,research,110558,107648,0,144,37,110702,ordinary
12447,2026-09-11T13:35:54.261Z,research,113270,110464,0,3812,22,117082,ordinary
12455,2026-09-11T13:37:36.024Z,research,120141,113152,0,3051,516,123192,ordinary
12463,2026-09-11T13:38:16.655Z,research,123269,120064,0,1154,252,124423,ordinary
12472,2026-09-11T13:38:29.175Z,research,124713,123136,0,313,17,125026,ordinary
12482,2026-09-11T13:39:02.700Z,research,129776,124544,0,741,564,130517,ordinary
12502,2026-09-11T13:41:53.897Z,research,142226,129664,0,3535,3347,145761,ordinary
12510,2026-09-11T13:42:13.007Z,research,152936,142080,0,136,18,153072,ordinary
12519,2026-09-11T13:42:30.067Z,research,161188,152832,0,421,16,161609,ordinary
12527,2026-09-11T13:42:43.232Z,research,170300,161024,0,188,38,170488,ordinary
12534,2026-09-11T13:43:09.311Z,research,179072,170112,0,391,186,179463,ordinary
12542,2026-09-11T13:43:38.314Z,research,190504,178944,0,611,421,191115,ordinary
12562,2026-09-11T13:46:16.872Z,research,199446,190336,0,3584,3302,203030,ordinary
12570,2026-09-11T13:46:44.116Z,research,210108,199296,0,494,363,210602,ordinary
12579,2026-09-11T13:47:13.743Z,research,221805,209920,0,653,456,222458,ordinary
12588,2026-09-11T13:48:09.271Z,research,233559,221696,0,1197,1028,234756,ordinary
12600,2026-09-11T13:48:54.609Z,research,244181,233472,0,1108,898,245289,ordinary
12605,2026-09-11T13:52:54.169Z,research,254229,244096,0,7841,0,262070,compaction
12613,2026-09-11T13:52:59.751Z,research,21686,11904,0,121,0,21807,ordinary
12622,2026-09-11T13:53:12.484Z,research,23938,21504,0,293,35,24231,ordinary
12630,2026-09-11T13:53:24.007Z,research,32261,23808,0,250,0,32511,ordinary
12640,2026-09-11T13:53:32.679Z,research,44606,32128,0,142,16,44748,ordinary
12648,2026-09-11T13:54:03.230Z,research,48829,44416,0,657,516,49486,ordinary
12658,2026-09-11T13:54:16.410Z,research,60539,48640,0,281,28,60820,ordinary
12666,2026-09-11T13:54:31.124Z,research,68637,60416,0,276,27,68913,ordinary
12675,2026-09-11T13:54:41.894Z,research,71034,68480,0,203,14,71237,ordinary
12684,2026-09-11T13:54:58.467Z,research,79513,70912,0,343,15,79856,ordinary
12693,2026-09-11T13:55:15.405Z,research,82957,79360,0,425,188,83382,ordinary
12701,2026-09-11T13:55:32.292Z,research,91522,82816,0,264,129,91786,ordinary
12712,2026-09-11T13:58:00.669Z,research,97593,91392,0,4700,121,102293,ordinary
12720,2026-09-11T13:58:18.300Z,research,102351,97408,0,396,226,102747,ordinary
12729,2026-09-11T13:59:10.567Z,research,104254,102144,0,1638,56,105892,ordinary
12737,2026-09-11T13:59:29.299Z,research,106121,104064,0,382,82,106503,ordinary
12750,2026-09-11T13:59:42.547Z,research,106826,105984,0,311,38,107137,ordinary
12757,2026-09-11T13:59:53.294Z,research,108971,106624,0,136,0,109107,ordinary
12765,2026-09-11T14:00:24.588Z,research,117107,108800,0,695,516,117802,ordinary
12773,2026-09-11T14:00:59.617Z,research,125891,116864,0,610,516,126501,ordinary
12780,2026-09-11T14:01:28.886Z,research,134467,125696,0,608,516,135075,ordinary
12789,2026-09-11T14:01:59.705Z,research,143030,134272,0,686,516,143716,ordinary
12796,2026-09-11T14:02:09.347Z,research,151772,142848,0,121,28,151893,ordinary
12803,2026-09-11T14:02:25.454Z,research,159859,151552,0,295,23,160154,ordinary
12811,2026-09-11T14:02:50.574Z,research,168303,159616,0,488,371,168791,ordinary
12818,2026-09-11T14:03:03.073Z,research,179893,168064,0,185,77,180078,ordinary
12825,2026-09-11T14:03:39.235Z,research,187905,179712,0,788,516,188693,ordinary
12835,2026-09-11T14:04:13.277Z,research,195693,187776,0,702,605,196395,ordinary
12852,2026-09-11T14:06:00.163Z,research,204438,195456,0,2321,2150,206759,ordinary
12860,2026-09-11T14:06:38.142Z,research,214469,204288,0,1025,18,215494,ordinary
12872,2026-09-11T14:07:47.142Z,research,223310,214272,0,1900,1552,225210,ordinary
12881,2026-09-11T14:08:16.714Z,research,235704,223104,0,699,516,236403,ordinary
12891,2026-09-11T14:09:04.366Z,research,246855,235520,0,1280,915,248135,ordinary
12897,2026-09-11T14:13:13.516Z,research,256692,246656,0,8148,0,264840,compaction
12909,2026-09-11T14:13:24.586Z,research,21998,11904,0,255,32,22253,ordinary
12917,2026-09-11T14:13:36.836Z,research,23896,21760,0,281,39,24177,ordinary
12926,2026-09-11T14:13:51.692Z,research,34605,23680,0,409,16,35014,ordinary
12937,2026-09-11T14:14:22.058Z,research,46061,34432,0,779,421,46840,ordinary
12945,2026-09-11T14:14:35.435Z,research,57564,45824,0,309,65,57873,ordinary
12953,2026-09-11T14:14:57.652Z,research,68962,57344,0,587,211,69549,ordinary
12962,2026-09-11T14:17:25.282Z,research,73699,68736,0,4715,516,78414,ordinary
12971,2026-09-11T14:17:56.144Z,research,78437,73472,0,924,516,79361,ordinary
12979,2026-09-11T14:19:39.016Z,research,82113,78208,0,3238,516,85351,ordinary
12986,2026-09-11T14:20:09.078Z,research,85376,81920,0,865,314,86241,ordinary
12994,2026-09-11T14:20:23.926Z,research,86300,85248,0,359,19,86659,ordinary
13002,2026-09-11T14:20:55.014Z,research,89759,86144,0,759,131,90518,ordinary
13010,2026-09-11T14:21:11.586Z,research,90826,89600,0,404,187,91230,ordinary
13020,2026-09-11T14:21:24.563Z,research,102950,90624,0,270,52,103220,ordinary
13028,2026-09-11T14:22:48.873Z,research,114369,102784,0,2692,516,117061,ordinary
13036,2026-09-11T14:23:06.062Z,research,117086,114176,0,495,123,117581,ordinary
13047,2026-09-11T14:23:24.510Z,research,118155,116864,0,444,20,118599,ordinary
13056,2026-09-11T14:23:35.404Z,research,124120,118016,0,234,136,124354,ordinary
13063,2026-09-11T14:23:53.007Z,research,129402,123904,0,332,258,129734,ordinary
13071,2026-09-11T14:24:10.262Z,research,132135,129280,0,302,232,132437,ordinary
13078,2026-09-11T14:24:50.996Z,research,135905,131584,0,878,516,136783,ordinary
13084,2026-09-11T14:24:57.131Z,research,136880,135680,0,83,22,136963,ordinary
13093,2026-09-11T14:26:58.623Z,research,137366,136704,0,3783,38,141149,ordinary
13101,2026-09-11T14:27:12.652Z,research,141173,137216,0,197,146,141370,ordinary
13107,2026-09-11T14:28:49.302Z,research,145171,140928,0,3128,516,148299,ordinary
13113,2026-09-11T14:30:10.154Z,research,148349,145024,0,2584,263,150933,ordinary
13123,2026-09-11T14:31:10.078Z,research,151072,148224,0,1906,280,152978,ordinary
13131,2026-09-11T14:31:40.754Z,research,153648,150912,0,739,516,154387,ordinary
13143,2026-09-11T14:33:01.320Z,research,163817,153472,0,1686,1533,165503,ordinary
13151,2026-09-11T14:33:29.128Z,research,176349,163584,0,599,413,176948,ordinary
13160,2026-09-11T14:33:48.303Z,research,185503,176128,0,161,20,185664,ordinary
13167,2026-09-11T14:33:59.332Z,research,195344,185344,0,207,54,195551,ordinary
13176,2026-09-11T14:34:16.953Z,research,195608,195200,0,418,262,196026,ordinary
13183,2026-09-11T14:34:23.135Z,research,199755,195456,0,73,20,199828,ordinary
13190,2026-09-11T14:34:46.909Z,research,204572,199552,0,624,463,205196,ordinary
13196,2026-09-11T14:34:53.721Z,research,206930,204416,0,34,0,206964,ordinary
13204,2026-09-11T14:36:22.884Z,research,208905,206720,0,2754,336,211659,ordinary
13210,2026-09-11T14:37:19.215Z,research,211685,208384,0,1715,391,213400,ordinary
13222,2026-09-11T14:38:33.976Z,research,213781,211584,0,1606,1428,215387,ordinary
13236,2026-09-11T14:40:09.208Z,research,225069,213632,0,1942,1867,227011,ordinary
13245,2026-09-11T14:40:52.550Z,research,235030,224896,0,1004,802,236034,ordinary
13253,2026-09-11T14:41:18.746Z,research,244262,234880,0,551,516,244813,ordinary
13257,2026-09-11T14:45:09.194Z,research,247352,244096,0,7486,0,254838,compaction
13269,2026-09-11T14:45:15.863Z,research,21330,11904,0,152,26,21482,ordinary
13274,2026-09-11T14:45:26.219Z,research,22022,21120,0,224,0,22246,ordinary
13283,2026-09-11T14:45:38.259Z,research,31459,21888,0,270,42,31729,ordinary
13292,2026-09-11T14:45:49.776Z,research,38119,31232,0,199,46,38318,ordinary
13302,2026-09-11T14:46:02.376Z,research,45096,37888,0,212,15,45308,ordinary
13310,2026-09-11T14:47:36.277Z,research,54023,44928,0,2957,196,56980,ordinary
13317,2026-09-11T14:48:13.011Z,research,57003,53888,0,1136,34,58139,ordinary
13324,2026-09-11T14:48:26.807Z,research,58281,56960,0,254,23,58535,ordinary
13332,2026-09-11T14:49:07.751Z,research,67601,58240,0,649,516,68250,ordinary
13342,2026-09-11T14:49:38.814Z,research,79949,67456,0,576,437,80525,ordinary
13349,2026-09-11T14:50:11.146Z,research,88289,79872,0,600,516,88889,ordinary
13356,2026-09-11T14:50:47.978Z,research,96639,88192,0,611,516,97250,ordinary
13363,2026-09-11T14:51:19.681Z,research,105068,96512,0,674,516,105742,ordinary
13371,2026-09-11T14:51:46.064Z,research,113990,104960,0,706,321,114696,ordinary
13379,2026-09-11T14:51:58.749Z,research,123238,113920,0,236,24,123474,ordinary
13388,2026-09-11T14:52:24.159Z,research,135284,123136,0,591,516,135875,ordinary
13397,2026-09-11T14:53:10.909Z,research,142678,135168,0,1110,1034,143788,ordinary
13414,2026-09-11T14:55:03.900Z,research,153626,142592,0,2546,2331,156172,ordinary
13426,2026-09-11T14:56:15.178Z,research,164114,153600,0,1646,1536,165760,ordinary
13433,2026-09-11T14:57:31.858Z,research,174716,163968,0,2184,62,176900,ordinary
13441,2026-09-11T14:57:44.915Z,research,177254,174592,0,252,114,177506,ordinary
13449,2026-09-11T14:58:00.733Z,research,189212,177152,0,339,28,189551,ordinary
13481,2026-09-11T15:02:53.101Z,research,194073,189184,0,6751,6468,200824,ordinary
13495,2026-09-11T15:04:02.966Z,research,209074,194048,0,1471,1204,210545,ordinary
13503,2026-09-11T15:04:15.119Z,research,222061,209024,0,178,93,222239,ordinary
13512,2026-09-11T15:04:59.148Z,research,231239,221952,0,976,814,232215,ordinary
13522,2026-09-11T15:05:52.535Z,research,240967,231168,0,1416,1034,242383,ordinary
13527,2026-09-11T15:09:32.780Z,research,253050,240896,0,7107,0,260157,compaction
13535,2026-09-11T15:09:40.372Z,research,20948,11904,0,164,0,21112,ordinary
13545,2026-09-11T15:10:00.771Z,research,22688,20736,0,491,148,23179,ordinary
13554,2026-09-11T15:10:18.903Z,research,34833,22528,0,427,37,35260,ordinary
13563,2026-09-11T15:10:32.161Z,research,48318,34688,0,242,72,48560,ordinary
13573,2026-09-11T15:11:17.392Z,research,51436,48128,0,1228,516,52664,ordinary
13581,2026-09-11T15:13:12.905Z,research,57654,50944,0,3722,516,61376,ordinary
13591,2026-09-11T15:14:40.785Z,research,64789,57472,0,2847,29,67636,ordinary
13599,2026-09-11T15:15:56.080Z,research,67696,64640,0,2380,320,70076,ordinary
13607,2026-09-11T15:16:20.226Z,research,70397,67584,0,633,172,71030,ordinary
13618,2026-09-11T15:16:39.597Z,research,71542,70272,0,303,29,71845,ordinary
13626,2026-09-11T15:17:13.606Z,research,79494,71424,0,767,510,80261,ordinary
13634,2026-09-11T15:19:14.123Z,research,85813,79360,0,3800,516,89613,ordinary
13642,2026-09-11T15:20:49.827Z,research,89661,85632,0,3089,130,92750,ordinary
13650,2026-09-11T15:21:54.694Z,research,92775,89472,0,1902,311,94677,ordinary
13657,2026-09-11T15:22:40.110Z,research,95379,92672,0,1371,126,96750,ordinary
13664,2026-09-11T15:23:11.059Z,research,97213,95232,0,418,41,97631,ordinary
13673,2026-09-11T15:23:19.530Z,research,98281,97024,0,141,8,98422,ordinary
13680,2026-09-11T15:23:29.375Z,research,98965,98176,0,232,77,99197,ordinary
13695,2026-09-11T15:25:09.081Z,research,106311,98816,0,2102,1923,108413,ordinary
13709,2026-09-11T15:26:35.558Z,research,120442,106112,0,1943,1803,122385,ordinary
13740,2026-09-11T15:30:54.039Z,research,134986,120320,0,5814,5561,140800,ordinary
13748,2026-09-11T15:31:08.454Z,research,150549,134784,0,270,118,150819,ordinary
13756,2026-09-11T15:31:23.006Z,research,162737,150400,0,282,58,163019,ordinary
13771,2026-09-11T15:32:45.203Z,research,167428,162560,0,1824,1705,169252,ordinary
13784,2026-09-11T15:33:56.612Z,research,176188,167296,0,1736,1583,177924,ordinary
13792,2026-09-11T15:34:11.910Z,research,184993,176000,0,254,127,185247,ordinary
13808,2026-09-11T15:36:41.525Z,research,186099,184832,0,3990,2486,190089,ordinary
13821,2026-09-11T15:38:11.189Z,research,190157,185984,0,2146,2009,192303,ordinary
13828,2026-09-11T15:38:42.979Z,research,197742,189952,0,692,503,198434,ordinary
13838,2026-09-11T15:39:43.585Z,research,203038,197632,0,1576,609,204614,ordinary
13849,2026-09-11T15:39:57.659Z,research,204674,202880,0,350,167,205024,ordinary
13856,2026-09-11T15:40:17.047Z,research,208627,204544,0,432,306,209059,ordinary
13865,2026-09-11T15:40:58.596Z,research,213904,208512,0,1278,734,215182,ordinary
13874,2026-09-11T15:42:13.302Z,research,217677,213760,0,2378,516,220055,ordinary
13883,2026-09-11T15:43:18.521Z,research,220115,217600,0,1827,668,221942,ordinary
13892,2026-09-11T15:43:27.573Z,research,222355,220032,0,183,28,222538,ordinary
13906,2026-09-11T15:45:14.116Z,research,222881,222208,0,2209,2028,225090,ordinary
13918,2026-09-11T15:46:12.543Z,research,230411,222720,0,1249,1151,231660,ordinary
13941,2026-09-11T15:49:15.078Z,research,239769,230272,0,4062,3847,243831,ordinary
13946,2026-09-11T15:52:50.144Z,research,251864,239616,0,6999,0,258863,compaction
13954,2026-09-11T15:52:55.761Z,research,20846,11904,0,116,0,20962,ordinary
13963,2026-09-11T15:53:10.811Z,research,23140,20608,0,351,35,23491,ordinary
13970,2026-09-11T15:53:21.641Z,research,32112,22912,0,246,0,32358,ordinary
13979,2026-09-11T15:53:35.404Z,research,44251,31872,0,319,23,44570,ordinary
13985,2026-09-11T15:53:44.288Z,research,47088,44032,0,106,0,47194,ordinary
13994,2026-09-11T15:54:06.048Z,research,52102,46848,0,633,263,52735,ordinary
14003,2026-09-11T15:54:34.897Z,research,64562,51968,0,669,516,65231,ordinary
14011,2026-09-11T15:55:05.492Z,research,69671,64384,0,705,516,70376,ordinary
14019,2026-09-11T15:55:20.427Z,research,77328,69504,0,353,167,77681,ordinary
14027,2026-09-11T15:55:29.002Z,research,84340,77184,0,148,99,84488,ordinary
14034,2026-09-11T15:55:39.633Z,research,88558,84224,0,212,38,88770,ordinary
14041,2026-09-11T15:55:47.321Z,research,91536,88448,0,122,43,91658,ordinary
14050,2026-09-11T15:57:43.729Z,research,94366,91392,0,3774,516,98140,ordinary
14057,2026-09-11T15:58:39.290Z,research,98169,94208,0,1708,516,99877,ordinary
14065,2026-09-11T15:59:00.879Z,research,100949,98048,0,435,31,101384,ordinary
14073,2026-09-11T15:59:08.168Z,research,101695,100864,0,121,70,101816,ordinary
14080,2026-09-11T15:59:19.439Z,research,105340,101504,0,276,118,105616,ordinary
14090,2026-09-11T16:00:16.926Z,research,111951,105216,0,1218,1026,113169,ordinary
14104,2026-09-11T16:01:18.207Z,research,122662,111872,0,1460,1254,124122,ordinary
14114,2026-09-11T16:02:01.833Z,research,136000,122496,0,924,784,136924,ordinary
14122,2026-09-11T16:02:17.574Z,research,144648,135808,0,298,78,144946,ordinary
14130,2026-09-11T16:02:49.612Z,research,151158,144512,0,770,420,151928,ordinary
14138,2026-09-11T16:03:03.624Z,research,152081,151040,0,168,24,152249,ordinary
14145,2026-09-11T16:03:21.305Z,research,158400,151936,0,317,209,158717,ordinary
14152,2026-09-11T16:03:32.882Z,research,166808,158208,0,215,76,167023,ordinary
14160,2026-09-11T16:03:51.059Z,research,172448,166656,0,321,109,172769,ordinary
14165,2026-09-11T16:03:57.700Z,research,174638,172288,0,104,0,174742,ordinary
14172,2026-09-11T16:04:18.375Z,research,178052,174464,0,453,314,178505,ordinary
14179,2026-09-11T16:04:28.557Z,research,182075,177920,0,216,53,182291,ordinary
14187,2026-09-11T16:04:38.858Z,research,186972,181888,0,190,43,187162,ordinary
14195,2026-09-11T16:05:00.506Z,research,189880,186880,0,151,63,190031,ordinary
14207,2026-09-11T16:06:07.260Z,research,190594,189696,0,1495,1397,192089,ordinary
14215,2026-09-11T16:06:24.353Z,research,199496,190464,0,358,83,199854,ordinary
14235,2026-09-11T16:08:56.600Z,research,203719,199296,0,3561,3400,207280,ordinary
14243,2026-09-11T16:09:20.311Z,research,211524,203520,0,429,318,211953,ordinary
14252,2026-09-11T16:09:40.483Z,research,212217,211328,0,300,10,212517,ordinary
14264,2026-09-11T16:10:44.815Z,research,218700,212096,0,1366,1107,220066,ordinary
14272,2026-09-11T16:10:56.168Z,research,228238,218496,0,198,38,228436,ordinary
14284,2026-09-11T16:11:53.456Z,research,233951,228096,0,1320,1193,235271,ordinary
14292,2026-09-11T16:12:12.778Z,research,239568,233856,0,416,166,239984,ordinary
14304,2026-09-11T16:13:32.762Z,research,244613,239488,0,1521,1277,246134,ordinary
14309,2026-09-11T16:17:39.160Z,research,247042,244480,0,7962,0,255004,compaction
14321,2026-09-11T16:17:52.005Z,research,21806,11904,0,359,76,22165,ordinary
14327,2026-09-11T16:18:01.899Z,research,25973,21632,0,231,0,26204,ordinary
14336,2026-09-11T16:18:22.164Z,research,36810,25856,0,459,57,37269,ordinary
14342,2026-09-11T16:18:33.398Z,research,45011,36608,0,111,0,45122,ordinary
14353,2026-09-11T16:19:58.542Z,research,51198,44800,0,2748,199,53946,ordinary
14361,2026-09-11T16:20:22.348Z,research,54021,51072,0,202,53,54223,ordinary
14369,2026-09-11T16:20:57.007Z,research,61817,53888,0,1036,30,62853,ordinary
14377,2026-09-11T16:21:08.871Z,research,70821,61696,0,259,47,71080,ordinary
14385,2026-09-11T16:21:19.242Z,research,71351,70656,0,182,9,71533,ordinary
14393,2026-09-11T16:21:52.777Z,research,80331,71168,0,979,501,81310,ordinary
14402,2026-09-11T16:22:12.523Z,research,89467,80128,0,329,159,89796,ordinary
14412,2026-09-11T16:22:28.453Z,research,98828,89344,0,305,31,99133,ordinary
14420,2026-09-11T16:22:57.514Z,research,110074,98688,0,733,471,110807,ordinary
14426,2026-09-11T16:23:09.813Z,research,115187,109952,0,167,0,115354,ordinary
14436,2026-09-11T16:24:22.489Z,research,124070,115072,0,2267,12,126337,ordinary
14443,2026-09-11T16:24:58.480Z,research,126450,124032,0,1055,33,127505,ordinary
14451,2026-09-11T16:25:19.790Z,research,130313,126336,0,556,100,130869,ordinary
14464,2026-09-11T16:26:27.589Z,research,131269,130176,0,1551,1401,132820,ordinary
14471,2026-09-11T16:26:34.105Z,research,134735,131200,0,61,21,134796,ordinary
14486,2026-09-11T16:27:57.081Z,research,141635,134656,0,2403,2070,144038,ordinary
14495,2026-09-11T16:28:09.017Z,research,147912,141568,0,133,50,148045,ordinary
14503,2026-09-11T16:28:22.287Z,research,155863,147840,0,255,144,156118,ordinary
14511,2026-09-11T16:30:34.287Z,research,162919,155392,0,4205,22,167124,ordinary
14519,2026-09-11T16:30:50.500Z,research,167237,162816,0,295,158,167532,ordinary
14527,2026-09-11T16:31:03.937Z,research,173022,167168,0,302,60,173324,ordinary
14535,2026-09-11T16:31:25.315Z,research,177253,172928,0,368,244,177621,ordinary
14549,2026-09-11T16:33:01.778Z,research,184231,177152,0,3096,1354,187327,ordinary
14557,2026-09-11T16:33:20.251Z,research,187392,184192,0,422,302,187814,ordinary
14566,2026-09-11T16:34:55.424Z,research,195057,187264,0,3032,392,198089,ordinary
14573,2026-09-11T16:36:08.580Z,research,199105,194944,0,2147,483,201252,ordinary
14580,2026-09-11T16:36:23.834Z,research,201368,199040,0,329,117,201697,ordinary
14597,2026-09-11T16:38:24.066Z,research,202159,201216,0,2747,2567,204906,ordinary
14611,2026-09-11T16:39:58.735Z,research,211027,202112,0,1777,1614,212804,ordinary
14621,2026-09-11T16:40:43.773Z,research,219472,210944,0,936,857,220408,ordinary
14640,2026-09-11T16:43:25.433Z,research,228201,219392,0,3566,3487,231767,ordinary
14657,2026-09-11T16:45:13.055Z,research,235759,228096,0,2895,2753,238654,ordinary
14665,2026-09-11T16:45:22.365Z,research,243343,235648,0,157,34,243500,ordinary
14670,2026-09-11T16:49:46.808Z,research,245662,243200,0,8573,0,254235,compaction
14682,2026-09-11T16:49:56.148Z,research,22420,11904,0,215,27,22635,ordinary
14687,2026-09-11T16:50:05.315Z,research,23599,22272,0,188,0,23787,ordinary
14694,2026-09-11T16:50:17.677Z,research,33888,23424,0,132,0,34020,ordinary
14704,2026-09-11T16:50:37.315Z,research,42496,33664,0,441,34,42937,ordinary
14710,2026-09-11T16:50:44.304Z,research,51511,42368,0,91,0,51602,ordinary
14715,2026-09-11T16:50:56.911Z,research,59397,51328,0,144,0,59541,ordinary
14723,2026-09-11T16:51:05.069Z,research,67533,59264,0,199,74,67732,ordinary
14742,2026-09-11T16:53:09.887Z,research,71748,67328,0,3359,3106,75107,ordinary
14750,2026-09-11T16:53:39.593Z,research,86889,71552,0,778,50,87667,ordinary
14762,2026-09-11T16:55:29.054Z,research,91494,86656,0,3503,1034,94997,ordinary
14769,2026-09-11T16:55:44.956Z,research,95056,91264,0,432,80,95488,ordinary
14779,2026-09-11T16:55:58.864Z,research,95731,94848,0,354,37,96085,ordinary
14787,2026-09-11T16:56:26.843Z,research,97019,95616,0,857,270,97876,ordinary
14798,2026-09-11T16:56:39.059Z,research,98033,96896,0,241,22,98274,ordinary
14807,2026-09-11T16:59:04.100Z,research,103925,97792,0,4730,516,108655,ordinary
14815,2026-09-11T17:00:16.486Z,research,110885,103424,0,2307,449,113192,ordinary
14825,2026-09-11T17:00:31.885Z,research,113252,110720,0,391,128,113643,ordinary
14835,2026-09-11T17:00:47.521Z,research,124559,113024,0,249,25,124808,ordinary
14843,2026-09-11T17:01:09.630Z,research,125536,124416,0,572,177,126108,ordinary
14853,2026-09-11T17:01:32.560Z,research,128322,125312,0,631,360,128953,ordinary
14860,2026-09-11T17:01:44.483Z,research,132862,128128,0,265,94,133127,ordinary
14868,2026-09-11T17:02:26.509Z,research,139825,132736,0,1269,516,141094,ordinary
14879,2026-09-11T17:02:38.645Z,research,141270,139648,0,240,50,141510,ordinary
14887,2026-09-11T17:02:57.635Z,research,146828,141056,0,340,71,147168,ordinary
14897,2026-09-11T17:03:16.748Z,research,152184,146688,0,390,25,152574,ordinary
14904,2026-09-11T17:05:01.443Z,research,155105,152064,0,3302,52,158407,ordinary
14912,2026-09-11T17:06:25.157Z,research,158431,154496,0,2670,516,161101,ordinary
14919,2026-09-11T17:07:07.547Z,research,161183,158208,0,1317,364,162500,ordinary
14927,2026-09-11T17:07:14.102Z,research,163384,161024,0,81,11,163465,ordinary
14938,2026-09-11T17:07:58.360Z,research,164353,163200,0,1057,844,165410,ordinary
14946,2026-09-11T17:08:14.944Z,research,170426,164224,0,397,194,170823,ordinary
14954,2026-09-11T17:08:27.210Z,research,172592,170240,0,210,52,172802,ordinary
14962,2026-09-11T17:08:37.441Z,research,178309,172416,0,180,50,178489,ordinary
14972,2026-09-11T17:09:29.732Z,research,182174,178176,0,1060,888,183234,ordinary
14980,2026-09-11T17:09:40.232Z,research,187197,182016,0,217,34,187414,ordinary
14988,2026-09-11T17:09:49.703Z,research,191508,187008,0,141,14,191649,ordinary
14996,2026-09-11T17:10:03.110Z,research,200016,191360,0,299,47,200315,ordinary
15005,2026-09-11T17:10:23.386Z,research,202993,199808,0,417,328,203410,ordinary
15015,2026-09-11T17:11:32.923Z,research,209837,202752,0,1742,1552,211579,ordinary
15023,2026-09-11T17:11:46.773Z,research,217912,209664,0,236,82,218148,ordinary
15039,2026-09-11T17:13:30.716Z,research,219601,217728,0,2619,2455,222220,ordinary
15052,2026-09-11T17:15:18.967Z,research,227772,219392,0,3357,717,231129,ordinary
15058,2026-09-11T17:15:24.870Z,research,231158,227584,0,114,32,231272,ordinary
15066,2026-09-11T17:15:50.468Z,research,232031,230912,0,758,119,232789,ordinary
15077,2026-09-11T17:16:36.917Z,research,232902,231808,0,1204,1062,234106,ordinary
15085,2026-09-11T17:16:53.745Z,research,240889,232704,0,347,212,241236,ordinary
15090,2026-09-11T17:20:55.812Z,research,244993,240640,0,7897,0,252890,compaction
15102,2026-09-11T17:21:07.313Z,research,21744,11904,0,270,22,22014,ordinary
15111,2026-09-11T17:21:16.646Z,research,31184,21504,0,159,34,31343,ordinary
15120,2026-09-11T17:21:30.979Z,research,42117,11904,0,339,81,42456,ordinary
15128,2026-09-11T17:21:43.959Z,research,46493,41984,0,243,18,46736,ordinary
15140,2026-09-11T17:21:53.282Z,research,53261,46336,0,221,18,53482,ordinary
15150,2026-09-11T17:22:09.902Z,research,59042,53120,0,451,301,59493,ordinary
15160,2026-09-11T17:22:45.139Z,research,64422,58880,0,962,800,65384,ordinary
15169,2026-09-11T17:23:10.521Z,research,75875,64256,0,639,398,76514,ordinary
15183,2026-09-11T17:23:37.304Z,research,84604,75648,0,821,536,85425,ordinary
15195,2026-09-11T17:24:28.686Z,research,89675,84480,0,1576,754,91251,ordinary
15203,2026-09-11T17:24:42.388Z,research,99218,89472,0,208,33,99426,ordinary
15213,2026-09-11T17:24:59.630Z,research,103715,99072,0,310,53,104025,ordinary
15220,2026-09-11T17:25:19.352Z,research,109081,103552,0,549,204,109630,ordinary
15228,2026-09-11T17:25:32.702Z,research,118427,108928,0,326,61,118753,ordinary
15238,2026-09-11T17:25:52.215Z,research,129058,118272,0,89,11,129147,ordinary
15255,2026-09-11T17:26:47.702Z,research,142178,128896,0,1509,1297,143687,ordinary
15265,2026-09-11T17:28:54.956Z,research,144701,141696,0,4128,10,148829,ordinary
15272,2026-09-11T17:30:04.211Z,research,148853,144512,0,2223,516,151076,ordinary
15281,2026-09-11T17:30:27.473Z,research,151314,148736,0,556,253,151870,ordinary
15289,2026-09-11T17:30:46.388Z,research,153020,151168,0,555,385,153575,ordinary
15299,2026-09-11T17:30:59.784Z,research,157104,152832,0,286,218,157390,ordinary
15306,2026-09-11T17:31:33.225Z,research,160312,156928,0,1023,245,161335,ordinary
15314,2026-09-11T17:31:59.794Z,research,161399,160128,0,619,516,162018,ordinary
15324,2026-09-11T17:33:54.195Z,research,171439,161280,0,3557,241,174996,ordinary
15333,2026-09-11T17:34:56.974Z,research,175020,170880,0,1877,354,176897,ordinary
15341,2026-09-11T17:35:08.635Z,research,177009,174848,0,287,71,177296,ordinary
15351,2026-09-11T17:35:52.420Z,research,177548,176896,0,1344,301,178892,ordinary
15360,2026-09-11T17:36:19.779Z,research,179012,177408,0,765,354,179777,ordinary
15370,2026-09-11T17:36:27.310Z,research,180664,178816,0,108,7,180772,ordinary
15378,2026-09-11T17:36:47.909Z,research,181991,180480,0,554,335,182545,ordinary
15386,2026-09-11T17:37:02.644Z,research,191213,181888,0,307,58,191520,ordinary
15399,2026-09-11T17:38:07.976Z,research,198960,191104,0,1583,1491,200543,ordinary
15408,2026-09-11T17:38:22.235Z,research,208483,198784,0,221,25,208704,ordinary
15416,2026-09-11T17:38:35.683Z,research,219978,208256,0,190,45,220168,ordinary
15425,2026-09-11T17:39:05.381Z,research,228702,219776,0,678,605,229380,ordinary
15432,2026-09-11T17:39:20.609Z,research,237179,228480,0,314,136,237493,ordinary
15440,2026-09-11T17:39:42.409Z,research,241011,237056,0,582,449,241593,ordinary
15445,2026-09-11T17:43:22.881Z,research,252568,240896,0,7166,0,259734,compaction
15453,2026-09-11T17:43:26.834Z,research,21013,11904,0,59,0,21072,ordinary
15462,2026-09-11T17:43:40.829Z,research,21539,20864,0,395,81,21934,ordinary
15471,2026-09-11T17:43:53.325Z,research,30635,21376,0,295,127,30930,ordinary
15480,2026-09-11T17:44:05.406Z,research,40308,30464,0,160,35,40468,ordinary
15488,2026-09-11T17:44:20.297Z,research,48620,40192,0,381,298,49001,ordinary
15500,2026-09-11T17:45:07.422Z,research,56314,48384,0,1231,1034,57545,ordinary
15508,2026-09-11T17:45:22.465Z,research,68733,56192,0,189,47,68922,ordinary
15514,2026-09-11T17:45:54.108Z,research,69200,68608,0,866,0,70066,ordinary
15522,2026-09-11T17:46:04.406Z,research,72286,68992,0,154,34,72440,ordinary
15531,2026-09-11T17:46:25.953Z,research,81582,72192,0,583,467,82165,ordinary
15547,2026-09-11T17:48:17.258Z,research,90397,81408,0,3393,1687,93790,ordinary
15556,2026-09-11T17:48:51.542Z,research,93974,90240,0,1035,516,95009,ordinary
15564,2026-09-11T17:49:05.765Z,research,104088,93824,0,326,210,104414,ordinary
15571,2026-09-11T17:49:36.395Z,research,112279,103936,0,585,465,112864,ordinary
15578,2026-09-11T17:49:59.053Z,research,120483,112128,0,598,494,121081,ordinary
15587,2026-09-11T17:50:37.320Z,research,129088,120320,0,1111,874,130199,ordinary
15595,2026-09-11T17:50:48.644Z,research,139107,128896,0,204,8,139311,ordinary
15603,2026-09-11T17:50:56.285Z,research,139482,139008,0,97,20,139579,ordinary
15610,2026-09-11T17:51:08.837Z,research,147561,139264,0,287,15,147848,ordinary
15620,2026-09-11T17:51:25.030Z,research,156268,147456,0,405,43,156673,ordinary
15628,2026-09-11T17:51:46.392Z,research,165371,156160,0,560,266,165931,ordinary
15636,2026-09-11T17:52:13.539Z,research,173830,165248,0,659,496,174489,ordinary
15645,2026-09-11T17:52:23.577Z,research,186150,173696,0,200,96,186350,ordinary
15652,2026-09-11T17:52:57.189Z,research,196627,185984,0,722,516,197349,ordinary
15660,2026-09-11T17:53:08.750Z,research,200182,196480,0,220,21,200402,ordinary
15674,2026-09-11T17:54:15.442Z,research,204915,200064,0,1959,1813,206874,ordinary
15682,2026-09-11T17:54:36.839Z,research,215365,204800,0,539,139,215904,ordinary
15690,2026-09-11T17:54:49.504Z,research,216003,215168,0,278,17,216281,ordinary
15701,2026-09-11T17:55:27.063Z,research,221864,215808,0,1120,1001,222984,ordinary
15717,2026-09-11T17:57:33.894Z,research,228271,221312,0,4083,1349,232354,ordinary
15727,2026-09-11T17:58:58.804Z,research,232414,227712,0,2687,1034,235101,ordinary
15737,2026-09-11T17:59:13.842Z,research,241105,232192,0,136,82,241241,ordinary
15744,2026-09-11T17:59:32.091Z,research,241666,241024,0,420,131,242086,ordinary
15754,2026-09-11T18:00:39.925Z,research,242176,241536,0,2070,516,244246,ordinary
15759,2026-09-11T18:04:13.696Z,research,250451,242048,0,6978,0,257429,compaction
15771,2026-09-11T18:04:22.434Z,research,20825,11904,0,204,28,21029,ordinary
15776,2026-09-11T18:04:32.372Z,research,21775,20608,0,181,0,21956,ordinary
15784,2026-09-11T18:04:42.298Z,research,25058,21632,0,239,15,25297,ordinary
15794,2026-09-11T18:05:03.674Z,research,28490,24832,0,624,161,29114,ordinary
15803,2026-09-11T18:05:15.216Z,research,31604,28288,0,257,45,31861,ordinary
15812,2026-09-11T18:05:31.168Z,research,41251,31488,0,409,10,41660,ordinary
15821,2026-09-11T18:05:46.190Z,research,50450,41088,0,321,59,50771,ordinary
15834,2026-09-11T18:06:02.180Z,research,58717,50304,0,328,91,59045,ordinary
15844,2026-09-11T18:08:18.360Z,research,72256,58240,0,4376,150,76632,ordinary
15855,2026-09-11T18:09:17.239Z,research,76657,71808,0,1852,118,78509,ordinary
15865,2026-09-11T18:09:40.420Z,research,79361,76544,0,676,110,80037,ordinary
15873,2026-09-11T18:09:48.123Z,research,81067,79232,0,154,23,81221,ordinary
15881,2026-09-11T18:09:54.069Z,research,88114,80896,0,115,24,88229,ordinary
15888,2026-09-11T18:10:01.696Z,research,90206,87936,0,119,20,90325,ordinary
15899,2026-09-11T18:10:53.191Z,research,97864,90112,0,1184,1034,99048,ordinary
15906,2026-09-11T18:11:25.698Z,research,106585,97664,0,599,516,107184,ordinary
15913,2026-09-11T18:11:56.164Z,research,115046,106496,0,657,516,115703,ordinary
15929,2026-09-11T18:13:29.139Z,research,126666,114944,0,2267,2177,128933,ordinary
15936,2026-09-11T18:13:44.320Z,research,136831,126464,0,287,202,137118,ordinary
15947,2026-09-11T18:14:19.123Z,research,145029,136704,0,980,741,146009,ordinary
15956,2026-09-11T18:15:41.231Z,research,157007,144896,0,2455,157,159462,ordinary
15963,2026-09-11T18:15:50.877Z,research,159484,156928,0,179,22,159663,ordinary
15972,2026-09-11T18:16:17.929Z,research,167767,159360,0,687,351,168454,ordinary
15980,2026-09-11T18:16:44.789Z,research,177300,167680,0,691,17,177991,ordinary
15988,2026-09-11T18:16:58.431Z,research,178194,177152,0,189,53,178383,ordinary
15995,2026-09-11T18:17:09.611Z,research,188380,178048,0,228,155,188608,ordinary
16006,2026-09-11T18:17:46.187Z,research,194877,188288,0,861,600,195738,ordinary
16014,2026-09-11T18:18:49.903Z,research,204999,194816,0,1921,201,206920,ordinary
16023,2026-09-11T18:19:03.657Z,research,207433,204928,0,332,173,207765,ordinary
16032,2026-09-11T18:20:10.255Z,research,211576,207360,0,2045,1034,213621,ordinary
16043,2026-09-11T18:20:23.360Z,research,213754,211456,0,219,62,213973,ordinary
16051,2026-09-11T18:20:50.637Z,research,215533,213632,0,765,165,216298,ordinary
16062,2026-09-11T18:21:33.796Z,research,217418,215424,0,1035,939,218453,ordinary
16071,2026-09-11T18:22:11.298Z,research,218855,217344,0,1098,339,219953,ordinary
16086,2026-09-11T18:23:00.562Z,research,222789,218752,0,1480,1308,224269,ordinary
16093,2026-09-11T18:23:35.427Z,research,225365,222208,0,1021,497,226386,ordinary
16105,2026-09-11T18:23:54.741Z,research,227589,225152,0,507,338,228096,ordinary
16114,2026-09-11T18:24:38.127Z,research,229604,227456,0,1094,233,230698,ordinary
16125,2026-09-11T18:25:26.106Z,research,230760,229376,0,1372,1252,232132,ordinary
16132,2026-09-11T18:25:34.747Z,research,240558,230528,0,129,16,240687,ordinary
16137,2026-09-11T18:29:25.593Z,research,249070,240384,0,7513,0,256583,compaction
16149,2026-09-11T18:29:36.421Z,research,21361,11904,0,260,26,21621,ordinary
16157,2026-09-11T18:29:47.065Z,research,27365,21120,0,284,48,27649,ordinary
16165,2026-09-11T18:29:56.010Z,research,30982,27136,0,200,32,31182,ordinary
16173,2026-09-11T18:30:08.001Z,research,38994,30848,0,274,36,39268,ordinary
16183,2026-09-11T18:30:26.905Z,research,45380,38784,0,515,156,45895,ordinary
16191,2026-09-11T18:30:33.619Z,research,48728,45184,0,100,0,48828,ordinary
16201,2026-09-11T18:30:42.595Z,research,58962,48512,0,151,66,59113,ordinary
16208,2026-09-11T18:32:35.081Z,research,68276,58368,0,3561,516,71837,ordinary
16215,2026-09-11T18:33:07.558Z,research,71862,68224,0,994,189,72856,ordinary
16226,2026-09-11T18:33:44.347Z,research,81974,71808,0,901,21,82875,ordinary
16234,2026-09-11T18:33:59.985Z,research,92703,81920,0,309,10,93012,ordinary
16244,2026-09-11T18:34:29.101Z,research,106949,92672,0,724,516,107673,ordinary
16251,2026-09-11T18:34:44.527Z,research,117943,106880,0,380,41,118323,ordinary
16261,2026-09-11T18:35:17.836Z,research,128675,117888,0,742,516,129417,ordinary
16273,2026-09-11T18:36:27.812Z,research,139087,128640,0,2231,1034,141318,ordinary
16282,2026-09-11T18:36:54.858Z,research,149384,139008,0,656,516,150040,ordinary
16290,2026-09-11T18:37:25.867Z,research,155490,149248,0,597,516,156087,ordinary
16297,2026-09-11T18:37:55.166Z,research,164009,155392,0,807,516,164816,ordinary
16311,2026-09-11T18:39:26.165Z,research,175569,163840,0,2163,2070,177732,ordinary
16322,2026-09-11T18:40:00.880Z,research,185491,175488,0,1003,719,186494,ordinary
16331,2026-09-11T18:40:09.357Z,research,197786,185344,0,135,63,197921,ordinary
16338,2026-09-11T18:40:17.835Z,research,207960,197632,0,204,49,208164,ordinary
16348,2026-09-11T18:40:50.315Z,research,218096,207872,0,935,645,219031,ordinary
16358,2026-09-11T18:41:22.262Z,research,221708,217984,0,837,630,222545,ordinary
16365,2026-09-11T18:41:48.726Z,research,229201,221568,0,743,505,229944,ordinary
16381,2026-09-11T18:43:27.879Z,research,234232,229120,0,2572,2415,236804,ordinary
16389,2026-09-11T18:46:58.339Z,research,249870,234112,0,6791,0,256661,compaction
16397,2026-09-11T18:47:02.051Z,research,20640,11904,0,59,0,20699,ordinary
16406,2026-09-11T18:47:11.833Z,research,21167,20480,0,260,26,21427,ordinary
16415,2026-09-11T18:47:22.377Z,research,23588,20992,0,274,25,23862,ordinary
16424,2026-09-11T18:47:29.412Z,research,31587,23424,0,173,30,31760,ordinary
16435,2026-09-11T18:48:41.682Z,research,42232,31360,0,2091,23,44323,ordinary
16441,2026-09-11T18:49:07.093Z,research,44347,42112,0,793,95,45140,ordinary
16449,2026-09-11T18:49:28.360Z,research,45983,44160,0,453,7,46436,ordinary
16459,2026-09-11T18:49:37.026Z,research,46895,45824,0,150,20,47045,ordinary
16467,2026-09-11T18:49:52.496Z,research,57340,46720,0,288,32,57628,ordinary
16479,2026-09-11T18:50:38.071Z,research,66151,57216,0,1217,1082,67368,ordinary
16489,2026-09-11T18:51:02.619Z,research,78086,65920,0,582,421,78668,ordinary
16494,2026-09-11T18:51:06.672Z,research,78759,77952,0,59,0,78818,ordinary
16499,2026-09-11T18:51:12.545Z,research,79039,78592,0,83,0,79122,ordinary
16508,2026-09-11T18:51:55.797Z,research,83443,78848,0,1114,965,84557,ordinary
16516,2026-09-11T18:52:01.796Z,research,94745,83328,0,79,21,94824,ordinary
16529,2026-09-11T18:53:09.470Z,research,98311,94592,0,1761,1689,100072,ordinary
16536,2026-09-11T18:53:14.067Z,research,104745,98176,0,77,25,104822,ordinary
16543,2026-09-11T18:53:22.708Z,research,106504,104576,0,191,138,106695,ordinary
16550,2026-09-11T18:53:44.432Z,research,111387,106368,0,502,428,111889,ordinary
16557,2026-09-11T18:53:48.231Z,research,112706,111232,0,61,16,112767,ordinary
16564,2026-09-11T18:54:37.287Z,research,113211,112512,0,1564,141,114775,ordinary
16572,2026-09-11T18:54:50.441Z,research,114836,113024,0,334,12,115170,ordinary
16581,2026-09-11T18:55:18.978Z,research,118410,114688,0,855,342,119265,ordinary
16588,2026-09-11T18:55:29.273Z,research,121712,118272,0,233,53,121945,ordinary
16600,2026-09-11T18:56:01.401Z,research,122378,121600,0,928,814,123306,ordinary
16614,2026-09-11T18:57:27.248Z,research,126170,122240,0,2450,2322,128620,ordinary
16622,2026-09-11T18:57:42.757Z,research,138484,126080,0,367,91,138851,ordinary
16630,2026-09-11T18:58:04.787Z,research,147017,138368,0,563,456,147580,ordinary
16638,2026-09-11T18:58:13.816Z,research,155873,146816,0,139,47,156012,ordinary
16648,2026-09-11T18:59:20.875Z,research,156560,155776,0,2067,803,158627,ordinary
16655,2026-09-11T18:59:32.813Z,research,158651,156416,0,277,95,158928,ordinary
16664,2026-09-11T18:59:54.242Z,research,160032,158464,0,609,490,160641,ordinary
16672,2026-09-11T19:00:59.578Z,research,161024,159872,0,1860,261,162884,ordinary
16679,2026-09-11T19:01:28.167Z,research,163005,160896,0,775,15,163780,ordinary
16689,2026-09-11T19:01:37.203Z,research,164160,162816,0,140,58,164300,ordinary
16702,2026-09-11T19:02:37.706Z,research,174434,163968,0,1822,1669,176256,ordinary
16710,2026-09-11T19:02:48.716Z,research,186875,174336,0,220,33,187095,ordinary
16722,2026-09-11T19:03:40.531Z,research,197974,186752,0,1467,1113,199441,ordinary
16729,2026-09-11T19:04:02.344Z,research,199506,197888,0,606,511,200112,ordinary
16742,2026-09-11T19:05:11.843Z,research,208458,199424,0,1992,1841,210450,ordinary
16751,2026-09-11T19:05:21.690Z,research,218370,208256,0,162,83,218532,ordinary
16759,2026-09-11T19:05:57.307Z,research,223755,218240,0,977,749,224732,ordinary
16767,2026-09-11T19:06:13.810Z,research,235595,223616,0,373,274,235968,ordinary
16793,2026-09-11T19:08:57.226Z,research,244666,235392,0,4461,4238,249127,ordinary
16797,2026-09-11T19:13:00.492Z,research,252419,244480,0,7992,0,260411,compaction
16809,2026-09-11T19:13:07.897Z,research,21846,11904,0,181,34,22027,ordinary
16814,2026-09-11T19:13:16.219Z,research,22737,21632,0,197,0,22934,ordinary
16823,2026-09-11T19:13:37.221Z,research,27880,22528,0,604,390,28484,ordinary
16831,2026-09-11T19:14:15.798Z,research,37556,27648,0,1058,34,38614,ordinary
16840,2026-09-11T19:14:26.461Z,research,38671,37376,0,257,19,38928,ordinary
16849,2026-09-11T19:14:36.739Z,research,51398,38528,0,83,25,51481,ordinary
16856,2026-09-11T19:14:48.345Z,research,55420,51200,0,254,22,55674,ordinary
16865,2026-09-11T19:15:06.517Z,research,66238,55296,0,455,186,66693,ordinary
16876,2026-09-11T19:15:27.807Z,research,78538,66048,0,546,336,79084,ordinary
16886,2026-09-11T19:16:11.009Z,research,89746,78336,0,1324,1034,91070,ordinary
16900,2026-09-11T19:17:07.370Z,research,101664,89600,0,1558,1330,103222,ordinary
16909,2026-09-11T19:17:26.924Z,research,108960,101504,0,510,330,109470,ordinary
16920,2026-09-11T19:17:57.127Z,research,118070,108800,0,859,564,118929,ordinary
16929,2026-09-11T19:18:05.841Z,research,123976,117888,0,176,36,124152,ordinary
16936,2026-09-11T19:18:19.233Z,research,131653,123776,0,316,168,131969,ordinary
16945,2026-09-11T19:18:44.840Z,research,137609,131456,0,739,543,138348,ordinary
16957,2026-09-11T19:19:20.478Z,research,143840,137472,0,1053,670,144893,ordinary
16970,2026-09-11T19:20:16.408Z,research,150648,143744,0,1648,1552,152296,ordinary
16978,2026-09-11T19:20:57.284Z,research,160826,150528,0,1244,22,162070,ordinary
16986,2026-09-11T19:22:28.158Z,research,166252,160256,0,2852,412,169104,ordinary
16993,2026-09-11T19:22:42.158Z,research,169198,166144,0,377,139,169575,ordinary
17003,2026-09-11T19:24:30.993Z,research,173771,169088,0,3498,844,177269,ordinary
17012,2026-09-11T19:25:12.715Z,research,177327,173568,0,1233,999,178560,ordinary
17022,2026-09-11T19:25:36.672Z,research,184360,177152,0,643,319,185003,ordinary
17030,2026-09-11T19:25:45.705Z,research,191891,184192,0,211,14,192102,ordinary
17038,2026-09-11T19:27:07.047Z,research,199938,191744,0,2618,516,202556,ordinary
17045,2026-09-11T19:27:22.324Z,research,204667,199808,0,293,227,204960,ordinary
17052,2026-09-11T19:27:45.882Z,research,207820,204544,0,693,299,208513,ordinary
17060,2026-09-11T19:29:02.451Z,research,211410,207616,0,2287,71,213697,ordinary
17067,2026-09-11T19:29:24.648Z,research,213772,210816,0,440,167,214212,ordinary
17076,2026-09-11T19:29:37.521Z,research,215200,213632,0,316,66,215516,ordinary
17089,2026-09-11T19:30:40.514Z,research,223695,215040,0,1977,1842,225672,ordinary
17102,2026-09-11T19:31:48.198Z,research,230638,223616,0,2031,1869,232669,ordinary
17113,2026-09-11T19:32:54.970Z,research,236983,230528,0,2110,1156,239093,ordinary
17128,2026-09-11T19:36:09.425Z,research,239257,236928,0,6106,1644,245363,ordinary
17132,2026-09-11T19:39:39.065Z,research,245441,239104,0,6787,0,252228,compaction
17144,2026-09-11T19:39:47.602Z,research,20629,11904,0,218,26,20847,ordinary
17153,2026-09-11T19:39:56.300Z,research,27504,20480,0,210,24,27714,ordinary
17158,2026-09-11T19:40:01.981Z,research,27820,27264,0,126,0,27946,ordinary
17164,2026-09-11T19:40:06.210Z,research,30651,27648,0,55,0,30706,ordinary
17169,2026-09-11T19:40:11.898Z,research,30769,30464,0,63,0,30832,ordinary
17174,2026-09-11T19:40:15.835Z,research,33498,30592,0,61,0,33559,ordinary
17181,2026-09-11T19:40:28.808Z,research,34686,33280,0,358,17,35044,ordinary
17188,2026-09-11T19:40:37.188Z,research,45795,34560,0,56,0,45851,ordinary
17200,2026-09-11T19:40:46.473Z,research,53058,45568,0,121,7,53179,ordinary
17210,2026-09-11T19:40:56.890Z,research,60386,52608,0,154,31,60540,ordinary
17221,2026-09-11T19:41:33.172Z,research,72598,60032,0,1063,180,73661,ordinary
17227,2026-09-11T19:41:43.341Z,research,73685,72448,0,254,36,73939,ordinary
17234,2026-09-11T19:41:59.151Z,research,73999,73600,0,388,298,74387,ordinary
17241,2026-09-11T19:42:11.840Z,research,76030,73856,0,139,34,76169,ordinary
17250,2026-09-11T19:42:24.779Z,research,76667,75904,0,284,45,76951,ordinary
17257,2026-09-11T19:44:27.890Z,research,77838,76544,0,3917,70,81755,ordinary
17264,2026-09-11T19:44:39.557Z,research,81777,77696,0,280,88,82057,ordinary
17274,2026-09-11T19:44:48.406Z,research,82152,81664,0,164,7,82316,ordinary
17284,2026-09-11T19:45:02.176Z,research,87991,82048,0,346,158,88337,ordinary
17293,2026-09-11T19:45:41.875Z,research,88847,87552,0,1038,618,89885,ordinary
17304,2026-09-11T19:46:37.805Z,research,89956,88704,0,1698,493,91654,ordinary
17313,2026-09-11T19:47:07.336Z,research,91873,89856,0,875,287,92748,ordinary
17320,2026-09-11T19:47:21.999Z,research,92809,91776,0,208,75,93017,ordinary
17327,2026-09-11T19:47:52.543Z,research,99535,92672,0,611,516,100146,ordinary
17334,2026-09-11T19:50:04.561Z,research,103557,99456,0,4115,446,107672,ordinary
17343,2026-09-11T19:50:21.265Z,research,107695,103424,0,474,286,108169,ordinary
17351,2026-09-11T19:50:42.921Z,research,108809,107520,0,557,457,109366,ordinary
17358,2026-09-11T19:51:29.927Z,research,110702,108672,0,1465,14,112167,ordinary
17366,2026-09-11T19:52:25.705Z,research,112253,110592,0,1726,83,113979,ordinary
17373,2026-09-11T19:52:38.064Z,research,114084,112128,0,242,55,114326,ordinary
17382,2026-09-11T19:52:55.044Z,research,114896,113920,0,472,153,115368,ordinary
17390,2026-09-11T19:53:07.646Z,research,127317,114816,0,182,88,127499,ordinary
17399,2026-09-11T19:53:39.080Z,research,132797,127232,0,931,794,133728,ordinary
17409,2026-09-11T19:54:17.858Z,research,137562,132608,0,1147,1034,138709,ordinary
17416,2026-09-11T19:54:48.133Z,research,146819,137472,0,542,414,147361,ordinary
17436,2026-09-11T19:56:39.083Z,research,158950,146688,0,3459,3323,162409,ordinary
17444,2026-09-11T19:56:47.469Z,research,171431,158848,0,80,11,171511,ordinary
17459,2026-09-11T19:57:53.810Z,research,174016,171264,0,1862,1652,175878,ordinary
17466,2026-09-11T19:58:18.804Z,research,183042,173824,0,598,516,183640,ordinary
17477,2026-09-11T19:59:16.813Z,research,191044,182912,0,1667,1552,192711,ordinary
17486,2026-09-11T19:59:54.721Z,research,198497,190848,0,984,817,199481,ordinary
17499,2026-09-11T20:01:06.991Z,research,204483,198400,0,1905,1800,206388,ordinary
17512,2026-09-11T20:02:11.899Z,research,211625,204288,0,1865,1615,213490,ordinary
17538,2026-09-11T20:04:51.554Z,research,219273,211456,0,4747,4479,224020,ordinary
17545,2026-09-11T20:05:09.013Z,research,224380,219136,0,411,56,224791,ordinary
17551,2026-09-11T20:05:17.041Z,research,224904,224256,0,147,0,225051,ordinary
17573,2026-09-11T20:07:29.610Z,research,231345,224768,0,3998,3857,235343,ordinary
17585,2026-09-11T20:08:21.433Z,research,244858,231168,0,1412,1200,246270,ordinary
17590,2026-09-11T20:12:04.969Z,research,251491,244736,0,7273,0,258764,compaction
17602,2026-09-11T20:12:13.613Z,research,21117,11904,0,230,47,21347,ordinary
17607,2026-09-11T20:12:26.526Z,research,24765,11904,0,360,0,25125,ordinary
17616,2026-09-11T20:12:50.191Z,research,33143,24576,0,612,268,33755,ordinary
17626,2026-09-11T20:14:32.867Z,research,47621,33024,0,3295,78,50916,ordinary
17634,2026-09-11T20:14:50.125Z,research,58114,47488,0,501,241,58615,ordinary
17642,2026-09-11T20:15:20.042Z,research,70795,57984,0,873,516,71668,ordinary
17650,2026-09-11T20:15:34.871Z,research,80035,70656,0,368,44,80403,ordinary
17661,2026-09-11T20:15:53.378Z,research,87782,79872,0,494,39,88276,ordinary
17670,2026-09-11T20:16:12.199Z,research,99255,87552,0,490,109,99745,ordinary
17681,2026-09-11T20:16:30.979Z,research,114794,99072,0,293,17,115087,ordinary
17691,2026-09-11T20:16:52.938Z,research,121413,114304,0,459,70,121872,ordinary
17700,2026-09-11T20:17:08.539Z,research,122329,120960,0,252,84,122581,ordinary
17709,2026-09-11T20:17:20.004Z,research,123855,122240,0,243,35,124098,ordinary
17715,2026-09-11T20:17:35.963Z,research,126824,123776,0,175,29,126999,ordinary
17727,2026-09-11T20:18:20.201Z,research,134671,126720,0,1381,1034,136052,ordinary
17737,2026-09-11T20:19:05.522Z,research,144392,134144,0,1351,1026,145743,ordinary
17744,2026-09-11T20:19:23.029Z,research,149645,144256,0,435,220,150080,ordinary
17754,2026-09-11T20:20:11.517Z,research,152543,149504,0,1301,95,153844,ordinary
17762,2026-09-11T20:20:17.225Z,research,154061,151936,0,101,41,154162,ordinary
17774,2026-09-11T20:20:38.422Z,research,165850,153856,0,578,516,166428,ordinary
17788,2026-09-11T20:21:09.546Z,research,180452,165376,0,891,827,181343,ordinary
17807,2026-09-11T20:23:34.968Z,research,197698,179968,0,4456,1506,202154,ordinary
17814,2026-09-11T20:23:50.879Z,research,202212,197632,0,318,198,202530,ordinary
17829,2026-09-11T20:26:08.250Z,research,204435,202112,0,4341,2149,208776,ordinary
17838,2026-09-11T20:27:17.057Z,research,208846,204288,0,1858,136,210704,ordinary
17845,2026-09-11T20:27:54.173Z,research,211078,208768,0,1007,295,212085,ordinary
17853,2026-09-11T20:28:03.345Z,research,212178,210944,0,136,37,212314,ordinary
17866,2026-09-11T20:30:16.627Z,research,212634,212096,0,4037,1481,216671,ordinary
17876,2026-09-11T20:31:25.787Z,research,219014,212480,0,1997,1034,221011,ordinary
17884,2026-09-11T20:31:41.627Z,research,221363,218880,0,250,42,221613,ordinary
17892,2026-09-11T20:32:11.676Z,research,230329,221184,0,724,429,231053,ordinary
17903,2026-09-11T20:32:54.196Z,research,239761,230144,0,1188,1034,240949,ordinary
17907,2026-09-11T20:36:21.596Z,research,246252,239616,0,6565,0,252817,compaction
17919,2026-09-11T20:36:29.248Z,research,20410,11904,0,184,45,20594,ordinary
17925,2026-09-11T20:36:36.108Z,research,21850,20224,0,160,0,22010,ordinary
17935,2026-09-11T20:36:45.980Z,research,28970,21632,0,262,93,29232,ordinary
17948,2026-09-11T20:37:00.862Z,research,39671,11904,0,380,70,40051,ordinary
17958,2026-09-11T20:37:24.016Z,research,43119,39552,0,664,516,43783,ordinary
17966,2026-09-11T20:37:44.603Z,research,46028,42880,0,627,516,46655,ordinary
17974,2026-09-11T20:37:51.127Z,research,55027,45824,0,106,15,55133,ordinary
17983,2026-09-11T20:38:48.537Z,research,62973,54912,0,1787,516,64760,ordinary
17991,2026-09-11T20:39:11.652Z,research,64818,62848,0,692,516,65510,ordinary
18002,2026-09-11T20:39:52.640Z,research,74051,64640,0,1180,1034,75231,ordinary
18010,2026-09-11T20:40:27.259Z,research,75500,73856,0,1011,50,76511,ordinary
18017,2026-09-11T20:40:33.218Z,research,76570,75264,0,130,34,76700,ordinary
18029,2026-09-11T20:41:14.702Z,research,82127,76416,0,1209,1008,83336,ordinary
18037,2026-09-11T20:41:39.201Z,research,92058,81920,0,625,516,92683,ordinary
18045,2026-09-11T20:42:02.156Z,research,100806,91904,0,631,42,101437,ordinary
18051,2026-09-11T20:42:08.147Z,research,104363,100608,0,59,0,104422,ordinary
18058,2026-09-11T20:42:18.595Z,research,112406,104192,0,111,28,112517,ordinary
18066,2026-09-11T20:42:36.224Z,research,116043,112256,0,482,350,116525,ordinary
18075,2026-09-11T20:42:51.615Z,research,125263,115840,0,314,137,125577,ordinary
18084,2026-09-11T20:43:27.706Z,research,125690,125056,0,1112,1034,126802,ordinary
18092,2026-09-11T20:43:45.902Z,research,131913,125568,0,515,312,132428,ordinary
18101,2026-09-11T20:43:55.052Z,research,132653,131712,0,200,10,132853,ordinary
18111,2026-09-11T20:44:04.925Z,research,141077,132480,0,216,127,141293,ordinary
18119,2026-09-11T20:45:02.913Z,research,144073,140416,0,1840,465,145913,ordinary
18127,2026-09-11T20:45:32.975Z,research,146116,143488,0,889,77,147005,ordinary
18134,2026-09-11T20:45:44.996Z,research,147075,146048,0,264,32,147339,ordinary
18150,2026-09-11T20:46:40.674Z,research,148026,146944,0,1767,1695,149793,ordinary
18164,2026-09-11T20:47:54.041Z,research,150586,147968,0,2178,1456,152764,ordinary
18171,2026-09-11T20:48:07.232Z,research,152837,150528,0,216,104,153053,ordinary
18179,2026-09-11T20:48:33.097Z,research,154181,152704,0,665,492,154846,ordinary
18189,2026-09-11T20:49:06.031Z,research,155551,154112,0,835,224,156386,ordinary
18197,2026-09-11T20:49:44.388Z,research,156481,155520,0,1103,119,157584,ordinary
18204,2026-09-11T20:50:29.031Z,research,158117,156416,0,1411,424,159528,ordinary
18213,2026-09-11T20:50:36.742Z,research,159732,158080,0,144,56,159876,ordinary
18221,2026-09-11T20:51:06.468Z,research,160471,159616,0,901,305,161372,ordinary
18231,2026-09-11T20:51:56.837Z,research,161482,160384,0,1565,378,163047,ordinary
18240,2026-09-11T20:52:04.940Z,research,164839,161408,0,108,45,164947,ordinary
18248,2026-09-11T20:52:14.141Z,research,167606,164736,0,227,30,167833,ordinary
18257,2026-09-11T20:52:27.281Z,research,169291,167552,0,332,216,169623,ordinary
18281,2026-09-11T20:54:47.130Z,research,173737,169216,0,4502,4363,178239,ordinary
18289,2026-09-11T20:54:57.133Z,research,186633,173696,0,199,62,186832,ordinary
18303,2026-09-11T20:55:39.808Z,research,195325,186624,0,1224,1087,196549,ordinary
18310,2026-09-11T20:55:54.066Z,research,204528,195200,0,319,219,204847,ordinary
18319,2026-09-11T20:56:35.226Z,research,212899,204416,0,1211,1015,214110,ordinary
18328,2026-09-11T20:57:10.151Z,research,218491,212864,0,1035,948,219526,ordinary
18335,2026-09-11T20:57:21.992Z,research,227203,218368,0,257,162,227460,ordinary
18342,2026-09-11T20:57:30.257Z,research,238334,227072,0,81,28,238415,ordinary
18362,2026-09-11T20:59:15.682Z,research,240643,238208,0,3359,3103,244002,ordinary
18367,2026-09-11T21:02:49.058Z,research,254495,240512,0,6893,0,261388,compaction
18379,2026-09-11T21:03:01.441Z,research,20744,11904,0,261,39,21005,ordinary
18386,2026-09-11T21:03:14.124Z,research,22238,20608,0,315,0,22553,ordinary
18399,2026-09-11T21:03:27.528Z,research,33611,22016,0,309,88,33920,ordinary
18411,2026-09-11T21:03:47.266Z,research,37966,33408,0,398,51,38364,ordinary
18423,2026-09-11T21:03:59.565Z,research,51201,37760,0,249,187,51450,ordinary
18429,2026-09-11T21:04:09.427Z,research,61371,51072,0,257,0,61628,ordinary
18438,2026-09-11T21:04:17.802Z,research,62260,61184,0,140,28,62400,ordinary
18448,2026-09-11T21:06:12.608Z,research,69903,62080,0,3715,466,73618,ordinary
18455,2026-09-11T21:06:47.936Z,research,73643,69760,0,1047,362,74690,ordinary
18465,2026-09-11T21:07:08.273Z,research,77487,73472,0,575,29,78062,ordinary
18473,2026-09-11T21:07:44.235Z,research,78198,76928,0,1106,45,79304,ordinary
18484,2026-09-11T21:08:03.430Z,research,79525,78080,0,552,90,80077,ordinary
18496,2026-09-11T21:08:30.240Z,research,85222,79488,0,753,516,85975,ordinary
18504,2026-09-11T21:08:58.205Z,research,96776,85120,0,723,516,97499,ordinary
18512,2026-09-11T21:09:15.907Z,research,108283,96640,0,411,270,108694,ordinary
18526,2026-09-11T21:10:14.121Z,research,117134,108160,0,1751,1545,118885,ordinary
18542,2026-09-11T21:11:36.409Z,research,126860,116992,0,2335,2135,129195,ordinary
18550,2026-09-11T21:11:47.540Z,research,137235,126720,0,207,127,137442,ordinary
18557,2026-09-11T21:11:56.628Z,research,145362,137088,0,174,104,145536,ordinary
18574,2026-09-11T21:13:42.727Z,research,153418,145280,0,3121,2979,156539,ordinary
18586,2026-09-11T21:14:55.134Z,research,157847,153344,0,2300,1050,160147,ordinary
18597,2026-09-11T21:16:36.507Z,research,161175,157696,0,3108,36,164283,ordinary
18604,2026-09-11T21:16:47.346Z,research,164390,161024,0,218,104,164608,ordinary
18613,2026-09-11T21:16:56.179Z,research,165131,164352,0,164,43,165295,ordinary
18622,2026-09-11T21:17:21.089Z,research,166140,164992,0,736,338,166876,ordinary
18637,2026-09-11T21:18:23.870Z,research,166971,166016,0,1831,1729,168802,ordinary
18646,2026-09-11T21:19:03.349Z,research,177377,166912,0,1169,587,178546,ordinary
18656,2026-09-11T21:19:37.616Z,research,178683,177280,0,1020,919,179703,ordinary
18663,2026-09-11T21:19:59.441Z,research,191385,178560,0,587,61,191972,ordinary
18671,2026-09-11T21:20:09.113Z,research,192113,191232,0,145,27,192258,ordinary
18680,2026-09-11T21:20:20.820Z,research,202004,192000,0,247,129,202251,ordinary
18689,2026-09-11T21:20:44.185Z,research,211868,201856,0,462,76,212330,ordinary
18699,2026-09-11T21:20:54.596Z,research,215153,211840,0,197,82,215350,ordinary
18708,2026-09-11T21:21:05.008Z,research,221260,215040,0,219,72,221479,ordinary
18719,2026-09-11T21:21:54.832Z,research,223546,220544,0,1299,955,224845,ordinary
18728,2026-09-11T21:22:10.156Z,research,232689,223360,0,284,73,232973,ordinary
18737,2026-09-11T21:22:31.966Z,research,240774,232576,0,569,274,241343,ordinary
18743,2026-09-11T21:26:26.704Z,research,246586,240640,0,7698,0,254284,compaction
18751,2026-09-11T21:26:30.157Z,research,21545,11904,0,59,0,21604,ordinary
18760,2026-09-11T21:26:39.950Z,research,23251,21376,0,261,14,23512,ordinary
18769,2026-09-11T21:26:58.833Z,research,29260,23040,0,326,12,29586,ordinary
18779,2026-09-11T21:27:10.467Z,research,37055,29056,0,264,104,37319,ordinary
18788,2026-09-11T21:27:37.920Z,research,46993,36864,0,748,516,47741,ordinary
18800,2026-09-11T21:28:52.168Z,research,51974,46848,0,2390,516,54364,ordinary
18809,2026-09-11T21:29:07.194Z,research,54689,51840,0,392,208,55081,ordinary
18819,2026-09-11T21:29:52.062Z,research,61143,54528,0,1230,1034,62373,ordinary
18827,2026-09-11T21:31:13.458Z,research,70420,61056,0,2583,340,73003,ordinary
18834,2026-09-11T21:31:36.497Z,research,73028,70272,0,696,69,73724,ordinary
18844,2026-09-11T21:32:11.527Z,research,73866,72832,0,1010,83,74876,ordinary
18853,2026-09-11T21:32:23.739Z,research,82000,73728,0,276,86,82276,ordinary
18861,2026-09-11T21:32:52.175Z,research,85559,81920,0,709,516,86268,ordinary
18877,2026-09-11T21:34:12.736Z,research,97224,85376,0,2266,2070,99490,ordinary
18887,2026-09-11T21:34:49.328Z,research,108325,97024,0,1051,878,109376,ordinary
18898,2026-09-11T21:35:55.359Z,research,118043,108160,0,1823,1034,119866,ordinary
18906,2026-09-11T21:36:15.880Z,research,127830,117888,0,496,84,128326,ordinary
18919,2026-09-11T21:37:09.601Z,research,139178,127744,0,1550,1413,140728,ordinary
18926,2026-09-11T21:37:21.143Z,research,142482,139008,0,200,17,142682,ordinary
18936,2026-09-11T21:37:35.026Z,research,152183,142336,0,327,32,152510,ordinary
18944,2026-09-11T21:37:49.445Z,research,161276,152064,0,347,26,161623,ordinary
18953,2026-09-11T21:39:16.926Z,research,161733,161152,0,2759,16,164492,ordinary
18960,2026-09-11T21:39:29.830Z,research,168829,161664,0,280,90,169109,ordinary
18970,2026-09-11T21:40:19.564Z,research,180473,168704,0,1332,1004,181805,ordinary
18983,2026-09-11T21:41:11.357Z,research,182353,180352,0,1549,655,183902,ordinary
18993,2026-09-11T21:42:40.649Z,research,190130,182272,0,2861,516,192991,ordinary
19001,2026-09-11T21:43:52.740Z,research,193659,190080,0,2284,289,195943,ordinary
19008,2026-09-11T21:44:27.207Z,research,196025,193536,0,957,225,196982,ordinary
19018,2026-09-11T21:45:05.900Z,research,197667,195968,0,858,425,198525,ordinary
19027,2026-09-11T21:45:29.308Z,research,206467,197504,0,629,449,207096,ordinary
19041,2026-09-11T21:46:30.924Z,research,217704,206336,0,1868,1702,219572,ordinary
19050,2026-09-11T21:46:40.683Z,research,228314,217600,0,165,40,228479,ordinary
19059,2026-09-11T21:47:17.825Z,research,239277,228224,0,932,634,240209,ordinary
19064,2026-09-11T21:51:39.419Z,research,248486,239104,0,8363,0,256849,compaction
19072,2026-09-11T21:51:45.388Z,research,22211,11904,0,141,0,22352,ordinary
19082,2026-09-11T21:51:58.069Z,research,25546,22016,0,352,24,25898,ordinary
19091,2026-09-11T21:52:06.456Z,research,28854,25344,0,216,68,29070,ordinary
19099,2026-09-11T21:52:17.793Z,research,39439,28672,0,260,99,39699,ordinary
19107,2026-09-11T21:52:28.636Z,research,50658,39296,0,218,19,50876,ordinary
19115,2026-09-11T21:52:49.818Z,research,52408,50432,0,489,95,52897,ordinary
19123,2026-09-11T21:53:02.292Z,research,60851,52224,0,270,155,61121,ordinary
19130,2026-09-11T21:53:13.944Z,research,62970,60672,0,313,13,63283,ordinary
19141,2026-09-11T21:53:25.428Z,research,67029,62848,0,297,25,67326,ordinary
19150,2026-09-11T21:53:48.779Z,research,74857,66816,0,697,516,75554,ordinary
19159,2026-09-11T21:55:27.963Z,research,78824,74624,0,3047,50,81871,ordinary
19167,2026-09-11T21:55:36.246Z,research,81930,78336,0,159,21,82089,ordinary
19176,2026-09-11T21:57:19.423Z,research,89438,81920,0,3317,129,92755,ordinary
19189,2026-09-11T21:57:32.669Z,research,93043,89344,0,330,126,93373,ordinary
19196,2026-09-11T21:58:22.613Z,research,95265,92928,0,1413,158,96678,ordinary
19203,2026-09-11T21:58:30.722Z,research,96979,95104,0,122,64,97101,ordinary
19210,2026-09-11T21:59:08.380Z,research,99256,96896,0,1166,42,100422,ordinary
19217,2026-09-11T21:59:14.268Z,research,100964,99200,0,111,46,101075,ordinary
19226,2026-09-11T21:59:22.913Z,research,101532,100864,0,225,48,101757,ordinary
19233,2026-09-11T21:59:46.256Z,research,111939,101376,0,704,516,112643,ordinary
19241,2026-09-11T21:59:54.589Z,research,120911,111872,0,163,21,121074,ordinary
19249,2026-09-11T22:00:05.781Z,research,128971,120832,0,259,12,129230,ordinary
19265,2026-09-11T22:01:16.911Z,research,139165,128896,0,2223,2070,141388,ordinary
19274,2026-09-11T22:02:00.467Z,research,142390,139008,0,1168,1034,143558,ordinary
19284,2026-09-11T22:02:39.192Z,research,152333,142336,0,1161,1034,153494,ordinary
19292,2026-09-11T22:02:51.779Z,research,163602,152192,0,286,146,163888,ordinary
19301,2026-09-11T22:03:34.167Z,research,172004,163456,0,1106,945,173110,ordinary
19309,2026-09-11T22:03:47.955Z,research,181300,171904,0,309,70,181609,ordinary
19319,2026-09-11T22:04:11.616Z,research,189763,181248,0,610,227,190373,ordinary
19328,2026-09-11T22:04:23.506Z,research,195121,189696,0,270,45,195391,ordinary
19335,2026-09-11T22:04:37.206Z,research,198771,195072,0,323,145,199094,ordinary
19346,2026-09-11T22:05:14.606Z,research,200779,198656,0,1015,866,201794,ordinary
19360,2026-09-11T22:06:02.347Z,research,207746,200704,0,1426,1314,209172,ordinary
19366,2026-09-11T22:06:59.978Z,research,212738,207616,0,1669,305,214407,ordinary
19376,2026-09-11T22:07:50.287Z,research,214467,212352,0,1583,181,216050,ordinary
19383,2026-09-11T22:07:59.083Z,research,216486,214400,0,180,52,216666,ordinary
19391,2026-09-11T22:08:36.359Z,research,218132,216320,0,833,516,218965,ordinary
19399,2026-09-11T22:09:36.967Z,research,220592,217984,0,1932,338,222524,ordinary
19408,2026-09-11T22:10:15.265Z,research,223057,220416,0,1170,511,224227,ordinary
19422,2026-09-11T22:11:31.221Z,research,224557,222976,0,2356,1151,226913,ordinary
19431,2026-09-11T22:12:04.129Z,research,227084,224384,0,651,600,227735,ordinary
19438,2026-09-11T22:12:26.470Z,research,228789,226944,0,659,516,229448,ordinary
19445,2026-09-11T22:12:55.604Z,research,229654,228608,0,873,68,230527,ordinary
19456,2026-09-11T22:13:08.435Z,research,230585,229504,0,282,61,230867,ordinary
19463,2026-09-11T22:13:36.487Z,research,231051,230400,0,837,118,231888,ordinary
19470,2026-09-11T22:14:00.500Z,research,234812,230912,0,677,29,235489,ordinary
19480,2026-09-11T22:15:47.532Z,research,236410,234752,0,3446,894,239856,ordinary
19488,2026-09-11T22:15:58.293Z,research,239918,236288,0,183,132,240101,ordinary
19499,2026-09-11T22:17:25.209Z,research,240438,239744,0,2670,638,243108,ordinary
19505,2026-09-11T22:17:42.814Z,research,243171,240256,0,438,120,243609,ordinary
19515,2026-09-11T22:18:26.150Z,research,244822,243072,0,1137,1034,245959,ordinary
19518,2026-09-11T22:23:10.658Z,research,247192,244736,0,9374,0,256566,compaction
19530,2026-09-11T22:23:16.774Z,research,23218,11904,0,137,25,23355,ordinary
19535,2026-09-11T22:23:21.631Z,research,29923,23040,0,106,0,30029,ordinary
19543,2026-09-11T22:23:36.647Z,research,35160,29696,0,316,248,35476,ordinary
19552,2026-09-11T22:24:20.687Z,research,38135,34944,0,1390,12,39525,ordinary
19560,2026-09-11T22:24:31.123Z,research,39607,38016,0,90,15,39697,ordinary
19567,2026-09-11T22:24:48.309Z,research,42470,39424,0,508,262,42978,ordinary
19575,2026-09-11T22:26:28.383Z,research,50956,42240,0,3218,34,54174,ordinary
19585,2026-09-11T22:26:51.785Z,research,54231,50816,0,720,27,54951,ordinary
19593,2026-09-11T22:27:08.389Z,research,62762,54016,0,99,21,62861,ordinary
19600,2026-09-11T22:27:41.483Z,research,67321,62592,0,1044,182,68365,ordinary
19608,2026-09-11T22:28:04.476Z,research,79516,67200,0,666,516,80182,ordinary
19622,2026-09-11T22:28:59.919Z,research,88897,79360,0,1735,1552,90632,ordinary
19630,2026-09-11T22:29:09.472Z,research,100607,88704,0,212,34,100819,ordinary
19638,2026-09-11T22:29:24.516Z,research,111010,100480,0,379,253,111389,ordinary
19654,2026-09-11T22:30:36.581Z,research,119314,110848,0,2273,2100,121587,ordinary
19668,2026-09-11T22:31:40.417Z,research,132607,119168,0,2001,1916,134608,ordinary
19675,2026-09-11T22:31:51.260Z,research,142388,132480,0,257,104,142645,ordinary
19683,2026-09-11T22:32:02.305Z,research,151302,142208,0,250,35,151552,ordinary
19693,2026-09-11T22:32:37.285Z,research,159156,151168,0,1029,841,160185,ordinary
19703,2026-09-11T22:33:04.568Z,research,161590,158976,0,788,658,162378,ordinary
19711,2026-09-11T22:33:12.667Z,research,171044,161408,0,148,17,171192,ordinary
19719,2026-09-11T22:33:25.629Z,research,180400,170880,0,310,32,180710,ordinary
19727,2026-09-11T22:33:43.787Z,research,183547,180224,0,437,328,183984,ordinary
19736,2026-09-11T22:33:58.488Z,research,192096,183424,0,323,35,192419,ordinary
19744,2026-09-11T22:34:06.910Z,research,197256,191872,0,132,15,197388,ordinary
19759,2026-09-11T22:35:20.518Z,research,203870,197120,0,2379,2229,206249,ordinary
19767,2026-09-11T22:35:32.897Z,research,215605,203648,0,293,163,215898,ordinary
19775,2026-09-11T22:36:27.413Z,research,225126,215424,0,1687,303,226813,ordinary
19782,2026-09-11T22:36:40.875Z,research,226872,224896,0,329,133,227201,ordinary
19798,2026-09-11T22:37:55.366Z,research,235148,226688,0,2345,2062,237493,ordinary
19806,2026-09-11T22:38:05.276Z,research,245474,235008,0,198,19,245672,ordinary
19811,2026-09-11T22:42:20.885Z,research,253619,245248,0,8376,0,261995,compaction
19823,2026-09-11T22:42:31.420Z,research,22228,11904,0,248,30,22476,ordinary
19832,2026-09-11T22:43:00.438Z,research,28474,22016,0,779,516,29253,ordinary
19842,2026-09-11T22:43:17.659Z,research,38677,28288,0,366,21,39043,ordinary
19853,2026-09-11T22:43:46.143Z,research,49160,38528,0,842,353,50002,ordinary
19862,2026-09-11T22:44:15.291Z,research,61334,49024,0,827,494,62161,ordinary
19871,2026-09-11T22:44:23.052Z,research,73006,61184,0,119,34,73125,ordinary
19877,2026-09-11T22:44:27.070Z,research,73187,72832,0,87,21,73274,ordinary
19884,2026-09-11T22:44:37.022Z,research,73368,72960,0,211,20,73579,ordinary
19889,2026-09-11T22:44:50.196Z,research,73683,73216,0,99,0,73782,ordinary
19898,2026-09-11T22:44:55.529Z,research,78875,73472,0,96,23,78971,ordinary
19904,2026-09-11T22:44:59.667Z,research,79028,78464,0,38,0,79066,ordinary
19910,2026-09-11T22:45:18.420Z,research,80885,78848,0,401,292,81286,ordinary
19920,2026-09-11T22:47:00.951Z,research,81826,80512,0,3277,93,85103,ordinary
19926,2026-09-11T22:47:19.926Z,research,85127,81664,0,559,440,85686,ordinary
19933,2026-09-11T22:47:33.583Z,research,87144,84992,0,301,205,87445,ordinary
19938,2026-09-11T22:49:02.109Z,research,87872,86912,0,2465,0,90337,ordinary
19945,2026-09-11T22:49:15.212Z,research,90361,87680,0,380,25,90741,ordinary
19953,2026-09-11T22:49:37.219Z,research,91392,90240,0,587,496,91979,ordinary
19962,2026-09-11T22:50:15.519Z,research,92703,91264,0,1182,67,93885,ordinary
19969,2026-09-11T22:50:29.414Z,research,93909,92544,0,395,354,94304,ordinary
19975,2026-09-11T22:50:40.048Z,research,94363,93696,0,131,28,94494,ordinary
19982,2026-09-11T22:51:14.624Z,research,94783,94208,0,1079,38,95862,ordinary
19991,2026-09-11T22:51:33.155Z,research,95886,94592,0,550,257,96436,ordinary
19996,2026-09-11T22:51:48.523Z,research,96855,95744,0,360,0,97215,ordinary
20004,2026-09-11T22:52:21.958Z,research,97976,96640,0,894,352,98870,ordinary
20013,2026-09-11T22:52:38.883Z,research,99306,97792,0,458,175,99764,ordinary
20024,2026-09-11T22:53:11.207Z,research,99938,99200,0,977,634,100915,ordinary
20031,2026-09-11T22:55:08.584Z,research,101720,99712,0,3638,516,105358,ordinary
20038,2026-09-11T22:55:27.393Z,research,105385,101504,0,561,122,105946,ordinary
20046,2026-09-11T22:55:35.542Z,research,106045,105216,0,124,21,106169,ordinary
20055,2026-09-11T22:56:27.895Z,research,107511,105856,0,1660,240,109171,ordinary
20065,2026-09-11T22:56:33.069Z,research,110086,107392,0,77,11,110163,ordinary
20072,2026-09-11T22:56:45.673Z,research,110856,109952,0,355,234,111211,ordinary
20081,2026-09-11T22:57:16.033Z,research,112467,110720,0,921,789,113388,ordinary
20100,2026-09-11T22:59:08.297Z,research,118334,112256,0,3669,3501,122003,ordinary
20110,2026-09-11T22:59:30.914Z,research,131716,118144,0,497,257,132213,ordinary
20128,2026-09-11T23:01:11.062Z,research,141871,131584,0,3202,3106,145073,ordinary
20141,2026-09-11T23:02:16.154Z,research,156845,141696,0,2077,1951,158922,ordinary
20148,2026-09-11T23:02:37.969Z,research,162342,156672,0,562,374,162904,ordinary
20156,2026-09-11T23:02:46.317Z,research,171377,162176,0,140,64,171517,ordinary
20163,2026-09-11T23:02:57.546Z,research,179564,171264,0,255,36,179819,ordinary
20171,2026-09-11T23:03:07.139Z,research,180053,179456,0,188,14,180241,ordinary
20178,2026-09-11T23:03:19.674Z,research,180314,179840,0,262,83,180576,ordinary
20185,2026-09-11T23:03:28.595Z,research,180635,180096,0,202,14,180837,ordinary
20194,2026-09-11T23:03:38.721Z,research,181113,180480,0,251,32,181364,ordinary
20201,2026-09-11T23:03:46.239Z,research,182199,180992,0,132,15,182331,ordinary
20208,2026-09-11T23:03:54.842Z,research,182400,182016,0,179,14,182579,ordinary
20213,2026-09-11T23:04:06.183Z,research,182802,182272,0,233,0,183035,ordinary
20220,2026-09-11T23:04:16.033Z,research,184247,182656,0,251,39,184498,ordinary
20228,2026-09-11T23:04:24.291Z,research,184723,184064,0,166,26,184889,ordinary
20235,2026-09-11T23:04:33.801Z,research,185294,184576,0,210,26,185504,ordinary
20242,2026-09-11T23:04:43.908Z,research,186004,185088,0,244,12,186248,ordinary
20249,2026-09-11T23:04:50.768Z,research,186314,185856,0,83,37,186397,ordinary
20256,2026-09-11T23:04:56.576Z,research,186455,186112,0,93,29,186548,ordinary
20263,2026-09-11T23:05:04.767Z,research,191172,186240,0,188,124,191360,ordinary
20300,2026-09-11T23:09:12.265Z,research,191535,190976,0,8162,7768,199697,ordinary
20313,2026-09-11T23:10:35.406Z,research,208179,191360,0,2614,1149,210793,ordinary
20319,2026-09-11T23:10:47.364Z,research,210825,208000,0,290,107,211115,ordinary
20327,2026-09-11T23:10:54.281Z,research,211223,210688,0,105,0,211328,ordinary
20338,2026-09-11T23:13:00.951Z,research,216421,211072,0,4032,1458,220453,ordinary
20345,2026-09-11T23:15:05.673Z,research,220482,216064,0,4061,516,224543,ordinary
20351,2026-09-11T23:15:22.638Z,research,224569,220416,0,479,208,225048,ordinary
20364,2026-09-11T23:16:03.391Z,research,225107,224512,0,1236,1078,226343,ordinary
20371,2026-09-11T23:16:12.457Z,research,227158,225024,0,215,122,227373,ordinary
20378,2026-09-11T23:16:23.470Z,research,235472,227072,0,153,28,235625,ordinary
20386,2026-09-11T23:18:26.417Z,research,244094,235392,0,3943,516,248037,ordinary
20389,2026-09-11T23:22:51.839Z,research,248080,243968,0,8754,0,256834,compaction
20401,2026-09-11T23:23:00.215Z,research,22602,11904,0,205,27,22807,ordinary
20407,2026-09-11T23:23:12.034Z,research,25760,11904,0,143,0,25903,ordinary
20416,2026-09-11T23:23:20.738Z,research,36424,25600,0,110,16,36534,ordinary
20423,2026-09-11T23:23:33.932Z,research,38457,36224,0,375,39,38832,ordinary
20428,2026-09-11T23:23:42.946Z,research,38927,38272,0,60,0,38987,ordinary
20437,2026-09-11T23:24:28.974Z,research,40631,22400,0,1440,20,42071,ordinary
20444,2026-09-11T23:24:34.870Z,research,42970,40448,0,129,43,43099,ordinary
20451,2026-09-11T23:24:57.010Z,research,50981,38784,0,674,516,51655,ordinary
20459,2026-09-11T23:25:14.510Z,research,60524,50816,0,472,386,60996,ordinary
20466,2026-09-11T23:25:24.408Z,research,66403,60288,0,236,84,66639,ordinary
20478,2026-09-11T23:25:54.726Z,research,77008,66176,0,906,775,77914,ordinary
20485,2026-09-11T23:26:03.056Z,research,85878,76800,0,151,20,86029,ordinary
20492,2026-09-11T23:26:25.885Z,research,94168,85760,0,596,516,94764,ordinary
20501,2026-09-11T23:26:51.843Z,research,102568,93952,0,728,641,103296,ordinary
20514,2026-09-11T23:27:54.254Z,research,107712,102400,0,2014,1936,109726,ordinary
20522,2026-09-11T23:28:59.063Z,research,110366,107520,0,2053,173,112419,ordinary
20530,2026-09-11T23:29:36.341Z,research,112479,110208,0,1117,1034,113596,ordinary
20541,2026-09-11T23:29:46.978Z,research,113845,112256,0,290,134,114135,ordinary
20548,2026-09-11T23:29:55.634Z,research,122193,113664,0,173,75,122366,ordinary
20564,2026-09-11T23:31:17.256Z,research,123380,121984,0,2631,2580,126011,ordinary
20570,2026-09-11T23:31:24.796Z,research,126472,123264,0,183,30,126655,ordinary
20577,2026-09-11T23:31:48.145Z,research,127708,126336,0,711,248,128419,ordinary
20584,2026-09-11T23:32:05.924Z,research,136525,127488,0,462,302,136987,ordinary
20591,2026-09-11T23:32:20.306Z,research,137354,136320,0,362,15,137716,ordinary
20602,2026-09-11T23:33:01.625Z,research,146159,137216,0,1232,1006,147391,ordinary
20611,2026-09-11T23:33:12.309Z,research,147963,145920,0,226,67,148189,ordinary
20618,2026-09-11T23:33:21.940Z,research,152083,147840,0,239,150,152322,ordinary
20625,2026-09-11T23:33:28.128Z,research,154319,151936,0,118,43,154437,ordinary
20632,2026-09-11T23:33:35.132Z,research,161756,154112,0,81,33,161837,ordinary
20639,2026-09-11T23:34:02.895Z,research,169978,161536,0,796,516,170774,ordinary
20649,2026-09-11T23:35:20.990Z,research,170836,169856,0,2497,631,173333,ordinary
20656,2026-09-11T23:35:32.302Z,research,173396,170624,0,225,101,173621,ordinary
20665,2026-09-11T23:36:03.543Z,research,179308,173184,0,837,107,180145,ordinary
20671,2026-09-11T23:36:09.381Z,research,180329,178688,0,122,32,180451,ordinary
20681,2026-09-11T23:37:27.869Z,research,180676,180224,0,2466,259,183142,ordinary
20688,2026-09-11T23:38:16.483Z,research,183231,180608,0,1535,77,184766,ordinary
20696,2026-09-11T23:38:50.146Z,research,186429,183168,0,882,358,187311,ordinary
20702,2026-09-11T23:39:01.309Z,research,187370,186368,0,130,46,187500,ordinary
20715,2026-09-11T23:40:06.463Z,research,192481,187264,0,2023,1856,194504,ordinary
20725,2026-09-11T23:40:32.471Z,research,203116,192384,0,744,660,203860,ordinary
20732,2026-09-11T23:40:39.965Z,research,209401,203008,0,133,60,209534,ordinary
20739,2026-09-11T23:40:50.776Z,research,210008,209280,0,257,86,210265,ordinary
20778,2026-09-11T23:44:54.616Z,research,214258,209920,0,8039,7859,222297,ordinary
20785,2026-09-11T23:45:03.155Z,research,230076,214144,0,120,43,230196,ordinary
20793,2026-09-11T23:46:30.834Z,research,232334,230016,0,2772,48,235106,ordinary
20805,2026-09-11T23:47:45.325Z,research,235222,232192,0,2319,1107,237541,ordinary
20812,2026-09-11T23:47:54.165Z,research,237749,235136,0,177,54,237926,ordinary
20819,2026-09-11T23:48:03.444Z,research,240255,237696,0,134,28,240389,ordinary
20823,2026-09-11T23:52:15.063Z,research,248258,240128,0,8205,0,256463,compaction
20831,2026-09-11T23:52:20.599Z,research,22050,11904,0,79,0,22129,ordinary
20840,2026-09-11T23:52:31.464Z,research,22700,21888,0,277,28,22977,ordinary
20850,2026-09-11T23:52:55.396Z,research,33192,22528,0,628,516,33820,ordinary
20857,2026-09-11T23:53:09.439Z,research,41928,33024,0,302,29,42230,ordinary
20866,2026-09-11T23:54:48.554Z,research,42289,41728,0,3091,516,45380,ordinary
20873,2026-09-11T23:54:56.062Z,research,45437,42112,0,160,22,45597,ordinary
20881,2026-09-11T23:55:07.517Z,research,55867,45312,0,235,102,56102,ordinary
20888,2026-09-11T23:55:22.086Z,research,64008,55680,0,384,51,64392,ordinary
20895,2026-09-11T23:55:35.559Z,research,65133,63872,0,372,12,65505,ordinary
20902,2026-09-11T23:55:42.885Z,research,65706,64896,0,161,28,65867,ordinary
20909,2026-09-11T23:55:53.301Z,research,73925,65536,0,230,49,74155,ordinary
20917,2026-09-11T23:56:10.824Z,research,82916,73728,0,440,118,83356,ordinary
20928,2026-09-11T23:56:37.075Z,research,87911,82688,0,696,439,88607,ordinary
20936,2026-09-11T23:56:59.783Z,research,100021,87680,0,643,516,100664,ordinary
20944,2026-09-11T23:57:10.731Z,research,105575,99840,0,234,30,105809,ordinary
20951,2026-09-11T23:57:50.203Z,research,105886,105344,0,1219,198,107105,ordinary
20958,2026-09-11T23:57:57.688Z,research,107162,105728,0,166,35,107328,ordinary
20965,2026-09-11T23:58:10.871Z,research,112136,107008,0,380,248,112516,ordinary
20972,2026-09-11T23:58:31.830Z,research,117009,112000,0,627,516,117636,ordinary
20978,2026-09-11T23:58:36.787Z,research,117695,116864,0,60,0,117755,ordinary
20985,2026-09-12T00:00:55.457Z,research,121670,117504,0,4527,51,126197,ordinary
20996,2026-09-12T00:02:12.502Z,research,126332,121216,0,2459,495,128791,ordinary
21003,2026-09-12T00:02:28.125Z,research,128850,126208,0,382,272,129232,ordinary
21010,2026-09-12T00:03:36.051Z,research,130184,128640,0,2199,166,132383,ordinary
21017,2026-09-12T00:03:50.076Z,research,132443,130048,0,359,231,132802,ordinary
21025,2026-09-12T00:04:36.792Z,research,134120,132224,0,1170,124,135290,ordinary
21032,2026-09-12T00:04:41.336Z,research,135840,133888,0,83,22,135923,ordinary
21041,2026-09-12T00:04:58.384Z,research,136380,135680,0,461,198,136841,ordinary
21050,2026-09-12T00:05:19.505Z,research,147988,136192,0,627,490,148615,ordinary
21058,2026-09-12T00:05:27.224Z,research,156766,147840,0,72,15,156838,ordinary
21072,2026-09-12T00:06:33.452Z,research,163238,156544,0,2146,2070,165384,ordinary
21082,2026-09-12T00:06:46.686Z,research,166029,163072,0,294,61,166323,ordinary
21088,2026-09-12T00:07:04.332Z,research,168604,165888,0,485,402,169089,ordinary
21097,2026-09-12T00:07:35.676Z,research,172428,168448,0,967,696,173395,ordinary
21105,2026-09-12T00:08:14.120Z,research,178277,172288,0,1089,246,179366,ordinary
21113,2026-09-12T00:08:40.317Z,research,179424,178048,0,749,578,180173,ordinary
21129,2026-09-12T00:09:36.180Z,research,190709,179200,0,1693,1591,192402,ordinary
21135,2026-09-12T00:09:46.587Z,research,194164,190464,0,240,113,194404,ordinary
21145,2026-09-12T00:11:38.882Z,research,194778,194432,0,2116,0,196894,ordinary
21154,2026-09-12T00:12:16.876Z,research,196956,194560,0,1158,1034,198114,ordinary
21164,2026-09-12T00:12:54.901Z,research,206061,196736,0,1143,1034,207204,ordinary
21171,2026-09-12T00:13:15.802Z,research,207360,205824,0,610,9,207970,ordinary
21178,2026-09-12T00:13:26.780Z,research,208091,207232,0,244,166,208335,ordinary
21189,2026-09-12T00:14:55.394Z,research,208720,207872,0,2834,1034,211554,ordinary
21197,2026-09-12T00:15:29.428Z,research,219633,208512,0,845,516,220478,ordinary
21205,2026-09-12T00:15:50.303Z,research,220813,219392,0,390,295,221203,ordinary
21212,2026-09-12T00:15:58.465Z,research,227127,220672,0,193,29,227320,ordinary
21227,2026-09-12T00:17:21.536Z,research,229670,226944,0,2666,2302,232336,ordinary
21233,2026-09-12T00:17:45.536Z,research,232408,229504,0,623,516,233031,ordinary
21247,2026-09-12T00:18:50.920Z,research,234647,232192,0,1989,1340,236636,ordinary
21258,2026-09-12T00:19:27.929Z,research,236781,234496,0,1137,1082,237918,ordinary
21265,2026-09-12T00:20:09.134Z,research,238464,236544,0,1154,70,239618,ordinary
21274,2026-09-12T00:21:40.659Z,research,239789,238336,0,2838,964,242627,ordinary
21284,2026-09-12T00:22:22.160Z,research,242688,239616,0,1243,1120,243931,ordinary
21291,2026-09-12T00:26:24.611Z,research,252952,242560,0,7757,0,260709,compaction
21299,2026-09-12T00:26:29.590Z,research,21604,11904,0,54,0,21658,ordinary
21308,2026-09-12T00:26:39.610Z,research,22362,21376,0,264,17,22626,ordinary
21316,2026-09-12T00:26:53.108Z,research,30618,22144,0,310,90,30928,ordinary
21324,2026-09-12T00:27:04.007Z,research,35379,30464,0,165,15,35544,ordinary
21334,2026-09-12T00:27:29.007Z,research,44223,35200,0,678,82,44901,ordinary
21343,2026-09-12T00:27:48.749Z,research,55964,44032,0,279,14,56243,ordinary
21352,2026-09-12T00:28:43.541Z,research,59836,55808,0,1732,482,61568,ordinary
21359,2026-09-12T00:29:44.630Z,research,63280,59648,0,1975,55,65255,ordinary
21367,2026-09-12T00:29:58.133Z,research,65314,63104,0,325,29,65639,ordinary
21373,2026-09-12T00:30:18.833Z,research,73980,65152,0,253,0,74233,ordinary
21380,2026-09-12T00:30:35.574Z,research,74336,73856,0,311,100,74647,ordinary
21388,2026-09-12T00:30:57.271Z,research,84139,74112,0,598,516,84737,ordinary
21395,2026-09-12T00:31:22.308Z,research,91500,83968,0,607,516,92107,ordinary
21403,2026-09-12T00:31:47.936Z,research,100177,91264,0,745,516,100922,ordinary
21412,2026-09-12T00:32:18.374Z,research,101041,99968,0,914,40,101955,ordinary
21419,2026-09-12T00:32:26.790Z,research,105327,100864,0,206,30,105533,ordinary
21427,2026-09-12T00:32:36.281Z,research,108822,105088,0,239,22,109061,ordinary
21441,2026-09-12T00:33:53.968Z,research,112453,108672,0,2505,2070,114958,ordinary
21451,2026-09-12T00:35:11.205Z,research,116392,112256,0,2462,19,118854,ordinary
21461,2026-09-12T00:36:39.440Z,research,120281,115968,0,2850,885,123131,ordinary
21470,2026-09-12T00:37:13.058Z,research,123198,119936,0,963,728,124161,ordinary
21480,2026-09-12T00:37:25.443Z,research,124588,123136,0,258,29,124846,ordinary
21487,2026-09-12T00:37:29.397Z,research,127967,124416,0,68,16,128035,ordinary
21502,2026-09-12T00:38:33.339Z,research,131506,127872,0,2069,1873,133575,ordinary
21508,2026-09-12T00:39:13.696Z,research,133675,131328,0,1254,0,134929,ordinary
21516,2026-09-12T00:40:02.965Z,research,136550,133504,0,1434,516,137984,ordinary
21526,2026-09-12T00:40:42.130Z,research,138366,136320,0,1164,939,139530,ordinary
21534,2026-09-12T00:41:00.146Z,research,142799,138240,0,535,354,143334,ordinary
21548,2026-09-12T00:43:02.564Z,research,153576,142720,0,3869,1838,157445,ordinary
21556,2026-09-12T00:43:14.968Z,research,157619,153472,0,285,177,157904,ordinary
21566,2026-09-12T00:44:09.200Z,research,159349,157440,0,1713,105,161062,ordinary
21576,2026-09-12T00:44:49.215Z,research,161153,158976,0,871,801,162024,ordinary
21588,2026-09-12T00:46:05.032Z,research,167250,161024,0,2452,1600,169702,ordinary
21596,2026-09-12T00:46:15.577Z,research,178346,167168,0,182,45,178528,ordinary
21608,2026-09-12T00:47:09.226Z,research,186737,178304,0,1640,1552,188377,ordinary
21617,2026-09-12T00:47:23.054Z,research,196487,186624,0,332,59,196819,ordinary
21623,2026-09-12T00:47:30.635Z,research,197005,196352,0,103,0,197108,ordinary
21630,2026-09-12T00:47:41.418Z,research,204930,196864,0,209,83,205139,ordinary
21637,2026-09-12T00:47:47.131Z,research,206189,204800,0,96,8,206285,ordinary
21645,2026-09-12T00:48:03.657Z,research,209949,206080,0,403,247,210352,ordinary
21657,2026-09-12T00:48:41.114Z,research,210508,209792,0,1090,833,211598,ordinary
21667,2026-09-12T00:49:44.190Z,research,215063,210432,0,1957,411,217020,ordinary
21678,2026-09-12T00:50:32.843Z,research,220279,214784,0,1492,1231,221771,ordinary
21688,2026-09-12T00:51:02.265Z,research,234004,220160,0,833,688,234837,ordinary
21700,2026-09-12T00:51:58.595Z,research,243116,233856,0,1732,1360,244848,ordinary
21705,2026-09-12T00:55:52.892Z,research,252717,242944,0,7626,0,260343,compaction
21713,2026-09-12T00:55:56.526Z,research,21470,11904,0,60,0,21530,ordinary
21722,2026-09-12T00:56:08.974Z,research,22019,21248,0,363,34,22382,ordinary
21731,2026-09-12T00:56:20.242Z,research,31924,11904,0,202,12,32126,ordinary
21739,2026-09-12T00:56:49.888Z,research,43795,31744,0,843,31,44638,ordinary
21747,2026-09-12T00:56:57.991Z,research,44923,43648,0,196,18,45119,ordinary
21757,2026-09-12T00:57:12.049Z,research,53998,44800,0,326,47,54324,ordinary
21766,2026-09-12T00:57:34.214Z,research,64561,53760,0,599,342,65160,ordinary
21774,2026-09-12T00:57:51.366Z,research,71163,64384,0,398,29,71561,ordinary
21782,2026-09-12T00:58:06.044Z,research,79555,71040,0,346,30,79901,ordinary
21790,2026-09-12T00:58:16.361Z,research,87302,79360,0,199,15,87501,ordinary
21797,2026-09-12T00:58:28.293Z,research,87557,87168,0,284,15,87841,ordinary
21805,2026-09-12T00:59:35.621Z,research,89042,87424,0,2094,437,91136,ordinary
21815,2026-09-12T00:59:58.256Z,research,99426,88960,0,510,27,99936,ordinary
21823,2026-09-12T01:00:24.171Z,research,108278,99328,0,710,516,108988,ordinary
21830,2026-09-12T01:00:55.706Z,research,120704,108160,0,659,516,121363,ordinary
21839,2026-09-12T01:01:37.963Z,research,127218,120576,0,1268,455,128486,ordinary
21847,2026-09-12T01:01:56.593Z,research,133692,127104,0,476,78,134168,ordinary
21858,2026-09-12T01:02:50.253Z,research,139761,133632,0,1617,882,141378,ordinary
21867,2026-09-12T01:03:22.324Z,research,151630,139648,0,900,516,152530,ordinary
21879,2026-09-12T01:03:56.692Z,research,160786,151424,0,971,640,161757,ordinary
21889,2026-09-12T01:04:25.678Z,research,172834,160640,0,824,598,173658,ordinary
21905,2026-09-12T01:05:41.483Z,research,184968,172672,0,2399,2252,187367,ordinary
21921,2026-09-12T01:06:43.743Z,research,195523,184832,0,1935,1598,197458,ordinary
21931,2026-09-12T01:08:51.569Z,research,209314,195328,0,4103,1034,213417,ordinary
21941,2026-09-12T01:09:21.832Z,research,213791,209152,0,860,657,214651,ordinary
21949,2026-09-12T01:09:35.388Z,research,223166,213632,0,319,43,223485,ordinary
21962,2026-09-12T01:10:29.905Z,research,231141,222976,0,1545,1281,232686,ordinary
21969,2026-09-12T01:10:48.449Z,research,237707,231040,0,503,326,238210,ordinary
21974,2026-09-12T01:14:39.682Z,research,249150,237568,0,7522,0,256672,compaction
21986,2026-09-12T01:14:51.165Z,research,21371,11904,0,274,33,21645,ordinary
21995,2026-09-12T01:15:02.189Z,research,25533,11904,0,293,33,25826,ordinary
22005,2026-09-12T01:15:22.071Z,research,35970,25344,0,420,63,36390,ordinary
22017,2026-09-12T01:17:03.255Z,research,47688,35840,0,3243,41,50931,ordinary
22024,2026-09-12T01:17:15.399Z,research,50992,47488,0,310,32,51302,ordinary
22033,2026-09-12T01:17:26.722Z,research,55441,50816,0,256,142,55697,ordinary
22043,2026-09-12T01:17:40.177Z,research,64545,55296,0,302,48,64847,ordinary
22054,2026-09-12T01:17:54.358Z,research,72576,64384,0,325,13,72901,ordinary
22064,2026-09-12T01:18:18.007Z,research,83633,72064,0,663,460,84296,ordinary
22075,2026-09-12T01:18:30.040Z,research,94250,83584,0,213,22,94463,ordinary
22086,2026-09-12T01:19:30.965Z,research,104037,94080,0,1686,234,105723,ordinary
22095,2026-09-12T01:19:50.744Z,research,106019,103552,0,542,137,106561,ordinary
22104,2026-09-12T01:21:47.114Z,research,115070,105856,0,3483,99,118553,ordinary
22112,2026-09-12T01:22:13.775Z,research,118633,114944,0,768,516,119401,ordinary
22121,2026-09-12T01:23:10.174Z,research,121586,118528,0,1751,44,123337,ordinary
22131,2026-09-12T01:24:14.222Z,research,125756,121472,0,1997,66,127753,ordinary
22139,2026-09-12T01:24:26.173Z,research,127852,125696,0,205,87,128057,ordinary
22146,2026-09-12T01:25:07.100Z,research,129544,127744,0,1124,59,130668,ordinary
22154,2026-09-12T01:25:17.775Z,research,131656,129408,0,241,170,131897,ordinary
22163,2026-09-12T01:25:40.213Z,research,132855,131584,0,534,230,133389,ordinary
22170,2026-09-12T01:26:11.785Z,research,133446,132736,0,557,516,134003,ordinary
22180,2026-09-12T01:27:11.450Z,research,140372,133376,0,1901,1304,142273,ordinary
22194,2026-09-12T01:28:40.937Z,research,150676,140288,0,2770,1552,153446,ordinary
22202,2026-09-12T01:28:59.610Z,research,162076,150656,0,399,171,162475,ordinary
22213,2026-09-12T01:29:41.468Z,research,171028,162048,0,1223,1031,172251,ordinary
22221,2026-09-12T01:29:58.739Z,research,180405,171008,0,320,29,180725,ordinary
22230,2026-09-12T01:31:05.984Z,research,181075,180352,0,2124,23,183199,ordinary
22238,2026-09-12T01:31:18.808Z,research,189656,180992,0,293,45,189949,ordinary
22246,2026-09-12T01:31:42.751Z,research,198791,189568,0,462,138,199253,ordinary
22254,2026-09-12T01:32:04.690Z,research,206368,198656,0,403,60,206771,ordinary
22262,2026-09-12T01:32:21.843Z,research,211593,206336,0,206,59,211799,ordinary
22272,2026-09-12T01:32:59.829Z,research,220073,211456,0,1027,516,221100,ordinary
22284,2026-09-12T01:35:18.992Z,research,221231,220032,0,4436,1525,225667,ordinary
22294,2026-09-12T01:36:00.312Z,research,231454,221184,0,1227,49,232681,ordinary
22302,2026-09-12T01:36:34.740Z,research,232786,231040,0,1010,175,233796,ordinary
22318,2026-09-12T01:38:09.169Z,research,234468,232704,0,2821,2588,237289,ordinary
22335,2026-09-12T01:39:33.378Z,research,241251,234368,0,2304,2105,243555,ordinary
22340,2026-09-12T01:43:30.287Z,research,251482,241152,0,7707,0,259189,compaction
22348,2026-09-12T01:43:34.849Z,research,21558,11904,0,68,0,21626,ordinary
22358,2026-09-12T01:43:46.903Z,research,22139,21376,0,345,52,22484,ordinary
22365,2026-09-12T01:44:00.412Z,research,36310,22016,0,314,0,36624,ordinary
22374,2026-09-12T01:44:23.674Z,research,47923,36096,0,594,516,48517,ordinary
22383,2026-09-12T01:44:47.343Z,research,57876,47744,0,636,516,58512,ordinary
22391,2026-09-12T01:45:01.179Z,research,71150,57728,0,341,87,71491,ordinary
22399,2026-09-12T01:45:10.813Z,research,80150,70912,0,165,43,80315,ordinary
22407,2026-09-12T01:45:24.023Z,research,90823,80000,0,322,72,91145,ordinary
22419,2026-09-12T01:45:33.008Z,research,97464,90624,0,134,8,97598,ordinary
22425,2026-09-12T01:45:40.725Z,research,97940,97024,0,57,0,97997,ordinary
22432,2026-09-12T01:46:01.030Z,research,98072,97920,0,584,516,98656,ordinary
22440,2026-09-12T01:46:58.277Z,research,100341,98048,0,1770,516,102111,ordinary
22447,2026-09-12T01:47:08.868Z,research,102172,100224,0,276,80,102448,ordinary
22455,2026-09-12T01:47:46.976Z,research,105583,102144,0,1113,516,106696,ordinary
22462,2026-09-12T01:47:58.106Z,research,106770,105472,0,280,57,107050,ordinary
22474,2026-09-12T01:48:24.664Z,research,107388,106752,0,666,516,108054,ordinary
22481,2026-09-12T01:48:37.406Z,research,116119,107264,0,251,25,116370,ordinary
22491,2026-09-12T01:49:10.366Z,research,122678,116096,0,920,820,123598,ordinary
22502,2026-09-12T01:50:11.694Z,research,131754,122624,0,1647,1552,133401,ordinary
22513,2026-09-12T01:50:50.044Z,research,141137,131712,0,883,575,142020,ordinary
22521,2026-09-12T01:51:00.429Z,research,142154,141056,0,234,17,142388,ordinary
22528,2026-09-12T01:51:08.761Z,research,142527,142080,0,163,81,142690,ordinary
22535,2026-09-12T01:51:19.743Z,research,145276,142464,0,92,20,145368,ordinary
22544,2026-09-12T01:52:09.335Z,research,146350,145152,0,1419,26,147769,ordinary
22551,2026-09-12T01:52:24.605Z,research,147829,146304,0,202,86,148031,ordinary
22559,2026-09-12T01:52:45.387Z,research,157068,147712,0,224,98,157292,ordinary
22566,2026-09-12T01:53:04.456Z,research,157382,157056,0,506,413,157888,ordinary
22573,2026-09-12T01:53:26.144Z,research,164573,157312,0,534,296,165107,ordinary
22581,2026-09-12T01:53:36.772Z,research,165250,164480,0,120,11,165370,ordinary
22591,2026-09-12T01:54:21.569Z,research,165784,165120,0,1064,516,166848,ordinary
22600,2026-09-12T01:54:29.373Z,research,167612,165760,0,136,23,167748,ordinary
22608,2026-09-12T01:54:56.867Z,research,169457,167552,0,629,422,170086,ordinary
22616,2026-09-12T01:55:15.843Z,research,170176,169344,0,377,194,170553,ordinary
22624,2026-09-12T01:55:36.108Z,research,178486,170112,0,347,164,178833,ordinary
22631,2026-09-12T01:55:49.455Z,research,182896,178432,0,134,28,183030,ordinary
22641,2026-09-12T01:56:21.721Z,research,186574,182784,0,965,826,187539,ordinary
22649,2026-09-12T01:56:39.151Z,research,196083,186496,0,367,187,196450,ordinary
22663,2026-09-12T01:57:55.377Z,research,206663,195968,0,2198,1881,208861,ordinary
22671,2026-09-12T01:58:08.793Z,research,212674,206592,0,348,238,213022,ordinary
22683,2026-09-12T01:59:03.115Z,research,213307,212608,0,1289,1177,214596,ordinary
22690,2026-09-12T01:59:46.469Z,research,222276,213248,0,1084,289,223360,ordinary
22703,2026-09-12T02:00:01.834Z,research,223486,222208,0,347,63,223833,ordinary
22723,2026-09-12T02:01:48.021Z,research,227907,223360,0,2974,2647,230881,ordinary
22734,2026-09-12T02:02:36.366Z,research,239146,227840,0,1137,1031,240283,ordinary
22742,2026-09-12T02:02:56.898Z,research,245593,239104,0,437,283,246030,ordinary
22747,2026-09-12T02:06:43.814Z,research,254136,245504,0,7375,0,261511,compaction
22755,2026-09-12T02:06:48.754Z,research,21225,11904,0,86,0,21311,ordinary
22764,2026-09-12T02:07:10.096Z,research,22841,20992,0,592,131,23433,ordinary
22773,2026-09-12T02:07:24.140Z,research,34118,11904,0,248,32,34366,ordinary
22784,2026-09-12T02:08:39.828Z,research,47732,33920,0,2368,911,50100,ordinary
22795,2026-09-12T02:08:53.921Z,research,50195,47104,0,244,17,50439,ordinary
22803,2026-09-12T02:10:23.481Z,research,59212,50048,0,2764,516,61976,ordinary
22814,2026-09-12T02:12:16.084Z,research,66274,59136,0,3197,516,69471,ordinary
22824,2026-09-12T02:12:56.645Z,research,70430,65792,0,1088,233,71518,ordinary
22835,2026-09-12T02:13:32.155Z,research,79777,70272,0,605,516,80382,ordinary
22842,2026-09-12T02:13:43.177Z,research,81722,79616,0,195,45,81917,ordinary
22850,2026-09-12T02:15:29.548Z,research,87266,81536,0,3249,105,90515,ordinary
22858,2026-09-12T02:15:58.980Z,research,93342,87040,0,816,395,94158,ordinary
22868,2026-09-12T02:16:38.494Z,research,96752,93184,0,1171,14,97923,ordinary
22878,2026-09-12T02:17:04.014Z,research,98477,96640,0,742,399,99219,ordinary
22886,2026-09-12T02:18:13.677Z,research,111642,98304,0,2190,326,113832,ordinary
22896,2026-09-12T02:19:03.695Z,research,118547,111488,0,1514,279,120061,ordinary
22911,2026-09-12T02:19:57.401Z,research,120542,118016,0,1181,882,121723,ordinary
22923,2026-09-12T02:20:52.621Z,research,133010,120448,0,1329,1114,134339,ordinary
22963,2026-09-12T02:27:20.961Z,research,143050,132864,0,8896,8804,151946,ordinary
22972,2026-09-12T02:27:41.461Z,research,159843,142976,0,408,59,160251,ordinary
22980,2026-09-12T02:27:50.444Z,research,170728,159744,0,143,26,170871,ordinary
22988,2026-09-12T02:28:06.938Z,research,180454,170624,0,392,65,180846,ordinary
22999,2026-09-12T02:28:48.391Z,research,187280,180352,0,1262,897,188542,ordinary
23017,2026-09-12T02:30:20.772Z,research,203395,187136,0,2351,2220,205746,ordinary
23033,2026-09-12T02:31:29.288Z,research,213868,203008,0,1967,1568,215835,ordinary
23043,2026-09-12T02:32:05.340Z,research,225924,213760,0,861,633,226785,ordinary
23055,2026-09-12T02:34:09.638Z,research,236713,225792,0,3844,1295,240557,ordinary
23067,2026-09-12T02:35:25.836Z,research,241131,236544,0,2328,1455,243459,ordinary
23079,2026-09-12T02:36:27.380Z,research,243872,241024,0,1954,62,245826,ordinary
23085,2026-09-12T02:40:09.002Z,research,248281,243712,0,7189,0,255470,compaction
23097,2026-09-12T02:40:18.724Z,research,21041,11904,0,219,22,21260,ordinary
23104,2026-09-12T02:40:30.537Z,research,22810,20864,0,294,80,23104,ordinary
23112,2026-09-12T02:40:47.823Z,research,35179,22656,0,391,16,35570,ordinary
23121,2026-09-12T02:41:03.544Z,research,45900,34688,0,369,57,46269,ordinary
23132,2026-09-12T02:41:19.385Z,research,56668,45824,0,330,28,56998,ordinary
23141,2026-09-12T02:41:54.750Z,research,62203,56576,0,1077,489,63280,ordinary
23149,2026-09-12T02:43:09.686Z,research,63373,62080,0,2386,269,65759,ordinary
23156,2026-09-12T02:43:28.394Z,research,65835,63232,0,548,22,66383,ordinary
23165,2026-09-12T02:43:48.290Z,research,74697,65664,0,437,251,75134,ordinary
23174,2026-09-12T02:44:20.838Z,research,77414,74496,0,970,480,78384,ordinary
23182,2026-09-12T02:45:39.520Z,research,81969,77184,0,2459,62,84428,ordinary
23190,2026-09-12T02:47:31.529Z,research,85656,81792,0,3625,189,89281,ordinary
23199,2026-09-12T02:48:01.351Z,research,93310,85504,0,907,284,94217,ordinary
23207,2026-09-12T02:48:14.928Z,research,103310,92800,0,223,106,103533,ordinary
23214,2026-09-12T02:48:59.657Z,research,104050,103296,0,1260,203,105310,ordinary
23225,2026-09-12T02:49:39.152Z,research,105370,103936,0,1196,878,106566,ordinary
23233,2026-09-12T02:50:00.566Z,research,117317,105344,0,389,77,117706,ordinary
23241,2026-09-12T02:50:48.837Z,research,123134,117248,0,1469,470,124603,ordinary
23253,2026-09-12T02:51:48.887Z,research,125452,123008,0,1866,1034,127318,ordinary
23263,2026-09-12T02:52:08.840Z,research,131833,125440,0,455,79,132288,ordinary
23279,2026-09-12T02:53:43.739Z,research,138632,131712,0,2374,2130,141006,ordinary
23289,2026-09-12T02:54:14.066Z,research,152719,138496,0,758,574,153477,ordinary
23303,2026-09-12T02:55:35.979Z,research,162271,152576,0,2081,1876,164352,ordinary
23319,2026-09-12T02:57:00.795Z,research,175853,162176,0,2039,1891,177892,ordinary
23326,2026-09-12T02:57:26.998Z,research,185690,175744,0,575,491,186265,ordinary
23333,2026-09-12T02:57:42.369Z,research,194309,185600,0,314,55,194623,ordinary
23353,2026-09-12T03:00:08.279Z,research,204682,194176,0,3826,3624,208508,ordinary
23361,2026-09-12T03:01:02.571Z,research,213427,204544,0,1554,83,214981,ordinary
23372,2026-09-12T03:01:39.282Z,research,216336,213248,0,950,751,217286,ordinary
23382,2026-09-12T03:02:20.420Z,research,227087,216192,0,1033,892,228120,ordinary
23390,2026-09-12T03:02:51.964Z,research,236249,226944,0,844,110,237093,ordinary
23402,2026-09-12T03:04:01.415Z,research,238709,236032,0,1911,1467,240620,ordinary
23408,2026-09-12T03:04:23.386Z,research,240704,238464,0,546,16,241250,ordinary
23418,2026-09-12T03:05:53.701Z,research,241345,240512,0,2719,516,244064,ordinary
23426,2026-09-12T03:06:06.064Z,research,244158,241152,0,273,184,244431,ordinary
23430,2026-09-12T03:09:57.538Z,research,244990,243968,0,7592,0,252582,compaction
23438,2026-09-12T03:10:02.428Z,research,21445,11904,0,89,0,21534,ordinary
23448,2026-09-12T03:10:13.351Z,research,22224,11904,0,296,39,22520,ordinary
23458,2026-09-12T03:10:42.829Z,research,25879,21248,0,774,516,26653,ordinary
23468,2026-09-12T03:10:53.002Z,research,32453,25728,0,267,45,32720,ordinary
23480,2026-09-12T03:11:44.812Z,research,36389,32256,0,1197,1034,37586,ordinary
23486,2026-09-12T03:11:52.487Z,research,45778,36224,0,86,0,45864,ordinary
23493,2026-09-12T03:13:03.516Z,research,48434,45568,0,2269,317,50703,ordinary
23498,2026-09-12T03:13:27.430Z,research,50728,48256,0,705,0,51433,ordinary
23509,2026-09-12T03:14:00.285Z,research,51557,50560,0,904,14,52461,ordinary
23520,2026-09-12T03:14:30.559Z,research,53917,51328,0,807,514,54724,ordinary
23529,2026-09-12T03:14:44.177Z,research,64948,53760,0,306,88,65254,ordinary
23539,2026-09-12T03:15:39.956Z,research,69035,64768,0,1242,1020,70277,ordinary
23549,2026-09-12T03:16:23.166Z,research,75637,68864,0,933,727,76570,ordinary
23557,2026-09-12T03:16:33.931Z,research,80651,75520,0,239,142,80890,ordinary
23568,2026-09-12T03:17:24.181Z,research,81067,80512,0,1167,952,82234,ordinary
23577,2026-09-12T03:18:44.098Z,research,88341,80896,0,2388,53,90729,ordinary
23586,2026-09-12T03:18:57.343Z,research,94491,88192,0,167,62,94658,ordinary
23594,2026-09-12T03:19:06.954Z,research,98812,94336,0,198,17,99010,ordinary
23602,2026-09-12T03:19:15.403Z,research,99131,98688,0,95,20,99226,ordinary
23609,2026-09-12T03:19:43.785Z,research,99348,98944,0,860,245,100208,ordinary
23622,2026-09-12T03:20:01.723Z,research,100383,99200,0,262,31,100645,ordinary
23630,2026-09-12T03:20:09.104Z,research,103536,100224,0,109,0,103645,ordinary
23638,2026-09-12T03:21:19.685Z,research,106458,103424,0,2116,480,108574,ordinary
23651,2026-09-12T03:22:43.248Z,research,108794,105856,0,1954,1787,110748,ordinary
23659,2026-09-12T03:23:12.344Z,research,118901,108672,0,671,64,119572,ordinary
23671,2026-09-12T03:24:18.927Z,research,124088,118784,0,1890,1119,125978,ordinary
23686,2026-09-12T03:25:30.820Z,research,134813,124032,0,2224,473,137037,ordinary
23699,2026-09-12T03:26:41.312Z,research,137203,134784,0,1810,1552,139013,ordinary
23714,2026-09-12T03:27:38.713Z,research,140117,137088,0,1203,1120,141320,ordinary
23724,2026-09-12T03:29:12.314Z,research,146841,140032,0,2907,685,149748,ordinary
23735,2026-09-12T03:30:17.565Z,research,149816,146816,0,1796,970,151612,ordinary
23747,2026-09-12T03:30:33.333Z,research,153001,149760,0,363,190,153364,ordinary
23755,2026-09-12T03:30:44.050Z,research,153462,152960,0,198,93,153660,ordinary
23764,2026-09-12T03:31:27.585Z,research,154993,153344,0,1189,627,156182,ordinary
23776,2026-09-12T03:31:55.184Z,research,156345,154880,0,554,52,156899,ordinary
23785,2026-09-12T03:33:02.980Z,research,157128,156288,0,1858,408,158986,ordinary
23796,2026-09-12T03:33:15.669Z,research,159940,157056,0,295,109,160235,ordinary
23806,2026-09-12T03:34:01.939Z,research,160659,159872,0,1028,815,161687,ordinary
23820,2026-09-12T03:35:29.353Z,research,163274,160640,0,2025,1888,165299,ordinary
23828,2026-09-12T03:36:01.648Z,research,169587,163200,0,515,329,170102,ordinary
23844,2026-09-12T03:37:34.197Z,research,174195,169472,0,2363,2146,176558,ordinary
23860,2026-09-12T03:38:43.891Z,research,178339,174080,0,1677,1075,180016,ordinary
23869,2026-09-12T03:40:23.993Z,research,180046,178304,0,2979,740,183025,ordinary
23877,2026-09-12T03:41:14.098Z,research,183085,179968,0,1393,516,184478,ordinary
23885,2026-09-12T03:41:55.214Z,research,184721,183040,0,1016,516,185737,ordinary
23898,2026-09-12T03:43:02.841Z,research,186268,184576,0,1559,1478,187827,ordinary
23908,2026-09-12T03:43:17.449Z,research,188724,186240,0,292,26,189016,ordinary
23922,2026-09-12T03:44:41.689Z,research,190348,188672,0,1987,1852,192335,ordinary
23935,2026-09-12T03:46:05.899Z,research,192712,190208,0,2635,1131,195347,ordinary
23950,2026-09-12T03:47:38.017Z,research,195407,192640,0,2022,1776,197429,ordinary
23958,2026-09-12T03:47:52.617Z,research,199326,195328,0,388,194,199714,ordinary
23970,2026-09-12T03:49:01.103Z,research,200607,199296,0,1588,1234,202195,ordinary
23981,2026-09-12T03:49:12.107Z,research,202379,200576,0,222,20,202601,ordinary
23988,2026-09-12T03:49:30.835Z,research,203276,202240,0,445,150,203721,ordinary
23996,2026-09-12T03:49:54.022Z,research,203902,203136,0,538,370,204440,ordinary
24007,2026-09-12T03:50:53.890Z,research,204867,203776,0,1623,1034,206490,ordinary
24015,2026-09-12T03:51:52.365Z,research,206590,204800,0,1567,516,208157,ordinary
24025,2026-09-12T03:53:38.266Z,research,208353,206464,0,3219,816,211572,ordinary
24035,2026-09-12T03:54:00.887Z,research,211779,208256,0,357,211,212136,ordinary
24043,2026-09-12T03:54:14.365Z,research,212357,211712,0,292,13,212649,ordinary
24053,2026-09-12T03:54:49.528Z,research,212888,212224,0,699,338,213587,ordinary
24062,2026-09-12T03:55:13.860Z,research,214011,212864,0,705,37,214716,ordinary
24072,2026-09-12T03:55:32.154Z,research,214958,213888,0,338,167,215296,ordinary
24088,2026-09-12T03:56:44.372Z,research,216426,214912,0,1805,1152,218231,ordinary
24098,2026-09-12T03:57:20.340Z,research,218362,216320,0,1074,174,219436,ordinary
24115,2026-09-12T03:59:00.829Z,research,220468,218240,0,2975,1151,223443,ordinary
24121,2026-09-12T03:59:39.654Z,research,223507,220416,0,1163,501,224670,ordinary
24137,2026-09-12T04:02:01.153Z,research,225505,223488,0,4356,1977,229861,ordinary
24144,2026-09-12T04:02:15.842Z,research,229920,225408,0,161,71,230081,ordinary
24152,2026-09-12T04:03:01.730Z,research,230285,229888,0,1311,369,231596,ordinary
24164,2026-09-12T04:03:27.869Z,research,231851,230144,0,566,111,232417,ordinary
24186,2026-09-12T04:06:01.816Z,research,233366,231808,0,3665,3106,237031,ordinary
24200,2026-09-12T04:07:28.950Z,research,238213,233344,0,1889,1641,240102,ordinary
24210,2026-09-12T04:08:41.966Z,research,240546,238080,0,1963,747,242509,ordinary
24229,2026-09-12T04:11:17.067Z,research,242570,240512,0,3794,3624,246364,ordinary
24235,2026-09-12T04:15:31.791Z,research,247051,242432,0,8349,0,255400,compaction
24247,2026-09-12T04:15:41.547Z,research,22198,11904,0,250,29,22448,ordinary
24255,2026-09-12T04:15:54.226Z,research,23569,22016,0,305,113,23874,ordinary
24265,2026-09-12T04:16:10.939Z,research,31542,23424,0,420,234,31962,ordinary
24276,2026-09-12T04:17:26.709Z,research,35905,31360,0,2356,101,38261,ordinary
24283,2026-09-12T04:17:47.471Z,research,38287,35712,0,609,57,38896,ordinary
24290,2026-09-12T04:17:57.132Z,research,38994,38144,0,218,17,39212,ordinary
24301,2026-09-12T04:18:31.628Z,research,45359,38784,0,1055,222,46414,ordinary
24311,2026-09-12T04:18:42.300Z,research,46818,45184,0,224,11,47042,ordinary
24320,2026-09-12T04:19:18.743Z,research,49475,46592,0,1096,105,50571,ordinary
24327,2026-09-12T04:19:55.272Z,research,50666,49280,0,1149,19,51815,ordinary
24338,2026-09-12T04:20:28.184Z,research,53184,50432,0,941,40,54125,ordinary
24348,2026-09-12T04:21:04.271Z,research,56049,52992,0,904,8,56953,ordinary
24356,2026-09-12T04:21:30.363Z,research,57764,55808,0,538,40,58302,ordinary
24366,2026-09-12T04:21:52.267Z,research,58797,57600,0,582,354,59379,ordinary
24375,2026-09-12T04:22:42.847Z,research,61879,58624,0,1601,265,63480,ordinary
24387,2026-09-12T04:24:53.873Z,research,63538,61696,0,4172,972,67710,ordinary
24395,2026-09-12T04:25:09.192Z,research,68164,63360,0,381,192,68545,ordinary
24404,2026-09-12T04:26:02.509Z,research,69166,67968,0,1511,265,70677,ordinary
24412,2026-09-12T04:26:14.302Z,research,70970,68992,0,300,35,71270,ordinary
24419,2026-09-12T04:26:51.964Z,research,71397,70784,0,1141,112,72538,ordinary
24431,2026-09-12T04:28:09.915Z,research,73023,71168,0,2443,829,75466,ordinary
24442,2026-09-12T04:29:04.369Z,research,76966,72832,0,1588,724,78554,ordinary
24457,2026-09-12T04:30:25.121Z,research,89646,76800,0,1922,1649,91568,ordinary
24464,2026-09-12T04:30:38.870Z,research,96503,89472,0,335,162,96838,ordinary
24478,2026-09-12T04:32:03.757Z,research,105318,96384,0,1905,1714,107223,ordinary
24490,2026-09-12T04:32:36.002Z,research,109342,105088,0,807,577,110149,ordinary
24509,2026-09-12T04:35:06.762Z,research,114672,109184,0,3790,3031,118462,ordinary
24518,2026-09-12T04:36:01.377Z,research,119379,114432,0,1726,516,121105,ordinary
24526,2026-09-12T04:37:15.786Z,research,121321,119168,0,2062,516,123383,ordinary
24543,2026-09-12T04:39:20.398Z,research,123922,121088,0,3405,2070,127327,ordinary
24550,2026-09-12T04:39:44.182Z,research,127553,123776,0,302,15,127855,ordinary
24561,2026-09-12T04:39:58.637Z,research,128122,127360,0,327,139,128449,ordinary
24569,2026-09-12T04:40:42.510Z,research,130527,128000,0,1352,338,131879,ordinary
24579,2026-09-12T04:40:55.781Z,research,131976,130304,0,209,58,132185,ordinary
24590,2026-09-12T04:42:05.917Z,research,132521,131840,0,2099,605,134620,ordinary
24597,2026-09-12T04:42:47.360Z,research,134814,132352,0,1048,15,135862,ordinary
24608,2026-09-12T04:43:05.320Z,research,136219,134656,0,408,26,136627,ordinary
24620,2026-09-12T04:43:23.920Z,research,137455,136064,0,416,197,137871,ordinary
24631,2026-09-12T04:43:41.754Z,research,148340,137216,0,292,22,148632,ordinary
24640,2026-09-12T04:44:00.986Z,research,149865,148224,0,500,252,150365,ordinary
24648,2026-09-12T04:45:36.190Z,research,152361,149632,0,3015,17,155376,ordinary
24655,2026-09-12T04:45:59.537Z,research,155477,152192,0,490,275,155967,ordinary
24666,2026-09-12T04:46:24.182Z,research,157224,155264,0,695,368,157919,ordinary
24675,2026-09-12T04:46:33.000Z,research,163346,157056,0,138,9,163484,ordinary
24685,2026-09-12T04:47:12.848Z,research,169486,163200,0,1129,718,170615,ordinary
24696,2026-09-12T04:47:35.791Z,research,171131,169344,0,324,153,171455,ordinary
24703,2026-09-12T04:48:37.268Z,research,174003,171008,0,1896,147,175899,ordinary
24714,2026-09-12T04:49:37.984Z,research,176356,173824,0,1804,693,178160,ordinary
24726,2026-09-12T04:51:15.869Z,research,178458,176128,0,3116,835,181574,ordinary
24736,2026-09-12T04:51:33.735Z,research,181703,178304,0,218,63,181921,ordinary
24743,2026-09-12T04:52:05.041Z,research,183302,181504,0,741,267,184043,ordinary
24752,2026-09-12T04:52:47.612Z,research,184306,183168,0,1278,435,185584,ordinary
24762,2026-09-12T04:53:54.111Z,research,187087,184064,0,1597,1030,188684,ordinary
24770,2026-09-12T04:54:17.788Z,research,188795,186880,0,707,189,189502,ordinary
24790,2026-09-12T04:56:25.613Z,research,190274,188544,0,3039,2743,193313,ordinary
24799,2026-09-12T04:57:25.864Z,research,194964,190080,0,1697,516,196661,ordinary
24815,2026-09-12T04:59:25.462Z,research,196815,194816,0,2706,2463,199521,ordinary
24823,2026-09-12T04:59:41.684Z,research,199784,196608,0,318,210,200102,ordinary
24830,2026-09-12T04:59:53.880Z,research,201056,199552,0,298,227,201354,ordinary
24846,2026-09-12T05:01:30.979Z,research,209280,200832,0,2230,2134,211510,ordinary
24853,2026-09-12T05:01:52.745Z,research,211745,209152,0,566,24,212311,ordinary
24863,2026-09-12T05:02:23.398Z,research,212494,211584,0,828,50,213322,ordinary
24875,2026-09-12T05:03:53.101Z,research,213941,212352,0,2583,1524,216524,ordinary
24887,2026-09-12T05:04:29.014Z,research,216742,213760,0,858,554,217600,ordinary
24908,2026-09-12T07:38:12.872Z,research,219861,11904,0,291,87,220152,ordinary
24917,2026-09-12T07:38:32.070Z,research,221530,219648,0,352,85,221882,ordinary
24929,2026-09-12T07:40:03.436Z,research,222733,221312,0,2776,505,225509,ordinary
24943,2026-09-12T07:42:01.844Z,research,226600,222592,0,2194,2070,228794,ordinary
24950,2026-09-12T07:42:25.017Z,research,229698,226432,0,601,394,230299,ordinary
24972,2026-09-12T07:45:08.477Z,research,231316,229504,0,2953,2790,234269,ordinary
24978,2026-09-12T07:45:59.207Z,research,234489,231168,0,1123,223,235612,ordinary
24986,2026-09-12T07:47:38.237Z,research,235673,234240,0,3007,239,238680,ordinary
25001,2026-09-12T07:49:58.513Z,research,239278,235520,0,3859,1898,243137,ordinary
25016,2026-09-12T07:52:27.418Z,research,243233,239104,0,4475,2070,247708,ordinary
25022,2026-09-12T07:57:20.955Z,research,248077,243072,0,9472,0,257549,compaction
25031,2026-09-12T07:57:29.208Z,research,23322,11904,0,147,0,23469,ordinary
25040,2026-09-12T07:57:40.655Z,research,24392,23168,0,309,24,24701,ordinary
25050,2026-09-12T07:58:17.752Z,research,32228,24192,0,960,57,33188,ordinary
25056,2026-09-12T07:58:47.275Z,research,33529,32000,0,701,0,34230,ordinary
25063,2026-09-12T07:59:02.333Z,research,34699,33408,0,284,21,34983,ordinary
25073,2026-09-12T08:00:00.884Z,research,38918,34560,0,1794,288,40712,ordinary
25082,2026-09-12T08:00:30.467Z,research,40803,38784,0,712,516,41515,ordinary
25088,2026-09-12T08:01:07.175Z,research,41580,40576,0,1045,17,42625,ordinary
25096,2026-09-12T08:01:17.584Z,research,43711,41344,0,187,70,43898,ordinary
25103,2026-09-12T08:03:02.534Z,research,48880,43520,0,3134,340,52014,ordinary
25113,2026-09-12T08:03:16.041Z,research,52112,48640,0,309,73,52421,ordinary
25119,2026-09-12T08:03:21.868Z,research,53466,51968,0,120,0,53586,ordinary
25126,2026-09-12T08:03:48.726Z,research,62750,53248,0,648,516,63398,ordinary
25134,2026-09-12T08:04:00.470Z,research,67702,62592,0,151,46,67853,ordinary
25142,2026-09-12T08:04:14.710Z,research,75492,67584,0,328,130,75820,ordinary
25150,2026-09-12T08:05:07.407Z,research,84361,75264,0,1533,16,85894,ordinary
25161,2026-09-12T08:05:28.050Z,research,86171,84224,0,485,120,86656,ordinary
25170,2026-09-12T08:06:02.917Z,research,95133,86016,0,706,516,95839,ordinary
25180,2026-09-12T08:07:01.108Z,research,106491,94976,0,1586,925,108077,ordinary
25188,2026-09-12T08:07:09.887Z,research,108213,106368,0,137,21,108350,ordinary
25203,2026-09-12T08:08:52.074Z,research,113219,108032,0,2776,1968,115995,ordinary
25219,2026-09-12T08:10:27.449Z,research,116516,113024,0,2650,1161,119166,ordinary
25226,2026-09-12T08:10:54.767Z,research,119191,116352,0,515,170,119706,ordinary
25236,2026-09-12T08:12:16.970Z,research,120102,119040,0,2612,1034,122714,ordinary
25245,2026-09-12T08:13:19.809Z,research,122938,119936,0,1820,50,124758,ordinary
25255,2026-09-12T08:13:35.677Z,research,124886,122752,0,154,30,125040,ordinary
25262,2026-09-12T08:14:09.303Z,research,125750,124672,0,639,32,126389,ordinary
25282,2026-09-12T08:16:03.511Z,research,126526,125568,0,2668,2388,129194,ordinary
25289,2026-09-12T08:17:20.367Z,research,129364,126336,0,2345,516,131709,ordinary
25298,2026-09-12T08:17:28.616Z,research,132063,129152,0,126,12,132189,ordinary
25306,2026-09-12T08:17:48.583Z,research,140344,131840,0,382,56,140726,ordinary
25315,2026-09-12T08:18:10.430Z,research,148861,140160,0,373,198,149234,ordinary
25324,2026-09-12T08:19:25.157Z,research,152122,148608,0,2233,516,154355,ordinary
25332,2026-09-12T08:19:46.735Z,research,155269,151936,0,304,99,155573,ordinary
25343,2026-09-12T08:20:56.541Z,research,161713,155136,0,1983,1034,163696,ordinary
25352,2026-09-12T08:21:17.486Z,research,164500,161536,0,214,58,164714,ordinary
25360,2026-09-12T08:23:13.510Z,research,165229,164352,0,3456,516,168685,ordinary
25378,2026-09-12T08:25:50.046Z,research,168779,164992,0,3585,2847,172364,ordinary
25389,2026-09-12T08:26:56.343Z,research,173321,168576,0,1875,516,175196,ordinary
25397,2026-09-12T08:27:07.905Z,research,183177,173184,0,155,25,183332,ordinary
25408,2026-09-12T08:28:43.464Z,research,186797,183040,0,2886,868,189683,ordinary
25416,2026-09-12T08:29:14.382Z,research,191370,186624,0,571,21,191941,ordinary
25425,2026-09-12T08:29:41.747Z,research,200192,191232,0,404,45,200596,ordinary
25435,2026-09-12T08:30:41.702Z,research,200943,200064,0,1803,516,202746,ordinary
25442,2026-09-12T08:30:55.887Z,research,202981,200704,0,157,45,203138,ordinary
25449,2026-09-12T08:31:07.965Z,research,208514,202752,0,173,16,208687,ordinary
25472,2026-09-12T08:34:16.283Z,research,215141,208384,0,4394,4050,219535,ordinary
25484,2026-09-12T08:35:25.727Z,research,222232,214912,0,2194,753,224426,ordinary
25501,2026-09-12T08:37:59.190Z,research,224945,221696,0,4350,2358,229295,ordinary
25512,2026-09-12T08:39:32.618Z,research,229592,224768,0,2971,1034,232563,ordinary
25522,2026-09-12T08:40:09.690Z,research,232659,229376,0,992,795,233651,ordinary
25535,2026-09-12T08:43:05.947Z,research,236527,232448,0,5472,1388,241999,ordinary
25547,2026-09-12T08:43:51.343Z,research,242094,236416,0,1132,810,243226,ordinary
25553,2026-09-12T08:48:01.727Z,research,251932,241920,0,7976,0,259908,compaction
25565,2026-09-12T08:48:11.570Z,research,21824,11904,0,210,31,22034,ordinary
25570,2026-09-12T08:48:21.970Z,research,27964,21632,0,238,0,28202,ordinary
25580,2026-09-12T08:48:36.185Z,research,37933,27776,0,310,145,38243,ordinary
25587,2026-09-12T08:48:58.403Z,research,40127,37760,0,176,54,40303,ordinary
25593,2026-09-12T08:49:07.611Z,research,40340,39936,0,108,15,40448,ordinary
25600,2026-09-12T08:49:47.444Z,research,45461,40192,0,1244,66,46705,ordinary
25607,2026-09-12T08:50:10.587Z,research,46961,45312,0,659,429,47620,ordinary
25615,2026-09-12T08:50:20.948Z,research,59395,46720,0,164,16,59559,ordinary
25625,2026-09-12T08:50:35.256Z,research,72445,59264,0,353,13,72798,ordinary
25635,2026-09-12T08:51:44.359Z,research,81334,72320,0,2121,922,83455,ordinary
25643,2026-09-12T08:51:55.912Z,research,83746,81152,0,98,9,83844,ordinary
25650,2026-09-12T08:52:14.030Z,research,84588,83584,0,397,14,84985,ordinary
25659,2026-09-12T08:52:35.502Z,research,85434,84352,0,621,406,86055,ordinary
25668,2026-09-12T08:53:03.928Z,research,88247,85248,0,871,574,89118,ordinary
25675,2026-09-12T08:53:17.491Z,research,90222,88064,0,352,258,90574,ordinary
25682,2026-09-12T08:54:05.171Z,research,94174,89984,0,1510,257,95684,ordinary
25690,2026-09-12T08:54:38.527Z,research,95803,93952,0,1014,516,96817,ordinary
25698,2026-09-12T08:55:53.707Z,research,102243,95616,0,2392,516,104635,ordinary
25706,2026-09-12T08:56:48.946Z,research,106036,102016,0,1763,403,107799,ordinary
25715,2026-09-12T08:58:17.103Z,research,107921,105856,0,2855,516,110776,ordinary
25724,2026-09-12T08:59:52.080Z,research,110843,107776,0,2934,516,113777,ordinary
25731,2026-09-12T09:00:15.715Z,research,113843,110720,0,631,516,114474,ordinary
25742,2026-09-12T09:01:25.529Z,research,115354,113664,0,2261,1293,117615,ordinary
25761,2026-09-12T09:03:37.069Z,research,118382,115200,0,4216,2814,122598,ordinary
25769,2026-09-12T09:03:59.296Z,research,123124,118144,0,577,268,123701,ordinary
25777,2026-09-12T09:04:39.798Z,research,123805,123008,0,1178,189,124983,ordinary
25789,2026-09-12T09:06:08.122Z,research,125499,123648,0,2599,1244,128098,ordinary
25796,2026-09-12T09:06:29.413Z,research,128238,125312,0,523,413,128761,ordinary
25805,2026-09-12T09:06:43.029Z,research,130089,128000,0,350,102,130439,ordinary
25813,2026-09-12T09:06:57.594Z,research,139622,129920,0,267,193,139889,ordinary
25821,2026-09-12T09:08:00.618Z,research,140961,139392,0,1890,516,142851,ordinary
25828,2026-09-12T09:09:20.562Z,research,142912,140800,0,2567,91,145479,ordinary
25836,2026-09-12T09:09:44.983Z,research,145685,142720,0,521,379,146206,ordinary
25844,2026-09-12T09:10:47.031Z,research,147245,145536,0,1972,253,149217,ordinary
25853,2026-09-12T09:11:28.577Z,research,149285,147072,0,1021,753,150306,ordinary
25862,2026-09-12T09:12:22.595Z,research,150676,149120,0,1723,22,152399,ordinary
25869,2026-09-12T09:12:53.685Z,research,153431,150528,0,578,471,154009,ordinary
25876,2026-09-12T09:13:13.502Z,research,155348,153216,0,550,414,155898,ordinary
25885,2026-09-12T09:14:02.912Z,research,164383,155136,0,1397,516,165780,ordinary
25893,2026-09-12T09:14:15.109Z,research,165893,164224,0,265,186,166158,ordinary
25904,2026-09-12T09:14:26.484Z,research,167429,165760,0,233,69,167662,ordinary
25911,2026-09-12T09:14:42.834Z,research,170847,167296,0,445,27,171292,ordinary
25919,2026-09-12T09:14:56.421Z,research,179673,170624,0,189,35,179862,ordinary
25926,2026-09-12T09:15:09.221Z,research,184287,179456,0,193,95,184480,ordinary
25945,2026-09-12T09:17:06.385Z,research,193597,184064,0,3188,2923,196785,ordinary
25951,2026-09-12T09:17:10.745Z,research,196843,193408,0,45,0,196888,ordinary
25959,2026-09-12T09:18:36.055Z,research,198338,196608,0,2743,809,201081,ordinary
25977,2026-09-12T09:20:46.736Z,research,201142,197888,0,3217,3075,204359,ordinary
25991,2026-09-12T09:22:30.897Z,research,206643,200960,0,3220,1916,209863,ordinary
25997,2026-09-12T09:22:38.322Z,research,209946,206464,0,108,26,210054,ordinary
26005,2026-09-12T09:22:58.446Z,research,214402,209792,0,537,363,214939,ordinary
26013,2026-09-12T09:23:37.459Z,research,225434,214272,0,458,336,225892,ordinary
26020,2026-09-12T09:24:05.503Z,research,226076,225280,0,849,30,226925,ordinary
26027,2026-09-12T09:24:18.553Z,research,227599,225920,0,338,159,227937,ordinary
26040,2026-09-12T09:25:25.740Z,research,233192,227456,0,1854,1611,235046,ordinary
26049,2026-09-12T09:25:45.630Z,research,235115,233088,0,523,321,235638,ordinary
26056,2026-09-12T09:25:55.867Z,research,236487,235008,0,190,69,236677,ordinary
26072,2026-09-12T09:27:30.278Z,research,238686,236288,0,2969,1996,241655,ordinary
26077,2026-09-12T09:31:36.626Z,research,250493,238464,0,8074,0,258567,compaction
26089,2026-09-12T09:31:46.071Z,research,21921,11904,0,240,29,22161,ordinary
26096,2026-09-12T09:32:13.331Z,research,25206,21760,0,719,516,25925,ordinary
26104,2026-09-12T09:32:26.364Z,research,34558,25088,0,183,15,34741,ordinary
26112,2026-09-12T09:34:39.605Z,research,43969,34432,0,4282,400,48251,ordinary
26121,2026-09-12T09:35:08.197Z,research,48278,43776,0,755,135,49033,ordinary
26130,2026-09-12T09:35:20.176Z,research,51553,48128,0,236,22,51789,ordinary
26138,2026-09-12T09:35:42.763Z,research,62969,51328,0,587,45,63556,ordinary
26147,2026-09-12T09:36:07.361Z,research,71784,62848,0,598,125,72382,ordinary
26155,2026-09-12T09:36:21.593Z,research,81402,71552,0,359,122,81761,ordinary
26168,2026-09-12T09:37:09.413Z,research,93993,81280,0,1294,1034,95287,ordinary
26176,2026-09-12T09:37:19.135Z,research,104559,93312,0,185,21,104744,ordinary
26184,2026-09-12T09:37:39.633Z,research,112864,104448,0,461,203,113325,ordinary
26193,2026-09-12T09:39:10.660Z,research,121492,112768,0,2847,516,124339,ordinary
26199,2026-09-12T09:39:19.938Z,research,124363,121344,0,192,27,124555,ordinary
26206,2026-09-12T09:39:32.190Z,research,124803,124160,0,332,104,125135,ordinary
26214,2026-09-12T09:40:50.071Z,research,129916,124672,0,2306,393,132222,ordinary
26225,2026-09-12T09:41:09.223Z,research,133318,129792,0,429,43,133747,ordinary
26233,2026-09-12T09:41:22.697Z,research,144683,133120,0,192,17,144875,ordinary
26240,2026-09-12T09:41:54.617Z,research,148247,144512,0,860,285,149107,ordinary
26248,2026-09-12T09:42:13.093Z,research,149594,148096,0,463,271,150057,ordinary
26260,2026-09-12T09:44:26.399Z,research,156611,149504,0,4213,602,160824,ordinary
26267,2026-09-12T09:45:16.170Z,research,160853,156032,0,1266,381,162119,ordinary
26278,2026-09-12T09:45:29.137Z,research,162217,160640,0,304,113,162521,ordinary
26285,2026-09-12T09:46:20.764Z,research,170500,162048,0,1364,115,171864,ordinary
26294,2026-09-12T09:46:49.363Z,research,172287,170368,0,809,516,173096,ordinary
26304,2026-09-12T09:49:03.654Z,research,181303,172160,0,4306,1034,185609,ordinary
26312,2026-09-12T09:49:18.143Z,research,185803,181120,0,363,157,186166,ordinary
26320,2026-09-12T09:49:29.314Z,research,194699,185600,0,233,31,194932,ordinary
26328,2026-09-12T09:49:41.929Z,research,203085,194560,0,229,86,203314,ordinary
26336,2026-09-12T09:50:03.526Z,research,206551,202880,0,542,230,207093,ordinary
26346,2026-09-12T09:50:18.856Z,research,215144,205952,0,317,167,215461,ordinary
26353,2026-09-12T09:50:28.217Z,research,217531,215040,0,95,41,217626,ordinary
26360,2026-09-12T09:50:52.700Z,research,219547,217344,0,503,131,220050,ordinary
26369,2026-09-12T09:51:51.668Z,research,221504,219392,0,1746,516,223250,ordinary
26377,2026-09-12T09:53:48.813Z,research,226344,221312,0,3639,516,229983,ordinary
26388,2026-09-12T09:54:14.833Z,research,230084,225792,0,693,516,230777,ordinary
26397,2026-09-12T09:55:13.663Z,research,231090,230016,0,1827,661,232917,ordinary
26405,2026-09-12T09:55:25.154Z,research,233607,231040,0,245,33,233852,ordinary
26414,2026-09-12T09:55:39.319Z,research,234371,233472,0,332,227,234703,ordinary
26425,2026-09-12T09:55:56.359Z,research,235976,234240,0,450,180,236426,ordinary
26433,2026-09-12T09:56:11.679Z,research,242246,235904,0,299,53,242545,ordinary
26438,2026-09-12T10:00:08.786Z,research,246673,242176,0,7458,0,254131,compaction
26450,2026-09-12T10:00:16.397Z,research,21304,11904,0,180,52,21484,ordinary
26457,2026-09-12T10:00:28.707Z,research,22906,21120,0,322,38,23228,ordinary
26466,2026-09-12T10:00:49.984Z,research,34806,22784,0,523,14,35329,ordinary
26472,2026-09-12T10:00:59.871Z,research,38947,34688,0,120,0,39067,ordinary
26483,2026-09-12T10:01:26.243Z,research,44217,38784,0,776,348,44993,ordinary
26492,2026-09-12T10:01:46.226Z,research,56383,44032,0,486,417,56869,ordinary
26501,2026-09-12T10:01:58.316Z,research,62646,56192,0,316,94,62962,ordinary
26510,2026-09-12T10:03:28.132Z,research,72995,62208,0,2779,516,75774,ordinary
26516,2026-09-12T10:03:45.683Z,research,76014,72832,0,447,217,76461,ordinary
26524,2026-09-12T10:04:07.963Z,research,87046,75904,0,423,222,87469,ordinary
26534,2026-09-12T10:04:44.806Z,research,96785,86912,0,878,367,97663,ordinary
26541,2026-09-12T10:05:09.302Z,research,98793,96640,0,537,315,99330,ordinary
26549,2026-09-12T10:05:21.602Z,research,105408,98688,0,275,47,105683,ordinary
26554,2026-09-12T10:05:31.308Z,research,106272,105344,0,55,0,106327,ordinary
26562,2026-09-12T10:05:42.368Z,research,110418,106112,0,279,84,110697,ordinary
26571,2026-09-12T10:05:55.819Z,research,111652,109824,0,162,27,111814,ordinary
26579,2026-09-12T10:06:10.547Z,research,116029,111488,0,398,211,116427,ordinary
26588,2026-09-12T10:06:47.897Z,research,117340,115584,0,1109,166,118449,ordinary
26597,2026-09-12T10:09:13.217Z,research,118728,117248,0,4722,516,123450,ordinary
26608,2026-09-12T10:09:33.376Z,research,123719,118656,0,577,283,124296,ordinary
26616,2026-09-12T10:11:04.667Z,research,125750,123648,0,2918,484,128668,ordinary
26626,2026-09-12T10:11:52.120Z,research,129044,125696,0,1430,516,130474,ordinary
26633,2026-09-12T10:12:40.234Z,research,130755,129024,0,1495,360,132250,ordinary
26640,2026-09-12T10:12:52.796Z,research,133469,130688,0,271,209,133740,ordinary
26647,2026-09-12T10:13:12.243Z,research,134774,133376,0,417,251,135191,ordinary
26653,2026-09-12T10:13:17.268Z,research,135375,134656,0,65,0,135440,ordinary
26664,2026-09-12T10:13:45.226Z,research,136711,135296,0,727,473,137438,ordinary
26674,2026-09-12T10:14:31.639Z,research,148340,136576,0,1199,1034,149539,ordinary
26682,2026-09-12T10:14:45.308Z,research,158520,148224,0,251,32,158771,ordinary
26690,2026-09-12T10:15:01.592Z,research,167631,158464,0,365,57,167996,ordinary
26714,2026-09-12T10:17:45.705Z,research,177370,167552,0,4412,4142,181782,ordinary
26726,2026-09-12T10:18:38.077Z,research,191852,177280,0,1369,1199,193221,ordinary
26739,2026-09-12T10:20:08.165Z,research,203878,191744,0,2816,1552,206694,ordinary
26750,2026-09-12T10:21:10.020Z,research,206764,203776,0,1714,1552,208478,ordinary
26757,2026-09-12T10:21:24.725Z,research,216978,206720,0,294,76,217272,ordinary
26773,2026-09-12T10:22:34.431Z,research,223383,216960,0,1855,1629,225238,ordinary
26780,2026-09-12T10:22:51.857Z,research,234000,223360,0,417,17,234417,ordinary
26788,2026-09-12T10:24:17.753Z,research,236749,233984,0,2648,516,239397,ordinary
26796,2026-09-12T10:24:28.809Z,research,239614,236672,0,182,19,239796,ordinary
26803,2026-09-12T10:24:43.606Z,research,241838,239488,0,382,184,242220,ordinary
26809,2026-09-12T10:28:23.623Z,research,246567,241792,0,7073,0,253640,compaction
26821,2026-09-12T10:28:34.971Z,research,20916,11904,0,271,57,21187,ordinary
26827,2026-09-12T10:28:49.144Z,research,22582,20736,0,279,0,22861,ordinary
26836,2026-09-12T10:29:13.260Z,research,33858,22400,0,623,421,34481,ordinary
26847,2026-09-12T10:31:17.951Z,research,46684,33664,0,3791,49,50475,ordinary
26853,2026-09-12T10:32:43.785Z,research,50499,46464,0,2755,515,53254,ordinary
26861,2026-09-12T10:33:13.351Z,research,53865,50304,0,771,122,54636,ordinary
26871,2026-09-12T10:33:34.335Z,research,54696,53632,0,554,27,55250,ordinary
26878,2026-09-12T10:34:19.883Z,research,58314,54528,0,1384,0,59698,ordinary
26888,2026-09-12T10:35:57.529Z,research,60185,58240,0,3059,903,63244,ordinary
26896,2026-09-12T10:36:21.620Z,research,64920,60032,0,717,51,65637,ordinary
26908,2026-09-12T10:36:34.684Z,research,66804,64768,0,201,27,67005,ordinary
26915,2026-09-12T10:37:10.510Z,research,68352,66688,0,1123,234,69475,ordinary
26923,2026-09-12T10:37:16.287Z,research,70523,68224,0,107,52,70630,ordinary
26932,2026-09-12T10:37:46.728Z,research,71326,70400,0,688,455,72014,ordinary
26940,2026-09-12T10:38:06.702Z,research,82485,71168,0,201,20,82686,ordinary
26948,2026-09-12T10:38:19.117Z,research,93489,82432,0,206,42,93695,ordinary
26956,2026-09-12T10:38:30.051Z,research,103447,93440,0,191,49,103638,ordinary
26974,2026-09-12T10:40:42.798Z,research,105033,103296,0,3235,3008,108268,ordinary
26984,2026-09-12T10:40:57.507Z,research,116737,104960,0,375,117,117112,ordinary
26992,2026-09-12T10:41:16.365Z,research,126190,116608,0,440,24,126630,ordinary
27000,2026-09-12T10:41:27.493Z,research,135174,126080,0,140,41,135314,ordinary
27028,2026-09-12T10:46:01.540Z,research,148505,135040,0,6452,5696,154957,ordinary
27038,2026-09-12T10:46:21.823Z,research,155039,148352,0,336,56,155375,ordinary
27049,2026-09-12T10:47:06.802Z,research,166905,154880,0,1086,908,167991,ordinary
27057,2026-09-12T10:47:16.748Z,research,176680,166784,0,221,28,176901,ordinary
27065,2026-09-12T10:47:26.670Z,research,181850,176256,0,231,58,182081,ordinary
27073,2026-09-12T10:47:42.204Z,research,190279,181376,0,214,117,190493,ordinary
27082,2026-09-12T10:49:19.464Z,research,192906,190080,0,3112,1034,196018,ordinary
27092,2026-09-12T10:50:08.439Z,research,196046,192768,0,1468,554,197514,ordinary
27100,2026-09-12T10:50:17.335Z,research,199080,195968,0,110,32,199190,ordinary
27109,2026-09-12T10:50:46.091Z,research,199836,198912,0,807,74,200643,ordinary
27118,2026-09-12T10:52:17.651Z,research,200738,199680,0,2781,116,203519,ordinary
27130,2026-09-12T10:53:36.457Z,research,203987,200576,0,2371,1119,206358,ordinary
27139,2026-09-12T10:55:22.019Z,research,206748,203904,0,3346,1008,210094,ordinary
27146,2026-09-12T10:55:55.997Z,research,210128,206592,0,1050,274,211178,ordinary
27157,2026-09-12T10:56:09.261Z,research,211786,210048,0,302,96,212088,ordinary
27167,2026-09-12T10:57:20.912Z,research,212512,211584,0,1962,1034,214474,ordinary
27177,2026-09-12T10:57:49.399Z,research,215967,212352,0,726,636,216693,ordinary
27188,2026-09-12T10:58:55.760Z,research,226837,215808,0,1450,1270,228287,ordinary
27210,2026-09-12T11:01:56.854Z,research,237366,226688,0,3952,3805,241318,ordinary
27219,2026-09-12T11:02:44.018Z,research,241824,237184,0,1244,1034,243068,ordinary
27225,2026-09-12T11:02:50.819Z,research,243161,241664,0,93,0,243254,ordinary
27235,2026-09-12T11:03:02.405Z,research,244525,243072,0,221,0,244746,ordinary
27239,2026-09-12T11:06:49.783Z,research,248166,244352,0,7469,0,255635,compaction
27251,2026-09-12T11:06:58.763Z,research,21315,11904,0,220,75,21535,ordinary
27259,2026-09-12T11:07:12.521Z,research,31188,21120,0,224,39,31412,ordinary
27268,2026-09-12T11:07:27.457Z,research,33984,30976,0,350,78,34334,ordinary
27281,2026-09-12T11:08:18.140Z,research,45799,33792,0,1270,1034,47069,ordinary
27289,2026-09-12T11:08:35.500Z,research,55136,45568,0,386,288,55522,ordinary
27299,2026-09-12T11:10:18.913Z,research,61952,54912,0,3353,910,65305,ordinary
27305,2026-09-12T11:10:27.363Z,research,65333,61824,0,215,86,65548,ordinary
27317,2026-09-12T11:11:23.737Z,research,65607,65152,0,1170,1034,66777,ordinary
27324,2026-09-12T11:11:36.691Z,research,67793,65408,0,354,64,68147,ordinary
27332,2026-09-12T11:13:07.794Z,research,68238,67584,0,2795,0,71033,ordinary
27340,2026-09-12T11:13:28.720Z,research,72277,68096,0,558,180,72835,ordinary
27347,2026-09-12T11:14:00.714Z,research,72896,72064,0,606,516,73502,ordinary
27358,2026-09-12T11:14:49.943Z,research,74710,72704,0,1192,1034,75902,ordinary
27365,2026-09-12T11:16:20.396Z,research,77321,74496,0,2883,59,80204,ordinary
27372,2026-09-12T11:16:52.538Z,research,80229,77184,0,995,329,81224,ordinary
27380,2026-09-12T11:17:18.255Z,research,81318,80000,0,605,461,81923,ordinary
27391,2026-09-12T11:17:44.596Z,research,82165,81152,0,800,73,82965,ordinary
27399,2026-09-12T11:17:58.189Z,research,83079,82048,0,305,10,83384,ordinary
27406,2026-09-12T11:18:09.760Z,research,84400,82944,0,295,73,84695,ordinary
27412,2026-09-12T11:18:17.662Z,research,84800,84224,0,71,0,84871,ordinary
27421,2026-09-12T11:18:26.929Z,research,86142,84608,0,231,0,86373,ordinary
27433,2026-09-12T11:19:37.612Z,research,95452,86016,0,1646,1457,97098,ordinary
27443,2026-09-12T11:20:14.550Z,research,109836,95232,0,806,653,110642,ordinary
27451,2026-09-12T11:20:29.005Z,research,120406,109696,0,333,35,120739,ordinary
27460,2026-09-12T11:20:41.018Z,research,128820,120192,0,218,44,129038,ordinary
27472,2026-09-12T11:21:32.725Z,research,140080,128640,0,1271,903,141351,ordinary
27481,2026-09-12T11:22:06.128Z,research,145640,139904,0,787,673,146427,ordinary
27489,2026-09-12T11:22:13.986Z,research,157482,145408,0,99,20,157581,ordinary
27508,2026-09-12T11:24:56.523Z,research,163872,157312,0,3681,3560,167553,ordinary
27515,2026-09-12T11:25:04.176Z,research,169801,163712,0,178,31,169979,ordinary
27525,2026-09-12T11:25:58.780Z,research,178184,169600,0,1194,1004,179378,ordinary
27537,2026-09-12T11:27:36.266Z,research,180151,178048,0,3121,795,183272,ordinary
27550,2026-09-12T11:28:57.913Z,research,183335,179968,0,1944,1552,185279,ordinary
27558,2026-09-12T11:29:08.304Z,research,194115,183168,0,186,19,194301,ordinary
27579,2026-09-12T11:32:21.876Z,research,196167,193920,0,5392,3624,201559,ordinary
27591,2026-09-12T11:33:59.958Z,research,201657,195968,0,2355,1914,204012,ordinary
27598,2026-09-12T11:34:21.953Z,research,207694,201472,0,570,269,208264,ordinary
27609,2026-09-12T11:36:28.034Z,research,209597,207488,0,3857,974,213454,ordinary
27617,2026-09-12T11:36:52.534Z,research,213483,209408,0,531,301,214014,ordinary
27626,2026-09-12T11:37:10.010Z,research,216731,213248,0,457,68,217188,ordinary
27637,2026-09-12T11:37:22.343Z,research,217462,216576,0,138,15,217600,ordinary
27646,2026-09-12T11:38:09.858Z,research,223493,217344,0,1431,465,224924,ordinary
27655,2026-09-12T11:38:21.494Z,research,228485,223104,0,200,82,228685,ordinary
27662,2026-09-12T11:38:33.026Z,research,230911,228352,0,190,13,231101,ordinary
27678,2026-09-12T11:41:01.629Z,research,232185,230784,0,4090,2545,236275,ordinary
27687,2026-09-12T11:43:12.224Z,research,236343,232064,0,4138,1034,240481,ordinary
27695,2026-09-12T11:43:36.704Z,research,241002,236160,0,660,318,241662,ordinary
27703,2026-09-12T11:43:46.423Z,research,243799,240896,0,179,21,243978,ordinary
27710,2026-09-12T11:43:55.006Z,research,244929,243712,0,153,25,245082,ordinary
27714,2026-09-12T11:47:26.321Z,research,245266,244736,0,6872,0,252138,compaction
27722,2026-09-12T11:47:30.527Z,research,20730,11904,0,60,0,20790,ordinary
27731,2026-09-12T11:47:39.219Z,research,21670,20608,0,224,19,21894,ordinary
27740,2026-09-12T11:47:46.074Z,research,28750,21504,0,142,0,28892,ordinary
27747,2026-09-12T11:47:56.784Z,research,28970,28544,0,258,48,29228,ordinary
27757,2026-09-12T11:48:48.972Z,research,33159,28800,0,1460,142,34619,ordinary
27762,2026-09-12T11:48:57.871Z,research,34643,33024,0,229,0,34872,ordinary
27776,2026-09-12T11:49:19.245Z,research,37299,34432,0,521,202,37820,ordinary
27784,2026-09-12T11:49:26.469Z,research,49395,37120,0,104,0,49499,ordinary
27792,2026-09-12T11:49:54.555Z,research,50560,49280,0,553,351,51113,ordinary
27805,2026-09-12T11:50:12.228Z,research,53926,50432,0,510,74,54436,ordinary
27816,2026-09-12T11:50:43.297Z,research,55894,53760,0,826,477,56720,ordinary
27823,2026-09-12T11:51:53.649Z,research,57193,55680,0,1994,283,59187,ordinary
27831,2026-09-12T11:53:03.268Z,research,59247,56960,0,2208,366,61455,ordinary
27838,2026-09-12T11:53:31.894Z,research,61518,59008,0,654,516,62172,ordinary
27852,2026-09-12T11:55:03.136Z,research,62894,62592,0,1567,0,64461,ordinary
27858,2026-09-12T11:55:10.729Z,research,64742,62720,0,171,39,64913,ordinary
27866,2026-09-12T11:56:16.370Z,research,65423,64512,0,2049,516,67472,ordinary
27873,2026-09-12T11:56:24.111Z,research,67749,65280,0,149,10,67898,ordinary
27882,2026-09-12T11:58:04.549Z,research,68297,67584,0,3277,282,71574,ordinary
27890,2026-09-12T11:58:18.715Z,research,71642,68096,0,330,254,71972,ordinary
27898,2026-09-12T11:58:25.590Z,research,72450,71424,0,49,12,72499,ordinary
27905,2026-09-12T11:58:56.598Z,research,72652,72320,0,949,116,73601,ordinary
27914,2026-09-12T11:59:07.456Z,research,73698,72448,0,122,50,73820,ordinary
27925,2026-09-12T11:59:55.921Z,research,73966,73472,0,1090,850,75056,ordinary
27934,2026-09-12T12:00:27.326Z,research,76697,73728,0,636,516,77333,ordinary
27943,2026-09-12T12:00:38.685Z,research,77543,76544,0,224,133,77767,ordinary
27949,2026-09-12T12:01:15.177Z,research,78086,77312,0,1116,48,79202,ordinary
27959,2026-09-12T12:01:38.436Z,research,79355,77952,0,510,213,79865,ordinary
27968,2026-09-12T12:01:44.921Z,research,82110,79232,0,91,36,82201,ordinary
27975,2026-09-12T12:01:57.385Z,research,84254,81920,0,328,103,84582,ordinary
27983,2026-09-12T12:02:07.871Z,research,84693,84096,0,204,162,84897,ordinary
27988,2026-09-12T12:02:12.240Z,research,84988,84480,0,66,0,85054,ordinary
28000,2026-09-12T12:02:22.942Z,research,86325,84864,0,217,0,86542,ordinary
28014,2026-09-12T12:03:32.742Z,research,90367,86144,0,1451,1292,91818,ordinary
28023,2026-09-12T12:03:43.792Z,research,94784,90240,0,273,45,95057,ordinary
28033,2026-09-12T12:03:55.111Z,research,105286,94592,0,204,92,105490,ordinary
28045,2026-09-12T12:05:12.391Z,research,118122,105088,0,1692,1552,119814,ordinary
28053,2026-09-12T12:05:41.798Z,research,127817,117888,0,640,516,128457,ordinary
28065,2026-09-12T12:06:23.896Z,research,128649,127616,0,924,717,129573,ordinary
28072,2026-09-12T12:06:42.409Z,research,130003,128512,0,426,208,130429,ordinary
28079,2026-09-12T12:06:56.350Z,research,133826,129792,0,341,204,134167,ordinary
28098,2026-09-12T12:09:45.611Z,research,134384,133632,0,4925,2316,139309,ordinary
28108,2026-09-12T12:11:12.046Z,research,139345,134144,0,2638,1552,141983,ordinary
28119,2026-09-12T12:11:55.859Z,research,142090,139136,0,954,834,143044,ordinary
28128,2026-09-12T12:13:16.477Z,research,143625,141952,0,2604,960,146229,ordinary
28139,2026-09-12T12:14:26.477Z,research,146521,143488,0,2211,445,148732,ordinary
28146,2026-09-12T12:14:34.110Z,research,148796,146304,0,91,13,148887,ordinary
28151,2026-09-12T12:14:44.928Z,research,149423,148608,0,132,0,149555,ordinary
28162,2026-09-12T12:15:34.607Z,research,155131,149248,0,1358,1034,156489,ordinary
28172,2026-09-12T12:15:41.825Z,research,157003,155008,0,134,61,157137,ordinary
28189,2026-09-12T12:17:54.998Z,research,161140,156800,0,3755,2099,164895,ordinary
28199,2026-09-12T12:19:18.376Z,research,165199,160640,0,2439,516,167638,ordinary
28206,2026-09-12T12:19:37.945Z,research,167939,165120,0,528,297,168467,ordinary
28216,2026-09-12T12:20:19.160Z,research,169183,167808,0,1230,34,170413,ordinary
28227,2026-09-12T12:20:52.428Z,research,170574,169088,0,816,683,171390,ordinary
28237,2026-09-12T12:22:05.376Z,research,171655,170496,0,2110,761,173765,ordinary
28252,2026-09-12T12:23:19.326Z,research,173828,171648,0,1668,1411,175496,ordinary
28260,2026-09-12T12:24:43.627Z,research,177729,173696,0,2700,516,180429,ordinary
28268,2026-09-12T12:25:04.905Z,research,180492,177664,0,447,322,180939,ordinary
28277,2026-09-12T12:25:26.700Z,research,181359,180480,0,370,152,181729,ordinary
28285,2026-09-12T12:25:31.953Z,research,182786,181248,0,58,16,182844,ordinary
28294,2026-09-12T12:27:20.756Z,research,183122,182656,0,3408,931,186530,ordinary
28301,2026-09-12T12:27:45.507Z,research,186604,183040,0,473,345,187077,ordinary
28313,2026-09-12T12:28:33.671Z,research,187190,186496,0,1017,833,188207,ordinary
28321,2026-09-12T12:29:21.742Z,research,188673,187136,0,1466,348,190139,ordinary
28331,2026-09-12T12:29:40.591Z,research,190287,188544,0,449,175,190736,ordinary
28339,2026-09-12T12:29:56.622Z,research,190865,190208,0,319,214,191184,ordinary
28347,2026-09-12T12:30:02.376Z,research,193581,190848,0,88,32,193669,ordinary
28355,2026-09-12T12:30:19.996Z,research,195515,193536,0,447,248,195962,ordinary
28362,2026-09-12T12:30:31.330Z,research,196076,195456,0,199,157,196275,ordinary
28367,2026-09-12T12:30:40.029Z,research,196342,195968,0,69,0,196411,ordinary
28379,2026-09-12T12:30:50.923Z,research,197682,196224,0,227,0,197909,ordinary
28390,2026-09-12T12:32:01.851Z,research,204745,197632,0,1424,1225,206169,ordinary
28404,2026-09-12T12:32:21.233Z,research,215713,204672,0,332,98,216045,ordinary
28416,2026-09-12T12:33:40.469Z,research,226616,215680,0,1540,1416,228156,ordinary
28427,2026-09-12T12:34:22.791Z,research,238859,226560,0,785,670,239644,ordinary
28432,2026-09-12T12:38:12.712Z,research,247630,238848,0,7472,0,255102,compaction
28440,2026-09-12T12:38:18.192Z,research,21330,11904,0,85,0,21415,ordinary
28449,2026-09-12T12:38:28.781Z,research,23141,21120,0,282,39,23423,ordinary
28457,2026-09-12T12:38:47.037Z,research,34904,11904,0,466,13,35370,ordinary
28466,2026-09-12T12:39:00.503Z,research,45168,34688,0,257,13,45425,ordinary
28474,2026-09-12T12:39:11.880Z,research,52178,44928,0,243,63,52421,ordinary
28482,2026-09-12T12:39:48.029Z,research,62576,51968,0,756,477,63332,ordinary
28492,2026-09-12T12:40:03.784Z,research,67667,62336,0,339,129,68006,ordinary
28500,2026-09-12T12:40:15.082Z,research,73431,67456,0,251,158,73682,ordinary
28505,2026-09-12T12:40:21.191Z,research,73739,73344,0,89,0,73828,ordinary
28513,2026-09-12T12:41:57.636Z,research,77495,73600,0,3065,190,80560,ordinary
28520,2026-09-12T12:42:06.145Z,research,80585,77056,0,106,35,80691,ordinary
28527,2026-09-12T12:42:59.171Z,research,80768,80512,0,1498,516,82266,ordinary
28534,2026-09-12T12:43:35.707Z,research,83236,80640,0,1005,390,84241,ordinary
28545,2026-09-12T12:44:02.278Z,research,84756,83200,0,662,223,85418,ordinary
28550,2026-09-12T12:44:20.400Z,research,85498,84608,0,404,0,85902,ordinary
28557,2026-09-12T12:44:34.087Z,research,86356,85376,0,264,111,86620,ordinary
28562,2026-09-12T12:44:38.740Z,research,86689,86272,0,52,0,86741,ordinary
28567,2026-09-12T12:44:48.766Z,research,87090,86656,0,196,0,87286,ordinary
28575,2026-09-12T12:45:10.038Z,research,87359,87040,0,402,307,87761,ordinary
28584,2026-09-12T12:45:20.101Z,research,89033,87296,0,220,0,89253,ordinary
28591,2026-09-12T12:45:31.187Z,research,93450,88960,0,261,61,93711,ordinary
28599,2026-09-12T12:45:53.419Z,research,102983,93312,0,452,249,103435,ordinary
28607,2026-09-12T12:46:21.080Z,research,112589,102912,0,575,334,113164,ordinary
28615,2026-09-12T12:46:32.024Z,research,123889,112512,0,232,151,124121,ordinary
28624,2026-09-12T12:46:44.777Z,research,130045,123776,0,201,35,130246,ordinary
28631,2026-09-12T12:46:59.355Z,research,138193,129920,0,216,81,138409,ordinary
28639,2026-09-12T12:47:15.703Z,research,148078,138112,0,389,117,148467,ordinary
28661,2026-09-12T12:50:12.079Z,research,156781,147968,0,3762,3671,160543,ordinary
28671,2026-09-12T12:51:16.499Z,research,161267,156672,0,2045,27,163312,ordinary
28677,2026-09-12T12:51:38.778Z,research,163371,161152,0,307,184,163678,ordinary
28688,2026-09-12T12:53:00.651Z,research,166622,163328,0,1847,1517,168469,ordinary
28696,2026-09-12T12:53:22.362Z,research,174700,166528,0,225,83,174925,ordinary
28708,2026-09-12T12:54:29.248Z,research,176696,174592,0,1473,1361,178169,ordinary
28715,2026-09-12T12:54:43.327Z,research,178590,176640,0,343,37,178933,ordinary
28723,2026-09-12T12:55:10.558Z,research,180004,178560,0,648,177,180652,ordinary
28730,2026-09-12T12:55:27.421Z,research,180712,179968,0,232,166,180944,ordinary
28737,2026-09-12T12:55:38.436Z,research,181292,180608,0,161,9,181453,ordinary
28746,2026-09-12T12:55:46.763Z,research,181838,181248,0,196,15,182034,ordinary
28755,2026-09-12T12:57:01.740Z,research,183717,181760,0,2092,1034,185809,ordinary
28765,2026-09-12T12:57:34.296Z,research,185871,183680,0,635,562,186506,ordinary
28777,2026-09-12T12:59:25.631Z,research,186721,185728,0,3091,1245,189812,ordinary
28784,2026-09-12T12:59:39.492Z,research,190104,186624,0,146,45,190250,ordinary
28794,2026-09-12T13:00:15.001Z,research,191135,190080,0,931,107,192066,ordinary
28808,2026-09-12T13:01:30.178Z,research,192173,191104,0,1753,1605,193926,ordinary
28821,2026-09-12T13:02:54.196Z,research,198439,192128,0,1875,1467,200314,ordinary
28830,2026-09-12T13:04:37.596Z,research,200382,198400,0,2985,706,203367,ordinary
28837,2026-09-12T13:04:56.337Z,research,203394,200320,0,365,135,203759,ordinary
28846,2026-09-12T13:05:39.428Z,research,204683,203264,0,732,661,205415,ordinary
28856,2026-09-12T13:07:11.926Z,research,208790,204544,0,2948,954,211738,ordinary
28863,2026-09-12T13:07:36.033Z,research,211799,208768,0,299,219,212098,ordinary
28872,2026-09-12T13:09:16.498Z,research,214598,211712,0,3100,405,217698,ordinary
28881,2026-09-12T13:09:31.815Z,research,217768,214400,0,301,105,218069,ordinary
28889,2026-09-12T13:09:49.818Z,research,218564,217600,0,158,37,218722,ordinary
28895,2026-09-12T13:10:13.670Z,research,221877,218368,0,599,404,222476,ordinary
28904,2026-09-12T13:10:34.133Z,research,224971,221696,0,425,269,225396,ordinary
28911,2026-09-12T13:10:41.821Z,research,228249,224768,0,137,52,228386,ordinary
28920,2026-09-12T13:11:24.413Z,research,230466,228096,0,1113,702,231579,ordinary
28926,2026-09-12T13:12:27.717Z,research,231647,230272,0,1950,516,233597,ordinary
28935,2026-09-12T13:13:08.243Z,research,237662,231424,0,1031,705,238693,ordinary
28943,2026-09-12T13:13:20.744Z,research,239614,237440,0,291,25,239905,ordinary
28950,2026-09-12T13:13:27.890Z,research,240008,239488,0,108,13,240116,ordinary
28958,2026-09-12T13:13:55.731Z,research,241012,239872,0,565,476,241577,ordinary
28967,2026-09-12T13:14:10.184Z,research,242857,240896,0,187,0,243044,ordinary
28971,2026-09-12T13:17:25.331Z,research,247938,242688,0,6347,0,254285,compaction
28983,2026-09-12T13:17:33.500Z,research,20193,11904,0,199,63,20392,ordinary
28988,2026-09-12T13:17:42.694Z,research,21719,19968,0,201,0,21920,ordinary
28997,2026-09-12T13:18:00.254Z,research,31544,21504,0,455,212,31999,ordinary
29008,2026-09-12T13:18:25.162Z,research,42441,31360,0,589,185,43030,ordinary
29017,2026-09-12T13:18:36.469Z,research,46834,42240,0,190,32,47024,ordinary
29024,2026-09-12T13:19:09.083Z,research,48974,46592,0,626,516,49600,ordinary
29032,2026-09-12T13:20:03.045Z,research,52250,48768,0,1704,43,53954,ordinary
29040,2026-09-12T13:21:10.582Z,research,54011,52096,0,2146,467,56157,ordinary
29050,2026-09-12T13:22:17.897Z,research,56215,53888,0,1947,534,58162,ordinary
29057,2026-09-12T13:22:30.932Z,research,59148,56064,0,304,127,59452,ordinary
29065,2026-09-12T13:22:38.248Z,research,61140,59008,0,79,27,61219,ordinary
29073,2026-09-12T13:24:26.886Z,research,61295,60928,0,3377,516,64672,ordinary
29080,2026-09-12T13:24:34.377Z,research,65371,61056,0,108,20,65479,ordinary
29089,2026-09-12T13:24:59.100Z,research,65796,65152,0,477,293,66273,ordinary
29096,2026-09-12T13:26:47.975Z,research,66900,65664,0,3388,480,70288,ordinary
29103,2026-09-12T13:26:59.989Z,research,70313,66688,0,133,33,70446,ordinary
29110,2026-09-12T13:27:53.494Z,research,71387,70144,0,1508,516,72895,ordinary
29118,2026-09-12T13:28:13.081Z,research,72989,71168,0,462,79,73451,ordinary
29127,2026-09-12T13:28:56.129Z,research,73552,72832,0,620,516,74172,ordinary
29133,2026-09-12T13:29:35.317Z,research,74516,73344,0,1118,358,75634,ordinary
29141,2026-09-12T13:30:18.373Z,research,75693,74368,0,697,605,76390,ordinary
29149,2026-09-12T13:30:28.361Z,research,77028,75520,0,225,31,77253,ordinary
29156,2026-09-12T13:31:06.938Z,research,77312,76800,0,608,516,77920,ordinary
29163,2026-09-12T13:31:31.561Z,research,78524,77184,0,512,318,79036,ordinary
29169,2026-09-12T13:31:41.171Z,research,79426,78336,0,92,0,79518,ordinary
29178,2026-09-12T13:31:49.646Z,research,80789,79232,0,168,0,80957,ordinary
29186,2026-09-12T13:32:01.211Z,research,89503,80640,0,266,35,89769,ordinary
29195,2026-09-12T13:32:08.429Z,research,96695,89344,0,149,60,96844,ordinary
29202,2026-09-12T13:32:47.231Z,research,101744,96512,0,683,509,102427,ordinary
29210,2026-09-12T13:32:57.143Z,research,103257,101504,0,182,25,103439,ordinary
29220,2026-09-12T13:33:23.638Z,research,112627,103040,0,466,226,113093,ordinary
29228,2026-09-12T13:33:40.139Z,research,124971,112512,0,240,40,125211,ordinary
29244,2026-09-12T13:35:32.365Z,research,134747,124800,0,2260,2094,137007,ordinary
29252,2026-09-12T13:36:00.822Z,research,146712,134528,0,447,270,147159,ordinary
29259,2026-09-12T13:36:29.371Z,research,150663,146560,0,553,354,151216,ordinary
29275,2026-09-12T13:39:00.384Z,research,162641,150528,0,2748,2588,165389,ordinary
29283,2026-09-12T13:39:42.703Z,research,167604,162432,0,1136,242,168740,ordinary
29289,2026-09-12T13:39:52.509Z,research,168799,167424,0,128,15,168927,ordinary
29296,2026-09-12T13:40:21.441Z,research,172728,168576,0,579,381,173307,ordinary
29306,2026-09-12T13:41:04.844Z,research,180090,172544,0,763,639,180853,ordinary
29317,2026-09-12T13:41:43.593Z,research,184838,179968,0,731,396,185569,ordinary
29325,2026-09-12T13:42:01.209Z,research,188934,184704,0,213,94,189147,ordinary
29343,2026-09-12T13:44:00.067Z,research,195176,188800,0,2348,2085,197524,ordinary
29357,2026-09-12T13:45:35.671Z,research,207361,194944,0,1879,1776,209240,ordinary
29362,2026-09-12T13:45:43.683Z,research,209605,207232,0,128,0,209733,ordinary
29374,2026-09-12T13:48:17.385Z,research,220276,209408,0,3824,1552,224100,ordinary
29383,2026-09-12T13:50:25.748Z,research,224127,220160,0,4125,1034,228252,ordinary
29393,2026-09-12T13:51:09.691Z,research,228317,224000,0,895,687,229212,ordinary
29401,2026-09-12T13:51:28.048Z,research,240122,228224,0,350,23,240472,ordinary
29415,2026-09-12T13:52:44.221Z,research,240529,240000,0,1570,1098,242099,ordinary
29424,2026-09-12T13:54:59.722Z,research,243890,240384,0,3723,1034,247613,ordinary
29428,2026-09-12T13:58:06.016Z,research,247661,243712,0,5706,0,253367,compaction
29440,2026-09-12T13:58:13.510Z,research,19552,11904,0,185,32,19737,ordinary
29445,2026-09-12T13:58:19.773Z,research,21748,19328,0,137,0,21885,ordinary
29453,2026-09-12T13:58:27.615Z,research,26382,21632,0,184,17,26566,ordinary
29461,2026-09-12T13:58:38.034Z,research,36894,26240,0,269,81,37163,ordinary
29471,2026-09-12T13:59:31.835Z,research,43018,36736,0,1712,59,44730,ordinary
29479,2026-09-12T13:59:57.925Z,research,45193,42880,0,772,84,45965,ordinary
29486,2026-09-12T14:00:06.292Z,research,46026,45056,0,148,50,46174,ordinary
29493,2026-09-12T14:00:49.590Z,research,47785,45824,0,1357,91,49142,ordinary
29500,2026-09-12T14:01:02.672Z,research,49745,47616,0,216,39,49961,ordinary
29509,2026-09-12T14:01:17.542Z,research,50463,49536,0,324,139,50787,ordinary
29516,2026-09-12T14:01:58.895Z,research,51443,50304,0,1257,118,52700,ordinary
29523,2026-09-12T14:02:44.079Z,research,52983,51328,0,1388,178,54371,ordinary
29531,2026-09-12T14:03:25.750Z,research,54544,52864,0,892,145,55436,ordinary
29539,2026-09-12T14:03:42.273Z,research,55690,54400,0,318,236,56008,ordinary
29548,2026-09-12T14:03:49.428Z,research,57277,55552,0,147,0,57424,ordinary
29555,2026-09-12T14:03:58.692Z,research,58587,57088,0,220,39,58807,ordinary
29563,2026-09-12T14:04:07.684Z,research,68999,58368,0,185,25,69184,ordinary
29573,2026-09-12T14:04:53.612Z,research,78955,68864,0,795,591,79750,ordinary
29591,2026-09-12T14:07:21.417Z,research,89698,78720,0,2832,2521,92530,ordinary
29607,2026-09-12T14:09:31.079Z,research,101349,89472,0,2416,2352,103765,ordinary
29616,2026-09-12T14:10:27.494Z,research,108726,101120,0,1113,997,109839,ordinary
29626,2026-09-12T14:11:16.384Z,research,118435,108544,0,847,768,119282,ordinary
29643,2026-09-12T14:13:48.437Z,research,123604,118272,0,2850,2725,126454,ordinary
29663,2026-09-12T14:17:15.338Z,research,136534,123392,0,4940,2688,141474,ordinary
29670,2026-09-12T14:18:03.588Z,research,141524,136320,0,1514,49,143038,ordinary
29678,2026-09-12T14:18:14.572Z,research,143098,141312,0,160,119,143258,ordinary
29684,2026-09-12T14:18:45.958Z,research,143594,142976,0,742,64,144336,ordinary
29695,2026-09-12T14:20:46.727Z,research,144428,143360,0,3640,1034,148068,ordinary
29702,2026-09-12T14:21:14.478Z,research,148402,144256,0,805,232,149207,ordinary
29715,2026-09-12T14:21:41.311Z,research,149300,148224,0,619,226,149919,ordinary
29722,2026-09-12T14:22:09.155Z,research,150796,149120,0,835,159,151631,ordinary
29734,2026-09-12T14:22:52.691Z,research,151726,150656,0,922,695,152648,ordinary
29740,2026-09-12T14:23:36.882Z,research,153001,151552,0,1176,463,154177,ordinary
29749,2026-09-12T14:23:59.805Z,research,154286,152832,0,370,278,154656,ordinary
29756,2026-09-12T14:24:13.401Z,research,156790,154112,0,317,140,157107,ordinary
29768,2026-09-12T14:26:12.761Z,research,159081,156672,0,3130,872,162211,ordinary
29776,2026-09-12T14:26:21.524Z,research,162547,158592,0,173,94,162720,ordinary
29787,2026-09-12T14:27:14.696Z,research,163555,162432,0,1039,877,164594,ordinary
29794,2026-09-12T14:28:11.413Z,research,169660,163456,0,1627,263,171287,ordinary
29803,2026-09-12T14:29:32.278Z,research,171350,169600,0,2454,666,173804,ordinary
29811,2026-09-12T14:30:13.198Z,research,174079,171264,0,1251,201,175330,ordinary
29818,2026-09-12T14:31:10.581Z,research,175393,173952,0,1649,343,177042,ordinary
29825,2026-09-12T14:31:41.124Z,research,177464,175360,0,698,361,178162,ordinary
29833,2026-09-12T14:32:03.066Z,research,180984,177408,0,301,224,181285,ordinary
29844,2026-09-12T14:32:38.142Z,research,182558,180864,0,690,412,183248,ordinary
29853,2026-09-12T14:33:36.767Z,research,194100,182528,0,985,912,195085,ordinary
29862,2026-09-12T14:34:16.225Z,research,200392,194048,0,830,687,201222,ordinary
29886,2026-09-12T14:38:34.109Z,research,211850,200320,0,4613,4491,216463,ordinary
29898,2026-09-12T14:39:32.348Z,research,224372,211712,0,1032,806,225404,ordinary
29918,2026-09-12T14:43:15.571Z,research,233972,224256,0,4239,3624,238211,ordinary
29929,2026-09-12T14:44:59.221Z,research,238875,233856,0,3135,869,242010,ordinary
29936,2026-09-12T14:45:29.554Z,research,242071,238720,0,438,397,242509,ordinary
29949,2026-09-12T14:47:50.911Z,research,243411,241920,0,3342,2070,246753,ordinary
29953,2026-09-12T14:51:02.841Z,research,246837,243328,0,6176,0,253013,compaction
29965,2026-09-12T14:51:12.196Z,research,20022,11904,0,210,44,20232,ordinary
29971,2026-09-12T14:51:29.323Z,research,23365,19840,0,245,0,23610,ordinary
29979,2026-09-12T14:51:41.056Z,research,27826,23168,0,316,65,28142,ordinary
29990,2026-09-12T14:52:11.649Z,research,33332,27648,0,930,164,34262,ordinary
29999,2026-09-12T14:52:34.080Z,research,36907,33152,0,524,32,37431,ordinary
30008,2026-09-12T14:52:46.608Z,research,48042,36736,0,269,23,48311,ordinary
30016,2026-09-12T14:52:58.528Z,research,58358,47488,0,120,28,58478,ordinary
30024,2026-09-12T14:53:24.756Z,research,65462,58240,0,610,516,66072,ordinary
30034,2026-09-12T14:54:00.223Z,research,74370,65024,0,684,516,75054,ordinary
30042,2026-09-12T14:55:31.707Z,research,86686,74240,0,2876,44,89562,ordinary
30049,2026-09-12T14:56:08.611Z,research,89586,86528,0,873,174,90459,ordinary
30057,2026-09-12T14:56:24.323Z,research,90660,89472,0,293,73,90953,ordinary
30065,2026-09-12T14:56:39.535Z,research,95627,90496,0,390,71,96017,ordinary
30073,2026-09-12T14:58:31.992Z,research,96225,95488,0,3587,516,99812,ordinary
30080,2026-09-12T14:58:55.443Z,research,99835,96128,0,544,175,100379,ordinary
30090,2026-09-12T14:59:13.212Z,research,101216,99712,0,221,70,101437,ordinary
30097,2026-09-12T15:01:24.058Z,research,109132,101120,0,4269,367,113401,ordinary
30104,2026-09-12T15:01:54.739Z,research,113429,109056,0,868,193,114297,ordinary
30112,2026-09-12T15:02:27.719Z,research,114354,113280,0,918,203,115272,ordinary
30122,2026-09-12T15:03:15.174Z,research,115375,114304,0,1084,1034,116459,ordinary
30128,2026-09-12T15:03:44.496Z,research,116771,115328,0,862,43,117633,ordinary
30138,2026-09-12T15:04:39.990Z,research,117748,116608,0,1099,1034,118847,ordinary
30145,2026-09-12T15:05:01.950Z,research,120845,117632,0,657,198,121502,ordinary
30154,2026-09-12T15:05:53.421Z,research,121561,120704,0,1075,1034,122636,ordinary
30173,2026-09-12T15:08:16.566Z,research,124957,121472,0,3857,2429,128814,ordinary
30192,2026-09-12T15:10:28.359Z,research,129272,124800,0,3242,3009,132514,ordinary
30200,2026-09-12T15:10:42.403Z,research,136809,129152,0,302,159,137111,ordinary
30214,2026-09-12T15:12:57.411Z,research,138114,136704,0,4039,2070,142153,ordinary
30225,2026-09-12T15:14:56.453Z,research,142213,137984,0,3825,1231,146038,ordinary
30232,2026-09-12T15:15:16.991Z,research,146345,142080,0,445,150,146790,ordinary
30246,2026-09-12T15:17:23.423Z,research,146866,146304,0,3817,1083,150683,ordinary
30252,2026-09-12T15:17:37.650Z,research,151599,146816,0,302,170,151901,ordinary
30261,2026-09-12T15:19:38.802Z,research,160365,151552,0,3746,516,164111,ordinary
30272,2026-09-12T15:20:20.950Z,research,164171,160256,0,1313,578,165484,ordinary
30280,2026-09-12T15:21:12.431Z,research,165586,164096,0,1211,477,166797,ordinary
30287,2026-09-12T15:21:38.230Z,research,167167,165504,0,712,317,167879,ordinary
30294,2026-09-12T15:21:53.861Z,research,167942,167040,0,390,238,168332,ordinary
30300,2026-09-12T15:21:59.852Z,research,168490,167808,0,86,0,168576,ordinary
30309,2026-09-12T15:22:10.362Z,research,169847,168448,0,255,0,170102,ordinary
30325,2026-09-12T15:24:09.523Z,research,180570,169728,0,2612,2472,183182,ordinary
30344,2026-09-12T15:26:31.181Z,research,189983,180480,0,3368,3101,193351,ordinary
30378,2026-09-12T15:32:04.170Z,research,204641,189824,0,7431,7250,212072,ordinary
30404,2026-09-12T15:36:01.594Z,research,217414,204544,0,5157,5009,222571,ordinary
30414,2026-09-12T15:36:52.064Z,research,230588,217344,0,1061,980,231649,ordinary
30429,2026-09-12T15:38:36.512Z,research,239531,230528,0,2394,2332,241925,ordinary
30433,2026-09-12T15:41:54.970Z,research,250029,239488,0,6418,0,256447,compaction
30445,2026-09-12T15:42:01.768Z,research,20271,11904,0,139,28,20410,ordinary
30452,2026-09-12T15:42:34.290Z,research,26985,20096,0,621,516,27606,ordinary
30464,2026-09-12T15:43:17.192Z,research,36242,26752,0,1095,885,37337,ordinary
30472,2026-09-12T15:43:25.002Z,research,48284,36096,0,97,21,48381,ordinary
30487,2026-09-12T15:45:17.763Z,research,56516,48128,0,2233,2070,58749,ordinary
30502,2026-09-12T15:47:22.137Z,research,60825,56320,0,2402,2300,63227,ordinary
30512,2026-09-12T15:49:56.776Z,research,64211,60672,0,4600,783,68811,ordinary
30520,2026-09-12T15:50:33.577Z,research,68836,64000,0,902,412,69738,ordinary
30530,2026-09-12T15:52:38.953Z,research,78221,68608,0,4033,996,82254,ordinary
30537,2026-09-12T15:52:46.003Z,research,82281,78080,0,141,68,82422,ordinary
30544,2026-09-12T15:53:04.210Z,research,83222,82048,0,466,103,83688,ordinary
30562,2026-09-12T15:55:03.133Z,research,83778,83072,0,2821,2747,86599,ordinary
30568,2026-09-12T15:55:29.655Z,research,86691,83584,0,674,24,87365,ordinary
30579,2026-09-12T15:55:57.760Z,research,88134,86528,0,748,536,88882,ordinary
30589,2026-09-12T15:57:11.148Z,research,99402,87936,0,2159,1034,101561,ordinary
30596,2026-09-12T15:57:36.174Z,research,101585,99200,0,466,336,102051,ordinary
30604,2026-09-12T15:57:46.713Z,research,108659,101376,0,113,68,108772,ordinary
30611,2026-09-12T15:58:04.633Z,research,116912,108544,0,465,36,117377,ordinary
30620,2026-09-12T15:58:38.677Z,research,125609,116736,0,837,516,126446,ordinary
30627,2026-09-12T15:58:55.658Z,research,127506,125440,0,472,156,127978,ordinary
30637,2026-09-12T16:00:12.827Z,research,128035,127360,0,2469,25,130504,ordinary
30645,2026-09-12T16:01:12.308Z,research,130562,127872,0,1827,297,132389,ordinary
30653,2026-09-12T16:01:27.399Z,research,133297,130432,0,381,215,133678,ordinary
30661,2026-09-12T16:01:35.294Z,research,134310,133120,0,97,14,134407,ordinary
30670,2026-09-12T16:02:14.131Z,research,137076,134144,0,1096,349,138172,ordinary
30679,2026-09-12T16:02:42.013Z,research,138234,136704,0,736,166,138970,ordinary
30686,2026-09-12T16:03:05.916Z,research,139324,138112,0,666,370,139990,ordinary
30693,2026-09-12T16:03:27.224Z,research,140761,139264,0,484,417,141245,ordinary
30701,2026-09-12T16:03:44.510Z,research,142232,140672,0,288,208,142520,ordinary
30712,2026-09-12T16:04:15.614Z,research,143791,142080,0,706,516,144497,ordinary
30720,2026-09-12T16:04:46.510Z,research,154459,143744,0,493,356,154952,ordinary
30738,2026-09-12T16:06:53.785Z,research,159580,154368,0,3109,3035,162689,ordinary
30745,2026-09-12T16:07:04.321Z,research,171358,159488,0,132,49,171490,ordinary
30752,2026-09-12T16:07:15.793Z,research,178690,171264,0,105,31,178795,ordinary
30765,2026-09-12T16:08:10.882Z,research,186727,178560,0,1298,1150,188025,ordinary
30784,2026-09-12T16:10:26.737Z,research,196180,186624,0,3425,3323,199605,ordinary
30791,2026-09-12T16:11:34.872Z,research,207710,196096,0,2095,203,209805,ordinary
30804,2026-09-12T16:13:35.459Z,research,210111,207616,0,3938,1393,214049,ordinary
30811,2026-09-12T16:13:49.405Z,research,214075,210048,0,329,130,214404,ordinary
30819,2026-09-12T16:14:00.221Z,research,217469,214016,0,184,115,217653,ordinary
30827,2026-09-12T16:14:25.018Z,research,219043,217344,0,712,233,219755,ordinary
30835,2026-09-12T16:14:56.513Z,research,219863,218880,0,907,516,220770,ordinary
30843,2026-09-12T16:15:05.270Z,research,222921,219776,0,146,38,223067,ordinary
30853,2026-09-12T16:17:05.314Z,research,224286,222464,0,3905,846,228191,ordinary
30860,2026-09-12T16:17:43.070Z,research,228217,224256,0,1056,290,229273,ordinary
30874,2026-09-12T16:19:18.559Z,research,229339,228096,0,2439,1981,231778,ordinary
30883,2026-09-12T16:19:46.058Z,research,232140,229248,0,572,160,232712,ordinary
30891,2026-09-12T16:19:55.991Z,research,234055,232064,0,131,51,234186,ordinary
30902,2026-09-12T16:20:23.170Z,research,235457,233984,0,700,516,236157,ordinary
30909,2026-09-12T16:20:46.638Z,research,243521,235392,0,540,425,244061,ordinary
30916,2026-09-12T16:20:58.645Z,research,244327,243456,0,211,106,244538,ordinary
30920,2026-09-12T16:24:17.684Z,research,246124,244224,0,6492,0,252616,compaction
30928,2026-09-12T16:24:25.788Z,research,20336,11904,0,100,0,20436,ordinary
30938,2026-09-12T16:24:36.604Z,research,21952,11904,0,213,23,22165,ordinary
30945,2026-09-12T16:24:45.645Z,research,22717,21760,0,69,0,22786,ordinary
30950,2026-09-12T16:24:52.391Z,research,23057,22528,0,158,0,23215,ordinary
30958,2026-09-12T16:25:21.916Z,research,33827,20096,0,704,516,34531,ordinary
30966,2026-09-12T16:25:29.674Z,research,44169,33664,0,164,24,44333,ordinary
30976,2026-09-12T16:25:55.758Z,research,45034,44032,0,638,406,45672,ordinary
30984,2026-09-12T16:26:10.599Z,research,56387,44800,0,280,119,56667,ordinary
31000,2026-09-12T16:27:32.855Z,research,66658,56192,0,1835,1580,68493,ordinary
31014,2026-09-12T16:28:56.810Z,research,78872,66432,0,1878,1807,80750,ordinary
31027,2026-09-12T16:30:20.725Z,research,88754,78720,0,1719,1594,90473,ordinary
31044,2026-09-12T16:32:31.134Z,research,97091,95360,0,860,750,97951,ordinary
31074,2026-09-12T16:36:46.286Z,research,109397,96896,0,5837,5696,115234,ordinary
31085,2026-09-12T16:38:59.571Z,research,116725,109184,0,4126,1552,120851,ordinary
31092,2026-09-12T16:40:39.850Z,research,120877,116608,0,3191,516,124068,ordinary
31099,2026-09-12T16:40:59.021Z,research,124093,120704,0,559,110,124652,ordinary
31107,2026-09-12T16:41:12.108Z,research,125456,123904,0,316,159,125772,ordinary
31115,2026-09-12T16:41:30.861Z,research,135125,125312,0,377,85,135502,ordinary
31120,2026-09-12T16:41:42.961Z,research,135651,134912,0,295,0,135946,ordinary
31130,2026-09-12T16:42:04.368Z,research,137924,135424,0,616,152,138540,ordinary
31138,2026-09-12T16:42:15.005Z,research,139324,137728,0,171,56,139495,ordinary
31148,2026-09-12T16:43:52.043Z,research,142269,139136,0,3016,984,145285,ordinary
31155,2026-09-12T16:43:58.179Z,research,145470,142080,0,92,31,145562,ordinary
31162,2026-09-12T16:44:26.119Z,research,146326,145280,0,807,139,147133,ordinary
31172,2026-09-12T16:45:35.061Z,research,147338,146176,0,2024,396,149362,ordinary
31179,2026-09-12T16:45:52.873Z,research,149532,147200,0,511,168,150043,ordinary
31188,2026-09-12T16:46:13.953Z,research,150121,149376,0,591,25,150712,ordinary
31195,2026-09-12T16:46:36.342Z,research,151192,149888,0,457,154,151649,ordinary
31202,2026-09-12T16:46:45.360Z,research,152302,151040,0,111,45,152413,ordinary
31210,2026-09-12T16:46:56.027Z,research,153019,152064,0,241,176,153260,ordinary
31220,2026-09-12T16:47:05.182Z,research,154531,152832,0,183,0,154714,ordinary
31227,2026-09-12T16:47:23.950Z,research,163962,154368,0,458,269,164420,ordinary
31241,2026-09-12T16:48:47.319Z,research,173615,163840,0,1807,1731,175422,ordinary
31252,2026-09-12T16:49:28.152Z,research,183370,173440,0,1029,788,184399,ordinary
31264,2026-09-12T16:50:28.944Z,research,193991,183168,0,1328,1190,195319,ordinary
31291,2026-09-12T16:54:11.418Z,research,205568,203776,0,3318,3241,208886,ordinary
31312,2026-09-12T16:57:08.840Z,research,216883,205440,0,3948,3803,220831,ordinary
31320,2026-09-12T16:57:27.853Z,research,229393,216704,0,363,247,229756,ordinary
31328,2026-09-12T16:58:00.111Z,research,237843,229248,0,638,452,238481,ordinary
31333,2026-09-12T17:01:11.411Z,research,247305,237696,0,6103,0,253408,compaction
31345,2026-09-12T17:01:20.559Z,research,19950,11904,0,207,50,20157,ordinary
31350,2026-09-12T17:01:30.978Z,research,21398,19712,0,213,0,21611,ordinary
31359,2026-09-12T17:01:57.044Z,research,29539,21248,0,701,345,30240,ordinary
31368,2026-09-12T17:02:07.142Z,research,42472,29312,0,185,16,42657,ordinary
31379,2026-09-12T17:03:26.250Z,research,52343,42240,0,2301,516,54644,ordinary
31387,2026-09-12T17:04:32.069Z,research,54705,52224,0,1821,516,56526,ordinary
31394,2026-09-12T17:04:43.715Z,research,57667,54528,0,242,46,57909,ordinary
31402,2026-09-12T17:05:34.388Z,research,66481,57472,0,872,516,67353,ordinary
31410,2026-09-12T17:05:54.021Z,research,74534,66304,0,483,57,75017,ordinary
31420,2026-09-12T17:07:42.123Z,research,75442,74368,0,3140,516,78582,ordinary
31428,2026-09-12T17:08:17.062Z,research,88219,75264,0,945,516,89164,ordinary
31436,2026-09-12T17:08:32.647Z,research,95401,88064,0,361,31,95762,ordinary
31444,2026-09-12T17:08:57.190Z,research,100099,95232,0,490,332,100589,ordinary
31453,2026-09-12T17:11:05.097Z,research,103821,99968,0,4118,432,107939,ordinary
31461,2026-09-12T17:11:40.474Z,research,108067,103680,0,1047,342,109114,ordinary
31469,2026-09-12T17:11:53.885Z,research,109177,108032,0,172,93,109349,ordinary
31478,2026-09-12T17:12:33.553Z,research,110244,109056,0,1056,88,111300,ordinary
31487,2026-09-12T17:12:38.556Z,research,112453,110208,0,75,8,112528,ordinary
31495,2026-09-12T17:12:48.197Z,research,113373,112384,0,196,123,113569,ordinary
31506,2026-09-12T17:13:00.781Z,research,114841,113280,0,269,93,115110,ordinary
31513,2026-09-12T17:13:37.058Z,research,124315,114688,0,718,516,125033,ordinary
31521,2026-09-12T17:14:21.530Z,research,136064,124160,0,700,516,136764,ordinary
31532,2026-09-12T17:15:35.887Z,research,143325,135936,0,1468,1260,144793,ordinary
31544,2026-09-12T17:16:36.739Z,research,149689,143232,0,1105,915,150794,ordinary
31555,2026-09-12T17:17:48.944Z,research,161323,149632,0,1386,1197,162709,ordinary
31563,2026-09-12T17:18:13.692Z,research,174155,161280,0,467,260,174622,ordinary
31582,2026-09-12T17:21:15.963Z,research,182096,174080,0,3537,3352,185633,ordinary
31590,2026-09-12T17:21:26.153Z,research,189936,182016,0,178,31,190114,ordinary
31606,2026-09-12T17:23:12.490Z,research,202935,189824,0,1976,1865,204911,ordinary
31621,2026-09-12T17:25:18.144Z,research,212070,202880,0,2452,2351,214522,ordinary
31626,2026-09-12T17:25:24.375Z,research,215616,211968,0,50,0,215666,ordinary
31635,2026-09-12T17:26:18.473Z,research,220233,215552,0,1071,1010,221304,ordinary
31661,2026-09-12T17:30:10.152Z,research,224180,223104,0,3350,3125,227530,ordinary
31675,2026-09-12T17:31:41.273Z,research,236957,224128,0,1946,1786,238903,ordinary
31680,2026-09-12T17:35:36.753Z,research,250189,236800,0,7258,0,257447,compaction
31692,2026-09-12T17:35:44.915Z,research,21103,11904,0,200,61,21303,ordinary
31697,2026-09-12T17:35:54.139Z,research,22446,20864,0,223,0,22669,ordinary
31706,2026-09-12T17:36:16.029Z,research,32553,22272,0,482,198,33035,ordinary
31717,2026-09-12T17:36:53.771Z,research,43941,32384,0,918,516,44859,ordinary
31724,2026-09-12T17:37:01.685Z,research,45017,43776,0,148,46,45165,ordinary
31731,2026-09-12T17:37:32.151Z,research,53194,44800,0,668,298,53862,ordinary
31736,2026-09-12T17:39:09.550Z,research,53924,52992,0,3139,0,57063,ordinary
31743,2026-09-12T17:39:22.470Z,research,57087,53760,0,255,93,57342,ordinary
31750,2026-09-12T17:39:39.563Z,research,59256,56960,0,395,231,59651,ordinary
31761,2026-09-12T17:40:55.844Z,research,62556,59136,0,1559,1437,64115,ordinary
31772,2026-09-12T17:43:38.524Z,research,67448,62336,0,5323,952,72771,ordinary
31780,2026-09-12T17:43:58.369Z,research,72799,67328,0,411,224,73210,ordinary
31790,2026-09-12T17:44:33.972Z,research,74694,72576,0,757,716,75451,ordinary
31796,2026-09-12T17:45:03.858Z,research,75773,74496,0,915,91,76688,ordinary
31804,2026-09-12T17:45:15.292Z,research,77695,75648,0,282,99,77977,ordinary
31813,2026-09-12T17:45:49.450Z,research,87565,77568,0,716,496,88281,ordinary
31822,2026-09-12T17:46:20.465Z,research,89964,87424,0,660,581,90624,ordinary
31831,2026-09-12T17:48:22.571Z,research,91551,89728,0,3987,30,95538,ordinary
31838,2026-09-12T17:49:03.896Z,research,95565,91392,0,1002,516,96567,ordinary
31846,2026-09-12T17:49:10.931Z,research,96886,95360,0,118,17,97004,ordinary
31853,2026-09-12T17:49:39.517Z,research,100088,96768,0,836,152,100924,ordinary
31862,2026-09-12T17:49:49.130Z,research,101612,99968,0,113,8,101725,ordinary
31870,2026-09-12T17:50:03.282Z,research,102612,101376,0,336,249,102948,ordinary
31879,2026-09-12T17:50:11.503Z,research,104219,102400,0,162,0,104381,ordinary
31906,2026-09-12T17:54:40.100Z,research,108195,104064,0,5745,5636,113940,ordinary
31919,2026-09-12T17:56:06.702Z,research,116982,108032,0,1809,1737,118791,ordinary
31930,2026-09-12T17:56:55.071Z,research,126797,116864,0,965,799,127762,ordinary
31943,2026-09-12T17:58:30.577Z,research,129422,126592,0,2005,1872,131427,ordinary
31950,2026-09-12T17:59:01.823Z,research,134607,129280,0,579,487,135186,ordinary
31957,2026-09-12T17:59:08.664Z,research,135356,134400,0,130,45,135486,ordinary
31964,2026-09-12T17:59:23.590Z,research,143492,135168,0,368,37,143860,ordinary
31972,2026-09-12T17:59:39.538Z,research,146765,143360,0,225,79,146990,ordinary
31986,2026-09-12T18:01:08.052Z,research,159035,146560,0,1819,1731,160854,ordinary
32005,2026-09-12T18:03:51.210Z,research,168890,158848,0,3528,3429,172418,ordinary
32037,2026-09-12T18:09:23.165Z,research,176821,168704,0,8016,6078,184837,ordinary
32045,2026-09-12T18:11:11.531Z,research,184880,176640,0,3466,1016,188346,ordinary
32059,2026-09-12T18:12:16.718Z,research,190065,184704,0,1402,1311,191467,ordinary
32068,2026-09-12T18:13:21.847Z,research,193932,189824,0,1775,972,195707,ordinary
32075,2026-09-12T18:13:30.060Z,research,195829,193792,0,123,52,195952,ordinary
32083,2026-09-12T18:14:09.555Z,research,196439,195712,0,1121,228,197560,ordinary
32091,2026-09-12T18:14:24.296Z,research,199226,196224,0,277,163,199503,ordinary
32102,2026-09-12T18:17:11.001Z,research,208889,199040,0,5325,924,214214,ordinary
32112,2026-09-12T18:17:51.977Z,research,214497,208768,0,1053,614,215550,ordinary
32122,2026-09-12T18:18:34.745Z,research,215665,214272,0,810,704,216475,ordinary
32135,2026-09-12T18:20:23.902Z,research,217872,215424,0,2642,1957,220514,ordinary
32144,2026-09-12T18:20:31.761Z,research,221176,217728,0,128,10,221304,ordinary
32150,2026-09-12T18:20:38.045Z,research,222158,221056,0,87,0,222245,ordinary
32165,2026-09-12T18:21:49.820Z,research,223516,221952,0,1475,1291,224991,ordinary
32172,2026-09-12T18:21:57.509Z,research,235633,223360,0,137,22,235770,ordinary
32181,2026-09-12T18:22:46.090Z,research,239954,235392,0,975,847,240929,ordinary
32186,2026-09-12T18:26:41.823Z,research,249676,239744,0,7684,0,257360,compaction
32198,2026-09-12T18:26:49.407Z,research,21537,11904,0,176,66,21713,ordinary
32203,2026-09-12T18:26:57.621Z,research,22352,21376,0,191,0,22543,ordinary
32214,2026-09-12T18:27:25.803Z,research,25500,22144,0,612,369,26112,ordinary
32223,2026-09-12T18:27:58.652Z,research,36446,25344,0,669,516,37115,ordinary
32238,2026-09-12T18:29:29.102Z,research,46583,36224,0,1920,1730,48503,ordinary
32257,2026-09-12T18:30:56.787Z,research,59694,46464,0,1836,1695,61530,ordinary
32264,2026-09-12T18:31:04.626Z,research,69352,59520,0,107,42,69459,ordinary
32271,2026-09-12T18:31:37.966Z,research,69605,69120,0,578,461,70183,ordinary
32280,2026-09-12T18:32:07.794Z,research,72159,69376,0,676,592,72835,ordinary
32295,2026-09-12T18:33:50.518Z,research,75129,71936,0,2220,2088,77349,ordinary
32306,2026-09-12T18:35:06.043Z,research,77919,75008,0,1641,1506,79560,ordinary
32332,2026-09-12T18:38:43.218Z,research,84138,77696,0,4672,4493,88810,ordinary
32340,2026-09-12T18:38:53.574Z,research,96826,83968,0,94,53,96920,ordinary
32349,2026-09-12T18:39:41.725Z,research,97168,96640,0,1076,940,98244,ordinary
32365,2026-09-12T18:41:40.201Z,research,108947,97024,0,2580,2487,111527,ordinary
32378,2026-09-12T18:44:02.157Z,research,111624,108800,0,4533,1094,116157,ordinary
32385,2026-09-12T18:44:25.182Z,research,116187,111488,0,543,304,116730,ordinary
32393,2026-09-12T18:44:31.299Z,research,119753,115968,0,104,67,119857,ordinary
32400,2026-09-12T18:44:58.668Z,research,119956,119552,0,802,191,120758,ordinary
32407,2026-09-12T18:45:10.869Z,research,120849,119808,0,275,24,121124,ordinary
32416,2026-09-12T18:45:24.436Z,research,121346,120704,0,252,126,121598,ordinary
32424,2026-09-12T18:45:32.345Z,research,122101,121216,0,170,101,122271,ordinary
32435,2026-09-12T18:46:01.244Z,research,123544,121984,0,711,516,124255,ordinary
32447,2026-09-12T18:47:10.251Z,research,133887,123392,0,1446,1316,135333,ordinary
32475,2026-09-12T18:51:00.430Z,research,143388,133760,0,5400,5316,148788,ordinary
32490,2026-09-12T18:52:25.781Z,research,152048,143232,0,1795,1657,153843,ordinary
32499,2026-09-12T18:53:13.172Z,research,161812,151808,0,985,930,162797,ordinary
32512,2026-09-12T18:54:22.523Z,research,166277,161664,0,1717,1627,167994,ordinary
32521,2026-09-12T18:54:34.542Z,research,168820,166144,0,263,153,169083,ordinary
32528,2026-09-12T18:54:49.344Z,research,170018,168704,0,388,41,170406,ordinary
32535,2026-09-12T18:54:57.342Z,research,174363,169856,0,83,26,174446,ordinary
32542,2026-09-12T18:55:11.619Z,research,179878,174208,0,379,87,180257,ordinary
32550,2026-09-12T18:55:23.885Z,research,183123,179712,0,309,17,183432,ordinary
32557,2026-09-12T18:55:46.286Z,research,184931,182912,0,565,391,185496,ordinary
32564,2026-09-12T18:55:57.785Z,research,185880,184704,0,288,110,186168,ordinary
32572,2026-09-12T18:56:33.404Z,research,187108,185728,0,957,516,188065,ordinary
32581,2026-09-12T18:58:18.752Z,research,189715,186880,0,3353,968,193068,ordinary
32589,2026-09-12T18:58:28.799Z,research,193150,189568,0,202,104,193352,ordinary
32595,2026-09-12T18:59:38.251Z,research,195918,193024,0,2239,93,198157,ordinary
32602,2026-09-12T18:59:56.387Z,research,198182,195712,0,489,197,198671,ordinary
32609,2026-09-12T19:00:13.449Z,research,198730,198016,0,365,257,199095,ordinary
32618,2026-09-12T19:00:31.031Z,research,202455,198528,0,469,240,202924,ordinary
32625,2026-09-12T19:00:46.536Z,research,202999,202240,0,362,86,203361,ordinary
32632,2026-09-12T19:01:09.299Z,research,203419,202880,0,501,410,203920,ordinary
32641,2026-09-12T19:02:37.229Z,research,208602,203264,0,2494,1034,211096,ordinary
32655,2026-09-12T19:04:26.796Z,research,211163,208384,0,3510,1218,214673,ordinary
32663,2026-09-12T19:05:09.099Z,research,214698,210944,0,1020,791,215718,ordinary
32670,2026-09-12T19:05:17.902Z,research,216389,214528,0,195,115,216584,ordinary
32679,2026-09-12T19:06:16.784Z,research,217235,216192,0,1477,787,218712,ordinary
32686,2026-09-12T19:06:41.504Z,research,218809,217088,0,724,273,219533,ordinary
32695,2026-09-12T19:06:55.332Z,research,219619,218624,0,331,79,219950,ordinary
32703,2026-09-12T19:07:05.603Z,research,220649,219392,0,150,80,220799,ordinary
32714,2026-09-12T19:07:23.886Z,research,222070,220416,0,407,204,222477,ordinary
32721,2026-09-12T19:07:50.740Z,research,233047,221952,0,657,516,233704,ordinary
32737,2026-09-12T19:09:49.523Z,research,237814,232832,0,2624,2487,240438,ordinary
32742,2026-09-12T19:12:58.218Z,research,248401,237696,0,6062,0,254463,compaction
32754,2026-09-12T19:13:06.971Z,research,19908,11904,0,175,58,20083,ordinary
32761,2026-09-12T19:13:13.817Z,research,21390,19712,0,149,52,21539,ordinary
32767,2026-09-12T19:13:20.527Z,research,22232,11904,0,110,0,22342,ordinary
32775,2026-09-12T19:13:27.261Z,research,23519,22016,0,105,13,23624,ordinary
32782,2026-09-12T19:13:46.316Z,research,29236,21248,0,439,305,29675,ordinary
32791,2026-09-12T19:14:01.700Z,research,33814,29056,0,335,130,34149,ordinary
32799,2026-09-12T19:14:34.135Z,research,41825,33664,0,680,516,42505,ordinary
32807,2026-09-12T19:14:48.534Z,research,51335,41600,0,255,153,51590,ordinary
32816,2026-09-12T19:15:06.002Z,research,52538,51200,0,408,232,52946,ordinary
32823,2026-09-12T19:15:14.808Z,research,54455,52352,0,184,40,54639,ordinary
32831,2026-09-12T19:15:21.940Z,research,58002,54272,0,136,18,58138,ordinary
32838,2026-09-12T19:15:33.790Z,research,58197,57856,0,156,59,58353,ordinary
32845,2026-09-12T19:16:32.477Z,research,60638,57984,0,1792,339,62430,ordinary
32853,2026-09-12T19:16:39.612Z,research,62454,60416,0,143,13,62597,ordinary
32860,2026-09-12T19:16:47.976Z,research,62656,62336,0,132,60,62788,ordinary
32867,2026-09-12T19:16:59.318Z,research,63062,62464,0,302,30,63364,ordinary
32876,2026-09-12T19:17:08.978Z,research,63699,62848,0,184,55,63883,ordinary
32889,2026-09-12T19:17:34.062Z,research,64770,63488,0,740,287,65510,ordinary
32900,2026-09-12T19:17:43.053Z,research,70349,64640,0,146,20,70495,ordinary
32914,2026-09-12T19:17:59.359Z,research,72381,70144,0,358,180,72739,ordinary
32927,2026-09-12T19:18:13.730Z,research,78408,72192,0,294,108,78702,ordinary
32940,2026-09-12T19:18:20.041Z,research,84595,78208,0,98,21,84693,ordinary
32955,2026-09-12T19:18:36.004Z,research,86610,84480,0,314,75,86924,ordinary
32969,2026-09-12T19:18:48.127Z,research,92423,86400,0,115,22,92538,ordinary
32983,2026-09-12T19:18:58.559Z,research,94937,92288,0,218,138,95155,ordinary
32991,2026-09-12T19:21:07.502Z,research,99537,94720,0,4176,516,103713,ordinary
32999,2026-09-12T19:21:33.729Z,research,103739,99456,0,722,490,104461,ordinary
33008,2026-09-12T19:22:54.359Z,research,104637,103680,0,2489,793,107126,ordinary
33016,2026-09-12T19:23:03.235Z,research,107185,104576,0,177,103,107362,ordinary
33023,2026-09-12T19:24:01.051Z,research,108457,107136,0,1761,516,110218,ordinary
33031,2026-09-12T19:24:38.042Z,research,110382,108416,0,1125,336,111507,ordinary
33039,2026-09-12T19:24:49.318Z,research,111568,110336,0,117,32,111685,ordinary
33047,2026-09-12T19:24:56.970Z,research,113523,111488,0,138,65,113661,ordinary
33059,2026-09-12T19:25:16.814Z,research,114932,113408,0,454,252,115386,ordinary
33064,2026-09-12T19:25:28.375Z,research,115921,114816,0,164,0,116085,ordinary
33072,2026-09-12T19:25:39.589Z,research,122634,115840,0,191,115,122825,ordinary
33095,2026-09-12T19:28:34.381Z,research,129334,122624,0,4187,4014,133521,ordinary
33108,2026-09-12T19:29:51.240Z,research,136266,129280,0,1750,1620,138016,ordinary
33120,2026-09-12T19:30:47.538Z,research,145935,136192,0,1306,1161,147241,ordinary
33138,2026-09-12T19:32:30.679Z,research,156879,145920,0,2471,2238,159350,ordinary
33146,2026-09-12T19:32:40.520Z,research,167848,156800,0,174,62,168022,ordinary
33154,2026-09-12T19:32:50.278Z,research,176984,167808,0,131,31,177115,ordinary
33162,2026-09-12T19:33:02.072Z,research,177365,176896,0,94,29,177459,ordinary
33182,2026-09-12T19:36:15.964Z,research,186064,177280,0,5440,3242,191504,ordinary
33189,2026-09-12T19:38:08.314Z,research,191534,185984,0,3630,219,195164,ordinary
33195,2026-09-12T19:38:43.669Z,research,195190,191488,0,843,414,196033,ordinary
33203,2026-09-12T19:38:50.779Z,research,197740,195072,0,99,21,197839,ordinary
33210,2026-09-12T19:39:05.757Z,research,201995,197632,0,188,70,202183,ordinary
33232,2026-09-12T19:41:22.502Z,research,206636,201984,0,3422,3234,210058,ordinary
33247,2026-09-12T19:43:46.139Z,research,213039,206592,0,4547,2235,217586,ordinary
33270,2026-09-12T19:47:46.339Z,research,217647,212992,0,7523,4142,225170,ordinary
33276,2026-09-12T19:48:18.432Z,research,225214,217600,0,916,501,226130,ordinary
33285,2026-09-12T19:48:34.241Z,research,227358,225152,0,251,115,227609,ordinary
33293,2026-09-12T19:48:48.365Z,research,238046,227328,0,243,146,238289,ordinary
33303,2026-09-12T19:50:43.604Z,research,239686,237952,0,3696,928,243382,ordinary
33312,2026-09-12T19:52:05.282Z,research,243867,239616,0,2561,516,246428,ordinary
33317,2026-09-12T19:55:49.505Z,research,246469,243840,0,7236,0,253705,compaction
33329,2026-09-12T19:55:57.451Z,research,21086,11904,0,196,30,21282,ordinary
33335,2026-09-12T19:56:02.149Z,research,22724,20864,0,86,0,22810,ordinary
33343,2026-09-12T19:56:12.229Z,research,31263,22528,0,252,82,31515,ordinary
33355,2026-09-12T19:56:50.224Z,research,36902,31104,0,1116,122,38018,ordinary
33362,2026-09-12T19:57:13.504Z,research,39477,36736,0,658,90,40135,ordinary
33369,2026-09-12T19:57:36.380Z,research,40690,39296,0,639,29,41329,ordinary
33378,2026-09-12T19:57:59.660Z,research,42048,40448,0,668,473,42716,ordinary
33394,2026-09-12T19:58:58.707Z,research,53696,41856,0,1714,1453,55410,ordinary
33406,2026-09-12T20:01:07.832Z,research,67013,53504,0,4162,996,71175,ordinary
33413,2026-09-12T20:01:12.760Z,research,71201,66816,0,81,31,71282,ordinary
33421,2026-09-12T20:02:17.060Z,research,71467,71040,0,1998,17,73465,ordinary
33429,2026-09-12T20:02:23.978Z,research,74889,71296,0,116,23,75005,ordinary
33440,2026-09-12T20:02:50.300Z,research,76328,74752,0,718,579,77046,ordinary
33448,2026-09-12T20:03:56.475Z,research,78390,76160,0,2114,140,80504,ordinary
33456,2026-09-12T20:04:41.385Z,research,80881,78208,0,1406,258,82287,ordinary
33465,2026-09-12T20:04:56.118Z,research,82734,80640,0,403,225,83137,ordinary
33475,2026-09-12T20:05:16.904Z,research,94340,82560,0,525,338,94865,ordinary
33485,2026-09-12T20:05:41.139Z,research,102894,94208,0,698,506,103592,ordinary
33499,2026-09-12T20:06:32.032Z,research,112949,102656,0,1238,1028,114187,ordinary
33509,2026-09-12T20:06:38.318Z,research,123852,112768,0,101,40,123953,ordinary
33524,2026-09-12T20:08:08.891Z,research,125978,123648,0,2665,2217,128643,ordinary
33534,2026-09-12T20:08:48.651Z,research,131105,125824,0,944,839,132049,ordinary
33542,2026-09-12T20:09:03.966Z,research,140068,130944,0,270,213,140338,ordinary
33549,2026-09-12T20:09:11.418Z,research,140469,139904,0,135,20,140604,ordinary
33557,2026-09-12T20:09:32.553Z,research,148920,140288,0,554,259,149474,ordinary
33564,2026-09-12T20:09:46.126Z,research,149533,148736,0,255,176,149788,ordinary
33571,2026-09-12T20:10:10.250Z,research,152514,149376,0,556,453,153070,ordinary
33579,2026-09-12T20:10:18.155Z,research,154244,152320,0,127,37,154371,ordinary
33599,2026-09-12T20:12:09.697Z,research,158331,154112,0,3123,2962,161454,ordinary
33612,2026-09-12T20:14:12.317Z,research,169362,158208,0,3964,1684,173326,ordinary
33621,2026-09-12T20:15:40.772Z,research,173357,169216,0,2864,878,176221,ordinary
33629,2026-09-12T20:15:49.351Z,research,176928,173184,0,117,64,177045,ordinary
33636,2026-09-12T20:16:36.511Z,research,177450,176768,0,1409,227,178859,ordinary
33648,2026-09-12T20:16:56.876Z,research,179115,177280,0,420,238,179535,ordinary
33661,2026-09-12T20:20:01.019Z,research,187500,178944,0,6019,1633,193519,ordinary
33669,2026-09-12T20:20:35.367Z,research,193603,187264,0,943,503,194546,ordinary
33691,2026-09-12T20:23:03.267Z,research,194730,193408,0,4111,4070,198841,ordinary
33701,2026-09-12T20:24:37.165Z,research,199224,194560,0,3036,856,202260,ordinary
33711,2026-09-12T20:25:40.858Z,research,210155,199040,0,1893,733,212048,ordinary
33720,2026-09-12T20:26:17.004Z,research,212227,209920,0,863,792,213090,ordinary
33728,2026-09-12T20:26:42.022Z,research,215956,212096,0,663,449,216619,ordinary
33742,2026-09-12T20:27:44.384Z,research,217488,215808,0,1697,1631,219185,ordinary
33750,2026-09-12T20:29:26.440Z,research,219768,217344,0,3280,340,223048,ordinary
33760,2026-09-12T20:30:03.120Z,research,223141,219648,0,991,941,224132,ordinary
33768,2026-09-12T20:30:34.216Z,research,224652,222976,0,783,305,225435,ordinary
33778,2026-09-12T20:31:06.847Z,research,225534,224512,0,801,751,226335,ordinary
33786,2026-09-12T20:32:52.272Z,research,226798,225408,0,3392,781,230190,ordinary
33795,2026-09-12T20:33:16.824Z,research,230589,226560,0,596,516,231185,ordinary
33808,2026-09-12T20:33:42.049Z,research,232459,230400,0,678,516,233137,ordinary
33818,2026-09-12T20:33:54.377Z,research,236058,232320,0,286,149,236344,ordinary
33823,2026-09-12T20:41:23.880Z,research,247707,247552,0,7422,0,255129,compaction
33831,2026-09-12T20:41:29.841Z,research,21271,11904,0,142,0,21413,ordinary
33842,2026-09-12T20:41:40.262Z,research,23895,21120,0,259,44,24154,ordinary
33852,2026-09-12T20:41:57.164Z,research,32969,23680,0,379,134,33348,ordinary
33865,2026-09-12T20:42:08.656Z,research,43904,32768,0,160,29,44064,ordinary
33876,2026-09-12T20:43:05.139Z,research,51798,43776,0,1732,405,53530,ordinary
33883,2026-09-12T20:43:25.977Z,research,53556,51584,0,620,93,54176,ordinary
33890,2026-09-12T20:43:49.311Z,research,54348,53376,0,630,433,54978,ordinary
33900,2026-09-12T20:43:56.436Z,research,56503,54144,0,153,25,56656,ordinary
33910,2026-09-12T20:44:07.529Z,research,62480,56320,0,258,83,62738,ordinary
33920,2026-09-12T20:44:32.153Z,research,68550,62336,0,344,231,68894,ordinary
33927,2026-09-12T20:45:14.609Z,research,71195,68352,0,1247,139,72442,ordinary
33934,2026-09-12T20:45:35.525Z,research,72469,71040,0,628,50,73097,ordinary
33946,2026-09-12T20:46:23.812Z,research,73268,72320,0,1266,1034,74534,ordinary
33955,2026-09-12T20:49:01.586Z,research,75136,73088,0,5099,995,80235,ordinary
33964,2026-09-12T20:49:28.805Z,research,80265,75008,0,803,386,81068,ordinary
33975,2026-09-12T20:50:22.892Z,research,81205,80128,0,1338,1199,82543,ordinary
33990,2026-09-12T20:51:28.501Z,research,85051,81024,0,1677,1430,86728,ordinary
33997,2026-09-12T20:51:34.327Z,research,86868,84864,0,91,70,86959,ordinary
34010,2026-09-12T20:53:04.016Z,research,86982,86656,0,1211,1136,88193,ordinary
34017,2026-09-12T20:53:53.740Z,research,88217,86784,0,29,8,88246,ordinary
34025,2026-09-12T20:54:34.205Z,research,88287,88064,0,1290,723,89577,ordinary
34035,2026-09-12T20:54:41.960Z,research,89708,88064,0,99,25,89807,ordinary
34042,2026-09-12T20:55:44.466Z,research,89830,89472,0,457,436,90287,ordinary
34050,2026-09-12T20:55:50.898Z,research,90331,89600,0,102,19,90433,ordinary
34055,2026-09-12T20:56:40.042Z,research,90456,90112,0,19,0,90475,ordinary
34059,2026-09-12T20:56:42.957Z,research,90516,90240,0,19,0,90535,ordinary
34068,2026-09-12T20:56:56.252Z,closeout,90558,90368,0,122,36,90680,ordinary
34074,2026-09-12T20:57:02.353Z,closeout,90737,90368,0,65,24,90802,ordinary
34082,2026-09-12T20:57:12.105Z,closeout,91372,90496,0,228,43,91600,ordinary
34094,2026-09-12T20:57:17.872Z,closeout,93319,91136,0,116,28,93435,ordinary
34101,2026-09-12T20:57:38.654Z,closeout,93732,93184,0,626,493,94358,ordinary
34113,2026-09-14T14:13:08.970Z,manuscript,95699,11904,0,259,0,95958,ordinary
34124,2026-09-14T14:13:32.855Z,manuscript,96804,95488,0,572,516,97376,ordinary
34128,2026-09-14T14:13:46.475Z,manuscript,97395,96640,0,363,0,97758,ordinary
34143,2026-09-14T14:14:07.731Z,manuscript,106649,97280,0,522,67,107171,ordinary
34152,2026-09-14T14:14:14.042Z,manuscript,112869,106496,0,119,21,112988,ordinary
34159,2026-09-14T14:14:23.529Z,manuscript,116921,112640,0,90,23,117011,ordinary
34167,2026-09-14T14:14:35.832Z,manuscript,124962,116736,0,269,202,125231,ordinary
34173,2026-09-14T14:15:11.583Z,manuscript,125256,124800,0,1100,471,126356,ordinary
34188,2026-09-14T14:16:25.224Z,manuscript,130738,125056,0,1988,1894,132726,ordinary
34195,2026-09-14T14:16:50.498Z,manuscript,140644,130560,0,582,420,141226,ordinary
34202,2026-09-14T14:17:44.247Z,manuscript,153345,140416,0,1624,161,154969,ordinary
34219,2026-09-14T14:20:42.759Z,manuscript,155041,153216,0,5819,1631,160860,ordinary
34226,2026-09-14T14:20:52.068Z,manuscript,160901,154880,0,163,21,161064,ordinary
34233,2026-09-14T14:20:59.285Z,manuscript,161123,160768,0,106,65,161229,ordinary
34239,2026-09-14T14:21:16.573Z,manuscript,161411,160896,0,370,48,161781,ordinary
34246,2026-09-14T14:21:43.341Z,manuscript,162572,161280,0,734,129,163306,ordinary
34255,2026-09-14T14:22:11.917Z,manuscript,163595,162432,0,634,516,164229,ordinary
34262,2026-09-14T14:22:25.109Z,manuscript,168714,163456,0,257,28,168971,ordinary
34277,2026-09-14T14:23:23.821Z,manuscript,170275,168576,0,1622,1196,171897,ordinary
34298,2026-09-14T14:24:20.404Z,manuscript,172249,170112,0,1617,1369,173866,ordinary
34307,2026-09-14T14:25:22.761Z,manuscript,174291,172032,0,1925,621,176216,ordinary
34316,2026-09-14T14:25:47.949Z,manuscript,176279,174080,0,585,98,176864,ordinary
34327,2026-09-14T14:26:02.923Z,manuscript,177320,176128,0,396,75,177716,ordinary
34335,2026-09-14T14:26:33.248Z,manuscript,181650,177152,0,779,235,182429,ordinary
34345,2026-09-14T14:27:12.129Z,manuscript,188596,181504,0,928,849,189524,ordinary
34354,2026-09-14T14:27:36.868Z,manuscript,192345,188416,0,730,513,193075,ordinary
34362,2026-09-14T14:28:02.173Z,manuscript,195156,192128,0,664,516,195820,ordinary
34372,2026-09-14T14:33:26.994Z,manuscript,198370,194944,0,10722,944,209092,ordinary
34382,2026-09-14T14:35:50.600Z,manuscript,209145,198144,0,4682,422,213827,ordinary
34388,2026-09-14T14:37:07.928Z,manuscript,213877,209024,0,2246,231,216123,ordinary
34396,2026-09-14T14:38:20.148Z,manuscript,216148,213760,0,2217,25,218365,ordinary
34405,2026-09-14T14:40:42.107Z,manuscript,218389,215936,0,4505,806,222894,ordinary
34408,2026-09-14T14:48:29.058Z,manuscript,222938,222720,0,8883,0,231821,compaction
34416,2026-09-14T14:48:33.250Z,manuscript,22746,11904,0,62,0,22808,ordinary
34425,2026-09-14T14:48:44.366Z,manuscript,24682,22528,0,269,31,24951,ordinary
34434,2026-09-14T14:48:58.797Z,manuscript,35677,24448,0,310,151,35987,ordinary
34442,2026-09-14T14:49:09.795Z,manuscript,47630,35456,0,252,40,47882,ordinary
34450,2026-09-14T14:49:20.651Z,manuscript,57459,47488,0,228,39,57687,ordinary
34460,2026-09-14T14:51:21.082Z,manuscript,62762,57344,0,3850,48,66612,ordinary
34467,2026-09-14T14:51:38.264Z,manuscript,66636,62592,0,431,231,67067,ordinary
34475,2026-09-14T14:54:38.549Z,manuscript,77472,66432,0,5838,202,83310,ordinary
34482,2026-09-14T14:54:54.906Z,manuscript,83335,77312,0,449,165,83784,ordinary
34490,2026-09-14T14:55:02.668Z,manuscript,93280,83200,0,81,8,93361,ordinary
34499,2026-09-14T14:55:12.921Z,manuscript,97464,93056,0,256,63,97720,ordinary
34507,2026-09-14T14:55:24.766Z,manuscript,105573,97280,0,250,79,105823,ordinary
34515,2026-09-14T14:58:06.033Z,manuscript,113993,105344,0,5206,57,119199,ordinary
34522,2026-09-14T14:58:22.076Z,manuscript,119223,113792,0,343,129,119566,ordinary
34530,2026-09-14T14:58:33.959Z,manuscript,124792,119040,0,170,14,124962,ordinary
34538,2026-09-14T14:58:44.084Z,manuscript,131324,124672,0,146,24,131470,ordinary
34546,2026-09-14T15:00:27.487Z,manuscript,134267,131200,0,3297,131,137564,ordinary
34554,2026-09-14T15:01:22.736Z,manuscript,137588,134144,0,1760,411,139348,ordinary
34564,2026-09-14T15:01:50.644Z,manuscript,139468,137472,0,850,11,140318,ordinary
34572,2026-09-14T15:02:09.401Z,manuscript,140458,139264,0,365,141,140823,ordinary
34580,2026-09-14T15:02:21.947Z,manuscript,152172,140288,0,101,19,152273,ordinary
34588,2026-09-14T15:02:33.638Z,manuscript,155408,151936,0,262,189,155670,ordinary
34597,2026-09-14T15:05:35.676Z,manuscript,158430,155264,0,5797,60,164227,ordinary
34603,2026-09-14T15:05:44.630Z,manuscript,164251,158208,0,160,59,164411,ordinary
34612,2026-09-14T15:06:07.578Z,manuscript,169639,164096,0,604,223,170243,ordinary
34621,2026-09-14T15:07:36.989Z,manuscript,179133,169472,0,2804,481,181937,ordinary
34627,2026-09-14T15:08:52.150Z,manuscript,181976,178944,0,2404,82,184380,ordinary
34635,2026-09-14T15:09:09.214Z,manuscript,184455,181760,0,424,141,184879,ordinary
34644,2026-09-14T15:09:20.758Z,manuscript,196039,184320,0,260,40,196299,ordinary
34653,2026-09-14T15:12:00.209Z,manuscript,199557,195840,0,4673,348,204230,ordinary
34659,2026-09-14T15:12:15.172Z,manuscript,204254,199424,0,368,165,204622,ordinary
34667,2026-09-14T15:12:44.840Z,manuscript,209628,204032,0,762,511,210390,ordinary
34675,2026-09-14T15:12:58.791Z,manuscript,213730,209408,0,202,42,213932,ordinary
34683,2026-09-14T15:13:14.070Z,manuscript,220612,213504,0,257,160,220869,ordinary
34690,2026-09-14T15:13:30.044Z,manuscript,225574,220416,0,445,224,226019,ordinary
34698,2026-09-14T15:15:31.892Z,manuscript,236349,225408,0,3874,516,240223,ordinary
34705,2026-09-14T15:15:47.398Z,manuscript,240255,236160,0,394,230,240649,ordinary
34715,2026-09-14T15:16:37.918Z,manuscript,242851,240128,0,1480,43,244331,ordinary
34721,2026-09-14T15:16:51.725Z,manuscript,244387,242688,0,85,36,244472,ordinary
34725,2026-09-14T15:21:40.120Z,manuscript,244927,244224,0,9508,0,254435,compaction
34737,2026-09-14T15:21:47.906Z,manuscript,23380,11904,0,196,54,23576,ordinary
34745,2026-09-14T15:21:58.329Z,manuscript,25081,23168,0,125,63,25206,ordinary
34750,2026-09-14T15:22:38.626Z,manuscript,29117,24960,0,1243,0,30360,ordinary
34756,2026-09-14T15:23:18.165Z,manuscript,30415,28928,0,1238,17,31653,ordinary
34763,2026-09-14T15:23:29.803Z,manuscript,31677,30208,0,299,13,31976,ordinary
34770,2026-09-14T15:23:42.699Z,manuscript,40865,31488,0,147,0,41012,ordinary
34780,2026-09-14T15:23:51.476Z,manuscript,51928,40704,0,178,48,52106,ordinary
34787,2026-09-14T15:24:07.057Z,manuscript,57157,51712,0,323,52,57480,ordinary
34795,2026-09-14T15:25:50.395Z,manuscript,71725,56960,0,3299,62,75024,ordinary
34802,2026-09-14T15:27:05.630Z,manuscript,75048,71552,0,2379,51,77427,ordinary
34811,2026-09-14T15:27:19.305Z,manuscript,77451,74880,0,322,46,77773,ordinary
34819,2026-09-14T15:27:51.273Z,manuscript,88529,77312,0,999,76,89528,ordinary
34826,2026-09-14T15:28:03.345Z,manuscript,89591,88320,0,316,119,89907,ordinary
34831,2026-09-14T15:28:38.698Z,manuscript,94794,89472,0,1119,0,95913,ordinary
34838,2026-09-14T15:28:50.548Z,manuscript,95937,94592,0,190,21,96127,ordinary
34847,2026-09-14T15:30:13.974Z,manuscript,102392,95744,0,2591,10,104983,ordinary
34855,2026-09-14T15:30:30.440Z,manuscript,105007,102272,0,402,52,105409,ordinary
34863,2026-09-14T15:30:44.126Z,manuscript,112304,104832,0,345,104,112649,ordinary
34870,2026-09-14T15:32:41.518Z,manuscript,117909,112128,0,3676,95,121585,ordinary
34877,2026-09-14T15:32:57.849Z,manuscript,121609,117760,0,366,120,121975,ordinary
34885,2026-09-14T15:33:49.108Z,manuscript,129495,121472,0,1570,41,131065,ordinary
34892,2026-09-14T15:34:09.802Z,manuscript,131089,129280,0,610,72,131699,ordinary
34901,2026-09-14T15:34:22.404Z,manuscript,131773,130944,0,299,105,132072,ordinary
34909,2026-09-14T15:34:33.663Z,manuscript,141593,131584,0,291,221,141884,ordinary
34916,2026-09-14T15:34:41.789Z,manuscript,144082,141440,0,182,13,144264,ordinary
34923,2026-09-14T15:34:47.527Z,manuscript,148232,143872,0,105,37,148337,ordinary
34931,2026-09-14T15:34:52.710Z,manuscript,148622,148096,0,88,10,148710,ordinary
34937,2026-09-14T15:34:59.903Z,manuscript,150423,148480,0,160,14,150583,ordinary
34945,2026-09-14T15:35:19.668Z,manuscript,152931,150272,0,465,83,153396,ordinary
34952,2026-09-14T15:35:29.507Z,manuscript,154240,152704,0,191,91,154431,ordinary
34960,2026-09-14T15:37:23.146Z,manuscript,157441,154112,0,3691,48,161132,ordinary
34967,2026-09-14T15:38:33.906Z,manuscript,161156,157312,0,2274,297,163430,ordinary
34973,2026-09-14T15:38:47.391Z,manuscript,163455,161024,0,340,125,163795,ordinary
34983,2026-09-14T15:39:16.817Z,manuscript,175468,163328,0,846,19,176314,ordinary
34991,2026-09-14T15:39:41.589Z,manuscript,176388,175232,0,587,516,176975,ordinary
34998,2026-09-14T15:40:01.327Z,manuscript,178053,176256,0,86,18,178139,ordinary
35005,2026-09-14T15:41:54.254Z,manuscript,179927,177920,0,3667,90,183594,ordinary
35011,2026-09-14T15:43:49.059Z,manuscript,183642,179712,0,3650,75,187292,ordinary
35018,2026-09-14T15:44:00.255Z,manuscript,187317,183424,0,290,124,187607,ordinary
35028,2026-09-14T15:45:46.492Z,manuscript,195292,187136,0,3456,454,198748,ordinary
35035,2026-09-14T15:45:54.331Z,manuscript,198776,195072,0,190,48,198966,ordinary
35042,2026-09-14T15:46:02.840Z,manuscript,201920,198656,0,116,65,202036,ordinary
35050,2026-09-14T15:47:22.255Z,manuscript,206730,201728,0,2529,123,209259,ordinary
35056,2026-09-14T15:47:35.913Z,manuscript,209284,206592,0,341,224,209625,ordinary
35063,2026-09-14T15:47:46.974Z,manuscript,217570,209152,0,133,28,217703,ordinary
35071,2026-09-14T15:48:15.260Z,manuscript,220002,217344,0,827,109,220829,ordinary
35078,2026-09-14T15:48:29.287Z,manuscript,220904,219776,0,181,130,221085,ordinary
35088,2026-09-14T15:50:43.596Z,manuscript,228138,220672,0,4325,704,232463,ordinary
35094,2026-09-14T15:50:51.209Z,manuscript,232488,227968,0,158,82,232646,ordinary
35101,2026-09-14T15:51:11.753Z,manuscript,242698,232320,0,506,351,243204,ordinary
35105,2026-09-14T15:55:47.920Z,manuscript,256217,242560,0,9083,0,265300,compaction
35113,2026-09-14T15:55:52.612Z,manuscript,22946,11904,0,50,0,22996,ordinary
35122,2026-09-14T15:56:04.852Z,manuscript,23724,22784,0,320,65,24044,ordinary
35131,2026-09-14T15:56:12.776Z,manuscript,31565,23552,0,180,38,31745,ordinary
35138,2026-09-14T15:56:33.519Z,manuscript,35389,31360,0,543,154,35932,ordinary
35147,2026-09-14T15:56:47.096Z,manuscript,47092,35200,0,285,195,47377,ordinary
35156,2026-09-14T15:56:56.174Z,manuscript,52079,46976,0,226,78,52305,ordinary
35165,2026-09-14T16:00:37.479Z,manuscript,52346,52096,0,4164,0,56510,ordinary
35171,2026-09-14T16:02:05.387Z,manuscript,56534,52224,0,2750,84,59284,ordinary
35177,2026-09-14T16:03:30.843Z,manuscript,59318,56320,0,2697,38,62015,ordinary
35185,2026-09-14T16:03:44.344Z,manuscript,62104,59136,0,323,19,62427,ordinary
35194,2026-09-14T16:03:58.040Z,manuscript,70472,61952,0,305,145,70777,ordinary
35201,2026-09-14T16:04:04.815Z,manuscript,76008,70272,0,155,28,76163,ordinary
35208,2026-09-14T16:04:42.726Z,manuscript,86239,75776,0,411,159,86650,ordinary
35218,2026-09-14T16:04:59.059Z,manuscript,97231,86016,0,398,155,97629,ordinary
35226,2026-09-14T16:05:11.030Z,manuscript,108833,97024,0,202,88,109035,ordinary
35233,2026-09-14T16:07:49.010Z,manuscript,118032,108672,0,5178,10,123210,ordinary
35240,2026-09-14T16:11:23.067Z,manuscript,123233,117888,0,6910,105,130143,ordinary
35247,2026-09-14T16:11:44.772Z,manuscript,130168,123008,0,638,281,130806,ordinary
35256,2026-09-14T16:12:09.373Z,manuscript,139208,130048,0,677,253,139885,ordinary
35263,2026-09-14T16:12:57.526Z,manuscript,145232,139008,0,1449,104,146681,ordinary
35273,2026-09-14T16:13:13.729Z,manuscript,146755,145024,0,332,42,147087,ordinary
35281,2026-09-14T16:13:23.918Z,manuscript,154728,146560,0,213,63,154941,ordinary
35289,2026-09-14T16:13:32.049Z,manuscript,165996,154496,0,188,36,166184,ordinary
35297,2026-09-14T16:13:52.050Z,manuscript,177032,165760,0,424,288,177456,ordinary
35304,2026-09-14T16:14:10.650Z,manuscript,181320,176896,0,425,354,181745,ordinary
35311,2026-09-14T16:16:15.507Z,manuscript,184149,181120,0,3984,100,188133,ordinary
35318,2026-09-14T16:18:16.066Z,manuscript,188157,183936,0,3921,159,192078,ordinary
35325,2026-09-14T16:18:41.428Z,manuscript,192102,188032,0,685,399,192787,ordinary
35333,2026-09-14T16:18:54.759Z,manuscript,195582,191872,0,363,97,195945,ordinary
35343,2026-09-14T16:20:26.020Z,manuscript,201519,195456,0,2903,83,204422,ordinary
35352,2026-09-14T16:21:08.926Z,manuscript,205360,201344,0,1256,136,206616,ordinary
35359,2026-09-14T16:21:51.946Z,manuscript,206710,205184,0,1194,516,207904,ordinary
35366,2026-09-14T16:21:58.916Z,manuscript,209424,206592,0,137,23,209561,ordinary
35374,2026-09-14T16:22:07.265Z,manuscript,213047,209280,0,153,32,213200,ordinary
35382,2026-09-14T16:22:47.194Z,manuscript,218055,212864,0,1102,137,219157,ordinary
35389,2026-09-14T16:23:07.996Z,manuscript,219232,217856,0,565,299,219797,ordinary
35397,2026-09-14T16:23:25.737Z,manuscript,228368,219008,0,392,265,228760,ordinary
35404,2026-09-14T16:24:26.767Z,manuscript,229410,228224,0,1851,331,231261,ordinary
35411,2026-09-14T16:24:39.262Z,manuscript,231289,229248,0,309,118,231598,ordinary
35420,2026-09-14T16:24:47.109Z,manuscript,234292,231168,0,83,22,234375,ordinary
35426,2026-09-14T16:25:16.703Z,manuscript,236016,234112,0,834,223,236850,ordinary
35441,2026-09-14T16:26:08.741Z,manuscript,237001,235904,0,1292,1091,238293,ordinary
35448,2026-09-14T16:26:16.917Z,manuscript,239886,236800,0,114,51,240000,ordinary
35456,2026-09-14T16:26:56.126Z,manuscript,242168,239744,0,1169,456,243337,ordinary
35463,2026-09-14T16:27:11.242Z,manuscript,243427,242048,0,336,198,243763,ordinary
35468,2026-09-14T16:32:04.881Z,manuscript,253941,243328,0,9638,0,263579,compaction
35476,2026-09-14T16:32:11.576Z,manuscript,23497,11904,0,64,0,23561,ordinary
35483,2026-09-14T16:32:21.791Z,manuscript,24061,11904,0,256,87,24317,ordinary
35495,2026-09-14T16:32:32.707Z,manuscript,32011,23296,0,287,57,32298,ordinary
35504,2026-09-14T16:32:42.252Z,manuscript,36197,23936,0,195,81,36392,ordinary
35512,2026-09-14T16:32:56.559Z,manuscript,41172,31872,0,342,146,41514,ordinary
35520,2026-09-14T16:33:16.656Z,manuscript,49663,40960,0,545,297,50208,ordinary
35529,2026-09-14T16:33:34.183Z,manuscript,59846,49536,0,464,326,60310,ordinary
35538,2026-09-14T16:34:02.142Z,manuscript,65799,59648,0,692,421,66491,ordinary
35546,2026-09-14T16:34:36.741Z,manuscript,74844,65664,0,1059,516,75903,ordinary
35555,2026-09-14T16:34:59.185Z,manuscript,85497,74624,0,523,355,86020,ordinary
35563,2026-09-14T16:35:27.643Z,manuscript,92686,85376,0,632,477,93318,ordinary
35571,2026-09-14T16:35:56.968Z,manuscript,100283,92544,0,687,457,100970,ordinary
35579,2026-09-14T16:36:16.158Z,manuscript,107260,100096,0,482,246,107742,ordinary
35587,2026-09-14T16:36:40.423Z,manuscript,115947,107136,0,714,516,116661,ordinary
35597,2026-09-14T16:37:09.740Z,manuscript,123723,115840,0,728,412,124451,ordinary
35606,2026-09-14T16:37:27.807Z,manuscript,136422,123520,0,447,178,136869,ordinary
35614,2026-09-14T16:38:00.206Z,manuscript,139386,136320,0,800,481,140186,ordinary
35623,2026-09-14T16:38:10.659Z,manuscript,144839,139264,0,204,59,145043,ordinary
35634,2026-09-14T16:39:04.650Z,manuscript,150467,144640,0,1331,1034,151798,ordinary
35641,2026-09-14T16:39:24.463Z,manuscript,152244,150272,0,452,86,152696,ordinary
35656,2026-09-14T16:40:44.375Z,manuscript,160077,152064,0,2131,2019,162208,ordinary
35670,2026-09-14T16:41:35.252Z,manuscript,170004,159872,0,1372,1125,171376,ordinary
35679,2026-09-14T16:41:54.254Z,manuscript,179114,169856,0,372,208,179486,ordinary
35687,2026-09-14T16:42:01.620Z,manuscript,180733,178944,0,121,59,180854,ordinary
35700,2026-09-14T16:43:13.958Z,manuscript,190063,180608,0,1894,1552,191957,ordinary
35708,2026-09-14T16:43:43.683Z,manuscript,194342,189696,0,819,28,195161,ordinary
35715,2026-09-14T16:44:14.228Z,manuscript,198659,194176,0,914,38,199573,ordinary
35726,2026-09-14T16:45:42.163Z,manuscript,201006,198528,0,2778,1034,203784,ordinary
35733,2026-09-14T16:46:16.885Z,manuscript,203902,200832,0,838,516,204740,ordinary
35742,2026-09-14T16:46:33.232Z,manuscript,208688,203776,0,308,55,208996,ordinary
35749,2026-09-14T16:46:47.755Z,manuscript,210839,208512,0,342,223,211181,ordinary
35760,2026-09-14T16:47:29.132Z,manuscript,219933,210688,0,1212,372,221145,ordinary
35775,2026-09-14T16:47:56.992Z,manuscript,231054,219392,0,178,80,231232,ordinary
35782,2026-09-14T16:48:14.918Z,manuscript,233028,230528,0,367,193,233395,ordinary
35793,2026-09-14T16:48:37.498Z,manuscript,246574,232960,0,262,58,246836,ordinary
35801,2026-09-14T16:52:52.720Z,manuscript,259244,246016,0,8141,0,267385,compaction
35809,2026-09-14T16:52:59.384Z,manuscript,22016,11904,0,66,0,22082,ordinary
35819,2026-09-14T16:53:11.542Z,manuscript,23079,21888,0,261,35,23340,ordinary
35828,2026-09-14T16:53:22.639Z,manuscript,31597,22912,0,270,0,31867,ordinary
35838,2026-09-14T16:53:36.401Z,manuscript,37817,31360,0,140,21,37957,ordinary
35844,2026-09-14T16:54:12.067Z,manuscript,42583,37632,0,996,0,43579,ordinary
35852,2026-09-14T16:54:23.401Z,manuscript,43649,42368,0,281,186,43930,ordinary
35859,2026-09-14T16:55:38.308Z,manuscript,47417,43520,0,2326,57,49743,ordinary
35869,2026-09-14T16:57:02.345Z,manuscript,49810,47232,0,2700,39,52510,ordinary
35875,2026-09-14T16:58:24.346Z,manuscript,52554,49664,0,2637,52,55191,ordinary
35884,2026-09-14T16:58:38.822Z,manuscript,55301,52352,0,338,138,55639,ordinary
35892,2026-09-14T16:58:50.027Z,manuscript,59715,55168,0,261,38,59976,ordinary
35901,2026-09-14T16:59:40.817Z,manuscript,60436,59520,0,1540,178,61976,ordinary
35911,2026-09-14T17:00:43.694Z,manuscript,63060,60288,0,1928,406,64988,ordinary
35919,2026-09-14T17:00:55.274Z,manuscript,65352,62848,0,166,43,65518,ordinary
35928,2026-09-14T17:01:12.393Z,manuscript,65696,65152,0,247,121,65943,ordinary
35938,2026-09-14T17:01:23.009Z,manuscript,76075,65536,0,202,136,76277,ordinary
35950,2026-09-14T17:01:38.673Z,manuscript,86133,75520,0,257,61,86390,ordinary
35961,2026-09-14T17:01:57.985Z,manuscript,96725,85632,0,400,255,97125,ordinary
35972,2026-09-14T17:03:32.943Z,manuscript,107066,96640,0,2739,344,109805,ordinary
35981,2026-09-14T17:04:12.807Z,manuscript,110112,107008,0,1105,360,111217,ordinary
35991,2026-09-14T17:04:24.996Z,manuscript,111443,110080,0,160,46,111603,ordinary
35999,2026-09-14T17:04:33.491Z,manuscript,113227,111360,0,105,55,113332,ordinary
36006,2026-09-14T17:04:47.495Z,manuscript,114590,113152,0,267,110,114857,ordinary
36014,2026-09-14T17:05:09.023Z,manuscript,115212,114560,0,382,231,115594,ordinary
