line,timestamp,phase,item_type,kind,status,exit_code,started_at_ms,completed_at_ms
12,2026-09-10T20:56:50.465Z,research,AgentMessage,,,,1789073809077,1789073810465
16,2026-09-10T20:56:56.358Z,research,CommandExecution,,completed,0,1789073816357,1789073816358
17,2026-09-10T20:56:56.451Z,research,CommandExecution,,failed,128,1789073816450,1789073816451
24,2026-09-10T20:57:06.053Z,research,CommandExecution,,failed,1,1789073826052,1789073826052
25,2026-09-10T20:57:06.086Z,research,CommandExecution,,completed,0,1789073826085,1789073826086
26,2026-09-10T20:57:08.240Z,research,CommandExecution,,completed,0,1789073826277,1789073828240
31,2026-09-10T20:57:11.643Z,research,CommandExecution,,failed,2,1789073831642,1789073831643
38,2026-09-10T20:57:20.835Z,research,CommandExecution,,completed,0,1789073840830,1789073840833
39,2026-09-10T20:57:20.863Z,research,CommandExecution,,failed,2,1789073840862,1789073840862
40,2026-09-10T20:57:22.561Z,research,Extension,web.search,,,1789073840841,1789073842560
45,2026-09-10T20:57:26.476Z,research,AgentMessage,,,,1789073844538,1789073846476
55,2026-09-10T20:58:51.552Z,research,UserMessage,,,,1789073931552,1789073931552
56,2026-09-10T20:58:54.896Z,research,AgentMessage,,,,1789073934005,1789073934896
60,2026-09-10T20:58:59.780Z,research,CommandExecution,,failed,128,1789073939757,1789073939779
61,2026-09-10T20:58:59.797Z,research,CommandExecution,,completed,0,1789073939795,1789073939796
62,2026-09-10T20:59:03.043Z,research,Extension,web.search,,,1789073939809,1789073943043
69,2026-09-10T20:59:12.268Z,research,CommandExecution,,completed,0,1789073952263,1789073952267
70,2026-09-10T20:59:14.073Z,research,Extension,web.search,,,1789073952301,1789073954073
71,2026-09-10T20:59:14.193Z,research,CommandExecution,,completed,0,1789073954192,1789073954193
78,2026-09-10T21:00:12.580Z,research,FileChange,,completed,,1789074012578,1789074012580
80,2026-09-10T21:00:14.329Z,research,CommandExecution,,completed,0,1789074012770,1789074014329
87,2026-09-10T21:00:35.827Z,research,CommandExecution,,completed,0,1789074035825,1789074035826
88,2026-09-10T21:00:35.837Z,research,CommandExecution,,completed,0,1789074035835,1789074035836
89,2026-09-10T21:00:37.564Z,research,Extension,web.search,,,1789074035828,1789074037563
90,2026-09-10T21:00:37.761Z,research,CommandExecution,,completed,0,1789074037761,1789074037761
95,2026-09-10T21:00:51.747Z,research,AgentMessage,,,,1789074049032,1789074051747
99,2026-09-10T21:00:58.975Z,research,CommandExecution,,completed,0,1789074058974,1789074058974
100,2026-09-10T21:00:59.541Z,research,CommandExecution,,completed,0,1789074059052,1789074059541
101,2026-09-10T21:01:00.523Z,research,Extension,web.search,,,1789074058940,1789074060522
108,2026-09-10T21:01:13.093Z,research,CommandExecution,,completed,0,1789074072869,1789074073092
109,2026-09-10T21:01:13.221Z,research,CommandExecution,,completed,0,1789074072897,1789074073220
110,2026-09-10T21:01:14.898Z,research,Extension,web.search,,,1789074072805,1789074074898
117,2026-09-10T21:01:38.458Z,research,CommandExecution,,completed,0,1789074098250,1789074098458
118,2026-09-10T21:01:38.494Z,research,ImageView,,,,1789074098493,1789074098493
119,2026-09-10T21:01:38.583Z,research,CommandExecution,,completed,0,1789074098581,1789074098582
125,2026-09-10T21:03:53.569Z,research,FileChange,,completed,,1789074233567,1789074233569
131,2026-09-10T21:04:01.105Z,research,CommandExecution,,completed,0,1789074233760,1789074241105
134,2026-09-10T21:04:03.027Z,research,CommandExecution,,completed,0,1789074243026,1789074243027
135,2026-09-10T21:04:04.640Z,research,Extension,web.search,,,1789074243026,1789074244640
142,2026-09-10T21:05:21.901Z,research,Extension,web.search,,,1789074320480,1789074321901
143,2026-09-10T21:05:23.259Z,research,CommandExecution,,completed,0,1789074322093,1789074323258
144,2026-09-10T21:05:23.277Z,research,FileChange,,completed,,1789074323273,1789074323277
145,2026-09-10T21:05:23.375Z,research,CommandExecution,,completed,0,1789074323374,1789074323374
152,2026-09-10T21:06:04.288Z,research,AgentMessage,,,,1789074362358,1789074364288
156,2026-09-10T21:06:50.519Z,research,CommandExecution,,completed,0,1789074408924,1789074410519
157,2026-09-10T21:06:50.535Z,research,FileChange,,completed,,1789074410533,1789074410535
164,2026-09-10T21:08:07.325Z,research,CommandExecution,,completed,0,1789074485746,1789074487325
165,2026-09-10T21:08:07.341Z,research,FileChange,,completed,,1789074487339,1789074487341
172,2026-09-10T21:08:22.043Z,research,CommandExecution,,completed,0,1789074502043,1789074502043
173,2026-09-10T21:08:23.379Z,research,Extension,web.search,,,1789074502018,1789074503378
174,2026-09-10T21:08:25.175Z,research,CommandExecution,,completed,0,1789074503566,1789074505174
181,2026-09-10T21:08:33.734Z,research,CommandExecution,,completed,0,1789074513733,1789074513734
182,2026-09-10T21:08:35.344Z,research,Extension,web.search,,,1789074513800,1789074515344
189,2026-09-10T21:09:00.632Z,research,CommandExecution,,completed,0,1789074540629,1789074540630
190,2026-09-10T21:09:00.650Z,research,CommandExecution,,completed,0,1789074540650,1789074540650
191,2026-09-10T21:09:02.063Z,research,Extension,web.search,,,1789074540623,1789074542063
198,2026-09-10T21:09:22.965Z,research,CommandExecution,,completed,0,1789074562965,1789074562965
199,2026-09-10T21:09:24.309Z,research,Extension,web.search,,,1789074562894,1789074564308
206,2026-09-10T21:09:35.035Z,research,Extension,web.search,,,1789074573531,1789074575034
207,2026-09-10T21:09:35.841Z,research,CommandExecution,,completed,0,1789074575232,1789074575840
222,2026-09-10T21:11:05.561Z,research,Extension,web.search,,,1789074663925,1789074665561
223,2026-09-10T21:11:05.634Z,research,CommandExecution,,completed,0,1789074665634,1789074665634
230,2026-09-10T21:11:18.360Z,research,CommandExecution,,completed,0,1789074678155,1789074678360
231,2026-09-10T21:11:18.631Z,research,CommandExecution,,completed,0,1789074678181,1789074678631
242,2026-09-10T21:12:01.544Z,research,CommandExecution,,completed,0,1789074721543,1789074721544
243,2026-09-10T21:12:03.352Z,research,Extension,web.search,,,1789074721611,1789074723352
250,2026-09-10T21:12:11.865Z,research,CommandExecution,,completed,0,1789074731736,1789074731865
251,2026-09-10T21:12:11.986Z,research,CommandExecution,,completed,0,1789074731985,1789074731986
258,2026-09-10T21:12:38.578Z,research,AgentMessage,,,,1789074756908,1789074758578
262,2026-09-10T21:12:40.579Z,research,CommandExecution,,completed,0,1789074760576,1789074760579
263,2026-09-10T21:12:40.679Z,research,CommandExecution,,completed,0,1789074410724,1789074760679
264,2026-09-10T21:12:40.754Z,research,CommandExecution,,failed,1,1789074760753,1789074760753
271,2026-09-10T21:14:00.815Z,research,CommandExecution,,completed,0,1789074839223,1789074840815
272,2026-09-10T21:14:00.836Z,research,FileChange,,completed,,1789074840831,1789074840836
279,2026-09-10T21:14:13.449Z,research,CommandExecution,,completed,0,1789074853448,1789074853449
280,2026-09-10T21:14:13.487Z,research,CommandExecution,,completed,0,1789074853487,1789074853487
291,2026-09-10T21:14:57.324Z,research,CommandExecution,,completed,0,1789074897323,1789074897324
292,2026-09-10T21:14:59.803Z,research,Extension,web.search,,,1789074897325,1789074899802
297,2026-09-10T21:15:19.427Z,research,CommandExecution,,completed,0,1789074487525,1789074919427
300,2026-09-10T21:15:23.302Z,research,CommandExecution,,completed,0,1789074921734,1789074923302
307,2026-09-10T21:15:54.102Z,research,FileChange,,completed,,1789074954101,1789074954101
314,2026-09-10T21:16:09.799Z,research,CommandExecution,,completed,0,1789074969798,1789074969799
315,2026-09-10T21:16:11.898Z,research,Extension,web.search,,,1789074969776,1789074971898
322,2026-09-10T21:16:31.442Z,research,CommandExecution,,completed,0,1789074991442,1789074991442
323,2026-09-10T21:16:31.539Z,research,CommandExecution,,completed,0,1789074991538,1789074991539
329,2026-09-10T21:17:33.411Z,research,CommandExecution,,completed,0,1789075053410,1789075053411
331,2026-09-10T21:17:33.437Z,research,FileChange,,completed,,1789075053433,1789075053437
332,2026-09-10T21:17:33.442Z,research,CommandExecution,,completed,0,1789074944090,1789075053442
335,2026-09-10T21:17:35.458Z,research,CommandExecution,,completed,0,1789075053629,1789075055458
340,2026-09-10T21:17:56.714Z,research,CommandExecution,,completed,0,1789075076713,1789075076713
345,2026-09-10T21:18:06.433Z,research,AgentMessage,,,,1789075083693,1789075086433
347,2026-09-10T21:18:16.337Z,research,CommandExecution,,completed,0,1789074841022,1789075096337
350,2026-09-10T21:19:03.607Z,research,CommandExecution,,completed,0,1789075143606,1789075143607
351,2026-09-10T21:19:03.633Z,research,FileChange,,completed,,1789075143627,1789075143633
352,2026-09-10T21:19:03.778Z,research,CommandExecution,,completed,0,1789075143777,1789075143778
358,2026-09-10T21:19:12.866Z,research,CommandExecution,,completed,0,1789075152866,1789075152866
368,2026-09-10T21:19:57.503Z,research,CommandExecution,,completed,0,1789075195623,1789075197503
369,2026-09-10T21:19:57.585Z,research,CommandExecution,,completed,0,1789075197585,1789075197585
372,2026-09-10T21:20:09.912Z,research,CommandExecution,,completed,0,1789074954288,1789075209912
376,2026-09-10T21:20:37.894Z,research,FileChange,,completed,,1789075237893,1789075237894
378,2026-09-10T21:20:39.160Z,research,CommandExecution,,completed,0,1789075239159,1789075239159
385,2026-09-10T21:20:58.352Z,research,CommandExecution,,completed,0,1789075258352,1789075258352
386,2026-09-10T21:20:58.429Z,research,CommandExecution,,completed,0,1789075258429,1789075258429
392,2026-09-10T21:21:56.197Z,research,FileChange,,completed,,1789075316193,1789075316197
394,2026-09-10T21:21:56.354Z,research,CommandExecution,,completed,0,1789075316353,1789075316354
399,2026-09-10T21:22:03.170Z,research,AgentMessage,,,,1789075320338,1789075323169
407,2026-09-10T21:22:06.331Z,research,AgentMessage,,,,1789075325408,1789075326331
410,2026-09-10T21:22:10.718Z,research,CommandExecution,,completed,0,1789075330717,1789075330718
412,2026-09-10T21:22:10.753Z,research,CommandExecution,,failed,1,1789075330753,1789075330753
418,2026-09-10T21:22:37.033Z,research,CommandExecution,,completed,0,1789075357032,1789075357032
420,2026-09-10T21:22:38.621Z,research,Extension,web.search,,,1789075357024,1789075358620
429,2026-09-10T21:23:15.013Z,research,CommandExecution,,completed,0,1789075395012,1789075395013
432,2026-09-10T21:23:17.041Z,research,CommandExecution,,completed,0,1789075395205,1789075397041
443,2026-09-10T21:24:34.675Z,research,AgentMessage,,,,1789075472905,1789075474675
446,2026-09-10T21:25:50.596Z,research,CommandExecution,,completed,0,1789075550594,1789075550595
448,2026-09-10T21:25:50.634Z,research,FileChange,,completed,,1789075550631,1789075550634
451,2026-09-10T21:25:52.138Z,research,CommandExecution,,completed,0,1789075550822,1789075552138
455,2026-09-10T21:26:05.920Z,research,CommandExecution,,completed,0,1789075565919,1789075565919
462,2026-09-10T21:27:36.641Z,research,FileChange,,completed,,1789075656638,1789075656641
466,2026-09-10T21:27:38.563Z,research,CommandExecution,,completed,0,1789075656827,1789075658563
473,2026-09-10T21:30:10.457Z,research,ContextCompaction,,,,1789075657848,1789075810456
476,2026-09-10T21:30:15.624Z,research,AgentMessage,,,,1789075814342,1789075815624
480,2026-09-10T21:30:19.280Z,research,CommandExecution,,completed,0,1789075819279,1789075819280
481,2026-09-10T21:30:19.301Z,research,CommandExecution,,completed,0,1789075819300,1789075819301
486,2026-09-10T21:30:26.573Z,research,CommandExecution,,completed,0,1789075826571,1789075826572
487,2026-09-10T21:30:26.583Z,research,CommandExecution,,completed,0,1789075826577,1789075826580
494,2026-09-10T21:30:43.751Z,research,CommandExecution,,completed,0,1789075843750,1789075843750
497,2026-09-10T21:30:45.646Z,research,CommandExecution,,completed,0,1789075843832,1789075845646
500,2026-09-10T21:30:54.041Z,research,CommandExecution,,completed,0,1789075843807,1789075854040
503,2026-09-10T21:30:57.496Z,research,CommandExecution,,completed,0,1789075857494,1789075857495
504,2026-09-10T21:30:58.977Z,research,Extension,web.search,,,1789075857491,1789075858977
509,2026-09-10T21:31:03.553Z,research,AgentMessage,,,,1789075861763,1789075863553
513,2026-09-10T21:31:13.842Z,research,CommandExecution,,completed,0,1789075873828,1789075873842
514,2026-09-10T21:31:15.326Z,research,Extension,web.search,,,1789075873838,1789075875325
521,2026-09-10T21:31:29.207Z,research,Extension,web.search,,,1789075887714,1789075889207
528,2026-09-10T21:31:37.251Z,research,CommandExecution,,completed,0,1789075897251,1789075897251
529,2026-09-10T21:31:38.595Z,research,Extension,web.search,,,1789075897217,1789075898595
535,2026-09-10T21:32:41.681Z,research,FileChange,,completed,,1789075961680,1789075961681
543,2026-09-10T21:32:52.471Z,research,CommandExecution,,failed,22,1789075972176,1789075972471
548,2026-09-10T21:33:02.154Z,research,AgentMessage,,,,1789075980103,1789075982154
552,2026-09-10T21:33:06.823Z,research,CommandExecution,,completed,0,1789075986823,1789075986823
553,2026-09-10T21:33:08.328Z,research,Extension,web.search,,,1789075986814,1789075988328
556,2026-09-10T21:33:18.218Z,research,CommandExecution,,completed,0,1789075972150,1789075998218
566,2026-09-10T21:34:21.703Z,research,CommandExecution,,completed,0,1789076061703,1789076061703
568,2026-09-10T21:34:25.216Z,research,Extension,web.search,,,1789076061690,1789076065216
575,2026-09-10T21:34:33.510Z,research,Extension,web.search,,,1789076071314,1789076073509
582,2026-09-10T21:34:57.960Z,research,CommandExecution,,completed,0,1789076097576,1789076097960
583,2026-09-10T21:34:58.787Z,research,Extension,web.search,,,1789076097496,1789076098787
588,2026-09-10T21:35:07.640Z,research,AgentMessage,,,,1789076105692,1789076107640
591,2026-09-10T21:36:26.830Z,research,FileChange,,completed,,1789076186829,1789076186830
599,2026-09-10T21:36:47.580Z,research,CommandExecution,,completed,0,1789076207579,1789076207580
600,2026-09-10T21:36:48.338Z,research,CommandExecution,,completed,0,1789076207705,1789076208338
601,2026-09-10T21:36:49.319Z,research,Extension,web.search,,,1789076207622,1789076209319
608,2026-09-10T21:36:55.784Z,research,CommandExecution,,completed,0,1789076215782,1789076215783
615,2026-09-10T21:37:19.294Z,research,CommandExecution,,completed,0,1789076239293,1789076239294
616,2026-09-10T21:37:19.650Z,research,CommandExecution,,completed,0,1789076239388,1789076239650
622,2026-09-10T21:37:22.723Z,research,ImageView,,,,1789076242723,1789076242723
629,2026-09-10T21:38:31.806Z,research,FileChange,,completed,,1789076311803,1789076311805
638,2026-09-10T21:39:19.517Z,research,FileChange,,completed,,1789076359514,1789076359517
646,2026-09-10T21:39:33.273Z,research,CommandExecution,,completed,0,1789076373272,1789076373273
649,2026-09-10T21:39:35.154Z,research,CommandExecution,,completed,0,1789076373394,1789076375154
650,2026-09-10T21:39:45.150Z,research,CommandExecution,,completed,0,1789076359704,1789076385150
653,2026-09-10T21:39:52.505Z,research,AgentMessage,,,,1789076390345,1789076392505
657,2026-09-10T21:40:11.831Z,research,CommandExecution,,completed,0,1789076411798,1789076411830
658,2026-09-10T21:40:11.847Z,research,FileChange,,completed,,1789076411844,1789076411847
665,2026-09-10T21:40:30.544Z,research,CommandExecution,,completed,0,1789076430542,1789076430544
670,2026-09-10T21:41:18.305Z,research,CommandExecution,,completed,0,1789075873902,1789076478305
672,2026-09-10T21:41:26.120Z,research,FileChange,,completed,,1789076486116,1789076486120
680,2026-09-10T21:42:35.101Z,research,CommandExecution,,completed,0,1789076555099,1789076555100
681,2026-09-10T21:42:35.223Z,research,CommandExecution,,completed,0,1789076555222,1789076555223
688,2026-09-10T21:42:43.215Z,research,CommandExecution,,completed,0,1789076563214,1789076563214
693,2026-09-10T21:42:55.022Z,research,AgentMessage,,,,1789076573169,1789076575022
697,2026-09-10T21:43:21.590Z,research,CommandExecution,,completed,0,1789076601590,1789076601590
698,2026-09-10T21:43:21.691Z,research,CommandExecution,,completed,0,1789076601690,1789076601691
703,2026-09-10T21:43:29.398Z,research,AgentMessage,,,,1789076607323,1789076609398
713,2026-09-10T21:43:37.773Z,research,AgentMessage,,,,1789076616463,1789076617773
716,2026-09-10T21:43:42.169Z,research,CommandExecution,,completed,0,1789076622168,1789076622169
717,2026-09-10T21:43:42.186Z,research,CommandExecution,,completed,0,1789076622185,1789076622186
731,2026-09-10T21:44:57.520Z,research,CommandExecution,,completed,0,1789076697519,1789076697520
732,2026-09-10T21:44:58.996Z,research,Extension,web.search,,,1789076697504,1789076698996
739,2026-09-10T21:45:12.699Z,research,CommandExecution,,completed,0,1789076712500,1789076712698
740,2026-09-10T21:45:13.725Z,research,Extension,web.search,,,1789076712412,1789076713725
743,2026-09-10T21:45:21.103Z,research,CommandExecution,,completed,0,1789075238082,1789076721103
750,2026-09-10T21:45:40.377Z,research,CommandExecution,,failed,2,1789076740376,1789076740376
751,2026-09-10T21:45:41.705Z,research,Extension,web.search,,,1789076740403,1789076741705
757,2026-09-10T21:46:49.953Z,research,FileChange,,completed,,1789076809951,1789076809953
761,2026-09-10T21:47:02.300Z,research,CommandExecution,,completed,0,1789076810145,1789076822300
766,2026-09-10T21:47:14.106Z,research,CommandExecution,,completed,0,1789076834105,1789076834106
767,2026-09-10T21:47:14.926Z,research,CommandExecution,,completed,0,1789076834232,1789076834926
776,2026-09-10T21:47:59.626Z,research,AgentMessage,,,,1789076877734,1789076879626
779,2026-09-10T21:48:28.554Z,research,FileChange,,completed,,1789076908550,1789076908554
781,2026-09-10T21:48:28.741Z,research,CommandExecution,,completed,0,1789076908739,1789076908740
784,2026-09-10T21:48:32.794Z,research,CommandExecution,,completed,0,1789076908742,1789076912794
789,2026-09-10T21:48:47.299Z,research,CommandExecution,,completed,0,1789076927298,1789076927298
820,2026-09-10T21:52:16.315Z,research,Extension,web.search,,,1789077134845,1789077136314
831,2026-09-10T21:53:13.064Z,research,AgentMessage,,,,1789077190479,1789077193064
834,2026-09-10T21:54:42.027Z,research,FileChange,,completed,,1789077282026,1789077282027
843,2026-09-10T21:55:41.014Z,research,FileChange,,completed,,1789077341013,1789077341014
847,2026-09-10T21:55:42.872Z,research,CommandExecution,,completed,0,1789077341200,1789077342872
852,2026-09-10T21:55:51.462Z,research,CommandExecution,,completed,0,1789077351461,1789077351462
853,2026-09-10T21:55:53.082Z,research,Extension,web.search,,,1789077351467,1789077353081
859,2026-09-10T21:56:09.354Z,research,FileChange,,completed,,1789077369352,1789077369354
861,2026-09-10T21:56:09.856Z,research,CommandExecution,,completed,0,1789077369570,1789077369856
864,2026-09-10T21:56:15.817Z,research,CommandExecution,,completed,0,1789077369541,1789077375817
868,2026-09-10T21:56:50.138Z,research,ImageView,,,,1789077410138,1789077410138
869,2026-09-10T21:56:50.166Z,research,FileChange,,completed,,1789077410163,1789077410166
871,2026-09-10T21:56:50.245Z,research,CommandExecution,,completed,0,1789077410244,1789077410245
877,2026-09-10T21:57:42.784Z,research,FileChange,,completed,,1789077462783,1789077462784
879,2026-09-10T21:57:42.923Z,research,CommandExecution,,completed,0,1789077462922,1789077462923
888,2026-09-10T21:58:14.823Z,research,CommandExecution,,completed,0,1789077494822,1789077494823
899,2026-09-10T21:59:31.651Z,research,AgentMessage,,,,1789077569819,1789077571651
902,2026-09-10T22:00:40.973Z,research,FileChange,,completed,,1789077640970,1789077640973
912,2026-09-10T22:02:20.145Z,research,CommandExecution,,completed,0,1789077740144,1789077740145
918,2026-09-10T22:02:28.622Z,research,CommandExecution,,completed,0,1789077748620,1789077748621
920,2026-09-10T22:02:28.641Z,research,CommandExecution,,completed,0,1789077748640,1789077748640
926,2026-09-10T22:03:45.916Z,research,FileChange,,completed,,1789077825911,1789077825916
928,2026-09-10T22:03:46.047Z,research,CommandExecution,,completed,0,1789077826047,1789077826047
933,2026-09-10T22:03:57.071Z,research,AgentMessage,,,,1789077834544,1789077837071
943,2026-09-10T22:04:18.979Z,research,AgentMessage,,,,1789077857487,1789077858979
946,2026-09-10T22:04:23.952Z,research,CommandExecution,,completed,0,1789077863950,1789077863951
948,2026-09-10T22:04:24.022Z,research,CommandExecution,,completed,0,1789077864020,1789077864021
961,2026-09-10T22:05:37.959Z,research,CommandExecution,,completed,0,1789077937959,1789077937959
962,2026-09-10T22:05:39.436Z,research,Extension,web.search,,,1789077937948,1789077939435
971,2026-09-10T22:09:42.071Z,research,ContextCompaction,,,,1789077939465,1789078182071
974,2026-09-10T22:09:46.634Z,research,AgentMessage,,,,1789078185492,1789078186634
978,2026-09-10T22:09:50.661Z,research,CommandExecution,,completed,0,1789078190660,1789078190661
979,2026-09-10T22:09:50.753Z,research,CommandExecution,,completed,0,1789078190752,1789078190753
986,2026-09-10T22:10:00.950Z,research,CommandExecution,,completed,0,1789078200949,1789078200950
987,2026-09-10T22:10:00.965Z,research,CommandExecution,,completed,0,1789078200964,1789078200965
988,2026-09-10T22:10:02.611Z,research,Extension,web.search,,,1789078200972,1789078202610
995,2026-09-10T22:10:30.945Z,research,AgentMessage,,,,1789078230073,1789078230945
999,2026-09-10T22:10:39.910Z,research,CommandExecution,,failed,1,1789078239648,1789078239910
1000,2026-09-10T22:10:40.317Z,research,CommandExecution,,completed,0,1789078239621,1789078240317
1001,2026-09-10T22:10:40.932Z,research,Extension,web.search,,,1789078239552,1789078240932
1008,2026-09-10T22:11:03.262Z,research,CommandExecution,,failed,1,1789078263257,1789078263259
1009,2026-09-10T22:11:05.440Z,research,Extension,web.search,,,1789078263277,1789078265439
1010,2026-09-10T22:11:05.479Z,research,ImageView,,,,1789078265479,1789078265479
1019,2026-09-10T22:11:32.861Z,research,CommandExecution,,completed,0,1789078292859,1789078292860
1020,2026-09-10T22:11:34.294Z,research,Extension,web.search,,,1789078292870,1789078294294
1027,2026-09-10T22:11:44.402Z,research,Extension,web.search,,,1789078302989,1789078304401
1028,2026-09-10T22:11:44.501Z,research,CommandExecution,,completed,0,1789078304500,1789078304500
1035,2026-09-10T22:11:57.564Z,research,CommandExecution,,completed,0,1789078316952,1789078317564
1036,2026-09-10T22:11:59.800Z,research,Extension,web.search,,,1789078317631,1789078319800
1047,2026-09-10T22:12:47.744Z,research,CommandExecution,,completed,0,1789078366117,1789078367744
1052,2026-09-10T22:12:54.690Z,research,AgentMessage,,,,1789078372351,1789078374690
1056,2026-09-10T22:13:01.986Z,research,CommandExecution,,completed,0,1789078381983,1789078381985
1057,2026-09-10T22:13:03.405Z,research,CommandExecution,,completed,0,1789078382122,1789078383405
1058,2026-09-10T22:13:03.419Z,research,Extension,web.search,,,1789078381987,1789078383418
1066,2026-09-10T22:15:17.107Z,research,FileChange,,completed,,1789078517105,1789078517107
1074,2026-09-10T22:15:29.380Z,research,CommandExecution,,completed,0,1789078529367,1789078529380
1075,2026-09-10T22:15:30.640Z,research,Extension,web.search,,,1789078529248,1789078530640
1076,2026-09-10T22:15:30.986Z,research,CommandExecution,,completed,0,1789078529356,1789078530986
1083,2026-09-10T22:15:40.497Z,research,CommandExecution,,completed,0,1789078540496,1789078540497
1084,2026-09-10T22:15:40.925Z,research,CommandExecution,,completed,0,1789078540579,1789078540925
1091,2026-09-10T22:15:46.994Z,research,CommandExecution,,completed,0,1789078546992,1789078546993
1098,2026-09-10T22:15:56.274Z,research,CommandExecution,,completed,0,1789078556273,1789078556274
1103,2026-09-10T22:16:01.923Z,research,AgentMessage,,,,1789078560185,1789078561923
1113,2026-09-10T22:16:57.631Z,research,CommandExecution,,completed,0,1789078617630,1789078617631
1114,2026-09-10T22:16:59.047Z,research,Extension,web.search,,,1789078617653,1789078619046
1115,2026-09-10T22:17:01.325Z,research,CommandExecution,,completed,0,1789078617711,1789078621325
1122,2026-09-10T22:18:20.655Z,research,CommandExecution,,completed,0,1789078700653,1789078700654
1123,2026-09-10T22:18:20.678Z,research,FileChange,,completed,,1789078700672,1789078700677
1129,2026-09-10T22:18:30.639Z,research,ImageView,,,,1789078710639,1789078710639
1131,2026-09-10T22:18:30.735Z,research,CommandExecution,,completed,0,1789078710734,1789078710734
1140,2026-09-10T22:19:14.674Z,research,Extension,web.search,,,1789078753029,1789078754673
1141,2026-09-10T22:19:14.692Z,research,FileChange,,completed,,1789078754691,1789078754692
1148,2026-09-10T22:19:22.982Z,research,CommandExecution,,completed,0,1789078762419,1789078762982
1155,2026-09-10T22:19:58.730Z,research,AgentMessage,,,,1789078797415,1789078798730
1158,2026-09-10T22:20:52.713Z,research,FileChange,,completed,,1789078852711,1789078852713
1166,2026-09-10T22:21:49.927Z,research,CommandExecution,,completed,0,1789078909926,1789078909926
1167,2026-09-10T22:21:49.946Z,research,FileChange,,completed,,1789078909942,1789078909946
1178,2026-09-10T22:23:13.312Z,research,CommandExecution,,completed,0,1789078993312,1789078993312
1183,2026-09-10T22:23:29.411Z,research,AgentMessage,,,,1789079007521,1789079009411
1187,2026-09-10T22:23:40.022Z,research,CommandExecution,,completed,0,1789079020021,1789079020021
1193,2026-09-10T22:23:44.293Z,research,CommandExecution,,completed,0,1789079024292,1789079024293
1207,2026-09-10T22:25:08.109Z,research,AgentMessage,,,,1789079106809,1789079108109
1210,2026-09-10T22:25:12.039Z,research,FileChange,,completed,,1789079112036,1789079112039
1212,2026-09-10T22:25:16.152Z,research,CommandExecution,,completed,0,1789079112226,1789079116152
1228,2026-09-10T22:27:42.559Z,research,FileChange,,completed,,1789079262558,1789079262559
1230,2026-09-10T22:27:43.000Z,research,CommandExecution,,completed,0,1789079262749,1789079263000
1237,2026-09-10T22:27:50.903Z,research,CommandExecution,,completed,0,1789079270902,1789079270903
1238,2026-09-10T22:27:52.426Z,research,Extension,web.search,,,1789079270975,1789079272426
1247,2026-09-10T22:29:39.147Z,research,Extension,web.search,,,1789079376563,1789079379147
1248,2026-09-10T22:29:39.164Z,research,FileChange,,completed,,1789079379163,1789079379164
1251,2026-09-10T22:29:42.697Z,research,CommandExecution,,completed,0,1789079379352,1789079382697
1255,2026-09-10T22:29:50.033Z,research,CommandExecution,,completed,0,1789079390033,1789079390033
1261,2026-09-10T22:29:57.236Z,research,AgentMessage,,,,1789079394992,1789079397235
1267,2026-09-10T22:30:51.235Z,research,CommandExecution,,completed,0,1789077134928,1789079451235
1270,2026-09-10T22:31:02.823Z,research,CommandExecution,,completed,0,1789079462821,1789079462823
1277,2026-09-10T22:31:09.341Z,research,CommandExecution,,failed,1,1789079469340,1789079469341
1284,2026-09-10T22:31:56.924Z,research,CommandExecution,,completed,0,1789079516923,1789079516923
1289,2026-09-10T22:32:10.627Z,research,AgentMessage,,,,1789079527830,1789079530627
1299,2026-09-10T22:32:34.971Z,research,AgentMessage,,,,1789079554071,1789079554971
1303,2026-09-10T22:32:38.321Z,research,CommandExecution,,completed,0,1789079558320,1789079558321
1304,2026-09-10T22:32:38.328Z,research,CommandExecution,,completed,0,1789079558327,1789079558328
1319,2026-09-10T22:34:04.831Z,research,CommandExecution,,completed,0,1789079644829,1789079644830
1320,2026-09-10T22:34:06.182Z,research,Extension,web.search,,,1789079644792,1789079646182
1335,2026-09-10T22:35:57.034Z,research,AgentMessage,,,,1789079755590,1789079757034
1339,2026-09-10T22:35:59.397Z,research,CommandExecution,,failed,1,1789079759090,1789079759397
1346,2026-09-10T22:36:12.564Z,research,CommandExecution,,completed,0,1789079771977,1789079772564
1347,2026-09-10T22:36:13.258Z,research,Extension,web.search,,,1789079771844,1789079773258
1351,2026-09-10T22:36:16.256Z,research,CommandExecution,,completed,0,1789079776254,1789079776255
1369,2026-09-10T22:38:02.691Z,research,Extension,web.search,,,1789079881307,1789079882690
1370,2026-09-10T22:38:02.810Z,research,CommandExecution,,completed,0,1789079882809,1789079882810
1378,2026-09-10T22:38:35.039Z,research,CommandExecution,,completed,0,1789079915037,1789079915038
1380,2026-09-10T22:38:35.467Z,research,CommandExecution,,completed,0,1789079915151,1789079915467
1387,2026-09-10T22:38:47.570Z,research,CommandExecution,,completed,0,1789079927400,1789079927569
1388,2026-09-10T22:38:48.799Z,research,Extension,web.search,,,1789079927312,1789079928799
1397,2026-09-10T22:40:08.216Z,research,FileChange,,completed,,1789080008215,1789080008216
1400,2026-09-10T22:40:20.171Z,research,CommandExecution,,completed,0,1789080007204,1789080020170
1407,2026-09-10T22:44:21.337Z,research,ContextCompaction,,,,1789080008239,1789080261337
1410,2026-09-10T22:44:24.762Z,research,AgentMessage,,,,1789080263838,1789080264762
1414,2026-09-10T22:44:31.410Z,research,CommandExecution,,completed,0,1789080271408,1789080271409
1415,2026-09-10T22:44:31.492Z,research,CommandExecution,,completed,0,1789080271491,1789080271491
1420,2026-09-10T22:44:38.625Z,research,CommandExecution,,completed,0,1789080278609,1789080278621
1421,2026-09-10T22:44:38.638Z,research,CommandExecution,,completed,0,1789080278636,1789080278637
1422,2026-09-10T22:44:38.656Z,research,CommandExecution,,completed,0,1789080278655,1789080278655
1427,2026-09-10T22:45:01.525Z,research,AgentMessage,,,,1789080299968,1789080301525
1430,2026-09-10T22:46:23.058Z,research,FileChange,,completed,,1789080383056,1789080383058
1438,2026-09-10T22:46:40.298Z,research,CommandExecution,,completed,0,1789080400297,1789080400298
1439,2026-09-10T22:46:40.360Z,research,CommandExecution,,completed,0,1789080400360,1789080400360
1440,2026-09-10T22:46:40.775Z,research,CommandExecution,,completed,0,1789080400347,1789080400775
1447,2026-09-10T22:46:50.426Z,research,CommandExecution,,completed,0,1789080410426,1789080410426
1448,2026-09-10T22:46:53.574Z,research,Extension,web.search,,,1789080410445,1789080413573
1455,2026-09-10T22:46:59.659Z,research,CommandExecution,,completed,0,1789080419659,1789080419659
1456,2026-09-10T22:47:00.942Z,research,Extension,web.search,,,1789080419639,1789080420942
1461,2026-09-10T22:47:10.755Z,research,AgentMessage,,,,1789080428448,1789080430754
1465,2026-09-10T22:47:16.519Z,research,CommandExecution,,completed,0,1789080436199,1789080436519
1466,2026-09-10T22:47:16.587Z,research,CommandExecution,,completed,0,1789080436587,1789080436587
1473,2026-09-10T22:47:28.642Z,research,CommandExecution,,completed,0,1789080448641,1789080448642
1474,2026-09-10T22:47:28.678Z,research,CommandExecution,,completed,0,1789080448678,1789080448678
1479,2026-09-10T22:48:00.704Z,research,CommandExecution,,completed,0,1789080400315,1789080480703
1482,2026-09-10T22:48:07.997Z,research,CommandExecution,,completed,0,1789080487996,1789080487997
1483,2026-09-10T22:48:08.017Z,research,FileChange,,completed,,1789080488013,1789080488017
1488,2026-09-10T22:48:14.538Z,research,CommandExecution,,completed,0,1789080494537,1789080494538
1489,2026-09-10T22:48:14.624Z,research,CommandExecution,,completed,0,1789080494623,1789080494624
1498,2026-09-10T22:48:40.818Z,research,Extension,web.search,,,1789080517049,1789080520817
1499,2026-09-10T22:48:41.303Z,research,CommandExecution,,completed,0,1789080521009,1789080521302
1506,2026-09-10T22:48:47.905Z,research,Extension,web.search,,,1789080526514,1789080527904
1507,2026-09-10T22:48:47.944Z,research,ImageView,,,,1789080527944,1789080527944
1514,2026-09-10T22:49:11.091Z,research,Extension,web.search,,,1789080549551,1789080551090
1515,2026-09-10T22:49:11.565Z,research,CommandExecution,,completed,0,1789080551280,1789080551565
1520,2026-09-10T22:49:16.680Z,research,AgentMessage,,,,1789080554414,1789080556680
1524,2026-09-10T22:49:41.271Z,research,CommandExecution,,completed,0,1789080581270,1789080581271
1525,2026-09-10T22:49:42.630Z,research,Extension,web.search,,,1789080581223,1789080582629
1526,2026-09-10T22:49:42.671Z,research,ImageView,,,,1789080582671,1789080582671
1541,2026-09-10T22:51:01.832Z,research,CommandExecution,,completed,0,1789080661117,1789080661831
1542,2026-09-10T22:51:02.455Z,research,Extension,web.search,,,1789080661031,1789080662454
1549,2026-09-10T22:51:18.021Z,research,CommandExecution,,completed,0,1789080678019,1789080678020
1550,2026-09-10T22:51:18.041Z,research,FileChange,,completed,,1789080678038,1789080678040
1551,2026-09-10T22:51:18.145Z,research,CommandExecution,,completed,0,1789080678143,1789080678145
1562,2026-09-10T22:52:43.101Z,research,CommandExecution,,completed,0,1789080763100,1789080763101
1563,2026-09-10T22:52:43.117Z,research,FileChange,,completed,,1789080763116,1789080763117
1566,2026-09-10T22:52:45.021Z,research,CommandExecution,,completed,0,1789080763305,1789080765021
1572,2026-09-10T22:53:39.165Z,research,CommandExecution,,completed,0,1789080819164,1789080819165
1579,2026-09-10T22:54:43.405Z,research,FileChange,,completed,,1789080883404,1789080883405
1586,2026-09-10T22:54:49.705Z,research,CommandExecution,,completed,0,1789080889704,1789080889704
1589,2026-09-10T22:54:52.128Z,research,CommandExecution,,completed,0,1789080882393,1789080892127
1594,2026-09-10T22:55:11.648Z,research,AgentMessage,,,,1789080909803,1789080911648
1597,2026-09-10T22:56:14.580Z,research,FileChange,,completed,,1789080974579,1789080974580
1599,2026-09-10T22:56:14.791Z,research,CommandExecution,,completed,0,1789080974767,1789080974791
1600,2026-09-10T22:56:14.860Z,research,CommandExecution,,completed,0,1789080974859,1789080974860
1607,2026-09-10T22:56:33.878Z,research,CommandExecution,,failed,1,1789080993877,1789080993878
1608,2026-09-10T22:56:35.598Z,research,Extension,web.search,,,1789080993946,1789080995597
1615,2026-09-10T22:56:41.731Z,research,CommandExecution,,completed,0,1789081001726,1789081001730
1616,2026-09-10T22:56:43.097Z,research,Extension,web.search,,,1789081001745,1789081003097
1624,2026-09-10T22:57:55.217Z,research,FileChange,,completed,,1789081075214,1789081075217
1626,2026-09-10T22:57:55.305Z,research,CommandExecution,,completed,0,1789081075304,1789081075304
1635,2026-09-10T22:58:59.649Z,research,CommandExecution,,completed,0,1789078852901,1789081139649
1642,2026-09-10T22:59:24.277Z,research,CommandExecution,,completed,0,1789081164277,1789081164277
1643,2026-09-10T22:59:24.350Z,research,CommandExecution,,completed,0,1789081164348,1789081164349
1650,2026-09-10T22:59:47.448Z,research,AgentMessage,,,,1789081184974,1789081187448
1654,2026-09-10T23:00:47.133Z,research,CommandExecution,,completed,0,1789081247131,1789081247133
1655,2026-09-10T23:00:47.250Z,research,CommandExecution,,completed,0,1789081247248,1789081247250
1662,2026-09-10T23:01:04.393Z,research,CommandExecution,,completed,0,1789081264392,1789081264393
1667,2026-09-10T23:01:13.062Z,research,AgentMessage,,,,1789081270458,1789081273062
1675,2026-09-10T23:01:16.139Z,research,AgentMessage,,,,1789081274863,1789081276139
1678,2026-09-10T23:01:20.003Z,research,CommandExecution,,completed,0,1789081280002,1789081280003
1679,2026-09-10T23:01:20.030Z,research,CommandExecution,,completed,0,1789081280028,1789081280030
1689,2026-09-10T23:02:13.244Z,research,Extension,web.search,,,1789081331888,1789081333244
1690,2026-09-10T23:02:13.373Z,research,CommandExecution,,completed,0,1789081333372,1789081333373
1704,2026-09-10T23:03:31.666Z,research,CommandExecution,,completed,0,1789081411665,1789081411666
1705,2026-09-10T23:03:33.043Z,research,Extension,web.search,,,1789081411736,1789081413043
1710,2026-09-10T23:03:55.195Z,research,AgentMessage,,,,1789081433640,1789081435195
1713,2026-09-10T23:04:41.944Z,research,FileChange,,completed,,1789081481939,1789081481944
1717,2026-09-10T23:04:47.796Z,research,CommandExecution,,completed,0,1789081482134,1789081487796
1722,2026-09-10T23:05:04.772Z,research,CommandExecution,,failed,2,1789081504772,1789081504772
1723,2026-09-10T23:05:06.237Z,research,Extension,web.search,,,1789081504843,1789081506236
1730,2026-09-10T23:05:29.151Z,research,CommandExecution,,completed,0,1789081528903,1789081529150
1736,2026-09-10T23:05:38.517Z,research,CommandExecution,,completed,0,1789081538514,1789081538516
1744,2026-09-10T23:05:47.358Z,research,CommandExecution,,completed,0,1789081547356,1789081547357
1759,2026-09-10T23:07:19.471Z,research,Extension,web.search,,,1789081637866,1789081639470
1760,2026-09-10T23:07:19.607Z,research,CommandExecution,,completed,0,1789081639606,1789081639607
1771,2026-09-10T23:08:19.659Z,research,CommandExecution,,completed,0,1789081699658,1789081699658
1772,2026-09-10T23:08:21.198Z,research,Extension,web.search,,,1789081699731,1789081701198
1779,2026-09-10T23:08:29.755Z,research,Extension,web.search,,,1789081708231,1789081709755
1780,2026-09-10T23:08:29.873Z,research,CommandExecution,,completed,0,1789081709872,1789081709873
1795,2026-09-10T23:09:57.271Z,research,Extension,web.search,,,1789081795901,1789081797270
1796,2026-09-10T23:09:57.741Z,research,CommandExecution,,completed,0,1789081797463,1789081797741
1805,2026-09-10T23:13:48.452Z,research,ContextCompaction,,,,1789081797768,1789082028452
1808,2026-09-10T23:13:53.125Z,research,AgentMessage,,,,1789082031607,1789082033125
1812,2026-09-10T23:13:55.648Z,research,CommandExecution,,completed,0,1789082035647,1789082035648
1817,2026-09-10T23:14:06.361Z,research,CommandExecution,,completed,0,1789082046346,1789082046357
1818,2026-09-10T23:14:06.387Z,research,CommandExecution,,failed,1,1789082046386,1789082046387
1819,2026-09-10T23:14:06.394Z,research,CommandExecution,,completed,0,1789082046394,1789082046394
1826,2026-09-10T23:14:25.257Z,research,ImageView,,,,1789082065257,1789082065257
1827,2026-09-10T23:14:25.436Z,research,CommandExecution,,completed,0,1789082065435,1789082065436
1828,2026-09-10T23:14:27.117Z,research,Extension,web.search,,,1789082065354,1789082067117
1835,2026-09-10T23:14:37.178Z,research,CommandExecution,,completed,0,1789082076854,1789082077178
1836,2026-09-10T23:14:39.213Z,research,Extension,web.search,,,1789082076769,1789082079212
1841,2026-09-10T23:14:44.133Z,research,AgentMessage,,,,1789082081534,1789082084133
1845,2026-09-10T23:14:52.654Z,research,ImageView,,,,1789082092654,1789082092654
1846,2026-09-10T23:14:54.060Z,research,Extension,web.search,,,1789082092755,1789082094060
1847,2026-09-10T23:14:54.537Z,research,CommandExecution,,completed,0,1789082092884,1789082094537
1854,2026-09-10T23:15:05.703Z,research,Extension,web.search,,,1789082104223,1789082105702
1855,2026-09-10T23:15:05.790Z,research,CommandExecution,,completed,0,1789082105789,1789082105789
1861,2026-09-10T23:16:13.956Z,research,FileChange,,completed,,1789082173955,1789082173956
1869,2026-09-10T23:17:30.299Z,research,FileChange,,completed,,1789082250297,1789082250298
1872,2026-09-10T23:17:37.717Z,research,CommandExecution,,completed,0,1789082250486,1789082257716
1875,2026-09-10T23:17:46.096Z,research,AgentMessage,,,,1789082264322,1789082266096
1879,2026-09-10T23:17:54.829Z,research,CommandExecution,,failed,1,1789082274759,1789082274829
1880,2026-09-10T23:17:56.012Z,research,Extension,web.search,,,1789082274627,1789082276011
1887,2026-09-10T23:18:07.029Z,research,CommandExecution,,completed,0,1789082287028,1789082287029
1888,2026-09-10T23:18:08.400Z,research,Extension,web.search,,,1789082286986,1789082288399
1894,2026-09-10T23:19:11.884Z,research,FileChange,,completed,,1789082351883,1789082351884
1902,2026-09-10T23:20:06.794Z,research,CommandExecution,,failed,2,1789082406792,1789082406793
1903,2026-09-10T23:20:06.870Z,research,CommandExecution,,completed,0,1789082406870,1789082406870
1910,2026-09-10T23:20:15.745Z,research,CommandExecution,,completed,0,1789082415744,1789082415745
1915,2026-09-10T23:20:26.699Z,research,AgentMessage,,,,1789082424348,1789082426699
1919,2026-09-10T23:20:31.671Z,research,CommandExecution,,completed,0,1789082431669,1789082431670
1920,2026-09-10T23:20:32.963Z,research,Extension,web.search,,,1789082431667,1789082432962
1927,2026-09-10T23:21:05.264Z,research,CommandExecution,,completed,0,1789082465263,1789082465264
1928,2026-09-10T23:21:05.282Z,research,FileChange,,completed,,1789082465281,1789082465282
1934,2026-09-10T23:22:13.926Z,research,FileChange,,completed,,1789082533925,1789082533926
1936,2026-09-10T23:22:14.064Z,research,CommandExecution,,completed,0,1789082534064,1789082534064
1939,2026-09-10T23:22:19.011Z,research,CommandExecution,,completed,0,1789082534151,1789082539011
1944,2026-09-10T23:22:27.746Z,research,CommandExecution,,completed,0,1789082547745,1789082547746
1950,2026-09-10T23:23:37.576Z,research,FileChange,,completed,,1789082617574,1789082617576
1952,2026-09-10T23:23:37.734Z,research,CommandExecution,,completed,0,1789082617733,1789082617734
1957,2026-09-10T23:23:58.139Z,research,AgentMessage,,,,1789082636396,1789082638139
1961,2026-09-10T23:25:56.354Z,research,FileChange,,completed,,1789082756352,1789082756354
1969,2026-09-10T23:26:10.642Z,research,CommandExecution,,completed,0,1789082770642,1789082770642
1970,2026-09-10T23:26:10.655Z,research,CommandExecution,,completed,0,1789082770654,1789082770655
1981,2026-09-10T23:26:55.197Z,research,CommandExecution,,completed,0,1789082815197,1789082815197
1982,2026-09-10T23:26:56.502Z,research,Extension,web.search,,,1789082815152,1789082816501
1989,2026-09-10T23:27:04.749Z,research,CommandExecution,,completed,0,1789082824747,1789082824748
1996,2026-09-10T23:27:18.355Z,research,Extension,web.search,,,1789082836902,1789082838354
2017,2026-09-10T23:29:38.079Z,research,AgentMessage,,,,1789082975692,1789082978079
2021,2026-09-10T23:29:43.872Z,research,CommandExecution,,completed,0,1789082983872,1789082983872
2022,2026-09-10T23:29:45.216Z,research,Extension,web.search,,,1789082983806,1789082985215
2029,2026-09-10T23:30:05.898Z,research,CommandExecution,,completed,0,1789083005619,1789083005898
2030,2026-09-10T23:30:05.922Z,research,CommandExecution,,failed,1,1789083005556,1789083005922
2031,2026-09-10T23:30:06.983Z,research,Extension,web.search,,,1789083005491,1789083006983
2038,2026-09-10T23:30:18.505Z,research,CommandExecution,,failed,1,1789083018366,1789083018505
2039,2026-09-10T23:30:19.599Z,research,Extension,web.search,,,1789083018233,1789083019599
2046,2026-09-10T23:30:33.537Z,research,CommandExecution,,completed,0,1789083032933,1789083033537
2047,2026-09-10T23:30:34.263Z,research,Extension,web.search,,,1789083032845,1789083034262
2054,2026-09-10T23:30:42.148Z,research,CommandExecution,,completed,0,1789083042146,1789083042147
2061,2026-09-10T23:30:55.726Z,research,CommandExecution,,completed,0,1789083055724,1789083055725
2062,2026-09-10T23:30:57.968Z,research,Extension,web.search,,,1789083055742,1789083057968
2069,2026-09-10T23:31:11.374Z,research,Extension,web.search,,,1789083069918,1789083071374
2070,2026-09-10T23:31:11.454Z,research,CommandExecution,,completed,0,1789083071453,1789083071454
2079,2026-09-10T23:32:00.018Z,research,AgentMessage,,,,1789083117501,1789083120018
2081,2026-09-10T23:32:05.071Z,research,CommandExecution,,completed,0,1789082617764,1789083125071
2083,2026-09-10T23:33:16.469Z,research,FileChange,,completed,,1789083196468,1789083196469
2090,2026-09-10T23:33:23.651Z,research,ImageView,,,,1789083203651,1789083203651
2092,2026-09-10T23:33:23.744Z,research,CommandExecution,,completed,0,1789083203743,1789083203744
2099,2026-09-10T23:34:02.891Z,research,CommandExecution,,completed,0,1789083242891,1789083242891
2100,2026-09-10T23:34:02.909Z,research,FileChange,,completed,,1789083242907,1789083242908
2109,2026-09-10T23:34:40.210Z,research,AgentMessage,,,,1789083277478,1789083280210
2114,2026-09-10T23:36:22.249Z,research,CommandExecution,,completed,0,1789083382248,1789083382249
2115,2026-09-10T23:36:22.266Z,research,FileChange,,completed,,1789083382265,1789083382266
2116,2026-09-10T23:36:22.428Z,research,CommandExecution,,completed,0,1789083382426,1789083382427
2121,2026-09-10T23:36:35.167Z,research,AgentMessage,,,,1789083392607,1789083395166
2131,2026-09-10T23:36:56.961Z,research,AgentMessage,,,,1789083415481,1789083416961
2135,2026-09-10T23:37:03.382Z,research,CommandExecution,,completed,0,1789083423381,1789083423381
2136,2026-09-10T23:37:03.508Z,research,CommandExecution,,completed,0,1789083423508,1789083423508
2144,2026-09-10T23:37:32.730Z,research,CommandExecution,,completed,0,1789083452725,1789083452728
2166,2026-09-10T23:39:58.317Z,research,AgentMessage,,,,1789083596443,1789083598317
2170,2026-09-10T23:40:02.140Z,research,CommandExecution,,completed,0,1789083602140,1789083602140
2171,2026-09-10T23:40:05.438Z,research,Extension,web.search,,,1789083602073,1789083605437
2186,2026-09-10T23:41:19.249Z,research,CommandExecution,,completed,0,1789083678931,1789083679249
2187,2026-09-10T23:41:20.395Z,research,Extension,web.search,,,1789083678846,1789083680394
2196,2026-09-10T23:45:07.386Z,research,ContextCompaction,,,,1789083680442,1789083907386
2199,2026-09-10T23:45:11.613Z,research,AgentMessage,,,,1789083910787,1789083911613
2203,2026-09-10T23:45:18.524Z,research,CommandExecution,,completed,0,1789083918523,1789083918524
2204,2026-09-10T23:45:18.545Z,research,CommandExecution,,completed,0,1789083918545,1789083918545
2211,2026-09-10T23:45:29.011Z,research,CommandExecution,,completed,0,1789083928963,1789083929011
2212,2026-09-10T23:45:29.016Z,research,CommandExecution,,completed,0,1789083928995,1789083929011
2213,2026-09-10T23:45:29.044Z,research,CommandExecution,,completed,0,1789083929043,1789083929043
2214,2026-09-10T23:45:31.154Z,research,CommandExecution,,completed,0,1789083929124,1789083931154
2215,2026-09-10T23:45:31.192Z,research,ImageView,,,,1789083931192,1789083931192
2220,2026-09-10T23:45:46.605Z,research,AgentMessage,,,,1789083945100,1789083946605
2224,2026-09-10T23:45:58.419Z,research,CommandExecution,,completed,0,1789083958418,1789083958418
2225,2026-09-10T23:45:59.766Z,research,Extension,web.search,,,1789083958340,1789083959765
2231,2026-09-10T23:48:31.239Z,research,FileChange,,completed,,1789084111237,1789084111239
2238,2026-09-10T23:48:46.510Z,research,FileChange,,completed,,1789084126507,1789084126510
2240,2026-09-10T23:48:49.172Z,research,Extension,web.search,,,1789084127765,1789084129172
2245,2026-09-10T23:48:53.894Z,research,CommandExecution,,completed,0,1789084126697,1789084133894
2246,2026-09-10T23:48:54.889Z,research,AgentMessage,,,,1789084133346,1789084134889
2250,2026-09-10T23:49:00.134Z,research,CommandExecution,,completed,0,1789084140133,1789084140134
2251,2026-09-10T23:49:01.460Z,research,Extension,web.search,,,1789084140114,1789084141459
2257,2026-09-10T23:50:14.291Z,research,FileChange,,completed,,1789084214289,1789084214290
2259,2026-09-10T23:50:14.392Z,research,CommandExecution,,completed,0,1789084214391,1789084214391
2266,2026-09-10T23:51:14.276Z,research,CommandExecution,,completed,0,1789084274275,1789084274276
2267,2026-09-10T23:51:14.389Z,research,CommandExecution,,completed,0,1789084274387,1789084274388
2272,2026-09-10T23:51:18.402Z,research,AgentMessage,,,,1789084276280,1789084278402
2276,2026-09-10T23:51:24.200Z,research,CommandExecution,,completed,0,1789084284199,1789084284200
2277,2026-09-10T23:51:24.300Z,research,CommandExecution,,completed,0,1789084284299,1789084284300
2284,2026-09-10T23:51:31.374Z,research,CommandExecution,,completed,0,1789084291371,1789084291373
2295,2026-09-10T23:52:28.372Z,research,CommandExecution,,completed,0,1789084348371,1789084348371
2296,2026-09-10T23:52:30.153Z,research,Extension,web.search,,,1789084348441,1789084350152
2303,2026-09-10T23:52:50.656Z,research,CommandExecution,,completed,0,1789084370300,1789084370656
2304,2026-09-10T23:52:50.700Z,research,ImageView,,,,1789084370700,1789084370700
2305,2026-09-10T23:52:52.178Z,research,Extension,web.search,,,1789084370781,1789084372177
2318,2026-09-10T23:54:13.928Z,research,AgentMessage,,,,1789084451379,1789084453928
2322,2026-09-10T23:54:24.382Z,research,Extension,web.search,,,1789084462818,1789084464381
2323,2026-09-10T23:54:24.944Z,research,CommandExecution,,completed,0,1789084464584,1789084464944
2324,2026-09-10T23:54:25.264Z,research,CommandExecution,,completed,0,1789084465137,1789084465264
2331,2026-09-10T23:54:38.571Z,research,Extension,web.search,,,1789084477130,1789084478570
2332,2026-09-10T23:54:38.658Z,research,CommandExecution,,completed,0,1789084478657,1789084478658
2340,2026-09-10T23:57:13.318Z,research,FileChange,,completed,,1789084633315,1789084633318
2342,2026-09-10T23:57:14.747Z,research,CommandExecution,,completed,0,1789084634702,1789084634747
2345,2026-09-10T23:57:15.856Z,research,CommandExecution,,completed,0,1789084633513,1789084635856
2349,2026-09-10T23:57:27.101Z,research,CommandExecution,,completed,0,1789084647097,1789084647100
2351,2026-09-10T23:57:28.505Z,research,Extension,web.search,,,1789084647145,1789084648505
2357,2026-09-10T23:57:49.653Z,research,FileChange,,completed,,1789084669649,1789084669652
2361,2026-09-10T23:57:52.123Z,research,CommandExecution,,completed,0,1789084669844,1789084672123
2366,2026-09-10T23:58:23.826Z,research,AgentMessage,,,,1789084702042,1789084703826
2370,2026-09-10T23:58:28.585Z,research,CommandExecution,,completed,0,1789084708584,1789084708585
2371,2026-09-10T23:58:30.238Z,research,Extension,web.search,,,1789084708571,1789084710238
2377,2026-09-10T23:59:03.548Z,research,FileChange,,completed,,1789084743544,1789084743548
2381,2026-09-10T23:59:05.918Z,research,CommandExecution,,completed,0,1789084743745,1789084745918
2395,2026-09-11T00:01:45.569Z,research,FileChange,,completed,,1789084905566,1789084905569
2396,2026-09-11T00:01:45.661Z,research,CommandExecution,,completed,0,1789084905661,1789084905661
2403,2026-09-11T00:02:04.263Z,research,FileChange,,completed,,1789084924261,1789084924263
2407,2026-09-11T00:02:06.517Z,research,CommandExecution,,completed,0,1789084924458,1789084926517
2412,2026-09-11T00:02:16.321Z,research,CommandExecution,,completed,0,1789084936320,1789084936321
2417,2026-09-11T00:02:27.525Z,research,AgentMessage,,,,1789084945436,1789084947525
2420,2026-09-11T00:02:39.065Z,research,CommandExecution,,completed,0,1789084959063,1789084959064
2422,2026-09-11T00:02:39.195Z,research,CommandExecution,,completed,0,1789084959194,1789084959195
2428,2026-09-11T00:03:12.319Z,research,FileChange,,completed,,1789084992318,1789084992319
2430,2026-09-11T00:03:12.479Z,research,CommandExecution,,completed,0,1789084992479,1789084992479
2437,2026-09-11T00:03:23.341Z,research,CommandExecution,,completed,0,1789085003341,1789085003341
2444,2026-09-11T00:04:28.657Z,research,CommandExecution,,completed,0,1789085068656,1789085068657
2445,2026-09-11T00:04:28.814Z,research,CommandExecution,,completed,0,1789085068813,1789085068814
2452,2026-09-11T00:04:42.024Z,research,CommandExecution,,completed,0,1789085082023,1789085082024
2453,2026-09-11T00:04:42.113Z,research,CommandExecution,,completed,0,1789085082111,1789085082112
2458,2026-09-11T00:04:51.762Z,research,AgentMessage,,,,1789085088856,1789085091762
2468,2026-09-11T00:05:11.931Z,research,AgentMessage,,,,1789085110946,1789085111931
2472,2026-09-11T00:05:15.972Z,research,CommandExecution,,completed,0,1789085115971,1789085115972
2473,2026-09-11T00:05:16.005Z,research,CommandExecution,,completed,0,1789085116004,1789085116004
2490,2026-09-11T00:06:57.079Z,research,Extension,web.search,,,1789085215534,1789085217079
2497,2026-09-11T00:07:04.014Z,research,Extension,web.search,,,1789085222471,1789085224013
2502,2026-09-11T00:07:08.999Z,research,AgentMessage,,,,1789085226793,1789085228999
2506,2026-09-11T00:07:12.583Z,research,Extension,web.search,,,1789085231282,1789085232582
2513,2026-09-11T00:07:29.797Z,research,Extension,web.search,,,1789085248314,1789085249796
2514,2026-09-11T00:07:30.274Z,research,CommandExecution,,failed,1,1789085248383,1789085250274
2521,2026-09-11T00:07:43.137Z,research,CommandExecution,,completed,0,1789085261659,1789085263137
2522,2026-09-11T00:07:43.180Z,research,ImageView,,,,1789085263180,1789085263180
2523,2026-09-11T00:07:43.231Z,research,ImageView,,,,1789085263231,1789085263231
2524,2026-09-11T00:07:43.283Z,research,ImageView,,,,1789085263283,1789085263283
2525,2026-09-11T00:07:44.832Z,research,Extension,web.search,,,1789085263362,1789085264832
2534,2026-09-11T00:08:25.725Z,research,Extension,web.search,,,1789085304266,1789085305724
2535,2026-09-11T00:08:26.234Z,research,CommandExecution,,completed,0,1789085305921,1789085306234
2536,2026-09-11T00:08:26.273Z,research,ImageView,,,,1789085306273,1789085306273
2543,2026-09-11T00:08:36.796Z,research,Extension,web.search,,,1789085315341,1789085316796
2550,2026-09-11T00:08:47.035Z,research,Extension,web.search,,,1789085325614,1789085327035
2551,2026-09-11T00:08:48.680Z,research,CommandExecution,,completed,0,1789085327240,1789085328680
2552,2026-09-11T00:08:48.734Z,research,ImageView,,,,1789085328734,1789085328734
2553,2026-09-11T00:08:48.784Z,research,ImageView,,,,1789085328784,1789085328784
2554,2026-09-11T00:08:48.838Z,research,ImageView,,,,1789085328838,1789085328838
2561,2026-09-11T00:09:00.892Z,research,Extension,web.search,,,1789085339607,1789085340892
2562,2026-09-11T00:09:01.632Z,research,CommandExecution,,completed,0,1789085341087,1789085341631
2571,2026-09-11T00:13:06.872Z,research,ContextCompaction,,,,1789085341664,1789085586872
2574,2026-09-11T00:13:10.822Z,research,AgentMessage,,,,1789085589877,1789085590822
2578,2026-09-11T00:13:14.444Z,research,CommandExecution,,completed,0,1789085594443,1789085594444
2583,2026-09-11T00:13:20.911Z,research,CommandExecution,,completed,0,1789085600910,1789085600911
2584,2026-09-11T00:13:23.307Z,research,CommandExecution,,completed,0,1789085601033,1789085603307
2590,2026-09-11T00:14:24.280Z,research,FileChange,,completed,,1789085664278,1789085664279
2592,2026-09-11T00:14:27.517Z,research,Extension,web.search,,,1789085664361,1789085667517
2597,2026-09-11T00:14:39.014Z,research,AgentMessage,,,,1789085677509,1789085679013
2601,2026-09-11T00:14:44.128Z,research,Extension,web.search,,,1789085681920,1789085684126
2602,2026-09-11T00:14:44.212Z,research,CommandExecution,,failed,1,1789085684212,1789085684212
2607,2026-09-11T00:14:49.516Z,research,Extension,web.search,,,1789085688200,1789085689515
2608,2026-09-11T00:14:49.604Z,research,CommandExecution,,completed,0,1789085689604,1789085689604
2615,2026-09-11T00:15:10.838Z,research,CommandExecution,,completed,0,1789085710836,1789085710837
2616,2026-09-11T00:15:12.231Z,research,Extension,web.search,,,1789085710904,1789085712230
2622,2026-09-11T00:17:02.929Z,research,FileChange,,completed,,1789085822928,1789085822929
2626,2026-09-11T00:17:06.061Z,research,CommandExecution,,completed,0,1789085823138,1789085826061
2629,2026-09-11T00:17:11.746Z,research,AgentMessage,,,,1789085830174,1789085831746
2633,2026-09-11T00:17:22.852Z,research,Extension,web.search,,,1789085841403,1789085842852
2634,2026-09-11T00:17:23.508Z,research,CommandExecution,,failed,1,1789085843043,1789085843505
2641,2026-09-11T00:17:37.354Z,research,Extension,web.search,,,1789085855990,1789085857354
2644,2026-09-11T00:17:39.592Z,research,CommandExecution,,completed,0,1789085857549,1789085859592
2649,2026-09-11T00:17:56.066Z,research,Extension,web.search,,,1789085874702,1789085876065
2656,2026-09-11T00:18:07.601Z,research,Extension,web.search,,,1789085886188,1789085887600
2657,2026-09-11T00:18:07.699Z,research,CommandExecution,,completed,0,1789085887697,1789085887698
2662,2026-09-11T00:18:16.503Z,research,CommandExecution,,failed,1,1789085876266,1789085896502
2665,2026-09-11T00:18:20.265Z,research,Extension,web.search,,,1789085898963,1789085900265
2668,2026-09-11T00:18:22.047Z,research,CommandExecution,,completed,0,1789085900459,1789085902047
2673,2026-09-11T00:18:35.725Z,research,Extension,web.search,,,1789085914365,1789085915724
2676,2026-09-11T00:18:37.063Z,research,CommandExecution,,completed,0,1789085915921,1789085917063
2681,2026-09-11T00:18:55.074Z,research,Extension,web.search,,,1789085933700,1789085935074
2684,2026-09-11T00:18:57.933Z,research,CommandExecution,,completed,0,1789085935265,1789085937933
2689,2026-09-11T00:19:04.165Z,research,CommandExecution,,completed,0,1789085944161,1789085944165
2690,2026-09-11T00:19:05.548Z,research,Extension,web.search,,,1789085944237,1789085945547
2695,2026-09-11T00:19:20.070Z,research,AgentMessage,,,,1789085958012,1789085960070
2699,2026-09-11T00:19:25.315Z,research,CommandExecution,,completed,0,1789085965312,1789085965314
2700,2026-09-11T00:19:27.247Z,research,Extension,web.search,,,1789085965383,1789085967247
2706,2026-09-11T00:21:09.839Z,research,FileChange,,completed,,1789086069836,1789086069839
2708,2026-09-11T00:21:10.003Z,research,CommandExecution,,completed,0,1789086070002,1789086070003
2715,2026-09-11T00:21:58.435Z,research,CommandExecution,,completed,0,1789086118434,1789086118435
2716,2026-09-11T00:21:58.581Z,research,CommandExecution,,completed,0,1789086118580,1789086118581
2723,2026-09-11T00:22:05.610Z,research,CommandExecution,,completed,0,1789086125604,1789086125610
2724,2026-09-11T00:22:05.759Z,research,CommandExecution,,completed,0,1789086125758,1789086125759
2729,2026-09-11T00:22:13.858Z,research,AgentMessage,,,,1789086131809,1789086133858
2733,2026-09-11T00:22:19.322Z,research,CommandExecution,,completed,0,1789086139321,1789086139322
2734,2026-09-11T00:22:19.408Z,research,CommandExecution,,completed,0,1789086139407,1789086139408
2743,2026-09-11T00:22:45.335Z,research,CommandExecution,,completed,0,1789086165334,1789086165335
2744,2026-09-11T00:22:46.880Z,research,Extension,web.search,,,1789086165400,1789086166879
2759,2026-09-11T00:24:06.495Z,research,Extension,web.search,,,1789086245204,1789086246495
2760,2026-09-11T00:24:06.569Z,research,CommandExecution,,completed,0,1789086246568,1789086246568
2767,2026-09-11T00:24:24.535Z,research,Extension,web.search,,,1789086263183,1789086264534
2770,2026-09-11T00:24:25.921Z,research,CommandExecution,,completed,0,1789086264727,1789086265921
2775,2026-09-11T00:24:44.688Z,research,Extension,web.search,,,1789086280957,1789086284687
2780,2026-09-11T00:24:51.399Z,research,CommandExecution,,completed,0,1789086284882,1789086291399
2783,2026-09-11T00:24:54.998Z,research,CommandExecution,,completed,0,1789086294996,1789086294997
2788,2026-09-11T00:24:59.460Z,research,AgentMessage,,,,1789086297690,1789086299460
2794,2026-09-11T00:25:20.864Z,research,Extension,web.search,,,1789086319542,1789086320863
2795,2026-09-11T00:25:20.947Z,research,CommandExecution,,completed,0,1789086320946,1789086320946
2810,2026-09-11T00:26:52.676Z,research,Extension,web.search,,,1789086411274,1789086412676
2811,2026-09-11T00:26:52.878Z,research,CommandExecution,,completed,0,1789086412878,1789086412878
2818,2026-09-11T00:27:09.149Z,research,Extension,web.search,,,1789086427842,1789086429148
2819,2026-09-11T00:27:10.015Z,research,CommandExecution,,completed,0,1789086429339,1789086430015
2824,2026-09-11T00:27:14.837Z,research,AgentMessage,,,,1789086433101,1789086434837
2828,2026-09-11T00:27:20.523Z,research,CommandExecution,,completed,0,1789086440521,1789086440522
2829,2026-09-11T00:27:22.083Z,research,Extension,web.search,,,1789086440595,1789086442082
2836,2026-09-11T00:27:33.215Z,research,CommandExecution,,completed,0,1789086453211,1789086453214
2837,2026-09-11T00:27:34.612Z,research,Extension,web.search,,,1789086453287,1789086454612
2843,2026-09-11T00:28:48.900Z,research,FileChange,,completed,,1789086528896,1789086528900
2851,2026-09-11T00:29:35.688Z,research,CommandExecution,,completed,0,1789086575687,1789086575688
2852,2026-09-11T00:29:35.817Z,research,CommandExecution,,completed,0,1789086575816,1789086575817
2859,2026-09-11T00:30:06.673Z,research,AgentMessage,,,,1789086605053,1789086606673
2862,2026-09-11T00:30:36.522Z,research,FileChange,,completed,,1789086636521,1789086636522
2864,2026-09-11T00:30:36.621Z,research,CommandExecution,,completed,0,1789086636620,1789086636621
2865,2026-09-11T00:30:36.760Z,research,CommandExecution,,completed,0,1789086636759,1789086636760
2872,2026-09-11T00:30:50.764Z,research,CommandExecution,,completed,0,1789086650763,1789086650764
2878,2026-09-11T00:31:01.392Z,research,FileChange,,completed,,1789086661390,1789086661392
2880,2026-09-11T00:31:01.480Z,research,CommandExecution,,completed,0,1789086661479,1789086661480
2883,2026-09-11T00:31:05.846Z,research,AgentMessage,,,,1789086663436,1789086665846
2891,2026-09-11T00:31:11.194Z,research,AgentMessage,,,,1789086669340,1789086671194
2895,2026-09-11T00:31:15.472Z,research,CommandExecution,,completed,0,1789086675471,1789086675472
2896,2026-09-11T00:31:15.573Z,research,CommandExecution,,completed,0,1789086675572,1789086675573
2907,2026-09-11T00:32:02.174Z,research,CommandExecution,,completed,0,1789086722173,1789086722174
2908,2026-09-11T00:32:03.655Z,research,Extension,web.search,,,1789086722247,1789086723655
2919,2026-09-11T00:33:01.307Z,research,AgentMessage,,,,1789086779617,1789086781307
2923,2026-09-11T00:33:03.664Z,research,CommandExecution,,completed,0,1789086783663,1789086783664
2924,2026-09-11T00:33:05.052Z,research,Extension,web.search,,,1789086783730,1789086785051
2931,2026-09-11T00:33:13.978Z,research,CommandExecution,,completed,0,1789086793632,1789086793978
2932,2026-09-11T00:33:14.013Z,research,ImageView,,,,1789086794013,1789086794013
2933,2026-09-11T00:33:15.660Z,research,Extension,web.search,,,1789086794088,1789086795659
2942,2026-09-11T00:37:59.198Z,research,ContextCompaction,,,,1789086795738,1789087079198
2945,2026-09-11T00:38:04.573Z,research,AgentMessage,,,,1789087083645,1789087084572
2949,2026-09-11T00:38:10.396Z,research,CommandExecution,,completed,0,1789087090395,1789087090395
2950,2026-09-11T00:38:10.449Z,research,CommandExecution,,completed,0,1789087090448,1789087090449
2957,2026-09-11T00:38:24.994Z,research,CommandExecution,,completed,0,1789087104978,1789087104991
2958,2026-09-11T00:38:25.105Z,research,CommandExecution,,completed,0,1789087105104,1789087105105
2959,2026-09-11T00:38:27.294Z,research,CommandExecution,,completed,0,1789087105140,1789087107293
2960,2026-09-11T00:38:28.822Z,research,Extension,web.search,,,1789087107361,1789087108822
2967,2026-09-11T00:39:01.358Z,research,AgentMessage,,,,1789087139469,1789087141358
2971,2026-09-11T00:39:05.741Z,research,CommandExecution,,completed,0,1789087145686,1789087145741
2972,2026-09-11T00:39:07.293Z,research,Extension,web.search,,,1789087145736,1789087147292
2973,2026-09-11T00:39:07.920Z,research,CommandExecution,,completed,0,1789087145826,1789087147920
2979,2026-09-11T00:40:15.840Z,research,FileChange,,completed,,1789087215838,1789087215840
2983,2026-09-11T00:40:18.322Z,research,CommandExecution,,completed,0,1789087216038,1789087218321
2988,2026-09-11T00:40:42.049Z,research,CommandExecution,,completed,0,1789087241808,1789087242046
2989,2026-09-11T00:40:43.499Z,research,Extension,web.search,,,1789087242070,1789087243498
2998,2026-09-11T00:41:41.789Z,research,AgentMessage,,,,1789087299897,1789087301789
3001,2026-09-11T00:42:32.880Z,research,FileChange,,completed,,1789087352876,1789087352880
3003,2026-09-11T00:42:33.021Z,research,CommandExecution,,completed,0,1789087353021,1789087353021
3010,2026-09-11T00:42:47.668Z,research,CommandExecution,,completed,0,1789087367667,1789087367668
3011,2026-09-11T00:42:48.980Z,research,Extension,web.search,,,1789087367663,1789087368979
3017,2026-09-11T00:44:31.332Z,research,FileChange,,completed,,1789087471330,1789087471332
3021,2026-09-11T00:44:34.525Z,research,CommandExecution,,completed,0,1789087471523,1789087474525
3026,2026-09-11T00:45:00.460Z,research,CommandExecution,,completed,0,1789087500459,1789087500459
3027,2026-09-11T00:45:01.911Z,research,Extension,web.search,,,1789087500319,1789087501909
3033,2026-09-11T00:45:23.032Z,research,FileChange,,completed,,1789087523029,1789087523032
3035,2026-09-11T00:45:23.142Z,research,CommandExecution,,completed,0,1789087523124,1789087523139
3036,2026-09-11T00:45:24.504Z,research,Extension,web.search,,,1789087523165,1789087524503
3039,2026-09-11T00:45:26.253Z,research,CommandExecution,,completed,0,1789087523257,1789087526253
3044,2026-09-11T00:46:28.878Z,research,CommandExecution,,completed,0,1789087588877,1789087588878
3045,2026-09-11T00:46:28.893Z,research,FileChange,,completed,,1789087588892,1789087588893
3050,2026-09-11T00:46:45.936Z,research,AgentMessage,,,,1789087604468,1789087605936
3054,2026-09-11T00:47:45.181Z,research,FileChange,,completed,,1789087665176,1789087665181
3055,2026-09-11T00:47:45.371Z,research,CommandExecution,,completed,0,1789087665370,1789087665371
3056,2026-09-11T00:47:45.500Z,research,CommandExecution,,completed,0,1789087665499,1789087665500
3063,2026-09-11T00:48:06.031Z,research,CommandExecution,,completed,0,1789087686030,1789087686031
3064,2026-09-11T00:48:06.199Z,research,CommandExecution,,completed,0,1789087686198,1789087686199
3069,2026-09-11T00:48:20.967Z,research,AgentMessage,,,,1789087698872,1789087700967
3077,2026-09-11T00:48:24.289Z,research,AgentMessage,,,,1789087702821,1789087704289
3081,2026-09-11T00:48:32.206Z,research,CommandExecution,,completed,0,1789087712205,1789087712206
3082,2026-09-11T00:48:32.346Z,research,CommandExecution,,completed,0,1789087712344,1789087712345
3099,2026-09-11T00:50:26.222Z,research,CommandExecution,,completed,0,1789087826221,1789087826222
3100,2026-09-11T00:50:27.550Z,research,Extension,web.search,,,1789087826148,1789087827549
3107,2026-09-11T00:50:38.446Z,research,CommandExecution,,completed,0,1789087837643,1789087838446
3108,2026-09-11T00:50:38.764Z,research,Extension,web.search,,,1789087837511,1789087838763
3115,2026-09-11T00:50:50.585Z,research,CommandExecution,,completed,0,1789087850583,1789087850584
3116,2026-09-11T00:50:51.198Z,research,CommandExecution,,completed,0,1789087850791,1789087851197
3123,2026-09-11T00:50:56.691Z,research,CommandExecution,,completed,0,1789087856688,1789087856690
3128,2026-09-11T00:51:01.635Z,research,AgentMessage,,,,1789087859311,1789087861635
3132,2026-09-11T00:51:39.078Z,research,CommandExecution,,completed,0,1789087899077,1789087899077
3133,2026-09-11T00:51:39.099Z,research,FileChange,,completed,,1789087899098,1789087899099
3136,2026-09-11T00:51:41.552Z,research,CommandExecution,,completed,0,1789087899290,1789087901552
3141,2026-09-11T00:51:53.426Z,research,CommandExecution,,completed,0,1789087913425,1789087913426
3151,2026-09-11T00:53:32.881Z,research,FileChange,,completed,,1789088012879,1789088012880
3153,2026-09-11T00:53:34.331Z,research,Extension,web.search,,,1789088012948,1789088014330
3178,2026-09-11T00:56:47.680Z,research,AgentMessage,,,,1789088206144,1789088207680
3181,2026-09-11T00:57:13.753Z,research,FileChange,,completed,,1789088233751,1789088233752
3183,2026-09-11T00:57:13.982Z,research,CommandExecution,,completed,0,1789088233982,1789088233982
3184,2026-09-11T00:57:14.519Z,research,CommandExecution,,completed,0,1789088233944,1789088234519
3185,2026-09-11T00:57:15.208Z,research,Extension,web.search,,,1789088233889,1789088235207
3231,2026-09-11T01:04:03.221Z,research,AgentMessage,,,,1789088640998,1789088643221
3235,2026-09-11T01:04:09.261Z,research,CommandExecution,,completed,0,1789088648839,1789088649261
3236,2026-09-11T01:04:10.030Z,research,Extension,web.search,,,1789088648707,1789088650030
3237,2026-09-11T01:04:10.147Z,research,Extension,web.search,,,1789088648752,1789088650147
3243,2026-09-11T01:05:46.125Z,research,ImageView,,,,1789088746125,1789088746125
3245,2026-09-11T01:05:46.158Z,research,FileChange,,completed,,1789088746156,1789088746158
3251,2026-09-11T01:06:33.500Z,research,FileChange,,completed,,1789088793499,1789088793500
3253,2026-09-11T01:06:34.522Z,research,CommandExecution,,completed,0,1789088793727,1789088794521
3254,2026-09-11T01:06:35.332Z,research,Extension,web.search,,,1789088793634,1789088795332
3257,2026-09-11T01:06:37.078Z,research,CommandExecution,,completed,0,1789088793689,1789088797078
3262,2026-09-11T01:07:02.806Z,research,CommandExecution,,completed,0,1789088822805,1789088822806
3263,2026-09-11T01:07:03.835Z,research,CommandExecution,,completed,0,1789088822946,1789088823835
3273,2026-09-11T01:08:51.875Z,research,CommandExecution,,completed,0,1789088931873,1789088931874
3275,2026-09-11T01:08:51.903Z,research,FileChange,,completed,,1789088931902,1789088931903
3280,2026-09-11T01:08:59.336Z,research,CommandExecution,,completed,0,1789088932095,1789088939335
3282,2026-09-11T01:09:01.192Z,research,CommandExecution,,completed,0,1789088941190,1789088941192
3292,2026-09-11T01:09:45.598Z,research,Extension,web.search,,,1789088984097,1789088985598
3295,2026-09-11T01:09:56.475Z,research,CommandExecution,,completed,0,1789088983032,1789088996475
3302,2026-09-11T01:14:06.250Z,research,ContextCompaction,,,,1789088985626,1789089246250
3305,2026-09-11T01:14:10.832Z,research,AgentMessage,,,,1789089249724,1789089250832
3309,2026-09-11T01:14:16.615Z,research,CommandExecution,,completed,0,1789089256614,1789089256615
3310,2026-09-11T01:14:16.645Z,research,CommandExecution,,completed,0,1789089256644,1789089256645
3317,2026-09-11T01:14:28.133Z,research,CommandExecution,,completed,0,1789089268088,1789089268132
3318,2026-09-11T01:14:28.138Z,research,CommandExecution,,completed,0,1789089268108,1789089268133
3319,2026-09-11T01:14:28.283Z,research,CommandExecution,,completed,0,1789089268248,1789089268282
3320,2026-09-11T01:14:29.488Z,research,Extension,web.search,,,1789089268160,1789089269487
3327,2026-09-11T01:14:39.453Z,research,CommandExecution,,completed,0,1789089279452,1789089279453
3328,2026-09-11T01:14:39.472Z,research,CommandExecution,,completed,0,1789089279472,1789089279472
3329,2026-09-11T01:14:40.823Z,research,Extension,web.search,,,1789089279443,1789089280823
3334,2026-09-11T01:14:47.430Z,research,AgentMessage,,,,1789089285109,1789089287430
3338,2026-09-11T01:14:52.798Z,research,Extension,web.search,,,1789089290325,1789089292797
3339,2026-09-11T01:14:52.882Z,research,CommandExecution,,completed,0,1789089292881,1789089292882
3346,2026-09-11T01:15:17.531Z,research,CommandExecution,,completed,0,1789089317529,1789089317531
3347,2026-09-11T01:15:19.793Z,research,Extension,web.search,,,1789089317510,1789089319793
3354,2026-09-11T01:15:58.332Z,research,Extension,web.search,,,1789089356409,1789089358332
3355,2026-09-11T01:15:59.119Z,research,CommandExecution,,completed,0,1789089358589,1789089359119
3362,2026-09-11T01:17:20.104Z,research,FileChange,,completed,,1789089440103,1789089440104
3370,2026-09-11T01:17:34.984Z,research,CommandExecution,,completed,0,1789089454144,1789089454984
3371,2026-09-11T01:17:35.194Z,research,CommandExecution,,completed,0,1789089440294,1789089455194
3372,2026-09-11T01:17:35.365Z,research,Extension,web.search,,,1789089454059,1789089455364
3379,2026-09-11T01:17:42.953Z,research,CommandExecution,,completed,0,1789089462950,1789089462952
3380,2026-09-11T01:17:44.287Z,research,Extension,web.search,,,1789089463024,1789089464287
3385,2026-09-11T01:17:56.401Z,research,AgentMessage,,,,1789089474332,1789089476401
3388,2026-09-11T01:19:35.087Z,research,FileChange,,completed,,1789089575083,1789089575087
3396,2026-09-11T01:19:40.454Z,research,CommandExecution,,completed,0,1789089580453,1789089580454
3403,2026-09-11T01:20:23.634Z,research,CommandExecution,,completed,0,1789089623632,1789089623633
3410,2026-09-11T01:20:27.483Z,research,CommandExecution,,completed,0,1789089627483,1789089627483
3416,2026-09-11T01:20:49.883Z,research,ImageView,,,,1789089649883,1789089649883
3424,2026-09-11T01:22:03.331Z,research,CommandExecution,,completed,0,1789089723326,1789089723331
3429,2026-09-11T01:22:10.731Z,research,AgentMessage,,,,1789089728794,1789089730731
3433,2026-09-11T01:22:16.659Z,research,CommandExecution,,completed,0,1789089736659,1789089736659
3434,2026-09-11T01:22:18.262Z,research,Extension,web.search,,,1789089736603,1789089738261
3441,2026-09-11T01:22:28.830Z,research,Extension,web.search,,,1789089747449,1789089748829
3442,2026-09-11T01:22:28.928Z,research,CommandExecution,,completed,0,1789089748927,1789089748928
3448,2026-09-11T01:23:31.752Z,research,FileChange,,completed,,1789089811751,1789089811752
3456,2026-09-11T01:23:58.964Z,research,Extension,web.search,,,1789089837589,1789089838963
3457,2026-09-11T01:23:59.061Z,research,CommandExecution,,completed,0,1789089839060,1789089839061
3464,2026-09-11T01:24:14.326Z,research,CommandExecution,,completed,0,1789089853628,1789089854326
3465,2026-09-11T01:24:14.417Z,research,CommandExecution,,completed,0,1789089854416,1789089854417
3472,2026-09-11T01:24:37.610Z,research,CommandExecution,,completed,0,1789089877609,1789089877610
3479,2026-09-11T01:25:21.634Z,research,AgentMessage,,,,1789089919759,1789089921634
3481,2026-09-11T01:25:49.873Z,research,CommandExecution,,completed,0,1789089811948,1789089949873
3483,2026-09-11T01:25:54.034Z,research,FileChange,,completed,,1789089954032,1789089954034
3487,2026-09-11T01:25:58.140Z,research,CommandExecution,,completed,0,1789089954226,1789089958139
3492,2026-09-11T01:26:01.814Z,research,CommandExecution,,completed,0,1789089961813,1789089961814
3498,2026-09-11T01:27:04.329Z,research,FileChange,,completed,,1789090024328,1789090024329
3506,2026-09-11T01:27:11.152Z,research,CommandExecution,,completed,0,1789090031133,1789090031152
3509,2026-09-11T01:27:14.617Z,research,CommandExecution,,completed,0,1789090024525,1789090034617
3514,2026-09-11T01:27:30.046Z,research,CommandExecution,,completed,0,1789090050046,1789090050046
3519,2026-09-11T01:27:35.001Z,research,AgentMessage,,,,1789090052539,1789090055001
3523,2026-09-11T01:28:19.750Z,research,CommandExecution,,completed,0,1789090099731,1789090099750
3530,2026-09-11T01:28:54.129Z,research,CommandExecution,,completed,0,1789090133935,1789090134129
3535,2026-09-11T01:29:01.881Z,research,AgentMessage,,,,1789090138546,1789090141881
3543,2026-09-11T01:29:08.818Z,research,AgentMessage,,,,1789090147447,1789090148818
3547,2026-09-11T01:29:13.691Z,research,CommandExecution,,failed,1,1789090153678,1789090153691
3548,2026-09-11T01:29:13.804Z,research,CommandExecution,,completed,0,1789090153802,1789090153803
3555,2026-09-11T01:29:21.852Z,research,CommandExecution,,completed,0,1789090161852,1789090161852
3560,2026-09-11T01:29:27.798Z,research,CommandExecution,,completed,0,1789090167797,1789090167798
3569,2026-09-11T01:30:04.676Z,research,Extension,web.search,,,1789090203277,1789090204675
3576,2026-09-11T01:30:28.579Z,research,Extension,web.search,,,1789090227031,1789090228578
3583,2026-09-11T01:30:44.637Z,research,CommandExecution,,completed,0,1789090244100,1789090244637
3584,2026-09-11T01:30:45.453Z,research,Extension,web.search,,,1789090244016,1789090245453
3595,2026-09-11T01:32:14.179Z,research,AgentMessage,,,,1789090332076,1789090334179
3598,2026-09-11T01:32:18.542Z,research,CommandExecution,,completed,0,1789090338540,1789090338542
3600,2026-09-11T01:32:20.025Z,research,Extension,web.search,,,1789090338625,1789090340025
3609,2026-09-11T01:33:06.851Z,research,Extension,web.search,,,1789090385601,1789090386850
3610,2026-09-11T01:33:07.394Z,research,CommandExecution,,completed,0,1789090387049,1789090387394
3617,2026-09-11T01:33:16.169Z,research,Extension,web.search,,,1789090394637,1789090396169
3618,2026-09-11T01:33:16.258Z,research,CommandExecution,,completed,0,1789090396258,1789090396258
3626,2026-09-11T01:34:31.607Z,research,FileChange,,completed,,1789090471605,1789090471606
3633,2026-09-11T01:35:25.781Z,research,FileChange,,completed,,1789090525779,1789090525781
3638,2026-09-11T01:35:45.681Z,research,CommandExecution,,completed,0,1789090525984,1789090545681
3645,2026-09-11T01:36:19.504Z,research,CommandExecution,,completed,0,1789090579503,1789090579504
3650,2026-09-11T01:36:25.708Z,research,AgentMessage,,,,1789090583088,1789090585708
3662,2026-09-11T01:37:46.980Z,research,Extension,web.search,,,1789090665686,1789090666979
3663,2026-09-11T01:37:47.469Z,research,CommandExecution,,completed,0,1789090667175,1789090667469
3674,2026-09-11T01:38:51.513Z,research,Extension,web.search,,,1789090730261,1789090731513
3675,2026-09-11T01:38:51.593Z,research,CommandExecution,,completed,0,1789090731592,1789090731593
3684,2026-09-11T01:39:38.194Z,research,Extension,web.search,,,1789090776922,1789090778193
3685,2026-09-11T01:39:38.228Z,research,ImageView,,,,1789090778228,1789090778228
3708,2026-09-11T01:42:58.108Z,research,AgentMessage,,,,1789090975516,1789090978107
3712,2026-09-11T01:43:48.210Z,research,CommandExecution,,completed,0,1789091027258,1789091028210
3713,2026-09-11T01:43:48.225Z,research,FileChange,,completed,,1789091028224,1789091028225
3719,2026-09-11T01:44:02.169Z,research,CommandExecution,,completed,0,1789091042132,1789091042168
3721,2026-09-11T01:44:02.676Z,research,CommandExecution,,completed,0,1789091042319,1789091042676
3722,2026-09-11T01:44:03.694Z,research,Extension,web.search,,,1789091042188,1789091043693
3728,2026-09-11T01:45:37.207Z,research,FileChange,,completed,,1789091137206,1789091137207
3732,2026-09-11T01:45:45.698Z,research,CommandExecution,,completed,0,1789091137400,1789091145698
3736,2026-09-11T01:45:53.157Z,research,FileChange,,completed,,1789091153155,1789091153157
3737,2026-09-11T01:45:53.196Z,research,ImageView,,,,1789091153196,1789091153196
3745,2026-09-11T01:46:03.828Z,research,CommandExecution,,completed,0,1789091163827,1789091163828
3746,2026-09-11T01:46:05.147Z,research,Extension,web.search,,,1789091163846,1789091165147
3749,2026-09-11T01:46:11.977Z,research,CommandExecution,,completed,0,1789091163891,1789091171977
3756,2026-09-11T01:49:49.575Z,research,ContextCompaction,,,,1789091165178,1789091389575
3759,2026-09-11T01:49:53.722Z,research,AgentMessage,,,,1789091392831,1789091393722
3763,2026-09-11T01:50:00.001Z,research,CommandExecution,,completed,0,1789091399999,1789091400000
3764,2026-09-11T01:50:00.091Z,research,CommandExecution,,completed,0,1789091400090,1789091400091
3769,2026-09-11T01:50:08.432Z,research,CommandExecution,,completed,0,1789091408366,1789091408428
3770,2026-09-11T01:50:08.436Z,research,CommandExecution,,completed,0,1789091408415,1789091408433
3771,2026-09-11T01:50:08.527Z,research,CommandExecution,,completed,0,1789091408526,1789091408527
3772,2026-09-11T01:50:10.326Z,research,CommandExecution,,completed,0,1789091408575,1789091410326
3779,2026-09-11T01:50:18.690Z,research,CommandExecution,,completed,0,1789091418689,1789091418690
3780,2026-09-11T01:50:20.012Z,research,Extension,web.search,,,1789091418673,1789091420011
3785,2026-09-11T01:50:37.451Z,research,AgentMessage,,,,1789091435835,1789091437451
3789,2026-09-11T01:50:41.233Z,research,Extension,web.search,,,1789091439324,1789091441232
3794,2026-09-11T01:50:52.027Z,research,Extension,web.search,,,1789091450589,1789091452026
3795,2026-09-11T01:50:52.115Z,research,CommandExecution,,completed,0,1789091452114,1789091452114
3801,2026-09-11T01:51:37.371Z,research,FileChange,,completed,,1789091497370,1789091497371
3803,2026-09-11T01:51:42.131Z,research,Extension,web.search,,,1789091498625,1789091502131
3806,2026-09-11T01:51:44.463Z,research,CommandExecution,,completed,0,1789091497563,1789091504463
3811,2026-09-11T01:51:56.629Z,research,CommandExecution,,completed,0,1789091516628,1789091516628
3812,2026-09-11T01:51:57.703Z,research,CommandExecution,,completed,0,1789091516651,1789091517703
3813,2026-09-11T01:51:58.046Z,research,Extension,web.search,,,1789091516561,1789091518045
3819,2026-09-11T01:52:51.249Z,research,FileChange,,completed,,1789091571246,1789091571249
3823,2026-09-11T01:52:56.038Z,research,CommandExecution,,completed,0,1789091571445,1789091576038
3826,2026-09-11T01:53:03.425Z,research,AgentMessage,,,,1789091580821,1789091583424
3830,2026-09-11T01:53:10.673Z,research,Extension,web.search,,,1789091589182,1789091590672
3831,2026-09-11T01:53:11.202Z,research,CommandExecution,,failed,1,1789091590867,1789091591202
3838,2026-09-11T01:53:40.861Z,research,CommandExecution,,completed,0,1789091620387,1789091620861
3839,2026-09-11T01:53:40.958Z,research,CommandExecution,,completed,0,1789091620957,1789091620958
3840,2026-09-11T01:53:41.000Z,research,ImageView,,,,1789091621000,1789091621000
3847,2026-09-11T01:53:49.647Z,research,CommandExecution,,completed,0,1789091629646,1789091629647
3853,2026-09-11T01:55:16.107Z,research,FileChange,,completed,,1789091716105,1789091716107
3861,2026-09-11T01:55:56.258Z,research,CommandExecution,,completed,0,1789091756257,1789091756258
3862,2026-09-11T01:55:56.412Z,research,CommandExecution,,completed,0,1789091756411,1789091756412
3867,2026-09-11T01:56:22.763Z,research,AgentMessage,,,,1789091781144,1789091782763
3871,2026-09-11T01:56:26.343Z,research,CommandExecution,,completed,0,1789091786317,1789091786339
3872,2026-09-11T01:56:27.652Z,research,Extension,web.search,,,1789091786338,1789091787652
3878,2026-09-11T01:57:45.426Z,research,FileChange,,completed,,1789091865423,1789091865426
3880,2026-09-11T01:57:45.559Z,research,CommandExecution,,completed,0,1789091865558,1789091865559
3881,2026-09-11T01:57:45.704Z,research,CommandExecution,,completed,0,1789091865703,1789091865704
3888,2026-09-11T01:57:52.805Z,research,CommandExecution,,completed,0,1789091872803,1789091872804
3889,2026-09-11T01:57:53.012Z,research,CommandExecution,,completed,0,1789091873011,1789091873012
3904,2026-09-11T01:59:58.778Z,research,CommandExecution,,completed,0,1789091998778,1789091998778
3905,2026-09-11T02:00:00.148Z,research,Extension,web.search,,,1789091998844,1789092000148
3912,2026-09-11T02:00:08.144Z,research,CommandExecution,,completed,0,1789092008143,1789092008143
3913,2026-09-11T02:00:09.989Z,research,Extension,web.search,,,1789092008210,1789092009988
3938,2026-09-11T02:03:47.277Z,research,CommandExecution,,completed,0,1789092227274,1789092227276
3943,2026-09-11T02:03:57.670Z,research,AgentMessage,,,,1789092235778,1789092237670
3959,2026-09-11T02:06:12.737Z,research,CommandExecution,,completed,0,1789092372736,1789092372737
3960,2026-09-11T02:06:12.877Z,research,CommandExecution,,completed,0,1789092372877,1789092372877
3961,2026-09-11T02:06:13.067Z,research,CommandExecution,,completed,0,1789092373066,1789092373066
3966,2026-09-11T02:06:20.375Z,research,AgentMessage,,,,1789092378352,1789092380374
3974,2026-09-11T02:06:26.424Z,research,AgentMessage,,,,1789092384674,1789092386424
3978,2026-09-11T02:06:33.325Z,research,CommandExecution,,completed,0,1789092393325,1789092393325
3979,2026-09-11T02:06:33.472Z,research,CommandExecution,,completed,0,1789092393472,1789092393472
3980,2026-09-11T02:06:33.554Z,research,CommandExecution,,completed,0,1789092393552,1789092393553
3991,2026-09-11T02:08:10.039Z,research,AgentMessage,,,,1789092488330,1789092490039
3995,2026-09-11T02:08:14.815Z,research,CommandExecution,,completed,0,1789092494814,1789092494814
3996,2026-09-11T02:08:14.834Z,research,CommandExecution,,completed,0,1789092494834,1789092494834
3997,2026-09-11T02:08:16.130Z,research,Extension,web.search,,,1789092494780,1789092496129
4008,2026-09-11T02:09:04.429Z,research,Extension,web.search,,,1789092542842,1789092544428
4009,2026-09-11T02:09:05.054Z,research,CommandExecution,,completed,0,1789092544625,1789092545054
4017,2026-09-11T02:09:51.353Z,research,ImageView,,,,1789092591353,1789092591353
4019,2026-09-11T02:09:52.835Z,research,Extension,web.search,,,1789092591435,1789092592834
4026,2026-09-11T02:10:50.887Z,research,Extension,web.search,,,1789092649544,1789092650887
4027,2026-09-11T02:10:51.012Z,research,CommandExecution,,completed,0,1789092651011,1789092651011
4040,2026-09-11T02:12:09.045Z,research,Extension,web.search,,,1789092727720,1789092729044
4045,2026-09-11T02:12:14.342Z,research,AgentMessage,,,,1789092732318,1789092734342
4051,2026-09-11T02:12:20.794Z,research,Extension,web.search,,,1789092739223,1789092740794
4052,2026-09-11T02:12:20.880Z,research,CommandExecution,,failed,1,1789092740879,1789092740880
4059,2026-09-11T02:14:37.974Z,research,FileChange,,completed,,1789092877972,1789092877974
4061,2026-09-11T02:14:38.430Z,research,CommandExecution,,completed,0,1789092878167,1789092878430
4062,2026-09-11T02:14:41.112Z,research,Extension,web.search,,,1789092878500,1789092881112
4069,2026-09-11T02:14:51.937Z,research,Extension,web.search,,,1789092890710,1789092891936
4070,2026-09-11T02:14:52.450Z,research,CommandExecution,,completed,0,1789092892128,1789092892449
4077,2026-09-11T02:15:04.253Z,research,CommandExecution,,completed,0,1789092903920,1789092904253
4078,2026-09-11T02:15:05.639Z,research,Extension,web.search,,,1789092904326,1789092905638
4089,2026-09-11T02:16:22.409Z,research,Extension,web.search,,,1789092980980,1789092982409
4090,2026-09-11T02:16:23.131Z,research,CommandExecution,,completed,0,1789092982600,1789092983131
4091,2026-09-11T02:16:23.148Z,research,FileChange,,completed,,1789092983145,1789092983148
4096,2026-09-11T02:16:31.760Z,research,AgentMessage,,,,1789092989898,1789092991760
4100,2026-09-11T02:16:38.278Z,research,Extension,web.search,,,1789092996957,1789092998277
4101,2026-09-11T02:16:38.716Z,research,CommandExecution,,completed,0,1789092998474,1789092998716
4108,2026-09-11T02:16:49.805Z,research,CommandExecution,,failed,1,1789093009804,1789093009804
4109,2026-09-11T02:16:51.132Z,research,Extension,web.search,,,1789093009757,1789093011132
4116,2026-09-11T02:17:24.821Z,research,CommandExecution,,completed,0,1789093044308,1789093044821
4117,2026-09-11T02:17:24.834Z,research,FileChange,,completed,,1789093044833,1789093044834
4120,2026-09-11T02:17:26.836Z,research,CommandExecution,,completed,0,1789093045025,1789093046836
4125,2026-09-11T02:17:54.134Z,research,CommandExecution,,completed,0,1789093073913,1789093074131
4131,2026-09-11T02:18:17.884Z,research,CommandExecution,,completed,0,1789093097881,1789093097883
4135,2026-09-11T02:18:19.839Z,research,CommandExecution,,completed,0,1789093098089,1789093099838
4139,2026-09-11T02:18:25.877Z,research,CommandExecution,,completed,0,1789093105876,1789093105877
4146,2026-09-11T02:18:53.768Z,research,FileChange,,completed,,1789093133766,1789093133768
4148,2026-09-11T02:18:55.041Z,research,CommandExecution,,completed,0,1789093135040,1789093135041
4151,2026-09-11T02:18:55.906Z,research,CommandExecution,,completed,0,1789093133960,1789093135906
4156,2026-09-11T02:20:28.745Z,research,CommandExecution,,completed,0,1789093228745,1789093228745
4157,2026-09-11T02:20:28.763Z,research,FileChange,,completed,,1789093228760,1789093228763
4169,2026-09-11T02:22:25.162Z,research,FileChange,,completed,,1789093345160,1789093345162
4171,2026-09-11T02:22:25.659Z,research,CommandExecution,,completed,0,1789093345354,1789093345659
4172,2026-09-11T02:22:25.792Z,research,CommandExecution,,completed,0,1789093345791,1789093345792
4173,2026-09-11T02:22:25.945Z,research,CommandExecution,,completed,0,1789093345944,1789093345945
4182,2026-09-11T02:25:55.388Z,research,ContextCompaction,,,,1789093345974,1789093555388
4185,2026-09-11T02:25:59.122Z,research,AgentMessage,,,,1789093558294,1789093559122
4189,2026-09-11T02:26:03.877Z,research,CommandExecution,,completed,0,1789093563876,1789093563877
4190,2026-09-11T02:26:03.974Z,research,CommandExecution,,completed,0,1789093563973,1789093563974
4195,2026-09-11T02:26:10.939Z,research,CommandExecution,,completed,0,1789093570937,1789093570939
4196,2026-09-11T02:26:10.962Z,research,CommandExecution,,completed,0,1789093570961,1789093570962
4197,2026-09-11T02:26:11.098Z,research,CommandExecution,,completed,0,1789093571098,1789093571098
4204,2026-09-11T02:26:22.084Z,research,CommandExecution,,completed,0,1789093582084,1789093582084
4205,2026-09-11T02:26:23.405Z,research,Extension,web.search,,,1789093582067,1789093583404
4212,2026-09-11T02:26:31.805Z,research,Extension,web.search,,,1789093590456,1789093591804
4213,2026-09-11T02:26:31.887Z,research,CommandExecution,,completed,0,1789093591887,1789093591887
4218,2026-09-11T02:26:48.208Z,research,AgentMessage,,,,1789093606604,1789093608208
4222,2026-09-11T02:26:51.502Z,research,CommandExecution,,completed,0,1789093611501,1789093611502
4223,2026-09-11T02:26:53.016Z,research,Extension,web.search,,,1789093611564,1789093613014
4227,2026-09-11T02:27:16.877Z,research,FileChange,,completed,,1789093636876,1789093636877
4229,2026-09-11T02:27:19.589Z,research,Extension,web.search,,,1789093638131,1789093639589
4236,2026-09-11T02:27:48.092Z,research,CommandExecution,,completed,0,1789093668091,1789093668092
4237,2026-09-11T02:27:49.453Z,research,Extension,web.search,,,1789093668162,1789093669452
4250,2026-09-11T02:29:28.808Z,research,CommandExecution,,completed,0,1789093768807,1789093768808
4251,2026-09-11T02:29:30.429Z,research,Extension,web.search,,,1789093768801,1789093770428
4256,2026-09-11T02:29:34.784Z,research,AgentMessage,,,,1789093772725,1789093774784
4259,2026-09-11T02:29:56.306Z,research,FileChange,,completed,,1789093796305,1789093796306
4261,2026-09-11T02:30:02.750Z,research,CommandExecution,,completed,0,1789093802750,1789093802750
4270,2026-09-11T02:30:54.264Z,research,Extension,web.search,,,1789093852903,1789093854263
4271,2026-09-11T02:30:54.356Z,research,CommandExecution,,completed,0,1789093854355,1789093854356
4278,2026-09-11T02:31:56.584Z,research,CommandExecution,,completed,0,1789093637067,1789093916584
4283,2026-09-11T02:32:02.810Z,research,Extension,web.search,,,1789093920657,1789093922809
4284,2026-09-11T02:32:02.894Z,research,CommandExecution,,completed,0,1789093922893,1789093922894
4291,2026-09-11T02:32:12.179Z,research,CommandExecution,,completed,0,1789093932178,1789093932178
4292,2026-09-11T02:32:13.577Z,research,Extension,web.search,,,1789093932249,1789093933577
4302,2026-09-11T02:33:38.997Z,research,FileChange,,completed,,1789094018996,1789094018996
4304,2026-09-11T02:33:40.264Z,research,CommandExecution,,failed,1,1789094020263,1789094020264
4311,2026-09-11T02:34:24.405Z,research,AgentMessage,,,,1789094062662,1789094064405
4315,2026-09-11T02:34:27.766Z,research,CommandExecution,,completed,0,1789094067765,1789094067766
4316,2026-09-11T02:34:29.137Z,research,Extension,web.search,,,1789094067769,1789094069136
4323,2026-09-11T02:34:37.602Z,research,CommandExecution,,completed,0,1789094077600,1789094077601
4324,2026-09-11T02:34:38.966Z,research,Extension,web.search,,,1789094077671,1789094078965
4331,2026-09-11T02:34:47.942Z,research,Extension,web.search,,,1789094086657,1789094087942
4332,2026-09-11T02:34:48.023Z,research,CommandExecution,,completed,0,1789094088023,1789094088023
4341,2026-09-11T02:35:28.162Z,research,Extension,web.search,,,1789094126823,1789094128162
4342,2026-09-11T02:35:28.252Z,research,CommandExecution,,completed,0,1789094128251,1789094128252
4349,2026-09-11T02:36:02.321Z,research,Extension,web.search,,,1789094160519,1789094162320
4350,2026-09-11T02:36:02.336Z,research,FileChange,,completed,,1789094162335,1789094162335
4357,2026-09-11T02:36:16.796Z,research,Extension,web.search,,,1789094175420,1789094176795
4360,2026-09-11T02:36:17.963Z,research,CommandExecution,,completed,0,1789094175550,1789094177963
4361,2026-09-11T02:36:21.221Z,research,CommandExecution,,completed,0,1789093796495,1789094181221
4365,2026-09-11T02:36:50.288Z,research,FileChange,,completed,,1789094210287,1789094210288
4367,2026-09-11T02:36:51.551Z,research,CommandExecution,,completed,0,1789094211550,1789094211550
4370,2026-09-11T02:36:52.679Z,research,CommandExecution,,completed,0,1789094210478,1789094212679
4375,2026-09-11T02:37:05.436Z,research,CommandExecution,,completed,0,1789094225435,1789094225436
4376,2026-09-11T02:37:05.631Z,research,CommandExecution,,completed,0,1789094225630,1789094225630
4383,2026-09-11T02:37:14.330Z,research,CommandExecution,,completed,0,1789094234329,1789094234329
4392,2026-09-11T02:37:53.090Z,research,Extension,web.search,,,1789094271705,1789094273089
4393,2026-09-11T02:37:53.175Z,research,CommandExecution,,completed,0,1789094273175,1789094273175
4398,2026-09-11T02:38:46.682Z,research,CommandExecution,,completed,0,1789094019188,1789094326682
4400,2026-09-11T02:39:38.928Z,research,FileChange,,completed,,1789094378925,1789094378927
4414,2026-09-11T02:41:19.169Z,research,AgentMessage,,,,1789094477185,1789094479169
4418,2026-09-11T02:41:21.117Z,research,CommandExecution,,completed,0,1789094481116,1789094481116
4419,2026-09-11T02:41:21.222Z,research,CommandExecution,,completed,0,1789094481220,1789094481221
4426,2026-09-11T02:42:16.134Z,research,CommandExecution,,completed,0,1789094536134,1789094536134
4427,2026-09-11T02:42:16.153Z,research,FileChange,,completed,,1789094536148,1789094536153
4428,2026-09-11T02:42:16.364Z,research,CommandExecution,,failed,1,1789094536364,1789094536364
4434,2026-09-11T02:42:32.849Z,research,FileChange,,completed,,1789094552846,1789094552849
4436,2026-09-11T02:42:33.432Z,research,CommandExecution,,completed,0,1789094553046,1789094553432
4440,2026-09-11T02:42:36.316Z,research,ImageView,,,,1789094556315,1789094556315
4447,2026-09-11T02:43:54.348Z,research,FileChange,,completed,,1789094634339,1789094634348
4455,2026-09-11T02:44:16.434Z,research,CommandExecution,,completed,0,1789094656433,1789094656434
4456,2026-09-11T02:44:16.589Z,research,CommandExecution,,completed,0,1789094656588,1789094656589
4463,2026-09-11T02:44:56.552Z,research,CommandExecution,,completed,0,1789094696551,1789094696551
4464,2026-09-11T02:44:56.715Z,research,CommandExecution,,completed,0,1789094696714,1789094696714
4465,2026-09-11T02:44:56.887Z,research,CommandExecution,,completed,0,1789094696886,1789094696887
4470,2026-09-11T02:45:10.157Z,research,AgentMessage,,,,1789094707950,1789094710157
4473,2026-09-11T02:45:11.845Z,research,CommandExecution,,completed,0,1789094711843,1789094711845
4477,2026-09-11T02:45:15.461Z,research,AgentMessage,,,,1789094713564,1789094715461
4485,2026-09-11T02:45:19.288Z,research,AgentMessage,,,,1789094717807,1789094719288
4489,2026-09-11T02:45:23.121Z,research,CommandExecution,,completed,0,1789094723096,1789094723121
4490,2026-09-11T02:45:23.210Z,research,CommandExecution,,completed,0,1789094723209,1789094723210
4506,2026-09-11T02:47:18.137Z,research,Extension,web.search,,,1789094836857,1789094838136
4507,2026-09-11T02:47:18.670Z,research,CommandExecution,,completed,0,1789094838342,1789094838670
4513,2026-09-11T02:47:45.989Z,research,ImageView,,,,1789094865988,1789094865988
4515,2026-09-11T02:47:47.399Z,research,Extension,web.search,,,1789094866066,1789094867398
4526,2026-09-11T02:49:03.186Z,research,AgentMessage,,,,1789094941049,1789094943186
4530,2026-09-11T02:49:08.675Z,research,Extension,web.search,,,1789094947347,1789094948674
4531,2026-09-11T02:49:09.301Z,research,CommandExecution,,completed,0,1789094948871,1789094949301
4538,2026-09-11T02:50:35.428Z,research,CommandExecution,,completed,0,1789095035166,1789095035427
4539,2026-09-11T02:50:37.001Z,research,Extension,web.search,,,1789095035501,1789095037001
4540,2026-09-11T02:50:37.017Z,research,FileChange,,completed,,1789095037015,1789095037017
4549,2026-09-11T02:54:32.205Z,research,ContextCompaction,,,,1789095037040,1789095272205
4552,2026-09-11T02:54:37.826Z,research,AgentMessage,,,,1789095276421,1789095277826
4556,2026-09-11T02:54:42.661Z,research,CommandExecution,,completed,0,1789095282660,1789095282661
4557,2026-09-11T02:54:42.761Z,research,CommandExecution,,completed,0,1789095282759,1789095282760
4562,2026-09-11T02:54:53.757Z,research,CommandExecution,,completed,0,1789095293679,1789095293757
4563,2026-09-11T02:54:53.761Z,research,CommandExecution,,failed,2,1789095293711,1789095293757
4564,2026-09-11T02:54:53.885Z,research,CommandExecution,,completed,0,1789095293873,1789095293885
4565,2026-09-11T02:54:55.080Z,research,Extension,web.search,,,1789095293780,1789095295079
4566,2026-09-11T02:54:55.781Z,research,CommandExecution,,completed,0,1789095293840,1789095295780
4572,2026-09-11T02:56:33.787Z,research,FileChange,,completed,,1789095393785,1789095393787
4578,2026-09-11T02:56:37.857Z,research,AgentMessage,,,,1789095395797,1789095397857
4582,2026-09-11T02:56:45.639Z,research,CommandExecution,,completed,0,1789095405637,1789095405638
4583,2026-09-11T02:56:47.045Z,research,Extension,web.search,,,1789095405610,1789095407045
4586,2026-09-11T02:56:47.846Z,research,CommandExecution,,completed,0,1789095405682,1789095407846
4589,2026-09-11T02:56:50.704Z,research,CommandExecution,,completed,0,1789095405647,1789095410704
4592,2026-09-11T02:56:56.073Z,research,CommandExecution,,completed,0,1789095416054,1789095416070
4593,2026-09-11T02:56:56.086Z,research,CommandExecution,,completed,0,1789095416084,1789095416085
4594,2026-09-11T02:56:57.433Z,research,Extension,web.search,,,1789095416095,1789095417433
4600,2026-09-11T02:57:18.290Z,research,FileChange,,completed,,1789095438287,1789095438290
4602,2026-09-11T02:57:20.486Z,research,CommandExecution,,completed,0,1789095438480,1789095440486
4605,2026-09-11T02:57:21.094Z,research,CommandExecution,,completed,0,1789095439669,1789095441093
4608,2026-09-11T02:57:32.677Z,research,AgentMessage,,,,1789095450784,1789095452677
4611,2026-09-11T02:58:51.916Z,research,FileChange,,completed,,1789095531911,1789095531916
4619,2026-09-11T02:59:00.856Z,research,CommandExecution,,completed,0,1789095540806,1789095540855
4620,2026-09-11T02:59:02.139Z,research,Extension,web.search,,,1789095540721,1789095542138
4627,2026-09-11T02:59:43.142Z,research,CommandExecution,,completed,0,1789095583141,1789095583142
4628,2026-09-11T02:59:43.343Z,research,CommandExecution,,completed,0,1789095583342,1789095583343
4635,2026-09-11T02:59:56.263Z,research,CommandExecution,,completed,0,1789095596262,1789095596263
4636,2026-09-11T02:59:56.645Z,research,CommandExecution,,completed,0,1789095596283,1789095596645
4637,2026-09-11T02:59:57.546Z,research,Extension,web.search,,,1789095596194,1789095597545
4643,2026-09-11T03:00:03.343Z,research,ImageView,,,,1789095603343,1789095603343
4645,2026-09-11T03:00:04.790Z,research,Extension,web.search,,,1789095603418,1789095604789
4652,2026-09-11T03:00:43.001Z,research,AgentMessage,,,,1789095640761,1789095643001
4656,2026-09-11T03:00:46.831Z,research,Extension,web.search,,,1789095645452,1789095646831
4663,2026-09-11T03:00:57.439Z,research,Extension,web.search,,,1789095655979,1789095657439
4666,2026-09-11T03:00:59.491Z,research,CommandExecution,,completed,0,1789095657631,1789095659491
4672,2026-09-11T03:02:46.990Z,research,FileChange,,completed,,1789095766989,1789095766990
4674,2026-09-11T03:02:47.113Z,research,CommandExecution,,completed,0,1789095767112,1789095767113
4681,2026-09-11T03:03:10.087Z,research,CommandExecution,,completed,0,1789095790086,1789095790087
4682,2026-09-11T03:03:11.480Z,research,Extension,web.search,,,1789095790152,1789095791479
4687,2026-09-11T03:03:20.417Z,research,AgentMessage,,,,1789095798559,1789095800417
4690,2026-09-11T03:04:05.943Z,research,FileChange,,completed,,1789095845939,1789095845943
4692,2026-09-11T03:04:06.146Z,research,CommandExecution,,completed,0,1789095846136,1789095846145
4699,2026-09-11T03:04:53.640Z,research,CommandExecution,,completed,0,1789095893639,1789095893640
4700,2026-09-11T03:04:53.836Z,research,CommandExecution,,completed,0,1789095893835,1789095893836
4711,2026-09-11T03:05:41.642Z,research,Extension,web.search,,,1789095940291,1789095941641
4712,2026-09-11T03:05:41.729Z,research,CommandExecution,,completed,0,1789095941729,1789095941729
4727,2026-09-11T03:07:23.969Z,research,Extension,web.search,,,1789096042587,1789096043968
4728,2026-09-11T03:07:24.054Z,research,CommandExecution,,completed,0,1789096044054,1789096044054
4743,2026-09-11T03:09:16.504Z,research,Extension,web.search,,,1789096155072,1789096156504
4746,2026-09-11T03:09:18.366Z,research,CommandExecution,,completed,0,1789096156707,1789096158366
4749,2026-09-11T03:09:23.007Z,research,AgentMessage,,,,1789096161020,1789096163007
4753,2026-09-11T03:09:27.868Z,research,Extension,web.search,,,1789096166424,1789096167867
4754,2026-09-11T03:09:27.961Z,research,CommandExecution,,completed,0,1789096167960,1789096167960
4761,2026-09-11T03:09:39.300Z,research,Extension,web.search,,,1789096177878,1789096179299
4762,2026-09-11T03:09:40.331Z,research,CommandExecution,,completed,0,1789096179492,1789096180331
4772,2026-09-11T03:11:13.749Z,research,FileChange,,completed,,1789096273748,1789096273749
4774,2026-09-11T03:11:13.883Z,research,CommandExecution,,completed,0,1789096273882,1789096273883
4775,2026-09-11T03:11:14.035Z,research,CommandExecution,,completed,0,1789096274033,1789096274034
4782,2026-09-11T03:11:21.168Z,research,CommandExecution,,completed,0,1789096281117,1789096281168
4787,2026-09-11T03:11:27.078Z,research,AgentMessage,,,,1789096284629,1789096287078
4797,2026-09-11T03:11:33.311Z,research,AgentMessage,,,,1789096291788,1789096293311
4801,2026-09-11T03:11:40.345Z,research,CommandExecution,,completed,0,1789096300292,1789096300345
4802,2026-09-11T03:11:40.478Z,research,CommandExecution,,completed,0,1789096300477,1789096300478
4803,2026-09-11T03:11:41.736Z,research,Extension,web.search,,,1789096300455,1789096301735
4808,2026-09-11T03:11:50.450Z,research,CommandExecution,,completed,0,1789096310449,1789096310450
4809,2026-09-11T03:11:51.855Z,research,Extension,web.search,,,1789096310488,1789096311855
4816,2026-09-11T03:12:00.123Z,research,CommandExecution,,completed,0,1789096320123,1789096320123
4817,2026-09-11T03:12:01.520Z,research,Extension,web.search,,,1789096320100,1789096321519
4825,2026-09-11T03:13:24.576Z,research,FileChange,,completed,,1789096404575,1789096404576
4829,2026-09-11T03:13:27.070Z,research,CommandExecution,,completed,0,1789096404770,1789096407070
4832,2026-09-11T03:13:32.476Z,research,AgentMessage,,,,1789096410499,1789096412476
4834,2026-09-11T03:13:36.673Z,research,CommandExecution,,completed,0,1789096404806,1789096416673
4836,2026-09-11T03:13:39.194Z,research,CommandExecution,,completed,0,1789096419187,1789096419194
4838,2026-09-11T03:13:39.223Z,research,CommandExecution,,completed,0,1789096419223,1789096419223
4839,2026-09-11T03:13:40.541Z,research,Extension,web.search,,,1789096419220,1789096420540
4846,2026-09-11T03:13:56.810Z,research,CommandExecution,,completed,0,1789096436810,1789096436810
4853,2026-09-11T03:14:08.665Z,research,CommandExecution,,completed,0,1789096448664,1789096448665
4854,2026-09-11T03:14:10.918Z,research,CommandExecution,,completed,0,1789096448789,1789096450918
4860,2026-09-11T03:14:19.555Z,research,CommandExecution,,completed,0,1789096459553,1789096459554
4868,2026-09-11T03:14:28.348Z,research,CommandExecution,,completed,0,1789096468347,1789096468348
4874,2026-09-11T03:14:46.914Z,research,CommandExecution,,failed,1,1789096404839,1789096486913
4875,2026-09-11T03:14:46.924Z,research,CommandExecution,,completed,0,1789096486923,1789096486923
4876,2026-09-11T03:14:47.060Z,research,CommandExecution,,completed,0,1789096487059,1789096487060
4880,2026-09-11T03:14:50.215Z,research,CommandExecution,,completed,0,1789096487322,1789096490215
4883,2026-09-11T03:14:54.233Z,research,AgentMessage,,,,1789096492285,1789096494233
4887,2026-09-11T03:15:23.373Z,research,CommandExecution,,completed,0,1789096487289,1789096523373
4891,2026-09-11T03:16:00.098Z,research,FileChange,,completed,,1789096560096,1789096560098
4893,2026-09-11T03:16:00.216Z,research,CommandExecution,,completed,0,1789096560216,1789096560216
4896,2026-09-11T03:16:02.319Z,research,CommandExecution,,completed,0,1789096560289,1789096562319
4897,2026-09-11T03:16:04.818Z,research,CommandExecution,,completed,0,1789096560357,1789096564818
4910,2026-09-11T03:17:32.373Z,research,CommandExecution,,completed,0,1789096652372,1789096652373
4911,2026-09-11T03:17:33.709Z,research,Extension,web.search,,,1789096652363,1789096653708
4918,2026-09-11T03:17:39.794Z,research,Extension,web.search,,,1789096658405,1789096659793
4927,2026-09-11T03:21:44.124Z,research,ContextCompaction,,,,1789096659880,1789096904124
4930,2026-09-11T03:21:48.092Z,research,AgentMessage,,,,1789096907003,1789096908092
4934,2026-09-11T03:21:52.383Z,research,CommandExecution,,completed,0,1789096912383,1789096912383
4939,2026-09-11T03:21:59.090Z,research,CommandExecution,,completed,0,1789096919089,1789096919090
4940,2026-09-11T03:22:00.565Z,research,Extension,web.search,,,1789096919157,1789096920564
4947,2026-09-11T03:22:12.107Z,research,CommandExecution,,completed,0,1789096932090,1789096932104
4948,2026-09-11T03:22:12.279Z,research,CommandExecution,,completed,0,1789096932223,1789096932279
4949,2026-09-11T03:22:13.549Z,research,Extension,web.search,,,1789096932128,1789096933548
4956,2026-09-11T03:22:24.973Z,research,CommandExecution,,completed,0,1789096944971,1789096944972
4957,2026-09-11T03:22:26.607Z,research,Extension,web.search,,,1789096945045,1789096946606
4962,2026-09-11T03:22:31.661Z,research,AgentMessage,,,,1789096949626,1789096951661
4966,2026-09-11T03:22:48.422Z,research,Extension,web.search,,,1789096966882,1789096968421
4969,2026-09-11T03:22:48.828Z,research,CommandExecution,,completed,0,1789096965816,1789096968828
4974,2026-09-11T03:23:18.396Z,research,CommandExecution,,completed,0,1789096998394,1789096998395
4975,2026-09-11T03:23:19.728Z,research,Extension,web.search,,,1789096998392,1789096999727
4982,2026-09-11T03:23:42.681Z,research,ImageView,,,,1789097022680,1789097022680
4983,2026-09-11T03:23:42.733Z,research,ImageView,,,,1789097022732,1789097022733
4984,2026-09-11T03:23:44.175Z,research,Extension,web.search,,,1789097022807,1789097024174
4991,2026-09-11T03:23:55.276Z,research,Extension,web.search,,,1789097033755,1789097035275
4992,2026-09-11T03:23:55.358Z,research,CommandExecution,,completed,0,1789097035357,1789097035358
4999,2026-09-11T03:24:18.919Z,research,CommandExecution,,completed,0,1789097058918,1789097058919
5000,2026-09-11T03:24:20.408Z,research,Extension,web.search,,,1789097058990,1789097060407
5005,2026-09-11T03:24:26.974Z,research,AgentMessage,,,,1789097064961,1789097066974
5009,2026-09-11T03:24:38.703Z,research,CommandExecution,,completed,0,1789097075015,1789097078703
5010,2026-09-11T03:24:38.929Z,research,Extension,web.search,,,1789097076082,1789097078929
5017,2026-09-11T03:24:49.142Z,research,CommandExecution,,completed,0,1789097088284,1789097089142
5023,2026-09-11T03:24:59.135Z,research,ImageView,,,,1789097099134,1789097099135
5025,2026-09-11T03:25:01.612Z,research,CommandExecution,,completed,0,1789097099351,1789097101612
5026,2026-09-11T03:25:01.809Z,research,Extension,web.search,,,1789097100419,1789097101808
5033,2026-09-11T03:25:29.037Z,research,CommandExecution,,completed,0,1789097129036,1789097129037
5034,2026-09-11T03:25:30.421Z,research,Extension,web.search,,,1789097129114,1789097130420
5040,2026-09-11T03:26:09.578Z,research,FileChange,,completed,,1789097169577,1789097169578
5044,2026-09-11T03:26:11.886Z,research,CommandExecution,,completed,0,1789097169775,1789097171886
5049,2026-09-11T03:26:37.289Z,research,CommandExecution,,completed,0,1789097197288,1789097197289
5054,2026-09-11T03:27:51.256Z,research,CommandExecution,,completed,0,1789096487254,1789097271256
5056,2026-09-11T03:28:07.254Z,research,FileChange,,completed,,1789097287252,1789097287254
5063,2026-09-11T03:28:37.325Z,research,CommandExecution,,completed,0,1789097317323,1789097317324
5064,2026-09-11T03:28:37.347Z,research,FileChange,,completed,,1789097317345,1789097317347
5071,2026-09-11T03:29:23.319Z,research,CommandExecution,,completed,0,1789097363317,1789097363319
5073,2026-09-11T03:29:23.344Z,research,FileChange,,completed,,1789097363343,1789097363344
5076,2026-09-11T03:29:30.430Z,research,CommandExecution,,completed,0,1789097363538,1789097370430
5081,2026-09-11T03:29:59.648Z,research,AgentMessage,,,,1789097397869,1789097399648
5084,2026-09-11T03:30:25.857Z,research,FileChange,,completed,,1789097425856,1789097425857
5086,2026-09-11T03:30:26.163Z,research,CommandExecution,,completed,0,1789097426051,1789097426163
5092,2026-09-11T03:31:08.841Z,research,CommandExecution,,completed,0,1789097468839,1789097468840
5094,2026-09-11T03:31:08.867Z,research,FileChange,,completed,,1789097468863,1789097468867
5101,2026-09-11T03:31:50.054Z,research,CommandExecution,,completed,0,1789097509999,1789097510054
5108,2026-09-11T03:31:57.461Z,research,CommandExecution,,completed,0,1789097517460,1789097517460
5109,2026-09-11T03:31:58.731Z,research,Extension,web.search,,,1789097517531,1789097518730
5116,2026-09-11T03:32:25.087Z,research,AgentMessage,,,,1789097543065,1789097545087
5120,2026-09-11T03:32:42.398Z,research,CommandExecution,,failed,1,1789097317547,1789097562398
5121,2026-09-11T03:32:42.412Z,research,CommandExecution,,completed,0,1789097562411,1789097562411
5122,2026-09-11T03:32:42.492Z,research,CommandExecution,,completed,0,1789097562490,1789097562491
5123,2026-09-11T03:32:42.514Z,research,FileChange,,completed,,1789097562509,1789097562514
5126,2026-09-11T03:33:02.528Z,research,CommandExecution,,completed,0,1789097562711,1789097582528
5130,2026-09-11T03:33:49.348Z,research,FileChange,,completed,,1789097629346,1789097629348
5132,2026-09-11T03:33:49.473Z,research,CommandExecution,,completed,0,1789097629473,1789097629473
5139,2026-09-11T03:34:52.261Z,research,CommandExecution,,completed,0,1789097692260,1789097692261
5142,2026-09-11T03:34:59.753Z,research,CommandExecution,,completed,0,1789097692458,1789097699753
5147,2026-09-11T03:35:04.707Z,research,CommandExecution,,completed,0,1789097704612,1789097704706
5156,2026-09-11T03:35:52.587Z,research,Extension,web.search,,,1789097751297,1789097752587
5163,2026-09-11T03:36:06.023Z,research,Extension,web.search,,,1789097764551,1789097766022
5164,2026-09-11T03:36:06.105Z,research,CommandExecution,,completed,0,1789097766104,1789097766105
5173,2026-09-11T03:36:47.782Z,research,Extension,web.search,,,1789097806436,1789097807781
5174,2026-09-11T03:36:49.299Z,research,Extension,web.search,,,1789097807857,1789097809299
5181,2026-09-11T03:37:00.407Z,research,Extension,web.search,,,1789097818780,1789097820406
5182,2026-09-11T03:37:00.917Z,research,CommandExecution,,completed,0,1789097820603,1789097820917
5189,2026-09-11T03:37:17.148Z,research,CommandExecution,,completed,0,1789097837147,1789097837148
5190,2026-09-11T03:37:18.620Z,research,Extension,web.search,,,1789097837223,1789097838620
5195,2026-09-11T03:37:24.108Z,research,AgentMessage,,,,1789097841714,1789097844108
5199,2026-09-11T03:37:28.222Z,research,Extension,web.search,,,1789097846896,1789097848221
5200,2026-09-11T03:37:28.308Z,research,CommandExecution,,completed,0,1789097848306,1789097848307
5207,2026-09-11T03:37:37.916Z,research,CommandExecution,,failed,1,1789097857363,1789097857916
5208,2026-09-11T03:37:39.420Z,research,Extension,web.search,,,1789097857988,1789097859420
5215,2026-09-11T03:37:50.642Z,research,Extension,web.search,,,1789097867300,1789097870642
5222,2026-09-11T03:38:11.632Z,research,CommandExecution,,completed,0,1789097891256,1789097891632
5223,2026-09-11T03:38:11.718Z,research,CommandExecution,,completed,0,1789097891717,1789097891718
5230,2026-09-11T03:38:20.043Z,research,CommandExecution,,completed,0,1789097900041,1789097900042
5231,2026-09-11T03:38:21.404Z,research,Extension,web.search,,,1789097900109,1789097901403
5245,2026-09-11T03:40:01.682Z,research,FileChange,,completed,,1789098001681,1789098001682
5247,2026-09-11T03:40:01.835Z,research,CommandExecution,,completed,0,1789098001834,1789098001835
5252,2026-09-11T03:40:13.819Z,research,AgentMessage,,,,1789098012038,1789098013818
5262,2026-09-11T03:40:39.799Z,research,AgentMessage,,,,1789098038352,1789098039799
5266,2026-09-11T03:40:43.424Z,research,CommandExecution,,completed,0,1789098043372,1789098043424
5267,2026-09-11T03:40:44.595Z,research,Extension,web.search,,,1789098043284,1789098044594
5276,2026-09-11T03:45:08.204Z,research,ContextCompaction,,,,1789098044631,1789098308204
5279,2026-09-11T03:45:11.793Z,research,AgentMessage,,,,1789098310893,1789098311793
5283,2026-09-11T03:45:16.375Z,research,CommandExecution,,completed,0,1789098316374,1789098316375
5284,2026-09-11T03:45:16.398Z,research,CommandExecution,,completed,0,1789098316397,1789098316398
5289,2026-09-11T03:45:22.997Z,research,CommandExecution,,completed,0,1789098322997,1789098322997
5290,2026-09-11T03:45:23.018Z,research,CommandExecution,,completed,0,1789098323016,1789098323017
5291,2026-09-11T03:45:25.023Z,research,CommandExecution,,completed,0,1789098323069,1789098325023
5298,2026-09-11T03:45:35.137Z,research,CommandExecution,,completed,0,1789098335136,1789098335137
5299,2026-09-11T03:45:36.526Z,research,Extension,web.search,,,1789098335123,1789098336525
5304,2026-09-11T03:45:43.102Z,research,AgentMessage,,,,1789098341077,1789098343102
5308,2026-09-11T03:45:49.816Z,research,CommandExecution,,failed,1,1789098349815,1789098349815
5309,2026-09-11T03:45:51.090Z,research,Extension,web.search,,,1789098349735,1789098351089
5310,2026-09-11T03:45:51.252Z,research,Extension,web.search,,,1789098349650,1789098351251
5311,2026-09-11T03:45:51.384Z,research,Extension,web.search,,,1789098349684,1789098351383
5312,2026-09-11T03:45:51.998Z,research,Extension,web.search,,,1789098349797,1789098351998
5319,2026-09-11T03:46:04.318Z,research,CommandExecution,,completed,0,1789098364316,1789098364317
5320,2026-09-11T03:46:05.654Z,research,Extension,web.search,,,1789098364294,1789098365653
5329,2026-09-11T03:47:01.099Z,research,Extension,web.search,,,1789098419840,1789098421099
5330,2026-09-11T03:47:01.281Z,research,Extension,web.search,,,1789098419889,1789098421280
5331,2026-09-11T03:47:01.469Z,research,Extension,web.search,,,1789098419838,1789098421468
5338,2026-09-11T03:47:13.666Z,research,CommandExecution,,completed,0,1789098433664,1789098433665
5339,2026-09-11T03:47:14.954Z,research,Extension,web.search,,,1789098433685,1789098434953
5340,2026-09-11T03:47:15.057Z,research,Extension,web.search,,,1789098433685,1789098435056
5341,2026-09-11T03:47:15.227Z,research,Extension,web.search,,,1789098433687,1789098435227
5348,2026-09-11T03:47:23.867Z,research,CommandExecution,,completed,0,1789098443866,1789098443867
5349,2026-09-11T03:47:25.212Z,research,Extension,web.search,,,1789098443838,1789098445212
5356,2026-09-11T03:48:14.197Z,research,AgentMessage,,,,1789098491927,1789098494196
5364,2026-09-11T03:49:00.316Z,research,CommandExecution,,completed,0,1789098540315,1789098540316
5365,2026-09-11T03:49:01.594Z,research,Extension,web.search,,,1789098540293,1789098541594
5377,2026-09-11T03:50:13.820Z,research,CommandExecution,,completed,0,1789098613819,1789098613819
5379,2026-09-11T03:50:14.059Z,research,CommandExecution,,completed,0,1789098614015,1789098614059
5380,2026-09-11T03:50:15.083Z,research,Extension,web.search,,,1789098613831,1789098615083
5390,2026-09-11T03:52:02.414Z,research,FileChange,,completed,,1789098722413,1789098722414
5394,2026-09-11T03:52:07.704Z,research,CommandExecution,,completed,0,1789098722610,1789098727704
5399,2026-09-11T03:52:18.337Z,research,CommandExecution,,failed,1,1789098738336,1789098738336
5400,2026-09-11T03:52:18.472Z,research,CommandExecution,,failed,1,1789098738461,1789098738471
5407,2026-09-11T03:52:34.813Z,research,CommandExecution,,completed,0,1789098754812,1789098754812
5408,2026-09-11T03:52:34.832Z,research,FileChange,,completed,,1789098754829,1789098754832
5409,2026-09-11T03:52:35.228Z,research,CommandExecution,,completed,0,1789098755076,1789098755228
5413,2026-09-11T03:52:39.388Z,research,ImageView,,,,1789098759388,1789098759388
5415,2026-09-11T03:52:39.464Z,research,CommandExecution,,completed,0,1789098759463,1789098759464
5418,2026-09-11T03:52:42.000Z,research,CommandExecution,,completed,0,1789098755039,1789098762000
5425,2026-09-11T03:53:17.096Z,research,CommandExecution,,completed,0,1789098797095,1789098797095
5426,2026-09-11T03:53:17.578Z,research,CommandExecution,,completed,0,1789098797293,1789098797578
5433,2026-09-11T03:53:55.081Z,research,AgentMessage,,,,1789098833304,1789098835081
5436,2026-09-11T03:54:43.902Z,research,FileChange,,completed,,1789098883900,1789098883902
5440,2026-09-11T03:54:51.146Z,research,CommandExecution,,completed,0,1789098884097,1789098891146
5446,2026-09-11T03:55:42.071Z,research,FileChange,,completed,,1789098942070,1789098942071
5450,2026-09-11T03:55:45.658Z,research,CommandExecution,,completed,0,1789098942266,1789098945658
5451,2026-09-11T03:55:54.999Z,research,CommandExecution,,completed,0,1789098942302,1789098954999
5456,2026-09-11T03:56:12.431Z,research,CommandExecution,,completed,0,1789098972430,1789098972431
5457,2026-09-11T03:56:13.827Z,research,Extension,web.search,,,1789098972419,1789098973826
5482,2026-09-11T03:59:59.136Z,research,CommandExecution,,completed,0,1789099199135,1789099199136
5483,2026-09-11T03:59:59.158Z,research,FileChange,,completed,,1789099199154,1789099199157
5494,2026-09-11T04:01:14.563Z,research,AgentMessage,,,,1789099272614,1789099274563
5497,2026-09-11T04:02:06.921Z,research,FileChange,,completed,,1789099326918,1789099326921
5499,2026-09-11T04:02:07.162Z,research,CommandExecution,,completed,0,1789099327113,1789099327160
5500,2026-09-11T04:02:07.298Z,research,CommandExecution,,completed,0,1789099327296,1789099327297
5507,2026-09-11T04:02:29.115Z,research,CommandExecution,,completed,0,1789099349114,1789099349115
5508,2026-09-11T04:02:29.148Z,research,CommandExecution,,completed,0,1789099349147,1789099349148
5515,2026-09-11T04:02:45.845Z,research,CommandExecution,,completed,0,1789099365844,1789099365845
5520,2026-09-11T04:03:05.426Z,research,AgentMessage,,,,1789099383543,1789099385426
5528,2026-09-11T04:03:10.155Z,research,AgentMessage,,,,1789099388797,1789099390154
5532,2026-09-11T04:03:14.249Z,research,CommandExecution,,completed,0,1789099394248,1789099394248
5533,2026-09-11T04:03:14.368Z,research,CommandExecution,,completed,0,1789099394316,1789099394365
5542,2026-09-11T04:04:00.924Z,research,Extension,web.search,,,1789099439648,1789099440924
5543,2026-09-11T04:04:01.167Z,research,Extension,web.search,,,1789099439660,1789099441166
5544,2026-09-11T04:04:01.371Z,research,Extension,web.search,,,1789099439652,1789099441371
5551,2026-09-11T04:04:12.671Z,research,CommandExecution,,completed,0,1789099452669,1789099452671
5552,2026-09-11T04:04:14.023Z,research,Extension,web.search,,,1789099452686,1789099454022
5553,2026-09-11T04:04:14.199Z,research,Extension,web.search,,,1789099452639,1789099454199
5568,2026-09-11T04:05:53.081Z,research,Extension,web.search,,,1789099551747,1789099553081
5569,2026-09-11T04:05:53.277Z,research,Extension,web.search,,,1789099551748,1789099553277
5586,2026-09-11T04:07:59.082Z,research,AgentMessage,,,,1789099676987,1789099679082
5590,2026-09-11T04:08:04.888Z,research,CommandExecution,,completed,0,1789099683819,1789099684888
5591,2026-09-11T04:08:05.304Z,research,Extension,web.search,,,1789099683688,1789099685304
5599,2026-09-11T04:08:34.443Z,research,CommandExecution,,completed,0,1789099714441,1789099714442
5601,2026-09-11T04:08:35.825Z,research,Extension,web.search,,,1789099714422,1789099715824
5610,2026-09-11T04:09:07.725Z,research,CommandExecution,,completed,0,1789099747724,1789099747725
5611,2026-09-11T04:09:07.749Z,research,CommandExecution,,failed,1,1789099747748,1789099747749
5617,2026-09-11T04:09:16.825Z,research,CommandExecution,,completed,0,1789099756823,1789099756825
5619,2026-09-11T04:09:17.556Z,research,CommandExecution,,completed,0,1789099756967,1789099757556
5628,2026-09-11T04:09:45.133Z,research,CommandExecution,,completed,0,1789099785132,1789099785133
5629,2026-09-11T04:09:46.592Z,research,Extension,web.search,,,1789099785164,1789099786592
5635,2026-09-11T04:09:51.880Z,research,ImageView,,,,1789099791880,1789099791880
5636,2026-09-11T04:09:51.920Z,research,ImageView,,,,1789099791920,1789099791920
5645,2026-09-11T04:11:32.322Z,research,FileChange,,completed,,1789099892320,1789099892321
5647,2026-09-11T04:11:32.441Z,research,CommandExecution,,completed,0,1789099892441,1789099892441
5650,2026-09-11T04:11:34.405Z,research,CommandExecution,,completed,0,1789099892552,1789099894405
5657,2026-09-11T04:11:57.572Z,research,CommandExecution,,completed,0,1789099917571,1789099917572
5662,2026-09-11T04:12:04.421Z,research,AgentMessage,,,,1789099921745,1789099924421
5665,2026-09-11T04:13:59.868Z,research,FileChange,,completed,,1789100039866,1789100039868
5667,2026-09-11T04:14:00.136Z,research,CommandExecution,,completed,0,1789100040062,1789100040134
5682,2026-09-11T04:15:39.893Z,research,CommandExecution,,completed,0,1789100139892,1789100139893
5683,2026-09-11T04:15:41.246Z,research,Extension,web.search,,,1789100139884,1789100141246
5690,2026-09-11T04:15:53.527Z,research,CommandExecution,,completed,0,1789100153526,1789100153526
5691,2026-09-11T04:15:54.851Z,research,Extension,web.search,,,1789100153516,1789100154851
5692,2026-09-11T04:15:55.064Z,research,Extension,web.search,,,1789100153459,1789100155064
5701,2026-09-11T04:20:54.647Z,research,ContextCompaction,,,,1789100155094,1789100454647
5705,2026-09-11T04:21:05.571Z,research,AgentMessage,,,,1789100464729,1789100465571
5709,2026-09-11T04:21:11.067Z,research,CommandExecution,,completed,0,1789100471066,1789100471067
5710,2026-09-11T04:21:11.091Z,research,CommandExecution,,completed,0,1789100471091,1789100471091
5717,2026-09-11T04:21:21.890Z,research,CommandExecution,,completed,0,1789100481888,1789100481889
5718,2026-09-11T04:21:21.932Z,research,CommandExecution,,completed,0,1789100481929,1789100481931
5719,2026-09-11T04:21:23.958Z,research,CommandExecution,,completed,0,1789100481960,1789100483958
5726,2026-09-11T04:21:34.088Z,research,CommandExecution,,completed,0,1789100494041,1789100494088
5727,2026-09-11T04:21:34.311Z,research,CommandExecution,,completed,0,1789100494179,1789100494310
5728,2026-09-11T04:21:35.331Z,research,Extension,web.search,,,1789100494084,1789100495330
5735,2026-09-11T04:22:04.625Z,research,AgentMessage,,,,1789100522656,1789100524625
5739,2026-09-11T04:22:35.075Z,research,CommandExecution,,completed,0,1789100555074,1789100555075
5746,2026-09-11T04:22:49.923Z,research,CommandExecution,,completed,0,1789100569909,1789100569920
5747,2026-09-11T04:22:51.194Z,research,Extension,web.search,,,1789100569817,1789100571193
5754,2026-09-11T04:22:59.461Z,research,CommandExecution,,completed,0,1789100579104,1789100579461
5758,2026-09-11T04:23:03.420Z,research,ImageView,,,,1789100583420,1789100583420
5766,2026-09-11T04:23:25.481Z,research,CommandExecution,,completed,0,1789100605479,1789100605480
5776,2026-09-11T04:25:11.499Z,research,FileChange,,completed,,1789100711497,1789100711499
5782,2026-09-11T04:25:17.913Z,research,AgentMessage,,,,1789100715481,1789100717913
5785,2026-09-11T04:25:23.507Z,research,CommandExecution,,completed,0,1789100723506,1789100723507
5787,2026-09-11T04:25:24.773Z,research,Extension,web.search,,,1789100723464,1789100724772
5793,2026-09-11T04:26:13.705Z,research,FileChange,,completed,,1789100773703,1789100773705
5801,2026-09-11T04:26:43.881Z,research,CommandExecution,,completed,0,1789100803880,1789100803881
5802,2026-09-11T04:26:45.197Z,research,Extension,web.search,,,1789100803759,1789100805196
5809,2026-09-11T04:26:55.299Z,research,CommandExecution,,failed,1,1789100815298,1789100815299
5810,2026-09-11T04:26:55.637Z,research,CommandExecution,,completed,0,1789100815375,1789100815635
5811,2026-09-11T04:26:56.706Z,research,Extension,web.search,,,1789100815316,1789100816706
5820,2026-09-11T04:27:49.623Z,research,CommandExecution,,completed,0,1789100773899,1789100869623
5827,2026-09-11T04:28:32.545Z,research,CommandExecution,,completed,0,1789100912542,1789100912544
5828,2026-09-11T04:28:34.291Z,research,Extension,web.search,,,1789100912534,1789100914291
5839,2026-09-11T04:29:54.105Z,research,AgentMessage,,,,1789100992314,1789100994105
5843,2026-09-11T04:29:57.619Z,research,CommandExecution,,completed,0,1789100997584,1789100997619
5844,2026-09-11T04:29:59.393Z,research,Extension,web.search,,,1789100997454,1789100999392
5851,2026-09-11T04:30:30.267Z,research,CommandExecution,,completed,0,1789100775090,1789101030266
5854,2026-09-11T04:30:33.506Z,research,CommandExecution,,completed,0,1789101033505,1789101033505
5855,2026-09-11T04:30:35.009Z,research,Extension,web.search,,,1789101033463,1789101035008
5864,2026-09-11T04:31:10.673Z,research,CommandExecution,,completed,0,1789101070298,1789101070670
5865,2026-09-11T04:31:11.688Z,research,Extension,web.search,,,1789101070191,1789101071687
5878,2026-09-11T04:32:17.913Z,research,CommandExecution,,completed,0,1789101137759,1789101137910
5879,2026-09-11T04:32:19.063Z,research,Extension,web.search,,,1789101137641,1789101139063
5885,2026-09-11T04:33:04.664Z,research,FileChange,,completed,,1789101184663,1789101184664
5889,2026-09-11T04:33:06.765Z,research,CommandExecution,,completed,0,1789101184855,1789101186765
5892,2026-09-11T04:33:11.710Z,research,AgentMessage,,,,1789101189082,1789101191710
5896,2026-09-11T04:33:19.142Z,research,CommandExecution,,completed,0,1789101198885,1789101199141
5897,2026-09-11T04:33:20.173Z,research,Extension,web.search,,,1789101198801,1789101200173
5908,2026-09-11T04:34:01.858Z,research,ImageView,,,,1789101241856,1789101241858
5909,2026-09-11T04:34:01.951Z,research,CommandExecution,,completed,0,1789101241951,1789101241951
5919,2026-09-11T04:35:41.561Z,research,FileChange,,completed,,1789101341560,1789101341561
5923,2026-09-11T04:35:47.613Z,research,CommandExecution,,completed,0,1789101341755,1789101347613
5932,2026-09-11T04:36:28.849Z,research,CommandExecution,,completed,0,1789101388818,1789101388849
5933,2026-09-11T04:36:30.071Z,research,Extension,web.search,,,1789101388733,1789101390070
5939,2026-09-11T04:38:10.156Z,research,FileChange,,completed,,1789101490154,1789101490156
5947,2026-09-11T04:38:33.441Z,research,AgentMessage,,,,1789101511769,1789101513441
5950,2026-09-11T04:39:02.744Z,research,FileChange,,completed,,1789101542743,1789101542743
5952,2026-09-11T04:39:02.902Z,research,CommandExecution,,completed,0,1789101542902,1789101542902
5959,2026-09-11T04:39:52.457Z,research,CommandExecution,,completed,0,1789101592456,1789101592457
5975,2026-09-11T04:42:28.795Z,research,FileChange,,completed,,1789101748793,1789101748795
5983,2026-09-11T04:42:45.081Z,research,CommandExecution,,completed,0,1789101765079,1789101765080
5990,2026-09-11T04:43:02.142Z,research,CommandExecution,,completed,0,1789101782141,1789101782142
5993,2026-09-11T04:43:19.509Z,research,CommandExecution,,completed,0,1789101748991,1789101799509
6004,2026-09-11T04:44:14.873Z,research,CommandExecution,,completed,0,1789101854869,1789101854873
6005,2026-09-11T04:44:16.492Z,research,Extension,web.search,,,1789101854886,1789101856491
6012,2026-09-11T04:44:35.239Z,research,CommandExecution,,completed,0,1789101875028,1789101875238
6013,2026-09-11T04:44:36.268Z,research,Extension,web.search,,,1789101874944,1789101876268
6021,2026-09-11T04:45:59.322Z,research,FileChange,,completed,,1789101959320,1789101959321
6023,2026-09-11T04:45:59.617Z,research,CommandExecution,,completed,0,1789101959521,1789101959617
6028,2026-09-11T04:46:08.667Z,research,AgentMessage,,,,1789101966522,1789101968667
6032,2026-09-11T04:46:11.052Z,research,CommandExecution,,completed,0,1789101971052,1789101971052
6038,2026-09-11T04:46:20.257Z,research,FileChange,,completed,,1789101980255,1789101980257
6040,2026-09-11T04:46:20.533Z,research,CommandExecution,,completed,0,1789101980451,1789101980533
6049,2026-09-11T04:47:34.615Z,research,CommandExecution,,completed,0,1789102054569,1789102054612
6054,2026-09-11T04:47:47.229Z,research,AgentMessage,,,,1789102064777,1789102067229
6062,2026-09-11T04:47:51.727Z,research,AgentMessage,,,,1789102070400,1789102071727
6066,2026-09-11T04:47:54.884Z,research,CommandExecution,,completed,0,1789102074801,1789102074884
6079,2026-09-11T04:49:11.023Z,research,CommandExecution,,completed,0,1789102151021,1789102151022
6080,2026-09-11T04:49:12.649Z,research,Extension,web.search,,,1789102151027,1789102152648
6087,2026-09-11T04:49:36.852Z,research,Extension,web.search,,,1789102175514,1789102176851
6088,2026-09-11T04:49:37.092Z,research,Extension,web.search,,,1789102175520,1789102177091
6095,2026-09-11T04:49:43.349Z,research,Extension,web.search,,,1789102182014,1789102183348
6106,2026-09-11T04:50:46.342Z,research,AgentMessage,,,,1789102244302,1789102246342
6110,2026-09-11T04:50:50.475Z,research,CommandExecution,,completed,0,1789102250270,1789102250474
6111,2026-09-11T04:50:51.854Z,research,Extension,web.search,,,1789102250141,1789102251853
6128,2026-09-11T04:52:35.055Z,research,CommandExecution,,completed,0,1789102354683,1789102355054
6129,2026-09-11T04:52:35.937Z,research,Extension,web.search,,,1789102354598,1789102355936
6136,2026-09-11T04:52:59.408Z,research,Extension,web.search,,,1789102376616,1789102379407
6147,2026-09-11T04:53:52.917Z,research,CommandExecution,,completed,0,1789102432706,1789102432916
6148,2026-09-11T04:53:54.493Z,research,Extension,web.search,,,1789102432589,1789102434492
6157,2026-09-11T04:58:13.941Z,research,ContextCompaction,,,,1789102434525,1789102693941
6160,2026-09-11T04:58:17.928Z,research,AgentMessage,,,,1789102697068,1789102697928
6164,2026-09-11T04:58:21.353Z,research,CommandExecution,,completed,0,1789102701352,1789102701353
6169,2026-09-11T04:58:28.341Z,research,CommandExecution,,completed,0,1789102708338,1789102708340
6170,2026-09-11T04:58:28.408Z,research,CommandExecution,,completed,0,1789102708407,1789102708408
6171,2026-09-11T04:58:30.193Z,research,CommandExecution,,completed,0,1789102708406,1789102710192
6178,2026-09-11T04:58:43.725Z,research,ImageView,,,,1789102723688,1789102723720
6179,2026-09-11T04:58:43.735Z,research,CommandExecution,,completed,0,1789102723730,1789102723734
6180,2026-09-11T04:58:45.654Z,research,CommandExecution,,completed,0,1789102723870,1789102725654
6187,2026-09-11T04:58:57.035Z,research,CommandExecution,,completed,0,1789102737012,1789102737035
6188,2026-09-11T04:58:58.235Z,research,Extension,web.search,,,1789102736833,1789102738235
6189,2026-09-11T04:58:58.706Z,research,CommandExecution,,completed,0,1789102736922,1789102738706
6194,2026-09-11T04:59:04.431Z,research,AgentMessage,,,,1789102742530,1789102744431
6198,2026-09-11T04:59:14.024Z,research,CommandExecution,,completed,0,1789102753954,1789102754019
6199,2026-09-11T04:59:14.364Z,research,CommandExecution,,completed,0,1789102754166,1789102754361
6200,2026-09-11T04:59:15.442Z,research,Extension,web.search,,,1789102753978,1789102755441
6207,2026-09-11T04:59:39.346Z,research,CommandExecution,,completed,0,1789102779345,1789102779345
6208,2026-09-11T04:59:40.839Z,research,Extension,web.search,,,1789102779327,1789102780838
6215,2026-09-11T05:00:01.712Z,research,CommandExecution,,completed,0,1789102801710,1789102801711
6220,2026-09-11T05:00:17.140Z,research,AgentMessage,,,,1789102815433,1789102817140
6223,2026-09-11T05:01:24.955Z,research,FileChange,,completed,,1789102884952,1789102884954
6231,2026-09-11T05:01:40.797Z,research,CommandExecution,,completed,0,1789102899827,1789102900797
6232,2026-09-11T05:01:41.532Z,research,Extension,web.search,,,1789102899710,1789102901531
6235,2026-09-11T05:01:42.304Z,research,CommandExecution,,completed,0,1789102899842,1789102902304
6240,2026-09-11T05:01:58.708Z,research,CommandExecution,,completed,0,1789102918505,1789102918708
6247,2026-09-11T05:02:13.276Z,research,CommandExecution,,completed,0,1789102933274,1789102933276
6248,2026-09-11T05:02:15.180Z,research,CommandExecution,,completed,0,1789102933417,1789102935179
6255,2026-09-11T05:02:32.111Z,research,CommandExecution,,completed,0,1789102950313,1789102952111
6262,2026-09-11T05:02:43.950Z,research,CommandExecution,,completed,0,1789102963950,1789102963950
6263,2026-09-11T05:02:43.969Z,research,FileChange,,completed,,1789102963966,1789102963969
6266,2026-09-11T05:02:46.679Z,research,CommandExecution,,completed,0,1789102964167,1789102966679
6271,2026-09-11T05:02:58.611Z,research,CommandExecution,,completed,0,1789102977635,1789102978611
6279,2026-09-11T05:05:13.709Z,research,FileChange,,completed,,1789103113705,1789103113709
6287,2026-09-11T05:05:26.968Z,research,CommandExecution,,completed,0,1789103126923,1789103126968
6290,2026-09-11T05:05:30.521Z,research,CommandExecution,,completed,0,1789103126957,1789103130521
6297,2026-09-11T05:06:25.383Z,research,AgentMessage,,,,1789103183829,1789103185382
6300,2026-09-11T05:07:45.121Z,research,FileChange,,completed,,1789103265119,1789103265120
6307,2026-09-11T05:08:32.800Z,research,FileChange,,completed,,1789103312798,1789103312799
6309,2026-09-11T05:08:32.956Z,research,CommandExecution,,completed,0,1789103312955,1789103312956
6310,2026-09-11T05:08:33.069Z,research,CommandExecution,,completed,0,1789103313015,1789103313069
6316,2026-09-11T05:09:00.868Z,research,FileChange,,completed,,1789103340864,1789103340868
6318,2026-09-11T05:09:01.090Z,research,CommandExecution,,completed,0,1789103341061,1789103341090
6324,2026-09-11T05:10:07.322Z,research,FileChange,,completed,,1789103407318,1789103407322
6326,2026-09-11T05:10:07.444Z,research,CommandExecution,,completed,0,1789103407444,1789103407444
6333,2026-09-11T05:10:13.463Z,research,CommandExecution,,completed,0,1789103413462,1789103413463
6339,2026-09-11T05:10:54.545Z,research,FileChange,,completed,,1789103454536,1789103454545
6341,2026-09-11T05:10:54.728Z,research,CommandExecution,,completed,0,1789103454727,1789103454728
6346,2026-09-11T05:11:07.241Z,research,AgentMessage,,,,1789103465177,1789103467241
6354,2026-09-11T05:11:10.892Z,research,AgentMessage,,,,1789103469138,1789103470892
6358,2026-09-11T05:11:16.226Z,research,CommandExecution,,completed,0,1789103476176,1789103476226
6359,2026-09-11T05:11:17.973Z,research,Extension,web.search,,,1789103476308,1789103477972
6370,2026-09-11T05:12:12.502Z,research,CommandExecution,,completed,0,1789103532501,1789103532502
6371,2026-09-11T05:12:14.476Z,research,Extension,web.search,,,1789103532483,1789103534475
6378,2026-09-11T05:12:22.231Z,research,CommandExecution,,completed,0,1789103542231,1789103542231
6379,2026-09-11T05:12:23.623Z,research,Extension,web.search,,,1789103542219,1789103543622
6386,2026-09-11T05:12:31.627Z,research,CommandExecution,,completed,0,1789103551627,1789103551627
6387,2026-09-11T05:12:33.272Z,research,Extension,web.search,,,1789103551606,1789103553271
6404,2026-09-11T05:14:45.518Z,research,AgentMessage,,,,1789103683862,1789103685518
6408,2026-09-11T05:14:50.635Z,research,CommandExecution,,completed,0,1789103689774,1789103690633
6409,2026-09-11T05:14:51.148Z,research,Extension,web.search,,,1789103689659,1789103691147
6426,2026-09-11T05:16:44.005Z,research,CommandExecution,,completed,0,1789103803834,1789103804004
6427,2026-09-11T05:16:45.210Z,research,Extension,web.search,,,1789103803740,1789103805209
6434,2026-09-11T05:16:54.069Z,research,CommandExecution,,completed,0,1789103813815,1789103814069
6435,2026-09-11T05:16:54.104Z,research,ImageView,,,,1789103814104,1789103814104
6442,2026-09-11T05:17:11.918Z,research,CommandExecution,,failed,1,1789103831917,1789103831917
6443,2026-09-11T05:17:13.873Z,research,Extension,web.search,,,1789103831813,1789103833872
6458,2026-09-11T05:19:08.625Z,research,AgentMessage,,,,1789103946690,1789103948625
6462,2026-09-11T05:19:25.498Z,research,CommandExecution,,completed,0,1789103965497,1789103965498
6469,2026-09-11T05:19:32.969Z,research,CommandExecution,,completed,0,1789103972349,1789103972969
6470,2026-09-11T05:19:33.594Z,research,CommandExecution,,completed,0,1789103973573,1789103973593
6475,2026-09-11T05:19:59.630Z,research,CommandExecution,,completed,0,1789103972384,1789103999630
6480,2026-09-11T05:20:04.858Z,research,CommandExecution,,completed,0,1789104004858,1789104004858
6491,2026-09-11T05:20:50.640Z,research,CommandExecution,,completed,0,1789104050639,1789104050640
6492,2026-09-11T05:20:52.210Z,research,Extension,web.search,,,1789104050710,1789104052209
6501,2026-09-11T05:21:29.742Z,research,CommandExecution,,completed,0,1789104089742,1789104089742
6502,2026-09-11T05:21:31.768Z,research,CommandExecution,,completed,0,1789104089940,1789104091767
6510,2026-09-11T05:24:02.942Z,research,FileChange,,completed,,1789104242940,1789104242942
6512,2026-09-11T05:24:03.116Z,research,CommandExecution,,completed,0,1789104243116,1789104243116
6515,2026-09-11T05:24:05.493Z,research,CommandExecution,,completed,0,1789104243171,1789104245493
6519,2026-09-11T05:24:26.708Z,research,FileChange,,completed,,1789104266705,1789104266708
6523,2026-09-11T05:24:29.067Z,research,CommandExecution,,completed,0,1789104266907,1789104269067
6526,2026-09-11T05:24:33.316Z,research,AgentMessage,,,,1789104271030,1789104273315
6529,2026-09-11T05:24:37.145Z,research,CommandExecution,,completed,0,1789104277144,1789104277145
6533,2026-09-11T05:24:53.833Z,research,CommandExecution,,completed,0,1789104266941,1789104293833
6538,2026-09-11T05:25:04.950Z,research,CommandExecution,,completed,0,1789104304949,1789104304949
6546,2026-09-11T05:27:04.640Z,research,FileChange,,completed,,1789104424637,1789104424639
6547,2026-09-11T05:27:04.721Z,research,CommandExecution,,completed,0,1789104424719,1789104424721
6559,2026-09-11T05:27:57.515Z,research,CommandExecution,,completed,0,1789104477472,1789104477515
6564,2026-09-11T05:28:05.952Z,research,AgentMessage,,,,1789104483422,1789104485952
6567,2026-09-11T05:28:58.795Z,research,FileChange,,completed,,1789104538793,1789104538795
6569,2026-09-11T05:28:59.644Z,research,CommandExecution,,completed,0,1789104538987,1789104539644
6576,2026-09-11T05:30:03.976Z,research,FileChange,,completed,,1789104603975,1789104603976
6577,2026-09-11T05:30:03.994Z,research,FileChange,,completed,,1789104603992,1789104603994
6580,2026-09-11T05:30:04.746Z,research,CommandExecution,,completed,0,1789104602964,1789104604746
6585,2026-09-11T05:30:14.390Z,research,CommandExecution,,completed,0,1789104614357,1789104614389
6591,2026-09-11T05:30:46.106Z,research,CommandExecution,,completed,0,1789104646104,1789104646106
6593,2026-09-11T05:30:46.142Z,research,FileChange,,completed,,1789104646133,1789104646142
6599,2026-09-11T05:31:34.975Z,research,FileChange,,completed,,1789104694974,1789104694975
6601,2026-09-11T05:31:35.689Z,research,CommandExecution,,completed,0,1789104695175,1789104695689
6624,2026-09-11T05:33:47.432Z,research,AgentMessage,,,,1789104824619,1789104827432
6627,2026-09-11T05:34:25.245Z,research,FileChange,,completed,,1789104865239,1789104865245
6629,2026-09-11T05:34:26.187Z,research,CommandExecution,,completed,0,1789104865446,1789104866187
6637,2026-09-11T05:35:46.355Z,research,FileChange,,completed,,1789104946348,1789104946355
6639,2026-09-11T05:35:47.196Z,research,CommandExecution,,completed,0,1789104946560,1789104947196
6640,2026-09-11T05:35:47.525Z,research,CommandExecution,,completed,0,1789104947396,1789104947525
6654,2026-09-11T05:37:24.359Z,research,CommandExecution,,completed,0,1789105044357,1789105044358
6662,2026-09-11T05:38:07.160Z,research,AgentMessage,,,,1789105085403,1789105087160
6665,2026-09-11T05:38:10.727Z,research,FileChange,,completed,,1789105090724,1789105090727
6667,2026-09-11T05:38:11.663Z,research,CommandExecution,,completed,0,1789105090924,1789105091663
6672,2026-09-11T05:38:16.822Z,research,AgentMessage,,,,1789105093982,1789105096822
6682,2026-09-11T05:38:24.770Z,research,AgentMessage,,,,1789105103158,1789105104770
6686,2026-09-11T05:38:29.192Z,research,CommandExecution,,completed,0,1789105108469,1789105109191
6687,2026-09-11T05:38:29.283Z,research,CommandExecution,,completed,0,1789105109282,1789105109283
6693,2026-09-11T05:38:37.085Z,research,CommandExecution,,completed,0,1789105117083,1789105117084
6695,2026-09-11T05:38:37.170Z,research,CommandExecution,,completed,0,1789105117170,1789105117170
6704,2026-09-11T05:39:22.682Z,research,CommandExecution,,completed,0,1789105162681,1789105162682
6730,2026-09-11T05:43:14.430Z,research,CommandExecution,,completed,0,1789105394426,1789105394429
6732,2026-09-11T05:43:14.516Z,research,CommandExecution,,completed,0,1789105394515,1789105394516
6733,2026-09-11T05:43:18.097Z,research,Extension,web.search,,,1789105394456,1789105398096
6736,2026-09-11T05:44:58.134Z,research,CommandExecution,,completed,0,1789104303810,1789105498134
6743,2026-09-11T06:04:21.107Z,research,ContextCompaction,,,,1789105398140,1789106661107
6746,2026-09-11T06:04:28.177Z,research,AgentMessage,,,,1789106667180,1789106668176
6750,2026-09-11T06:04:31.980Z,research,CommandExecution,,completed,0,1789106671980,1789106671980
6755,2026-09-11T06:04:40.665Z,research,CommandExecution,,completed,0,1789106680615,1789106680665
6756,2026-09-11T06:04:40.668Z,research,CommandExecution,,completed,0,1789106680649,1789106680665
6757,2026-09-11T06:04:40.685Z,research,CommandExecution,,completed,0,1789106680681,1789106680685
6758,2026-09-11T06:04:40.694Z,research,CommandExecution,,completed,0,1789106680693,1789106680694
6763,2026-09-11T06:05:02.548Z,research,AgentMessage,,,,1789106700777,1789106702548
6767,2026-09-11T06:05:05.940Z,research,CommandExecution,,completed,0,1789106705931,1789106705933
6768,2026-09-11T06:05:05.970Z,research,CommandExecution,,failed,1,1789106705970,1789106705970
6769,2026-09-11T06:05:06.021Z,research,CommandExecution,,completed,0,1789106705984,1789106706021
6770,2026-09-11T06:05:06.595Z,research,CommandExecution,,completed,0,1789106706088,1789106706595
6775,2026-09-11T06:05:13.448Z,research,CommandExecution,,completed,0,1789106713446,1789106713448
6776,2026-09-11T06:05:14.894Z,research,Extension,web.search,,,1789106713512,1789106714893
6783,2026-09-11T06:05:54.388Z,research,CommandExecution,,completed,0,1789106754362,1789106754388
6790,2026-09-11T06:06:03.884Z,research,CommandExecution,,completed,0,1789106763880,1789106763882
6791,2026-09-11T06:06:06.616Z,research,Extension,web.search,,,1789106763959,1789106766615
6800,2026-09-11T06:07:12.244Z,research,AgentMessage,,,,1789106831079,1789106832244
6804,2026-09-11T06:07:18.309Z,research,Extension,web.search,,,1789106836851,1789106838309
6805,2026-09-11T06:07:18.444Z,research,CommandExecution,,completed,0,1789106838442,1789106838443
6818,2026-09-11T06:08:55.179Z,research,Extension,web.search,,,1789106933844,1789106935179
6819,2026-09-11T06:08:55.654Z,research,CommandExecution,,completed,0,1789106935384,1789106935653
6826,2026-09-11T06:09:16.613Z,research,ImageView,,,,1789106956612,1789106956612
6827,2026-09-11T06:09:18.183Z,research,Extension,web.search,,,1789106956681,1789106958183
6828,2026-09-11T06:09:18.265Z,research,CommandExecution,,completed,0,1789106958265,1789106958265
6837,2026-09-11T06:10:14.205Z,research,AgentMessage,,,,1789107010860,1789107014205
6841,2026-09-11T06:10:17.147Z,research,Extension,web.search,,,1789107015736,1789107017147
6842,2026-09-11T06:10:17.233Z,research,CommandExecution,,completed,0,1789107017232,1789107017233
6847,2026-09-11T06:10:26.659Z,research,Extension,web.search,,,1789107024625,1789107026659
6848,2026-09-11T06:10:26.738Z,research,CommandExecution,,completed,0,1789107026737,1789107026737
6855,2026-09-11T06:12:28.040Z,research,FileChange,,completed,,1789107148038,1789107148040
6862,2026-09-11T06:12:39.551Z,research,Extension,web.search,,,1789107157947,1789107159550
6865,2026-09-11T06:12:41.343Z,research,CommandExecution,,completed,0,1789107158076,1789107161343
6868,2026-09-11T06:12:46.076Z,research,CommandExecution,,completed,0,1789107158063,1789107166076
6871,2026-09-11T06:12:48.700Z,research,CommandExecution,,completed,0,1789107168699,1789107168700
6872,2026-09-11T06:12:49.209Z,research,CommandExecution,,completed,0,1789107168805,1789107169208
6879,2026-09-11T06:13:13.799Z,research,Extension,web.search,,,1789107192137,1789107193798
6880,2026-09-11T06:13:13.880Z,research,CommandExecution,,completed,0,1789107193879,1789107193880
6886,2026-09-11T06:14:23.623Z,research,FileChange,,completed,,1789107263618,1789107263623
6890,2026-09-11T06:14:27.018Z,research,CommandExecution,,completed,0,1789107263837,1789107267018
6895,2026-09-11T06:14:41.100Z,research,CommandExecution,,completed,0,1789107281099,1789107281100
6896,2026-09-11T06:14:41.945Z,research,CommandExecution,,completed,0,1789107281225,1789107281945
6901,2026-09-11T06:14:57.204Z,research,AgentMessage,,,,1789107294121,1789107297203
6905,2026-09-11T06:15:45.431Z,research,CommandExecution,,failed,1,1789107345429,1789107345430
6912,2026-09-11T06:15:55.709Z,research,CommandExecution,,completed,0,1789107355708,1789107355709
6913,2026-09-11T06:15:55.865Z,research,CommandExecution,,completed,0,1789107355864,1789107355864
6929,2026-09-11T06:18:27.804Z,research,FileChange,,completed,,1789107507799,1789107507804
6933,2026-09-11T06:18:29.557Z,research,CommandExecution,,completed,0,1789107508006,1789107509557
6938,2026-09-11T06:18:57.604Z,research,CommandExecution,,completed,0,1789107537603,1789107537604
6939,2026-09-11T06:18:57.746Z,research,CommandExecution,,completed,0,1789107537745,1789107537746
6950,2026-09-11T06:19:52.041Z,research,CommandExecution,,completed,0,1789107590125,1789107592041
6955,2026-09-11T06:20:08.075Z,research,CommandExecution,,completed,0,1789107608074,1789107608075
6958,2026-09-11T06:20:10.142Z,research,CommandExecution,,completed,0,1789107608272,1789107610142
6959,2026-09-11T06:20:10.254Z,research,CommandExecution,,completed,0,1789107608400,1789107610254
6960,2026-09-11T06:20:18.061Z,research,CommandExecution,,completed,0,1789107608302,1789107618061
6961,2026-09-11T06:20:18.154Z,research,CommandExecution,,completed,0,1789107608327,1789107618154
6962,2026-09-11T06:20:18.211Z,research,CommandExecution,,completed,0,1789107608361,1789107618211
6967,2026-09-11T06:20:40.763Z,research,AgentMessage,,,,1789107638510,1789107640763
6971,2026-09-11T06:20:50.821Z,research,CommandExecution,,completed,0,1789107650821,1789107650821
6974,2026-09-11T06:20:53.673Z,research,CommandExecution,,completed,0,1789107649740,1789107653673
6982,2026-09-11T06:22:27.305Z,research,FileChange,,completed,,1789107747304,1789107747305
6986,2026-09-11T06:22:29.412Z,research,CommandExecution,,completed,0,1789107747501,1789107749412
6991,2026-09-11T06:22:57.610Z,research,CommandExecution,,completed,0,1789107777609,1789107777610
6992,2026-09-11T06:22:57.744Z,research,CommandExecution,,completed,0,1789107777743,1789107777744
7002,2026-09-11T06:24:58.351Z,research,FileChange,,completed,,1789107898349,1789107898351
7004,2026-09-11T06:24:58.520Z,research,CommandExecution,,completed,0,1789107898518,1789107898519
7011,2026-09-11T06:25:23.309Z,research,CommandExecution,,completed,0,1789107922596,1789107923309
7018,2026-09-11T06:26:20.596Z,research,FileChange,,completed,,1789107980595,1789107980596
7019,2026-09-11T06:26:20.788Z,research,CommandExecution,,completed,0,1789107980787,1789107980788
7024,2026-09-11T06:26:30.886Z,research,AgentMessage,,,,1789107987850,1789107990885
7034,2026-09-11T06:26:38.993Z,research,AgentMessage,,,,1789107997222,1789107998993
7038,2026-09-11T06:26:44.390Z,research,CommandExecution,,completed,0,1789108004389,1789108004389
7039,2026-09-11T06:26:44.435Z,research,CommandExecution,,completed,0,1789108004434,1789108004435
7058,2026-09-11T06:29:34.717Z,research,Extension,web.search,,,1789108172851,1789108174716
7059,2026-09-11T06:29:34.846Z,research,CommandExecution,,completed,0,1789108174845,1789108174845
7070,2026-09-11T06:30:52.900Z,research,CommandExecution,,completed,0,1789108252899,1789108252899
7071,2026-09-11T06:30:54.264Z,research,Extension,web.search,,,1789108252965,1789108254264
7078,2026-09-11T06:31:46.373Z,research,AgentMessage,,,,1789108304384,1789108306373
7082,2026-09-11T06:31:51.500Z,research,Extension,web.search,,,1789108309502,1789108311499
7083,2026-09-11T06:31:51.585Z,research,CommandExecution,,completed,0,1789108311584,1789108311585
7092,2026-09-11T06:32:56.559Z,research,CommandExecution,,failed,1,1789104539022,1789108376559
7095,2026-09-11T06:32:57.054Z,research,CommandExecution,,failed,1,1789108377053,1789108377054
7096,2026-09-11T06:32:58.825Z,research,Extension,web.search,,,1789108377121,1789108378824
7109,2026-09-11T06:34:04.808Z,research,Extension,web.search,,,1789108442493,1789108444808
7110,2026-09-11T06:34:04.896Z,research,CommandExecution,,failed,2,1789108444895,1789108444896
7113,2026-09-11T06:34:10.466Z,research,CommandExecution,,completed,0,1789108418174,1789108450466
7116,2026-09-11T06:34:13.913Z,research,AgentMessage,,,,1789108450902,1789108453913
7119,2026-09-11T06:34:18.810Z,research,FileChange,,completed,,1789108458807,1789108458810
7121,2026-09-11T06:34:20.474Z,research,Extension,web.search,,,1789108458877,1789108460473
7128,2026-09-11T06:34:45.187Z,research,Extension,web.search,,,1789108482965,1789108485187
7129,2026-09-11T06:34:45.600Z,research,CommandExecution,,completed,0,1789108485387,1789108485600
7142,2026-09-11T06:36:31.606Z,research,CommandExecution,,completed,0,1789108591566,1789108591606
7159,2026-09-11T06:38:54.724Z,research,Extension,web.search,,,1789108733233,1789108734723
7160,2026-09-11T06:38:55.430Z,research,CommandExecution,,completed,0,1789108734921,1789108735430
7173,2026-09-11T06:40:19.940Z,research,Extension,web.search,,,1789108818420,1789108819939
7174,2026-09-11T06:40:20.755Z,research,CommandExecution,,completed,0,1789108820140,1789108820755
7181,2026-09-11T06:40:36.536Z,research,Extension,web.search,,,1789108835060,1789108836535
7182,2026-09-11T06:40:36.575Z,research,ImageView,,,,1789108836575,1789108836575
7183,2026-09-11T06:40:36.618Z,research,ImageView,,,,1789108836618,1789108836618
7190,2026-09-11T06:40:47.881Z,research,CommandExecution,,failed,22,1789108847880,1789108847880
7197,2026-09-11T06:40:58.376Z,research,Extension,web.search,,,1789108857045,1789108858375
7198,2026-09-11T06:40:58.467Z,research,CommandExecution,,completed,0,1789108858466,1789108858466
7205,2026-09-11T06:41:12.140Z,research,Extension,web.search,,,1789108870583,1789108872140
7206,2026-09-11T06:41:12.749Z,research,CommandExecution,,completed,0,1789108872337,1789108872748
7213,2026-09-11T06:41:27.442Z,research,Extension,web.search,,,1789108886169,1789108887442
7214,2026-09-11T06:41:28.261Z,research,CommandExecution,,completed,0,1789108887637,1789108888261
7223,2026-09-11T06:42:18.521Z,research,AgentMessage,,,,1789108935652,1789108938521
7227,2026-09-11T06:43:22.813Z,research,FileChange,,completed,,1789109002805,1789109002810
7236,2026-09-11T06:48:31.313Z,research,ContextCompaction,,,,1789109002835,1789109311313
7239,2026-09-11T06:48:37.061Z,research,AgentMessage,,,,1789109315723,1789109317061
7243,2026-09-11T06:48:44.250Z,research,CommandExecution,,completed,0,1789109324248,1789109324249
7244,2026-09-11T06:48:44.285Z,research,CommandExecution,,completed,0,1789109324285,1789109324285
7249,2026-09-11T06:48:56.081Z,research,CommandExecution,,completed,0,1789109336043,1789109336080
7250,2026-09-11T06:48:56.100Z,research,CommandExecution,,completed,0,1789109336043,1789109336081
7251,2026-09-11T06:48:56.108Z,research,CommandExecution,,completed,0,1789109336072,1789109336082
7252,2026-09-11T06:48:58.732Z,research,CommandExecution,,completed,0,1789109336228,1789109338732
7257,2026-09-11T06:49:09.390Z,research,AgentMessage,,,,1789109347694,1789109349390
7261,2026-09-11T06:49:13.009Z,research,CommandExecution,,completed,0,1789109353009,1789109353009
7262,2026-09-11T06:49:14.750Z,research,CommandExecution,,completed,0,1789109353065,1789109354750
7269,2026-09-11T06:49:49.159Z,research,CommandExecution,,completed,0,1789109389158,1789109389159
7270,2026-09-11T06:49:49.179Z,research,FileChange,,completed,,1789109389176,1789109389179
7275,2026-09-11T06:50:33.433Z,research,CommandExecution,,completed,0,1789109433432,1789109433433
7282,2026-09-11T06:50:45.347Z,research,CommandExecution,,completed,0,1789109445345,1789109445347
7289,2026-09-11T06:51:01.667Z,research,CommandExecution,,completed,0,1789109461664,1789109461666
7290,2026-09-11T06:51:03.377Z,research,Extension,web.search,,,1789109461670,1789109463376
7297,2026-09-11T06:52:03.208Z,research,AgentMessage,,,,1789109520885,1789109523208
7301,2026-09-11T06:52:07.560Z,research,CommandExecution,,completed,0,1789109527559,1789109527560
7302,2026-09-11T06:52:08.980Z,research,Extension,web.search,,,1789109527557,1789109528979
7313,2026-09-11T06:53:23.350Z,research,Extension,web.search,,,1789109601247,1789109603350
7314,2026-09-11T06:53:24.993Z,research,Extension,web.search,,,1789109603416,1789109604992
7315,2026-09-11T06:53:26.423Z,research,Extension,web.search,,,1789109605062,1789109606423
7322,2026-09-11T06:53:48.772Z,research,CommandExecution,,completed,0,1789109628770,1789109628771
7323,2026-09-11T06:53:50.244Z,research,Extension,web.search,,,1789109628844,1789109630243
7340,2026-09-11T06:56:08.514Z,research,CommandExecution,,completed,0,1789109768513,1789109768514
7341,2026-09-11T06:56:10.084Z,research,Extension,web.search,,,1789109768579,1789109770083
7352,2026-09-11T06:57:36.566Z,research,AgentMessage,,,,1789109855069,1789109856566
7356,2026-09-11T06:57:42.024Z,research,CommandExecution,,completed,0,1789109861740,1789109862023
7357,2026-09-11T06:57:43.699Z,research,Extension,web.search,,,1789109861649,1789109863698
7358,2026-09-11T06:57:43.742Z,research,ImageView,,,,1789109863741,1789109863741
7375,2026-09-11T06:59:33.632Z,research,Extension,web.search,,,1789109971973,1789109973631
7376,2026-09-11T06:59:33.894Z,research,CommandExecution,,completed,0,1789109973832,1789109973894
7391,2026-09-11T07:01:00.196Z,research,Extension,web.search,,,1789110058405,1789110060196
7392,2026-09-11T07:01:02.213Z,research,CommandExecution,,completed,0,1789110060391,1789110062212
7398,2026-09-11T07:02:18.380Z,research,FileChange,,completed,,1789110138378,1789110138380
7402,2026-09-11T07:02:20.581Z,research,CommandExecution,,completed,0,1789110138580,1789110140581
7405,2026-09-11T07:02:38.354Z,research,AgentMessage,,,,1789110157667,1789110158354
7409,2026-09-11T07:04:17.270Z,research,FileChange,,completed,,1789110257268,1789110257270
7416,2026-09-11T07:04:41.586Z,research,Extension,web.search,,,1789110280189,1789110281585
7417,2026-09-11T07:04:42.456Z,research,CommandExecution,,completed,0,1789110281784,1789110282456
7424,2026-09-11T07:05:44.177Z,research,CommandExecution,,completed,0,1789110344176,1789110344177
7431,2026-09-11T07:05:57.527Z,research,CommandExecution,,completed,0,1789110357526,1789110357527
7436,2026-09-11T07:06:11.531Z,research,AgentMessage,,,,1789110370288,1789110371531
7440,2026-09-11T07:06:15.242Z,research,CommandExecution,,completed,0,1789110375241,1789110375242
7446,2026-09-11T07:07:08.542Z,research,FileChange,,completed,,1789110428541,1789110428542
7448,2026-09-11T07:07:09.818Z,research,CommandExecution,,completed,0,1789110429818,1789110429818
7455,2026-09-11T07:07:18.740Z,research,CommandExecution,,completed,0,1789110438739,1789110438739
7462,2026-09-11T07:07:46.546Z,research,CommandExecution,,completed,0,1789110466545,1789110466546
7467,2026-09-11T07:07:57.934Z,research,AgentMessage,,,,1789110472180,1789110477934
7469,2026-09-11T07:08:03.181Z,research,CommandExecution,,completed,0,1789110428741,1789110483181
7473,2026-09-11T07:08:16.735Z,research,FileChange,,completed,,1789110496732,1789110496734
7475,2026-09-11T07:08:17.586Z,research,CommandExecution,,completed,0,1789110496926,1789110497586
7482,2026-09-11T07:09:05.858Z,research,CommandExecution,,completed,0,1789110545857,1789110545858
7487,2026-09-11T07:09:17.298Z,research,AgentMessage,,,,1789110553996,1789110557298
7495,2026-09-11T07:09:24.568Z,research,AgentMessage,,,,1789110563584,1789110564568
7498,2026-09-11T07:09:31.682Z,research,CommandExecution,,completed,0,1789110571680,1789110571682
7500,2026-09-11T07:09:32.551Z,research,CommandExecution,,completed,0,1789110571884,1789110572551
7515,2026-09-11T07:11:33.351Z,research,CommandExecution,,completed,0,1789110693347,1789110693349
7516,2026-09-11T07:11:34.741Z,research,Extension,web.search,,,1789110693360,1789110694740
7523,2026-09-11T07:11:46.306Z,research,Extension,web.search,,,1789110704387,1789110706306
7524,2026-09-11T07:11:46.385Z,research,CommandExecution,,completed,0,1789110706384,1789110706385
7533,2026-09-11T07:12:48.287Z,research,AgentMessage,,,,1789110766697,1789110768287
7537,2026-09-11T07:12:54.076Z,research,Extension,web.search,,,1789110772578,1789110774075
7538,2026-09-11T07:12:54.177Z,research,CommandExecution,,completed,0,1789110774176,1789110774177
7545,2026-09-11T07:13:03.782Z,research,Extension,web.search,,,1789110782237,1789110783782
7552,2026-09-11T07:13:10.855Z,research,Extension,web.search,,,1789110789485,1789110790854
7559,2026-09-11T07:13:20.030Z,research,Extension,web.search,,,1789110798686,1789110800030
7566,2026-09-11T07:13:30.390Z,research,Extension,web.search,,,1789110808733,1789110810390
7567,2026-09-11T07:13:30.467Z,research,CommandExecution,,completed,0,1789110810466,1789110810467
7578,2026-09-11T07:14:38.603Z,research,Extension,web.search,,,1789110877216,1789110878602
7579,2026-09-11T07:14:39.185Z,research,CommandExecution,,completed,0,1789110878801,1789110879185
7586,2026-09-11T07:15:02.717Z,research,Extension,web.search,,,1789110901262,1789110902716
7595,2026-09-11T07:19:56.159Z,research,ContextCompaction,,,,1789110902743,1789111196159
7598,2026-09-11T07:20:01.388Z,research,AgentMessage,,,,1789111200389,1789111201388
7602,2026-09-11T07:20:06.765Z,research,CommandExecution,,completed,0,1789111206765,1789111206765
7607,2026-09-11T07:20:15.586Z,research,CommandExecution,,completed,0,1789111215584,1789111215585
7608,2026-09-11T07:20:15.598Z,research,CommandExecution,,completed,0,1789111215597,1789111215598
7609,2026-09-11T07:20:15.623Z,research,CommandExecution,,completed,0,1789111215622,1789111215623
7616,2026-09-11T07:20:32.389Z,research,Extension,web.search,,,1789111230753,1789111232388
7617,2026-09-11T07:20:32.740Z,research,CommandExecution,,completed,0,1789111230844,1789111232740
7622,2026-09-11T07:20:40.573Z,research,ImageView,,,,1789111240573,1789111240573
7627,2026-09-11T07:20:47.346Z,research,AgentMessage,,,,1789111244970,1789111247346
7631,2026-09-11T07:20:52.156Z,research,Extension,web.search,,,1789111250683,1789111252156
7638,2026-09-11T07:21:21.855Z,research,CommandExecution,,completed,0,1789111281854,1789111281855
7639,2026-09-11T07:21:21.878Z,research,FileChange,,completed,,1789111281874,1789111281877
7652,2026-09-11T07:22:47.863Z,research,Extension,web.search,,,1789111366292,1789111367863
7653,2026-09-11T07:22:47.952Z,research,CommandExecution,,completed,0,1789111367951,1789111367951
7662,2026-09-11T07:24:00.991Z,research,AgentMessage,,,,1789111440010,1789111440991
7666,2026-09-11T07:24:18.632Z,research,CommandExecution,,completed,0,1789111458630,1789111458631
7667,2026-09-11T07:24:18.657Z,research,FileChange,,completed,,1789111458654,1789111458657
7668,2026-09-11T07:24:18.760Z,research,CommandExecution,,completed,0,1789111458759,1789111458760
7677,2026-09-11T07:25:04.783Z,research,Extension,web.search,,,1789111502421,1789111504783
7684,2026-09-11T07:25:15.403Z,research,Extension,web.search,,,1789111513943,1789111515402
7685,2026-09-11T07:25:15.501Z,research,CommandExecution,,failed,2,1789111515500,1789111515500
7692,2026-09-11T07:25:24.451Z,research,Extension,web.search,,,1789111522871,1789111524450
7693,2026-09-11T07:25:24.534Z,research,CommandExecution,,completed,0,1789111524533,1789111524533
7700,2026-09-11T07:25:39.008Z,research,Extension,web.search,,,1789111537298,1789111539008
7713,2026-09-11T07:27:14.787Z,research,Extension,web.search,,,1789111633374,1789111634786
7714,2026-09-11T07:27:14.873Z,research,CommandExecution,,completed,0,1789111634872,1789111634872
7729,2026-09-11T07:28:51.231Z,research,CommandExecution,,completed,0,1789111731230,1789111731231
7730,2026-09-11T07:28:53.232Z,research,Extension,web.search,,,1789111731297,1789111733231
7735,2026-09-11T07:28:59.417Z,research,AgentMessage,,,,1789111737045,1789111739417
7739,2026-09-11T07:29:11.288Z,research,Extension,web.search,,,1789111748878,1789111751287
7740,2026-09-11T07:29:11.522Z,research,CommandExecution,,completed,0,1789111751484,1789111751521
7747,2026-09-11T07:29:27.599Z,research,CommandExecution,,completed,0,1789111767597,1789111767598
7748,2026-09-11T07:29:28.282Z,research,CommandExecution,,completed,0,1789111767733,1789111768280
7749,2026-09-11T07:29:28.911Z,research,Extension,web.search,,,1789111767608,1789111768910
7755,2026-09-11T07:29:46.428Z,research,CommandExecution,,completed,0,1789111786426,1789111786427
7756,2026-09-11T07:29:46.468Z,research,ImageView,,,,1789111786468,1789111786468
7764,2026-09-11T07:29:54.371Z,research,CommandExecution,,completed,0,1789111794370,1789111794371
7771,2026-09-11T07:30:32.580Z,research,FileChange,,completed,,1789111832574,1789111832579
7782,2026-09-11T07:31:16.508Z,research,Extension,web.search,,,1789111875096,1789111876507
7789,2026-09-11T07:31:24.888Z,research,Extension,web.search,,,1789111883235,1789111884887
7800,2026-09-11T07:32:17.885Z,research,CommandExecution,,completed,0,1789111937885,1789111937885
7811,2026-09-11T07:33:41.423Z,research,AgentMessage,,,,1789112019434,1789112021423
7814,2026-09-11T07:34:30.396Z,research,FileChange,,completed,,1789112070392,1789112070396
7822,2026-09-11T07:35:41.095Z,research,FileChange,,completed,,1789112141094,1789112141095
7823,2026-09-11T07:35:41.289Z,research,CommandExecution,,failed,1,1789112141287,1789112141288
7829,2026-09-11T07:35:57.753Z,research,CommandExecution,,completed,0,1789112157751,1789112157752
7836,2026-09-11T07:36:11.186Z,research,FileChange,,completed,,1789112171182,1789112171186
7838,2026-09-11T07:36:11.906Z,research,CommandExecution,,completed,0,1789112171384,1789112171906
7847,2026-09-11T07:36:45.450Z,research,CommandExecution,,completed,0,1789112205449,1789112205450
7850,2026-09-11T07:36:47.539Z,research,CommandExecution,,completed,0,1789112205650,1789112207539
7855,2026-09-11T07:37:02.641Z,research,CommandExecution,,completed,0,1789112222639,1789112222640
7864,2026-09-11T07:37:46.705Z,research,Extension,web.search,,,1789112265266,1789112266704
7865,2026-09-11T07:37:46.782Z,research,CommandExecution,,completed,0,1789112266781,1789112266781
7878,2026-09-11T07:39:28.246Z,research,AgentMessage,,,,1789112365756,1789112368245
7882,2026-09-11T07:39:34.070Z,research,Extension,web.search,,,1789112371907,1789112374069
7883,2026-09-11T07:39:34.520Z,research,CommandExecution,,completed,0,1789112374268,1789112374520
7900,2026-09-11T07:41:39.240Z,research,CommandExecution,,completed,0,1789112496624,1789112499240
7901,2026-09-11T07:41:39.373Z,research,Extension,web.search,,,1789112496489,1789112499372
7902,2026-09-11T07:41:39.411Z,research,ImageView,,,,1789112499411,1789112499411
7909,2026-09-11T07:41:57.068Z,research,CommandExecution,,completed,0,1789112516797,1789112517065
7910,2026-09-11T07:41:58.189Z,research,Extension,web.search,,,1789112516713,1789112518189
7919,2026-09-11T07:45:42.118Z,research,ContextCompaction,,,,1789112518220,1789112742118
7922,2026-09-11T07:45:50.027Z,research,CommandExecution,,completed,0,1789112750027,1789112750027
7927,2026-09-11T07:45:54.932Z,research,AgentMessage,,,,1789112752827,1789112754932
7931,2026-09-11T07:46:02.045Z,research,CommandExecution,,completed,0,1789112762043,1789112762045
7932,2026-09-11T07:46:02.050Z,research,CommandExecution,,completed,0,1789112762046,1789112762050
7933,2026-09-11T07:46:02.062Z,research,CommandExecution,,failed,2,1789112762061,1789112762062
7934,2026-09-11T07:46:02.081Z,research,CommandExecution,,completed,0,1789112762080,1789112762080
7940,2026-09-11T07:46:14.643Z,research,CommandExecution,,completed,0,1789112774641,1789112774642
7942,2026-09-11T07:46:16.387Z,research,Extension,web.search,,,1789112774734,1789112776387
7948,2026-09-11T07:48:00.505Z,research,FileChange,,completed,,1789112880500,1789112880505
7956,2026-09-11T07:48:12.952Z,research,CommandExecution,,completed,0,1789112892835,1789112892948
7957,2026-09-11T07:48:12.956Z,research,CommandExecution,,completed,0,1789112892869,1789112892952
7958,2026-09-11T07:48:12.959Z,research,CommandExecution,,completed,0,1789112892869,1789112892953
7959,2026-09-11T07:48:12.971Z,research,CommandExecution,,completed,0,1789112892954,1789112892965
7960,2026-09-11T07:48:13.126Z,research,CommandExecution,,completed,0,1789112893096,1789112893126
7961,2026-09-11T07:48:13.492Z,research,CommandExecution,,completed,0,1789112893030,1789112893492
7966,2026-09-11T07:48:39.410Z,research,AgentMessage,,,,1789112917891,1789112919410
7969,2026-09-11T07:50:22.654Z,research,FileChange,,completed,,1789113022652,1789113022654
7976,2026-09-11T07:50:38.834Z,research,CommandExecution,,completed,0,1789113038832,1789113038834
7978,2026-09-11T07:50:38.907Z,research,CommandExecution,,completed,0,1789113038907,1789113038907
7981,2026-09-11T07:50:40.720Z,research,CommandExecution,,completed,0,1789113038935,1789113040720
7984,2026-09-11T07:50:42.524Z,research,CommandExecution,,completed,0,1789113038986,1789113042524
7987,2026-09-11T07:50:51.379Z,research,Extension,web.search,,,1789113049992,1789113051379
7988,2026-09-11T07:50:51.455Z,research,CommandExecution,,completed,0,1789113051455,1789113051455
7995,2026-09-11T07:51:00.565Z,research,Extension,web.search,,,1789113058933,1789113060565
7996,2026-09-11T07:51:00.649Z,research,CommandExecution,,completed,0,1789113060649,1789113060649
8003,2026-09-11T07:52:24.257Z,research,FileChange,,completed,,1789113144256,1789113144257
8010,2026-09-11T07:52:34.223Z,research,CommandExecution,,completed,0,1789113154171,1789113154219
8011,2026-09-11T07:52:34.227Z,research,CommandExecution,,completed,0,1789113154205,1789113154219
8012,2026-09-11T07:52:34.234Z,research,CommandExecution,,completed,0,1789113154222,1789113154231
8013,2026-09-11T07:52:34.246Z,research,CommandExecution,,completed,0,1789113154246,1789113154246
8018,2026-09-11T07:52:39.473Z,research,AgentMessage,,,,1789113157321,1789113159473
8021,2026-09-11T07:52:47.334Z,research,CommandExecution,,completed,0,1789113167333,1789113167334
8022,2026-09-11T07:52:47.425Z,research,CommandExecution,,completed,0,1789113167425,1789113167425
8024,2026-09-11T07:52:47.518Z,research,CommandExecution,,completed,0,1789113167518,1789113167518
8031,2026-09-11T07:52:59.923Z,research,CommandExecution,,completed,0,1789113179922,1789113179923
8032,2026-09-11T07:53:00.051Z,research,CommandExecution,,completed,0,1789113180050,1789113180051
8039,2026-09-11T07:53:51.363Z,research,CommandExecution,,completed,0,1789113231362,1789113231363
8040,2026-09-11T07:53:51.448Z,research,CommandExecution,,completed,0,1789113231447,1789113231447
8041,2026-09-11T07:53:51.534Z,research,CommandExecution,,completed,0,1789113231533,1789113231533
8042,2026-09-11T07:53:51.621Z,research,CommandExecution,,completed,0,1789113231620,1789113231620
8049,2026-09-11T07:54:23.202Z,research,CommandExecution,,completed,0,1789113263202,1789113263202
8050,2026-09-11T07:54:23.207Z,research,CommandExecution,,completed,0,1789113263203,1789113263206
8051,2026-09-11T07:54:23.235Z,research,CommandExecution,,completed,0,1789113263234,1789113263234
8058,2026-09-11T07:54:36.956Z,research,CommandExecution,,completed,0,1789113276912,1789113276956
8059,2026-09-11T07:54:36.961Z,research,CommandExecution,,completed,0,1789113276914,1789113276956
8060,2026-09-11T07:54:36.964Z,research,CommandExecution,,completed,0,1789113276945,1789113276957
8061,2026-09-11T07:54:36.974Z,research,CommandExecution,,completed,0,1789113276963,1789113276971
8062,2026-09-11T07:54:36.987Z,research,CommandExecution,,completed,0,1789113276986,1789113276987
8071,2026-09-11T07:55:27.596Z,research,Extension,web.search,,,1789113326150,1789113327595
8078,2026-09-11T07:55:46.453Z,research,CommandExecution,,completed,0,1789113345918,1789113346452
8079,2026-09-11T07:55:46.527Z,research,CommandExecution,,completed,0,1789113346525,1789113346526
8086,2026-09-11T07:55:53.244Z,research,CommandExecution,,completed,0,1789113353243,1789113353243
8087,2026-09-11T07:55:53.320Z,research,CommandExecution,,completed,0,1789113353318,1789113353319
8092,2026-09-11T07:55:58.601Z,research,CommandExecution,,completed,0,1789113358600,1789113358601
8105,2026-09-11T07:57:42.074Z,research,AgentMessage,,,,1789113458559,1789113462074
8108,2026-09-11T07:57:46.942Z,research,CommandExecution,,failed,2,1789113466902,1789113466942
8110,2026-09-11T07:57:46.954Z,research,CommandExecution,,completed,0,1789113466951,1789113466954
8111,2026-09-11T07:57:46.980Z,research,CommandExecution,,completed,0,1789113466979,1789113466979
8112,2026-09-11T07:57:48.727Z,research,Extension,web.search,,,1789113467040,1789113468727
8118,2026-09-11T07:57:56.934Z,research,CommandExecution,,completed,0,1789113476890,1789113476934
8119,2026-09-11T07:57:56.938Z,research,CommandExecution,,completed,0,1789113476919,1789113476935
8121,2026-09-11T07:57:56.950Z,research,CommandExecution,,completed,0,1789113476938,1789113476947
8122,2026-09-11T07:57:56.961Z,research,CommandExecution,,completed,0,1789113476960,1789113476961
8129,2026-09-11T07:58:06.384Z,research,CommandExecution,,completed,0,1789113486383,1789113486384
8130,2026-09-11T07:58:08.161Z,research,CommandExecution,,completed,0,1789113486578,1789113488161
8141,2026-09-11T07:59:43.826Z,research,CommandExecution,,completed,0,1789081527717,1789113583826
8146,2026-09-11T08:00:04.329Z,research,AgentMessage,,,,1789113602385,1789113604329
8150,2026-09-11T08:00:10.175Z,research,Extension,web.search,,,1789113608193,1789113610174
8151,2026-09-11T08:00:10.628Z,research,CommandExecution,,completed,0,1789113610374,1789113610628
8152,2026-09-11T08:00:10.664Z,research,ImageView,,,,1789113610664,1789113610664
8164,2026-09-11T08:02:18.821Z,research,FileChange,,completed,,1789113738819,1789113738821
8172,2026-09-11T08:02:32.370Z,research,CommandExecution,,completed,0,1789113752337,1789113752370
8173,2026-09-11T08:02:32.860Z,research,CommandExecution,,completed,0,1789113752402,1789113752860
8176,2026-09-11T08:02:34.064Z,research,CommandExecution,,completed,0,1789113752370,1789113754064
8181,2026-09-11T08:02:43.091Z,research,CommandExecution,,completed,0,1789113763089,1789113763090
8182,2026-09-11T08:02:43.118Z,research,CommandExecution,,completed,0,1789113763117,1789113763118
8192,2026-09-11T08:05:05.556Z,research,FileChange,,completed,,1789113905554,1789113905556
8200,2026-09-11T08:05:22.696Z,research,CommandExecution,,failed,2,1789113922695,1789113922696
8201,2026-09-11T08:05:23.082Z,research,CommandExecution,,completed,0,1789113922777,1789113923082
8204,2026-09-11T08:05:24.385Z,research,CommandExecution,,completed,0,1789113922739,1789113924385
8205,2026-09-11T08:05:24.777Z,research,CommandExecution,,completed,0,1789113922711,1789113924777
8208,2026-09-11T08:05:33.291Z,research,AgentMessage,,,,1789113931383,1789113933291
8211,2026-09-11T08:05:40.012Z,research,CommandExecution,,completed,0,1789113939933,1789113940012
8212,2026-09-11T08:05:40.016Z,research,CommandExecution,,completed,0,1789113939980,1789113940012
8214,2026-09-11T08:05:40.028Z,research,CommandExecution,,completed,0,1789113940015,1789113940025
8215,2026-09-11T08:05:40.043Z,research,CommandExecution,,completed,0,1789113940042,1789113940043
8224,2026-09-11T08:06:22.232Z,research,Extension,web.search,,,1789113980674,1789113982231
8225,2026-09-11T08:06:22.598Z,research,CommandExecution,,completed,0,1789113982428,1789113982598
8226,2026-09-11T08:06:22.632Z,research,ImageView,,,,1789113982632,1789113982632
8232,2026-09-11T08:07:18.771Z,research,FileChange,,completed,,1789114038767,1789114038771
8234,2026-09-11T08:07:19.090Z,research,CommandExecution,,completed,0,1789114038985,1789114039090
8243,2026-09-11T08:08:51.404Z,research,CommandExecution,,completed,0,1789114131403,1789114131404
8244,2026-09-11T08:08:51.494Z,research,CommandExecution,,completed,0,1789114131493,1789114131494
8245,2026-09-11T08:08:51.510Z,research,FileChange,,completed,,1789114131508,1789114131510
8252,2026-09-11T08:09:32.421Z,research,AgentMessage,,,,1789114170250,1789114172421
8256,2026-09-11T08:10:16.327Z,research,CommandExecution,,completed,0,1789114216326,1789114216327
8257,2026-09-11T08:10:16.410Z,research,CommandExecution,,completed,0,1789114216410,1789114216410
8258,2026-09-11T08:10:16.497Z,research,CommandExecution,,completed,0,1789114216496,1789114216497
8259,2026-09-11T08:10:16.590Z,research,CommandExecution,,completed,0,1789114216589,1789114216589
8260,2026-09-11T08:10:16.669Z,research,CommandExecution,,completed,0,1789114216667,1789114216668
8261,2026-09-11T08:10:16.745Z,research,CommandExecution,,completed,0,1789114216744,1789114216745
8270,2026-09-11T08:11:06.364Z,research,CommandExecution,,completed,0,1789114266363,1789114266364
8271,2026-09-11T08:11:06.439Z,research,CommandExecution,,completed,0,1789114266437,1789114266438
8274,2026-09-11T08:11:06.906Z,research,CommandExecution,,completed,0,1789114265286,1789114266906
8281,2026-09-11T08:11:49.312Z,research,CommandExecution,,completed,0,1789114309311,1789114309311
8282,2026-09-11T08:11:49.396Z,research,CommandExecution,,completed,0,1789114309395,1789114309396
8291,2026-09-11T08:12:45.615Z,research,AgentMessage,,,,1789114364153,1789114365615
8294,2026-09-11T08:13:54.105Z,research,FileChange,,completed,,1789114434104,1789114434105
8302,2026-09-11T08:14:14.654Z,research,CommandExecution,,completed,0,1789114454654,1789114454654
8303,2026-09-11T08:14:14.730Z,research,CommandExecution,,completed,0,1789114454729,1789114454730
8326,2026-09-11T08:17:28.694Z,research,CommandExecution,,completed,0,1789114648693,1789114648693
8327,2026-09-11T08:17:28.775Z,research,CommandExecution,,completed,0,1789114648773,1789114648774
8334,2026-09-11T08:17:46.809Z,research,Extension,web.search,,,1789114665214,1789114666808
8341,2026-09-11T08:17:58.385Z,research,CommandExecution,,completed,0,1789114678167,1789114678385
8342,2026-09-11T08:17:58.460Z,research,CommandExecution,,completed,0,1789114678459,1789114678460
8349,2026-09-11T08:18:08.351Z,research,CommandExecution,,completed,0,1789114688350,1789114688351
8350,2026-09-11T08:18:09.965Z,research,Extension,web.search,,,1789114688421,1789114689965
8357,2026-09-11T08:18:42.114Z,research,AgentMessage,,,,1789114720774,1789114722114
8360,2026-09-11T08:19:06.375Z,research,FileChange,,completed,,1789114746372,1789114746375
8361,2026-09-11T08:19:06.541Z,research,CommandExecution,,completed,0,1789114746505,1789114746541
8363,2026-09-11T08:19:06.575Z,research,CommandExecution,,completed,0,1789114746574,1789114746574
8364,2026-09-11T08:19:06.603Z,research,CommandExecution,,completed,0,1789114746572,1789114746602
8365,2026-09-11T08:19:07.149Z,research,CommandExecution,,completed,0,1789114746651,1789114747149
8372,2026-09-11T08:19:48.985Z,research,CommandExecution,,completed,0,1789114788924,1789114788985
8373,2026-09-11T08:19:49.070Z,research,CommandExecution,,completed,0,1789114789070,1789114789070
8374,2026-09-11T08:19:49.160Z,research,CommandExecution,,completed,0,1789114789160,1789114789160
8375,2026-09-11T08:19:49.261Z,research,CommandExecution,,completed,0,1789114789260,1789114789261
8380,2026-09-11T08:20:07.239Z,research,AgentMessage,,,,1789114803717,1789114807239
8388,2026-09-11T08:20:12.303Z,research,AgentMessage,,,,1789114811030,1789114812303
8391,2026-09-11T08:20:17.742Z,research,CommandExecution,,completed,0,1789114817730,1789114817742
8392,2026-09-11T08:20:17.748Z,research,CommandExecution,,completed,0,1789114817677,1789114817742
8394,2026-09-11T08:20:17.858Z,research,CommandExecution,,completed,0,1789114817820,1789114817858
8395,2026-09-11T08:20:18.387Z,research,CommandExecution,,completed,0,1789114817892,1789114818387
8413,2026-09-11T08:22:33.491Z,research,CommandExecution,,completed,0,1789114953474,1789114953490
8415,2026-09-11T08:22:33.516Z,research,CommandExecution,,completed,0,1789114953515,1789114953515
8416,2026-09-11T08:22:35.467Z,research,CommandExecution,,completed,0,1789114953603,1789114955467
8417,2026-09-11T08:22:36.466Z,research,Extension,web.search,,,1789114954677,1789114956465
8432,2026-09-11T08:23:31.624Z,research,Extension,web.search,,,1789115009771,1789115011624
8441,2026-09-11T08:27:43.733Z,research,ContextCompaction,,,,1789115011657,1789115263733
8444,2026-09-11T08:27:49.526Z,research,AgentMessage,,,,1789115268628,1789115269526
8448,2026-09-11T08:27:52.912Z,research,CommandExecution,,completed,0,1789115272912,1789115272912
8455,2026-09-11T08:28:04.237Z,research,CommandExecution,,completed,0,1789115284219,1789115284237
8456,2026-09-11T08:28:04.419Z,research,CommandExecution,,failed,1,1789115284353,1789115284419
8457,2026-09-11T08:28:05.700Z,research,Extension,web.search,,,1789115284260,1789115285699
8464,2026-09-11T08:28:15.339Z,research,CommandExecution,,completed,0,1789115295319,1789115295339
8465,2026-09-11T08:28:17.245Z,research,Extension,web.search,,,1789115295239,1789115297244
8470,2026-09-11T08:28:29.826Z,research,AgentMessage,,,,1789115300930,1789115309826
8474,2026-09-11T08:28:30.179Z,research,CommandExecution,,completed,0,1789115310178,1789115310179
8475,2026-09-11T08:28:31.509Z,research,Extension,web.search,,,1789115310139,1789115311508
8482,2026-09-11T08:28:49.058Z,research,CommandExecution,,completed,0,1789115329057,1789115329058
8483,2026-09-11T08:28:50.909Z,research,Extension,web.search,,,1789115329052,1789115330908
8490,2026-09-11T08:29:04.530Z,research,CommandExecution,,completed,0,1789115342716,1789115344529
8491,2026-09-11T08:29:04.972Z,research,CommandExecution,,completed,0,1789115344731,1789115344972
8492,2026-09-11T08:29:05.012Z,research,ImageView,,,,1789115345012,1789115345012
8499,2026-09-11T08:29:28.346Z,research,CommandExecution,,completed,0,1789115366473,1789115368346
8506,2026-09-11T08:30:11.812Z,research,FileChange,,completed,,1789115411811,1789115411812
8507,2026-09-11T08:30:13.082Z,research,CommandExecution,,completed,0,1789115413082,1789115413082
8514,2026-09-11T08:30:23.471Z,research,CommandExecution,,completed,0,1789115423469,1789115423471
8515,2026-09-11T08:30:24.517Z,research,CommandExecution,,failed,22,1789115423612,1789115424515
8522,2026-09-11T08:30:36.037Z,research,CommandExecution,,completed,0,1789115436036,1789115436037
8523,2026-09-11T08:30:37.622Z,research,Extension,web.search,,,1789115436108,1789115437622
8530,2026-09-11T08:30:52.101Z,research,CommandExecution,,failed,1,1789115412005,1789115452101
8531,2026-09-11T08:30:52.113Z,research,CommandExecution,,completed,0,1789115452112,1789115452113
8532,2026-09-11T08:30:52.131Z,research,FileChange,,completed,,1789115452127,1789115452130
8539,2026-09-11T08:31:09.957Z,research,CommandExecution,,completed,0,1789115468173,1789115469957
8546,2026-09-11T08:31:24.006Z,research,CommandExecution,,completed,0,1789115484005,1789115484006
8547,2026-09-11T08:31:25.437Z,research,Extension,web.search,,,1789115484074,1789115485437
8552,2026-09-11T08:31:45.479Z,research,AgentMessage,,,,1789115505328,1789115505479
8556,2026-09-11T08:31:47.618Z,research,CommandExecution,,completed,0,1789115505696,1789115507618
8567,2026-09-11T08:32:33.411Z,research,CommandExecution,,completed,0,1789115551621,1789115553411
8568,2026-09-11T08:32:33.495Z,research,CommandExecution,,completed,0,1789115553494,1789115553495
8577,2026-09-11T08:33:21.112Z,research,CommandExecution,,completed,0,1789115601111,1789115601112
8578,2026-09-11T08:33:22.809Z,research,Extension,web.search,,,1789115601133,1789115602809
8581,2026-09-11T08:33:23.414Z,research,CommandExecution,,completed,0,1789115601185,1789115603413
8588,2026-09-11T08:34:06.522Z,research,CommandExecution,,completed,0,1789115646521,1789115646521
8589,2026-09-11T08:34:08.160Z,research,Extension,web.search,,,1789115646592,1789115648160
8596,2026-09-11T08:34:33.099Z,research,CommandExecution,,completed,0,1789115673098,1789115673099
8597,2026-09-11T08:34:36.970Z,research,Extension,web.search,,,1789115673168,1789115676970
8604,2026-09-11T08:34:55.087Z,research,Extension,web.search,,,1789115690078,1789115695087
8605,2026-09-11T08:34:55.195Z,research,CommandExecution,,completed,0,1789115695194,1789115695194
8612,2026-09-11T08:35:09.623Z,research,CommandExecution,,completed,0,1789115709622,1789115709623
8613,2026-09-11T08:35:11.381Z,research,Extension,web.search,,,1789115709694,1789115711381
8616,2026-09-11T08:35:24.340Z,research,CommandExecution,,completed,0,1789108481900,1789115724340
8621,2026-09-11T08:36:54.440Z,research,FileChange,,completed,,1789115814438,1789115814439
8622,2026-09-11T08:36:54.524Z,research,CommandExecution,,failed,1,1789115814523,1789115814524
8627,2026-09-11T08:37:08.625Z,research,AgentMessage,,,,1789115826379,1789115828625
8637,2026-09-11T08:37:43.816Z,research,CommandExecution,,completed,0,1789115863815,1789115863815
8640,2026-09-11T08:37:57.241Z,research,CommandExecution,,failed,28,1789115847357,1789115877241
8645,2026-09-11T08:38:26.992Z,research,CommandExecution,,failed,2,1789115906992,1789115906992
8648,2026-09-11T08:38:28.058Z,research,CommandExecution,,completed,0,1789115905910,1789115908058
8659,2026-09-11T08:38:50.782Z,research,CommandExecution,,completed,0,1789115930780,1789115930781
8662,2026-09-11T08:38:55.195Z,research,CommandExecution,,completed,0,1789115846164,1789115935195
8666,2026-09-11T08:40:07.394Z,research,FileChange,,completed,,1789116007393,1789116007394
8670,2026-09-11T08:40:13.691Z,research,CommandExecution,,completed,0,1789116007588,1789116013690
8674,2026-09-11T08:40:21.147Z,research,CommandExecution,,completed,0,1789116021129,1789116021146
8676,2026-09-11T08:40:21.335Z,research,CommandExecution,,completed,0,1789116021260,1789116021335
8677,2026-09-11T08:40:22.816Z,research,Extension,web.search,,,1789116021171,1789116022816
8684,2026-09-11T08:40:34.927Z,research,CommandExecution,,completed,0,1789116034675,1789116034927
8691,2026-09-11T08:41:14.844Z,research,AgentMessage,,,,1789116073194,1789116074844
8694,2026-09-11T08:41:28.085Z,research,FileChange,,completed,,1789116088081,1789116088085
8696,2026-09-11T08:41:29.309Z,research,ImageView,,,,1789116089309,1789116089309
8699,2026-09-11T08:41:34.734Z,research,CommandExecution,,completed,0,1789116088279,1789116094734
8704,2026-09-11T08:42:41.989Z,research,CommandExecution,,completed,0,1789116161989,1789116161989
8705,2026-09-11T08:42:42.006Z,research,FileChange,,completed,,1789116162004,1789116162006
8706,2026-09-11T08:42:42.210Z,research,CommandExecution,,failed,1,1789116162210,1789116162210
8712,2026-09-11T08:43:06.342Z,research,FileChange,,completed,,1789116186339,1789116186342
8716,2026-09-11T08:43:08.485Z,research,CommandExecution,,completed,0,1789116186538,1789116188485
8721,2026-09-11T08:43:25.711Z,research,CommandExecution,,completed,0,1789116205709,1789116205711
8722,2026-09-11T08:43:27.219Z,research,Extension,web.search,,,1789116205735,1789116207218
8729,2026-09-11T08:43:42.003Z,research,CommandExecution,,completed,0,1789116221379,1789116222003
8730,2026-09-11T08:43:57.266Z,research,Extension,web.search,,,1789116221289,1789116237266
8737,2026-09-11T08:44:05.058Z,research,CommandExecution,,failed,1,1789116245056,1789116245057
8744,2026-09-11T08:44:12.741Z,research,CommandExecution,,completed,0,1789116252739,1789116252741
8750,2026-09-11T08:45:50.357Z,research,FileChange,,completed,,1789116350352,1789116350357
8758,2026-09-11T08:46:03.642Z,research,CommandExecution,,completed,0,1789116363641,1789116363642
8765,2026-09-11T08:46:18.032Z,research,CommandExecution,,completed,0,1789116378030,1789116378032
8766,2026-09-11T08:46:18.710Z,research,CommandExecution,,completed,0,1789116378232,1789116378709
8773,2026-09-11T08:46:37.346Z,research,CommandExecution,,completed,0,1789116397263,1789116397346
8782,2026-09-11T08:48:07.691Z,research,CommandExecution,,completed,0,1789116487690,1789116487690
8783,2026-09-11T08:48:07.842Z,research,CommandExecution,,completed,0,1789116487840,1789116487842
8788,2026-09-11T08:48:19.166Z,research,AgentMessage,,,,1789116497387,1789116499166
8792,2026-09-11T08:48:26.832Z,research,CommandExecution,,completed,0,1789116506730,1789116506832
8793,2026-09-11T08:48:26.944Z,research,CommandExecution,,completed,0,1789116506943,1789116506944
8802,2026-09-11T08:49:08.842Z,research,CommandExecution,,completed,0,1789116548841,1789116548842
8807,2026-09-11T08:49:17.421Z,research,AgentMessage,,,,1789116555378,1789116557421
8817,2026-09-11T08:49:26.985Z,research,AgentMessage,,,,1789116565651,1789116566985
8821,2026-09-11T08:49:32.824Z,research,CommandExecution,,completed,0,1789116572823,1789116572824
8822,2026-09-11T08:49:33.053Z,research,CommandExecution,,completed,0,1789116572951,1789116573053
8833,2026-09-11T08:50:43.304Z,research,CommandExecution,,completed,0,1789116643303,1789116643304
8834,2026-09-11T08:50:44.835Z,research,Extension,web.search,,,1789116643285,1789116644834
8841,2026-09-11T08:50:51.548Z,research,CommandExecution,,completed,0,1789116651547,1789116651548
8854,2026-09-11T08:52:37.325Z,research,AgentMessage,,,,1789116755830,1789116757325
8858,2026-09-11T08:52:39.906Z,research,CommandExecution,,completed,0,1789116759905,1789116759906
8867,2026-09-11T08:53:23.083Z,research,Extension,web.search,,,1789116801448,1789116803083
8882,2026-09-11T08:54:57.625Z,research,Extension,web.search,,,1789116896110,1789116897624
8883,2026-09-11T08:54:57.719Z,research,CommandExecution,,completed,0,1789116897718,1789116897719
8890,2026-09-11T08:55:09.341Z,research,Extension,web.search,,,1789116907758,1789116909340
8891,2026-09-11T08:55:09.437Z,research,CommandExecution,,completed,0,1789116909437,1789116909437
8898,2026-09-11T08:55:30.879Z,research,CommandExecution,,failed,1,1789116930878,1789116930879
8909,2026-09-11T08:56:38.801Z,research,CommandExecution,,completed,0,1789116998799,1789116998800
8910,2026-09-11T08:56:44.929Z,research,Extension,web.search,,,1789116998779,1789117004928
8913,2026-09-11T08:59:23.408Z,research,CommandExecution,,completed,0,1789115452326,1789117163408
8920,2026-09-11T09:03:31.720Z,research,ContextCompaction,,,,1789117004963,1789117411720
8923,2026-09-11T09:03:36.224Z,research,AgentMessage,,,,1789117415296,1789117416224
8927,2026-09-11T09:03:42.393Z,research,CommandExecution,,completed,0,1789117422391,1789117422392
8928,2026-09-11T09:03:42.490Z,research,CommandExecution,,completed,0,1789117422488,1789117422490
8933,2026-09-11T09:03:52.756Z,research,CommandExecution,,completed,0,1789117432752,1789117432755
8934,2026-09-11T09:03:52.802Z,research,CommandExecution,,completed,0,1789117432801,1789117432801
8935,2026-09-11T09:03:54.294Z,research,Extension,web.search,,,1789117432732,1789117434293
8942,2026-09-11T09:04:06.157Z,research,CommandExecution,,completed,0,1789117446156,1789117446157
8943,2026-09-11T09:04:07.644Z,research,Extension,web.search,,,1789117446109,1789117447644
8948,2026-09-11T09:04:20.705Z,research,AgentMessage,,,,1789117458471,1789117460705
8952,2026-09-11T09:04:31.235Z,research,CommandExecution,,completed,0,1789117471143,1789117471234
8953,2026-09-11T09:04:31.332Z,research,CommandExecution,,failed,22,1789117471106,1789117471332
8958,2026-09-11T09:04:58.844Z,research,Extension,web.search,,,1789117497304,1789117498843
8959,2026-09-11T09:04:58.864Z,research,FileChange,,completed,,1789117498862,1789117498864
8966,2026-09-11T09:05:09.072Z,research,Extension,web.search,,,1789117507017,1789117509072
8973,2026-09-11T09:05:28.312Z,research,CommandExecution,,completed,0,1789117528310,1789117528311
8974,2026-09-11T09:05:28.625Z,research,CommandExecution,,completed,0,1789117528311,1789117528625
8975,2026-09-11T09:05:29.914Z,research,Extension,web.search,,,1789117528235,1789117529914
8982,2026-09-11T09:05:38.149Z,research,CommandExecution,,completed,0,1789117538147,1789117538149
8985,2026-09-11T09:06:00.543Z,research,CommandExecution,,completed,0,1789117471177,1789117560543
8990,2026-09-11T09:06:05.595Z,research,Extension,web.search,,,1789117564115,1789117565595
8991,2026-09-11T09:06:05.694Z,research,CommandExecution,,completed,0,1789117565693,1789117565693
8996,2026-09-11T09:06:10.944Z,research,AgentMessage,,,,1789117568948,1789117570944
9002,2026-09-11T09:06:35.446Z,research,Extension,web.search,,,1789117593700,1789117595446
9003,2026-09-11T09:06:35.543Z,research,CommandExecution,,completed,0,1789117595542,1789117595542
9012,2026-09-11T09:07:16.623Z,research,Extension,web.search,,,1789117634686,1789117636622
9013,2026-09-11T09:07:16.714Z,research,CommandExecution,,completed,0,1789117636714,1789117636714
9022,2026-09-11T09:08:04.482Z,research,Extension,web.search,,,1789117682750,1789117684481
9023,2026-09-11T09:08:04.572Z,research,CommandExecution,,completed,0,1789117684571,1789117684572
9030,2026-09-11T09:08:37.967Z,research,AgentMessage,,,,1789117715560,1789117717967
9034,2026-09-11T09:08:42.906Z,research,CommandExecution,,completed,0,1789117722702,1789117722906
9035,2026-09-11T09:08:45.228Z,research,Extension,web.search,,,1789117722613,1789117725227
9038,2026-09-11T09:08:46.935Z,research,CommandExecution,,completed,0,1789117507148,1789117726935
9043,2026-09-11T09:08:58.357Z,research,Extension,web.search,,,1789117736810,1789117738357
9044,2026-09-11T09:08:58.388Z,research,ImageView,,,,1789117738388,1789117738388
9050,2026-09-11T09:09:59.317Z,research,FileChange,,completed,,1789117799316,1789117799317
9052,2026-09-11T09:10:00.665Z,research,CommandExecution,,completed,0,1789117799523,1789117800665
9059,2026-09-11T09:10:08.504Z,research,CommandExecution,,completed,0,1789117808502,1789117808503
9060,2026-09-11T09:10:08.615Z,research,CommandExecution,,completed,0,1789117808613,1789117808615
9067,2026-09-11T09:10:25.460Z,research,CommandExecution,,completed,0,1789117825459,1789117825460
9068,2026-09-11T09:10:25.605Z,research,CommandExecution,,completed,0,1789117825501,1789117825605
9069,2026-09-11T09:10:27.462Z,research,Extension,web.search,,,1789117825436,1789117827462
9076,2026-09-11T09:11:52.939Z,research,FileChange,,completed,,1789117912933,1789117912939
9081,2026-09-11T09:12:22.780Z,research,AgentMessage,,,,1789117936235,1789117942780
9085,2026-09-11T09:13:16.363Z,research,FileChange,,completed,,1789117996362,1789117996363
9086,2026-09-11T09:13:17.332Z,research,CommandExecution,,completed,0,1789117996557,1789117997332
9093,2026-09-11T09:13:43.282Z,research,CommandExecution,,completed,0,1789118023281,1789118023282
9100,2026-09-11T09:14:15.693Z,research,CommandExecution,,completed,0,1789118055625,1789118055693
9101,2026-09-11T09:14:16.125Z,research,CommandExecution,,completed,0,1789118055640,1789118056125
9102,2026-09-11T09:14:16.140Z,research,FileChange,,completed,,1789118056138,1789118056140
9108,2026-09-11T09:15:45.551Z,research,FileChange,,completed,,1789118145545,1789118145550
9110,2026-09-11T09:15:45.714Z,research,CommandExecution,,completed,0,1789118145713,1789118145714
9117,2026-09-11T09:16:10.588Z,research,CommandExecution,,completed,0,1789118170586,1789118170587
9118,2026-09-11T09:16:10.628Z,research,CommandExecution,,completed,0,1789118170628,1789118170628
9125,2026-09-11T09:16:33.847Z,research,CommandExecution,,completed,0,1789118193635,1789118193836
9132,2026-09-11T09:16:57.784Z,research,CommandExecution,,completed,0,1789118217328,1789118217784
9135,2026-09-11T09:17:04.422Z,research,AgentMessage,,,,1789118221705,1789118224421
9145,2026-09-11T09:17:16.398Z,research,AgentMessage,,,,1789118235277,1789118236397
9149,2026-09-11T09:17:20.699Z,research,CommandExecution,,completed,0,1789118240698,1789118240698
9150,2026-09-11T09:17:20.874Z,research,CommandExecution,,completed,0,1789118240752,1789118240873
9157,2026-09-11T09:17:33.835Z,research,CommandExecution,,completed,0,1789118253834,1789118253835
9158,2026-09-11T09:17:36.721Z,research,Extension,web.search,,,1789118253903,1789118256721
9165,2026-09-11T09:17:57.038Z,research,CommandExecution,,completed,0,1789118277036,1789118277037
9166,2026-09-11T09:17:58.896Z,research,Extension,web.search,,,1789118277109,1789118278896
9177,2026-09-11T09:19:25.533Z,research,AgentMessage,,,,1789118363899,1789118365533
9181,2026-09-11T09:19:34.049Z,research,Extension,web.search,,,1789118371971,1789118374048
9182,2026-09-11T09:19:34.141Z,research,CommandExecution,,failed,1,1789118374140,1789118374141
9189,2026-09-11T09:19:49.868Z,research,Extension,web.search,,,1789118388100,1789118389867
9190,2026-09-11T09:19:50.005Z,research,CommandExecution,,completed,0,1789118390004,1789118390004
9199,2026-09-11T09:20:34.220Z,research,CommandExecution,,completed,0,1789118434219,1789118434220
9200,2026-09-11T09:20:36.649Z,research,CommandExecution,,completed,0,1789118434278,1789118436649
9211,2026-09-11T09:21:53.492Z,research,CommandExecution,,completed,0,1789118513492,1789118513492
9212,2026-09-11T09:21:55.487Z,research,Extension,web.search,,,1789118513454,1789118515487
9219,2026-09-11T09:22:05.065Z,research,CommandExecution,,completed,0,1789118525064,1789118525064
9230,2026-09-11T09:23:24.651Z,research,Extension,web.search,,,1789118602875,1789118604650
9231,2026-09-11T09:23:24.782Z,research,CommandExecution,,completed,0,1789118604781,1789118604782
9256,2026-09-11T09:27:10.273Z,research,Extension,web.search,,,1789118828532,1789118830272
9257,2026-09-11T09:27:10.477Z,research,CommandExecution,,completed,0,1789118830476,1789118830477
9266,2026-09-11T09:30:42.536Z,research,ContextCompaction,,,,1789118830509,1789119042536
9269,2026-09-11T09:30:49.813Z,research,AgentMessage,,,,1789119048695,1789119049813
9273,2026-09-11T09:30:54.414Z,research,CommandExecution,,completed,0,1789119054413,1789119054414
9274,2026-09-11T09:30:54.434Z,research,CommandExecution,,completed,0,1789119054433,1789119054433
9279,2026-09-11T09:31:05.044Z,research,CommandExecution,,failed,1,1789119065042,1789119065044
9280,2026-09-11T09:31:05.902Z,research,CommandExecution,,completed,0,1789119065164,1789119065902
9281,2026-09-11T09:31:06.323Z,research,Extension,web.search,,,1789119065021,1789119066323
9288,2026-09-11T09:31:16.890Z,research,CommandExecution,,completed,0,1789119076887,1789119076889
9289,2026-09-11T09:31:18.323Z,research,Extension,web.search,,,1789119076804,1789119078323
9296,2026-09-11T09:31:25.941Z,research,Extension,web.search,,,1789119084645,1789119085941
9303,2026-09-11T09:31:41.302Z,research,CommandExecution,,failed,1,1789119101259,1789119101302
9308,2026-09-11T09:31:47.333Z,research,AgentMessage,,,,1789119105041,1789119107333
9312,2026-09-11T09:31:59.197Z,research,CommandExecution,,completed,0,1789119119195,1789119119196
9315,2026-09-11T09:32:02.244Z,research,CommandExecution,,completed,0,1789119119255,1789119122243
9320,2026-09-11T09:32:15.866Z,research,CommandExecution,,completed,0,1789119135864,1789119135865
9321,2026-09-11T09:32:17.456Z,research,Extension,web.search,,,1789119135875,1789119137456
9328,2026-09-11T09:32:54.668Z,research,Extension,web.search,,,1789119172675,1789119174667
9331,2026-09-11T09:32:55.094Z,research,CommandExecution,,completed,0,1789119172774,1789119175094
9336,2026-09-11T09:33:07.128Z,research,CommandExecution,,failed,1,1789119187127,1789119187128
9337,2026-09-11T09:33:08.650Z,research,Extension,web.search,,,1789119187110,1789119188650
9344,2026-09-11T09:33:20.319Z,research,CommandExecution,,completed,0,1789119200317,1789119200318
9345,2026-09-11T09:33:20.388Z,research,CommandExecution,,completed,0,1789119200387,1789119200387
9346,2026-09-11T09:33:21.740Z,research,Extension,web.search,,,1789119200329,1789119201739
9351,2026-09-11T09:33:56.142Z,research,AgentMessage,,,,1789119233490,1789119236142
9355,2026-09-11T09:34:02.079Z,research,CommandExecution,,completed,0,1789119242075,1789119242078
9356,2026-09-11T09:34:02.148Z,research,CommandExecution,,completed,0,1789119242148,1789119242148
9357,2026-09-11T09:34:04.162Z,research,Extension,web.search,,,1789119242080,1789119244162
9364,2026-09-11T09:34:15.209Z,research,Extension,web.search,,,1789119253722,1789119255208
9371,2026-09-11T09:34:34.622Z,research,CommandExecution,,completed,0,1789119274621,1789119274621
9372,2026-09-11T09:34:36.183Z,research,Extension,web.search,,,1789119274610,1789119276182
9379,2026-09-11T09:35:12.459Z,research,CommandExecution,,completed,0,1789119312459,1789119312459
9380,2026-09-11T09:35:13.861Z,research,Extension,web.search,,,1789119312436,1789119313860
9387,2026-09-11T09:35:28.418Z,research,Extension,web.search,,,1789119326254,1789119328418
9388,2026-09-11T09:35:28.540Z,research,CommandExecution,,completed,0,1789119328540,1789119328540
9395,2026-09-11T09:35:39.235Z,research,Extension,web.search,,,1789119337688,1789119339235
9402,2026-09-11T09:36:05.867Z,research,CommandExecution,,completed,0,1789119365866,1789119365867
9409,2026-09-11T09:37:20.252Z,research,CommandExecution,,completed,0,1789119440252,1789119440252
9410,2026-09-11T09:37:20.271Z,research,FileChange,,completed,,1789119440269,1789119440271
9417,2026-09-11T09:37:37.603Z,research,CommandExecution,,completed,0,1789119457602,1789119457602
9418,2026-09-11T09:37:38.550Z,research,CommandExecution,,completed,0,1789119457800,1789119458550
9419,2026-09-11T09:37:38.641Z,research,CommandExecution,,completed,0,1789119457836,1789119458640
9424,2026-09-11T09:37:52.622Z,research,AgentMessage,,,,1789119471494,1789119472622
9428,2026-09-11T09:37:59.033Z,research,CommandExecution,,completed,0,1789119478973,1789119479032
9429,2026-09-11T09:37:59.124Z,research,CommandExecution,,completed,0,1789119478903,1789119479123
9430,2026-09-11T09:37:59.156Z,research,CommandExecution,,completed,0,1789119478936,1789119479156
9434,2026-09-11T09:38:05.101Z,research,ImageView,,,,1789119485101,1789119485101
9435,2026-09-11T09:38:05.104Z,research,ImageView,,,,1789119485104,1789119485104
9445,2026-09-11T09:39:16.446Z,research,CommandExecution,,completed,0,1789119556444,1789119556445
9452,2026-09-11T09:39:25.468Z,research,CommandExecution,,completed,0,1789119565468,1789119565468
9459,2026-09-11T09:40:02.466Z,research,FileChange,,completed,,1789119602401,1789119602466
9472,2026-09-11T09:41:32.751Z,research,Extension,web.search,,,1789119689202,1789119692750
9473,2026-09-11T09:41:32.839Z,research,CommandExecution,,completed,0,1789119692838,1789119692838
9480,2026-09-11T09:41:38.485Z,research,CommandExecution,,completed,0,1789119698483,1789119698484
9493,2026-09-11T09:43:11.611Z,research,Extension,web.search,,,1789119789892,1789119791610
9500,2026-09-11T09:43:20.449Z,research,Extension,web.search,,,1789119798911,1789119800449
9501,2026-09-11T09:43:20.535Z,research,CommandExecution,,completed,0,1789119800534,1789119800535
9508,2026-09-11T09:43:34.414Z,research,Extension,web.search,,,1789119812829,1789119814414
9509,2026-09-11T09:43:35.162Z,research,CommandExecution,,completed,0,1789119814611,1789119815162
9515,2026-09-11T09:43:45.456Z,research,CommandExecution,,completed,0,1789119825454,1789119825456
9517,2026-09-11T09:43:48.905Z,research,Extension,web.search,,,1789119825529,1789119828904
9524,2026-09-11T09:44:26.948Z,research,CommandExecution,,completed,0,1789119866225,1789119866948
9525,2026-09-11T09:44:27.632Z,research,Extension,web.search,,,1789119866137,1789119867632
9532,2026-09-11T09:44:46.214Z,research,CommandExecution,,completed,0,1789119886213,1789119886214
9539,2026-09-11T09:45:06.182Z,research,Extension,web.search,,,1789119904341,1789119906181
9544,2026-09-11T09:45:11.563Z,research,AgentMessage,,,,1789119909533,1789119911563
9548,2026-09-11T09:45:20.046Z,research,Extension,web.search,,,1789119918350,1789119920046
9551,2026-09-11T09:45:21.345Z,research,CommandExecution,,completed,0,1789119920241,1789119921345
9558,2026-09-11T09:46:06.724Z,research,CommandExecution,,completed,0,1789119966723,1789119966723
9559,2026-09-11T09:46:08.349Z,research,Extension,web.search,,,1789119966727,1789119968349
9565,2026-09-11T09:46:15.585Z,research,CommandExecution,,completed,0,1789119975581,1789119975583
9567,2026-09-11T09:46:17.165Z,research,Extension,web.search,,,1789119975660,1789119977164
9576,2026-09-11T09:47:04.635Z,research,CommandExecution,,completed,0,1789120024580,1789120024635
9577,2026-09-11T09:47:06.357Z,research,Extension,web.search,,,1789120024453,1789120026357
9584,2026-09-11T09:47:16.268Z,research,CommandExecution,,completed,0,1789120034529,1789120036268
9585,2026-09-11T09:47:16.503Z,research,CommandExecution,,completed,0,1789120035724,1789120036503
9592,2026-09-11T09:48:24.592Z,research,CommandExecution,,completed,0,1789120104301,1789120104592
9593,2026-09-11T09:48:24.617Z,research,FileChange,,completed,,1789120104609,1789120104617
9599,2026-09-11T09:48:42.892Z,research,ImageView,,,,1789120122892,1789120122892
9601,2026-09-11T09:48:43.611Z,research,CommandExecution,,completed,0,1789120123102,1789120123610
9608,2026-09-11T09:48:51.103Z,research,CommandExecution,,completed,0,1789120131101,1789120131102
9614,2026-09-11T09:50:03.921Z,research,FileChange,,completed,,1789120203918,1789120203921
9616,2026-09-11T09:50:04.254Z,research,CommandExecution,,completed,0,1789120204119,1789120204254
9621,2026-09-11T09:50:14.309Z,research,AgentMessage,,,,1789120212441,1789120214309
9625,2026-09-11T09:50:20.246Z,research,CommandExecution,,completed,0,1789120220245,1789120220246
9626,2026-09-11T09:50:20.386Z,research,CommandExecution,,completed,0,1789120220385,1789120220385
9631,2026-09-11T09:50:33.100Z,research,AgentMessage,,,,1789120231500,1789120233100
9641,2026-09-11T09:51:07.237Z,research,AgentMessage,,,,1789120259967,1789120267237
9645,2026-09-11T09:51:17.405Z,research,CommandExecution,,failed,2,1789120277404,1789120277404
9646,2026-09-11T09:51:18.273Z,research,CommandExecution,,completed,0,1789120277471,1789120278273
9647,2026-09-11T09:51:19.788Z,research,Extension,web.search,,,1789120278342,1789120279788
9654,2026-09-11T09:51:32.117Z,research,Extension,web.search,,,1789120290012,1789120292116
9655,2026-09-11T09:51:32.205Z,research,CommandExecution,,completed,0,1789120292205,1789120292205
9666,2026-09-11T09:52:46.612Z,research,Extension,web.search,,,1789120364987,1789120366612
9667,2026-09-11T09:52:46.700Z,research,CommandExecution,,completed,0,1789120366699,1789120366699
9673,2026-09-11T09:54:15.325Z,research,FileChange,,completed,,1789120455324,1789120455325
9677,2026-09-11T09:54:17.271Z,research,CommandExecution,,completed,0,1789120455521,1789120457271
9682,2026-09-11T09:54:27.932Z,research,CommandExecution,,completed,0,1789120467663,1789120467932
9690,2026-09-11T09:55:11.120Z,research,FileChange,,completed,,1789120511117,1789120511120
9692,2026-09-11T09:55:12.384Z,research,CommandExecution,,completed,0,1789120512383,1789120512384
9700,2026-09-11T09:56:13.570Z,research,FileChange,,completed,,1789120573569,1789120573570
9701,2026-09-11T09:56:13.662Z,research,CommandExecution,,failed,1,1789120573660,1789120573662
9705,2026-09-11T09:56:15.818Z,research,CommandExecution,,completed,0,1789120573804,1789120575818
9716,2026-09-11T09:57:52.076Z,research,CommandExecution,,completed,0,1789120672075,1789120672076
9719,2026-09-11T09:57:54.120Z,research,CommandExecution,,completed,0,1789120672215,1789120674120
9728,2026-09-11T09:58:57.299Z,research,Extension,web.search,,,1789120735713,1789120737299
9739,2026-09-11T10:00:08.478Z,research,Extension,web.search,,,1789120806976,1789120808478
9742,2026-09-11T10:00:10.580Z,research,CommandExecution,,completed,0,1789120808675,1789120810580
9745,2026-09-11T10:00:19.241Z,research,AgentMessage,,,,1789120816958,1789120819240
9749,2026-09-11T10:00:25.499Z,research,Extension,web.search,,,1789120823809,1789120825499
9752,2026-09-11T10:01:20.571Z,research,CommandExecution,,completed,0,1789120511312,1789120880570
9759,2026-09-11T10:03:42.799Z,research,ContextCompaction,,,,1789120825532,1789121022799
9762,2026-09-11T10:03:47.397Z,research,AgentMessage,,,,1789121026498,1789121027397
9766,2026-09-11T10:03:51.573Z,research,CommandExecution,,completed,0,1789121031573,1789121031573
9771,2026-09-11T10:04:00.898Z,research,CommandExecution,,completed,0,1789121040896,1789121040897
9772,2026-09-11T10:04:00.908Z,research,CommandExecution,,failed,2,1789121040907,1789121040908
9779,2026-09-11T10:04:16.409Z,research,CommandExecution,,completed,0,1789121056386,1789121056406
9780,2026-09-11T10:04:16.421Z,research,CommandExecution,,completed,0,1789121056411,1789121056418
9781,2026-09-11T10:04:17.313Z,research,CommandExecution,,completed,0,1789121056553,1789121057313
9786,2026-09-11T10:04:26.466Z,research,AgentMessage,,,,1789121064995,1789121066466
9790,2026-09-11T10:04:31.169Z,research,CommandExecution,,completed,0,1789121071168,1789121071169
9791,2026-09-11T10:04:32.875Z,research,Extension,web.search,,,1789121071155,1789121072875
9797,2026-09-11T10:05:39.851Z,research,FileChange,,completed,,1789121139850,1789121139851
9803,2026-09-11T10:05:51.015Z,research,CommandExecution,,completed,0,1789121151014,1789121151015
9804,2026-09-11T10:05:52.696Z,research,Extension,web.search,,,1789121151041,1789121152696
9807,2026-09-11T10:05:53.167Z,research,CommandExecution,,completed,0,1789121151088,1789121153167
9812,2026-09-11T10:06:22.278Z,research,CommandExecution,,completed,0,1789121182080,1789121182278
9813,2026-09-11T10:06:23.430Z,research,Extension,web.search,,,1789121181957,1789121183428
9818,2026-09-11T10:06:29.191Z,research,AgentMessage,,,,1789121187516,1789121189191
9822,2026-09-11T10:06:38.899Z,research,CommandExecution,,completed,0,1789121198896,1789121198898
9825,2026-09-11T10:06:40.839Z,research,CommandExecution,,completed,0,1789121199036,1789121200839
9829,2026-09-11T10:07:39.973Z,research,FileChange,,completed,,1789121259971,1789121259973
9837,2026-09-11T10:07:54.462Z,research,CommandExecution,,completed,0,1789121274461,1789121274462
9844,2026-09-11T10:08:08.197Z,research,CommandExecution,,failed,1,1789121288195,1789121288197
9845,2026-09-11T10:08:09.952Z,research,Extension,web.search,,,1789121288077,1789121289951
9851,2026-09-11T10:08:42.484Z,research,FileChange,,completed,,1789121322479,1789121322484
9853,2026-09-11T10:08:42.634Z,research,CommandExecution,,completed,0,1789121322633,1789121322634
9859,2026-09-11T10:09:19.844Z,research,FileChange,,completed,,1789121359843,1789121359844
9861,2026-09-11T10:09:20.208Z,research,CommandExecution,,completed,0,1789121360078,1789121360208
9866,2026-09-11T10:09:33.298Z,research,AgentMessage,,,,1789121371675,1789121373298
9870,2026-09-11T10:09:39.175Z,research,CommandExecution,,completed,0,1789121379173,1789121379174
9871,2026-09-11T10:09:40.832Z,research,Extension,web.search,,,1789121379214,1789121380831
9878,2026-09-11T10:10:11.529Z,research,CommandExecution,,completed,0,1789121411528,1789121411529
9881,2026-09-11T10:10:13.439Z,research,CommandExecution,,completed,0,1789121411618,1789121413439
9888,2026-09-11T10:10:38.855Z,research,CommandExecution,,completed,0,1789121436767,1789121438855
9893,2026-09-11T10:10:47.557Z,research,CommandExecution,,completed,0,1789121447392,1789121447557
9900,2026-09-11T10:11:16.239Z,research,CommandExecution,,completed,0,1789121198963,1789121476239
9903,2026-09-11T10:11:54.297Z,research,FileChange,,completed,,1789121514295,1789121514297
9904,2026-09-11T10:11:54.592Z,research,CommandExecution,,completed,0,1789121514496,1789121514592
9911,2026-09-11T10:12:10.530Z,research,CommandExecution,,completed,0,1789121529657,1789121530529
9916,2026-09-11T10:12:15.574Z,research,AgentMessage,,,,1789121533525,1789121535574
9920,2026-09-11T10:12:18.980Z,research,CommandExecution,,completed,0,1789121538978,1789121538980
9925,2026-09-11T10:12:22.743Z,research,ImageView,,,,1789121542743,1789121542743
9932,2026-09-11T10:12:38.188Z,research,CommandExecution,,completed,0,1789121557677,1789121558188
9933,2026-09-11T10:12:38.206Z,research,FileChange,,completed,,1789121558203,1789121558206
9937,2026-09-11T10:13:21.564Z,research,ImageView,,,,1789121601563,1789121601563
9939,2026-09-11T10:13:21.723Z,research,CommandExecution,,completed,0,1789121601722,1789121601723
9946,2026-09-11T10:13:43.922Z,research,CommandExecution,,completed,0,1789121623745,1789121623921
9947,2026-09-11T10:13:45.814Z,research,Extension,web.search,,,1789121623990,1789121625813
9954,2026-09-11T10:13:54.715Z,research,CommandExecution,,completed,0,1789121634714,1789121634715
9957,2026-09-11T10:14:14.947Z,research,CommandExecution,,completed,0,1789121360037,1789121654946
9961,2026-09-11T10:15:08.551Z,research,FileChange,,completed,,1789121708549,1789121708551
9962,2026-09-11T10:15:08.644Z,research,CommandExecution,,completed,0,1789121708642,1789121708644
9966,2026-09-11T10:15:11.194Z,research,CommandExecution,,completed,0,1789121708784,1789121711194
9971,2026-09-11T10:15:23.038Z,research,CommandExecution,,completed,0,1789121723038,1789121723038
9974,2026-09-11T10:15:27.413Z,research,CommandExecution,,completed,0,1789121723118,1789121727412
9983,2026-09-11T10:16:24.160Z,research,CommandExecution,,completed,0,1789121784159,1789121784160
9990,2026-09-11T10:16:56.972Z,research,AgentMessage,,,,1789121815534,1789121816972
9993,2026-09-11T10:17:01.477Z,research,CommandExecution,,completed,0,1789121821476,1789121821477
9995,2026-09-11T10:17:03.349Z,research,Extension,web.search,,,1789121821452,1789121823348
10008,2026-09-11T10:18:32.547Z,research,CommandExecution,,failed,1,1789121912546,1789121912547
10009,2026-09-11T10:18:32.568Z,research,FileChange,,completed,,1789121912564,1789121912568
10015,2026-09-11T10:19:16.161Z,research,FileChange,,completed,,1789121956160,1789121956161
10017,2026-09-11T10:19:16.303Z,research,CommandExecution,,completed,0,1789121956303,1789121956303
10030,2026-09-11T10:20:42.132Z,research,CommandExecution,,completed,0,1789122041956,1789122042132
10031,2026-09-11T10:20:43.398Z,research,Extension,web.search,,,1789122041886,1789122043397
10038,2026-09-11T10:20:57.958Z,research,CommandExecution,,completed,0,1789122057955,1789122057957
10039,2026-09-11T10:20:59.415Z,research,Extension,web.search,,,1789122057962,1789122059414
10046,2026-09-11T10:21:08.699Z,research,Extension,web.search,,,1789122067204,1789122068698
10047,2026-09-11T10:21:09.676Z,research,CommandExecution,,completed,0,1789122068900,1789122069675
10054,2026-09-11T10:21:29.725Z,research,CommandExecution,,completed,0,1789122089326,1789122089725
10055,2026-09-11T10:21:31.436Z,research,Extension,web.search,,,1789122089242,1789122091436
10060,2026-09-11T10:21:38.900Z,research,AgentMessage,,,,1789122097429,1789122098900
10064,2026-09-11T10:21:45.010Z,research,CommandExecution,,failed,1,1789122105007,1789122105009
10065,2026-09-11T10:21:46.587Z,research,Extension,web.search,,,1789122105028,1789122106586
10074,2026-09-11T10:22:19.613Z,research,Extension,web.search,,,1789122138039,1789122139612
10077,2026-09-11T10:22:19.716Z,research,CommandExecution,,completed,0,1789122138130,1789122139716
10084,2026-09-11T10:23:01.093Z,research,CommandExecution,,completed,0,1789122181093,1789122181093
10091,2026-09-11T10:23:11.475Z,research,CommandExecution,,completed,0,1789122191062,1789122191475
10097,2026-09-11T10:24:00.920Z,research,ImageView,,,,1789122240920,1789122240920
10099,2026-09-11T10:24:00.949Z,research,FileChange,,completed,,1789122240947,1789122240948
10112,2026-09-11T10:25:08.559Z,research,CommandExecution,,failed,1,1789122308558,1789122308559
10113,2026-09-11T10:25:10.245Z,research,Extension,web.search,,,1789122308631,1789122310245
10118,2026-09-11T10:25:18.167Z,research,AgentMessage,,,,1789122315534,1789122318167
10122,2026-09-11T10:25:58.736Z,research,CommandExecution,,completed,0,1789122358735,1789122358735
10123,2026-09-11T10:25:59.069Z,research,CommandExecution,,completed,0,1789122358747,1789122359068
10132,2026-09-11T10:26:40.514Z,research,Extension,web.search,,,1789122399042,1789122400513
10140,2026-09-11T10:28:26.455Z,research,FileChange,,completed,,1789122506453,1789122506455
10144,2026-09-11T10:28:28.945Z,research,CommandExecution,,completed,0,1789122506657,1789122508945
10149,2026-09-11T10:28:50.119Z,research,CommandExecution,,completed,0,1789122529959,1789122530119
10154,2026-09-11T10:29:14.619Z,research,AgentMessage,,,,1789122553090,1789122554619
10157,2026-09-11T10:29:20.003Z,research,CommandExecution,,completed,0,1789122560000,1789122560002
10159,2026-09-11T10:29:20.574Z,research,CommandExecution,,completed,0,1789122560137,1789122560574
10165,2026-09-11T10:29:29.959Z,research,CommandExecution,,completed,0,1789122569957,1789122569958
10167,2026-09-11T10:29:30.007Z,research,ImageView,,,,1789122570006,1789122570006
10173,2026-09-11T10:30:20.070Z,research,FileChange,,completed,,1789122620069,1789122620069
10175,2026-09-11T10:30:20.197Z,research,CommandExecution,,completed,0,1789122620197,1789122620197
10178,2026-09-11T10:30:22.573Z,research,CommandExecution,,completed,0,1789122620302,1789122622573
10183,2026-09-11T10:30:52.208Z,research,CommandExecution,,completed,0,1789122652062,1789122652208
10190,2026-09-11T10:31:14.537Z,research,Extension,web.search,,,1789122673080,1789122674536
10191,2026-09-11T10:31:14.652Z,research,CommandExecution,,completed,0,1789122674651,1789122674652
10197,2026-09-11T10:32:23.225Z,research,FileChange,,completed,,1789122743221,1789122743225
10198,2026-09-11T10:32:23.247Z,research,FileChange,,completed,,1789122743244,1789122743247
10208,2026-09-11T10:33:09.846Z,research,CommandExecution,,completed,0,1789122789634,1789122789845
10209,2026-09-11T10:33:09.862Z,research,FileChange,,completed,,1789122789860,1789122789862
10216,2026-09-11T10:33:38.427Z,research,AgentMessage,,,,1789122817127,1789122818427
10220,2026-09-11T10:33:53.571Z,research,CommandExecution,,completed,0,1789122833570,1789122833570
10221,2026-09-11T10:33:53.684Z,research,CommandExecution,,completed,0,1789122833682,1789122833684
10230,2026-09-11T10:34:35.945Z,research,CommandExecution,,completed,0,1789122875828,1789122875945
10237,2026-09-11T10:34:51.012Z,research,CommandExecution,,completed,0,1789122891011,1789122891012
10244,2026-09-11T10:34:57.994Z,research,CommandExecution,,completed,0,1789122897992,1789122897993
10251,2026-09-11T10:35:54.010Z,research,CommandExecution,,completed,0,1789122953578,1789122954010
10252,2026-09-11T10:35:54.374Z,research,CommandExecution,,completed,0,1789122954207,1789122954374
10259,2026-09-11T10:36:05.552Z,research,CommandExecution,,completed,0,1789122965421,1789122965552
10265,2026-09-11T10:36:42.034Z,research,FileChange,,completed,,1789123002033,1789123002034
10267,2026-09-11T10:36:42.349Z,research,CommandExecution,,completed,0,1789123002231,1789123002349
10272,2026-09-11T10:36:50.928Z,research,AgentMessage,,,,1789123009608,1789123010928
10283,2026-09-11T10:38:19.204Z,research,FileChange,,completed,,1789123099202,1789123099204
10285,2026-09-11T10:38:19.578Z,research,CommandExecution,,completed,0,1789123099402,1789123099578
10288,2026-09-11T10:38:23.244Z,research,CommandExecution,,completed,0,1789114434305,1789123103244
10294,2026-09-11T10:39:26.462Z,research,FileChange,,completed,,1789123166461,1789123166462
10296,2026-09-11T10:39:27.289Z,research,CommandExecution,,completed,0,1789123166659,1789123167289
10297,2026-09-11T10:39:27.484Z,research,CommandExecution,,completed,0,1789123167483,1789123167484
10304,2026-09-11T10:39:38.310Z,research,CommandExecution,,completed,0,1789123178310,1789123178310
10309,2026-09-11T10:39:44.986Z,research,AgentMessage,,,,1789123182922,1789123184986
10313,2026-09-11T10:39:49.116Z,research,CommandExecution,,completed,0,1789123189116,1789123189116
10320,2026-09-11T10:40:59.952Z,research,CommandExecution,,completed,0,1789123259514,1789123259952
10321,2026-09-11T10:41:00.164Z,research,CommandExecution,,completed,0,1789123260153,1789123260163
10327,2026-09-11T10:41:17.182Z,research,CommandExecution,,completed,0,1789123277180,1789123277182
10333,2026-09-11T10:41:30.582Z,research,AgentMessage,,,,1789123287277,1789123290582
10343,2026-09-11T10:41:53.462Z,research,AgentMessage,,,,1789123312230,1789123313462
10347,2026-09-11T10:41:56.689Z,research,CommandExecution,,completed,0,1789123316688,1789123316688
10356,2026-09-11T10:42:42.086Z,research,Extension,web.search,,,1789123360275,1789123362086
10357,2026-09-11T10:42:42.183Z,research,CommandExecution,,completed,0,1789123362182,1789123362182
10366,2026-09-11T10:43:20.427Z,research,CommandExecution,,completed,0,1789123400420,1789123400421
10367,2026-09-11T10:43:21.987Z,research,Extension,web.search,,,1789123400429,1789123401986
10376,2026-09-11T10:47:08.754Z,research,ContextCompaction,,,,1789123402019,1789123628754
10379,2026-09-11T10:47:13.018Z,research,AgentMessage,,,,1789123632186,1789123633018
10383,2026-09-11T10:47:18.726Z,research,CommandExecution,,completed,0,1789123638726,1789123638726
10384,2026-09-11T10:47:18.754Z,research,CommandExecution,,completed,0,1789123638753,1789123638754
10391,2026-09-11T10:47:30.263Z,research,CommandExecution,,completed,0,1789123650260,1789123650262
10392,2026-09-11T10:47:31.649Z,research,Extension,web.search,,,1789123650277,1789123651649
10393,2026-09-11T10:47:31.972Z,research,CommandExecution,,completed,0,1789123650379,1789123651972
10400,2026-09-11T10:47:42.764Z,research,CommandExecution,,completed,0,1789123662762,1789123662763
10401,2026-09-11T10:47:42.868Z,research,CommandExecution,,failed,60,1789123662867,1789123662868
10406,2026-09-11T10:47:50.822Z,research,AgentMessage,,,,1789123668512,1789123670821
10410,2026-09-11T10:47:57.685Z,research,CommandExecution,,completed,0,1789123677633,1789123677685
10411,2026-09-11T10:47:57.848Z,research,CommandExecution,,completed,0,1789123677648,1789123677847
10412,2026-09-11T10:48:01.650Z,research,Extension,web.search,,,1789123677519,1789123681650
10418,2026-09-11T10:48:23.186Z,research,ImageView,,,,1789123703186,1789123703186
10420,2026-09-11T10:48:23.284Z,research,CommandExecution,,completed,0,1789123703282,1789123703283
10427,2026-09-11T10:48:46.067Z,research,CommandExecution,,completed,0,1789123726065,1789123726067
10436,2026-09-11T10:49:45.676Z,research,AgentMessage,,,,1789123783838,1789123785676
10440,2026-09-11T10:49:49.013Z,research,CommandExecution,,completed,0,1789123789012,1789123789013
10441,2026-09-11T10:49:50.522Z,research,Extension,web.search,,,1789123789078,1789123790522
10448,2026-09-11T10:50:31.275Z,research,FileChange,,completed,,1789123831274,1789123831275
10449,2026-09-11T10:50:31.906Z,research,CommandExecution,,completed,0,1789123831468,1789123831906
10458,2026-09-11T10:51:14.253Z,research,CommandExecution,,completed,0,1789123874251,1789123874252
10459,2026-09-11T10:51:15.898Z,research,Extension,web.search,,,1789123874288,1789123875898
10470,2026-09-11T10:52:35.535Z,research,CommandExecution,,completed,0,1789123955533,1789123955534
10471,2026-09-11T10:52:35.676Z,research,CommandExecution,,completed,0,1789123955674,1789123955675
10480,2026-09-11T10:54:10.257Z,research,FileChange,,completed,,1789124050253,1789124050256
10487,2026-09-11T10:54:21.300Z,research,CommandExecution,,completed,0,1789124061300,1789124061300
10490,2026-09-11T10:54:39.354Z,research,CommandExecution,,completed,0,1789124050451,1789124079354
10497,2026-09-11T10:55:18.188Z,research,AgentMessage,,,,1789124116922,1789124118188
10501,2026-09-11T10:56:13.159Z,research,FileChange,,completed,,1789124173158,1789124173159
10502,2026-09-11T10:56:13.623Z,research,CommandExecution,,completed,0,1789124173354,1789124173623
10509,2026-09-11T10:56:26.374Z,research,ImageView,,,,1789124186374,1789124186374
10510,2026-09-11T10:56:26.516Z,research,CommandExecution,,completed,0,1789124186515,1789124186516
10517,2026-09-11T10:56:36.482Z,research,Extension,web.search,,,1789124194727,1789124196482
10518,2026-09-11T10:56:36.568Z,research,CommandExecution,,completed,0,1789124196568,1789124196568
10525,2026-09-11T10:56:46.842Z,research,Extension,web.search,,,1789124205307,1789124206841
10526,2026-09-11T10:56:46.946Z,research,CommandExecution,,completed,0,1789124206946,1789124206946
10533,2026-09-11T10:56:58.749Z,research,Extension,web.search,,,1789124217219,1789124218748
10534,2026-09-11T10:56:59.044Z,research,CommandExecution,,failed,22,1789124218947,1789124219044
10541,2026-09-11T10:57:08.386Z,research,Extension,web.search,,,1789124226992,1789124228386
10542,2026-09-11T10:57:08.461Z,research,CommandExecution,,completed,0,1789124228461,1789124228461
10549,2026-09-11T10:57:19.816Z,research,Extension,web.search,,,1789124238202,1789124239816
10550,2026-09-11T10:57:19.945Z,research,CommandExecution,,completed,0,1789124239945,1789124239945
10563,2026-09-11T10:57:33.283Z,research,Extension,web.search,,,1789124252005,1789124253283
10564,2026-09-11T10:57:33.425Z,research,CommandExecution,,completed,0,1789124253424,1789124253425
10569,2026-09-11T10:57:59.200Z,research,CommandExecution,,completed,0,1789124185343,1789124279200
10576,2026-09-11T10:58:30.051Z,research,CommandExecution,,completed,0,1789124310045,1789124310047
10593,2026-09-11T11:00:31.665Z,research,AgentMessage,,,,1789124430184,1789124431665
10596,2026-09-11T11:01:20.592Z,research,FileChange,,completed,,1789124480590,1789124480592
10598,2026-09-11T11:01:20.734Z,research,CommandExecution,,completed,0,1789124480733,1789124480734
10605,2026-09-11T11:02:46.706Z,research,FileChange,,completed,,1789124566705,1789124566706
10608,2026-09-11T11:02:48.526Z,research,CommandExecution,,completed,0,1789124566899,1789124568526
10612,2026-09-11T11:03:27.871Z,research,FileChange,,completed,,1789124607868,1789124607871
10614,2026-09-11T11:03:28.627Z,research,CommandExecution,,completed,0,1789124608073,1789124608627
10624,2026-09-11T11:04:30.080Z,research,CommandExecution,,completed,0,1789124670063,1789124670080
10626,2026-09-11T11:04:31.741Z,research,Extension,web.search,,,1789124670078,1789124671740
10636,2026-09-11T11:06:06.337Z,research,FileChange,,completed,,1789124766335,1789124766337
10638,2026-09-11T11:06:06.980Z,research,CommandExecution,,completed,0,1789124766533,1789124766979
10643,2026-09-11T11:06:16.584Z,research,AgentMessage,,,,1789124774678,1789124776584
10649,2026-09-11T11:07:14.370Z,research,FileChange,,completed,,1789124834369,1789124834370
10650,2026-09-11T11:07:15.188Z,research,CommandExecution,,completed,0,1789124834566,1789124835188
10657,2026-09-11T11:07:39.792Z,research,CommandExecution,,completed,0,1789124859791,1789124859792
10662,2026-09-11T11:07:50.618Z,research,AgentMessage,,,,1789124867934,1789124870618
10670,2026-09-11T11:07:54.752Z,research,AgentMessage,,,,1789124872978,1789124874752
10674,2026-09-11T11:07:59.170Z,research,CommandExecution,,completed,0,1789124879168,1789124879170
10681,2026-09-11T11:08:09.019Z,research,CommandExecution,,failed,1,1789124889018,1789124889019
10686,2026-09-11T11:08:29.875Z,research,AgentMessage,,,,1789124909788,1789124909874
10690,2026-09-11T11:08:30.010Z,research,CommandExecution,,failed,2,1789124910009,1789124910010
10697,2026-09-11T11:08:43.668Z,research,CommandExecution,,completed,0,1789124923667,1789124923668
10700,2026-09-11T11:08:50.546Z,research,CommandExecution,,completed,0,1789116033481,1789124930546
10708,2026-09-11T11:10:04.671Z,research,FileChange,,completed,,1789125004667,1789125004670
10712,2026-09-11T11:10:06.710Z,research,CommandExecution,,completed,0,1789125004869,1789125006709
10717,2026-09-11T11:10:31.792Z,research,CommandExecution,,completed,0,1789125031650,1789125031792
10724,2026-09-11T11:10:43.732Z,research,CommandExecution,,completed,0,1789125043731,1789125043732
10731,2026-09-11T11:11:17.235Z,research,AgentMessage,,,,1789125075555,1789125077235
10735,2026-09-11T11:11:25.568Z,research,CommandExecution,,completed,0,1789125085566,1789125085567
10736,2026-09-11T11:11:25.910Z,research,CommandExecution,,completed,0,1789125085636,1789125085910
10743,2026-09-11T11:11:35.113Z,research,CommandExecution,,completed,0,1789125095112,1789125095113
10750,2026-09-11T11:11:54.290Z,research,CommandExecution,,completed,0,1789125114289,1789125114289
10765,2026-09-11T11:13:36.269Z,research,CommandExecution,,failed,2,1789125216269,1789125216269
10774,2026-09-11T11:14:02.688Z,research,CommandExecution,,completed,0,1789125242687,1789125242687
10781,2026-09-11T11:14:22.782Z,research,CommandExecution,,completed,0,1789125262781,1789125262782
10787,2026-09-11T11:15:24.197Z,research,FileChange,,completed,,1789125324195,1789125324196
10789,2026-09-11T11:15:26.996Z,research,CommandExecution,,completed,0,1789125325586,1789125326996
10792,2026-09-11T11:15:27.543Z,research,CommandExecution,,completed,0,1789125324392,1789125327543
10797,2026-09-11T11:15:56.002Z,research,CommandExecution,,completed,0,1789125355998,1789125356001
10804,2026-09-11T11:16:04.901Z,research,CommandExecution,,completed,0,1789125364901,1789125364901
10811,2026-09-11T11:16:31.966Z,research,CommandExecution,,completed,0,1789125391720,1789125391966
10818,2026-09-11T11:16:47.400Z,research,CommandExecution,,completed,0,1789125407286,1789125407400
10827,2026-09-11T11:17:19.749Z,research,CommandExecution,,completed,0,1789125439528,1789125439749
10836,2026-09-11T11:17:45.962Z,research,CommandExecution,,completed,0,1789125465960,1789125465961
10853,2026-09-11T11:19:45.349Z,research,Extension,web.search,,,1789125583897,1789125585348
10854,2026-09-11T11:19:45.428Z,research,CommandExecution,,completed,0,1789125585427,1789125585427
10863,2026-09-11T11:20:16.309Z,research,Extension,web.search,,,1789125614622,1789125616309
10864,2026-09-11T11:20:16.678Z,research,CommandExecution,,completed,0,1789125616507,1789125616678
10879,2026-09-11T11:22:02.139Z,research,Extension,web.search,,,1789125719751,1789125722139
10880,2026-09-11T11:22:02.326Z,research,CommandExecution,,completed,0,1789125722325,1789125722325
10899,2026-09-11T11:24:31.012Z,research,Extension,web.search,,,1789125869265,1789125871012
10900,2026-09-11T11:24:31.094Z,research,CommandExecution,,completed,0,1789125871093,1789125871093
10907,2026-09-11T11:25:02.908Z,research,AgentMessage,,,,1789125901146,1789125902908
10933,2026-09-11T11:28:55.317Z,research,AgentMessage,,,,1789126133788,1789126135316
10937,2026-09-11T11:28:57.777Z,research,CommandExecution,,completed,0,1789126137775,1789126137776
10946,2026-09-11T11:29:54.314Z,research,CommandExecution,,completed,0,1789126194313,1789126194314
10947,2026-09-11T11:29:54.329Z,research,FileChange,,completed,,1789126194327,1789126194328
10950,2026-09-11T11:29:57.171Z,research,CommandExecution,,completed,0,1789126194524,1789126197171
10965,2026-09-11T11:33:25.168Z,research,CommandExecution,,completed,0,1789126287450,1789126405168
10972,2026-09-11T11:35:08.773Z,research,ContextCompaction,,,,1789126288477,1789126508773
10975,2026-09-11T11:35:12.465Z,research,AgentMessage,,,,1789126511602,1789126512465
10979,2026-09-11T11:35:17.811Z,research,CommandExecution,,completed,0,1789126517810,1789126517811
10980,2026-09-11T11:35:17.830Z,research,CommandExecution,,completed,0,1789126517829,1789126517830
10985,2026-09-11T11:35:25.677Z,research,CommandExecution,,completed,0,1789126525676,1789126525676
10992,2026-09-11T11:35:34.380Z,research,CommandExecution,,completed,0,1789126534378,1789126534379
10993,2026-09-11T11:35:36.190Z,research,CommandExecution,,completed,0,1789126534443,1789126536190
10998,2026-09-11T11:35:46.300Z,research,AgentMessage,,,,1789126543392,1789126546300
11002,2026-09-11T11:35:52.180Z,research,CommandExecution,,completed,0,1789126552178,1789126552179
11003,2026-09-11T11:35:53.924Z,research,CommandExecution,,completed,0,1789126552256,1789126553924
11006,2026-09-11T11:35:55.513Z,research,CommandExecution,,completed,0,1789126552270,1789126555513
11010,2026-09-11T11:37:26.619Z,research,FileChange,,completed,,1789126646616,1789126646619
11018,2026-09-11T11:38:02.232Z,research,CommandExecution,,completed,0,1789126682163,1789126682232
11025,2026-09-11T11:39:19.031Z,research,FileChange,,completed,,1789126759025,1789126759030
11030,2026-09-11T11:39:33.832Z,research,AgentMessage,,,,1789126771996,1789126773832
11034,2026-09-11T11:39:59.269Z,research,CommandExecution,,completed,0,1789126799267,1789126799268
11039,2026-09-11T11:40:09.803Z,research,CommandExecution,,completed,0,1789126809800,1789126809802
11046,2026-09-11T11:40:14.950Z,research,CommandExecution,,completed,0,1789126814946,1789126814948
11054,2026-09-11T11:41:05.279Z,research,CommandExecution,,completed,0,1789126865278,1789126865278
11056,2026-09-11T11:41:07.020Z,research,Extension,web.search,,,1789126865246,1789126867020
11069,2026-09-11T11:42:48.244Z,research,Extension,web.search,,,1789126966540,1789126968244
11078,2026-09-11T11:43:36.525Z,research,AgentMessage,,,,1789127014717,1789127016525
11082,2026-09-11T11:43:45.440Z,research,Extension,web.search,,,1789127023884,1789127025439
11083,2026-09-11T11:43:46.023Z,research,CommandExecution,,completed,0,1789127025649,1789127026023
11090,2026-09-11T11:44:07.804Z,research,ImageView,,,,1789127047804,1789127047804
11091,2026-09-11T11:44:07.922Z,research,CommandExecution,,completed,0,1789127047921,1789127047922
11098,2026-09-11T11:44:18.666Z,research,CommandExecution,,completed,0,1789127058664,1789127058665
11099,2026-09-11T11:44:20.234Z,research,Extension,web.search,,,1789127058742,1789127060233
11106,2026-09-11T11:45:52.611Z,research,FileChange,,completed,,1789127152607,1789127152609
11112,2026-09-11T11:46:19.013Z,research,FileChange,,completed,,1789127179010,1789127179013
11114,2026-09-11T11:46:19.222Z,research,CommandExecution,,completed,0,1789127179222,1789127179222
11115,2026-09-11T11:46:21.064Z,research,CommandExecution,,completed,0,1789127179210,1789127181064
11116,2026-09-11T11:46:21.239Z,research,Extension,web.search,,,1789127179136,1789127181239
11123,2026-09-11T11:46:35.496Z,research,CommandExecution,,completed,0,1789127195469,1789127195492
11124,2026-09-11T11:46:36.924Z,research,Extension,web.search,,,1789127195489,1789127196924
11129,2026-09-11T11:47:01.228Z,research,AgentMessage,,,,1789127219256,1789127221227
11133,2026-09-11T11:47:07.005Z,research,Extension,web.search,,,1789127225507,1789127227004
11136,2026-09-11T11:47:10.481Z,research,CommandExecution,,completed,0,1789127227203,1789127230481
11143,2026-09-11T11:47:27.467Z,research,CommandExecution,,completed,0,1789127246273,1789127247467
11148,2026-09-11T11:49:01.825Z,research,FileChange,,completed,,1789127341821,1789127341825
11155,2026-09-11T11:49:12.213Z,research,CommandExecution,,completed,0,1789127352212,1789127352212
11162,2026-09-11T11:49:28.368Z,research,CommandExecution,,completed,0,1789127368367,1789127368368
11163,2026-09-11T11:49:30.853Z,research,Extension,web.search,,,1789127368440,1789127370852
11170,2026-09-11T11:49:41.948Z,research,Extension,web.search,,,1789127380457,1789127381947
11173,2026-09-11T11:49:43.524Z,research,CommandExecution,,failed,22,1789127382150,1789127383524
11178,2026-09-11T11:49:58.853Z,research,CommandExecution,,completed,0,1789127398428,1789127398852
11179,2026-09-11T11:49:58.869Z,research,FileChange,,completed,,1789127398866,1789127398868
11186,2026-09-11T11:50:21.622Z,research,CommandExecution,,completed,0,1789127421621,1789127421622
11193,2026-09-11T11:50:39.548Z,research,CommandExecution,,completed,0,1789127439547,1789127439548
11194,2026-09-11T11:50:39.568Z,research,FileChange,,completed,,1789127439564,1789127439568
11201,2026-09-11T11:50:47.010Z,research,CommandExecution,,completed,0,1789127447008,1789127447009
11208,2026-09-11T11:51:35.757Z,research,CommandExecution,,completed,0,1789127495746,1789127495757
11214,2026-09-11T11:52:41.867Z,research,FileChange,,completed,,1789127561866,1789127561867
11216,2026-09-11T11:52:42.122Z,research,CommandExecution,,completed,0,1789127562074,1789127562121
11221,2026-09-11T11:53:04.298Z,research,AgentMessage,,,,1789127583168,1789127584298
11225,2026-09-11T11:53:06.461Z,research,CommandExecution,,completed,0,1789127586460,1789127586460
11232,2026-09-11T11:54:27.585Z,research,FileChange,,completed,,1789127667584,1789127667585
11233,2026-09-11T11:54:28.264Z,research,CommandExecution,,completed,0,1789127667782,1789127668264
11242,2026-09-11T11:55:06.027Z,research,CommandExecution,,completed,0,1789127702717,1789127706027
11249,2026-09-11T11:55:21.258Z,research,AgentMessage,,,,1789127718536,1789127721258
11257,2026-09-11T11:55:25.069Z,research,AgentMessage,,,,1789127723615,1789127725069
11261,2026-09-11T11:55:30.574Z,research,CommandExecution,,failed,1,1789127730572,1789127730574
11264,2026-09-11T11:55:33.866Z,research,CommandExecution,,completed,0,1789127730626,1789127733866
11271,2026-09-11T11:55:57.626Z,research,CommandExecution,,completed,0,1789127757625,1789127757626
11272,2026-09-11T11:55:59.404Z,research,Extension,web.search,,,1789127757626,1789127759403
11283,2026-09-11T11:56:55.399Z,research,Extension,web.search,,,1789127813435,1789127815399
11284,2026-09-11T11:56:55.492Z,research,CommandExecution,,completed,0,1789127815491,1789127815492
11297,2026-09-11T11:58:31.793Z,research,AgentMessage,,,,1789127909446,1789127911793
11301,2026-09-11T11:58:42.403Z,research,CommandExecution,,completed,0,1789127922403,1789127922403
11302,2026-09-11T11:58:42.612Z,research,CommandExecution,,completed,0,1789127922437,1789127922610
11303,2026-09-11T11:58:43.908Z,research,Extension,web.search,,,1789127922384,1789127923907
11318,2026-09-11T12:00:23.599Z,research,CommandExecution,,completed,0,1789128023298,1789128023598
11319,2026-09-11T12:00:25.364Z,research,Extension,web.search,,,1789128023668,1789128025363
11325,2026-09-11T12:02:24.181Z,research,FileChange,,completed,,1789128144179,1789128144181
11329,2026-09-11T12:02:28.506Z,research,CommandExecution,,completed,0,1789128144377,1789128148506
11333,2026-09-11T12:02:53.350Z,research,FileChange,,completed,,1789128173348,1789128173350
11335,2026-09-11T12:02:53.495Z,research,CommandExecution,,completed,0,1789128173494,1789128173495
11336,2026-09-11T12:02:55.082Z,research,Extension,web.search,,,1789128173420,1789128175082
11337,2026-09-11T12:02:55.124Z,research,ImageView,,,,1789128175123,1789128175124
11344,2026-09-11T12:03:13.039Z,research,CommandExecution,,failed,22,1789128193038,1789128193039
11347,2026-09-11T12:03:16.783Z,research,CommandExecution,,completed,0,1789128193009,1789128196783
11352,2026-09-11T12:04:56.174Z,research,CommandExecution,,completed,0,1789128295992,1789128296174
11353,2026-09-11T12:04:56.189Z,research,FileChange,,completed,,1789128296188,1789128296189
11360,2026-09-11T12:05:30.322Z,research,CommandExecution,,completed,0,1789128330319,1789128330321
11361,2026-09-11T12:05:32.030Z,research,Extension,web.search,,,1789128330395,1789128332029
11370,2026-09-11T12:08:39.390Z,research,ContextCompaction,,,,1789128332064,1789128519390
11373,2026-09-11T12:08:45.706Z,research,AgentMessage,,,,1789128523943,1789128525706
11377,2026-09-11T12:08:49.528Z,research,CommandExecution,,completed,0,1789128529526,1789128529527
11382,2026-09-11T12:08:57.304Z,research,CommandExecution,,completed,0,1789128537270,1789128537304
11383,2026-09-11T12:08:57.311Z,research,CommandExecution,,completed,0,1789128537309,1789128537311
11384,2026-09-11T12:08:57.343Z,research,CommandExecution,,completed,0,1789128537340,1789128537342
11391,2026-09-11T12:09:15.312Z,research,CommandExecution,,completed,0,1789128555310,1789128555311
11392,2026-09-11T12:09:16.909Z,research,Extension,web.search,,,1789128555299,1789128556908
11399,2026-09-11T12:09:28.559Z,research,CommandExecution,,completed,0,1789128568558,1789128568559
11400,2026-09-11T12:09:30.768Z,research,Extension,web.search,,,1789128568576,1789128570767
11405,2026-09-11T12:09:45.881Z,research,AgentMessage,,,,1789128583904,1789128585881
11409,2026-09-11T12:09:51.774Z,research,CommandExecution,,completed,0,1789128591773,1789128591774
11410,2026-09-11T12:09:57.460Z,research,Extension,web.search,,,1789128591781,1789128597459
11417,2026-09-11T12:10:10.764Z,research,CommandExecution,,completed,0,1789128610763,1789128610764
11418,2026-09-11T12:10:12.768Z,research,Extension,web.search,,,1789128610830,1789128612767
11425,2026-09-11T12:11:52.848Z,research,FileChange,,completed,,1789128712846,1789128712848
11432,2026-09-11T12:12:03.608Z,research,CommandExecution,,completed,0,1789128723606,1789128723607
11433,2026-09-11T12:12:03.813Z,research,CommandExecution,,completed,0,1789128723644,1789128723813
11436,2026-09-11T12:12:06.936Z,research,CommandExecution,,completed,0,1789128723676,1789128726936
11441,2026-09-11T12:12:57.868Z,research,CommandExecution,,completed,0,1789128777867,1789128777868
11442,2026-09-11T12:12:59.811Z,research,Extension,web.search,,,1789128777941,1789128779810
11449,2026-09-11T12:13:27.865Z,research,AgentMessage,,,,1789128806084,1789128807865
11453,2026-09-11T12:13:33.072Z,research,CommandExecution,,completed,0,1789128813068,1789128813071
11454,2026-09-11T12:13:33.196Z,research,CommandExecution,,completed,0,1789128813195,1789128813196
11460,2026-09-11T12:15:06.677Z,research,FileChange,,completed,,1789128906675,1789128906677
11464,2026-09-11T12:15:09.966Z,research,CommandExecution,,completed,0,1789128906873,1789128909965
11469,2026-09-11T12:15:34.723Z,research,CommandExecution,,failed,1,1789128934722,1789128934723
11470,2026-09-11T12:15:34.762Z,research,CommandExecution,,completed,0,1789128934761,1789128934762
11477,2026-09-11T12:15:56.764Z,research,CommandExecution,,completed,0,1789128956764,1789128956764
11478,2026-09-11T12:15:58.482Z,research,Extension,web.search,,,1789128956755,1789128958482
11487,2026-09-11T12:16:54.233Z,research,AgentMessage,,,,1789129012358,1789129014233
11490,2026-09-11T12:17:21.920Z,research,FileChange,,completed,,1789129041918,1789129041919
11492,2026-09-11T12:17:22.768Z,research,CommandExecution,,completed,0,1789129042120,1789129042768
11499,2026-09-11T12:17:36.043Z,research,CommandExecution,,completed,0,1789129055550,1789129056042
11500,2026-09-11T12:17:39.048Z,research,Extension,web.search,,,1789129055460,1789129059047
11516,2026-09-11T12:19:49.451Z,research,ImageView,,,,1789129189451,1789129189451
11518,2026-09-11T12:19:49.565Z,research,CommandExecution,,completed,0,1789129189564,1789129189565
11525,2026-09-11T12:20:45.840Z,research,Extension,web.search,,,1789129244369,1789129245839
11526,2026-09-11T12:20:45.861Z,research,FileChange,,completed,,1789129245857,1789129245860
11527,2026-09-11T12:20:45.990Z,research,CommandExecution,,completed,0,1789129245989,1789129245990
11538,2026-09-11T12:22:15.109Z,research,AgentMessage,,,,1789129333175,1789129335109
11542,2026-09-11T12:22:33.021Z,research,CommandExecution,,completed,0,1789129353020,1789129353021
11543,2026-09-11T12:22:34.731Z,research,Extension,web.search,,,1789129353094,1789129354730
11550,2026-09-11T12:23:58.146Z,research,FileChange,,completed,,1789129438141,1789129438144
11551,2026-09-11T12:24:00.092Z,research,Extension,web.search,,,1789129438217,1789129440092
11557,2026-09-11T12:25:16.258Z,research,FileChange,,completed,,1789129516257,1789129516258
11559,2026-09-11T12:25:20.951Z,research,Extension,web.search,,,1789129517532,1789129520951
11565,2026-09-11T12:25:34.418Z,research,CommandExecution,,completed,0,1789129534417,1789129534418
11567,2026-09-11T12:25:34.974Z,research,CommandExecution,,completed,0,1789129534577,1789129534974
11578,2026-09-11T12:27:29.225Z,research,CommandExecution,,completed,0,1789129649225,1789129649225
11579,2026-09-11T12:27:29.242Z,research,FileChange,,completed,,1789129649240,1789129649242
11580,2026-09-11T12:27:29.448Z,research,CommandExecution,,completed,0,1789129649447,1789129649447
11587,2026-09-11T12:27:59.860Z,research,CommandExecution,,completed,0,1789129679530,1789129679860
11588,2026-09-11T12:28:00.899Z,research,Extension,web.search,,,1789129679420,1789129680898
11597,2026-09-11T12:28:46.000Z,research,ImageView,,,,1789129726000,1789129726000
11598,2026-09-11T12:28:46.110Z,research,CommandExecution,,completed,0,1789129726109,1789129726110
11599,2026-09-11T12:28:47.722Z,research,Extension,web.search,,,1789129726182,1789129727721
11606,2026-09-11T12:29:14.702Z,research,CommandExecution,,failed,1,1789129516455,1789129754701
11607,2026-09-11T12:29:14.707Z,research,CommandExecution,,completed,0,1789129754707,1789129754707
11608,2026-09-11T12:29:17.675Z,research,Extension,web.search,,,1789129755978,1789129757675
11615,2026-09-11T12:29:26.910Z,research,CommandExecution,,completed,0,1789129766906,1789129766910
11616,2026-09-11T12:29:28.298Z,research,Extension,web.search,,,1789129766922,1789129768298
11621,2026-09-11T12:29:40.401Z,research,AgentMessage,,,,1789129779395,1789129780401
11625,2026-09-11T12:30:00.228Z,research,CommandExecution,,failed,1,1789129754908,1789129800228
11626,2026-09-11T12:30:00.244Z,research,CommandExecution,,completed,0,1789129800243,1789129800244
11627,2026-09-11T12:30:02.017Z,research,CommandExecution,,failed,1,1789129801633,1789129802017
11630,2026-09-11T12:30:03.698Z,research,CommandExecution,,completed,0,1789129800442,1789129803698
11635,2026-09-11T12:30:12.405Z,research,CommandExecution,,completed,0,1789129812404,1789129812404
11642,2026-09-11T12:30:19.374Z,research,CommandExecution,,completed,0,1789129819373,1789129819373
11648,2026-09-11T12:32:15.752Z,research,FileChange,,completed,,1789129935747,1789129935752
11650,2026-09-11T12:32:15.899Z,research,CommandExecution,,completed,0,1789129935899,1789129935899
11657,2026-09-11T12:32:49.280Z,research,AgentMessage,,,,1789129967403,1789129969280
11661,2026-09-11T12:33:35.738Z,research,CommandExecution,,completed,0,1789130015641,1789130015738
11664,2026-09-11T12:33:39.118Z,research,CommandExecution,,completed,0,1789130015938,1789130019117
11669,2026-09-11T12:34:07.528Z,research,CommandExecution,,completed,0,1789130047444,1789130047528
11674,2026-09-11T12:34:16.232Z,research,AgentMessage,,,,1789130052714,1789130056232
11684,2026-09-11T12:34:47.615Z,research,AgentMessage,,,,1789130085533,1789130087615
11687,2026-09-11T12:34:54.054Z,research,CommandExecution,,completed,0,1789130094048,1789130094054
11689,2026-09-11T12:34:55.881Z,research,Extension,web.search,,,1789130094078,1789130095880
11692,2026-09-11T12:34:57.533Z,research,CommandExecution,,completed,0,1789130094166,1789130097532
11699,2026-09-11T12:35:43.682Z,research,CommandExecution,,completed,0,1789130143682,1789130143682
11700,2026-09-11T12:35:45.332Z,research,Extension,web.search,,,1789130143682,1789130145331
11707,2026-09-11T12:36:03.667Z,research,Extension,web.search,,,1789130162152,1789130163666
11708,2026-09-11T12:36:03.761Z,research,CommandExecution,,completed,0,1789130163760,1789130163761
11719,2026-09-11T12:37:14.889Z,research,Extension,web.search,,,1789130233177,1789130234888
11720,2026-09-11T12:37:14.928Z,research,Extension,web.search,,,1789130233276,1789130234928
11727,2026-09-11T12:37:36.684Z,research,Extension,web.search,,,1789130254798,1789130256683
11728,2026-09-11T12:37:37.728Z,research,CommandExecution,,completed,0,1789130256882,1789130257728
11739,2026-09-11T12:39:16.833Z,research,AgentMessage,,,,1789130355194,1789130356832
11743,2026-09-11T12:39:21.655Z,research,CommandExecution,,completed,0,1789130361653,1789130361655
11744,2026-09-11T12:39:23.261Z,research,Extension,web.search,,,1789130361632,1789130363260
11755,2026-09-11T12:40:32.918Z,research,Extension,web.search,,,1789130431232,1789130432917
11756,2026-09-11T12:40:33.008Z,research,CommandExecution,,completed,0,1789130433007,1789130433007
11765,2026-09-11T12:44:01.535Z,research,ContextCompaction,,,,1789130433037,1789130641535
11768,2026-09-11T12:44:05.418Z,research,AgentMessage,,,,1789130644243,1789130645418
11772,2026-09-11T12:44:11.662Z,research,CommandExecution,,completed,0,1789130651661,1789130651662
11773,2026-09-11T12:44:11.694Z,research,CommandExecution,,completed,0,1789130651693,1789130651694
11778,2026-09-11T12:44:21.888Z,research,CommandExecution,,completed,0,1789130661837,1789130661883
11779,2026-09-11T12:44:21.894Z,research,CommandExecution,,completed,0,1789130661891,1789130661892
11780,2026-09-11T12:44:21.944Z,research,CommandExecution,,completed,0,1789130661943,1789130661943
11783,2026-09-11T12:44:25.254Z,research,CommandExecution,,completed,0,1789130661962,1789130665254
11788,2026-09-11T12:44:36.868Z,research,CommandExecution,,completed,0,1789130676845,1789130676868
11789,2026-09-11T12:44:37.373Z,research,CommandExecution,,completed,0,1789130676980,1789130677373
11790,2026-09-11T12:44:38.368Z,research,Extension,web.search,,,1789130676877,1789130678368
11795,2026-09-11T12:44:45.227Z,research,ImageView,,,,1789130685227,1789130685227
11796,2026-09-11T12:44:46.780Z,research,Extension,web.search,,,1789130685304,1789130686780
11801,2026-09-11T12:44:54.607Z,research,AgentMessage,,,,1789130692694,1789130694607
11805,2026-09-11T12:45:38.733Z,research,FileChange,,completed,,1789130738732,1789130738733
11810,2026-09-11T12:45:49.193Z,research,CommandExecution,,completed,0,1789130749191,1789130749192
11811,2026-09-11T12:45:50.725Z,research,Extension,web.search,,,1789130749261,1789130750724
11818,2026-09-11T12:46:39.933Z,research,CommandExecution,,completed,0,1789130799863,1789130799933
11819,2026-09-11T12:46:41.470Z,research,Extension,web.search,,,1789130799999,1789130801469
11826,2026-09-11T12:47:21.129Z,research,CommandExecution,,completed,0,1789130841127,1789130841128
11827,2026-09-11T12:47:22.822Z,research,Extension,web.search,,,1789130841203,1789130842821
11834,2026-09-11T12:48:04.024Z,research,AgentMessage,,,,1789130882313,1789130884023
11838,2026-09-11T12:48:08.955Z,research,CommandExecution,,completed,0,1789130888932,1789130888955
11839,2026-09-11T12:48:10.495Z,research,Extension,web.search,,,1789130888949,1789130890494
11848,2026-09-11T12:49:03.236Z,research,Extension,web.search,,,1789130941420,1789130943236
11849,2026-09-11T12:49:03.345Z,research,CommandExecution,,failed,2,1789130943344,1789130943345
11856,2026-09-11T12:49:30.239Z,research,Extension,web.search,,,1789130968520,1789130970238
11857,2026-09-11T12:49:30.332Z,research,CommandExecution,,failed,1,1789130970331,1789130970331
11866,2026-09-11T12:50:18.672Z,research,Extension,web.search,,,1789131016936,1789131018672
11881,2026-09-11T12:52:03.110Z,research,Extension,web.search,,,1789131121690,1789131123110
11888,2026-09-11T12:52:11.888Z,research,Extension,web.search,,,1789131130342,1789131131887
11897,2026-09-11T12:52:48.266Z,research,Extension,web.search,,,1789131166455,1789131168265
11904,2026-09-11T12:53:17.576Z,research,Extension,web.search,,,1789131193573,1789131197575
11905,2026-09-11T12:53:18.156Z,research,CommandExecution,,completed,0,1789131197777,1789131198156
11912,2026-09-11T12:53:58.599Z,research,AgentMessage,,,,1789131236519,1789131238598
11916,2026-09-11T12:54:02.833Z,research,CommandExecution,,completed,0,1789131242832,1789131242833
11917,2026-09-11T12:54:04.425Z,research,Extension,web.search,,,1789131242813,1789131244425
11938,2026-09-11T12:56:50.816Z,research,Extension,web.search,,,1789131409272,1789131410815
11945,2026-09-11T12:57:14.387Z,research,Extension,web.search,,,1789131432764,1789131434386
11946,2026-09-11T12:57:14.485Z,research,CommandExecution,,failed,2,1789131434484,1789131434485
11953,2026-09-11T12:57:46.401Z,research,Extension,web.search,,,1789131463688,1789131466401
11960,2026-09-11T12:58:07.030Z,research,Extension,web.search,,,1789131485619,1789131487029
11963,2026-09-11T12:58:07.452Z,research,CommandExecution,,completed,0,1789131485712,1789131487452
11968,2026-09-11T12:58:14.516Z,research,CommandExecution,,completed,0,1789131494514,1789131494515
11975,2026-09-11T12:58:52.762Z,research,AgentMessage,,,,1789131531256,1789131532762
11979,2026-09-11T12:58:58.825Z,research,Extension,web.search,,,1789131537195,1789131538824
11980,2026-09-11T12:58:58.933Z,research,CommandExecution,,completed,0,1789131538932,1789131538933
11987,2026-09-11T12:59:11.588Z,research,CommandExecution,,completed,0,1789131551586,1789131551588
11988,2026-09-11T12:59:13.335Z,research,Extension,web.search,,,1789131551660,1789131553334
11995,2026-09-11T12:59:23.645Z,research,CommandExecution,,completed,0,1789131563267,1789131563645
12001,2026-09-11T12:59:41.044Z,research,ImageView,,,,1789131581044,1789131581044
12002,2026-09-11T12:59:41.148Z,research,CommandExecution,,completed,0,1789131581147,1789131581147
12012,2026-09-11T13:01:44.334Z,research,FileChange,,completed,,1789131704329,1789131704332
12018,2026-09-11T13:03:32.517Z,research,FileChange,,completed,,1789131812515,1789131812517
12020,2026-09-11T13:03:32.801Z,research,CommandExecution,,completed,0,1789131812729,1789131812801
12027,2026-09-11T13:03:41.026Z,research,CommandExecution,,completed,0,1789131821025,1789131821026
12034,2026-09-11T13:04:10.947Z,research,CommandExecution,,completed,0,1789131850861,1789131850947
12037,2026-09-11T13:04:15.105Z,research,CommandExecution,,completed,0,1789131851146,1789131855105
12048,2026-09-11T13:05:57.863Z,research,Extension,web.search,,,1789131956254,1789131957861
12055,2026-09-11T13:06:14.278Z,research,Extension,web.search,,,1789131972573,1789131974278
12058,2026-09-11T13:06:15.919Z,research,CommandExecution,,completed,0,1789131974477,1789131975919
12065,2026-09-11T13:09:26.507Z,research,ContextCompaction,,,,1789131975504,1789132166507
12068,2026-09-11T13:09:32.640Z,research,CommandExecution,,completed,0,1789132172639,1789132172640
12073,2026-09-11T13:09:38.219Z,research,AgentMessage,,,,1789132175816,1789132178219
12077,2026-09-11T13:09:42.264Z,research,CommandExecution,,completed,0,1789132182260,1789132182263
12084,2026-09-11T13:09:53.657Z,research,CommandExecution,,completed,0,1789132193656,1789132193657
12085,2026-09-11T13:09:55.508Z,research,Extension,web.search,,,1789132193724,1789132195506
12092,2026-09-11T13:10:09.487Z,research,Extension,web.search,,,1789132207883,1789132209486
12095,2026-09-11T13:10:38.145Z,research,CommandExecution,,completed,0,1789132207972,1789132238145
12098,2026-09-11T13:10:53.276Z,research,AgentMessage,,,,1789132241844,1789132253276
12102,2026-09-11T13:11:01.141Z,research,Extension,web.search,,,1789132259400,1789132261140
12103,2026-09-11T13:11:01.339Z,research,CommandExecution,,completed,0,1789132261338,1789132261338
12110,2026-09-11T13:11:09.485Z,research,CommandExecution,,completed,0,1789132269482,1789132269484
12111,2026-09-11T13:11:11.370Z,research,Extension,web.search,,,1789132269561,1789132271370
12118,2026-09-11T13:11:41.039Z,research,CommandExecution,,completed,0,1789132301037,1789132301038
12119,2026-09-11T13:11:42.643Z,research,Extension,web.search,,,1789132301108,1789132302642
12128,2026-09-11T13:12:40.985Z,research,CommandExecution,,completed,0,1789132360984,1789132360985
12129,2026-09-11T13:12:42.836Z,research,Extension,web.search,,,1789132360973,1789132362836
12136,2026-09-11T13:13:10.688Z,research,Extension,web.search,,,1789132389098,1789132390688
12137,2026-09-11T13:13:10.786Z,research,CommandExecution,,completed,0,1789132390785,1789132390785
12144,2026-09-11T13:13:56.265Z,research,AgentMessage,,,,1789132434173,1789132436265
12148,2026-09-11T13:14:05.458Z,research,Extension,web.search,,,1789132443770,1789132445456
12149,2026-09-11T13:14:05.660Z,research,CommandExecution,,completed,0,1789132445659,1789132445660
12156,2026-09-11T13:14:20.190Z,research,CommandExecution,,completed,0,1789132460188,1789132460190
12157,2026-09-11T13:14:21.658Z,research,Extension,web.search,,,1789132460267,1789132461658
12164,2026-09-11T13:14:53.145Z,research,CommandExecution,,completed,0,1789132493143,1789132493144
12171,2026-09-11T13:15:02.410Z,research,CommandExecution,,completed,0,1789132502408,1789132502409
12172,2026-09-11T13:15:04.055Z,research,Extension,web.search,,,1789132502480,1789132504054
12191,2026-09-11T13:17:44.228Z,research,AgentMessage,,,,1789132662519,1789132664228
12195,2026-09-11T13:17:51.219Z,research,Extension,web.search,,,1789132669235,1789132671219
12196,2026-09-11T13:17:51.852Z,research,CommandExecution,,completed,0,1789132671424,1789132671852
12203,2026-09-11T13:18:14.353Z,research,ImageView,,,,1789132694353,1789132694353
12204,2026-09-11T13:18:15.423Z,research,CommandExecution,,completed,0,1789132694566,1789132695423
12205,2026-09-11T13:18:18.684Z,research,Extension,web.search,,,1789132694478,1789132698683
12212,2026-09-11T13:18:36.949Z,research,Extension,web.search,,,1789132714310,1789132716949
12213,2026-09-11T13:18:37.037Z,research,CommandExecution,,completed,0,1789132717036,1789132717037
12220,2026-09-11T13:19:02.462Z,research,Extension,web.search,,,1789132740536,1789132742462
12221,2026-09-11T13:19:03.642Z,research,CommandExecution,,completed,0,1789132742660,1789132743641
12228,2026-09-11T13:19:23.329Z,research,Extension,web.search,,,1789132761485,1789132763328
12233,2026-09-11T13:19:29.448Z,research,CommandExecution,,completed,0,1789132760413,1789132769448
12236,2026-09-11T13:19:32.515Z,research,CommandExecution,,completed,0,1789132772513,1789132772514
12245,2026-09-11T13:20:19.676Z,research,CommandExecution,,completed,0,1789132819675,1789132819676
12246,2026-09-11T13:20:22.039Z,research,Extension,web.search,,,1789132819745,1789132822038
12251,2026-09-11T13:20:45.461Z,research,AgentMessage,,,,1789132843226,1789132845460
12255,2026-09-11T13:22:07.054Z,research,CommandExecution,,completed,0,1789132926230,1789132927054
12256,2026-09-11T13:22:07.071Z,research,FileChange,,completed,,1789132927068,1789132927070
12263,2026-09-11T13:22:57.985Z,research,ImageView,,,,1789132977985,1789132977985
12264,2026-09-11T13:22:58.037Z,research,ImageView,,,,1789132978037,1789132978037
12265,2026-09-11T13:22:58.165Z,research,FileChange,,completed,,1789132978061,1789132978165
12272,2026-09-11T13:23:41.459Z,research,FileChange,,completed,,1789133021353,1789133021459
12275,2026-09-11T13:23:43.680Z,research,CommandExecution,,completed,0,1789133020340,1789133023680
12280,2026-09-11T13:24:27.512Z,research,FileChange,,completed,,1789133067408,1789133067512
12281,2026-09-11T13:24:27.693Z,research,CommandExecution,,completed,0,1789133067692,1789133067693
12288,2026-09-11T13:24:51.200Z,research,CommandExecution,,completed,0,1789133091199,1789133091199
12289,2026-09-11T13:24:53.057Z,research,Extension,web.search,,,1789133091272,1789133093056
12296,2026-09-11T13:25:08.530Z,research,CommandExecution,,completed,0,1789133106771,1789133108530
12297,2026-09-11T13:25:09.347Z,research,Extension,web.search,,,1789133107839,1789133109346
12306,2026-09-11T13:25:25.871Z,research,CommandExecution,,completed,0,1789133124245,1789133125871
12311,2026-09-11T13:25:30.706Z,research,CommandExecution,,completed,0,1789133130705,1789133130706
12322,2026-09-11T13:26:25.102Z,research,CommandExecution,,completed,0,1789133184353,1789133185102
12323,2026-09-11T13:26:26.840Z,research,Extension,web.search,,,1789133185285,1789133186840
12332,2026-09-11T13:30:03.419Z,research,ContextCompaction,,,,1789133186877,1789133403419
12335,2026-09-11T13:30:07.845Z,research,AgentMessage,,,,1789133406270,1789133407844
12339,2026-09-11T13:30:11.629Z,research,CommandExecution,,completed,0,1789133411628,1789133411629
12344,2026-09-11T13:30:20.308Z,research,ImageView,,,,1789133420307,1789133420308
12345,2026-09-11T13:30:20.311Z,research,ImageView,,,,1789133420310,1789133420311
12346,2026-09-11T13:30:20.345Z,research,CommandExecution,,completed,0,1789133420343,1789133420344
12353,2026-09-11T13:30:31.524Z,research,CommandExecution,,completed,0,1789133431522,1789133431523
12354,2026-09-11T13:30:33.342Z,research,Extension,web.search,,,1789133431491,1789133433342
12359,2026-09-11T13:30:40.110Z,research,AgentMessage,,,,1789133438409,1789133440110
12363,2026-09-11T13:30:55.472Z,research,CommandExecution,,completed,0,1789133453257,1789133455472
12364,2026-09-11T13:30:57.777Z,research,Extension,web.search,,,1789133453124,1789133457776
12370,2026-09-11T13:31:13.088Z,research,CommandExecution,,completed,0,1789133473086,1789133473087
12372,2026-09-11T13:31:14.470Z,research,Extension,web.search,,,1789133473105,1789133474470
12379,2026-09-11T13:31:27.583Z,research,CommandExecution,,completed,0,1789133487581,1789133487582
12380,2026-09-11T13:31:29.088Z,research,Extension,web.search,,,1789133487583,1789133489087
12387,2026-09-11T13:32:00.614Z,research,CommandExecution,,completed,0,1789133520592,1789133520614
12388,2026-09-11T13:32:01.643Z,research,CommandExecution,,completed,0,1789133520661,1789133521643
12389,2026-09-11T13:32:02.071Z,research,Extension,web.search,,,1789133520610,1789133522071
12394,2026-09-11T13:32:07.574Z,research,AgentMessage,,,,1789133525291,1789133527574
12398,2026-09-11T13:32:15.892Z,research,CommandExecution,,completed,0,1789133534834,1789133535892
12399,2026-09-11T13:32:15.934Z,research,CommandExecution,,completed,0,1789133535932,1789133535933
12406,2026-09-11T13:32:22.178Z,research,CommandExecution,,completed,0,1789133542177,1789133542178
12413,2026-09-11T13:32:45.995Z,research,CommandExecution,,completed,0,1789133565994,1789133565995
12414,2026-09-11T13:32:47.730Z,research,Extension,web.search,,,1789133565952,1789133567730
12421,2026-09-11T13:32:55.755Z,research,Extension,web.search,,,1789133574328,1789133575754
12424,2026-09-11T13:32:59.205Z,research,CommandExecution,,completed,0,1789133575954,1789133579205
12429,2026-09-11T13:33:35.906Z,research,AgentMessage,,,,1789133614092,1789133615906
12433,2026-09-11T13:33:45.449Z,research,CommandExecution,,completed,0,1789133624682,1789133625449
12434,2026-09-11T13:33:45.530Z,research,CommandExecution,,completed,0,1789133625529,1789133625530
12441,2026-09-11T13:33:57.356Z,research,CommandExecution,,completed,0,1789133637355,1789133637356
12448,2026-09-11T13:35:54.329Z,research,CommandExecution,,completed,0,1789133754328,1789133754329
12449,2026-09-11T13:35:54.349Z,research,FileChange,,completed,,1789133754347,1789133754349
12456,2026-09-11T13:37:36.119Z,research,FileChange,,completed,,1789133856044,1789133856119
12457,2026-09-11T13:37:36.257Z,research,CommandExecution,,completed,0,1789133856255,1789133856256
12464,2026-09-11T13:38:16.935Z,research,CommandExecution,,completed,0,1789133896838,1789133896934
12469,2026-09-11T13:38:21.797Z,research,AgentMessage,,,,1789133899944,1789133901797
12473,2026-09-11T13:38:29.348Z,research,CommandExecution,,completed,0,1789133909320,1789133909348
12474,2026-09-11T13:38:29.436Z,research,CommandExecution,,completed,0,1789133909434,1789133909435
12483,2026-09-11T13:39:02.729Z,research,CommandExecution,,completed,0,1789133942727,1789133942728
12484,2026-09-11T13:39:04.313Z,research,Extension,web.search,,,1789133942709,1789133944312
12503,2026-09-11T13:41:53.920Z,research,CommandExecution,,failed,1,1789134113919,1789134113920
12504,2026-09-11T13:41:55.635Z,research,Extension,web.search,,,1789134113919,1789134115634
12511,2026-09-11T13:42:14.799Z,research,Extension,web.search,,,1789134133009,1789134134798
12516,2026-09-11T13:42:19.544Z,research,AgentMessage,,,,1789134137816,1789134139544
12520,2026-09-11T13:42:31.564Z,research,Extension,web.search,,,1789134150084,1789134151563
12521,2026-09-11T13:42:31.579Z,research,CommandExecution,,completed,0,1789134150213,1789134151579
12528,2026-09-11T13:42:43.270Z,research,CommandExecution,,completed,0,1789134163268,1789134163269
12535,2026-09-11T13:43:10.995Z,research,Extension,web.search,,,1789134189384,1789134190994
12536,2026-09-11T13:43:11.087Z,research,CommandExecution,,completed,0,1789134191086,1789134191087
12543,2026-09-11T13:43:38.347Z,research,CommandExecution,,failed,1,1789134218346,1789134218347
12544,2026-09-11T13:43:39.968Z,research,Extension,web.search,,,1789134218324,1789134219967
12563,2026-09-11T13:46:17.835Z,research,CommandExecution,,completed,0,1789134377029,1789134377835
12564,2026-09-11T13:46:18.360Z,research,Extension,web.search,,,1789134376894,1789134378359
12571,2026-09-11T13:46:45.887Z,research,Extension,web.search,,,1789134404091,1789134405887
12572,2026-09-11T13:46:45.968Z,research,CommandExecution,,completed,0,1789134405968,1789134405968
12578,2026-09-11T13:47:13.731Z,research,CommandExecution,,completed,0,1789134433728,1789134433730
12580,2026-09-11T13:47:17.271Z,research,Extension,web.search,,,1789134433741,1789134437271
12589,2026-09-11T13:48:09.314Z,research,CommandExecution,,completed,0,1789134489313,1789134489314
12590,2026-09-11T13:48:11.331Z,research,Extension,web.search,,,1789134489382,1789134491330
12597,2026-09-11T13:48:50.639Z,research,AgentMessage,,,,1789134529605,1789134530639
12601,2026-09-11T13:48:56.168Z,research,Extension,web.search,,,1789134534640,1789134536167
12602,2026-09-11T13:48:56.268Z,research,CommandExecution,,completed,0,1789134536267,1789134536268
12611,2026-09-11T13:52:54.228Z,research,ContextCompaction,,,,1789134536298,1789134774228
12614,2026-09-11T13:52:59.851Z,research,CommandExecution,,completed,0,1789134779851,1789134779851
12619,2026-09-11T13:53:06.435Z,research,AgentMessage,,,,1789134785107,1789134786435
12623,2026-09-11T13:53:12.576Z,research,CommandExecution,,completed,0,1789134792576,1789134792576
12624,2026-09-11T13:53:13.006Z,research,CommandExecution,,completed,0,1789134792695,1789134793006
12625,2026-09-11T13:53:14.186Z,research,Extension,web.search,,,1789134792567,1789134794185
12629,2026-09-11T13:53:24.004Z,research,ImageView,,,,1789134804004,1789134804004
12631,2026-09-11T13:53:24.165Z,research,CommandExecution,,completed,0,1789134804093,1789134804164
12632,2026-09-11T13:53:24.172Z,research,CommandExecution,,completed,0,1789134804170,1789134804172
12633,2026-09-11T13:53:24.194Z,research,CommandExecution,,completed,0,1789134804193,1789134804193
12634,2026-09-11T13:53:26.095Z,research,Extension,web.search,,,1789134804165,1789134806095
12641,2026-09-11T13:53:35.784Z,research,Extension,web.search,,,1789134812695,1789134815783
12644,2026-09-11T13:53:39.237Z,research,CommandExecution,,completed,0,1789134815979,1789134819237
12649,2026-09-11T13:54:05.739Z,research,Extension,web.search,,,1789134843276,1789134845738
12650,2026-09-11T13:54:05.818Z,research,CommandExecution,,completed,0,1789134845817,1789134845817
12655,2026-09-11T13:54:11.457Z,research,AgentMessage,,,,1789134848860,1789134851457
12659,2026-09-11T13:54:19.974Z,research,Extension,web.search,,,1789134856458,1789134859973
12660,2026-09-11T13:54:20.072Z,research,CommandExecution,,completed,0,1789134860071,1789134860072
12667,2026-09-11T13:54:32.476Z,research,Extension,web.search,,,1789134871198,1789134872475
12668,2026-09-11T13:54:32.564Z,research,CommandExecution,,completed,0,1789134872563,1789134872564
12669,2026-09-11T13:54:33.217Z,research,CommandExecution,,completed,0,1789134872760,1789134873214
12676,2026-09-11T13:54:43.479Z,research,Extension,web.search,,,1789134881964,1789134883478
12677,2026-09-11T13:54:43.564Z,research,CommandExecution,,completed,0,1789134883563,1789134883564
12678,2026-09-11T13:54:43.650Z,research,CommandExecution,,completed,0,1789134883649,1789134883650
12685,2026-09-11T13:54:58.574Z,research,CommandExecution,,completed,0,1789134898573,1789134898573
12686,2026-09-11T13:54:58.586Z,research,CommandExecution,,completed,0,1789134898586,1789134898586
12687,2026-09-11T13:54:59.119Z,research,CommandExecution,,failed,1,1789134898678,1789134899119
12694,2026-09-11T13:55:17.131Z,research,Extension,web.search,,,1789134915432,1789134917130
12697,2026-09-11T13:55:17.744Z,research,CommandExecution,,completed,0,1789134915556,1789134917744
12702,2026-09-11T13:55:32.365Z,research,CommandExecution,,completed,0,1789134932364,1789134932365
12703,2026-09-11T13:55:32.441Z,research,CommandExecution,,completed,0,1789134932440,1789134932440
12704,2026-09-11T13:55:33.809Z,research,Extension,web.search,,,1789134932511,1789134933809
12709,2026-09-11T13:55:47.375Z,research,AgentMessage,,,,1789134945400,1789134947375
12713,2026-09-11T13:58:00.756Z,research,CommandExecution,,completed,0,1789135080756,1789135080756
12714,2026-09-11T13:58:00.776Z,research,FileChange,,completed,,1789135080773,1789135080775
12721,2026-09-11T13:58:18.392Z,research,CommandExecution,,completed,0,1789135098391,1789135098392
12722,2026-09-11T13:58:18.401Z,research,CommandExecution,,completed,0,1789135098398,1789135098401
12723,2026-09-11T13:58:18.408Z,research,CommandExecution,,completed,0,1789135098407,1789135098408
12730,2026-09-11T13:59:10.640Z,research,CommandExecution,,completed,0,1789135150639,1789135150640
12731,2026-09-11T13:59:10.729Z,research,CommandExecution,,completed,0,1789135150728,1789135150728
12738,2026-09-11T13:59:29.443Z,research,CommandExecution,,completed,0,1789135169443,1789135169443
12739,2026-09-11T13:59:29.528Z,research,CommandExecution,,completed,0,1789135169526,1789135169527
12740,2026-09-11T13:59:29.619Z,research,CommandExecution,,completed,0,1789135169619,1789135169619
12741,2026-09-11T13:59:29.710Z,research,CommandExecution,,completed,0,1789135169709,1789135169710
12746,2026-09-11T13:59:35.768Z,research,AgentMessage,,,,1789135174404,1789135175768
12749,2026-09-11T13:59:42.542Z,research,CommandExecution,,completed,0,1789135182526,1789135182542
12751,2026-09-11T13:59:42.554Z,research,CommandExecution,,completed,0,1789135182549,1789135182552
12752,2026-09-11T13:59:42.580Z,research,CommandExecution,,completed,0,1789135182579,1789135182580
12756,2026-09-11T13:59:53.259Z,research,CommandExecution,,completed,0,1789135193257,1789135193258
12758,2026-09-11T13:59:53.298Z,research,CommandExecution,,completed,0,1789135193285,1789135193298
12759,2026-09-11T13:59:53.324Z,research,CommandExecution,,completed,0,1789135193323,1789135193324
12766,2026-09-11T14:00:26.181Z,research,Extension,web.search,,,1789135224654,1789135226180
12767,2026-09-11T14:00:26.272Z,research,CommandExecution,,completed,0,1789135226271,1789135226272
12774,2026-09-11T14:01:01.231Z,research,Extension,web.search,,,1789135259673,1789135261230
12781,2026-09-11T14:01:30.439Z,research,Extension,web.search,,,1789135288894,1789135290438
12786,2026-09-11T14:01:58.254Z,research,AgentMessage,,,,1789135315622,1789135318254
12790,2026-09-11T14:02:02.283Z,research,Extension,web.search,,,1789135319739,1789135322282
12797,2026-09-11T14:02:11.068Z,research,Extension,web.search,,,1789135329348,1789135331067
12804,2026-09-11T14:02:26.957Z,research,Extension,web.search,,,1789135345516,1789135346956
12807,2026-09-11T14:02:28.952Z,research,CommandExecution,,completed,0,1789135345597,1789135348952
12812,2026-09-11T14:02:52.217Z,research,Extension,web.search,,,1789135370738,1789135372216
12819,2026-09-11T14:03:06.509Z,research,Extension,web.search,,,1789135383041,1789135386509
12826,2026-09-11T14:03:41.223Z,research,Extension,web.search,,,1789135419307,1789135421223
12827,2026-09-11T14:03:41.587Z,research,CommandExecution,,completed,0,1789135421419,1789135421586
12836,2026-09-11T14:04:14.872Z,research,Extension,web.search,,,1789135453347,1789135454872
12849,2026-09-11T14:05:48.379Z,research,AgentMessage,,,,1789135545985,1789135548378
12853,2026-09-11T14:06:02.055Z,research,Extension,web.search,,,1789135560219,1789135562055
12854,2026-09-11T14:06:02.133Z,research,CommandExecution,,completed,0,1789135562133,1789135562133
12861,2026-09-11T14:06:39.639Z,research,Extension,web.search,,,1789135598208,1789135599638
12862,2026-09-11T14:06:39.656Z,research,FileChange,,completed,,1789135599655,1789135599656
12873,2026-09-11T14:07:47.628Z,research,CommandExecution,,completed,0,1789135667288,1789135667628
12874,2026-09-11T14:07:48.086Z,research,CommandExecution,,completed,0,1789135667214,1789135668083
12875,2026-09-11T14:07:48.759Z,research,Extension,web.search,,,1789135667157,1789135668758
12882,2026-09-11T14:08:16.717Z,research,ImageView,,,,1789135696714,1789135696717
12883,2026-09-11T14:08:18.378Z,research,Extension,web.search,,,1789135696794,1789135698378
12892,2026-09-11T14:09:05.846Z,research,Extension,web.search,,,1789135744364,1789135745845
12893,2026-09-11T14:09:05.934Z,research,CommandExecution,,completed,0,1789135745933,1789135745933
12894,2026-09-11T14:09:06.156Z,research,CommandExecution,,completed,0,1789135746130,1789135746155
12903,2026-09-11T14:13:13.693Z,research,ContextCompaction,,,,1789135746187,1789135993692
12906,2026-09-11T14:13:20.049Z,research,AgentMessage,,,,1789135997911,1789136000049
12910,2026-09-11T14:13:24.661Z,research,CommandExecution,,completed,0,1789136004660,1789136004661
12911,2026-09-11T14:13:24.763Z,research,CommandExecution,,completed,0,1789136004762,1789136004763
12918,2026-09-11T14:13:36.841Z,research,CommandExecution,,completed,0,1789136016828,1789136016837
12919,2026-09-11T14:13:36.846Z,research,CommandExecution,,completed,0,1789136016828,1789136016842
12920,2026-09-11T14:13:36.982Z,research,CommandExecution,,completed,0,1789136016879,1789136016980
12927,2026-09-11T14:13:51.799Z,research,CommandExecution,,completed,0,1789136031798,1789136031799
12928,2026-09-11T14:13:53.038Z,research,CommandExecution,,completed,0,1789136031891,1789136033038
12929,2026-09-11T14:13:53.302Z,research,Extension,web.search,,,1789136031777,1789136033301
12934,2026-09-11T14:14:16.448Z,research,AgentMessage,,,,1789136054512,1789136056448
12938,2026-09-11T14:14:22.158Z,research,CommandExecution,,completed,0,1789136062157,1789136062157
12939,2026-09-11T14:14:23.845Z,research,Extension,web.search,,,1789136062138,1789136063844
12946,2026-09-11T14:14:35.514Z,research,CommandExecution,,completed,0,1789136075513,1789136075513
12947,2026-09-11T14:14:37.215Z,research,Extension,web.search,,,1789136075501,1789136077215
12954,2026-09-11T14:14:57.784Z,research,CommandExecution,,completed,0,1789136097783,1789136097784
12955,2026-09-11T14:14:59.010Z,research,CommandExecution,,completed,0,1789136097849,1789136099010
12956,2026-09-11T14:15:00.662Z,research,Extension,web.search,,,1789136097736,1789136100661
12963,2026-09-11T14:17:25.292Z,research,FileChange,,completed,,1789136245290,1789136245292
12968,2026-09-11T14:17:49.009Z,research,AgentMessage,,,,1789136267394,1789136269009
12972,2026-09-11T14:17:56.161Z,research,CommandExecution,,completed,0,1789136276159,1789136276160
12975,2026-09-11T14:17:58.595Z,research,CommandExecution,,completed,0,1789136276299,1789136278595
12980,2026-09-11T14:19:39.019Z,research,FileChange,,completed,,1789136379014,1789136379016
12987,2026-09-11T14:20:09.102Z,research,FileChange,,completed,,1789136409100,1789136409102
12990,2026-09-11T14:20:11.172Z,research,CommandExecution,,completed,0,1789136409312,1789136411171
12995,2026-09-11T14:20:23.971Z,research,CommandExecution,,completed,0,1789136423970,1789136423971
12996,2026-09-11T14:20:24.643Z,research,CommandExecution,,completed,0,1789136424034,1789136424642
13003,2026-09-11T14:20:55.136Z,research,CommandExecution,,completed,0,1789136455136,1789136455136
13004,2026-09-11T14:20:55.154Z,research,FileChange,,completed,,1789136455150,1789136455154
13011,2026-09-11T14:21:11.677Z,research,CommandExecution,,completed,0,1789136471675,1789136471676
13012,2026-09-11T14:21:13.174Z,research,Extension,web.search,,,1789136471686,1789136473173
13015,2026-09-11T14:21:15.119Z,research,CommandExecution,,completed,0,1789136471867,1789136475119
13016,2026-09-11T14:21:17.743Z,research,CommandExecution,,completed,0,1789136455349,1789136477742
13021,2026-09-11T14:21:24.631Z,research,CommandExecution,,completed,0,1789136484630,1789136484631
13022,2026-09-11T14:21:26.018Z,research,Extension,web.search,,,1789136484520,1789136486017
13029,2026-09-11T14:22:48.890Z,research,FileChange,,completed,,1789136568888,1789136568890
13035,2026-09-11T14:23:05.932Z,research,FileChange,,completed,,1789136585928,1789136585932
13037,2026-09-11T14:23:06.072Z,research,CommandExecution,,completed,0,1789136586072,1789136586072
13038,2026-09-11T14:23:06.386Z,research,CommandExecution,,completed,0,1789136586209,1789136586386
13039,2026-09-11T14:23:06.682Z,research,CommandExecution,,completed,0,1789136586136,1789136586682
13044,2026-09-11T14:23:13.997Z,research,AgentMessage,,,,1789136591833,1789136593997
13048,2026-09-11T14:23:24.518Z,research,CommandExecution,,completed,0,1789136604514,1789136604517
13049,2026-09-11T14:23:24.522Z,research,CommandExecution,,completed,0,1789136604514,1789136604518
13050,2026-09-11T14:23:24.636Z,research,CommandExecution,,completed,0,1789136604537,1789136604635
13057,2026-09-11T14:23:35.486Z,research,CommandExecution,,completed,0,1789136615485,1789136615486
13064,2026-09-11T14:23:53.012Z,research,CommandExecution,,completed,0,1789136633008,1789136633012
13065,2026-09-11T14:23:53.051Z,research,ImageView,,,,1789136633051,1789136633051
13072,2026-09-11T14:24:10.292Z,research,CommandExecution,,completed,0,1789136650291,1789136650291
13085,2026-09-11T14:24:57.150Z,research,CommandExecution,,completed,0,1789136697150,1789136697150
13090,2026-09-11T14:25:08.404Z,research,AgentMessage,,,,1789136705894,1789136708404
13094,2026-09-11T14:26:58.731Z,research,FileChange,,completed,,1789136818624,1789136818731
13100,2026-09-11T14:27:12.502Z,research,CommandExecution,,completed,0,1789136832500,1789136832502
13114,2026-09-11T14:30:10.259Z,research,FileChange,,completed,,1789137010153,1789137010259
13115,2026-09-11T14:30:10.408Z,research,CommandExecution,,completed,0,1789137010407,1789137010408
13120,2026-09-11T14:30:31.178Z,research,AgentMessage,,,,1789137029165,1789137031178
13124,2026-09-11T14:31:10.160Z,research,CommandExecution,,completed,0,1789137070159,1789137070160
13125,2026-09-11T14:31:10.346Z,research,CommandExecution,,completed,0,1789137070344,1789137070346
13132,2026-09-11T14:31:40.900Z,research,CommandExecution,,failed,1,1789137100899,1789137100900
13133,2026-09-11T14:31:43.117Z,research,Extension,web.search,,,1789137100820,1789137103116
13144,2026-09-11T14:33:01.397Z,research,CommandExecution,,completed,0,1789137181396,1789137181397
13145,2026-09-11T14:33:02.958Z,research,Extension,web.search,,,1789137181382,1789137182957
13152,2026-09-11T14:33:29.165Z,research,CommandExecution,,completed,0,1789137209164,1789137209165
13153,2026-09-11T14:33:30.837Z,research,Extension,web.search,,,1789137209141,1789137210836
13159,2026-09-11T14:33:48.247Z,research,CommandExecution,,completed,0,1789137228246,1789137228247
13161,2026-09-11T14:33:50.077Z,research,Extension,web.search,,,1789137228296,1789137230077
13170,2026-09-11T14:34:00.640Z,research,CommandExecution,,completed,0,1789137239475,1789137240640
13173,2026-09-11T14:34:15.378Z,research,AgentMessage,,,,1789137253362,1789137255378
13177,2026-09-11T14:34:16.972Z,research,CommandExecution,,completed,0,1789137256971,1789137256972
13184,2026-09-11T14:34:23.206Z,research,CommandExecution,,completed,0,1789137263205,1789137263205
13191,2026-09-11T14:34:47.690Z,research,CommandExecution,,completed,0,1789137287028,1789137287690
13192,2026-09-11T14:34:48.374Z,research,Extension,web.search,,,1789137286921,1789137288374
13197,2026-09-11T14:34:53.744Z,research,ImageView,,,,1789137293744,1789137293744
13203,2026-09-11T14:36:22.819Z,research,FileChange,,completed,,1789137382817,1789137382819
13211,2026-09-11T14:37:19.350Z,research,CommandExecution,,completed,0,1789137439349,1789137439350
13212,2026-09-11T14:37:19.519Z,research,CommandExecution,,completed,0,1789137439518,1789137439519
13223,2026-09-11T14:38:34.000Z,research,CommandExecution,,completed,0,1789137513999,1789137514000
13224,2026-09-11T14:38:35.657Z,research,Extension,web.search,,,1789137513993,1789137515656
13237,2026-09-11T14:40:10.572Z,research,Extension,web.search,,,1789137609125,1789137610571
13246,2026-09-11T14:40:53.082Z,research,CommandExecution,,completed,0,1789137652731,1789137653082
13247,2026-09-11T14:40:55.094Z,research,Extension,web.search,,,1789137653150,1789137655093
13254,2026-09-11T14:41:18.761Z,research,ImageView,,,,1789137678761,1789137678761
13263,2026-09-11T14:45:09.365Z,research,ContextCompaction,,,,1789137678848,1789137909365
13266,2026-09-11T14:45:13.010Z,research,AgentMessage,,,,1789137912077,1789137913010
13270,2026-09-11T14:45:16.055Z,research,CommandExecution,,completed,0,1789137916054,1789137916055
13275,2026-09-11T14:45:26.309Z,research,CommandExecution,,completed,0,1789137926307,1789137926308
13276,2026-09-11T14:45:26.321Z,research,CommandExecution,,completed,0,1789137926321,1789137926321
13277,2026-09-11T14:45:26.342Z,research,CommandExecution,,completed,0,1789137926342,1789137926342
13284,2026-09-11T14:45:38.263Z,research,CommandExecution,,completed,0,1789137938238,1789137938263
13285,2026-09-11T14:45:38.272Z,research,CommandExecution,,completed,0,1789137938271,1789137938272
13286,2026-09-11T14:45:39.774Z,research,Extension,web.search,,,1789137938286,1789137939774
13293,2026-09-11T14:45:49.818Z,research,CommandExecution,,completed,0,1789137949816,1789137949817
13294,2026-09-11T14:45:53.247Z,research,Extension,web.search,,,1789137949740,1789137953247
13299,2026-09-11T14:45:59.210Z,research,AgentMessage,,,,1789137956729,1789137959210
13303,2026-09-11T14:46:02.416Z,research,ImageView,,,,1789137962416,1789137962416
13304,2026-09-11T14:46:02.530Z,research,CommandExecution,,completed,0,1789137962527,1789137962529
13311,2026-09-11T14:47:36.302Z,research,FileChange,,completed,,1789138056300,1789138056302
13318,2026-09-11T14:48:13.285Z,research,CommandExecution,,failed,1,1789138093214,1789138093285
13325,2026-09-11T14:48:26.906Z,research,CommandExecution,,completed,0,1789138106905,1789138106906
13326,2026-09-11T14:48:29.289Z,research,Extension,web.search,,,1789138106972,1789138109289
13333,2026-09-11T14:49:09.977Z,research,Extension,web.search,,,1789138147818,1789138149976
13334,2026-09-11T14:49:10.055Z,research,CommandExecution,,completed,0,1789138150054,1789138150054
13339,2026-09-11T14:49:36.265Z,research,AgentMessage,,,,1789138175631,1789138176265
13343,2026-09-11T14:49:40.595Z,research,Extension,web.search,,,1789138178879,1789138180594
13350,2026-09-11T14:50:12.622Z,research,Extension,web.search,,,1789138211135,1789138212621
13357,2026-09-11T14:50:49.657Z,research,Extension,web.search,,,1789138248052,1789138249656
13364,2026-09-11T14:51:19.716Z,research,CommandExecution,,completed,0,1789138279715,1789138279715
13365,2026-09-11T14:51:21.538Z,research,Extension,web.search,,,1789138279778,1789138281537
13372,2026-09-11T14:51:47.159Z,research,CommandExecution,,completed,0,1789138306214,1789138307159
13373,2026-09-11T14:51:48.737Z,research,Extension,web.search,,,1789138307224,1789138308736
13380,2026-09-11T14:51:58.754Z,research,CommandExecution,,completed,0,1789138318735,1789138318750
13381,2026-09-11T14:51:58.759Z,research,CommandExecution,,completed,0,1789138318741,1789138318750
13382,2026-09-11T14:51:58.780Z,research,CommandExecution,,completed,0,1789138318780,1789138318780
13389,2026-09-11T14:52:24.191Z,research,CommandExecution,,completed,0,1789138344189,1789138344190
13398,2026-09-11T14:53:10.983Z,research,CommandExecution,,completed,0,1789138390981,1789138390982
13411,2026-09-11T14:55:00.776Z,research,AgentMessage,,,,1789138498824,1789138500776
13415,2026-09-11T14:55:05.470Z,research,Extension,web.search,,,1789138503965,1789138505469
13418,2026-09-11T14:55:08.937Z,research,CommandExecution,,completed,0,1789138505673,1789138508937
13427,2026-09-11T14:56:17.317Z,research,Extension,web.search,,,1789138575242,1789138577316
13434,2026-09-11T14:57:31.875Z,research,FileChange,,completed,,1789138651874,1789138651875
13435,2026-09-11T14:57:32.136Z,research,CommandExecution,,completed,0,1789138652080,1789138652133
13442,2026-09-11T14:57:44.934Z,research,CommandExecution,,completed,0,1789138664932,1789138664933
13443,2026-09-11T14:57:46.658Z,research,Extension,web.search,,,1789138665003,1789138666658
13450,2026-09-11T14:58:01.038Z,research,CommandExecution,,completed,0,1789138681037,1789138681038
13451,2026-09-11T14:58:03.944Z,research,Extension,web.search,,,1789138681111,1789138683943
13482,2026-09-11T15:02:54.025Z,research,CommandExecution,,completed,0,1789138973246,1789138974024
13483,2026-09-11T15:02:54.565Z,research,Extension,web.search,,,1789138973116,1789138974564
13492,2026-09-11T15:03:58.420Z,research,AgentMessage,,,,1789139036606,1789139038420
13496,2026-09-11T15:04:03.006Z,research,CommandExecution,,completed,0,1789139043003,1789139043005
13497,2026-09-11T15:04:05.815Z,research,Extension,web.search,,,1789139043077,1789139045814
13504,2026-09-11T15:04:15.151Z,research,CommandExecution,,completed,0,1789139055149,1789139055150
13513,2026-09-11T15:05:00.863Z,research,Extension,web.search,,,1789139099206,1789139100862
13514,2026-09-11T15:05:00.945Z,research,CommandExecution,,completed,0,1789139100944,1789139100945
13523,2026-09-11T15:05:55.222Z,research,Extension,web.search,,,1789139153743,1789139155221
13526,2026-09-11T15:05:55.319Z,research,CommandExecution,,completed,0,1789139152678,1789139155319
13533,2026-09-11T15:09:32.849Z,research,ContextCompaction,,,,1789139155251,1789139372849
13536,2026-09-11T15:09:40.377Z,research,CommandExecution,,completed,0,1789139380373,1789139380377
13537,2026-09-11T15:09:40.412Z,research,CommandExecution,,completed,0,1789139380412,1789139380412
13542,2026-09-11T15:09:54.294Z,research,AgentMessage,,,,1789139390983,1789139394294
13546,2026-09-11T15:10:00.903Z,research,CommandExecution,,completed,0,1789139400902,1789139400903
13547,2026-09-11T15:10:00.959Z,research,CommandExecution,,completed,0,1789139400957,1789139400958
13548,2026-09-11T15:10:02.355Z,research,Extension,web.search,,,1789139400868,1789139402355
13555,2026-09-11T15:10:18.921Z,research,CommandExecution,,completed,0,1789139418919,1789139418920
13556,2026-09-11T15:10:20.106Z,research,CommandExecution,,completed,0,1789139419050,1789139420106
13557,2026-09-11T15:10:21.681Z,research,Extension,web.search,,,1789139418984,1789139421680
13564,2026-09-11T15:10:32.223Z,research,CommandExecution,,completed,0,1789139432222,1789139432223
13565,2026-09-11T15:10:32.261Z,research,ImageView,,,,1789139432261,1789139432261
13570,2026-09-11T15:10:59.631Z,research,AgentMessage,,,,1789139457361,1789139459631
13574,2026-09-11T15:11:17.397Z,research,CommandExecution,,completed,0,1789139477395,1789139477396
13575,2026-09-11T15:11:17.416Z,research,FileChange,,completed,,1789139477415,1789139477416
13582,2026-09-11T15:13:12.997Z,research,CommandExecution,,completed,0,1789139592996,1789139592997
13583,2026-09-11T15:13:13.015Z,research,FileChange,,completed,,1789139593014,1789139593015
13588,2026-09-11T15:13:18.509Z,research,AgentMessage,,,,1789139596242,1789139598508
13592,2026-09-11T15:14:40.806Z,research,FileChange,,completed,,1789139680804,1789139680805
13595,2026-09-11T15:14:43.591Z,research,CommandExecution,,completed,0,1789139681010,1789139683590
13600,2026-09-11T15:15:56.090Z,research,FileChange,,completed,,1789139756089,1789139756090
13603,2026-09-11T15:16:06.660Z,research,CommandExecution,,completed,0,1789139756297,1789139766660
13608,2026-09-11T15:16:20.298Z,research,CommandExecution,,completed,0,1789139780298,1789139780298
13609,2026-09-11T15:16:20.314Z,research,FileChange,,completed,,1789139780311,1789139780314
13612,2026-09-11T15:16:23.640Z,research,CommandExecution,,completed,0,1789139780513,1789139783640
13615,2026-09-11T15:16:39.551Z,research,AgentMessage,,,,1789139799387,1789139799551
13619,2026-09-11T15:16:42.350Z,research,Extension,web.search,,,1789139799662,1789139802349
13622,2026-09-11T15:16:43.297Z,research,CommandExecution,,completed,0,1789139799790,1789139803297
13627,2026-09-11T15:17:13.649Z,research,CommandExecution,,completed,0,1789139833649,1789139833649
13628,2026-09-11T15:17:15.068Z,research,Extension,web.search,,,1789139833636,1789139835068
13639,2026-09-11T15:19:24.010Z,research,AgentMessage,,,,1789139961653,1789139964010
13643,2026-09-11T15:20:49.839Z,research,FileChange,,completed,,1789140049835,1789140049839
13649,2026-09-11T15:21:54.605Z,research,FileChange,,completed,,1789140114603,1789140114604
13651,2026-09-11T15:21:54.796Z,research,CommandExecution,,completed,0,1789140114795,1789140114795
13658,2026-09-11T15:22:40.252Z,research,CommandExecution,,completed,0,1789140160207,1789140160251
13665,2026-09-11T15:23:11.536Z,research,CommandExecution,,completed,0,1789140191086,1789140191535
13670,2026-09-11T15:23:17.660Z,research,AgentMessage,,,,1789140195797,1789140197660
13674,2026-09-11T15:23:19.604Z,research,CommandExecution,,completed,0,1789140199603,1789140199604
13681,2026-09-11T15:23:29.380Z,research,CommandExecution,,completed,0,1789140209362,1789140209374
13682,2026-09-11T15:23:29.387Z,research,CommandExecution,,completed,0,1789140209380,1789140209385
13683,2026-09-11T15:23:29.417Z,research,CommandExecution,,completed,0,1789140209416,1789140209417
13696,2026-09-11T15:25:09.124Z,research,CommandExecution,,completed,0,1789140309122,1789140309123
13697,2026-09-11T15:25:10.803Z,research,Extension,web.search,,,1789140309120,1789140310803
13710,2026-09-11T15:26:35.652Z,research,CommandExecution,,completed,0,1789140395647,1789140395651
13711,2026-09-11T15:26:35.701Z,research,CommandExecution,,completed,0,1789140395700,1789140395700
13712,2026-09-11T15:26:37.113Z,research,Extension,web.search,,,1789140395676,1789140397113
13737,2026-09-11T15:30:51.071Z,research,AgentMessage,,,,1789140647956,1789140651071
13741,2026-09-11T15:30:54.078Z,research,CommandExecution,,completed,0,1789140654077,1789140654078
13742,2026-09-11T15:30:56.311Z,research,Extension,web.search,,,1789140654047,1789140656310
13749,2026-09-11T15:31:10.157Z,research,Extension,web.search,,,1789140668467,1789140670156
13750,2026-09-11T15:31:10.241Z,research,CommandExecution,,completed,0,1789140670240,1789140670241
13757,2026-09-11T15:31:23.374Z,research,CommandExecution,,completed,0,1789140683153,1789140683374
13758,2026-09-11T15:31:25.069Z,research,Extension,web.search,,,1789140683441,1789140685069
13759,2026-09-11T15:31:25.152Z,research,CommandExecution,,completed,0,1789140685152,1789140685152
13772,2026-09-11T15:32:45.250Z,research,CommandExecution,,completed,0,1789140765248,1789140765250
13785,2026-09-11T15:33:56.639Z,research,CommandExecution,,completed,0,1789140836637,1789140836638
13788,2026-09-11T15:33:58.608Z,research,CommandExecution,,completed,0,1789140836847,1789140838608
13793,2026-09-11T15:34:11.965Z,research,CommandExecution,,completed,0,1789140851964,1789140851965
13807,2026-09-11T15:36:41.435Z,research,FileChange,,completed,,1789141001433,1789141001435
13811,2026-09-11T15:36:58.001Z,research,CommandExecution,,completed,0,1789141001641,1789141018000
13822,2026-09-11T15:38:13.347Z,research,Extension,web.search,,,1789141091240,1789141093346
13829,2026-09-11T15:38:43.063Z,research,CommandExecution,,completed,0,1789141123063,1789141123063
13830,2026-09-11T15:38:45.462Z,research,Extension,web.search,,,1789141122988,1789141125461
13839,2026-09-11T15:39:44.564Z,research,CommandExecution,,completed,0,1789141183724,1789141184564
13840,2026-09-11T15:39:44.585Z,research,FileChange,,completed,,1789141184584,1789141184585
13845,2026-09-11T15:39:55.193Z,research,AgentMessage,,,,1789141193203,1789141195193
13848,2026-09-11T15:39:57.645Z,research,ImageView,,,,1789141197645,1789141197645
13850,2026-09-11T15:39:57.746Z,research,CommandExecution,,completed,0,1789141197745,1789141197746
13857,2026-09-11T15:40:17.114Z,research,CommandExecution,,completed,0,1789141217113,1789141217113
13866,2026-09-11T15:40:58.680Z,research,CommandExecution,,completed,0,1789141258680,1789141258680
13867,2026-09-11T15:40:58.815Z,research,CommandExecution,,completed,0,1789141258814,1789141258815
13873,2026-09-11T15:42:13.294Z,research,FileChange,,completed,,1789141333291,1789141333294
13875,2026-09-11T15:42:13.462Z,research,CommandExecution,,completed,0,1789141333461,1789141333462
13884,2026-09-11T15:43:18.915Z,research,CommandExecution,,completed,0,1789141398662,1789141398915
13889,2026-09-11T15:43:24.893Z,research,AgentMessage,,,,1789141403220,1789141404893
13893,2026-09-11T15:43:27.614Z,research,CommandExecution,,completed,0,1789141407613,1789141407614
13896,2026-09-11T15:43:31.032Z,research,CommandExecution,,completed,0,1789141407811,1789141411031
13907,2026-09-11T15:45:15.603Z,research,Extension,web.search,,,1789141514133,1789141515602
13908,2026-09-11T15:45:15.674Z,research,CommandExecution,,completed,0,1789141515674,1789141515674
13919,2026-09-11T15:46:14.156Z,research,Extension,web.search,,,1789141572553,1789141574155
13938,2026-09-11T15:49:10.382Z,research,AgentMessage,,,,1789141748590,1789141750382
13942,2026-09-11T15:49:16.733Z,research,Extension,web.search,,,1789141755134,1789141756732
13943,2026-09-11T15:49:16.827Z,research,CommandExecution,,failed,1,1789141756826,1789141756827
13952,2026-09-11T15:52:50.198Z,research,ContextCompaction,,,,1789141756858,1789141970198
13955,2026-09-11T15:52:55.845Z,research,CommandExecution,,failed,2,1789141975845,1789141975845
13960,2026-09-11T15:53:05.405Z,research,AgentMessage,,,,1789141981628,1789141985405
13964,2026-09-11T15:53:10.833Z,research,CommandExecution,,completed,0,1789141990832,1789141990833
13965,2026-09-11T15:53:10.836Z,research,CommandExecution,,completed,0,1789141990834,1789141990836
13966,2026-09-11T15:53:12.257Z,research,Extension,web.search,,,1789141990804,1789141992257
13971,2026-09-11T15:53:21.644Z,research,CommandExecution,,completed,0,1789142001617,1789142001641
13972,2026-09-11T15:53:21.666Z,research,CommandExecution,,completed,0,1789142001665,1789142001666
13973,2026-09-11T15:53:23.099Z,research,Extension,web.search,,,1789142001664,1789142003099
13980,2026-09-11T15:53:36.330Z,research,CommandExecution,,completed,0,1789142015559,1789142016330
13981,2026-09-11T15:53:36.435Z,research,CommandExecution,,completed,0,1789142016434,1789142016435
13986,2026-09-11T15:53:44.328Z,research,CommandExecution,,completed,0,1789142024326,1789142024327
13991,2026-09-11T15:54:00.343Z,research,AgentMessage,,,,1789142038437,1789142040343
13995,2026-09-11T15:54:06.057Z,research,CommandExecution,,completed,0,1789142046053,1789142046056
13996,2026-09-11T15:54:06.441Z,research,CommandExecution,,completed,0,1789142046197,1789142046441
13997,2026-09-11T15:54:07.619Z,research,Extension,web.search,,,1789142046062,1789142047618
14004,2026-09-11T15:54:34.902Z,research,ImageView,,,,1789142074902,1789142074902
14005,2026-09-11T15:54:35.017Z,research,CommandExecution,,completed,0,1789142075016,1789142075017
14012,2026-09-11T15:55:05.589Z,research,CommandExecution,,completed,0,1789142105588,1789142105589
14013,2026-09-11T15:55:07.081Z,research,Extension,web.search,,,1789142105653,1789142107080
14020,2026-09-11T15:55:22.080Z,research,Extension,web.search,,,1789142120474,1789142122080
14021,2026-09-11T15:55:22.171Z,research,CommandExecution,,completed,0,1789142122170,1789142122171
14028,2026-09-11T15:55:30.431Z,research,Extension,web.search,,,1789142129074,1789142130431
14035,2026-09-11T15:55:40.108Z,research,CommandExecution,,completed,0,1789142139838,1789142140107
14042,2026-09-11T15:55:47.405Z,research,CommandExecution,,completed,0,1789142147404,1789142147404
14047,2026-09-11T15:56:15.563Z,research,AgentMessage,,,,1789142173305,1789142175563
14051,2026-09-11T15:57:43.749Z,research,FileChange,,completed,,1789142263747,1789142263749
14058,2026-09-11T15:58:42.700Z,research,CommandExecution,,completed,0,1789142319476,1789142322700
14059,2026-09-11T15:58:42.847Z,research,CommandExecution,,completed,0,1789142322846,1789142322846
14066,2026-09-11T15:59:00.973Z,research,CommandExecution,,completed,0,1789142340973,1789142340973
14067,2026-09-11T15:59:01.188Z,research,CommandExecution,,completed,0,1789142341187,1789142341188
14074,2026-09-11T15:59:08.209Z,research,CommandExecution,,completed,0,1789142348207,1789142348208
14081,2026-09-11T15:59:19.476Z,research,CommandExecution,,completed,0,1789142359475,1789142359476
14082,2026-09-11T15:59:19.561Z,research,CommandExecution,,completed,0,1789142359559,1789142359560
14091,2026-09-11T16:00:18.555Z,research,Extension,web.search,,,1789142416952,1789142418555
14092,2026-09-11T16:00:18.649Z,research,CommandExecution,,completed,0,1789142418648,1789142418649
14101,2026-09-11T16:01:15.614Z,research,AgentMessage,,,,1789142473984,1789142475614
14105,2026-09-11T16:01:19.808Z,research,Extension,web.search,,,1789142478281,1789142479808
14106,2026-09-11T16:01:19.995Z,research,Extension,web.search,,,1789142478282,1789142479994
14115,2026-09-11T16:02:03.292Z,research,Extension,web.search,,,1789142521907,1789142523292
14116,2026-09-11T16:02:04.285Z,research,Extension,web.search,,,1789142521906,1789142524284
14123,2026-09-11T16:02:18.040Z,research,CommandExecution,,completed,0,1789142537725,1789142538039
14124,2026-09-11T16:02:22.126Z,research,Extension,web.search,,,1789142538114,1789142542125
14131,2026-09-11T16:02:51.772Z,research,CommandExecution,,completed,0,1789142569766,1789142571772
14132,2026-09-11T16:02:51.853Z,research,CommandExecution,,failed,2,1789142571852,1789142571853
14139,2026-09-11T16:03:05.612Z,research,Extension,web.search,,,1789142583641,1789142585612
14146,2026-09-11T16:03:22.842Z,research,Extension,web.search,,,1789142601355,1789142602841
14153,2026-09-11T16:03:35.798Z,research,Extension,web.search,,,1789142612912,1789142615798
14154,2026-09-11T16:03:35.882Z,research,CommandExecution,,completed,0,1789142615881,1789142615881
14161,2026-09-11T16:03:51.571Z,research,CommandExecution,,completed,0,1789142631185,1789142631571
14166,2026-09-11T16:03:57.748Z,research,CommandExecution,,completed,0,1789142637747,1789142637748
14173,2026-09-11T16:04:18.420Z,research,CommandExecution,,completed,0,1789142658419,1789142658420
14180,2026-09-11T16:04:30.352Z,research,Extension,web.search,,,1789142668576,1789142670352
14181,2026-09-11T16:04:30.437Z,research,CommandExecution,,completed,0,1789142670436,1789142670437
14188,2026-09-11T16:04:38.955Z,research,CommandExecution,,completed,0,1789142678953,1789142678955
14189,2026-09-11T16:04:42.637Z,research,Extension,web.search,,,1789142679031,1789142682637
14196,2026-09-11T16:05:00.528Z,research,CommandExecution,,completed,0,1789142700527,1789142700528
14197,2026-09-11T16:05:02.221Z,research,Extension,web.search,,,1789142700596,1789142702221
14208,2026-09-11T16:06:07.281Z,research,CommandExecution,,completed,0,1789142767280,1789142767281
14209,2026-09-11T16:06:09.164Z,research,Extension,web.search,,,1789142767355,1789142769164
14216,2026-09-11T16:06:26.106Z,research,Extension,web.search,,,1789142784400,1789142786105
14217,2026-09-11T16:06:26.470Z,research,CommandExecution,,completed,0,1789142786308,1789142786469
14236,2026-09-11T16:08:56.628Z,research,CommandExecution,,completed,0,1789142936628,1789142936628
14237,2026-09-11T16:08:58.046Z,research,Extension,web.search,,,1789142936612,1789142938046
14244,2026-09-11T16:09:28.244Z,research,Extension,web.search,,,1789142960376,1789142968243
14249,2026-09-11T16:09:33.444Z,research,AgentMessage,,,,1789142971097,1789142973444
14253,2026-09-11T16:09:42.146Z,research,Extension,web.search,,,1789142980544,1789142982145
14254,2026-09-11T16:09:42.898Z,research,CommandExecution,,completed,0,1789142982345,1789142982897
14265,2026-09-11T16:10:46.267Z,research,Extension,web.search,,,1789143044844,1789143046266
14266,2026-09-11T16:10:46.952Z,research,CommandExecution,,completed,0,1789143046471,1789143046951
14273,2026-09-11T16:10:57.889Z,research,Extension,web.search,,,1789143056213,1789143057889
14274,2026-09-11T16:10:57.973Z,research,CommandExecution,,completed,0,1789143057972,1789143057973
14285,2026-09-11T16:11:55.110Z,research,Extension,web.search,,,1789143113509,1789143115110
14286,2026-09-11T16:11:56.973Z,research,Extension,web.search,,,1789143115179,1789143116973
14293,2026-09-11T16:12:14.119Z,research,Extension,web.search,,,1789143132787,1789143134119
14296,2026-09-11T16:12:30.192Z,research,CommandExecution,,completed,0,1789143134316,1789143150192
14305,2026-09-11T16:13:33.492Z,research,CommandExecution,,completed,0,1789143212890,1789143213492
14306,2026-09-11T16:13:34.915Z,research,Extension,web.search,,,1789143213564,1789143214915
14315,2026-09-11T16:17:39.213Z,research,ContextCompaction,,,,1789143214940,1789143459213
14318,2026-09-11T16:17:44.872Z,research,AgentMessage,,,,1789143463411,1789143464872
14322,2026-09-11T16:17:52.010Z,research,CommandExecution,,completed,0,1789143472010,1789143472010
14323,2026-09-11T16:17:52.044Z,research,CommandExecution,,completed,0,1789143472043,1789143472044
14328,2026-09-11T16:18:01.903Z,research,CommandExecution,,completed,0,1789143481864,1789143481900
14329,2026-09-11T16:18:01.938Z,research,CommandExecution,,completed,0,1789143481936,1789143481937
14330,2026-09-11T16:18:05.393Z,research,CommandExecution,,completed,0,1789143482048,1789143485393
14337,2026-09-11T16:18:23.346Z,research,CommandExecution,,completed,0,1789143502374,1789143503345
14338,2026-09-11T16:18:25.017Z,research,Extension,web.search,,,1789143503417,1789143505016
14343,2026-09-11T16:18:33.409Z,research,ImageView,,,,1789143513409,1789143513409
14344,2026-09-11T16:18:33.452Z,research,ImageView,,,,1789143513452,1789143513452
14345,2026-09-11T16:18:33.569Z,research,CommandExecution,,completed,0,1789143513567,1789143513569
14350,2026-09-11T16:18:45.668Z,research,AgentMessage,,,,1789143523820,1789143525668
14354,2026-09-11T16:19:58.997Z,research,CommandExecution,,completed,0,1789143598738,1789143598996
14355,2026-09-11T16:19:59.014Z,research,FileChange,,completed,,1789143599012,1789143599014
14362,2026-09-11T16:20:22.365Z,research,CommandExecution,,completed,0,1789143622364,1789143622365
14363,2026-09-11T16:20:22.387Z,research,CommandExecution,,completed,0,1789143622386,1789143622387
14370,2026-09-11T16:20:57.217Z,research,CommandExecution,,completed,0,1789143657216,1789143657217
14371,2026-09-11T16:20:58.793Z,research,Extension,web.search,,,1789143657291,1789143658793
14378,2026-09-11T16:21:08.958Z,research,CommandExecution,,failed,128,1789143668956,1789143668958
14379,2026-09-11T16:21:10.635Z,research,Extension,web.search,,,1789143669034,1789143670635
14386,2026-09-11T16:21:19.300Z,research,CommandExecution,,completed,0,1789143679299,1789143679300
14387,2026-09-11T16:21:21.146Z,research,Extension,web.search,,,1789143679371,1789143681145
14394,2026-09-11T16:21:53.112Z,research,CommandExecution,,completed,0,1789143713013,1789143713112
14395,2026-09-11T16:21:53.765Z,research,CommandExecution,,completed,0,1789143712995,1789143713764
14396,2026-09-11T16:21:55.219Z,research,Extension,web.search,,,1789143713828,1789143715218
14403,2026-09-11T16:22:12.607Z,research,CommandExecution,,completed,0,1789143732604,1789143732606
14404,2026-09-11T16:22:14.719Z,research,Extension,web.search,,,1789143732688,1789143734719
14409,2026-09-11T16:22:22.747Z,research,AgentMessage,,,,1789143740842,1789143742747
14413,2026-09-11T16:22:28.550Z,research,CommandExecution,,completed,0,1789143748547,1789143748549
14414,2026-09-11T16:22:30.341Z,research,Extension,web.search,,,1789143748628,1789143750340
14421,2026-09-11T16:22:58.432Z,research,CommandExecution,,completed,0,1789143777701,1789143778432
14422,2026-09-11T16:23:00.272Z,research,Extension,web.search,,,1789143778504,1789143780271
14427,2026-09-11T16:23:09.840Z,research,ImageView,,,,1789143789840,1789143789840
14428,2026-09-11T16:23:09.885Z,research,ImageView,,,,1789143789885,1789143789885
14429,2026-09-11T16:23:11.376Z,research,Extension,web.search,,,1789143789961,1789143791376
14435,2026-09-11T16:24:22.432Z,research,FileChange,,completed,,1789143862431,1789143862432
14437,2026-09-11T16:24:23.788Z,research,Extension,web.search,,,1789143862516,1789143863788
14444,2026-09-11T16:24:59.966Z,research,Extension,web.search,,,1789143898515,1789143899966
14445,2026-09-11T16:25:00.140Z,research,CommandExecution,,completed,0,1789143900139,1789143900140
14452,2026-09-11T16:25:19.941Z,research,CommandExecution,,completed,0,1789143919934,1789143919940
14453,2026-09-11T16:25:25.117Z,research,Extension,web.search,,,1789143921042,1789143925117
14456,2026-09-11T16:25:27.784Z,research,CommandExecution,,completed,0,1789143919975,1789143927784
14465,2026-09-11T16:26:27.636Z,research,CommandExecution,,completed,0,1789143987635,1789143987636
14472,2026-09-11T16:26:34.132Z,research,CommandExecution,,completed,0,1789143994130,1789143994131
14483,2026-09-11T16:27:52.399Z,research,AgentMessage,,,,1789144069808,1789144072398
14487,2026-09-11T16:27:59.468Z,research,Extension,web.search,,,1789144077134,1789144079467
14488,2026-09-11T16:28:02.081Z,research,CommandExecution,,completed,0,1789144079668,1789144082081
14494,2026-09-11T16:28:09.013Z,research,ImageView,,,,1789144089013,1789144089013
14496,2026-09-11T16:28:09.055Z,research,ImageView,,,,1789144089055,1789144089055
14497,2026-09-11T16:28:09.095Z,research,ImageView,,,,1789144089095,1789144089095
14504,2026-09-11T16:28:24.129Z,research,Extension,web.search,,,1789144102292,1789144104129
14505,2026-09-11T16:28:24.216Z,research,CommandExecution,,completed,0,1789144104215,1789144104216
14512,2026-09-11T16:30:35.853Z,research,Extension,web.search,,,1789144234368,1789144235853
14513,2026-09-11T16:30:35.868Z,research,FileChange,,completed,,1789144235866,1789144235868
14520,2026-09-11T16:30:52.381Z,research,Extension,web.search,,,1789144250502,1789144252381
14521,2026-09-11T16:30:52.474Z,research,CommandExecution,,completed,0,1789144252473,1789144252474
14528,2026-09-11T16:31:05.625Z,research,CommandExecution,,completed,0,1789144264082,1789144265625
14529,2026-09-11T16:31:06.663Z,research,Extension,web.search,,,1789144265157,1789144266662
14536,2026-09-11T16:31:25.361Z,research,CommandExecution,,completed,0,1789144285360,1789144285361
14545,2026-09-11T16:32:13.280Z,research,AgentMessage,,,,1789144331544,1789144333280
14548,2026-09-11T16:33:01.755Z,research,FileChange,,completed,,1789144381750,1789144381755
14550,2026-09-11T16:33:03.516Z,research,CommandExecution,,completed,0,1789144381981,1789144383515
14556,2026-09-11T16:33:20.247Z,research,ImageView,,,,1789144400247,1789144400247
14558,2026-09-11T16:33:20.316Z,research,ImageView,,,,1789144400316,1789144400316
14559,2026-09-11T16:33:20.414Z,research,CommandExecution,,completed,0,1789144400413,1789144400414
14565,2026-09-11T16:34:55.420Z,research,FileChange,,completed,,1789144495415,1789144495420
14567,2026-09-11T16:34:59.791Z,research,CommandExecution,,completed,0,1789144495633,1789144499791
14574,2026-09-11T16:36:08.743Z,research,CommandExecution,,completed,0,1789144568741,1789144568743
14581,2026-09-11T16:36:24.107Z,research,CommandExecution,,completed,0,1789144583977,1789144584107
14594,2026-09-11T16:38:21.197Z,research,AgentMessage,,,,1789144699751,1789144701197
14598,2026-09-11T16:38:24.072Z,research,CommandExecution,,completed,0,1789144704070,1789144704071
14599,2026-09-11T16:38:24.113Z,research,CommandExecution,,completed,0,1789144704112,1789144704113
14612,2026-09-11T16:39:58.776Z,research,CommandExecution,,completed,0,1789144798775,1789144798776
14613,2026-09-11T16:40:01.188Z,research,Extension,web.search,,,1789144798860,1789144801188
14622,2026-09-11T16:40:45.236Z,research,Extension,web.search,,,1789144843783,1789144845235
14641,2026-09-11T16:43:26.896Z,research,Extension,web.search,,,1789145005450,1789145006895
14658,2026-09-11T16:45:14.669Z,research,Extension,web.search,,,1789145113082,1789145114668
14659,2026-09-11T16:45:14.775Z,research,CommandExecution,,completed,0,1789145114774,1789145114775
14666,2026-09-11T16:45:24.043Z,research,Extension,web.search,,,1789145122419,1789145124043
14667,2026-09-11T16:45:24.134Z,research,CommandExecution,,completed,0,1789145124134,1789145124134
14676,2026-09-11T16:49:46.895Z,research,ContextCompaction,,,,1789145124167,1789145386895
14679,2026-09-11T16:49:51.613Z,research,AgentMessage,,,,1789145390585,1789145391613
14683,2026-09-11T16:49:56.256Z,research,CommandExecution,,completed,0,1789145396254,1789145396256
14688,2026-09-11T16:50:05.320Z,research,CommandExecution,,completed,0,1789145405268,1789145405317
14689,2026-09-11T16:50:06.701Z,research,Extension,web.search,,,1789145405337,1789145406700
14690,2026-09-11T16:50:08.808Z,research,CommandExecution,,completed,0,1789145405434,1789145408808
14695,2026-09-11T16:50:20.830Z,research,Extension,web.search,,,1789145417723,1789145420829
14696,2026-09-11T16:50:20.921Z,research,CommandExecution,,completed,0,1789145420920,1789145420921
14701,2026-09-11T16:50:27.086Z,research,AgentMessage,,,,1789145425058,1789145427085
14705,2026-09-11T16:50:39.271Z,research,Extension,web.search,,,1789145437409,1789145439270
14708,2026-09-11T16:50:39.666Z,research,CommandExecution,,completed,0,1789145437513,1789145439666
14711,2026-09-11T16:50:47.068Z,research,Extension,web.search,,,1789145444383,1789145447067
14716,2026-09-11T16:50:56.940Z,research,CommandExecution,,completed,0,1789145456939,1789145456940
14717,2026-09-11T16:50:57.033Z,research,CommandExecution,,failed,1,1789145457031,1789145457032
14724,2026-09-11T16:51:05.179Z,research,CommandExecution,,completed,0,1789145465176,1789145465178
14733,2026-09-11T16:52:07.970Z,research,AgentMessage,,,,1789145526060,1789145527970
14743,2026-09-11T16:53:11.559Z,research,Extension,web.search,,,1789145589929,1789145591558
14744,2026-09-11T16:53:11.657Z,research,CommandExecution,,completed,0,1789145591655,1789145591656
14751,2026-09-11T16:53:39.713Z,research,CommandExecution,,completed,0,1789145619712,1789145619713
14752,2026-09-11T16:53:39.737Z,research,FileChange,,completed,,1789145619735,1789145619736
14753,2026-09-11T16:53:41.368Z,research,Extension,web.search,,,1789145619836,1789145621367
14761,2026-09-11T16:55:28.990Z,research,FileChange,,completed,,1789145728989,1789145728990
14765,2026-09-11T16:55:30.271Z,research,CommandExecution,,failed,1,1789145729200,1789145730270
14770,2026-09-11T16:55:45.060Z,research,CommandExecution,,failed,2,1789145745058,1789145745060
14771,2026-09-11T16:55:45.273Z,research,CommandExecution,,failed,1,1789145745266,1789145745273
14776,2026-09-11T16:55:53.352Z,research,AgentMessage,,,,1789145751231,1789145753352
14780,2026-09-11T16:55:59.008Z,research,CommandExecution,,completed,0,1789145759006,1789145759007
14781,2026-09-11T16:55:59.133Z,research,CommandExecution,,completed,0,1789145759132,1789145759133
14788,2026-09-11T16:56:26.984Z,research,CommandExecution,,completed,0,1789145786983,1789145786983
14789,2026-09-11T16:56:27.005Z,research,FileChange,,completed,,1789145787002,1789145787005
14790,2026-09-11T16:56:28.191Z,research,CommandExecution,,completed,0,1789145787217,1789145788190
14793,2026-09-11T16:56:30.571Z,research,CommandExecution,,completed,0,1789145788391,1789145790571
14797,2026-09-11T16:56:39.030Z,research,CommandExecution,,completed,0,1789145799027,1789145799029
14799,2026-09-11T16:56:39.111Z,research,CommandExecution,,completed,0,1789145799110,1789145799111
14800,2026-09-11T16:56:39.147Z,research,ImageView,,,,1789145799147,1789145799147
14806,2026-09-11T16:59:04.096Z,research,FileChange,,completed,,1789145944092,1789145944095
14808,2026-09-11T16:59:04.191Z,research,CommandExecution,,completed,0,1789145944189,1789145944191
14814,2026-09-11T17:00:16.458Z,research,FileChange,,completed,,1789146016456,1789146016458
14818,2026-09-11T17:00:19.632Z,research,CommandExecution,,failed,1,1789146016679,1789146019632
14821,2026-09-11T17:00:27.656Z,research,AgentMessage,,,,1789146025607,1789146027656
14824,2026-09-11T17:00:31.879Z,research,ImageView,,,,1789146031879,1789146031879
14826,2026-09-11T17:00:31.927Z,research,ImageView,,,,1789146031927,1789146031927
14827,2026-09-11T17:00:31.967Z,research,ImageView,,,,1789146031967,1789146031967
14828,2026-09-11T17:00:33.424Z,research,Extension,web.search,,,1789146032038,1789146033423
14829,2026-09-11T17:00:33.520Z,research,CommandExecution,,completed,0,1789146033519,1789146033520
14836,2026-09-11T17:00:47.525Z,research,CommandExecution,,completed,0,1789146047523,1789146047525
14839,2026-09-11T17:00:49.081Z,research,CommandExecution,,completed,0,1789146047723,1789146049081
14844,2026-09-11T17:01:09.703Z,research,CommandExecution,,completed,0,1789146069703,1789146069703
14845,2026-09-11T17:01:09.721Z,research,FileChange,,completed,,1789146069718,1789146069721
14846,2026-09-11T17:01:11.010Z,research,CommandExecution,,completed,0,1789146071009,1789146071010
14849,2026-09-11T17:01:12.530Z,research,CommandExecution,,completed,0,1789146069926,1789146072530
14854,2026-09-11T17:01:32.663Z,research,CommandExecution,,completed,0,1789146092662,1789146092663
14861,2026-09-11T17:01:44.516Z,research,CommandExecution,,completed,0,1789146104514,1789146104515
14862,2026-09-11T17:01:46.064Z,research,Extension,web.search,,,1789146104591,1789146106064
14869,2026-09-11T17:02:27.678Z,research,CommandExecution,,completed,0,1789146146668,1789146147678
14870,2026-09-11T17:02:27.687Z,research,FileChange,,completed,,1789146147682,1789146147687
14871,2026-09-11T17:02:27.844Z,research,CommandExecution,,completed,0,1789146147843,1789146147844
14876,2026-09-11T17:02:35.549Z,research,AgentMessage,,,,1789146152764,1789146155549
14880,2026-09-11T17:02:38.653Z,research,CommandExecution,,completed,0,1789146158652,1789146158653
14881,2026-09-11T17:02:42.110Z,research,CommandExecution,,completed,0,1789146158857,1789146162110
14888,2026-09-11T17:02:57.691Z,research,CommandExecution,,completed,0,1789146177690,1789146177691
14889,2026-09-11T17:02:59.243Z,research,Extension,web.search,,,1789146177769,1789146179243
14890,2026-09-11T17:02:59.782Z,research,CommandExecution,,completed,0,1789146179445,1789146179781
14896,2026-09-11T17:03:16.662Z,research,ImageView,,,,1789146196662,1789146196662
14898,2026-09-11T17:03:16.817Z,research,CommandExecution,,completed,0,1789146196817,1789146196817
14905,2026-09-11T17:05:01.448Z,research,FileChange,,completed,,1789146301443,1789146301448
14911,2026-09-11T17:06:25.151Z,research,FileChange,,completed,,1789146385147,1789146385150
14913,2026-09-11T17:06:25.301Z,research,CommandExecution,,completed,0,1789146385300,1789146385300
14920,2026-09-11T17:07:07.803Z,research,CommandExecution,,completed,0,1789146427692,1789146427802
14921,2026-09-11T17:07:08.151Z,research,CommandExecution,,completed,0,1789146428006,1789146428151
14928,2026-09-11T17:07:14.190Z,research,CommandExecution,,completed,0,1789146434189,1789146434190
14933,2026-09-11T17:07:41.936Z,research,AgentMessage,,,,1789146460646,1789146461936
14939,2026-09-11T17:07:58.456Z,research,CommandExecution,,completed,0,1789146478455,1789146478456
14940,2026-09-11T17:08:00.148Z,research,Extension,web.search,,,1789146478534,1789146480148
14947,2026-09-11T17:08:16.377Z,research,Extension,web.search,,,1789146494967,1789146496377
14950,2026-09-11T17:08:17.611Z,research,CommandExecution,,completed,0,1789146496576,1789146497611
14955,2026-09-11T17:08:27.239Z,research,CommandExecution,,completed,0,1789146507238,1789146507238
14956,2026-09-11T17:08:28.765Z,research,Extension,web.search,,,1789146507307,1789146508765
14963,2026-09-11T17:08:39.219Z,research,Extension,web.search,,,1789146517448,1789146519219
14964,2026-09-11T17:08:39.319Z,research,CommandExecution,,completed,0,1789146519318,1789146519319
14973,2026-09-11T17:09:31.203Z,research,Extension,web.search,,,1789146569730,1789146571202
14974,2026-09-11T17:09:31.335Z,research,CommandExecution,,completed,0,1789146571335,1789146571335
14981,2026-09-11T17:09:41.671Z,research,Extension,web.search,,,1789146580264,1789146581671
14982,2026-09-11T17:09:42.603Z,research,CommandExecution,,completed,0,1789146581873,1789146582603
14989,2026-09-11T17:09:49.730Z,research,CommandExecution,,completed,0,1789146589729,1789146589730
14990,2026-09-11T17:09:51.239Z,research,Extension,web.search,,,1789146589806,1789146591238
14997,2026-09-11T17:10:04.594Z,research,Extension,web.search,,,1789146603134,1789146604593
14998,2026-09-11T17:10:05.038Z,research,CommandExecution,,completed,0,1789146604796,1789146605038
15004,2026-09-11T17:10:23.179Z,research,CommandExecution,,completed,0,1789146623176,1789146623178
15016,2026-09-11T17:11:34.359Z,research,Extension,web.search,,,1789146692963,1789146694359
15017,2026-09-11T17:11:34.466Z,research,CommandExecution,,completed,0,1789146694464,1789146694465
15024,2026-09-11T17:11:48.581Z,research,Extension,web.search,,,1789146706767,1789146708581
15025,2026-09-11T17:11:48.656Z,research,CommandExecution,,completed,0,1789146708656,1789146708656
15040,2026-09-11T17:13:30.756Z,research,CommandExecution,,completed,0,1789146810755,1789146810755
15041,2026-09-11T17:13:32.392Z,research,Extension,web.search,,,1789146810834,1789146812392
15048,2026-09-11T17:14:05.794Z,research,AgentMessage,,,,1789146843975,1789146845794
15051,2026-09-11T17:15:18.882Z,research,FileChange,,completed,,1789146918880,1789146918882
15059,2026-09-11T17:15:24.915Z,research,CommandExecution,,completed,0,1789146924914,1789146924915
15065,2026-09-11T17:15:50.403Z,research,FileChange,,completed,,1789146950400,1789146950403
15067,2026-09-11T17:15:50.605Z,research,CommandExecution,,completed,0,1789146950604,1789146950605
15078,2026-09-11T17:16:38.402Z,research,Extension,web.search,,,1789146996931,1789146998402
15079,2026-09-11T17:16:38.512Z,research,CommandExecution,,completed,0,1789146998511,1789146998511
15086,2026-09-11T17:16:55.285Z,research,Extension,web.search,,,1789147013794,1789147015284
15087,2026-09-11T17:16:55.389Z,research,CommandExecution,,completed,0,1789147015388,1789147015388
15096,2026-09-11T17:20:55.896Z,research,ContextCompaction,,,,1789147015421,1789147255896
15099,2026-09-11T17:21:03.146Z,research,AgentMessage,,,,1789147260218,1789147263145
15103,2026-09-11T17:21:07.405Z,research,CommandExecution,,completed,0,1789147267404,1789147267405
15104,2026-09-11T17:21:07.448Z,research,CommandExecution,,completed,0,1789147267447,1789147267447
15105,2026-09-11T17:21:08.911Z,research,Extension,web.search,,,1789147267456,1789147268911
15112,2026-09-11T17:21:16.734Z,research,CommandExecution,,completed,0,1789147276733,1789147276733
15113,2026-09-11T17:21:16.820Z,research,CommandExecution,,completed,0,1789147276819,1789147276820
15114,2026-09-11T17:21:18.263Z,research,Extension,web.search,,,1789147276888,1789147278263
15121,2026-09-11T17:21:32.825Z,research,CommandExecution,,completed,0,1789147291135,1789147292825
15122,2026-09-11T17:21:32.911Z,research,CommandExecution,,completed,0,1789147292910,1789147292910
15129,2026-09-11T17:21:43.964Z,research,CommandExecution,,completed,0,1789147303875,1789147303959
15130,2026-09-11T17:21:43.968Z,research,CommandExecution,,completed,0,1789147303902,1789147303964
15131,2026-09-11T17:21:43.976Z,research,CommandExecution,,completed,0,1789147303960,1789147303973
15132,2026-09-11T17:21:43.992Z,research,CommandExecution,,completed,0,1789147303991,1789147303992
15137,2026-09-11T17:21:49.182Z,research,AgentMessage,,,,1789147307216,1789147309182
15141,2026-09-11T17:21:53.311Z,research,CommandExecution,,completed,0,1789147313310,1789147313311
15142,2026-09-11T17:21:53.397Z,research,CommandExecution,,completed,0,1789147313396,1789147313396
15143,2026-09-11T17:21:53.479Z,research,CommandExecution,,completed,0,1789147313477,1789147313479
15149,2026-09-11T17:22:09.886Z,research,CommandExecution,,completed,0,1789147329884,1789147329886
15151,2026-09-11T17:22:09.981Z,research,CommandExecution,,completed,0,1789147329980,1789147329981
15152,2026-09-11T17:22:10.066Z,research,CommandExecution,,completed,0,1789147330064,1789147330065
15161,2026-09-11T17:22:46.553Z,research,Extension,web.search,,,1789147365194,1789147366553
15162,2026-09-11T17:22:46.640Z,research,CommandExecution,,completed,0,1789147366639,1789147366640
15163,2026-09-11T17:22:46.723Z,research,CommandExecution,,completed,0,1789147366721,1789147366723
15170,2026-09-11T17:23:10.625Z,research,CommandExecution,,completed,0,1789147390623,1789147390624
15171,2026-09-11T17:23:10.652Z,research,CommandExecution,,completed,0,1789147390650,1789147390652
15172,2026-09-11T17:23:10.669Z,research,CommandExecution,,completed,0,1789147390665,1789147390667
15173,2026-09-11T17:23:10.697Z,research,CommandExecution,,completed,0,1789147390696,1789147390697
15180,2026-09-11T17:23:34.062Z,research,AgentMessage,,,,1789147411918,1789147414062
15184,2026-09-11T17:23:37.382Z,research,CommandExecution,,completed,0,1789147417380,1789147417381
15185,2026-09-11T17:23:37.470Z,research,CommandExecution,,completed,0,1789147417470,1789147417470
15186,2026-09-11T17:23:37.555Z,research,CommandExecution,,completed,0,1789147417552,1789147417554
15187,2026-09-11T17:23:37.638Z,research,CommandExecution,,completed,0,1789147417636,1789147417637
15196,2026-09-11T17:24:30.158Z,research,Extension,web.search,,,1789147468749,1789147470157
15197,2026-09-11T17:24:30.291Z,research,CommandExecution,,completed,0,1789147470290,1789147470291
15204,2026-09-11T17:24:43.796Z,research,Extension,web.search,,,1789147482392,1789147483796
15205,2026-09-11T17:24:43.884Z,research,CommandExecution,,completed,0,1789147483883,1789147483884
15206,2026-09-11T17:24:43.984Z,research,CommandExecution,,completed,0,1789147483983,1789147483984
15207,2026-09-11T17:24:47.444Z,research,CommandExecution,,completed,0,1789147484215,1789147487444
15214,2026-09-11T17:25:00.548Z,research,CommandExecution,,completed,0,1789147499833,1789147500547
15221,2026-09-11T17:25:19.483Z,research,CommandExecution,,failed,1,1789147519478,1789147519483
15222,2026-09-11T17:25:20.820Z,research,Extension,web.search,,,1789147519338,1789147520819
15229,2026-09-11T17:25:36.227Z,research,CommandExecution,,completed,0,1789147532853,1789147536227
15230,2026-09-11T17:25:36.265Z,research,ImageView,,,,1789147536265,1789147536265
15231,2026-09-11T17:25:39.704Z,research,Extension,web.search,,,1789147536352,1789147539703
15237,2026-09-11T17:25:52.196Z,research,ImageView,,,,1789147552195,1789147552196
15239,2026-09-11T17:25:52.246Z,research,ImageView,,,,1789147552246,1789147552246
15240,2026-09-11T17:25:52.297Z,research,ImageView,,,,1789147552297,1789147552297
15241,2026-09-11T17:25:52.346Z,research,ImageView,,,,1789147552346,1789147552346
15242,2026-09-11T17:25:52.397Z,research,ImageView,,,,1789147552397,1789147552397
15243,2026-09-11T17:25:52.449Z,research,ImageView,,,,1789147552449,1789147552449
15252,2026-09-11T17:26:45.257Z,research,AgentMessage,,,,1789147603368,1789147605257
15256,2026-09-11T17:26:47.708Z,research,CommandExecution,,completed,0,1789147607707,1789147607708
15257,2026-09-11T17:26:47.795Z,research,CommandExecution,,completed,0,1789147607794,1789147607795
15258,2026-09-11T17:26:47.880Z,research,CommandExecution,,failed,2,1789147607878,1789147607879
15264,2026-09-11T17:28:54.950Z,research,FileChange,,completed,,1789147734946,1789147734949
15271,2026-09-11T17:30:04.179Z,research,FileChange,,completed,,1789147804174,1789147804178
15273,2026-09-11T17:30:07.600Z,research,CommandExecution,,completed,0,1789147804408,1789147807600
15279,2026-09-11T17:30:27.465Z,research,CommandExecution,,completed,0,1789147827383,1789147827465
15280,2026-09-11T17:30:27.470Z,research,CommandExecution,,completed,0,1789147827425,1789147827465
15282,2026-09-11T17:30:27.477Z,research,CommandExecution,,completed,0,1789147827457,1789147827466
15283,2026-09-11T17:30:27.630Z,research,CommandExecution,,completed,0,1789147827612,1789147827629
15290,2026-09-11T17:30:46.419Z,research,CommandExecution,,completed,0,1789147846418,1789147846419
15291,2026-09-11T17:30:46.508Z,research,CommandExecution,,completed,0,1789147846507,1789147846508
15292,2026-09-11T17:30:46.591Z,research,CommandExecution,,completed,0,1789147846589,1789147846591
15293,2026-09-11T17:30:46.676Z,research,CommandExecution,,completed,0,1789147846674,1789147846675
15300,2026-09-11T17:30:59.815Z,research,CommandExecution,,completed,0,1789147859814,1789147859814
15307,2026-09-11T17:31:33.232Z,research,FileChange,,completed,,1789147893224,1789147893232
15308,2026-09-11T17:31:35.242Z,research,CommandExecution,,completed,0,1789147893442,1789147895242
15315,2026-09-11T17:31:59.810Z,research,ImageView,,,,1789147919809,1789147919809
15316,2026-09-11T17:31:59.858Z,research,ImageView,,,,1789147919858,1789147919858
15317,2026-09-11T17:31:59.911Z,research,ImageView,,,,1789147919911,1789147919911
15318,2026-09-11T17:31:59.964Z,research,ImageView,,,,1789147919964,1789147919964
15325,2026-09-11T17:33:54.198Z,research,FileChange,,completed,,1789148034195,1789148034198
15330,2026-09-11T17:34:17.722Z,research,AgentMessage,,,,1789148055557,1789148057722
15334,2026-09-11T17:34:57.111Z,research,CommandExecution,,completed,0,1789148097109,1789148097110
15335,2026-09-11T17:34:57.206Z,research,CommandExecution,,completed,0,1789148097206,1789148097206
15342,2026-09-11T17:35:08.723Z,research,CommandExecution,,completed,0,1789148108722,1789148108722
15343,2026-09-11T17:35:08.814Z,research,CommandExecution,,completed,0,1789148108813,1789148108814
15344,2026-09-11T17:35:08.937Z,research,CommandExecution,,completed,0,1789148108936,1789148108937
15350,2026-09-11T17:35:52.360Z,research,FileChange,,completed,,1789148152359,1789148152360
15352,2026-09-11T17:35:52.536Z,research,CommandExecution,,completed,0,1789148152536,1789148152536
15353,2026-09-11T17:35:52.679Z,research,CommandExecution,,completed,0,1789148152679,1789148152679
15359,2026-09-11T17:36:19.753Z,research,FileChange,,completed,,1789148179750,1789148179753
15361,2026-09-11T17:36:20.200Z,research,CommandExecution,,completed,0,1789148179970,1789148180199
15362,2026-09-11T17:36:20.291Z,research,CommandExecution,,completed,0,1789148180290,1789148180291
15363,2026-09-11T17:36:20.442Z,research,CommandExecution,,completed,0,1789148180441,1789148180442
15364,2026-09-11T17:36:20.538Z,research,CommandExecution,,completed,0,1789148180537,1789148180538
15371,2026-09-11T17:36:27.360Z,research,CommandExecution,,completed,0,1789148187359,1789148187360
15372,2026-09-11T17:36:27.448Z,research,CommandExecution,,completed,0,1789148187447,1789148187447
15379,2026-09-11T17:36:49.562Z,research,Extension,web.search,,,1789148207960,1789148209562
15380,2026-09-11T17:36:50.503Z,research,CommandExecution,,failed,1,1789148209769,1789148210503
15387,2026-09-11T17:37:04.200Z,research,Extension,web.search,,,1789148222677,1789148224200
15388,2026-09-11T17:37:05.839Z,research,CommandExecution,,completed,0,1789148224404,1789148225838
15389,2026-09-11T17:37:05.920Z,research,CommandExecution,,completed,0,1789148225919,1789148225920
15400,2026-09-11T17:38:09.434Z,research,Extension,web.search,,,1789148287980,1789148289433
15405,2026-09-11T17:38:18.535Z,research,AgentMessage,,,,1789148296228,1789148298535
15409,2026-09-11T17:38:24.518Z,research,Extension,web.search,,,1789148302264,1789148304518
15410,2026-09-11T17:38:25.978Z,research,Extension,web.search,,,1789148304595,1789148305978
15417,2026-09-11T17:38:37.073Z,research,Extension,web.search,,,1789148315717,1789148317073
15426,2026-09-11T17:39:08.299Z,research,Extension,web.search,,,1789148345404,1789148348298
15433,2026-09-11T17:39:21.069Z,research,CommandExecution,,completed,0,1789148360748,1789148361069
15434,2026-09-11T17:39:21.154Z,research,CommandExecution,,completed,0,1789148361153,1789148361154
15441,2026-09-11T17:39:42.434Z,research,CommandExecution,,completed,0,1789148382433,1789148382433
15442,2026-09-11T17:39:43.983Z,research,Extension,web.search,,,1789148382511,1789148383982
15451,2026-09-11T17:43:22.960Z,research,ContextCompaction,,,,1789148384025,1789148602960
15454,2026-09-11T17:43:26.874Z,research,CommandExecution,,completed,0,1789148606873,1789148606873
15459,2026-09-11T17:43:33.316Z,research,AgentMessage,,,,1789148611401,1789148613316
15463,2026-09-11T17:43:40.923Z,research,CommandExecution,,completed,0,1789148620921,1789148620923
15464,2026-09-11T17:43:41.016Z,research,CommandExecution,,completed,0,1789148621016,1789148621016
15465,2026-09-11T17:43:42.732Z,research,Extension,web.search,,,1789148621028,1789148622732
15472,2026-09-11T17:43:53.371Z,research,CommandExecution,,failed,1,1789148633370,1789148633371
15473,2026-09-11T17:43:53.460Z,research,CommandExecution,,completed,0,1789148633460,1789148633460
15474,2026-09-11T17:43:55.135Z,research,Extension,web.search,,,1789148633521,1789148635134
15481,2026-09-11T17:44:05.491Z,research,CommandExecution,,completed,0,1789148645490,1789148645490
15482,2026-09-11T17:44:07.168Z,research,Extension,web.search,,,1789148645557,1789148647167
15489,2026-09-11T17:44:20.370Z,research,CommandExecution,,completed,0,1789148660369,1789148660370
15490,2026-09-11T17:44:20.465Z,research,CommandExecution,,completed,0,1789148660464,1789148660465
15497,2026-09-11T17:45:04.228Z,research,AgentMessage,,,,1789148702941,1789148704228
15501,2026-09-11T17:45:07.509Z,research,CommandExecution,,completed,0,1789148707507,1789148707508
15502,2026-09-11T17:45:09.085Z,research,Extension,web.search,,,1789148707595,1789148709084
15509,2026-09-11T17:45:24.513Z,research,CommandExecution,,completed,0,1789148722668,1789148724512
15510,2026-09-11T17:45:25.038Z,research,CommandExecution,,completed,0,1789148724718,1789148725038
15515,2026-09-11T17:45:54.139Z,research,ImageView,,,,1789148754139,1789148754139
15516,2026-09-11T17:45:54.163Z,research,FileChange,,completed,,1789148754162,1789148754163
15523,2026-09-11T17:46:04.482Z,research,CommandExecution,,completed,0,1789148764481,1789148764482
15524,2026-09-11T17:46:05.733Z,research,CommandExecution,,completed,0,1789148754372,1789148765733
15525,2026-09-11T17:46:05.943Z,research,Extension,web.search,,,1789148764556,1789148765942
15532,2026-09-11T17:46:27.435Z,research,Extension,web.search,,,1789148786019,1789148787434
15533,2026-09-11T17:46:27.522Z,research,CommandExecution,,completed,0,1789148787522,1789148787522
15544,2026-09-11T17:47:35.140Z,research,AgentMessage,,,,1789148850972,1789148855140
15548,2026-09-11T17:48:17.280Z,research,FileChange,,completed,,1789148897279,1789148897280
15549,2026-09-11T17:48:18.566Z,research,CommandExecution,,completed,0,1789148898566,1789148898566
15552,2026-09-11T17:48:20.630Z,research,CommandExecution,,completed,0,1789148897491,1789148900630
15557,2026-09-11T17:48:51.804Z,research,CommandExecution,,completed,0,1789148931752,1789148931804
15558,2026-09-11T17:48:53.381Z,research,Extension,web.search,,,1789148931871,1789148933381
15565,2026-09-11T17:49:07.303Z,research,Extension,web.search,,,1789148945786,1789148947302
15572,2026-09-11T17:49:39.131Z,research,Extension,web.search,,,1789148976447,1789148979130
15579,2026-09-11T17:50:00.678Z,research,Extension,web.search,,,1789148999074,1789149000677
15588,2026-09-11T17:50:38.080Z,research,CommandExecution,,completed,0,1789149037480,1789149038079
15589,2026-09-11T17:50:39.813Z,research,Extension,web.search,,,1789149038159,1789149039812
15596,2026-09-11T17:50:50.265Z,research,Extension,web.search,,,1789149048690,1789149050265
15597,2026-09-11T17:50:50.509Z,research,CommandExecution,,completed,0,1789149050465,1789149050509
15604,2026-09-11T17:50:57.919Z,research,Extension,web.search,,,1789149056284,1789149057918
15611,2026-09-11T17:51:09.118Z,research,CommandExecution,,completed,0,1789149068956,1789149069118
15612,2026-09-11T17:51:10.388Z,research,Extension,web.search,,,1789149068860,1789149070387
15617,2026-09-11T17:51:16.023Z,research,AgentMessage,,,,1789149074407,1789149076023
15621,2026-09-11T17:51:25.571Z,research,CommandExecution,,completed,0,1789149085240,1789149085570
15622,2026-09-11T17:51:26.888Z,research,Extension,web.search,,,1789149085106,1789149086888
15629,2026-09-11T17:51:47.958Z,research,CommandExecution,,completed,0,1789149106542,1789149107958
15630,2026-09-11T17:51:49.156Z,research,Extension,web.search,,,1789149107607,1789149109155
15637,2026-09-11T17:52:13.563Z,research,CommandExecution,,completed,0,1789149133562,1789149133563
15638,2026-09-11T17:52:15.115Z,research,Extension,web.search,,,1789149133628,1789149135114
15644,2026-09-11T17:52:23.531Z,research,CommandExecution,,completed,0,1789149143529,1789149143531
15646,2026-09-11T17:52:25.133Z,research,Extension,web.search,,,1789149143605,1789149145132
15653,2026-09-11T17:52:57.809Z,research,CommandExecution,,completed,0,1789149177338,1789149177809
15654,2026-09-11T17:52:59.334Z,research,Extension,web.search,,,1789149177880,1789149179334
15661,2026-09-11T17:53:08.992Z,research,CommandExecution,,completed,0,1789149188900,1789149188992
15673,2026-09-11T17:54:15.420Z,research,CommandExecution,,failed,1,1789149255417,1789149255419
15675,2026-09-11T17:54:17.023Z,research,Extension,web.search,,,1789149255495,1789149257022
15676,2026-09-11T17:54:17.110Z,research,CommandExecution,,completed,0,1789149257109,1789149257110
15683,2026-09-11T17:54:37.472Z,research,CommandExecution,,completed,0,1789149276984,1789149277471
15686,2026-09-11T17:54:39.720Z,research,CommandExecution,,completed,0,1789149277675,1789149279719
15691,2026-09-11T17:54:50.092Z,research,CommandExecution,,completed,0,1789149289701,1789149290092
15692,2026-09-11T17:54:50.130Z,research,ImageView,,,,1789149290130,1789149290130
15693,2026-09-11T17:54:50.177Z,research,ImageView,,,,1789149290177,1789149290177
15702,2026-09-11T17:55:27.095Z,research,CommandExecution,,completed,0,1789149327094,1789149327095
15703,2026-09-11T17:55:27.138Z,research,ImageView,,,,1789149327137,1789149327137
15704,2026-09-11T17:55:27.176Z,research,ImageView,,,,1789149327176,1789149327176
15713,2026-09-11T17:56:14.497Z,research,AgentMessage,,,,1789149371694,1789149374497
15716,2026-09-11T17:57:33.868Z,research,FileChange,,completed,,1789149453867,1789149453868
15720,2026-09-11T17:57:35.501Z,research,CommandExecution,,completed,0,1789149454085,1789149455501
15726,2026-09-11T17:58:58.741Z,research,FileChange,,completed,,1789149538740,1789149538741
15728,2026-09-11T17:58:59.984Z,research,ImageView,,,,1789149539984,1789149539984
15729,2026-09-11T17:59:00.021Z,research,ImageView,,,,1789149540021,1789149540021
15730,2026-09-11T17:59:00.061Z,research,ImageView,,,,1789149540061,1789149540061
15733,2026-09-11T17:59:00.736Z,research,CommandExecution,,failed,1,1789149538955,1789149540736
15738,2026-09-11T17:59:13.889Z,research,CommandExecution,,completed,0,1789149553889,1789149553889
15745,2026-09-11T17:59:32.169Z,research,CommandExecution,,completed,0,1789149572168,1789149572168
15746,2026-09-11T17:59:32.186Z,research,FileChange,,completed,,1789149572183,1789149572186
15749,2026-09-11T17:59:53.177Z,research,CommandExecution,,completed,0,1789149572393,1789149593177
15753,2026-09-11T18:00:39.838Z,research,FileChange,,completed,,1789149639837,1789149639838
15755,2026-09-11T18:00:39.931Z,research,CommandExecution,,completed,0,1789149639927,1789149639931
15756,2026-09-11T18:00:41.606Z,research,Extension,web.search,,,1789149640010,1789149641605
15765,2026-09-11T18:04:13.788Z,research,ContextCompaction,,,,1789149641643,1789149853788
15768,2026-09-11T18:04:18.465Z,research,AgentMessage,,,,1789149857121,1789149858465
15772,2026-09-11T18:04:22.492Z,research,CommandExecution,,completed,0,1789149862491,1789149862492
15777,2026-09-11T18:04:32.422Z,research,CommandExecution,,completed,0,1789149872421,1789149872422
15778,2026-09-11T18:04:32.487Z,research,CommandExecution,,failed,1,1789149872480,1789149872487
15785,2026-09-11T18:04:42.306Z,research,CommandExecution,,completed,0,1789149882305,1789149882306
15786,2026-09-11T18:04:42.340Z,research,CommandExecution,,failed,1,1789149882339,1789149882340
15791,2026-09-11T18:04:51.732Z,research,AgentMessage,,,,1789149890898,1789149891732
15795,2026-09-11T18:05:03.806Z,research,CommandExecution,,completed,0,1789149903805,1789149903806
15796,2026-09-11T18:05:03.827Z,research,FileChange,,completed,,1789149903824,1789149903827
15797,2026-09-11T18:05:05.130Z,research,CommandExecution,,completed,0,1789149905129,1789149905129
15804,2026-09-11T18:05:15.279Z,research,CommandExecution,,completed,0,1789149915275,1789149915277
15807,2026-09-11T18:05:18.643Z,research,CommandExecution,,completed,0,1789149915324,1789149918643
15810,2026-09-11T18:05:24.403Z,research,CommandExecution,,completed,0,1789149904037,1789149924403
15813,2026-09-11T18:05:31.221Z,research,CommandExecution,,completed,0,1789149931219,1789149931220
15814,2026-09-11T18:05:31.361Z,research,CommandExecution,,completed,0,1789149931360,1789149931360
15817,2026-09-11T18:05:33.917Z,research,CommandExecution,,completed,0,1789149931563,1789149933917
15822,2026-09-11T18:05:46.791Z,research,CommandExecution,,completed,0,1789149946401,1789149946791
15823,2026-09-11T18:05:46.994Z,research,CommandExecution,,completed,0,1789149946421,1789149946993
15824,2026-09-11T18:05:47.030Z,research,ImageView,,,,1789149947030,1789149947030
15825,2026-09-11T18:05:47.087Z,research,ImageView,,,,1789149947087,1789149947087
15826,2026-09-11T18:05:47.137Z,research,ImageView,,,,1789149947137,1789149947137
15831,2026-09-11T18:05:57.917Z,research,AgentMessage,,,,1789149956006,1789149957917
15835,2026-09-11T18:06:03.810Z,research,Extension,web.search,,,1789149962248,1789149963809
15836,2026-09-11T18:06:03.851Z,research,ImageView,,,,1789149963851,1789149963851
15837,2026-09-11T18:06:03.892Z,research,ImageView,,,,1789149963892,1789149963892
15838,2026-09-11T18:06:03.928Z,research,ImageView,,,,1789149963928,1789149963928
15845,2026-09-11T18:08:18.373Z,research,FileChange,,completed,,1789150098368,1789150098373
15850,2026-09-11T18:08:24.408Z,research,AgentMessage,,,,1789150102389,1789150104408
15856,2026-09-11T18:09:17.286Z,research,CommandExecution,,completed,0,1789150157285,1789150157286
15857,2026-09-11T18:09:17.426Z,research,CommandExecution,,completed,0,1789150157425,1789150157426
15858,2026-09-11T18:09:17.764Z,research,CommandExecution,,failed,1,1789150157632,1789150157762
15864,2026-09-11T18:09:40.403Z,research,FileChange,,completed,,1789150180399,1789150180403
15866,2026-09-11T18:09:40.686Z,research,CommandExecution,,completed,0,1789150180622,1789150180685
15867,2026-09-11T18:09:41.235Z,research,CommandExecution,,completed,0,1789150180890,1789150181235
15874,2026-09-11T18:09:48.219Z,research,CommandExecution,,completed,0,1789150188218,1789150188219
15875,2026-09-11T18:09:48.324Z,research,CommandExecution,,completed,0,1789150188322,1789150188323
15882,2026-09-11T18:09:54.120Z,research,CommandExecution,,completed,0,1789150194119,1789150194119
15889,2026-09-11T18:10:01.752Z,research,CommandExecution,,completed,0,1789150201750,1789150201752
15896,2026-09-11T18:10:50.808Z,research,AgentMessage,,,,1789150249657,1789150250807
15900,2026-09-11T18:10:54.694Z,research,Extension,web.search,,,1789150253177,1789150254693
15907,2026-09-11T18:11:27.705Z,research,Extension,web.search,,,1789150285754,1789150287704
15914,2026-09-11T18:11:56.216Z,research,CommandExecution,,completed,0,1789150316214,1789150316215
15915,2026-09-11T18:11:57.736Z,research,Extension,web.search,,,1789150316293,1789150317735
15930,2026-09-11T18:13:30.747Z,research,Extension,web.search,,,1789150409164,1789150410746
15937,2026-09-11T18:13:45.889Z,research,Extension,web.search,,,1789150424339,1789150425888
15944,2026-09-11T18:14:14.043Z,research,AgentMessage,,,,1789150451793,1789150454043
15948,2026-09-11T18:14:19.580Z,research,CommandExecution,,completed,0,1789150459273,1789150459580
15949,2026-09-11T18:14:19.621Z,research,ImageView,,,,1789150459620,1789150459620
15950,2026-09-11T18:14:21.155Z,research,Extension,web.search,,,1789150459698,1789150461154
15957,2026-09-11T18:15:41.238Z,research,FileChange,,completed,,1789150541237,1789150541238
15964,2026-09-11T18:15:50.950Z,research,CommandExecution,,completed,0,1789150550949,1789150550950
15965,2026-09-11T18:15:52.557Z,research,Extension,web.search,,,1789150551025,1789150552557
15971,2026-09-11T18:16:17.891Z,research,FileChange,,completed,,1789150577888,1789150577890
15973,2026-09-11T18:16:19.524Z,research,Extension,web.search,,,1789150577970,1789150579523
15974,2026-09-11T18:16:19.935Z,research,CommandExecution,,failed,1,1789150579730,1789150579934
15981,2026-09-11T18:16:45.661Z,research,CommandExecution,,completed,0,1789150604938,1789150605659
15982,2026-09-11T18:16:45.871Z,research,CommandExecution,,completed,0,1789150605864,1789150605871
15989,2026-09-11T18:16:58.462Z,research,CommandExecution,,completed,0,1789150618460,1789150618462
15996,2026-09-11T18:17:09.642Z,research,CommandExecution,,completed,0,1789150629640,1789150629641
16003,2026-09-11T18:17:41.205Z,research,AgentMessage,,,,1789150659386,1789150661205
16007,2026-09-11T18:17:46.234Z,research,CommandExecution,,completed,0,1789150666233,1789150666234
16008,2026-09-11T18:17:47.921Z,research,Extension,web.search,,,1789150666312,1789150667919
16015,2026-09-11T18:18:50.014Z,research,CommandExecution,,completed,0,1789150730013,1789150730014
16016,2026-09-11T18:18:50.033Z,research,FileChange,,completed,,1789150730030,1789150730033
16021,2026-09-11T18:18:59.965Z,research,CommandExecution,,completed,0,1789150730255,1789150739965
16024,2026-09-11T18:19:03.760Z,research,CommandExecution,,completed,0,1789150743757,1789150743759
16033,2026-09-11T18:20:10.333Z,research,CommandExecution,,completed,0,1789150810333,1789150810333
16034,2026-09-11T18:20:10.350Z,research,FileChange,,completed,,1789150810346,1789150810349
16035,2026-09-11T18:20:11.568Z,research,FileChange,,completed,,1789150811567,1789150811568
16038,2026-09-11T18:20:13.581Z,research,CommandExecution,,completed,0,1789150811781,1789150813581
16041,2026-09-11T18:20:19.921Z,research,CommandExecution,,completed,0,1789150810559,1789150819920
16044,2026-09-11T18:20:23.406Z,research,CommandExecution,,completed,0,1789150823405,1789150823406
16047,2026-09-11T18:20:26.806Z,research,CommandExecution,,completed,0,1789150823617,1789150826806
16052,2026-09-11T18:20:50.713Z,research,CommandExecution,,completed,0,1789150850713,1789150850713
16053,2026-09-11T18:20:50.728Z,research,FileChange,,completed,,1789150850725,1789150850728
16056,2026-09-11T18:20:52.826Z,research,CommandExecution,,completed,0,1789150850931,1789150852826
16063,2026-09-11T18:21:33.845Z,research,CommandExecution,,failed,1,1789150893844,1789150893845
16068,2026-09-11T18:21:51.681Z,research,AgentMessage,,,,1789150909812,1789150911681
16072,2026-09-11T18:22:11.927Z,research,CommandExecution,,completed,0,1789150931442,1789150931927
16073,2026-09-11T18:22:11.966Z,research,ImageView,,,,1789150931965,1789150931966
16074,2026-09-11T18:22:11.994Z,research,FileChange,,completed,,1789150931992,1789150931994
16079,2026-09-11T18:22:44.669Z,research,CommandExecution,,completed,0,1789150932203,1789150964669
16085,2026-09-11T18:23:00.546Z,research,CommandExecution,,completed,0,1789150980544,1789150980545
16087,2026-09-11T18:23:00.670Z,research,CommandExecution,,completed,0,1789150980670,1789150980670
16094,2026-09-11T18:23:35.497Z,research,CommandExecution,,completed,0,1789151015497,1789151015497
16095,2026-09-11T18:23:35.597Z,research,CommandExecution,,completed,0,1789151015596,1789151015597
16100,2026-09-11T18:23:41.481Z,research,AgentMessage,,,,1789151019835,1789151021481
16106,2026-09-11T18:23:54.801Z,research,CommandExecution,,completed,0,1789151034800,1789151034801
16107,2026-09-11T18:23:54.895Z,research,CommandExecution,,completed,0,1789151034894,1789151034894
16113,2026-09-11T18:24:38.025Z,research,FileChange,,completed,,1789151078024,1789151078025
16117,2026-09-11T18:24:48.367Z,research,CommandExecution,,completed,0,1789151078240,1789151088366
16126,2026-09-11T18:25:27.615Z,research,Extension,web.search,,,1789151126130,1789151127614
16133,2026-09-11T18:25:34.769Z,research,CommandExecution,,completed,0,1789151134768,1789151134769
16134,2026-09-11T18:25:36.453Z,research,Extension,web.search,,,1789151134845,1789151136452
16143,2026-09-11T18:29:25.675Z,research,ContextCompaction,,,,1789151136494,1789151365675
16146,2026-09-11T18:29:30.837Z,research,AgentMessage,,,,1789151369419,1789151370837
16150,2026-09-11T18:29:36.426Z,research,CommandExecution,,completed,0,1789151376424,1789151376425
16151,2026-09-11T18:29:36.453Z,research,CommandExecution,,completed,0,1789151376452,1789151376453
16158,2026-09-11T18:29:47.191Z,research,CommandExecution,,failed,1,1789151387189,1789151387191
16159,2026-09-11T18:29:47.198Z,research,CommandExecution,,completed,0,1789151387191,1789151387196
16166,2026-09-11T18:29:56.022Z,research,CommandExecution,,completed,0,1789151396020,1789151396022
16167,2026-09-11T18:29:56.050Z,research,CommandExecution,,completed,0,1789151396049,1789151396050
16174,2026-09-11T18:30:08.129Z,research,CommandExecution,,completed,0,1789151408126,1789151408128
16175,2026-09-11T18:30:08.141Z,research,CommandExecution,,completed,0,1789151408140,1789151408140
16180,2026-09-11T18:30:18.088Z,research,AgentMessage,,,,1789151416243,1789151418088
16184,2026-09-11T18:30:26.947Z,research,CommandExecution,,completed,0,1789151426945,1789151426946
16185,2026-09-11T18:30:27.257Z,research,CommandExecution,,completed,0,1789151426916,1789151427257
16186,2026-09-11T18:30:27.480Z,research,CommandExecution,,completed,0,1789151426963,1789151427480
16187,2026-09-11T18:30:27.807Z,research,CommandExecution,,completed,0,1789151427010,1789151427807
16192,2026-09-11T18:30:33.632Z,research,ImageView,,,,1789151433631,1789151433632
16193,2026-09-11T18:30:33.680Z,research,ImageView,,,,1789151433680,1789151433680
16194,2026-09-11T18:30:33.729Z,research,ImageView,,,,1789151433729,1789151433729
16195,2026-09-11T18:30:33.777Z,research,ImageView,,,,1789151433776,1789151433777
16202,2026-09-11T18:30:42.679Z,research,CommandExecution,,completed,0,1789151442678,1789151442679
16209,2026-09-11T18:32:35.083Z,research,FileChange,,completed,,1789151555076,1789151555081
16216,2026-09-11T18:33:07.575Z,research,FileChange,,completed,,1789151587574,1789151587574
16217,2026-09-11T18:33:11.651Z,research,CommandExecution,,completed,0,1789151587788,1789151591651
16218,2026-09-11T18:33:13.278Z,research,Extension,web.search,,,1789151591725,1789151593277
16223,2026-09-11T18:33:20.214Z,research,AgentMessage,,,,1789151597848,1789151600214
16227,2026-09-11T18:33:44.656Z,research,CommandExecution,,completed,0,1789151624505,1789151624656
16228,2026-09-11T18:33:46.108Z,research,Extension,web.search,,,1789151624727,1789151626107
16235,2026-09-11T18:34:00.249Z,research,CommandExecution,,completed,0,1789151640100,1789151640247
16236,2026-09-11T18:34:01.370Z,research,Extension,web.search,,,1789151639950,1789151641370
16237,2026-09-11T18:34:01.825Z,research,Extension,web.search,,,1789151640006,1789151641824
16243,2026-09-11T18:34:29.074Z,research,CommandExecution,,completed,0,1789151669073,1789151669074
16245,2026-09-11T18:34:30.492Z,research,Extension,web.search,,,1789151669049,1789151670491
16252,2026-09-11T18:34:46.331Z,research,CommandExecution,,completed,0,1789151684673,1789151686331
16253,2026-09-11T18:34:47.864Z,research,Extension,web.search,,,1789151686400,1789151687863
16258,2026-09-11T18:35:15.267Z,research,AgentMessage,,,,1789151713680,1789151715267
16262,2026-09-11T18:35:17.849Z,research,ImageView,,,,1789151717849,1789151717849
16263,2026-09-11T18:35:17.887Z,research,ImageView,,,,1789151717887,1789151717887
16264,2026-09-11T18:35:17.931Z,research,ImageView,,,,1789151717931,1789151717931
16265,2026-09-11T18:35:18.032Z,research,CommandExecution,,completed,0,1789151718030,1789151718032
16274,2026-09-11T18:36:29.327Z,research,Extension,web.search,,,1789151787848,1789151789326
16275,2026-09-11T18:36:29.343Z,research,FileChange,,completed,,1789151789342,1789151789343
16276,2026-09-11T18:36:29.654Z,research,CommandExecution,,completed,0,1789151789563,1789151789654
16283,2026-09-11T18:36:54.919Z,research,CommandExecution,,completed,0,1789151814917,1789151814918
16284,2026-09-11T18:36:56.536Z,research,Extension,web.search,,,1789151814897,1789151816536
16291,2026-09-11T18:37:27.412Z,research,Extension,web.search,,,1789151845906,1789151847411
16298,2026-09-11T18:37:56.672Z,research,Extension,web.search,,,1789151875203,1789151876671
16299,2026-09-11T18:37:57.542Z,research,CommandExecution,,completed,0,1789151875318,1789151877541
16312,2026-09-11T18:39:27.793Z,research,Extension,web.search,,,1789151966179,1789151967792
16319,2026-09-11T18:39:54.165Z,research,AgentMessage,,,,1789151991818,1789151994165
16323,2026-09-11T18:40:00.919Z,research,CommandExecution,,completed,0,1789152000918,1789152000918
16324,2026-09-11T18:40:02.389Z,research,Extension,web.search,,,1789152000818,1789152002388
16325,2026-09-11T18:40:02.482Z,research,Extension,web.search,,,1789152000880,1789152002481
16332,2026-09-11T18:40:09.408Z,research,CommandExecution,,completed,0,1789152009405,1789152009407
16339,2026-09-11T18:40:17.924Z,research,CommandExecution,,completed,0,1789152017922,1789152017924
16340,2026-09-11T18:40:19.577Z,research,Extension,web.search,,,1789152018005,1789152019576
16349,2026-09-11T18:40:52.481Z,research,CommandExecution,,completed,0,1789152050463,1789152052478
16357,2026-09-11T18:41:22.172Z,research,CommandExecution,,completed,0,1789152082171,1789152082171
16359,2026-09-11T18:41:23.430Z,research,Extension,web.search,,,1789152082151,1789152083429
16366,2026-09-11T18:41:48.865Z,research,CommandExecution,,completed,0,1789152108864,1789152108865
16367,2026-09-11T18:41:50.898Z,research,CommandExecution,,completed,0,1789152109079,1789152110898
16382,2026-09-11T18:43:29.298Z,research,Extension,web.search,,,1789152207890,1789152209297
16383,2026-09-11T18:43:29.339Z,research,ImageView,,,,1789152209338,1789152209339
16384,2026-09-11T18:43:29.384Z,research,ImageView,,,,1789152209384,1789152209384
16385,2026-09-11T18:43:29.430Z,research,ImageView,,,,1789152209429,1789152209430
16386,2026-09-11T18:43:29.470Z,research,ImageView,,,,1789152209470,1789152209470
16395,2026-09-11T18:46:58.417Z,research,ContextCompaction,,,,1789152209646,1789152418417
16398,2026-09-11T18:47:02.154Z,research,CommandExecution,,completed,0,1789152422153,1789152422154
16403,2026-09-11T18:47:06.256Z,research,AgentMessage,,,,1789152424837,1789152426256
16407,2026-09-11T18:47:11.936Z,research,CommandExecution,,completed,0,1789152431934,1789152431935
16408,2026-09-11T18:47:11.945Z,research,CommandExecution,,failed,1,1789152431943,1789152431945
16409,2026-09-11T18:47:11.971Z,research,CommandExecution,,completed,0,1789152431970,1789152431971
16416,2026-09-11T18:47:22.381Z,research,CommandExecution,,completed,0,1789152442331,1789152442377
16417,2026-09-11T18:47:22.417Z,research,CommandExecution,,completed,0,1789152442414,1789152442416
16418,2026-09-11T18:47:22.423Z,research,CommandExecution,,completed,0,1789152442420,1789152442422
16425,2026-09-11T18:47:30.928Z,research,Extension,web.search,,,1789152449470,1789152450928
16426,2026-09-11T18:47:31.040Z,research,CommandExecution,,completed,0,1789152451038,1789152451039
16431,2026-09-11T18:47:42.339Z,research,AgentMessage,,,,1789152459890,1789152462339
16434,2026-09-11T18:48:41.665Z,research,FileChange,,completed,,1789152521661,1789152521665
16442,2026-09-11T18:49:07.255Z,research,CommandExecution,,completed,0,1789152547254,1789152547255
16443,2026-09-11T18:49:07.376Z,research,CommandExecution,,completed,0,1789152547375,1789152547376
16450,2026-09-11T18:49:28.470Z,research,CommandExecution,,completed,0,1789152568469,1789152568470
16451,2026-09-11T18:49:28.567Z,research,CommandExecution,,completed,0,1789152568567,1789152568567
16452,2026-09-11T18:49:28.790Z,research,CommandExecution,,completed,0,1789152568790,1789152568790
16453,2026-09-11T18:49:28.929Z,research,CommandExecution,,completed,0,1789152568927,1789152568929
16460,2026-09-11T18:49:40.841Z,research,CommandExecution,,completed,0,1789152577176,1789152580840
16461,2026-09-11T18:49:41.479Z,research,Extension,web.search,,,1789152577033,1789152581478
16468,2026-09-11T18:49:53.450Z,research,CommandExecution,,completed,0,1789152592696,1789152593450
16469,2026-09-11T18:49:54.357Z,research,Extension,web.search,,,1789152592562,1789152594356
16480,2026-09-11T18:50:38.167Z,research,CommandExecution,,completed,0,1789152638165,1789152638166
16481,2026-09-11T18:50:39.766Z,research,Extension,web.search,,,1789152638244,1789152639765
16486,2026-09-11T18:51:01.152Z,research,AgentMessage,,,,1789152658611,1789152661152
16490,2026-09-11T18:51:02.841Z,research,CommandExecution,,failed,1,1789152662783,1789152662841
16495,2026-09-11T18:51:06.716Z,research,CommandExecution,,failed,2,1789152666715,1789152666715
16500,2026-09-11T18:51:12.626Z,research,CommandExecution,,completed,0,1789152672624,1789152672625
16509,2026-09-11T18:51:55.834Z,research,CommandExecution,,completed,0,1789152715834,1789152715834
16510,2026-09-11T18:51:57.457Z,research,Extension,web.search,,,1789152715815,1789152717456
16517,2026-09-11T18:52:01.842Z,research,CommandExecution,,completed,0,1789152721840,1789152721841
16530,2026-09-11T18:53:09.508Z,research,CommandExecution,,completed,0,1789152789506,1789152789507
16537,2026-09-11T18:53:14.107Z,research,CommandExecution,,completed,0,1789152794106,1789152794107
16544,2026-09-11T18:53:22.794Z,research,CommandExecution,,completed,0,1789152802792,1789152802793
16551,2026-09-11T18:53:44.472Z,research,CommandExecution,,failed,1,1789152824471,1789152824471
16558,2026-09-11T18:53:48.277Z,research,CommandExecution,,completed,0,1789152828276,1789152828277
16565,2026-09-11T18:54:37.298Z,research,FileChange,,completed,,1789152877295,1789152877298
16566,2026-09-11T18:54:38.088Z,research,CommandExecution,,completed,0,1789152877519,1789152878087
16573,2026-09-11T18:54:50.464Z,research,ImageView,,,,1789152890464,1789152890464
16574,2026-09-11T18:54:50.500Z,research,ImageView,,,,1789152890500,1789152890500
16575,2026-09-11T18:54:50.815Z,research,CommandExecution,,completed,0,1789152890717,1789152890815
16582,2026-09-11T18:55:19.791Z,research,CommandExecution,,completed,0,1789152919130,1789152919790
16589,2026-09-11T18:55:29.401Z,research,CommandExecution,,completed,0,1789152929400,1789152929401
16596,2026-09-11T18:55:59.633Z,research,AgentMessage,,,,1789152958026,1789152959633
16599,2026-09-11T18:56:01.119Z,research,CommandExecution,,completed,0,1789152961118,1789152961119
16615,2026-09-11T18:57:27.337Z,research,CommandExecution,,completed,0,1789153047337,1789153047337
16616,2026-09-11T18:57:28.945Z,research,Extension,web.search,,,1789153047409,1789153048944
16623,2026-09-11T18:57:44.059Z,research,Extension,web.search,,,1789153062653,1789153064058
16624,2026-09-11T18:57:44.207Z,research,CommandExecution,,completed,0,1789153064206,1789153064206
16631,2026-09-11T18:58:07.074Z,research,Extension,web.search,,,1789153084838,1789153087073
16632,2026-09-11T18:58:07.170Z,research,CommandExecution,,completed,0,1789153087169,1789153087170
16639,2026-09-11T18:58:13.929Z,research,CommandExecution,,completed,0,1789153093928,1789153093929
16647,2026-09-11T18:59:20.864Z,research,FileChange,,completed,,1789153160862,1789153160864
16654,2026-09-11T18:59:32.757Z,research,FileChange,,completed,,1789153172755,1789153172757
16656,2026-09-11T18:59:32.854Z,research,CommandExecution,,completed,0,1789153172854,1789153172854
16661,2026-09-11T18:59:52.291Z,research,AgentMessage,,,,1789153190896,1789153192290
16665,2026-09-11T18:59:54.301Z,research,CommandExecution,,failed,1,1789153194300,1789153194301
16671,2026-09-11T19:00:59.489Z,research,FileChange,,completed,,1789153259487,1789153259488
16673,2026-09-11T19:01:01.682Z,research,CommandExecution,,completed,0,1789153259711,1789153261681
16680,2026-09-11T19:01:28.315Z,research,CommandExecution,,completed,0,1789153288314,1789153288315
16681,2026-09-11T19:01:28.420Z,research,CommandExecution,,completed,0,1789153288420,1789153288420
16682,2026-09-11T19:01:28.540Z,research,CommandExecution,,completed,0,1789153288538,1789153288539
16683,2026-09-11T19:01:28.684Z,research,CommandExecution,,completed,0,1789153288683,1789153288684
16690,2026-09-11T19:01:37.248Z,research,CommandExecution,,completed,0,1789153297246,1789153297247
16703,2026-09-11T19:02:37.715Z,research,CommandExecution,,completed,0,1789153357714,1789153357715
16704,2026-09-11T19:02:39.229Z,research,Extension,web.search,,,1789153357737,1789153359229
16711,2026-09-11T19:02:48.758Z,research,CommandExecution,,completed,0,1789153368756,1789153368757
16712,2026-09-11T19:02:50.329Z,research,Extension,web.search,,,1789153368836,1789153370328
16725,2026-09-11T19:03:43.107Z,research,CommandExecution,,completed,0,1789153420677,1789153423107
16730,2026-09-11T19:04:03.751Z,research,Extension,web.search,,,1789153442405,1789153443750
16743,2026-09-11T19:05:13.347Z,research,Extension,web.search,,,1789153511852,1789153513346
16744,2026-09-11T19:05:13.444Z,research,CommandExecution,,completed,0,1789153513443,1789153513444
16750,2026-09-11T19:05:21.671Z,research,CommandExecution,,completed,0,1789153521668,1789153521670
16760,2026-09-11T19:05:57.443Z,research,CommandExecution,,completed,0,1789153557441,1789153557442
16761,2026-09-11T19:05:58.865Z,research,Extension,web.search,,,1789153557308,1789153558864
16768,2026-09-11T19:06:15.257Z,research,Extension,web.search,,,1789153573842,1789153575256
16769,2026-09-11T19:06:19.416Z,research,CommandExecution,,completed,0,1789153575465,1789153579415
16788,2026-09-11T19:08:51.527Z,research,AgentMessage,,,,1789153727950,1789153731526
16794,2026-09-11T19:08:57.257Z,research,CommandExecution,,completed,0,1789153737256,1789153737257
16803,2026-09-11T19:13:00.543Z,research,ContextCompaction,,,,1789153737288,1789153980542
16806,2026-09-11T19:13:04.338Z,research,AgentMessage,,,,1789153983437,1789153984337
16810,2026-09-11T19:13:07.961Z,research,CommandExecution,,completed,0,1789153987960,1789153987961
16815,2026-09-11T19:13:16.224Z,research,CommandExecution,,completed,0,1789153996180,1789153996220
16816,2026-09-11T19:13:16.231Z,research,CommandExecution,,completed,0,1789153996226,1789153996228
16817,2026-09-11T19:13:16.261Z,research,CommandExecution,,completed,0,1789153996260,1789153996261
16824,2026-09-11T19:13:37.372Z,research,CommandExecution,,completed,0,1789154017371,1789154017372
16825,2026-09-11T19:13:40.570Z,research,Extension,web.search,,,1789154017304,1789154020568
16832,2026-09-11T19:14:15.847Z,research,CommandExecution,,completed,0,1789154055846,1789154055847
16837,2026-09-11T19:14:20.169Z,research,AgentMessage,,,,1789154058173,1789154060169
16841,2026-09-11T19:14:27.994Z,research,Extension,web.search,,,1789154066429,1789154067993
16842,2026-09-11T19:14:28.280Z,research,Extension,web.search,,,1789154066488,1789154068279
16843,2026-09-11T19:14:30.433Z,research,Extension,web.search,,,1789154066454,1789154070432
16850,2026-09-11T19:14:38.276Z,research,Extension,web.search,,,1789154076797,1789154078276
16857,2026-09-11T19:14:48.819Z,research,CommandExecution,,completed,0,1789154088495,1789154088819
16858,2026-09-11T19:14:49.712Z,research,Extension,web.search,,,1789154088289,1789154089711
16859,2026-09-11T19:14:49.886Z,research,Extension,web.search,,,1789154088351,1789154089886
16866,2026-09-11T19:15:06.523Z,research,CommandExecution,,completed,0,1789154106497,1789154106518
16867,2026-09-11T19:15:06.652Z,research,CommandExecution,,completed,0,1789154106651,1789154106651
16868,2026-09-11T19:15:07.844Z,research,Extension,web.search,,,1789154106530,1789154107844
16874,2026-09-11T19:15:26.810Z,research,CommandExecution,,completed,0,1789154126807,1789154126809
16875,2026-09-11T19:15:26.888Z,research,CommandExecution,,completed,0,1789154126888,1789154126888
16881,2026-09-11T19:15:48.231Z,research,AgentMessage,,,,1789154146730,1789154148231
16887,2026-09-11T19:16:12.411Z,research,Extension,web.search,,,1789154171059,1789154172410
16888,2026-09-11T19:16:12.813Z,research,Extension,web.search,,,1789154171002,1789154172813
16889,2026-09-11T19:16:12.911Z,research,Extension,web.search,,,1789154171101,1789154172910
16890,2026-09-11T19:16:15.810Z,research,CommandExecution,,completed,0,1789154171207,1789154175810
16901,2026-09-11T19:17:07.391Z,research,CommandExecution,,failed,1,1789154227391,1789154227391
16902,2026-09-11T19:17:08.784Z,research,Extension,web.search,,,1789154227368,1789154228783
16903,2026-09-11T19:17:09.248Z,research,Extension,web.search,,,1789154227368,1789154229247
16910,2026-09-11T19:17:28.448Z,research,Extension,web.search,,,1789154246924,1789154248448
16911,2026-09-11T19:17:28.541Z,research,Extension,web.search,,,1789154246975,1789154248540
16912,2026-09-11T19:17:28.719Z,research,Extension,web.search,,,1789154246924,1789154248719
16921,2026-09-11T19:17:58.643Z,research,Extension,web.search,,,1789154277151,1789154278643
16922,2026-09-11T19:17:58.663Z,research,CommandExecution,,completed,0,1789154277248,1789154278663
16928,2026-09-11T19:18:05.776Z,research,ImageView,,,,1789154285776,1789154285776
16930,2026-09-11T19:18:05.882Z,research,CommandExecution,,completed,0,1789154285880,1789154285881
16937,2026-09-11T19:18:20.025Z,research,CommandExecution,,completed,0,1789154299439,1789154300025
16946,2026-09-11T19:18:44.860Z,research,CommandExecution,,completed,0,1789154324859,1789154324860
16947,2026-09-11T19:18:46.265Z,research,Extension,web.search,,,1789154324819,1789154326265
16954,2026-09-11T19:19:11.158Z,research,AgentMessage,,,,1789154348906,1789154351158
16958,2026-09-11T19:19:21.503Z,research,CommandExecution,,completed,0,1789154360632,1789154361503
16959,2026-09-11T19:19:23.030Z,research,Extension,web.search,,,1789154361573,1789154363029
16969,2026-09-11T19:20:16.382Z,research,ImageView,,,,1789154416382,1789154416382
16971,2026-09-11T19:20:16.431Z,research,ImageView,,,,1789154416430,1789154416431
16972,2026-09-11T19:20:16.483Z,research,ImageView,,,,1789154416483,1789154416483
16979,2026-09-11T19:20:59.060Z,research,Extension,web.search,,,1789154457321,1789154459059
16980,2026-09-11T19:20:59.220Z,research,CommandExecution,,completed,0,1789154459219,1789154459220
16987,2026-09-11T19:22:28.273Z,research,CommandExecution,,completed,0,1789154548271,1789154548273
16994,2026-09-11T19:22:42.186Z,research,CommandExecution,,completed,0,1789154562185,1789154562185
16995,2026-09-11T19:22:43.566Z,research,Extension,web.search,,,1789154562182,1789154563566
17006,2026-09-11T19:24:39.614Z,research,CommandExecution,,completed,0,1789154671143,1789154679614
17013,2026-09-11T19:25:12.731Z,research,CommandExecution,,completed,0,1789154712729,1789154712730
17014,2026-09-11T19:25:14.243Z,research,Extension,web.search,,,1789154712735,1789154714242
17019,2026-09-11T19:25:29.543Z,research,AgentMessage,,,,1789154726798,1789154729543
17023,2026-09-11T19:25:36.678Z,research,CommandExecution,,failed,2,1789154736674,1789154736677
17024,2026-09-11T19:25:36.731Z,research,CommandExecution,,failed,1,1789154736729,1789154736730
17031,2026-09-11T19:25:45.710Z,research,CommandExecution,,completed,0,1789154745680,1789154745705
17032,2026-09-11T19:25:45.744Z,research,CommandExecution,,completed,0,1789154745743,1789154745744
17039,2026-09-11T19:27:07.089Z,research,CommandExecution,,completed,0,1789154827087,1789154827088
17046,2026-09-11T19:27:22.362Z,research,CommandExecution,,completed,0,1789154842361,1789154842362
17053,2026-09-11T19:27:46.751Z,research,CommandExecution,,completed,0,1789154866034,1789154866751
17054,2026-09-11T19:27:46.791Z,research,ImageView,,,,1789154866791,1789154866791
17061,2026-09-11T19:29:02.616Z,research,CommandExecution,,completed,0,1789154942605,1789154942616
17068,2026-09-11T19:29:24.913Z,research,CommandExecution,,completed,0,1789154964816,1789154964911
17073,2026-09-11T19:29:32.116Z,research,AgentMessage,,,,1789154969862,1789154972116
17077,2026-09-11T19:29:37.599Z,research,CommandExecution,,completed,0,1789154977597,1789154977598
17090,2026-09-11T19:30:40.546Z,research,CommandExecution,,completed,0,1789155040545,1789155040546
17103,2026-09-11T19:31:48.247Z,research,CommandExecution,,completed,0,1789155108246,1789155108247
17114,2026-09-11T19:33:00.242Z,research,CommandExecution,,completed,0,1789155175176,1789155180242
17125,2026-09-11T19:33:57.977Z,research,AgentMessage,,,,1789155235416,1789155237977
17129,2026-09-11T19:36:09.521Z,research,CommandExecution,,completed,0,1789155369519,1789155369520
17138,2026-09-11T19:39:39.157Z,research,ContextCompaction,,,,1789155369563,1789155579157
17141,2026-09-11T19:39:43.210Z,research,AgentMessage,,,,1789155581815,1789155583210
17145,2026-09-11T19:39:47.719Z,research,CommandExecution,,completed,0,1789155587717,1789155587718
17146,2026-09-11T19:39:47.730Z,research,CommandExecution,,completed,0,1789155587729,1789155587730
17147,2026-09-11T19:39:47.742Z,research,CommandExecution,,completed,0,1789155587741,1789155587741
17154,2026-09-11T19:39:56.354Z,research,CommandExecution,,failed,2,1789155596353,1789155596354
17159,2026-09-11T19:40:01.985Z,research,CommandExecution,,completed,0,1789155601979,1789155601981
17160,2026-09-11T19:40:02.025Z,research,CommandExecution,,completed,0,1789155602024,1789155602025
17165,2026-09-11T19:40:06.248Z,research,CommandExecution,,completed,0,1789155606247,1789155606248
17170,2026-09-11T19:40:11.941Z,research,CommandExecution,,failed,1,1789155611940,1789155611940
17175,2026-09-11T19:40:15.927Z,research,CommandExecution,,failed,2,1789155615925,1789155615926
17182,2026-09-11T19:40:28.813Z,research,CommandExecution,,completed,0,1789155628737,1789155628809
17183,2026-09-11T19:40:28.823Z,research,CommandExecution,,completed,0,1789155628816,1789155628823
17184,2026-09-11T19:40:33.054Z,research,CommandExecution,,completed,0,1789155628956,1789155633054
17189,2026-09-11T19:40:37.198Z,research,ImageView,,,,1789155637198,1789155637198
17190,2026-09-11T19:40:37.238Z,research,ImageView,,,,1789155637238,1789155637238
17191,2026-09-11T19:40:37.275Z,research,ImageView,,,,1789155637275,1789155637275
17192,2026-09-11T19:40:37.309Z,research,ImageView,,,,1789155637309,1789155637309
17197,2026-09-11T19:40:46.088Z,research,AgentMessage,,,,1789155641822,1789155646087
17201,2026-09-11T19:40:46.484Z,research,ImageView,,,,1789155646484,1789155646484
17202,2026-09-11T19:40:46.523Z,research,ImageView,,,,1789155646523,1789155646523
17203,2026-09-11T19:40:46.562Z,research,ImageView,,,,1789155646562,1789155646562
17204,2026-09-11T19:40:46.600Z,research,ImageView,,,,1789155646600,1789155646600
17211,2026-09-11T19:40:56.898Z,research,ImageView,,,,1789155656898,1789155656898
17212,2026-09-11T19:40:56.935Z,research,ImageView,,,,1789155656934,1789155656934
17213,2026-09-11T19:40:56.972Z,research,ImageView,,,,1789155656972,1789155656972
17214,2026-09-11T19:40:57.073Z,research,CommandExecution,,completed,0,1789155657070,1789155657072
17220,2026-09-11T19:41:33.035Z,research,FileChange,,completed,,1789155693034,1789155693035
17230,2026-09-11T19:41:50.861Z,research,CommandExecution,,completed,0,1789155703496,1789155710860
17235,2026-09-11T19:41:59.196Z,research,CommandExecution,,completed,0,1789155719195,1789155719195
17242,2026-09-11T19:42:11.890Z,research,CommandExecution,,completed,0,1789155731889,1789155731890
17247,2026-09-11T19:42:19.567Z,research,AgentMessage,,,,1789155737517,1789155739567
17251,2026-09-11T19:42:24.882Z,research,CommandExecution,,completed,0,1789155744881,1789155744882
17258,2026-09-11T19:44:27.902Z,research,FileChange,,completed,,1789155867899,1789155867901
17265,2026-09-11T19:44:40.047Z,research,CommandExecution,,failed,1,1789155879753,1789155880047
17266,2026-09-11T19:44:41.170Z,research,CommandExecution,,completed,0,1789155880260,1789155881169
17271,2026-09-11T19:44:45.463Z,research,AgentMessage,,,,1789155883676,1789155885463
17275,2026-09-11T19:44:48.497Z,research,CommandExecution,,completed,0,1789155888496,1789155888497
17276,2026-09-11T19:44:48.528Z,research,ImageView,,,,1789155888528,1789155888528
17277,2026-09-11T19:44:48.560Z,research,ImageView,,,,1789155888560,1789155888560
17278,2026-09-11T19:44:48.588Z,research,ImageView,,,,1789155888588,1789155888588
17285,2026-09-11T19:45:02.503Z,research,CommandExecution,,completed,0,1789155902382,1789155902502
17294,2026-09-11T19:45:41.967Z,research,CommandExecution,,completed,0,1789155941966,1789155941967
17299,2026-09-11T19:45:49.444Z,research,AgentMessage,,,,1789155947531,1789155949444
17305,2026-09-11T19:46:37.822Z,research,FileChange,,completed,,1789155997818,1789155997821
17306,2026-09-11T19:46:38.429Z,research,CommandExecution,,completed,0,1789155998041,1789155998429
17312,2026-09-11T19:47:07.261Z,research,FileChange,,completed,,1789156027258,1789156027261
17318,2026-09-11T19:47:18.223Z,research,CommandExecution,,completed,0,1789156027483,1789156038223
17321,2026-09-11T19:47:23.593Z,research,Extension,web.search,,,1789156042027,1789156043593
17328,2026-09-11T19:47:52.644Z,research,CommandExecution,,failed,2,1789156072642,1789156072643
17335,2026-09-11T19:50:04.582Z,research,FileChange,,completed,,1789156204579,1789156204582
17340,2026-09-11T19:50:17.960Z,research,AgentMessage,,,,1789156215578,1789156217960
17344,2026-09-11T19:50:21.404Z,research,CommandExecution,,completed,0,1789156221403,1789156221404
17347,2026-09-11T19:50:26.369Z,research,CommandExecution,,completed,0,1789156221475,1789156226369
17352,2026-09-11T19:50:42.965Z,research,CommandExecution,,failed,1,1789156242964,1789156242965
17359,2026-09-11T19:51:30.065Z,research,CommandExecution,,completed,0,1789156290063,1789156290064
17360,2026-09-11T19:51:30.083Z,research,FileChange,,completed,,1789156290081,1789156290083
17367,2026-09-11T19:52:26.714Z,research,CommandExecution,,completed,0,1789156345916,1789156346714
17374,2026-09-11T19:52:38.349Z,research,CommandExecution,,completed,0,1789156358215,1789156358349
17379,2026-09-11T19:52:46.918Z,research,AgentMessage,,,,1789156365922,1789156366918
17383,2026-09-11T19:52:55.096Z,research,CommandExecution,,completed,0,1789156375096,1789156375096
17384,2026-09-11T19:52:59.687Z,research,CommandExecution,,completed,0,1789156375140,1789156379686
17391,2026-09-11T19:53:07.727Z,research,CommandExecution,,completed,0,1789156387726,1789156387727
17400,2026-09-11T19:53:39.114Z,research,CommandExecution,,completed,0,1789156419113,1789156419113
17401,2026-09-11T19:53:40.735Z,research,Extension,web.search,,,1789156419185,1789156420734
17410,2026-09-11T19:54:19.545Z,research,Extension,web.search,,,1789156457873,1789156459544
17417,2026-09-11T19:54:49.867Z,research,Extension,web.search,,,1789156488184,1789156489866
17418,2026-09-11T19:54:51.241Z,research,Extension,web.search,,,1789156489944,1789156491241
17437,2026-09-11T19:56:40.933Z,research,Extension,web.search,,,1789156599119,1789156600932
17438,2026-09-11T19:56:41.039Z,research,CommandExecution,,completed,0,1789156601038,1789156601039
17445,2026-09-11T19:56:47.497Z,research,CommandExecution,,completed,0,1789156607496,1789156607497
17456,2026-09-11T19:57:51.889Z,research,AgentMessage,,,,1789156670384,1789156671889
17460,2026-09-11T19:57:55.198Z,research,CommandExecution,,completed,0,1789156673952,1789156675198
17467,2026-09-11T19:58:20.303Z,research,Extension,web.search,,,1789156698821,1789156700302
17478,2026-09-11T19:59:18.607Z,research,Extension,web.search,,,1789156756842,1789156758606
17487,2026-09-11T19:59:56.462Z,research,CommandExecution,,completed,0,1789156794881,1789156796461
17500,2026-09-11T20:01:09.099Z,research,Extension,web.search,,,1789156867009,1789156869098
17513,2026-09-11T20:02:13.508Z,research,Extension,web.search,,,1789156931943,1789156933508
17514,2026-09-11T20:02:14.130Z,research,CommandExecution,,completed,0,1789156933725,1789156934130
17535,2026-09-11T20:04:48.407Z,research,AgentMessage,,,,1789157086821,1789157088407
17539,2026-09-11T20:04:51.988Z,research,CommandExecution,,failed,1,1789157091702,1789157091988
17546,2026-09-11T20:05:09.452Z,research,CommandExecution,,completed,0,1789157109190,1789157109452
17547,2026-09-11T20:05:09.542Z,research,CommandExecution,,completed,0,1789157109138,1789157109542
17552,2026-09-11T20:05:17.089Z,research,CommandExecution,,completed,0,1789157117088,1789157117089
17553,2026-09-11T20:05:17.127Z,research,CommandExecution,,completed,0,1789157117126,1789157117126
17574,2026-09-11T20:07:31.634Z,research,Extension,web.search,,,1789157249621,1789157251633
17575,2026-09-11T20:07:31.734Z,research,CommandExecution,,completed,0,1789157251732,1789157251733
17586,2026-09-11T20:08:22.959Z,research,Extension,web.search,,,1789157301484,1789157302958
17587,2026-09-11T20:08:23.063Z,research,CommandExecution,,completed,0,1789157303063,1789157303063
17596,2026-09-11T20:12:05.008Z,research,ContextCompaction,,,,1789157303098,1789157525008
17599,2026-09-11T20:12:09.402Z,research,AgentMessage,,,,1789157528186,1789157529402
17603,2026-09-11T20:12:13.743Z,research,CommandExecution,,failed,1,1789157533743,1789157533743
17608,2026-09-11T20:12:26.568Z,research,CommandExecution,,completed,0,1789157546565,1789157546566
17609,2026-09-11T20:12:27.074Z,research,CommandExecution,,completed,0,1789157546577,1789157547074
17610,2026-09-11T20:12:29.900Z,research,CommandExecution,,completed,0,1789157546625,1789157549900
17617,2026-09-11T20:12:50.878Z,research,CommandExecution,,completed,0,1789157570310,1789157570878
17618,2026-09-11T20:12:51.981Z,research,Extension,web.search,,,1789157570218,1789157571981
17623,2026-09-11T20:12:58.494Z,research,AgentMessage,,,,1789157576697,1789157578494
17627,2026-09-11T20:14:32.875Z,research,FileChange,,completed,,1789157672873,1789157672874
17628,2026-09-11T20:14:32.991Z,research,CommandExecution,,completed,0,1789157672989,1789157672990
17635,2026-09-11T20:14:50.190Z,research,CommandExecution,,completed,0,1789157690189,1789157690189
17636,2026-09-11T20:14:51.637Z,research,Extension,web.search,,,1789157690152,1789157691636
17643,2026-09-11T20:15:20.860Z,research,CommandExecution,,completed,0,1789157720162,1789157720860
17644,2026-09-11T20:15:22.009Z,research,Extension,web.search,,,1789157720067,1789157722008
17651,2026-09-11T20:15:34.991Z,research,CommandExecution,,completed,0,1789157734989,1789157734990
17652,2026-09-11T20:15:35.141Z,research,CommandExecution,,failed,1,1789157735139,1789157735141
17653,2026-09-11T20:15:36.618Z,research,Extension,web.search,,,1789157734984,1789157736618
17658,2026-09-11T20:15:41.710Z,research,AgentMessage,,,,1789157739564,1789157741710
17662,2026-09-11T20:15:53.383Z,research,CommandExecution,,completed,0,1789157753377,1789157753378
17663,2026-09-11T20:15:55.091Z,research,Extension,web.search,,,1789157753369,1789157755090
17666,2026-09-11T20:15:56.143Z,research,CommandExecution,,completed,0,1789157753528,1789157756143
17671,2026-09-11T20:16:13.165Z,research,CommandExecution,,completed,0,1789157772344,1789157773165
17672,2026-09-11T20:16:13.820Z,research,Extension,web.search,,,1789157772199,1789157773819
17673,2026-09-11T20:16:13.861Z,research,ImageView,,,,1789157773861,1789157773861
17674,2026-09-11T20:16:13.893Z,research,ImageView,,,,1789157773892,1789157773893
17675,2026-09-11T20:16:13.937Z,research,ImageView,,,,1789157773937,1789157773937
17682,2026-09-11T20:16:31.363Z,research,CommandExecution,,completed,0,1789157791137,1789157791362
17683,2026-09-11T20:16:31.394Z,research,ImageView,,,,1789157791394,1789157791394
17684,2026-09-11T20:16:31.439Z,research,ImageView,,,,1789157791439,1789157791439
17685,2026-09-11T20:16:31.483Z,research,ImageView,,,,1789157791483,1789157791483
17692,2026-09-11T20:16:52.943Z,research,CommandExecution,,completed,0,1789157812897,1789157812938
17693,2026-09-11T20:16:54.746Z,research,Extension,web.search,,,1789157812964,1789157814746
17696,2026-09-11T20:16:54.789Z,research,CommandExecution,,completed,0,1789157813049,1789157814788
17701,2026-09-11T20:17:08.615Z,research,CommandExecution,,completed,0,1789157828614,1789157828615
17707,2026-09-11T20:17:19.385Z,research,CommandExecution,,completed,0,1789157839383,1789157839384
17708,2026-09-11T20:17:19.662Z,research,CommandExecution,,completed,0,1789157839604,1789157839662
17716,2026-09-11T20:17:35.969Z,research,CommandExecution,,completed,0,1789157855967,1789157855968
17717,2026-09-11T20:17:36.009Z,research,ImageView,,,,1789157856009,1789157856009
17724,2026-09-11T20:18:12.342Z,research,AgentMessage,,,,1789157889719,1789157892342
17728,2026-09-11T20:18:20.278Z,research,CommandExecution,,completed,0,1789157900278,1789157900278
17729,2026-09-11T20:18:21.761Z,research,Extension,web.search,,,1789157900260,1789157901760
17738,2026-09-11T20:19:05.616Z,research,CommandExecution,,completed,0,1789157945615,1789157945616
17745,2026-09-11T20:19:29.257Z,research,ImageView,,,,1789157969257,1789157969257
17748,2026-09-11T20:19:34.929Z,research,CommandExecution,,completed,0,1789157968217,1789157974929
17751,2026-09-11T20:19:41.264Z,research,CommandExecution,,completed,0,1789157945839,1789157981264
17753,2026-09-11T20:20:11.494Z,research,FileChange,,completed,,1789158011492,1789158011494
17755,2026-09-11T20:20:11.659Z,research,CommandExecution,,completed,0,1789158011658,1789158011659
17756,2026-09-11T20:20:11.810Z,research,CommandExecution,,completed,0,1789158011809,1789158011810
17763,2026-09-11T20:20:17.229Z,research,ImageView,,,,1789158017229,1789158017229
17764,2026-09-11T20:20:17.301Z,research,ImageView,,,,1789158017301,1789158017301
17765,2026-09-11T20:20:17.351Z,research,ImageView,,,,1789158017351,1789158017351
17766,2026-09-11T20:20:17.417Z,research,ImageView,,,,1789158017417,1789158017417
17767,2026-09-11T20:20:17.485Z,research,ImageView,,,,1789158017485,1789158017485
17773,2026-09-11T20:20:38.406Z,research,ImageView,,,,1789158038406,1789158038406
17775,2026-09-11T20:20:38.453Z,research,ImageView,,,,1789158038453,1789158038453
17776,2026-09-11T20:20:38.498Z,research,ImageView,,,,1789158038498,1789158038498
17777,2026-09-11T20:20:38.542Z,research,ImageView,,,,1789158038542,1789158038542
17778,2026-09-11T20:20:38.586Z,research,ImageView,,,,1789158038586,1789158038586
17779,2026-09-11T20:20:38.631Z,research,ImageView,,,,1789158038630,1789158038630
17787,2026-09-11T20:21:09.524Z,research,ImageView,,,,1789158069524,1789158069524
17789,2026-09-11T20:21:09.567Z,research,ImageView,,,,1789158069567,1789158069567
17790,2026-09-11T20:21:09.611Z,research,ImageView,,,,1789158069611,1789158069611
17791,2026-09-11T20:21:09.649Z,research,ImageView,,,,1789158069649,1789158069649
17792,2026-09-11T20:21:09.688Z,research,ImageView,,,,1789158069688,1789158069688
17793,2026-09-11T20:21:09.737Z,research,ImageView,,,,1789158069737,1789158069737
17794,2026-09-11T20:21:09.805Z,research,ImageView,,,,1789158069805,1789158069805
17803,2026-09-11T20:22:02.786Z,research,AgentMessage,,,,1789158120933,1789158122786
17806,2026-09-11T20:23:34.941Z,research,FileChange,,completed,,1789158214939,1789158214941
17810,2026-09-11T20:23:36.395Z,research,CommandExecution,,completed,0,1789158215188,1789158216395
17815,2026-09-11T20:23:50.995Z,research,CommandExecution,,completed,0,1789158230994,1789158230995
17830,2026-09-11T20:26:08.254Z,research,FileChange,,completed,,1789158368249,1789158368251
17833,2026-09-11T20:26:10.698Z,research,CommandExecution,,failed,1,1789158368479,1789158370698
17837,2026-09-11T20:27:16.973Z,research,CommandExecution,,completed,0,1789158436971,1789158436972
17839,2026-09-11T20:27:17.100Z,research,CommandExecution,,completed,0,1789158437100,1789158437100
17846,2026-09-11T20:27:54.250Z,research,CommandExecution,,completed,0,1789158474249,1789158474250
17847,2026-09-11T20:27:54.268Z,research,FileChange,,completed,,1789158474264,1789158474268
17854,2026-09-11T20:28:03.367Z,research,CommandExecution,,completed,0,1789158483366,1789158483366
17863,2026-09-11T20:28:59.669Z,research,AgentMessage,,,,1789158538654,1789158539669
17867,2026-09-11T20:30:21.013Z,research,CommandExecution,,completed,0,1789158616779,1789158621010
17868,2026-09-11T20:30:21.028Z,research,FileChange,,completed,,1789158621025,1789158621028
17877,2026-09-11T20:31:25.790Z,research,FileChange,,completed,,1789158685785,1789158685787
17878,2026-09-11T20:31:25.933Z,research,CommandExecution,,completed,0,1789158685932,1789158685933
17885,2026-09-11T20:31:41.709Z,research,CommandExecution,,completed,0,1789158701709,1789158701709
17886,2026-09-11T20:31:43.460Z,research,Extension,web.search,,,1789158701628,1789158703459
17893,2026-09-11T20:32:12.376Z,research,CommandExecution,,completed,0,1789158731814,1789158732376
17894,2026-09-11T20:32:13.259Z,research,Extension,web.search,,,1789158731742,1789158733259
17895,2026-09-11T20:32:13.364Z,research,CommandExecution,,completed,0,1789158733363,1789158733363
17904,2026-09-11T20:32:54.273Z,research,CommandExecution,,completed,0,1789158774271,1789158774272
17913,2026-09-11T20:36:21.697Z,research,ContextCompaction,,,,1789158779329,1789158981697
17916,2026-09-11T20:36:25.880Z,research,AgentMessage,,,,1789158984916,1789158985880
17920,2026-09-11T20:36:29.253Z,research,CommandExecution,,completed,0,1789158989251,1789158989253
17921,2026-09-11T20:36:29.284Z,research,CommandExecution,,completed,0,1789158989283,1789158989284
17926,2026-09-11T20:36:36.113Z,research,CommandExecution,,completed,0,1789158995989,1789158996108
17927,2026-09-11T20:36:36.118Z,research,CommandExecution,,completed,0,1789158996045,1789158996113
17928,2026-09-11T20:36:36.121Z,research,CommandExecution,,completed,0,1789158996088,1789158996113
17929,2026-09-11T20:36:36.134Z,research,CommandExecution,,completed,0,1789158996131,1789158996134
17936,2026-09-11T20:36:46.099Z,research,CommandExecution,,completed,0,1789159006098,1789159006099
17937,2026-09-11T20:36:46.170Z,research,CommandExecution,,completed,0,1789159006164,1789159006169
17938,2026-09-11T20:36:46.227Z,research,CommandExecution,,completed,0,1789159006214,1789159006223
17939,2026-09-11T20:36:46.235Z,research,CommandExecution,,completed,0,1789159006215,1789159006233
17940,2026-09-11T20:36:46.264Z,research,CommandExecution,,completed,0,1789159006264,1789159006264
17945,2026-09-11T20:36:53.770Z,research,AgentMessage,,,,1789159011589,1789159013769
17949,2026-09-11T20:37:00.868Z,research,CommandExecution,,completed,0,1789159020740,1789159020868
17950,2026-09-11T20:37:00.871Z,research,CommandExecution,,completed,0,1789159020856,1789159020868
17951,2026-09-11T20:37:00.873Z,research,CommandExecution,,completed,0,1789159020838,1789159020868
17952,2026-09-11T20:37:00.888Z,research,CommandExecution,,completed,0,1789159020887,1789159020887
17959,2026-09-11T20:37:24.044Z,research,CommandExecution,,completed,0,1789159044043,1789159044044
17960,2026-09-11T20:37:24.200Z,research,CommandExecution,,completed,0,1789159044199,1789159044199
17967,2026-09-11T20:37:44.693Z,research,CommandExecution,,completed,0,1789159064692,1789159064693
17968,2026-09-11T20:37:46.225Z,research,Extension,web.search,,,1789159064793,1789159066224
17975,2026-09-11T20:37:52.611Z,research,Extension,web.search,,,1789159071165,1789159072610
17980,2026-09-11T20:38:13.258Z,research,AgentMessage,,,,1789159091979,1789159093258
17984,2026-09-11T20:38:48.549Z,research,FileChange,,completed,,1789159128548,1789159128549
17985,2026-09-11T20:38:48.721Z,research,CommandExecution,,completed,0,1789159128720,1789159128720
17992,2026-09-11T20:39:11.752Z,research,CommandExecution,,completed,0,1789159151751,1789159151752
17993,2026-09-11T20:39:11.776Z,research,CommandExecution,,completed,0,1789159151775,1789159151776
17994,2026-09-11T20:39:13.411Z,research,Extension,web.search,,,1789159151755,1789159153410
18003,2026-09-11T20:39:52.734Z,research,CommandExecution,,completed,0,1789159192734,1789159192734
18009,2026-09-11T20:40:27.237Z,research,FileChange,,completed,,1789159227235,1789159227236
18011,2026-09-11T20:40:27.419Z,research,CommandExecution,,completed,0,1789159227418,1789159227419
18018,2026-09-11T20:40:34.700Z,research,Extension,web.search,,,1789159233280,1789159234700
18019,2026-09-11T20:40:34.803Z,research,CommandExecution,,completed,0,1789159234803,1789159234803
18026,2026-09-11T20:41:13.099Z,research,AgentMessage,,,,1789159271131,1789159273099
18030,2026-09-11T20:41:16.460Z,research,Extension,web.search,,,1789159274742,1789159276459
18031,2026-09-11T20:41:16.559Z,research,CommandExecution,,completed,0,1789159276559,1789159276559
18038,2026-09-11T20:41:40.659Z,research,Extension,web.search,,,1789159299252,1789159300658
18039,2026-09-11T20:41:40.760Z,research,CommandExecution,,completed,0,1789159300759,1789159300759
18046,2026-09-11T20:42:03.601Z,research,Extension,web.search,,,1789159322225,1789159323601
18047,2026-09-11T20:42:03.754Z,research,CommandExecution,,completed,0,1789159323753,1789159323753
18052,2026-09-11T20:42:09.538Z,research,Extension,web.search,,,1789159328181,1789159329537
18059,2026-09-11T20:42:19.889Z,research,Extension,web.search,,,1789159338645,1789159339889
18060,2026-09-11T20:42:19.992Z,research,CommandExecution,,completed,0,1789159339992,1789159339992
18067,2026-09-11T20:42:36.231Z,research,CommandExecution,,failed,1,1789159356225,1789159356231
18068,2026-09-11T20:42:36.254Z,research,CommandExecution,,completed,0,1789159356253,1789159356253
18069,2026-09-11T20:42:37.631Z,research,Extension,web.search,,,1789159356239,1789159357631
18076,2026-09-11T20:42:52.235Z,research,CommandExecution,,completed,0,1789159371767,1789159372235
18085,2026-09-11T20:43:27.792Z,research,CommandExecution,,completed,0,1789159407790,1789159407792
18086,2026-09-11T20:43:27.898Z,research,CommandExecution,,completed,0,1789159407898,1789159407898
18093,2026-09-11T20:43:47.376Z,research,CommandExecution,,completed,0,1789159426057,1789159427375
18098,2026-09-11T20:43:51.670Z,research,AgentMessage,,,,1789159430299,1789159431670
18102,2026-09-11T20:43:55.088Z,research,ImageView,,,,1789159435088,1789159435088
18103,2026-09-11T20:43:55.135Z,research,ImageView,,,,1789159435135,1789159435135
18104,2026-09-11T20:43:55.182Z,research,ImageView,,,,1789159435182,1789159435182
18105,2026-09-11T20:43:55.856Z,research,CommandExecution,,completed,0,1789159435402,1789159435856
18112,2026-09-11T20:44:04.972Z,research,CommandExecution,,completed,0,1789159444972,1789159444972
18113,2026-09-11T20:44:05.010Z,research,ImageView,,,,1789159445010,1789159445010
18120,2026-09-11T20:45:02.924Z,research,FileChange,,completed,,1789159502923,1789159502924
18121,2026-09-11T20:45:03.028Z,research,CommandExecution,,completed,0,1789159503028,1789159503028
18128,2026-09-11T20:45:33.287Z,research,CommandExecution,,completed,0,1789159533098,1789159533286
18135,2026-09-11T20:45:45.161Z,research,CommandExecution,,completed,0,1789159545160,1789159545161
18136,2026-09-11T20:45:45.278Z,research,CommandExecution,,completed,0,1789159545277,1789159545278
18137,2026-09-11T20:45:45.374Z,research,CommandExecution,,completed,0,1789159545373,1789159545374
18138,2026-09-11T20:45:45.504Z,research,CommandExecution,,completed,0,1789159545503,1789159545503
18151,2026-09-11T20:46:40.698Z,research,CommandExecution,,completed,0,1789159600697,1789159600698
18152,2026-09-11T20:46:40.799Z,research,CommandExecution,,completed,0,1789159600797,1789159600798
18161,2026-09-11T20:47:32.999Z,research,AgentMessage,,,,1789159651676,1789159652999
18167,2026-09-11T20:47:57.050Z,research,CommandExecution,,completed,0,1789159674193,1789159677050
18172,2026-09-11T20:48:07.238Z,research,CommandExecution,,completed,0,1789159687234,1789159687237
18173,2026-09-11T20:48:10.972Z,research,CommandExecution,,completed,0,1789159687381,1789159690971
18180,2026-09-11T20:48:33.232Z,research,CommandExecution,,completed,0,1789159713231,1789159713231
18181,2026-09-11T20:48:33.375Z,research,CommandExecution,,completed,0,1789158474499,1789159713373
18186,2026-09-11T20:48:47.720Z,research,AgentMessage,,,,1789159725820,1789159727719
18190,2026-09-11T20:49:06.114Z,research,CommandExecution,,completed,0,1789159746114,1789159746114
18193,2026-09-11T20:49:09.073Z,research,CommandExecution,,completed,0,1789159746330,1789159749073
18198,2026-09-11T20:49:44.395Z,research,FileChange,,completed,,1789159784390,1789159784395
18205,2026-09-11T20:50:29.108Z,research,CommandExecution,,completed,0,1789159829108,1789159829108
18206,2026-09-11T20:50:29.404Z,research,CommandExecution,,completed,0,1789159829328,1789159829404
18207,2026-09-11T20:50:29.778Z,research,CommandExecution,,failed,1,1789159829618,1789159829778
18214,2026-09-11T20:50:36.768Z,research,CommandExecution,,completed,0,1789159836767,1789159836768
18215,2026-09-11T20:50:36.865Z,research,CommandExecution,,completed,0,1789159836865,1789159836865
18222,2026-09-11T20:51:07.088Z,research,CommandExecution,,completed,0,1789159866617,1789159867088
18223,2026-09-11T20:51:07.359Z,research,CommandExecution,,completed,0,1789159867303,1789159867358
18228,2026-09-11T20:51:23.684Z,research,AgentMessage,,,,1789159881128,1789159883684
18232,2026-09-11T20:51:56.938Z,research,CommandExecution,,completed,0,1789159916936,1789159916937
18233,2026-09-11T20:51:58.955Z,research,CommandExecution,,completed,0,1789159917160,1789159918955
18234,2026-09-11T20:51:59.064Z,research,CommandExecution,,completed,0,1789159919063,1789159919064
18241,2026-09-11T20:52:04.967Z,research,CommandExecution,,completed,0,1789159924967,1789159924967
18242,2026-09-11T20:52:05.068Z,research,CommandExecution,,completed,0,1789159925067,1789159925068
18249,2026-09-11T20:52:14.216Z,research,CommandExecution,,completed,0,1789159934216,1789159934216
18250,2026-09-11T20:52:14.319Z,research,CommandExecution,,completed,0,1789159934318,1789159934319
18251,2026-09-11T20:52:14.462Z,research,CommandExecution,,completed,0,1789159934461,1789159934461
18258,2026-09-11T20:52:27.307Z,research,CommandExecution,,completed,0,1789159947306,1789159947307
18259,2026-09-11T20:52:27.461Z,research,CommandExecution,,completed,0,1789159947459,1789159947460
18282,2026-09-11T20:54:47.177Z,research,CommandExecution,,completed,0,1789160087176,1789160087177
18283,2026-09-11T20:54:48.590Z,research,Extension,web.search,,,1789160087251,1789160088589
18290,2026-09-11T20:54:57.160Z,research,CommandExecution,,completed,0,1789160097159,1789160097160
18291,2026-09-11T20:54:58.991Z,research,Extension,web.search,,,1789160097234,1789160098991
18300,2026-09-11T20:55:37.777Z,research,AgentMessage,,,,1789160136714,1789160137777
18304,2026-09-11T20:55:41.521Z,research,Extension,web.search,,,1789160139815,1789160141519
18311,2026-09-11T20:55:55.485Z,research,Extension,web.search,,,1789160154069,1789160155485
18320,2026-09-11T20:56:35.361Z,research,CommandExecution,,completed,0,1789160195359,1789160195360
18329,2026-09-11T20:57:11.838Z,research,Extension,web.search,,,1789160230173,1789160231837
18336,2026-09-11T20:57:24.120Z,research,Extension,web.search,,,1789160242044,1789160244120
18343,2026-09-11T20:57:32.044Z,research,Extension,web.search,,,1789160250264,1789160252044
18358,2026-09-11T20:59:12.285Z,research,AgentMessage,,,,1789160351327,1789160352285
18361,2026-09-11T20:59:15.652Z,research,CommandExecution,,completed,0,1789160355648,1789160355650
18363,2026-09-11T20:59:15.731Z,research,CommandExecution,,completed,0,1789160355730,1789160355731
18364,2026-09-11T20:59:17.241Z,research,Extension,web.search,,,1789160355685,1789160357240
18373,2026-09-11T21:02:49.137Z,research,ContextCompaction,,,,1789160357282,1789160569137
18376,2026-09-11T21:02:55.468Z,research,AgentMessage,,,,1789160574596,1789160575468
18380,2026-09-11T21:03:01.445Z,research,CommandExecution,,completed,0,1789160581372,1789160581440
18381,2026-09-11T21:03:01.448Z,research,CommandExecution,,completed,0,1789160581438,1789160581441
18382,2026-09-11T21:03:01.478Z,research,CommandExecution,,completed,0,1789160581478,1789160581478
18387,2026-09-11T21:03:14.128Z,research,CommandExecution,,completed,0,1789160593889,1789160594123
18388,2026-09-11T21:03:14.134Z,research,CommandExecution,,completed,0,1789160593938,1789160594128
18389,2026-09-11T21:03:14.137Z,research,CommandExecution,,completed,0,1789160594044,1789160594129
18390,2026-09-11T21:03:14.139Z,research,CommandExecution,,completed,0,1789160593969,1789160594129
18391,2026-09-11T21:03:14.147Z,research,CommandExecution,,completed,0,1789160594127,1789160594143
18392,2026-09-11T21:03:14.157Z,research,CommandExecution,,completed,0,1789160594156,1789160594157
18393,2026-09-11T21:03:15.622Z,research,Extension,web.search,,,1789160594135,1789160595621
18400,2026-09-11T21:03:27.651Z,research,CommandExecution,,completed,0,1789160607650,1789160607651
18401,2026-09-11T21:03:27.661Z,research,CommandExecution,,completed,0,1789160607660,1789160607661
18402,2026-09-11T21:03:28.132Z,research,CommandExecution,,completed,0,1789160607756,1789160608130
18403,2026-09-11T21:03:29.514Z,research,Extension,web.search,,,1789160607669,1789160609514
18408,2026-09-11T21:03:47.231Z,research,AgentMessage,,,,1789160627130,1789160627231
18412,2026-09-11T21:03:47.288Z,research,ImageView,,,,1789160627288,1789160627288
18413,2026-09-11T21:03:47.548Z,research,CommandExecution,,completed,0,1789160627412,1789160627547
18414,2026-09-11T21:03:47.554Z,research,CommandExecution,,completed,0,1789160627514,1789160627547
18415,2026-09-11T21:03:47.557Z,research,CommandExecution,,completed,0,1789160627541,1789160627548
18416,2026-09-11T21:03:47.561Z,research,CommandExecution,,completed,0,1789160627460,1789160627548
18417,2026-09-11T21:03:49.061Z,research,Extension,web.search,,,1789160627583,1789160629060
18424,2026-09-11T21:03:59.663Z,research,CommandExecution,,completed,0,1789160639662,1789160639663
18425,2026-09-11T21:03:59.761Z,research,CommandExecution,,completed,0,1789160639761,1789160639761
18430,2026-09-11T21:04:10.580Z,research,CommandExecution,,completed,0,1789160649628,1789160650580
18431,2026-09-11T21:04:10.675Z,research,CommandExecution,,completed,0,1789160650674,1789160650674
18434,2026-09-11T21:04:14.346Z,research,CommandExecution,,completed,0,1789160650888,1789160654345
18439,2026-09-11T21:04:17.840Z,research,CommandExecution,,completed,0,1789160657837,1789160657838
18440,2026-09-11T21:04:17.950Z,research,CommandExecution,,completed,0,1789160657949,1789160657949
18445,2026-09-11T21:04:37.277Z,research,AgentMessage,,,,1789160675095,1789160677277
18449,2026-09-11T21:06:12.618Z,research,FileChange,,completed,,1789160772616,1789160772618
18456,2026-09-11T21:06:48.537Z,research,CommandExecution,,completed,0,1789160808093,1789160808537
18457,2026-09-11T21:06:48.551Z,research,FileChange,,completed,,1789160808550,1789160808551
18458,2026-09-11T21:06:48.603Z,research,ImageView,,,,1789160808603,1789160808603
18464,2026-09-11T21:07:08.267Z,research,FileChange,,completed,,1789160828264,1789160828267
18466,2026-09-11T21:07:08.439Z,research,CommandExecution,,completed,0,1789160828438,1789160828439
18467,2026-09-11T21:07:08.675Z,research,CommandExecution,,completed,0,1789160828674,1789160828675
18474,2026-09-11T21:07:44.376Z,research,CommandExecution,,completed,0,1789160864375,1789160864376
18475,2026-09-11T21:07:44.478Z,research,CommandExecution,,completed,0,1789160864477,1789160864478
18476,2026-09-11T21:07:44.572Z,research,CommandExecution,,completed,0,1789160864571,1789160864572
18481,2026-09-11T21:07:51.531Z,research,AgentMessage,,,,1789160869348,1789160871531
18485,2026-09-11T21:08:03.476Z,research,CommandExecution,,completed,0,1789160883475,1789160883476
18486,2026-09-11T21:08:03.613Z,research,CommandExecution,,completed,0,1789160883612,1789160883612
18487,2026-09-11T21:08:03.708Z,research,CommandExecution,,completed,0,1789160883708,1789160883708
18488,2026-09-11T21:08:03.805Z,research,CommandExecution,,completed,0,1789160883805,1789160883805
18489,2026-09-11T21:08:03.932Z,research,CommandExecution,,completed,0,1789160883931,1789160883932
18490,2026-09-11T21:08:05.402Z,research,CommandExecution,,completed,0,1789160884152,1789160885401
18497,2026-09-11T21:08:31.929Z,research,Extension,web.search,,,1789160910324,1789160911928
18498,2026-09-11T21:08:33.850Z,research,CommandExecution,,completed,0,1789160910463,1789160913847
18505,2026-09-11T21:08:59.813Z,research,CommandExecution,,completed,0,1789160938358,1789160939810
18506,2026-09-11T21:09:01.276Z,research,Extension,web.search,,,1789160939886,1789160941275
18513,2026-09-11T21:09:17.927Z,research,Extension,web.search,,,1789160955971,1789160957926
18514,2026-09-11T21:09:18.036Z,research,CommandExecution,,completed,0,1789160958035,1789160958036
18523,2026-09-11T21:10:10.477Z,research,AgentMessage,,,,1789161008992,1789161010476
18527,2026-09-11T21:10:15.850Z,research,Extension,web.search,,,1789161014093,1789161015850
18528,2026-09-11T21:10:15.970Z,research,CommandExecution,,completed,0,1789161015969,1789161015969
18543,2026-09-11T21:11:36.550Z,research,CommandExecution,,completed,0,1789161096550,1789161096550
18544,2026-09-11T21:11:38.172Z,research,Extension,web.search,,,1789161096506,1789161098172
18551,2026-09-11T21:11:49.065Z,research,Extension,web.search,,,1789161107562,1789161109064
18558,2026-09-11T21:11:59.155Z,research,Extension,web.search,,,1789161116690,1789161119154
18575,2026-09-11T21:13:42.786Z,research,CommandExecution,,completed,0,1789161222785,1789161222786
18576,2026-09-11T21:13:42.898Z,research,CommandExecution,,completed,0,1789161222897,1789161222898
18587,2026-09-11T21:14:55.136Z,research,FileChange,,completed,,1789161295132,1789161295134
18588,2026-09-11T21:14:55.244Z,research,CommandExecution,,completed,0,1789161295243,1789161295243
18593,2026-09-11T21:15:01.085Z,research,AgentMessage,,,,1789161298834,1789161301084
18596,2026-09-11T21:16:36.502Z,research,FileChange,,completed,,1789161396499,1789161396502
18598,2026-09-11T21:16:36.740Z,research,CommandExecution,,failed,1,1789161396733,1789161396740
18605,2026-09-11T21:16:47.476Z,research,CommandExecution,,completed,0,1789161407475,1789161407476
18606,2026-09-11T21:16:47.922Z,research,CommandExecution,,completed,0,1789161407693,1789161407922
18607,2026-09-11T21:16:48.018Z,research,CommandExecution,,completed,0,1789161408017,1789161408018
18614,2026-09-11T21:16:56.226Z,research,CommandExecution,,completed,0,1789161416225,1789161416226
18615,2026-09-11T21:16:56.319Z,research,CommandExecution,,completed,0,1789161416318,1789161416318
18616,2026-09-11T21:16:56.407Z,research,CommandExecution,,completed,0,1789161416406,1789161416407
18623,2026-09-11T21:17:21.200Z,research,CommandExecution,,completed,0,1789161441199,1789161441200
18624,2026-09-11T21:17:21.219Z,research,FileChange,,completed,,1789161441215,1789161441219
18629,2026-09-11T21:17:48.786Z,research,CommandExecution,,completed,0,1789161441447,1789161468786
18638,2026-09-11T21:18:25.386Z,research,Extension,web.search,,,1789161503897,1789161505385
18647,2026-09-11T21:19:04.648Z,research,CommandExecution,,completed,0,1789161544648,1789161544648
18650,2026-09-11T21:19:15.804Z,research,CommandExecution,,completed,0,1789161543502,1789161555804
18657,2026-09-11T21:19:39.239Z,research,Extension,web.search,,,1789161577688,1789161579238
18664,2026-09-11T21:20:00.167Z,research,CommandExecution,,completed,0,1789161599583,1789161600167
18665,2026-09-11T21:20:00.310Z,research,CommandExecution,,completed,0,1789161600310,1789161600310
18672,2026-09-11T21:20:09.144Z,research,CommandExecution,,completed,0,1789161609143,1789161609144
18673,2026-09-11T21:20:09.244Z,research,CommandExecution,,completed,0,1789161609243,1789161609244
18676,2026-09-11T21:20:14.353Z,research,CommandExecution,,completed,0,1789161609464,1789161614353
18681,2026-09-11T21:20:27.405Z,research,Extension,web.search,,,1789161625889,1789161627405
18686,2026-09-11T21:20:34.354Z,research,AgentMessage,,,,1789161632309,1789161634354
18690,2026-09-11T21:20:44.624Z,research,CommandExecution,,completed,0,1789161644237,1789161644624
18691,2026-09-11T21:20:44.839Z,research,CommandExecution,,completed,0,1789161644183,1789161644839
18692,2026-09-11T21:20:45.889Z,research,Extension,web.search,,,1789161644206,1789161645888
18693,2026-09-11T21:20:45.899Z,research,CommandExecution,,completed,0,1789161644294,1789161645899
18700,2026-09-11T21:20:54.601Z,research,ImageView,,,,1789161654601,1789161654601
18701,2026-09-11T21:20:54.651Z,research,ImageView,,,,1789161654651,1789161654651
18702,2026-09-11T21:20:54.781Z,research,CommandExecution,,completed,0,1789161654780,1789161654781
18709,2026-09-11T21:21:05.037Z,research,CommandExecution,,completed,0,1789161665036,1789161665037
18710,2026-09-11T21:21:05.134Z,research,CommandExecution,,completed,0,1789161665133,1789161665134
18711,2026-09-11T21:21:06.699Z,research,Extension,web.search,,,1789161665206,1789161666699
18720,2026-09-11T21:21:56.480Z,research,Extension,web.search,,,1789161714853,1789161716480
18723,2026-09-11T21:22:02.802Z,research,CommandExecution,,completed,0,1789161717915,1789161722802
18726,2026-09-11T21:22:05.942Z,research,CommandExecution,,completed,0,1789161716701,1789161725942
18729,2026-09-11T21:22:11.625Z,research,Extension,web.search,,,1789161730181,1789161731624
18730,2026-09-11T21:22:12.075Z,research,CommandExecution,,completed,0,1789161731852,1789161732075
18736,2026-09-11T21:22:31.961Z,research,CommandExecution,,completed,0,1789161751952,1789161751961
18738,2026-09-11T21:22:31.975Z,research,ImageView,,,,1789161751975,1789161751975
18739,2026-09-11T21:22:33.061Z,research,CommandExecution,,completed,0,1789161752104,1789161753060
18740,2026-09-11T21:22:33.156Z,research,CommandExecution,,completed,0,1789161753155,1789161753156
18749,2026-09-11T21:26:26.803Z,research,ContextCompaction,,,,1789161753214,1789161986803
18752,2026-09-11T21:26:30.252Z,research,CommandExecution,,completed,0,1789161990251,1789161990252
18757,2026-09-11T21:26:34.258Z,research,AgentMessage,,,,1789161992546,1789161994258
18761,2026-09-11T21:26:45.059Z,research,CommandExecution,,failed,1,1789162005055,1789162005058
18762,2026-09-11T21:26:45.075Z,research,CommandExecution,,completed,0,1789162005074,1789162005075
18763,2026-09-11T21:26:45.099Z,research,CommandExecution,,completed,0,1789162005098,1789162005099
18770,2026-09-11T21:26:58.995Z,research,CommandExecution,,completed,0,1789162018991,1789162018994
18771,2026-09-11T21:26:59.010Z,research,CommandExecution,,completed,0,1789162019006,1789162019009
18772,2026-09-11T21:26:59.016Z,research,CommandExecution,,completed,0,1789162019009,1789162019015
18773,2026-09-11T21:26:59.341Z,research,CommandExecution,,completed,0,1789162019165,1789162019341
18780,2026-09-11T21:27:10.479Z,research,ImageView,,,,1789162030478,1789162030479
18781,2026-09-11T21:27:12.038Z,research,Extension,web.search,,,1789162030554,1789162032037
18782,2026-09-11T21:27:12.437Z,research,CommandExecution,,completed,0,1789162032263,1789162032437
18789,2026-09-11T21:27:37.940Z,research,ImageView,,,,1789162057940,1789162057940
18790,2026-09-11T21:27:38.122Z,research,CommandExecution,,completed,0,1789162058060,1789162058121
18791,2026-09-11T21:27:38.149Z,research,CommandExecution,,completed,0,1789162058148,1789162058149
18792,2026-09-11T21:27:38.156Z,research,CommandExecution,,completed,0,1789162058154,1789162058155
18797,2026-09-11T21:27:58.106Z,research,AgentMessage,,,,1789162075913,1789162078105
18801,2026-09-11T21:28:52.187Z,research,FileChange,,completed,,1789162132185,1789162132187
18802,2026-09-11T21:28:52.496Z,research,CommandExecution,,completed,0,1789162132428,1789162132496
18803,2026-09-11T21:28:52.637Z,research,CommandExecution,,completed,0,1789162132636,1789162132637
18810,2026-09-11T21:29:12.293Z,research,CommandExecution,,completed,0,1789162152292,1789162152293
18811,2026-09-11T21:29:12.311Z,research,CommandExecution,,completed,0,1789162152310,1789162152311
18820,2026-09-11T21:29:53.715Z,research,Extension,web.search,,,1789162192107,1789162193714
18821,2026-09-11T21:29:53.866Z,research,CommandExecution,,completed,0,1789162193865,1789162193866
18828,2026-09-11T21:31:13.465Z,research,FileChange,,completed,,1789162273463,1789162273465
18835,2026-09-11T21:31:36.602Z,research,CommandExecution,,completed,0,1789162296601,1789162296602
18836,2026-09-11T21:31:37.082Z,research,CommandExecution,,completed,0,1789162296848,1789162297081
18841,2026-09-11T21:31:44.732Z,research,AgentMessage,,,,1789162302939,1789162304732
18845,2026-09-11T21:32:11.824Z,research,CommandExecution,,completed,0,1789162331685,1789162331824
18846,2026-09-11T21:32:11.969Z,research,CommandExecution,,failed,2,1789162331955,1789162331964
18847,2026-09-11T21:32:12.136Z,research,CommandExecution,,completed,0,1789162332134,1789162332135
18854,2026-09-11T21:32:23.842Z,research,CommandExecution,,completed,0,1789162343841,1789162343842
18855,2026-09-11T21:32:23.924Z,research,CommandExecution,,completed,0,1789162343924,1789162343924
18862,2026-09-11T21:32:53.637Z,research,Extension,web.search,,,1789162372211,1789162373636
18863,2026-09-11T21:32:53.788Z,research,CommandExecution,,completed,0,1789162373786,1789162373787
18874,2026-09-11T21:34:10.719Z,research,AgentMessage,,,,1789162449676,1789162450719
18878,2026-09-11T21:34:15.341Z,research,Extension,web.search,,,1789162452785,1789162455340
18879,2026-09-11T21:34:15.457Z,research,CommandExecution,,completed,0,1789162455456,1789162455456
18888,2026-09-11T21:34:51.179Z,research,Extension,web.search,,,1789162489375,1789162491178
18889,2026-09-11T21:34:51.338Z,research,CommandExecution,,completed,0,1789162491337,1789162491338
18897,2026-09-11T21:35:55.276Z,research,FileChange,,completed,,1789162555275,1789162555276
18899,2026-09-11T21:35:55.713Z,research,CommandExecution,,completed,0,1789162555512,1789162555712
18900,2026-09-11T21:35:59.185Z,research,Extension,web.search,,,1789162555811,1789162559185
18907,2026-09-11T21:36:15.884Z,research,ImageView,,,,1789162575884,1789162575884
18908,2026-09-11T21:36:18.005Z,research,CommandExecution,,completed,0,1789162576110,1789162578005
18909,2026-09-11T21:36:18.644Z,research,Extension,web.search,,,1789162577196,1789162578643
18920,2026-09-11T21:37:09.644Z,research,CommandExecution,,failed,1,1789162629643,1789162629643
18927,2026-09-11T21:37:21.246Z,research,CommandExecution,,completed,0,1789162641244,1789162641245
18928,2026-09-11T21:37:22.839Z,research,Extension,web.search,,,1789162641337,1789162642839
18933,2026-09-11T21:37:27.823Z,research,AgentMessage,,,,1789162646103,1789162647822
18937,2026-09-11T21:37:36.619Z,research,Extension,web.search,,,1789162655090,1789162656618
18938,2026-09-11T21:37:36.763Z,research,CommandExecution,,completed,0,1789162656762,1789162656762
18945,2026-09-11T21:37:50.671Z,research,CommandExecution,,completed,0,1789162669602,1789162670671
18948,2026-09-11T21:37:54.430Z,research,CommandExecution,,completed,0,1789162670824,1789162674430
18952,2026-09-11T21:39:16.891Z,research,FileChange,,completed,,1789162756889,1789162756891
18954,2026-09-11T21:39:17.018Z,research,CommandExecution,,completed,0,1789162757017,1789162757018
18961,2026-09-11T21:39:29.920Z,research,CommandExecution,,completed,0,1789162769918,1789162769920
18962,2026-09-11T21:39:31.842Z,research,Extension,web.search,,,1789162769998,1789162771841
18971,2026-09-11T21:40:19.640Z,research,CommandExecution,,completed,0,1789162819639,1789162819640
18972,2026-09-11T21:40:21.474Z,research,CommandExecution,,completed,0,1789162819857,1789162821474
18979,2026-09-11T21:40:48.380Z,research,AgentMessage,,,,1789162847363,1789162848380
18982,2026-09-11T21:41:11.354Z,research,ImageView,,,,1789162871353,1789162871354
18984,2026-09-11T21:41:11.392Z,research,ImageView,,,,1789162871392,1789162871392
18985,2026-09-11T21:41:11.427Z,research,ImageView,,,,1789162871426,1789162871426
18986,2026-09-11T21:41:11.590Z,research,CommandExecution,,completed,0,1789162871589,1789162871590
18992,2026-09-11T21:42:40.556Z,research,FileChange,,completed,,1789162960555,1789162960556
18994,2026-09-11T21:42:40.922Z,research,CommandExecution,,completed,0,1789162960782,1789162960922
19000,2026-09-11T21:43:52.710Z,research,FileChange,,completed,,1789163032706,1789163032710
19002,2026-09-11T21:43:53.631Z,research,CommandExecution,,completed,0,1789163032972,1789163033631
19009,2026-09-11T21:44:27.417Z,research,CommandExecution,,completed,0,1789163067358,1789163067416
19010,2026-09-11T21:44:27.560Z,research,CommandExecution,,completed,0,1789163067559,1789163067560
19015,2026-09-11T21:44:55.064Z,research,AgentMessage,,,,1789163092682,1789163095064
19019,2026-09-11T21:45:07.363Z,research,Extension,web.search,,,1789163105932,1789163107362
19020,2026-09-11T21:45:07.711Z,research,CommandExecution,,completed,0,1789163107583,1789163107710
19021,2026-09-11T21:45:07.847Z,research,CommandExecution,,completed,0,1789163107847,1789163107847
19028,2026-09-11T21:45:30.697Z,research,Extension,web.search,,,1789163129327,1789163130697
19029,2026-09-11T21:45:30.854Z,research,CommandExecution,,completed,0,1789163130853,1789163130854
19042,2026-09-11T21:46:31.399Z,research,CommandExecution,,completed,0,1789163191078,1789163191398
19043,2026-09-11T21:46:32.783Z,research,Extension,web.search,,,1789163191470,1789163192782
19049,2026-09-11T21:46:40.662Z,research,ImageView,,,,1789163200662,1789163200662
19051,2026-09-11T21:46:42.215Z,research,Extension,web.search,,,1789163200747,1789163202214
19060,2026-09-11T21:47:19.426Z,research,Extension,web.search,,,1789163237819,1789163239425
19061,2026-09-11T21:47:19.866Z,research,CommandExecution,,completed,0,1789163239642,1789163239866
19070,2026-09-11T21:51:39.494Z,research,ContextCompaction,,,,1789163244906,1789163499494
19073,2026-09-11T21:51:45.393Z,research,CommandExecution,,failed,1,1789163505382,1789163505392
19074,2026-09-11T21:51:45.422Z,research,CommandExecution,,completed,0,1789163505421,1789163505422
19079,2026-09-11T21:51:50.432Z,research,AgentMessage,,,,1789163508198,1789163510432
19083,2026-09-11T21:51:58.122Z,research,CommandExecution,,completed,0,1789163518122,1789163518122
19084,2026-09-11T21:51:58.243Z,research,CommandExecution,,completed,0,1789163518242,1789163518243
19085,2026-09-11T21:51:58.334Z,research,CommandExecution,,completed,0,1789163518334,1789163518334
19092,2026-09-11T21:52:08.073Z,research,Extension,web.search,,,1789163526492,1789163528072
19093,2026-09-11T21:52:08.173Z,research,CommandExecution,,completed,0,1789163528172,1789163528173
19100,2026-09-11T21:52:19.373Z,research,Extension,web.search,,,1789163537844,1789163539372
19101,2026-09-11T21:52:19.480Z,research,CommandExecution,,completed,0,1789163539478,1789163539479
19108,2026-09-11T21:52:29.992Z,research,Extension,web.search,,,1789163548661,1789163549992
19109,2026-09-11T21:52:32.372Z,research,CommandExecution,,completed,0,1789163548754,1789163552372
19116,2026-09-11T21:52:52.601Z,research,Extension,web.search,,,1789163571043,1789163572600
19119,2026-09-11T21:52:53.213Z,research,CommandExecution,,completed,0,1789163569976,1789163573212
19124,2026-09-11T21:53:02.401Z,research,CommandExecution,,completed,0,1789163582400,1789163582401
19131,2026-09-11T21:53:13.949Z,research,CommandExecution,,completed,0,1789163593880,1789163593944
19132,2026-09-11T21:53:13.953Z,research,CommandExecution,,completed,0,1789163593938,1789163593949
19133,2026-09-11T21:53:14.112Z,research,CommandExecution,,failed,1,1789163594093,1789163594112
19138,2026-09-11T21:53:19.438Z,research,AgentMessage,,,,1789163597151,1789163599438
19142,2026-09-11T21:53:25.432Z,research,CommandExecution,,completed,0,1789163605371,1789163605428
19143,2026-09-11T21:53:25.457Z,research,CommandExecution,,completed,0,1789163605456,1789163605457
19144,2026-09-11T21:53:26.072Z,research,CommandExecution,,completed,0,1789163605521,1789163606072
19151,2026-09-11T21:53:48.785Z,research,ImageView,,,,1789163628785,1789163628785
19152,2026-09-11T21:53:48.823Z,research,ImageView,,,,1789163628823,1789163628823
19153,2026-09-11T21:53:48.977Z,research,CommandExecution,,completed,0,1789163628976,1789163628977
19160,2026-09-11T21:55:27.979Z,research,FileChange,,completed,,1789163727978,1789163727979
19161,2026-09-11T21:55:29.291Z,research,CommandExecution,,completed,0,1789163728208,1789163729291
19168,2026-09-11T21:55:36.256Z,research,ImageView,,,,1789163736256,1789163736256
19169,2026-09-11T21:55:36.297Z,research,ImageView,,,,1789163736296,1789163736297
19170,2026-09-11T21:55:36.405Z,research,CommandExecution,,completed,0,1789163736403,1789163736404
19177,2026-09-11T21:57:19.433Z,research,FileChange,,completed,,1789163839431,1789163839433
19178,2026-09-11T21:57:20.502Z,research,CommandExecution,,completed,0,1789163839668,1789163840502
19183,2026-09-11T21:57:25.441Z,research,AgentMessage,,,,1789163843260,1789163845441
19188,2026-09-11T21:57:32.626Z,research,CommandExecution,,completed,0,1789163852624,1789163852625
19195,2026-09-11T21:58:22.609Z,research,FileChange,,completed,,1789163902607,1789163902609
19197,2026-09-11T21:58:23.899Z,research,CommandExecution,,completed,0,1789163902843,1789163903899
19204,2026-09-11T21:58:30.770Z,research,CommandExecution,,completed,0,1789163910769,1789163910769
19211,2026-09-11T21:59:08.681Z,research,CommandExecution,,completed,0,1789163948539,1789163948681
19218,2026-09-11T21:59:14.391Z,research,CommandExecution,,completed,0,1789163954389,1789163954390
19223,2026-09-11T21:59:19.828Z,research,AgentMessage,,,,1789163957528,1789163959828
19227,2026-09-11T21:59:23.001Z,research,CommandExecution,,completed,0,1789163962998,1789163962999
19234,2026-09-11T21:59:47.624Z,research,Extension,web.search,,,1789163986257,1789163987623
19235,2026-09-11T21:59:47.729Z,research,CommandExecution,,completed,0,1789163987728,1789163987729
19242,2026-09-11T21:59:54.679Z,research,CommandExecution,,failed,1,1789163994677,1789163994678
19243,2026-09-11T21:59:56.165Z,research,Extension,web.search,,,1789163994753,1789163996164
19250,2026-09-11T22:00:05.937Z,research,CommandExecution,,completed,0,1789164005935,1789164005936
19251,2026-09-11T22:00:07.500Z,research,Extension,web.search,,,1789164006012,1789164007499
19260,2026-09-11T22:00:58.510Z,research,AgentMessage,,,,1789164056753,1789164058510
19266,2026-09-11T22:01:17.004Z,research,CommandExecution,,failed,2,1789164077003,1789164077004
19275,2026-09-11T22:02:01.994Z,research,Extension,web.search,,,1789164120493,1789164121993
19276,2026-09-11T22:02:02.107Z,research,CommandExecution,,completed,0,1789164122106,1789164122107
19285,2026-09-11T22:02:40.792Z,research,Extension,web.search,,,1789164159230,1789164160791
19286,2026-09-11T22:02:40.887Z,research,CommandExecution,,completed,0,1789164160886,1789164160887
19293,2026-09-11T22:02:53.349Z,research,Extension,web.search,,,1789164171798,1789164173349
19302,2026-09-11T22:03:35.683Z,research,Extension,web.search,,,1789164214198,1789164215682
19303,2026-09-11T22:03:35.799Z,research,CommandExecution,,completed,0,1789164215799,1789164215799
19310,2026-09-11T22:03:49.503Z,research,CommandExecution,,completed,0,1789164228107,1789164229502
19311,2026-09-11T22:03:50.562Z,research,Extension,web.search,,,1789164229176,1789164230561
19316,2026-09-11T22:04:02.262Z,research,AgentMessage,,,,1789164239903,1789164242262
19320,2026-09-11T22:04:11.648Z,research,CommandExecution,,completed,0,1789164251646,1789164251647
19323,2026-09-11T22:04:13.471Z,research,CommandExecution,,completed,0,1789164251701,1789164253471
19327,2026-09-11T22:04:23.501Z,research,CommandExecution,,completed,0,1789164263488,1789164263500
19329,2026-09-11T22:04:23.572Z,research,CommandExecution,,completed,0,1789164263571,1789164263572
19336,2026-09-11T22:04:37.250Z,research,CommandExecution,,completed,0,1789164277246,1789164277249
19337,2026-09-11T22:04:38.529Z,research,CommandExecution,,completed,0,1789164277426,1789164278529
19345,2026-09-11T22:05:14.593Z,research,ImageView,,,,1789164314592,1789164314593
19347,2026-09-11T22:05:14.647Z,research,ImageView,,,,1789164314647,1789164314647
19348,2026-09-11T22:05:15.704Z,research,CommandExecution,,completed,0,1789164314874,1789164315704
19358,2026-09-11T22:06:02.290Z,research,ImageView,,,,1789164362290,1789164362290
19359,2026-09-11T22:06:02.334Z,research,ImageView,,,,1789164362334,1789164362334
19367,2026-09-11T22:07:00.071Z,research,CommandExecution,,failed,1,1789164420070,1789164420070
19368,2026-09-11T22:07:00.089Z,research,FileChange,,completed,,1789164420087,1789164420089
19373,2026-09-11T22:07:10.466Z,research,AgentMessage,,,,1789164428144,1789164430466
19377,2026-09-11T22:07:50.542Z,research,CommandExecution,,completed,0,1789164470441,1789164470542
19384,2026-09-11T22:07:59.133Z,research,CommandExecution,,completed,0,1789164479133,1789164479133
19385,2026-09-11T22:08:08.775Z,research,CommandExecution,,completed,0,1789164484360,1789164488775
19392,2026-09-11T22:08:36.400Z,research,CommandExecution,,completed,0,1789164516399,1789164516400
19393,2026-09-11T22:08:36.567Z,research,CommandExecution,,completed,0,1789164516566,1789164516566
19400,2026-09-11T22:09:37.005Z,research,CommandExecution,,completed,0,1789164577004,1789164577005
19401,2026-09-11T22:09:37.020Z,research,FileChange,,completed,,1789164577019,1789164577020
19407,2026-09-11T22:10:15.183Z,research,FileChange,,completed,,1789164615181,1789164615183
19409,2026-09-11T22:10:15.869Z,research,CommandExecution,,completed,0,1789164615418,1789164615869
19418,2026-09-11T22:10:56.980Z,research,AgentMessage,,,,1789164654334,1789164656980
19421,2026-09-11T22:11:31.169Z,research,FileChange,,completed,,1789164691168,1789164691169
19430,2026-09-11T22:12:04.111Z,research,CommandExecution,,completed,0,1789164724110,1789164724111
19434,2026-09-11T22:12:09.651Z,research,CommandExecution,,completed,0,1789161600528,1789164729651
19439,2026-09-11T22:12:26.541Z,research,CommandExecution,,completed,0,1789164746540,1789164746541
19448,2026-09-11T22:12:57.709Z,research,CommandExecution,,completed,0,1789164775754,1789164777709
19451,2026-09-11T22:13:02.975Z,research,AgentMessage,,,,1789164781093,1789164782975
19457,2026-09-11T22:13:08.508Z,research,CommandExecution,,completed,0,1789164788507,1789164788508
19464,2026-09-11T22:13:36.763Z,research,CommandExecution,,completed,0,1789164816638,1789164816763
19471,2026-09-11T22:14:00.595Z,research,CommandExecution,,completed,0,1789164840594,1789164840595
19472,2026-09-11T22:14:00.610Z,research,FileChange,,completed,,1789164840609,1789164840610
19481,2026-09-11T22:15:47.544Z,research,FileChange,,completed,,1789164947543,1789164947544
19484,2026-09-11T22:15:48.907Z,research,CommandExecution,,completed,0,1789164947776,1789164948907
19495,2026-09-11T22:16:23.160Z,research,AgentMessage,,,,1789164981131,1789164983160
19498,2026-09-11T22:17:25.098Z,research,FileChange,,completed,,1789165045095,1789165045098
19506,2026-09-11T22:17:44.429Z,research,CommandExecution,,completed,0,1789165062960,1789165064429
19511,2026-09-11T22:18:10.298Z,research,CommandExecution,,completed,0,1789165045333,1789165090297
19524,2026-09-11T22:23:10.730Z,research,ContextCompaction,,,,1789165106176,1789165390730
19527,2026-09-11T22:23:14.821Z,research,AgentMessage,,,,1789165393492,1789165394821
19531,2026-09-11T22:23:16.880Z,research,CommandExecution,,completed,0,1789165396877,1789165396879
19536,2026-09-11T22:23:21.671Z,research,CommandExecution,,completed,0,1789165401670,1789165401670
19537,2026-09-11T22:23:25.742Z,research,CommandExecution,,completed,0,1789165401894,1789165405742
19544,2026-09-11T22:23:36.733Z,research,CommandExecution,,failed,1,1789165416732,1789165416733
19549,2026-09-11T22:23:41.493Z,research,AgentMessage,,,,1789165419321,1789165421493
19553,2026-09-11T22:24:20.696Z,research,FileChange,,completed,,1789165460695,1789165460695
19554,2026-09-11T22:24:23.816Z,research,CommandExecution,,completed,0,1789165460928,1789165463816
19561,2026-09-11T22:24:31.179Z,research,CommandExecution,,completed,0,1789165471178,1789165471179
19568,2026-09-11T22:24:48.406Z,research,CommandExecution,,completed,0,1789165488406,1789165488406
19569,2026-09-11T22:24:50.152Z,research,Extension,web.search,,,1789165488476,1789165490152
19576,2026-09-11T22:26:28.553Z,research,CommandExecution,,completed,0,1789165588552,1789165588553
19577,2026-09-11T22:26:28.573Z,research,FileChange,,completed,,1789165588571,1789165588573
19582,2026-09-11T22:26:33.175Z,research,AgentMessage,,,,1789165590985,1789165593174
19586,2026-09-11T22:27:03.369Z,research,Extension,web.search,,,1789165622067,1789165623369
19591,2026-09-11T22:27:07.476Z,research,CommandExecution,,completed,0,1789165611999,1789165627475
19594,2026-09-11T22:27:08.429Z,research,CommandExecution,,completed,0,1789165628428,1789165628429
19601,2026-09-11T22:27:42.764Z,research,CommandExecution,,completed,0,1789165661605,1789165662763
19602,2026-09-11T22:27:42.957Z,research,CommandExecution,,completed,0,1789165662955,1789165662956
19609,2026-09-11T22:28:04.581Z,research,CommandExecution,,completed,0,1789165684579,1789165684580
19610,2026-09-11T22:28:05.943Z,research,Extension,web.search,,,1789165684606,1789165685943
19619,2026-09-11T22:28:55.851Z,research,AgentMessage,,,,1789165734356,1789165735851
19623,2026-09-11T22:28:59.958Z,research,CommandExecution,,completed,0,1789165739957,1789165739958
19624,2026-09-11T22:29:01.437Z,research,Extension,web.search,,,1789165740031,1789165741437
19631,2026-09-11T22:29:10.851Z,research,Extension,web.search,,,1789165749505,1789165750850
19632,2026-09-11T22:29:11.033Z,research,CommandExecution,,completed,0,1789165751031,1789165751032
19639,2026-09-11T22:29:26.375Z,research,Extension,web.search,,,1789165764548,1789165766374
19640,2026-09-11T22:29:26.479Z,research,CommandExecution,,completed,0,1789165766479,1789165766479
19655,2026-09-11T22:30:38.061Z,research,Extension,web.search,,,1789165836614,1789165838060
19656,2026-09-11T22:30:38.242Z,research,CommandExecution,,completed,0,1789165838240,1789165838241
19669,2026-09-11T22:31:41.802Z,research,Extension,web.search,,,1789165900467,1789165901801
19676,2026-09-11T22:31:52.682Z,research,Extension,web.search,,,1789165911264,1789165912682
19677,2026-09-11T22:31:52.796Z,research,CommandExecution,,completed,0,1789165912795,1789165912796
19684,2026-09-11T22:32:03.675Z,research,Extension,web.search,,,1789165922367,1789165923674
19685,2026-09-11T22:32:04.289Z,research,CommandExecution,,completed,0,1789165923897,1789165924288
19694,2026-09-11T22:32:37.389Z,research,CommandExecution,,completed,0,1789165957388,1789165957389
19695,2026-09-11T22:32:38.837Z,research,Extension,web.search,,,1789165957473,1789165958837
19704,2026-09-11T22:33:06.083Z,research,Extension,web.search,,,1789165984593,1789165986081
19705,2026-09-11T22:33:06.203Z,research,CommandExecution,,completed,0,1789165986202,1789165986203
19712,2026-09-11T22:33:12.720Z,research,CommandExecution,,completed,0,1789165992719,1789165992720
19713,2026-09-11T22:33:14.213Z,research,Extension,web.search,,,1789165992793,1789165994212
19720,2026-09-11T22:33:27.101Z,research,Extension,web.search,,,1789166005674,1789166007101
19723,2026-09-11T22:33:29.415Z,research,CommandExecution,,completed,0,1789166007318,1789166009415
19728,2026-09-11T22:33:45.250Z,research,Extension,web.search,,,1789166023822,1789166025249
19733,2026-09-11T22:33:50.080Z,research,AgentMessage,,,,1789166028554,1789166030080
19737,2026-09-11T22:33:59.423Z,research,CommandExecution,,completed,0,1789166038646,1789166039423
19738,2026-09-11T22:34:00.788Z,research,Extension,web.search,,,1789166039496,1789166040788
19745,2026-09-11T22:34:07.003Z,research,CommandExecution,,completed,0,1789166047002,1789166047003
19760,2026-09-11T22:35:21.930Z,research,Extension,web.search,,,1789166120549,1789166121929
19761,2026-09-11T22:35:22.048Z,research,CommandExecution,,completed,0,1789166122048,1789166122048
19768,2026-09-11T22:35:32.949Z,research,CommandExecution,,completed,0,1789166132948,1789166132949
19769,2026-09-11T22:35:34.451Z,research,Extension,web.search,,,1789166133023,1789166134451
19776,2026-09-11T22:36:27.425Z,research,FileChange,,completed,,1789166187424,1789166187425
19783,2026-09-11T22:36:40.962Z,research,CommandExecution,,completed,0,1789166200961,1789166200962
19784,2026-09-11T22:36:42.565Z,research,Extension,web.search,,,1789166201033,1789166202564
19795,2026-09-11T22:37:48.753Z,research,AgentMessage,,,,1789166266810,1789166268753
19799,2026-09-11T22:37:56.891Z,research,Extension,web.search,,,1789166275413,1789166276890
19800,2026-09-11T22:37:57.162Z,research,CommandExecution,,failed,1,1789166277114,1789166277162
19807,2026-09-11T22:38:07.514Z,research,Extension,web.search,,,1789166285304,1789166287513
19808,2026-09-11T22:38:07.699Z,research,CommandExecution,,completed,0,1789166287698,1789166287698
19817,2026-09-11T22:42:20.941Z,research,ContextCompaction,,,,1789166287733,1789166540941
19820,2026-09-11T22:42:26.631Z,research,AgentMessage,,,,1789166544897,1789166546631
19824,2026-09-11T22:42:31.515Z,research,CommandExecution,,completed,0,1789166551514,1789166551515
19825,2026-09-11T22:42:31.638Z,research,CommandExecution,,completed,0,1789166551637,1789166551638
19826,2026-09-11T22:42:33.183Z,research,Extension,web.search,,,1789166551654,1789166553183
19833,2026-09-11T22:43:00.443Z,research,CommandExecution,,completed,0,1789166580402,1789166580438
19834,2026-09-11T22:43:00.446Z,research,CommandExecution,,failed,1,1789166580403,1789166580439
19835,2026-09-11T22:43:02.197Z,research,Extension,web.search,,,1789166580466,1789166582196
19836,2026-09-11T22:43:04.608Z,research,CommandExecution,,completed,0,1789166580559,1789166584608
19843,2026-09-11T22:43:17.664Z,research,CommandExecution,,completed,0,1789166597634,1789166597664
19844,2026-09-11T22:43:18.332Z,research,CommandExecution,,completed,0,1789166597810,1789166598332
19845,2026-09-11T22:43:19.070Z,research,Extension,web.search,,,1789166597661,1789166599069
19850,2026-09-11T22:43:34.045Z,research,AgentMessage,,,,1789166611269,1789166614045
19854,2026-09-11T22:43:46.148Z,research,CommandExecution,,completed,0,1789166626085,1789166626144
19855,2026-09-11T22:43:46.222Z,research,CommandExecution,,completed,0,1789166626221,1789166626221
19856,2026-09-11T22:43:48.434Z,research,Extension,web.search,,,1789166626146,1789166628433
19863,2026-09-11T22:44:15.352Z,research,CommandExecution,,completed,0,1789166655349,1789166655351
19864,2026-09-11T22:44:15.511Z,research,CommandExecution,,failed,1,1789166655503,1789166655511
19865,2026-09-11T22:44:16.854Z,research,Extension,web.search,,,1789166655388,1789166656854
19878,2026-09-11T22:44:27.176Z,research,CommandExecution,,completed,0,1789166667175,1789166667176
19885,2026-09-11T22:44:38.890Z,research,CommandExecution,,completed,0,1789166677183,1789166678890
19890,2026-09-11T22:44:50.211Z,research,ImageView,,,,1789166690211,1789166690211
19891,2026-09-11T22:44:50.213Z,research,ImageView,,,,1789166690212,1789166690213
19892,2026-09-11T22:44:50.464Z,research,ImageView,,,,1789166690218,1789166690463
19899,2026-09-11T22:44:56.155Z,research,CommandExecution,,completed,0,1789166695755,1789166696155
19903,2026-09-11T22:44:59.613Z,research,ImageView,,,,1789166699612,1789166699612
19911,2026-09-11T22:45:18.475Z,research,CommandExecution,,completed,0,1789166718474,1789166718475
19916,2026-09-11T22:47:00.845Z,research,AgentMessage,,,,1789166820789,1789166820845
19919,2026-09-11T22:47:00.921Z,research,FileChange,,completed,,1789166820916,1789166820921
19927,2026-09-11T22:47:19.980Z,research,CommandExecution,,completed,0,1789166839979,1789166839980
19934,2026-09-11T22:47:33.633Z,research,CommandExecution,,completed,0,1789166853632,1789166853633
19939,2026-09-11T22:49:02.120Z,research,FileChange,,completed,,1789166942118,1789166942120
19946,2026-09-11T22:49:15.361Z,research,CommandExecution,,completed,0,1789166955360,1789166955361
19947,2026-09-11T22:49:16.344Z,research,CommandExecution,,completed,0,1789166955437,1789166956344
19954,2026-09-11T22:49:37.294Z,research,CommandExecution,,completed,0,1789166977293,1789166977293
19959,2026-09-11T22:49:45.819Z,research,AgentMessage,,,,1789166982020,1789166985818
19963,2026-09-11T22:50:15.522Z,research,FileChange,,completed,,1789167015518,1789167015521
19976,2026-09-11T22:50:40.102Z,research,CommandExecution,,completed,0,1789167040101,1789167040102
19983,2026-09-11T22:51:14.638Z,research,FileChange,,completed,,1789167074637,1789167074638
19989,2026-09-11T22:51:33.079Z,research,CommandExecution,,completed,0,1789166187665,1789167093079
19990,2026-09-11T22:51:33.114Z,research,FileChange,,completed,,1789167093109,1789167093113
19992,2026-09-11T22:51:33.272Z,research,CommandExecution,,completed,0,1789167093271,1789167093272
19997,2026-09-11T22:51:49.632Z,research,CommandExecution,,failed,1,1789167108667,1789167109632
20000,2026-09-11T22:51:50.941Z,research,CommandExecution,,completed,0,1789167108611,1789167110940
20005,2026-09-11T22:52:22.133Z,research,CommandExecution,,failed,1,1789167142132,1789167142133
20006,2026-09-11T22:52:22.153Z,research,FileChange,,completed,,1789167142149,1789167142153
20007,2026-09-11T22:52:23.155Z,research,CommandExecution,,completed,0,1789167142403,1789167143154
20014,2026-09-11T22:52:39.027Z,research,CommandExecution,,completed,0,1789167159026,1789167159027
20021,2026-09-11T22:53:03.375Z,research,AgentMessage,,,,1789167180808,1789167183375
20025,2026-09-11T22:53:11.269Z,research,CommandExecution,,completed,0,1789167191268,1789167191269
20032,2026-09-11T22:55:08.590Z,research,FileChange,,completed,,1789167308585,1789167308590
20039,2026-09-11T22:55:27.509Z,research,CommandExecution,,completed,0,1789167327508,1789167327509
20042,2026-09-11T22:55:29.150Z,research,CommandExecution,,completed,0,1789167327763,1789167329150
20047,2026-09-11T22:55:35.660Z,research,CommandExecution,,completed,0,1789167335658,1789167335659
20052,2026-09-11T22:55:46.984Z,research,AgentMessage,,,,1789167345199,1789167346984
20056,2026-09-11T22:56:27.983Z,research,CommandExecution,,completed,0,1789167387982,1789167387983
20057,2026-09-11T22:56:28.139Z,research,CommandExecution,,completed,0,1789167388138,1789167388138
20058,2026-09-11T22:56:28.297Z,research,CommandExecution,,completed,0,1789167388297,1789167388297
20059,2026-09-11T22:56:28.451Z,research,CommandExecution,,completed,0,1789167388449,1789167388450
20066,2026-09-11T22:56:33.139Z,research,CommandExecution,,completed,0,1789167393138,1789167393138
20073,2026-09-11T22:56:45.782Z,research,CommandExecution,,completed,0,1789167405781,1789167405782
20082,2026-09-11T22:57:16.116Z,research,CommandExecution,,completed,0,1789167436115,1789167436115
20101,2026-09-11T22:59:10.624Z,research,Extension,web.search,,,1789167548325,1789167550623
20102,2026-09-11T22:59:11.630Z,research,CommandExecution,,completed,0,1789167548447,1789167551630
20107,2026-09-11T22:59:25.558Z,research,AgentMessage,,,,1789167563455,1789167565558
20111,2026-09-11T22:59:30.948Z,research,CommandExecution,,completed,0,1789167570947,1789167570948
20112,2026-09-11T22:59:32.349Z,research,Extension,web.search,,,1789167570910,1789167572349
20129,2026-09-11T23:01:11.142Z,research,CommandExecution,,completed,0,1789167671139,1789167671141
20142,2026-09-11T23:02:16.312Z,research,CommandExecution,,completed,0,1789167736310,1789167736311
20149,2026-09-11T23:02:37.987Z,research,CommandExecution,,completed,0,1789167757987,1789167757987
20150,2026-09-11T23:02:39.385Z,research,Extension,web.search,,,1789167757964,1789167759385
20157,2026-09-11T23:02:47.701Z,research,Extension,web.search,,,1789167766266,1789167767700
20164,2026-09-11T23:02:57.695Z,research,CommandExecution,,failed,1,1789167777661,1789167777695
20165,2026-09-11T23:02:59.226Z,research,Extension,web.search,,,1789167777566,1789167779226
20172,2026-09-11T23:03:07.797Z,research,CommandExecution,,completed,0,1789167787296,1789167787797
20179,2026-09-11T23:03:20.339Z,research,CommandExecution,,completed,0,1789167799559,1789167800339
20186,2026-09-11T23:03:28.839Z,research,CommandExecution,,completed,0,1789167808748,1789167808839
20191,2026-09-11T23:03:36.185Z,research,AgentMessage,,,,1789167812103,1789167816185
20195,2026-09-11T23:03:38.962Z,research,CommandExecution,,completed,0,1789167818889,1789167818961
20202,2026-09-11T23:03:46.456Z,research,CommandExecution,,completed,0,1789167826380,1789167826455
20209,2026-09-11T23:03:55.001Z,research,CommandExecution,,completed,0,1789167834917,1789167835000
20214,2026-09-11T23:04:06.497Z,research,CommandExecution,,failed,1,1789167846192,1789167846496
20221,2026-09-11T23:04:16.329Z,research,CommandExecution,,completed,0,1789167856182,1789167856329
20222,2026-09-11T23:04:17.398Z,research,Extension,web.search,,,1789167856029,1789167857398
20229,2026-09-11T23:04:24.710Z,research,CommandExecution,,completed,0,1789167864433,1789167864709
20236,2026-09-11T23:04:34.235Z,research,CommandExecution,,completed,0,1789167873950,1789167874235
20243,2026-09-11T23:04:44.456Z,research,CommandExecution,,completed,0,1789167884060,1789167884456
20250,2026-09-11T23:04:50.796Z,research,CommandExecution,,completed,0,1789167890795,1789167890796
20257,2026-09-11T23:04:56.615Z,research,CommandExecution,,completed,0,1789167896614,1789167896615
20264,2026-09-11T23:05:04.800Z,research,CommandExecution,,failed,1,1789167904799,1789167904799
20297,2026-09-11T23:09:02.540Z,research,AgentMessage,,,,1789168140211,1789168142540
20301,2026-09-11T23:09:13.378Z,research,CommandExecution,,completed,0,1789168152403,1789168153378
20302,2026-09-11T23:09:13.695Z,research,Extension,web.search,,,1789168152313,1789168153694
20312,2026-09-11T23:10:35.337Z,research,FileChange,,completed,,1789168235336,1789168235337
20320,2026-09-11T23:10:48.379Z,research,CommandExecution,,completed,0,1789168247512,1789168248378
20324,2026-09-11T23:10:54.257Z,research,ImageView,,,,1789168254257,1789168254257
20325,2026-09-11T23:10:54.261Z,research,ImageView,,,,1789168254258,1789168254261
20326,2026-09-11T23:10:54.270Z,research,ImageView,,,,1789168254262,1789168254265
20337,2026-09-11T23:13:00.875Z,research,FileChange,,completed,,1789168380874,1789168380875
20344,2026-09-11T23:15:05.610Z,research,FileChange,,completed,,1789168505608,1789168505610
20354,2026-09-11T23:15:28.464Z,research,CommandExecution,,completed,0,1789168522778,1789168528464
20361,2026-09-11T23:16:00.988Z,research,AgentMessage,,,,1789168558441,1789168560988
20365,2026-09-11T23:16:03.413Z,research,CommandExecution,,completed,0,1789168563412,1789168563413
20372,2026-09-11T23:16:13.919Z,research,Extension,web.search,,,1789168572452,1789168573918
20379,2026-09-11T23:16:24.963Z,research,Extension,web.search,,,1789168583480,1789168584962
20385,2026-09-11T23:18:26.334Z,research,FileChange,,completed,,1789168706329,1789168706333
20395,2026-09-11T23:22:51.893Z,research,ContextCompaction,,,,1789168706449,1789168971893
20398,2026-09-11T23:22:56.436Z,research,AgentMessage,,,,1789168974882,1789168976436
20402,2026-09-11T23:23:00.357Z,research,CommandExecution,,completed,0,1789168980356,1789168980357
20403,2026-09-11T23:23:00.401Z,research,CommandExecution,,completed,0,1789168980400,1789168980400
20408,2026-09-11T23:23:12.187Z,research,CommandExecution,,completed,0,1789168992185,1789168992186
20409,2026-09-11T23:23:12.229Z,research,CommandExecution,,completed,0,1789168992226,1789168992228
20410,2026-09-11T23:23:15.558Z,research,CommandExecution,,completed,0,1789168992315,1789168995557
20417,2026-09-11T23:23:20.911Z,research,CommandExecution,,completed,0,1789169000909,1789169000910
20424,2026-09-11T23:23:39.766Z,research,CommandExecution,,completed,0,1789169014093,1789169019766
20429,2026-09-11T23:23:42.987Z,research,CommandExecution,,completed,0,1789169022985,1789169022986
20434,2026-09-11T23:23:48.753Z,research,AgentMessage,,,,1789169026413,1789169028753
20438,2026-09-11T23:24:29.284Z,research,CommandExecution,,completed,0,1789169069210,1789169069283
20445,2026-09-11T23:24:34.957Z,research,CommandExecution,,completed,0,1789169074954,1789169074955
20452,2026-09-11T23:24:57.120Z,research,CommandExecution,,completed,0,1789169097119,1789169097120
20453,2026-09-11T23:24:58.566Z,research,Extension,web.search,,,1789169097079,1789169098565
20460,2026-09-11T23:25:14.602Z,research,CommandExecution,,completed,0,1789169114600,1789169114601
20467,2026-09-11T23:25:24.452Z,research,CommandExecution,,completed,0,1789169124451,1789169124452
20468,2026-09-11T23:25:25.782Z,research,Extension,web.search,,,1789169124417,1789169125782
20473,2026-09-11T23:25:44.471Z,research,AgentMessage,,,,1789169143049,1789169144471
20479,2026-09-11T23:25:56.835Z,research,Extension,web.search,,,1789169154771,1789169156834
20486,2026-09-11T23:26:04.784Z,research,Extension,web.search,,,1789169163064,1789169164784
20493,2026-09-11T23:26:27.308Z,research,Extension,web.search,,,1789169185903,1789169187308
20502,2026-09-11T23:26:51.946Z,research,CommandExecution,,completed,0,1789169211944,1789169211945
20515,2026-09-11T23:27:54.337Z,research,CommandExecution,,completed,0,1789169274337,1789169274337
20521,2026-09-11T23:28:59.037Z,research,FileChange,,completed,,1789169339035,1789169339037
20531,2026-09-11T23:29:36.485Z,research,CommandExecution,,completed,0,1789169376484,1789169376484
20536,2026-09-11T23:29:40.907Z,research,AgentMessage,,,,1789169379033,1789169380907
20542,2026-09-11T23:29:48.434Z,research,Extension,web.search,,,1789169387007,1789169388434
20549,2026-09-11T23:29:55.679Z,research,CommandExecution,,failed,1,1789169395678,1789169395679
20552,2026-09-11T23:29:59.947Z,research,CommandExecution,,failed,1,1789169339291,1789169399947
20571,2026-09-11T23:31:24.872Z,research,CommandExecution,,completed,0,1789169484871,1789169484871
20578,2026-09-11T23:31:49.547Z,research,Extension,web.search,,,1789169508170,1789169509546
20585,2026-09-11T23:32:07.225Z,research,Extension,web.search,,,1789169525943,1789169527225
20592,2026-09-11T23:32:21.849Z,research,CommandExecution,,completed,0,1789169540423,1789169541849
20593,2026-09-11T23:32:21.920Z,research,Extension,web.search,,,1789169540328,1789169541919
20598,2026-09-11T23:32:47.486Z,research,CommandExecution,,completed,0,1789169508255,1789169567486
20603,2026-09-11T23:33:01.695Z,research,CommandExecution,,completed,0,1789169581694,1789169581695
20608,2026-09-11T23:33:09.480Z,research,AgentMessage,,,,1789169587459,1789169589480
20612,2026-09-11T23:33:12.408Z,research,CommandExecution,,completed,0,1789169592406,1789169592407
20619,2026-09-11T23:33:21.978Z,research,CommandExecution,,completed,0,1789169601977,1789169601978
20626,2026-09-11T23:33:29.729Z,research,Extension,web.search,,,1789169608173,1789169609728
20633,2026-09-11T23:33:36.914Z,research,Extension,web.search,,,1789169615105,1789169616914
20642,2026-09-11T23:34:04.547Z,research,CommandExecution,,completed,0,1789169643051,1789169644547
20648,2026-09-11T23:35:20.959Z,research,FileChange,,completed,,1789169720957,1789169720959
20652,2026-09-11T23:35:23.634Z,research,CommandExecution,,completed,0,1789169721222,1789169723633
20657,2026-09-11T23:35:32.338Z,research,ImageView,,,,1789169732338,1789169732338
20658,2026-09-11T23:35:32.342Z,research,ImageView,,,,1789169732342,1789169732342
20664,2026-09-11T23:36:03.485Z,research,FileChange,,completed,,1789169763483,1789169763484
20672,2026-09-11T23:36:09.459Z,research,CommandExecution,,completed,0,1789169769458,1789169769459
20677,2026-09-11T23:36:24.013Z,research,AgentMessage,,,,1789169780172,1789169784013
20680,2026-09-11T23:37:27.663Z,research,FileChange,,completed,,1789169847662,1789169847663
20682,2026-09-11T23:37:28.363Z,research,CommandExecution,,completed,0,1789169847911,1789169848363
20689,2026-09-11T23:38:19.973Z,research,CommandExecution,,completed,0,1789169896706,1789169899973
20690,2026-09-11T23:38:20.402Z,research,CommandExecution,,completed,0,1789169900208,1789169900402
20703,2026-09-11T23:39:01.392Z,research,CommandExecution,,completed,0,1789169941391,1789169941391
20716,2026-09-11T23:40:06.513Z,research,CommandExecution,,completed,0,1789170006512,1789170006513
20717,2026-09-11T23:40:07.789Z,research,Extension,web.search,,,1789170006492,1789170007788
20726,2026-09-11T23:40:32.552Z,research,CommandExecution,,completed,0,1789170032551,1789170032552
20733,2026-09-11T23:40:40.005Z,research,CommandExecution,,completed,0,1789170040004,1789170040005
20740,2026-09-11T23:40:50.915Z,research,CommandExecution,,completed,0,1789170050914,1789170050915
20775,2026-09-11T23:44:51.545Z,research,AgentMessage,,,,1789170289608,1789170291544
20779,2026-09-11T23:44:56.007Z,research,Extension,web.search,,,1789170294630,1789170296006
20786,2026-09-11T23:45:05.145Z,research,Extension,web.search,,,1789170303164,1789170305145
20787,2026-09-11T23:45:05.271Z,research,CommandExecution,,completed,0,1789170305270,1789170305271
20794,2026-09-11T23:46:30.848Z,research,FileChange,,completed,,1789170390846,1789170390848
20795,2026-09-11T23:46:32.119Z,research,Extension,web.search,,,1789170390939,1789170392119
20806,2026-09-11T23:47:46.267Z,research,CommandExecution,,failed,1,1789170465478,1789170466266
20813,2026-09-11T23:47:57.125Z,research,Extension,web.search,,,1789170474216,1789170477125
20820,2026-09-11T23:48:04.853Z,research,Extension,web.search,,,1789170483483,1789170484852
20829,2026-09-11T23:52:15.114Z,research,ContextCompaction,,,,1789170484887,1789170735114
20832,2026-09-11T23:52:20.650Z,research,CommandExecution,,completed,0,1789170740650,1789170740650
20837,2026-09-11T23:52:25.701Z,research,AgentMessage,,,,1789170743799,1789170745701
20841,2026-09-11T23:52:31.468Z,research,CommandExecution,,completed,0,1789170751359,1789170751464
20842,2026-09-11T23:52:31.473Z,research,CommandExecution,,completed,0,1789170751458,1789170751469
20843,2026-09-11T23:52:32.946Z,research,Extension,web.search,,,1789170751493,1789170752946
20844,2026-09-11T23:52:34.785Z,research,CommandExecution,,completed,0,1789170751514,1789170754785
20851,2026-09-11T23:52:57.278Z,research,Extension,web.search,,,1789170775433,1789170777277
20860,2026-09-11T23:53:29.862Z,research,CommandExecution,,completed,0,1789170789672,1789170809862
20863,2026-09-11T23:53:32.580Z,research,AgentMessage,,,,1789170810462,1789170812579
20867,2026-09-11T23:54:49.689Z,research,CommandExecution,,completed,0,1789170888796,1789170889688
20874,2026-09-11T23:54:56.172Z,research,CommandExecution,,completed,0,1789170896171,1789170896172
20875,2026-09-11T23:54:57.934Z,research,Extension,web.search,,,1789170896185,1789170897933
20882,2026-09-11T23:55:09.018Z,research,Extension,web.search,,,1789170907555,1789170909017
20889,2026-09-11T23:55:22.668Z,research,CommandExecution,,completed,0,1789170922255,1789170922668
20896,2026-09-11T23:55:36.262Z,research,CommandExecution,,completed,0,1789170935794,1789170936261
20903,2026-09-11T23:55:44.357Z,research,Extension,web.search,,,1789170942952,1789170944356
20910,2026-09-11T23:55:55.545Z,research,Extension,web.search,,,1789170953335,1789170955545
20911,2026-09-11T23:55:56.012Z,research,CommandExecution,,completed,0,1789170955775,1789170956012
20918,2026-09-11T23:56:10.976Z,research,CommandExecution,,completed,0,1789170970974,1789170970975
20919,2026-09-11T23:56:11.376Z,research,CommandExecution,,completed,0,1789170971057,1789170971376
20920,2026-09-11T23:56:13.522Z,research,Extension,web.search,,,1789170970941,1789170973522
20925,2026-09-11T23:56:32.850Z,research,AgentMessage,,,,1789170989348,1789170992850
20929,2026-09-11T23:56:37.182Z,research,CommandExecution,,completed,0,1789170997180,1789170997181
20930,2026-09-11T23:56:38.608Z,research,Extension,web.search,,,1789170997259,1789170998607
20937,2026-09-11T23:57:01.224Z,research,Extension,web.search,,,1789171019838,1789171021223
20938,2026-09-11T23:57:01.380Z,research,CommandExecution,,completed,0,1789171021379,1789171021380
20947,2026-09-11T23:57:11.949Z,research,CommandExecution,,completed,0,1789171030878,1789171031949
20952,2026-09-11T23:57:50.349Z,research,CommandExecution,,completed,0,1789171070343,1789171070349
20959,2026-09-11T23:57:57.718Z,research,CommandExecution,,completed,0,1789171077716,1789171077717
20966,2026-09-11T23:58:10.959Z,research,CommandExecution,,completed,0,1789171090958,1789171090958
20973,2026-09-11T23:58:32.828Z,research,CommandExecution,,completed,0,1789171112054,1789171112828
20977,2026-09-11T23:58:36.768Z,research,ImageView,,,,1789171116768,1789171116768
20979,2026-09-11T23:58:36.812Z,research,ImageView,,,,1789171116812,1789171116812
20986,2026-09-12T00:00:55.625Z,research,CommandExecution,,completed,0,1789171255623,1789171255625
20993,2026-09-12T00:01:15.807Z,research,AgentMessage,,,,1789171273517,1789171275807
20999,2026-09-12T00:02:13.861Z,research,CommandExecution,,completed,0,1789171332660,1789171333861
21004,2026-09-12T00:02:28.160Z,research,CommandExecution,,completed,0,1789171348159,1789171348159
21013,2026-09-12T00:03:37.347Z,research,CommandExecution,,completed,0,1789171416267,1789171417347
21018,2026-09-12T00:03:53.481Z,research,CommandExecution,,completed,0,1789171430229,1789171433481
21019,2026-09-12T00:03:53.586Z,research,CommandExecution,,completed,0,1789171433585,1789171433586
21026,2026-09-12T00:04:37.020Z,research,CommandExecution,,completed,0,1789171476951,1789171477019
21033,2026-09-12T00:04:41.435Z,research,CommandExecution,,completed,0,1789171481434,1789171481435
21038,2026-09-12T00:04:51.853Z,research,AgentMessage,,,,1789171489820,1789171491852
21042,2026-09-12T00:04:58.523Z,research,CommandExecution,,completed,0,1789171498522,1789171498523
21043,2026-09-12T00:04:58.543Z,research,CommandExecution,,completed,0,1789171498540,1789171498542
21044,2026-09-12T00:04:58.562Z,research,CommandExecution,,completed,0,1789171498560,1789171498561
21051,2026-09-12T00:05:21.441Z,research,Extension,web.search,,,1789171519563,1789171521440
21052,2026-09-12T00:05:21.562Z,research,CommandExecution,,completed,0,1789171521561,1789171521562
21059,2026-09-12T00:05:27.258Z,research,CommandExecution,,completed,0,1789171527256,1789171527257
21062,2026-09-12T00:05:44.223Z,research,CommandExecution,,completed,0,1789169930291,1789171544223
21073,2026-09-12T00:06:33.560Z,research,CommandExecution,,failed,2,1789171593557,1789171593559
21078,2026-09-12T00:06:40.922Z,research,AgentMessage,,,,1789171598884,1789171600922
21081,2026-09-12T00:06:46.225Z,research,CommandExecution,,completed,0,1789171606224,1789171606224
21089,2026-09-12T00:07:04.375Z,research,CommandExecution,,completed,0,1789171624374,1789171624375
21098,2026-09-12T00:07:35.767Z,research,CommandExecution,,completed,0,1789171655766,1789171655766
21099,2026-09-12T00:07:37.188Z,research,Extension,web.search,,,1789171655835,1789171657187
21114,2026-09-12T00:08:42.089Z,research,Extension,web.search,,,1789171720330,1789171722088
21115,2026-09-12T00:08:42.251Z,research,CommandExecution,,completed,0,1789171722248,1789171722250
21118,2026-09-12T00:08:45.447Z,research,CommandExecution,,completed,0,1789171694349,1789171725447
21128,2026-09-12T00:09:36.172Z,research,CommandExecution,,completed,0,1789171776170,1789171776171
21136,2026-09-12T00:09:46.724Z,research,CommandExecution,,completed,0,1789171786723,1789171786724
21142,2026-09-12T00:10:37.363Z,research,AgentMessage,,,,1789171835223,1789171837363
21150,2026-09-12T00:12:07.220Z,research,CommandExecution,,completed,0,1789171899039,1789171927220
21155,2026-09-12T00:12:16.921Z,research,CommandExecution,,completed,0,1789171936921,1789171936921
21156,2026-09-12T00:12:18.360Z,research,Extension,web.search,,,1789171937004,1789171938359
21165,2026-09-12T00:12:54.976Z,research,CommandExecution,,completed,0,1789171974976,1789171974976
21172,2026-09-12T00:13:15.988Z,research,CommandExecution,,failed,2,1789171995954,1789171995988
21179,2026-09-12T00:13:26.894Z,research,CommandExecution,,completed,0,1789172006893,1789172006894
21186,2026-09-12T00:14:03.841Z,research,AgentMessage,,,,1789172041385,1789172043841
21190,2026-09-12T00:14:57.036Z,research,Extension,web.search,,,1789172095441,1789172097035
21193,2026-09-12T00:15:09.400Z,research,CommandExecution,,completed,0,1789172097272,1789172109400
21198,2026-09-12T00:15:29.454Z,research,CommandExecution,,completed,0,1789172129453,1789172129454
21199,2026-09-12T00:15:29.810Z,research,CommandExecution,,completed,0,1789172129507,1789172129810
21206,2026-09-12T00:15:50.344Z,research,CommandExecution,,completed,0,1789172150343,1789172150344
21213,2026-09-12T00:15:58.553Z,research,CommandExecution,,completed,0,1789172158552,1789172158553
21234,2026-09-12T00:17:45.588Z,research,CommandExecution,,completed,0,1789172265588,1789172265588
21235,2026-09-12T00:17:49.081Z,research,CommandExecution,,completed,0,1789172265827,1789172269080
21244,2026-09-12T00:18:33.037Z,research,AgentMessage,,,,1789172311266,1789172313037
21248,2026-09-12T00:18:51.029Z,research,CommandExecution,,completed,0,1789172331028,1789172331029
21259,2026-09-12T00:19:28.034Z,research,CommandExecution,,completed,0,1789172368033,1789172368034
21266,2026-09-12T00:20:09.164Z,research,CommandExecution,,completed,0,1789172409163,1789172409164
21285,2026-09-12T00:22:22.194Z,research,CommandExecution,,completed,0,1789172542194,1789172542194
21286,2026-09-12T00:22:23.838Z,research,Extension,web.search,,,1789172542265,1789172543838
21289,2026-09-12T00:22:31.691Z,research,CommandExecution,,completed,0,1789172241693,1789172551691
21290,2026-09-12T00:23:20.386Z,research,CommandExecution,,completed,0,1789172500870,1789172600386
21297,2026-09-12T00:26:24.662Z,research,ContextCompaction,,,,1789172543875,1789172784662
21300,2026-09-12T00:26:29.699Z,research,CommandExecution,,completed,0,1789172789697,1789172789698
21305,2026-09-12T00:26:33.665Z,research,AgentMessage,,,,1789172792172,1789172793664
21309,2026-09-12T00:26:39.769Z,research,CommandExecution,,completed,0,1789172799753,1789172799768
21310,2026-09-12T00:26:39.793Z,research,CommandExecution,,completed,0,1789172799792,1789172799793
21317,2026-09-12T00:26:53.221Z,research,CommandExecution,,completed,0,1789172813219,1789172813220
21318,2026-09-12T00:26:53.470Z,research,CommandExecution,,completed,0,1789172813469,1789172813470
21325,2026-09-12T00:27:04.189Z,research,CommandExecution,,completed,0,1789172824188,1789172824189
21326,2026-09-12T00:27:05.711Z,research,Extension,web.search,,,1789172824258,1789172825710
21331,2026-09-12T00:27:13.248Z,research,AgentMessage,,,,1789172831116,1789172833248
21335,2026-09-12T00:27:29.100Z,research,CommandExecution,,completed,0,1789172849099,1789172849100
21336,2026-09-12T00:27:31.860Z,research,Extension,web.search,,,1789172850394,1789172851860
21339,2026-09-12T00:27:38.358Z,research,CommandExecution,,completed,0,1789172849330,1789172858358
21344,2026-09-12T00:27:48.777Z,research,CommandExecution,,completed,0,1789172868776,1789172868777
21345,2026-09-12T00:27:49.210Z,research,CommandExecution,,completed,0,1789172868762,1789172869210
21348,2026-09-12T00:27:52.176Z,research,CommandExecution,,completed,0,1789172868897,1789172872176
21353,2026-09-12T00:28:43.624Z,research,CommandExecution,,completed,0,1789172923623,1789172923624
21364,2026-09-12T00:29:50.761Z,research,AgentMessage,,,,1789172988948,1789172990761
21368,2026-09-12T00:30:01.131Z,research,Extension,web.search,,,1789172998139,1789173001130
21369,2026-09-12T00:30:09.277Z,research,CommandExecution,,completed,0,1789173001368,1789173009276
21374,2026-09-12T00:30:19.740Z,research,CommandExecution,,completed,0,1789173019070,1789173019740
21381,2026-09-12T00:30:35.739Z,research,CommandExecution,,completed,0,1789173035738,1789173035739
21382,2026-09-12T00:30:37.205Z,research,Extension,web.search,,,1789173035808,1789173037204
21389,2026-09-12T00:31:02.368Z,research,CommandExecution,,completed,0,1789173062366,1789173062367
21396,2026-09-12T00:31:23.926Z,research,Extension,web.search,,,1789173082342,1789173083925
21399,2026-09-12T00:31:29.710Z,research,CommandExecution,,completed,0,1789172984861,1789173089709
21408,2026-09-12T00:31:54.147Z,research,AgentMessage,,,,1789173112157,1789173114147
21410,2026-09-12T00:31:54.794Z,research,CommandExecution,,completed,0,1789173108104,1789173114794
21413,2026-09-12T00:32:18.802Z,research,CommandExecution,,failed,2,1789173138602,1789173138801
21420,2026-09-12T00:32:27.036Z,research,CommandExecution,,completed,0,1789173147006,1789173147035
21421,2026-09-12T00:32:27.162Z,research,CommandExecution,,completed,0,1789173147161,1789173147162
21428,2026-09-12T00:32:36.403Z,research,CommandExecution,,completed,0,1789173156400,1789173156402
21429,2026-09-12T00:32:36.562Z,research,CommandExecution,,completed,0,1789173156561,1789173156562
21442,2026-09-12T00:33:54.294Z,research,CommandExecution,,completed,0,1789173234129,1789173234294
21443,2026-09-12T00:33:54.325Z,research,ImageView,,,,1789173234325,1789173234325
21448,2026-09-12T00:34:00.550Z,research,AgentMessage,,,,1789173237835,1789173240550
21452,2026-09-12T00:35:11.520Z,research,CommandExecution,,completed,0,1789173311353,1789173311520
21453,2026-09-12T00:35:11.555Z,research,ImageView,,,,1789173311555,1789173311555
21464,2026-09-12T00:36:44.825Z,research,CommandExecution,,completed,0,1789173399676,1789173404825
21471,2026-09-12T00:37:13.092Z,research,CommandExecution,,completed,0,1789173433091,1789173433091
21474,2026-09-12T00:37:16.448Z,research,CommandExecution,,completed,0,1789173433136,1789173436448
21477,2026-09-12T00:37:20.735Z,research,AgentMessage,,,,1789173438499,1789173440735
21481,2026-09-12T00:37:25.477Z,research,CommandExecution,,completed,0,1789173445476,1789173445477
21488,2026-09-12T00:37:29.433Z,research,CommandExecution,,completed,0,1789173449432,1789173449432
21499,2026-09-12T00:38:29.752Z,research,AgentMessage,,,,1789173507789,1789173509752
21503,2026-09-12T00:38:34.219Z,research,CommandExecution,,completed,0,1789173513568,1789173514218
21507,2026-09-12T00:39:13.690Z,research,ImageView,,,,1789173553689,1789173553690
21509,2026-09-12T00:39:13.726Z,research,ImageView,,,,1789173553726,1789173553726
21510,2026-09-12T00:39:13.848Z,research,CommandExecution,,completed,0,1789173553846,1789173553847
21517,2026-09-12T00:40:03.364Z,research,CommandExecution,,completed,0,1789173603125,1789173603363
21520,2026-09-12T00:40:06.835Z,research,CommandExecution,,completed,0,1789173603594,1789173606835
21527,2026-09-12T00:40:42.162Z,research,CommandExecution,,completed,0,1789173642161,1789173642161
21528,2026-09-12T00:40:42.320Z,research,CommandExecution,,completed,0,1789173642319,1789173642320
21535,2026-09-12T00:41:00.266Z,research,CommandExecution,,completed,0,1789173660265,1789173660266
21536,2026-09-12T00:41:01.865Z,research,Extension,web.search,,,1789173660345,1789173661864
21549,2026-09-12T00:43:02.851Z,research,CommandExecution,,completed,0,1789173782723,1789173782851
21550,2026-09-12T00:43:02.969Z,research,CommandExecution,,completed,0,1789173782968,1789173782969
21557,2026-09-12T00:43:15.243Z,research,CommandExecution,,completed,0,1789173795127,1789173795243
21558,2026-09-12T00:43:15.276Z,research,ImageView,,,,1789173795275,1789173795276
21563,2026-09-12T00:43:22.852Z,research,AgentMessage,,,,1789173800879,1789173802852
21567,2026-09-12T00:44:15.009Z,research,CommandExecution,,completed,0,1789173849427,1789173855009
21570,2026-09-12T00:44:34.474Z,research,CommandExecution,,completed,0,1789173850661,1789173874474
21589,2026-09-12T00:46:05.550Z,research,CommandExecution,,completed,0,1789173965190,1789173965550
21590,2026-09-12T00:46:07.578Z,research,Extension,web.search,,,1789173965620,1789173967577
21597,2026-09-12T00:46:17.582Z,research,Extension,web.search,,,1789173975630,1789173977581
21598,2026-09-12T00:46:17.710Z,research,CommandExecution,,completed,0,1789173977709,1789173977710
21609,2026-09-12T00:47:10.636Z,research,Extension,web.search,,,1789174029231,1789174030636
21614,2026-09-12T00:47:18.212Z,research,AgentMessage,,,,1789174034671,1789174038212
21618,2026-09-12T00:47:24.108Z,research,CommandExecution,,completed,0,1789174043205,1789174044108
21619,2026-09-12T00:47:25.372Z,research,Extension,web.search,,,1789174044180,1789174045372
21624,2026-09-12T00:47:30.679Z,research,CommandExecution,,completed,0,1789174050677,1789174050678
21631,2026-09-12T00:47:41.467Z,research,CommandExecution,,completed,0,1789174061466,1789174061467
21638,2026-09-12T00:47:47.162Z,research,CommandExecution,,completed,0,1789174067161,1789174067162
21639,2026-09-12T00:47:48.621Z,research,Extension,web.search,,,1789174067234,1789174068621
21646,2026-09-12T00:48:05.696Z,research,Extension,web.search,,,1789174083669,1789174085696
21647,2026-09-12T00:48:05.846Z,research,CommandExecution,,completed,0,1789174085846,1789174085846
21654,2026-09-12T00:48:35.253Z,research,AgentMessage,,,,1789174113223,1789174115253
21658,2026-09-12T00:48:42.016Z,research,CommandExecution,,completed,0,1789174121269,1789174122016
21659,2026-09-12T00:48:42.044Z,research,ImageView,,,,1789174122044,1789174122044
21660,2026-09-12T00:48:42.078Z,research,ImageView,,,,1789174122078,1789174122078
21661,2026-09-12T00:48:42.113Z,research,ImageView,,,,1789174122113,1789174122113
21668,2026-09-12T00:49:44.339Z,research,CommandExecution,,completed,0,1789174184338,1789174184339
21679,2026-09-12T00:50:34.145Z,research,Extension,web.search,,,1789174232841,1789174234145
21680,2026-09-12T00:50:34.389Z,research,CommandExecution,,completed,0,1789174234388,1789174234388
21689,2026-09-12T00:51:03.771Z,research,Extension,web.search,,,1789174262293,1789174263771
21690,2026-09-12T00:51:03.939Z,research,CommandExecution,,completed,0,1789174263938,1789174263939
21701,2026-09-12T00:52:00.396Z,research,Extension,web.search,,,1789174318603,1789174320395
21702,2026-09-12T00:52:00.577Z,research,CommandExecution,,completed,0,1789174320576,1789174320576
21711,2026-09-12T00:55:52.984Z,research,ContextCompaction,,,,1789174320618,1789174552984
21714,2026-09-12T00:55:56.578Z,research,CommandExecution,,completed,0,1789174556577,1789174556578
21719,2026-09-12T00:56:00.689Z,research,AgentMessage,,,,1789174559112,1789174560688
21723,2026-09-12T00:56:09.140Z,research,CommandExecution,,completed,0,1789174569137,1789174569139
21724,2026-09-12T00:56:10.989Z,research,CommandExecution,,failed,1,1789174569286,1789174570989
21725,2026-09-12T00:56:12.480Z,research,CommandExecution,,completed,0,1789174569252,1789174572480
21732,2026-09-12T00:56:22.109Z,research,Extension,web.search,,,1789174580282,1789174582109
21733,2026-09-12T00:56:22.262Z,research,CommandExecution,,completed,0,1789174582261,1789174582262
21740,2026-09-12T00:56:50.085Z,research,CommandExecution,,completed,0,1789174610084,1789174610085
21741,2026-09-12T00:56:50.352Z,research,CommandExecution,,completed,0,1789174610323,1789174610352
21748,2026-09-12T00:56:58.407Z,research,CommandExecution,,completed,0,1789174618216,1789174618407
21749,2026-09-12T00:56:59.773Z,research,Extension,web.search,,,1789174618068,1789174619772
21754,2026-09-12T00:57:06.056Z,research,AgentMessage,,,,1789174624251,1789174626056
21758,2026-09-12T00:57:12.065Z,research,ImageView,,,,1789174632065,1789174632065
21759,2026-09-12T00:57:13.602Z,research,Extension,web.search,,,1789174632135,1789174633602
21760,2026-09-12T00:57:13.759Z,research,CommandExecution,,completed,0,1789174633758,1789174633759
21767,2026-09-12T00:57:34.773Z,research,CommandExecution,,completed,0,1789174654441,1789174654772
21768,2026-09-12T00:57:36.039Z,research,Extension,web.search,,,1789174654848,1789174656039
21775,2026-09-12T00:57:53.938Z,research,Extension,web.search,,,1789174672597,1789174673937
21778,2026-09-12T00:57:54.169Z,research,CommandExecution,,completed,0,1789174671531,1789174674169
21783,2026-09-12T00:58:06.728Z,research,CommandExecution,,failed,1,1789174686261,1789174686728
21784,2026-09-12T00:58:08.515Z,research,Extension,web.search,,,1789174686799,1789174688514
21791,2026-09-12T00:58:18.177Z,research,CommandExecution,,completed,0,1789174697645,1789174698177
21798,2026-09-12T00:58:29.633Z,research,Extension,web.search,,,1789174708333,1789174709632
21801,2026-09-12T00:58:32.020Z,research,CommandExecution,,failed,1,1789174709860,1789174712020
21806,2026-09-12T00:59:35.631Z,research,FileChange,,completed,,1789174775629,1789174775631
21807,2026-09-12T00:59:38.682Z,research,Extension,web.search,,,1789174775733,1789174778682
21812,2026-09-12T00:59:45.697Z,research,AgentMessage,,,,1789174783742,1789174785697
21816,2026-09-12T00:59:58.533Z,research,CommandExecution,,completed,0,1789174798531,1789174798532
21819,2026-09-12T01:00:01.011Z,research,CommandExecution,,completed,0,1789174798498,1789174801011
21824,2026-09-12T01:00:24.339Z,research,CommandExecution,,completed,0,1789174824337,1789174824338
21831,2026-09-12T01:00:55.714Z,research,ImageView,,,,1789174855714,1789174855714
21832,2026-09-12T01:00:55.754Z,research,ImageView,,,,1789174855754,1789174855754
21833,2026-09-12T01:00:55.886Z,research,CommandExecution,,completed,0,1789174855884,1789174855885
21840,2026-09-12T01:01:38.002Z,research,CommandExecution,,completed,0,1789174898000,1789174898001
21841,2026-09-12T01:01:38.021Z,research,FileChange,,completed,,1789174898020,1789174898021
21848,2026-09-12T01:01:56.934Z,research,CommandExecution,,completed,0,1789174916754,1789174916934
21849,2026-09-12T01:01:56.951Z,research,FileChange,,completed,,1789174916948,1789174916951
21850,2026-09-12T01:01:57.207Z,research,CommandExecution,,completed,0,1789174917206,1789174917207
21859,2026-09-12T01:02:50.256Z,research,ImageView,,,,1789174970256,1789174970256
21860,2026-09-12T01:02:50.450Z,research,CommandExecution,,completed,0,1789174970449,1789174970450
21861,2026-09-12T01:02:51.827Z,research,Extension,web.search,,,1789174970519,1789174971826
21868,2026-09-12T01:03:22.663Z,research,CommandExecution,,completed,0,1789175002560,1789175002662
21869,2026-09-12T01:03:24.105Z,research,Extension,web.search,,,1789175002736,1789175004104
21876,2026-09-12T01:03:48.471Z,research,AgentMessage,,,,1789175026794,1789175028471
21880,2026-09-12T01:03:58.017Z,research,Extension,web.search,,,1789175036741,1789175038016
21881,2026-09-12T01:03:58.504Z,research,CommandExecution,,completed,0,1789175038255,1789175038503
21890,2026-09-12T01:04:27.042Z,research,Extension,web.search,,,1789175065713,1789175067042
21891,2026-09-12T01:04:27.281Z,research,CommandExecution,,completed,0,1789175067279,1789175067280
21906,2026-09-12T01:05:42.846Z,research,Extension,web.search,,,1789175141506,1789175142845
21907,2026-09-12T01:05:42.975Z,research,CommandExecution,,failed,1,1789175142974,1789175142975
21918,2026-09-12T01:06:35.549Z,research,AgentMessage,,,,1789175193521,1789175195549
21922,2026-09-12T01:06:45.107Z,research,Extension,web.search,,,1789175203760,1789175205106
21923,2026-09-12T01:06:45.940Z,research,CommandExecution,,completed,0,1789175205340,1789175205940
21932,2026-09-12T01:08:51.583Z,research,FileChange,,completed,,1789175331581,1789175331582
21933,2026-09-12T01:08:51.755Z,research,CommandExecution,,completed,0,1789175331754,1789175331755
21942,2026-09-12T01:09:22.246Z,research,CommandExecution,,completed,0,1789175361979,1789175362246
21943,2026-09-12T01:09:23.251Z,research,Extension,web.search,,,1789175361825,1789175363250
21950,2026-09-12T01:09:35.418Z,research,ImageView,,,,1789175375418,1789175375418
21951,2026-09-12T01:09:36.167Z,research,CommandExecution,,completed,0,1789175375662,1789175376166
21961,2026-09-12T01:10:29.818Z,research,CommandExecution,,completed,0,1789175429817,1789175429818
21963,2026-09-12T01:10:29.946Z,research,CommandExecution,,completed,0,1789175429944,1789175429945
21970,2026-09-12T01:10:50.210Z,research,Extension,web.search,,,1789175448502,1789175450209
21971,2026-09-12T01:10:50.328Z,research,CommandExecution,,completed,0,1789175450326,1789175450327
21980,2026-09-12T01:14:39.785Z,research,ContextCompaction,,,,1789175450367,1789175679784
21983,2026-09-12T01:14:45.767Z,research,AgentMessage,,,,1789175683870,1789175685767
21987,2026-09-12T01:14:51.219Z,research,CommandExecution,,completed,0,1789175691219,1789175691219
21988,2026-09-12T01:14:51.359Z,research,CommandExecution,,completed,0,1789175691357,1789175691358
21989,2026-09-12T01:14:51.394Z,research,CommandExecution,,completed,0,1789175691393,1789175691394
21996,2026-09-12T01:15:02.193Z,research,CommandExecution,,completed,0,1789175702157,1789175702193
21997,2026-09-12T01:15:02.225Z,research,CommandExecution,,completed,0,1789175702223,1789175702224
21998,2026-09-12T01:15:05.425Z,research,CommandExecution,,completed,0,1789175702167,1789175705425
21999,2026-09-12T01:15:06.070Z,research,Extension,web.search,,,1789175702186,1789175706068
22006,2026-09-12T01:15:22.200Z,research,CommandExecution,,completed,0,1789175722190,1789175722200
22007,2026-09-12T01:15:22.703Z,research,CommandExecution,,completed,0,1789175722352,1789175722703
22008,2026-09-12T01:15:23.657Z,research,Extension,web.search,,,1789175722222,1789175723656
22013,2026-09-12T01:15:29.098Z,research,AgentMessage,,,,1789175726804,1789175729098
22016,2026-09-12T01:17:03.248Z,research,FileChange,,completed,,1789175823247,1789175823248
22020,2026-09-12T01:17:05.689Z,research,CommandExecution,,completed,0,1789175823507,1789175825689
22025,2026-09-12T01:17:15.410Z,research,CommandExecution,,completed,0,1789175835408,1789175835410
22026,2026-09-12T01:17:16.750Z,research,Extension,web.search,,,1789175835425,1789175836750
22029,2026-09-12T01:17:20.066Z,research,CommandExecution,,completed,0,1789175835448,1789175840066
22034,2026-09-12T01:17:26.726Z,research,ImageView,,,,1789175846726,1789175846726
22035,2026-09-12T01:17:26.788Z,research,ImageView,,,,1789175846787,1789175846788
22036,2026-09-12T01:17:26.854Z,research,ImageView,,,,1789175846854,1789175846854
22037,2026-09-12T01:17:26.991Z,research,CommandExecution,,completed,0,1789175846990,1789175846991
22044,2026-09-12T01:17:40.198Z,research,ImageView,,,,1789175860198,1789175860198
22045,2026-09-12T01:17:40.271Z,research,ImageView,,,,1789175860271,1789175860271
22046,2026-09-12T01:17:40.339Z,research,ImageView,,,,1789175860339,1789175860339
22047,2026-09-12T01:17:40.391Z,research,ImageView,,,,1789175860391,1789175860391
22050,2026-09-12T01:17:42.899Z,research,CommandExecution,,completed,0,1789175860627,1789175862899
22055,2026-09-12T01:17:54.427Z,research,CommandExecution,,completed,0,1789175874426,1789175874427
22056,2026-09-12T01:17:55.730Z,research,Extension,web.search,,,1789175874352,1789175875729
22061,2026-09-12T01:18:14.340Z,research,AgentMessage,,,,1789175891886,1789175894340
22065,2026-09-12T01:18:18.046Z,research,ImageView,,,,1789175898046,1789175898046
22066,2026-09-12T01:18:18.091Z,research,ImageView,,,,1789175898090,1789175898090
22067,2026-09-12T01:18:18.134Z,research,ImageView,,,,1789175898134,1789175898134
22068,2026-09-12T01:18:18.173Z,research,ImageView,,,,1789175898173,1789175898173
22069,2026-09-12T01:18:18.294Z,research,CommandExecution,,completed,0,1789175898293,1789175898294
22076,2026-09-12T01:18:30.050Z,research,ImageView,,,,1789175910050,1789175910050
22077,2026-09-12T01:18:30.222Z,research,CommandExecution,,completed,0,1789175910222,1789175910222
22078,2026-09-12T01:18:30.255Z,research,ImageView,,,,1789175910254,1789175910255
22079,2026-09-12T01:18:30.299Z,research,ImageView,,,,1789175910299,1789175910299
22080,2026-09-12T01:18:30.339Z,research,ImageView,,,,1789175910339,1789175910339
22087,2026-09-12T01:19:31.025Z,research,CommandExecution,,failed,1,1789175971024,1789175971025
22088,2026-09-12T01:19:31.043Z,research,FileChange,,completed,,1789175971039,1789175971043
22089,2026-09-12T01:19:31.215Z,research,CommandExecution,,completed,0,1789175971214,1789175971215
22096,2026-09-12T01:19:52.209Z,research,Extension,web.search,,,1789175990767,1789175992208
22099,2026-09-12T01:19:53.118Z,research,CommandExecution,,completed,0,1789175990848,1789175993118
22103,2026-09-12T01:21:47.093Z,research,FileChange,,completed,,1789176107090,1789176107093
22109,2026-09-12T01:22:08.036Z,research,AgentMessage,,,,1789176125911,1789176128035
22113,2026-09-12T01:22:13.800Z,research,CommandExecution,,completed,0,1789176133799,1789176133800
22114,2026-09-12T01:22:14.025Z,research,CommandExecution,,completed,0,1789176133775,1789176134024
22117,2026-09-12T01:22:17.092Z,research,CommandExecution,,completed,0,1789176133849,1789176137092
22122,2026-09-12T01:23:10.183Z,research,ImageView,,,,1789176190182,1789176190183
22123,2026-09-12T01:23:10.441Z,research,CommandExecution,,failed,1,1789176190439,1789176190440
22124,2026-09-12T01:23:10.676Z,research,CommandExecution,,failed,1,1789176190675,1789176190675
22130,2026-09-12T01:24:14.220Z,research,FileChange,,completed,,1789176254218,1789176254220
22132,2026-09-12T01:24:14.448Z,research,CommandExecution,,completed,0,1789176254447,1789176254448
22135,2026-09-12T01:24:16.895Z,research,CommandExecution,,completed,0,1789176254684,1789176256894
22140,2026-09-12T01:24:26.223Z,research,CommandExecution,,completed,0,1789176266223,1789176266223
22147,2026-09-12T01:25:07.538Z,research,CommandExecution,,completed,0,1789176307247,1789176307537
22148,2026-09-12T01:25:07.680Z,research,CommandExecution,,completed,0,1789176307679,1789176307679
22155,2026-09-12T01:25:17.881Z,research,CommandExecution,,completed,0,1789176317880,1789176317881
22160,2026-09-12T01:25:33.102Z,research,AgentMessage,,,,1789176330921,1789176333102
22166,2026-09-12T01:26:00.148Z,research,CommandExecution,,completed,0,1789176340372,1789176360148
22181,2026-09-12T01:27:11.617Z,research,CommandExecution,,completed,0,1789176431616,1789176431617
22182,2026-09-12T01:27:13.204Z,research,Extension,web.search,,,1789176431575,1789176433203
22191,2026-09-12T01:28:06.517Z,research,AgentMessage,,,,1789176484153,1789176486517
22195,2026-09-12T01:28:40.957Z,research,CommandExecution,,completed,0,1789176520956,1789176520957
22196,2026-09-12T01:28:42.286Z,research,Extension,web.search,,,1789176520961,1789176522286
22203,2026-09-12T01:28:59.614Z,research,CommandExecution,,completed,0,1789176539529,1789176539610
22204,2026-09-12T01:29:00.029Z,research,CommandExecution,,completed,0,1789176539757,1789176540028
22205,2026-09-12T01:29:01.030Z,research,Extension,web.search,,,1789176539601,1789176541029
22214,2026-09-12T01:29:42.962Z,research,Extension,web.search,,,1789176581464,1789176582962
22215,2026-09-12T01:29:43.442Z,research,CommandExecution,,completed,0,1789176583202,1789176583441
22222,2026-09-12T01:29:58.949Z,research,CommandExecution,,completed,0,1789176598810,1789176598949
22223,2026-09-12T01:29:59.139Z,research,CommandExecution,,failed,1,1789176598884,1789176599139
22229,2026-09-12T01:31:05.949Z,research,FileChange,,completed,,1789176665947,1789176665948
22231,2026-09-12T01:31:06.717Z,research,CommandExecution,,completed,0,1789176666210,1789176666717
22232,2026-09-12T01:31:07.101Z,research,CommandExecution,,completed,0,1789176666947,1789176667100
22239,2026-09-12T01:31:19.076Z,research,CommandExecution,,completed,0,1789176678915,1789176679076
22240,2026-09-12T01:31:20.147Z,research,Extension,web.search,,,1789176678828,1789176680146
22247,2026-09-12T01:31:43.454Z,research,CommandExecution,,completed,0,1789176702896,1789176703452
22248,2026-09-12T01:31:43.542Z,research,CommandExecution,,completed,0,1789176702821,1789176703542
22255,2026-09-12T01:32:04.760Z,research,CommandExecution,,completed,0,1789176724759,1789176724759
22258,2026-09-12T01:32:06.332Z,research,CommandExecution,,completed,0,1789176724766,1789176726332
22263,2026-09-12T01:32:21.851Z,research,ImageView,,,,1789176741851,1789176741851
22264,2026-09-12T01:32:22.412Z,research,CommandExecution,,completed,0,1789176742099,1789176742412
22269,2026-09-12T01:32:46.417Z,research,AgentMessage,,,,1789176764486,1789176766417
22273,2026-09-12T01:33:00.742Z,research,CommandExecution,,completed,0,1789176779989,1789176780742
22274,2026-09-12T01:33:01.575Z,research,CommandExecution,,completed,0,1789176780981,1789176781575
22285,2026-09-12T01:35:19.002Z,research,ImageView,,,,1789176919002,1789176919002
22286,2026-09-12T01:35:19.034Z,research,ImageView,,,,1789176919034,1789176919034
22287,2026-09-12T01:35:19.067Z,research,ImageView,,,,1789176919067,1789176919067
22288,2026-09-12T01:35:19.084Z,research,FileChange,,completed,,1789176919082,1789176919084
22295,2026-09-12T01:36:00.428Z,research,CommandExecution,,completed,0,1789176960427,1789176960428
22296,2026-09-12T01:36:01.195Z,research,CommandExecution,,completed,0,1789176960668,1789176961195
22303,2026-09-12T01:36:35.067Z,research,CommandExecution,,completed,0,1789176994899,1789176995067
22304,2026-09-12T01:36:35.279Z,research,CommandExecution,,completed,0,1789176995278,1789176995279
22319,2026-09-12T01:38:09.331Z,research,CommandExecution,,completed,0,1789177089330,1789177089331
22332,2026-09-12T01:39:31.148Z,research,AgentMessage,,,,1789177170110,1789177171148
22336,2026-09-12T01:39:34.885Z,research,Extension,web.search,,,1789177173401,1789177174884
22339,2026-09-12T01:39:36.776Z,research,CommandExecution,,completed,0,1789177173534,1789177176776
22346,2026-09-12T01:43:30.365Z,research,ContextCompaction,,,,1789177174937,1789177410365
22349,2026-09-12T01:43:34.874Z,research,CommandExecution,,completed,0,1789177414874,1789177414874
22350,2026-09-12T01:43:34.993Z,research,CommandExecution,,completed,0,1789177414991,1789177414992
22355,2026-09-12T01:43:39.471Z,research,AgentMessage,,,,1789177418132,1789177419471
22359,2026-09-12T01:43:47.065Z,research,CommandExecution,,completed,0,1789177427025,1789177427065
22360,2026-09-12T01:43:47.136Z,research,CommandExecution,,completed,0,1789177427136,1789177427136
22361,2026-09-12T01:43:48.757Z,research,Extension,web.search,,,1789177426987,1789177428757
22366,2026-09-12T01:44:00.419Z,research,CommandExecution,,completed,0,1789177440349,1789177440418
22367,2026-09-12T01:44:00.524Z,research,CommandExecution,,completed,0,1789177440523,1789177440524
22368,2026-09-12T01:44:01.856Z,research,Extension,web.search,,,1789177440439,1789177441855
22375,2026-09-12T01:44:25.059Z,research,Extension,web.search,,,1789177463710,1789177465059
22380,2026-09-12T01:44:46.381Z,research,AgentMessage,,,,1789177485319,1789177486381
22384,2026-09-12T01:44:48.732Z,research,Extension,web.search,,,1789177487394,1789177488732
22385,2026-09-12T01:44:48.838Z,research,CommandExecution,,completed,0,1789177488837,1789177488837
22392,2026-09-12T01:45:02.052Z,research,CommandExecution,,completed,0,1789177501301,1789177502052
22393,2026-09-12T01:45:02.617Z,research,Extension,web.search,,,1789177501201,1789177502616
22400,2026-09-12T01:45:12.291Z,research,Extension,web.search,,,1789177510870,1789177512290
22401,2026-09-12T01:45:12.404Z,research,CommandExecution,,completed,0,1789177512403,1789177512404
22408,2026-09-12T01:45:25.360Z,research,CommandExecution,,completed,0,1789177524262,1789177525359
22409,2026-09-12T01:45:25.399Z,research,ImageView,,,,1789177525399,1789177525399
22410,2026-09-12T01:45:25.443Z,research,ImageView,,,,1789177525443,1789177525443
22411,2026-09-12T01:45:25.484Z,research,ImageView,,,,1789177525484,1789177525484
22416,2026-09-12T01:45:31.052Z,research,AgentMessage,,,,1789177529159,1789177531052
22420,2026-09-12T01:45:33.051Z,research,CommandExecution,,failed,2,1789177533050,1789177533051
22421,2026-09-12T01:45:33.158Z,research,CommandExecution,,completed,0,1789177533157,1789177533158
22426,2026-09-12T01:45:40.779Z,research,CommandExecution,,failed,1,1789177540778,1789177540779
22433,2026-09-12T01:46:01.077Z,research,CommandExecution,,completed,0,1789177561077,1789177561077
22434,2026-09-12T01:46:01.184Z,research,CommandExecution,,completed,0,1789177561183,1789177561184
22441,2026-09-12T01:46:58.353Z,research,CommandExecution,,completed,0,1789177618352,1789177618353
22448,2026-09-12T01:47:08.901Z,research,CommandExecution,,completed,0,1789177628900,1789177628901
22449,2026-09-12T01:47:09.131Z,research,CommandExecution,,completed,0,1789177629130,1789177629130
22456,2026-09-12T01:47:47.064Z,research,CommandExecution,,completed,0,1789177667063,1789177667064
22463,2026-09-12T01:47:58.167Z,research,CommandExecution,,completed,0,1789177678167,1789177678167
22464,2026-09-12T01:47:58.329Z,research,CommandExecution,,completed,0,1789177678329,1789177678329
22465,2026-09-12T01:47:58.438Z,research,CommandExecution,,completed,0,1789177678438,1789177678438
22466,2026-09-12T01:47:58.566Z,research,CommandExecution,,completed,0,1789177678565,1789177678566
22471,2026-09-12T01:48:23.118Z,research,AgentMessage,,,,1789177701131,1789177703118
22475,2026-09-12T01:48:25.952Z,research,Extension,web.search,,,1789177704693,1789177705952
22482,2026-09-12T01:48:37.443Z,research,CommandExecution,,completed,0,1789177717441,1789177717442
22483,2026-09-12T01:48:37.672Z,research,CommandExecution,,completed,0,1789177717671,1789177717672
22492,2026-09-12T01:49:11.853Z,research,Extension,web.search,,,1789177750406,1789177751852
22503,2026-09-12T01:50:13.191Z,research,Extension,web.search,,,1789177811743,1789177813191
22510,2026-09-12T01:50:45.667Z,research,AgentMessage,,,,1789177844080,1789177845666
22514,2026-09-12T01:50:50.104Z,research,CommandExecution,,completed,0,1789177850104,1789177850104
22515,2026-09-12T01:50:50.238Z,research,CommandExecution,,failed,1,1789177850237,1789177850237
22524,2026-09-12T01:51:02.566Z,research,CommandExecution,,completed,0,1789177860591,1789177862566
22529,2026-09-12T01:51:08.880Z,research,CommandExecution,,completed,0,1789177868879,1789177868880
22536,2026-09-12T01:51:19.778Z,research,CommandExecution,,completed,0,1789177879777,1789177879778
22537,2026-09-12T01:51:19.890Z,research,CommandExecution,,completed,0,1789177879890,1789177879890
22543,2026-09-12T01:52:09.325Z,research,FileChange,,completed,,1789177929322,1789177929325
22547,2026-09-12T01:52:13.394Z,research,CommandExecution,,completed,0,1789177929587,1789177933394
22552,2026-09-12T01:52:24.642Z,research,CommandExecution,,completed,0,1789177944642,1789177944642
22553,2026-09-12T01:52:26.139Z,research,Extension,web.search,,,1789177944716,1789177946138
22562,2026-09-12T01:52:47.494Z,research,CommandExecution,,completed,0,1789177965529,1789177967494
22567,2026-09-12T01:53:05.768Z,research,Extension,web.search,,,1789177984502,1789177985768
22574,2026-09-12T01:53:26.273Z,research,CommandExecution,,completed,0,1789178006272,1789178006273
22575,2026-09-12T01:53:26.446Z,research,CommandExecution,,completed,0,1789178006445,1789178006445
22582,2026-09-12T01:53:36.850Z,research,CommandExecution,,completed,0,1789178016849,1789178016850
22585,2026-09-12T01:53:40.782Z,research,CommandExecution,,completed,0,1789178017089,1789178020782
22588,2026-09-12T01:54:21.475Z,research,AgentMessage,,,,1789178061382,1789178061475
22592,2026-09-12T01:54:21.617Z,research,CommandExecution,,completed,0,1789178061616,1789178061616
22593,2026-09-12T01:54:21.774Z,research,CommandExecution,,completed,0,1789178061773,1789178061774
22596,2026-09-12T01:54:25.023Z,research,CommandExecution,,completed,0,1789178062009,1789178065022
22601,2026-09-12T01:54:29.398Z,research,CommandExecution,,completed,0,1789178069398,1789178069398
22602,2026-09-12T01:54:29.511Z,research,CommandExecution,,completed,0,1789178069509,1789178069511
22609,2026-09-12T01:54:58.159Z,research,CommandExecution,,completed,0,1789178098158,1789178098159
22612,2026-09-12T01:54:58.896Z,research,CommandExecution,,completed,0,1789178097028,1789178098896
22617,2026-09-12T01:55:18.392Z,research,Extension,web.search,,,1789178117073,1789178118392
22620,2026-09-12T01:55:18.434Z,research,CommandExecution,,completed,0,1789178115986,1789178118434
22625,2026-09-12T01:55:36.735Z,research,CommandExecution,,completed,0,1789178136248,1789178136735
22632,2026-09-12T01:55:49.469Z,research,CommandExecution,,completed,0,1789178149469,1789178149469
22633,2026-09-12T01:55:49.584Z,research,CommandExecution,,completed,0,1789178149583,1789178149584
22642,2026-09-12T01:56:21.758Z,research,CommandExecution,,completed,0,1789178181757,1789178181758
22643,2026-09-12T01:56:23.307Z,research,Extension,web.search,,,1789178181838,1789178183306
22650,2026-09-12T01:56:40.577Z,research,Extension,web.search,,,1789178199180,1789178200577
22651,2026-09-12T01:56:40.699Z,research,CommandExecution,,completed,0,1789178200698,1789178200698
22664,2026-09-12T01:57:55.463Z,research,CommandExecution,,completed,0,1789178275462,1789178275463
22665,2026-09-12T01:57:55.695Z,research,CommandExecution,,completed,0,1789178275693,1789178275694
22672,2026-09-12T01:58:08.827Z,research,CommandExecution,,failed,2,1789178288827,1789178288827
22673,2026-09-12T01:58:08.960Z,research,CommandExecution,,completed,0,1789178288959,1789178288960
22684,2026-09-12T01:59:04.494Z,research,Extension,web.search,,,1789178343137,1789178344493
22691,2026-09-12T01:59:46.544Z,research,CommandExecution,,completed,0,1789178386543,1789178386544
22694,2026-09-12T01:59:50.954Z,research,CommandExecution,,completed,0,1789178388019,1789178390954
22697,2026-09-12T01:59:55.028Z,research,AgentMessage,,,,1789178392987,1789178395028
22701,2026-09-12T01:59:58.439Z,research,CommandExecution,,completed,0,1789178386780,1789178398439
22704,2026-09-12T02:00:01.868Z,research,CommandExecution,,completed,0,1789178401868,1789178401868
22705,2026-09-12T02:00:02.103Z,research,CommandExecution,,completed,0,1789178402102,1789178402102
22720,2026-09-12T02:01:43.556Z,research,AgentMessage,,,,1789178501728,1789178503555
22724,2026-09-12T02:01:48.719Z,research,CommandExecution,,completed,0,1789178508166,1789178508719
22725,2026-09-12T02:01:49.326Z,research,Extension,web.search,,,1789178508004,1789178509325
22733,2026-09-12T02:02:36.277Z,research,ImageView,,,,1789178556277,1789178556277
22735,2026-09-12T02:02:36.427Z,research,CommandExecution,,completed,0,1789178556426,1789178556427
22736,2026-09-12T02:02:36.549Z,research,CommandExecution,,completed,0,1789178556547,1789178556549
22743,2026-09-12T02:02:56.953Z,research,CommandExecution,,completed,0,1789178576952,1789178576953
22744,2026-09-12T02:02:58.426Z,research,Extension,web.search,,,1789178577028,1789178578426
22753,2026-09-12T02:06:43.866Z,research,ContextCompaction,,,,1789178578464,1789178803866
22756,2026-09-12T02:06:48.888Z,research,CommandExecution,,completed,0,1789178808886,1789178808887
22761,2026-09-12T02:06:59.247Z,research,AgentMessage,,,,1789178817568,1789178819247
22765,2026-09-12T02:07:13.600Z,research,CommandExecution,,completed,0,1789178830331,1789178833600
22766,2026-09-12T02:07:13.782Z,research,CommandExecution,,completed,0,1789178833740,1789178833781
22767,2026-09-12T02:07:14.469Z,research,CommandExecution,,completed,0,1789178833925,1789178834469
22774,2026-09-12T02:07:24.278Z,research,CommandExecution,,completed,0,1789178844278,1789178844278
22775,2026-09-12T02:07:25.562Z,research,Extension,web.search,,,1789178844263,1789178845561
22776,2026-09-12T02:07:25.607Z,research,ImageView,,,,1789178845606,1789178845607
22785,2026-09-12T02:08:39.837Z,research,FileChange,,completed,,1789178919835,1789178919837
22786,2026-09-12T02:08:42.089Z,research,CommandExecution,,completed,0,1789178921348,1789178922088
22789,2026-09-12T02:08:42.180Z,research,CommandExecution,,completed,0,1789178920104,1789178922180
22792,2026-09-12T02:08:48.710Z,research,AgentMessage,,,,1789178926706,1789178928710
22796,2026-09-12T02:08:54.056Z,research,CommandExecution,,completed,0,1789178934055,1789178934056
22797,2026-09-12T02:08:55.460Z,research,Extension,web.search,,,1789178934128,1789178935460
22804,2026-09-12T02:10:23.600Z,research,CommandExecution,,completed,0,1789179023599,1789179023600
22805,2026-09-12T02:10:23.614Z,research,FileChange,,completed,,1789179023612,1789179023614
22806,2026-09-12T02:10:24.901Z,research,ImageView,,,,1789179024901,1789179024901
22807,2026-09-12T02:10:24.904Z,research,ImageView,,,,1789179024902,1789179024904
22810,2026-09-12T02:10:26.174Z,research,CommandExecution,,failed,1,1789179023869,1789179026174
22815,2026-09-12T02:12:16.109Z,research,FileChange,,completed,,1789179136107,1789179136109
22816,2026-09-12T02:12:16.262Z,research,CommandExecution,,completed,0,1789179136261,1789179136262
22821,2026-09-12T02:12:31.896Z,research,AgentMessage,,,,1789179149757,1789179151896
22825,2026-09-12T02:12:56.739Z,research,CommandExecution,,completed,0,1789179176739,1789179176739
22826,2026-09-12T02:12:56.757Z,research,FileChange,,completed,,1789179176754,1789179176757
22827,2026-09-12T02:12:57.484Z,research,CommandExecution,,completed,0,1789179177101,1789179177484
22828,2026-09-12T02:12:59.240Z,research,CommandExecution,,completed,0,1789179177025,1789179179240
22829,2026-09-12T02:12:59.452Z,research,Extension,web.search,,,1789179178089,1789179179451
22836,2026-09-12T02:13:32.205Z,research,CommandExecution,,completed,0,1789179212204,1789179212204
22843,2026-09-12T02:13:43.227Z,research,CommandExecution,,completed,0,1789179223225,1789179223226
22844,2026-09-12T02:13:44.539Z,research,Extension,web.search,,,1789179223297,1789179224539
22851,2026-09-12T02:15:29.685Z,research,CommandExecution,,completed,0,1789179329683,1789179329685
22852,2026-09-12T02:15:29.708Z,research,FileChange,,completed,,1789179329704,1789179329707
22859,2026-09-12T02:15:59.057Z,research,CommandExecution,,completed,0,1789179359056,1789179359056
22860,2026-09-12T02:15:59.746Z,research,CommandExecution,,completed,0,1789179359311,1789179359745
22865,2026-09-12T02:16:05.854Z,research,AgentMessage,,,,1789179363680,1789179365854
22869,2026-09-12T02:16:38.618Z,research,CommandExecution,,completed,0,1789179398617,1789179398618
22870,2026-09-12T02:16:38.760Z,research,CommandExecution,,completed,0,1789179398759,1789179398760
22871,2026-09-12T02:16:38.950Z,research,CommandExecution,,completed,0,1789179398950,1789179398950
22872,2026-09-12T02:16:39.111Z,research,CommandExecution,,completed,0,1789179399110,1789179399111
22879,2026-09-12T02:17:04.052Z,research,CommandExecution,,completed,0,1789179424050,1789179424052
22880,2026-09-12T02:17:04.076Z,research,CommandExecution,,completed,0,1789179424075,1789179424076
22887,2026-09-12T02:18:14.109Z,research,CommandExecution,,completed,0,1789179493825,1789179494109
22888,2026-09-12T02:18:14.343Z,research,CommandExecution,,completed,0,1789179494341,1789179494342
22889,2026-09-12T02:18:14.362Z,research,FileChange,,completed,,1789179494360,1789179494362
22890,2026-09-12T02:18:14.422Z,research,ImageView,,,,1789179494422,1789179494422
22897,2026-09-12T02:19:03.787Z,research,CommandExecution,,completed,0,1789179543786,1789179543787
22898,2026-09-12T02:19:03.967Z,research,CommandExecution,,completed,0,1789179543967,1789179543967
22899,2026-09-12T02:19:04.103Z,research,CommandExecution,,completed,0,1789179544102,1789179544103
22900,2026-09-12T02:19:04.252Z,research,CommandExecution,,completed,0,1789179544251,1789179544252
22901,2026-09-12T02:19:04.409Z,research,CommandExecution,,completed,0,1789179544408,1789179544408
22908,2026-09-12T02:19:53.060Z,research,AgentMessage,,,,1789179591589,1789179593060
22912,2026-09-12T02:19:58.770Z,research,Extension,web.search,,,1789179597445,1789179598769
22913,2026-09-12T02:19:59.010Z,research,CommandExecution,,completed,0,1789179599009,1789179599010
22924,2026-09-12T02:20:54.093Z,research,Extension,web.search,,,1789179652690,1789179654092
22925,2026-09-12T02:20:54.280Z,research,CommandExecution,,completed,0,1789179654279,1789179654279
22964,2026-09-12T02:27:22.318Z,research,Extension,web.search,,,1789180040969,1789180042317
22969,2026-09-12T02:27:32.591Z,research,AgentMessage,,,,1789180050774,1789180052591
22973,2026-09-12T02:27:42.223Z,research,CommandExecution,,completed,0,1789180061709,1789180062220
22974,2026-09-12T02:27:42.967Z,research,Extension,web.search,,,1789180061577,1789180062966
22981,2026-09-12T02:27:51.758Z,research,Extension,web.search,,,1789180070479,1789180071757
22982,2026-09-12T02:27:51.899Z,research,CommandExecution,,completed,0,1789180071898,1789180071899
22989,2026-09-12T02:28:07.248Z,research,CommandExecution,,failed,1,1789180086970,1789180087247
22990,2026-09-12T02:28:07.768Z,research,CommandExecution,,completed,0,1789180087086,1789180087768
22991,2026-09-12T02:28:08.155Z,research,Extension,web.search,,,1789180086926,1789180088155
23000,2026-09-12T02:28:49.135Z,research,CommandExecution,,completed,0,1789180128504,1789180129135
23001,2026-09-12T02:28:49.737Z,research,Extension,web.search,,,1789180128412,1789180129736
23002,2026-09-12T02:28:49.775Z,research,ImageView,,,,1789180129775,1789180129775
23003,2026-09-12T02:28:49.782Z,research,ImageView,,,,1789180129780,1789180129781
23018,2026-09-12T02:30:22.246Z,research,Extension,web.search,,,1789180220788,1789180222246
23021,2026-09-12T02:30:25.972Z,research,CommandExecution,,completed,0,1789180222492,1789180225972
23030,2026-09-12T02:31:23.088Z,research,AgentMessage,,,,1789180280973,1789180283087
23034,2026-09-12T02:31:30.814Z,research,Extension,web.search,,,1789180289320,1789180290814
23035,2026-09-12T02:31:31.850Z,research,CommandExecution,,completed,0,1789180291065,1789180291850
23044,2026-09-12T02:32:06.629Z,research,Extension,web.search,,,1789180325347,1789180326629
23045,2026-09-12T02:32:06.760Z,research,CommandExecution,,completed,0,1789180326759,1789180326759
23056,2026-09-12T02:34:09.814Z,research,CommandExecution,,completed,0,1789180449812,1789180449813
23057,2026-09-12T02:34:09.836Z,research,FileChange,,completed,,1789180449833,1789180449836
23068,2026-09-12T02:35:25.966Z,research,CommandExecution,,completed,0,1789180525965,1789180525966
23069,2026-09-12T02:35:26.107Z,research,CommandExecution,,completed,0,1789180526107,1789180526107
23070,2026-09-12T02:35:26.297Z,research,CommandExecution,,completed,0,1789180526297,1789180526297
23071,2026-09-12T02:35:26.457Z,research,CommandExecution,,completed,0,1789180526456,1789180526456
23076,2026-09-12T02:35:32.884Z,research,AgentMessage,,,,1789180530578,1789180532884
23080,2026-09-12T02:36:27.388Z,research,FileChange,,completed,,1789180587387,1789180587388
23081,2026-09-12T02:36:29.498Z,research,CommandExecution,,completed,0,1789180587651,1789180589498
23082,2026-09-12T02:36:29.759Z,research,CommandExecution,,completed,0,1789180588895,1789180589758
23091,2026-09-12T02:40:09.093Z,research,ContextCompaction,,,,1789180589797,1789180809093
23094,2026-09-12T02:40:14.379Z,research,AgentMessage,,,,1789180812801,1789180814378
23098,2026-09-12T02:40:18.795Z,research,CommandExecution,,completed,0,1789180818794,1789180818794
23105,2026-09-12T02:40:30.610Z,research,ImageView,,,,1789180830609,1789180830609
23106,2026-09-12T02:40:30.689Z,research,CommandExecution,,completed,0,1789180830686,1789180830688
23113,2026-09-12T02:40:47.945Z,research,CommandExecution,,completed,0,1789180847944,1789180847945
23114,2026-09-12T02:40:50.033Z,research,CommandExecution,,completed,0,1789180848193,1789180850033
23115,2026-09-12T02:40:50.563Z,research,Extension,web.search,,,1789180849258,1789180850563
23122,2026-09-12T02:41:03.607Z,research,CommandExecution,,completed,0,1789180863604,1789180863606
23123,2026-09-12T02:41:04.497Z,research,CommandExecution,,completed,0,1789180863858,1789180864497
23124,2026-09-12T02:41:06.323Z,research,Extension,web.search,,,1789180864566,1789180866323
23129,2026-09-12T02:41:12.292Z,research,AgentMessage,,,,1789180870139,1789180872292
23133,2026-09-12T02:41:19.402Z,research,ImageView,,,,1789180879402,1789180879402
23134,2026-09-12T02:41:19.406Z,research,ImageView,,,,1789180879406,1789180879406
23135,2026-09-12T02:41:19.441Z,research,CommandExecution,,completed,0,1789180879440,1789180879441
23142,2026-09-12T02:41:54.914Z,research,CommandExecution,,completed,0,1789180914913,1789180914914
23145,2026-09-12T02:42:00.233Z,research,CommandExecution,,completed,0,1789180915163,1789180920233
23150,2026-09-12T02:43:09.705Z,research,FileChange,,completed,,1789180989704,1789180989705
23157,2026-09-12T02:43:31.603Z,research,CommandExecution,,completed,0,1789181008564,1789181011602
23158,2026-09-12T02:43:32.225Z,research,Extension,web.search,,,1789181010877,1789181012224
23161,2026-09-12T02:43:33.235Z,research,CommandExecution,,completed,0,1789181009811,1789181013234
23166,2026-09-12T02:43:48.431Z,research,CommandExecution,,completed,0,1789181028430,1789181028430
23171,2026-09-12T02:44:08.645Z,research,AgentMessage,,,,1789181046006,1789181048645
23175,2026-09-12T02:44:21.833Z,research,CommandExecution,,completed,0,1789181061004,1789181061833
23176,2026-09-12T02:44:23.078Z,research,CommandExecution,,completed,0,1789181062075,1789181063075
23183,2026-09-12T02:45:40.342Z,research,CommandExecution,,completed,0,1789181139699,1789181140342
23184,2026-09-12T02:45:40.357Z,research,FileChange,,completed,,1789181140355,1789181140357
23191,2026-09-12T02:47:31.565Z,research,ImageView,,,,1789181251565,1789181251565
23192,2026-09-12T02:47:31.572Z,research,ImageView,,,,1789181251572,1789181251572
23193,2026-09-12T02:47:31.596Z,research,FileChange,,completed,,1789181251594,1789181251596
23200,2026-09-12T02:48:04.050Z,research,Extension,web.search,,,1789181282590,1789181284050
23203,2026-09-12T02:48:04.642Z,research,CommandExecution,,completed,0,1789181281515,1789181284642
23208,2026-09-12T02:48:15.017Z,research,CommandExecution,,completed,0,1789181295016,1789181295016
23217,2026-09-12T02:49:03.308Z,research,CommandExecution,,completed,0,1789181339902,1789181343308
23222,2026-09-12T02:49:32.800Z,research,AgentMessage,,,,1789181371516,1789181372799
23226,2026-09-12T02:49:39.773Z,research,CommandExecution,,completed,0,1789181379389,1789181379772
23227,2026-09-12T02:49:41.754Z,research,Extension,web.search,,,1789181379846,1789181381753
23234,2026-09-12T02:50:00.719Z,research,CommandExecution,,completed,0,1789181400718,1789181400719
23235,2026-09-12T02:50:02.077Z,research,Extension,web.search,,,1789181400794,1789181402076
23242,2026-09-12T02:50:49.716Z,research,CommandExecution,,completed,0,1789181449088,1789181449716
23243,2026-09-12T02:50:49.733Z,research,FileChange,,completed,,1789181449731,1789181449733
23250,2026-09-12T02:51:33.324Z,research,AgentMessage,,,,1789181491901,1789181493324
23254,2026-09-12T02:51:48.893Z,research,ImageView,,,,1789181508893,1789181508893
23255,2026-09-12T02:51:48.896Z,research,ImageView,,,,1789181508894,1789181508896
23256,2026-09-12T02:51:49.226Z,research,CommandExecution,,completed,0,1789181509159,1789181509226
23257,2026-09-12T02:51:50.799Z,research,Extension,web.search,,,1789181509296,1789181510799
23264,2026-09-12T02:52:09.084Z,research,CommandExecution,,completed,0,1789181529078,1789181529081
23265,2026-09-12T02:52:10.006Z,research,CommandExecution,,completed,0,1789181529350,1789181530006
23280,2026-09-12T02:53:43.898Z,research,CommandExecution,,completed,0,1789181623897,1789181623898
23281,2026-09-12T02:53:45.352Z,research,Extension,web.search,,,1789181623973,1789181625351
23290,2026-09-12T02:54:15.464Z,research,Extension,web.search,,,1789181654122,1789181655463
23291,2026-09-12T02:54:15.650Z,research,CommandExecution,,completed,0,1789181655649,1789181655649
23304,2026-09-12T02:55:37.371Z,research,Extension,web.search,,,1789181736019,1789181737370
23305,2026-09-12T02:55:37.556Z,research,CommandExecution,,completed,0,1789181737554,1789181737555
23316,2026-09-12T02:56:59.000Z,research,AgentMessage,,,,1789181817558,1789181819000
23320,2026-09-12T02:57:02.360Z,research,Extension,web.search,,,1789181820858,1789181822359
23327,2026-09-12T02:57:28.427Z,research,Extension,web.search,,,1789181847036,1789181848427
23334,2026-09-12T02:57:43.797Z,research,Extension,web.search,,,1789181862408,1789181863797
23335,2026-09-12T02:57:44.459Z,research,CommandExecution,,completed,0,1789181864073,1789181864459
23354,2026-09-12T03:00:08.345Z,research,CommandExecution,,completed,0,1789182008344,1789182008345
23355,2026-09-12T03:00:09.799Z,research,Extension,web.search,,,1789182008423,1789182009798
23362,2026-09-12T03:01:03.049Z,research,CommandExecution,,completed,0,1789182062819,1789182063049
23363,2026-09-12T03:01:03.068Z,research,FileChange,,completed,,1789182063066,1789182063068
23371,2026-09-12T03:01:39.268Z,research,ImageView,,,,1789182099268,1789182099268
23373,2026-09-12T03:01:39.337Z,research,CommandExecution,,completed,0,1789182099335,1789182099337
23374,2026-09-12T03:01:40.674Z,research,Extension,web.search,,,1789182099406,1789182100673
23383,2026-09-12T03:02:21.845Z,research,Extension,web.search,,,1789182140448,1789182141844
23386,2026-09-12T03:02:25.386Z,research,CommandExecution,,completed,0,1789182142097,1789182145386
23391,2026-09-12T03:02:52.071Z,research,CommandExecution,,completed,0,1789182172070,1789182172070
23392,2026-09-12T03:02:52.376Z,research,CommandExecution,,completed,0,1789182172317,1789182172376
23409,2026-09-12T03:04:23.393Z,research,FileChange,,completed,,1789182263392,1789182263393
23410,2026-09-12T03:04:25.886Z,research,CommandExecution,,completed,0,1789182263655,1789182265886
23415,2026-09-12T03:04:55.459Z,research,AgentMessage,,,,1789182293457,1789182295459
23419,2026-09-12T03:05:53.710Z,research,FileChange,,completed,,1789182353708,1789182353709
23420,2026-09-12T03:05:54.269Z,research,CommandExecution,,completed,0,1789182353980,1789182354269
23427,2026-09-12T03:06:06.189Z,research,CommandExecution,,completed,0,1789182366188,1789182366189
23436,2026-09-12T03:09:57.634Z,research,ContextCompaction,,,,1789182366236,1789182597634
23439,2026-09-12T03:10:02.549Z,research,CommandExecution,,completed,0,1789182602548,1789182602548
23440,2026-09-12T03:10:02.680Z,research,CommandExecution,,completed,0,1789182602679,1789182602680
23445,2026-09-12T03:10:08.150Z,research,AgentMessage,,,,1789182605683,1789182608150
23449,2026-09-12T03:10:13.603Z,research,CommandExecution,,completed,0,1789182613499,1789182613602
23450,2026-09-12T03:10:13.607Z,research,CommandExecution,,completed,0,1789182613585,1789182613603
23451,2026-09-12T03:10:13.611Z,research,CommandExecution,,completed,0,1789182613505,1789182613603
23452,2026-09-12T03:10:13.629Z,research,CommandExecution,,completed,0,1789182613628,1789182613628
23459,2026-09-12T03:10:42.939Z,research,CommandExecution,,completed,0,1789182642938,1789182642939
23460,2026-09-12T03:10:43.069Z,research,CommandExecution,,completed,0,1789182643067,1789182643068
23461,2026-09-12T03:10:43.257Z,research,CommandExecution,,completed,0,1789182643256,1789182643257
23466,2026-09-12T03:10:47.183Z,research,CommandExecution,,completed,0,1789182063334,1789182647183
23469,2026-09-12T03:10:53.166Z,research,CommandExecution,,completed,0,1789182653164,1789182653165
23470,2026-09-12T03:10:53.292Z,research,CommandExecution,,completed,0,1789182653291,1789182653292
23477,2026-09-12T03:11:42.824Z,research,AgentMessage,,,,1789182700940,1789182702824
23481,2026-09-12T03:11:46.209Z,research,Extension,web.search,,,1789182704863,1789182706209
23482,2026-09-12T03:11:46.333Z,research,CommandExecution,,completed,0,1789182706332,1789182706333
23487,2026-09-12T03:11:52.535Z,research,CommandExecution,,completed,0,1789182712535,1789182712535
23494,2026-09-12T03:13:03.526Z,research,FileChange,,completed,,1789182783524,1789182783526
23499,2026-09-12T03:13:27.605Z,research,CommandExecution,,completed,0,1789182807604,1789182807605
23500,2026-09-12T03:13:28.137Z,research,CommandExecution,,completed,0,1789182807848,1789182808137
23503,2026-09-12T03:13:31.624Z,research,CommandExecution,,completed,0,1789182808373,1789182811624
23506,2026-09-12T03:13:35.385Z,research,AgentMessage,,,,1789182813418,1789182815385
23510,2026-09-12T03:14:00.383Z,research,CommandExecution,,completed,0,1789182840383,1789182840383
23511,2026-09-12T03:14:00.558Z,research,CommandExecution,,completed,0,1789182840557,1789182840558
23512,2026-09-12T03:14:00.678Z,research,CommandExecution,,completed,0,1789182840677,1789182840678
23513,2026-09-12T03:14:00.811Z,research,CommandExecution,,completed,0,1789182840810,1789182840811
23514,2026-09-12T03:14:00.954Z,research,CommandExecution,,completed,0,1789182840953,1789182840954
23521,2026-09-12T03:14:30.563Z,research,CommandExecution,,completed,0,1789182870551,1789182870559
23522,2026-09-12T03:14:30.589Z,research,CommandExecution,,completed,0,1789182870589,1789182870589
23523,2026-09-12T03:14:31.995Z,research,Extension,web.search,,,1789182870582,1789182871994
23530,2026-09-12T03:14:44.339Z,research,CommandExecution,,completed,0,1789182884338,1789182884338
23531,2026-09-12T03:14:46.110Z,research,Extension,web.search,,,1789182884406,1789182886110
23540,2026-09-12T03:15:43.087Z,research,Extension,web.search,,,1789182939988,1789182943087
23541,2026-09-12T03:15:43.317Z,research,CommandExecution,,completed,0,1789182943316,1789182943317
23550,2026-09-12T03:16:24.468Z,research,Extension,web.search,,,1789182983197,1789182984468
23551,2026-09-12T03:16:25.007Z,research,CommandExecution,,completed,0,1789182984712,1789182985006
23558,2026-09-12T03:16:37.114Z,research,Extension,web.search,,,1789182993978,1789182997114
23563,2026-09-12T03:17:03.258Z,research,AgentMessage,,,,1789183021209,1789183023258
23569,2026-09-12T03:17:24.214Z,research,CommandExecution,,completed,0,1789183044213,1789183044213
23570,2026-09-12T03:17:26.144Z,research,CommandExecution,,completed,0,1789183044454,1789183046144
23571,2026-09-12T03:17:27.574Z,research,Extension,web.search,,,1789183046268,1789183047574
23578,2026-09-12T03:18:44.115Z,research,FileChange,,completed,,1789183124113,1789183124115
23579,2026-09-12T03:18:46.933Z,research,Extension,web.search,,,1789183125459,1789183126933
23582,2026-09-12T03:18:47.496Z,research,CommandExecution,,failed,1,1789183124389,1789183127496
23587,2026-09-12T03:18:57.378Z,research,CommandExecution,,completed,0,1789183137377,1789183137378
23588,2026-09-12T03:18:58.691Z,research,Extension,web.search,,,1789183137440,1789183138690
23595,2026-09-12T03:19:06.999Z,research,CommandExecution,,completed,0,1789183146998,1789183146999
23598,2026-09-12T03:19:08.427Z,research,CommandExecution,,completed,0,1789183147239,1789183148427
23603,2026-09-12T03:19:15.442Z,research,CommandExecution,,completed,0,1789183155442,1789183155442
23610,2026-09-12T03:19:43.871Z,research,CommandExecution,,completed,0,1789183183870,1789183183870
23611,2026-09-12T03:19:43.889Z,research,FileChange,,completed,,1789183183885,1789183183888
23612,2026-09-12T03:19:45.322Z,research,CommandExecution,,completed,0,1789183185321,1789183185322
23613,2026-09-12T03:19:45.848Z,research,CommandExecution,,completed,0,1789183185561,1789183185847
23616,2026-09-12T03:19:47.626Z,research,CommandExecution,,completed,0,1789183184154,1789183187626
23619,2026-09-12T03:20:01.659Z,research,AgentMessage,,,,1789183201644,1789183201658
23623,2026-09-12T03:20:01.727Z,research,ImageView,,,,1789183201727,1789183201727
23624,2026-09-12T03:20:02.330Z,research,CommandExecution,,completed,0,1789183201977,1789183202330
23625,2026-09-12T03:20:02.447Z,research,CommandExecution,,completed,0,1789183202446,1789183202446
23629,2026-09-12T03:20:09.002Z,research,ImageView,,,,1789183209002,1789183209002
23633,2026-09-12T03:20:20.757Z,research,CommandExecution,,failed,143,1789125042636,1789183220757
23637,2026-09-12T03:21:19.635Z,research,FileChange,,completed,,1789183279633,1789183279635
23639,2026-09-12T03:21:19.860Z,research,CommandExecution,,completed,0,1789183279859,1789183279859
23652,2026-09-12T03:22:44.651Z,research,Extension,web.search,,,1789183363296,1789183364650
23653,2026-09-12T03:22:44.833Z,research,CommandExecution,,completed,0,1789183364833,1789183364833
23660,2026-09-12T03:23:13.679Z,research,Extension,web.search,,,1789183392394,1789183393679
23661,2026-09-12T03:23:13.884Z,research,CommandExecution,,completed,0,1789183393883,1789183393883
23672,2026-09-12T03:24:20.304Z,research,Extension,web.search,,,1789183458964,1789183460304
23673,2026-09-12T03:24:20.492Z,research,CommandExecution,,completed,0,1789183460491,1789183460491
23674,2026-09-12T03:24:20.640Z,research,CommandExecution,,completed,0,1789183460639,1789183460640
23675,2026-09-12T03:24:20.775Z,research,CommandExecution,,completed,0,1789183460774,1789183460774
23676,2026-09-12T03:24:20.948Z,research,CommandExecution,,completed,0,1789183460947,1789183460948
23677,2026-09-12T03:24:21.085Z,research,CommandExecution,,completed,0,1789183461085,1789183461085
23678,2026-09-12T03:24:21.238Z,research,CommandExecution,,completed,0,1789183461236,1789183461237
23683,2026-09-12T03:24:47.585Z,research,AgentMessage,,,,1789183485645,1789183487585
23687,2026-09-12T03:25:31.369Z,research,CommandExecution,,completed,0,1789183531059,1789183531369
23688,2026-09-12T03:25:31.526Z,research,CommandExecution,,completed,0,1789183531526,1789183531526
23689,2026-09-12T03:25:31.542Z,research,FileChange,,completed,,1789183531541,1789183531542
23700,2026-09-12T03:26:41.455Z,research,CommandExecution,,completed,0,1789183601454,1789183601454
23701,2026-09-12T03:26:41.578Z,research,CommandExecution,,completed,0,1789183601577,1789183601578
23702,2026-09-12T03:26:42.292Z,research,CommandExecution,,completed,0,1789183601820,1789183602292
23703,2026-09-12T03:26:43.311Z,research,CommandExecution,,completed,0,1789183602533,1789183603311
23713,2026-09-12T03:27:38.708Z,research,ImageView,,,,1789183658707,1789183658708
23715,2026-09-12T03:27:38.764Z,research,ImageView,,,,1789183658764,1789183658764
23723,2026-09-12T03:29:12.109Z,research,FileChange,,completed,,1789183752107,1789183752108
23725,2026-09-12T03:29:12.327Z,research,CommandExecution,,completed,0,1789183752327,1789183752327
23732,2026-09-12T03:30:17.123Z,research,AgentMessage,,,,1789183817022,1789183817123
23736,2026-09-12T03:30:17.603Z,research,CommandExecution,,completed,0,1789183817603,1789183817603
23737,2026-09-12T03:30:17.781Z,research,CommandExecution,,completed,0,1789183817780,1789183817781
23738,2026-09-12T03:30:17.925Z,research,CommandExecution,,completed,0,1789183817925,1789183817925
23739,2026-09-12T03:30:18.117Z,research,CommandExecution,,completed,0,1789183818116,1789183818117
23740,2026-09-12T03:30:18.242Z,research,CommandExecution,,completed,0,1789183818241,1789183818242
23741,2026-09-12T03:30:18.397Z,research,CommandExecution,,completed,0,1789183818396,1789183818397
23750,2026-09-12T03:30:35.987Z,research,CommandExecution,,completed,0,1789183833488,1789183835987
23751,2026-09-12T03:30:38.407Z,research,CommandExecution,,completed,0,1789183834728,1789183838407
23756,2026-09-12T03:30:44.122Z,research,CommandExecution,,completed,0,1789183844121,1789183844122
23765,2026-09-12T03:31:27.672Z,research,CommandExecution,,completed,0,1789183887671,1789183887672
23766,2026-09-12T03:31:27.788Z,research,CommandExecution,,failed,1,1789183209256,1789183887786
23767,2026-09-12T03:31:27.945Z,research,CommandExecution,,completed,0,1789183887944,1789183887944
23770,2026-09-12T03:31:30.904Z,research,CommandExecution,,completed,0,1789183888183,1789183890904
23773,2026-09-12T03:31:38.459Z,research,AgentMessage,,,,1789183896456,1789183898458
23777,2026-09-12T03:31:55.191Z,research,CommandExecution,,completed,0,1789183915191,1789183915191
23778,2026-09-12T03:31:56.593Z,research,CommandExecution,,completed,0,1789183916592,1789183916593
23784,2026-09-12T03:33:02.939Z,research,FileChange,,completed,,1789183982937,1789183982939
23786,2026-09-12T03:33:03.178Z,research,CommandExecution,,completed,0,1789183983177,1789183983177
23787,2026-09-12T03:33:03.326Z,research,CommandExecution,,completed,0,1789183983325,1789183983326
23788,2026-09-12T03:33:03.522Z,research,CommandExecution,,completed,0,1789183983521,1789183983522
23789,2026-09-12T03:33:03.675Z,research,CommandExecution,,failed,2,1789183983674,1789183983675
23790,2026-09-12T03:33:03.844Z,research,CommandExecution,,completed,0,1789183983843,1789183983844
23797,2026-09-12T03:33:15.778Z,research,CommandExecution,,completed,0,1789183995777,1789183995778
23798,2026-09-12T03:33:15.919Z,research,CommandExecution,,completed,0,1789183995919,1789183995919
23807,2026-09-12T03:34:01.988Z,research,CommandExecution,,completed,0,1789184041987,1789184041988
23808,2026-09-12T03:34:02.236Z,research,CommandExecution,,completed,0,1789184042235,1789184042235
23821,2026-09-12T03:35:29.462Z,research,CommandExecution,,completed,0,1789184129461,1789184129462
23822,2026-09-12T03:35:30.845Z,research,Extension,web.search,,,1789184129531,1789184130845
23829,2026-09-12T03:36:04.629Z,research,Extension,web.search,,,1789184161669,1789184164629
23832,2026-09-12T03:36:06.304Z,research,CommandExecution,,completed,0,1789184164873,1789184166304
23845,2026-09-12T03:37:34.346Z,research,CommandExecution,,completed,0,1789184254345,1789184254345
23846,2026-09-12T03:37:34.470Z,research,CommandExecution,,completed,0,1789184254470,1789184254470
23847,2026-09-12T03:37:34.647Z,research,CommandExecution,,completed,0,1789184254647,1789184254647
23856,2026-09-12T03:38:43.818Z,research,AgentMessage,,,,1789184323748,1789184323818
23859,2026-09-12T03:38:43.850Z,research,FileChange,,completed,,1789184323849,1789184323850
23868,2026-09-12T03:40:23.942Z,research,FileChange,,completed,,1789184423940,1789184423942
23872,2026-09-12T03:40:26.012Z,research,CommandExecution,,completed,0,1789184424235,1789184426012
23876,2026-09-12T03:41:13.981Z,research,FileChange,,completed,,1789184473980,1789184473981
23878,2026-09-12T03:41:14.124Z,research,CommandExecution,,completed,0,1789184474123,1789184474123
23881,2026-09-12T03:41:16.629Z,research,CommandExecution,,completed,0,1789184474381,1789184476628
23886,2026-09-12T03:41:55.238Z,research,CommandExecution,,completed,0,1789184515238,1789184515238
23887,2026-09-12T03:41:56.652Z,research,CommandExecution,,completed,0,1789184516651,1789184516651
23892,2026-09-12T03:42:39.953Z,research,CommandExecution,,completed,0,1789184515479,1789184559952
23899,2026-09-12T03:43:02.944Z,research,CommandExecution,,completed,0,1789184582944,1789184582944
23900,2026-09-12T03:43:03.079Z,research,CommandExecution,,completed,0,1789184583078,1789184583079
23905,2026-09-12T03:43:17.315Z,research,AgentMessage,,,,1789184597227,1789184597315
23909,2026-09-12T03:43:17.508Z,research,CommandExecution,,completed,0,1789184597507,1789184597508
23910,2026-09-12T03:43:17.676Z,research,CommandExecution,,completed,0,1789184597675,1789184597676
23923,2026-09-12T03:44:41.907Z,research,CommandExecution,,completed,0,1789184681867,1789184681907
23932,2026-09-12T03:45:45.783Z,research,CommandExecution,,completed,0,1789183915429,1789184745783
23934,2026-09-12T03:46:05.764Z,research,FileChange,,completed,,1789184765763,1789184765764
23938,2026-09-12T03:46:09.843Z,research,CommandExecution,,completed,0,1789184766050,1789184769843
23948,2026-09-12T03:47:38.009Z,research,CommandExecution,,completed,0,1789184857963,1789184858009
23949,2026-09-12T03:47:38.013Z,research,CommandExecution,,completed,0,1789184857909,1789184858009
23951,2026-09-12T03:47:38.076Z,research,CommandExecution,,completed,0,1789184858075,1789184858075
23957,2026-09-12T03:47:52.606Z,research,CommandExecution,,completed,0,1789184872605,1789184872606
23959,2026-09-12T03:47:52.731Z,research,CommandExecution,,completed,0,1789184872730,1789184872731
23960,2026-09-12T03:47:52.858Z,research,CommandExecution,,completed,0,1789184872857,1789184872858
23971,2026-09-12T03:49:01.188Z,research,CommandExecution,,completed,0,1789184941187,1789184941187
23974,2026-09-12T03:49:04.258Z,research,CommandExecution,,completed,0,1789184941435,1789184944258
23977,2026-09-12T03:49:08.486Z,research,AgentMessage,,,,1789184945865,1789184948486
23980,2026-09-12T03:49:12.096Z,research,CommandExecution,,completed,0,1789184952093,1789184952095
23982,2026-09-12T03:49:12.222Z,research,CommandExecution,,completed,0,1789184952220,1789184952221
23989,2026-09-12T03:49:32.190Z,research,CommandExecution,,completed,0,1789184972189,1789184972190
23992,2026-09-12T03:49:33.103Z,research,CommandExecution,,completed,0,1789184970989,1789184973102
23997,2026-09-12T03:49:54.131Z,research,CommandExecution,,completed,0,1789184994131,1789184994131
24005,2026-09-12T03:50:53.731Z,research,CommandExecution,,completed,0,1789185053730,1789185053730
24006,2026-09-12T03:50:53.748Z,research,FileChange,,completed,,1789185053747,1789185053748
24013,2026-09-12T03:51:52.096Z,research,FileChange,,completed,,1789185112095,1789185112096
24014,2026-09-12T03:51:52.280Z,research,CommandExecution,,completed,0,1789185112278,1789185112279
24016,2026-09-12T03:51:52.459Z,research,CommandExecution,,completed,0,1789185112458,1789185112459
24024,2026-09-12T03:53:38.218Z,research,FileChange,,completed,,1789185218217,1789185218218
24026,2026-09-12T03:53:38.449Z,research,CommandExecution,,completed,0,1789185218448,1789185218449
24027,2026-09-12T03:53:39.817Z,research,CommandExecution,,completed,0,1789185219817,1789185219817
24030,2026-09-12T03:53:44.164Z,research,CommandExecution,,failed,1,1789185218693,1789185224164
24031,2026-09-12T03:53:50.625Z,research,CommandExecution,,completed,0,1789185054046,1789185230625
24036,2026-09-12T03:54:00.903Z,research,CommandExecution,,completed,0,1789185240903,1789185240903
24037,2026-09-12T03:54:01.015Z,research,CommandExecution,,completed,0,1789185241014,1789185241014
24044,2026-09-12T03:54:14.387Z,research,CommandExecution,,completed,0,1789185254387,1789185254387
24045,2026-09-12T03:54:15.900Z,research,CommandExecution,,failed,1,1789185255873,1789185255899
24048,2026-09-12T03:54:17.893Z,research,CommandExecution,,completed,0,1789185254634,1789185257892
24052,2026-09-12T03:54:49.434Z,research,CommandExecution,,completed,0,1789185289433,1789185289434
24054,2026-09-12T03:54:49.588Z,research,CommandExecution,,completed,0,1789185289587,1789185289588
24059,2026-09-12T03:54:56.191Z,research,AgentMessage,,,,1789185293775,1789185296191
24063,2026-09-12T03:55:13.903Z,research,CommandExecution,,completed,0,1789185313902,1789185313903
24064,2026-09-12T03:55:13.921Z,research,FileChange,,completed,,1789185313917,1789185313921
24065,2026-09-12T03:55:14.145Z,research,CommandExecution,,completed,0,1789185314144,1789185314145
24068,2026-09-12T03:55:19.801Z,research,CommandExecution,,completed,0,1789185314392,1789185319801
24073,2026-09-12T03:55:32.159Z,research,CommandExecution,,completed,0,1789185332158,1789185332159
24074,2026-09-12T03:55:32.276Z,research,CommandExecution,,completed,0,1789185332275,1789185332276
24075,2026-09-12T03:55:32.388Z,research,CommandExecution,,completed,0,1789185332387,1789185332388
24076,2026-09-12T03:55:32.507Z,research,CommandExecution,,completed,0,1789185332507,1789185332507
24081,2026-09-12T03:56:15.879Z,research,CommandExecution,,completed,0,1789185314481,1789185375879
24087,2026-09-12T03:56:44.250Z,research,FileChange,,completed,,1789185404249,1789185404250
24089,2026-09-12T03:56:45.693Z,research,CommandExecution,,completed,0,1789185405693,1789185405693
24092,2026-09-12T03:56:46.319Z,research,CommandExecution,,completed,0,1789185404520,1789185406319
24095,2026-09-12T03:56:56.472Z,research,AgentMessage,,,,1789185414545,1789185416471
24099,2026-09-12T03:57:20.448Z,research,CommandExecution,,completed,0,1789185440447,1789185440448
24100,2026-09-12T03:57:20.709Z,research,CommandExecution,,completed,0,1789185440709,1789185440709
24101,2026-09-12T03:57:20.839Z,research,CommandExecution,,completed,0,1789185440838,1789185440839
24102,2026-09-12T03:57:21.011Z,research,CommandExecution,,completed,0,1789185441010,1789185441010
24103,2026-09-12T03:57:21.141Z,research,CommandExecution,,completed,0,1789185441140,1789185441141
24104,2026-09-12T03:57:21.265Z,research,CommandExecution,,completed,0,1789185441264,1789185441265
24114,2026-09-12T03:59:00.702Z,research,FileChange,,completed,,1789185540701,1789185540702
24122,2026-09-12T03:59:39.768Z,research,CommandExecution,,completed,0,1789185579768,1789185579768
24123,2026-09-12T03:59:41.145Z,research,CommandExecution,,completed,0,1789185581144,1789185581145
24132,2026-09-12T04:00:42.482Z,research,CommandExecution,,completed,0,1789185580015,1789185642482
24136,2026-09-12T04:02:01.120Z,research,FileChange,,completed,,1789185721117,1789185721120
24140,2026-09-12T04:02:04.456Z,research,CommandExecution,,completed,0,1789185721428,1789185724456
24145,2026-09-12T04:02:15.869Z,research,CommandExecution,,completed,0,1789185735868,1789185735869
24146,2026-09-12T04:02:15.988Z,research,CommandExecution,,completed,0,1789185735987,1789185735987
24153,2026-09-12T04:03:01.768Z,research,CommandExecution,,completed,0,1789185781767,1789185781768
24154,2026-09-12T04:03:03.289Z,research,CommandExecution,,completed,0,1789185783288,1789185783289
24157,2026-09-12T04:03:03.877Z,research,CommandExecution,,completed,0,1789185782015,1789185783877
24158,2026-09-12T04:03:04.345Z,research,CommandExecution,,completed,0,1789185782107,1789185784345
24161,2026-09-12T04:03:16.509Z,research,AgentMessage,,,,1789185793961,1789185796509
24165,2026-09-12T04:03:28.252Z,research,CommandExecution,,completed,0,1789185808013,1789185808252
24166,2026-09-12T04:03:28.386Z,research,CommandExecution,,completed,0,1789185808386,1789185808386
24167,2026-09-12T04:03:28.537Z,research,CommandExecution,,completed,0,1789185808536,1789185808537
24168,2026-09-12T04:03:28.662Z,research,CommandExecution,,completed,0,1789185808662,1789185808662
24171,2026-09-12T04:03:32.185Z,research,CommandExecution,,completed,0,1789185808907,1789185812184
24185,2026-09-12T04:06:01.623Z,research,FileChange,,completed,,1789185961622,1789185961623
24189,2026-09-12T04:06:03.758Z,research,CommandExecution,,completed,0,1789185961899,1789185963757
24190,2026-09-12T04:06:04.228Z,research,CommandExecution,,completed,0,1789185962000,1789185964228
24201,2026-09-12T04:07:28.989Z,research,CommandExecution,,completed,0,1789186048989,1789186048989
24209,2026-09-12T04:08:41.786Z,research,FileChange,,completed,,1789186121785,1789186121786
24215,2026-09-12T04:09:23.531Z,research,CommandExecution,,completed,0,1789186122073,1789186163531
24230,2026-09-12T04:11:18.393Z,research,CommandExecution,,completed,0,1789186278392,1789186278393
24231,2026-09-12T04:11:18.513Z,research,CommandExecution,,completed,0,1789186278512,1789186278513
24234,2026-09-12T04:11:18.982Z,research,CommandExecution,,completed,0,1789186277209,1789186278982
24241,2026-09-12T04:15:31.821Z,research,ContextCompaction,,,,1789186278547,1789186531821
24244,2026-09-12T04:15:37.056Z,research,AgentMessage,,,,1789186534918,1789186537056
24248,2026-09-12T04:15:41.712Z,research,CommandExecution,,completed,0,1789186541690,1789186541712
24249,2026-09-12T04:15:41.734Z,research,CommandExecution,,completed,0,1789186541733,1789186541734
24256,2026-09-12T04:15:54.468Z,research,CommandExecution,,completed,0,1789186554374,1789186554467
24257,2026-09-12T04:15:54.473Z,research,CommandExecution,,completed,0,1789186554379,1789186554468
24258,2026-09-12T04:15:54.478Z,research,CommandExecution,,completed,0,1789186554431,1789186554468
24259,2026-09-12T04:15:54.498Z,research,CommandExecution,,completed,0,1789186554497,1789186554498
24266,2026-09-12T04:16:11.079Z,research,CommandExecution,,completed,0,1789186571075,1789186571078
24267,2026-09-12T04:16:11.112Z,research,CommandExecution,,completed,0,1789186571105,1789186571112
24268,2026-09-12T04:16:11.161Z,research,CommandExecution,,completed,0,1789186571160,1789186571161
24273,2026-09-12T04:16:22.200Z,research,AgentMessage,,,,1789186579643,1789186582200
24277,2026-09-12T04:17:26.720Z,research,FileChange,,completed,,1789186646719,1789186646720
24284,2026-09-12T04:17:47.645Z,research,CommandExecution,,completed,0,1789186667644,1789186667645
24291,2026-09-12T04:17:57.506Z,research,CommandExecution,,completed,0,1789186677248,1789186677506
24292,2026-09-12T04:17:57.511Z,research,CommandExecution,,completed,0,1789186677384,1789186677506
24293,2026-09-12T04:17:57.514Z,research,CommandExecution,,completed,0,1789186677464,1789186677506
24294,2026-09-12T04:17:57.519Z,research,CommandExecution,,completed,0,1789186677302,1789186677507
24295,2026-09-12T04:17:57.547Z,research,CommandExecution,,completed,0,1789186677546,1789186677547
24302,2026-09-12T04:18:31.788Z,research,CommandExecution,,completed,0,1789186711786,1789186711787
24303,2026-09-12T04:18:32.560Z,research,CommandExecution,,completed,0,1789186667894,1789186712560
24304,2026-09-12T04:18:33.198Z,research,CommandExecution,,completed,0,1789186713197,1789186713198
24307,2026-09-12T04:18:34.137Z,research,CommandExecution,,completed,0,1789186712034,1789186714137
24312,2026-09-12T04:18:42.321Z,research,CommandExecution,,completed,0,1789186722321,1789186722321
24313,2026-09-12T04:18:42.481Z,research,CommandExecution,,completed,0,1789186722479,1789186722480
24314,2026-09-12T04:18:42.529Z,research,CommandExecution,,completed,0,1789186722528,1789186722529
24326,2026-09-12T04:19:55.251Z,research,FileChange,,completed,,1789186795250,1789186795251
24328,2026-09-12T04:19:55.558Z,research,CommandExecution,,completed,0,1789186795557,1789186795558
24331,2026-09-12T04:19:57.419Z,research,CommandExecution,,completed,0,1789186795527,1789186797419
24332,2026-09-12T04:19:58.834Z,research,CommandExecution,,completed,0,1789186795610,1789186798833
24335,2026-09-12T04:20:02.925Z,research,AgentMessage,,,,1789186801413,1789186802925
24339,2026-09-12T04:20:28.312Z,research,CommandExecution,,completed,0,1789186828311,1789186828311
24340,2026-09-12T04:20:28.490Z,research,CommandExecution,,completed,0,1789186828489,1789186828490
24341,2026-09-12T04:20:28.648Z,research,CommandExecution,,completed,0,1789186828648,1789186828648
24342,2026-09-12T04:20:28.907Z,research,CommandExecution,,completed,0,1789186828891,1789186828907
24349,2026-09-12T04:21:05.693Z,research,CommandExecution,,completed,0,1789186865692,1789186865692
24350,2026-09-12T04:21:06.008Z,research,CommandExecution,,failed,1,1789186865934,1789186866005
24357,2026-09-12T04:21:30.462Z,research,CommandExecution,,completed,0,1789186890461,1789186890462
24358,2026-09-12T04:21:30.591Z,research,CommandExecution,,completed,0,1789186890591,1789186890591
24359,2026-09-12T04:21:30.720Z,research,CommandExecution,,completed,0,1789186890719,1789186890720
24360,2026-09-12T04:21:30.885Z,research,CommandExecution,,completed,0,1789186890884,1789186890885
24367,2026-09-12T04:21:52.297Z,research,CommandExecution,,completed,0,1789186912284,1789186912296
24368,2026-09-12T04:21:52.334Z,research,CommandExecution,,completed,0,1789186912333,1789186912334
24369,2026-09-12T04:21:52.513Z,research,CommandExecution,,completed,0,1789186912512,1789186912513
24376,2026-09-12T04:22:42.855Z,research,FileChange,,completed,,1789186962854,1789186962855
24377,2026-09-12T04:22:44.096Z,research,CommandExecution,,completed,0,1789186963126,1789186964096
24384,2026-09-12T04:23:32.341Z,research,AgentMessage,,,,1789187010708,1789187012341
24388,2026-09-12T04:24:53.876Z,research,FileChange,,completed,,1789187093872,1789187093875
24389,2026-09-12T04:24:55.262Z,research,CommandExecution,,completed,0,1789187095262,1789187095262
24396,2026-09-12T04:25:09.230Z,research,CommandExecution,,completed,0,1789187109229,1789187109229
24397,2026-09-12T04:25:09.234Z,research,CommandExecution,,completed,0,1789187109234,1789187109234
24402,2026-09-12T04:25:38.405Z,research,CommandExecution,,completed,0,1789187094146,1789187138405
24405,2026-09-12T04:26:02.631Z,research,CommandExecution,,completed,0,1789187162630,1789187162631
24406,2026-09-12T04:26:02.651Z,research,FileChange,,completed,,1789187162649,1789187162650
24413,2026-09-12T04:26:15.644Z,research,CommandExecution,,completed,0,1789187175643,1789187175643
24420,2026-09-12T04:26:52.096Z,research,CommandExecution,,completed,0,1789187212096,1789187212096
24421,2026-09-12T04:26:52.113Z,research,FileChange,,completed,,1789187212112,1789187212113
24428,2026-09-12T04:27:46.552Z,research,CommandExecution,,completed,0,1789187212411,1789187266552
24430,2026-09-12T04:28:09.912Z,research,FileChange,,completed,,1789187289907,1789187289910
24432,2026-09-12T04:28:10.161Z,research,CommandExecution,,completed,0,1789187290160,1789187290161
24439,2026-09-12T04:28:47.881Z,research,AgentMessage,,,,1789187325978,1789187327881
24443,2026-09-12T04:29:05.066Z,research,CommandExecution,,completed,0,1789187344531,1789187345066
24444,2026-09-12T04:29:05.257Z,research,CommandExecution,,completed,0,1789187345254,1789187345256
24456,2026-09-12T04:30:25.116Z,research,CommandExecution,,completed,0,1789187425114,1789187425115
24458,2026-09-12T04:30:25.190Z,research,CommandExecution,,completed,0,1789187425189,1789187425190
24465,2026-09-12T04:30:38.971Z,research,CommandExecution,,completed,0,1789187438971,1789187438971
24466,2026-09-12T04:30:40.559Z,research,Extension,web.search,,,1789187439047,1789187440558
24479,2026-09-12T04:32:03.812Z,research,CommandExecution,,completed,0,1789187523811,1789187523812
24480,2026-09-12T04:32:03.831Z,research,CommandExecution,,completed,0,1789187523830,1789187523830
24488,2026-09-12T04:32:35.992Z,research,CommandExecution,,completed,0,1789187555884,1789187555992
24489,2026-09-12T04:32:35.998Z,research,CommandExecution,,completed,0,1789187555973,1789187555992
24491,2026-09-12T04:32:36.074Z,research,CommandExecution,,completed,0,1789187556073,1789187556074
24506,2026-09-12T04:34:50.559Z,research,AgentMessage,,,,1789187688551,1789187690559
24510,2026-09-12T04:35:06.856Z,research,CommandExecution,,completed,0,1789187706855,1789187706855
24511,2026-09-12T04:35:07.031Z,research,CommandExecution,,completed,0,1789187707030,1789187707031
24517,2026-09-12T04:36:01.375Z,research,FileChange,,completed,,1789187761369,1789187761372
24519,2026-09-12T04:36:01.613Z,research,CommandExecution,,completed,0,1789187761612,1789187761612
24520,2026-09-12T04:36:07.160Z,research,CommandExecution,,completed,0,1789187761866,1789187767160
24527,2026-09-12T04:37:15.873Z,research,CommandExecution,,completed,0,1789187835872,1789187835873
24528,2026-09-12T04:37:15.889Z,research,FileChange,,completed,,1789187835888,1789187835889
24529,2026-09-12T04:37:16.123Z,research,CommandExecution,,completed,0,1789187836080,1789187836123
24530,2026-09-12T04:37:16.151Z,research,CommandExecution,,completed,0,1789187836150,1789187836151
24535,2026-09-12T04:37:55.086Z,research,CommandExecution,,completed,0,1789186864514,1789187875086
24544,2026-09-12T04:39:20.482Z,research,CommandExecution,,completed,0,1789187960481,1789187960482
24551,2026-09-12T04:39:44.550Z,research,CommandExecution,,completed,0,1789187984343,1789187984550
24552,2026-09-12T04:39:45.915Z,research,CommandExecution,,completed,0,1789187985915,1789187985915
24557,2026-09-12T04:39:56.041Z,research,AgentMessage,,,,1789187994424,1789187996041
24560,2026-09-12T04:39:58.606Z,research,CommandExecution,,completed,0,1789187998602,1789187998605
24562,2026-09-12T04:39:58.642Z,research,CommandExecution,,completed,0,1789187998623,1789187998642
24563,2026-09-12T04:39:58.671Z,research,CommandExecution,,completed,0,1789187998670,1789187998671
24570,2026-09-12T04:40:42.852Z,research,CommandExecution,,completed,0,1789188042672,1789188042852
24571,2026-09-12T04:40:42.866Z,research,FileChange,,completed,,1789188042865,1789188042866
24572,2026-09-12T04:40:44.168Z,research,FileChange,,completed,,1789188044167,1789188044167
24577,2026-09-12T04:40:50.193Z,research,CommandExecution,,completed,0,1789188043158,1789188050193
24580,2026-09-12T04:40:55.823Z,research,CommandExecution,,completed,0,1789188055822,1789188055823
24583,2026-09-12T04:41:15.002Z,research,CommandExecution,,completed,0,1789187174462,1789188075001
24589,2026-09-12T04:42:05.899Z,research,FileChange,,completed,,1789188125897,1789188125899
24591,2026-09-12T04:42:06.055Z,research,CommandExecution,,completed,0,1789188126054,1789188126055
24598,2026-09-12T04:42:47.444Z,research,CommandExecution,,completed,0,1789188167443,1789188167443
24599,2026-09-12T04:42:48.816Z,research,CommandExecution,,completed,0,1789188168815,1789188168816
24600,2026-09-12T04:42:49.157Z,research,CommandExecution,,failed,1,1789188169060,1789188169157
24605,2026-09-12T04:42:56.060Z,research,AgentMessage,,,,1789188173740,1789188176060
24609,2026-09-12T04:43:05.408Z,research,CommandExecution,,completed,0,1789188185407,1789188185408
24610,2026-09-12T04:43:05.545Z,research,CommandExecution,,completed,0,1789188185544,1789188185545
24611,2026-09-12T04:43:05.677Z,research,CommandExecution,,completed,0,1789188185676,1789188185677
24612,2026-09-12T04:43:05.845Z,research,CommandExecution,,completed,0,1789188185843,1789188185844
24613,2026-09-12T04:43:06.015Z,research,CommandExecution,,completed,0,1789188186011,1789188186013
24616,2026-09-12T04:43:09.766Z,research,CommandExecution,,completed,0,1789188186182,1789188189766
24621,2026-09-12T04:43:23.929Z,research,CommandExecution,,completed,0,1789188203906,1789188203928
24622,2026-09-12T04:43:23.933Z,research,CommandExecution,,completed,0,1789188203815,1789188203928
24623,2026-09-12T04:43:23.965Z,research,CommandExecution,,completed,0,1789188203964,1789188203965
24624,2026-09-12T04:43:25.403Z,research,Extension,web.search,,,1789188204030,1789188205402
24629,2026-09-12T04:43:30.837Z,research,CommandExecution,,completed,0,1789188167693,1789188210837
24632,2026-09-12T04:43:43.018Z,research,CommandExecution,,completed,0,1789188223017,1789188223018
24635,2026-09-12T04:43:47.346Z,research,CommandExecution,,completed,0,1789188221884,1789188227346
24639,2026-09-12T04:44:00.982Z,research,CommandExecution,,completed,0,1789188240966,1789188240981
24641,2026-09-12T04:44:01.003Z,research,CommandExecution,,completed,0,1789188241002,1789188241003
24647,2026-09-12T04:45:36.028Z,research,FileChange,,completed,,1789188336026,1789188336028
24649,2026-09-12T04:45:36.280Z,research,CommandExecution,,completed,0,1789188336279,1789188336279
24656,2026-09-12T04:45:59.604Z,research,CommandExecution,,completed,0,1789188359603,1789188359603
24657,2026-09-12T04:45:59.734Z,research,CommandExecution,,completed,0,1789188359734,1789188359734
24662,2026-09-12T04:46:18.872Z,research,AgentMessage,,,,1789188376699,1789188378872
24665,2026-09-12T04:46:24.175Z,research,CommandExecution,,completed,0,1789188384149,1789188384175
24667,2026-09-12T04:46:24.255Z,research,CommandExecution,,completed,0,1789188384254,1789188384254
24668,2026-09-12T04:46:24.740Z,research,CommandExecution,,completed,0,1789188384505,1789188384739
24674,2026-09-12T04:46:32.936Z,research,ImageView,,,,1789188392936,1789188392936
24676,2026-09-12T04:46:33.115Z,research,CommandExecution,,completed,0,1789188393113,1789188393114
24681,2026-09-12T04:47:03.757Z,research,CommandExecution,,completed,0,1789187960729,1789188423756
24686,2026-09-12T04:47:12.941Z,research,CommandExecution,,completed,0,1789188432940,1789188432940
24687,2026-09-12T04:47:13.647Z,research,CommandExecution,,completed,0,1789188433200,1789188433647
24688,2026-09-12T04:47:13.769Z,research,CommandExecution,,completed,0,1789188433769,1789188433769
24689,2026-09-12T04:47:15.326Z,research,CommandExecution,,completed,0,1789188336524,1789188435324
24695,2026-09-12T04:47:35.714Z,research,ImageView,,,,1789188455714,1789188455714
24697,2026-09-12T04:47:37.091Z,research,CommandExecution,,completed,0,1789188457090,1789188457091
24704,2026-09-12T04:48:37.502Z,research,CommandExecution,,completed,0,1789188517425,1789188517502
24705,2026-09-12T04:48:37.524Z,research,FileChange,,completed,,1789188517523,1789188517524
24713,2026-09-12T04:49:37.841Z,research,FileChange,,completed,,1789188577840,1789188577841
24715,2026-09-12T04:49:38.215Z,research,CommandExecution,,completed,0,1789188578116,1789188578215
24716,2026-09-12T04:49:39.588Z,research,CommandExecution,,completed,0,1789188579587,1789188579588
24723,2026-09-12T04:50:11.801Z,research,AgentMessage,,,,1789188610281,1789188611801
24727,2026-09-12T04:51:15.953Z,research,CommandExecution,,completed,0,1789188675952,1789188675952
24728,2026-09-12T04:51:15.968Z,research,FileChange,,completed,,1789188675967,1789188675968
24731,2026-09-12T04:51:19.580Z,research,CommandExecution,,completed,0,1789188677520,1789188679580
24732,2026-09-12T04:51:19.648Z,research,CommandExecution,,completed,0,1789188676266,1789188679648
24737,2026-09-12T04:51:33.753Z,research,CommandExecution,,completed,0,1789188693752,1789188693753
24744,2026-09-12T04:52:05.114Z,research,CommandExecution,,failed,1,1789188455969,1789188725114
24745,2026-09-12T04:52:05.126Z,research,CommandExecution,,completed,0,1789188725125,1789188725126
24746,2026-09-12T04:52:06.562Z,research,CommandExecution,,completed,0,1789188726561,1789188726562
24753,2026-09-12T04:52:47.808Z,research,CommandExecution,,completed,0,1789188767775,1789188767808
24754,2026-09-12T04:52:47.950Z,research,CommandExecution,,completed,0,1789188767949,1789188767949
24763,2026-09-12T04:53:54.286Z,research,CommandExecution,,failed,1,1789188834261,1789188834286
24769,2026-09-12T04:54:17.737Z,research,FileChange,,completed,,1789188857733,1789188857736
24771,2026-09-12T04:54:18.412Z,research,CommandExecution,,completed,0,1789188858052,1789188858412
24772,2026-09-12T04:54:18.630Z,research,CommandExecution,,completed,0,1789188858629,1789188858629
24787,2026-09-12T04:56:21.682Z,research,AgentMessage,,,,1789188979769,1789188981682
24791,2026-09-12T04:56:25.706Z,research,CommandExecution,,completed,0,1789188985706,1789188985706
24792,2026-09-12T04:56:30.668Z,research,CommandExecution,,completed,0,1789188990667,1789188990668
24798,2026-09-12T04:57:25.850Z,research,FileChange,,completed,,1789189045847,1789189045849
24800,2026-09-12T04:57:26.031Z,research,CommandExecution,,completed,0,1789189046030,1789189046030
24807,2026-09-12T04:58:17.957Z,research,CommandExecution,,completed,0,1789188578463,1789189097956
24816,2026-09-12T04:59:26.761Z,research,CommandExecution,,completed,0,1789189166760,1789189166761
24819,2026-09-12T04:59:27.807Z,research,CommandExecution,,completed,0,1789189165618,1789189167807
24824,2026-09-12T04:59:41.712Z,research,CommandExecution,,completed,0,1789189181711,1789189181712
24831,2026-09-12T04:59:55.370Z,research,Extension,web.search,,,1789189193895,1789189195368
24836,2026-09-12T05:00:33.447Z,research,CommandExecution,,completed,0,1789187984800,1789189233446
24847,2026-09-12T05:01:30.987Z,research,CommandExecution,,completed,0,1789189290986,1789189290987
24854,2026-09-12T05:01:54.165Z,research,CommandExecution,,completed,0,1789189314151,1789189314164
24859,2026-09-12T05:02:01.659Z,research,AgentMessage,,,,1789189320252,1789189321659
24862,2026-09-12T05:02:23.385Z,research,CommandExecution,,completed,0,1789189343384,1789189343385
24864,2026-09-12T05:02:23.623Z,research,CommandExecution,,completed,0,1789189343622,1789189343623
24874,2026-09-12T05:03:53.044Z,research,FileChange,,completed,,1789189433043,1789189433044
24876,2026-09-12T05:03:53.292Z,research,CommandExecution,,completed,0,1789189433292,1789189433292
24877,2026-09-12T05:03:53.454Z,research,CommandExecution,,completed,0,1789189433453,1789189433454
24884,2026-09-12T05:04:23.577Z,research,AgentMessage,,,,1789189461850,1789189463577
24888,2026-09-12T05:04:29.045Z,research,CommandExecution,,completed,0,1789189469044,1789189469045
24889,2026-09-12T05:04:29.182Z,research,CommandExecution,,completed,0,1789189469181,1789189469182
24890,2026-09-12T05:04:29.337Z,research,CommandExecution,,completed,0,1789189469335,1789189469336
24891,2026-09-12T05:04:29.518Z,research,CommandExecution,,completed,0,1789189469517,1789189469517
24896,2026-09-12T05:05:36.188Z,research,CommandExecution,,completed,0,1789189312898,1789189536188
24897,2026-09-12T06:56:33.068Z,research,CommandExecution,,completed,0,1789188725379,1789196193067
24904,2026-09-12T07:38:09.604Z,research,AgentMessage,,,,1789198683078,1789198689603
24907,2026-09-12T07:38:12.868Z,research,CommandExecution,,completed,0,1789198692867,1789198692868
24909,2026-09-12T07:38:13.004Z,research,CommandExecution,,completed,0,1789198693003,1789198693003
24915,2026-09-12T07:38:32.063Z,research,CommandExecution,,completed,0,1789198711892,1789198712062
24916,2026-09-12T07:38:32.067Z,research,CommandExecution,,completed,0,1789198712016,1789198712062
24918,2026-09-12T07:38:32.083Z,research,CommandExecution,,completed,0,1789198712077,1789198712082
24921,2026-09-12T07:38:35.302Z,research,CommandExecution,,completed,0,1789198712048,1789198715302
24922,2026-09-12T07:38:53.765Z,research,CommandExecution,,completed,0,1789198713301,1789198733765
24925,2026-09-12T07:39:05.721Z,research,AgentMessage,,,,1789198743641,1789198745721
24928,2026-09-12T07:40:03.318Z,research,FileChange,,completed,,1789198803317,1789198803318
24930,2026-09-12T07:40:04.288Z,research,CommandExecution,,completed,0,1789198803571,1789198804288
24942,2026-09-12T07:42:01.839Z,research,CommandExecution,,completed,0,1789198921839,1789198921839
24944,2026-09-12T07:42:01.858Z,research,CommandExecution,,completed,0,1789198921857,1789198921858
24951,2026-09-12T07:42:25.024Z,research,CommandExecution,,completed,0,1789198945020,1789198945024
24952,2026-09-12T07:42:25.028Z,research,CommandExecution,,completed,0,1789198945022,1789198945024
24959,2026-09-12T07:43:35.955Z,research,CommandExecution,,completed,0,1789198804536,1789199015954
24968,2026-09-12T07:45:05.269Z,research,AgentMessage,,,,1789199101884,1789199105269
24971,2026-09-12T07:45:08.453Z,research,CommandExecution,,completed,0,1789199108452,1789199108453
24981,2026-09-12T07:46:09.462Z,research,CommandExecution,,completed,0,1789199159372,1789199169462
24985,2026-09-12T07:47:38.122Z,research,FileChange,,completed,,1789199258120,1789199258121
24987,2026-09-12T07:47:38.466Z,research,CommandExecution,,completed,0,1789199258370,1789199258466
24990,2026-09-12T07:47:59.964Z,research,CommandExecution,,completed,0,1789199258710,1789199279964
25000,2026-09-12T07:49:58.395Z,research,FileChange,,completed,,1789199398393,1789199398395
25002,2026-09-12T07:49:58.617Z,research,CommandExecution,,completed,0,1789199398617,1789199398617
25003,2026-09-12T07:49:59.332Z,research,CommandExecution,,completed,0,1789199398865,1789199399332
25015,2026-09-12T07:52:27.168Z,research,FileChange,,completed,,1789199547166,1789199547168
25017,2026-09-12T07:52:27.432Z,research,CommandExecution,,completed,0,1789199547432,1789199547432
25020,2026-09-12T07:52:31.302Z,research,CommandExecution,,completed,0,1789199547484,1789199551302
25021,2026-09-12T07:52:58.241Z,research,CommandExecution,,completed,0,1789199547412,1789199578241
25028,2026-09-12T07:57:20.995Z,research,ContextCompaction,,,,1789199548505,1789199840995
25030,2026-09-12T07:57:29.115Z,research,CommandExecution,,completed,0,1789199849114,1789199849114
25032,2026-09-12T07:57:29.247Z,research,CommandExecution,,completed,0,1789199849246,1789199849246
25037,2026-09-12T07:57:33.776Z,research,AgentMessage,,,,1789199852110,1789199853776
25041,2026-09-12T07:57:40.907Z,research,CommandExecution,,completed,0,1789199860809,1789199860907
25042,2026-09-12T07:57:40.912Z,research,CommandExecution,,completed,0,1789199860884,1789199860907
25043,2026-09-12T07:57:40.947Z,research,CommandExecution,,completed,0,1789199860945,1789199860946
25049,2026-09-12T07:58:17.667Z,research,FileChange,,completed,,1789199897666,1789199897667
25051,2026-09-12T07:58:19.024Z,research,CommandExecution,,completed,0,1789199899024,1789199899024
25054,2026-09-12T07:58:21.764Z,research,CommandExecution,,completed,0,1789199897908,1789199901763
25057,2026-09-12T07:58:47.534Z,research,CommandExecution,,completed,0,1789199927511,1789199927534
25064,2026-09-12T07:59:02.514Z,research,CommandExecution,,completed,0,1789199942513,1789199942513
25065,2026-09-12T07:59:02.566Z,research,CommandExecution,,completed,0,1789199942565,1789199942565
25070,2026-09-12T07:59:20.467Z,research,AgentMessage,,,,1789199959361,1789199960467
25074,2026-09-12T08:00:00.887Z,research,FileChange,,completed,,1789200000884,1789200000885
25077,2026-09-12T08:00:05.592Z,research,CommandExecution,,completed,0,1789200002366,1789200005592
25078,2026-09-12T08:00:16.006Z,research,CommandExecution,,completed,0,1789200001128,1789200016005
25089,2026-09-12T08:01:07.196Z,research,FileChange,,completed,,1789200067193,1789200067196
25092,2026-09-12T08:01:08.521Z,research,CommandExecution,,completed,0,1789200067439,1789200068521
25097,2026-09-12T08:01:17.643Z,research,CommandExecution,,completed,0,1789200077642,1789200077643
25104,2026-09-12T08:03:02.538Z,research,FileChange,,completed,,1789200182534,1789200182538
25105,2026-09-12T08:03:02.860Z,research,CommandExecution,,completed,0,1789200182779,1789200182860
25110,2026-09-12T08:03:13.614Z,research,AgentMessage,,,,1789200191128,1789200193614
25114,2026-09-12T08:03:16.187Z,research,CommandExecution,,failed,1,1789200196186,1789200196187
25115,2026-09-12T08:03:16.250Z,research,CommandExecution,,failed,1,1789200196249,1789200196250
25120,2026-09-12T08:03:21.929Z,research,CommandExecution,,completed,0,1789200201927,1789200201928
25127,2026-09-12T08:03:53.848Z,research,CommandExecution,,completed,0,1789200233846,1789200233847
25132,2026-09-12T08:03:57.987Z,research,CommandExecution,,completed,0,1789200183099,1789200237987
25135,2026-09-12T08:04:00.524Z,research,CommandExecution,,completed,0,1789200240523,1789200240524
25136,2026-09-12T08:04:02.029Z,research,Extension,web.search,,,1789200240593,1789200242028
25143,2026-09-12T08:04:14.789Z,research,CommandExecution,,completed,0,1789200254788,1789200254789
25144,2026-09-12T08:04:16.966Z,research,Extension,web.search,,,1789200254856,1789200256966
25151,2026-09-12T08:05:07.667Z,research,CommandExecution,,completed,0,1789200307643,1789200307667
25152,2026-09-12T08:05:07.684Z,research,FileChange,,completed,,1789200307682,1789200307683
25155,2026-09-12T08:05:13.033Z,research,CommandExecution,,completed,0,1789200307925,1789200313033
25158,2026-09-12T08:05:19.798Z,research,AgentMessage,,,,1789200317408,1789200319798
25162,2026-09-12T08:05:29.556Z,research,Extension,web.search,,,1789200328088,1789200329556
25163,2026-09-12T08:05:30.919Z,research,CommandExecution,,completed,0,1789200330918,1789200330918
25166,2026-09-12T08:05:34.526Z,research,CommandExecution,,completed,0,1789200329797,1789200334526
25171,2026-09-12T08:06:03.058Z,research,CommandExecution,,completed,0,1789200363056,1789200363057
25172,2026-09-12T08:06:04.713Z,research,Extension,web.search,,,1789200363132,1789200364712
25181,2026-09-12T08:07:02.814Z,research,CommandExecution,,completed,0,1789200422593,1789200422814
25182,2026-09-12T08:07:03.330Z,research,CommandExecution,,completed,0,1789200423058,1789200423330
25189,2026-09-12T08:07:09.892Z,research,ImageView,,,,1789200429892,1789200429892
25190,2026-09-12T08:07:09.895Z,research,ImageView,,,,1789200429893,1789200429895
25191,2026-09-12T08:07:12.559Z,research,CommandExecution,,completed,0,1789200421351,1789200432557
25204,2026-09-12T08:08:52.126Z,research,CommandExecution,,completed,0,1789200532125,1789200532125
25205,2026-09-12T08:08:52.144Z,research,FileChange,,completed,,1789200532142,1789200532144
25208,2026-09-12T08:08:57.665Z,research,CommandExecution,,completed,0,1789200532383,1789200537665
25215,2026-09-12T08:10:27.386Z,research,AgentMessage,,,,1789200627333,1789200627386
25218,2026-09-12T08:10:27.430Z,research,FileChange,,completed,,1789200627429,1789200627430
25225,2026-09-12T08:10:54.681Z,research,FileChange,,completed,,1789200654677,1789200654681
25227,2026-09-12T08:10:56.048Z,research,CommandExecution,,completed,0,1789200656048,1789200656048
25230,2026-09-12T08:10:56.747Z,research,CommandExecution,,completed,0,1789200654925,1789200656747
25237,2026-09-12T08:12:17.159Z,research,CommandExecution,,completed,0,1789200737158,1789200737158
25238,2026-09-12T08:12:17.174Z,research,FileChange,,completed,,1789200737173,1789200737174
25239,2026-09-12T08:12:18.239Z,research,CommandExecution,,completed,0,1789200737421,1789200738239
25246,2026-09-12T08:13:20.983Z,research,FileChange,,completed,,1789200800981,1789200800983
25247,2026-09-12T08:13:21.344Z,research,CommandExecution,,completed,0,1789200801227,1789200801344
25248,2026-09-12T08:13:21.784Z,research,CommandExecution,,failed,1,1789200801586,1789200801784
25254,2026-09-12T08:13:35.613Z,research,CommandExecution,,completed,0,1789200815611,1789200815612
25258,2026-09-12T08:13:59.328Z,research,CommandExecution,,completed,0,1789200799969,1789200839328
25263,2026-09-12T08:14:09.393Z,research,CommandExecution,,completed,0,1789200849393,1789200849393
25264,2026-09-12T08:14:09.409Z,research,FileChange,,completed,,1789200849406,1789200849409
25265,2026-09-12T08:14:09.579Z,research,CommandExecution,,completed,0,1789200849579,1789200849579
25268,2026-09-12T08:14:15.492Z,research,CommandExecution,,completed,0,1789200849817,1789200855492
25279,2026-09-12T08:15:59.304Z,research,AgentMessage,,,,1789200957949,1789200959304
25283,2026-09-12T08:16:03.613Z,research,CommandExecution,,completed,0,1789200963613,1789200963613
25290,2026-09-12T08:17:20.370Z,research,FileChange,,completed,,1789201040367,1789201040369
25291,2026-09-12T08:17:21.528Z,research,CommandExecution,,failed,1,1789201040614,1789201041528
25292,2026-09-12T08:17:22.071Z,research,CommandExecution,,completed,0,1789201041771,1789201042071
25299,2026-09-12T08:17:28.650Z,research,CommandExecution,,completed,0,1789201048649,1789201048650
25300,2026-09-12T08:17:33.282Z,research,Extension,web.search,,,1789201048715,1789201053281
25307,2026-09-12T08:17:48.591Z,research,FileChange,,completed,,1789201068589,1789201068591
25308,2026-09-12T08:17:49.836Z,research,CommandExecution,,completed,0,1789201068833,1789201069836
25309,2026-09-12T08:17:52.672Z,research,Extension,web.search,,,1789201071151,1789201072671
25316,2026-09-12T08:18:10.571Z,research,CommandExecution,,completed,0,1789201090570,1789201090571
25317,2026-09-12T08:18:13.198Z,research,Extension,web.search,,,1789201090643,1789201093198
25320,2026-09-12T08:18:29.163Z,research,CommandExecution,,completed,0,1789201070083,1789201109162
25325,2026-09-12T08:19:25.170Z,research,FileChange,,completed,,1789201165169,1789201165170
25326,2026-09-12T08:19:26.853Z,research,Extension,web.search,,,1789201165247,1789201166853
25333,2026-09-12T08:19:47.196Z,research,CommandExecution,,completed,0,1789201186911,1789201187196
25334,2026-09-12T08:19:47.325Z,research,CommandExecution,,completed,0,1789201187324,1789201187324
25335,2026-09-12T08:19:49.484Z,research,Extension,web.search,,,1789201187396,1789201189483
25344,2026-09-12T08:20:56.544Z,research,FileChange,,completed,,1789201256540,1789201256542
25345,2026-09-12T08:20:56.813Z,research,CommandExecution,,completed,0,1789201256789,1789201256813
25346,2026-09-12T08:20:56.945Z,research,CommandExecution,,completed,0,1789201256944,1789201256945
25353,2026-09-12T08:21:17.602Z,research,CommandExecution,,completed,0,1789201277601,1789201277601
25359,2026-09-12T08:23:13.409Z,research,FileChange,,completed,,1789201393406,1789201393408
25361,2026-09-12T08:23:13.623Z,research,CommandExecution,,completed,0,1789201393623,1789201393623
25362,2026-09-12T08:23:14.290Z,research,CommandExecution,,completed,0,1789201393867,1789201394289
25379,2026-09-12T08:25:50.280Z,research,CommandExecution,,completed,0,1789201550191,1789201550280
25380,2026-09-12T08:25:50.400Z,research,CommandExecution,,completed,0,1789201550399,1789201550400
25385,2026-09-12T08:26:20.868Z,research,AgentMessage,,,,1789201578717,1789201580868
25388,2026-09-12T08:26:56.339Z,research,FileChange,,completed,,1789201616337,1789201616339
25390,2026-09-12T08:26:58.705Z,research,CommandExecution,,completed,0,1789201616584,1789201618705
25391,2026-09-12T08:26:59.109Z,research,Extension,web.search,,,1789201617652,1789201619109
25398,2026-09-12T08:27:09.499Z,research,Extension,web.search,,,1789201627942,1789201629499
25399,2026-09-12T08:27:09.627Z,research,CommandExecution,,completed,0,1789201629626,1789201629627
25407,2026-09-12T08:28:43.359Z,research,FileChange,,completed,,1789201723358,1789201723359
25409,2026-09-12T08:28:46.642Z,research,Extension,web.search,,,1789201724677,1789201726641
25412,2026-09-12T08:28:51.122Z,research,CommandExecution,,completed,0,1789201723608,1789201731122
25417,2026-09-12T08:29:16.364Z,research,Extension,web.search,,,1789201754422,1789201756364
25418,2026-09-12T08:29:16.539Z,research,CommandExecution,,completed,0,1789201756538,1789201756539
25419,2026-09-12T08:29:17.798Z,research,CommandExecution,,completed,0,1789201756786,1789201757798
25426,2026-09-12T08:29:41.773Z,research,CommandExecution,,completed,0,1789201781773,1789201781773
25429,2026-09-12T08:29:44.340Z,research,CommandExecution,,completed,0,1789201783250,1789201784340
25430,2026-09-12T08:29:55.701Z,research,CommandExecution,,completed,0,1789201782011,1789201795701
25434,2026-09-12T08:30:41.616Z,research,FileChange,,completed,,1789201841615,1789201841616
25436,2026-09-12T08:30:41.796Z,research,CommandExecution,,completed,0,1789201841796,1789201841796
25443,2026-09-12T08:30:57.166Z,research,CommandExecution,,completed,0,1789201857165,1789201857165
25450,2026-09-12T08:31:08.025Z,research,CommandExecution,,completed,0,1789201868024,1789201868025
25451,2026-09-12T08:31:08.572Z,research,CommandExecution,,completed,0,1789201868282,1789201868572
25458,2026-09-12T08:32:03.785Z,research,CommandExecution,,completed,0,1789201856044,1789201923785
25473,2026-09-12T08:34:16.369Z,research,CommandExecution,,completed,0,1789202056368,1789202056368
25474,2026-09-12T08:34:16.409Z,research,ImageView,,,,1789202056409,1789202056409
25481,2026-09-12T08:34:50.934Z,research,AgentMessage,,,,1789202089627,1789202090934
25485,2026-09-12T08:35:29.021Z,research,CommandExecution,,completed,0,1789202125963,1789202129020
25486,2026-09-12T08:35:29.036Z,research,FileChange,,completed,,1789202129034,1789202129035
25489,2026-09-12T08:35:35.407Z,research,CommandExecution,,completed,0,1789202129283,1789202135407
25502,2026-09-12T08:37:59.193Z,research,FileChange,,completed,,1789202279189,1789202279190
25503,2026-09-12T08:37:59.316Z,research,CommandExecution,,completed,0,1789202279315,1789202279316
25511,2026-09-12T08:39:32.601Z,research,FileChange,,completed,,1789202372599,1789202372601
25513,2026-09-12T08:39:33.220Z,research,CommandExecution,,completed,0,1789202372856,1789202373220
25516,2026-09-12T08:39:35.365Z,research,CommandExecution,,completed,0,1789202373483,1789202375364
25523,2026-09-12T08:40:11.552Z,research,Extension,web.search,,,1789202409745,1789202411552
25524,2026-09-12T08:40:11.728Z,research,CommandExecution,,completed,0,1789202411727,1789202411728
25534,2026-09-12T08:43:05.833Z,research,FileChange,,completed,,1789202585831,1789202585833
25536,2026-09-12T08:43:06.295Z,research,CommandExecution,,completed,0,1789202586083,1789202586295
25539,2026-09-12T08:43:25.758Z,research,CommandExecution,,completed,0,1789202586539,1789202605758
25544,2026-09-12T08:43:45.810Z,research,AgentMessage,,,,1789202624303,1789202625810
25548,2026-09-12T08:43:52.638Z,research,CommandExecution,,completed,0,1789202632637,1789202632638
25549,2026-09-12T08:43:54.563Z,research,Extension,web.search,,,1789202632709,1789202634562
25552,2026-09-12T08:43:54.673Z,research,CommandExecution,,completed,0,1789202631495,1789202634673
25559,2026-09-12T08:48:01.777Z,research,ContextCompaction,,,,1789202634597,1789202881777
25562,2026-09-12T08:48:06.089Z,research,AgentMessage,,,,1789202885067,1789202886088
25566,2026-09-12T08:48:11.719Z,research,CommandExecution,,completed,0,1789202891717,1789202891718
25571,2026-09-12T08:48:21.975Z,research,CommandExecution,,completed,0,1789202901952,1789202901975
25572,2026-09-12T08:48:22.035Z,research,CommandExecution,,completed,0,1789202902034,1789202902035
25577,2026-09-12T08:48:30.556Z,research,AgentMessage,,,,1789202908617,1789202910556
25581,2026-09-12T08:48:36.252Z,research,CommandExecution,,completed,0,1789202916251,1789202916252
25594,2026-09-12T08:49:07.664Z,research,CommandExecution,,completed,0,1789202947663,1789202947664
25601,2026-09-12T08:49:47.611Z,research,CommandExecution,,completed,0,1789202987596,1789202987610
25608,2026-09-12T08:50:10.637Z,research,CommandExecution,,completed,0,1789203010635,1789203010636
25609,2026-09-12T08:50:11.936Z,research,Extension,web.search,,,1789203010586,1789203011935
25616,2026-09-12T08:50:21.074Z,research,CommandExecution,,completed,0,1789203021072,1789203021073
25617,2026-09-12T08:50:22.592Z,research,Extension,web.search,,,1789203021071,1789203022591
25622,2026-09-12T08:50:26.851Z,research,AgentMessage,,,,1789203025023,1789203026851
25626,2026-09-12T08:50:36.052Z,research,CommandExecution,,failed,1,1789203035513,1789203036051
25627,2026-09-12T08:50:37.854Z,research,Extension,web.search,,,1789203035367,1789203037854
25636,2026-09-12T08:51:44.377Z,research,FileChange,,completed,,1789203104376,1789203104377
25637,2026-09-12T08:51:44.676Z,research,CommandExecution,,failed,1,1789203104625,1789203104676
25644,2026-09-12T08:51:55.984Z,research,CommandExecution,,completed,0,1789203115982,1789203115984
25651,2026-09-12T08:52:14.193Z,research,CommandExecution,,completed,0,1789203134192,1789203134193
25656,2026-09-12T08:52:30.703Z,research,AgentMessage,,,,1789203149344,1789203150703
25660,2026-09-12T08:52:35.671Z,research,CommandExecution,,completed,0,1789203155670,1789203155670
25669,2026-09-12T08:53:04.109Z,research,CommandExecution,,completed,0,1789203184108,1789203184109
25676,2026-09-12T08:53:17.544Z,research,CommandExecution,,completed,0,1789203197542,1789203197543
25683,2026-09-12T08:54:05.186Z,research,FileChange,,completed,,1789203245185,1789203245186
25684,2026-09-12T08:54:05.402Z,research,CommandExecution,,completed,0,1789203245401,1789203245402
25691,2026-09-12T08:54:38.626Z,research,CommandExecution,,completed,0,1789203278625,1789203278625
25697,2026-09-12T08:55:53.608Z,research,FileChange,,completed,,1789203353607,1789203353608
25699,2026-09-12T08:55:53.810Z,research,CommandExecution,,completed,0,1789203353809,1789203353810
25705,2026-09-12T08:56:48.848Z,research,FileChange,,completed,,1789203408844,1789203408847
25707,2026-09-12T08:56:49.066Z,research,CommandExecution,,completed,0,1789203409065,1789203409066
25712,2026-09-12T08:57:14.801Z,research,AgentMessage,,,,1789203432544,1789203434801
25716,2026-09-12T08:58:17.119Z,research,FileChange,,completed,,1789203497117,1789203497118
25717,2026-09-12T08:58:17.305Z,research,CommandExecution,,completed,0,1789203497305,1789203497305
25723,2026-09-12T08:59:51.983Z,research,FileChange,,completed,,1789203591982,1789203591983
25727,2026-09-12T08:59:53.317Z,research,CommandExecution,,completed,0,1789203592235,1789203593317
25732,2026-09-12T09:00:15.783Z,research,CommandExecution,,completed,0,1789203615782,1789203615783
25743,2026-09-12T09:01:25.808Z,research,CommandExecution,,completed,0,1789203685774,1789203685808
25758,2026-09-12T09:03:12.284Z,research,AgentMessage,,,,1789203791193,1789203792284
25762,2026-09-12T09:03:37.083Z,research,FileChange,,completed,,1789203817082,1789203817083
25763,2026-09-12T09:03:37.410Z,research,CommandExecution,,completed,0,1789203817336,1789203817410
25770,2026-09-12T09:03:59.465Z,research,CommandExecution,,completed,0,1789203839464,1789203839464
25776,2026-09-12T09:04:39.730Z,research,FileChange,,completed,,1789203879727,1789203879730
25778,2026-09-12T09:04:40.046Z,research,CommandExecution,,completed,0,1789203879974,1789203880046
25788,2026-09-12T09:06:08.012Z,research,FileChange,,completed,,1789203968011,1789203968012
25792,2026-09-12T09:06:11.551Z,research,CommandExecution,,completed,0,1789203968275,1789203971550
25797,2026-09-12T09:06:29.475Z,research,CommandExecution,,completed,0,1789203989474,1789203989475
25802,2026-09-12T09:06:37.779Z,research,AgentMessage,,,,1789203996278,1789203997779
25806,2026-09-12T09:06:43.032Z,research,CommandExecution,,completed,0,1789204003010,1789204003028
25807,2026-09-12T09:06:44.459Z,research,Extension,web.search,,,1789204003026,1789204004459
25814,2026-09-12T09:06:57.635Z,research,CommandExecution,,completed,0,1789204017634,1789204017635
25820,2026-09-12T09:08:00.520Z,research,FileChange,,completed,,1789204080519,1789204080520
25826,2026-09-12T09:08:10.573Z,research,CommandExecution,,completed,0,1789204080768,1789204090573
25829,2026-09-12T09:09:20.573Z,research,FileChange,,completed,,1789204160572,1789204160573
25830,2026-09-12T09:09:20.703Z,research,CommandExecution,,completed,0,1789204160702,1789204160702
25837,2026-09-12T09:09:45.045Z,research,CommandExecution,,completed,0,1789204185045,1789204185045
25843,2026-09-12T09:10:46.892Z,research,FileChange,,completed,,1789204246888,1789204246892
25847,2026-09-12T09:10:59.156Z,research,CommandExecution,,completed,0,1789204247145,1789204259156
25854,2026-09-12T09:11:28.732Z,research,CommandExecution,,completed,0,1789204288731,1789204288732
25859,2026-09-12T09:11:33.640Z,research,AgentMessage,,,,1789204291482,1789204293640
25863,2026-09-12T09:12:22.790Z,research,CommandExecution,,completed,0,1789204342747,1789204342790
25870,2026-09-12T09:12:53.785Z,research,CommandExecution,,completed,0,1789204373784,1789204373785
25877,2026-09-12T09:13:13.642Z,research,CommandExecution,,failed,1,1789204393641,1789204393642
25878,2026-09-12T09:13:15.472Z,research,Extension,web.search,,,1789204393621,1789204395472
25884,2026-09-12T09:14:02.896Z,research,FileChange,,completed,,1789204442895,1789204442896
25886,2026-09-12T09:14:03.073Z,research,CommandExecution,,completed,0,1789204443072,1789204443073
25891,2026-09-12T09:14:15.088Z,research,AgentMessage,,,,1789204452662,1789204455088
25901,2026-09-12T09:14:22.853Z,research,AgentMessage,,,,1789204461430,1789204462853
25905,2026-09-12T09:14:26.540Z,research,CommandExecution,,completed,0,1789204466539,1789204466540
25912,2026-09-12T09:14:44.715Z,research,CommandExecution,,completed,0,1789204482951,1789204484715
25913,2026-09-12T09:14:45.114Z,research,Extension,web.search,,,1789204482857,1789204485114
25920,2026-09-12T09:15:01.093Z,research,Extension,web.search,,,1789204496484,1789204501092
25927,2026-09-12T09:15:09.410Z,research,CommandExecution,,completed,0,1789204509409,1789204509410
25942,2026-09-12T09:17:02.944Z,research,AgentMessage,,,,1789204621416,1789204622944
25946,2026-09-12T09:17:06.782Z,research,CommandExecution,,completed,0,1789204626555,1789204626782
25950,2026-09-12T09:17:10.705Z,research,ImageView,,,,1789204630705,1789204630705
25960,2026-09-12T09:18:36.067Z,research,FileChange,,completed,,1789204716065,1789204716067
25963,2026-09-12T09:18:42.283Z,research,CommandExecution,,completed,0,1789204716309,1789204722283
25978,2026-09-12T09:20:46.772Z,research,CommandExecution,,completed,0,1789204846770,1789204846771
25990,2026-09-12T09:22:30.891Z,research,FileChange,,completed,,1789204950889,1789204950891
25998,2026-09-12T09:22:38.379Z,research,CommandExecution,,completed,0,1789204958379,1789204958379
26001,2026-09-12T09:22:38.860Z,research,CommandExecution,,completed,0,1789204951134,1789204958860
26006,2026-09-12T09:22:58.501Z,research,CommandExecution,,completed,0,1789204978500,1789204978501
26007,2026-09-12T09:23:01.070Z,research,Extension,web.search,,,1789204978468,1789204981069
26014,2026-09-12T09:23:37.516Z,research,CommandExecution,,completed,0,1789205017516,1789205017516
26021,2026-09-12T09:24:05.841Z,research,CommandExecution,,completed,0,1789205045735,1789205045841
26028,2026-09-12T09:24:18.744Z,research,CommandExecution,,completed,0,1789205058724,1789205058741
26043,2026-09-12T09:25:30.349Z,research,CommandExecution,,completed,0,1789205125894,1789205130349
26046,2026-09-12T09:25:43.405Z,research,AgentMessage,,,,1789205141741,1789205143405
26050,2026-09-12T09:25:45.677Z,research,CommandExecution,,completed,0,1789205145676,1789205145676
26057,2026-09-12T09:25:55.929Z,research,CommandExecution,,completed,0,1789205155928,1789205155929
26068,2026-09-12T09:27:10.995Z,research,AgentMessage,,,,1789205229151,1789205230995
26071,2026-09-12T09:27:30.185Z,research,FileChange,,completed,,1789205250184,1789205250185
26073,2026-09-12T09:27:30.400Z,research,CommandExecution,,completed,0,1789205250400,1789205250400
26074,2026-09-12T09:27:32.013Z,research,Extension,web.search,,,1789205250331,1789205252012
26083,2026-09-12T09:31:36.664Z,research,ContextCompaction,,,,1789205252044,1789205496663
26086,2026-09-12T09:31:41.869Z,research,AgentMessage,,,,1789205499742,1789205501868
26090,2026-09-12T09:31:46.212Z,research,CommandExecution,,completed,0,1789205506211,1789205506212
26097,2026-09-12T09:32:13.474Z,research,CommandExecution,,completed,0,1789205533471,1789205533473
26098,2026-09-12T09:32:15.149Z,research,Extension,web.search,,,1789205533419,1789205535148
26105,2026-09-12T09:32:26.501Z,research,CommandExecution,,completed,0,1789205546500,1789205546500
26106,2026-09-12T09:32:27.932Z,research,Extension,web.search,,,1789205546467,1789205547931
26113,2026-09-12T09:34:39.615Z,research,FileChange,,completed,,1789205679612,1789205679614
26118,2026-09-12T09:34:52.143Z,research,AgentMessage,,,,1789205690292,1789205692143
26122,2026-09-12T09:35:08.221Z,research,FileChange,,completed,,1789205708219,1789205708221
26123,2026-09-12T09:35:10.462Z,research,CommandExecution,,failed,1,1789205708468,1789205710462
26124,2026-09-12T09:35:11.231Z,research,Extension,web.search,,,1789205709534,1789205711231
26131,2026-09-12T09:35:20.399Z,research,CommandExecution,,completed,0,1789205720398,1789205720399
26132,2026-09-12T09:35:21.767Z,research,Extension,web.search,,,1789205720246,1789205721767
26139,2026-09-12T09:35:42.932Z,research,CommandExecution,,completed,0,1789205742931,1789205742932
26140,2026-09-12T09:35:46.678Z,research,Extension,web.search,,,1789205744244,1789205746678
26143,2026-09-12T09:35:47.134Z,research,CommandExecution,,completed,0,1789205743177,1789205747134
26148,2026-09-12T09:36:08.514Z,research,CommandExecution,,completed,0,1789205767616,1789205768514
26149,2026-09-12T09:36:08.879Z,research,Extension,web.search,,,1789205767471,1789205768878
26156,2026-09-12T09:36:21.751Z,research,CommandExecution,,completed,0,1789205781750,1789205781751
26157,2026-09-12T09:36:23.491Z,research,Extension,web.search,,,1789205781702,1789205783490
26158,2026-09-12T09:36:23.538Z,research,ImageView,,,,1789205783538,1789205783538
26165,2026-09-12T09:37:06.322Z,research,AgentMessage,,,,1789205824472,1789205826322
26169,2026-09-12T09:37:09.561Z,research,CommandExecution,,completed,0,1789205829560,1789205829561
26170,2026-09-12T09:37:11.271Z,research,Extension,web.search,,,1789205829522,1789205831271
26177,2026-09-12T09:37:22.468Z,research,Extension,web.search,,,1789205839201,1789205842468
26180,2026-09-12T09:37:25.898Z,research,CommandExecution,,completed,0,1789205842712,1789205845898
26185,2026-09-12T09:37:41.186Z,research,Extension,web.search,,,1789205859700,1789205861185
26188,2026-09-12T09:37:42.517Z,research,CommandExecution,,completed,0,1789205861432,1789205862517
26192,2026-09-12T09:39:10.652Z,research,FileChange,,completed,,1789205950650,1789205950652
26200,2026-09-12T09:39:20.003Z,research,CommandExecution,,completed,0,1789205960002,1789205960003
26207,2026-09-12T09:39:32.957Z,research,CommandExecution,,completed,0,1789205972365,1789205972956
26208,2026-09-12T09:39:35.603Z,research,Extension,web.search,,,1789205973030,1789205975603
26215,2026-09-12T09:40:50.074Z,research,FileChange,,completed,,1789206050071,1789206050072
26216,2026-09-12T09:40:51.884Z,research,CommandExecution,,completed,0,1789206051566,1789206051883
26219,2026-09-12T09:40:54.218Z,research,CommandExecution,,completed,0,1789206050315,1789206054217
26222,2026-09-12T09:41:01.228Z,research,AgentMessage,,,,1789206057474,1789206061228
26226,2026-09-12T09:41:10.165Z,research,CommandExecution,,completed,0,1789206069405,1789206070164
26227,2026-09-12T09:41:14.632Z,research,Extension,web.search,,,1789206070241,1789206074632
26234,2026-09-12T09:41:23.212Z,research,CommandExecution,,completed,0,1789206082938,1789206083212
26241,2026-09-12T09:41:55.990Z,research,CommandExecution,,completed,0,1789206115988,1789206115989
26242,2026-09-12T09:41:55.994Z,research,CommandExecution,,completed,0,1789206114795,1789206115992
26249,2026-09-12T09:42:13.236Z,research,CommandExecution,,completed,0,1789206133235,1789206133236
26250,2026-09-12T09:42:13.275Z,research,ImageView,,,,1789206133275,1789206133275
26251,2026-09-12T09:42:13.280Z,research,ImageView,,,,1789206133280,1789206133280
26259,2026-09-12T09:44:26.372Z,research,FileChange,,completed,,1789206266369,1789206266371
26266,2026-09-12T09:45:15.993Z,research,CommandExecution,,completed,0,1789206315992,1789206315993
26272,2026-09-12T09:45:23.261Z,research,AgentMessage,,,,1789206321637,1789206323261
26274,2026-09-12T09:45:24.219Z,research,CommandExecution,,completed,0,1789206316238,1789206324219
26279,2026-09-12T09:45:30.851Z,research,Extension,web.search,,,1789206329184,1789206330850
26286,2026-09-12T09:46:21.011Z,research,CommandExecution,,completed,0,1789206380742,1789206381011
26287,2026-09-12T09:46:21.194Z,research,CommandExecution,,completed,0,1789206381193,1789206381194
26288,2026-09-12T09:46:21.370Z,research,CommandExecution,,completed,0,1789206381369,1789206381369
26295,2026-09-12T09:46:49.451Z,research,CommandExecution,,completed,0,1789206409451,1789206409451
26296,2026-09-12T09:46:51.476Z,research,Extension,web.search,,,1789206409519,1789206411475
26305,2026-09-12T09:49:03.666Z,research,FileChange,,completed,,1789206543664,1789206543666
26308,2026-09-12T09:49:05.777Z,research,CommandExecution,,completed,0,1789206543909,1789206545777
26313,2026-09-12T09:49:18.280Z,research,CommandExecution,,completed,0,1789206558280,1789206558280
26314,2026-09-12T09:49:19.747Z,research,Extension,web.search,,,1789206558256,1789206559746
26321,2026-09-12T09:49:29.903Z,research,CommandExecution,,completed,0,1789206569556,1789206569903
26322,2026-09-12T09:49:30.800Z,research,Extension,web.search,,,1789206569430,1789206570799
26329,2026-09-12T09:49:43.360Z,research,Extension,web.search,,,1789206581982,1789206583360
26330,2026-09-12T09:49:43.399Z,research,ImageView,,,,1789206583398,1789206583399
26337,2026-09-12T09:50:04.514Z,research,CommandExecution,,completed,0,1789206603655,1789206604514
26338,2026-09-12T09:50:06.059Z,research,Extension,web.search,,,1789206604589,1789206606058
26343,2026-09-12T09:50:17.054Z,research,AgentMessage,,,,1789206615206,1789206617054
26347,2026-09-12T09:50:20.787Z,research,Extension,web.search,,,1789206618920,1789206620787
26354,2026-09-12T09:50:30.229Z,research,Extension,web.search,,,1789206628279,1789206630228
26361,2026-09-12T09:50:53.855Z,research,CommandExecution,,completed,0,1789206652945,1789206653855
26362,2026-09-12T09:50:55.364Z,research,Extension,web.search,,,1789206653931,1789206655364
26368,2026-09-12T09:51:51.569Z,research,FileChange,,completed,,1789206711565,1789206711568
26370,2026-09-12T09:51:51.833Z,research,CommandExecution,,completed,0,1789206711832,1789206711833
26371,2026-09-12T09:51:51.871Z,research,ImageView,,,,1789206711871,1789206711871
26378,2026-09-12T09:53:48.833Z,research,FileChange,,completed,,1789206828831,1789206828833
26379,2026-09-12T09:53:49.023Z,research,CommandExecution,,completed,0,1789206829022,1789206829022
26382,2026-09-12T09:53:51.235Z,research,CommandExecution,,completed,0,1789206829267,1789206831234
26385,2026-09-12T09:54:14.220Z,research,AgentMessage,,,,1789206851242,1789206854220
26391,2026-09-12T09:54:18.190Z,research,CommandExecution,,completed,0,1789206854985,1789206858190
26398,2026-09-12T09:55:14.281Z,research,CommandExecution,,completed,0,1789206913810,1789206914281
26399,2026-09-12T09:55:14.475Z,research,CommandExecution,,completed,0,1789206914474,1789206914475
26406,2026-09-12T09:55:25.262Z,research,CommandExecution,,completed,0,1789206925262,1789206925262
26407,2026-09-12T09:55:25.445Z,research,CommandExecution,,completed,0,1789206925445,1789206925445
26412,2026-09-12T09:55:39.258Z,research,AgentMessage,,,,1789206935893,1789206939258
26422,2026-09-12T09:55:50.376Z,research,AgentMessage,,,,1789206948268,1789206950376
26426,2026-09-12T09:55:56.535Z,research,CommandExecution,,completed,0,1789206956534,1789206956535
26427,2026-09-12T09:55:59.542Z,research,Extension,web.search,,,1789206956463,1789206959542
26434,2026-09-12T09:56:11.717Z,research,CommandExecution,,completed,0,1789206971715,1789206971716
26435,2026-09-12T09:56:12.887Z,research,Extension,web.search,,,1789206971586,1789206972886
26444,2026-09-12T10:00:08.862Z,research,ContextCompaction,,,,1789206972920,1789207208862
26447,2026-09-12T10:00:12.955Z,research,AgentMessage,,,,1789207212362,1789207212955
26451,2026-09-12T10:00:16.563Z,research,CommandExecution,,completed,0,1789207216562,1789207216563
26458,2026-09-12T10:00:28.848Z,research,CommandExecution,,completed,0,1789207228837,1789207228847
26459,2026-09-12T10:00:28.911Z,research,CommandExecution,,completed,0,1789207228910,1789207228911
26460,2026-09-12T10:00:30.301Z,research,Extension,web.search,,,1789207228857,1789207230301
26467,2026-09-12T10:00:50.732Z,research,CommandExecution,,completed,0,1789207250233,1789207250732
26468,2026-09-12T10:00:50.879Z,research,CommandExecution,,completed,0,1789207250877,1789207250878
26473,2026-09-12T10:01:00.036Z,research,CommandExecution,,completed,0,1789207260033,1789207260035
26474,2026-09-12T10:01:00.056Z,research,CommandExecution,,completed,0,1789207260039,1789207260056
26475,2026-09-12T10:01:00.083Z,research,CommandExecution,,completed,0,1789207260083,1789207260083
26480,2026-09-12T10:01:14.897Z,research,AgentMessage,,,,1789207273369,1789207274897
26484,2026-09-12T10:01:26.249Z,research,CommandExecution,,completed,0,1789207286149,1789207286248
26485,2026-09-12T10:01:27.312Z,research,CommandExecution,,completed,0,1789207286393,1789207287312
26486,2026-09-12T10:01:27.609Z,research,Extension,web.search,,,1789207286164,1789207287608
26493,2026-09-12T10:01:46.245Z,research,ImageView,,,,1789207306245,1789207306245
26494,2026-09-12T10:01:46.286Z,research,ImageView,,,,1789207306286,1789207306286
26495,2026-09-12T10:01:46.328Z,research,ImageView,,,,1789207306328,1789207306328
26502,2026-09-12T10:01:58.479Z,research,CommandExecution,,completed,0,1789207318477,1789207318478
26503,2026-09-12T10:02:00.396Z,research,Extension,web.search,,,1789207318553,1789207320395
26509,2026-09-12T10:03:28.063Z,research,FileChange,,completed,,1789207408061,1789207408063
26517,2026-09-12T10:03:45.829Z,research,CommandExecution,,failed,2,1789207425828,1789207425829
26518,2026-09-12T10:03:47.246Z,research,Extension,web.search,,,1789207425809,1789207427245
26525,2026-09-12T10:04:08.043Z,research,CommandExecution,,completed,0,1789207448041,1789207448042
26526,2026-09-12T10:04:09.581Z,research,Extension,web.search,,,1789207448112,1789207449581
26531,2026-09-12T10:04:34.142Z,research,AgentMessage,,,,1789207470372,1789207474142
26535,2026-09-12T10:04:46.585Z,research,CommandExecution,,completed,0,1789207484938,1789207486584
26542,2026-09-12T10:05:09.478Z,research,CommandExecution,,completed,0,1789207509477,1789207509477
26543,2026-09-12T10:05:10.987Z,research,Extension,web.search,,,1789207509551,1789207510986
26550,2026-09-12T10:05:22.456Z,research,CommandExecution,,completed,0,1789207521767,1789207522456
26555,2026-09-12T10:05:31.337Z,research,ImageView,,,,1789207531337,1789207531337
26556,2026-09-12T10:05:31.379Z,research,ImageView,,,,1789207531379,1789207531379
26563,2026-09-12T10:05:48.288Z,research,CommandExecution,,failed,2,1789207547618,1789207548288
26568,2026-09-12T10:05:54.275Z,research,AgentMessage,,,,1789207551604,1789207554275
26572,2026-09-12T10:05:55.831Z,research,ImageView,,,,1789207555831,1789207555831
26573,2026-09-12T10:05:55.876Z,research,ImageView,,,,1789207555876,1789207555876
26580,2026-09-12T10:06:10.707Z,research,CommandExecution,,completed,0,1789207570707,1789207570707
26581,2026-09-12T10:06:10.797Z,research,CommandExecution,,failed,1,1789207408312,1789207570795
26582,2026-09-12T10:06:10.912Z,research,CommandExecution,,completed,0,1789207570911,1789207570912
26589,2026-09-12T10:06:48.077Z,research,CommandExecution,,completed,0,1789207608076,1789207608076
26590,2026-09-12T10:06:48.096Z,research,FileChange,,completed,,1789207608092,1789207608096
26595,2026-09-12T10:08:16.748Z,research,CommandExecution,,completed,0,1789207608337,1789207696748
26598,2026-09-12T10:09:13.228Z,research,FileChange,,completed,,1789207753226,1789207753228
26603,2026-09-12T10:09:18.299Z,research,AgentMessage,,,,1789207756633,1789207758299
26609,2026-09-12T10:09:34.537Z,research,FileChange,,completed,,1789207774535,1789207774537
26612,2026-09-12T10:09:36.760Z,research,CommandExecution,,completed,0,1789207773524,1789207776760
26617,2026-09-12T10:11:04.685Z,research,FileChange,,completed,,1789207864684,1789207864685
26618,2026-09-12T10:11:04.849Z,research,CommandExecution,,completed,0,1789207864848,1789207864849
26623,2026-09-12T10:11:28.821Z,research,AgentMessage,,,,1789207886964,1789207888820
26627,2026-09-12T10:11:53.152Z,research,CommandExecution,,completed,0,1789207912355,1789207913152
26634,2026-09-12T10:12:41.241Z,research,CommandExecution,,completed,0,1789207960482,1789207961240
26641,2026-09-12T10:12:52.870Z,research,CommandExecution,,completed,0,1789207972870,1789207972870
26648,2026-09-12T10:13:12.831Z,research,CommandExecution,,completed,0,1789207992406,1789207992830
26651,2026-09-12T10:13:17.238Z,research,AgentMessage,,,,1789207995063,1789207997238
26661,2026-09-12T10:13:41.459Z,research,AgentMessage,,,,1789208020456,1789208021459
26665,2026-09-12T10:13:45.337Z,research,CommandExecution,,completed,0,1789208025335,1789208025336
26666,2026-09-12T10:13:46.764Z,research,Extension,web.search,,,1789208025290,1789208026762
26675,2026-09-12T10:14:34.912Z,research,Extension,web.search,,,1789208071684,1789208074911
26676,2026-09-12T10:14:35.058Z,research,CommandExecution,,completed,0,1789208075057,1789208075058
26683,2026-09-12T10:14:47.852Z,research,Extension,web.search,,,1789208085354,1789208087851
26684,2026-09-12T10:14:48.003Z,research,CommandExecution,,completed,0,1789208088001,1789208088002
26691,2026-09-12T10:15:02.172Z,research,CommandExecution,,completed,0,1789208101840,1789208102171
26692,2026-09-12T10:15:03.059Z,research,Extension,web.search,,,1789208101714,1789208103059
26711,2026-09-12T10:17:41.755Z,research,AgentMessage,,,,1789208259953,1789208261755
26715,2026-09-12T10:17:45.847Z,research,CommandExecution,,completed,0,1789208265846,1789208265847
26716,2026-09-12T10:17:47.536Z,research,Extension,web.search,,,1789208265925,1789208267535
26727,2026-09-12T10:18:38.110Z,research,CommandExecution,,completed,0,1789208318109,1789208318109
26728,2026-09-12T10:18:39.544Z,research,Extension,web.search,,,1789208318078,1789208319542
26738,2026-09-12T10:20:08.162Z,research,FileChange,,completed,,1789208408160,1789208408161
26742,2026-09-12T10:20:10.302Z,research,CommandExecution,,completed,0,1789208408409,1789208410301
26751,2026-09-12T10:21:11.725Z,research,Extension,web.search,,,1789208470082,1789208471725
26758,2026-09-12T10:21:26.724Z,research,Extension,web.search,,,1789208484602,1789208486723
26761,2026-09-12T10:21:47.237Z,research,CommandExecution,,failed,1,1789208486971,1789208507237
26770,2026-09-12T10:22:32.271Z,research,AgentMessage,,,,1789208550202,1789208552271
26774,2026-09-12T10:22:36.073Z,research,Extension,web.search,,,1789208554430,1789208556073
26781,2026-09-12T10:22:53.907Z,research,Extension,web.search,,,1789208571916,1789208573907
26784,2026-09-12T10:22:55.799Z,research,CommandExecution,,completed,0,1789208574149,1789208575799
26789,2026-09-12T10:24:17.770Z,research,FileChange,,completed,,1789208657769,1789208657770
26792,2026-09-12T10:24:19.550Z,research,CommandExecution,,completed,0,1789208658012,1789208659550
26797,2026-09-12T10:24:29.511Z,research,CommandExecution,,completed,0,1789208669051,1789208669511
26804,2026-09-12T10:24:43.632Z,research,ImageView,,,,1789208683632,1789208683632
26805,2026-09-12T10:24:44.156Z,research,CommandExecution,,completed,0,1789208683878,1789208684156
26806,2026-09-12T10:24:44.189Z,research,ImageView,,,,1789208684189,1789208684189
26815,2026-09-12T10:28:23.719Z,research,ContextCompaction,,,,1789208684259,1789208903719
26818,2026-09-12T10:28:28.553Z,research,AgentMessage,,,,1789208907331,1789208908553
26822,2026-09-12T10:28:35.153Z,research,CommandExecution,,completed,0,1789208915152,1789208915153
26823,2026-09-12T10:28:35.205Z,research,CommandExecution,,completed,0,1789208915204,1789208915205
26828,2026-09-12T10:28:49.149Z,research,CommandExecution,,completed,0,1789208929043,1789208929149
26829,2026-09-12T10:28:49.154Z,research,CommandExecution,,completed,0,1789208929126,1789208929149
26830,2026-09-12T10:28:49.190Z,research,CommandExecution,,completed,0,1789208929187,1789208929189
26837,2026-09-12T10:29:13.401Z,research,CommandExecution,,completed,0,1789208953400,1789208953401
26838,2026-09-12T10:29:14.735Z,research,Extension,web.search,,,1789208953372,1789208954734
26843,2026-09-12T10:29:28.372Z,research,AgentMessage,,,,1789208965677,1789208968371
26846,2026-09-12T10:31:17.931Z,research,FileChange,,completed,,1789209077930,1789209077931
26854,2026-09-12T10:32:43.928Z,research,CommandExecution,,completed,0,1789209163928,1789209163928
26855,2026-09-12T10:32:43.947Z,research,FileChange,,completed,,1789209163945,1789209163947
26862,2026-09-12T10:33:13.357Z,research,FileChange,,completed,,1789209193356,1789209193357
26867,2026-09-12T10:33:19.622Z,research,CommandExecution,,completed,0,1789209193597,1789209199622
26868,2026-09-12T10:33:21.045Z,research,AgentMessage,,,,1789209198761,1789209201045
26872,2026-09-12T10:33:34.451Z,research,ImageView,,,,1789209214449,1789209214450
26873,2026-09-12T10:33:34.544Z,research,CommandExecution,,completed,0,1789209214543,1789209214544
26874,2026-09-12T10:33:34.706Z,research,CommandExecution,,completed,0,1789209214601,1789209214706
26879,2026-09-12T10:34:21.146Z,research,FileChange,,completed,,1789209261144,1789209261146
26882,2026-09-12T10:34:23.306Z,research,CommandExecution,,completed,0,1789209260136,1789209263306
26889,2026-09-12T10:35:57.669Z,research,CommandExecution,,completed,0,1789209357668,1789209357669
26890,2026-09-12T10:35:57.691Z,research,FileChange,,completed,,1789209357689,1789209357691
26897,2026-09-12T10:36:21.672Z,research,CommandExecution,,failed,1,1789209381672,1789209381672
26898,2026-09-12T10:36:21.690Z,research,FileChange,,completed,,1789209381687,1789209381690
26899,2026-09-12T10:36:21.863Z,research,CommandExecution,,completed,0,1789209381862,1789209381863
26904,2026-09-12T10:36:31.799Z,research,AgentMessage,,,,1789209389475,1789209391799
26906,2026-09-12T10:36:31.871Z,research,CommandExecution,,completed,0,1789209382107,1789209391871
26909,2026-09-12T10:36:34.747Z,research,CommandExecution,,completed,0,1789209394746,1789209394746
26916,2026-09-12T10:37:10.673Z,research,CommandExecution,,completed,0,1789209430672,1789209430673
26917,2026-09-12T10:37:10.951Z,research,CommandExecution,,completed,0,1789209430917,1789209430951
26924,2026-09-12T10:37:16.364Z,research,CommandExecution,,completed,0,1789209436363,1789209436364
26929,2026-09-12T10:37:42.890Z,research,AgentMessage,,,,1789209461076,1789209462890
26933,2026-09-12T10:37:46.732Z,research,CommandExecution,,completed,0,1789209466712,1789209466732
26934,2026-09-12T10:37:48.705Z,research,Extension,web.search,,,1789209466727,1789209468705
26941,2026-09-12T10:38:06.837Z,research,CommandExecution,,completed,0,1789209486835,1789209486836
26942,2026-09-12T10:38:09.380Z,research,Extension,web.search,,,1789209486816,1789209489379
26949,2026-09-12T10:38:19.124Z,research,CommandExecution,,completed,0,1789209499123,1789209499124
26950,2026-09-12T10:38:20.628Z,research,Extension,web.search,,,1789209499144,1789209500627
26957,2026-09-12T10:38:30.176Z,research,CommandExecution,,completed,0,1789209510175,1789209510175
26958,2026-09-12T10:38:31.703Z,research,Extension,web.search,,,1789209510173,1789209511703
26975,2026-09-12T10:40:43.982Z,research,CommandExecution,,completed,0,1789209642916,1789209643982
26976,2026-09-12T10:40:44.132Z,research,Extension,web.search,,,1789209642767,1789209644131
26981,2026-09-12T10:40:52.166Z,research,AgentMessage,,,,1789209650135,1789209652166
26985,2026-09-12T10:40:57.641Z,research,CommandExecution,,completed,0,1789209657641,1789209657641
26986,2026-09-12T10:40:59.254Z,research,Extension,web.search,,,1789209657618,1789209659253
26993,2026-09-12T10:41:17.847Z,research,CommandExecution,,completed,0,1789209676612,1789209677847
26994,2026-09-12T10:41:17.975Z,research,Extension,web.search,,,1789209676468,1789209677975
27001,2026-09-12T10:41:28.937Z,research,Extension,web.search,,,1789209687502,1789209688937
27002,2026-09-12T10:41:29.057Z,research,CommandExecution,,completed,0,1789209689056,1789209689056
27029,2026-09-12T10:46:02.798Z,research,FileChange,,completed,,1789209962797,1789209962798
27032,2026-09-12T10:46:03.552Z,research,CommandExecution,,completed,0,1789209961780,1789209963552
27035,2026-09-12T10:46:11.265Z,research,AgentMessage,,,,1789209967609,1789209971265
27039,2026-09-12T10:46:21.846Z,research,CommandExecution,,completed,0,1789209981845,1789209981845
27040,2026-09-12T10:46:23.626Z,research,Extension,web.search,,,1789209981831,1789209983625
27048,2026-09-12T10:47:06.791Z,research,ImageView,,,,1789210026791,1789210026791
27050,2026-09-12T10:47:06.811Z,research,ImageView,,,,1789210026803,1789210026811
27051,2026-09-12T10:47:06.869Z,research,CommandExecution,,completed,0,1789210026868,1789210026869
27058,2026-09-12T10:47:16.756Z,research,ImageView,,,,1789210036755,1789210036756
27059,2026-09-12T10:47:16.817Z,research,CommandExecution,,completed,0,1789210036816,1789210036817
27066,2026-09-12T10:47:26.802Z,research,CommandExecution,,failed,2,1789210046801,1789210046801
27067,2026-09-12T10:47:32.994Z,research,Extension,web.search,,,1789210046873,1789210052993
27074,2026-09-12T10:47:42.280Z,research,CommandExecution,,completed,0,1789210062279,1789210062280
27083,2026-09-12T10:49:19.466Z,research,FileChange,,completed,,1789210159462,1789210159464
27091,2026-09-12T10:50:08.347Z,research,FileChange,,completed,,1789210208346,1789210208347
27093,2026-09-12T10:50:09.729Z,research,CommandExecution,,completed,0,1789210209728,1789210209729
27096,2026-09-12T10:50:10.362Z,research,CommandExecution,,failed,1,1789210208598,1789210210362
27101,2026-09-12T10:50:17.446Z,research,CommandExecution,,completed,0,1789210217446,1789210217446
27106,2026-09-12T10:50:26.332Z,research,AgentMessage,,,,1789210223972,1789210226332
27110,2026-09-12T10:50:46.185Z,research,CommandExecution,,completed,0,1789210246185,1789210246185
27111,2026-09-12T10:50:46.203Z,research,FileChange,,completed,,1789210246200,1789210246203
27114,2026-09-12T10:50:48.178Z,research,CommandExecution,,completed,0,1789210246447,1789210248178
27119,2026-09-12T10:52:17.666Z,research,FileChange,,completed,,1789210337664,1789210337665
27122,2026-09-12T10:52:21.379Z,research,CommandExecution,,completed,0,1789210337907,1789210341379
27131,2026-09-12T10:53:36.472Z,research,FileChange,,completed,,1789210416470,1789210416472
27140,2026-09-12T10:55:22.031Z,research,FileChange,,completed,,1789210522028,1789210522031
27147,2026-09-12T10:55:56.158Z,research,CommandExecution,,completed,0,1789210556157,1789210556158
27148,2026-09-12T10:55:56.344Z,research,CommandExecution,,completed,0,1789210556343,1789210556343
27151,2026-09-12T10:56:01.959Z,research,CommandExecution,,completed,0,1789210556584,1789210561959
27154,2026-09-12T10:56:05.792Z,research,AgentMessage,,,,1789210564061,1789210565792
27158,2026-09-12T10:56:10.631Z,research,CommandExecution,,completed,0,1789210570630,1789210570631
27161,2026-09-12T10:56:12.669Z,research,CommandExecution,,completed,0,1789210569499,1789210572669
27168,2026-09-12T10:57:21.114Z,research,CommandExecution,,completed,0,1789210641068,1789210641113
27169,2026-09-12T10:57:21.266Z,research,CommandExecution,,completed,0,1789210641265,1789210641266
27178,2026-09-12T10:57:49.451Z,research,CommandExecution,,completed,0,1789210669448,1789210669450
27189,2026-09-12T10:58:55.806Z,research,CommandExecution,,completed,0,1789210735805,1789210735806
27190,2026-09-12T10:58:57.455Z,research,Extension,web.search,,,1789210735784,1789210737454
27211,2026-09-12T11:01:57.017Z,research,CommandExecution,,completed,0,1789210917017,1789210917017
27220,2026-09-12T11:02:44.646Z,research,CommandExecution,,completed,0,1789210964167,1789210964646
27223,2026-09-12T11:02:50.771Z,research,AgentMessage,,,,1789210967719,1789210970770
27231,2026-09-12T11:02:56.808Z,research,AgentMessage,,,,1789210975423,1789210976808
27234,2026-09-12T11:03:02.387Z,research,CommandExecution,,completed,0,1789210982364,1789210982386
27236,2026-09-12T11:03:02.417Z,research,CommandExecution,,completed,0,1789210982414,1789210982417
27245,2026-09-12T11:06:49.842Z,research,ContextCompaction,,,,1789210982447,1789211209842
27248,2026-09-12T11:06:55.274Z,research,AgentMessage,,,,1789211214399,1789211215274
27252,2026-09-12T11:06:58.920Z,research,CommandExecution,,completed,0,1789211218907,1789211218920
27253,2026-09-12T11:06:58.930Z,research,CommandExecution,,completed,0,1789211218926,1789211218929
27260,2026-09-12T11:07:12.684Z,research,CommandExecution,,completed,0,1789211232681,1789211232684
27261,2026-09-12T11:07:12.702Z,research,CommandExecution,,completed,0,1789211232685,1789211232701
27262,2026-09-12T11:07:12.742Z,research,CommandExecution,,completed,0,1789211232742,1789211232742
27269,2026-09-12T11:07:27.606Z,research,CommandExecution,,completed,0,1789211247604,1789211247605
27270,2026-09-12T11:07:29.323Z,research,Extension,web.search,,,1789211247601,1789211249322
27271,2026-09-12T11:07:29.413Z,research,CommandExecution,,completed,0,1789211247745,1789211249413
27276,2026-09-12T11:07:53.639Z,research,AgentMessage,,,,1789211272526,1789211273639
27282,2026-09-12T11:08:18.262Z,research,CommandExecution,,completed,0,1789211298261,1789211298262
27283,2026-09-12T11:08:18.283Z,research,CommandExecution,,completed,0,1789211298282,1789211298283
27290,2026-09-12T11:08:35.634Z,research,CommandExecution,,completed,0,1789211315633,1789211315634
27298,2026-09-12T11:10:18.908Z,research,FileChange,,completed,,1789211418906,1789211418908
27306,2026-09-12T11:10:27.381Z,research,FileChange,,completed,,1789211427378,1789211427381
27309,2026-09-12T11:10:33.461Z,research,CommandExecution,,failed,1,1789211427623,1789211433461
27314,2026-09-12T11:11:21.970Z,research,AgentMessage,,,,1789211480130,1789211481970
27318,2026-09-12T11:11:23.871Z,research,CommandExecution,,completed,0,1789211483870,1789211483871
27325,2026-09-12T11:11:36.860Z,research,CommandExecution,,completed,0,1789211496859,1789211496860
27326,2026-09-12T11:11:36.878Z,research,FileChange,,completed,,1789211496875,1789211496877
27329,2026-09-12T11:11:42.930Z,research,CommandExecution,,completed,0,1789211497119,1789211502930
27331,2026-09-12T11:13:07.707Z,research,FileChange,,completed,,1789211587705,1789211587706
27333,2026-09-12T11:13:07.886Z,research,CommandExecution,,completed,0,1789211587885,1789211587886
27339,2026-09-12T11:13:28.632Z,research,FileChange,,completed,,1789211608628,1789211608632
27343,2026-09-12T11:13:33.835Z,research,CommandExecution,,completed,0,1789211608879,1789211613835
27350,2026-09-12T11:14:04.131Z,research,CommandExecution,,completed,0,1789211640960,1789211644131
27355,2026-09-12T11:14:48.120Z,research,AgentMessage,,,,1789211686904,1789211688120
27359,2026-09-12T11:14:49.992Z,research,CommandExecution,,completed,0,1789211689990,1789211689991
27366,2026-09-12T11:16:20.419Z,research,FileChange,,completed,,1789211780417,1789211780419
27373,2026-09-12T11:16:52.651Z,research,CommandExecution,,completed,0,1789211812650,1789211812651
27376,2026-09-12T11:17:03.917Z,research,CommandExecution,,completed,0,1789211812908,1789211823917
27381,2026-09-12T11:17:18.291Z,research,CommandExecution,,completed,0,1789211838290,1789211838291
27386,2026-09-12T11:17:23.847Z,research,AgentMessage,,,,1789211842047,1789211843847
27392,2026-09-12T11:17:45.919Z,research,CommandExecution,,completed,0,1789211865918,1789211865919
27395,2026-09-12T11:17:47.767Z,research,CommandExecution,,completed,0,1789211864744,1789211867767
27400,2026-09-12T11:17:58.487Z,research,CommandExecution,,completed,0,1789211878441,1789211878485
27407,2026-09-12T11:18:10.125Z,research,CommandExecution,,completed,0,1789211890007,1789211890125
27410,2026-09-12T11:18:17.632Z,research,AgentMessage,,,,1789211892716,1789211897632
27418,2026-09-12T11:18:21.304Z,research,AgentMessage,,,,1789211899891,1789211901304
27422,2026-09-12T11:18:27.095Z,research,CommandExecution,,completed,0,1789211907090,1789211907092
27423,2026-09-12T11:18:27.169Z,research,CommandExecution,,completed,0,1789211907168,1789211907169
27434,2026-09-12T11:19:37.750Z,research,CommandExecution,,completed,0,1789211977747,1789211977749
27435,2026-09-12T11:19:39.122Z,research,Extension,web.search,,,1789211977712,1789211979122
27444,2026-09-12T11:20:16.355Z,research,Extension,web.search,,,1789212014610,1789212016355
27445,2026-09-12T11:20:16.488Z,research,CommandExecution,,completed,0,1789212016487,1789212016488
27452,2026-09-12T11:20:30.409Z,research,Extension,web.search,,,1789212029007,1789212030408
27453,2026-09-12T11:20:31.236Z,research,CommandExecution,,completed,0,1789212030659,1789212031236
27459,2026-09-12T11:20:41.000Z,research,CommandExecution,,completed,0,1789212040997,1789212040999
27461,2026-09-12T11:20:42.462Z,research,Extension,web.search,,,1789212041019,1789212042461
27468,2026-09-12T11:21:26.883Z,research,AgentMessage,,,,1789212085003,1789212086883
27471,2026-09-12T11:21:32.720Z,research,CommandExecution,,completed,0,1789212092696,1789212092719
27473,2026-09-12T11:21:33.265Z,research,CommandExecution,,completed,0,1789212092867,1789212093264
27482,2026-09-12T11:22:06.148Z,research,CommandExecution,,completed,0,1789212126146,1789212126147
27483,2026-09-12T11:22:08.095Z,research,Extension,web.search,,,1789212126227,1789212128094
27490,2026-09-12T11:22:14.108Z,research,CommandExecution,,completed,0,1789212134106,1789212134107
27509,2026-09-12T11:24:56.583Z,research,CommandExecution,,completed,0,1789212296582,1789212296583
27516,2026-09-12T11:25:04.334Z,research,CommandExecution,,completed,0,1789212304333,1789212304333
27517,2026-09-12T11:25:05.883Z,research,Extension,web.search,,,1789212304407,1789212305882
27526,2026-09-12T11:25:58.870Z,research,CommandExecution,,completed,0,1789212358869,1789212358869
27529,2026-09-12T11:26:00.703Z,research,CommandExecution,,completed,0,1789212359115,1789212360703
27534,2026-09-12T11:26:41.386Z,research,AgentMessage,,,,1789212398577,1789212401385
27538,2026-09-12T11:27:36.281Z,research,FileChange,,completed,,1789212456279,1789212456281
27545,2026-09-12T11:28:49.418Z,research,CommandExecution,,completed,0,1789212456532,1789212529418
27549,2026-09-12T11:28:57.910Z,research,CommandExecution,,completed,0,1789212537856,1789212537909
27551,2026-09-12T11:28:59.554Z,research,Extension,web.search,,,1789212537935,1789212539553
27554,2026-09-12T11:28:59.719Z,research,CommandExecution,,completed,0,1789212538026,1789212539719
27559,2026-09-12T11:29:08.429Z,research,CommandExecution,,completed,0,1789212548428,1789212548429
27577,2026-09-12T11:32:21.734Z,research,CommandExecution,,completed,0,1789212741733,1789212741734
27578,2026-09-12T11:32:21.754Z,research,FileChange,,completed,,1789212741752,1789212741753
27592,2026-09-12T11:34:01.287Z,research,CommandExecution,,completed,0,1789212841286,1789212841287
27599,2026-09-12T11:34:22.049Z,research,CommandExecution,,completed,0,1789212862048,1789212862048
27600,2026-09-12T11:34:27.190Z,research,CommandExecution,,completed,0,1789212867189,1789212867190
27605,2026-09-12T11:35:00.346Z,research,CommandExecution,,failed,1,1789212840109,1789212900345
27610,2026-09-12T11:36:28.050Z,research,FileChange,,completed,,1789212988048,1789212988050
27616,2026-09-12T11:36:52.530Z,research,CommandExecution,,completed,0,1789213012510,1789213012530
27618,2026-09-12T11:36:52.587Z,research,CommandExecution,,failed,1,1789213012587,1789213012587
27623,2026-09-12T11:37:00.766Z,research,AgentMessage,,,,1789213018255,1789213020766
27627,2026-09-12T11:37:10.025Z,research,FileChange,,completed,,1789213030023,1789213030024
27628,2026-09-12T11:37:10.436Z,research,CommandExecution,,completed,0,1789213030288,1789213030436
27629,2026-09-12T11:37:10.628Z,research,CommandExecution,,completed,0,1789213030359,1789213030628
27630,2026-09-12T11:37:10.811Z,research,CommandExecution,,completed,0,1789213030482,1789213030811
27631,2026-09-12T11:37:11.846Z,research,Extension,web.search,,,1789213030328,1789213031846
27638,2026-09-12T11:37:22.348Z,research,ImageView,,,,1789213042348,1789213042348
27639,2026-09-12T11:37:22.350Z,research,ImageView,,,,1789213042349,1789213042350
27640,2026-09-12T11:37:22.360Z,research,ImageView,,,,1789213042359,1789213042359
27647,2026-09-12T11:38:09.916Z,research,CommandExecution,,completed,0,1789213089915,1789213089916
27648,2026-09-12T11:38:09.934Z,research,FileChange,,completed,,1789213089932,1789213089934
27649,2026-09-12T11:38:10.253Z,research,CommandExecution,,completed,0,1789213090179,1789213090253
27656,2026-09-12T11:38:21.526Z,research,CommandExecution,,failed,2,1789213101524,1789213101525
27663,2026-09-12T11:38:33.130Z,research,CommandExecution,,completed,0,1789213113129,1789213113129
27677,2026-09-12T11:41:01.501Z,research,FileChange,,completed,,1789213261500,1789213261501
27681,2026-09-12T11:41:11.944Z,research,CommandExecution,,failed,1,1789213261748,1789213271944
27688,2026-09-12T11:43:12.226Z,research,FileChange,,completed,,1789213392223,1789213392225
27689,2026-09-12T11:43:12.706Z,research,CommandExecution,,failed,1,1789213392472,1789213392706
27696,2026-09-12T11:43:36.750Z,research,CommandExecution,,completed,0,1789213416749,1789213416750
27697,2026-09-12T11:43:36.925Z,research,CommandExecution,,completed,0,1789213416924,1789213416925
27706,2026-09-12T11:43:48.508Z,research,CommandExecution,,completed,0,1789213426651,1789213428508
27711,2026-09-12T11:43:55.164Z,research,CommandExecution,,completed,0,1789213435163,1789213435164
27720,2026-09-12T11:47:26.376Z,research,ContextCompaction,,,,1789213435193,1789213646376
27723,2026-09-12T11:47:30.576Z,research,CommandExecution,,completed,0,1789213650575,1789213650576
27728,2026-09-12T11:47:34.695Z,research,AgentMessage,,,,1789213653184,1789213654695
27732,2026-09-12T11:47:39.538Z,research,CommandExecution,,completed,0,1789213659412,1789213659538
27733,2026-09-12T11:47:39.543Z,research,CommandExecution,,completed,0,1789213659412,1789213659537
27734,2026-09-12T11:47:39.546Z,research,CommandExecution,,completed,0,1789213659433,1789213659538
27735,2026-09-12T11:47:39.550Z,research,CommandExecution,,completed,0,1789213659499,1789213659539
27736,2026-09-12T11:47:39.564Z,research,CommandExecution,,completed,0,1789213659561,1789213659564
27743,2026-09-12T11:47:48.133Z,research,CommandExecution,,completed,0,1789213666247,1789213668133
27748,2026-09-12T11:47:57.067Z,research,CommandExecution,,completed,0,1789213676935,1789213677066
27749,2026-09-12T11:47:57.071Z,research,CommandExecution,,completed,0,1789213677025,1789213677067
27750,2026-09-12T11:47:57.074Z,research,CommandExecution,,completed,0,1789213676960,1789213677067
27751,2026-09-12T11:47:57.092Z,research,CommandExecution,,completed,0,1789213677091,1789213677092
27758,2026-09-12T11:48:48.989Z,research,FileChange,,completed,,1789213728985,1789213728989
27763,2026-09-12T11:48:58.261Z,research,CommandExecution,,completed,0,1789213738154,1789213738260
27764,2026-09-12T11:48:58.265Z,research,CommandExecution,,completed,0,1789213738221,1789213738261
27765,2026-09-12T11:48:58.288Z,research,CommandExecution,,completed,0,1789213738287,1789213738288
27768,2026-09-12T11:49:00.445Z,research,CommandExecution,,completed,0,1789213738149,1789213740445
27769,2026-09-12T11:49:01.378Z,research,CommandExecution,,completed,0,1789213738162,1789213741378
27770,2026-09-12T11:49:10.477Z,research,CommandExecution,,completed,0,1789213738225,1789213750477
27773,2026-09-12T11:49:14.884Z,research,AgentMessage,,,,1789213752446,1789213754883
27777,2026-09-12T11:49:19.543Z,research,CommandExecution,,completed,0,1789213759442,1789213759542
27778,2026-09-12T11:49:19.549Z,research,CommandExecution,,completed,0,1789213759504,1789213759543
27779,2026-09-12T11:49:19.552Z,research,CommandExecution,,completed,0,1789213759366,1789213759543
27780,2026-09-12T11:49:19.569Z,research,CommandExecution,,completed,0,1789213759566,1789213759569
27785,2026-09-12T11:49:31.478Z,research,CommandExecution,,completed,0,1789213766638,1789213771478
27786,2026-09-12T11:49:32.759Z,research,CommandExecution,,completed,0,1789213772758,1789213772758
27793,2026-09-12T11:49:54.953Z,research,CommandExecution,,completed,0,1789213794756,1789213794952
27794,2026-09-12T11:49:54.957Z,research,CommandExecution,,completed,0,1789213794758,1789213794952
27795,2026-09-12T11:49:54.960Z,research,CommandExecution,,completed,0,1789213794779,1789213794953
27796,2026-09-12T11:49:54.963Z,research,CommandExecution,,completed,0,1789213794915,1789213794953
27797,2026-09-12T11:49:54.965Z,research,CommandExecution,,completed,0,1789213794842,1789213794953
27798,2026-09-12T11:49:54.981Z,research,CommandExecution,,completed,0,1789213794979,1789213794981
27803,2026-09-12T11:50:12.193Z,research,CommandExecution,,completed,0,1789212742003,1789213812192
27806,2026-09-12T11:50:12.413Z,research,CommandExecution,,completed,0,1789213812371,1789213812413
27807,2026-09-12T11:50:12.417Z,research,CommandExecution,,completed,0,1789213812394,1789213812413
27808,2026-09-12T11:50:12.695Z,research,CommandExecution,,completed,0,1789213812561,1789213812694
27813,2026-09-12T11:50:38.088Z,research,AgentMessage,,,,1789213835342,1789213838088
27817,2026-09-12T11:50:43.790Z,research,CommandExecution,,completed,0,1789213843550,1789213843789
27824,2026-09-12T11:51:53.825Z,research,CommandExecution,,completed,0,1789213913825,1789213913825
27825,2026-09-12T11:51:53.849Z,research,FileChange,,completed,,1789213913844,1789213913848
27832,2026-09-12T11:53:04.529Z,research,FileChange,,completed,,1789213984524,1789213984529
27839,2026-09-12T11:53:31.907Z,research,CommandExecution,,completed,0,1789214011886,1789214011906
27840,2026-09-12T11:53:31.933Z,research,CommandExecution,,completed,0,1789214011932,1789214011933
27841,2026-09-12T11:53:32.439Z,research,CommandExecution,,completed,0,1789214011975,1789214012439
27846,2026-09-12T11:53:45.522Z,research,AgentMessage,,,,1789214023368,1789214025522
27848,2026-09-12T11:54:10.207Z,research,CommandExecution,,completed,0,1789213983514,1789214050206
27851,2026-09-12T11:55:03.099Z,research,FileChange,,completed,,1789214103096,1789214103099
27859,2026-09-12T11:55:12.148Z,research,CommandExecution,,completed,0,1789214112148,1789214112148
27862,2026-09-12T11:55:29.460Z,research,CommandExecution,,completed,0,1789214110978,1789214129459
27867,2026-09-12T11:56:16.379Z,research,FileChange,,completed,,1789214176377,1789214176379
27874,2026-09-12T11:56:24.212Z,research,CommandExecution,,completed,0,1789214184212,1789214184212
27879,2026-09-12T11:56:38.315Z,research,AgentMessage,,,,1789214196685,1789214198315
27883,2026-09-12T11:58:04.566Z,research,FileChange,,completed,,1789214284565,1789214284566
27884,2026-09-12T11:58:04.854Z,research,CommandExecution,,completed,0,1789214284811,1789214284853
27891,2026-09-12T11:58:19.695Z,research,CommandExecution,,failed,1,1789214298787,1789214299695
27892,2026-09-12T11:58:19.830Z,research,CommandExecution,,completed,0,1789214299829,1789214299830
27899,2026-09-12T11:58:25.627Z,research,CommandExecution,,completed,0,1789214305626,1789214305627
27906,2026-09-12T11:58:56.701Z,research,CommandExecution,,completed,0,1789214336701,1789214336701
27907,2026-09-12T11:58:56.724Z,research,FileChange,,completed,,1789214336719,1789214336724
27908,2026-09-12T11:58:57.028Z,research,CommandExecution,,completed,0,1789214336975,1789214337028
27915,2026-09-12T11:59:08.816Z,research,CommandExecution,,completed,0,1789214348815,1789214348816
27922,2026-09-12T11:59:52.548Z,research,AgentMessage,,,,1789214390848,1789214392548
27926,2026-09-12T11:59:55.943Z,research,CommandExecution,,completed,0,1789214395933,1789214395943
27927,2026-09-12T11:59:55.947Z,research,CommandExecution,,completed,0,1789214395930,1789214395943
27928,2026-09-12T11:59:56.017Z,research,CommandExecution,,completed,0,1789214396016,1789214396016
27935,2026-09-12T12:00:28.605Z,research,CommandExecution,,completed,0,1789214428604,1789214428604
27938,2026-09-12T12:00:30.517Z,research,CommandExecution,,completed,0,1789214427483,1789214430517
27941,2026-09-12T12:00:36.166Z,research,CommandExecution,,completed,0,1789214347699,1789214436166
27950,2026-09-12T12:01:15.269Z,research,CommandExecution,,completed,0,1789214475268,1789214475269
27951,2026-09-12T12:01:15.393Z,research,CommandExecution,,completed,0,1789214475393,1789214475393
27956,2026-09-12T12:01:32.763Z,research,AgentMessage,,,,1789214492311,1789214492763
27960,2026-09-12T12:01:39.145Z,research,CommandExecution,,completed,0,1789214498601,1789214499145
27961,2026-09-12T12:01:39.389Z,research,CommandExecution,,completed,0,1789214499388,1789214499389
27962,2026-09-12T12:01:39.448Z,research,CommandExecution,,completed,0,1789214499447,1789214499447
27969,2026-09-12T12:01:45.064Z,research,CommandExecution,,completed,0,1789214505063,1789214505064
27976,2026-09-12T12:01:57.422Z,research,CommandExecution,,completed,0,1789214517421,1789214517422
27979,2026-09-12T12:01:58.673Z,research,CommandExecution,,completed,0,1789214517505,1789214518673
27986,2026-09-12T12:02:12.220Z,research,AgentMessage,,,,1789214530198,1789214532220
27994,2026-09-12T12:02:17.243Z,research,AgentMessage,,,,1789214535880,1789214537243
27997,2026-09-12T12:02:22.931Z,research,CommandExecution,,completed,0,1789214542733,1789214542931
27998,2026-09-12T12:02:22.936Z,research,CommandExecution,,completed,0,1789214542813,1789214542931
27999,2026-09-12T12:02:22.939Z,research,CommandExecution,,completed,0,1789214542882,1789214542932
28001,2026-09-12T12:02:22.956Z,research,CommandExecution,,completed,0,1789214542951,1789214542955
28011,2026-09-12T12:03:32.732Z,research,CommandExecution,,completed,0,1789214612633,1789214612731
28012,2026-09-12T12:03:32.736Z,research,CommandExecution,,completed,0,1789214612642,1789214612731
28013,2026-09-12T12:03:32.739Z,research,CommandExecution,,completed,0,1789214612689,1789214612732
28015,2026-09-12T12:03:32.764Z,research,CommandExecution,,completed,0,1789214612764,1789214612764
28020,2026-09-12T12:03:38.315Z,research,AgentMessage,,,,1789214617409,1789214618315
28024,2026-09-12T12:03:45.871Z,research,Extension,web.search,,,1789214623778,1789214625869
28025,2026-09-12T12:03:46.137Z,research,CommandExecution,,completed,0,1789214626099,1789214626137
28026,2026-09-12T12:03:46.141Z,research,CommandExecution,,completed,0,1789214626029,1789214626137
28027,2026-09-12T12:03:46.163Z,research,CommandExecution,,completed,0,1789214626162,1789214626163
28034,2026-09-12T12:03:56.526Z,research,Extension,web.search,,,1789214635093,1789214636526
28035,2026-09-12T12:03:56.651Z,research,CommandExecution,,completed,0,1789214636650,1789214636650
28046,2026-09-12T12:05:14.082Z,research,CommandExecution,,completed,0,1789214712546,1789214714082
28047,2026-09-12T12:05:15.209Z,research,Extension,web.search,,,1789214713614,1789214715208
28056,2026-09-12T12:05:43.570Z,research,CommandExecution,,completed,0,1789214741942,1789214743570
28061,2026-09-12T12:06:20.024Z,research,AgentMessage,,,,1789214777717,1789214780024
28064,2026-09-12T12:06:23.893Z,research,CommandExecution,,completed,0,1789214783873,1789214783892
28066,2026-09-12T12:06:23.928Z,research,CommandExecution,,completed,0,1789214783928,1789214783928
28073,2026-09-12T12:06:42.455Z,research,CommandExecution,,completed,0,1789214802454,1789214802455
28080,2026-09-12T12:06:56.392Z,research,CommandExecution,,completed,0,1789214816391,1789214816392
28081,2026-09-12T12:07:00.708Z,research,CommandExecution,,completed,0,1789214802704,1789214820706
28094,2026-09-12T12:08:48.565Z,research,AgentMessage,,,,1789214926720,1789214928565
28097,2026-09-12T12:09:45.578Z,research,FileChange,,completed,,1789214985576,1789214985577
28109,2026-09-12T12:11:12.057Z,research,FileChange,,completed,,1789215072056,1789215072057
28110,2026-09-12T12:11:14.118Z,research,CommandExecution,,completed,0,1789215072305,1789215074118
28113,2026-09-12T12:11:14.986Z,research,CommandExecution,,completed,0,1789215073548,1789215074986
28120,2026-09-12T12:11:55.887Z,research,CommandExecution,,completed,0,1789215115886,1789215115887
28129,2026-09-12T12:13:16.483Z,research,FileChange,,completed,,1789215196482,1789215196483
28130,2026-09-12T12:13:16.748Z,research,CommandExecution,,completed,0,1789215196747,1789215196748
28135,2026-09-12T12:13:38.221Z,research,AgentMessage,,,,1789215216466,1789215218220
28138,2026-09-12T12:14:26.472Z,research,FileChange,,completed,,1789215266470,1789215266472
28142,2026-09-12T12:14:28.428Z,research,CommandExecution,,completed,0,1789215266724,1789215268428
28147,2026-09-12T12:14:34.138Z,research,CommandExecution,,completed,0,1789215274137,1789215274137
28152,2026-09-12T12:14:46.201Z,research,CommandExecution,,completed,0,1789215286200,1789215286201
28153,2026-09-12T12:14:46.327Z,research,CommandExecution,,completed,0,1789215286324,1789215286326
28161,2026-09-12T12:15:34.603Z,research,CommandExecution,,completed,0,1789215334417,1789215334602
28163,2026-09-12T12:15:34.626Z,research,CommandExecution,,completed,0,1789215334626,1789215334626
28164,2026-09-12T12:15:34.925Z,research,CommandExecution,,completed,0,1789215334657,1789215334925
28165,2026-09-12T12:15:34.936Z,research,CommandExecution,,completed,0,1789215334573,1789215334936
28171,2026-09-12T12:15:41.803Z,research,ImageView,,,,1789215341803,1789215341803
28173,2026-09-12T12:15:41.849Z,research,ImageView,,,,1789215341849,1789215341849
28186,2026-09-12T12:17:11.569Z,research,AgentMessage,,,,1789215429322,1789215431569
28190,2026-09-12T12:17:55.013Z,research,FileChange,,completed,,1789215475012,1789215475013
28191,2026-09-12T12:17:55.190Z,research,CommandExecution,,completed,0,1789215475189,1789215475189
28196,2026-09-12T12:19:09.337Z,research,CommandExecution,,completed,0,1789215285079,1789215549336
28198,2026-09-12T12:19:18.250Z,research,FileChange,,completed,,1789215558248,1789215558250
28200,2026-09-12T12:19:18.518Z,research,CommandExecution,,completed,0,1789215558518,1789215558518
28207,2026-09-12T12:19:37.994Z,research,CommandExecution,,completed,0,1789215577993,1789215577994
28208,2026-09-12T12:19:38.048Z,research,CommandExecution,,completed,0,1789215578047,1789215578048
28213,2026-09-12T12:19:45.546Z,research,AgentMessage,,,,1789215583285,1789215585546
28217,2026-09-12T12:20:20.481Z,research,CommandExecution,,completed,0,1789215620480,1789215620481
28218,2026-09-12T12:20:20.498Z,research,FileChange,,completed,,1789215620496,1789215620498
28226,2026-09-12T12:20:52.420Z,research,CommandExecution,,completed,0,1789215652407,1789215652419
28228,2026-09-12T12:20:52.445Z,research,CommandExecution,,completed,0,1789215652445,1789215652445
28236,2026-09-12T12:22:05.266Z,research,FileChange,,completed,,1789215725265,1789215725266
28240,2026-09-12T12:22:14.507Z,research,CommandExecution,,completed,0,1789215725515,1789215734507
28247,2026-09-12T12:23:15.367Z,research,AgentMessage,,,,1789215793155,1789215795367
28250,2026-09-12T12:23:19.320Z,research,CommandExecution,,completed,0,1789215799190,1789215799319
28251,2026-09-12T12:23:19.323Z,research,CommandExecution,,completed,0,1789215799303,1789215799320
28253,2026-09-12T12:23:19.345Z,research,CommandExecution,,completed,0,1789215799343,1789215799344
28258,2026-09-12T12:24:17.570Z,research,CommandExecution,,completed,0,1789215619313,1789215857570
28261,2026-09-12T12:24:44.760Z,research,FileChange,,completed,,1789215884758,1789215884759
28267,2026-09-12T12:25:04.889Z,research,CommandExecution,,completed,0,1789215904887,1789215904888
28271,2026-09-12T12:25:16.840Z,research,CommandExecution,,completed,0,1789215883746,1789215916840
28274,2026-09-12T12:25:25.096Z,research,AgentMessage,,,,1789215924237,1789215925096
28278,2026-09-12T12:25:26.795Z,research,CommandExecution,,completed,0,1789215926794,1789215926794
28279,2026-09-12T12:25:26.924Z,research,CommandExecution,,completed,0,1789215926923,1789215926924
28293,2026-09-12T12:27:20.614Z,research,FileChange,,completed,,1789216040613,1789216040614
28295,2026-09-12T12:27:21.363Z,research,CommandExecution,,completed,0,1789216040864,1789216041362
28304,2026-09-12T12:27:50.048Z,research,CommandExecution,,completed,0,1789216066935,1789216070048
28307,2026-09-12T12:28:23.663Z,research,CommandExecution,,completed,0,1789216065689,1789216103663
28310,2026-09-12T12:28:30.944Z,research,AgentMessage,,,,1789216109598,1789216110944
28314,2026-09-12T12:28:33.695Z,research,CommandExecution,,completed,0,1789216113681,1789216113694
28315,2026-09-12T12:28:33.721Z,research,CommandExecution,,completed,0,1789216113720,1789216113721
28322,2026-09-12T12:29:21.819Z,research,CommandExecution,,completed,0,1789216161819,1789216161819
28323,2026-09-12T12:29:21.945Z,research,CommandExecution,,completed,0,1789216161944,1789216161945
28328,2026-09-12T12:29:33.003Z,research,AgentMessage,,,,1789216171596,1789216173003
28332,2026-09-12T12:29:41.852Z,research,CommandExecution,,completed,0,1789216181851,1789216181852
28335,2026-09-12T12:29:47.548Z,research,CommandExecution,,completed,0,1789216180729,1789216187547
28340,2026-09-12T12:29:56.631Z,research,CommandExecution,,completed,0,1789216196623,1789216196631
28341,2026-09-12T12:29:56.668Z,research,CommandExecution,,completed,0,1789216196667,1789216196668
28348,2026-09-12T12:30:02.450Z,research,CommandExecution,,completed,0,1789216202449,1789216202450
28354,2026-09-12T12:30:19.970Z,research,CommandExecution,,completed,0,1789216219968,1789216219969
28358,2026-09-12T12:30:21.850Z,research,CommandExecution,,completed,0,1789216220054,1789216221850
28365,2026-09-12T12:30:39.968Z,research,AgentMessage,,,,1789216236152,1789216239968
28373,2026-09-12T12:30:45.201Z,research,AgentMessage,,,,1789216243756,1789216245201
28376,2026-09-12T12:30:50.912Z,research,CommandExecution,,completed,0,1789216250700,1789216250911
28377,2026-09-12T12:30:50.917Z,research,CommandExecution,,completed,0,1789216250882,1789216250912
28378,2026-09-12T12:30:50.920Z,research,CommandExecution,,completed,0,1789216250771,1789216250912
28380,2026-09-12T12:30:50.938Z,research,CommandExecution,,completed,0,1789216250928,1789216250937
28391,2026-09-12T12:32:03.654Z,research,Extension,web.search,,,1789216321872,1789216323653
28392,2026-09-12T12:32:03.825Z,research,CommandExecution,,completed,0,1789216323823,1789216323824
28393,2026-09-12T12:32:03.883Z,research,CommandExecution,,completed,0,1789216323882,1789216323883
28398,2026-09-12T12:32:16.561Z,research,AgentMessage,,,,1789216334462,1789216336561
28401,2026-09-12T12:32:21.218Z,research,CommandExecution,,completed,0,1789216341018,1789216341218
28402,2026-09-12T12:32:21.224Z,research,CommandExecution,,completed,0,1789216341123,1789216341218
28403,2026-09-12T12:32:21.228Z,research,CommandExecution,,completed,0,1789216341177,1789216341219
28405,2026-09-12T12:32:21.247Z,research,CommandExecution,,completed,0,1789216341229,1789216341246
28406,2026-09-12T12:32:24.878Z,research,Extension,web.search,,,1789216341338,1789216344877
28417,2026-09-12T12:33:40.490Z,research,CommandExecution,,completed,0,1789216420489,1789216420490
28418,2026-09-12T12:33:40.611Z,research,CommandExecution,,completed,0,1789216420609,1789216420610
28419,2026-09-12T12:33:42.099Z,research,Extension,web.search,,,1789216420688,1789216422098
28428,2026-09-12T12:34:24.004Z,research,Extension,web.search,,,1789216462582,1789216464003
28429,2026-09-12T12:34:24.145Z,research,CommandExecution,,completed,0,1789216464145,1789216464145
28438,2026-09-12T12:38:12.760Z,research,ContextCompaction,,,,1789216464177,1789216692760
28441,2026-09-12T12:38:18.353Z,research,CommandExecution,,completed,0,1789216698352,1789216698352
28446,2026-09-12T12:38:23.511Z,research,AgentMessage,,,,1789216701553,1789216703511
28450,2026-09-12T12:38:30.947Z,research,Extension,web.search,,,1789216708853,1789216710947
28451,2026-09-12T12:38:31.097Z,research,CommandExecution,,completed,0,1789216711093,1789216711095
28458,2026-09-12T12:38:47.188Z,research,CommandExecution,,failed,2,1789216727183,1789216727187
28459,2026-09-12T12:38:48.612Z,research,Extension,web.search,,,1789216727190,1789216728611
28460,2026-09-12T12:38:48.734Z,research,CommandExecution,,completed,0,1789216727331,1789216728734
28467,2026-09-12T12:39:00.731Z,research,CommandExecution,,completed,0,1789216740591,1789216740730
28468,2026-09-12T12:39:02.062Z,research,Extension,web.search,,,1789216740503,1789216742062
28475,2026-09-12T12:39:12.028Z,research,CommandExecution,,completed,0,1789216752027,1789216752027
28476,2026-09-12T12:39:13.540Z,research,Extension,web.search,,,1789216752004,1789216753539
28483,2026-09-12T12:39:48.521Z,research,CommandExecution,,failed,2,1789216788180,1789216788520
28484,2026-09-12T12:39:49.537Z,research,Extension,web.search,,,1789216788029,1789216789537
28489,2026-09-12T12:40:00.874Z,research,AgentMessage,,,,1789216798958,1789216800874
28493,2026-09-12T12:40:03.823Z,research,ImageView,,,,1789216803823,1789216803823
28494,2026-09-12T12:40:03.989Z,research,CommandExecution,,completed,0,1789216803986,1789216803988
28501,2026-09-12T12:40:15.603Z,research,CommandExecution,,completed,0,1789216815254,1789216815603
28506,2026-09-12T12:40:21.228Z,research,ImageView,,,,1789216821228,1789216821228
28507,2026-09-12T12:40:21.231Z,research,ImageView,,,,1789216821228,1789216821230
28514,2026-09-12T12:41:57.644Z,research,FileChange,,completed,,1789216917638,1789216917644
28523,2026-09-12T12:42:09.270Z,research,CommandExecution,,completed,0,1789216926303,1789216929270
28528,2026-09-12T12:42:59.184Z,research,CommandExecution,,completed,0,1789216979183,1789216979184
28535,2026-09-12T12:43:35.968Z,research,CommandExecution,,completed,0,1789217015967,1789217015968
28540,2026-09-12T12:43:43.911Z,research,AgentMessage,,,,1789217021811,1789217023911
28546,2026-09-12T12:44:02.470Z,research,CommandExecution,,completed,0,1789217042469,1789217042469
28551,2026-09-12T12:44:20.619Z,research,CommandExecution,,completed,0,1789217060571,1789217060619
28558,2026-09-12T12:44:34.342Z,research,CommandExecution,,completed,0,1789217074247,1789217074341
28563,2026-09-12T12:44:38.898Z,research,CommandExecution,,completed,0,1789217078897,1789217078898
28568,2026-09-12T12:44:49.136Z,research,CommandExecution,,completed,0,1789217089016,1789217089136
28573,2026-09-12T12:45:09.929Z,research,AgentMessage,,,,1789217107432,1789217109929
28581,2026-09-12T12:45:14.770Z,research,AgentMessage,,,,1789217113315,1789217114770
28585,2026-09-12T12:45:20.196Z,research,CommandExecution,,completed,0,1789217120194,1789217120195
28592,2026-09-12T12:45:31.201Z,research,CommandExecution,,completed,0,1789217131199,1789217131200
28593,2026-09-12T12:45:32.601Z,research,Extension,web.search,,,1789217131216,1789217132600
28600,2026-09-12T12:45:53.576Z,research,CommandExecution,,completed,0,1789217153575,1789217153576
28601,2026-09-12T12:45:55.008Z,research,Extension,web.search,,,1789217153525,1789217155007
28608,2026-09-12T12:46:21.085Z,research,CommandExecution,,completed,0,1789217181054,1789217181084
28609,2026-09-12T12:46:22.543Z,research,Extension,web.search,,,1789217181079,1789217182543
28616,2026-09-12T12:46:33.486Z,research,Extension,web.search,,,1789217192097,1789217193485
28621,2026-09-12T12:46:40.161Z,research,AgentMessage,,,,1789217198040,1789217200161
28625,2026-09-12T12:46:45.780Z,research,Extension,web.search,,,1789217204125,1789217205780
28632,2026-09-12T12:46:59.496Z,research,CommandExecution,,completed,0,1789217219495,1789217219495
28633,2026-09-12T12:47:01.236Z,research,Extension,web.search,,,1789217219467,1789217221236
28640,2026-09-12T12:47:17.264Z,research,Extension,web.search,,,1789217235769,1789217237263
28641,2026-09-12T12:47:17.838Z,research,CommandExecution,,completed,0,1789217237516,1789217237838
28662,2026-09-12T12:50:12.132Z,research,CommandExecution,,completed,0,1789217412132,1789217412132
28667,2026-09-12T12:50:19.338Z,research,AgentMessage,,,,1789217416628,1789217419338
28670,2026-09-12T12:51:16.396Z,research,FileChange,,completed,,1789217476394,1789217476396
28678,2026-09-12T12:51:38.919Z,research,CommandExecution,,completed,0,1789217498917,1789217498918
28689,2026-09-12T12:53:00.830Z,research,CommandExecution,,completed,0,1789217580829,1789217580830
28690,2026-09-12T12:53:02.576Z,research,Extension,web.search,,,1789217580755,1789217582575
28697,2026-09-12T12:53:27.471Z,research,CommandExecution,,completed,0,1789217607469,1789217607470
28700,2026-09-12T12:53:44.228Z,research,CommandExecution,,completed,0,1789217476655,1789217624227
28709,2026-09-12T12:54:29.358Z,research,CommandExecution,,completed,0,1789217669357,1789217669358
28716,2026-09-12T12:54:43.506Z,research,CommandExecution,,completed,0,1789217683505,1789217683505
28722,2026-09-12T12:55:10.462Z,research,FileChange,,completed,,1789217710461,1789217710462
28726,2026-09-12T12:55:17.251Z,research,CommandExecution,,completed,0,1789217710707,1789217717250
28731,2026-09-12T12:55:27.545Z,research,CommandExecution,,completed,0,1789217727544,1789217727545
28738,2026-09-12T12:55:38.506Z,research,CommandExecution,,completed,0,1789217738505,1789217738505
28743,2026-09-12T12:55:43.585Z,research,AgentMessage,,,,1789217741276,1789217743585
28747,2026-09-12T12:55:46.893Z,research,CommandExecution,,failed,2,1789217746892,1789217746893
28756,2026-09-12T12:57:01.750Z,research,FileChange,,completed,,1789217821749,1789217821750
28759,2026-09-12T12:57:07.387Z,research,CommandExecution,,completed,0,1789217821995,1789217827386
28766,2026-09-12T12:57:34.353Z,research,CommandExecution,,completed,0,1789217854352,1789217854353
28776,2026-09-12T12:59:25.528Z,research,FileChange,,completed,,1789217965527,1789217965528
28778,2026-09-12T12:59:26.540Z,research,CommandExecution,,completed,0,1789217965778,1789217966540
28785,2026-09-12T12:59:39.530Z,research,CommandExecution,,completed,0,1789217979530,1789217979530
28790,2026-09-12T13:00:14.860Z,research,AgentMessage,,,,1789218014727,1789218014860
28793,2026-09-12T13:00:14.896Z,research,FileChange,,completed,,1789218014895,1789218014896
28795,2026-09-12T13:00:16.310Z,research,CommandExecution,,completed,0,1789218016309,1789218016310
28798,2026-09-12T13:00:16.797Z,research,CommandExecution,,completed,0,1789218015143,1789218016797
28809,2026-09-12T13:01:30.225Z,research,CommandExecution,,completed,0,1789218090224,1789218090225
28810,2026-09-12T13:01:31.677Z,research,Extension,web.search,,,1789218090095,1789218091676
28820,2026-09-12T13:02:54.015Z,research,FileChange,,completed,,1789218174012,1789218174015
28824,2026-09-12T13:02:55.773Z,research,CommandExecution,,completed,0,1789218174262,1789218175773
28831,2026-09-12T13:04:37.600Z,research,FileChange,,completed,,1789218277595,1789218277597
28838,2026-09-12T13:04:56.522Z,research,CommandExecution,,completed,0,1789218296521,1789218296522
28847,2026-09-12T13:05:39.469Z,research,CommandExecution,,completed,0,1789218339468,1789218339469
28855,2026-09-12T13:07:11.833Z,research,FileChange,,completed,,1789218431831,1789218431833
28857,2026-09-12T13:07:12.326Z,research,CommandExecution,,completed,0,1789218432078,1789218432326
28864,2026-09-12T13:07:36.041Z,research,ImageView,,,,1789218456041,1789218456041
28865,2026-09-12T13:07:36.174Z,research,CommandExecution,,completed,0,1789218456173,1789218456174
28871,2026-09-12T13:09:16.392Z,research,FileChange,,completed,,1789218556391,1789218556392
28875,2026-09-12T13:09:25.626Z,research,CommandExecution,,completed,0,1789218556658,1789218565626
28878,2026-09-12T13:09:28.914Z,research,AgentMessage,,,,1789218566217,1789218568914
28882,2026-09-12T13:09:31.894Z,research,CommandExecution,,completed,0,1789218571893,1789218571894
28888,2026-09-12T13:09:49.290Z,research,CommandExecution,,completed,0,1789218589288,1789218589289
28896,2026-09-12T13:10:13.885Z,research,CommandExecution,,completed,0,1789218613884,1789218613885
28901,2026-09-12T13:10:31.721Z,research,AgentMessage,,,,1789218630011,1789218631721
28905,2026-09-12T13:10:34.195Z,research,CommandExecution,,completed,0,1789218634193,1789218634194
28912,2026-09-12T13:10:41.853Z,research,CommandExecution,,completed,0,1789218641852,1789218641853
28927,2026-09-12T13:12:27.918Z,research,CommandExecution,,completed,0,1789218747870,1789218747915
28936,2026-09-12T13:13:08.804Z,research,CommandExecution,,completed,0,1789218788397,1789218788803
28941,2026-09-12T13:13:13.217Z,research,CommandExecution,,completed,0,1789218684568,1789218793216
28944,2026-09-12T13:13:21.207Z,research,CommandExecution,,completed,0,1789218800892,1789218801207
28951,2026-09-12T13:13:28.035Z,research,CommandExecution,,completed,0,1789218808034,1789218808034
28956,2026-09-12T13:13:55.626Z,research,AgentMessage,,,,1789218831226,1789218835626
28964,2026-09-12T13:14:03.822Z,research,AgentMessage,,,,1789218841482,1789218843822
28968,2026-09-12T13:14:10.286Z,research,CommandExecution,,failed,1,1789218850284,1789218850285
28977,2026-09-12T13:17:25.383Z,research,ContextCompaction,,,,1789218850328,1789219045383
28980,2026-09-12T13:17:32.276Z,research,AgentMessage,,,,1789219049830,1789219052276
28984,2026-09-12T13:17:33.647Z,research,CommandExecution,,completed,0,1789219053646,1789219053647
28989,2026-09-12T13:17:42.874Z,research,CommandExecution,,completed,0,1789219062872,1789219062873
28990,2026-09-12T13:17:42.898Z,research,CommandExecution,,completed,0,1789219062890,1789219062898
28991,2026-09-12T13:17:43.128Z,research,CommandExecution,,failed,1,1789219063050,1789219063127
28998,2026-09-12T13:18:00.441Z,research,CommandExecution,,completed,0,1789219080434,1789219080438
28999,2026-09-12T13:18:00.479Z,research,CommandExecution,,completed,0,1789219080479,1789219080479
29000,2026-09-12T13:18:00.509Z,research,CommandExecution,,completed,0,1789219080506,1789219080508
29005,2026-09-12T13:18:17.868Z,research,AgentMessage,,,,1789219095534,1789219097867
29009,2026-09-12T13:18:25.369Z,research,CommandExecution,,completed,0,1789219105366,1789219105368
29010,2026-09-12T13:18:25.423Z,research,CommandExecution,,completed,0,1789219105422,1789219105423
29013,2026-09-12T13:18:30.145Z,research,CommandExecution,,completed,0,1789219105487,1789219110145
29018,2026-09-12T13:18:36.640Z,research,CommandExecution,,completed,0,1789219116638,1789219116639
29025,2026-09-12T13:19:09.178Z,research,CommandExecution,,failed,1,1789219149176,1789219149177
29031,2026-09-12T13:20:02.960Z,research,FileChange,,completed,,1789219202958,1789219202959
29033,2026-09-12T13:20:03.789Z,research,CommandExecution,,completed,0,1789219203217,1789219203789
29039,2026-09-12T13:21:10.579Z,research,FileChange,,completed,,1789219270577,1789219270579
29045,2026-09-12T13:21:20.771Z,research,AgentMessage,,,,1789219279227,1789219280771
29051,2026-09-12T13:22:17.988Z,research,CommandExecution,,completed,0,1789219337987,1789219337988
29058,2026-09-12T13:22:31.084Z,research,CommandExecution,,completed,0,1789219351084,1789219351084
29059,2026-09-12T13:22:31.108Z,research,CommandExecution,,completed,0,1789219351107,1789219351108
29068,2026-09-12T13:23:05.196Z,research,CommandExecution,,completed,0,1789219270834,1789219385196
29072,2026-09-12T13:24:26.876Z,research,FileChange,,completed,,1789219466875,1789219466876
29074,2026-09-12T13:24:27.068Z,research,CommandExecution,,completed,0,1789219467067,1789219467068
29083,2026-09-12T13:24:40.578Z,research,CommandExecution,,completed,0,1789219474527,1789219480578
29086,2026-09-12T13:24:56.208Z,research,AgentMessage,,,,1789219494535,1789219496208
29090,2026-09-12T13:24:59.156Z,research,CommandExecution,,completed,0,1789219499155,1789219499156
29097,2026-09-12T13:26:47.981Z,research,FileChange,,completed,,1789219607975,1789219607981
29106,2026-09-12T13:27:06.260Z,research,CommandExecution,,completed,0,1789219620149,1789219626260
29111,2026-09-12T13:27:53.520Z,research,FileChange,,completed,,1789219673515,1789219673520
29114,2026-09-12T13:27:56.830Z,research,CommandExecution,,completed,0,1789219673780,1789219676830
29121,2026-09-12T13:28:22.444Z,research,CommandExecution,,completed,0,1789219693238,1789219702444
29124,2026-09-12T13:28:52.128Z,research,AgentMessage,,,,1789219728357,1789219732128
29142,2026-09-12T13:30:18.687Z,research,CommandExecution,,completed,0,1789219775572,1789219818686
29143,2026-09-12T13:30:18.857Z,research,CommandExecution,,completed,0,1789219818855,1789219818856
29152,2026-09-12T13:30:35.103Z,research,CommandExecution,,completed,0,1789219828556,1789219835102
29157,2026-09-12T13:31:07.048Z,research,CommandExecution,,completed,0,1789219867047,1789219867048
29164,2026-09-12T13:31:31.695Z,research,CommandExecution,,completed,0,1789219891695,1789219891695
29167,2026-09-12T13:31:41.116Z,research,AgentMessage,,,,1789219898248,1789219901116
29175,2026-09-12T13:31:46.500Z,research,AgentMessage,,,,1789219904412,1789219906500
29179,2026-09-12T13:31:49.663Z,research,CommandExecution,,completed,0,1789219909662,1789219909662
29180,2026-09-12T13:31:49.706Z,research,CommandExecution,,completed,0,1789219909704,1789219909705
29187,2026-09-12T13:32:01.217Z,research,CommandExecution,,completed,0,1789219921189,1789219921211
29188,2026-09-12T13:32:01.221Z,research,CommandExecution,,completed,0,1789219921098,1789219921211
29189,2026-09-12T13:32:01.242Z,research,CommandExecution,,completed,0,1789219921240,1789219921241
29196,2026-09-12T13:32:08.479Z,research,CommandExecution,,completed,0,1789219928478,1789219928479
29203,2026-09-12T13:32:47.238Z,research,CommandExecution,,failed,1,1789219967232,1789219967237
29204,2026-09-12T13:32:47.270Z,research,CommandExecution,,failed,1,1789219967269,1789219967270
29211,2026-09-12T13:32:57.300Z,research,CommandExecution,,completed,0,1789219977299,1789219977299
29212,2026-09-12T13:32:58.805Z,research,Extension,web.search,,,1789219977278,1789219978804
29217,2026-09-12T13:33:19.169Z,research,AgentMessage,,,,1789219997266,1789219999169
29221,2026-09-12T13:33:23.642Z,research,CommandExecution,,completed,0,1789220003610,1789220003641
29222,2026-09-12T13:33:25.162Z,research,Extension,web.search,,,1789220003636,1789220005161
29229,2026-09-12T13:33:40.300Z,research,CommandExecution,,failed,1,1789220020299,1789220020300
29230,2026-09-12T13:33:41.689Z,research,Extension,web.search,,,1789220020264,1789220021688
29245,2026-09-12T13:35:32.504Z,research,CommandExecution,,completed,0,1789220132503,1789220132504
29246,2026-09-12T13:35:34.036Z,research,Extension,web.search,,,1789220132480,1789220134035
29253,2026-09-12T13:36:00.879Z,research,CommandExecution,,completed,0,1789220160877,1789220160878
29260,2026-09-12T13:36:29.530Z,research,CommandExecution,,completed,0,1789220189528,1789220189529
29261,2026-09-12T13:36:30.958Z,research,Extension,web.search,,,1789220189486,1789220190957
29276,2026-09-12T13:39:00.469Z,research,CommandExecution,,completed,0,1789220340468,1789220340468
29282,2026-09-12T13:39:42.622Z,research,FileChange,,completed,,1789220382621,1789220382622
29290,2026-09-12T13:39:52.551Z,research,CommandExecution,,completed,0,1789220392549,1789220392550
29297,2026-09-12T13:40:21.568Z,research,CommandExecution,,completed,0,1789220421562,1789220421568
29298,2026-09-12T13:40:21.646Z,research,CommandExecution,,completed,0,1789220421645,1789220421646
29307,2026-09-12T13:41:04.904Z,research,CommandExecution,,completed,0,1789220464902,1789220464903
29312,2026-09-12T13:41:16.864Z,research,AgentMessage,,,,1789220473948,1789220476864
29318,2026-09-12T13:41:43.731Z,research,CommandExecution,,completed,0,1789220503731,1789220503731
29319,2026-09-12T13:41:43.772Z,research,CommandExecution,,completed,0,1789220503770,1789220503771
29326,2026-09-12T13:42:01.276Z,research,CommandExecution,,completed,0,1789220521276,1789220521276
29331,2026-09-12T13:42:42.923Z,research,CommandExecution,,completed,0,1789220382881,1789220562923
29340,2026-09-12T13:43:55.215Z,research,AgentMessage,,,,1789220632178,1789220635215
29344,2026-09-12T13:44:00.153Z,research,CommandExecution,,completed,0,1789220640152,1789220640153
29345,2026-09-12T13:44:03.509Z,research,Extension,web.search,,,1789220640073,1789220643509
29358,2026-09-12T13:45:36.082Z,research,CommandExecution,,completed,0,1789220735827,1789220736082
29363,2026-09-12T13:45:43.708Z,research,ImageView,,,,1789220743707,1789220743708
29364,2026-09-12T13:45:45.478Z,research,Extension,web.search,,,1789220743791,1789220745477
29375,2026-09-12T13:48:17.417Z,research,FileChange,,completed,,1789220897415,1789220897417
29384,2026-09-12T13:50:25.763Z,research,FileChange,,completed,,1789221025761,1789221025763
29387,2026-09-12T13:50:27.654Z,research,CommandExecution,,completed,0,1789221026016,1789221027653
29394,2026-09-12T13:51:09.731Z,research,CommandExecution,,completed,0,1789221069730,1789221069731
29395,2026-09-12T13:51:11.531Z,research,Extension,web.search,,,1789221069602,1789221071530
29404,2026-09-12T13:51:30.079Z,research,CommandExecution,,completed,0,1789221088236,1789221090078
29411,2026-09-12T13:52:33.241Z,research,AgentMessage,,,,1789221150706,1789221153241
29414,2026-09-12T13:52:44.216Z,research,CommandExecution,,completed,0,1789221164200,1789221164216
29416,2026-09-12T13:52:44.948Z,research,CommandExecution,,completed,0,1789221164361,1789221164948
29425,2026-09-12T13:54:59.729Z,research,FileChange,,completed,,1789221299722,1789221299729
29434,2026-09-12T13:58:06.059Z,research,ContextCompaction,,,,1789221299750,1789221486059
29437,2026-09-12T13:58:11.054Z,research,AgentMessage,,,,1789221489305,1789221491054
29441,2026-09-12T13:58:13.662Z,research,CommandExecution,,failed,1,1789221493661,1789221493661
29446,2026-09-12T13:58:19.932Z,research,CommandExecution,,completed,0,1789221499931,1789221499932
29447,2026-09-12T13:58:20.053Z,research,CommandExecution,,completed,0,1789221500052,1789221500053
29454,2026-09-12T13:58:27.770Z,research,CommandExecution,,completed,0,1789221507756,1789221507770
29455,2026-09-12T13:58:27.813Z,research,CommandExecution,,completed,0,1789221507811,1789221507812
29462,2026-09-12T13:58:38.207Z,research,CommandExecution,,completed,0,1789221518188,1789221518206
29463,2026-09-12T13:58:38.286Z,research,CommandExecution,,completed,0,1789221518285,1789221518286
29468,2026-09-12T13:58:46.514Z,research,AgentMessage,,,,1789221523441,1789221526514
29472,2026-09-12T13:59:31.858Z,research,FileChange,,completed,,1789221571856,1789221571857
29473,2026-09-12T13:59:32.108Z,research,CommandExecution,,completed,0,1789221572107,1789221572107
29482,2026-09-12T14:00:01.886Z,research,CommandExecution,,completed,0,1789221598179,1789221601886
29487,2026-09-12T14:00:06.422Z,research,CommandExecution,,completed,0,1789221606421,1789221606422
29494,2026-09-12T14:00:49.880Z,research,CommandExecution,,completed,0,1789221649861,1789221649880
29501,2026-09-12T14:01:03.030Z,research,CommandExecution,,completed,0,1789221662844,1789221663030
29506,2026-09-12T14:01:13.791Z,research,AgentMessage,,,,1789221672291,1789221673791
29510,2026-09-12T14:01:17.698Z,research,CommandExecution,,failed,1,1789221677697,1789221677698
29517,2026-09-12T14:01:59.244Z,research,CommandExecution,,completed,0,1789221719143,1789221719244
29524,2026-09-12T14:02:44.096Z,research,FileChange,,completed,,1789221764095,1789221764096
29525,2026-09-12T14:02:44.344Z,research,CommandExecution,,completed,0,1789221764343,1789221764343
29532,2026-09-12T14:03:25.977Z,research,CommandExecution,,completed,0,1789221805915,1789221805977
29537,2026-09-12T14:03:42.217Z,research,AgentMessage,,,,1789221819839,1789221822217
29545,2026-09-12T14:03:46.475Z,research,AgentMessage,,,,1789221824925,1789221826475
29549,2026-09-12T14:03:49.608Z,research,CommandExecution,,completed,0,1789221829606,1789221829607
29556,2026-09-12T14:03:58.840Z,research,CommandExecution,,completed,0,1789221838831,1789221838839
29557,2026-09-12T14:03:58.923Z,research,CommandExecution,,completed,0,1789221838919,1789221838921
29564,2026-09-12T14:04:07.874Z,research,CommandExecution,,completed,0,1789221847872,1789221847873
29565,2026-09-12T14:04:08.021Z,research,CommandExecution,,completed,0,1789221848020,1789221848021
29574,2026-09-12T14:04:53.761Z,research,CommandExecution,,completed,0,1789221893760,1789221893761
29575,2026-09-12T14:04:55.235Z,research,Extension,web.search,,,1789221893836,1789221895234
29588,2026-09-12T14:07:15.779Z,research,AgentMessage,,,,1789222032901,1789222035779
29592,2026-09-12T14:07:21.626Z,research,CommandExecution,,completed,0,1789222041625,1789222041626
29593,2026-09-12T14:07:23.426Z,research,Extension,web.search,,,1789222041556,1789222043425
29608,2026-09-12T14:09:31.124Z,research,CommandExecution,,completed,0,1789222171122,1789222171123
29617,2026-09-12T14:10:29.119Z,research,Extension,web.search,,,1789222227564,1789222229119
29618,2026-09-12T14:10:29.280Z,research,CommandExecution,,completed,0,1789222229280,1789222229280
29627,2026-09-12T14:11:16.430Z,research,CommandExecution,,completed,0,1789222276428,1789222276429
29644,2026-09-12T14:13:50.030Z,research,Extension,web.search,,,1789222428478,1789222430029
29645,2026-09-12T14:13:50.174Z,research,CommandExecution,,completed,0,1789222430173,1789222430173
29660,2026-09-12T14:16:07.761Z,research,AgentMessage,,,,1789222565542,1789222567761
29664,2026-09-12T14:17:15.341Z,research,FileChange,,completed,,1789222635337,1789222635340
29671,2026-09-12T14:18:03.602Z,research,FileChange,,completed,,1789222683601,1789222683602
29674,2026-09-12T14:18:05.617Z,research,CommandExecution,,failed,1,1789222683861,1789222685617
29685,2026-09-12T14:18:46.042Z,research,CommandExecution,,completed,0,1789222726042,1789222726042
29686,2026-09-12T14:18:46.059Z,research,FileChange,,completed,,1789222726057,1789222726058
29689,2026-09-12T14:18:48.014Z,research,CommandExecution,,failed,1,1789222726303,1789222728014
29696,2026-09-12T14:20:46.742Z,research,FileChange,,completed,,1789222846741,1789222846742
29703,2026-09-12T14:21:14.559Z,research,CommandExecution,,completed,0,1789222874558,1789222874559
29704,2026-09-12T14:21:14.579Z,research,FileChange,,completed,,1789222874575,1789222874579
29707,2026-09-12T14:21:16.576Z,research,CommandExecution,,failed,1,1789222874822,1789222876576
29710,2026-09-12T14:21:21.333Z,research,AgentMessage,,,,1789222878995,1789222881333
29716,2026-09-12T14:21:41.709Z,research,CommandExecution,,failed,1,1789222901568,1789222901708
29723,2026-09-12T14:22:09.240Z,research,CommandExecution,,completed,0,1789222929239,1789222929240
29724,2026-09-12T14:22:09.257Z,research,FileChange,,completed,,1789222929255,1789222929257
29727,2026-09-12T14:22:11.420Z,research,CommandExecution,,failed,1,1789222929505,1789222931420
29733,2026-09-12T14:22:52.671Z,research,FileChange,,completed,,1789222972667,1789222972670
29741,2026-09-12T14:23:37.058Z,research,CommandExecution,,completed,0,1789223017058,1789223017058
29742,2026-09-12T14:23:37.084Z,research,FileChange,,completed,,1789223017082,1789223017084
29745,2026-09-12T14:23:39.409Z,research,CommandExecution,,completed,0,1789223017330,1789223019409
29750,2026-09-12T14:23:59.941Z,research,CommandExecution,,failed,1,1789223039940,1789223039941
29757,2026-09-12T14:24:13.858Z,research,CommandExecution,,completed,0,1789223053642,1789223053858
29758,2026-09-12T14:24:13.895Z,research,ImageView,,,,1789223053895,1789223053895
29765,2026-09-12T14:25:04.421Z,research,AgentMessage,,,,1789223101663,1789223104421
29769,2026-09-12T14:26:12.819Z,research,CommandExecution,,failed,1,1789223172818,1789223172819
29770,2026-09-12T14:26:12.839Z,research,FileChange,,completed,,1789223172836,1789223172838
29777,2026-09-12T14:26:21.603Z,research,CommandExecution,,completed,0,1789223181602,1789223181603
29782,2026-09-12T14:26:52.910Z,research,AgentMessage,,,,1789223210364,1789223212910
29788,2026-09-12T14:27:14.746Z,research,CommandExecution,,completed,0,1789223234744,1789223234745
29795,2026-09-12T14:28:11.591Z,research,CommandExecution,,completed,0,1789223291589,1789223291590
29804,2026-09-12T14:29:32.282Z,research,FileChange,,completed,,1789223372277,1789223372280
29805,2026-09-12T14:29:32.693Z,research,CommandExecution,,completed,0,1789223372539,1789223372690
29814,2026-09-12T14:30:15.718Z,research,CommandExecution,,completed,0,1789223413441,1789223415717
29819,2026-09-12T14:31:10.667Z,research,CommandExecution,,completed,0,1789223470666,1789223470667
29826,2026-09-12T14:31:41.927Z,research,CommandExecution,,completed,0,1789223501273,1789223501927
29831,2026-09-12T14:32:03.017Z,research,AgentMessage,,,,1789223519220,1789223523017
29841,2026-09-12T14:32:32.908Z,research,AgentMessage,,,,1789223550525,1789223552908
29845,2026-09-12T14:32:38.294Z,research,CommandExecution,,completed,0,1789223558288,1789223558294
29854,2026-09-12T14:33:36.835Z,research,CommandExecution,,failed,1,1789223616833,1789223616834
29863,2026-09-12T14:34:16.382Z,research,CommandExecution,,completed,0,1789223656380,1789223656381
29864,2026-09-12T14:34:18.255Z,research,Extension,web.search,,,1789223656463,1789223658254
29887,2026-09-12T14:38:34.169Z,research,CommandExecution,,completed,0,1789223914168,1789223914168
29888,2026-09-12T14:38:37.021Z,research,Extension,web.search,,,1789223914239,1789223917019
29895,2026-09-12T14:39:28.299Z,research,AgentMessage,,,,1789223966128,1789223968299
29899,2026-09-12T14:39:34.579Z,research,Extension,web.search,,,1789223972400,1789223974578
29900,2026-09-12T14:39:34.768Z,research,CommandExecution,,completed,0,1789223974767,1789223974768
29919,2026-09-12T14:43:15.622Z,research,CommandExecution,,completed,0,1789224195621,1789224195622
29920,2026-09-12T14:43:15.639Z,research,FileChange,,completed,,1789224195638,1789224195639
29928,2026-09-12T14:44:59.133Z,research,FileChange,,completed,,1789224299130,1789224299133
29932,2026-09-12T14:45:01.446Z,research,CommandExecution,,completed,0,1789224299391,1789224301446
29948,2026-09-12T14:47:50.792Z,research,FileChange,,completed,,1789224470791,1789224470791
29952,2026-09-12T14:51:02.501Z,research,CommandExecution,,completed,0,1789224471049,1789224662501
29959,2026-09-12T14:51:02.889Z,research,ContextCompaction,,,,1789224472068,1789224662889
29962,2026-09-12T14:51:08.125Z,research,AgentMessage,,,,1789224667255,1789224668125
29966,2026-09-12T14:51:12.348Z,research,CommandExecution,,completed,0,1789224672347,1789224672348
29967,2026-09-12T14:51:12.482Z,research,CommandExecution,,completed,0,1789224672480,1789224672481
29972,2026-09-12T14:51:29.326Z,research,CommandExecution,,completed,0,1789224689298,1789224689323
29973,2026-09-12T14:51:29.389Z,research,CommandExecution,,completed,0,1789224689388,1789224689389
29980,2026-09-12T14:51:41.247Z,research,CommandExecution,,completed,0,1789224701244,1789224701246
29981,2026-09-12T14:51:41.268Z,research,CommandExecution,,completed,0,1789224701268,1789224701268
29982,2026-09-12T14:51:41.304Z,research,CommandExecution,,failed,2,1789224701303,1789224701304
29987,2026-09-12T14:51:53.242Z,research,AgentMessage,,,,1789224711151,1789224713242
29991,2026-09-12T14:52:11.806Z,research,CommandExecution,,completed,0,1789224731804,1789224731805
29992,2026-09-12T14:52:12.075Z,research,CommandExecution,,completed,0,1789224732074,1789224732074
29993,2026-09-12T14:52:12.265Z,research,CommandExecution,,completed,0,1789224732264,1789224732265
30000,2026-09-12T14:52:34.082Z,research,ImageView,,,,1789224754033,1789224754079
30001,2026-09-12T14:52:35.871Z,research,CommandExecution,,completed,0,1789224754172,1789224755870
30002,2026-09-12T14:52:36.199Z,research,Extension,web.search,,,1789224754079,1789224756198
30009,2026-09-12T14:52:47.168Z,research,CommandExecution,,completed,0,1789224766871,1789224767168
30010,2026-09-12T14:52:48.124Z,research,Extension,web.search,,,1789224766726,1789224768123
30017,2026-09-12T14:53:00.359Z,research,Extension,web.search,,,1789224778594,1789224780359
30018,2026-09-12T14:53:00.395Z,research,ImageView,,,,1789224780395,1789224780395
30025,2026-09-12T14:53:26.326Z,research,Extension,web.search,,,1789224804800,1789224806326
30026,2026-09-12T14:53:26.487Z,research,CommandExecution,,failed,2,1789224806486,1789224806487
30031,2026-09-12T14:53:56.850Z,research,AgentMessage,,,,1789224833762,1789224836850
30035,2026-09-12T14:54:00.366Z,research,CommandExecution,,completed,0,1789224840362,1789224840364
30036,2026-09-12T14:54:01.922Z,research,Extension,web.search,,,1789224840450,1789224841922
30043,2026-09-12T14:55:31.721Z,research,FileChange,,completed,,1789224931720,1789224931721
30050,2026-09-12T14:56:10.674Z,research,CommandExecution,,failed,1,1789224970028,1789224970674
30053,2026-09-12T14:56:12.444Z,research,CommandExecution,,completed,0,1789224968782,1789224972443
30058,2026-09-12T14:56:24.933Z,research,CommandExecution,,completed,0,1789224984587,1789224984933
30059,2026-09-12T14:56:25.837Z,research,Extension,web.search,,,1789224984453,1789224985837
30066,2026-09-12T14:56:41.119Z,research,Extension,web.search,,,1789224999535,1789225001119
30067,2026-09-12T14:56:41.310Z,research,CommandExecution,,completed,0,1789225001310,1789225001310
30074,2026-09-12T14:58:32.001Z,research,FileChange,,completed,,1789225111999,1789225112001
30081,2026-09-12T14:58:55.639Z,research,CommandExecution,,completed,0,1789225135638,1789225135639
30082,2026-09-12T14:58:55.643Z,research,CommandExecution,,completed,0,1789225135638,1789225135639
30087,2026-09-12T14:59:12.226Z,research,AgentMessage,,,,1789225147324,1789225152226
30091,2026-09-12T14:59:13.359Z,research,CommandExecution,,completed,0,1789225153345,1789225153354
30098,2026-09-12T15:01:24.068Z,research,FileChange,,completed,,1789225284066,1789225284068
30105,2026-09-12T15:01:54.749Z,research,FileChange,,completed,,1789225314746,1789225314749
30106,2026-09-12T15:01:55.022Z,research,CommandExecution,,completed,0,1789225315005,1789225315022
30113,2026-09-12T15:02:27.858Z,research,CommandExecution,,completed,0,1789225347857,1789225347858
30116,2026-09-12T15:02:46.921Z,research,CommandExecution,,completed,0,1789225348102,1789225366921
30129,2026-09-12T15:03:44.581Z,research,CommandExecution,,completed,0,1789225424580,1789225424581
30132,2026-09-12T15:03:46.213Z,research,CommandExecution,,failed,1,1789225424821,1789225426213
30139,2026-09-12T15:04:40.082Z,research,CommandExecution,,completed,0,1789225480082,1789225480082
30148,2026-09-12T15:05:03.393Z,research,CommandExecution,,completed,0,1789225502214,1789225503393
30159,2026-09-12T15:06:00.048Z,research,AgentMessage,,,,1789225558353,1789225560048
30172,2026-09-12T15:08:16.557Z,research,FileChange,,completed,,1789225696555,1789225696556
30174,2026-09-12T15:08:16.827Z,research,CommandExecution,,completed,0,1789225696819,1789225696827
30189,2026-09-12T15:10:24.565Z,research,AgentMessage,,,,1789225822924,1789225824564
30193,2026-09-12T15:10:28.530Z,research,CommandExecution,,completed,0,1789225828529,1789225828530
30194,2026-09-12T15:10:30.152Z,research,Extension,web.search,,,1789225828603,1789225830152
30201,2026-09-12T15:10:42.574Z,research,CommandExecution,,completed,0,1789225842573,1789225842573
30213,2026-09-12T15:12:57.399Z,research,FileChange,,completed,,1789225977397,1789225977399
30217,2026-09-12T15:12:59.434Z,research,CommandExecution,,completed,0,1789225977663,1789225979434
30226,2026-09-12T15:14:56.464Z,research,FileChange,,completed,,1789226096463,1789226096464
30235,2026-09-12T15:15:18.500Z,research,CommandExecution,,completed,0,1789226117154,1789226118500
30238,2026-09-12T15:15:27.557Z,research,AgentMessage,,,,1789226126127,1789226127557
30245,2026-09-12T15:17:23.414Z,research,FileChange,,completed,,1789226243411,1789226243414
30253,2026-09-12T15:17:39.448Z,research,Extension,web.search,,,1789226257688,1789226259448
30254,2026-09-12T15:17:39.601Z,research,CommandExecution,,completed,0,1789226259600,1789226259600
30260,2026-09-12T15:19:38.797Z,research,FileChange,,completed,,1789226378794,1789226378797
30262,2026-09-12T15:19:38.998Z,research,CommandExecution,,completed,0,1789226378997,1789226378998
30267,2026-09-12T15:19:44.737Z,research,AgentMessage,,,,1789226383059,1789226384737
30273,2026-09-12T15:20:21.063Z,research,CommandExecution,,completed,0,1789226421062,1789226421063
30276,2026-09-12T15:20:24.656Z,research,CommandExecution,,completed,0,1789226421305,1789226424656
30281,2026-09-12T15:21:12.500Z,research,CommandExecution,,completed,0,1789226472499,1789226472500
30290,2026-09-12T15:21:39.689Z,research,CommandExecution,,completed,0,1789226498417,1789226499689
30295,2026-09-12T15:21:53.962Z,research,CommandExecution,,completed,0,1789226513962,1789226513962
30298,2026-09-12T15:21:59.823Z,research,AgentMessage,,,,1789226517557,1789226519823
30306,2026-09-12T15:22:03.852Z,research,AgentMessage,,,,1789226522447,1789226523852
30310,2026-09-12T15:22:10.413Z,research,CommandExecution,,completed,0,1789226530411,1789226530412
30311,2026-09-12T15:22:10.688Z,research,CommandExecution,,completed,0,1789226530684,1789226530686
30326,2026-09-12T15:24:09.644Z,research,CommandExecution,,completed,0,1789226649642,1789226649643
30341,2026-09-12T15:26:26.836Z,research,AgentMessage,,,,1789226785451,1789226786836
30345,2026-09-12T15:26:32.740Z,research,Extension,web.search,,,1789226791192,1789226792739
30346,2026-09-12T15:26:32.961Z,research,CommandExecution,,completed,0,1789226792959,1789226792960
30379,2026-09-12T15:32:04.276Z,research,CommandExecution,,completed,0,1789227124275,1789227124276
30380,2026-09-12T15:32:05.854Z,research,Extension,web.search,,,1789227124347,1789227125853
30405,2026-09-12T15:36:03.179Z,research,Extension,web.search,,,1789227361616,1789227363178
30406,2026-09-12T15:36:03.373Z,research,CommandExecution,,completed,0,1789227363372,1789227363373
30415,2026-09-12T15:36:54.004Z,research,Extension,web.search,,,1789227412130,1789227414003
30430,2026-09-12T15:38:38.349Z,research,Extension,web.search,,,1789227516551,1789227518348
30439,2026-09-12T15:41:55.006Z,research,ContextCompaction,,,,1789227518382,1789227715006
30442,2026-09-12T15:41:59.523Z,research,AgentMessage,,,,1789227718405,1789227719523
30446,2026-09-12T15:42:01.923Z,research,CommandExecution,,completed,0,1789227721918,1789227721920
30453,2026-09-12T15:42:34.368Z,research,CommandExecution,,completed,0,1789227754367,1789227754368
30454,2026-09-12T15:42:35.639Z,research,Extension,web.search,,,1789227754347,1789227755638
30461,2026-09-12T15:43:14.827Z,research,AgentMessage,,,,1789227792224,1789227794826
30465,2026-09-12T15:43:17.279Z,research,CommandExecution,,completed,0,1789227797278,1789227797279
30466,2026-09-12T15:43:18.826Z,research,Extension,web.search,,,1789227797266,1789227798825
30473,2026-09-12T15:43:27.917Z,research,Extension,web.search,,,1789227805027,1789227807917
30484,2026-09-12T15:45:16.509Z,research,AgentMessage,,,,1789227913289,1789227916508
30488,2026-09-12T15:45:17.905Z,research,CommandExecution,,completed,0,1789227917904,1789227917905
30503,2026-09-12T15:47:22.298Z,research,CommandExecution,,completed,0,1789228042297,1789228042298
30511,2026-09-12T15:49:56.766Z,research,FileChange,,completed,,1789228196763,1789228196766
30517,2026-09-12T15:50:22.449Z,research,AgentMessage,,,,1789228220754,1789228222449
30521,2026-09-12T15:50:34.195Z,research,CommandExecution,,completed,0,1789228233842,1789228234195
30522,2026-09-12T15:50:35.568Z,research,Extension,web.search,,,1789228233718,1789228235567
30531,2026-09-12T15:52:38.978Z,research,FileChange,,completed,,1789228358976,1789228358978
30538,2026-09-12T15:52:46.076Z,research,CommandExecution,,completed,0,1789228366075,1789228366075
30547,2026-09-12T15:53:06.571Z,research,CommandExecution,,completed,0,1789228384469,1789228386571
30548,2026-09-12T15:53:13.664Z,research,CommandExecution,,completed,0,1789228384513,1789228393664
30569,2026-09-12T15:55:29.672Z,research,FileChange,,completed,,1789228529668,1789228529672
30576,2026-09-12T15:55:54.335Z,research,AgentMessage,,,,1789228552012,1789228554335
30580,2026-09-12T15:55:57.814Z,research,CommandExecution,,completed,0,1789228557812,1789228557813
30581,2026-09-12T15:55:59.484Z,research,Extension,web.search,,,1789228557771,1789228559483
30590,2026-09-12T15:57:11.174Z,research,FileChange,,completed,,1789228631168,1789228631174
30597,2026-09-12T15:57:36.258Z,research,CommandExecution,,completed,0,1789228656257,1789228656258
30598,2026-09-12T15:57:37.667Z,research,Extension,web.search,,,1789228656236,1789228657665
30605,2026-09-12T15:57:48.103Z,research,Extension,web.search,,,1789228666774,1789228668102
30612,2026-09-12T15:58:05.940Z,research,Extension,web.search,,,1789228684651,1789228685940
30615,2026-09-12T15:58:08.401Z,research,CommandExecution,,completed,0,1789228686289,1789228688401
30616,2026-09-12T15:58:15.600Z,research,CommandExecution,,failed,1,1789228686201,1789228695600
30621,2026-09-12T15:58:39.301Z,research,CommandExecution,,completed,0,1789228718829,1789228719301
30628,2026-09-12T15:58:55.694Z,research,CommandExecution,,completed,0,1789228735694,1789228735694
30629,2026-09-12T15:58:55.716Z,research,FileChange,,completed,,1789228735712,1789228735716
30634,2026-09-12T15:59:01.557Z,research,AgentMessage,,,,1789228739333,1789228741557
30638,2026-09-12T16:00:14.010Z,research,FileChange,,completed,,1789228814008,1789228814010
30641,2026-09-12T16:00:22.094Z,research,CommandExecution,,completed,0,1789228812995,1789228822094
30646,2026-09-12T16:01:12.340Z,research,CommandExecution,,completed,0,1789228872338,1789228872339
30647,2026-09-12T16:01:12.361Z,research,FileChange,,completed,,1789228872359,1789228872361
30654,2026-09-12T16:01:27.554Z,research,CommandExecution,,completed,0,1789228887511,1789228887553
30655,2026-09-12T16:01:27.683Z,research,CommandExecution,,completed,0,1789228887553,1789228887683
30662,2026-09-12T16:01:35.320Z,research,ImageView,,,,1789228895320,1789228895320
30663,2026-09-12T16:01:35.331Z,research,ImageView,,,,1789228895330,1789228895330
30669,2026-09-12T16:02:14.032Z,research,FileChange,,completed,,1789228934029,1789228934031
30675,2026-09-12T16:02:27.287Z,research,AgentMessage,,,,1789228945728,1789228947287
30677,2026-09-12T16:02:35.032Z,research,CommandExecution,,completed,0,1789228934291,1789228955032
30680,2026-09-12T16:02:42.122Z,research,CommandExecution,,completed,0,1789228962121,1789228962122
30687,2026-09-12T16:03:06.441Z,research,CommandExecution,,completed,0,1789228986069,1789228986440
30694,2026-09-12T16:03:27.360Z,research,CommandExecution,,completed,0,1789229007359,1789229007359
30699,2026-09-12T16:03:44.389Z,research,AgentMessage,,,,1789229022328,1789229024389
30709,2026-09-12T16:04:12.840Z,research,AgentMessage,,,,1789229051180,1789229052840
30713,2026-09-12T16:04:15.635Z,research,CommandExecution,,completed,0,1789229055633,1789229055634
30714,2026-09-12T16:04:17.452Z,research,Extension,web.search,,,1789229055638,1789229057451
30721,2026-09-12T16:04:46.553Z,research,CommandExecution,,completed,0,1789229086552,1789229086553
30722,2026-09-12T16:04:48.659Z,research,Extension,web.search,,,1789229086514,1789229088659
30739,2026-09-12T16:06:55.149Z,research,Extension,web.search,,,1789229213803,1789229215149
30746,2026-09-12T16:07:05.718Z,research,Extension,web.search,,,1789229224351,1789229225717
30753,2026-09-12T16:07:17.272Z,research,Extension,web.search,,,1789229235864,1789229237271
30762,2026-09-12T16:08:09.849Z,research,AgentMessage,,,,1789229287349,1789229289849
30766,2026-09-12T16:08:12.237Z,research,Extension,web.search,,,1789229290922,1789229292237
30785,2026-09-12T16:10:28.186Z,research,Extension,web.search,,,1789229426768,1789229428185
30792,2026-09-12T16:11:34.919Z,research,CommandExecution,,completed,0,1789229494918,1789229494919
30793,2026-09-12T16:11:34.936Z,research,FileChange,,completed,,1789229494934,1789229494936
30803,2026-09-12T16:13:35.444Z,research,FileChange,,completed,,1789229615441,1789229615444
30810,2026-09-12T16:13:49.402Z,research,CommandExecution,,completed,0,1789229629350,1789229629401
30812,2026-09-12T16:13:49.790Z,research,CommandExecution,,completed,0,1789229629520,1789229629790
30813,2026-09-12T16:13:50.831Z,research,Extension,web.search,,,1789229629427,1789229630831
30820,2026-09-12T16:14:00.269Z,research,CommandExecution,,completed,0,1789229640267,1789229640268
30826,2026-09-12T16:14:24.815Z,research,FileChange,,completed,,1789229664811,1789229664815
30830,2026-09-12T16:14:29.806Z,research,CommandExecution,,completed,0,1789229665160,1789229669806
30831,2026-09-12T16:14:40.454Z,research,CommandExecution,,completed,0,1789229665073,1789229680454
30836,2026-09-12T16:14:57.742Z,research,ImageView,,,,1789229697741,1789229697742
30839,2026-09-12T16:14:57.817Z,research,CommandExecution,,completed,0,1789229696705,1789229697816
30850,2026-09-12T16:15:49.001Z,research,AgentMessage,,,,1789229747079,1789229749001
30854,2026-09-12T16:17:05.328Z,research,FileChange,,completed,,1789229825326,1789229825328
30861,2026-09-12T16:17:43.073Z,research,FileChange,,completed,,1789229863069,1789229863073
30864,2026-09-12T16:18:03.844Z,research,CommandExecution,,completed,0,1789229863326,1789229883844
30875,2026-09-12T16:19:18.636Z,research,CommandExecution,,completed,0,1789229958635,1789229958636
30880,2026-09-12T16:19:32.768Z,research,AgentMessage,,,,1789229971441,1789229972768
30884,2026-09-12T16:19:46.578Z,research,CommandExecution,,completed,0,1789229986212,1789229986578
30889,2026-09-12T16:19:55.932Z,research,AgentMessage,,,,1789229990944,1789229995932
30899,2026-09-12T16:20:20.343Z,research,AgentMessage,,,,1789230019264,1789230020343
30903,2026-09-12T16:20:23.264Z,research,CommandExecution,,completed,0,1789230023262,1789230023263
30910,2026-09-12T16:20:46.751Z,research,CommandExecution,,completed,0,1789230046750,1789230046750
30917,2026-09-12T16:20:58.687Z,research,CommandExecution,,completed,0,1789230058686,1789230058687
30926,2026-09-12T16:24:17.774Z,research,ContextCompaction,,,,1789230058716,1789230257774
30929,2026-09-12T16:24:25.954Z,research,CommandExecution,,completed,0,1789230265952,1789230265954
30930,2026-09-12T16:24:26.003Z,research,CommandExecution,,completed,0,1789230266002,1789230266002
30935,2026-09-12T16:24:32.233Z,research,AgentMessage,,,,1789230270942,1789230272233
30939,2026-09-12T16:24:36.784Z,research,CommandExecution,,completed,0,1789230276782,1789230276784
30940,2026-09-12T16:24:36.821Z,research,CommandExecution,,failed,1,1789230276803,1789230276821
30941,2026-09-12T16:24:36.871Z,research,CommandExecution,,completed,0,1789230276870,1789230276871
30946,2026-09-12T16:24:45.854Z,research,CommandExecution,,completed,0,1789230285853,1789230285853
30951,2026-09-12T16:24:52.553Z,research,CommandExecution,,completed,0,1789230292543,1789230292553
30952,2026-09-12T16:24:52.630Z,research,CommandExecution,,completed,0,1789230292628,1789230292629
30959,2026-09-12T16:25:21.965Z,research,CommandExecution,,completed,0,1789230321963,1789230321965
30960,2026-09-12T16:25:22.040Z,research,CommandExecution,,completed,0,1789230322038,1789230322039
30967,2026-09-12T16:25:29.848Z,research,CommandExecution,,completed,0,1789230329836,1789230329848
30968,2026-09-12T16:25:29.879Z,research,CommandExecution,,completed,0,1789230329878,1789230329879
30973,2026-09-12T16:25:51.984Z,research,AgentMessage,,,,1789230350226,1789230351984
30977,2026-09-12T16:25:55.949Z,research,CommandExecution,,completed,0,1789230355947,1789230355948
30978,2026-09-12T16:25:55.980Z,research,CommandExecution,,completed,0,1789230355979,1789230355980
30985,2026-09-12T16:26:10.760Z,research,CommandExecution,,completed,0,1789230370758,1789230370759
30986,2026-09-12T16:26:12.420Z,research,Extension,web.search,,,1789230370704,1789230372420
30995,2026-09-12T16:27:27.272Z,research,AgentMessage,,,,1789230445407,1789230447272
31001,2026-09-12T16:27:32.879Z,research,CommandExecution,,completed,0,1789230452877,1789230452878
31002,2026-09-12T16:27:34.290Z,research,Extension,web.search,,,1789230452759,1789230454289
31015,2026-09-12T16:28:58.244Z,research,Extension,web.search,,,1789230536881,1789230538242
31028,2026-09-12T16:30:20.730Z,research,CommandExecution,,completed,0,1789230620637,1789230620726
31029,2026-09-12T16:30:20.793Z,research,CommandExecution,,completed,0,1789230620791,1789230620793
31045,2026-09-12T16:32:31.190Z,research,CommandExecution,,completed,0,1789230751188,1789230751189
31046,2026-09-12T16:32:33.238Z,research,Extension,web.search,,,1789230751202,1789230753237
31071,2026-09-12T16:36:42.702Z,research,AgentMessage,,,,1789230996961,1789231002702
31075,2026-09-12T16:36:46.298Z,research,CommandExecution,,completed,0,1789231006297,1789231006298
31086,2026-09-12T16:38:59.578Z,research,FileChange,,completed,,1789231139577,1789231139578
31093,2026-09-12T16:40:39.876Z,research,FileChange,,completed,,1789231239872,1789231239876
31100,2026-09-12T16:40:59.339Z,research,CommandExecution,,completed,0,1789231259321,1789231259339
31103,2026-09-12T16:41:01.801Z,research,CommandExecution,,failed,1,1789231259288,1789231261801
31108,2026-09-12T16:41:12.253Z,research,CommandExecution,,completed,0,1789231272253,1789231272253
31109,2026-09-12T16:41:15.047Z,research,Extension,web.search,,,1789231272236,1789231275046
31116,2026-09-12T16:41:31.542Z,research,CommandExecution,,completed,0,1789231291117,1789231291541
31121,2026-09-12T16:41:42.980Z,research,FileChange,,completed,,1789231302978,1789231302980
31122,2026-09-12T16:41:43.122Z,research,CommandExecution,,completed,0,1789231303121,1789231303121
31127,2026-09-12T16:41:54.852Z,research,AgentMessage,,,,1789231312297,1789231314852
31131,2026-09-12T16:42:05.650Z,research,CommandExecution,,completed,0,1789231325649,1789231325650
31134,2026-09-12T16:42:07.193Z,research,CommandExecution,,completed,0,1789231324526,1789231327193
31139,2026-09-12T16:42:15.164Z,research,CommandExecution,,completed,0,1789231335162,1789231335163
31147,2026-09-12T16:43:51.929Z,research,FileChange,,completed,,1789231431927,1789231431929
31149,2026-09-12T16:43:52.180Z,research,CommandExecution,,failed,1,1789231432180,1789231432180
31156,2026-09-12T16:43:58.191Z,research,CommandExecution,,completed,0,1789231438190,1789231438191
31163,2026-09-12T16:44:26.331Z,research,CommandExecution,,completed,0,1789231466279,1789231466330
31164,2026-09-12T16:44:26.348Z,research,FileChange,,completed,,1789231466345,1789231466348
31165,2026-09-12T16:44:26.517Z,research,CommandExecution,,completed,0,1789231466516,1789231466517
31171,2026-09-12T16:45:34.988Z,research,FileChange,,completed,,1789231534987,1789231534988
31173,2026-09-12T16:45:35.256Z,research,CommandExecution,,completed,0,1789231535255,1789231535255
31182,2026-09-12T16:45:55.810Z,research,CommandExecution,,completed,0,1789231553129,1789231555810
31185,2026-09-12T16:45:58.908Z,research,AgentMessage,,,,1789231557153,1789231558908
31189,2026-09-12T16:46:14.141Z,research,CommandExecution,,completed,0,1789231574140,1789231574141
31196,2026-09-12T16:46:36.658Z,research,CommandExecution,,completed,0,1789231596501,1789231596658
31203,2026-09-12T16:46:45.440Z,research,CommandExecution,,completed,0,1789231605439,1789231605439
31208,2026-09-12T16:46:55.994Z,research,AgentMessage,,,,1789231613909,1789231615994
31216,2026-09-12T16:46:59.694Z,research,AgentMessage,,,,1789231618228,1789231619694
31219,2026-09-12T16:47:05.177Z,research,CommandExecution,,completed,0,1789231625158,1789231625177
31221,2026-09-12T16:47:05.248Z,research,CommandExecution,,completed,0,1789231625246,1789231625247
31228,2026-09-12T16:47:24.103Z,research,CommandExecution,,completed,0,1789231644102,1789231644103
31229,2026-09-12T16:47:25.629Z,research,Extension,web.search,,,1789231644086,1789231645629
31242,2026-09-12T16:48:48.918Z,research,Extension,web.search,,,1789231727388,1789231728917
31249,2026-09-12T16:49:24.624Z,research,AgentMessage,,,,1789231762251,1789231764624
31253,2026-09-12T16:49:28.156Z,research,CommandExecution,,completed,0,1789231768134,1789231768152
31254,2026-09-12T16:49:29.563Z,research,Extension,web.search,,,1789231768150,1789231769562
31265,2026-09-12T16:50:29.080Z,research,CommandExecution,,completed,0,1789231829079,1789231829079
31266,2026-09-12T16:50:30.597Z,research,Extension,web.search,,,1789231829056,1789231830596
31292,2026-09-12T16:54:14.373Z,research,Extension,web.search,,,1789232051428,1789232054372
31313,2026-09-12T16:57:08.883Z,research,CommandExecution,,completed,0,1789232228882,1789232228883
31314,2026-09-12T16:57:10.596Z,research,Extension,web.search,,,1789232228855,1789232230595
31321,2026-09-12T16:57:29.179Z,research,Extension,web.search,,,1789232247867,1789232249178
31322,2026-09-12T16:57:29.334Z,research,CommandExecution,,completed,0,1789232249333,1789232249333
31329,2026-09-12T16:58:00.216Z,research,CommandExecution,,completed,0,1789232280214,1789232280215
31330,2026-09-12T16:58:01.747Z,research,Extension,web.search,,,1789232280174,1789232281746
31339,2026-09-12T17:01:11.452Z,research,ContextCompaction,,,,1789232281776,1789232471451
31342,2026-09-12T17:01:17.639Z,research,AgentMessage,,,,1789232476445,1789232477639
31346,2026-09-12T17:01:20.722Z,research,CommandExecution,,failed,2,1789232480721,1789232480722
31351,2026-09-12T17:01:31.146Z,research,CommandExecution,,completed,0,1789232491140,1789232491146
31352,2026-09-12T17:01:31.205Z,research,CommandExecution,,completed,0,1789232491204,1789232491205
31353,2026-09-12T17:01:32.595Z,research,Extension,web.search,,,1789232491158,1789232492595
31360,2026-09-12T17:01:57.250Z,research,CommandExecution,,completed,0,1789232517246,1789232517248
31361,2026-09-12T17:01:58.785Z,research,CommandExecution,,completed,0,1789232517344,1789232518783
31362,2026-09-12T17:01:58.856Z,research,Extension,web.search,,,1789232517210,1789232518855
31369,2026-09-12T17:02:07.363Z,research,CommandExecution,,completed,0,1789232527361,1789232527362
31370,2026-09-12T17:02:08.910Z,research,Extension,web.search,,,1789232527450,1789232528909
31375,2026-09-12T17:02:39.849Z,research,AgentMessage,,,,1789232559246,1789232559849
31378,2026-09-12T17:03:26.136Z,research,FileChange,,completed,,1789232606134,1789232606136
31382,2026-09-12T17:03:32.569Z,research,CommandExecution,,completed,0,1789232606399,1789232612569
31386,2026-09-12T17:04:32.065Z,research,FileChange,,completed,,1789232672064,1789232672065
31390,2026-09-12T17:04:36.083Z,research,CommandExecution,,completed,0,1789232672326,1789232676083
31395,2026-09-12T17:04:43.736Z,research,CommandExecution,,completed,0,1789232683736,1789232683736
31396,2026-09-12T17:04:45.143Z,research,Extension,web.search,,,1789232683722,1789232685143
31403,2026-09-12T17:05:36.005Z,research,Extension,web.search,,,1789232734501,1789232736004
31404,2026-09-12T17:05:37.608Z,research,CommandExecution,,failed,1,1789232734643,1789232737607
31411,2026-09-12T17:05:56.030Z,research,Extension,web.search,,,1789232754131,1789232756029
31412,2026-09-12T17:06:02.262Z,research,CommandExecution,,completed,0,1789232754282,1789232762262
31417,2026-09-12T17:06:30.348Z,research,AgentMessage,,,,1789232787882,1789232790348
31421,2026-09-12T17:07:42.261Z,research,CommandExecution,,completed,0,1789232862259,1789232862260
31422,2026-09-12T17:07:42.288Z,research,FileChange,,completed,,1789232862283,1789232862287
31429,2026-09-12T17:08:17.326Z,research,CommandExecution,,failed,1,1789232897325,1789232897325
31430,2026-09-12T17:08:18.855Z,research,Extension,web.search,,,1789232897199,1789232898853
31437,2026-09-12T17:08:32.791Z,research,CommandExecution,,completed,0,1789232912790,1789232912791
31438,2026-09-12T17:08:33.891Z,research,CommandExecution,,completed,0,1789232912941,1789232913891
31445,2026-09-12T17:08:57.599Z,research,CommandExecution,,completed,0,1789232937441,1789232937599
31446,2026-09-12T17:08:57.636Z,research,ImageView,,,,1789232937635,1789232937636
31447,2026-09-12T17:08:57.789Z,research,CommandExecution,,completed,0,1789232937787,1789232937788
31454,2026-09-12T17:11:05.119Z,research,FileChange,,completed,,1789233065117,1789233065119
31455,2026-09-12T17:11:05.298Z,research,CommandExecution,,completed,0,1789233065297,1789233065298
31462,2026-09-12T17:11:40.486Z,research,FileChange,,completed,,1789233100483,1789233100486
31465,2026-09-12T17:11:51.119Z,research,CommandExecution,,completed,0,1789233100740,1789233111119
31470,2026-09-12T17:11:53.952Z,research,CommandExecution,,completed,0,1789233113951,1789233113951
31475,2026-09-12T17:12:07.034Z,research,AgentMessage,,,,1789233125540,1789233127034
31479,2026-09-12T17:12:33.743Z,research,CommandExecution,,completed,0,1789233153743,1789233153743
31480,2026-09-12T17:12:34.255Z,research,CommandExecution,,completed,0,1789233153996,1789233154255
31481,2026-09-12T17:12:34.412Z,research,CommandExecution,,completed,0,1789233154410,1789233154411
31488,2026-09-12T17:12:38.757Z,research,CommandExecution,,completed,0,1789233158756,1789233158756
31493,2026-09-12T17:12:48.158Z,research,AgentMessage,,,,1789233166303,1789233168158
31503,2026-09-12T17:12:58.195Z,research,AgentMessage,,,,1789233176574,1789233178195
31507,2026-09-12T17:13:00.983Z,research,CommandExecution,,completed,0,1789233180981,1789233180982
31514,2026-09-12T17:13:37.253Z,research,CommandExecution,,completed,0,1789233217250,1789233217251
31515,2026-09-12T17:13:38.690Z,research,Extension,web.search,,,1789233217336,1789233218690
31522,2026-09-12T17:14:21.734Z,research,CommandExecution,,completed,0,1789233261732,1789233261733
31533,2026-09-12T17:15:36.049Z,research,CommandExecution,,completed,0,1789233336048,1789233336048
31534,2026-09-12T17:15:37.762Z,research,Extension,web.search,,,1789233336123,1789233337761
31541,2026-09-12T17:16:33.824Z,research,AgentMessage,,,,1789233392534,1789233393824
31545,2026-09-12T17:16:36.930Z,research,CommandExecution,,completed,0,1789233396927,1789233396929
31556,2026-09-12T17:17:49.076Z,research,CommandExecution,,completed,0,1789233469073,1789233469075
31557,2026-09-12T17:17:50.787Z,research,Extension,web.search,,,1789233469160,1789233470787
31564,2026-09-12T17:18:13.888Z,research,CommandExecution,,completed,0,1789233493886,1789233493887
31583,2026-09-12T17:21:16.738Z,research,CommandExecution,,completed,0,1789233676215,1789233676738
31584,2026-09-12T17:21:17.977Z,research,Extension,web.search,,,1789233676117,1789233677977
31591,2026-09-12T17:21:29.194Z,research,Extension,web.search,,,1789233686149,1789233689194
31592,2026-09-12T17:21:30.815Z,research,Extension,web.search,,,1789233689271,1789233690815
31593,2026-09-12T17:21:32.588Z,research,Extension,web.search,,,1789233690888,1789233692588
31594,2026-09-12T17:21:34.128Z,research,Extension,web.search,,,1789233692676,1789233694128
31607,2026-09-12T17:23:12.575Z,research,CommandExecution,,completed,0,1789233792573,1789233792574
31622,2026-09-12T17:25:18.227Z,research,CommandExecution,,completed,0,1789233918226,1789233918227
31627,2026-09-12T17:25:24.426Z,research,CommandExecution,,completed,0,1789233924424,1789233924425
31636,2026-09-12T17:26:18.598Z,research,CommandExecution,,completed,0,1789233978597,1789233978597
31658,2026-09-12T17:30:06.389Z,research,AgentMessage,,,,1789234204187,1789234206389
31662,2026-09-12T17:30:10.310Z,research,CommandExecution,,completed,0,1789234210309,1789234210310
31663,2026-09-12T17:30:14.727Z,research,Extension,web.search,,,1789234210286,1789234214725
31676,2026-09-12T17:31:41.318Z,research,CommandExecution,,completed,0,1789234301316,1789234301317
31677,2026-09-12T17:31:42.680Z,research,Extension,web.search,,,1789234301293,1789234302678
31686,2026-09-12T17:35:36.810Z,research,ContextCompaction,,,,1789234302727,1789234536810
31689,2026-09-12T17:35:43.657Z,research,AgentMessage,,,,1789234540934,1789234543657
31693,2026-09-12T17:35:45.095Z,research,CommandExecution,,completed,0,1789234545094,1789234545095
31698,2026-09-12T17:35:54.345Z,research,CommandExecution,,completed,0,1789234554320,1789234554343
31699,2026-09-12T17:35:54.373Z,research,CommandExecution,,completed,0,1789234554372,1789234554372
31700,2026-09-12T17:35:56.043Z,research,CommandExecution,,completed,0,1789234554448,1789234556043
31707,2026-09-12T17:36:16.245Z,research,CommandExecution,,completed,0,1789234576243,1789234576244
31708,2026-09-12T17:36:17.820Z,research,Extension,web.search,,,1789234576207,1789234577818
31709,2026-09-12T17:36:17.843Z,research,CommandExecution,,completed,0,1789234576307,1789234577843
31714,2026-09-12T17:36:46.847Z,research,AgentMessage,,,,1789234604039,1789234606847
31718,2026-09-12T17:36:54.866Z,research,CommandExecution,,completed,0,1789234614034,1789234614865
31725,2026-09-12T17:37:03.999Z,research,Extension,web.search,,,1789234621748,1789234623998
31734,2026-09-12T17:37:37.932Z,research,CommandExecution,,completed,0,1789234652407,1789234657932
31737,2026-09-12T17:39:09.578Z,research,FileChange,,completed,,1789234749575,1789234749578
31744,2026-09-12T17:39:22.620Z,research,CommandExecution,,completed,0,1789234762619,1789234762620
31751,2026-09-12T17:39:39.740Z,research,CommandExecution,,completed,0,1789234779738,1789234779739
31762,2026-09-12T17:40:56.014Z,research,CommandExecution,,completed,0,1789234856012,1789234856013
31769,2026-09-12T17:41:48.236Z,research,AgentMessage,,,,1789234905564,1789234908235
31773,2026-09-12T17:43:38.544Z,research,FileChange,,completed,,1789235018541,1789235018543
31779,2026-09-12T17:43:58.358Z,research,FileChange,,completed,,1789235038355,1789235038358
31781,2026-09-12T17:43:58.752Z,research,CommandExecution,,completed,0,1789235038630,1789235038752
31784,2026-09-12T17:44:00.294Z,research,CommandExecution,,failed,1,1789235038672,1789235040294
31797,2026-09-12T17:45:03.937Z,research,CommandExecution,,completed,0,1789235103936,1789235103936
31798,2026-09-12T17:45:04.073Z,research,CommandExecution,,completed,0,1789235104071,1789235104072
31805,2026-09-12T17:45:15.767Z,research,CommandExecution,,completed,0,1789235115610,1789235115767
31806,2026-09-12T17:45:17.095Z,research,Extension,web.search,,,1789235115465,1789235117095
31809,2026-09-12T17:45:17.261Z,research,CommandExecution,,completed,0,1789235115566,1789235117261
31814,2026-09-12T17:45:49.547Z,research,CommandExecution,,completed,0,1789235149546,1789235149546
31823,2026-09-12T17:46:20.604Z,research,CommandExecution,,completed,0,1789235180603,1789235180604
31828,2026-09-12T17:46:26.694Z,research,AgentMessage,,,,1789235184318,1789235186694
31832,2026-09-12T17:48:22.598Z,research,FileChange,,completed,,1789235302595,1789235302598
31839,2026-09-12T17:49:04.175Z,research,CommandExecution,,completed,0,1789235344067,1789235344175
31842,2026-09-12T17:49:06.523Z,research,CommandExecution,,completed,0,1789235344423,1789235346523
31847,2026-09-12T17:49:11.072Z,research,CommandExecution,,completed,0,1789235351071,1789235351072
31854,2026-09-12T17:49:40.300Z,research,CommandExecution,,completed,0,1789235379776,1789235380300
31859,2026-09-12T17:49:46.935Z,research,AgentMessage,,,,1789235384408,1789235386935
31863,2026-09-12T17:49:49.353Z,research,CommandExecution,,completed,0,1789235389352,1789235389353
31868,2026-09-12T17:50:03.254Z,research,AgentMessage,,,,1789235401082,1789235403254
31876,2026-09-12T17:50:08.179Z,research,AgentMessage,,,,1789235406607,1789235408179
31880,2026-09-12T17:50:11.667Z,research,CommandExecution,,completed,0,1789235411664,1789235411666
31907,2026-09-12T17:54:40.239Z,research,CommandExecution,,completed,0,1789235680237,1789235680238
31920,2026-09-12T17:56:09.017Z,research,Extension,web.search,,,1789235766767,1789235769016
31927,2026-09-12T17:56:52.652Z,research,AgentMessage,,,,1789235810340,1789235812652
31931,2026-09-12T17:56:55.225Z,research,CommandExecution,,completed,0,1789235815224,1789235815225
31944,2026-09-12T17:58:30.747Z,research,CommandExecution,,completed,0,1789235910745,1789235910746
31951,2026-09-12T17:59:01.941Z,research,CommandExecution,,completed,0,1789235941940,1789235941940
31958,2026-09-12T17:59:10.022Z,research,Extension,web.search,,,1789235948731,1789235950021
31965,2026-09-12T17:59:26.503Z,research,Extension,web.search,,,1789235963655,1789235966503
31966,2026-09-12T17:59:26.962Z,research,CommandExecution,,completed,0,1789235966758,1789235966962
31973,2026-09-12T17:59:39.670Z,research,CommandExecution,,completed,0,1789235979668,1789235979669
31974,2026-09-12T17:59:41.187Z,research,Extension,web.search,,,1789235979747,1789235981186
31987,2026-09-12T18:01:09.799Z,research,Extension,web.search,,,1789236068104,1789236069799
32006,2026-09-12T18:03:51.347Z,research,CommandExecution,,completed,0,1789236231345,1789236231346
32033,2026-09-12T18:08:32.405Z,research,AgentMessage,,,,1789236509348,1789236512405
32036,2026-09-12T18:09:23.160Z,research,FileChange,,completed,,1789236563157,1789236563159
32046,2026-09-12T18:11:11.534Z,research,FileChange,,completed,,1789236671529,1789236671532
32047,2026-09-12T18:11:11.712Z,research,CommandExecution,,completed,0,1789236671712,1789236671712
32048,2026-09-12T18:11:12.170Z,research,CommandExecution,,completed,0,1789236672052,1789236672170
32051,2026-09-12T18:11:16.860Z,research,CommandExecution,,failed,1,1789236671966,1789236676859
32060,2026-09-12T18:12:16.763Z,research,CommandExecution,,completed,0,1789236736762,1789236736762
32069,2026-09-12T18:13:22.029Z,research,CommandExecution,,completed,0,1789236802028,1789236802028
32076,2026-09-12T18:13:30.185Z,research,CommandExecution,,completed,0,1789236810184,1789236810185
32082,2026-09-12T18:14:09.543Z,research,FileChange,,completed,,1789236849537,1789236849543
32084,2026-09-12T18:14:09.985Z,research,CommandExecution,,completed,0,1789236849862,1789236849985
32087,2026-09-12T18:14:14.698Z,research,CommandExecution,,completed,0,1789236849821,1789236854698
32092,2026-09-12T18:14:25.887Z,research,Extension,web.search,,,1789236864284,1789236865887
32099,2026-09-12T18:15:13.916Z,research,AgentMessage,,,,1789236911890,1789236913916
32103,2026-09-12T18:17:11.020Z,research,FileChange,,completed,,1789237031017,1789237031020
32104,2026-09-12T18:17:11.226Z,research,CommandExecution,,completed,0,1789237031225,1789237031226
32113,2026-09-12T18:17:52.179Z,research,CommandExecution,,completed,0,1789237072178,1789237072179
32116,2026-09-12T18:17:57.756Z,research,CommandExecution,,completed,0,1789237072427,1789237077756
32123,2026-09-12T18:18:34.761Z,research,CommandExecution,,completed,0,1789237114760,1789237114760
32136,2026-09-12T18:20:24.297Z,research,CommandExecution,,completed,0,1789237224072,1789237224296
32141,2026-09-12T18:20:30.099Z,research,AgentMessage,,,,1789237228053,1789237230099
32145,2026-09-12T18:20:31.873Z,research,CommandExecution,,completed,0,1789237231872,1789237231873
32148,2026-09-12T18:20:37.973Z,research,AgentMessage,,,,1789237234053,1789237237973
32162,2026-09-12T18:21:47.426Z,research,AgentMessage,,,,1789237305324,1789237307426
32166,2026-09-12T18:21:49.903Z,research,CommandExecution,,completed,0,1789237309899,1789237309902
32173,2026-09-12T18:21:57.619Z,research,CommandExecution,,completed,0,1789237317618,1789237317618
32182,2026-09-12T18:22:46.136Z,research,CommandExecution,,completed,0,1789237366135,1789237366136
32183,2026-09-12T18:22:47.645Z,research,Extension,web.search,,,1789237366205,1789237367644
32192,2026-09-12T18:26:41.860Z,research,ContextCompaction,,,,1789237367678,1789237601859
32195,2026-09-12T18:26:46.996Z,research,AgentMessage,,,,1789237606129,1789237606996
32199,2026-09-12T18:26:49.562Z,research,CommandExecution,,failed,2,1789237609561,1789237609562
32204,2026-09-12T18:26:57.624Z,research,CommandExecution,,completed,0,1789237617522,1789237617621
32205,2026-09-12T18:26:57.628Z,research,CommandExecution,,completed,0,1789237617624,1789237617628
32206,2026-09-12T18:26:59.284Z,research,CommandExecution,,completed,0,1789237617689,1789237619283
32211,2026-09-12T18:27:21.616Z,research,AgentMessage,,,,1789237639919,1789237641616
32215,2026-09-12T18:27:25.977Z,research,CommandExecution,,completed,0,1789237645958,1789237645975
32216,2026-09-12T18:27:26.009Z,research,CommandExecution,,completed,0,1789237646008,1789237646008
32217,2026-09-12T18:27:27.516Z,research,Extension,web.search,,,1789237645980,1789237647515
32224,2026-09-12T18:27:58.798Z,research,CommandExecution,,completed,0,1789237678796,1789237678797
32225,2026-09-12T18:27:58.821Z,research,CommandExecution,,completed,0,1789237678820,1789237678821
32226,2026-09-12T18:28:00.728Z,research,Extension,web.search,,,1789237678817,1789237680727
32239,2026-09-12T18:29:29.250Z,research,CommandExecution,,completed,0,1789237769242,1789237769248
32240,2026-09-12T18:29:29.278Z,research,CommandExecution,,completed,0,1789237769277,1789237769278
32241,2026-09-12T18:29:30.763Z,research,Extension,web.search,,,1789237769271,1789237770762
32246,2026-09-12T18:29:38.209Z,research,AgentMessage,,,,1789237776272,1789237778209
32258,2026-09-12T18:30:59.259Z,research,Extension,web.search,,,1789237856852,1789237859259
32265,2026-09-12T18:31:04.729Z,research,CommandExecution,,completed,0,1789237864728,1789237864729
32272,2026-09-12T18:31:38.147Z,research,CommandExecution,,completed,0,1789237898146,1789237898147
32281,2026-09-12T18:32:07.939Z,research,CommandExecution,,completed,0,1789237927938,1789237927939
32296,2026-09-12T18:33:50.735Z,research,CommandExecution,,completed,0,1789238030734,1789238030734
32307,2026-09-12T18:35:06.197Z,research,CommandExecution,,completed,0,1789238106196,1789238106197
32308,2026-09-12T18:35:07.928Z,research,Extension,web.search,,,1789238106270,1789238107927
32329,2026-09-12T18:38:40.611Z,research,AgentMessage,,,,1789238319138,1789238320610
32333,2026-09-12T18:38:46.085Z,research,Extension,web.search,,,1789238323225,1789238326085
32334,2026-09-12T18:38:46.225Z,research,CommandExecution,,failed,2,1789238326224,1789238326225
32341,2026-09-12T18:38:53.609Z,research,CommandExecution,,completed,0,1789238333608,1789238333609
32350,2026-09-12T18:39:43.207Z,research,Extension,web.search,,,1789238381797,1789238383206
32351,2026-09-12T18:39:43.344Z,research,CommandExecution,,completed,0,1789238383342,1789238383343
32366,2026-09-12T18:41:40.331Z,research,CommandExecution,,failed,1,1789238500331,1789238500331
32375,2026-09-12T18:42:33.287Z,research,AgentMessage,,,,1789238551199,1789238553287
32379,2026-09-12T18:44:02.181Z,research,FileChange,,completed,,1789238642178,1789238642181
32386,2026-09-12T18:44:25.309Z,research,CommandExecution,,completed,0,1789238665307,1789238665308
32387,2026-09-12T18:44:25.335Z,research,FileChange,,completed,,1789238665331,1789238665335
32394,2026-09-12T18:44:31.340Z,research,CommandExecution,,completed,0,1789238671340,1789238671340
32401,2026-09-12T18:44:58.746Z,research,CommandExecution,,completed,0,1789238698745,1789238698746
32408,2026-09-12T18:45:11.054Z,research,CommandExecution,,completed,0,1789238711016,1789238711054
32413,2026-09-12T18:45:23.236Z,research,AgentMessage,,,,1789238720886,1789238723236
32417,2026-09-12T18:45:24.568Z,research,CommandExecution,,completed,0,1789238724567,1789238724568
32422,2026-09-12T18:45:32.325Z,research,AgentMessage,,,,1789238730408,1789238732325
32432,2026-09-12T18:45:58.284Z,research,AgentMessage,,,,1789238756986,1789238758284
32436,2026-09-12T18:46:01.253Z,research,CommandExecution,,completed,0,1789238761251,1789238761252
32437,2026-09-12T18:46:02.763Z,research,Extension,web.search,,,1789238761271,1789238762762
32448,2026-09-12T18:47:11.918Z,research,Extension,web.search,,,1789238830319,1789238831917
32449,2026-09-12T18:47:12.062Z,research,CommandExecution,,completed,0,1789238832062,1789238832062
32476,2026-09-12T18:51:04.006Z,research,Extension,web.search,,,1789239060475,1789239064005
32487,2026-09-12T18:52:23.732Z,research,AgentMessage,,,,1789239141919,1789239143732
32491,2026-09-12T18:52:27.511Z,research,Extension,web.search,,,1789239145800,1789239147510
32500,2026-09-12T18:53:13.205Z,research,CommandExecution,,completed,0,1789239193203,1789239193204
32513,2026-09-12T18:54:22.699Z,research,CommandExecution,,completed,0,1789239262698,1789239262699
32518,2026-09-12T18:54:33.276Z,research,AgentMessage,,,,1789239271429,1789239273276
32522,2026-09-12T18:54:34.603Z,research,CommandExecution,,completed,0,1789239274601,1789239274602
32529,2026-09-12T18:54:50.141Z,research,CommandExecution,,completed,0,1789239289496,1789239290140
32536,2026-09-12T18:54:57.377Z,research,CommandExecution,,completed,0,1789239297375,1789239297376
32543,2026-09-12T18:55:11.682Z,research,CommandExecution,,completed,0,1789239311681,1789239311682
32544,2026-09-12T18:55:11.821Z,research,CommandExecution,,completed,0,1789239311819,1789239311820
32551,2026-09-12T18:55:24.116Z,research,CommandExecution,,failed,1,1789239324044,1789239324116
32558,2026-09-12T18:55:46.457Z,research,CommandExecution,,completed,0,1789239346456,1789239346457
32565,2026-09-12T18:55:57.864Z,research,CommandExecution,,completed,0,1789239357863,1789239357864
32571,2026-09-12T18:56:33.400Z,research,FileChange,,completed,,1789239393399,1789239393400
32573,2026-09-12T18:56:33.586Z,research,CommandExecution,,completed,0,1789239393586,1789239393586
32582,2026-09-12T18:58:18.945Z,research,CommandExecution,,completed,0,1789239498943,1789239498945
32588,2026-09-12T18:58:28.727Z,research,CommandExecution,,completed,0,1789239508725,1789239508727
32596,2026-09-12T18:59:38.268Z,research,FileChange,,completed,,1789239578267,1789239578268
32605,2026-09-12T18:59:59.328Z,research,CommandExecution,,failed,1,1789239596647,1789239599328
32610,2026-09-12T19:00:13.489Z,research,CommandExecution,,completed,0,1789239613487,1789239613488
32615,2026-09-12T19:00:27.772Z,research,AgentMessage,,,,1789239625832,1789239627771
32619,2026-09-12T19:00:31.535Z,research,CommandExecution,,completed,0,1789239631207,1789239631535
32628,2026-09-12T19:00:49.334Z,research,CommandExecution,,completed,0,1789239646628,1789239649334
32633,2026-09-12T19:01:09.340Z,research,CommandExecution,,completed,0,1789239669339,1789239669340
32642,2026-09-12T19:02:37.401Z,research,CommandExecution,,completed,0,1789239757399,1789239757400
32651,2026-09-12T19:03:29.063Z,research,AgentMessage,,,,1789239806817,1789239809062
32654,2026-09-12T19:04:26.754Z,research,FileChange,,completed,,1789239866753,1789239866754
32664,2026-09-12T19:05:09.188Z,research,CommandExecution,,completed,0,1789239909187,1789239909187
32671,2026-09-12T19:05:18.114Z,research,CommandExecution,,completed,0,1789239918113,1789239918114
32680,2026-09-12T19:06:17.007Z,research,CommandExecution,,completed,0,1789239977006,1789239977007
32687,2026-09-12T19:06:42.147Z,research,CommandExecution,,completed,0,1789240001680,1789240002147
32692,2026-09-12T19:06:49.430Z,research,AgentMessage,,,,1789240007594,1789240009430
32696,2026-09-12T19:06:55.513Z,research,CommandExecution,,completed,0,1789240015507,1789240015513
32701,2026-09-12T19:07:05.243Z,research,AgentMessage,,,,1789240022631,1789240025243
32711,2026-09-12T19:07:20.219Z,research,AgentMessage,,,,1789240038949,1789240040219
32715,2026-09-12T19:07:23.984Z,research,CommandExecution,,completed,0,1789240043980,1789240043982
32722,2026-09-12T19:07:50.878Z,research,CommandExecution,,completed,0,1789240070877,1789240070878
32723,2026-09-12T19:07:52.590Z,research,Extension,web.search,,,1789240070952,1789240072589
32738,2026-09-12T19:09:51.240Z,research,Extension,web.search,,,1789240189571,1789240191239
32739,2026-09-12T19:09:51.393Z,research,CommandExecution,,completed,0,1789240191392,1789240191393
32748,2026-09-12T19:12:58.250Z,research,ContextCompaction,,,,1789240191422,1789240378250
32751,2026-09-12T19:13:05.123Z,research,AgentMessage,,,,1789240383745,1789240385123
32755,2026-09-12T19:13:07.143Z,research,CommandExecution,,completed,0,1789240387142,1789240387143
32762,2026-09-12T19:13:13.972Z,research,CommandExecution,,completed,0,1789240393972,1789240393972
32763,2026-09-12T19:13:14.104Z,research,CommandExecution,,failed,1,1789240394102,1789240394103
32768,2026-09-12T19:13:20.635Z,research,CommandExecution,,completed,0,1789240400634,1789240400635
32769,2026-09-12T19:13:20.770Z,research,CommandExecution,,completed,0,1789240400769,1789240400770
32776,2026-09-12T19:13:27.449Z,research,CommandExecution,,completed,0,1789240407447,1789240407448
32783,2026-09-12T19:13:46.501Z,research,CommandExecution,,completed,0,1789240426500,1789240426500
32788,2026-09-12T19:13:58.456Z,research,AgentMessage,,,,1789240436604,1789240438455
32792,2026-09-12T19:14:01.854Z,research,CommandExecution,,completed,0,1789240441854,1789240441854
32793,2026-09-12T19:14:03.415Z,research,Extension,web.search,,,1789240441927,1789240443414
32800,2026-09-12T19:14:35.751Z,research,Extension,web.search,,,1789240474211,1789240475750
32801,2026-09-12T19:14:35.889Z,research,CommandExecution,,failed,1,1789240475888,1789240475889
32808,2026-09-12T19:14:48.731Z,research,CommandExecution,,completed,0,1789240488730,1789240488730
32813,2026-09-12T19:15:04.667Z,research,AgentMessage,,,,1789240503053,1789240504667
32817,2026-09-12T19:15:06.094Z,research,CommandExecution,,completed,0,1789240506092,1789240506093
32824,2026-09-12T19:15:14.976Z,research,CommandExecution,,completed,0,1789240514952,1789240514975
32825,2026-09-12T19:15:15.132Z,research,CommandExecution,,failed,1,1789240515131,1789240515132
32832,2026-09-12T19:15:22.129Z,research,CommandExecution,,completed,0,1789240522128,1789240522129
32839,2026-09-12T19:15:33.965Z,research,CommandExecution,,completed,0,1789240533964,1789240533964
32846,2026-09-12T19:16:32.496Z,research,FileChange,,completed,,1789240592495,1789240592496
32852,2026-09-12T19:16:39.596Z,research,FileChange,,completed,,1789240599593,1789240599596
32856,2026-09-12T19:16:42.823Z,research,CommandExecution,,failed,1,1789240599853,1789240602823
32861,2026-09-12T19:16:48.110Z,research,CommandExecution,,completed,0,1789240608110,1789240608110
32868,2026-09-12T19:16:59.470Z,research,CommandExecution,,completed,0,1789240619469,1789240619470
32869,2026-09-12T19:16:59.491Z,research,FileChange,,completed,,1789240619487,1789240619490
32872,2026-09-12T19:17:06.192Z,research,CommandExecution,,completed,0,1789240619737,1789240626192
32877,2026-09-12T19:17:09.118Z,research,CommandExecution,,completed,0,1789240629117,1789240629118
32878,2026-09-12T19:17:09.136Z,research,ImageView,,,,1789240629136,1789240629136
32879,2026-09-12T19:17:09.154Z,research,ImageView,,,,1789240629154,1789240629154
32880,2026-09-12T19:17:09.171Z,research,ImageView,,,,1789240629171,1789240629171
32881,2026-09-12T19:17:09.186Z,research,ImageView,,,,1789240629185,1789240629185
32886,2026-09-12T19:17:25.999Z,research,AgentMessage,,,,1789240644186,1789240645999
32890,2026-09-12T19:17:34.250Z,research,CommandExecution,,completed,0,1789240654250,1789240654250
32891,2026-09-12T19:17:34.267Z,research,FileChange,,completed,,1789240654265,1789240654267
32892,2026-09-12T19:17:35.681Z,research,CommandExecution,,completed,0,1789240655679,1789240655680
32897,2026-09-12T19:17:40.747Z,research,CommandExecution,,completed,0,1789240654521,1789240660747
32899,2026-09-12T19:17:43.050Z,research,ImageView,,,,1789240663050,1789240663050
32901,2026-09-12T19:17:43.066Z,research,ImageView,,,,1789240663066,1789240663066
32902,2026-09-12T19:17:43.081Z,research,ImageView,,,,1789240663081,1789240663081
32903,2026-09-12T19:17:43.099Z,research,ImageView,,,,1789240663098,1789240663098
32904,2026-09-12T19:17:43.114Z,research,ImageView,,,,1789240663114,1789240663114
32905,2026-09-12T19:17:43.127Z,research,ImageView,,,,1789240663126,1789240663126
32906,2026-09-12T19:17:43.140Z,research,ImageView,,,,1789240663140,1789240663140
32907,2026-09-12T19:17:43.157Z,research,ImageView,,,,1789240663157,1789240663157
32908,2026-09-12T19:17:43.172Z,research,ImageView,,,,1789240663172,1789240663172
32915,2026-09-12T19:17:59.462Z,research,CommandExecution,,completed,0,1789240679460,1789240679461
32916,2026-09-12T19:17:59.485Z,research,ImageView,,,,1789240679485,1789240679485
32917,2026-09-12T19:17:59.503Z,research,ImageView,,,,1789240679503,1789240679503
32918,2026-09-12T19:17:59.534Z,research,ImageView,,,,1789240679534,1789240679534
32919,2026-09-12T19:17:59.551Z,research,ImageView,,,,1789240679550,1789240679550
32920,2026-09-12T19:17:59.564Z,research,ImageView,,,,1789240679564,1789240679564
32921,2026-09-12T19:17:59.579Z,research,ImageView,,,,1789240679579,1789240679579
32928,2026-09-12T19:18:13.733Z,research,ImageView,,,,1789240693730,1789240693733
32929,2026-09-12T19:18:13.748Z,research,ImageView,,,,1789240693748,1789240693748
32930,2026-09-12T19:18:13.761Z,research,ImageView,,,,1789240693761,1789240693761
32931,2026-09-12T19:18:13.777Z,research,ImageView,,,,1789240693776,1789240693777
32932,2026-09-12T19:18:13.791Z,research,ImageView,,,,1789240693791,1789240693791
32933,2026-09-12T19:18:13.803Z,research,ImageView,,,,1789240693803,1789240693803
32934,2026-09-12T19:18:13.982Z,research,CommandExecution,,completed,0,1789240693980,1789240693981
32941,2026-09-12T19:18:20.063Z,research,ImageView,,,,1789240700063,1789240700063
32942,2026-09-12T19:18:20.085Z,research,ImageView,,,,1789240700084,1789240700085
32943,2026-09-12T19:18:20.098Z,research,ImageView,,,,1789240700098,1789240700098
32944,2026-09-12T19:18:20.122Z,research,ImageView,,,,1789240700121,1789240700121
32945,2026-09-12T19:18:20.137Z,research,ImageView,,,,1789240700137,1789240700137
32946,2026-09-12T19:18:20.155Z,research,ImageView,,,,1789240700155,1789240700155
32951,2026-09-12T19:18:31.199Z,research,AgentMessage,,,,1789240710238,1789240711199
32954,2026-09-12T19:18:35.999Z,research,ImageView,,,,1789240715999,1789240715999
32956,2026-09-12T19:18:36.016Z,research,ImageView,,,,1789240716016,1789240716016
32957,2026-09-12T19:18:36.029Z,research,ImageView,,,,1789240716029,1789240716029
32958,2026-09-12T19:18:36.043Z,research,ImageView,,,,1789240716043,1789240716043
32959,2026-09-12T19:18:36.056Z,research,ImageView,,,,1789240716055,1789240716055
32960,2026-09-12T19:18:36.077Z,research,ImageView,,,,1789240716077,1789240716077
32961,2026-09-12T19:18:36.245Z,research,CommandExecution,,completed,0,1789240716243,1789240716244
32967,2026-09-12T19:18:48.103Z,research,ImageView,,,,1789240728103,1789240728103
32968,2026-09-12T19:18:48.121Z,research,ImageView,,,,1789240728121,1789240728121
32970,2026-09-12T19:18:48.138Z,research,ImageView,,,,1789240728138,1789240728138
32971,2026-09-12T19:18:48.155Z,research,ImageView,,,,1789240728155,1789240728155
32972,2026-09-12T19:18:48.172Z,research,ImageView,,,,1789240728172,1789240728172
32973,2026-09-12T19:18:48.190Z,research,ImageView,,,,1789240728190,1789240728190
32974,2026-09-12T19:18:48.205Z,research,ImageView,,,,1789240728205,1789240728205
32975,2026-09-12T19:18:48.219Z,research,ImageView,,,,1789240728219,1789240728219
32976,2026-09-12T19:18:48.232Z,research,ImageView,,,,1789240728232,1789240728232
32977,2026-09-12T19:18:48.246Z,research,ImageView,,,,1789240728246,1789240728246
32984,2026-09-12T19:18:58.628Z,research,CommandExecution,,completed,0,1789240738627,1789240738628
32990,2026-09-12T19:21:07.423Z,research,FileChange,,completed,,1789240867422,1789240867423
32996,2026-09-12T19:21:30.752Z,research,AgentMessage,,,,1789240888872,1789240890751
33000,2026-09-12T19:21:33.914Z,research,CommandExecution,,completed,0,1789240893913,1789240893913
33009,2026-09-12T19:22:54.373Z,research,FileChange,,completed,,1789240974372,1789240974373
33010,2026-09-12T19:22:54.563Z,research,CommandExecution,,completed,0,1789240974562,1789240974563
33017,2026-09-12T19:23:03.293Z,research,CommandExecution,,completed,0,1789240983292,1789240983293
33024,2026-09-12T19:24:01.185Z,research,CommandExecution,,completed,0,1789241041184,1789241041185
33025,2026-09-12T19:24:01.614Z,research,CommandExecution,,completed,0,1789241041432,1789241041614
33032,2026-09-12T19:24:38.048Z,research,FileChange,,completed,,1789241078042,1789241078048
33035,2026-09-12T19:24:39.629Z,research,CommandExecution,,completed,0,1789241078302,1789241079629
33040,2026-09-12T19:24:49.371Z,research,CommandExecution,,completed,0,1789241089370,1789241089371
33045,2026-09-12T19:24:56.867Z,research,AgentMessage,,,,1789241094366,1789241096866
33055,2026-09-12T19:25:14.013Z,research,AgentMessage,,,,1789241111582,1789241114013
33058,2026-09-12T19:25:16.809Z,research,CommandExecution,,failed,2,1789241116762,1789241116809
33060,2026-09-12T19:25:16.845Z,research,CommandExecution,,completed,0,1789241116844,1789241116844
33065,2026-09-12T19:25:28.410Z,research,CommandExecution,,completed,0,1789241128409,1789241128410
33066,2026-09-12T19:25:28.598Z,research,CommandExecution,,completed,0,1789241128596,1789241128597
33073,2026-09-12T19:25:39.644Z,research,CommandExecution,,completed,0,1789241139642,1789241139643
33092,2026-09-12T19:28:32.469Z,research,AgentMessage,,,,1789241310108,1789241312469
33096,2026-09-12T19:28:34.485Z,research,CommandExecution,,completed,0,1789241314483,1789241314484
33109,2026-09-12T19:29:51.278Z,research,CommandExecution,,completed,0,1789241391277,1789241391278
33110,2026-09-12T19:29:52.755Z,research,Extension,web.search,,,1789241391357,1789241392754
33121,2026-09-12T19:30:48.945Z,research,Extension,web.search,,,1789241447588,1789241448944
33122,2026-09-12T19:30:49.098Z,research,CommandExecution,,failed,1,1789241449097,1789241449098
33135,2026-09-12T19:32:26.598Z,research,AgentMessage,,,,1789241544175,1789241546598
33139,2026-09-12T19:32:32.156Z,research,Extension,web.search,,,1789241550748,1789241552156
33140,2026-09-12T19:32:32.306Z,research,CommandExecution,,completed,0,1789241552305,1789241552305
33147,2026-09-12T19:32:42.024Z,research,Extension,web.search,,,1789241560568,1789241562022
33148,2026-09-12T19:32:42.162Z,research,CommandExecution,,completed,0,1789241562161,1789241562162
33155,2026-09-12T19:32:51.808Z,research,Extension,web.search,,,1789241570337,1789241571808
33156,2026-09-12T19:32:51.942Z,research,CommandExecution,,completed,0,1789241571941,1789241571942
33163,2026-09-12T19:33:03.592Z,research,Extension,web.search,,,1789241582129,1789241583591
33181,2026-09-12T19:36:15.949Z,research,FileChange,,completed,,1789241775946,1789241775949
33188,2026-09-12T19:38:08.287Z,research,FileChange,,completed,,1789241888284,1789241888286
33196,2026-09-12T19:38:43.951Z,research,CommandExecution,,completed,0,1789241923733,1789241923951
33197,2026-09-12T19:38:44.143Z,research,CommandExecution,,completed,0,1789241923810,1789241924143
33204,2026-09-12T19:38:55.887Z,research,CommandExecution,,completed,0,1789241935886,1789241935886
33211,2026-09-12T19:39:05.802Z,research,CommandExecution,,completed,0,1789241945800,1789241945801
33214,2026-09-12T19:39:06.316Z,research,CommandExecution,,completed,0,1789241923648,1789241946315
33229,2026-09-12T19:41:20.230Z,research,AgentMessage,,,,1789242077923,1789242080230
33233,2026-09-12T19:41:22.522Z,research,CommandExecution,,completed,0,1789242082521,1789242082522
33248,2026-09-12T19:43:46.240Z,research,CommandExecution,,completed,0,1789242226239,1789242226240
33249,2026-09-12T19:43:46.259Z,research,FileChange,,completed,,1789242226256,1789242226259
33269,2026-09-12T19:47:46.240Z,research,FileChange,,completed,,1789242466239,1789242466240
33277,2026-09-12T19:48:18.438Z,research,FileChange,,completed,,1789242498433,1789242498438
33278,2026-09-12T19:48:18.792Z,research,CommandExecution,,completed,0,1789242498776,1789242498792
33281,2026-09-12T19:48:27.591Z,research,CommandExecution,,completed,0,1789242498694,1789242507590
33286,2026-09-12T19:48:36.249Z,research,Extension,web.search,,,1789242514287,1789242516248
33287,2026-09-12T19:48:36.412Z,research,CommandExecution,,completed,0,1789242516410,1789242516411
33294,2026-09-12T19:48:48.412Z,research,CommandExecution,,completed,0,1789242528412,1789242528412
33302,2026-09-12T19:50:43.510Z,research,FileChange,,completed,,1789242643507,1789242643510
33304,2026-09-12T19:50:43.764Z,research,CommandExecution,,completed,0,1789242643764,1789242643764
33309,2026-09-12T19:51:10.476Z,research,AgentMessage,,,,1789242668334,1789242670476
33313,2026-09-12T19:52:05.285Z,research,FileChange,,completed,,1789242725280,1789242725283
33314,2026-09-12T19:52:05.468Z,research,CommandExecution,,completed,0,1789242725467,1789242725468
33323,2026-09-12T19:55:49.538Z,research,ContextCompaction,,,,1789242725502,1789242949538
33326,2026-09-12T19:55:54.538Z,research,AgentMessage,,,,1789242952418,1789242954538
33330,2026-09-12T19:55:57.648Z,research,CommandExecution,,completed,0,1789242957648,1789242957648
33331,2026-09-12T19:55:57.680Z,research,CommandExecution,,failed,2,1789242957679,1789242957680
33336,2026-09-12T19:56:02.206Z,research,CommandExecution,,completed,0,1789242962205,1789242962206
33337,2026-09-12T19:56:02.326Z,research,CommandExecution,,completed,0,1789242962324,1789242962325
33344,2026-09-12T19:56:12.494Z,research,CommandExecution,,completed,0,1789242972396,1789242972493
33345,2026-09-12T19:56:12.499Z,research,CommandExecution,,completed,0,1789242972474,1789242972494
33346,2026-09-12T19:56:12.502Z,research,CommandExecution,,completed,0,1789242972452,1789242972494
33347,2026-09-12T19:56:12.541Z,research,CommandExecution,,completed,0,1789242972540,1789242972541
33352,2026-09-12T19:56:21.852Z,research,AgentMessage,,,,1789242980002,1789242981852
33356,2026-09-12T19:56:50.798Z,research,CommandExecution,,failed,1,1789243010479,1789243010798
33363,2026-09-12T19:57:14.088Z,research,CommandExecution,,failed,1,1789243033769,1789243034087
33370,2026-09-12T19:57:36.954Z,research,CommandExecution,,completed,0,1789243056645,1789243056954
33375,2026-09-12T19:57:56.322Z,research,AgentMessage,,,,1789243074702,1789243076321
33379,2026-09-12T19:57:59.870Z,research,CommandExecution,,completed,0,1789243079829,1789243079869
33380,2026-09-12T19:57:59.885Z,research,CommandExecution,,completed,0,1789243079827,1789243079872
33381,2026-09-12T19:57:59.910Z,research,CommandExecution,,completed,0,1789243079877,1789243079910
33382,2026-09-12T19:57:59.939Z,research,CommandExecution,,completed,0,1789243079938,1789243079939
33391,2026-09-12T19:58:55.117Z,research,AgentMessage,,,,1789243133098,1789243135116
33395,2026-09-12T19:58:58.711Z,research,CommandExecution,,completed,0,1789243138636,1789243138707
33396,2026-09-12T19:58:58.715Z,research,CommandExecution,,completed,0,1789243138695,1789243138712
33397,2026-09-12T19:58:58.732Z,research,CommandExecution,,completed,0,1789243138731,1789243138732
33398,2026-09-12T19:59:00.464Z,research,Extension,web.search,,,1789243138806,1789243140463
33407,2026-09-12T20:01:07.861Z,research,FileChange,,completed,,1789243267858,1789243267861
33414,2026-09-12T20:01:12.895Z,research,CommandExecution,,completed,0,1789243272894,1789243272895
33420,2026-09-12T20:02:16.965Z,research,FileChange,,completed,,1789243336961,1789243336965
33422,2026-09-12T20:02:18.597Z,research,CommandExecution,,completed,0,1789243338461,1789243338596
33425,2026-09-12T20:02:21.339Z,research,CommandExecution,,completed,0,1789243337222,1789243341339
33430,2026-09-12T20:02:24.131Z,research,CommandExecution,,completed,0,1789243344130,1789243344131
33437,2026-09-12T20:02:49.218Z,research,AgentMessage,,,,1789243367693,1789243369218
33441,2026-09-12T20:02:50.443Z,research,CommandExecution,,completed,0,1789243370442,1789243370442
33442,2026-09-12T20:02:50.575Z,research,CommandExecution,,completed,0,1789243370574,1789243370575
33449,2026-09-12T20:03:56.491Z,research,FileChange,,completed,,1789243436489,1789243436491
33450,2026-09-12T20:03:56.730Z,research,CommandExecution,,completed,0,1789243436729,1789243436729
33457,2026-09-12T20:04:41.926Z,research,CommandExecution,,completed,0,1789243481657,1789243481926
33462,2026-09-12T20:04:52.836Z,research,AgentMessage,,,,1789243491516,1789243492836
33466,2026-09-12T20:04:56.291Z,research,CommandExecution,,completed,0,1789243496286,1789243496289
33467,2026-09-12T20:04:56.323Z,research,CommandExecution,,completed,0,1789243496309,1789243496322
33468,2026-09-12T20:04:56.376Z,research,CommandExecution,,completed,0,1789243496364,1789243496375
33469,2026-09-12T20:04:56.433Z,research,CommandExecution,,completed,0,1789243496431,1789243496432
33476,2026-09-12T20:05:16.909Z,research,CommandExecution,,completed,0,1789243516813,1789243516904
33477,2026-09-12T20:05:16.913Z,research,CommandExecution,,completed,0,1789243516860,1789243516904
33478,2026-09-12T20:05:16.916Z,research,CommandExecution,,completed,0,1789243516882,1789243516905
33479,2026-09-12T20:05:16.928Z,research,CommandExecution,,completed,0,1789243516927,1789243516928
33486,2026-09-12T20:05:41.398Z,research,CommandExecution,,completed,0,1789243541356,1789243541397
33487,2026-09-12T20:05:41.401Z,research,CommandExecution,,completed,0,1789243541298,1789243541397
33488,2026-09-12T20:05:41.406Z,research,CommandExecution,,completed,0,1789243541377,1789243541398
33489,2026-09-12T20:05:41.433Z,research,CommandExecution,,completed,0,1789243541429,1789243541432
33496,2026-09-12T20:06:28.779Z,research,AgentMessage,,,,1789243586847,1789243588779
33500,2026-09-12T20:06:32.038Z,research,CommandExecution,,completed,0,1789243591991,1789243592032
33501,2026-09-12T20:06:32.042Z,research,CommandExecution,,completed,0,1789243591931,1789243592032
33502,2026-09-12T20:06:32.048Z,research,CommandExecution,,completed,0,1789243592011,1789243592039
33503,2026-09-12T20:06:32.063Z,research,CommandExecution,,completed,0,1789243592056,1789243592062
33510,2026-09-12T20:06:38.444Z,research,CommandExecution,,completed,0,1789243598443,1789243598444
33525,2026-09-12T20:08:08.933Z,research,CommandExecution,,completed,0,1789243688932,1789243688932
33526,2026-09-12T20:08:08.952Z,research,FileChange,,completed,,1789243688951,1789243688952
33535,2026-09-12T20:08:50.335Z,research,Extension,web.search,,,1789243728705,1789243730334
33536,2026-09-12T20:08:50.493Z,research,CommandExecution,,completed,0,1789243730492,1789243730493
33543,2026-09-12T20:09:05.347Z,research,Extension,web.search,,,1789243744036,1789243745347
33550,2026-09-12T20:09:11.561Z,research,CommandExecution,,completed,0,1789243751561,1789243751561
33551,2026-09-12T20:09:13.496Z,research,Extension,web.search,,,1789243751634,1789243753495
33560,2026-09-12T20:09:34.718Z,research,CommandExecution,,completed,0,1789243772803,1789243774718
33565,2026-09-12T20:09:46.227Z,research,CommandExecution,,completed,0,1789243786227,1789243786227
33572,2026-09-12T20:10:10.294Z,research,CommandExecution,,completed,0,1789243810293,1789243810294
33573,2026-09-12T20:10:10.420Z,research,CommandExecution,,completed,0,1789243810419,1789243810420
33580,2026-09-12T20:10:18.186Z,research,CommandExecution,,completed,0,1789243818185,1789243818186
33581,2026-09-12T20:10:18.312Z,research,CommandExecution,,completed,0,1789243818311,1789243818311
33596,2026-09-12T20:12:08.028Z,research,AgentMessage,,,,1789243926344,1789243928028
33600,2026-09-12T20:12:11.155Z,research,Extension,web.search,,,1789243929724,1789243931154
33613,2026-09-12T20:14:12.320Z,research,FileChange,,completed,,1789244052316,1789244052319
33622,2026-09-12T20:15:40.898Z,research,CommandExecution,,completed,0,1789244140897,1789244140898
33623,2026-09-12T20:15:40.918Z,research,FileChange,,completed,,1789244140916,1789244140918
33630,2026-09-12T20:15:49.372Z,research,CommandExecution,,completed,0,1789244149371,1789244149372
33637,2026-09-12T20:16:36.959Z,research,CommandExecution,,completed,0,1789244196753,1789244196959
33642,2026-09-12T20:16:53.144Z,research,AgentMessage,,,,1789244210959,1789244213144
33645,2026-09-12T20:16:56.863Z,research,CommandExecution,,completed,0,1789244216703,1789244216862
33646,2026-09-12T20:16:56.868Z,research,CommandExecution,,completed,0,1789244216777,1789244216863
33647,2026-09-12T20:16:56.872Z,research,CommandExecution,,completed,0,1789244216825,1789244216863
33649,2026-09-12T20:16:56.891Z,research,CommandExecution,,completed,0,1789244216880,1789244216891
33662,2026-09-12T20:20:01.040Z,research,FileChange,,completed,,1789244401039,1789244401040
33663,2026-09-12T20:20:01.250Z,research,CommandExecution,,completed,0,1789244401248,1789244401250
33670,2026-09-12T20:20:35.562Z,research,CommandExecution,,completed,0,1789244435561,1789244435562
33690,2026-09-12T20:23:02.889Z,research,CommandExecution,,completed,0,1789244582888,1789244582888
33698,2026-09-12T20:23:35.665Z,research,AgentMessage,,,,1789244613509,1789244615665
33702,2026-09-12T20:24:39.360Z,research,Extension,web.search,,,1789244677200,1789244679359
33703,2026-09-12T20:24:39.376Z,research,FileChange,,completed,,1789244679375,1789244679376
33712,2026-09-12T20:25:41.126Z,research,CommandExecution,,completed,0,1789244741035,1789244741125
33721,2026-09-12T20:26:17.040Z,research,CommandExecution,,completed,0,1789244777039,1789244777040
33722,2026-09-12T20:26:17.170Z,research,CommandExecution,,completed,0,1789244777169,1789244777170
33729,2026-09-12T20:26:42.091Z,research,CommandExecution,,completed,0,1789244802090,1789244802091
33730,2026-09-12T20:26:42.259Z,research,CommandExecution,,completed,0,1789244802258,1789244802259
33743,2026-09-12T20:27:44.523Z,research,CommandExecution,,completed,0,1789244864522,1789244864523
33749,2026-09-12T20:29:26.344Z,research,FileChange,,completed,,1789244966342,1789244966344
33751,2026-09-12T20:29:26.505Z,research,CommandExecution,,completed,0,1789244966504,1789244966504
33754,2026-09-12T20:29:31.842Z,research,CommandExecution,,failed,1,1789244966761,1789244971841
33765,2026-09-12T20:30:27.898Z,research,AgentMessage,,,,1789245021489,1789245027898
33769,2026-09-12T20:30:34.263Z,research,CommandExecution,,completed,0,1789245034262,1789245034263
33772,2026-09-12T20:30:39.645Z,research,CommandExecution,,completed,0,1789245034516,1789245039645
33787,2026-09-12T20:32:52.280Z,research,FileChange,,completed,,1789245172279,1789245172280
33788,2026-09-12T20:32:53.298Z,research,CommandExecution,,completed,0,1789245172541,1789245173297
33793,2026-09-12T20:33:16.780Z,research,AgentMessage,,,,1789245194994,1789245196780
33803,2026-09-12T20:33:39.989Z,research,AgentMessage,,,,1789245218289,1789245219989
33806,2026-09-12T20:33:42.041Z,research,CommandExecution,,completed,0,1789245221962,1789245222041
33807,2026-09-12T20:33:42.045Z,research,CommandExecution,,completed,0,1789245221996,1789245222041
33809,2026-09-12T20:33:42.061Z,research,CommandExecution,,completed,0,1789245222058,1789245222060
33815,2026-09-12T20:33:54.234Z,research,CommandExecution,,completed,0,1789245234228,1789245234231
33816,2026-09-12T20:33:54.339Z,research,CommandExecution,,completed,0,1789245234235,1789245234284
33817,2026-09-12T20:33:54.360Z,research,CommandExecution,,completed,0,1789245234338,1789245234359
33819,2026-09-12T20:33:54.383Z,research,CommandExecution,,completed,0,1789245234361,1789245234377
33820,2026-09-12T20:33:54.405Z,research,CommandExecution,,completed,0,1789245234404,1789245234405
33829,2026-09-12T20:41:23.921Z,research,ContextCompaction,,,,1789245234440,1789245683921
33832,2026-09-12T20:41:30.129Z,research,CommandExecution,,completed,0,1789245690015,1789245690128
33833,2026-09-12T20:41:30.133Z,research,CommandExecution,,completed,0,1789245690088,1789245690129
33834,2026-09-12T20:41:30.153Z,research,CommandExecution,,completed,0,1789245690152,1789245690153
33839,2026-09-12T20:41:35.666Z,research,AgentMessage,,,,1789245693685,1789245695666
33843,2026-09-12T20:41:40.507Z,research,CommandExecution,,failed,1,1789245700471,1789245700507
33844,2026-09-12T20:41:40.511Z,research,CommandExecution,,completed,0,1789245700411,1789245700507
33845,2026-09-12T20:41:40.515Z,research,CommandExecution,,completed,0,1789245700493,1789245700507
33846,2026-09-12T20:41:40.533Z,research,CommandExecution,,completed,0,1789245700532,1789245700533
33853,2026-09-12T20:41:57.683Z,research,CommandExecution,,completed,0,1789245717342,1789245717681
33854,2026-09-12T20:41:57.688Z,research,CommandExecution,,completed,0,1789245717412,1789245717682
33855,2026-09-12T20:41:57.692Z,research,CommandExecution,,completed,0,1789245717390,1789245717682
33856,2026-09-12T20:41:57.698Z,research,CommandExecution,,completed,0,1789245717476,1789245717682
33857,2026-09-12T20:41:57.702Z,research,CommandExecution,,completed,0,1789245717641,1789245717683
33858,2026-09-12T20:41:57.707Z,research,CommandExecution,,completed,0,1789245717565,1789245717683
33859,2026-09-12T20:41:57.729Z,research,CommandExecution,,completed,0,1789245717703,1789245717726
33866,2026-09-12T20:42:08.686Z,research,CommandExecution,,completed,0,1789245728663,1789245728685
33867,2026-09-12T20:42:08.712Z,research,CommandExecution,,completed,0,1789245728711,1789245728712
33868,2026-09-12T20:42:08.837Z,research,CommandExecution,,completed,0,1789245728835,1789245728836
33873,2026-09-12T20:42:27.909Z,research,AgentMessage,,,,1789245746058,1789245747909
33877,2026-09-12T20:43:05.145Z,research,FileChange,,completed,,1789245785140,1789245785144
33884,2026-09-12T20:43:26.315Z,research,CommandExecution,,completed,0,1789245806237,1789245806314
33891,2026-09-12T20:43:49.642Z,research,CommandExecution,,completed,0,1789245829479,1789245829642
33892,2026-09-12T20:43:49.646Z,research,CommandExecution,,completed,0,1789245829539,1789245829642
33893,2026-09-12T20:43:49.649Z,research,CommandExecution,,completed,0,1789245829607,1789245829642
33894,2026-09-12T20:43:49.672Z,research,CommandExecution,,completed,0,1789245829671,1789245829671
33901,2026-09-12T20:43:56.610Z,research,CommandExecution,,completed,0,1789245836605,1789245836608
33902,2026-09-12T20:43:56.637Z,research,CommandExecution,,completed,0,1789245836627,1789245836636
33903,2026-09-12T20:43:56.668Z,research,CommandExecution,,completed,0,1789245836667,1789245836668
33909,2026-09-12T20:44:07.503Z,research,CommandExecution,,completed,0,1789245847498,1789245847501
33911,2026-09-12T20:44:07.539Z,research,CommandExecution,,completed,0,1789245847523,1789245847539
33912,2026-09-12T20:44:07.608Z,research,CommandExecution,,completed,0,1789245847608,1789245847608
33917,2026-09-12T20:44:31.179Z,research,AgentMessage,,,,1789245869733,1789245871179
33921,2026-09-12T20:44:32.290Z,research,CommandExecution,,completed,0,1789245872289,1789245872289
33928,2026-09-12T20:45:14.634Z,research,FileChange,,completed,,1789245914629,1789245914634
33935,2026-09-12T20:45:35.546Z,research,FileChange,,completed,,1789245935542,1789245935546
33936,2026-09-12T20:45:35.872Z,research,CommandExecution,,completed,0,1789245935798,1789245935872
33943,2026-09-12T20:46:20.774Z,research,AgentMessage,,,,1789245978331,1789245980774
33947,2026-09-12T20:46:23.908Z,research,CommandExecution,,completed,0,1789245983907,1789245983908
33956,2026-09-12T20:49:01.612Z,research,FileChange,,completed,,1789246141611,1789246141612
33961,2026-09-12T20:49:19.381Z,research,AgentMessage,,,,1789246158057,1789246159381
33965,2026-09-12T20:49:29.061Z,research,CommandExecution,,completed,0,1789246169060,1789246169061
33976,2026-09-12T20:50:22.905Z,research,CommandExecution,,completed,0,1789246222904,1789246222905
33977,2026-09-12T20:50:22.923Z,research,CommandExecution,,completed,0,1789246222907,1789246222923
33978,2026-09-12T20:50:22.959Z,research,CommandExecution,,completed,0,1789246222958,1789246222959
33987,2026-09-12T20:51:24.484Z,research,AgentMessage,,,,1789246282706,1789246284484
33991,2026-09-12T20:51:28.685Z,research,CommandExecution,,completed,0,1789246288684,1789246288685
33998,2026-09-12T20:52:19.287Z,research,Extension,clock.sleep,,,1789246294286,1789246339287
34007,2026-09-12T20:53:03.826Z,research,AgentMessage,,,,1789246382098,1789246383826
34011,2026-09-12T20:53:48.981Z,research,Extension,clock.sleep,,,1789246383979,1789246428981
34026,2026-09-12T20:54:34.219Z,research,FileChange,,completed,,1789246474216,1789246474218
34027,2026-09-12T20:54:34.487Z,research,CommandExecution,,completed,0,1789246474486,1789246474487
34032,2026-09-12T20:54:41.426Z,research,AgentMessage,,,,1789246479607,1789246481426
34036,2026-09-12T20:55:26.939Z,research,Extension,clock.sleep,,,1789246481937,1789246526939
34047,2026-09-12T20:55:50.791Z,research,AgentMessage,,,,1789246547238,1789246550791
34051,2026-09-12T20:56:35.866Z,research,Extension,clock.sleep,,,1789246550865,1789246595866
34060,2026-09-12T20:56:49.919Z,closeout,Extension,clock.sleep,,,1789246602919,1789246609919
34065,2026-09-12T20:56:54.808Z,closeout,AgentMessage,,,,1789246613565,1789246614808
34075,2026-09-12T20:57:02.459Z,closeout,CommandExecution,,completed,0,1789246616515,1789246622457
34081,2026-09-12T20:57:12.102Z,closeout,CommandExecution,,completed,0,1789246631865,1789246632101
34083,2026-09-12T20:57:12.110Z,closeout,CommandExecution,,completed,0,1789246631942,1789246632101
34084,2026-09-12T20:57:12.113Z,closeout,CommandExecution,,completed,0,1789246632063,1789246632102
34085,2026-09-12T20:57:12.115Z,closeout,CommandExecution,,completed,0,1789246632012,1789246632102
34086,2026-09-12T20:57:12.128Z,closeout,CommandExecution,,completed,0,1789246632121,1789246632128
34091,2026-09-12T20:57:17.299Z,closeout,AgentMessage,,,,1789246635246,1789246637299
34099,2026-09-12T20:57:38.605Z,closeout,AgentMessage,,,,1789246654556,1789246658605
34110,2026-09-14T14:13:06.325Z,manuscript,AgentMessage,,,,1789395180912,1789395186325
34114,2026-09-14T14:13:08.975Z,manuscript,CommandExecution,,completed,0,1789395188786,1789395188969
34115,2026-09-14T14:13:08.978Z,manuscript,CommandExecution,,completed,0,1789395188848,1789395188969
34116,2026-09-14T14:13:08.981Z,manuscript,CommandExecution,,completed,0,1789395188936,1789395188970
34117,2026-09-14T14:13:09.009Z,manuscript,CommandExecution,,completed,0,1789395189009,1789395189009
34123,2026-09-14T14:13:32.833Z,manuscript,AgentMessage,,,,1789395212833,1789395212833
34129,2026-09-14T14:13:46.762Z,manuscript,CommandExecution,,completed,0,1789395226615,1789395226761
34130,2026-09-14T14:13:46.766Z,manuscript,CommandExecution,,completed,0,1789395226672,1789395226761
34131,2026-09-14T14:13:46.769Z,manuscript,CommandExecution,,completed,0,1789395226753,1789395226762
34132,2026-09-14T14:13:46.772Z,manuscript,CommandExecution,,completed,0,1789395226675,1789395226763
34133,2026-09-14T14:13:46.862Z,manuscript,CommandExecution,,completed,0,1789395226861,1789395226862
34138,2026-09-14T14:13:56.043Z,manuscript,AgentMessage,,,,1789395233600,1789395236043
34141,2026-09-14T14:14:07.723Z,manuscript,CommandExecution,,completed,0,1789395247455,1789395247722
34142,2026-09-14T14:14:07.728Z,manuscript,CommandExecution,,completed,0,1789395247518,1789395247723
34144,2026-09-14T14:14:07.737Z,manuscript,CommandExecution,,completed,0,1789395247617,1789395247723
34145,2026-09-14T14:14:07.740Z,manuscript,CommandExecution,,completed,0,1789395247688,1789395247723
34146,2026-09-14T14:14:08.068Z,manuscript,CommandExecution,,completed,0,1789395247869,1789395248068
34153,2026-09-14T14:14:17.313Z,manuscript,Extension,web.search,,,1789395254097,1789395257313
34160,2026-09-14T14:14:25.145Z,manuscript,Extension,web.search,,,1789395263581,1789395265145
34166,2026-09-14T14:14:35.812Z,manuscript,AgentMessage,,,,1789395275811,1789395275811
34174,2026-09-14T14:15:11.774Z,manuscript,CommandExecution,,completed,0,1789395311774,1789395311774
34175,2026-09-14T14:15:11.808Z,manuscript,CommandExecution,,completed,0,1789395311807,1789395311808
34176,2026-09-14T14:15:13.085Z,manuscript,CommandExecution,,completed,0,1789395311881,1789395313084
34189,2026-09-14T14:16:26.814Z,manuscript,Extension,web.search,,,1789395385235,1789395386813
34196,2026-09-14T14:16:52.758Z,manuscript,Extension,web.search,,,1789395410562,1789395412758
34203,2026-09-14T14:17:44.277Z,manuscript,CommandExecution,,completed,0,1789395464277,1789395464277
34204,2026-09-14T14:17:44.294Z,manuscript,FileChange,,completed,,1789395464292,1789395464294
34209,2026-09-14T14:17:52.658Z,manuscript,AgentMessage,,,,1789395470585,1789395472658
34218,2026-09-14T14:20:42.736Z,manuscript,FileChange,,completed,,1789395642734,1789395642735
34225,2026-09-14T14:20:51.956Z,manuscript,FileChange,,completed,,1789395651954,1789395651956
34229,2026-09-14T14:20:53.743Z,manuscript,CommandExecution,,failed,1,1789395652205,1789395653743
34240,2026-09-14T14:21:18.261Z,manuscript,CommandExecution,,completed,0,1789395676814,1789395678258
34247,2026-09-14T14:21:45.146Z,manuscript,CommandExecution,,completed,0,1789395703492,1789395705146
34248,2026-09-14T14:21:45.163Z,manuscript,FileChange,,completed,,1789395705160,1789395705163
34251,2026-09-14T14:21:47.314Z,manuscript,CommandExecution,,completed,0,1789395705408,1789395707314
34256,2026-09-14T14:22:14.115Z,manuscript,Extension,web.search,,,1789395731978,1789395734114
34263,2026-09-14T14:22:25.115Z,manuscript,CommandExecution,,completed,0,1789395745013,1789395745108
34264,2026-09-14T14:22:25.155Z,manuscript,CommandExecution,,completed,0,1789395745155,1789395745155
34265,2026-09-14T14:22:25.791Z,manuscript,CommandExecution,,completed,0,1789395745177,1789395745791
34275,2026-09-14T14:23:23.815Z,manuscript,CommandExecution,,failed,1,1789395803706,1789395803814
34276,2026-09-14T14:23:23.818Z,manuscript,CommandExecution,,failed,1,1789395803786,1789395803815
34278,2026-09-14T14:23:23.835Z,manuscript,CommandExecution,,failed,1,1789395803835,1789395803835
34279,2026-09-14T14:23:24.367Z,manuscript,CommandExecution,,completed,0,1789395803706,1789395804366
34283,2026-09-14T14:23:24.390Z,manuscript,UserMessage,,,,1789395804389,1789395804389
34286,2026-09-14T14:23:35.082Z,manuscript,AgentMessage,,,,1789395812670,1789395815082
34295,2026-09-14T14:24:20.396Z,manuscript,CommandExecution,,completed,0,1789395860276,1789395860396
34296,2026-09-14T14:24:20.400Z,manuscript,CommandExecution,,completed,0,1789395860367,1789395860397
34297,2026-09-14T14:24:20.402Z,manuscript,CommandExecution,,completed,0,1789395860369,1789395860397
34299,2026-09-14T14:24:20.418Z,manuscript,CommandExecution,,failed,1,1789395860418,1789395860418
34308,2026-09-14T14:25:22.764Z,manuscript,FileChange,,completed,,1789395922759,1789395922762
34311,2026-09-14T14:25:24.986Z,manuscript,CommandExecution,,completed,0,1789395923012,1789395924986
34315,2026-09-14T14:25:47.864Z,manuscript,FileChange,,completed,,1789395947861,1789395947864
34317,2026-09-14T14:25:48.017Z,manuscript,CommandExecution,,completed,0,1789395948016,1789395948017
34318,2026-09-14T14:25:48.147Z,manuscript,CommandExecution,,completed,0,1789395948146,1789395948147
34319,2026-09-14T14:25:48.298Z,manuscript,CommandExecution,,completed,0,1789395948298,1789395948298
34324,2026-09-14T14:25:56.618Z,manuscript,AgentMessage,,,,1789395953852,1789395956617
34328,2026-09-14T14:26:03.323Z,manuscript,CommandExecution,,completed,0,1789395963090,1789395963322
34329,2026-09-14T14:26:04.844Z,manuscript,Extension,web.search,,,1789395963398,1789395964843
34336,2026-09-14T14:26:34.632Z,manuscript,CommandExecution,,completed,0,1789395993383,1789395994632
34337,2026-09-14T14:26:36.887Z,manuscript,Extension,web.search,,,1789395994455,1789395996886
34346,2026-09-14T14:27:12.243Z,manuscript,CommandExecution,,completed,0,1789396032242,1789396032243
34352,2026-09-14T14:27:36.840Z,manuscript,CommandExecution,,completed,0,1789396056836,1789396056839
34353,2026-09-14T14:27:36.859Z,manuscript,CommandExecution,,completed,0,1789396056841,1789396056859
34355,2026-09-14T14:27:36.931Z,manuscript,CommandExecution,,completed,0,1789396056930,1789396056931
34361,2026-09-14T14:28:02.149Z,manuscript,CommandExecution,,completed,0,1789396082145,1789396082148
34363,2026-09-14T14:28:02.178Z,manuscript,CommandExecution,,completed,0,1789396082165,1789396082175
34364,2026-09-14T14:28:02.203Z,manuscript,CommandExecution,,completed,0,1789396082202,1789396082203
34379,2026-09-14T14:33:45.000Z,manuscript,AgentMessage,,,,1789396422747,1789396425000
34389,2026-09-14T14:37:07.931Z,manuscript,FileChange,,completed,,1789396627927,1789396627929
34395,2026-09-14T14:38:20.123Z,manuscript,FileChange,,completed,,1789396700122,1789396700123
34404,2026-09-14T14:40:42.101Z,manuscript,FileChange,,completed,,1789396842099,1789396842101
34414,2026-09-14T14:48:29.101Z,manuscript,ContextCompaction,,,,1789396842125,1789397309101
34417,2026-09-14T14:48:33.387Z,manuscript,CommandExecution,,completed,0,1789397313387,1789397313387
34422,2026-09-14T14:48:38.643Z,manuscript,AgentMessage,,,,1789397317187,1789397318642
34426,2026-09-14T14:48:44.547Z,manuscript,CommandExecution,,completed,0,1789397324534,1789397324546
34427,2026-09-14T14:48:44.574Z,manuscript,CommandExecution,,completed,0,1789397324573,1789397324574
34428,2026-09-14T14:48:44.595Z,manuscript,CommandExecution,,completed,0,1789397324594,1789397324595
34435,2026-09-14T14:48:58.955Z,manuscript,CommandExecution,,completed,0,1789397338936,1789397338954
34436,2026-09-14T14:48:59.009Z,manuscript,CommandExecution,,completed,0,1789397339007,1789397339008
34443,2026-09-14T14:49:09.966Z,manuscript,CommandExecution,,completed,0,1789397349965,1789397349966
34444,2026-09-14T14:49:11.485Z,manuscript,Extension,web.search,,,1789397350037,1789397351485
34451,2026-09-14T14:49:22.665Z,manuscript,Extension,web.search,,,1789397360703,1789397362664
34452,2026-09-14T14:49:22.833Z,manuscript,CommandExecution,,completed,0,1789397362832,1789397362833
34457,2026-09-14T14:49:29.300Z,manuscript,AgentMessage,,,,1789397366928,1789397369299
34461,2026-09-14T14:51:21.090Z,manuscript,FileChange,,completed,,1789397481088,1789397481090
34468,2026-09-14T14:51:38.435Z,manuscript,CommandExecution,,completed,0,1789397498433,1789397498434
34469,2026-09-14T14:51:38.477Z,manuscript,CommandExecution,,completed,0,1789397498475,1789397498476
34476,2026-09-14T14:54:38.564Z,manuscript,FileChange,,completed,,1789397678561,1789397678564
34483,2026-09-14T14:54:56.465Z,manuscript,Extension,web.search,,,1789397694944,1789397696465
34486,2026-09-14T14:54:58.466Z,manuscript,CommandExecution,,completed,0,1789397696708,1789397698466
34491,2026-09-14T14:55:02.795Z,manuscript,CommandExecution,,completed,0,1789397702794,1789397702795
34496,2026-09-14T14:55:09.246Z,manuscript,AgentMessage,,,,1789397707090,1789397709246
34500,2026-09-14T14:55:13.039Z,manuscript,CommandExecution,,completed,0,1789397713038,1789397713038
34501,2026-09-14T14:55:13.203Z,manuscript,CommandExecution,,completed,0,1789397713202,1789397713202
34508,2026-09-14T14:55:24.945Z,manuscript,CommandExecution,,completed,0,1789397724943,1789397724944
34509,2026-09-14T14:55:26.425Z,manuscript,Extension,web.search,,,1789397725018,1789397726425
34516,2026-09-14T14:58:06.061Z,manuscript,FileChange,,completed,,1789397886057,1789397886061
34523,2026-09-14T14:58:23.799Z,manuscript,Extension,web.search,,,1789397902138,1789397903799
34524,2026-09-14T14:58:23.983Z,manuscript,CommandExecution,,completed,0,1789397903982,1789397903982
34531,2026-09-14T14:58:36.339Z,manuscript,Extension,web.search,,,1789397913964,1789397916338
34532,2026-09-14T14:58:36.466Z,manuscript,CommandExecution,,completed,0,1789397916465,1789397916466
34539,2026-09-14T14:58:45.491Z,manuscript,Extension,web.search,,,1789397924152,1789397925491
34540,2026-09-14T14:58:45.627Z,manuscript,CommandExecution,,failed,2,1789397925626,1789397925627
34547,2026-09-14T15:00:27.494Z,manuscript,FileChange,,completed,,1789398027492,1789398027494
34553,2026-09-14T15:01:22.640Z,manuscript,FileChange,,completed,,1789398082639,1789398082640
34555,2026-09-14T15:01:22.834Z,manuscript,CommandExecution,,completed,0,1789398082833,1789398082834
34556,2026-09-14T15:01:22.955Z,manuscript,CommandExecution,,failed,1,1789398082954,1789398082954
34561,2026-09-14T15:01:27.005Z,manuscript,AgentMessage,,,,1789398085399,1789398087005
34565,2026-09-14T15:01:50.715Z,manuscript,CommandExecution,,completed,0,1789398110715,1789398110715
34566,2026-09-14T15:01:52.132Z,manuscript,CommandExecution,,completed,0,1789398112131,1789398112132
34573,2026-09-14T15:02:09.557Z,manuscript,CommandExecution,,completed,0,1789398129556,1789398129557
34574,2026-09-14T15:02:09.643Z,manuscript,CommandExecution,,completed,0,1789398129643,1789398129643
34581,2026-09-14T15:02:22.085Z,manuscript,CommandExecution,,completed,0,1789398142084,1789398142085
34582,2026-09-14T15:02:22.208Z,manuscript,CommandExecution,,completed,0,1789398142206,1789398142208
34589,2026-09-14T15:02:33.758Z,manuscript,CommandExecution,,completed,0,1789398153757,1789398153758
34594,2026-09-14T15:03:35.564Z,manuscript,CommandExecution,,completed,0,1789398110961,1789398215564
34596,2026-09-14T15:05:35.628Z,manuscript,FileChange,,completed,,1789398335626,1789398335628
34604,2026-09-14T15:05:44.777Z,manuscript,CommandExecution,,completed,0,1789398344776,1789398344777
34609,2026-09-14T15:06:00.106Z,manuscript,AgentMessage,,,,1789398357655,1789398360106
34613,2026-09-14T15:06:07.748Z,manuscript,CommandExecution,,completed,0,1789398367747,1789398367747
34614,2026-09-14T15:06:07.816Z,manuscript,CommandExecution,,completed,0,1789398367815,1789398367816
34615,2026-09-14T15:06:09.233Z,manuscript,Extension,web.search,,,1789398367891,1789398369233
34628,2026-09-14T15:08:52.152Z,manuscript,FileChange,,completed,,1789398532143,1789398532151
34631,2026-09-14T15:08:59.193Z,manuscript,CommandExecution,,completed,0,1789398532403,1789398539193
34636,2026-09-14T15:09:09.384Z,manuscript,CommandExecution,,completed,0,1789398549369,1789398549383
34637,2026-09-14T15:09:09.401Z,manuscript,CommandExecution,,completed,0,1789398549400,1789398549401
34638,2026-09-14T15:09:09.428Z,manuscript,CommandExecution,,completed,0,1789398549427,1789398549428
34645,2026-09-14T15:09:20.834Z,manuscript,CommandExecution,,completed,0,1789398560833,1789398560834
34646,2026-09-14T15:09:21.005Z,manuscript,CommandExecution,,completed,0,1789398561004,1789398561005
34652,2026-09-14T15:12:00.189Z,manuscript,FileChange,,completed,,1789398720186,1789398720189
34660,2026-09-14T15:12:16.757Z,manuscript,Extension,web.search,,,1789398735223,1789398736757
34661,2026-09-14T15:12:16.940Z,manuscript,CommandExecution,,completed,0,1789398736939,1789398736940
34668,2026-09-14T15:12:46.461Z,manuscript,Extension,web.search,,,1789398764777,1789398766461
34669,2026-09-14T15:12:46.612Z,manuscript,CommandExecution,,completed,0,1789398766610,1789398766611
34676,2026-09-14T15:13:01.889Z,manuscript,Extension,web.search,,,1789398778847,1789398781888
34677,2026-09-14T15:13:02.057Z,manuscript,CommandExecution,,completed,0,1789398782055,1789398782056
34684,2026-09-14T15:13:14.126Z,manuscript,CommandExecution,,completed,0,1789398794124,1789398794125
34691,2026-09-14T15:13:30.095Z,manuscript,CommandExecution,,completed,0,1789398810093,1789398810094
34692,2026-09-14T15:13:31.646Z,manuscript,Extension,web.search,,,1789398810166,1789398811646
34699,2026-09-14T15:15:31.901Z,manuscript,FileChange,,completed,,1789398931900,1789398931901
34706,2026-09-14T15:15:47.555Z,manuscript,CommandExecution,,completed,0,1789398947555,1789398947555
34707,2026-09-14T15:15:47.685Z,manuscript,CommandExecution,,completed,0,1789398947684,1789398947685
34712,2026-09-14T15:15:57.531Z,manuscript,AgentMessage,,,,1789398955907,1789398957531
34722,2026-09-14T15:16:51.759Z,manuscript,CommandExecution,,completed,0,1789399011758,1789399011759
34731,2026-09-14T15:21:40.209Z,manuscript,ContextCompaction,,,,1789399011790,1789399300209
34734,2026-09-14T15:21:44.956Z,manuscript,AgentMessage,,,,1789399303680,1789399304956
34738,2026-09-14T15:21:48.086Z,manuscript,CommandExecution,,completed,0,1789399308084,1789399308086
34739,2026-09-14T15:21:48.132Z,manuscript,CommandExecution,,completed,0,1789399308131,1789399308131
34746,2026-09-14T15:21:58.390Z,manuscript,CommandExecution,,completed,0,1789399318388,1789399318389
34757,2026-09-14T15:23:18.170Z,manuscript,FileChange,,completed,,1789399398166,1789399398170
34764,2026-09-14T15:23:29.808Z,manuscript,CommandExecution,,completed,0,1789399409794,1789399409807
34765,2026-09-14T15:23:29.833Z,manuscript,CommandExecution,,completed,0,1789399409832,1789399409833
34768,2026-09-14T15:23:36.110Z,manuscript,CommandExecution,,completed,0,1789399409794,1789399416110
34771,2026-09-14T15:23:42.703Z,manuscript,CommandExecution,,completed,0,1789399422652,1789399422699
34772,2026-09-14T15:23:42.710Z,manuscript,CommandExecution,,completed,0,1789399422700,1789399422708
34777,2026-09-14T15:23:48.500Z,manuscript,AgentMessage,,,,1789399426892,1789399428500
34781,2026-09-14T15:23:51.623Z,manuscript,CommandExecution,,completed,0,1789399431621,1789399431622
34788,2026-09-14T15:24:07.207Z,manuscript,CommandExecution,,completed,0,1789399447206,1789399447206
34789,2026-09-14T15:24:09.072Z,manuscript,Extension,web.search,,,1789399447167,1789399449072
34796,2026-09-14T15:25:50.418Z,manuscript,FileChange,,completed,,1789399550416,1789399550417
34803,2026-09-14T15:27:05.655Z,manuscript,FileChange,,completed,,1789399625653,1789399625654
34808,2026-09-14T15:27:12.477Z,manuscript,AgentMessage,,,,1789399630993,1789399632477
34812,2026-09-14T15:27:19.309Z,manuscript,CommandExecution,,completed,0,1789399639284,1789399639306
34813,2026-09-14T15:27:19.348Z,manuscript,CommandExecution,,completed,0,1789399639346,1789399639347
34820,2026-09-14T15:27:51.455Z,manuscript,CommandExecution,,completed,0,1789399671455,1789399671455
34827,2026-09-14T15:28:03.485Z,manuscript,CommandExecution,,completed,0,1789399683483,1789399683484
34832,2026-09-14T15:28:38.723Z,manuscript,FileChange,,completed,,1789399718719,1789399718723
34839,2026-09-14T15:28:50.568Z,manuscript,CommandExecution,,completed,0,1789399730556,1789399730567
34842,2026-09-14T15:28:56.168Z,manuscript,CommandExecution,,completed,0,1789399730719,1789399736168
34846,2026-09-14T15:30:13.960Z,manuscript,FileChange,,completed,,1789399813958,1789399813960
34852,2026-09-14T15:30:21.754Z,manuscript,AgentMessage,,,,1789399820011,1789399821753
34856,2026-09-14T15:30:30.444Z,manuscript,CommandExecution,,completed,0,1789399830412,1789399830440
34857,2026-09-14T15:30:30.492Z,manuscript,CommandExecution,,completed,0,1789399830491,1789399830492
34864,2026-09-14T15:30:44.276Z,manuscript,CommandExecution,,completed,0,1789399844274,1789399844276
34871,2026-09-14T15:32:41.522Z,manuscript,FileChange,,completed,,1789399961518,1789399961522
34878,2026-09-14T15:32:59.508Z,manuscript,Extension,web.search,,,1789399977917,1789399979508
34879,2026-09-14T15:32:59.648Z,manuscript,CommandExecution,,completed,0,1789399979647,1789399979648
34886,2026-09-14T15:33:49.123Z,manuscript,FileChange,,completed,,1789400029119,1789400029123
34895,2026-09-14T15:34:13.906Z,manuscript,CommandExecution,,completed,0,1789400049951,1789400053906
34898,2026-09-14T15:34:18.336Z,manuscript,AgentMessage,,,,1789400056374,1789400058336
34902,2026-09-14T15:34:22.409Z,manuscript,CommandExecution,,completed,0,1789400062358,1789400062409
34903,2026-09-14T15:34:22.414Z,manuscript,CommandExecution,,completed,0,1789400062404,1789400062409
34910,2026-09-14T15:34:33.799Z,manuscript,CommandExecution,,completed,0,1789400073798,1789400073799
34917,2026-09-14T15:34:41.863Z,manuscript,CommandExecution,,completed,0,1789400081862,1789400081863
34924,2026-09-14T15:34:47.596Z,manuscript,CommandExecution,,completed,0,1789400087595,1789400087596
34930,2026-09-14T15:34:52.687Z,manuscript,CommandExecution,,completed,0,1789400092682,1789400092686
34938,2026-09-14T15:35:00.047Z,manuscript,CommandExecution,,completed,0,1789400100045,1789400100047
34944,2026-09-14T15:35:19.588Z,manuscript,FileChange,,completed,,1789400119585,1789400119588
34946,2026-09-14T15:35:19.798Z,manuscript,CommandExecution,,completed,0,1789400119797,1789400119797
34953,2026-09-14T15:35:29.635Z,manuscript,CommandExecution,,completed,0,1789400129635,1789400129635
34959,2026-09-14T15:37:23.131Z,manuscript,FileChange,,completed,,1789400243128,1789400243131
34966,2026-09-14T15:38:33.886Z,manuscript,FileChange,,completed,,1789400313885,1789400313886
34974,2026-09-14T15:38:47.396Z,manuscript,CommandExecution,,completed,0,1789400327360,1789400327395
34975,2026-09-14T15:38:48.852Z,manuscript,Extension,web.search,,,1789400327389,1789400328852
34980,2026-09-14T15:38:54.378Z,manuscript,AgentMessage,,,,1789400332041,1789400334378
34984,2026-09-14T15:39:16.821Z,manuscript,FileChange,,completed,,1789400356816,1789400356821
34987,2026-09-14T15:39:20.734Z,manuscript,CommandExecution,,completed,0,1789400357073,1789400360734
34992,2026-09-14T15:39:41.703Z,manuscript,CommandExecution,,failed,1,1789400381702,1789400381702
34999,2026-09-14T15:40:01.454Z,manuscript,CommandExecution,,completed,0,1789400401453,1789400401454
35012,2026-09-14T15:43:49.069Z,manuscript,FileChange,,completed,,1789400629067,1789400629069
35019,2026-09-14T15:44:00.303Z,manuscript,CommandExecution,,completed,0,1789400640295,1789400640302
35020,2026-09-14T15:44:00.343Z,manuscript,CommandExecution,,completed,0,1789400640342,1789400640342
35025,2026-09-14T15:44:23.062Z,manuscript,AgentMessage,,,,1789400659366,1789400663062
35029,2026-09-14T15:45:46.510Z,manuscript,FileChange,,completed,,1789400746509,1789400746510
35036,2026-09-14T15:45:54.458Z,manuscript,CommandExecution,,completed,0,1789400754456,1789400754457
35043,2026-09-14T15:46:02.959Z,manuscript,CommandExecution,,completed,0,1789400762958,1789400762959
35049,2026-09-14T15:47:22.240Z,manuscript,FileChange,,completed,,1789400842238,1789400842240
35057,2026-09-14T15:47:37.430Z,manuscript,Extension,web.search,,,1789400855921,1789400857429
35064,2026-09-14T15:47:47.112Z,manuscript,CommandExecution,,completed,0,1789400867110,1789400867111
35070,2026-09-14T15:48:15.146Z,manuscript,FileChange,,completed,,1789400895143,1789400895146
35074,2026-09-14T15:48:17.622Z,manuscript,CommandExecution,,failed,1,1789400895406,1789400897622
35079,2026-09-14T15:48:29.405Z,manuscript,CommandExecution,,completed,0,1789400909404,1789400909405
35087,2026-09-14T15:50:43.571Z,manuscript,FileChange,,completed,,1789401043570,1789401043571
35095,2026-09-14T15:50:51.242Z,manuscript,CommandExecution,,completed,0,1789401051240,1789401051241
35102,2026-09-14T15:51:11.905Z,manuscript,CommandExecution,,completed,0,1789401071903,1789401071904
35111,2026-09-14T15:55:47.996Z,manuscript,ContextCompaction,,,,1789401071947,1789401347996
35114,2026-09-14T15:55:52.659Z,manuscript,CommandExecution,,completed,0,1789401352658,1789401352659
35119,2026-09-14T15:55:59.082Z,manuscript,AgentMessage,,,,1789401356976,1789401359082
35123,2026-09-14T15:56:04.856Z,manuscript,CommandExecution,,completed,0,1789401364748,1789401364856
35124,2026-09-14T15:56:04.860Z,manuscript,CommandExecution,,completed,0,1789401364832,1789401364856
35125,2026-09-14T15:56:04.880Z,manuscript,CommandExecution,,completed,0,1789401364878,1789401364879
35132,2026-09-14T15:56:12.948Z,manuscript,CommandExecution,,completed,0,1789401372946,1789401372947
35139,2026-09-14T15:56:33.527Z,manuscript,CommandExecution,,completed,0,1789401393428,1789401393526
35140,2026-09-14T15:56:33.551Z,manuscript,CommandExecution,,completed,0,1789401393549,1789401393550
35141,2026-09-14T15:56:35.634Z,manuscript,Extension,web.search,,,1789401393546,1789401395633
35148,2026-09-14T15:56:47.249Z,manuscript,CommandExecution,,completed,0,1789401407247,1789401407248
35153,2026-09-14T15:56:54.020Z,manuscript,AgentMessage,,,,1789401411723,1789401414020
35157,2026-09-14T15:56:56.179Z,manuscript,FileChange,,completed,,1789401416177,1789401416179
35164,2026-09-14T16:00:37.472Z,manuscript,FileChange,,completed,,1789401637470,1789401637472
35178,2026-09-14T16:03:30.852Z,manuscript,FileChange,,completed,,1789401810845,1789401810852
35179,2026-09-14T16:03:31.125Z,manuscript,CommandExecution,,completed,0,1789401811124,1789401811125
35186,2026-09-14T16:03:44.600Z,manuscript,CommandExecution,,completed,0,1789401824598,1789401824600
35187,2026-09-14T16:03:44.790Z,manuscript,CommandExecution,,completed,0,1789401824603,1789401824788
35190,2026-09-14T16:03:45.823Z,manuscript,CommandExecution,,failed,1,1789401824664,1789401825823
35195,2026-09-14T16:03:58.198Z,manuscript,CommandExecution,,completed,0,1789401838195,1789401838197
35202,2026-09-14T16:04:04.964Z,manuscript,CommandExecution,,completed,0,1789401844962,1789401844964
35209,2026-09-14T16:04:42.804Z,manuscript,CommandExecution,,completed,0,1789401882803,1789401882804
35210,2026-09-14T16:04:42.936Z,manuscript,CommandExecution,,completed,0,1789401882935,1789401882935
35215,2026-09-14T16:04:55.240Z,manuscript,AgentMessage,,,,1789401893140,1789401895240
35219,2026-09-14T16:04:59.181Z,manuscript,CommandExecution,,completed,0,1789401899178,1789401899180
35220,2026-09-14T16:04:59.332Z,manuscript,CommandExecution,,completed,0,1789401899329,1789401899331
35227,2026-09-14T16:05:11.158Z,manuscript,CommandExecution,,completed,0,1789401911157,1789401911157
35234,2026-09-14T16:07:49.040Z,manuscript,FileChange,,completed,,1789402069034,1789402069040
35241,2026-09-14T16:11:23.097Z,manuscript,FileChange,,completed,,1789402283094,1789402283097
35248,2026-09-14T16:11:44.775Z,manuscript,CommandExecution,,completed,0,1789402304724,1789402304771
35249,2026-09-14T16:11:44.828Z,manuscript,CommandExecution,,failed,2,1789402304827,1789402304828
35250,2026-09-14T16:11:46.442Z,manuscript,Extension,web.search,,,1789402304759,1789402306442
35257,2026-09-14T16:12:09.576Z,manuscript,CommandExecution,,completed,0,1789402329573,1789402329575
35264,2026-09-14T16:12:57.547Z,manuscript,FileChange,,completed,,1789402377544,1789402377547
35267,2026-09-14T16:13:04.122Z,manuscript,CommandExecution,,completed,0,1789402377813,1789402384122
35270,2026-09-14T16:13:10.477Z,manuscript,AgentMessage,,,,1789402384925,1789402390477
35274,2026-09-14T16:13:13.883Z,manuscript,CommandExecution,,completed,0,1789402393881,1789402393882
35275,2026-09-14T16:13:14.024Z,manuscript,CommandExecution,,completed,0,1789402394022,1789402394024
35282,2026-09-14T16:13:24.062Z,manuscript,CommandExecution,,completed,0,1789402404060,1789402404061
35283,2026-09-14T16:13:24.207Z,manuscript,CommandExecution,,completed,0,1789402404205,1789402404207
35290,2026-09-14T16:13:32.102Z,manuscript,CommandExecution,,completed,0,1789402412100,1789402412101
35291,2026-09-14T16:13:32.254Z,manuscript,CommandExecution,,completed,0,1789402412251,1789402412252
35298,2026-09-14T16:13:52.163Z,manuscript,CommandExecution,,completed,0,1789402432162,1789402432163
35305,2026-09-14T16:14:10.699Z,manuscript,CommandExecution,,completed,0,1789402450698,1789402450699
35312,2026-09-14T16:16:15.517Z,manuscript,FileChange,,completed,,1789402575513,1789402575517
35319,2026-09-14T16:18:16.086Z,manuscript,FileChange,,completed,,1789402696085,1789402696086
35326,2026-09-14T16:18:41.590Z,manuscript,CommandExecution,,completed,0,1789402721588,1789402721589
35327,2026-09-14T16:18:41.774Z,manuscript,CommandExecution,,completed,0,1789402721773,1789402721774
35334,2026-09-14T16:18:54.863Z,manuscript,CommandExecution,,completed,0,1789402734862,1789402734862
35335,2026-09-14T16:18:56.384Z,manuscript,Extension,web.search,,,1789402734932,1789402736384
35340,2026-09-14T16:19:04.634Z,manuscript,AgentMessage,,,,1789402742449,1789402744634
35344,2026-09-14T16:20:26.040Z,manuscript,FileChange,,completed,,1789402826036,1789402826040
35345,2026-09-14T16:20:26.196Z,manuscript,CommandExecution,,completed,0,1789402826195,1789402826196
35351,2026-09-14T16:21:08.840Z,manuscript,FileChange,,completed,,1789402868835,1789402868840
35357,2026-09-14T16:21:44.510Z,manuscript,CommandExecution,,completed,0,1789402869093,1789402904510
35360,2026-09-14T16:21:52.133Z,manuscript,CommandExecution,,completed,0,1789402912132,1789402912133
35367,2026-09-14T16:22:00.220Z,manuscript,CommandExecution,,completed,0,1789402920218,1789402920219
35370,2026-09-14T16:22:01.842Z,manuscript,CommandExecution,,failed,1,1789402919074,1789402921842
35375,2026-09-14T16:22:07.389Z,manuscript,CommandExecution,,completed,0,1789402927387,1789402927388
35381,2026-09-14T16:22:47.191Z,manuscript,FileChange,,completed,,1789402967186,1789402967191
35385,2026-09-14T16:22:52.936Z,manuscript,CommandExecution,,completed,0,1789402967455,1789402972936
35390,2026-09-14T16:23:08.175Z,manuscript,CommandExecution,,completed,0,1789402988173,1789402988174
35391,2026-09-14T16:23:10.383Z,manuscript,Extension,web.search,,,1789402988127,1789402990383
35398,2026-09-14T16:23:25.823Z,manuscript,CommandExecution,,completed,0,1789403005822,1789403005823
35405,2026-09-14T16:24:26.769Z,manuscript,FileChange,,completed,,1789403066760,1789403066768
35412,2026-09-14T16:24:39.615Z,manuscript,CommandExecution,,completed,0,1789403079573,1789403079614
35415,2026-09-14T16:24:44.669Z,manuscript,CommandExecution,,completed,0,1789403079529,1789403084669
35419,2026-09-14T16:24:47.090Z,manuscript,ImageView,,,,1789403087090,1789403087090
35427,2026-09-14T16:25:16.717Z,manuscript,FileChange,,completed,,1789403116714,1789403116717
35428,2026-09-14T16:25:18.976Z,manuscript,CommandExecution,,completed,0,1789403116978,1789403118976
35431,2026-09-14T16:25:20.560Z,manuscript,CommandExecution,,completed,0,1789403118227,1789403120560
35438,2026-09-14T16:26:06.149Z,manuscript,AgentMessage,,,,1789403164147,1789403166148
35442,2026-09-14T16:26:08.779Z,manuscript,CommandExecution,,completed,0,1789403168778,1789403168779
35449,2026-09-14T16:26:16.961Z,manuscript,CommandExecution,,completed,0,1789403176959,1789403176960
35455,2026-09-14T16:26:56.110Z,manuscript,FileChange,,completed,,1789403216109,1789403216110
35459,2026-09-14T16:27:01.939Z,manuscript,CommandExecution,,completed,0,1789403216373,1789403221938
35464,2026-09-14T16:27:11.272Z,manuscript,CommandExecution,,completed,0,1789403231270,1789403231271
35465,2026-09-14T16:27:11.454Z,manuscript,CommandExecution,,completed,0,1789403231453,1789403231454
35474,2026-09-14T16:32:04.919Z,manuscript,ContextCompaction,,,,1789403231487,1789403524919
35477,2026-09-14T16:32:11.703Z,manuscript,CommandExecution,,completed,0,1789403531703,1789403531703
35484,2026-09-14T16:32:21.796Z,manuscript,CommandExecution,,completed,0,1789403541592,1789403541796
35485,2026-09-14T16:32:21.799Z,manuscript,CommandExecution,,completed,0,1789403541750,1789403541796
35486,2026-09-14T16:32:21.803Z,manuscript,CommandExecution,,completed,0,1789403541685,1789403541796
35487,2026-09-14T16:32:21.853Z,manuscript,CommandExecution,,completed,0,1789403541853,1789403541853
35492,2026-09-14T16:32:27.707Z,manuscript,AgentMessage,,,,1789403546626,1789403547707
35496,2026-09-14T16:32:32.869Z,manuscript,CommandExecution,,completed,0,1789403552867,1789403552869
35497,2026-09-14T16:32:32.913Z,manuscript,CommandExecution,,completed,0,1789403552897,1789403552913
35498,2026-09-14T16:32:33.451Z,manuscript,CommandExecution,,completed,0,1789403553064,1789403553451
35505,2026-09-14T16:32:42.279Z,manuscript,ImageView,,,,1789403562279,1789403562279
35506,2026-09-14T16:32:42.433Z,manuscript,CommandExecution,,completed,0,1789403562431,1789403562433
35513,2026-09-14T16:32:56.609Z,manuscript,CommandExecution,,completed,0,1789403576607,1789403576608
35514,2026-09-14T16:32:56.782Z,manuscript,CommandExecution,,completed,0,1789403576781,1789403576781
35521,2026-09-14T16:33:16.661Z,manuscript,CommandExecution,,failed,1,1789403596537,1789403596655
35522,2026-09-14T16:33:16.666Z,manuscript,CommandExecution,,completed,0,1789403596606,1789403596656
35523,2026-09-14T16:33:16.684Z,manuscript,CommandExecution,,failed,1,1789403596683,1789403596684
35530,2026-09-14T16:33:34.335Z,manuscript,CommandExecution,,completed,0,1789403614334,1789403614335
35535,2026-09-14T16:33:57.736Z,manuscript,AgentMessage,,,,1789403636294,1789403637736
35539,2026-09-14T16:34:02.274Z,manuscript,CommandExecution,,completed,0,1789403642273,1789403642274
35540,2026-09-14T16:34:02.436Z,manuscript,CommandExecution,,completed,0,1789403642434,1789403642435
35547,2026-09-14T16:34:36.762Z,manuscript,FileChange,,completed,,1789403676759,1789403676762
35548,2026-09-14T16:34:36.922Z,manuscript,CommandExecution,,completed,0,1789403676920,1789403676922
35549,2026-09-14T16:34:37.057Z,manuscript,CommandExecution,,completed,0,1789403677055,1789403677056
35556,2026-09-14T16:34:59.233Z,manuscript,CommandExecution,,completed,0,1789403699232,1789403699233
35557,2026-09-14T16:34:59.390Z,manuscript,CommandExecution,,completed,0,1789403699388,1789403699389
35564,2026-09-14T16:35:27.782Z,manuscript,CommandExecution,,completed,0,1789403727781,1789403727781
35565,2026-09-14T16:35:27.947Z,manuscript,CommandExecution,,completed,0,1789403727945,1789403727947
35572,2026-09-14T16:35:57.094Z,manuscript,CommandExecution,,completed,0,1789403757093,1789403757094
35573,2026-09-14T16:35:57.268Z,manuscript,CommandExecution,,completed,0,1789403757266,1789403757268
35580,2026-09-14T16:36:16.279Z,manuscript,CommandExecution,,completed,0,1789403776277,1789403776278
35581,2026-09-14T16:36:16.439Z,manuscript,CommandExecution,,completed,0,1789403776436,1789403776438
35588,2026-09-14T16:36:40.462Z,manuscript,CommandExecution,,completed,0,1789403800461,1789403800462
35589,2026-09-14T16:36:40.619Z,manuscript,CommandExecution,,completed,0,1789403800616,1789403800618
35594,2026-09-14T16:37:04.722Z,manuscript,AgentMessage,,,,1789403822482,1789403824722
35598,2026-09-14T16:37:09.744Z,manuscript,CommandExecution,,completed,0,1789403829714,1789403829740
35599,2026-09-14T16:37:09.779Z,manuscript,CommandExecution,,completed,0,1789403829777,1789403829778
35600,2026-09-14T16:37:11.391Z,manuscript,Extension,web.search,,,1789403829621,1789403831389
35607,2026-09-14T16:37:27.909Z,manuscript,CommandExecution,,completed,0,1789403847908,1789403847909
35608,2026-09-14T16:37:29.460Z,manuscript,Extension,web.search,,,1789403847979,1789403849460
35615,2026-09-14T16:38:00.433Z,manuscript,CommandExecution,,completed,0,1789403880432,1789403880433
35616,2026-09-14T16:38:00.577Z,manuscript,CommandExecution,,completed,0,1789403880576,1789403880576
35617,2026-09-14T16:38:02.088Z,manuscript,Extension,web.search,,,1789403880435,1789403882088
35624,2026-09-14T16:38:10.787Z,manuscript,CommandExecution,,completed,0,1789403890785,1789403890786
35625,2026-09-14T16:38:10.918Z,manuscript,CommandExecution,,completed,0,1789403890916,1789403890917
35626,2026-09-14T16:38:12.939Z,manuscript,CommandExecution,,completed,0,1789403880465,1789403892937
35635,2026-09-14T16:39:05.049Z,manuscript,CommandExecution,,failed,1,1789403944821,1789403945049
35642,2026-09-14T16:39:24.469Z,manuscript,CommandExecution,,completed,0,1789403964332,1789403964463
35643,2026-09-14T16:39:24.474Z,manuscript,CommandExecution,,completed,0,1789403964415,1789403964463
35646,2026-09-14T16:39:38.536Z,manuscript,CommandExecution,,completed,0,1789403964611,1789403978536
35657,2026-09-14T16:40:44.410Z,manuscript,CommandExecution,,completed,0,1789404044408,1789404044409
35658,2026-09-14T16:40:44.543Z,manuscript,CommandExecution,,completed,0,1789404044541,1789404044542
35667,2026-09-14T16:41:31.851Z,manuscript,AgentMessage,,,,1789404089911,1789404091851
35671,2026-09-14T16:41:35.448Z,manuscript,CommandExecution,,completed,0,1789404095417,1789404095447
35672,2026-09-14T16:41:35.474Z,manuscript,CommandExecution,,completed,0,1789404095473,1789404095474
35675,2026-09-14T16:41:47.677Z,manuscript,CommandExecution,,completed,0,1789404095564,1789404107677
35680,2026-09-14T16:41:54.306Z,manuscript,CommandExecution,,completed,0,1789404114304,1789404114305
35686,2026-09-14T16:42:01.616Z,manuscript,ImageView,,,,1789404121616,1789404121616
35688,2026-09-14T16:42:01.673Z,manuscript,ImageView,,,,1789404121673,1789404121673
35689,2026-09-14T16:42:01.722Z,manuscript,ImageView,,,,1789404121722,1789404121722
35690,2026-09-14T16:42:01.777Z,manuscript,ImageView,,,,1789404121777,1789404121777
35701,2026-09-14T16:43:14.116Z,manuscript,CommandExecution,,completed,0,1789404194115,1789404194115
35706,2026-09-14T16:43:28.494Z,manuscript,CommandExecution,,completed,0,1789404194366,1789404208494
35709,2026-09-14T16:43:43.832Z,manuscript,CommandExecution,,completed,0,1789404223831,1789404223832
35716,2026-09-14T16:44:14.392Z,manuscript,CommandExecution,,completed,0,1789404254391,1789404254392
35717,2026-09-14T16:44:14.417Z,manuscript,FileChange,,completed,,1789404254412,1789404254417
35718,2026-09-14T16:44:14.608Z,manuscript,CommandExecution,,completed,0,1789404254607,1789404254607
35727,2026-09-14T16:45:42.176Z,manuscript,FileChange,,completed,,1789404342172,1789404342175
35734,2026-09-14T16:46:16.962Z,manuscript,CommandExecution,,completed,0,1789404376960,1789404376962
35737,2026-09-14T16:46:23.969Z,manuscript,CommandExecution,,completed,0,1789404378454,1789404383968
35740,2026-09-14T16:46:27.427Z,manuscript,CommandExecution,,completed,0,1789404377215,1789404387427
35743,2026-09-14T16:46:33.332Z,manuscript,CommandExecution,,completed,0,1789404393330,1789404393331
35750,2026-09-14T16:46:47.892Z,manuscript,CommandExecution,,completed,0,1789404407891,1789404407892
35751,2026-09-14T16:46:47.936Z,manuscript,ImageView,,,,1789404407935,1789404407936
35752,2026-09-14T16:46:48.002Z,manuscript,ImageView,,,,1789404408002,1789404408002
35753,2026-09-14T16:46:48.071Z,manuscript,ImageView,,,,1789404408071,1789404408071
35759,2026-09-14T16:47:29.117Z,manuscript,FileChange,,completed,,1789404449116,1789404449117
35761,2026-09-14T16:47:30.401Z,manuscript,ImageView,,,,1789404450401,1789404450401
35762,2026-09-14T16:47:30.465Z,manuscript,ImageView,,,,1789404450465,1789404450465
35763,2026-09-14T16:47:30.526Z,manuscript,ImageView,,,,1789404450526,1789404450526
35764,2026-09-14T16:47:30.594Z,manuscript,ImageView,,,,1789404450594,1789404450594
35765,2026-09-14T16:47:31.146Z,manuscript,CommandExecution,,completed,0,1789404449370,1789404451146
35771,2026-09-14T16:47:56.926Z,manuscript,ImageView,,,,1789404476926,1789404476926
35772,2026-09-14T16:47:56.943Z,manuscript,ImageView,,,,1789404476943,1789404476943
35773,2026-09-14T16:47:56.959Z,manuscript,ImageView,,,,1789404476958,1789404476958
35774,2026-09-14T16:47:56.978Z,manuscript,ImageView,,,,1789404476978,1789404476978
35776,2026-09-14T16:47:56.997Z,manuscript,ImageView,,,,1789404476997,1789404476997
35783,2026-09-14T16:48:14.972Z,manuscript,CommandExecution,,completed,0,1789404494970,1789404494972
35784,2026-09-14T16:48:15.019Z,manuscript,ImageView,,,,1789404495018,1789404495018
35785,2026-09-14T16:48:15.086Z,manuscript,ImageView,,,,1789404495086,1789404495086
35786,2026-09-14T16:48:15.148Z,manuscript,ImageView,,,,1789404495148,1789404495148
35787,2026-09-14T16:48:15.213Z,manuscript,ImageView,,,,1789404495213,1789404495213
35794,2026-09-14T16:48:37.585Z,manuscript,CommandExecution,,completed,0,1789404517584,1789404517585
35795,2026-09-14T16:48:37.623Z,manuscript,ImageView,,,,1789404517623,1789404517623
35796,2026-09-14T16:48:37.698Z,manuscript,ImageView,,,,1789404517698,1789404517698
35797,2026-09-14T16:48:37.761Z,manuscript,ImageView,,,,1789404517761,1789404517761
35798,2026-09-14T16:48:37.810Z,manuscript,ImageView,,,,1789404517810,1789404517810
35807,2026-09-14T16:52:52.761Z,manuscript,ContextCompaction,,,,1789404518969,1789404772761
35810,2026-09-14T16:52:59.521Z,manuscript,CommandExecution,,completed,0,1789404779520,1789404779521
35811,2026-09-14T16:52:59.657Z,manuscript,CommandExecution,,completed,0,1789404779655,1789404779656
35816,2026-09-14T16:53:06.521Z,manuscript,AgentMessage,,,,1789404784816,1789404786521
35820,2026-09-14T16:53:11.939Z,manuscript,CommandExecution,,completed,0,1789404791727,1789404791938
35821,2026-09-14T16:53:11.943Z,manuscript,CommandExecution,,completed,0,1789404791749,1789404791938
35822,2026-09-14T16:53:11.947Z,manuscript,CommandExecution,,completed,0,1789404791815,1789404791938
35823,2026-09-14T16:53:11.951Z,manuscript,CommandExecution,,completed,0,1789404791895,1789404791938
35824,2026-09-14T16:53:11.966Z,manuscript,CommandExecution,,completed,0,1789404791966,1789404791966
35829,2026-09-14T16:53:22.915Z,manuscript,CommandExecution,,completed,0,1789404802817,1789404802914
35830,2026-09-14T16:53:22.918Z,manuscript,CommandExecution,,completed,0,1789404802903,1789404802915
35831,2026-09-14T16:53:22.922Z,manuscript,CommandExecution,,completed,0,1789404802878,1789404802915
35832,2026-09-14T16:53:22.954Z,manuscript,CommandExecution,,completed,0,1789404802953,1789404802954
35839,2026-09-14T16:53:36.472Z,manuscript,CommandExecution,,completed,0,1789404816471,1789404816472
35840,2026-09-14T16:53:37.993Z,manuscript,Extension,web.search,,,1789404816535,1789404817992
35845,2026-09-14T16:54:12.093Z,manuscript,FileChange,,completed,,1789404852086,1789404852092
35846,2026-09-14T16:54:12.292Z,manuscript,CommandExecution,,completed,0,1789404852291,1789404852292
35853,2026-09-14T16:54:23.482Z,manuscript,CommandExecution,,completed,0,1789404863480,1789404863481
35860,2026-09-14T16:55:38.500Z,manuscript,CommandExecution,,completed,0,1789404938498,1789404938500
35861,2026-09-14T16:55:38.520Z,manuscript,FileChange,,completed,,1789404938517,1789404938520
35866,2026-09-14T16:55:43.265Z,manuscript,AgentMessage,,,,1789404941666,1789404943264
35876,2026-09-14T16:58:24.358Z,manuscript,FileChange,,completed,,1789405104354,1789405104358
35879,2026-09-14T16:58:28.046Z,manuscript,CommandExecution,,completed,0,1789405105871,1789405108046
35880,2026-09-14T16:58:30.047Z,manuscript,CommandExecution,,completed,0,1789405104629,1789405110047
35885,2026-09-14T16:58:38.987Z,manuscript,CommandExecution,,completed,0,1789405118969,1789405118986
35886,2026-09-14T16:58:39.038Z,manuscript,CommandExecution,,completed,0,1789405119037,1789405119038
35893,2026-09-14T16:58:50.093Z,manuscript,CommandExecution,,completed,0,1789405130093,1789405130093
35894,2026-09-14T16:58:50.227Z,manuscript,CommandExecution,,completed,0,1789405130226,1789405130227
35895,2026-09-14T16:58:50.802Z,manuscript,CommandExecution,,completed,0,1789405130482,1789405130802
35902,2026-09-14T16:59:40.947Z,manuscript,CommandExecution,,completed,0,1789405180946,1789405180947
35903,2026-09-14T16:59:42.201Z,manuscript,FileChange,,completed,,1789405182200,1789405182201
35904,2026-09-14T16:59:42.443Z,manuscript,CommandExecution,,completed,0,1789405182442,1789405182442
35907,2026-09-14T16:59:53.966Z,manuscript,CommandExecution,,completed,0,1789405181194,1789405193965
35912,2026-09-14T17:00:45.302Z,manuscript,CommandExecution,,completed,0,1789405245187,1789405245302
35913,2026-09-14T17:00:45.316Z,manuscript,FileChange,,completed,,1789405245314,1789405245315
35920,2026-09-14T17:00:57.985Z,manuscript,CommandExecution,,completed,0,1789405243946,1789405257983
35923,2026-09-14T17:01:02.615Z,manuscript,CommandExecution,,completed,0,1789405255519,1789405262615
35924,2026-09-14T17:01:07.579Z,manuscript,CommandExecution,,completed,0,1789405258232,1789405267578
35929,2026-09-14T17:01:12.415Z,manuscript,ImageView,,,,1789405272414,1789405272415
35930,2026-09-14T17:01:12.477Z,manuscript,ImageView,,,,1789405272477,1789405272477
35931,2026-09-14T17:01:12.538Z,manuscript,ImageView,,,,1789405272538,1789405272538
35932,2026-09-14T17:01:12.598Z,manuscript,ImageView,,,,1789405272598,1789405272598
35939,2026-09-14T17:01:23.044Z,manuscript,ImageView,,,,1789405283043,1789405283044
35940,2026-09-14T17:01:23.111Z,manuscript,ImageView,,,,1789405283111,1789405283111
35941,2026-09-14T17:01:23.176Z,manuscript,ImageView,,,,1789405283176,1789405283176
35942,2026-09-14T17:01:23.231Z,manuscript,ImageView,,,,1789405283231,1789405283231
35947,2026-09-14T17:01:34.645Z,manuscript,AgentMessage,,,,1789405292600,1789405294645
35951,2026-09-14T17:01:38.690Z,manuscript,ImageView,,,,1789405298690,1789405298690
35952,2026-09-14T17:01:38.751Z,manuscript,ImageView,,,,1789405298751,1789405298751
35953,2026-09-14T17:01:38.803Z,manuscript,ImageView,,,,1789405298803,1789405298803
35954,2026-09-14T17:01:38.867Z,manuscript,ImageView,,,,1789405298867,1789405298867
35955,2026-09-14T17:01:39.030Z,manuscript,CommandExecution,,completed,0,1789405299028,1789405299029
35962,2026-09-14T17:01:58.010Z,manuscript,ImageView,,,,1789405318010,1789405318010
35963,2026-09-14T17:01:58.067Z,manuscript,ImageView,,,,1789405318067,1789405318067
35964,2026-09-14T17:01:58.129Z,manuscript,ImageView,,,,1789405318129,1789405318129
35965,2026-09-14T17:01:58.193Z,manuscript,ImageView,,,,1789405318193,1789405318193
35966,2026-09-14T17:01:58.368Z,manuscript,CommandExecution,,completed,0,1789405318367,1789405318368
35973,2026-09-14T17:03:33.050Z,manuscript,CommandExecution,,completed,0,1789405413049,1789405413050
35974,2026-09-14T17:03:33.067Z,manuscript,FileChange,,completed,,1789405413065,1789405413067
35975,2026-09-14T17:03:33.499Z,manuscript,CommandExecution,,completed,0,1789405413334,1789405413499
35982,2026-09-14T17:04:12.849Z,manuscript,CommandExecution,,completed,0,1789405452848,1789405452849
35983,2026-09-14T17:04:12.908Z,manuscript,CommandExecution,,completed,0,1789405452908,1789405452908
35988,2026-09-14T17:04:22.939Z,manuscript,AgentMessage,,,,1789405461519,1789405462939
35992,2026-09-14T17:04:25.071Z,manuscript,CommandExecution,,completed,0,1789405465071,1789405465071
35993,2026-09-14T17:04:25.265Z,manuscript,CommandExecution,,completed,0,1789405465263,1789405465264
36000,2026-09-14T17:04:33.648Z,manuscript,CommandExecution,,completed,0,1789405473647,1789405473648
36007,2026-09-14T17:04:47.705Z,manuscript,CommandExecution,,completed,0,1789405487704,1789405487705
36012,2026-09-14T17:05:09.004Z,manuscript,AgentMessage,,,,1789405504335,1789405509004
