event_id,cumulative_total_tokens,reported_last_total_tokens,observed_delta_total_tokens,cumulative_input,reported_last_input,observed_delta_input,cumulative_cached_input,reported_last_cached_input,observed_delta_cached_input,cumulative_cache_write_input,reported_last_cache_write_input,observed_delta_cache_write_input,cumulative_output,reported_last_output,observed_delta_output,cumulative_reasoning_output,reported_last_reasoning_output,observed_delta_reasoning_output
19,15335,15335,15335,15095,15095,15095,11904,11904,11904,0,0,0,240,240,240,0,0,0
28,31263,15928,15928,30767,15672,15672,26880,14976,14976,0,0,0,496,256,256,57,57,57
33,50361,19098,19098,49799,19032,19032,38784,11904,11904,0,0,0,562,66,66,57,0,0
42,69781,19420,19420,68992,19193,19193,57600,18816,18816,0,0,0,789,227,227,103,46,46
47,69781,19420,0,68992,19193,0,57600,18816,0,0,0,0,789,227,0,103,46,0
64,101791,32010,32010,100812,31820,31820,89088,31488,31488,0,0,0,979,190,190,103,0,0
73,146284,44493,44493,145055,44243,44243,120704,31616,31616,0,0,0,1229,250,250,137,34,34
82,209978,63694,63694,206896,61841,61841,164736,44032,44032,0,0,0,3082,1853,1853,151,14,14
92,275405,65427,65427,271668,64772,64772,226432,61696,61696,0,0,0,3737,655,655,614,463,463
103,352164,76759,76759,347779,76111,76111,291072,64640,64640,0,0,0,4385,648,648,932,318,318
112,436992,84828,84828,432281,84502,84502,366976,75904,75904,0,0,0,4711,326,326,955,23,23
121,530427,93435,93435,525009,92728,92728,451328,84352,84352,0,0,0,5418,707,707,1471,516,516
128,637670,107243,107243,627941,102932,102932,543872,92544,92544,0,0,0,9729,4311,4311,1987,516,516
137,745200,107530,107530,735243,107302,107302,646656,102784,102784,0,0,0,9957,228,228,2019,32,32
147,862482,117282,117282,850269,115026,115026,753920,107264,107264,0,0,0,12213,2256,2256,2535,516,516
159,986836,124354,124354,971834,121565,121565,868864,114944,114944,0,0,0,15002,2789,2789,3569,1034,1034
167,1114904,128068,128068,1097500,125666,125666,990336,121472,121472,0,0,0,17404,2402,2402,4085,516,516
176,1244282,129378,129378,1226529,129029,129029,1115904,125568,125568,0,0,0,17753,349,349,4176,91,91
184,1379357,135075,135075,1361374,134845,134845,1244800,128896,128896,0,0,0,17983,230,230,4241,65,65
193,1519654,140297,140297,1500948,139574,139574,1379584,134784,134784,0,0,0,18706,723,723,4740,499,499
201,1673176,153522,153522,1653873,152925,152925,1519104,139520,139520,0,0,0,19303,597,597,5105,365,365
209,1832347,159171,159171,1812798,158925,158925,1671936,152832,152832,0,0,0,19549,246,246,5120,15,15
225,1998594,166247,166247,1976476,163678,163678,1830784,158848,158848,0,0,0,22118,2569,2569,7563,2443,2443
233,2169287,170693,170693,2146851,170375,170375,1994368,163584,163584,0,0,0,22436,318,318,7642,79,79
245,2343312,174025,174025,2319593,172742,172742,2164608,170240,170240,0,0,0,23719,1283,1283,8770,1128,1128
253,2523678,180366,180366,2499740,180147,180147,2337280,172672,172672,0,0,0,23938,219,219,8792,22,22
266,2708736,185058,185058,2683972,184232,184232,2517376,180096,180096,0,0,0,24764,826,826,9414,622,622
274,2896464,187728,187728,2869239,185267,185267,2701568,184192,184192,0,0,0,27225,2461,2461,9581,167,167
282,3085159,188695,188695,3057611,188372,188372,2886784,185216,185216,0,0,0,27548,323,323,9724,143,143
294,3280215,195056,195056,3251410,193799,193799,3075072,188288,188288,0,0,0,28805,1257,1257,10809,1085,1085
302,3480069,199854,199854,3450628,199218,199218,3268736,193664,193664,0,0,0,29441,636,636,11325,516,516
309,3680655,200586,200586,3650573,199945,199945,3467904,199168,199168,0,0,0,30082,641,641,11363,38,38
317,3881811,201156,201156,3851304,200731,200731,3667712,199808,199808,0,0,0,30507,425,425,11607,244,244
325,4086337,204526,204526,4055374,204070,204070,3868288,200576,200576,0,0,0,30963,456,456,11897,290,290
334,4294361,208024,208024,4261394,206020,206020,4072320,204032,204032,0,0,0,32967,2004,2004,12413,516,516
342,4503232,208871,208871,4469585,208191,208191,4278272,205952,205952,0,0,0,33647,680,680,12891,478,478
354,4715036,211804,211804,4679226,209641,209641,4486400,208128,208128,0,0,0,35810,2163,2163,13057,166,166
361,4927619,212583,212583,4891569,212343,212343,4695936,209536,209536,0,0,0,36050,240,240,13150,93,93
371,5141474,213855,213855,5104442,212873,212873,4908160,212224,212224,0,0,0,37032,982,982,13952,802,802
380,5356821,215347,215347,5318519,214077,214077,5120896,212736,212736,0,0,0,38302,1270,1270,14301,349,349
388,5573332,216511,216511,5534556,216037,216037,5334912,214016,214016,0,0,0,38776,474,474,14614,313,313
396,5793782,220450,220450,5753139,218583,218583,5550848,215936,215936,0,0,0,40643,1867,1867,14839,225,225
402,6014596,220814,220814,5973795,220656,220656,5769344,218496,218496,0,0,0,40801,158,158,14901,62,62
414,6236855,222259,222259,6195879,222084,222084,5989888,220544,220544,0,0,0,40976,175,175,14901,0,0
422,6461820,224965,224965,6420102,224223,224223,6211840,221952,221952,0,0,0,41718,742,742,15417,516,516
431,6694077,232257,232257,6651271,231169,231169,6435968,224128,224128,0,0,0,42806,1088,1088,16184,767,767
450,6933576,239499,239499,6885683,234412,234412,6667008,231040,231040,0,0,0,47893,5087,5087,18300,2116,2116
458,7175112,241536,241536,7126807,241124,241124,6901376,234368,234368,0,0,0,48305,412,412,18558,258,258
465,7421013,245901,245901,7369753,242946,242946,7142400,241024,241024,0,0,0,51260,2955,2955,19074,516,516
472,7421013,12297,0,7369753,0,0,7142400,0,0,0,0,0,51260,0,0,19074,0,0
483,7440060,19047,19047,7388578,18825,18825,7154304,11904,11904,0,0,0,51482,222,222,19130,56,56
489,7460386,20326,20326,7408712,20134,20134,7172992,18688,18688,0,0,0,51674,192,192,19130,0,0
496,7492491,32105,32105,7440309,31597,31597,7192960,19968,19968,0,0,0,52182,508,508,19257,127,127
506,7527733,35242,35242,7475230,34921,34921,7224320,31360,31360,0,0,0,52503,321,321,19323,66,66
516,7575899,48166,48166,7522946,47716,47716,7259008,34688,34688,0,0,0,52953,450,450,19367,44,44
523,7631707,55808,55808,7578450,55504,55504,7306496,47488,47488,0,0,0,53257,304,304,19575,208,208
531,7695731,64024,64024,7642319,63869,63869,7361792,55296,55296,0,0,0,53412,155,155,19588,13,13
538,7771241,75510,75510,7715784,73465,73465,7425536,63744,63744,0,0,0,55457,2045,2045,20104,516,516
545,7847059,75818,75818,7791318,75534,75534,7498880,73344,73344,0,0,0,55741,284,284,20171,67,67
555,7923519,76460,76460,7867519,76201,76201,7574272,75392,75392,0,0,0,56000,259,259,20208,37,37
570,8003127,79608,79608,7944976,77457,77457,7650304,76032,76032,0,0,0,58151,2151,2151,22178,1970,1970
577,8091252,88125,88125,8032964,87988,87988,7727616,77312,77312,0,0,0,58288,137,137,22207,29,29
585,8184044,92792,92792,8125019,92055,92055,7815424,87808,87808,0,0,0,59025,737,737,22723,516,516
594,8285597,101553,101553,8223807,98788,98788,7907328,91904,91904,0,0,0,61790,2765,2765,22780,57,57
603,8387779,102182,102182,8325384,101577,101577,8005888,98560,98560,0,0,0,62395,605,605,23094,314,314
610,8492509,104730,104730,8429950,104566,104566,8107264,101376,101376,0,0,0,62559,164,164,23103,9,9
618,8603829,111320,111320,8540742,110792,110792,8211712,104448,104448,0,0,0,63087,528,528,23412,309,309
625,8717369,113540,113540,8654237,113495,113495,8322304,110592,110592,0,0,0,63132,45,45,23420,8,8
632,8835239,117870,117870,8769887,115650,115650,8435584,113280,113280,0,0,0,65352,2220,2220,23485,65,65
641,8954633,119394,119394,8887781,117894,117894,8550656,115072,115072,0,0,0,66852,1500,1500,24067,582,582
648,9074455,119822,119822,9007234,119453,119453,8668416,117760,117760,0,0,0,67221,369,369,24144,77,77
660,9196029,121574,121574,9127613,120379,120379,8787712,119296,119296,0,0,0,68416,1195,1195,24582,438,438
667,9318155,122126,122126,9249252,121639,121639,8907904,120192,120192,0,0,0,68903,487,487,24910,328,328
675,9442565,124410,124410,9371862,122610,122610,9029376,121472,121472,0,0,0,70703,1800,1800,25029,119,119
683,9569141,126576,126576,9496296,124434,124434,9151872,122496,122496,0,0,0,72845,2142,2142,25244,215,215
690,9696734,127593,127593,9623681,127385,127385,9276160,124288,124288,0,0,0,73053,208,208,25329,85,85
700,9825839,129105,129105,9751568,127887,127887,9403392,127232,127232,0,0,0,74271,1218,1218,25541,212,212
706,9955465,129626,129626,9880984,129416,129416,9531136,127744,127744,0,0,0,74481,210,210,25680,139,139
720,10086700,131235,131235,10011880,130896,130896,9660416,129280,129280,0,0,0,74820,339,339,25827,147,147
734,10223588,136888,136888,10146500,134620,134620,9791232,130816,130816,0,0,0,77088,2268,2268,27897,2070,2070
742,10371471,147883,147883,10293998,147498,147498,9925760,134528,134528,0,0,0,77473,385,385,28065,168,168
753,10526828,155357,155357,10448554,154556,154556,10073088,147328,147328,0,0,0,78274,801,801,28702,637,637
760,10686649,159821,159821,10606159,157605,157605,10227456,154368,154368,0,0,0,80490,2216,2216,29005,303,303
769,10847243,160594,160594,10766039,159880,159880,10384896,157440,157440,0,0,0,81204,714,714,29473,468,468
783,11013894,166651,166651,10930303,164264,164264,10544640,159744,159744,0,0,0,83591,2387,2387,30681,1208,1208
791,11184756,170862,170862,11100661,170358,170358,10708736,164096,164096,0,0,0,84095,504,504,31051,370,370
822,11365537,180781,180781,11274691,174030,174030,10878976,170240,170240,0,0,0,90846,6751,6751,37454,6403,6403
837,11558697,193160,193160,11463048,188357,188357,11052928,173952,173952,0,0,0,95649,4803,4803,39202,1748,1748
846,11753796,195099,195099,11656232,193184,193184,11241088,188160,188160,0,0,0,97564,1915,1915,40236,1034,1034
855,11949191,195395,195395,11851388,195156,195156,11434112,193024,193024,0,0,0,97803,239,239,40276,40,40
863,12153662,204471,204471,12055396,204008,204008,11629184,195072,195072,0,0,0,98266,463,463,40458,182,182
873,12359538,205876,205876,12260033,204637,204637,11833088,203904,203904,0,0,0,99505,1239,1239,40974,516,516
881,12569391,209853,209853,12468204,208171,208171,12037632,204544,204544,0,0,0,101187,1682,1682,41489,515,515
890,12780381,210990,210990,12678208,210004,210004,12245760,208128,208128,0,0,0,102173,986,986,42296,807,807
905,12997344,216963,216963,12890532,212324,212324,12455680,209920,209920,0,0,0,106812,4639,4639,44287,1991,1991
914,13217471,220127,220127,13107618,217086,217086,12503168,47488,47488,0,0,0,109853,3041,3041,45321,1034,1034
922,13438331,220860,220860,13328259,220641,220641,12720128,216960,216960,0,0,0,110072,219,219,45382,61,61
930,13663258,224927,224927,13550666,222407,222407,12940672,220544,220544,0,0,0,112592,2520,2520,45719,337,337
936,13888931,225673,225673,13776030,225364,225364,13163008,222336,222336,0,0,0,112901,309,309,45943,224,224
950,14116684,227753,227753,14002973,226943,226943,13388288,225280,225280,0,0,0,113711,810,810,46459,516,516
964,14356658,239974,239974,14240900,237927,237927,13615104,226816,226816,0,0,0,115758,2047,2047,48290,1831,1831
970,14356658,14337,0,14240900,0,0,13615104,0,0,0,0,0,115758,0,0,48290,0,0
981,14378745,22087,22087,14262765,21865,21865,13627008,11904,11904,0,0,0,115980,222,222,48339,49,49
990,14404147,25402,25402,14287879,25114,25114,13648640,21632,21632,0,0,0,116268,288,288,48366,27,27
1003,14441734,37587,37587,14324279,36400,36400,13673600,24960,24960,0,0,0,117455,1187,1187,49150,784,784
1012,14485348,43614,43614,14367303,43024,43024,13709824,36224,36224,0,0,0,118045,590,590,49513,363,363
1022,14541079,55731,55731,14422270,54967,54967,13752704,42880,42880,0,0,0,118809,764,764,50063,550,550
1030,14602086,61007,61007,14483064,60794,60794,13807104,54400,54400,0,0,0,119022,213,213,50104,41,41
1038,14673350,71264,71264,14553962,70898,70898,13867776,60672,60672,0,0,0,119388,366,366,50274,170,170
1049,14754963,81613,81613,14634112,80150,80150,13938432,70656,70656,0,0,0,120851,1463,1463,51358,1084,1084
1060,14837092,82129,82129,14715872,81760,81760,14018432,80000,80000,0,0,0,121220,369,369,51406,48,48
1069,14935682,98590,98590,14810055,94183,94183,14099968,81536,81536,0,0,0,125627,4407,4407,52079,673,673
1078,15034560,98878,98878,14908669,98614,98614,14193920,93952,93952,0,0,0,125891,264,264,52132,53,53
1086,15142439,107879,107879,15016281,107612,107612,14292352,98432,98432,0,0,0,126158,267,267,52195,63,63
1093,15251069,108630,108630,15124767,108486,108486,14399744,107392,107392,0,0,0,126302,144,144,52215,20,20
1100,15365532,114463,114463,15238966,114199,114199,14508032,108288,108288,0,0,0,126566,264,264,52401,186,186
1117,15485562,120030,120030,15357005,118039,118039,14622080,114048,114048,0,0,0,128557,1991,1991,54022,1621,1621
1125,15616862,131300,131300,15485719,128714,128714,14739968,117888,117888,0,0,0,131143,2586,2586,54084,62,62
1133,15749962,133100,133100,15618551,132832,132832,14868480,128512,128512,0,0,0,131411,268,268,54256,172,172
1143,15886865,136903,136903,15754164,135613,135613,15001088,132608,132608,0,0,0,132701,1290,1290,54985,729,729
1150,16031817,144952,144952,15898921,144757,144757,15136640,135552,135552,0,0,0,132896,195,195,54999,14,14
1161,16180722,148905,148905,16044903,145982,145982,15281280,144640,144640,0,0,0,135819,2923,2923,55964,965,965
1169,16331500,150778,150778,16193867,148964,148964,15427200,145920,145920,0,0,0,137633,1814,1814,56216,252,252
1180,16486053,154553,154553,16345696,151829,151829,15576064,148864,148864,0,0,0,140357,2724,2724,57768,1552,1552
1189,16641765,155712,155712,16500573,154877,154877,15727744,151680,151680,0,0,0,141192,835,835,58188,420,420
1196,16798417,156652,156652,16657131,156558,156558,15882496,154752,154752,0,0,0,141286,94,94,58228,40,40
1214,16958215,159798,159798,16814057,156926,156926,16038912,156416,156416,0,0,0,144158,2872,2872,60764,2536,2536
1232,17123925,165710,165710,16974936,160879,160879,16195712,156800,156800,0,0,0,148989,4831,4831,63421,2657,2657
1240,17289896,165971,165971,17140705,165769,165769,16356480,160768,160768,0,0,0,149191,202,202,63435,14,14
1250,17469038,179142,179142,17316427,175722,175722,16522112,165632,165632,0,0,0,152611,3420,3420,64210,775,775
1258,17656358,187320,187320,17503572,187145,187145,16697728,175616,175616,0,0,0,152786,175,175,64262,52,52
1272,17846836,190478,190478,17691687,188115,188115,16884736,187008,187008,0,0,0,155149,2363,2363,64988,726,726
1279,18037820,190984,190984,17882507,190820,190820,17072768,188032,188032,0,0,0,155313,164,164,65084,96,96
1286,18230614,192794,192794,18073770,191263,191263,17263488,190720,190720,0,0,0,156844,1531,1531,65370,286,286
1292,18424056,193442,193442,18266837,193067,193067,17454592,191104,191104,0,0,0,157219,375,375,65673,303,303
1306,18619541,195485,195485,18461549,194712,194712,17647488,192896,192896,0,0,0,157992,773,773,66189,516,516
1322,18819717,200176,200176,18658961,197412,197412,17842048,194560,194560,0,0,0,160756,2764,2764,68745,2556,2556
1341,19034298,214581,214581,18870234,211273,211273,18039296,197248,197248,0,0,0,164064,3308,3308,71828,3083,3083
1349,19249335,215037,215037,19084991,214757,214757,18250496,211200,211200,0,0,0,164344,280,280,71879,51,51
1354,19464590,215255,215255,19300203,215212,215212,18465152,214656,214656,0,0,0,164387,43,43,71879,0,0
1372,19691364,226774,226774,19523758,223555,223555,18680192,215040,215040,0,0,0,167606,3219,3219,74939,3060,3060
1382,19927546,236182,236182,19758971,235213,235213,18903680,223488,223488,0,0,0,168575,969,969,75650,711,711
1390,20165107,237561,237561,19996211,237240,237240,19138816,235136,235136,0,0,0,168896,321,321,75848,198,198
1399,20410983,245876,245876,20239589,243378,243378,19376000,237184,237184,0,0,0,171394,2498,2498,76854,1006,1006
1406,20410983,14508,0,20239589,0,0,19376000,0,0,0,0,0,171394,0,0,76854,0,0
1417,20433419,22436,22436,20261747,22158,22158,19387904,11904,11904,0,0,0,171672,278,278,76879,25,25
1424,20458701,25282,25282,20286839,25092,25092,19409920,22016,22016,0,0,0,171862,190,190,76879,0,0
1433,20494941,36240,36240,20319644,32805,32805,19434880,24960,24960,0,0,0,175297,3435,3435,77395,516,516
1442,20531613,36672,36672,20355908,36264,36264,19467520,32640,32640,0,0,0,175705,408,408,77504,109,109
1450,20569315,37702,37702,20393361,37453,37453,19503616,36096,36096,0,0,0,175954,249,249,77585,81,81
1458,20618287,48972,48972,20442170,48809,48809,19540864,37248,37248,0,0,0,176117,163,163,77611,26,26
1468,20677164,58877,58877,20500619,58449,58449,19589504,48640,48640,0,0,0,176545,428,428,77776,165,165
1476,20739299,62135,62135,20562520,61901,61901,19647744,58240,58240,0,0,0,176779,234,234,77848,72,72
1485,20808764,69465,69465,20630764,68244,68244,19709440,61696,61696,0,0,0,178000,1221,1221,78055,207,207
1491,20878543,69779,69779,20700373,69609,69609,19777536,68096,68096,0,0,0,178170,170,170,78055,0,0
1501,20949834,71291,71291,20770974,70601,70601,19846912,69376,69376,0,0,0,178860,690,690,78602,547,547
1509,21029328,79494,79494,20850344,79370,79370,19917312,70400,70400,0,0,0,178984,124,124,78629,27,27
1517,21119488,90160,90160,20939901,89557,89557,19996544,79232,79232,0,0,0,179587,603,603,79081,452,452
1528,21210826,91338,91338,21030327,90426,90426,20085504,88960,88960,0,0,0,180499,912,912,79099,18,18
1544,21314090,103264,103264,21131044,100717,100717,20175744,90240,90240,0,0,0,183046,2547,2547,81374,2275,2275
1553,21426137,112047,112047,21242641,111597,111597,20276096,100352,100352,0,0,0,183496,450,450,81534,160,160
1565,21544424,118287,118287,21358155,115514,115514,20387584,111488,111488,0,0,0,186269,2773,2773,82624,1090,1090
1567,21544424,118287,0,21358155,115514,0,20387584,111488,0,0,0,0,186269,2773,0,82624,1090,0
1574,21664273,119849,119849,21477844,119689,119689,20420224,32640,32640,0,0,0,186429,160,160,82708,84,84
1581,21788259,123986,123986,21599777,121933,121933,20539776,119552,119552,0,0,0,188482,2053,2053,82782,74,74
1588,21912469,124210,124210,21723822,124045,124045,20661632,121856,121856,0,0,0,188647,165,165,82870,88,88
1602,22040037,127568,127568,21848716,124894,124894,20785536,123904,123904,0,0,0,191321,2674,2674,83400,530,530
1610,22168669,128632,128632,21976760,128044,128044,20910336,124800,124800,0,0,0,191909,588,588,83825,425,425
1618,22305499,136830,136830,22113434,136674,136674,21038208,127872,127872,0,0,0,192065,156,156,83867,42,42
1628,22454789,149290,149290,22260410,146976,146976,21174784,136576,136576,0,0,0,194379,2314,2314,84472,605,605
1645,22607314,152525,152525,22410035,149625,149625,21321600,146816,146816,0,0,0,197279,2900,2900,86965,2493,2493
1657,22763156,155842,155842,22563248,153213,153213,21471104,149504,149504,0,0,0,199908,2629,2629,87522,557,557
1664,22920604,157448,157448,22720184,156936,156936,21624192,153088,153088,0,0,0,200420,512,512,87957,435,435
1670,23079101,158497,158497,22878493,158309,158309,21780992,156800,156800,0,0,0,200608,188,188,88056,99,99
1682,23239039,159938,159938,23038261,159768,159768,21939200,158208,158208,0,0,0,200778,170,170,88056,0,0
1692,23403666,164627,164627,23201214,162953,162953,22098816,159616,159616,0,0,0,202452,1674,1674,89090,1034,1034
1697,23403666,164627,0,23201214,162953,0,22098816,159616,0,0,0,0,202452,1674,0,89090,1034,0
1707,23579712,176046,176046,23376311,175097,175097,22218368,119552,119552,0,0,0,203401,949,949,89917,827,827
1716,23759705,179993,179993,23554078,177767,177767,22393344,174976,174976,0,0,0,205627,2226,2226,90433,516,516
1725,23940431,180726,180726,23734130,180052,180052,22571008,177664,177664,0,0,0,206301,674,674,90949,516,516
1732,24130104,189673,189673,23923343,189213,189213,22750976,179968,179968,0,0,0,206761,460,460,91012,63,63
1739,24320113,190009,190009,24113122,189779,189779,22940032,189056,189056,0,0,0,206991,230,230,91155,143,143
1746,24513959,193846,193846,24306781,193659,193659,23129728,189696,189696,0,0,0,207178,187,187,91227,72,72
1762,24718817,204858,204858,24508781,202000,202000,23323264,193536,193536,0,0,0,210036,2858,2858,93815,2588,2588
1774,24933580,214763,214763,24721801,213020,213020,23525120,201856,201856,0,0,0,211779,1743,1743,95367,1552,1552
1782,25159862,226282,226282,24947907,226106,226106,23737984,212864,212864,0,0,0,211955,176,176,95401,34,34
1798,25398191,238329,238329,25183528,235621,235621,23964032,226048,226048,0,0,0,214663,2708,2708,97948,2547,2547
1804,25398191,13776,0,25183528,0,0,23964032,0,0,0,0,0,214663,0,0,97948,0,0
1814,25419722,21531,21531,25204871,21343,21343,23975936,11904,11904,0,0,0,214851,188,188,98000,52,52
1821,25442290,22568,22568,25227255,22384,22384,23997056,21120,21120,0,0,0,215035,184,184,98000,0,0
1830,25472212,29922,29922,25256592,29337,29337,24019200,22144,22144,0,0,0,215620,585,585,98220,220,220
1838,25514268,42056,42056,25298391,41799,41799,24048384,29184,29184,0,0,0,215877,257,257,98244,24,24
1849,25564993,50725,50725,25348712,50321,50321,24089984,41600,41600,0,0,0,216281,404,404,98274,30,30
1857,25625909,60916,60916,25409375,60663,60663,24140160,50176,50176,0,0,0,216534,253,253,98353,79,79
1864,25699438,73529,73529,25480682,71307,71307,24200704,60544,60544,0,0,0,218756,2222,2222,98869,516,516
1871,25775430,75992,75992,25554235,73553,73553,24271872,71168,71168,0,0,0,221195,2439,2439,99103,234,234
1882,25852166,76736,76736,25630286,76051,76051,24345344,73472,73472,0,0,0,221880,685,685,99363,260,260
1890,25937805,85639,85639,25715634,85348,85348,24421248,75904,75904,0,0,0,222171,291,291,99474,111,111
1897,26034149,96344,96344,25809912,94278,94278,24506496,85248,85248,0,0,0,224237,2066,2066,99990,516,516
1905,26132305,98156,98156,25906280,96368,96368,24600704,94208,94208,0,0,0,226025,1788,1788,100153,163,163
1912,26231944,99639,99639,26005677,99397,99397,24696960,96256,96256,0,0,0,226267,242,242,100224,71,71
1922,26332733,100789,100789,26105984,100307,100307,24796288,99328,99328,0,0,0,226749,482,482,100462,238,238
1930,26440797,108064,108064,26213020,107036,107036,24896512,100224,100224,0,0,0,227777,1028,1028,100652,190,190
1938,26551901,111104,111104,26321878,108858,108858,25003392,106880,106880,0,0,0,230023,2246,2246,101168,516,516
1946,26663483,111582,111582,26433093,111215,111215,25112192,108800,108800,0,0,0,230390,367,367,101305,137,137
1954,26778126,114643,114643,26545668,112575,112575,25223296,111104,111104,0,0,0,232458,2068,2068,101821,516,516
1959,26778126,114643,0,26545668,112575,0,25223296,111104,0,0,0,0,232458,2068,0,101821,516,0
1964,26896649,118523,118523,26661419,115751,115751,25252480,29184,29184,0,0,0,235230,2772,2772,101821,0,0
1972,27015424,118775,118775,26779966,118547,118547,25368064,115584,115584,0,0,0,235458,228,228,101864,43,43
1984,27136175,120751,120751,26899276,119310,119310,25486464,118400,118400,0,0,0,236899,1441,1441,103084,1220,1220
1991,27266423,130248,130248,27029298,130022,130022,25605632,119168,119168,0,0,0,237125,226,226,103191,107,107
1998,27407206,140783,140783,27169732,140434,140434,25735552,129920,129920,0,0,0,237474,349,349,103445,254,254
2024,27560581,153375,153375,27318311,148579,148579,25875840,140288,140288,0,0,0,242270,4796,4796,107970,4525,4525
2033,27723057,162476,162476,27480173,161862,161862,26024320,148480,148480,0,0,0,242884,614,614,108309,339,339
2041,27894224,171167,171167,27651020,170847,170847,26186112,161792,161792,0,0,0,243204,320,320,108325,16,16
2049,28074676,180452,180452,27831085,180065,180065,26356864,170752,170752,0,0,0,243591,387,387,108364,39,39
2056,28255598,180922,180922,28011788,180703,180703,26536832,179968,179968,0,0,0,243810,219,219,108450,86,86
2064,28443116,187518,187518,28198902,187114,187114,26717440,180608,180608,0,0,0,244214,404,404,108549,99,99
2072,28642106,198990,198990,28397643,198741,198741,26904448,187008,187008,0,0,0,244463,249,249,108644,95,95
2086,28850861,208755,208755,28602353,204710,204710,27103104,198656,198656,0,0,0,248508,4045,4045,110054,1410,1410
2094,29059830,208969,208969,28811132,208779,208779,27307648,204544,204544,0,0,0,248698,190,190,110137,83,83
2102,29271697,211867,211867,29021770,210638,210638,27516288,208640,208640,0,0,0,249927,1229,1229,110593,456,456
2111,29271697,211867,0,29021770,210638,0,27516288,208640,0,0,0,0,249927,1229,0,110593,456,0
2118,29486771,215074,215074,29235012,213242,213242,27635456,119168,119168,0,0,0,251759,1832,1832,110593,0,0
2124,29702590,215819,215819,29450471,215459,215459,27848576,213120,213120,0,0,0,252119,360,360,110861,268,268
2138,29920497,217907,217907,29667561,217090,217090,28063872,215296,215296,0,0,0,252936,817,817,111377,516,516
2147,30140224,219727,219727,29886364,218803,218803,28280832,216960,216960,0,0,0,253860,924,924,112151,774,774
2173,30374178,233954,233954,30115450,229086,229086,28499456,218624,218624,0,0,0,258728,4868,4868,116738,4587,4587
2189,30619505,245327,245327,30358461,243011,243011,28728320,228864,228864,0,0,0,261044,2316,2316,118886,2148,2148
2195,30619505,13329,0,30358461,0,0,28728320,0,0,0,0,0,261044,0,0,118886,0,0
2206,30641015,21510,21510,30379654,21193,21193,28740224,11904,11904,0,0,0,261361,317,317,118944,58,58
2217,30663545,22530,22530,30401880,22226,22226,28761216,20992,20992,0,0,0,261665,304,304,119008,64,64
2227,30698521,34976,34976,30436046,34166,34166,28783232,22016,22016,0,0,0,262475,810,810,119367,359,359
2234,30748573,50052,50052,30481097,45051,45051,28816768,33536,33536,0,0,0,267476,5001,5001,119883,516,516
2242,30799092,50519,50519,30531173,50076,50076,28861696,44928,44928,0,0,0,267919,443,443,120076,193,193
2253,30858090,58998,58998,30589860,58687,58687,28911616,49920,49920,0,0,0,268230,311,311,120133,57,57
2261,30929305,71215,71215,30658698,68838,68838,28970112,58496,58496,0,0,0,270607,2377,2377,120649,516,516
2269,31007043,77738,77738,30734515,75817,75817,29038720,68608,68608,0,0,0,272528,1921,1921,120923,274,274
2279,31085941,78898,78898,30813135,78620,78620,29114368,75648,75648,0,0,0,272806,278,278,120939,16,16
2286,31165259,79318,79318,30892303,79168,79168,29192832,78464,78464,0,0,0,272956,150,150,120962,23,23
2298,31256877,91618,91618,30982267,89964,89964,29271808,78976,78976,0,0,0,274610,1654,1654,122435,1473,1473
2307,31357878,101001,101001,31082656,100389,100389,29361536,89728,89728,0,0,0,275222,612,612,122878,443,443
2326,31470976,113098,113098,31192836,110180,110180,29461760,100224,100224,0,0,0,278140,2918,2918,125415,2537,2537
2334,31593811,122835,122835,31315394,122558,122558,29571840,110080,110080,0,0,0,278417,277,277,125534,119,119
2344,31732958,139147,139147,31449535,134141,134141,29694336,122496,122496,0,0,0,283423,5006,5006,126568,1034,1034
2353,31873283,140325,140325,31589524,139989,139989,29828352,134016,134016,0,0,0,283759,336,336,126722,154,154
2360,32018834,145551,145551,31734418,144894,144894,29968256,139904,139904,0,0,0,284416,657,657,127037,315,315
2373,32165615,146781,146781,31880028,145610,145610,30113024,144768,144768,0,0,0,285587,1171,1171,127985,948,948
2380,32317732,152117,152117,32031161,151133,151133,30258560,145536,145536,0,0,0,286571,984,984,128501,516,516
2389,32472872,155140,155140,32183354,152193,152193,30409600,151040,151040,0,0,0,289518,2947,2947,129370,869,869
2399,32630301,157429,157429,32338661,155307,155307,30561664,152064,152064,0,0,0,291640,2122,2122,129413,43,43
2406,32788366,158065,158065,32496206,157545,157545,30716800,155136,155136,0,0,0,292160,520,520,129489,76,76
2414,32946804,158438,158438,32654332,158126,158126,30874240,157440,157440,0,0,0,292472,312,312,129720,231,231
2424,33106112,159308,159308,32812954,158622,158622,31032192,157952,157952,0,0,0,293158,686,686,129950,230,230
2432,33267506,161394,161394,32973285,160331,160331,31190656,158464,158464,0,0,0,294221,1063,1063,130055,105,105
2439,33429219,161713,161713,33134828,161543,161543,31350912,160256,160256,0,0,0,294391,170,170,130104,49,49
2447,33593517,164298,164298,33297004,162176,162176,31512320,161408,161408,0,0,0,296513,2122,2122,130581,477,477
2455,33759820,166303,166303,33462931,165927,165927,31674368,162048,162048,0,0,0,296889,376,376,130743,162,162
2461,33926925,167105,167105,33629762,166831,166831,31840128,165760,165760,0,0,0,297163,274,274,130918,175,175
2475,34096044,169119,169119,33798138,168376,168376,32006784,166656,166656,0,0,0,297906,743,743,131434,516,516
2492,34269565,173521,173521,33968467,170329,170329,32175104,168320,168320,0,0,0,301098,3192,3192,134540,3106,3106
2499,34448796,179231,179231,34147573,179106,179106,32345344,170240,170240,0,0,0,301223,125,125,134564,24,24
2508,34637101,188305,188305,34335691,188118,188118,32524288,178944,178944,0,0,0,301410,187,187,134599,35,35
2516,34827670,190569,190569,34525845,190154,190154,32712320,188032,188032,0,0,0,301825,415,415,134789,190,190
2527,35026872,199202,199202,34724742,198897,198897,32902400,190080,190080,0,0,0,302130,305,305,134888,99,99
2538,35239521,212649,212649,34936184,211442,211442,33101184,198784,198784,0,0,0,303337,1207,1207,135922,1034,1034
2545,35462478,222957,222957,35158919,222735,222735,33312384,211200,211200,0,0,0,303559,222,222,136046,124,124
2556,35693740,231262,231262,35389962,231043,231043,33534592,222208,222208,0,0,0,303778,219,219,136082,36,36
2564,35936490,242750,242750,35632491,242529,242529,33765504,230912,230912,0,0,0,303999,221,221,136142,60,60
2570,35936490,13809,0,35632491,0,0,33765504,0,0,0,0,0,303999,0,0,136142,0,0
2580,35958538,22048,22048,35654340,21849,21849,33777408,11904,11904,0,0,0,304198,199,199,136187,45,45
2586,35981558,23020,23020,35677198,22858,22858,33789312,11904,11904,0,0,0,304360,162,162,136187,0,0
2594,36010510,28952,28952,35704152,26954,26954,33811968,22656,22656,0,0,0,306358,1998,1998,136234,47,47
2604,36042414,31904,31904,35735620,31468,31468,33838720,26752,26752,0,0,0,306794,436,436,136478,244,244
2610,36082313,39899,39899,35775445,39825,39825,33869952,31232,31232,0,0,0,306868,74,74,136478,0,0
2618,36131076,48763,48763,35823565,48120,48120,33909632,39680,39680,0,0,0,307511,643,643,136994,516,516
2625,36194402,63326,63326,35883242,59677,59677,33957632,48000,48000,0,0,0,311160,3649,3649,137510,516,516
2636,36259482,65080,65080,35947789,64547,64547,34017152,59520,59520,0,0,0,311693,533,533,137635,125,125
2643,36333712,74230,74230,36021670,73881,73881,34081536,64384,64384,0,0,0,312042,349,349,137669,34,34
2651,36416612,82900,82900,36104088,82418,82418,34155264,73728,73728,0,0,0,312524,482,482,137871,202,202
2659,36507940,91328,91328,36195163,91075,91075,34237440,82176,82176,0,0,0,312777,253,253,137929,58,58
2667,36609440,101500,101500,36296342,101179,101179,34328320,90880,90880,0,0,0,313098,321,321,137992,63,63
2675,36712637,103197,103197,36399148,102806,102806,34429312,100992,100992,0,0,0,313489,391,391,138103,111,111
2683,36824272,111635,111635,36510334,111186,111186,34531968,102656,102656,0,0,0,313938,449,449,138299,196,196
2692,36940369,116097,116097,36626256,115922,115922,34642944,110976,110976,0,0,0,314113,175,175,138314,15,15
2702,37066426,126057,126057,36751742,125486,125486,34758656,115712,115712,0,0,0,314684,571,571,138633,319,319
2710,37204240,137814,137814,36886178,134436,134436,34883968,125312,125312,0,0,0,318062,3378,3378,138977,344,344
2718,37343724,139484,139484,37024142,137964,137964,35018240,134272,134272,0,0,0,319582,1520,1520,139123,146,146
2726,37484396,140672,140672,37164625,140483,140483,35155968,137728,137728,0,0,0,319771,189,189,139175,52,52
2736,37625633,141237,141237,37305483,140858,140858,35296256,140288,140288,0,0,0,320150,379,379,139303,128,128
2746,37768968,143335,143335,37448028,142545,142545,35436928,140672,140672,0,0,0,320940,790,790,139925,622,622
2762,37920916,151948,151948,37597689,149661,149661,35579264,142336,142336,0,0,0,323227,2287,2287,142101,2176,2176
2769,38078373,157457,157457,37754668,156979,156979,35728768,149504,149504,0,0,0,323705,478,478,142350,249,249
2777,38239628,161255,161255,37915478,160810,160810,35885568,156800,156800,0,0,0,324150,445,445,142442,92,92
2785,38405127,165499,165499,38080792,165314,165314,36046208,160640,160640,0,0,0,324335,185,185,142482,40,40
2797,38575460,170333,170333,38250365,169573,169573,36211328,165120,165120,0,0,0,325095,760,760,143032,550,550
2813,38757015,181555,181555,38429331,178966,178966,36380672,169344,169344,0,0,0,327684,2589,2589,145504,2472,2472
2821,38942943,185928,185928,38614820,185489,185489,36559488,178816,178816,0,0,0,328123,439,439,145635,131,131
2831,39133786,190843,190843,38805359,190539,190539,36744832,185344,185344,0,0,0,328427,304,304,145691,56,56
2839,39332765,198979,198979,39004020,198661,198661,36935168,190336,190336,0,0,0,328745,318,318,145782,91,91
2846,39542521,209756,209756,39211386,207366,207366,37133696,198528,198528,0,0,0,331135,2390,2390,146252,470,470
2854,39753776,211255,211255,39421166,209780,209780,37340928,207232,207232,0,0,0,332610,1475,1475,146380,128,128
2867,39968475,214699,214699,39633896,212730,212730,37550592,209664,209664,0,0,0,334579,1969,1969,147191,811,811
2874,40183630,215155,215155,39848761,214865,214865,37763200,212608,212608,0,0,0,334869,290,290,147408,217,217
2882,40399785,216155,216155,40064637,215876,215876,37977856,214656,214656,0,0,0,335148,279,279,147484,76,76
2886,40616151,216366,216366,40280922,216285,216285,38193536,215680,215680,0,0,0,335229,81,81,147484,0,0
2898,40833990,217839,217839,40498559,217637,217637,38409600,216064,216064,0,0,0,335431,202,202,147484,0,0
2910,41055663,221673,221673,40718832,220273,220273,38627072,217472,217472,0,0,0,336831,1400,1400,148697,1213,1213
2926,41290604,234941,234941,40951870,233038,233038,38847104,220032,220032,0,0,0,338734,1903,1903,150395,1698,1698
2935,41530161,239557,239557,41191226,239356,239356,39079936,232832,232832,0,0,0,338935,201,201,150410,15,15
2941,41530161,15021,0,41191226,0,0,39079936,0,0,0,0,0,338935,0,0,150410,0,0
2952,41553674,23513,23513,41214447,23221,23221,39091840,11904,11904,0,0,0,339227,292,292,150476,66,66
2962,41579935,26261,26261,41240438,25991,25991,39114880,23040,23040,0,0,0,339497,270,270,150521,45,45
2975,41618656,38721,38721,41278050,37612,37612,39137920,23040,23040,0,0,0,340606,1109,1109,151285,764,764
2982,41670199,51543,51543,41327416,49366,49366,39175296,37376,37376,0,0,0,342783,2177,2177,151335,50,50
2991,41722537,52338,52338,41379018,51602,51602,39224448,49152,49152,0,0,0,343519,736,736,151851,516,516
3005,41790296,67759,67759,41443240,64222,64222,39275904,51456,51456,0,0,0,347056,3537,3537,153403,1552,1552
3013,41860843,70547,70547,41513368,70128,70128,39339904,64000,64000,0,0,0,347475,419,419,153623,220,220
3020,41945974,85131,85131,41595161,81793,81793,39409792,69888,69888,0,0,0,350813,3338,3338,154139,516,516
3029,42031888,85914,85914,41680350,85189,85189,39491456,81664,81664,0,0,0,351538,725,725,154655,516,516
3038,42128793,96905,96905,41776651,96301,96301,39576448,84992,84992,0,0,0,352142,604,604,154906,251,251
3047,42238549,109756,109756,41884337,107686,107686,39672576,96128,96128,0,0,0,354212,2070,2070,154953,47,47
3058,42350934,112385,112385,41994255,109918,109918,39780096,107520,107520,0,0,0,356679,2467,2467,155349,396,396
3066,42464071,113137,113137,42106862,112607,112607,39889792,109696,109696,0,0,0,357209,530,530,155370,21,21
3072,42578795,114724,114724,42221216,114354,114354,40002176,112384,112384,0,0,0,357579,370,370,155669,299,299
3084,42695073,116278,116278,42337211,115995,115995,40116352,114176,114176,0,0,0,357862,283,283,155669,0,0
3102,42824917,129844,129844,42463973,126762,126762,40232192,115840,115840,0,0,0,360944,3082,3082,158530,2861,2861
3110,42963755,138838,138838,42602536,138563,138563,40358784,126592,126592,0,0,0,361219,275,275,158560,30,30
3118,43106160,142405,142405,42744642,142106,142106,40497152,138368,138368,0,0,0,361518,299,299,158571,11,11
3125,43253765,147605,147605,42892116,147474,147474,40639104,141952,141952,0,0,0,361649,131,131,158590,19,19
3135,43408897,155132,155132,43045891,153775,153775,40786432,147328,147328,0,0,0,363006,1357,1357,158620,30,30
3143,43567605,158708,158708,43204356,158465,158465,40940032,153600,153600,0,0,0,363249,243,243,158669,49,49
3155,43732063,164458,164458,43365553,161197,161197,41098368,158336,158336,0,0,0,366510,3261,3261,160064,1395,1395
3187,43911643,179580,179580,43538097,172544,172544,41259392,161024,161024,0,0,0,373546,7036,7036,165471,5407,5407
3226,43911643,179580,0,43538097,172544,0,41259392,161024,0,0,0,0,373546,7036,0,165471,5407,0
3239,44111133,199490,199490,43736380,198283,198283,41296768,37376,37376,0,0,0,374753,1207,1207,166299,828,828
3247,44325002,213869,213869,43947097,210717,210717,41494912,198144,198144,0,0,0,377905,3152,3152,166357,58,58
3256,44543205,218203,218203,44163880,216783,216783,41705472,210560,210560,0,0,0,379325,1420,1420,166873,516,516
3265,44770491,227286,227286,44390391,226511,226511,41921536,216064,216064,0,0,0,380100,775,775,167315,442,442
3277,45002953,232462,232462,44619495,229104,229104,42147840,226304,226304,0,0,0,383458,3358,3358,168696,1381,1381
3285,45239619,236666,236666,44855978,236483,236483,42376832,228992,228992,0,0,0,383641,183,183,168757,61,61
3294,45482465,242846,242846,45097670,241692,241692,42613120,236288,236288,0,0,0,384795,1154,1154,169511,754,754
3301,45482465,14428,0,45097670,0,0,42613120,0,0,0,0,0,384795,0,0,169511,0,0
3312,45505158,22693,22693,45120077,22407,22407,42625024,11904,11904,0,0,0,385081,286,286,169566,55,55
3322,45530731,25573,25573,45145333,25256,25256,42647296,22272,22272,0,0,0,385398,317,317,169605,39,39
3331,45568019,37288,37288,45182350,37017,37017,42672384,25088,25088,0,0,0,385669,271,271,169616,11,11
3341,45617776,49757,49757,45231851,49501,49501,42709248,36864,36864,0,0,0,385925,256,256,169696,80,80
3349,45675212,57436,57436,45288612,56761,56761,42758528,49280,49280,0,0,0,386600,675,675,170212,516,516
3357,45742499,67287,67287,45355200,66588,66588,42815104,56576,56576,0,0,0,387299,699,699,170728,516,516
3358,45742499,67287,0,45355200,66588,0,42815104,56576,0,0,0,0,387299,699,0,170728,516,0
3365,45813515,71016,71016,45425013,69813,69813,42864384,49280,49280,0,0,0,388502,1203,1203,170794,66,66
3374,45884888,71373,71373,45496089,71076,71076,42934016,69632,69632,0,0,0,388799,297,297,170809,15,15
3382,45959848,74960,74960,45570893,74804,74804,43004928,70912,70912,0,0,0,388955,156,156,170835,26,26
3391,46043869,84021,84021,45651292,80399,80399,43079552,74624,74624,0,0,0,392577,3622,3622,171001,166,166
3398,46128068,84199,84199,45735371,84079,84079,43159808,80256,80256,0,0,0,392697,120,120,171040,39,39
3405,46217054,88986,88986,45823057,87686,87686,43243648,83840,83840,0,0,0,393997,1300,1300,171341,301,301
3412,46306323,89269,89269,45912254,89197,89197,43331200,87552,87552,0,0,0,394069,72,72,171364,23,23
3419,46396313,89990,89990,46001690,89436,89436,43420160,88960,88960,0,0,0,394623,554,554,171880,516,516
3426,46491564,95251,95251,46094593,92903,92903,43509376,89216,89216,0,0,0,396971,2348,2348,172380,500,500
3436,46587626,96062,96062,46190290,95697,95697,43601664,92288,92288,0,0,0,397336,365,365,172469,89,89
3444,46693960,106334,106334,46296382,106092,106092,43697152,95488,95488,0,0,0,397578,242,242,172546,77,77
3451,46808185,114225,114225,46408620,112238,112238,43803136,105984,105984,0,0,0,399565,1987,1987,173029,483,483
3459,46923149,114964,114964,46522903,114283,114283,43915264,112128,112128,0,0,0,400246,681,681,173545,516,516
3467,47043537,120388,120388,46642857,119954,119954,44029440,114176,114176,0,0,0,400680,434,434,173650,105,105
3474,47167073,123536,123536,46765770,122913,122913,44149248,119808,119808,0,0,0,401303,623,623,174166,516,516
3486,47294816,127743,127743,46891044,125274,125274,44272000,122752,122752,0,0,0,403772,2469,2469,175129,963,963
3494,47422783,127967,127967,47018847,127803,127803,44397184,125184,125184,0,0,0,403936,164,164,175174,45,45
3501,47553464,130681,130681,47147574,128727,128727,44524800,127616,127616,0,0,0,405890,1954,1954,175690,516,516
3508,47684436,130972,130972,47278408,130834,130834,44653440,128640,128640,0,0,0,406028,138,138,175719,29,29
3516,47816908,132472,132472,47410438,132030,132030,44784128,130688,130688,0,0,0,406470,442,442,176068,349,349
3525,47952085,135177,135177,47544023,133585,133585,44915968,131840,131840,0,0,0,408062,1592,1592,176088,20,20
3532,48088722,136637,136637,47679664,135641,135641,45049344,133376,133376,0,0,0,409058,996,996,176505,417,417
3538,48225740,137018,137018,47816484,136820,136820,45184896,135552,135552,0,0,0,409256,198,198,176589,84,84
3550,48364214,138474,138474,47954773,138289,138289,45321600,136704,136704,0,0,0,409441,185,185,176589,0,0
3557,48512806,148592,148592,48103151,148378,148378,45459712,138112,138112,0,0,0,409655,214,214,176644,55,55
3562,48663128,150322,150322,48253323,150172,150172,45607936,148224,148224,0,0,0,409805,150,150,176644,0,0
3571,48816716,153588,153588,48405958,152635,152635,45757952,150016,150016,0,0,0,410758,953,953,177508,864,864
3578,48978807,162091,162091,48567436,161478,161478,45910400,152448,152448,0,0,0,411371,613,613,178024,516,516
3586,49145259,166452,166452,48733467,166031,166031,46071680,161280,161280,0,0,0,411792,421,421,178120,96,96
3602,49318173,172914,172914,48904150,170683,170683,46237568,165888,165888,0,0,0,414023,2231,2231,180040,1920,1920
3612,49500625,182452,182452,49085311,181161,181161,46408064,170496,170496,0,0,0,415314,1291,1291,181074,1034,1034
3620,49686891,186266,186266,49271390,186079,186079,46589056,180992,180992,0,0,0,415501,187,187,181104,30,30
3629,49882431,195540,195540,49464559,193169,193169,46775040,185984,185984,0,0,0,417872,2371,2371,182132,1028,1028
3636,50079582,197151,197151,49660123,195564,195564,46968064,193024,193024,0,0,0,419459,1587,1587,182169,37,37
3637,50079582,197151,0,49660123,195564,0,46968064,193024,0,0,0,0,419459,1587,0,182169,37,0
3647,50277909,198327,198327,49857383,197260,197260,47055616,87552,87552,0,0,0,420526,1067,1067,183111,942,942
3665,50480174,202265,202265,50057581,200198,200198,47252736,197120,197120,0,0,0,422593,2067,2067,184951,1840,1840
3677,50687943,207769,207769,50263828,206247,206247,47452800,200064,200064,0,0,0,424115,1522,1522,186328,1377,1377
3687,50901044,213101,213101,50475835,212007,212007,47658880,206080,206080,0,0,0,425209,1094,1094,187356,1028,1028
3715,51125999,224955,224955,50693485,217650,217650,47870720,211840,211840,0,0,0,432514,7305,7305,192382,5026,5026
3724,51351386,225387,225387,50918503,225018,225018,48087808,217088,217088,0,0,0,432883,369,369,192480,98,98
3731,51586256,234870,234870,51150312,231809,231809,48312704,224896,224896,0,0,0,435944,3061,3061,192996,516,516
3740,51821597,235341,235341,51385242,234930,234930,48544384,231680,231680,0,0,0,436355,411,411,193241,245,245
3748,52060373,238776,238776,51623760,238518,238518,48779136,234752,234752,0,0,0,436613,258,258,193252,11,11
3755,52060373,13689,0,51623760,0,0,48779136,0,0,0,0,0,436613,0,0,193252,0,0
3766,52081898,21525,21525,51645006,21246,21246,48791040,11904,11904,0,0,0,436892,279,279,193291,39,39
3774,52105026,23128,23128,51667937,22931,22931,48802944,11904,11904,0,0,0,437089,197,197,193291,0,0
3782,52137775,32749,32749,51700466,32529,32529,48825728,22784,22784,0,0,0,437309,220,220,193330,39,39
3791,52181962,44187,44187,51744301,43835,43835,48858112,32384,32384,0,0,0,437661,352,352,193501,171,171
3797,52230935,48973,48973,51793064,48763,48763,48901760,43648,43648,0,0,0,437871,210,210,193501,0,0
3805,52291705,60770,60770,51852381,59317,59317,48950400,48640,48640,0,0,0,439324,1453,1453,193974,473,473
3815,52353029,61324,61324,51913331,60950,60950,49009536,59136,59136,0,0,0,439698,374,374,194007,33,33
3822,52424716,71687,71687,51983300,69969,69969,49070336,60800,60800,0,0,0,441416,1718,1718,194140,133,133
3833,52497201,72485,72485,52055306,72006,72006,49140096,69760,69760,0,0,0,441895,479,479,194300,160,160
3842,52575873,78672,78672,52133221,77915,77915,49211904,71808,71808,0,0,0,442652,757,757,194816,516,516
3849,52658755,82882,82882,52215940,82719,82719,49289600,77696,77696,0,0,0,442815,163,163,194848,32,32
3856,52747527,88772,88772,52301995,86055,86055,49371648,82048,82048,0,0,0,445532,2717,2717,195124,276,276
3864,52837446,89919,89919,52390791,88796,88796,49457536,85888,85888,0,0,0,446655,1123,1123,195176,52,52
3874,52928350,90904,90904,52480918,90127,90127,49546240,88704,88704,0,0,0,447432,777,777,195692,516,516
3883,53034833,106483,106483,52584856,103938,103938,49636224,89984,89984,0,0,0,449977,2545,2545,195893,201,201
3891,53141715,106882,106882,52691558,106702,106702,49740032,103808,103808,0,0,0,450157,180,180,196000,107,107
3907,53256551,114836,114836,52803776,112218,112218,49846528,106496,106496,0,0,0,452775,2618,2618,198461,2461,2461
3915,53375575,119024,119024,52922591,118815,118815,49958656,112128,112128,0,0,0,452984,209,209,198488,27,27
3940,53505365,129790,129790,53047418,124827,124827,50077312,118656,118656,0,0,0,457947,4963,4963,203380,4892,4892
3963,53640040,134675,134675,53178367,130949,130949,50201984,124672,124672,0,0,0,461673,3726,3726,206424,3044,3044
3969,53775147,135107,135107,53313293,134926,134926,50332800,130816,130816,0,0,0,461854,181,181,206518,94,94
3982,53911718,136571,136571,53449671,136378,136378,50467584,134784,134784,0,0,0,462047,193,193,206518,0,0
3999,54056230,144512,144512,53591908,142237,142237,50603776,136192,136192,0,0,0,464322,2275,2275,208515,1997,1997
4011,54211491,155261,155261,53745930,154022,154022,50745856,142080,142080,0,0,0,465561,1239,1239,209610,1095,1095
4021,54376063,164572,164572,53909349,163419,163419,50899712,153856,153856,0,0,0,466714,1153,1153,210644,1034,1034
4029,54553235,177172,177172,54084788,175439,175439,51063040,163328,163328,0,0,0,468447,1733,1733,210808,164,164
4042,54740335,187100,187100,54270000,185212,185212,51238400,175360,175360,0,0,0,470335,1888,1888,212590,1782,1782
4054,54935774,195439,195439,54465161,195161,195161,51423488,185088,185088,0,0,0,470613,278,278,212671,81,81
4057,54935774,195439,0,54465161,195161,0,51423488,185088,0,0,0,0,470613,278,0,212671,81,0
4064,55137454,201680,201680,54664435,199274,199274,51482624,59136,59136,0,0,0,473019,2406,2406,212671,0,0
4072,55344365,206911,206911,54871104,206669,206669,51681792,199168,199168,0,0,0,473261,242,242,212750,79,79
4080,55551714,207349,207349,55078165,207061,207061,51888384,206592,206592,0,0,0,473549,288,288,212786,36,36
4093,55764925,213211,213211,55289254,211089,211089,52095360,206976,206976,0,0,0,475671,2122,2122,214338,1552,1552
4103,55978677,213752,213752,55502607,213353,213353,52306304,210944,210944,0,0,0,476070,399,399,214451,113,113
4111,56196472,217795,217795,55720096,217489,217489,52519552,213248,213248,0,0,0,476376,306,306,214547,96,96
4119,56422130,225658,225658,55944731,224635,224635,52736896,217344,217344,0,0,0,477399,1023,1023,214758,211,211
4127,56648658,226528,226528,56170532,225801,225801,52961408,224512,224512,0,0,0,478126,727,727,215274,516,516
4134,56878621,229963,229963,56400025,229493,229493,53187072,225664,225664,0,0,0,478596,470,470,215474,200,200
4142,57112684,234063,234063,56633936,233911,233911,53416448,229376,229376,0,0,0,478748,152,152,215502,28,28
4150,57350333,237649,237649,56870805,236869,236869,53650304,233856,233856,0,0,0,479528,780,780,215712,210,210
4159,57593191,242858,242858,57110628,239823,239823,53887104,236800,236800,0,0,0,482563,3035,3035,215991,279,279
4175,57840003,246812,246812,57354131,243503,243503,54126848,239744,239744,0,0,0,485872,3309,3309,217948,1957,1957
4181,57840003,13197,0,57354131,0,0,54126848,0,0,0,0,0,485872,0,0,217948,0,0
4192,57860883,20880,20880,57374796,20665,20665,54138752,11904,11904,0,0,0,486087,215,215,217976,28,28
4199,57882647,21764,21764,57396389,21593,21593,54159232,20480,20480,0,0,0,486258,171,171,217976,0,0
4207,57910208,27561,27561,57423674,27285,27285,54180608,21376,21376,0,0,0,486534,276,276,218090,114,114
4215,57948510,38302,38302,57461825,38151,38151,54207744,27136,27136,0,0,0,486685,151,151,218107,17,17
4225,57995819,47309,47309,57508572,46747,46747,54245760,38016,38016,0,0,0,487247,562,562,218461,354,354
4231,58053088,57269,57269,57565104,56532,56532,54292352,46592,46592,0,0,0,487984,737,737,218461,0,0
4239,58116297,63209,63209,57627682,62578,62578,54348672,56320,56320,0,0,0,488615,631,631,218977,516,516
4253,58191255,74958,74958,57700419,72737,72737,54411008,62336,62336,0,0,0,490836,2221,2221,221031,2054,2054
4263,58278650,87395,87395,57787011,86592,86592,54483584,72576,72576,0,0,0,491639,803,803,221045,14,14
4273,58367419,88769,88769,57874648,87637,87637,54569984,86400,86400,0,0,0,492771,1132,1132,222033,988,988
4286,58466027,98608,98608,57971712,97064,97064,54657408,87424,87424,0,0,0,494315,1544,1544,223439,1406,1406
4294,58573759,107732,107732,58079278,107566,107566,54754304,96896,96896,0,0,0,494481,166,166,223452,13,13
4306,58691891,118132,118132,58195181,115903,115903,54861696,107392,107392,0,0,0,496710,2229,2229,225004,1552,1552
4318,58811437,119546,119546,58313546,118365,118365,54977408,115712,115712,0,0,0,497891,1181,1181,225939,935,935
4326,58941142,129705,129705,58443031,129485,129485,55095552,118144,118144,0,0,0,498111,220,220,225989,50,50
4334,59080442,139300,139300,58582173,139142,139142,55224832,129280,129280,0,0,0,498269,158,158,226011,22,22
4344,59228760,148318,148318,58729539,147366,147366,55363840,139008,139008,0,0,0,499221,952,952,226822,811,811
4352,59379411,150651,150651,58879162,149623,149623,55511040,147200,147200,0,0,0,500249,1028,1028,226875,53,53
4359,59538454,159043,159043,59037827,158665,158665,55660544,149504,149504,0,0,0,500627,378,378,226903,28,28
4369,59702275,163821,163821,59200580,162753,162753,55819008,158464,158464,0,0,0,501695,1068,1068,226990,87,87
4378,59866749,164474,164474,59364648,164068,164068,55981568,162560,162560,0,0,0,502101,406,406,227034,44,44
4385,60036442,169693,169693,59534140,169492,169492,56145408,163840,163840,0,0,0,502302,201,201,227050,16,16
4395,60208211,171769,171769,59705161,171021,171021,56192000,46592,46592,0,0,0,503050,748,748,227683,633,633
4403,60391372,183161,183161,59884949,179788,179788,56362880,170880,170880,0,0,0,506423,3373,3373,228181,498,498
4421,60576889,185517,185517,60068134,183185,183185,56542464,179584,179584,0,0,0,508755,2332,2332,230314,2133,2133
4430,60765333,188444,188444,60254862,186728,186728,56725504,183040,183040,0,0,0,510471,1716,1716,230683,369,369
4438,60954488,189155,189155,60443559,188697,188697,56912000,186496,186496,0,0,0,510929,458,458,230796,113,113
4443,61143996,189508,189508,60633031,189472,189472,57100544,188544,188544,0,0,0,510965,36,36,230796,0,0
4450,61338305,194309,194309,60824903,191872,191872,57289856,189312,189312,0,0,0,513402,2437,2437,231151,355,355
4458,61533188,194883,194883,61019236,194333,194333,57481216,191360,191360,0,0,0,513952,550,550,231563,412,412
4467,61730095,196907,196907,61214912,195676,195676,57675392,194176,194176,0,0,0,515183,1231,1231,231597,34,34
4476,61927831,197736,197736,61412314,197402,197402,57870848,195456,195456,0,0,0,515517,334,334,231800,203,203
4480,62126079,198248,198248,61610498,198184,198184,58068096,197248,197248,0,0,0,515581,64,64,231800,0,0
4492,62325769,199690,199690,61810017,199519,199519,58266112,198016,198016,0,0,0,515752,171,171,231800,0,0
4497,62325769,199690,0,61810017,199519,0,58266112,198016,0,0,0,0,515752,171,0,231800,0,0
4509,62531925,206156,206156,62014851,204834,204834,58436992,170880,170880,0,0,0,517074,1322,1322,232960,1160,1160
4517,62746954,215029,215029,62229249,214398,214398,58641664,204672,204672,0,0,0,517705,631,631,233476,516,516
4533,62974621,227667,227667,62454612,225363,225363,58855936,214272,214272,0,0,0,520009,2304,2304,235492,2016,2016
4542,63212844,238223,238223,62690041,235429,235429,59081088,225152,225152,0,0,0,522803,2794,2794,236008,516,516
4548,63212844,13980,0,62690041,0,0,59081088,0,0,0,0,0,522803,0,0,236008,0,0
4559,63234659,21815,21815,62711610,21569,21569,59092992,11904,11904,0,0,0,523049,246,246,236045,37,37
4568,63261431,26772,26772,62738064,26454,26454,59114368,21376,21376,0,0,0,523367,318,318,236045,0,0
4575,63301782,40351,40351,62775200,37136,37136,59140608,26240,26240,0,0,0,526582,3215,3215,236352,307,307
4585,63342495,40713,40713,62815575,40375,40375,59177600,36992,36992,0,0,0,526920,338,338,236365,13,13
4596,63394448,51953,51953,62867284,51709,51709,59217792,40192,40192,0,0,0,527164,244,244,236389,24,24
4604,63455322,60874,60874,62927554,60270,60270,59269376,51584,51584,0,0,0,527768,604,604,236628,239,239
4614,63519293,63971,63971,62988523,60969,60969,59329408,60032,60032,0,0,0,530770,3002,3002,236850,222,222
4622,63583525,64232,64232,63052518,63995,63995,59390208,60800,60800,0,0,0,531007,237,237,236896,46,46
4630,63658369,74844,74844,63126045,73527,73527,59454080,63872,63872,0,0,0,532324,1317,1317,236945,49,49
4639,63733824,75455,75455,63201143,75098,75098,59527424,73344,73344,0,0,0,532681,357,357,237017,72,72
4647,63819272,85448,85448,63286471,85328,85328,59602304,74880,74880,0,0,0,532801,120,120,237024,7,7
4658,63915975,96703,96703,63382152,95681,95681,59687424,85120,85120,0,0,0,533823,1022,1022,237846,822,822
4665,64020763,104788,104788,63486686,104534,104534,59782912,95488,95488,0,0,0,534077,254,254,237860,14,14
4676,64133169,112406,112406,63595562,108876,108876,59887232,104320,104320,0,0,0,537607,3530,3530,238708,848,848
4684,64246324,113155,113155,63708223,112661,112661,59995904,108672,108672,0,0,0,538101,494,494,239045,337,337
4694,64366567,120243,120243,63826692,118469,118469,60108416,112512,112512,0,0,0,539875,1774,1774,239168,123,123
4702,64488472,121905,121905,63947084,120392,120392,60226688,118272,118272,0,0,0,541388,1513,1513,239469,301,301
4714,64611756,123284,123284,64069173,122089,122089,60346880,120192,120192,0,0,0,542583,1195,1195,240540,1071,1071
4730,64747101,135345,135345,64202192,133019,133019,60468736,121856,121856,0,0,0,544909,2326,2326,242738,2198,2198
4745,64895617,148516,148516,64347989,145797,145797,60601600,132864,132864,0,0,0,547628,2719,2719,245262,2524,2524
4756,65052164,156547,156547,64504303,156314,156314,60747264,145664,145664,0,0,0,547861,233,233,245289,27,27
4764,65218919,166755,166755,64670780,166477,166477,60903424,156160,156160,0,0,0,548139,278,278,245375,86,86
4777,65392521,173602,173602,64841612,170832,170832,61069696,166272,166272,0,0,0,550909,2770,2770,246498,1123,1123
4784,65566437,173916,173916,65015353,173741,173741,61240320,170624,170624,0,0,0,551084,175,175,246593,95,95
4790,65740917,174480,174480,65189711,174358,174358,61413888,173568,173568,0,0,0,551206,122,122,246630,37,37
4805,65917024,176107,176107,65365462,175751,175751,61588096,174208,174208,0,0,0,551562,356,356,246705,75,75
4811,66102926,185902,185902,65551197,185735,185735,61763712,175616,175616,0,0,0,551729,167,167,246705,0,0
4819,66300468,197542,197542,65748537,197340,197340,61949312,185600,185600,0,0,0,551931,202,202,246738,33,33
4828,66510871,210403,210403,65956237,207700,207700,62146432,197120,197120,0,0,0,554634,2703,2703,247690,952,952
4841,66721761,210890,210890,66166799,210562,210562,62353920,207488,207488,0,0,0,554962,328,328,247722,32,32
4848,66940472,218711,218711,66385327,218528,218528,62564352,210432,210432,0,0,0,555145,183,183,247735,13,13
4856,67160127,219655,219655,66604651,219324,219324,62782720,218368,218368,0,0,0,555476,331,331,247778,43,43
4863,67381389,221262,221262,66825769,221118,221118,63001856,219136,219136,0,0,0,555620,144,144,247803,25,25
4870,67604814,223425,223425,67048992,223223,223223,63222784,220928,220928,0,0,0,555822,202,202,247936,133,133
4879,67829814,225000,225000,67273428,224436,224436,63445760,222976,222976,0,0,0,556386,564,564,248096,160,160
4895,68057358,227544,227544,67498688,225260,225260,63670016,224256,224256,0,0,0,558670,2284,2284,248948,852,852
4913,68287677,230319,230319,67726647,227959,227959,63895040,225024,225024,0,0,0,561030,2360,2360,251151,2203,2203
4920,68526815,239138,239138,67965679,239032,239032,64122752,227712,227712,0,0,0,561136,106,106,251176,25,25
4926,68526815,14248,0,67965679,0,0,64122752,0,0,0,0,0,561136,0,0,251176,0,0
4936,68548951,22136,22136,67987600,21921,21921,64134656,11904,11904,0,0,0,561351,215,215,251210,34,34
4942,68572303,23352,23352,68010781,23181,23181,64156416,21760,21760,0,0,0,561522,171,171,251210,0,0
4951,68604871,32568,32568,68043020,32239,32239,64179456,23040,23040,0,0,0,561851,329,329,251250,40,40
4959,68650583,45712,45712,68088494,45474,45474,64211456,32000,32000,0,0,0,562089,238,238,251273,23,23
4968,68708169,57586,57586,68145502,57008,57008,64256768,45312,45312,0,0,0,562667,578,578,251300,27,27
4977,68774644,66475,66475,68211241,65739,65739,64313600,56832,56832,0,0,0,563403,736,736,251816,516,516
4986,68853003,78359,78359,68288933,77692,77692,64379136,65536,65536,0,0,0,564070,667,667,252332,516,516
4994,68943161,90158,90158,68378857,89924,89924,64456704,77568,77568,0,0,0,564304,234,234,252356,24,24
5002,69043633,100472,100472,68478735,99878,99878,64546560,89856,89856,0,0,0,564898,594,594,252724,368,368
5012,69155401,111768,111768,68590083,111348,111348,64646272,99712,99712,0,0,0,565318,420,420,252783,59,59
5019,69267469,112068,112068,68701986,111903,111903,64757504,111232,111232,0,0,0,565483,165,165,252831,48,48
5028,69386198,118729,118729,68820431,118445,118445,64869248,111744,111744,0,0,0,565767,284,284,252905,74,74
5036,69516346,130148,130148,68949858,129427,129427,64987520,118272,118272,0,0,0,566488,721,721,253421,516,516
5043,69652999,136653,136653,69085322,135464,135464,65116800,129280,129280,0,0,0,567677,1189,1189,253937,516,516
5051,69790329,137330,137330,69222034,136712,136712,65252224,135424,135424,0,0,0,568295,618,618,254453,516,516
5059,69931615,141286,141286,69360390,138356,138356,65388800,136576,136576,0,0,0,571225,2930,2930,254497,44,44
5067,70073693,142078,142078,69501700,141310,141310,65527040,138240,138240,0,0,0,571993,768,768,254533,36,36
5075,70218764,145071,145071,69645435,143735,143735,65668224,141184,141184,0,0,0,573329,1336,1336,254561,28,28
5088,70366467,147703,147703,69791145,145710,145710,65811840,143616,143616,0,0,0,575322,1993,1993,255285,724,724
5096,70516315,149848,149848,69939638,148493,148493,65957504,145664,145664,0,0,0,576677,1355,1355,255579,294,294
5103,70669359,153044,153044,70091430,151792,151792,66105856,148352,148352,0,0,0,577929,1252,1252,255725,146,146
5111,70824959,155600,155600,70246856,155426,155426,66257536,151680,151680,0,0,0,578103,174,174,255751,26,26
5125,70982370,157411,157411,70402870,156014,156014,66412928,155392,155392,0,0,0,579500,1397,1397,256327,576,576
5134,71142063,159693,159693,70560443,157573,157573,66568832,155904,155904,0,0,0,581620,2120,2120,256843,516,516
5141,71303920,161857,161857,70720262,159819,159819,66726272,157440,157440,0,0,0,583658,2038,2038,257359,516,516
5149,71466342,162422,162422,70882364,162102,162102,66886016,159744,159744,0,0,0,583978,320,320,257587,228,228
5158,71633134,166792,166792,71048018,165654,165654,67048064,162048,162048,0,0,0,585116,1138,1138,258621,1034,1034
5166,71808224,175090,175090,71222818,174800,174800,67213696,165632,165632,0,0,0,585406,290,290,258738,117,117
5176,71995721,187497,187497,71409204,186386,186386,67388416,174720,174720,0,0,0,586517,1111,1111,259716,978,978
5184,72194974,199253,199253,71608206,199002,199002,67574656,186240,186240,0,0,0,586768,251,251,259739,23,23
5192,72402740,207766,207766,71815525,207319,207319,67773568,198912,198912,0,0,0,587215,447,447,259994,255,255
5202,72616267,213527,213527,72028851,213326,213326,67980800,207232,207232,0,0,0,587416,201,201,260022,28,28
5210,72838797,222530,222530,72251140,222289,222289,68194048,213248,213248,0,0,0,587657,241,241,260041,19,19
5217,73065718,226921,226921,72477873,226733,226733,68416256,222208,222208,0,0,0,587845,188,188,260095,54,54
5225,73293461,227743,227743,72704983,227110,227110,68642944,226688,226688,0,0,0,588478,633,633,260294,199,199
5233,73521983,228522,228522,72933284,228301,228301,68870016,227072,227072,0,0,0,588699,221,221,260320,26,26
5241,73761659,239676,239676,73171278,237994,237994,69098240,228224,228224,0,0,0,590381,1682,1682,261288,968,968
5249,74002911,241252,241252,73411023,239745,239745,69336192,237952,237952,0,0,0,591888,1507,1507,261314,26,26
5255,74244549,241638,241638,73652378,241355,241355,69575808,239616,239616,0,0,0,592171,283,283,261535,221,221
5269,74488230,243681,243681,73895287,242909,242909,69817088,241280,241280,0,0,0,592943,772,772,262051,516,516
5275,74488230,14649,0,73895287,0,0,69817088,0,0,0,0,0,592943,0,0,262051,0,0
5286,74510869,22639,22639,73917706,22419,22419,69828992,11904,11904,0,0,0,593163,220,220,262088,37,37
5293,74534487,23618,23618,73941154,23448,23448,69851264,22272,22272,0,0,0,593333,170,170,262088,0,0
5301,74566291,31804,31804,73972707,31553,31553,69874560,23296,23296,0,0,0,593584,251,251,262160,72,72
5314,74609284,42993,42993,74015380,42673,42673,69905920,31360,31360,0,0,0,593904,320,320,262193,33,33
5322,74663877,54593,54593,74069620,54240,54240,69948416,42496,42496,0,0,0,594257,353,353,262328,135,135
5333,74731615,67738,67738,74136091,66471,66471,70002432,54016,54016,0,0,0,595524,1267,1267,263362,1034,1034
5343,74810877,79262,79262,74215081,78990,78990,70068736,66304,66304,0,0,0,595796,272,272,263418,56,56
5351,74901854,90977,90977,74305816,90735,90735,70147584,78848,78848,0,0,0,596038,242,242,263478,60,60
5367,75000926,99072,99072,74402484,96668,96668,70238080,90496,90496,0,0,0,598442,2404,2404,265548,2070,2070
5382,75107947,107021,107021,74507492,105008,105008,70334592,96512,96512,0,0,0,600455,2013,2013,267330,1782,1782
5393,75225011,117064,117064,74621031,113539,113539,70439424,104832,104832,0,0,0,603980,3525,3525,268612,1282,1282
5402,75342524,117513,117513,74738153,117122,117122,70552832,113408,113408,0,0,0,604371,391,391,268759,147,147
5411,75462033,119509,119509,74857169,119016,119016,70669824,116992,116992,0,0,0,604864,493,493,268861,102,102
5417,75581748,119715,119715,74976819,119650,119650,70788608,118784,118784,0,0,0,604929,65,65,268861,0,0
5428,75704393,122645,122645,75098406,121587,121587,70908032,119424,119424,0,0,0,605987,1058,1058,269733,872,872
5439,75830618,126225,126225,75221835,123429,123429,71029120,121088,121088,0,0,0,608783,2796,2796,270537,804,804
5449,75958609,127991,127991,75348119,126284,126284,71152512,123392,123392,0,0,0,610490,1707,1707,271329,792,792
5459,76087448,128839,128839,75476257,128138,128138,71278720,126208,126208,0,0,0,611191,701,701,271845,516,516
5485,76228802,141354,141354,75610156,133899,133899,71406720,128000,128000,0,0,0,618646,7455,7455,276599,4754,4754
5502,76374640,145838,145838,75751786,141630,141630,71540480,133760,133760,0,0,0,622854,4208,4208,278508,1909,1909
5510,76521337,146697,146697,75897817,146031,146031,71682048,141568,141568,0,0,0,623520,666,666,278762,254,254
5517,76671907,150570,150570,76047908,150091,150091,71827968,145920,145920,0,0,0,623999,479,479,278792,30,30
5523,76823303,151396,151396,76198723,150815,150815,71977984,150016,150016,0,0,0,624580,581,581,279308,516,516
5535,76976151,152848,152848,76351390,152667,152667,72128768,150784,150784,0,0,0,624761,181,181,279308,0,0
5546,77134407,158256,158256,76508386,156996,156996,72281344,152576,152576,0,0,0,626021,1260,1260,280342,1034,1034
5555,77304409,170002,170002,76678065,169679,169679,72438272,156928,156928,0,0,0,626344,323,323,280440,98,98
5571,77488579,184170,184170,76859642,181577,181577,72607872,169600,169600,0,0,0,628937,2593,2593,282799,2359,2359
5593,77685956,197377,197377,77052974,193332,193332,72789376,181504,181504,0,0,0,632982,4045,4045,286423,3624,3624
5603,77889022,203066,203066,77255145,202171,202171,72982656,193280,193280,0,0,0,633877,895,895,287142,719,719
5613,78100532,211510,211510,77465758,210613,210613,73184768,202112,202112,0,0,0,634774,897,897,287882,740,740
5621,78312583,212051,212051,77677572,211814,211814,73395328,210560,210560,0,0,0,635011,237,237,287916,34,34
5631,78530740,218157,218157,77894893,217321,217321,73607040,211712,211712,0,0,0,635847,836,836,288549,633,633
5639,78751832,221092,221092,78115870,220977,220977,73824256,217216,217216,0,0,0,635962,115,115,288615,66,66
5649,78978847,227015,227015,78339607,223737,223737,74045184,220928,220928,0,0,0,639240,3278,3278,289599,984,984
5659,79206639,227792,227792,78566728,227121,227121,74268672,223488,223488,0,0,0,639911,671,671,290178,579,579
5669,79439683,233044,233044,78795755,229027,229027,74495616,226944,226944,0,0,0,643928,4017,4017,290254,76,76
5685,79675562,235879,235879,79028947,233192,233192,74724480,228864,228864,0,0,0,646615,2687,2687,292773,2519,2519
5694,79915321,239759,239759,79268433,239486,239486,74957568,233088,233088,0,0,0,646888,273,273,292835,62,62
5700,79915321,13812,0,79268433,0,0,74957568,0,0,0,0,0,646888,0,0,292835,0,0
5702,79915321,13812,0,79268433,0,0,74957568,0,0,0,0,0,646888,0,0,292835,0,0
5712,79937099,21778,21778,79289946,21513,21513,74978944,21376,21376,0,0,0,647153,265,265,292887,52,52
5721,79959978,22879,22879,79312530,22584,22584,75000320,21376,21376,0,0,0,647448,295,295,292927,40,40
5730,79993648,33670,33670,79345910,33380,33380,75022720,22400,22400,0,0,0,647738,290,290,292955,28,28
5741,80040724,47076,47076,79391053,45143,45143,75055872,33152,33152,0,0,0,649671,1933,1933,293782,827,827
5749,80088443,47719,47719,79438388,47335,47335,75100800,44928,44928,0,0,0,650055,384,384,293855,73,73
5756,80145043,56600,56600,79494811,56423,56423,75147904,47104,47104,0,0,0,650232,177,177,293903,48,48
5761,80201738,56695,56695,79551469,56658,56658,75204096,56192,56192,0,0,0,650269,37,37,293903,0,0
5768,80261138,59400,59400,79610274,58805,58805,75260544,56448,56448,0,0,0,650864,595,595,294419,516,516
5779,80330727,69589,69589,79676424,66150,66150,75318784,58240,58240,0,0,0,654303,3439,3439,295743,1324,1324
5789,80400680,69953,69953,79746037,69613,69613,75384832,66048,66048,0,0,0,654643,340,340,295816,73,73
5796,80478627,77947,77947,79822401,76364,76364,75454336,69504,69504,0,0,0,656226,1583,1583,296108,292,292
5804,80557507,78880,78880,79900442,78041,78041,75530496,76160,76160,0,0,0,657065,839,839,296146,38,38
5813,80641386,83879,83879,79984033,83591,83591,75608448,77952,77952,0,0,0,657353,288,288,296162,16,16
5830,80735335,93949,93949,80075166,91133,91133,75691904,83456,83456,0,0,0,660169,2816,2816,298750,2588,2588
5846,80841589,106254,106254,80179055,103889,103889,75782912,91008,91008,0,0,0,662534,2365,2365,300820,2070,2070
5857,80952962,111373,111373,80289367,110312,110312,75886720,103808,103808,0,0,0,663595,1061,1061,301650,830,830
5867,81070459,117497,117497,80405738,116371,116371,75996928,110208,110208,0,0,0,664721,1126,1126,302536,886,886
5881,81198109,127650,127650,80531243,125505,125505,76113152,116224,116224,0,0,0,666866,2145,2145,304395,1859,1859
5888,81336324,138215,138215,80668020,136777,136777,76238464,125312,125312,0,0,0,668304,1438,1438,304911,516,516
5899,81474984,138660,138660,80806293,138273,138273,76375040,136576,136576,0,0,0,668691,387,387,304974,63,63
5911,81618436,143452,143452,80948621,142328,142328,76513152,138112,138112,0,0,0,669815,1124,1124,306035,1061,1061
5922,81766458,148022,148022,81093397,144776,144776,76655360,142208,142208,0,0,0,673061,3246,3246,307400,1365,1365
5935,81916022,149564,149564,81241477,148080,148080,76800000,144640,144640,0,0,0,674545,1484,1484,308699,1299,1299
5942,82072732,156710,156710,81394895,153418,153418,76947840,147840,147840,0,0,0,677837,3292,3292,308840,141,141
5954,82231120,158388,158388,81551629,156734,156734,77101056,153216,153216,0,0,0,679491,1654,1654,309422,582,582
5961,82391272,160152,160152,81710186,158557,158557,77257600,156544,156544,0,0,0,681086,1595,1595,309672,250,250
5971,82554740,163468,163468,81870548,160362,160362,77415936,158336,158336,0,0,0,684192,3106,3106,310830,1158,1158
5978,82720261,165521,165521,82034095,163547,163547,77576064,160128,160128,0,0,0,686166,1974,1974,310850,20,20
5985,82886260,165999,165999,82199676,165581,165581,77739392,163328,163328,0,0,0,686584,418,418,311166,316,316
5992,83054178,167918,167918,82367097,167421,167421,77904768,165376,165376,0,0,0,687081,497,497,311586,420,420
6007,83224520,170342,170342,82535346,168249,168249,78072064,167296,167296,0,0,0,689174,2093,2093,313516,1930,1930
6015,83400777,176257,176257,82711045,175699,175699,78240128,168064,168064,0,0,0,689732,558,558,313808,292,292
6025,83585354,184577,184577,82892915,181870,181870,78415616,175488,175488,0,0,0,692439,2707,2707,314731,923,923
6034,83770332,184978,184978,83077603,184688,184688,78597248,181632,181632,0,0,0,692729,290,290,314812,81,81
6042,83955657,185325,185325,83262689,185086,185086,78781696,184448,184448,0,0,0,692968,239,239,314899,87,87
6051,84143575,187918,187918,83448195,185506,185506,78966656,184960,184960,0,0,0,695380,2412,2412,315933,1034,1034
6057,84332109,188534,188534,83636396,188201,188201,79152000,185344,185344,0,0,0,695713,333,333,316182,249,249
6068,84522056,189947,189947,83826201,189805,189805,79340032,188032,188032,0,0,0,695855,142,142,316182,0,0
6082,84721313,199257,199257,84023200,196999,196999,79529600,189568,189568,0,0,0,698113,2258,2258,318252,2070,2070
6090,84926185,204872,204872,84227485,204285,204285,79726464,196864,196864,0,0,0,698700,587,587,318711,459,459
6097,85138395,212210,212210,84439586,212101,212101,79930624,204160,204160,0,0,0,698809,109,109,318766,55,55
6113,85358135,219740,219740,84657188,217602,217602,80142592,211968,211968,0,0,0,700947,2138,2138,320591,1825,1825
6131,85585790,227655,227655,84881490,224302,224302,80360064,217472,217472,0,0,0,704300,3353,3353,323660,3069,3069
6138,85825026,239236,239236,85120129,238639,238639,80584192,224128,224128,0,0,0,704897,597,597,324176,516,516
6150,86070677,245651,245651,85364096,243967,243967,80822656,238464,238464,0,0,0,706581,1684,1684,325537,1361,1361
6156,86070677,14200,0,85364096,0,0,80822656,0,0,0,0,0,706581,0,0,325537,0,0
6166,86093221,22544,22544,85386449,22353,22353,80834560,11904,11904,0,0,0,706772,191,191,325584,47,47
6173,86116291,23070,23070,85409327,22878,22878,80846464,11904,11904,0,0,0,706964,192,192,325584,0,0
6182,86147904,31613,31613,85440533,31206,31206,80869120,22656,22656,0,0,0,707371,407,407,325704,120,120
6191,86188628,40724,40724,85480960,40427,40427,80891264,22144,22144,0,0,0,707668,297,297,325725,21,21
6202,86235075,46447,46447,85527001,46041,46041,80931200,39936,39936,0,0,0,708074,406,406,325743,18,18
6210,86293002,57927,57927,85584186,57185,57185,80977152,45952,45952,0,0,0,708816,742,742,326259,516,516
6217,86358053,65051,65051,85648607,64421,64421,81034240,57088,57088,0,0,0,709446,630,630,326775,516,516
6226,86427732,69679,69679,85715560,66953,66953,81098496,64256,64256,0,0,0,712172,2726,2726,327132,357,357
6234,86497686,69954,69954,85785263,69703,69703,81165312,66816,66816,0,0,0,712423,251,251,327149,17,17
6242,86572029,74343,74343,85859099,73836,73836,81234816,69504,69504,0,0,0,712930,507,507,327436,287,287
6250,86647851,75822,75822,85934477,75378,75378,81308544,73728,73728,0,0,0,713374,444,444,327553,117,117
6257,86725220,77369,77369,86011450,76973,76973,81383808,75264,75264,0,0,0,713770,396,396,327730,177,177
6265,86803503,78283,78283,86089388,77938,77938,81460608,76800,76800,0,0,0,714115,345,345,327795,65,65
6273,86882254,78751,78751,86167764,78376,78376,81538432,77824,77824,0,0,0,714490,375,375,327945,150,150
6282,86965465,83211,83211,86246620,78856,78856,81616640,78208,78208,0,0,0,718845,4355,4355,328760,815,815
6289,87048989,83524,83524,86329855,83235,83235,81695360,78720,78720,0,0,0,719134,289,289,328811,51,51
6303,87138361,89372,89372,86414698,84843,84843,81778432,83072,83072,0,0,0,723663,4529,4529,330363,1552,1552
6312,87229254,90893,90893,86504093,89395,89395,81863168,84736,84736,0,0,0,725161,1498,1498,330733,370,370
6320,87322459,93205,93205,86596420,92327,92327,81952384,89216,89216,0,0,0,726039,878,878,331249,516,516
6328,87417989,95530,95530,86689792,93372,93372,82044544,92160,92160,0,0,0,728197,2158,2158,331303,54,54
6335,87513735,95746,95746,86785404,95612,95612,82137728,93184,93184,0,0,0,728331,134,134,331353,50,50
6343,87612219,98484,98484,86882580,97176,97176,82233216,95488,95488,0,0,0,729639,1308,1308,331384,31,31
6349,87711581,99362,99362,86981570,98990,98990,82330240,97024,97024,0,0,0,730011,372,372,331685,301,301
6361,87812444,100863,100863,87082203,100633,100633,82429056,98816,98816,0,0,0,730241,230,230,331685,0,0
6373,87920573,108129,108129,87188720,106517,106517,82529536,100480,100480,0,0,0,731853,1612,1612,333070,1385,1385
6381,88036599,116026,116026,87304544,115824,115824,82635904,106368,106368,0,0,0,732055,202,202,333095,25,25
6389,88162073,125474,125474,87429799,125255,125255,82751616,115712,115712,0,0,0,732274,219,219,333126,31,31
6411,88296662,134589,134589,87560534,130735,130735,82876672,125056,125056,0,0,0,736128,3854,3854,336680,3554,3554
6429,88441631,144969,144969,87702155,141621,141621,83007232,130560,130560,0,0,0,739476,3348,3348,339745,3065,3065
6437,88595522,153891,153891,87855848,153693,153693,83148672,141440,141440,0,0,0,739674,198,198,339761,16,16
6445,88753898,158376,158376,88013762,157914,157914,83302272,153600,153600,0,0,0,740136,462,462,340009,248,248
6464,88920651,166753,166753,88176432,162670,162670,83459712,157440,157440,0,0,0,744219,4083,4083,343083,3074,3074
6472,89087676,167025,167025,88343288,166856,166856,83622272,162560,162560,0,0,0,744388,169,169,343099,16,16
6482,89255858,168182,168182,88510666,167378,167378,83789056,166784,166784,0,0,0,745192,804,804,343818,719,719
6494,89426896,171038,171038,88680303,169637,169637,83956352,167296,167296,0,0,0,746593,1401,1401,344993,1175,1175
6504,89604643,177747,177747,88856916,176613,176613,84125824,169472,169472,0,0,0,747727,1134,1134,345999,1006,1006
6514,89788388,183745,183745,89035951,179035,179035,84182912,57088,57088,0,0,0,752437,4710,4710,347019,1020,1020
6522,89973019,184631,184631,89219931,183980,183980,84361856,178944,178944,0,0,0,753088,651,651,347245,226,226
6532,90158031,185012,185012,89404708,184777,184777,84545792,183936,183936,0,0,0,753323,235,235,347295,50,50
6540,90344142,186111,186111,89590075,185367,185367,84730496,184704,184704,0,0,0,754067,744,744,347811,516,516
6550,90534367,190225,190225,89776369,186294,186294,84915712,185216,185216,0,0,0,757998,3931,3931,348800,989,989
6561,90726319,191952,191952,89966873,190504,190504,85101952,186240,186240,0,0,0,759446,1448,1448,350151,1351,1351
6571,90920745,194426,194426,90159318,192445,192445,85292288,190336,190336,0,0,0,761427,1981,1981,350282,131,131
6579,91117373,196628,196628,90353942,194624,194624,85484672,192384,192384,0,0,0,763431,2004,2004,350603,321,321
6587,91314245,196872,196872,90550629,196687,196687,85679232,194560,194560,0,0,0,763616,185,185,350661,58,58
6595,91512461,198216,198216,90747854,197225,197225,85875840,196608,196608,0,0,0,764607,991,991,350951,290,290
6603,91713265,200804,200804,90947153,199299,199299,86072960,197120,197120,0,0,0,766112,1505,1505,351388,437,437
6621,91918069,204804,204804,91148501,201348,201348,86272128,199168,199168,0,0,0,769568,3456,3456,354636,3248,3248
6631,92124319,206250,206250,91353368,204867,204867,86473344,201216,201216,0,0,0,770951,1383,1383,354662,26,26
6642,92333391,209072,209072,91559842,206474,206474,86678144,204800,204800,0,0,0,773549,2598,2598,355696,1034,1034
6657,92545521,212130,212130,91769378,209536,209536,86884480,206336,206336,0,0,0,776143,2594,2594,358216,2520,2520
6669,92759337,213816,213816,91981849,212471,212471,87093888,209408,209408,0,0,0,777488,1345,1345,359250,1034,1034
6675,92973457,214120,214120,92195853,214004,214004,87306240,212352,212352,0,0,0,777604,116,116,359268,18,18
6689,93189103,215646,215646,92411244,215391,215391,87520128,213888,213888,0,0,0,777859,255,255,359347,79,79
6697,93407043,217940,217940,92628981,217737,217737,87735424,215296,215296,0,0,0,778062,203,203,359377,30,30
6706,93635945,228902,228902,92856775,227794,227794,87953024,217600,217600,0,0,0,779170,1108,1108,360283,906,906
6735,93873229,237284,237284,93088237,231462,231462,88180736,227712,227712,0,0,0,784992,5822,5822,365850,5567,5567
6742,93873229,17008,0,93088237,0,0,88180736,0,0,0,0,0,784992,0,0,365850,0,0
6752,93898639,25410,25410,93113450,25213,25213,88192640,11904,11904,0,0,0,785189,197,197,365890,40,40
6760,93925961,27322,27322,93140556,27106,27106,88217728,25088,25088,0,0,0,785405,216,216,365890,0,0
6772,93960204,34243,34243,93174117,33561,33561,88244608,26880,26880,0,0,0,786087,682,682,366305,415,415
6778,93996828,36624,36624,93210587,36470,36470,88256512,11904,11904,0,0,0,786241,154,154,366305,0,0
6785,94044737,47909,47909,93257341,46754,46754,88289920,33408,33408,0,0,0,787396,1155,1155,366323,18,18
6793,94093391,48654,48654,93305757,48416,48416,88336512,46592,46592,0,0,0,787634,238,238,366364,41,41
6807,94154974,61583,61583,93365735,59978,59978,88372864,36352,36352,0,0,0,789239,1605,1605,367708,1344,1344
6821,94229815,74841,74841,93438348,72613,72613,88432640,59776,59776,0,0,0,791467,2228,2228,369744,2036,2036
6830,94311272,81457,81457,93519310,80962,80962,88505088,72448,72448,0,0,0,791962,495,495,370068,324,324
6844,94401225,89953,89953,93607916,88606,88606,88585856,80768,80768,0,0,0,793309,1347,1347,371243,1175,1175
6850,94496809,95584,95584,93703406,95490,95490,88674304,88448,88448,0,0,0,793403,94,94,371243,0,0
6857,94598320,101511,101511,93800959,97553,97553,88769664,95360,95360,0,0,0,797361,3958,3958,371256,13,13
6864,94700041,101721,101721,93902494,101535,101535,88867072,97408,97408,0,0,0,797547,186,186,371297,41,41
6874,94806212,106171,106171,94008443,105949,105949,88968448,101376,101376,0,0,0,797769,222,222,371320,23,23
6882,94916082,109870,109870,94117760,109317,109317,89074304,105856,105856,0,0,0,798322,553,553,371716,396,396
6889,95034534,118452,118452,94234053,116293,116293,89183488,109184,109184,0,0,0,800481,2159,2159,371919,203,203
6898,95153390,118856,118856,94352564,118511,118511,89299584,116096,116096,0,0,0,800826,345,345,372131,212,212
6907,95275939,122549,122549,94473161,120597,120597,89417984,118400,118400,0,0,0,802778,1952,1952,372301,170,170
6915,95398980,123041,123041,94596000,122839,122839,89538432,120448,120448,0,0,0,802980,202,202,372357,56,56
6932,95526406,127426,127426,94719562,123562,123562,89661184,122752,122752,0,0,0,806844,3864,3864,375185,2828,2828
6941,95654672,128266,128266,94847059,127497,127497,89784576,123392,123392,0,0,0,807613,769,769,375684,499,499
6949,95785377,130705,130705,94976141,129082,129082,89911936,127360,127360,0,0,0,809236,1623,1623,376330,646,646
6957,95916408,131031,131031,95106904,130763,130763,90040832,128896,128896,0,0,0,809504,268,268,376402,72,72
6973,96049321,132913,132913,95238612,131708,131708,90171392,130560,130560,0,0,0,810709,1205,1205,377096,694,694
6985,96185422,136101,136101,95371774,133162,133162,90302976,131584,131584,0,0,0,813648,2939,2939,378206,1110,1110
6994,96322481,137059,137059,95507942,136168,136168,90435968,132992,132992,0,0,0,814539,891,891,378401,195,195
7006,96463719,141238,141238,95645564,137622,137622,90572032,136064,136064,0,0,0,818155,3616,3616,379839,1438,1438
7013,96606081,142362,142362,95787318,141754,141754,90709504,137472,137472,0,0,0,818763,608,608,380355,516,516
7021,96750979,144898,144898,95930509,143191,143191,90851072,141568,141568,0,0,0,820470,1707,1707,380871,516,516
7027,96896179,145200,145200,96075524,145015,145015,90994176,143104,143104,0,0,0,820655,185,185,380960,89,89
7041,97042955,146776,146776,96221997,146473,146473,91139072,144896,144896,0,0,0,820958,303,303,381029,69,69
7061,97199508,156553,156553,96374882,152885,152885,91285376,146304,146304,0,0,0,824626,3668,3668,384502,3473,3473
7073,97366345,166837,166837,96539974,165092,165092,91438080,152704,152704,0,0,0,826371,1745,1745,386054,1552,1552
7085,97539807,173462,173462,96712212,172238,172238,91603072,164992,164992,0,0,0,827595,1224,1224,387066,1012,1012
7098,97718465,178658,178658,96889493,177281,177281,91775232,172160,172160,0,0,0,828972,1377,1377,388291,1225,1225
7104,97901655,183190,183190,97071688,182195,182195,91952384,177152,177152,0,0,0,829967,995,995,388755,464,464
7112,98085417,183762,183762,97254936,183248,183248,92134400,182016,182016,0,0,0,830481,514,514,389118,363,363
7123,98274412,188995,188995,97443596,188660,188660,92317568,183168,183168,0,0,0,830816,335,335,389160,42,42
7131,98468544,194132,194132,97637223,193627,193627,92506112,188544,188544,0,0,0,831321,505,505,389391,231,231
7144,98668249,199705,199705,97834765,197542,197542,92699648,193536,193536,0,0,0,833484,2163,2163,391461,2070,2070
7162,98874575,206326,206326,98038003,203238,203238,92897024,197376,197376,0,0,0,836572,3088,3088,394413,2952,2952
7176,99088259,213684,213684,98249728,211725,211725,93100160,203136,203136,0,0,0,838531,1959,1959,396162,1749,1749
7185,99307088,218829,218829,98468259,218531,218531,93311744,211584,211584,0,0,0,838829,298,298,396247,85,85
7192,99533703,226615,226615,98694670,226411,226411,93530112,218368,218368,0,0,0,839033,204,204,396278,31,31
7200,99762982,229279,229279,98923759,229089,229089,93756032,225920,225920,0,0,0,839223,190,190,396330,52,52
7208,99998367,235385,235385,99158858,235099,235099,93985024,228992,228992,0,0,0,839509,286,286,396398,68,68
7216,100239098,240731,240731,99399266,240408,240408,94220032,235008,235008,0,0,0,839832,323,323,396441,43,43
7229,100487770,248672,248672,99644262,244996,244996,94460416,240384,240384,0,0,0,843508,3676,3676,397714,1273,1273
7235,100487770,15772,0,99644262,0,0,94460416,0,0,0,0,0,843508,0,0,397714,0,0
7246,100512098,24328,24328,99668263,24001,24001,94472320,11904,11904,0,0,0,843835,327,327,397760,46,46
7254,100540278,28180,28180,99696164,27901,27901,94484224,11904,11904,0,0,0,844114,279,279,397760,0,0
7264,100579052,38774,38774,99734556,38392,38392,94512000,27776,27776,0,0,0,844496,382,382,397899,139,139
7272,100622168,43116,43116,99776737,42181,42181,94550272,38272,38272,0,0,0,845431,935,935,398344,445,445
7277,100669670,47502,47502,99822915,46178,46178,94592256,41984,41984,0,0,0,846755,1324,1324,398344,0,0
7284,100718004,48334,48334,99870928,48013,48013,94638208,45952,45952,0,0,0,847076,321,321,398433,89,89
7292,100773088,55084,55084,99925695,54767,54767,94686080,47872,47872,0,0,0,847393,317,317,398573,140,140
7304,100841045,67957,67957,99992393,66698,66698,94740608,54528,54528,0,0,0,848652,1259,1259,399607,1034,1034
7317,100921956,80911,80911,100071712,79319,79319,94807168,66560,66560,0,0,0,850244,1592,1592,401083,1476,1476
7325,101013901,91945,91945,100163261,91549,91549,94886272,79104,79104,0,0,0,850640,396,396,401314,231,231
7343,101120386,106485,106485,100266446,103185,103185,94977664,91392,91392,0,0,0,853940,3300,3300,404420,3106,3106
7360,101233866,113480,113480,100377666,111220,111220,95080704,103040,103040,0,0,0,856200,2260,2260,406387,1967,1967
7378,101357733,123867,123867,100498611,120945,120945,95191808,111104,111104,0,0,0,859122,2922,2922,409117,2730,2730
7394,101490051,132318,132318,100628539,129928,129928,95312256,120448,120448,0,0,0,861512,2390,2390,411269,2152,2152
7401,101633445,143394,143394,100769493,140954,140954,95442048,129792,129792,0,0,0,863952,2440,2440,411388,119,119
7411,101780622,147177,147177,100913018,143525,143525,95582848,140800,140800,0,0,0,867604,3652,3652,411614,226,226
7419,101928596,147974,147974,101060434,147416,147416,95726208,143360,143360,0,0,0,868162,558,558,411996,382,382
7426,102083951,155355,155355,101213976,153542,153542,95873536,147328,147328,0,0,0,869975,1813,1813,412106,110,110
7433,102240041,156090,156090,101369801,155825,155825,96026880,153344,153344,0,0,0,870240,265,265,412120,14,14
7442,102396927,156886,156886,101526191,156390,156390,96182528,155648,155648,0,0,0,870736,496,496,412428,308,308
7450,102557882,160955,160955,101685564,159373,159373,96338816,156288,156288,0,0,0,872318,1582,1582,412825,397,397
7457,102719101,161219,161219,101846612,161048,161048,96498048,159232,159232,0,0,0,872489,171,171,412918,93,93
7464,102881421,162320,162320,102008370,161758,161758,96658944,160896,160896,0,0,0,873051,562,562,413386,468,468
7477,103044981,163560,163560,102171138,162768,162768,96820608,161664,161664,0,0,0,873843,792,792,413910,524,524
7484,103210699,165718,165718,102335421,164283,164283,96983296,162688,162688,0,0,0,875278,1435,1435,414143,233,233
7490,103376938,166239,166239,102501355,165934,165934,97147392,164096,164096,0,0,0,875583,305,305,414341,198,198
7502,103544632,167694,167694,102668865,167510,167510,97313152,165760,165760,0,0,0,875767,184,184,414341,0,0
7518,103719245,174613,174613,102840736,171871,171871,97480576,167424,167424,0,0,0,878509,2742,2742,416907,2566,2566
7526,103906202,186957,186957,103027544,186808,186808,97652352,171776,171776,0,0,0,878658,149,149,416924,17,17
7540,104104270,198068,198068,103224057,196513,196513,97838976,186624,186624,0,0,0,880213,1555,1555,418210,1286,1286
7547,104311642,207372,207372,103431296,207239,207239,98035328,196352,196352,0,0,0,880346,133,133,418234,24,24
7554,104526756,215114,215114,103646293,214997,214997,98242432,207104,207104,0,0,0,880463,117,117,418264,30,30
7561,104749574,222818,222818,103869012,222719,222719,98457344,214912,214912,0,0,0,880562,99,99,418278,14,14
7569,104975983,226409,226409,104095222,226210,226210,98679936,222592,222592,0,0,0,880761,199,199,418330,52,52
7581,105211733,235750,235750,104329316,234094,234094,98905984,226048,226048,0,0,0,882417,1656,1656,419766,1436,1436
7588,105452138,240405,240405,104569253,239937,239937,99139968,233984,233984,0,0,0,882885,468,468,420112,346,346
7594,105452138,15312,0,104569253,0,0,99139968,0,0,0,0,0,882885,0,0,420112,0,0
7604,105475918,23780,23780,104592790,23537,23537,99151872,11904,11904,0,0,0,883128,243,243,420144,32,32
7611,105500626,24708,24708,104617270,24480,24480,99175168,23296,23296,0,0,0,883356,228,228,420144,0,0
7619,105534714,34088,34088,104650987,33717,33717,99199488,24320,24320,0,0,0,883727,371,371,420186,42,42
7624,105577941,43227,43227,104694145,43158,43158,99233024,33536,33536,0,0,0,883796,69,69,420186,0,0
7633,105630714,52773,52773,104746734,52589,52589,99276032,43008,43008,0,0,0,883980,184,184,420195,9,9
7641,105692893,62179,62179,104808041,61307,61307,99328512,52480,52480,0,0,0,884852,872,872,420521,326,326
7655,105765158,72265,72265,104878547,70506,70506,99389696,61184,61184,0,0,0,886611,1759,1759,422145,1624,1624
7670,105849351,84193,84193,104960344,81797,81797,99460096,70400,70400,0,0,0,889007,2396,2396,423695,1550,1550
7679,105944003,94652,94652,105053837,93493,93493,99541760,81664,81664,0,0,0,890166,1159,1159,424729,1034,1034
7687,106045382,101379,101379,105155015,101178,101178,99635072,93312,93312,0,0,0,890367,201,201,424755,26,26
7695,106153894,108512,108512,105263400,108385,108385,99736064,100992,100992,0,0,0,890494,127,127,424777,22,22
7702,106268344,114450,114450,105377568,114168,114168,99844352,108288,108288,0,0,0,890776,282,282,424975,198,198
7716,106389963,121619,121619,105497045,119477,119477,99958400,114048,114048,0,0,0,892918,2142,2142,426950,1975,1975
7732,106525555,135592,135592,105630359,133314,133314,100077696,119296,119296,0,0,0,895196,2278,2278,429090,2140,2140
7742,106671724,146169,146169,105776291,145932,145932,100210816,133120,133120,0,0,0,895433,237,237,429103,13,13
7751,106824928,153204,153204,105929112,152821,152821,100356608,145792,145792,0,0,0,895816,383,383,429205,102,102
7759,106987900,162972,162972,106091598,162486,162486,100509312,152704,152704,0,0,0,896302,486,486,429523,318,318
7766,107154030,166130,166130,106257616,166018,166018,100671616,162304,162304,0,0,0,896414,112,112,429535,12,12
7773,107325837,171807,171807,106428247,170631,170631,100837120,165504,165504,0,0,0,897590,1176,1176,429799,264,264
7784,107498882,173045,173045,106600081,171834,171834,101007616,170496,170496,0,0,0,898801,1211,1211,430902,1103,1103
7791,107677838,178956,178956,106778912,178831,178831,101179392,171776,171776,0,0,0,898926,125,125,430937,35,35
7802,107863502,185664,185664,106963214,184302,184302,101358080,178688,178688,0,0,0,900288,1362,1362,432218,1281,1281
7817,108056142,192640,192640,107151535,188321,188321,101542272,184192,184192,0,0,0,904607,4319,4319,434157,1939,1939
7825,108251074,194932,194932,107344211,192676,192676,101730432,188160,188160,0,0,0,906863,2256,2256,434568,411,411
7832,108446494,195420,195420,107539295,195084,195084,101922944,192512,192512,0,0,0,907199,336,336,434838,270,270
7840,108644885,198391,198391,107737342,198047,198047,102117888,194944,194944,0,0,0,907543,344,344,434982,144,144
7849,108844867,199982,199982,107936501,199159,199159,102315776,197888,197888,0,0,0,908366,823,823,435622,640,640
7857,109046908,202041,202041,108138176,201675,201675,102514816,199040,199040,0,0,0,908732,366,366,435913,291,291
7867,109255851,208943,208943,108346049,207873,207873,102716416,201600,201600,0,0,0,909802,1070,1070,436841,928,928
7885,109478028,222177,222177,108565417,219368,219368,102924160,207744,207744,0,0,0,912611,2809,2809,439369,2528,2528
7904,109711435,233407,233407,108795828,230411,230411,103143424,219264,219264,0,0,0,915607,2996,2996,442047,2678,2678
7912,109956659,245224,245224,109040671,244843,244843,103373696,230272,230272,0,0,0,915988,381,381,442129,82,82
7918,109956659,13737,0,109040671,0,0,103373696,0,0,0,0,0,915988,0,0,442129,0,0
7924,109977928,21269,21269,109061879,21208,21208,103385600,11904,11904,0,0,0,916049,61,61,442129,0,0
7936,110000027,22099,22099,109083698,21819,21819,103406592,20992,20992,0,0,0,916329,280,280,442151,22,22
7944,110029903,29876,29876,109113324,29626,29626,103428224,21632,21632,0,0,0,916579,250,250,442241,90,90
7951,110072503,42600,42600,109152841,39517,39517,103457664,29440,29440,0,0,0,919662,3083,3083,442614,373,373
7963,110115402,42899,42899,109195465,42624,42624,103496960,39296,39296,0,0,0,919937,275,275,442657,43,43
7972,110169865,54463,54463,109245804,50339,50339,103539456,42496,42496,0,0,0,924061,4124,4124,443116,459,459
7980,110224776,54911,54911,109300294,54490,54490,103589632,50176,50176,0,0,0,924482,421,421,443341,225,225
7990,110282543,57767,57767,109357789,57495,57495,103643904,54272,54272,0,0,0,924754,272,272,443359,18,18
7998,110348297,65754,65754,109423399,65610,65610,103701248,57344,57344,0,0,0,924898,144,144,443374,15,15
8005,110425959,77662,77662,109498341,74942,74942,103766656,65408,65408,0,0,0,927618,2720,2720,443644,270,270
8015,110503855,77896,77896,109576027,77686,77686,103841408,74752,74752,0,0,0,927828,210,210,443680,36,36
8026,110583419,79564,79564,109655258,79231,79231,103918976,77568,77568,0,0,0,928161,333,333,443696,16,16
8034,110664928,81509,81509,109736441,81183,81183,103998080,79104,79104,0,0,0,928487,326,326,443758,62,62
8044,110748472,83544,83544,109818384,81943,81943,104079104,81024,81024,0,0,0,930088,1601,1601,443848,90,90
8053,110832988,84516,84516,109902221,83837,83837,104160896,81792,81792,0,0,0,930767,679,679,444364,516,516
8064,110921045,88057,88057,109989974,87753,87753,104244608,83712,83712,0,0,0,931071,304,304,444453,89,89
8073,111020746,99701,99701,110088682,98708,98708,104332160,87552,87552,0,0,0,932064,993,993,445320,867,867
8081,111128366,107620,107620,110196048,107366,107366,104430720,98560,98560,0,0,0,932318,254,254,445384,64,64
8089,111240508,112142,112142,110308060,112012,112012,104537856,107136,107136,0,0,0,932448,130,130,445392,8,8
8094,111358419,117911,117911,110425910,117850,117850,104649728,111872,111872,0,0,0,932509,61,61,445392,0,0
8114,111481981,123562,123562,110546793,120883,120883,104767360,117632,117632,0,0,0,935188,2679,2679,447740,2348,2348
8124,111612114,130133,130133,110676738,129945,129945,104888064,120704,120704,0,0,0,935376,188,188,447765,25,25
8132,111743847,131733,131733,110808292,131554,131554,105017856,129792,129792,0,0,0,935555,179,179,447785,20,20
8154,111880124,136277,136277,110941395,133103,133103,105149184,131328,131328,0,0,0,938729,3174,3174,450661,2876,2876
8167,112029433,149309,149309,111086525,145130,145130,105282048,132864,132864,0,0,0,942908,4179,4179,452496,1835,1835
8175,112179119,149686,149686,111235865,149340,149340,105426688,144640,144640,0,0,0,943254,346,346,452525,29,29
8184,112329755,150636,150636,111386292,150427,150427,105575936,149248,149248,0,0,0,943463,209,209,452600,75,75
8195,112486547,156792,156792,111538430,152138,152138,105726208,150272,150272,0,0,0,948117,4654,4654,453984,1384,1384
8203,112643778,157231,157231,111695247,156817,156817,105878144,151936,151936,0,0,0,948531,414,414,454098,114,114
8217,112802204,158426,158426,111853213,157966,157966,106034816,156672,156672,0,0,0,948991,460,460,454265,167,167
8228,112963866,161662,161662,112013773,160560,160560,106192640,157824,157824,0,0,0,950093,1102,1102,455144,879,879
8236,113135647,171781,171781,112183969,170196,170196,106353024,160384,160384,0,0,0,951678,1585,1585,455300,156,156
8247,113310676,175029,175029,112356090,172121,172121,106522752,169728,169728,0,0,0,954586,2908,2908,456116,816,816
8263,113488593,177917,177917,112531303,175213,175213,106694784,172032,172032,0,0,0,957290,2704,2704,456946,830,830
8273,113669285,180692,180692,112710812,179509,179509,106869888,175104,175104,0,0,0,958473,1183,1183,457954,1008,1008
8284,113851480,182195,182195,112891767,180955,180955,107049344,179456,179456,0,0,0,959713,1240,1240,458942,988,988
8297,114038281,186801,186801,113074516,182749,182749,107230208,180864,180864,0,0,0,963765,4052,4052,460190,1248,1248
8305,114225465,187184,187184,113261380,186864,186864,107412864,182656,182656,0,0,0,964085,320,320,460408,218,218
8329,114417707,192242,192242,113448980,187600,187600,107599616,186752,186752,0,0,0,968727,4642,4642,464946,4538,4538
8336,114615152,197445,197445,113646052,197072,197072,107787136,187520,187520,0,0,0,969100,373,373,465207,261,261
8344,114819734,204582,204582,113850387,204335,204335,107984128,196992,196992,0,0,0,969347,247,247,465265,58,58
8352,115028779,209045,209045,114059217,208830,208830,108188416,204288,204288,0,0,0,969562,215,215,465348,83,83
8367,115243080,214301,214301,114271739,212522,212522,108397184,208768,208768,0,0,0,971341,1779,1779,466203,855,855
8377,115462880,219800,219800,114490247,218508,218508,108609664,212480,212480,0,0,0,972633,1292,1292,466459,256,256
8383,115685242,222362,222362,114712111,221864,221864,108828032,218368,218368,0,0,0,973131,498,498,466853,394,394
8397,115909077,223835,223835,114935747,223636,223636,109049728,221696,221696,0,0,0,973330,199,199,466853,0,0
8419,116138483,229406,229406,115161438,225691,225691,109273216,223488,223488,0,0,0,977045,3715,3715,470171,3318,3318
8425,116377123,238640,238640,115400017,238579,238579,109498752,225536,225536,0,0,0,977106,61,61,470190,19,19
8434,116619378,242255,242255,115641113,241096,241096,109737216,238464,238464,0,0,0,978265,1159,1159,471202,1012,1012
8440,116619378,13980,0,115641113,0,0,109737216,0,0,0,0,0,978265,0,0,471202,0,0
8450,116641613,22235,22235,115663145,22032,22032,109749120,11904,11904,0,0,0,978468,203,203,471263,61,61
8459,116667556,25943,25943,115688791,25646,25646,109771008,21888,21888,0,0,0,978765,297,297,471287,24,24
8467,116703238,35682,35682,115724212,35421,35421,109796480,25472,25472,0,0,0,979026,261,261,471303,16,16
8477,116750119,46881,46881,115770865,46653,46653,109831680,35200,35200,0,0,0,979254,228,228,471316,13,13
8485,116804286,54167,54167,115824528,53663,53663,109878144,46464,46464,0,0,0,979758,504,504,471562,246,246
8494,116866348,62062,62062,115886400,61872,61872,109931648,53504,53504,0,0,0,979948,190,190,471587,25,25
8501,116932165,65817,65817,115951685,65285,65285,109993344,61696,61696,0,0,0,980480,532,532,471868,281,281
8509,117004224,72059,72059,116022556,70871,70871,110058112,64768,64768,0,0,0,981668,1188,1188,472105,237,237
8517,117076764,72540,72540,116094819,72263,72263,110128896,70784,70784,0,0,0,981945,277,277,472143,38,38
8525,117153772,77008,77008,116171523,76704,76704,110200960,72064,72064,0,0,0,982249,304,304,472271,128,128
8534,117237844,84072,84072,116255204,83681,83681,110277504,76544,76544,0,0,0,982640,391,391,472326,55,55
8541,117322400,84556,84556,116339368,84164,84164,110361088,83584,83584,0,0,0,983032,392,392,472440,114,114
8549,117409912,87512,87512,116426627,87259,87259,110445056,83968,83968,0,0,0,983285,253,253,472551,111,111
8558,117499063,89151,89151,116515424,88797,88797,110532224,87168,87168,0,0,0,983639,354,354,472586,35,35
8570,117592779,93716,93716,116607798,92374,92374,110620928,88704,88704,0,0,0,984981,1342,1342,473668,1082,1082
8580,117688436,95657,95657,116702360,94562,94562,110713216,92288,92288,0,0,0,986076,1095,1095,474456,788,788
8591,117792604,104168,104168,116805468,103108,103108,110807680,94464,94464,0,0,0,987136,1060,1060,475287,831,831
8599,117905099,112495,112495,116917366,111898,111898,110910592,102912,102912,0,0,0,987733,597,597,475749,462,462
8607,118022001,116902,116902,117034034,116668,116668,111022336,111744,111744,0,0,0,987967,234,234,475852,103,103
8615,118140573,118572,118572,117152219,118185,118185,111138816,116480,116480,0,0,0,988354,387,387,476123,271,271
8624,118263267,122694,122694,117271552,119333,119333,111256832,118016,118016,0,0,0,991715,3361,3361,476632,509,509
8632,118386876,123609,123609,117394317,122765,122765,111376000,119168,119168,0,0,0,992559,844,844,476785,153,153
8639,118511017,124141,124141,117518141,123824,123824,111498624,122624,122624,0,0,0,992876,317,317,476926,141,141
8647,118637480,126463,126463,117643792,125651,125651,111622272,123648,123648,0,0,0,993688,812,812,477386,460,460
8654,118764378,126898,126898,117770419,126627,126627,111747840,125568,125568,0,0,0,993959,271,271,477543,157,157
8661,118892179,127801,127801,117898029,127610,127610,111874304,126464,126464,0,0,0,994150,191,191,477615,72,72
8669,119024075,131896,131896,118027640,129611,129611,112001792,127488,127488,0,0,0,996435,2285,2285,478131,516,516
8679,119156360,132285,132285,118159601,131961,131961,112131200,129408,129408,0,0,0,996759,324,324,478220,89,89
8686,119295303,138943,138943,118298288,138687,138687,112263040,131840,131840,0,0,0,997015,256,256,478236,16,16
8698,119435999,140696,140696,118437324,139036,139036,112401536,138496,138496,0,0,0,998675,1660,1660,479134,898,898
8708,119581145,145146,145146,118580168,142844,142844,112540416,138880,138880,0,0,0,1000977,2302,2302,479600,466,466
8715,119727665,146520,146520,118726047,145879,145879,112682752,142336,142336,0,0,0,1001618,641,641,479864,264,264
8724,119874719,147054,147054,118872627,146580,146580,112828544,145792,145792,0,0,0,1002092,474,474,480109,245,245
8732,120029501,154782,154782,119027117,154490,154490,112974976,146432,146432,0,0,0,1002384,292,292,480159,50,50
8739,120188869,159368,159368,119186378,159261,159261,113129344,154368,154368,0,0,0,1002491,107,107,480184,25,25
8746,120349653,160784,160784,119347046,160668,160668,113288448,159104,159104,0,0,0,1002607,116,116,480197,13,13
8753,120514707,165054,165054,119509010,161964,161964,113448960,160512,160512,0,0,0,1005697,3090,3090,480713,516,516
8760,120680070,165363,165363,119674091,165081,165081,113610880,161920,161920,0,0,0,1005979,282,282,480873,160,160
8768,120849469,169399,169399,119843239,169148,169148,113775872,164992,164992,0,0,0,1006230,251,251,480967,94,94
8775,121022645,173176,173176,120015945,172706,172706,113944960,169088,169088,0,0,0,1006700,470,470,481352,385,385
8785,121199838,177193,177193,120190268,174323,174323,114117504,172544,172544,0,0,0,1009570,2870,2870,482174,822,822
8795,121378143,178305,178305,120368058,177790,177790,114291712,174208,174208,0,0,0,1010085,515,515,482340,166,166
8804,121559074,180931,180931,120547846,179788,179788,114469376,177664,177664,0,0,0,1011228,1143,1143,483374,1034,1034
8810,121740911,181837,181837,120729536,181690,181690,114649088,179712,179712,0,0,0,1011375,147,147,483451,77,77
8824,121924346,183435,183435,120912644,183108,183108,114830720,181632,181632,0,0,0,1011702,327,327,483546,95,95
8836,122112070,187724,187724,121098615,185971,185971,115013760,183040,183040,0,0,0,1013455,1753,1753,485098,1552,1552
8843,122308026,195956,195956,121294430,195815,195815,115199616,185856,185856,0,0,0,1013596,141,141,485148,50,50
8860,122509710,201684,201684,121493464,199034,199034,115395328,195712,195712,0,0,0,1016246,2650,2650,487605,2457,2457
8869,122715583,205873,205873,121698372,204908,204908,115594240,198912,198912,0,0,0,1017211,965,965,488470,865,865
8885,122932108,216525,216525,121912302,213930,213930,115799040,204800,204800,0,0,0,1019806,2595,2595,490920,2450,2450
8893,123156871,224763,224763,122136827,224525,224525,116012928,213888,213888,0,0,0,1020044,238,238,490987,67,67
8900,123391046,234175,234175,122370473,233646,233646,116237312,224384,224384,0,0,0,1020573,529,529,491415,428,428
8912,123629675,238629,238629,122607565,237092,237092,116470912,233600,233600,0,0,0,1022110,1537,1537,492743,1328,1328
8919,123629675,13984,0,122607565,0,0,116470912,0,0,0,0,0,1022110,0,0,492743,0,0
8930,123651334,21659,21659,122628961,21396,21396,116482816,11904,11904,0,0,0,1022373,263,263,492775,32,32
8937,123675826,24492,24492,122653218,24257,24257,116504064,21248,21248,0,0,0,1022608,235,235,492775,0,0
8945,123707156,31330,31330,122684361,31143,31143,116528128,24064,24064,0,0,0,1022795,187,187,492810,35,35
8955,123744933,37777,37777,122721522,37161,37161,116559104,30976,30976,0,0,0,1023411,616,616,493005,195,195
8961,123784339,39406,39406,122760474,38952,38952,116596096,36992,36992,0,0,0,1023865,454,454,493005,0,0
8968,123831185,46846,46846,122807114,46640,46640,116634880,38784,38784,0,0,0,1024071,206,206,493032,27,27
8977,123886848,55663,55663,122862482,55368,55368,116681344,46464,46464,0,0,0,1024366,295,295,493045,13,13
8984,123948767,61919,61919,122924259,61777,61777,116736512,55168,55168,0,0,0,1024508,142,142,493070,25,25
8993,124017217,68450,68450,122992247,67988,67988,116798080,61568,61568,0,0,0,1024970,462,462,493363,293,293
9005,124096072,78855,78855,123070301,78054,78054,116865920,67840,67840,0,0,0,1025771,801,801,493898,535,535
9015,124184909,88837,88837,123158190,87889,87889,116943744,77824,77824,0,0,0,1026719,948,948,494672,774,774
9025,124282620,97711,97711,123254713,96523,96523,117031424,87680,87680,0,0,0,1027907,1188,1188,495706,1034,1034
9037,124389685,107065,107065,123360780,106067,106067,117127808,96384,96384,0,0,0,1028905,998,998,496398,692,692
9046,124505184,115499,115499,123476008,115228,115228,117233664,105856,105856,0,0,0,1029176,271,271,496502,104,104
9054,124624665,119481,119481,123593567,117559,117559,117348736,115072,115072,0,0,0,1031098,1922,1922,496639,137,137
9062,124744768,120103,120103,123713498,119931,119931,117465856,117120,117120,0,0,0,1031270,172,172,496653,14,14
9071,124869967,125199,125199,123838232,124734,124734,117585664,119808,119808,0,0,0,1031735,465,465,496874,221,221
9078,125007395,137428,137428,123973066,134834,134834,117710336,124672,124672,0,0,0,1034329,2594,2594,497390,516,516
9088,125146413,139018,139018,124110525,137459,137459,117845120,134784,134784,0,0,0,1035888,1559,1559,497830,440,440
9095,125286763,140350,140350,124250170,139645,139645,117982464,137344,137344,0,0,0,1036593,705,705,498013,183,183
9104,125430606,143843,143843,124393097,142927,142927,118121984,139520,139520,0,0,0,1037509,916,916,498031,18,18
9112,125578141,147535,147535,124537765,144668,144668,118264832,142848,142848,0,0,0,1040376,2867,2867,498547,516,516
9120,125726662,148521,148521,124685576,147811,147811,118409344,144512,144512,0,0,0,1041086,710,710,498961,414,414
9127,125880499,153837,153837,124838839,153263,153263,118557056,147712,147712,0,0,0,1041660,574,574,499120,159,159
9134,126039086,158587,158587,124996737,157898,157898,118710272,153216,153216,0,0,0,1042349,689,689,499581,461,461
9138,126197831,158745,158745,125155396,158659,158659,118868096,157824,157824,0,0,0,1042435,86,86,499581,0,0
9152,126358170,160339,160339,125315412,160016,160016,119026688,158592,158592,0,0,0,1042758,323,323,499711,130,130
9160,126524417,166247,166247,125481343,165931,165931,119186560,159872,159872,0,0,0,1043074,316,316,499751,40,40
9168,126699646,175229,175229,125656043,174700,174700,119352448,165888,165888,0,0,0,1043603,529,529,500020,269,269
9184,126888203,188557,188557,125842646,186603,186603,119527040,174592,174592,0,0,0,1045557,1954,1954,501741,1721,1721
9192,127085157,196954,196954,126039255,196609,196609,119713536,186496,186496,0,0,0,1045902,345,345,501784,43,43
9202,127291678,206521,206521,126244774,205519,205519,119910016,196480,196480,0,0,0,1046904,1002,1002,502532,748,748
9214,127503632,211954,211954,126455018,210244,210244,120115456,205440,205440,0,0,0,1048614,1710,1710,503954,1422,1422
9221,127726449,222817,222817,126677643,222625,222625,120325632,210176,210176,0,0,0,1048806,192,192,503992,38,38
9233,127958323,231874,231874,126907832,230189,230189,120548224,222592,222592,0,0,0,1050491,1685,1685,505462,1470,1470
9259,128207491,249168,249168,127151932,244100,244100,120778368,230144,230144,0,0,0,1055559,5068,5068,510353,4891,4891
9265,128207491,13216,0,127151932,0,0,120778368,0,0,0,0,0,1055559,0,0,510353,0,0
9276,128228207,20716,20716,127172393,20461,20461,120790272,11904,11904,0,0,0,1055814,255,255,510421,68,68
9283,128251526,23319,23319,127195478,23085,23085,120810496,20224,20224,0,0,0,1056048,234,234,510421,0,0
9291,128277489,25963,25963,127221175,25697,25697,120833408,22912,22912,0,0,0,1056314,266,266,510456,35,35
9298,128314388,36899,36899,127257980,36805,36805,120858880,25472,25472,0,0,0,1056408,94,94,510475,19,19
9305,128351647,37259,37259,127295003,37023,37023,120895488,36608,36608,0,0,0,1056644,236,236,510489,14,14
9314,128389462,37815,37815,127332356,37353,37353,120932352,36864,36864,0,0,0,1057106,462,462,510500,11,11
9323,128431544,42082,42082,127374118,41762,41762,120969472,37120,37120,0,0,0,1057426,320,320,510622,122,122
9330,128485494,53950,53950,127427285,53167,53167,121011072,41600,41600,0,0,0,1058209,783,783,511138,516,516
9339,128543594,58100,58100,127485046,57761,57761,121064064,52992,52992,0,0,0,1058548,339,339,511241,103,103
9348,128606123,62529,62529,127547359,62313,62313,121121664,57600,57600,0,0,0,1058764,216,216,511289,48,48
9359,128678604,72481,72481,127618993,71634,71634,121183744,62080,62080,0,0,0,1059611,847,847,511805,516,516
9366,128761651,83047,83047,127701828,82835,82835,121255168,71424,71424,0,0,0,1059823,212,212,511919,114,114
9374,128848864,87213,87213,127788621,86793,86793,121337856,82688,82688,0,0,0,1060243,420,420,512164,245,245
9382,128942251,93387,93387,127881282,92661,92661,121424512,86656,86656,0,0,0,1060969,726,726,512679,515,515
9390,129043148,100897,100897,127981896,100614,100614,121517056,92544,92544,0,0,0,1061252,283,283,512760,81,81
9397,129148870,105722,105722,128087496,105600,105600,121617536,100480,100480,0,0,0,1061374,122,122,512784,24,24
9404,129261215,112345,112345,128199383,111887,111887,121723008,105472,105472,0,0,0,1061832,458,458,513122,338,338
9412,129377481,116266,116266,128313255,113872,113872,121834752,111744,111744,0,0,0,1064226,2394,2394,513183,61,61
9421,129495317,117836,117836,128430602,117347,117347,121948416,113664,113664,0,0,0,1064715,489,489,513319,136,136
9432,129614627,119310,119310,128549334,118732,118732,122065536,117120,117120,0,0,0,1065293,578,578,513547,228,228
9438,129734210,119583,119583,128668839,119505,119505,122184064,118528,118528,0,0,0,1065371,78,78,513547,0,0
9447,129859875,125665,125665,128792619,123780,123780,122303360,119296,119296,0,0,0,1067256,1885,1885,514581,1034,1034
9454,129990215,130340,130340,128922772,130153,130153,122426624,123264,123264,0,0,0,1067443,187,187,514617,36,36
9461,130121800,131585,131585,129053330,130558,130558,122556672,130048,130048,0,0,0,1068470,1027,1027,514637,20,20
9475,130255274,133474,133474,129184939,131609,131609,122687104,130432,130432,0,0,0,1070335,1865,1865,516360,1723,1723
9482,130392217,136943,136943,129321798,136859,136859,122818560,131456,131456,0,0,0,1070419,84,84,516375,15,15
9495,130536411,144194,144194,129463883,142085,142085,122955264,136704,136704,0,0,0,1072528,2109,2109,518384,2009,2009
9503,130687414,151003,151003,129614731,150848,150848,123097216,141952,141952,0,0,0,1072683,155,155,518406,22,22
9511,130842814,155400,155400,129769877,155146,155146,123248000,150784,150784,0,0,0,1072937,254,254,518436,30,30
9519,131002140,159326,159326,129928994,159117,159117,123403008,155008,155008,0,0,0,1073146,209,209,518484,48,48
9527,131167878,165738,165738,130094003,165009,165009,123561984,158976,158976,0,0,0,1073875,729,729,518941,457,457
9534,131339796,171918,171918,130265709,171706,171706,123726848,164864,164864,0,0,0,1074087,212,212,519052,111,111
9541,131514530,174734,174734,130440017,174308,174308,123898496,171648,171648,0,0,0,1074513,426,426,519376,324,324
9550,131693295,178765,178765,130618481,178464,178464,124072704,174208,174208,0,0,0,1074814,301,301,519389,13,13
9561,131877304,184009,184009,130801315,182834,182834,124251008,178304,178304,0,0,0,1075989,1175,1175,520335,946,946
9569,132066368,189064,189064,130990218,188903,188903,124433792,182784,182784,0,0,0,1076150,161,161,520356,21,21
9579,132262304,195936,195936,131184833,194615,194615,124622592,188800,188800,0,0,0,1077471,1321,1321,521357,1001,1001
9587,132458669,196365,196365,131381033,196200,196200,124817152,194560,194560,0,0,0,1077636,165,165,521366,9,9
9595,132657787,199118,199118,131578102,197069,197069,125013248,196096,196096,0,0,0,1079685,2049,2049,521626,260,260
9603,132857447,199660,199660,131777400,199298,199298,125210240,196992,196992,0,0,0,1080047,362,362,521785,159,159
9610,133059437,201990,201990,131979243,201843,201843,125409408,199168,199168,0,0,0,1080194,147,147,521814,29,29
9618,133266412,206975,206975,132184460,205217,205217,125610752,201344,201344,0,0,0,1081952,1758,1758,522077,263,263
9628,133473861,207449,207449,132391511,207051,207051,125815936,205184,205184,0,0,0,1082350,398,398,522192,115,115
9634,133682244,208383,208383,132599656,208145,208145,126022912,206976,206976,0,0,0,1082588,238,238,522368,176,176
9649,133892687,210443,210443,132809312,209656,209656,126231040,208128,208128,0,0,0,1083375,787,787,522884,516,516
9657,134106356,213669,213669,133022758,213446,213446,126440576,209536,209536,0,0,0,1083598,223,223,522939,55,55
9669,134325696,219340,219340,133240406,217648,217648,126653952,213376,213376,0,0,0,1085290,1692,1692,524491,1552,1552
9676,134551436,225740,225740,133463549,223143,223143,126871552,217600,217600,0,0,0,1087887,2597,2597,525007,516,516
9684,134777476,226040,226040,133689347,225798,225798,127094656,223104,223104,0,0,0,1088129,242,242,525055,48,48
9694,135004997,227521,227521,133915841,226494,226494,127320448,225792,225792,0,0,0,1089156,1027,1027,525929,874,874
9704,135236661,231664,231664,134145624,229783,229783,127546880,226432,226432,0,0,0,1091037,1881,1881,526606,677,677
9718,135470961,234300,234300,134377571,231947,231947,127776640,229760,229760,0,0,0,1093390,2353,2353,528676,2070,2070
9730,135708220,237259,237259,134613266,235695,235695,128008576,231936,231936,0,0,0,1094954,1564,1564,530118,1442,1442
9741,135949848,241628,241628,134853113,239847,239847,128244224,235648,235648,0,0,0,1096735,1781,1781,531451,1333,1333
9751,136195431,245583,245583,135098440,245327,245327,128483968,239744,239744,0,0,0,1096991,256,256,531486,35,35
9758,136195431,12933,0,135098440,0,0,128483968,0,0,0,0,0,1096991,0,0,531486,0,0
9768,136215877,20446,20446,135118655,20215,20215,128495872,11904,11904,0,0,0,1097222,231,231,531550,64,64
9774,136239074,23197,23197,135141622,22967,22967,128515968,20096,20096,0,0,0,1097452,230,230,531550,0,0
9783,136264830,25756,25756,135167031,25409,25409,128538752,22784,22784,0,0,0,1097799,347,347,531647,97,97
9793,136301221,36391,36391,135203026,35995,35995,128563968,25216,25216,0,0,0,1098195,396,396,531772,125,125
9800,136350816,49595,49595,135250460,47434,47434,128599808,35840,35840,0,0,0,1100356,2161,2161,532207,435,435
9806,136400688,49872,49872,135300079,49619,49619,128647040,47232,47232,0,0,0,1100609,253,253,532207,0,0
9815,136457874,57186,57186,135356382,56303,56303,128696448,49408,49408,0,0,0,1101492,883,883,532723,516,516
9824,136519337,61463,61463,135417422,61040,61040,128752512,56064,56064,0,0,0,1101915,423,423,532762,39,39
9832,136586691,67354,67354,135482873,65451,65451,128813312,60800,60800,0,0,0,1103818,1903,1903,533278,516,516
9839,136654270,67579,67579,135550252,67379,67379,128878592,65280,65280,0,0,0,1104018,200,200,533304,26,26
9847,136723892,69622,69622,135619495,69243,69243,128945792,67200,67200,0,0,0,1104397,379,379,533486,182,182
9855,136799837,75945,75945,135694446,74951,74951,129014912,69120,69120,0,0,0,1105391,994,994,533522,36,36
9863,136877524,77687,77687,135771024,76578,76578,129089664,74752,74752,0,0,0,1106500,1109,1109,533941,419,419
9873,136956044,78520,78520,135849034,78010,78010,129166080,76416,76416,0,0,0,1107010,510,510,534156,215,215
9880,137038367,82323,82323,135930602,81568,81568,129243904,77824,77824,0,0,0,1107765,755,755,534672,516,516
9887,137121690,83323,83323,136013191,82589,82589,129325312,81408,81408,0,0,0,1108499,734,734,535188,516,516
9895,137205913,84223,84223,136097175,83984,83984,129407744,82432,82432,0,0,0,1108738,239,239,535328,140,140
9906,137292660,86747,86747,136181775,84600,84600,129491584,83840,83840,0,0,0,1110885,2147,2147,535961,633,633
9913,137379875,87215,87215,136268582,86807,86807,129576064,84480,84480,0,0,0,1111293,408,408,536220,259,259
9922,137468143,88268,88268,136356647,88065,88065,129662720,86656,86656,0,0,0,1111496,203,203,536249,29,29
9927,137557466,89323,89323,136445932,89285,89285,129750656,87936,87936,0,0,0,1111534,38,38,536249,0,0
9935,137649847,92381,92381,136538000,92068,92068,129839744,89088,89088,0,0,0,1111847,313,313,536289,40,40
9941,137743670,93823,93823,136630448,92448,92448,129931136,91392,91392,0,0,0,1113222,1375,1375,536289,0,0
9949,137840855,97185,97185,136727050,96602,96602,130023424,92288,92288,0,0,0,1113805,583,583,536338,49,49
9956,137942903,102048,102048,136828947,101897,101897,130119424,96000,96000,0,0,0,1113956,151,151,536370,32,32
9965,138047924,105021,105021,136931780,102833,102833,130221184,101760,101760,0,0,0,1116144,2188,2188,536886,516,516
9973,138154448,106524,106524,137038010,106230,106230,130323840,102656,102656,0,0,0,1116438,294,294,537006,120,120
9985,138262985,108537,108537,137144846,106836,106836,130429824,105984,105984,0,0,0,1118139,1701,1701,538558,1552,1552
9997,138375452,112467,112467,137256324,111478,111478,130536448,106624,106624,0,0,0,1119128,989,989,539280,722,722
10003,138495694,120242,120242,137374718,118394,118394,130647680,111232,111232,0,0,0,1120976,1848,1848,539796,516,516
10011,138616834,121140,121140,137495024,120306,120306,130765824,118144,118144,0,0,0,1121810,834,834,539826,30,30
10019,138739382,122548,122548,137616221,121197,121197,130885888,120064,120064,0,0,0,1123161,1351,1351,539856,30,30
10033,138865253,125871,125871,137739708,123487,123487,131006848,120960,120960,0,0,0,1125545,2384,2384,541926,2070,2070
10041,138997679,132426,132426,137871741,132033,132033,131130112,123264,123264,0,0,0,1125938,393,393,542141,215,215
10049,139138308,140629,140629,138012197,140456,140456,131261952,131840,131840,0,0,0,1126111,173,173,542153,12,12
10057,139284694,146386,146386,138158134,145937,145937,131402240,140288,140288,0,0,0,1126560,449,449,542281,128,128
10067,139435197,150503,150503,138308269,150135,150135,131548032,145792,145792,0,0,0,1126928,368,368,542381,100,100
10076,139589644,154447,154447,138461789,153520,153520,131697920,149888,149888,0,0,0,1127855,927,927,542934,553,553
10086,139749535,159891,159891,138620588,158799,158799,131851264,153344,153344,0,0,0,1128947,1092,1092,543897,963,963
10093,139912688,163153,163153,138783551,162963,162963,132009856,158592,158592,0,0,0,1129137,190,190,543910,13,13
10101,140079513,166825,166825,138948859,165308,165308,132172672,162816,162816,0,0,0,1130654,1517,1517,544304,394,394
10115,140251078,171565,171565,139118430,169571,169571,132337792,165120,165120,0,0,0,1132648,1994,1994,546113,1809,1809
10125,140424391,173313,173313,139290285,171855,171855,132506752,168960,168960,0,0,0,1134106,1458,1458,546142,29,29
10134,140601010,176619,176619,139465816,175531,175531,132678528,171776,171776,0,0,0,1135194,1088,1088,547124,982,982
10143,140785815,184805,184805,139647190,181374,181374,132853888,175360,175360,0,0,0,1138625,3431,3431,547974,850,850
10151,140971260,185445,185445,139832059,184869,184869,133035136,181248,181248,0,0,0,1139201,576,576,548415,441,441
10161,141158392,187132,187132,140018386,186327,186327,133219840,184704,184704,0,0,0,1140006,805,805,548901,486,486
10169,141348798,190406,190406,140208601,190215,190215,133406080,186240,186240,0,0,0,1140197,191,191,549014,113,113
10177,141544324,195526,195526,140402676,194075,194075,133596160,190080,190080,0,0,0,1141648,1451,1451,549530,516,516
10185,141740572,196248,196248,140598335,195659,195659,133789696,193536,193536,0,0,0,1142237,589,589,549974,444,444
10193,141938078,197506,197506,140795396,197061,197061,133985280,195584,195584,0,0,0,1142682,445,445,550242,268,268
10201,142143936,205858,205858,140999105,203709,203709,134182272,196992,196992,0,0,0,1144831,2149,2149,550612,370,370
10211,142351231,207295,207295,141204991,205886,205886,134385920,203648,203648,0,0,0,1146240,1409,1409,551339,727,727
10223,142560156,208925,208925,141412631,207640,207640,134591744,205824,205824,0,0,0,1147525,1285,1285,551963,624,624
10232,142771551,211395,211395,141622984,210353,210353,134799360,207616,207616,0,0,0,1148567,1042,1042,552827,864,864
10239,142983299,211748,211748,141834612,211628,211628,135009664,210304,210304,0,0,0,1148687,120,120,552858,31,31
10246,143195707,212408,212408,142046930,212318,212318,135221248,211584,211584,0,0,0,1148777,90,90,552877,19,19
10254,143413310,217603,217603,142262801,215871,215871,135433472,212224,212224,0,0,0,1150509,1732,1732,553393,516,516
10261,143632120,218810,218810,142481436,218635,218635,135649280,215808,215808,0,0,0,1150684,175,175,553495,102,102
10269,143852309,220189,220189,142700559,219123,219123,135867904,218624,218624,0,0,0,1151750,1066,1066,553786,291,291
10287,144075279,222970,222970,142920948,220389,220389,136086912,219008,219008,0,0,0,1154331,2581,2581,555901,2115,2115
10299,144300953,225674,225674,143144564,223616,223616,136307200,220288,220288,0,0,0,1156389,2058,2058,556714,813,813
10306,144527039,226086,226086,143370402,225838,225838,136530688,223488,223488,0,0,0,1156637,248,248,556820,106,106
10315,144754657,227618,227618,143597763,227361,227361,136756480,225792,225792,0,0,0,1156894,257,257,556878,58,58
10323,144984972,230315,230315,143826041,228278,228278,136983808,227328,227328,0,0,0,1158931,2037,2037,557394,516,516
10330,145216347,231375,231375,144057069,231028,231028,137212032,228224,228224,0,0,0,1159278,347,347,557669,275,275
10336,145448281,231934,231934,144288764,231695,231695,137442944,230912,230912,0,0,0,1159517,239,239,557801,132,132
10349,145682164,233883,233883,144521969,233205,233205,137674624,231680,231680,0,0,0,1160195,678,678,558317,516,516
10359,145918181,236017,236017,144756874,234905,234905,137907712,233088,233088,0,0,0,1161307,1112,1112,559264,947,947
10369,146163446,245265,245265,145001203,244329,244329,138142592,234880,234880,0,0,0,1162243,936,936,560013,749,749
10375,146163446,13560,0,145001203,0,0,138142592,0,0,0,0,0,1162243,0,0,560013,0,0
10386,146184898,21452,21452,145022393,21190,21190,138154496,11904,11904,0,0,0,1162505,262,262,560057,44,44
10395,146209490,24592,24592,145046733,24340,24340,138175488,20992,20992,0,0,0,1162757,252,252,560077,20,20
10403,146244435,34945,34945,145081413,34680,34680,138199680,24192,24192,0,0,0,1163022,265,265,560126,49,49
10414,146287533,43098,43098,145124199,42786,42786,138234240,34560,34560,0,0,0,1163334,312,312,560145,19,19
10422,146341225,53692,53692,145177291,53092,53092,138276864,42624,42624,0,0,0,1163934,600,600,560630,485,485
10429,146401257,60032,60032,145236832,59541,59541,138329728,52864,52864,0,0,0,1164425,491,491,561036,406,406
10443,146469098,67841,67841,145303165,66333,66333,138389120,59392,59392,0,0,0,1165933,1508,1508,562294,1258,1258
10451,146543260,74162,74162,145376086,72921,72921,138455296,66176,66176,0,0,0,1167174,1241,1241,562321,27,27
10461,146619057,75797,75797,145450789,74703,74703,138528128,72832,72832,0,0,0,1168268,1094,1094,563177,856,856
10473,146701959,82902,82902,145531164,80375,80375,138602752,74624,74624,0,0,0,1170795,2527,2527,564729,1552,1552
10482,146791608,89649,89649,145617794,86630,86630,138683008,80256,80256,0,0,0,1173814,3019,3019,565579,850,850
10489,146881556,89948,89948,145707506,89712,89712,138769536,86528,86528,0,0,0,1174050,236,236,565725,146,146
10504,146974961,93405,93405,145797876,90370,90370,138859136,89600,89600,0,0,0,1177085,3035,3035,567041,1316,1316
10512,147068801,93840,93840,145891482,93606,93606,138949376,90240,90240,0,0,0,1177319,234,234,567063,22,22
10520,147165152,96351,96351,145987651,96169,96169,139042816,93440,93440,0,0,0,1177501,182,182,567094,31,31
10528,147267624,102472,102472,146089916,102265,102265,139138944,96128,96128,0,0,0,1177708,207,207,567135,41,41
10536,147375064,107440,107440,146197131,107215,107215,139241088,102144,102144,0,0,0,1177933,225,225,567156,21,21
10544,147485848,110784,110784,146307727,110596,110596,139348224,107136,107136,0,0,0,1178121,188,188,567178,22,22
10552,147600498,114650,114650,146422172,114445,114445,139458688,110464,110464,0,0,0,1178326,205,205,567197,19,19
10558,147719794,119296,119296,146541425,119253,119253,139572992,114304,114304,0,0,0,1178369,43,43,567215,18,18
10566,147842548,122754,122754,146664030,122605,122605,139692160,119168,119168,0,0,0,1178518,149,149,567229,14,14
10578,147968323,125775,125775,146788362,124332,124332,139814656,122496,122496,0,0,0,1179961,1443,1443,568541,1312,1312
10600,148100796,132473,132473,146915228,126866,126866,139938944,124288,124288,0,0,0,1185568,5607,5607,571914,3373,3373
10607,148236350,135554,135554,147048006,132778,132778,140065664,126720,126720,0,0,0,1188344,2776,2776,572427,513,513
10616,148373177,136827,136827,147183623,135617,135617,140198400,132736,132736,0,0,0,1189554,1210,1210,572943,516,516
10628,148513424,140247,140247,147322436,138813,138813,140333952,135552,135552,0,0,0,1190988,1434,1434,574200,1257,1257
10640,148662077,148653,148653,147468332,145896,145896,140472704,138752,138752,0,0,0,1193745,2757,2757,575752,1552,1552
10652,148813345,151268,151268,147617546,149214,149214,140618496,145792,145792,0,0,0,1195799,2054,2054,576233,481,481
10659,148965620,152275,152275,147769220,151674,151674,140767616,149120,149120,0,0,0,1196400,601,601,576673,440,440
10665,149118486,152866,152866,147921811,152591,152591,140919168,151552,151552,0,0,0,1196675,275,275,576864,191,191
10676,149272803,154317,154317,148075949,154138,154138,141071616,152448,152448,0,0,0,1196854,179,179,576864,0,0
10683,149430382,157579,157579,148233285,157336,157336,141225600,153984,153984,0,0,0,1197097,243,243,576969,105,105
10692,149592950,162568,162568,148395627,162342,162342,141382784,157184,157184,0,0,0,1197323,226,226,576999,30,30
10699,149758604,165654,165654,148561135,165508,165508,141544960,162176,162176,0,0,0,1197469,146,146,577014,15,15
10711,149927442,168838,168838,148727559,166424,166424,141710336,165376,165376,0,0,0,1199883,2414,2414,578432,1418,1418
10719,150097106,169664,169664,148896498,168939,168939,141876608,166272,166272,0,0,0,1200608,725,725,578801,369,369
10726,150267348,170242,170242,149066571,170073,170073,142045440,168832,168832,0,0,0,1200777,169,169,578827,26,26
10738,150438838,171490,171490,149236984,170413,170413,142215424,169984,169984,0,0,0,1201854,1077,1077,579600,773,773
10745,150613415,174577,174577,149411391,174407,174407,142385792,170368,170368,0,0,0,1202024,170,170,579632,32,32
10752,150790424,177009,177009,149588005,176614,176614,142560128,174336,174336,0,0,0,1202419,395,395,579960,328,328
10767,150972338,181914,181914,149767540,179535,179535,142736640,176512,176512,0,0,0,1204798,2379,2379,582233,2273,2273
10776,151156905,184567,184567,149951399,183859,183859,142916096,179456,179456,0,0,0,1205506,708,708,582853,620,620
10783,151342866,185961,185961,150137077,185678,185678,143099904,183808,183808,0,0,0,1205789,283,283,583044,191,191
10791,151531964,189098,189098,150324222,187145,187145,143285504,185600,185600,0,0,0,1207742,1953,1953,583560,516,516
10799,151721942,189978,189978,150513613,189391,189391,143472512,187008,187008,0,0,0,1208329,587,587,583999,439,439
10806,151915385,193443,193443,150706922,193309,193309,143661824,189312,189312,0,0,0,1208463,134,134,584029,30,30
10813,152110607,195222,195222,150901458,194536,194536,143854976,193152,193152,0,0,0,1209149,686,686,584374,345,345
10820,152306553,195946,195946,151097033,195575,195575,144049408,194432,194432,0,0,0,1209520,371,371,584459,85,85
10829,152503553,197000,197000,151293191,196158,196158,144244864,195456,195456,0,0,0,1210362,842,842,585089,630,630
10838,152702480,198927,198927,151491477,198286,198286,144440960,196096,196096,0,0,0,1211003,641,641,585644,555,555
10856,152908935,206455,206455,151695051,203574,203574,144639104,198144,198144,0,0,0,1213884,2881,2881,588399,2755,2755
10866,153121070,212135,212135,151906445,211394,211394,144842624,203520,203520,0,0,0,1214625,741,741,588963,564,564
10882,153339542,218472,218472,152122423,215978,215978,145053952,211328,211328,0,0,0,1217119,2494,2494,591265,2302,2302
10902,153566029,226487,226487,152345413,222990,222990,145269888,215936,215936,0,0,0,1220616,3497,3497,594630,3365,3365
10939,153803850,237821,237821,152576570,231157,231157,145492736,222848,222848,0,0,0,1227280,6664,6664,601048,6418,6418
10949,154046247,242397,242397,152817255,240685,240685,145723776,231040,231040,0,0,0,1228992,1712,1712,601710,662,662
10964,154291488,245241,245241,153060170,242915,242915,145964416,240640,240640,0,0,0,1231318,2326,2326,603925,2215,2215
10971,154291488,13629,0,153060170,0,0,145964416,0,0,0,0,0,1231318,0,0,603925,0,0
10982,154312781,21293,21293,153081227,21057,21057,145976320,11904,11904,0,0,0,1231554,236,236,603958,33,33
10987,154335873,23092,23092,153104209,22982,22982,145997184,20864,20864,0,0,0,1231664,110,110,603958,0,0
10995,154365583,29710,29710,153133688,29479,29479,146019968,22784,22784,0,0,0,1231895,231,231,603991,33,33
11005,154402663,37080,37080,153170380,36692,36692,146049280,29312,29312,0,0,0,1232283,388,388,604091,100,100
11013,154449843,47180,47180,153214715,44335,44335,146085760,36480,36480,0,0,0,1235128,2845,2845,604607,516,516
11020,154498111,48268,48268,153261919,47204,47204,146129920,44160,44160,0,0,0,1236192,1064,1064,604739,132,132
11027,154549981,51870,51870,153311300,49381,49381,146176896,46976,46976,0,0,0,1238681,2489,2489,605255,516,516
11036,154603102,53121,53121,153363196,51896,51896,146226048,49152,49152,0,0,0,1239906,1225,1225,605493,238,238
11041,154656758,53656,53656,153416726,53530,53530,146277760,51712,51712,0,0,0,1240032,126,126,605493,0,0
11048,154719535,62777,62777,153479403,62677,62677,146331136,53376,53376,0,0,0,1240132,100,100,605508,15,15
11058,154794151,74616,74616,153552931,73528,73528,146393600,62464,62464,0,0,0,1241220,1088,1088,606420,912,912
11071,154883026,88875,88875,153639624,86693,86693,146466944,73344,73344,0,0,0,1243402,2182,2182,608486,2066,2066
11085,154980697,97671,97671,153735805,96181,96181,146553472,86528,86528,0,0,0,1244892,1490,1490,609660,1174,1174
11093,155089283,108586,108586,153843760,107955,107955,146649472,96000,96000,0,0,0,1245523,631,631,610176,516,516
11101,155202115,112832,112832,153956343,112583,112583,146757248,107776,107776,0,0,0,1245772,249,249,610199,23,23
11108,155328068,125953,125953,154079302,122959,122959,146869632,112384,112384,0,0,0,1248766,2994,2994,610715,516,516
11118,155454839,126771,126771,154205279,125977,125977,146992384,122752,122752,0,0,0,1249560,794,794,610902,187,187
11126,155586460,131621,131621,154336570,131291,131291,147118208,125824,125824,0,0,0,1249890,330,330,611005,103,103
11135,155724568,138108,138108,154473905,137335,137335,147249408,131200,131200,0,0,0,1250663,773,773,611503,498,498
11142,155871521,146953,146953,154620335,146430,146430,147386624,137216,137216,0,0,0,1251186,523,523,611866,363,363
11150,156021712,150191,150191,154767469,147134,147134,147532928,146304,146304,0,0,0,1254243,3057,3057,611945,79,79
11157,156172173,150461,150461,154917684,150215,150215,147679872,146944,146944,0,0,0,1254489,246,246,611969,24,24
11165,156324653,152480,152480,155069761,152077,152077,147829888,150016,150016,0,0,0,1254892,403,403,612182,213,213
11172,156483330,158677,158677,155228200,158439,158439,147981824,151936,151936,0,0,0,1255130,238,238,612218,36,36
11181,156645960,162630,162630,155390432,162232,162232,148140160,158336,158336,0,0,0,1255528,398,398,612295,77,77
11188,156809370,163410,163410,155553414,162982,162982,148302208,162048,162048,0,0,0,1255956,428,428,612549,254,254
11196,156976002,166632,166632,155719571,166157,166157,148465024,162816,162816,0,0,0,1256431,475,475,612608,59,59
11203,157144123,168121,168121,155887542,167971,167971,148631040,166016,166016,0,0,0,1256581,150,150,612683,75,75
11210,157314521,170398,170398,156056418,168876,168876,148798848,167808,167808,0,0,0,1258103,1522,1522,612961,278,278
11218,157487089,172568,172568,156226875,170457,170457,148967552,168704,168704,0,0,0,1260214,2111,2111,613441,480,480
11227,157660568,173479,173479,156399683,172808,172808,149137920,170368,170368,0,0,0,1260885,671,671,613940,499,499
11235,157837198,176630,176630,156573845,174162,174162,149310592,172672,172672,0,0,0,1263353,2468,2468,614342,402,402
11241,158015133,177935,177935,156750743,176898,176898,149484544,173952,173952,0,0,0,1264390,1037,1037,614745,403,403
11248,158193388,178255,178255,156928736,177993,177993,149661312,176768,176768,0,0,0,1264652,262,262,614966,221,221
11252,158372122,178734,178734,157107383,178647,178647,149839104,177792,177792,0,0,0,1264739,87,87,614966,0,0
11263,158552349,180227,180227,157287388,180005,180005,150017664,178560,178560,0,0,0,1264961,222,222,614966,0,0
11274,158739431,187082,187082,157473698,186310,186310,150197504,179840,179840,0,0,0,1265733,772,772,615509,543,543
11286,158935722,196291,196291,157668632,194934,194934,150383616,186112,186112,0,0,0,1267090,1357,1357,616697,1188,1188
11305,159144148,208426,208426,157874102,205470,205470,150578432,194816,194816,0,0,0,1270046,2956,2956,619019,2322,2322
11321,159362336,218188,218188,158089875,215773,215773,150783744,205312,205312,0,0,0,1272461,2415,2415,621186,2167,2167
11328,159590094,227758,227758,158314050,224175,224175,150999424,215680,215680,0,0,0,1276044,3583,3583,621702,516,516
11339,159818679,228585,228585,158541869,227819,227819,151223424,224000,224000,0,0,0,1276810,766,766,622092,390,390
11346,160053062,234383,234383,158775794,233925,233925,151451136,227712,227712,0,0,0,1277268,458,458,622300,208,208
11355,160290880,237818,237818,159010335,234541,234541,151684480,233344,233344,0,0,0,1280545,3277,3277,622754,454,454
11363,160530941,240061,240061,159249594,239259,239259,151918976,234496,234496,0,0,0,1281347,802,802,623270,516,516
11369,160530941,12753,0,159249594,0,0,151918976,0,0,0,0,0,1281347,0,0,623270,0,0
11379,160551145,20204,20204,159269558,19964,19964,151930880,11904,11904,0,0,0,1281587,240,240,623325,55,55
11386,160572832,21687,21687,159291057,21499,21499,151950720,19840,19840,0,0,0,1281775,188,188,623325,0,0
11394,160605706,32874,32874,159323400,32343,32343,151972096,21376,21376,0,0,0,1282306,531,531,623632,307,307
11402,160648938,43232,43232,159366403,43003,43003,152004224,32128,32128,0,0,0,1282535,229,229,623673,41,41
11412,160703482,54544,54544,159420336,53933,53933,152047104,42880,42880,0,0,0,1283146,611,611,623988,315,315
11420,160764440,60958,60958,159481021,60685,60685,152100864,53760,53760,0,0,0,1283419,273,273,624066,78,78
11427,160839174,74734,74734,159552595,71574,71574,152161408,60544,60544,0,0,0,1286579,3160,3160,624116,50,50
11435,160914168,74994,74994,159627353,74758,74758,152232832,71424,71424,0,0,0,1286815,236,236,624167,51,51
11444,160993507,79339,79339,159705067,77714,77714,152307456,74624,74624,0,0,0,1288440,1625,1625,624311,144,144
11456,161082036,88529,88529,159792592,87525,87525,152385024,77568,77568,0,0,0,1289444,1004,1004,624974,663,663
11463,161174045,92009,92009,159881736,89144,89144,152472320,87296,87296,0,0,0,1292309,2865,2865,625490,516,516
11472,161266771,92726,92726,159973805,92069,92069,152561280,88960,88960,0,0,0,1292966,657,657,626006,516,516
11480,161361946,95175,95175,160068463,94658,94658,152653184,91904,91904,0,0,0,1293483,517,517,626303,297,297
11494,161466881,104935,104935,160170861,102398,102398,152747648,94464,94464,0,0,0,1296020,2537,2537,627600,1297,1297
11502,161572230,105349,105349,160275858,104997,104997,152849920,102272,102272,0,0,0,1296372,352,352,627733,133,133
11520,161683750,111520,111520,160384244,108386,108386,152954752,104832,104832,0,0,0,1299506,3134,3134,630791,3058,3058
11529,161800130,116380,116380,160498987,114743,114743,153062912,108160,108160,0,0,0,1301143,1637,1637,631207,416,416
11545,161927382,127252,127252,160623515,124528,124528,153177472,114560,114560,0,0,0,1303867,2724,2724,633277,2070,2070
11553,162065500,138118,138118,160759023,135508,135508,153301888,124416,124416,0,0,0,1306477,2610,2610,633321,44,44
11561,162206747,141247,141247,160897978,138955,138955,153437312,135424,135424,0,0,0,1308769,2292,2292,633837,516,516
11569,162352368,145621,145621,161043309,145331,145331,153576064,138752,138752,0,0,0,1309059,290,290,633914,77,77
11582,162501532,149164,149164,161189095,145786,145786,153721216,145152,145152,0,0,0,1312437,3378,3378,635096,1182,1182
11590,162652389,150857,150857,161339203,150108,150108,153866880,145664,145664,0,0,0,1313186,749,749,635612,516,516
11601,162807803,155414,155414,161493589,154386,154386,154016896,150016,150016,0,0,0,1314214,1028,1028,636495,883,883
11610,162970416,162613,162613,161655421,161832,161832,154171136,154240,154240,0,0,0,1314995,781,781,636687,192,192
11618,163137327,166911,166911,161822197,166776,166776,154332928,161792,161792,0,0,0,1315130,135,135,636737,50,50
11629,163309529,172202,172202,161993425,171228,171228,154499584,166656,166656,0,0,0,1316104,974,974,636976,239,239
11637,163482278,172749,172749,162166060,172635,172635,154670720,171136,171136,0,0,0,1316218,114,114,637038,62,62
11644,163656015,173737,173737,162339676,173616,173616,154843264,172544,172544,0,0,0,1316339,121,121,637048,10,10
11652,163834295,178280,178280,162514174,174498,174498,155016832,173568,173568,0,0,0,1320121,3782,3782,637564,516,516
11663,164015131,180836,180836,162692519,178345,178345,155191296,174464,174464,0,0,0,1322612,2491,2491,638223,659,659
11671,164196976,181845,181845,162873448,180929,180929,155369600,178304,178304,0,0,0,1323528,916,916,638739,516,516
11677,164379712,182736,182736,163056011,182563,182563,155550464,180864,180864,0,0,0,1323701,173,173,638800,61,61
11691,164564550,184838,184838,163240019,184008,184008,155732992,182528,182528,0,0,0,1324531,830,830,639316,516,516
11702,164757515,192965,192965,163431946,191927,191927,155916928,183936,183936,0,0,0,1325569,1038,1038,640119,803,803
11710,164956971,199456,199456,163631021,199075,199075,156108800,191872,191872,0,0,0,1325950,381,381,640335,216,216
11722,165166938,209967,209967,163839259,208238,208238,156307840,199040,199040,0,0,0,1327679,1729,1729,641887,1552,1552
11730,165387217,220279,220279,164059042,219783,219783,156515968,208128,208128,0,0,0,1328175,496,496,642027,140,140
11746,165619901,232684,232684,164289483,230441,230441,156735616,219648,219648,0,0,0,1330418,2243,2243,643976,1949,1949
11758,165864104,244203,244203,164532024,242541,242541,156966016,230400,230400,0,0,0,1332080,1662,1662,645467,1491,1491
11764,165864104,13092,0,164532024,0,0,156966016,0,0,0,0,0,1332080,0,0,645467,0,0
11775,165885008,20904,20904,164552656,20632,20632,156977920,11904,11904,0,0,0,1332352,272,272,645497,30,30
11782,165907568,22560,22560,164574955,22299,22299,156989824,11904,11904,0,0,0,1332613,261,261,645497,0,0
11792,165940592,33024,33024,164607595,32640,32640,157011968,22144,22144,0,0,0,1332997,384,384,645589,92,92
11798,165986166,45574,45574,164653053,45458,45458,157044480,32512,32512,0,0,0,1333113,116,116,645589,0,0
11807,166041950,55784,55784,164707223,54170,54170,157089792,45312,45312,0,0,0,1334727,1614,1614,645671,82,82
11813,166097931,55981,55981,164763031,55808,55808,157143808,54016,54016,0,0,0,1334900,173,173,645671,0,0
11821,166165643,67712,67712,164829209,66178,66178,157199488,55680,55680,0,0,0,1336434,1534,1534,645821,150,150
11829,166238802,73159,73159,164901647,72438,72438,157265536,66048,66048,0,0,0,1337155,721,721,646337,516,516
11841,166318401,79599,79599,164980119,78472,78472,157337856,72320,72320,0,0,0,1338282,1127,1127,647185,848,848
11851,166410717,92316,92316,165071219,91100,91100,157416192,78336,78336,0,0,0,1339498,1216,1216,648175,990,990
11859,166510202,99485,99485,165170084,98865,98865,157507200,91008,91008,0,0,0,1340118,620,620,648587,412,412
11868,166617388,107186,107186,165276258,106174,106174,157605888,98688,98688,0,0,0,1341130,1012,1012,649475,888,888
11883,166733965,116577,116577,165390402,114144,114144,157711872,105984,105984,0,0,0,1343563,2433,2433,651792,2317,2317
11890,166856202,122237,122237,165512510,122108,122108,157825920,114048,114048,0,0,0,1343692,129,129,651809,17,17
11899,166984543,128341,128341,165640030,127520,127520,157947904,121984,121984,0,0,0,1344513,821,821,652482,673,673
11907,167119262,134719,134719,165774071,134041,134041,158075264,127360,127360,0,0,0,1345191,678,678,652883,401,401
11919,167261152,141890,141890,165914832,140761,140761,158209152,133888,133888,0,0,0,1346320,1129,1129,653734,851,851
11940,167419427,158275,158275,166069243,154411,154411,158349824,140672,140672,0,0,0,1350184,3864,3864,657485,3751,3751
11948,167584461,165034,165034,166233887,164644,164644,158504064,154240,154240,0,0,0,1350574,390,390,657702,217,217
11955,167756469,172008,172008,166405298,171411,171411,158668544,164480,164480,0,0,0,1351171,597,597,658198,496,496
11962,167934316,177847,177847,166582627,177329,177329,158839808,171264,171264,0,0,0,1351689,518,518,658330,132,132
11970,168118549,184233,184233,166766708,184081,184081,159016960,177152,177152,0,0,0,1351841,152,152,658350,20,20
11982,168314373,195824,195824,166961314,194606,194606,159200896,183936,183936,0,0,0,1353059,1218,1218,659285,935,935
11990,168516954,202581,202581,167163628,202314,202314,159395328,194432,194432,0,0,0,1353326,267,267,659333,48,48
11997,168730897,213943,213943,167377368,213740,213740,159597440,202112,202112,0,0,0,1353529,203,203,659413,80,80
12005,168950641,219744,219744,167596741,219373,219373,159811072,213632,213632,0,0,0,1353900,371,371,659642,229,229
12014,169178665,228024,228024,167820839,224098,224098,160030336,219264,219264,0,0,0,1357826,3926,3926,660434,792,792
12022,169410014,231349,231349,168048894,228055,228055,160254336,224000,224000,0,0,0,1361120,3294,3294,660685,251,251
12029,169641669,231655,231655,168280393,231499,231499,160482304,227968,227968,0,0,0,1361276,156,156,660767,82,82
12036,169876832,235163,235163,168514722,234329,234329,160713728,231424,231424,0,0,0,1362110,834,834,661015,248,248
12050,170114325,237493,237493,168750081,235359,235359,160947968,234240,234240,0,0,0,1364244,2134,2134,663024,2009,2009
12057,170357978,243653,243653,168993354,243273,243273,161183232,235264,235264,0,0,0,1364624,380,380,663164,140,140
12064,170357978,12648,0,168993354,0,0,161183232,0,0,0,0,0,1364624,0,0,663164,0,0
12070,170378147,20169,20169,169013403,20049,20049,161195136,11904,11904,0,0,0,1364744,120,120,663164,0,0
12079,170399630,21483,21483,169034649,21246,21246,161214976,19840,19840,0,0,0,1364981,237,237,663189,25,25
12087,170430718,31088,31088,169065458,30809,30809,161236096,21120,21120,0,0,0,1365260,279,279,663296,107,107
12094,170472929,42211,42211,169107367,41909,41909,161266688,30592,30592,0,0,0,1365562,302,302,663320,24,24
12105,170526463,53534,53534,169160138,52771,52771,161308416,41728,41728,0,0,0,1366325,763,763,663836,516,516
12113,170589690,63227,63227,169223174,63036,63036,161361024,52608,52608,0,0,0,1366516,191,191,663860,24,24
12121,170664851,75161,75161,169297631,74457,74457,161423872,62848,62848,0,0,0,1367220,704,704,664376,516,516
12131,170751207,86356,86356,169382725,85094,85094,161498112,74240,74240,0,0,0,1368482,1262,1262,665410,1034,1034
12139,170845159,93952,93952,169476164,93439,93439,161582976,84864,84864,0,0,0,1368995,513,513,665729,319,319
12151,170948176,103017,103017,169578058,101894,101894,161676288,93312,93312,0,0,0,1370118,1123,1123,666552,823,823
12159,171058226,110050,110050,169687802,109744,109744,161778048,101760,101760,0,0,0,1370424,306,306,666599,47,47
12166,171179785,121559,121559,169808731,120929,120929,161887616,109568,109568,0,0,0,1371054,630,630,667115,516,516
12174,171310210,130425,130425,169938918,130187,130187,162008320,120704,120704,0,0,0,1371292,238,238,667156,41,41
12198,171455426,145216,145216,170079995,141077,141077,162138368,130048,130048,0,0,0,1375431,4139,4139,670967,3811,3811
12207,171607506,152080,152080,170231653,151658,151658,162279296,140928,140928,0,0,0,1375853,422,422,671057,90,90
12215,171769283,161777,161777,170393223,161570,161570,162430720,151424,151424,0,0,0,1376060,207,207,671107,50,50
12223,171939499,170216,170216,170562899,169676,169676,162592128,161408,161408,0,0,0,1376600,540,540,671436,329,329
12230,172114058,174559,174559,170736998,174099,174099,162761600,169472,169472,0,0,0,1377060,460,460,671577,141,141
12238,172296906,182848,182848,170919630,182632,182632,162935552,173952,173952,0,0,0,1377276,216,216,671662,85,85
12248,172487816,190910,190910,171109772,190142,190142,163118080,182528,182528,0,0,0,1378044,768,768,672249,587,587
12258,172691749,203933,203933,171310392,200620,200620,163308032,189952,189952,0,0,0,1381357,3313,3313,672656,407,407
12267,172897329,205580,205580,171514384,203992,203992,163508480,200448,200448,0,0,0,1382945,1588,1588,672818,162,162
12274,173109763,212434,212434,171725768,211384,211384,163712384,203904,203904,0,0,0,1383995,1050,1050,672862,44,44
12283,173324057,214294,214294,171938638,212870,212870,163923200,210816,210816,0,0,0,1385419,1424,1424,673039,177,177
12291,173540054,215997,215997,172154114,215476,215476,164135936,212736,212736,0,0,0,1385940,521,521,673209,170,170
12299,173764748,224694,224694,172378479,224365,224365,164351360,215424,215424,0,0,0,1386269,329,329,673253,44,44
12305,173997753,233005,233005,172611110,232631,232631,164575616,224256,224256,0,0,0,1386643,374,374,673294,41,41
12313,174230955,233202,233202,172844233,233123,233123,164808192,232576,232576,0,0,0,1386722,79,79,673321,27,27
12325,174469761,238806,238806,173081681,237448,237448,165041280,233088,233088,0,0,0,1388080,1358,1358,674422,1101,1101
12331,174469761,13164,0,173081681,0,0,165041280,0,0,0,0,0,1388080,0,0,674422,0,0
12341,174490864,21103,21103,173102583,20902,20902,165053184,11904,11904,0,0,0,1388281,201,201,674452,30,30
12348,174513273,22409,22409,173124828,22245,22245,165073920,20736,20736,0,0,0,1388445,164,164,674452,0,0
12356,174546472,33199,33199,173157752,32924,32924,165095936,22016,22016,0,0,0,1388720,275,275,674464,12,12
12366,174592878,46406,46406,173203641,45889,45889,165128704,32768,32768,0,0,0,1389237,517,517,674493,29,29
12374,174647187,54309,54309,173257683,54042,54042,165174400,45696,45696,0,0,0,1389504,267,267,674518,25,25
12382,174706655,59468,59468,173316914,59231,59231,165228288,53888,53888,0,0,0,1389741,237,237,674574,56,56
12391,174779145,72490,72490,173388501,71587,71587,165287424,59136,59136,0,0,0,1390644,903,903,675090,516,516
12401,174863689,84544,84544,173472724,84223,84223,165358848,71424,71424,0,0,0,1390965,321,321,675099,9,9
12408,174954612,90923,90923,173563534,90810,90810,165442944,84096,84096,0,0,0,1391078,113,113,675141,42,42
12416,175051506,96894,96894,173659791,96257,96257,165533568,90624,90624,0,0,0,1391715,637,637,675576,435,435
12423,175155314,103808,103808,173763486,103695,103695,165629696,96128,96128,0,0,0,1391828,113,113,675605,29,29
12436,175264346,109032,109032,173871312,107826,107826,165733248,103552,103552,0,0,0,1393034,1206,1206,676469,864,864
12443,175375048,110702,110702,173981870,110558,110558,165840896,107648,107648,0,0,0,1393178,144,144,676506,37,37
12451,175492130,117082,117082,174095140,113270,113270,165951360,110464,110464,0,0,0,1396990,3812,3812,676528,22,22
12459,175615322,123192,123192,174215281,120141,120141,166064512,113152,113152,0,0,0,1400041,3051,3051,677044,516,516
12466,175739745,124423,124423,174338550,123269,123269,166184576,120064,120064,0,0,0,1401195,1154,1154,677296,252,252
12476,175864771,125026,125026,174463263,124713,124713,166307712,123136,123136,0,0,0,1401508,313,313,677313,17,17
12486,175995288,130517,130517,174593039,129776,129776,166432256,124544,124544,0,0,0,1402249,741,741,677877,564,564
12506,176141049,145761,145761,174735265,142226,142226,166561920,129664,129664,0,0,0,1405784,3535,3535,681224,3347,3347
12513,176294121,153072,153072,174888201,152936,152936,166704000,142080,142080,0,0,0,1405920,136,136,681242,18,18
12523,176455730,161609,161609,175049389,161188,161188,166856832,152832,152832,0,0,0,1406341,421,421,681258,16,16
12530,176626218,170488,170488,175219689,170300,170300,167017856,161024,161024,0,0,0,1406529,188,188,681296,38,38
12538,176805681,179463,179463,175398761,179072,179072,167187968,170112,170112,0,0,0,1406920,391,391,681482,186,186
12546,176996796,191115,191115,175589265,190504,190504,167366912,178944,178944,0,0,0,1407531,611,611,681903,421,421
12566,177199826,203030,203030,175788711,199446,199446,167557248,190336,190336,0,0,0,1411115,3584,3584,685205,3302,3302
12574,177410428,210602,210602,175998819,210108,210108,167756544,199296,199296,0,0,0,1411609,494,494,685568,363,363
12582,177632886,222458,222458,176220624,221805,221805,167966464,209920,209920,0,0,0,1412262,653,653,686024,456,456
12592,177867642,234756,234756,176454183,233559,233559,168188160,221696,221696,0,0,0,1413459,1197,1197,687052,1028,1028
12604,178112931,245289,245289,176698364,244181,244181,168421632,233472,233472,0,0,0,1414567,1108,1108,687950,898,898
12610,178112931,13836,0,176698364,0,0,168421632,0,0,0,0,0,1414567,0,0,687950,0,0
12616,178134738,21807,21807,176720050,21686,21686,168433536,11904,11904,0,0,0,1414688,121,121,687950,0,0
12627,178158969,24231,24231,176743988,23938,23938,168455040,21504,21504,0,0,0,1414981,293,293,687985,35,35
12636,178191480,32511,32511,176776249,32261,32261,168478848,23808,23808,0,0,0,1415231,250,250,687985,0,0
12643,178236228,44748,44748,176820855,44606,44606,168510976,32128,32128,0,0,0,1415373,142,142,688001,16,16
12652,178285714,49486,49486,176869684,48829,48829,168555392,44416,44416,0,0,0,1416030,657,657,688517,516,516
12662,178346534,60820,60820,176930223,60539,60539,168604032,48640,48640,0,0,0,1416311,281,281,688545,28,28
12671,178415447,68913,68913,176998860,68637,68637,168664448,60416,60416,0,0,0,1416587,276,276,688572,27,27
12680,178486684,71237,71237,177069894,71034,71034,168732928,68480,68480,0,0,0,1416790,203,203,688586,14,14
12689,178566540,79856,79856,177149407,79513,79513,168803840,70912,70912,0,0,0,1417133,343,343,688601,15,15
12696,178649922,83382,83382,177232364,82957,82957,168883200,79360,79360,0,0,0,1417558,425,425,688789,188,188
12706,178741708,91786,91786,177323886,91522,91522,168966016,82816,82816,0,0,0,1417822,264,264,688918,129,129
12716,178844001,102293,102293,177421479,97593,97593,169057408,91392,91392,0,0,0,1422522,4700,4700,689039,121,121
12725,178946748,102747,102747,177523830,102351,102351,169154816,97408,97408,0,0,0,1422918,396,396,689265,226,226
12733,179052640,105892,105892,177628084,104254,104254,169256960,102144,102144,0,0,0,1424556,1638,1638,689321,56,56
12743,179159143,106503,106503,177734205,106121,106121,169361024,104064,104064,0,0,0,1424938,382,382,689403,82,82
12754,179266280,107137,107137,177841031,106826,106826,169467008,105984,105984,0,0,0,1425249,311,311,689441,38,38
12761,179375387,109107,109107,177950002,108971,108971,169573632,106624,106624,0,0,0,1425385,136,136,689441,0,0
12769,179493189,117802,117802,178067109,117107,117107,169682432,108800,108800,0,0,0,1426080,695,695,689957,516,516
12776,179619690,126501,126501,178193000,125891,125891,169799296,116864,116864,0,0,0,1426690,610,610,690473,516,516
12783,179754765,135075,135075,178327467,134467,134467,169924992,125696,125696,0,0,0,1427298,608,608,690989,516,516
12792,179898481,143716,143716,178470497,143030,143030,170059264,134272,134272,0,0,0,1427984,686,686,691505,516,516
12799,180050374,151893,151893,178622269,151772,151772,170202112,142848,142848,0,0,0,1428105,121,121,691533,28,28
12806,180210528,160154,160154,178782128,159859,159859,170353664,151552,151552,0,0,0,1428400,295,295,691556,23,23
12814,180379319,168791,168791,178950431,168303,168303,170513280,159616,159616,0,0,0,1428888,488,488,691927,371,371
12821,180559397,180078,180078,179130324,179893,179893,170681344,168064,168064,0,0,0,1429073,185,185,692004,77,77
12829,180748090,188693,188693,179318229,187905,187905,170861056,179712,179712,0,0,0,1429861,788,788,692520,516,516
12838,180944485,196395,196395,179513922,195693,195693,171048832,187776,187776,0,0,0,1430563,702,702,693125,605,605
12856,181151244,206759,206759,179718360,204438,204438,171244288,195456,195456,0,0,0,1432884,2321,2321,695275,2150,2150
12864,181366738,215494,215494,179932829,214469,214469,171448576,204288,204288,0,0,0,1433909,1025,1025,695293,18,18
12877,181591948,225210,225210,180156139,223310,223310,171662848,214272,214272,0,0,0,1435809,1900,1900,696845,1552,1552
12885,181828351,236403,236403,180391843,235704,235704,171885952,223104,223104,0,0,0,1436508,699,699,697361,516,516
12896,182076486,248135,248135,180638698,246855,246855,172121472,235520,235520,0,0,0,1437788,1280,1280,698276,915,915
12902,182076486,14124,0,180638698,0,0,172121472,0,0,0,0,0,1437788,0,0,698276,0,0
12913,182098739,22253,22253,180660696,21998,21998,172133376,11904,11904,0,0,0,1438043,255,255,698308,32,32
12922,182122916,24177,24177,180684592,23896,23896,172155136,21760,21760,0,0,0,1438324,281,281,698347,39,39
12931,182157930,35014,35014,180719197,34605,34605,172178816,23680,23680,0,0,0,1438733,409,409,698363,16,16
12941,182204770,46840,46840,180765258,46061,46061,172213248,34432,34432,0,0,0,1439512,779,779,698784,421,421
12949,182262643,57873,57873,180822822,57564,57564,172259072,45824,45824,0,0,0,1439821,309,309,698849,65,65
12958,182332192,69549,69549,180891784,68962,68962,172316416,57344,57344,0,0,0,1440408,587,587,699060,211,211
12965,182410606,78414,78414,180965483,73699,73699,172385152,68736,68736,0,0,0,1445123,4715,4715,699576,516,516
12974,182489967,79361,79361,181043920,78437,78437,172458624,73472,73472,0,0,0,1446047,924,924,700092,516,516
12982,182575318,85351,85351,181126033,82113,82113,172536832,78208,78208,0,0,0,1449285,3238,3238,700608,516,516
12989,182661559,86241,86241,181211409,85376,85376,172618752,81920,81920,0,0,0,1450150,865,865,700922,314,314
12998,182748218,86659,86659,181297709,86300,86300,172704000,85248,85248,0,0,0,1450509,359,359,700941,19,19
13006,182838736,90518,90518,181387468,89759,89759,172790144,86144,86144,0,0,0,1451268,759,759,701072,131,131
13014,182929966,91230,91230,181478294,90826,90826,172879744,89600,89600,0,0,0,1451672,404,404,701259,187,187
13024,183033186,103220,103220,181581244,102950,102950,172970368,90624,90624,0,0,0,1451942,270,270,701311,52,52
13031,183150247,117061,117061,181695613,114369,114369,173073152,102784,102784,0,0,0,1454634,2692,2692,701827,516,516
13041,183267828,117581,117581,181812699,117086,117086,173187328,114176,114176,0,0,0,1455129,495,495,701950,123,123
13052,183386427,118599,118599,181930854,118155,118155,173304192,116864,116864,0,0,0,1455573,444,444,701970,20,20
13059,183510781,124354,124354,182054974,124120,124120,173422208,118016,118016,0,0,0,1455807,234,234,702106,136,136
13067,183640515,129734,129734,182184376,129402,129402,173546112,123904,123904,0,0,0,1456139,332,332,702364,258,258
13074,183772952,132437,132437,182316511,132135,132135,173675392,129280,129280,0,0,0,1456441,302,302,702596,232,232
13080,183909735,136783,136783,182452416,135905,135905,173806976,131584,131584,0,0,0,1457319,878,878,703112,516,516
13087,184046698,136963,136963,182589296,136880,136880,173942656,135680,135680,0,0,0,1457402,83,83,703134,22,22
13096,184187847,141149,141149,182726662,137366,137366,174079360,136704,136704,0,0,0,1461185,3783,3783,703172,38,38
13103,184329217,141370,141370,182867835,141173,141173,174216576,137216,137216,0,0,0,1461382,197,197,703318,146,146
13109,184477516,148299,148299,183013006,145171,145171,174357504,140928,140928,0,0,0,1464510,3128,3128,703834,516,516
13117,184628449,150933,150933,183161355,148349,148349,174502528,145024,145024,0,0,0,1467094,2584,2584,704097,263,263
13127,184781427,152978,152978,183312427,151072,151072,174650752,148224,148224,0,0,0,1469000,1906,1906,704377,280,280
13135,184935814,154387,154387,183466075,153648,153648,174801664,150912,150912,0,0,0,1469739,739,739,704893,516,516
13147,185101317,165503,165503,183629892,163817,163817,174955136,153472,153472,0,0,0,1471425,1686,1686,706426,1533,1533
13155,185278265,176948,176948,183806241,176349,176349,175118720,163584,163584,0,0,0,1472024,599,599,706839,413,413
13163,185463929,185664,185664,183991744,185503,185503,175294848,176128,176128,0,0,0,1472185,161,161,706859,20,20
13169,185659480,195551,195551,184187088,195344,195344,175480192,185344,185344,0,0,0,1472392,207,207,706913,54,54
13179,185855506,196026,196026,184382696,195608,195608,175675392,195200,195200,0,0,0,1472810,418,418,707175,262,262
13186,186055334,199828,199828,184582451,199755,199755,175870848,195456,195456,0,0,0,1472883,73,73,707195,20,20
13194,186260530,205196,205196,184787023,204572,204572,176070400,199552,199552,0,0,0,1473507,624,624,707658,463,463
13199,186467494,206964,206964,184993953,206930,206930,176274816,204416,204416,0,0,0,1473541,34,34,707658,0,0
13206,186679153,211659,211659,185202858,208905,208905,176481536,206720,206720,0,0,0,1476295,2754,2754,707994,336,336
13214,186892553,213400,213400,185414543,211685,211685,176689920,208384,208384,0,0,0,1478010,1715,1715,708385,391,391
13226,187107940,215387,215387,185628324,213781,213781,176901504,211584,211584,0,0,0,1479616,1606,1606,709813,1428,1428
13239,187334951,227011,227011,185853393,225069,225069,177115136,213632,213632,0,0,0,1481558,1942,1942,711680,1867,1867
13249,187570985,236034,236034,186088423,235030,235030,177340032,224896,224896,0,0,0,1482562,1004,1004,712482,802,802
13256,187815798,244813,244813,186332685,244262,244262,177574912,234880,234880,0,0,0,1483113,551,551,712998,516,516
13262,187815798,13608,0,186332685,0,0,177574912,0,0,0,0,0,1483113,0,0,712998,0,0
13272,187837280,21482,21482,186354015,21330,21330,177586816,11904,11904,0,0,0,1483265,152,152,713024,26,26
13279,187859526,22246,22246,186376037,22022,22022,177607936,21120,21120,0,0,0,1483489,224,224,713024,0,0
13288,187891255,31729,31729,186407496,31459,31459,177629824,21888,21888,0,0,0,1483759,270,270,713066,42,42
13296,187929573,38318,38318,186445615,38119,38119,177661056,31232,31232,0,0,0,1483958,199,199,713112,46,46
13306,187974881,45308,45308,186490711,45096,45096,177698944,37888,37888,0,0,0,1484170,212,212,713127,15,15
13313,188031861,56980,56980,186544734,54023,54023,177743872,44928,44928,0,0,0,1487127,2957,2957,713323,196,196
13320,188090000,58139,58139,186601737,57003,57003,177797760,53888,53888,0,0,0,1488263,1136,1136,713357,34,34
13328,188148535,58535,58535,186660018,58281,58281,177854720,56960,56960,0,0,0,1488517,254,254,713380,23,23
13336,188216785,68250,68250,186727619,67601,67601,177912960,58240,58240,0,0,0,1489166,649,649,713896,516,516
13345,188297310,80525,80525,186807568,79949,79949,177980416,67456,67456,0,0,0,1489742,576,576,714333,437,437
13352,188386199,88889,88889,186895857,88289,88289,178060288,79872,79872,0,0,0,1490342,600,600,714849,516,516
13359,188483449,97250,97250,186992496,96639,96639,178148480,88192,88192,0,0,0,1490953,611,611,715365,516,516
13367,188589191,105742,105742,187097564,105068,105068,178244992,96512,96512,0,0,0,1491627,674,674,715881,516,516
13375,188703887,114696,114696,187211554,113990,113990,178349952,104960,104960,0,0,0,1492333,706,706,716202,321,321
13384,188827361,123474,123474,187334792,123238,123238,178463872,113920,113920,0,0,0,1492569,236,236,716226,24,24
13391,188963236,135875,135875,187470076,135284,135284,178587008,123136,123136,0,0,0,1493160,591,591,716742,516,516
13400,189107024,143788,143788,187612754,142678,142678,178722176,135168,135168,0,0,0,1494270,1110,1110,717776,1034,1034
13417,189263196,156172,156172,187766380,153626,153626,178864768,142592,142592,0,0,0,1496816,2546,2546,720107,2331,2331
13429,189428956,165760,165760,187930494,164114,164114,179018368,153600,153600,0,0,0,1498462,1646,1646,721643,1536,1536
13437,189605856,176900,176900,188105210,174716,174716,179182336,163968,163968,0,0,0,1500646,2184,2184,721705,62,62
13445,189783362,177506,177506,188282464,177254,177254,179356928,174592,174592,0,0,0,1500898,252,252,721819,114,114
13453,189972913,189551,189551,188471676,189212,189212,179534080,177152,177152,0,0,0,1501237,339,339,721847,28,28
13485,190173737,200824,200824,188665749,194073,194073,179723264,189184,189184,0,0,0,1507988,6751,6751,728315,6468,6468
13499,190384282,210545,210545,188874823,209074,209074,179917312,194048,194048,0,0,0,1509459,1471,1471,729519,1204,1204
13506,190606521,222239,222239,189096884,222061,222061,180126336,209024,209024,0,0,0,1509637,178,178,729612,93,93
13516,190838736,232215,232215,189328123,231239,231239,180348288,221952,221952,0,0,0,1510613,976,976,730426,814,814
13525,191081119,242383,242383,189569090,240967,240967,180579456,231168,231168,0,0,0,1512029,1416,1416,731460,1034,1034
13532,191081119,13281,0,189569090,0,0,180579456,0,0,0,0,0,1512029,0,0,731460,0,0
13539,191102231,21112,21112,189590038,20948,20948,180591360,11904,11904,0,0,0,1512193,164,164,731460,0,0
13550,191125410,23179,23179,189612726,22688,22688,180612096,20736,20736,0,0,0,1512684,491,491,731608,148,148
13559,191160670,35260,35260,189647559,34833,34833,180634624,22528,22528,0,0,0,1513111,427,427,731645,37,37
13567,191209230,48560,48560,189695877,48318,48318,180669312,34688,34688,0,0,0,1513353,242,242,731717,72,72
13577,191261894,52664,52664,189747313,51436,51436,180717440,48128,48128,0,0,0,1514581,1228,1228,732233,516,516
13585,191323270,61376,61376,189804967,57654,57654,180768384,50944,50944,0,0,0,1518303,3722,3722,732749,516,516
13594,191390906,67636,67636,189869756,64789,64789,180825856,57472,57472,0,0,0,1521150,2847,2847,732778,29,29
13602,191460982,70076,70076,189937452,67696,67696,180890496,64640,64640,0,0,0,1523530,2380,2380,733098,320,320
13611,191532012,71030,71030,190007849,70397,70397,180958080,67584,67584,0,0,0,1524163,633,633,733270,172,172
13621,191603857,71845,71845,190079391,71542,71542,181028352,70272,70272,0,0,0,1524466,303,303,733299,29,29
13630,191684118,80261,80261,190158885,79494,79494,181099776,71424,71424,0,0,0,1525233,767,767,733809,510,510
13636,191773731,89613,89613,190244698,85813,85813,181179136,79360,79360,0,0,0,1529033,3800,3800,734325,516,516
13645,191866481,92750,92750,190334359,89661,89661,181264768,85632,85632,0,0,0,1532122,3089,3089,734455,130,130
13653,191961158,94677,94677,190427134,92775,92775,181354240,89472,89472,0,0,0,1534024,1902,1902,734766,311,311
13660,192057908,96750,96750,190522513,95379,95379,181446912,92672,92672,0,0,0,1535395,1371,1371,734892,126,126
13667,192155539,97631,97631,190619726,97213,97213,181542144,95232,95232,0,0,0,1535813,418,418,734933,41,41
13676,192253961,98422,98422,190718007,98281,98281,181639168,97024,97024,0,0,0,1535954,141,141,734941,8,8
13685,192353158,99197,99197,190816972,98965,98965,181737344,98176,98176,0,0,0,1536186,232,232,735018,77,77
13699,192461571,108413,108413,190923283,106311,106311,181836160,98816,98816,0,0,0,1538288,2102,2102,736941,1923,1923
13714,192583956,122385,122385,191043725,120442,120442,181942272,106112,106112,0,0,0,1540231,1943,1943,738744,1803,1803
13744,192724756,140800,140800,191178711,134986,134986,182062592,120320,120320,0,0,0,1546045,5814,5814,744305,5561,5561
13752,192875575,150819,150819,191329260,150549,150549,182197376,134784,134784,0,0,0,1546315,270,270,744423,118,118
13761,193038594,163019,163019,191491997,162737,162737,182347776,150400,150400,0,0,0,1546597,282,282,744481,58,58
13774,193207846,169252,169252,191659425,167428,167428,182510336,162560,162560,0,0,0,1548421,1824,1824,746186,1705,1705
13787,193385770,177924,177924,191835613,176188,176188,182677632,167296,167296,0,0,0,1550157,1736,1736,747769,1583,1583
13795,193571017,185247,185247,192020606,184993,184993,182853632,176000,176000,0,0,0,1550411,254,254,747896,127,127
13810,193761106,190089,190089,192206705,186099,186099,183038464,184832,184832,0,0,0,1554401,3990,3990,750382,2486,2486
13824,193953409,192303,192303,192396862,190157,190157,183224448,185984,185984,0,0,0,1556547,2146,2146,752391,2009,2009
13832,194151843,198434,198434,192594604,197742,197742,183414400,189952,189952,0,0,0,1557239,692,692,752894,503,503
13842,194356457,204614,204614,192797642,203038,203038,183612032,197632,197632,0,0,0,1558815,1576,1576,753503,609,609
13852,194561481,205024,205024,193002316,204674,204674,183814912,202880,202880,0,0,0,1559165,350,350,753670,167,167
13859,194770540,209059,209059,193210943,208627,208627,184019456,204544,204544,0,0,0,1559597,432,432,753976,306,306
13869,194985722,215182,215182,193424847,213904,213904,184227968,208512,208512,0,0,0,1560875,1278,1278,754710,734,734
13877,195205777,220055,220055,193642524,217677,217677,184441728,213760,213760,0,0,0,1563253,2378,2378,755226,516,516
13886,195427719,221942,221942,193862639,220115,220115,184659328,217600,217600,0,0,0,1565080,1827,1827,755894,668,668
13895,195650257,222538,222538,194084994,222355,222355,184879360,220032,220032,0,0,0,1565263,183,183,755922,28,28
13910,195875347,225090,225090,194307875,222881,222881,185101568,222208,222208,0,0,0,1567472,2209,2209,757950,2028,2028
13921,196107007,231660,231660,194538286,230411,230411,185324288,222720,222720,0,0,0,1568721,1249,1249,759101,1151,1151
13945,196350838,243831,243831,194778055,239769,239769,185554560,230272,230272,0,0,0,1572783,4062,4062,762948,3847,3847
13951,196350838,13224,0,194778055,0,0,185554560,0,0,0,0,0,1572783,0,0,762948,0,0
13957,196371800,20962,20962,194798901,20846,20846,185566464,11904,11904,0,0,0,1572899,116,116,762948,0,0
13968,196395291,23491,23491,194822041,23140,23140,185587072,20608,20608,0,0,0,1573250,351,351,762983,35,35
13975,196427649,32358,32358,194854153,32112,32112,185609984,22912,22912,0,0,0,1573496,246,246,762983,0,0
13983,196472219,44570,44570,194898404,44251,44251,185641856,31872,31872,0,0,0,1573815,319,319,763006,23,23
13988,196519413,47194,47194,194945492,47088,47088,185685888,44032,44032,0,0,0,1573921,106,106,763006,0,0
13999,196572148,52735,52735,194997594,52102,52102,185732736,46848,46848,0,0,0,1574554,633,633,763269,263,263
14007,196637379,65231,65231,195062156,64562,64562,185784704,51968,51968,0,0,0,1575223,669,669,763785,516,516
14015,196707755,70376,70376,195131827,69671,69671,185849088,64384,64384,0,0,0,1575928,705,705,764301,516,516
14023,196785436,77681,77681,195209155,77328,77328,185918592,69504,69504,0,0,0,1576281,353,353,764468,167,167
14030,196869924,84488,84488,195293495,84340,84340,185995776,77184,77184,0,0,0,1576429,148,148,764567,99,99
14037,196958694,88770,88770,195382053,88558,88558,186080000,84224,84224,0,0,0,1576641,212,212,764605,38,38
14044,197050352,91658,91658,195473589,91536,91536,186168448,88448,88448,0,0,0,1576763,122,122,764648,43,43
14053,197148492,98140,98140,195567955,94366,94366,186259840,91392,91392,0,0,0,1580537,3774,3774,765164,516,516
14061,197248369,99877,99877,195666124,98169,98169,186354048,94208,94208,0,0,0,1582245,1708,1708,765680,516,516
14069,197349753,101384,101384,195767073,100949,100949,186452096,98048,98048,0,0,0,1582680,435,435,765711,31,31
14076,197451569,101816,101816,195868768,101695,101695,186552960,100864,100864,0,0,0,1582801,121,121,765781,70,70
14084,197557185,105616,105616,195974108,105340,105340,186654464,101504,101504,0,0,0,1583077,276,276,765899,118,118
14094,197670354,113169,113169,196086059,111951,111951,186759680,105216,105216,0,0,0,1584295,1218,1218,766925,1026,1026
14108,197794476,124122,124122,196208721,122662,122662,186871552,111872,111872,0,0,0,1585755,1460,1460,768179,1254,1254
14118,197931400,136924,136924,196344721,136000,136000,186994048,122496,122496,0,0,0,1586679,924,924,768963,784,784
14126,198076346,144946,144946,196489369,144648,144648,187129856,135808,135808,0,0,0,1586977,298,298,769041,78,78
14134,198228274,151928,151928,196640527,151158,151158,187274368,144512,144512,0,0,0,1587747,770,770,769461,420,420
14141,198380523,152249,152249,196792608,152081,152081,187425408,151040,151040,0,0,0,1587915,168,168,769485,24,24
14148,198539240,158717,158717,196951008,158400,158400,187577344,151936,151936,0,0,0,1588232,317,317,769694,209,209
14156,198706263,167023,167023,197117816,166808,166808,187735552,158208,158208,0,0,0,1588447,215,215,769770,76,76
14163,198879032,172769,172769,197290264,172448,172448,187902208,166656,166656,0,0,0,1588768,321,321,769879,109,109
14168,199053774,174742,174742,197464902,174638,174638,188074496,172288,172288,0,0,0,1588872,104,104,769879,0,0
14175,199232279,178505,178505,197642954,178052,178052,188248960,174464,174464,0,0,0,1589325,453,453,770193,314,314
14183,199414570,182291,182291,197825029,182075,182075,188426880,177920,177920,0,0,0,1589541,216,216,770246,53,53
14191,199601732,187162,187162,198012001,186972,186972,188608768,181888,181888,0,0,0,1589731,190,190,770289,43,43
14199,199791763,190031,190031,198201881,189880,189880,188795648,186880,186880,0,0,0,1589882,151,151,770352,63,63
14211,199983852,192089,192089,198392475,190594,190594,188985344,189696,189696,0,0,0,1591377,1495,1495,771749,1397,1397
14219,200183706,199854,199854,198591971,199496,199496,189175808,190464,190464,0,0,0,1591735,358,358,771832,83,83
14239,200390986,207280,207280,198795690,203719,203719,189375104,199296,199296,0,0,0,1595296,3561,3561,775232,3400,3400
14246,200602939,211953,211953,199007214,211524,211524,189578624,203520,203520,0,0,0,1595725,429,429,775550,318,318
14256,200815456,212517,212517,199219431,212217,212217,189789952,211328,211328,0,0,0,1596025,300,300,775560,10,10
14268,201035522,220066,220066,199438131,218700,218700,190002048,212096,212096,0,0,0,1597391,1366,1366,776667,1107,1107
14276,201263958,228436,228436,199666369,228238,228238,190220544,218496,218496,0,0,0,1597589,198,198,776705,38,38
14288,201499229,235271,235271,199900320,233951,233951,190448640,228096,228096,0,0,0,1598909,1320,1320,777898,1193,1193
14295,201739213,239984,239984,200139888,239568,239568,190682496,233856,233856,0,0,0,1599325,416,416,778064,166,166
14308,201985347,246134,246134,200384501,244613,244613,190921984,239488,239488,0,0,0,1600846,1521,1521,779341,1277,1277
14314,201985347,14176,0,200384501,0,0,190921984,0,0,0,0,0,1600846,0,0,779341,0,0
14325,202007512,22165,22165,200406307,21806,21806,190933888,11904,11904,0,0,0,1601205,359,359,779417,76,76
14332,202033716,26204,26204,200432280,25973,25973,190955520,21632,21632,0,0,0,1601436,231,231,779417,0,0
14340,202070985,37269,37269,200469090,36810,36810,190981376,25856,25856,0,0,0,1601895,459,459,779474,57,57
14347,202116107,45122,45122,200514101,45011,45011,191017984,36608,36608,0,0,0,1602006,111,111,779474,0,0
14357,202170053,53946,53946,200565299,51198,51198,191062784,44800,44800,0,0,0,1604754,2748,2748,779673,199,199
14365,202224276,54223,54223,200619320,54021,54021,191113856,51072,51072,0,0,0,1604956,202,202,779726,53,53
14373,202287129,62853,62853,200681137,61817,61817,191167744,53888,53888,0,0,0,1605992,1036,1036,779756,30,30
14381,202358209,71080,71080,200751958,70821,70821,191229440,61696,61696,0,0,0,1606251,259,259,779803,47,47
14389,202429742,71533,71533,200823309,71351,71351,191300096,70656,70656,0,0,0,1606433,182,182,779812,9,9
14398,202511052,81310,81310,200903640,80331,80331,191371264,71168,71168,0,0,0,1607412,979,979,780313,501,501
14406,202600848,89796,89796,200993107,89467,89467,191451392,80128,80128,0,0,0,1607741,329,329,780472,159,159
14416,202699981,99133,99133,201091935,98828,98828,191540736,89344,89344,0,0,0,1608046,305,305,780503,31,31
14424,202810788,110807,110807,201202009,110074,110074,191639424,98688,98688,0,0,0,1608779,733,733,780974,471,471
14431,202926142,115354,115354,201317196,115187,115187,191749376,109952,109952,0,0,0,1608946,167,167,780974,0,0
14439,203052479,126337,126337,201441266,124070,124070,191864448,115072,115072,0,0,0,1611213,2267,2267,780986,12,12
14447,203179984,127505,127505,201567716,126450,126450,191988480,124032,124032,0,0,0,1612268,1055,1055,781019,33,33
14455,203310853,130869,130869,201698029,130313,130313,192114816,126336,126336,0,0,0,1612824,556,556,781119,100,100
14467,203443673,132820,132820,201829298,131269,131269,192244992,130176,130176,0,0,0,1614375,1551,1551,782520,1401,1401
14474,203578469,134796,134796,201964033,134735,134735,192376192,131200,131200,0,0,0,1614436,61,61,782541,21,21
14490,203722507,144038,144038,202105668,141635,141635,192510848,134656,134656,0,0,0,1616839,2403,2403,784611,2070,2070
14499,203870552,148045,148045,202253580,147912,147912,192652416,141568,141568,0,0,0,1616972,133,133,784661,50,50
14507,204026670,156118,156118,202409443,155863,155863,192800256,147840,147840,0,0,0,1617227,255,255,784805,144,144
14515,204193794,167124,167124,202572362,162919,162919,192955648,155392,155392,0,0,0,1621432,4205,4205,784827,22,22
14523,204361326,167532,167532,202739599,167237,167237,193118464,162816,162816,0,0,0,1621727,295,295,784985,158,158
14531,204534650,173324,173324,202912621,173022,173022,193285632,167168,167168,0,0,0,1622029,302,302,785045,60,60
14538,204712271,177621,177621,203089874,177253,177253,193458560,172928,172928,0,0,0,1622397,368,368,785289,244,244
14552,204899598,187327,187327,203274105,184231,184231,193635712,177152,177152,0,0,0,1625493,3096,3096,786643,1354,1354
14561,205087412,187814,187814,203461497,187392,187392,193819904,184192,184192,0,0,0,1625915,422,422,786945,302,302
14569,205285501,198089,198089,203656554,195057,195057,194007168,187264,187264,0,0,0,1628947,3032,3032,787337,392,392
14576,205486753,201252,201252,203855659,199105,199105,194202112,194944,194944,0,0,0,1631094,2147,2147,787820,483,483
14583,205688450,201697,201697,204057027,201368,201368,194401152,199040,199040,0,0,0,1631423,329,329,787937,117,117
14601,205893356,204906,204906,204259186,202159,202159,194602368,201216,201216,0,0,0,1634170,2747,2747,790504,2567,2567
14615,206106160,212804,212804,204470213,211027,211027,194804480,202112,202112,0,0,0,1635947,1777,1777,792118,1614,1614
14624,206326568,220408,220408,204689685,219472,219472,195015424,210944,210944,0,0,0,1636883,936,936,792975,857,857
14643,206558335,231767,231767,204917886,228201,228201,195234816,219392,219392,0,0,0,1640449,3566,3566,796462,3487,3487
14661,206796989,238654,238654,205153645,235759,235759,195462912,228096,228096,0,0,0,1643344,2895,2895,799215,2753,2753
14669,207040489,243500,243500,205396988,243343,243343,195698560,235648,235648,0,0,0,1643501,157,157,799249,34,34
14675,207040489,14380,0,205396988,0,0,195698560,0,0,0,0,0,1643501,0,0,799249,0,0
14685,207063124,22635,22635,205419408,22420,22420,195710464,11904,11904,0,0,0,1643716,215,215,799276,27,27
14692,207086911,23787,23787,205443007,23599,23599,195732736,22272,22272,0,0,0,1643904,188,188,799276,0,0
14698,207120931,34020,34020,205476895,33888,33888,195756160,23424,23424,0,0,0,1644036,132,132,799276,0,0
14707,207163868,42937,42937,205519391,42496,42496,195789824,33664,33664,0,0,0,1644477,441,441,799310,34,34
14713,207215470,51602,51602,205570902,51511,51511,195832192,42368,42368,0,0,0,1644568,91,91,799310,0,0
14719,207275011,59541,59541,205630299,59397,59397,195883520,51328,51328,0,0,0,1644712,144,144,799310,0,0
14726,207342743,67732,67732,205697832,67533,67533,195942784,59264,59264,0,0,0,1644911,199,199,799384,74,74
14746,207417850,75107,75107,205769580,71748,71748,196010112,67328,67328,0,0,0,1648270,3359,3359,802490,3106,3106
14755,207505517,87667,87667,205856469,86889,86889,196081664,71552,71552,0,0,0,1649048,778,778,802540,50,50
14764,207600514,94997,94997,205947963,91494,91494,196168320,86656,86656,0,0,0,1652551,3503,3503,803574,1034,1034
14773,207696002,95488,95488,206043019,95056,95056,196259584,91264,91264,0,0,0,1652983,432,432,803654,80,80
14783,207792087,96085,96085,206138750,95731,95731,196354432,94848,94848,0,0,0,1653337,354,354,803691,37,37
14792,207889963,97876,97876,206235769,97019,97019,196450048,95616,95616,0,0,0,1654194,857,857,803961,270,270
14802,207988237,98274,98274,206333802,98033,98033,196546944,96896,96896,0,0,0,1654435,241,241,803983,22,22
14810,208096892,108655,108655,206437727,103925,103925,196644736,97792,97792,0,0,0,1659165,4730,4730,804499,516,516
14817,208210084,113192,113192,206548612,110885,110885,196748160,103424,103424,0,0,0,1661472,2307,2307,804948,449,449
14831,208323727,113643,113643,206661864,113252,113252,196858880,110720,110720,0,0,0,1661863,391,391,805076,128,128
14838,208448535,124808,124808,206786423,124559,124559,196971904,113024,113024,0,0,0,1662112,249,249,805101,25,25
14848,208574643,126108,126108,206911959,125536,125536,197096320,124416,124416,0,0,0,1662684,572,572,805278,177,177
14856,208703596,128953,128953,207040281,128322,128322,197221632,125312,125312,0,0,0,1663315,631,631,805638,360,360
14864,208836723,133127,133127,207173143,132862,132862,197349760,128128,128128,0,0,0,1663580,265,265,805732,94,94
14873,208977817,141094,141094,207312968,139825,139825,197482496,132736,132736,0,0,0,1664849,1269,1269,806248,516,516
14883,209119327,141510,141510,207454238,141270,141270,197622144,139648,139648,0,0,0,1665089,240,240,806298,50,50
14892,209266495,147168,147168,207601066,146828,146828,197763200,141056,141056,0,0,0,1665429,340,340,806369,71,71
14900,209419069,152574,152574,207753250,152184,152184,197909888,146688,146688,0,0,0,1665819,390,390,806394,25,25
14907,209577476,158407,158407,207908355,155105,155105,198061952,152064,152064,0,0,0,1669121,3302,3302,806446,52,52
14915,209738577,161101,161101,208066786,158431,158431,198216448,154496,154496,0,0,0,1671791,2670,2670,806962,516,516
14923,209901077,162500,162500,208227969,161183,161183,198374656,158208,158208,0,0,0,1673108,1317,1317,807326,364,364
14930,210064542,163465,163465,208391353,163384,163384,198535680,161024,161024,0,0,0,1673189,81,81,807337,11,11
14942,210229952,165410,165410,208555706,164353,164353,198698880,163200,163200,0,0,0,1674246,1057,1057,808181,844,844
14949,210400775,170823,170823,208726132,170426,170426,198863104,164224,164224,0,0,0,1674643,397,397,808375,194,194
14958,210573577,172802,172802,208898724,172592,172592,199033344,170240,170240,0,0,0,1674853,210,210,808427,52,52
14966,210752066,178489,178489,209077033,178309,178309,199205760,172416,172416,0,0,0,1675033,180,180,808477,50,50
14976,210935300,183234,183234,209259207,182174,182174,199383936,178176,178176,0,0,0,1676093,1060,1060,809365,888,888
14984,211122714,187414,187414,209446404,187197,187197,199565952,182016,182016,0,0,0,1676310,217,217,809399,34,34
14992,211314363,191649,191649,209637912,191508,191508,199752960,187008,187008,0,0,0,1676451,141,141,809413,14,14
15000,211514678,200315,200315,209837928,200016,200016,199944320,191360,191360,0,0,0,1676750,299,299,809460,47,47
15007,211718088,203410,203410,210040921,202993,202993,200144128,199808,199808,0,0,0,1677167,417,417,809788,328,328
15019,211929667,211579,211579,210250758,209837,209837,200346880,202752,202752,0,0,0,1678909,1742,1742,811340,1552,1552
15027,212147815,218148,218148,210468670,217912,217912,200556544,209664,209664,0,0,0,1679145,236,236,811422,82,82
15043,212370035,222220,222220,210688271,219601,219601,200774272,217728,217728,0,0,0,1681764,2619,2619,813877,2455,2455
15054,212601164,231129,231129,210916043,227772,227772,200993664,219392,219392,0,0,0,1685121,3357,3357,814594,717,717
15061,212832436,231272,231272,211147201,231158,231158,201221248,227584,227584,0,0,0,1685235,114,114,814626,32,32
15069,213065225,232789,232789,211379232,232031,232031,201452160,230912,230912,0,0,0,1685993,758,758,814745,119,119
15081,213299331,234106,234106,211612134,232902,232902,201683968,231808,231808,0,0,0,1687197,1204,1204,815807,1062,1062
15089,213540567,241236,241236,211853023,240889,240889,201916672,232704,232704,0,0,0,1687544,347,347,816019,212,212
15095,213540567,13948,0,211853023,0,0,201916672,0,0,0,0,0,1687544,0,0,816019,0,0
15107,213562581,22014,22014,211874767,21744,21744,201928576,11904,11904,0,0,0,1687814,270,270,816041,22,22
15116,213593924,31343,31343,211905951,31184,31184,201950080,21504,21504,0,0,0,1687973,159,159,816075,34,34
15124,213636380,42456,42456,211948068,42117,42117,201961984,11904,11904,0,0,0,1688312,339,339,816156,81,81
15134,213683116,46736,46736,211994561,46493,46493,202003968,41984,41984,0,0,0,1688555,243,243,816174,18,18
15145,213736598,53482,53482,212047822,53261,53261,202050304,46336,46336,0,0,0,1688776,221,221,816192,18,18
15154,213796091,59493,59493,212106864,59042,59042,202103424,53120,53120,0,0,0,1689227,451,451,816493,301,301
15165,213861475,65384,65384,212171286,64422,64422,202162304,58880,58880,0,0,0,1690189,962,962,817293,800,800
15175,213937989,76514,76514,212247161,75875,75875,202226560,64256,64256,0,0,0,1690828,639,639,817691,398,398
15189,214023414,85425,85425,212331765,84604,84604,202302208,75648,75648,0,0,0,1691649,821,821,818227,536,536
15199,214114665,91251,91251,212421440,89675,89675,202386688,84480,84480,0,0,0,1693225,1576,1576,818981,754,754
15209,214214091,99426,99426,212520658,99218,99218,202476160,89472,89472,0,0,0,1693433,208,208,819014,33,33
15216,214318116,104025,104025,212624373,103715,103715,202575232,99072,99072,0,0,0,1693743,310,310,819067,53,53
15224,214427746,109630,109630,212733454,109081,109081,202678784,103552,103552,0,0,0,1694292,549,549,819271,204,204
15233,214546499,118753,118753,212851881,118427,118427,202787712,108928,108928,0,0,0,1694618,326,326,819332,61,61
15245,214675646,129147,129147,212980939,129058,129058,202905984,118272,118272,0,0,0,1694707,89,89,819343,11,11
15260,214819333,143687,143687,213123117,142178,142178,203034880,128896,128896,0,0,0,1696216,1509,1509,820640,1297,1297
15267,214968162,148829,148829,213267818,144701,144701,203176576,141696,141696,0,0,0,1700344,4128,4128,820650,10,10
15275,215119238,151076,151076,213416671,148853,148853,203321088,144512,144512,0,0,0,1702567,2223,2223,821166,516,516
15285,215271108,151870,151870,213567985,151314,151314,203469824,148736,148736,0,0,0,1703123,556,556,821419,253,253
15295,215424683,153575,153575,213721005,153020,153020,203620992,151168,151168,0,0,0,1703678,555,555,821804,385,385
15302,215582073,157390,157390,213878109,157104,157104,203773824,152832,152832,0,0,0,1703964,286,286,822022,218,218
15310,215743408,161335,161335,214038421,160312,160312,203930752,156928,156928,0,0,0,1704987,1023,1023,822267,245,245
15320,215905426,162018,162018,214199820,161399,161399,204090880,160128,160128,0,0,0,1705606,619,619,822783,516,516
15327,216080422,174996,174996,214371259,171439,171439,204252160,161280,161280,0,0,0,1709163,3557,3557,823024,241,241
15337,216257319,176897,176897,214546279,175020,175020,204423040,170880,170880,0,0,0,1711040,1877,1877,823378,354,354
15346,216434615,177296,177296,214723288,177009,177009,204597888,174848,174848,0,0,0,1711327,287,287,823449,71,71
15355,216613507,178892,178892,214900836,177548,177548,204774784,176896,176896,0,0,0,1712671,1344,1344,823750,301,301
15366,216793284,179777,179777,215079848,179012,179012,204952192,177408,177408,0,0,0,1713436,765,765,824104,354,354
15374,216974056,180772,180772,215260512,180664,180664,205131008,178816,178816,0,0,0,1713544,108,108,824111,7,7
15382,217156601,182545,182545,215442503,181991,181991,205311488,180480,180480,0,0,0,1714098,554,554,824446,335,335
15391,217348121,191520,191520,215633716,191213,191213,205493376,181888,181888,0,0,0,1714405,307,307,824504,58,58
15402,217548664,200543,200543,215832676,198960,198960,205684480,191104,191104,0,0,0,1715988,1583,1583,825995,1491,1491
15412,217757368,208704,208704,216041159,208483,208483,205883264,198784,198784,0,0,0,1716209,221,221,826020,25,25
15419,217977536,220168,220168,216261137,219978,219978,206091520,208256,208256,0,0,0,1716399,190,190,826065,45,45
15428,218206916,229380,229380,216489839,228702,228702,206311296,219776,219776,0,0,0,1717077,678,678,826670,605,605
15436,218444409,237493,237493,216727018,237179,237179,206539776,228480,228480,0,0,0,1717391,314,314,826806,136,136
15444,218686002,241593,241593,216968029,241011,241011,206776832,237056,237056,0,0,0,1717973,582,582,827255,449,449
15450,218686002,13377,0,216968029,0,0,206776832,0,0,0,0,0,1717973,0,0,827255,0,0
15456,218707074,21072,21072,216989042,21013,21013,206788736,11904,11904,0,0,0,1718032,59,59,827255,0,0
15467,218729008,21934,21934,217010581,21539,21539,206809600,20864,20864,0,0,0,1718427,395,395,827336,81,81
15476,218759938,30930,30930,217041216,30635,30635,206830976,21376,21376,0,0,0,1718722,295,295,827463,127,127
15484,218800406,40468,40468,217081524,40308,40308,206861440,30464,30464,0,0,0,1718882,160,160,827498,35,35
15492,218849407,49001,49001,217130144,48620,48620,206901632,40192,40192,0,0,0,1719263,381,381,827796,298,298
15504,218906952,57545,57545,217186458,56314,56314,206950016,48384,48384,0,0,0,1720494,1231,1231,828830,1034,1034
15512,218975874,68922,68922,217255191,68733,68733,207006208,56192,56192,0,0,0,1720683,189,189,828877,47,47
15518,219045940,70066,70066,217324391,69200,69200,207074816,68608,68608,0,0,0,1721549,866,866,828877,0,0
15527,219118380,72440,72440,217396677,72286,72286,207143808,68992,68992,0,0,0,1721703,154,154,828911,34,34
15535,219200545,82165,82165,217478259,81582,81582,207216000,72192,72192,0,0,0,1722286,583,583,829378,467,467
15551,219294335,93790,93790,217568656,90397,90397,207297408,81408,81408,0,0,0,1725679,3393,3393,831065,1687,1687
15560,219389344,95009,95009,217662630,93974,93974,207387648,90240,90240,0,0,0,1726714,1035,1035,831581,516,516
15567,219493758,104414,104414,217766718,104088,104088,207481472,93824,93824,0,0,0,1727040,326,326,831791,210,210
15574,219606622,112864,112864,217878997,112279,112279,207585408,103936,103936,0,0,0,1727625,585,585,832256,465,465
15581,219727703,121081,121081,217999480,120483,120483,207697536,112128,112128,0,0,0,1728223,598,598,832750,494,494
15591,219857902,130199,130199,218128568,129088,129088,207817856,120320,120320,0,0,0,1729334,1111,1111,833624,874,874
15599,219997213,139311,139311,218267675,139107,139107,207946752,128896,128896,0,0,0,1729538,204,204,833632,8,8
15606,220136792,139579,139579,218407157,139482,139482,208085760,139008,139008,0,0,0,1729635,97,97,833652,20,20
15614,220284640,147848,147848,218554718,147561,147561,208225024,139264,139264,0,0,0,1729922,287,287,833667,15,15
15624,220441313,156673,156673,218710986,156268,156268,208372480,147456,147456,0,0,0,1730327,405,405,833710,43,43
15632,220607244,165931,165931,218876357,165371,165371,208528640,156160,156160,0,0,0,1730887,560,560,833976,266,266
15640,220781733,174489,174489,219050187,173830,173830,208693888,165248,165248,0,0,0,1731546,659,659,834472,496,496
15648,220968083,186350,186350,219236337,186150,186150,208867584,173696,173696,0,0,0,1731746,200,200,834568,96,96
15656,221165432,197349,197349,219432964,196627,196627,209053568,185984,185984,0,0,0,1732468,722,722,835084,516,516
15663,221365834,200402,200402,219633146,200182,200182,209250048,196480,196480,0,0,0,1732688,220,220,835105,21,21
15678,221572708,206874,206874,219838061,204915,204915,209450112,200064,200064,0,0,0,1734647,1959,1959,836918,1813,1813
15685,221788612,215904,215904,220053426,215365,215365,209654912,204800,204800,0,0,0,1735186,539,539,837057,139,139
15695,222004893,216281,216281,220269429,216003,216003,209870080,215168,215168,0,0,0,1735464,278,278,837074,17,17
15706,222227877,222984,222984,220491293,221864,221864,210085888,215808,215808,0,0,0,1736584,1120,1120,838075,1001,1001
15719,222460231,232354,232354,220719564,228271,228271,210307200,221312,221312,0,0,0,1740667,4083,4083,839424,1349,1349
15732,222695332,235101,235101,220951978,232414,232414,210534912,227712,227712,0,0,0,1743354,2687,2687,840458,1034,1034
15740,222936573,241241,241241,221193083,241105,241105,210767104,232192,232192,0,0,0,1743490,136,136,840540,82,82
15748,223178659,242086,242086,221434749,241666,241666,211008128,241024,241024,0,0,0,1743910,420,420,840671,131,131
15758,223422905,244246,244246,221676925,242176,242176,211249664,241536,241536,0,0,0,1745980,2070,2070,841187,516,516
15764,223422905,13113,0,221676925,0,0,211249664,0,0,0,0,0,1745980,0,0,841187,0,0
15774,223443934,21029,21029,221697750,20825,20825,211261568,11904,11904,0,0,0,1746184,204,204,841215,28,28
15780,223465890,21956,21956,221719525,21775,21775,211282176,20608,20608,0,0,0,1746365,181,181,841215,0,0
15788,223491187,25297,25297,221744583,25058,25058,211303808,21632,21632,0,0,0,1746604,239,239,841230,15,15
15799,223520301,29114,29114,221773073,28490,28490,211328640,24832,24832,0,0,0,1747228,624,624,841391,161,161
15806,223552162,31861,31861,221804677,31604,31604,211356928,28288,28288,0,0,0,1747485,257,257,841436,45,45
15816,223593822,41660,41660,221845928,41251,41251,211388416,31488,31488,0,0,0,1747894,409,409,841446,10,10
15828,223644593,50771,50771,221896378,50450,50450,211429504,41088,41088,0,0,0,1748215,321,321,841505,59,59
15840,223703638,59045,59045,221955095,58717,58717,211479808,50304,50304,0,0,0,1748543,328,328,841596,91,91
15847,223780270,76632,76632,222027351,72256,72256,211538048,58240,58240,0,0,0,1752919,4376,4376,841746,150,150
15860,223858779,78509,78509,222104008,76657,76657,211609856,71808,71808,0,0,0,1754771,1852,1852,841864,118,118
15869,223938816,80037,80037,222183369,79361,79361,211686400,76544,76544,0,0,0,1755447,676,676,841974,110,110
15877,224020037,81221,81221,222264436,81067,81067,211765632,79232,79232,0,0,0,1755601,154,154,841997,23,23
15884,224108266,88229,88229,222352550,88114,88114,211846528,80896,80896,0,0,0,1755716,115,115,842021,24,24
15891,224198591,90325,90325,222442756,90206,90206,211934464,87936,87936,0,0,0,1755835,119,119,842041,20,20
15902,224297639,99048,99048,222540620,97864,97864,212024576,90112,90112,0,0,0,1757019,1184,1184,843075,1034,1034
15909,224404823,107184,107184,222647205,106585,106585,212122240,97664,97664,0,0,0,1757618,599,599,843591,516,516
15917,224520526,115703,115703,222762251,115046,115046,212228736,106496,106496,0,0,0,1758275,657,657,844107,516,516
15932,224649459,128933,128933,222888917,126666,126666,212343680,114944,114944,0,0,0,1760542,2267,2267,846284,2177,2177
15939,224786577,137118,137118,223025748,136831,136831,212470144,126464,126464,0,0,0,1760829,287,287,846486,202,202
15952,224932586,146009,146009,223170777,145029,145029,212606848,136704,136704,0,0,0,1761809,980,980,847227,741,741
15959,225092048,159462,159462,223327784,157007,157007,212751744,144896,144896,0,0,0,1764264,2455,2455,847384,157,157
15967,225251711,159663,159663,223487268,159484,159484,212908672,156928,156928,0,0,0,1764443,179,179,847406,22,22
15976,225420165,168454,168454,223655035,167767,167767,213068032,159360,159360,0,0,0,1765130,687,687,847757,351,351
15984,225598156,177991,177991,223832335,177300,177300,213235712,167680,167680,0,0,0,1765821,691,691,847774,17,17
15991,225776539,178383,178383,224010529,178194,178194,213412864,177152,177152,0,0,0,1766010,189,189,847827,53,53
15998,225965147,188608,188608,224198909,188380,188380,213590912,178048,178048,0,0,0,1766238,228,228,847982,155,155
16010,226160885,195738,195738,224393786,194877,194877,213779200,188288,188288,0,0,0,1767099,861,861,848582,600,600
16018,226367805,206920,206920,224598785,204999,204999,213974016,194816,194816,0,0,0,1769020,1921,1921,848783,201,201
16026,226575570,207765,207765,224806218,207433,207433,214178944,204928,204928,0,0,0,1769352,332,332,848956,173,173
16037,226789191,213621,213621,225017794,211576,211576,214386304,207360,207360,0,0,0,1771397,2045,2045,849990,1034,1034
16046,227003164,213973,213973,225231548,213754,213754,214597760,211456,211456,0,0,0,1771616,219,219,850052,62,62
16055,227219462,216298,216298,225447081,215533,215533,214811392,213632,213632,0,0,0,1772381,765,765,850217,165,165
16065,227437915,218453,218453,225664499,217418,217418,215026816,215424,215424,0,0,0,1773416,1035,1035,851156,939,939
16076,227657868,219953,219953,225883354,218855,218855,215244160,217344,217344,0,0,0,1774514,1098,1098,851495,339,339
16089,227882137,224269,224269,226106143,222789,222789,215462912,218752,218752,0,0,0,1775994,1480,1480,852803,1308,1308
16097,228108523,226386,226386,226331508,225365,225365,215685120,222208,222208,0,0,0,1777015,1021,1021,853300,497,497
16109,228336619,228096,228096,226559097,227589,227589,215910272,225152,225152,0,0,0,1777522,507,507,853638,338,338
16116,228567317,230698,230698,226788701,229604,229604,216137728,227456,227456,0,0,0,1778616,1094,1094,853871,233,233
16128,228799449,232132,232132,227019461,230760,230760,216367104,229376,229376,0,0,0,1779988,1372,1372,855123,1252,1252
16136,229040136,240687,240687,227260019,240558,240558,216597632,230528,230528,0,0,0,1780117,129,129,855139,16,16
16142,229040136,13428,0,227260019,0,0,216597632,0,0,0,0,0,1780117,0,0,855139,0,0
16153,229061757,21621,21621,227281380,21361,21361,216609536,11904,11904,0,0,0,1780377,260,260,855165,26,26
16161,229089406,27649,27649,227308745,27365,27365,216630656,21120,21120,0,0,0,1780661,284,284,855213,48,48
16169,229120588,31182,31182,227339727,30982,30982,216657792,27136,27136,0,0,0,1780861,200,200,855245,32,32
16177,229159856,39268,39268,227378721,38994,38994,216688640,30848,30848,0,0,0,1781135,274,274,855281,36,36
16189,229205751,45895,45895,227424101,45380,45380,216727424,38784,38784,0,0,0,1781650,515,515,855437,156,156
16197,229254579,48828,48828,227472829,48728,48728,216772608,45184,45184,0,0,0,1781750,100,100,855437,0,0
16204,229313692,59113,59113,227531791,58962,58962,216821120,48512,48512,0,0,0,1781901,151,151,855503,66,66
16211,229385529,71837,71837,227600067,68276,68276,216879488,58368,58368,0,0,0,1785462,3561,3561,856019,516,516
16220,229458385,72856,72856,227671929,71862,71862,216947712,68224,68224,0,0,0,1786456,994,994,856208,189,189
16230,229541260,82875,82875,227753903,81974,81974,217019520,71808,71808,0,0,0,1787357,901,901,856229,21,21
16239,229634272,93012,93012,227846606,92703,92703,217101440,81920,81920,0,0,0,1787666,309,309,856239,10,10
16247,229741945,107673,107673,227953555,106949,106949,217194112,92672,92672,0,0,0,1788390,724,724,856755,516,516
16255,229860268,118323,118323,228071498,117943,117943,217300992,106880,106880,0,0,0,1788770,380,380,856796,41,41
16267,229989685,129417,129417,228200173,128675,128675,217418880,117888,117888,0,0,0,1789512,742,742,857312,516,516
16278,230131003,141318,141318,228339260,139087,139087,217547520,128640,128640,0,0,0,1791743,2231,2231,858346,1034,1034
16286,230281043,150040,150040,228488644,149384,149384,217686528,139008,139008,0,0,0,1792399,656,656,858862,516,516
16293,230437130,156087,156087,228644134,155490,155490,217835776,149248,149248,0,0,0,1792996,597,597,859378,516,516
16301,230601946,164816,164816,228808143,164009,164009,217991168,155392,155392,0,0,0,1793803,807,807,859894,516,516
16314,230779678,177732,177732,228983712,175569,175569,218155008,163840,163840,0,0,0,1795966,2163,2163,861964,2070,2070
16327,230966172,186494,186494,229169203,185491,185491,218330496,175488,175488,0,0,0,1796969,1003,1003,862683,719,719
16334,231164093,197921,197921,229366989,197786,197786,218515840,185344,185344,0,0,0,1797104,135,135,862746,63,63
16342,231372257,208164,208164,229574949,207960,207960,218713472,197632,197632,0,0,0,1797308,204,204,862795,49,49
16351,231591288,219031,219031,229793045,218096,218096,218921344,207872,207872,0,0,0,1798243,935,935,863440,645,645
16361,231813833,222545,222545,230014753,221708,221708,219139328,217984,217984,0,0,0,1799080,837,837,864070,630,630
16369,232043777,229944,229944,230243954,229201,229201,219360896,221568,221568,0,0,0,1799823,743,743,864575,505,505
16388,232280581,236804,236804,230478186,234232,234232,219590016,229120,229120,0,0,0,1802395,2572,2572,866990,2415,2415
16394,232280581,13116,0,230478186,0,0,219590016,0,0,0,0,0,1802395,0,0,866990,0,0
16400,232301280,20699,20699,230498826,20640,20640,219601920,11904,11904,0,0,0,1802454,59,59,866990,0,0
16411,232322707,21427,21427,230519993,21167,21167,219622400,20480,20480,0,0,0,1802714,260,260,867016,26,26
16420,232346569,23862,23862,230543581,23588,23588,219643392,20992,20992,0,0,0,1802988,274,274,867041,25,25
16428,232378329,31760,31760,230575168,31587,31587,219666816,23424,23424,0,0,0,1803161,173,173,867071,30,30
16437,232422652,44323,44323,230617400,42232,42232,219698176,31360,31360,0,0,0,1805252,2091,2091,867094,23,23
16445,232467792,45140,45140,230661747,44347,44347,219740288,42112,42112,0,0,0,1806045,793,793,867189,95,95
16455,232514228,46436,46436,230707730,45983,45983,219784448,44160,44160,0,0,0,1806498,453,453,867196,7,7
16463,232561273,47045,47045,230754625,46895,46895,219830272,45824,45824,0,0,0,1806648,150,150,867216,20,20
16471,232618901,57628,57628,230811965,57340,57340,219876992,46720,46720,0,0,0,1806936,288,288,867248,32,32
16483,232686269,67368,67368,230878116,66151,66151,219934208,57216,57216,0,0,0,1808153,1217,1217,868330,1082,1082
16492,232764937,78668,78668,230956202,78086,78086,220000128,65920,65920,0,0,0,1808735,582,582,868751,421,421
16497,232843755,78818,78818,231034961,78759,78759,220078080,77952,77952,0,0,0,1808794,59,59,868751,0,0
16502,232922877,79122,79122,231114000,79039,79039,220156672,78592,78592,0,0,0,1808877,83,83,868751,0,0
16512,233007434,84557,84557,231197443,83443,83443,220235520,78848,78848,0,0,0,1809991,1114,1114,869716,965,965
16519,233102258,94824,94824,231292188,94745,94745,220318848,83328,83328,0,0,0,1810070,79,79,869737,21,21
16532,233202330,100072,100072,231390499,98311,98311,220413440,94592,94592,0,0,0,1811831,1761,1761,871426,1689,1689
16539,233307152,104822,104822,231495244,104745,104745,220511616,98176,98176,0,0,0,1811908,77,77,871451,25,25
16546,233413847,106695,106695,231601748,106504,106504,220616192,104576,104576,0,0,0,1812099,191,191,871589,138,138
16553,233525736,111889,111889,231713135,111387,111387,220722560,106368,106368,0,0,0,1812601,502,502,872017,428,428
16560,233638503,112767,112767,231825841,112706,112706,220833792,111232,111232,0,0,0,1812662,61,61,872033,16,16
16568,233753278,114775,114775,231939052,113211,113211,220946304,112512,112512,0,0,0,1814226,1564,1564,872174,141,141
16577,233868448,115170,115170,232053888,114836,114836,221059328,113024,113024,0,0,0,1814560,334,334,872186,12,12
16584,233987713,119265,119265,232172298,118410,118410,221174016,114688,114688,0,0,0,1815415,855,855,872528,342,342
16591,234109658,121945,121945,232294010,121712,121712,221292288,118272,118272,0,0,0,1815648,233,233,872581,53,53
16602,234232964,123306,123306,232416388,122378,122378,221413888,121600,121600,0,0,0,1816576,928,928,873395,814,814
16618,234361584,128620,128620,232542558,126170,126170,221536128,122240,122240,0,0,0,1819026,2450,2450,875717,2322,2322
16626,234500435,138851,138851,232681042,138484,138484,221662208,126080,126080,0,0,0,1819393,367,367,875808,91,91
16634,234648015,147580,147580,232828059,147017,147017,221800576,138368,138368,0,0,0,1819956,563,563,876264,456,456
16641,234804027,156012,156012,232983932,155873,155873,221947392,146816,146816,0,0,0,1820095,139,139,876311,47,47
16650,234962654,158627,158627,233140492,156560,156560,222103168,155776,155776,0,0,0,1822162,2067,2067,877114,803,803
16658,235121582,158928,158928,233299143,158651,158651,222259584,156416,156416,0,0,0,1822439,277,277,877209,95,95
16667,235282223,160641,160641,233459175,160032,160032,222418048,158464,158464,0,0,0,1823048,609,609,877699,490,490
16675,235445107,162884,162884,233620199,161024,161024,222577920,159872,159872,0,0,0,1824908,1860,1860,877960,261,261
16685,235608887,163780,163780,233783204,163005,163005,222738816,160896,160896,0,0,0,1825683,775,775,877975,15,15
16692,235773187,164300,164300,233947364,164160,164160,222901632,162816,162816,0,0,0,1825823,140,140,878033,58,58
16706,235949443,176256,176256,234121798,174434,174434,223065600,163968,163968,0,0,0,1827645,1822,1822,879702,1669,1669
16714,236136538,187095,187095,234308673,186875,186875,223239936,174336,174336,0,0,0,1827865,220,220,879735,33,33
16724,236335979,199441,199441,234506647,197974,197974,223426688,186752,186752,0,0,0,1829332,1467,1467,880848,1113,1113
16732,236536091,200112,200112,234706153,199506,199506,223624576,197888,197888,0,0,0,1829938,606,606,881359,511,511
16746,236746541,210450,210450,234914611,208458,208458,223824000,199424,199424,0,0,0,1831930,1992,1992,883200,1841,1841
16753,236965073,218532,218532,235132981,218370,218370,224032256,208256,208256,0,0,0,1832092,162,162,883283,83,83
16763,237189805,224732,224732,235356736,223755,223755,224250496,218240,218240,0,0,0,1833069,977,977,884032,749,749
16771,237425773,235968,235968,235592331,235595,235595,224474112,223616,223616,0,0,0,1833442,373,373,884306,274,274
16796,237674900,249127,249127,235836997,244666,244666,224709504,235392,235392,0,0,0,1837903,4461,4461,888544,4238,4238
16802,237674900,14260,0,235836997,0,0,224709504,0,0,0,0,0,1837903,0,0,888544,0,0
16812,237696927,22027,22027,235858843,21846,21846,224721408,11904,11904,0,0,0,1838084,181,181,888578,34,34
16819,237719861,22934,22934,235881580,22737,22737,224743040,21632,21632,0,0,0,1838281,197,197,888578,0,0
16827,237748345,28484,28484,235909460,27880,27880,224765568,22528,22528,0,0,0,1838885,604,604,888968,390,390
16834,237786959,38614,38614,235947016,37556,37556,224793216,27648,27648,0,0,0,1839943,1058,1058,889002,34,34
16845,237825887,38928,38928,235985687,38671,38671,224830592,37376,37376,0,0,0,1840200,257,257,889021,19,19
16852,237877368,51481,51481,236037085,51398,51398,224869120,38528,38528,0,0,0,1840283,83,83,889046,25,25
16861,237933042,55674,55674,236092505,55420,55420,224920320,51200,51200,0,0,0,1840537,254,254,889068,22,22
16870,237999735,66693,66693,236158743,66238,66238,224975616,55296,55296,0,0,0,1840992,455,455,889254,186,186
16878,238078819,79084,79084,236237281,78538,78538,225041664,66048,66048,0,0,0,1841538,546,546,889590,336,336
16892,238169889,91070,91070,236327027,89746,89746,225120000,78336,78336,0,0,0,1842862,1324,1324,890624,1034,1034
16905,238273111,103222,103222,236428691,101664,101664,225209600,89600,89600,0,0,0,1844420,1558,1558,891954,1330,1330
16914,238382581,109470,109470,236537651,108960,108960,225311104,101504,101504,0,0,0,1844930,510,510,892284,330,330
16924,238501510,118929,118929,236655721,118070,118070,225419904,108800,108800,0,0,0,1845789,859,859,892848,564,564
16932,238625662,124152,124152,236779697,123976,123976,225537792,117888,117888,0,0,0,1845965,176,176,892884,36,36
16939,238757631,131969,131969,236911350,131653,131653,225661568,123776,123776,0,0,0,1846281,316,316,893052,168,168
16949,238895979,138348,138348,237048959,137609,137609,225793024,131456,131456,0,0,0,1847020,739,739,893595,543,543
16961,239040872,144893,144893,237192799,143840,143840,225930496,137472,137472,0,0,0,1848073,1053,1053,894265,670,670
16974,239193168,152296,152296,237343447,150648,150648,226074240,143744,143744,0,0,0,1849721,1648,1648,895817,1552,1552
16982,239355238,162070,162070,237504273,160826,160826,226224768,150528,150528,0,0,0,1850965,1244,1244,895839,22,22
16989,239524342,169104,169104,237670525,166252,166252,226385024,160256,160256,0,0,0,1853817,2852,2852,896251,412,412
16997,239693917,169575,169575,237839723,169198,169198,226551168,166144,166144,0,0,0,1854194,377,377,896390,139,139
17005,239871186,177269,177269,238013494,173771,173771,226720256,169088,169088,0,0,0,1857692,3498,3498,897234,844,844
17016,240049746,178560,178560,238190821,177327,177327,226893824,173568,173568,0,0,0,1858925,1233,1233,898233,999,999
17026,240234749,185003,185003,238375181,184360,184360,227070976,177152,177152,0,0,0,1859568,643,643,898552,319,319
17034,240426851,192102,192102,238567072,191891,191891,227255168,184192,184192,0,0,0,1859779,211,211,898566,14,14
17041,240629407,202556,202556,238767010,199938,199938,227446912,191744,191744,0,0,0,1862397,2618,2618,899082,516,516
17048,240834367,204960,204960,238971677,204667,204667,227646720,199808,199808,0,0,0,1862690,293,293,899309,227,227
17056,241042880,208513,208513,239179497,207820,207820,227851264,204544,204544,0,0,0,1863383,693,693,899608,299,299
17063,241256577,213697,213697,239390907,211410,211410,228058880,207616,207616,0,0,0,1865670,2287,2287,899679,71,71
17070,241470789,214212,214212,239604679,213772,213772,228269696,210816,210816,0,0,0,1866110,440,440,899846,167,167
17079,241686305,215516,215516,239819879,215200,215200,228483328,213632,213632,0,0,0,1866426,316,316,899912,66,66
17092,241911977,225672,225672,240043574,223695,223695,228698368,215040,215040,0,0,0,1868403,1977,1977,901754,1842,1842
17105,242144646,232669,232669,240274212,230638,230638,228921984,223616,223616,0,0,0,1870434,2031,2031,903623,1869,1869
17116,242383739,239093,239093,240511195,236983,236983,229152512,230528,230528,0,0,0,1872544,2110,2110,904779,1156,1156
17131,242629102,245363,245363,240750452,239257,239257,229389440,236928,236928,0,0,0,1878650,6106,6106,906423,1644,1644
17137,242629102,12604,0,240750452,0,0,229389440,0,0,0,0,0,1878650,0,0,906423,0,0
17149,242649949,20847,20847,240771081,20629,20629,229401344,11904,11904,0,0,0,1878868,218,218,906449,26,26
17156,242677663,27714,27714,240798585,27504,27504,229421824,20480,20480,0,0,0,1879078,210,210,906473,24,24
17162,242705609,27946,27946,240826405,27820,27820,229449088,27264,27264,0,0,0,1879204,126,126,906473,0,0
17167,242736315,30706,30706,240857056,30651,30651,229476736,27648,27648,0,0,0,1879259,55,55,906473,0,0
17172,242767147,30832,30832,240887825,30769,30769,229507200,30464,30464,0,0,0,1879322,63,63,906473,0,0
17177,242800706,33559,33559,240921323,33498,33498,229537792,30592,30592,0,0,0,1879383,61,61,906473,0,0
17186,242835750,35044,35044,240956009,34686,34686,229571072,33280,33280,0,0,0,1879741,358,358,906490,17,17
17194,242881601,45851,45851,241001804,45795,45795,229605632,34560,34560,0,0,0,1879797,56,56,906490,0,0
17206,242934780,53179,53179,241054862,53058,53058,229651200,45568,45568,0,0,0,1879918,121,121,906497,7,7
17216,242995320,60540,60540,241115248,60386,60386,229703808,52608,52608,0,0,0,1880072,154,154,906528,31,31
17223,243068981,73661,73661,241187846,72598,72598,229763840,60032,60032,0,0,0,1881135,1063,1063,906708,180,180
17229,243142920,73939,73939,241261531,73685,73685,229836288,72448,72448,0,0,0,1881389,254,254,906744,36,36
17237,243217307,74387,74387,241335530,73999,73999,229909888,73600,73600,0,0,0,1881777,388,388,907042,298,298
17244,243293476,76169,76169,241411560,76030,76030,229983744,73856,73856,0,0,0,1881916,139,139,907076,34,34
17253,243370427,76951,76951,241488227,76667,76667,230059648,75904,75904,0,0,0,1882200,284,284,907121,45,45
17260,243452182,81755,81755,241566065,77838,77838,230136192,76544,76544,0,0,0,1886117,3917,3917,907191,70,70
17268,243534239,82057,82057,241647842,81777,81777,230213888,77696,77696,0,0,0,1886397,280,280,907279,88,88
17280,243616555,82316,82316,241729994,82152,82152,230295552,81664,81664,0,0,0,1886561,164,164,907286,7,7
17287,243704892,88337,88337,241817985,87991,87991,230377600,82048,82048,0,0,0,1886907,346,346,907444,158,158
17296,243794777,89885,89885,241906832,88847,88847,230465152,87552,87552,0,0,0,1887945,1038,1038,908062,618,618
17308,243886431,91654,91654,241996788,89956,89956,230553856,88704,88704,0,0,0,1889643,1698,1698,908555,493,493
17315,243979179,92748,92748,242088661,91873,91873,230643712,89856,89856,0,0,0,1890518,875,875,908842,287,287
17323,244072196,93017,93017,242181470,92809,92809,230735488,91776,91776,0,0,0,1890726,208,208,908917,75,75
17330,244172342,100146,100146,242281005,99535,99535,230828160,92672,92672,0,0,0,1891337,611,611,909433,516,516
17337,244280014,107672,107672,242384562,103557,103557,230927616,99456,99456,0,0,0,1895452,4115,4115,909879,446,446
17346,244388183,108169,108169,242492257,107695,107695,231031040,103424,103424,0,0,0,1895926,474,474,910165,286,286
17354,244497549,109366,109366,242601066,108809,108809,231138560,107520,107520,0,0,0,1896483,557,557,910622,457,457
17362,244609716,112167,112167,242711768,110702,110702,231247232,108672,108672,0,0,0,1897948,1465,1465,910636,14,14
17369,244723695,113979,113979,242824021,112253,112253,231357824,110592,110592,0,0,0,1899674,1726,1726,910719,83,83
17376,244838021,114326,114326,242938105,114084,114084,231469952,112128,112128,0,0,0,1899916,242,242,910774,55,55
17386,244953389,115368,115368,243053001,114896,114896,231583872,113920,113920,0,0,0,1900388,472,472,910927,153,153
17393,245080888,127499,127499,243180318,127317,127317,231698688,114816,114816,0,0,0,1900570,182,182,911015,88,88
17403,245214616,133728,133728,243313115,132797,132797,231825920,127232,127232,0,0,0,1901501,931,931,911809,794,794
17412,245353325,138709,138709,243450677,137562,137562,231958528,132608,132608,0,0,0,1902648,1147,1147,912843,1034,1034
17420,245500686,147361,147361,243597496,146819,146819,232096000,137472,137472,0,0,0,1903190,542,542,913257,414,414
17440,245663095,162409,162409,243756446,158950,158950,232242688,146688,146688,0,0,0,1906649,3459,3459,916580,3323,3323
17447,245834606,171511,171511,243927877,171431,171431,232401536,158848,158848,0,0,0,1906729,80,80,916591,11,11
17462,246010484,175878,175878,244101893,174016,174016,232572800,171264,171264,0,0,0,1908591,1862,1862,918243,1652,1652
17469,246194124,183640,183640,244284935,183042,183042,232746624,173824,173824,0,0,0,1909189,598,598,918759,516,516
17480,246386835,192711,192711,244475979,191044,191044,232929536,182912,182912,0,0,0,1910856,1667,1667,920311,1552,1552
17489,246586316,199481,199481,244674476,198497,198497,233120384,190848,190848,0,0,0,1911840,984,984,921128,817,817
17502,246792704,206388,206388,244878959,204483,204483,233318784,198400,198400,0,0,0,1913745,1905,1905,922928,1800,1800
17516,247006194,213490,213490,245090584,211625,211625,233523072,204288,204288,0,0,0,1915610,1865,1865,924543,1615,1615
17541,247230214,224020,224020,245309857,219273,219273,233734528,211456,211456,0,0,0,1920357,4747,4747,929022,4479,4479
17549,247455005,224791,224791,245534237,224380,224380,233953664,219136,219136,0,0,0,1920768,411,411,929078,56,56
17555,247680056,225051,225051,245759141,224904,224904,234177920,224256,224256,0,0,0,1920915,147,147,929078,0,0
17577,247915399,235343,235343,245990486,231345,231345,234402688,224768,224768,0,0,0,1924913,3998,3998,932935,3857,3857
17589,248161669,246270,246270,246235344,244858,244858,234633856,231168,231168,0,0,0,1926325,1412,1412,934135,1200,1200
17595,248161669,13617,0,246235344,0,0,234633856,0,0,0,0,0,1926325,0,0,934135,0,0
17605,248183016,21347,21347,246256461,21117,21117,234645760,11904,11904,0,0,0,1926555,230,230,934182,47,47
17612,248208141,25125,25125,246281226,24765,24765,234657664,11904,11904,0,0,0,1926915,360,360,934182,0,0
17620,248241896,33755,33755,246314369,33143,33143,234682240,24576,24576,0,0,0,1927527,612,612,934450,268,268
17630,248292812,50916,50916,246361990,47621,47621,234715264,33024,33024,0,0,0,1930822,3295,3295,934528,78,78
17638,248351427,58615,58615,246420104,58114,58114,234762752,47488,47488,0,0,0,1931323,501,501,934769,241,241
17646,248423095,71668,71668,246490899,70795,70795,234820736,57984,57984,0,0,0,1932196,873,873,935285,516,516
17655,248503498,80403,80403,246570934,80035,80035,234891392,70656,70656,0,0,0,1932564,368,368,935329,44,44
17665,248591774,88276,88276,246658716,87782,87782,234971264,79872,79872,0,0,0,1933058,494,494,935368,39,39
17677,248691519,99745,99745,246757971,99255,99255,235058816,87552,87552,0,0,0,1933548,490,490,935477,109,109
17687,248806606,115087,115087,246872765,114794,114794,235157888,99072,99072,0,0,0,1933841,293,293,935494,17,17
17695,248928478,121872,121872,246994178,121413,121413,235272192,114304,114304,0,0,0,1934300,459,459,935564,70,70
17703,249051059,122581,122581,247116507,122329,122329,235393152,120960,120960,0,0,0,1934552,252,252,935648,84,84
17711,249175157,124098,124098,247240362,123855,123855,235515392,122240,122240,0,0,0,1934795,243,243,935683,35,35
17719,249302156,126999,126999,247367186,126824,126824,235639168,123776,123776,0,0,0,1934970,175,175,935712,29,29
17731,249438208,136052,136052,247501857,134671,134671,235765888,126720,126720,0,0,0,1936351,1381,1381,936746,1034,1034
17740,249583951,145743,145743,247646249,144392,144392,235900032,134144,134144,0,0,0,1937702,1351,1351,937772,1026,1026
17747,249734031,150080,150080,247795894,149645,149645,236044288,144256,144256,0,0,0,1938137,435,435,937992,220,220
17758,249887875,153844,153844,247948437,152543,152543,236193792,149504,149504,0,0,0,1939438,1301,1301,938087,95,95
17769,250042037,154162,154162,248102498,154061,154061,236345728,151936,151936,0,0,0,1939539,101,101,938128,41,41
17781,250208465,166428,166428,248268348,165850,165850,236499584,153856,153856,0,0,0,1940117,578,578,938644,516,516
17796,250389808,181343,181343,248448800,180452,180452,236664960,165376,165376,0,0,0,1941008,891,891,939471,827,827
17809,250591962,202154,202154,248646498,197698,197698,236844928,179968,179968,0,0,0,1945464,4456,4456,940977,1506,1506
17817,250794492,202530,202530,248848710,202212,202212,237042560,197632,197632,0,0,0,1945782,318,318,941175,198,198
17832,251003268,208776,208776,249053145,204435,204435,237244672,202112,202112,0,0,0,1950123,4341,4341,943324,2149,2149
17841,251213972,210704,210704,249261991,208846,208846,237448960,204288,204288,0,0,0,1951981,1858,1858,943460,136,136
17849,251426057,212085,212085,249473069,211078,211078,237657728,208768,208768,0,0,0,1952988,1007,1007,943755,295,295
17856,251638371,212314,212314,249685247,212178,212178,237868672,210944,210944,0,0,0,1953124,136,136,943792,37,37
17870,251855042,216671,216671,249897881,212634,212634,238080768,212096,212096,0,0,0,1957161,4037,4037,945273,1481,1481
17880,252076053,221011,221011,250116895,219014,219014,238293248,212480,212480,0,0,0,1959158,1997,1997,946307,1034,1034
17888,252297666,221613,221613,250338258,221363,221363,238512128,218880,218880,0,0,0,1959408,250,250,946349,42,42
17897,252528719,231053,231053,250568587,230329,230329,238733312,221184,221184,0,0,0,1960132,724,724,946778,429,429
17906,252769668,240949,240949,250808348,239761,239761,238963456,230144,230144,0,0,0,1961320,1188,1188,947812,1034,1034
17912,252769668,13005,0,250808348,0,0,238963456,0,0,0,0,0,1961320,0,0,947812,0,0
17923,252790262,20594,20594,250828758,20410,20410,238975360,11904,11904,0,0,0,1961504,184,184,947857,45,45
17931,252812272,22010,22010,250850608,21850,21850,238995584,20224,20224,0,0,0,1961664,160,160,947857,0,0
17942,252841504,29232,29232,250879578,28970,28970,239017216,21632,21632,0,0,0,1961926,262,262,947950,93,93
17954,252881555,40051,40051,250919249,39671,39671,239029120,11904,11904,0,0,0,1962306,380,380,948020,70,70
17962,252925338,43783,43783,250962368,43119,43119,239068672,39552,39552,0,0,0,1962970,664,664,948536,516,516
17970,252971993,46655,46655,251008396,46028,46028,239111552,42880,42880,0,0,0,1963597,627,627,949052,516,516
17977,253027126,55133,55133,251063423,55027,55027,239157376,45824,45824,0,0,0,1963703,106,106,949067,15,15
17987,253091886,64760,64760,251126396,62973,62973,239212288,54912,54912,0,0,0,1965490,1787,1787,949583,516,516
17996,253157396,65510,65510,251191214,64818,64818,239275136,62848,62848,0,0,0,1966182,692,692,950099,516,516
18005,253232627,75231,75231,251265265,74051,74051,239339776,64640,64640,0,0,0,1967362,1180,1180,951133,1034,1034
18013,253309138,76511,76511,251340765,75500,75500,239413632,73856,73856,0,0,0,1968373,1011,1011,951183,50,50
18021,253385838,76700,76700,251417335,76570,76570,239488896,75264,75264,0,0,0,1968503,130,130,951217,34,34
18033,253469174,83336,83336,251499462,82127,82127,239565312,76416,76416,0,0,0,1969712,1209,1209,952225,1008,1008
18041,253561857,92683,92683,251591520,92058,92058,239647232,81920,81920,0,0,0,1970337,625,625,952741,516,516
18049,253663294,101437,101437,251692326,100806,100806,239739136,91904,91904,0,0,0,1970968,631,631,952783,42,42
18054,253767716,104422,104422,251796689,104363,104363,239839744,100608,100608,0,0,0,1971027,59,59,952783,0,0
18062,253880233,112517,112517,251909095,112406,112406,239943936,104192,104192,0,0,0,1971138,111,111,952811,28,28
18071,253996758,116525,116525,252025138,116043,116043,240056192,112256,112256,0,0,0,1971620,482,482,953161,350,350
18078,254122335,125577,125577,252150401,125263,125263,240172032,115840,115840,0,0,0,1971934,314,314,953298,137,137
18088,254249137,126802,126802,252276091,125690,125690,240297088,125056,125056,0,0,0,1973046,1112,1112,954332,1034,1034
18095,254381565,132428,132428,252408004,131913,131913,240422656,125568,125568,0,0,0,1973561,515,515,954644,312,312
18107,254514418,132853,132853,252540657,132653,132653,240554368,131712,131712,0,0,0,1973761,200,200,954654,10,10
18115,254655711,141293,141293,252681734,141077,141077,240686848,132480,132480,0,0,0,1973977,216,216,954781,127,127
18123,254801624,145913,145913,252825807,144073,144073,240827264,140416,140416,0,0,0,1975817,1840,1840,955246,465,465
18130,254948629,147005,147005,252971923,146116,146116,240970752,143488,143488,0,0,0,1976706,889,889,955323,77,77
18140,255095968,147339,147339,253118998,147075,147075,241116800,146048,146048,0,0,0,1976970,264,264,955355,32,32
18154,255245761,149793,149793,253267024,148026,148026,241263744,146944,146944,0,0,0,1978737,1767,1767,957050,1695,1695
18166,255398525,152764,152764,253417610,150586,150586,241411712,147968,147968,0,0,0,1980915,2178,2178,958506,1456,1456
18175,255551578,153053,153053,253570447,152837,152837,241562240,150528,150528,0,0,0,1981131,216,216,958610,104,104
18183,255706424,154846,154846,253724628,154181,154181,241714944,152704,152704,0,0,0,1981796,665,665,959102,492,492
18192,255862810,156386,156386,253880179,155551,155551,241869056,154112,154112,0,0,0,1982631,835,835,959326,224,224
18200,256020394,157584,157584,254036660,156481,156481,242024576,155520,155520,0,0,0,1983734,1103,1103,959445,119,119
18209,256179922,159528,159528,254194777,158117,158117,242180992,156416,156416,0,0,0,1985145,1411,1411,959869,424,424
18217,256339798,159876,159876,254354509,159732,159732,242339072,158080,158080,0,0,0,1985289,144,144,959925,56,56
18225,256501170,161372,161372,254514980,160471,160471,242498688,159616,159616,0,0,0,1986190,901,901,960230,305,305
18236,256664217,163047,163047,254676462,161482,161482,242659072,160384,160384,0,0,0,1987755,1565,1565,960608,378,378
18244,256829164,164947,164947,254841301,164839,164839,242820480,161408,161408,0,0,0,1987863,108,108,960653,45,45
18253,256996997,167833,167833,255008907,167606,167606,242985216,164736,164736,0,0,0,1988090,227,227,960683,30,30
18261,257166620,169623,169623,255178198,169291,169291,243152768,167552,167552,0,0,0,1988422,332,332,960899,216,216
18285,257344859,178239,178239,255351935,173737,173737,243321984,169216,169216,0,0,0,1992924,4502,4502,965262,4363,4363
18293,257531691,186832,186832,255538568,186633,186633,243495680,173696,173696,0,0,0,1993123,199,199,965324,62,62
18306,257728240,196549,196549,255733893,195325,195325,243682304,186624,186624,0,0,0,1994347,1224,1224,966411,1087,1087
18313,257933087,204847,204847,255938421,204528,204528,243877504,195200,195200,0,0,0,1994666,319,319,966630,219,219
18322,258147197,214110,214110,256151320,212899,212899,244081920,204416,204416,0,0,0,1995877,1211,1211,967645,1015,1015
18331,258366723,219526,219526,256369811,218491,218491,244294784,212864,212864,0,0,0,1996912,1035,1035,968593,948,948
18338,258594183,227460,227460,256597014,227203,227203,244513152,218368,218368,0,0,0,1997169,257,257,968755,162,162
18345,258832598,238415,238415,256835348,238334,238334,244740224,227072,227072,0,0,0,1997250,81,81,968783,28,28
18366,259076600,244002,244002,257075991,240643,240643,244978432,238208,238208,0,0,0,2000609,3359,3359,971886,3103,3103
18372,259076600,13180,0,257075991,0,0,244978432,0,0,0,0,0,2000609,0,0,971886,0,0
18384,259097605,21005,21005,257096735,20744,20744,244990336,11904,11904,0,0,0,2000870,261,261,971925,39,39
18395,259120158,22553,22553,257118973,22238,22238,245010944,20608,20608,0,0,0,2001185,315,315,971925,0,0
18405,259154078,33920,33920,257152584,33611,33611,245032960,22016,22016,0,0,0,2001494,309,309,972013,88,88
18419,259192442,38364,38364,257190550,37966,37966,245066368,33408,33408,0,0,0,2001892,398,398,972064,51,51
18427,259243892,51450,51450,257241751,51201,51201,245104128,37760,37760,0,0,0,2002141,249,249,972251,187,187
18433,259305520,61628,61628,257303122,61371,61371,245155200,51072,51072,0,0,0,2002398,257,257,972251,0,0
18442,259367920,62400,62400,257365382,62260,62260,245216384,61184,61184,0,0,0,2002538,140,140,972279,28,28
18451,259441538,73618,73618,257435285,69903,69903,245278464,62080,62080,0,0,0,2006253,3715,3715,972745,466,466
18460,259516228,74690,74690,257508928,73643,73643,245348224,69760,69760,0,0,0,2007300,1047,1047,973107,362,362
18469,259594290,78062,78062,257586415,77487,77487,245421696,73472,73472,0,0,0,2007875,575,575,973136,29,29
18478,259673594,79304,79304,257664613,78198,78198,245498624,76928,76928,0,0,0,2008981,1106,1106,973181,45,45
18492,259753671,80077,80077,257744138,79525,79525,245576704,78080,78080,0,0,0,2009533,552,552,973271,90,90
18500,259839646,85975,85975,257829360,85222,85222,245656192,79488,79488,0,0,0,2010286,753,753,973787,516,516
18508,259937145,97499,97499,257926136,96776,96776,245741312,85120,85120,0,0,0,2011009,723,723,974303,516,516
18516,260045839,108694,108694,258034419,108283,108283,245837952,96640,96640,0,0,0,2011420,411,411,974573,270,270
18530,260164724,118885,118885,258151553,117134,117134,245946112,108160,108160,0,0,0,2013171,1751,1751,976118,1545,1545
18546,260293919,129195,129195,258278413,126860,126860,246063104,116992,116992,0,0,0,2015506,2335,2335,978253,2135,2135
18553,260431361,137442,137442,258415648,137235,137235,246189824,126720,126720,0,0,0,2015713,207,207,978380,127,127
18560,260576897,145536,145536,258561010,145362,145362,246326912,137088,137088,0,0,0,2015887,174,174,978484,104,104
18578,260733436,156539,156539,258714428,153418,153418,246472192,145280,145280,0,0,0,2019008,3121,3121,981463,2979,2979
18590,260893583,160147,160147,258872275,157847,157847,246625536,153344,153344,0,0,0,2021308,2300,2300,982513,1050,1050
18600,261057866,164283,164283,259033450,161175,161175,246783232,157696,157696,0,0,0,2024416,3108,3108,982549,36,36
18609,261222474,164608,164608,259197840,164390,164390,246944256,161024,161024,0,0,0,2024634,218,218,982653,104,104
18618,261387769,165295,165295,259362971,165131,165131,247108608,164352,164352,0,0,0,2024798,164,164,982696,43,43
18626,261554645,166876,166876,259529111,166140,166140,247273600,164992,164992,0,0,0,2025534,736,736,983034,338,338
18640,261723447,168802,168802,259696082,166971,166971,247439616,166016,166016,0,0,0,2027365,1831,1831,984763,1729,1729
18649,261901993,178546,178546,259873459,177377,177377,247606528,166912,166912,0,0,0,2028534,1169,1169,985350,587,587
18659,262081696,179703,179703,260052142,178683,178683,247783808,177280,177280,0,0,0,2029554,1020,1020,986269,919,919
18667,262273668,191972,191972,260243527,191385,191385,247962368,178560,178560,0,0,0,2030141,587,587,986330,61,61
18675,262465926,192258,192258,260435640,192113,192113,248153600,191232,191232,0,0,0,2030286,145,145,986357,27,27
18683,262668177,202251,202251,260637644,202004,202004,248345600,192000,192000,0,0,0,2030533,247,247,986486,129,129
18695,262880507,212330,212330,260849512,211868,211868,248547456,201856,201856,0,0,0,2030995,462,462,986562,76,76
18704,263095857,215350,215350,261064665,215153,215153,248759296,211840,211840,0,0,0,2031192,197,197,986644,82,82
18713,263317336,221479,221479,261285925,221260,221260,248974336,215040,215040,0,0,0,2031411,219,219,986716,72,72
18722,263542181,224845,224845,261509471,223546,223546,249194880,220544,220544,0,0,0,2032710,1299,1299,987671,955,955
18732,263775154,232973,232973,261742160,232689,232689,249418240,223360,223360,0,0,0,2032994,284,284,987744,73,73
18742,264016497,241343,241343,261982934,240774,240774,249650816,232576,232576,0,0,0,2033563,569,569,988018,274,274
18748,264016497,13797,0,261982934,0,0,249650816,0,0,0,0,0,2033563,0,0,988018,0,0
18754,264038101,21604,21604,262004479,21545,21545,249662720,11904,11904,0,0,0,2033622,59,59,988018,0,0
18765,264061613,23512,23512,262027730,23251,23251,249684096,21376,21376,0,0,0,2033883,261,261,988032,14,14
18775,264091199,29586,29586,262056990,29260,29260,249707136,23040,23040,0,0,0,2034209,326,326,988044,12,12
18784,264128518,37319,37319,262094045,37055,37055,249736192,29056,29056,0,0,0,2034473,264,264,988148,104,104
18794,264176259,47741,47741,262141038,46993,46993,249773056,36864,36864,0,0,0,2035221,748,748,988664,516,516
18805,264230623,54364,54364,262193012,51974,51974,249819904,46848,46848,0,0,0,2037611,2390,2390,989180,516,516
18813,264285704,55081,55081,262247701,54689,54689,249871744,51840,51840,0,0,0,2038003,392,392,989388,208,208
18823,264348077,62373,62373,262308844,61143,61143,249926272,54528,54528,0,0,0,2039233,1230,1230,990422,1034,1034
18830,264421080,73003,73003,262379264,70420,70420,249987328,61056,61056,0,0,0,2041816,2583,2583,990762,340,340
18838,264494804,73724,73724,262452292,73028,73028,250057600,70272,70272,0,0,0,2042512,696,696,990831,69,69
18849,264569680,74876,74876,262526158,73866,73866,250130432,72832,72832,0,0,0,2043522,1010,1010,990914,83,83
18857,264651956,82276,82276,262608158,82000,82000,250204160,73728,73728,0,0,0,2043798,276,276,991000,86,86
18865,264738224,86268,86268,262693717,85559,85559,250286080,81920,81920,0,0,0,2044507,709,709,991516,516,516
18881,264837714,99490,99490,262790941,97224,97224,250371456,85376,85376,0,0,0,2046773,2266,2266,993586,2070,2070
18891,264947090,109376,109376,262899266,108325,108325,250468480,97024,97024,0,0,0,2047824,1051,1051,994464,878,878
18902,265066956,119866,119866,263017309,118043,118043,250576640,108160,108160,0,0,0,2049647,1823,1823,995498,1034,1034
18911,265195282,128326,128326,263145139,127830,127830,250694528,117888,117888,0,0,0,2050143,496,496,995582,84,84
18922,265336010,140728,140728,263284317,139178,139178,250822272,127744,127744,0,0,0,2051693,1550,1550,996995,1413,1413
18930,265478692,142682,142682,263426799,142482,142482,250961280,139008,139008,0,0,0,2051893,200,200,997012,17,17
18940,265631202,152510,152510,263578982,152183,152183,251103616,142336,142336,0,0,0,2052220,327,327,997044,32,32
18947,265792825,161623,161623,263740258,161276,161276,251255680,152064,152064,0,0,0,2052567,347,347,997070,26,26
18956,265957317,164492,164492,263901991,161733,161733,251416832,161152,161152,0,0,0,2055326,2759,2759,997086,16,16
18964,266126426,169109,169109,264070820,168829,168829,251578496,161664,161664,0,0,0,2055606,280,280,997176,90,90
18974,266308231,181805,181805,264251293,180473,180473,251747200,168704,168704,0,0,0,2056938,1332,1332,998180,1004,1004
18988,266492133,183902,183902,264433646,182353,182353,251927552,180352,180352,0,0,0,2058487,1549,1549,998835,655,655
18996,266685124,192991,192991,264623776,190130,190130,252109824,182272,182272,0,0,0,2061348,2861,2861,999351,516,516
19004,266881067,195943,195943,264817435,193659,193659,252299904,190080,190080,0,0,0,2063632,2284,2284,999640,289,289
19012,267078049,196982,196982,265013460,196025,196025,252493440,193536,193536,0,0,0,2064589,957,957,999865,225,225
19023,267276574,198525,198525,265211127,197667,197667,252689408,195968,195968,0,0,0,2065447,858,858,1000290,425,425
19031,267483670,207096,207096,265417594,206467,206467,252886912,197504,197504,0,0,0,2066076,629,629,1000739,449,449
19045,267703242,219572,219572,265635298,217704,217704,253093248,206336,206336,0,0,0,2067944,1868,1868,1002441,1702,1702
19053,267931721,228479,228479,265863612,228314,228314,253310848,217600,217600,0,0,0,2068109,165,165,1002481,40,40
19063,268171930,240209,240209,266102889,239277,239277,253539072,228224,228224,0,0,0,2069041,932,932,1003115,634,634
19069,268171930,14152,0,266102889,0,0,253539072,0,0,0,0,0,2069041,0,0,1003115,0,0
19076,268194282,22352,22352,266125100,22211,22211,253550976,11904,11904,0,0,0,2069182,141,141,1003115,0,0
19087,268220180,25898,25898,266150646,25546,25546,253572992,22016,22016,0,0,0,2069534,352,352,1003139,24,24
19095,268249250,29070,29070,266179500,28854,28854,253598336,25344,25344,0,0,0,2069750,216,216,1003207,68,68
19103,268288949,39699,39699,266218939,39439,39439,253627008,28672,28672,0,0,0,2070010,260,260,1003306,99,99
19111,268339825,50876,50876,266269597,50658,50658,253666304,39296,39296,0,0,0,2070228,218,218,1003325,19,19
19118,268392722,52897,52897,266322005,52408,52408,253716736,50432,50432,0,0,0,2070717,489,489,1003420,95,95
19126,268453843,61121,61121,266382856,60851,60851,253768960,52224,52224,0,0,0,2070987,270,270,1003575,155,155
19135,268517126,63283,63283,266445826,62970,62970,253829632,60672,60672,0,0,0,2071300,313,313,1003588,13,13
19146,268584452,67326,67326,266512855,67029,67029,253892480,62848,62848,0,0,0,2071597,297,297,1003613,25,25
19155,268660006,75554,75554,266587712,74857,74857,253959296,66816,66816,0,0,0,2072294,697,697,1004129,516,516
19163,268741877,81871,81871,266666536,78824,78824,254033920,74624,74624,0,0,0,2075341,3047,3047,1004179,50,50
19172,268823966,82089,82089,266748466,81930,81930,254112256,78336,78336,0,0,0,2075500,159,159,1004200,21,21
19180,268916721,92755,92755,266837904,89438,89438,254194176,81920,81920,0,0,0,2078817,3317,3317,1004329,129,129
19191,269010094,93373,93373,266930947,93043,93043,254283520,89344,89344,0,0,0,2079147,330,330,1004455,126,126
19199,269106772,96678,96678,267026212,95265,95265,254376448,92928,92928,0,0,0,2080560,1413,1413,1004613,158,158
19206,269203873,97101,97101,267123191,96979,96979,254471552,95104,95104,0,0,0,2080682,122,122,1004677,64,64
19213,269304295,100422,100422,267222447,99256,99256,254568448,96896,96896,0,0,0,2081848,1166,1166,1004719,42,42
19220,269405370,101075,101075,267323411,100964,100964,254667648,99200,99200,0,0,0,2081959,111,111,1004765,46,46
19229,269507127,101757,101757,267424943,101532,101532,254768512,100864,100864,0,0,0,2082184,225,225,1004813,48,48
19237,269619770,112643,112643,267536882,111939,111939,254869888,101376,101376,0,0,0,2082888,704,704,1005329,516,516
19245,269740844,121074,121074,267657793,120911,120911,254981760,111872,111872,0,0,0,2083051,163,163,1005350,21,21
19253,269870074,129230,129230,267786764,128971,128971,255102592,120832,120832,0,0,0,2083310,259,259,1005362,12,12
19268,270011462,141388,141388,267925929,139165,139165,255231488,128896,128896,0,0,0,2085533,2223,2223,1007432,2070,2070
19278,270155020,143558,143558,268068319,142390,142390,255370496,139008,139008,0,0,0,2086701,1168,1168,1008466,1034,1034
19288,270308514,153494,153494,268220652,152333,152333,255512832,142336,142336,0,0,0,2087862,1161,1161,1009500,1034,1034
19295,270472402,163888,163888,268384254,163602,163602,255665024,152192,152192,0,0,0,2088148,286,286,1009646,146,146
19305,270645512,173110,173110,268556258,172004,172004,255828480,163456,163456,0,0,0,2089254,1106,1106,1010591,945,945
19313,270827121,181609,181609,268737558,181300,181300,256000384,171904,171904,0,0,0,2089563,309,309,1010661,70,70
19322,271017494,190373,190373,268927321,189763,189763,256181632,181248,181248,0,0,0,2090173,610,610,1010888,227,227
19331,271212885,195391,195391,269122442,195121,195121,256371328,189696,189696,0,0,0,2090443,270,270,1010933,45,45
19339,271411979,199094,199094,269321213,198771,198771,256566400,195072,195072,0,0,0,2090766,323,323,1011078,145,145
19350,271613773,201794,201794,269521992,200779,200779,256765056,198656,198656,0,0,0,2091781,1015,1015,1011944,866,866
19362,271822945,209172,209172,269729738,207746,207746,256965760,200704,200704,0,0,0,2093207,1426,1426,1013258,1314,1314
19370,272037352,214407,214407,269942476,212738,212738,257173376,207616,207616,0,0,0,2094876,1669,1669,1013563,305,305
19379,272253402,216050,216050,270156943,214467,214467,257385728,212352,212352,0,0,0,2096459,1583,1583,1013744,181,181
19387,272470068,216666,216666,270373429,216486,216486,257600128,214400,214400,0,0,0,2096639,180,180,1013796,52,52
19395,272689033,218965,218965,270591561,218132,218132,257816448,216320,216320,0,0,0,2097472,833,833,1014312,516,516
19403,272911557,222524,222524,270812153,220592,220592,258034432,217984,217984,0,0,0,2099404,1932,1932,1014650,338,338
19411,273135784,224227,224227,271035210,223057,223057,258254848,220416,220416,0,0,0,2100574,1170,1170,1015161,511,511
19424,273362697,226913,226913,271259767,224557,224557,258477824,222976,222976,0,0,0,2102930,2356,2356,1016312,1151,1151
19433,273590432,227735,227735,271486851,227084,227084,258702208,224384,224384,0,0,0,2103581,651,651,1016912,600,600
19441,273819880,229448,229448,271715640,228789,228789,258929152,226944,226944,0,0,0,2104240,659,659,1017428,516,516
19447,274050407,230527,230527,271945294,229654,229654,259157760,228608,228608,0,0,0,2105113,873,873,1017496,68,68
19459,274281274,230867,230867,272175879,230585,230585,259387264,229504,229504,0,0,0,2105395,282,282,1017557,61,61
19466,274513162,231888,231888,272406930,231051,231051,259617664,230400,230400,0,0,0,2106232,837,837,1017675,118,118
19474,274748651,235489,235489,272641742,234812,234812,259848576,230912,230912,0,0,0,2106909,677,677,1017704,29,29
19483,274988507,239856,239856,272878152,236410,236410,260083328,234752,234752,0,0,0,2110355,3446,3446,1018598,894,894
19490,275228608,240101,240101,273118070,239918,239918,260319616,236288,236288,0,0,0,2110538,183,183,1018730,132,132
19501,275471716,243108,243108,273358508,240438,240438,260559360,239744,239744,0,0,0,2113208,2670,2670,1019368,638,638
19508,275715325,243609,243609,273601679,243171,243171,260799616,240256,240256,0,0,0,2113646,438,438,1019488,120,120
19517,275961284,245959,245959,273846501,244822,244822,261042688,243072,243072,0,0,0,2114783,1137,1137,1020522,1034,1034
19523,275961284,14853,0,273846501,0,0,261042688,0,0,0,0,0,2114783,0,0,1020522,0,0
19533,275984639,23355,23355,273869719,23218,23218,261054592,11904,11904,0,0,0,2114920,137,137,1020547,25,25
19539,276014668,30029,30029,273899642,29923,29923,261077632,23040,23040,0,0,0,2115026,106,106,1020547,0,0
19546,276050144,35476,35476,273934802,35160,35160,261107328,29696,29696,0,0,0,2115342,316,316,1020795,248,248
19556,276089669,39525,39525,273972937,38135,38135,261142272,34944,34944,0,0,0,2116732,1390,1390,1020807,12,12
19563,276129366,39697,39697,274012544,39607,39607,261180288,38016,38016,0,0,0,2116822,90,90,1020822,15,15
19571,276172344,42978,42978,274055014,42470,42470,261219712,39424,39424,0,0,0,2117330,508,508,1021084,262,262
19579,276226518,54174,54174,274105970,50956,50956,261261952,42240,42240,0,0,0,2120548,3218,3218,1021118,34,34
19588,276281469,54951,54951,274160201,54231,54231,261312768,50816,50816,0,0,0,2121268,720,720,1021145,27,27
19596,276344330,62861,62861,274222963,62762,62762,261366784,54016,54016,0,0,0,2121367,99,99,1021166,21,21
19604,276412695,68365,68365,274290284,67321,67321,261429376,62592,62592,0,0,0,2122411,1044,1044,1021348,182,182
19612,276492877,80182,80182,274369800,79516,79516,261496576,67200,67200,0,0,0,2123077,666,666,1021864,516,516
19626,276583509,90632,90632,274458697,88897,88897,261575936,79360,79360,0,0,0,2124812,1735,1735,1023416,1552,1552
19634,276684328,100819,100819,274559304,100607,100607,261664640,88704,88704,0,0,0,2125024,212,212,1023450,34,34
19642,276795717,111389,111389,274670314,111010,111010,261765120,100480,100480,0,0,0,2125403,379,379,1023703,253,253
19658,276917304,121587,121587,274789628,119314,119314,261875968,110848,110848,0,0,0,2127676,2273,2273,1025803,2100,2100
19671,277051912,134608,134608,274922235,132607,132607,261995136,119168,119168,0,0,0,2129677,2001,2001,1027719,1916,1916
19679,277194557,142645,142645,275064623,142388,142388,262127616,132480,132480,0,0,0,2129934,257,257,1027823,104,104
19687,277346109,151552,151552,275215925,151302,151302,262269824,142208,142208,0,0,0,2130184,250,250,1027858,35,35
19697,277506294,160185,160185,275375081,159156,159156,262420992,151168,151168,0,0,0,2131213,1029,1029,1028699,841,841
19707,277668672,162378,162378,275536671,161590,161590,262579968,158976,158976,0,0,0,2132001,788,788,1029357,658,658
19715,277839864,171192,171192,275707715,171044,171044,262741376,161408,161408,0,0,0,2132149,148,148,1029374,17,17
19722,278020574,180710,180710,275888115,180400,180400,262912256,170880,170880,0,0,0,2132459,310,310,1029406,32,32
19730,278204558,183984,183984,276071662,183547,183547,263092480,180224,180224,0,0,0,2132896,437,437,1029734,328,328
19740,278396977,192419,192419,276263758,192096,192096,263275904,183424,183424,0,0,0,2133219,323,323,1029769,35,35
19747,278594365,197388,197388,276461014,197256,197256,263467776,191872,191872,0,0,0,2133351,132,132,1029784,15,15
19763,278800614,206249,206249,276664884,203870,203870,263664896,197120,197120,0,0,0,2135730,2379,2379,1032013,2229,2229
19771,279016512,215898,215898,276880489,215605,215605,263868544,203648,203648,0,0,0,2136023,293,293,1032176,163,163
19778,279243325,226813,226813,277105615,225126,225126,264083968,215424,215424,0,0,0,2137710,1687,1687,1032479,303,303
19786,279470526,227201,227201,277332487,226872,226872,264308864,224896,224896,0,0,0,2138039,329,329,1032612,133,133
19802,279708019,237493,237493,277567635,235148,235148,264535552,226688,226688,0,0,0,2140384,2345,2345,1034674,2062,2062
19810,279953691,245672,245672,277813109,245474,245474,264770560,235008,235008,0,0,0,2140582,198,198,1034693,19,19
19816,279953691,14193,0,277813109,0,0,264770560,0,0,0,0,0,2140582,0,0,1034693,0,0
19828,279976167,22476,22476,277835337,22228,22228,264782464,11904,11904,0,0,0,2140830,248,248,1034723,30,30
19838,280005420,29253,29253,277863811,28474,28474,264804480,22016,22016,0,0,0,2141609,779,779,1035239,516,516
19847,280044463,39043,39043,277902488,38677,38677,264832768,28288,28288,0,0,0,2141975,366,366,1035260,21,21
19858,280094465,50002,50002,277951648,49160,49160,264871296,38528,38528,0,0,0,2142817,842,842,1035613,353,353
19867,280156626,62161,62161,278012982,61334,61334,264920320,49024,49024,0,0,0,2143644,827,827,1036107,494,494
19873,280229751,73125,73125,278085988,73006,73006,264981504,61184,61184,0,0,0,2143763,119,119,1036141,34,34
19880,280303025,73274,73274,278159175,73187,73187,265054336,72832,72832,0,0,0,2143850,87,87,1036162,21,21
19887,280376604,73579,73579,278232543,73368,73368,265127296,72960,72960,0,0,0,2144061,211,211,1036182,20,20
19894,280450386,73782,73782,278306226,73683,73683,265200512,73216,73216,0,0,0,2144160,99,99,1036182,0,0
19901,280529357,78971,78971,278385101,78875,78875,265273984,73472,73472,0,0,0,2144256,96,96,1036205,23,23
19906,280608423,79066,79066,278464129,79028,79028,265352448,78464,78464,0,0,0,2144294,38,38,1036205,0,0
19913,280689709,81286,81286,278545014,80885,80885,265431296,78848,78848,0,0,0,2144695,401,401,1036497,292,292
19922,280774812,85103,85103,278626840,81826,81826,265511808,80512,80512,0,0,0,2147972,3277,3277,1036590,93,93
19929,280860498,85686,85686,278711967,85127,85127,265593472,81664,81664,0,0,0,2148531,559,559,1037030,440,440
19936,280947943,87445,87445,278799111,87144,87144,265678464,84992,84992,0,0,0,2148832,301,301,1037235,205,205
19941,281038280,90337,90337,278886983,87872,87872,265765376,86912,86912,0,0,0,2151297,2465,2465,1037235,0,0
19949,281129021,90741,90741,278977344,90361,90361,265853056,87680,87680,0,0,0,2151677,380,380,1037260,25,25
19956,281221000,91979,91979,279068736,91392,91392,265943296,90240,90240,0,0,0,2152264,587,587,1037756,496,496
19965,281314885,93885,93885,279161439,92703,92703,266034560,91264,91264,0,0,0,2153446,1182,1182,1037823,67,67
19971,281409189,94304,94304,279255348,93909,93909,266127104,92544,92544,0,0,0,2153841,395,395,1038177,354,354
19978,281503683,94494,94494,279349711,94363,94363,266220800,93696,93696,0,0,0,2153972,131,131,1038205,28,28
19985,281599545,95862,95862,279444494,94783,94783,266315008,94208,94208,0,0,0,2155051,1079,1079,1038243,38,38
19994,281695981,96436,96436,279540380,95886,95886,266409600,94592,94592,0,0,0,2155601,550,550,1038500,257,257
19999,281793196,97215,97215,279637235,96855,96855,266505344,95744,95744,0,0,0,2155961,360,360,1038500,0,0
20009,281892066,98870,98870,279735211,97976,97976,266601984,96640,96640,0,0,0,2156855,894,894,1038852,352,352
20016,281991830,99764,99764,279834517,99306,99306,266699776,97792,97792,0,0,0,2157313,458,458,1039027,175,175
20027,282092745,100915,100915,279934455,99938,99938,266798976,99200,99200,0,0,0,2158290,977,977,1039661,634,634
20034,282198103,105358,105358,280036175,101720,101720,266898688,99712,99712,0,0,0,2161928,3638,3638,1040177,516,516
20041,282304049,105946,105946,280141560,105385,105385,267000192,101504,101504,0,0,0,2162489,561,561,1040299,122,122
20049,282410218,106169,106169,280247605,106045,106045,267105408,105216,105216,0,0,0,2162613,124,124,1040320,21,21
20061,282519389,109171,109171,280355116,107511,107511,267211264,105856,105856,0,0,0,2164273,1660,1660,1040560,240,240
20068,282629552,110163,110163,280465202,110086,110086,267318656,107392,107392,0,0,0,2164350,77,77,1040571,11,11
20075,282740763,111211,111211,280576058,110856,110856,267428608,109952,109952,0,0,0,2164705,355,355,1040805,234,234
20084,282854151,113388,113388,280688525,112467,112467,267539328,110720,110720,0,0,0,2165626,921,921,1041594,789,789
20104,282976154,122003,122003,280806859,118334,118334,267651584,112256,112256,0,0,0,2169295,3669,3669,1045095,3501,3501
20114,283108367,132213,132213,280938575,131716,131716,267769728,118144,118144,0,0,0,2169792,497,497,1045352,257,257
20131,283253440,145073,145073,281080446,141871,141871,267901312,131584,131584,0,0,0,2172994,3202,3202,1048458,3106,3106
20144,283412362,158922,158922,281237291,156845,156845,268043008,141696,141696,0,0,0,2175071,2077,2077,1050409,1951,1951
20152,283575266,162904,162904,281399633,162342,162342,268199680,156672,156672,0,0,0,2175633,562,562,1050783,374,374
20159,283746783,171517,171517,281571010,171377,171377,268361856,162176,162176,0,0,0,2175773,140,140,1050847,64,64
20167,283926602,179819,179819,281750574,179564,179564,268533120,171264,171264,0,0,0,2176028,255,255,1050883,36,36
20174,284106843,180241,180241,281930627,180053,180053,268712576,179456,179456,0,0,0,2176216,188,188,1050897,14,14
20181,284287419,180576,180576,282110941,180314,180314,268892416,179840,179840,0,0,0,2176478,262,262,1050980,83,83
20188,284468256,180837,180837,282291576,180635,180635,269072512,180096,180096,0,0,0,2176680,202,202,1050994,14,14
20197,284649620,181364,181364,282472689,181113,181113,269252992,180480,180480,0,0,0,2176931,251,251,1051026,32,32
20204,284831951,182331,182331,282654888,182199,182199,269433984,180992,180992,0,0,0,2177063,132,132,1051041,15,15
20211,285014530,182579,182579,282837288,182400,182400,269616000,182016,182016,0,0,0,2177242,179,179,1051055,14,14
20216,285197565,183035,183035,283020090,182802,182802,269798272,182272,182272,0,0,0,2177475,233,233,1051055,0,0
20224,285382063,184498,184498,283204337,184247,184247,269980928,182656,182656,0,0,0,2177726,251,251,1051094,39,39
20231,285566952,184889,184889,283389060,184723,184723,270164992,184064,184064,0,0,0,2177892,166,166,1051120,26,26
20238,285752456,185504,185504,283574354,185294,185294,270349568,184576,184576,0,0,0,2178102,210,210,1051146,26,26
20245,285938704,186248,186248,283760358,186004,186004,270534656,185088,185088,0,0,0,2178346,244,244,1051158,12,12
20252,286125101,186397,186397,283946672,186314,186314,270720512,185856,185856,0,0,0,2178429,83,83,1051195,37,37
20259,286311649,186548,186548,284133127,186455,186455,270906624,186112,186112,0,0,0,2178522,93,93,1051224,29,29
20266,286503009,191360,191360,284324299,191172,191172,271092864,186240,186240,0,0,0,2178710,188,188,1051348,124,124
20304,286702706,199697,199697,284515834,191535,191535,271283840,190976,190976,0,0,0,2186872,8162,8162,1059116,7768,7768
20315,286913499,210793,210793,284724013,208179,208179,271475200,191360,191360,0,0,0,2189486,2614,2614,1060265,1149,1149
20322,287124614,211115,211115,284934838,210825,210825,271683200,208000,208000,0,0,0,2189776,290,290,1060372,107,107
20329,287335942,211328,211328,285146061,211223,211223,271893888,210688,210688,0,0,0,2189881,105,105,1060372,0,0
20340,287556395,220453,220453,285362482,216421,216421,272104960,211072,211072,0,0,0,2193913,4032,4032,1061830,1458,1458
20347,287780938,224543,224543,285582964,220482,220482,272321024,216064,216064,0,0,0,2197974,4061,4061,1062346,516,516
20353,288005986,225048,225048,285807533,224569,224569,272541440,220416,220416,0,0,0,2198453,479,479,1062554,208,208
20367,288232329,226343,226343,286032640,225107,225107,272765952,224512,224512,0,0,0,2199689,1236,1236,1063632,1078,1078
20374,288459702,227373,227373,286259798,227158,227158,272990976,225024,225024,0,0,0,2199904,215,215,1063754,122,122
20381,288695327,235625,235625,286495270,235472,235472,273218048,227072,227072,0,0,0,2200057,153,153,1063782,28,28
20388,288943364,248037,248037,286739364,244094,244094,273453440,235392,235392,0,0,0,2204000,3943,3943,1064298,516,516
20394,288943364,14349,0,286739364,0,0,273453440,0,0,0,0,0,2204000,0,0,1064298,0,0
20405,288966171,22807,22807,286761966,22602,22602,273465344,11904,11904,0,0,0,2204205,205,205,1064325,27,27
20412,288992074,25903,25903,286787726,25760,25760,273477248,11904,11904,0,0,0,2204348,143,143,1064325,0,0
20419,289028608,36534,36534,286824150,36424,36424,273502848,25600,25600,0,0,0,2204458,110,110,1064341,16,16
20426,289067440,38832,38832,286862607,38457,38457,273539072,36224,36224,0,0,0,2204833,375,375,1064380,39,39
20431,289106427,38987,38987,286901534,38927,38927,273577344,38272,38272,0,0,0,2204893,60,60,1064380,0,0
20440,289148498,42071,42071,286942165,40631,40631,273599744,22400,22400,0,0,0,2206333,1440,1440,1064400,20,20
20447,289191597,43099,43099,286985135,42970,42970,273640192,40448,40448,0,0,0,2206462,129,129,1064443,43,43
20455,289243252,51655,51655,287036116,50981,50981,273678976,38784,38784,0,0,0,2207136,674,674,1064959,516,516
20462,289304248,60996,60996,287096640,60524,60524,273729792,50816,50816,0,0,0,2207608,472,472,1065345,386,386
20470,289370887,66639,66639,287163043,66403,66403,273790080,60288,60288,0,0,0,2207844,236,236,1065429,84,84
20481,289448801,77914,77914,287240051,77008,77008,273856256,66176,66176,0,0,0,2208750,906,906,1066204,775,775
20488,289534830,86029,86029,287325929,85878,85878,273933056,76800,76800,0,0,0,2208901,151,151,1066224,20,20
20495,289629594,94764,94764,287420097,94168,94168,274018816,85760,85760,0,0,0,2209497,596,596,1066740,516,516
20504,289732890,103296,103296,287522665,102568,102568,274112768,93952,93952,0,0,0,2210225,728,728,1067381,641,641
20517,289842616,109726,109726,287630377,107712,107712,274215168,102400,102400,0,0,0,2212239,2014,2014,1069317,1936,1936
20524,289955035,112419,112419,287740743,110366,110366,274322688,107520,107520,0,0,0,2214292,2053,2053,1069490,173,173
20533,290068631,113596,113596,287853222,112479,112479,274432896,110208,110208,0,0,0,2215409,1117,1117,1070524,1034,1034
20544,290182766,114135,114135,287967067,113845,113845,274545152,112256,112256,0,0,0,2215699,290,290,1070658,134,134
20551,290305132,122366,122366,288089260,122193,122193,274658816,113664,113664,0,0,0,2215872,173,173,1070733,75,75
20566,290431143,126011,126011,288212640,123380,123380,274780800,121984,121984,0,0,0,2218503,2631,2631,1073313,2580,2580
20573,290557798,126655,126655,288339112,126472,126472,274904064,123264,123264,0,0,0,2218686,183,183,1073343,30,30
20580,290686217,128419,128419,288466820,127708,127708,275030400,126336,126336,0,0,0,2219397,711,711,1073591,248,248
20587,290823204,136987,136987,288603345,136525,136525,275157888,127488,127488,0,0,0,2219859,462,462,1073893,302,302
20595,290960920,137716,137716,288740699,137354,137354,275294208,136320,136320,0,0,0,2220221,362,362,1073908,15,15
20605,291108311,147391,147391,288886858,146159,146159,275431424,137216,137216,0,0,0,2221453,1232,1232,1074914,1006,1006
20614,291256500,148189,148189,289034821,147963,147963,275577344,145920,145920,0,0,0,2221679,226,226,1074981,67,67
20621,291408822,152322,152322,289186904,152083,152083,275725184,147840,147840,0,0,0,2221918,239,239,1075131,150,150
20628,291563259,154437,154437,289341223,154319,154319,275877120,151936,151936,0,0,0,2222036,118,118,1075174,43,43
20635,291725096,161837,161837,289502979,161756,161756,276031232,154112,154112,0,0,0,2222117,81,81,1075207,33,33
20641,291895870,170774,170774,289672957,169978,169978,276192768,161536,161536,0,0,0,2222913,796,796,1075723,516,516
20651,292069203,173333,173333,289843793,170836,170836,276362624,169856,169856,0,0,0,2225410,2497,2497,1076354,631,631
20660,292242824,173621,173621,290017189,173396,173396,276533248,170624,170624,0,0,0,2225635,225,225,1076455,101,101
20667,292422969,180145,180145,290196497,179308,179308,276706432,173184,173184,0,0,0,2226472,837,837,1076562,107,107
20674,292603420,180451,180451,290376826,180329,180329,276885120,178688,178688,0,0,0,2226594,122,122,1076594,32,32
20684,292786562,183142,183142,290557502,180676,180676,277065344,180224,180224,0,0,0,2229060,2466,2466,1076853,259,259
20692,292971328,184766,184766,290740733,183231,183231,277245952,180608,180608,0,0,0,2230595,1535,1535,1076930,77,77
20698,293158639,187311,187311,290927162,186429,186429,277429120,183168,183168,0,0,0,2231477,882,882,1077288,358,358
20705,293346139,187500,187500,291114532,187370,187370,277615488,186368,186368,0,0,0,2231607,130,130,1077334,46,46
20719,293540643,194504,194504,291307013,192481,192481,277802752,187264,187264,0,0,0,2233630,2023,2023,1079190,1856,1856
20728,293744503,203860,203860,291510129,203116,203116,277995136,192384,192384,0,0,0,2234374,744,744,1079850,660,660
20735,293954037,209534,209534,291719530,209401,209401,278198144,203008,203008,0,0,0,2234507,133,133,1079910,60,60
20742,294164302,210265,210265,291929538,210008,210008,278407424,209280,209280,0,0,0,2234764,257,257,1079996,86,86
20781,294386599,222297,222297,292143796,214258,214258,278617344,209920,209920,0,0,0,2242803,8039,8039,1087855,7859,7859
20789,294616795,230196,230196,292373872,230076,230076,278831488,214144,214144,0,0,0,2242923,120,120,1087898,43,43
20797,294851901,235106,235106,292606206,232334,232334,279061504,230016,230016,0,0,0,2245695,2772,2772,1087946,48,48
20808,295089442,237541,237541,292841428,235222,235222,279293696,232192,232192,0,0,0,2248014,2319,2319,1089053,1107,1107
20815,295327368,237926,237926,293079177,237749,237749,279528832,235136,235136,0,0,0,2248191,177,177,1089107,54,54
20822,295567757,240389,240389,293319432,240255,240255,279766528,237696,237696,0,0,0,2248325,134,134,1089135,28,28
20828,295567757,14152,0,293319432,0,0,279766528,0,0,0,0,0,2248325,0,0,1089135,0,0
20834,295589886,22129,22129,293341482,22050,22050,279778432,11904,11904,0,0,0,2248404,79,79,1089135,0,0
20846,295612863,22977,22977,293364182,22700,22700,279800320,21888,21888,0,0,0,2248681,277,277,1089163,28,28
20853,295646683,33820,33820,293397374,33192,33192,279822848,22528,22528,0,0,0,2249309,628,628,1089679,516,516
20859,295688913,42230,42230,293439302,41928,41928,279855872,33024,33024,0,0,0,2249611,302,302,1089708,29,29
20869,295734293,45380,45380,293481591,42289,42289,279897600,41728,41728,0,0,0,2252702,3091,3091,1090224,516,516
20877,295779890,45597,45597,293527028,45437,45437,279939712,42112,42112,0,0,0,2252862,160,160,1090246,22,22
20884,295835992,56102,56102,293582895,55867,55867,279985024,45312,45312,0,0,0,2253097,235,235,1090348,102,102
20891,295900384,64392,64392,293646903,64008,64008,280040704,55680,55680,0,0,0,2253481,384,384,1090399,51,51
20898,295965889,65505,65505,293712036,65133,65133,280104576,63872,63872,0,0,0,2253853,372,372,1090411,12,12
20905,296031756,65867,65867,293777742,65706,65706,280169472,64896,64896,0,0,0,2254014,161,161,1090439,28,28
20913,296105911,74155,74155,293851667,73925,73925,280235008,65536,65536,0,0,0,2254244,230,230,1090488,49,49
20922,296189267,83356,83356,293934583,82916,82916,280308736,73728,73728,0,0,0,2254684,440,440,1090606,118,118
20932,296277874,88607,88607,294022494,87911,87911,280391424,82688,82688,0,0,0,2255380,696,696,1091045,439,439
20940,296378538,100664,100664,294122515,100021,100021,280479104,87680,87680,0,0,0,2256023,643,643,1091561,516,516
20946,296484347,105809,105809,294228090,105575,105575,280578944,99840,99840,0,0,0,2256257,234,234,1091591,30,30
20954,296591452,107105,107105,294333976,105886,105886,280684288,105344,105344,0,0,0,2257476,1219,1219,1091789,198,198
20961,296698780,107328,107328,294441138,107162,107162,280790016,105728,105728,0,0,0,2257642,166,166,1091824,35,35
20968,296811296,112516,112516,294553274,112136,112136,280897024,107008,107008,0,0,0,2258022,380,380,1092072,248,248
20975,296928932,117636,117636,294670283,117009,117009,281009024,112000,112000,0,0,0,2258649,627,627,1092588,516,516
20981,297046687,117755,117755,294787978,117695,117695,281125888,116864,116864,0,0,0,2258709,60,60,1092588,0,0
20988,297172884,126197,126197,294909648,121670,121670,281243392,117504,117504,0,0,0,2263236,4527,4527,1092639,51,51
20998,297301675,128791,128791,295035980,126332,126332,281364608,121216,121216,0,0,0,2265695,2459,2459,1093134,495,495
21006,297430907,129232,129232,295164830,128850,128850,281490816,126208,126208,0,0,0,2266077,382,382,1093406,272,272
21012,297563290,132383,132383,295295014,130184,130184,281619456,128640,128640,0,0,0,2268276,2199,2199,1093572,166,166
21021,297696092,132802,132802,295427457,132443,132443,281749504,130048,130048,0,0,0,2268635,359,359,1093803,231,231
21028,297831382,135290,135290,295561577,134120,134120,281881728,132224,132224,0,0,0,2269805,1170,1170,1093927,124,124
21035,297967305,135923,135923,295697417,135840,135840,282015616,133888,133888,0,0,0,2269888,83,83,1093949,22,22
21046,298104146,136841,136841,295833797,136380,136380,282151296,135680,135680,0,0,0,2270349,461,461,1094147,198,198
21054,298252761,148615,148615,295981785,147988,147988,282287488,136192,136192,0,0,0,2270976,627,627,1094637,490,490
21061,298409599,156838,156838,296138551,156766,156766,282435328,147840,147840,0,0,0,2271048,72,72,1094652,15,15
21075,298574983,165384,165384,296301789,163238,163238,282591872,156544,156544,0,0,0,2273194,2146,2146,1096722,2070,2070
21084,298741306,166323,166323,296467818,166029,166029,282754944,163072,163072,0,0,0,2273488,294,294,1096783,61,61
21091,298910395,169089,169089,296636422,168604,168604,282920832,165888,165888,0,0,0,2273973,485,485,1097185,402,402
21101,299083790,173395,173395,296808850,172428,172428,283089280,168448,168448,0,0,0,2274940,967,967,1097881,696,696
21107,299263156,179366,179366,296987127,178277,178277,283261568,172288,172288,0,0,0,2276029,1089,1089,1098127,246,246
21117,299443329,180173,180173,297166551,179424,179424,283439616,178048,178048,0,0,0,2276778,749,749,1098705,578,578
21131,299635731,192402,192402,297357260,190709,190709,283618816,179200,179200,0,0,0,2278471,1693,1693,1100296,1591,1591
21138,299830135,194404,194404,297551424,194164,194164,283809280,190464,190464,0,0,0,2278711,240,240,1100409,113,113
21141,299830135,194404,0,297551424,194164,0,283809280,190464,0,0,0,0,2278711,240,0,1100409,113,0
21147,300027029,196894,196894,297746202,194778,194778,284003712,194432,194432,0,0,0,2280827,2116,2116,1100409,0,0
21158,300225143,198114,198114,297943158,196956,196956,284198272,194560,194560,0,0,0,2281985,1158,1158,1101443,1034,1034
21167,300432347,207204,207204,298149219,206061,206061,284395008,196736,196736,0,0,0,2283128,1143,1143,1102477,1034,1034
21174,300640317,207970,207970,298356579,207360,207360,284600832,205824,205824,0,0,0,2283738,610,610,1102486,9,9
21181,300848652,208335,208335,298564670,208091,208091,284808064,207232,207232,0,0,0,2283982,244,244,1102652,166,166
21192,301060206,211554,211554,298773390,208720,208720,285015936,207872,207872,0,0,0,2286816,2834,2834,1103686,1034,1034
21201,301280684,220478,220478,298993023,219633,219633,285224448,208512,208512,0,0,0,2287661,845,845,1104202,516,516
21208,301501887,221203,221203,299213836,220813,220813,285443840,219392,219392,0,0,0,2288051,390,390,1104497,295,295
21215,301729207,227320,227320,299440963,227127,227127,285664512,220672,220672,0,0,0,2288244,193,193,1104526,29,29
21229,301961543,232336,232336,299670633,229670,229670,285891456,226944,226944,0,0,0,2290910,2666,2666,1106828,2302,2302
21237,302194574,233031,233031,299903041,232408,232408,286120960,229504,229504,0,0,0,2291533,623,623,1107344,516,516
21250,302431210,236636,236636,300137688,234647,234647,286353152,232192,232192,0,0,0,2293522,1989,1989,1108684,1340,1340
21261,302669128,237918,237918,300374469,236781,236781,286587648,234496,234496,0,0,0,2294659,1137,1137,1109766,1082,1082
21268,302908746,239618,239618,300612933,238464,238464,286824192,236544,236544,0,0,0,2295813,1154,1154,1109836,70,70
21276,303151373,242627,242627,300852722,239789,239789,287062528,238336,238336,0,0,0,2298651,2838,2838,1110800,964,964
21288,303395304,243931,243931,301095410,242688,242688,287302144,239616,239616,0,0,0,2299894,1243,1243,1111920,1120,1120
21296,303395304,13749,0,301095410,0,0,287302144,0,0,0,0,0,2299894,0,0,1111920,0,0
21302,303416962,21658,21658,301117014,21604,21604,287314048,11904,11904,0,0,0,2299948,54,54,1111920,0,0
21312,303439588,22626,22626,301139376,22362,22362,287335424,21376,21376,0,0,0,2300212,264,264,1111937,17,17
21320,303470516,30928,30928,301169994,30618,30618,287357568,22144,22144,0,0,0,2300522,310,310,1112027,90,90
21328,303506060,35544,35544,301205373,35379,35379,287388032,30464,30464,0,0,0,2300687,165,165,1112042,15,15
21338,303550961,44901,44901,301249596,44223,44223,287423232,35200,35200,0,0,0,2301365,678,678,1112124,82,82
21347,303607204,56243,56243,301305560,55964,55964,287467264,44032,44032,0,0,0,2301644,279,279,1112138,14,14
21355,303668772,61568,61568,301365396,59836,59836,287523072,55808,55808,0,0,0,2303376,1732,1732,1112620,482,482
21361,303734027,65255,65255,301428676,63280,63280,287582720,59648,59648,0,0,0,2305351,1975,1975,1112675,55,55
21371,303799666,65639,65639,301493990,65314,65314,287645824,63104,63104,0,0,0,2305676,325,325,1112704,29,29
21376,303873899,74233,74233,301567970,73980,73980,287710976,65152,65152,0,0,0,2305929,253,253,1112704,0,0
21384,303948546,74647,74647,301642306,74336,74336,287784832,73856,73856,0,0,0,2306240,311,311,1112804,100,100
21391,304033283,84737,84737,301726445,84139,84139,287858944,74112,74112,0,0,0,2306838,598,598,1113320,516,516
21398,304125390,92107,92107,301817945,91500,91500,287942912,83968,83968,0,0,0,2307445,607,607,1113836,516,516
21405,304226312,100922,100922,301918122,100177,100177,288034176,91264,91264,0,0,0,2308190,745,745,1114352,516,516
21415,304328267,101955,101955,302019163,101041,101041,288134144,99968,99968,0,0,0,2309104,914,914,1114392,40,40
21423,304433800,105533,105533,302124490,105327,105327,288235008,100864,100864,0,0,0,2309310,206,206,1114422,30,30
21431,304542861,109061,109061,302233312,108822,108822,288340096,105088,105088,0,0,0,2309549,239,239,1114444,22,22
21445,304657819,114958,114958,302345765,112453,112453,288448768,108672,108672,0,0,0,2312054,2505,2505,1116514,2070,2070
21455,304776673,118854,118854,302462157,116392,116392,288561024,112256,112256,0,0,0,2314516,2462,2462,1116533,19,19
21463,304899804,123131,123131,302582438,120281,120281,288676992,115968,115968,0,0,0,2317366,2850,2850,1117418,885,885
21473,305023965,124161,124161,302705636,123198,123198,288796928,119936,119936,0,0,0,2318329,963,963,1118146,728,728
21483,305148811,124846,124846,302830224,124588,124588,288920064,123136,123136,0,0,0,2318587,258,258,1118175,29,29
21490,305276846,128035,128035,302958191,127967,127967,289044480,124416,124416,0,0,0,2318655,68,68,1118191,16,16
21505,305410421,133575,133575,303089697,131506,131506,289172352,127872,127872,0,0,0,2320724,2069,2069,1120064,1873,1873
21512,305545350,134929,134929,303223372,133675,133675,289303680,131328,131328,0,0,0,2321978,1254,1254,1120064,0,0
21519,305683334,137984,137984,303359922,136550,136550,289437184,133504,133504,0,0,0,2323412,1434,1434,1120580,516,516
21530,305822864,139530,139530,303498288,138366,138366,289573504,136320,136320,0,0,0,2324576,1164,1164,1121519,939,939
21538,305966198,143334,143334,303641087,142799,142799,289711744,138240,138240,0,0,0,2325111,535,535,1121873,354,354
21552,306123643,157445,157445,303794663,153576,153576,289854464,142720,142720,0,0,0,2328980,3869,3869,1123711,1838,1838
21560,306281547,157904,157904,303952282,157619,157619,290007936,153472,153472,0,0,0,2329265,285,285,1123888,177,177
21569,306442609,161062,161062,304111631,159349,159349,290165376,157440,157440,0,0,0,2330978,1713,1713,1123993,105,105
21578,306604633,162024,162024,304272784,161153,161153,290324352,158976,158976,0,0,0,2331849,871,871,1124794,801,801
21592,306774335,169702,169702,304440034,167250,167250,290485376,161024,161024,0,0,0,2334301,2452,2452,1126394,1600,1600
21600,306952863,178528,178528,304618380,178346,178346,290652544,167168,167168,0,0,0,2334483,182,182,1126439,45,45
21611,307141240,188377,188377,304805117,186737,186737,290830848,178304,178304,0,0,0,2336123,1640,1640,1127991,1552,1552
21621,307338059,196819,196819,305001604,196487,196487,291017472,186624,186624,0,0,0,2336455,332,332,1128050,59,59
21626,307535167,197108,197108,305198609,197005,197005,291213824,196352,196352,0,0,0,2336558,103,103,1128050,0,0
21633,307740306,205139,205139,305403539,204930,204930,291410688,196864,196864,0,0,0,2336767,209,209,1128133,83,83
21641,307946591,206285,206285,305609728,206189,206189,291615488,204800,204800,0,0,0,2336863,96,96,1128141,8,8
21649,308156943,210352,210352,305819677,209949,209949,291821568,206080,206080,0,0,0,2337266,403,403,1128388,247,247
21663,308368541,211598,211598,306030185,210508,210508,292031360,209792,209792,0,0,0,2338356,1090,1090,1129221,833,833
21670,308585561,217020,217020,306245248,215063,215063,292241792,210432,210432,0,0,0,2340313,1957,1957,1129632,411,411
21682,308807332,221771,221771,306465527,220279,220279,292456576,214784,214784,0,0,0,2341805,1492,1492,1130863,1231,1231
21692,309042169,234837,234837,306699531,234004,234004,292676736,220160,220160,0,0,0,2342638,833,833,1131551,688,688
21704,309287017,244848,244848,306942647,243116,243116,292910592,233856,233856,0,0,0,2344370,1732,1732,1132911,1360,1360
21710,309287017,13756,0,306942647,0,0,292910592,0,0,0,0,0,2344370,0,0,1132911,0,0
21716,309308547,21530,21530,306964117,21470,21470,292922496,11904,11904,0,0,0,2344430,60,60,1132911,0,0
21727,309330929,22382,22382,306986136,22019,22019,292943744,21248,21248,0,0,0,2344793,363,363,1132945,34,34
21735,309363055,32126,32126,307018060,31924,31924,292955648,11904,11904,0,0,0,2344995,202,202,1132957,12,12
21743,309407693,44638,44638,307061855,43795,43795,292987392,31744,31744,0,0,0,2345838,843,843,1132988,31,31
21751,309452812,45119,45119,307106778,44923,44923,293031040,43648,43648,0,0,0,2346034,196,196,1133006,18,18
21762,309507136,54324,54324,307160776,53998,53998,293075840,44800,44800,0,0,0,2346360,326,326,1133053,47,47
21770,309572296,65160,65160,307225337,64561,64561,293129600,53760,53760,0,0,0,2346959,599,599,1133395,342,342
21777,309643857,71561,71561,307296500,71163,71163,293193984,64384,64384,0,0,0,2347357,398,398,1133424,29,29
21786,309723758,79901,79901,307376055,79555,79555,293265024,71040,71040,0,0,0,2347703,346,346,1133454,30,30
21793,309811259,87501,87501,307463357,87302,87302,293344384,79360,79360,0,0,0,2347902,199,199,1133469,15,15
21800,309899100,87841,87841,307550914,87557,87557,293431552,87168,87168,0,0,0,2348186,284,284,1133484,15,15
21809,309990236,91136,91136,307639956,89042,89042,293518976,87424,87424,0,0,0,2350280,2094,2094,1133921,437,437
21818,310090172,99936,99936,307739382,99426,99426,293607936,88960,88960,0,0,0,2350790,510,510,1133948,27,27
21826,310199160,108988,108988,307847660,108278,108278,293707264,99328,99328,0,0,0,2351500,710,710,1134464,516,516
21835,310320523,121363,121363,307968364,120704,120704,293815424,108160,108160,0,0,0,2352159,659,659,1134980,516,516
21843,310449009,128486,128486,308095582,127218,127218,293936000,120576,120576,0,0,0,2353427,1268,1268,1135435,455,455
21852,310583177,134168,134168,308229274,133692,133692,294063104,127104,127104,0,0,0,2353903,476,476,1135513,78,78
21863,310724555,141378,141378,308369035,139761,139761,294196736,133632,133632,0,0,0,2355520,1617,1617,1136395,882,882
21871,310877085,152530,152530,308520665,151630,151630,294336384,139648,139648,0,0,0,2356420,900,900,1136911,516,516
21883,311038842,161757,161757,308681451,160786,160786,294487808,151424,151424,0,0,0,2357391,971,971,1137551,640,640
21893,311212500,173658,173658,308854285,172834,172834,294648448,160640,160640,0,0,0,2358215,824,824,1138149,598,598
21909,311399867,187367,187367,309039253,184968,184968,294821120,172672,172672,0,0,0,2360614,2399,2399,1140401,2252,2252
21925,311597325,197458,197458,309234776,195523,195523,295005952,184832,184832,0,0,0,2362549,1935,1935,1141999,1598,1598
21935,311810742,213417,213417,309444090,209314,209314,295201280,195328,195328,0,0,0,2366652,4103,4103,1143033,1034,1034
21945,312025393,214651,214651,309657881,213791,213791,295410432,209152,209152,0,0,0,2367512,860,860,1143690,657,657
21953,312248878,223485,223485,309881047,223166,223166,295624064,213632,213632,0,0,0,2367831,319,319,1143733,43,43
21965,312481564,232686,232686,310112188,231141,231141,295847040,222976,222976,0,0,0,2369376,1545,1545,1145014,1281,1281
21973,312719774,238210,238210,310349895,237707,237707,296078080,231040,231040,0,0,0,2369879,503,503,1145340,326,326
21979,312719774,13548,0,310349895,0,0,296078080,0,0,0,0,0,2369879,0,0,1145340,0,0
21991,312741419,21645,21645,310371266,21371,21371,296089984,11904,11904,0,0,0,2370153,274,274,1145373,33,33
22001,312767245,25826,25826,310396799,25533,25533,296101888,11904,11904,0,0,0,2370446,293,293,1145406,33,33
22010,312803635,36390,36390,310432769,35970,35970,296127232,25344,25344,0,0,0,2370866,420,420,1145469,63,63
22019,312854566,50931,50931,310480457,47688,47688,296163072,35840,35840,0,0,0,2374109,3243,3243,1145510,41,41
22028,312905868,51302,51302,310531449,50992,50992,296210560,47488,47488,0,0,0,2374419,310,310,1145542,32,32
22039,312961565,55697,55697,310586890,55441,55441,296261376,50816,50816,0,0,0,2374675,256,256,1145684,142,142
22049,313026412,64847,64847,310651435,64545,64545,296316672,55296,55296,0,0,0,2374977,302,302,1145732,48,48
22058,313099313,72901,72901,310724011,72576,72576,296381056,64384,64384,0,0,0,2375302,325,325,1145745,13,13
22071,313183609,84296,84296,310807644,83633,83633,296453120,72064,72064,0,0,0,2375965,663,663,1146205,460,460
22082,313278072,94463,94463,310901894,94250,94250,296536704,83584,83584,0,0,0,2376178,213,213,1146227,22,22
22091,313383795,105723,105723,311005931,104037,104037,296630784,94080,94080,0,0,0,2377864,1686,1686,1146461,234,234
22098,313490356,106561,106561,311111950,106019,106019,296734336,103552,103552,0,0,0,2378406,542,542,1146598,137,137
22106,313608909,118553,118553,311227020,115070,115070,296840192,105856,105856,0,0,0,2381889,3483,3483,1146697,99,99
22116,313728310,119401,119401,311345653,118633,118633,296955136,114944,114944,0,0,0,2382657,768,768,1147213,516,516
22126,313851647,123337,123337,311467239,121586,121586,297073664,118528,118528,0,0,0,2384408,1751,1751,1147257,44,44
22134,313979400,127753,127753,311592995,125756,125756,297195136,121472,121472,0,0,0,2386405,1997,1997,1147323,66,66
22142,314107457,128057,128057,311720847,127852,127852,297320832,125696,125696,0,0,0,2386610,205,205,1147410,87,87
22150,314238125,130668,130668,311850391,129544,129544,297448576,127744,127744,0,0,0,2387734,1124,1124,1147469,59,59
22157,314370022,131897,131897,311982047,131656,131656,297577984,129408,129408,0,0,0,2387975,241,241,1147639,170,170
22165,314503411,133389,133389,312114902,132855,132855,297709568,131584,131584,0,0,0,2388509,534,534,1147869,230,230
22172,314637414,134003,134003,312248348,133446,133446,297842304,132736,132736,0,0,0,2389066,557,557,1148385,516,516
22184,314779687,142273,142273,312388720,140372,140372,297975680,133376,133376,0,0,0,2390967,1901,1901,1149689,1304,1304
22198,314933133,153446,153446,312539396,150676,150676,298115968,140288,140288,0,0,0,2393737,2770,2770,1151241,1552,1552
22207,315095608,162475,162475,312701472,162076,162076,298266624,150656,150656,0,0,0,2394136,399,399,1151412,171,171
22217,315267859,172251,172251,312872500,171028,171028,298428672,162048,162048,0,0,0,2395359,1223,1223,1152443,1031,1031
22225,315448584,180725,180725,313052905,180405,180405,298599680,171008,171008,0,0,0,2395679,320,320,1152472,29,29
22234,315631783,183199,183199,313233980,181075,181075,298780032,180352,180352,0,0,0,2397803,2124,2124,1152495,23,23
22242,315821732,189949,189949,313423636,189656,189656,298961024,180992,180992,0,0,0,2398096,293,293,1152540,45,45
22250,316020985,199253,199253,313622427,198791,198791,299150592,189568,189568,0,0,0,2398558,462,462,1152678,138,138
22257,316227756,206771,206771,313828795,206368,206368,299349248,198656,198656,0,0,0,2398961,403,403,1152738,60,60
22266,316439555,211799,211799,314040388,211593,211593,299555584,206336,206336,0,0,0,2399167,206,206,1152797,59,59
22276,316660655,221100,221100,314260461,220073,220073,299767040,211456,211456,0,0,0,2400194,1027,1027,1153313,516,516
22290,316886322,225667,225667,314481692,221231,221231,299987072,220032,220032,0,0,0,2404630,4436,4436,1154838,1525,1525
22298,317119003,232681,232681,314713146,231454,231454,300208256,221184,221184,0,0,0,2405857,1227,1227,1154887,49,49
22306,317352799,233796,233796,314945932,232786,232786,300439296,231040,231040,0,0,0,2406867,1010,1010,1155062,175,175
22321,317590088,237289,237289,315180400,234468,234468,300672000,232704,232704,0,0,0,2409688,2821,2821,1157650,2588,2588
22338,317833643,243555,243555,315421651,241251,241251,300906368,234368,234368,0,0,0,2411992,2304,2304,1159755,2105,2105
22345,317833643,13776,0,315421651,0,0,300906368,0,0,0,0,0,2411992,0,0,1159755,0,0
22352,317855269,21626,21626,315443209,21558,21558,300918272,11904,11904,0,0,0,2412060,68,68,1159755,0,0
22363,317877753,22484,22484,315465348,22139,22139,300939648,21376,21376,0,0,0,2412405,345,345,1159807,52,52
22370,317914377,36624,36624,315501658,36310,36310,300961664,22016,22016,0,0,0,2412719,314,314,1159807,0,0
22377,317962894,48517,48517,315549581,47923,47923,300997760,36096,36096,0,0,0,2413313,594,594,1160323,516,516
22387,318021406,58512,58512,315607457,57876,57876,301045504,47744,47744,0,0,0,2413949,636,636,1160839,516,516
22395,318092897,71491,71491,315678607,71150,71150,301103232,57728,57728,0,0,0,2414290,341,341,1160926,87,87
22403,318173212,80315,80315,315758757,80150,80150,301174144,70912,70912,0,0,0,2414455,165,165,1160969,43,43
22413,318264357,91145,91145,315849580,90823,90823,301254144,80000,80000,0,0,0,2414777,322,322,1161041,72,72
22423,318361955,97598,97598,315947044,97464,97464,301344768,90624,90624,0,0,0,2414911,134,134,1161049,8,8
22428,318459952,97997,97997,316044984,97940,97940,301441792,97024,97024,0,0,0,2414968,57,57,1161049,0,0
22436,318558608,98656,98656,316143056,98072,98072,301539712,97920,97920,0,0,0,2415552,584,584,1161565,516,516
22443,318660719,102111,102111,316243397,100341,100341,301637760,98048,98048,0,0,0,2417322,1770,1770,1162081,516,516
22451,318763167,102448,102448,316345569,102172,102172,301737984,100224,100224,0,0,0,2417598,276,276,1162161,80,80
22458,318869863,106696,106696,316451152,105583,105583,301840128,102144,102144,0,0,0,2418711,1113,1113,1162677,516,516
22468,318976913,107050,107050,316557922,106770,106770,301945600,105472,105472,0,0,0,2418991,280,280,1162734,57,57
22477,319084967,108054,108054,316665310,107388,107388,302052352,106752,106752,0,0,0,2419657,666,666,1163250,516,516
22485,319201337,116370,116370,316781429,116119,116119,302159616,107264,107264,0,0,0,2419908,251,251,1163275,25,25
22494,319324935,123598,123598,316904107,122678,122678,302275712,116096,116096,0,0,0,2420828,920,920,1164095,820,820
22505,319458336,133401,133401,317035861,131754,131754,302398336,122624,122624,0,0,0,2422475,1647,1647,1165647,1552,1552
22517,319600356,142020,142020,317176998,141137,141137,302530048,131712,131712,0,0,0,2423358,883,883,1166222,575,575
22523,319742744,142388,142388,317319152,142154,142154,302671104,141056,141056,0,0,0,2423592,234,234,1166239,17,17
22531,319885434,142690,142690,317461679,142527,142527,302813184,142080,142080,0,0,0,2423755,163,163,1166320,81,81
22539,320030802,145368,145368,317606955,145276,145276,302955648,142464,142464,0,0,0,2423847,92,92,1166340,20,20
22546,320178571,147769,147769,317753305,146350,146350,303100800,145152,145152,0,0,0,2425266,1419,1419,1166366,26,26
22555,320326602,148031,148031,317901134,147829,147829,303247104,146304,146304,0,0,0,2425468,202,202,1166452,86,86
22561,320483894,157292,157292,318058202,157068,157068,303394816,147712,147712,0,0,0,2425692,224,224,1166550,98,98
22569,320641782,157888,157888,318215584,157382,157382,303551872,157056,157056,0,0,0,2426198,506,506,1166963,413,413
22577,320806889,165107,165107,318380157,164573,164573,303709184,157312,157312,0,0,0,2426732,534,534,1167259,296,296
22584,320972259,165370,165370,318545407,165250,165250,303873664,164480,164480,0,0,0,2426852,120,120,1167270,11,11
22595,321139107,166848,166848,318711191,165784,165784,304038784,165120,165120,0,0,0,2427916,1064,1064,1167786,516,516
22604,321306855,167748,167748,318878803,167612,167612,304204544,165760,165760,0,0,0,2428052,136,136,1167809,23,23
22611,321476941,170086,170086,319048260,169457,169457,304372096,167552,167552,0,0,0,2428681,629,629,1168231,422,422
22619,321647494,170553,170553,319218436,170176,170176,304541440,169344,169344,0,0,0,2429058,377,377,1168425,194,194
22627,321826327,178833,178833,319396922,178486,178486,304711552,170112,170112,0,0,0,2429405,347,347,1168589,164,164
22635,322009357,183030,183030,319579818,182896,182896,304889984,178432,178432,0,0,0,2429539,134,134,1168617,28,28
22645,322196896,187539,187539,319766392,186574,186574,305072768,182784,182784,0,0,0,2430504,965,965,1169443,826,826
22653,322393346,196450,196450,319962475,196083,196083,305259264,186496,186496,0,0,0,2430871,367,367,1169630,187,187
22667,322602207,208861,208861,320169138,206663,206663,305455232,195968,195968,0,0,0,2433069,2198,2198,1171511,1881,1881
22675,322815229,213022,213022,320381812,212674,212674,305661824,206592,206592,0,0,0,2433417,348,348,1171749,238,238
22686,323029825,214596,214596,320595119,213307,213307,305874432,212608,212608,0,0,0,2434706,1289,1289,1172926,1177,1177
22693,323253185,223360,223360,320817395,222276,222276,306087680,213248,213248,0,0,0,2435790,1084,1084,1173215,289,289
22707,323477018,223833,223833,321040881,223486,223486,306309888,222208,222208,0,0,0,2436137,347,347,1173278,63,63
22727,323707899,230881,230881,321268788,227907,227907,306533248,223360,223360,0,0,0,2439111,2974,2974,1175925,2647,2647
22738,323948182,240283,240283,321507934,239146,239146,306761088,227840,227840,0,0,0,2440248,1137,1137,1176956,1031,1031
22746,324194212,246030,246030,321753527,245593,245593,307000192,239104,239104,0,0,0,2440685,437,437,1177239,283,283
22752,324194212,13560,0,321753527,0,0,307000192,0,0,0,0,0,2440685,0,0,1177239,0,0
22758,324215523,21311,21311,321774752,21225,21225,307012096,11904,11904,0,0,0,2440771,86,86,1177239,0,0
22769,324238956,23433,23433,321797593,22841,22841,307033088,20992,20992,0,0,0,2441363,592,592,1177370,131,131
22778,324273322,34366,34366,321831711,34118,34118,307044992,11904,11904,0,0,0,2441611,248,248,1177402,32,32
22788,324323422,50100,50100,321879443,47732,47732,307078912,33920,33920,0,0,0,2443979,2368,2368,1178313,911,911
22799,324373861,50439,50439,321929638,50195,50195,307126016,47104,47104,0,0,0,2444223,244,244,1178330,17,17
22809,324435837,61976,61976,321988850,59212,59212,307176064,50048,50048,0,0,0,2446987,2764,2764,1178846,516,516
22818,324505308,69471,69471,322055124,66274,66274,307235200,59136,59136,0,0,0,2450184,3197,3197,1179362,516,516
22831,324576826,71518,71518,322125554,70430,70430,307300992,65792,65792,0,0,0,2451272,1088,1088,1179595,233,233
22838,324657208,80382,80382,322205331,79777,79777,307371264,70272,70272,0,0,0,2451877,605,605,1180111,516,516
22846,324739125,81917,81917,322287053,81722,81722,307450880,79616,79616,0,0,0,2452072,195,195,1180156,45,45
22854,324829640,90515,90515,322374319,87266,87266,307532416,81536,81536,0,0,0,2455321,3249,3249,1180261,105,105
22862,324923798,94158,94158,322467661,93342,93342,307619456,87040,87040,0,0,0,2456137,816,816,1180656,395,395
22874,325021721,97923,97923,322564413,96752,96752,307712640,93184,93184,0,0,0,2457308,1171,1171,1180670,14,14
22882,325120940,99219,99219,322662890,98477,98477,307809280,96640,96640,0,0,0,2458050,742,742,1181069,399,399
22892,325234772,113832,113832,322774532,111642,111642,307907584,98304,98304,0,0,0,2460240,2190,2190,1181395,326,326
22903,325354833,120061,120061,322893079,118547,118547,308019072,111488,111488,0,0,0,2461754,1514,1514,1181674,279,279
22915,325476556,121723,121723,323013621,120542,120542,308137088,118016,118016,0,0,0,2462935,1181,1181,1182556,882,882
22927,325610895,134339,134339,323146631,133010,133010,308257536,120448,120448,0,0,0,2464264,1329,1329,1183670,1114,1114
22966,325762841,151946,151946,323289681,143050,143050,308390400,132864,132864,0,0,0,2473160,8896,8896,1192474,8804,8804
22976,325923092,160251,160251,323449524,159843,159843,308533376,142976,142976,0,0,0,2473568,408,408,1192533,59,59
22984,326093963,170871,170871,323620252,170728,170728,308693120,159744,159744,0,0,0,2473711,143,143,1192559,26,26
22993,326274809,180846,180846,323800706,180454,180454,308863744,170624,170624,0,0,0,2474103,392,392,1192624,65,65
23005,326463351,188542,188542,323987986,187280,187280,309044096,180352,180352,0,0,0,2475365,1262,1262,1193521,897,897
23020,326669097,205746,205746,324191381,203395,203395,309231232,187136,187136,0,0,0,2477716,2351,2351,1195741,2220,2220
23037,326884932,215835,215835,324405249,213868,213868,309434240,203008,203008,0,0,0,2479683,1967,1967,1197309,1568,1568
23047,327111717,226785,226785,324631173,225924,225924,309648000,213760,213760,0,0,0,2480544,861,861,1197942,633,633
23059,327352274,240557,240557,324867886,236713,236713,309873792,225792,225792,0,0,0,2484388,3844,3844,1199237,1295,1295
23073,327595733,243459,243459,325109017,241131,241131,310110336,236544,236544,0,0,0,2486716,2328,2328,1200692,1455,1455
23084,327841559,245826,245826,325352889,243872,243872,310351360,241024,241024,0,0,0,2488670,1954,1954,1200754,62,62
23090,327841559,13356,0,325352889,0,0,310351360,0,0,0,0,0,2488670,0,0,1200754,0,0
23100,327862819,21260,21260,325373930,21041,21041,310363264,11904,11904,0,0,0,2488889,219,219,1200776,22,22
23108,327885923,23104,23104,325396740,22810,22810,310384128,20864,20864,0,0,0,2489183,294,294,1200856,80,80
23117,327921493,35570,35570,325431919,35179,35179,310406784,22656,22656,0,0,0,2489574,391,391,1200872,16,16
23126,327967762,46269,46269,325477819,45900,45900,310441472,34688,34688,0,0,0,2489943,369,369,1200929,57,57
23137,328024760,56998,56998,325534487,56668,56668,310487296,45824,45824,0,0,0,2490273,330,330,1200957,28,28
23144,328088040,63280,63280,325596690,62203,62203,310543872,56576,56576,0,0,0,2491350,1077,1077,1201446,489,489
23152,328153799,65759,65759,325660063,63373,63373,310605952,62080,62080,0,0,0,2493736,2386,2386,1201715,269,269
23160,328220182,66383,66383,325725898,65835,65835,310669184,63232,63232,0,0,0,2494284,548,548,1201737,22,22
23168,328295316,75134,75134,325800595,74697,74697,310734848,65664,65664,0,0,0,2494721,437,437,1201988,251,251
23178,328373700,78384,78384,325878009,77414,77414,310809344,74496,74496,0,0,0,2495691,970,970,1202468,480,480
23186,328458128,84428,84428,325959978,81969,81969,310886528,77184,77184,0,0,0,2498150,2459,2459,1202530,62,62
23195,328547409,89281,89281,326045634,85656,85656,310968320,81792,81792,0,0,0,2501775,3625,3625,1202719,189,189
23202,328641626,94217,94217,326138944,93310,93310,311053824,85504,85504,0,0,0,2502682,907,907,1203003,284,284
23210,328745159,103533,103533,326242254,103310,103310,311146624,92800,92800,0,0,0,2502905,223,223,1203109,106,106
23216,328850469,105310,105310,326346304,104050,104050,311249920,103296,103296,0,0,0,2504165,1260,1260,1203312,203,203
23229,328957035,106566,106566,326451674,105370,105370,311353856,103936,103936,0,0,0,2505361,1196,1196,1204190,878,878
23237,329074741,117706,117706,326568991,117317,117317,311459200,105344,105344,0,0,0,2505750,389,389,1204267,77,77
23245,329199344,124603,124603,326692125,123134,123134,311576448,117248,117248,0,0,0,2507219,1469,1469,1204737,470,470
23259,329326662,127318,127318,326817577,125452,125452,311699456,123008,123008,0,0,0,2509085,1866,1866,1205771,1034,1034
23267,329458950,132288,132288,326949410,131833,131833,311824896,125440,125440,0,0,0,2509540,455,455,1205850,79,79
23283,329599956,141006,141006,327088042,138632,138632,311956608,131712,131712,0,0,0,2511914,2374,2374,1207980,2130,2130
23293,329753433,153477,153477,327240761,152719,152719,312095104,138496,138496,0,0,0,2512672,758,758,1208554,574,574
23307,329917785,164352,164352,327403032,162271,162271,312247680,152576,152576,0,0,0,2514753,2081,2081,1210430,1876,1876
23322,330095677,177892,177892,327578885,175853,175853,312409856,162176,162176,0,0,0,2516792,2039,2039,1212321,1891,1891
23329,330281942,186265,186265,327764575,185690,185690,312585600,175744,175744,0,0,0,2517367,575,575,1212812,491,491
23337,330476565,194623,194623,327958884,194309,194309,312771200,185600,185600,0,0,0,2517681,314,314,1212867,55,55
23357,330685073,208508,208508,328163566,204682,204682,312965376,194176,194176,0,0,0,2521507,3826,3826,1216491,3624,3624
23365,330900054,214981,214981,328376993,213427,213427,313169920,204544,204544,0,0,0,2523061,1554,1554,1216574,83,83
23376,331117340,217286,217286,328593329,216336,216336,313383168,213248,213248,0,0,0,2524011,950,950,1217325,751,751
23385,331345460,228120,228120,328820416,227087,227087,313599360,216192,216192,0,0,0,2525044,1033,1033,1218217,892,892
23394,331582553,237093,237093,329056665,236249,236249,313826304,226944,226944,0,0,0,2525888,844,844,1218327,110,110
23404,331823173,240620,240620,329295374,238709,238709,314062336,236032,236032,0,0,0,2527799,1911,1911,1219794,1467,1467
23412,332064423,241250,241250,329536078,240704,240704,314300800,238464,238464,0,0,0,2528345,546,546,1219810,16,16
23422,332308487,244064,244064,329777423,241345,241345,314541312,240512,240512,0,0,0,2531064,2719,2719,1220326,516,516
23429,332552918,244431,244431,330021581,244158,244158,314782464,241152,241152,0,0,0,2531337,273,273,1220510,184,184
23435,332552918,13792,0,330021581,0,0,314782464,0,0,0,0,0,2531337,0,0,1220510,0,0
23442,332574452,21534,21534,330043026,21445,21445,314794368,11904,11904,0,0,0,2531426,89,89,1220510,0,0
23454,332596972,22520,22520,330065250,22224,22224,314806272,11904,11904,0,0,0,2531722,296,296,1220549,39,39
23463,332623625,26653,26653,330091129,25879,25879,314827520,21248,21248,0,0,0,2532496,774,774,1221065,516,516
23472,332656345,32720,32720,330123582,32453,32453,314853248,25728,25728,0,0,0,2532763,267,267,1221110,45,45
23484,332693931,37586,37586,330159971,36389,36389,314885504,32256,32256,0,0,0,2533960,1197,1197,1222144,1034,1034
23489,332739795,45864,45864,330205749,45778,45778,314921728,36224,36224,0,0,0,2534046,86,86,1222144,0,0
23496,332790498,50703,50703,330254183,48434,48434,314967296,45568,45568,0,0,0,2536315,2269,2269,1222461,317,317
23502,332841931,51433,51433,330304911,50728,50728,315015552,48256,48256,0,0,0,2537020,705,705,1222461,0,0
23516,332894392,52461,52461,330356468,51557,51557,315066112,50560,50560,0,0,0,2537924,904,904,1222475,14,14
23525,332949116,54724,54724,330410385,53917,53917,315117440,51328,51328,0,0,0,2538731,807,807,1222989,514,514
23533,333014370,65254,65254,330475333,64948,64948,315171200,53760,53760,0,0,0,2539037,306,306,1223077,88,88
23543,333084647,70277,70277,330544368,69035,69035,315235968,64768,64768,0,0,0,2540279,1242,1242,1224097,1020,1020
23553,333161217,76570,76570,330620005,75637,75637,315304832,68864,68864,0,0,0,2541212,933,933,1224824,727,727
23560,333242107,80890,80890,330700656,80651,80651,315380352,75520,75520,0,0,0,2541451,239,239,1224966,142,142
23573,333324341,82234,82234,330781723,81067,81067,315460864,80512,80512,0,0,0,2542618,1167,1167,1225918,952,952
23581,333415070,90729,90729,330870064,88341,88341,315541760,80896,80896,0,0,0,2545006,2388,2388,1225971,53,53
23590,333509728,94658,94658,330964555,94491,94491,315629952,88192,88192,0,0,0,2545173,167,167,1226033,62,62
23597,333608738,99010,99010,331063367,98812,98812,315724288,94336,94336,0,0,0,2545371,198,198,1226050,17,17
23605,333707964,99226,99226,331162498,99131,99131,315822976,98688,98688,0,0,0,2545466,95,95,1226070,20,20
23615,333808172,100208,100208,331261846,99348,99348,315921920,98944,98944,0,0,0,2546326,860,860,1226315,245,245
23627,333908817,100645,100645,331362229,100383,100383,316021120,99200,99200,0,0,0,2546588,262,262,1226346,31,31
23632,334012462,103645,103645,331465765,103536,103536,316121344,100224,100224,0,0,0,2546697,109,109,1226346,0,0
23641,334121036,108574,108574,331572223,106458,106458,316224768,103424,103424,0,0,0,2548813,2116,2116,1226826,480,480
23655,334231784,110748,110748,331681017,108794,108794,316330624,105856,105856,0,0,0,2550767,1954,1954,1228613,1787,1787
23663,334351356,119572,119572,331799918,118901,118901,316439296,108672,108672,0,0,0,2551438,671,671,1228677,64,64
23680,334477334,125978,125978,331924006,124088,124088,316558080,118784,118784,0,0,0,2553328,1890,1890,1229796,1119,1119
23691,334614371,137037,137037,332058819,134813,134813,316682112,124032,124032,0,0,0,2555552,2224,2224,1230269,473,473
23705,334753384,139013,139013,332196022,137203,137203,316816896,134784,134784,0,0,0,2557362,1810,1810,1231821,1552,1552
23717,334894704,141320,141320,332336139,140117,140117,316953984,137088,137088,0,0,0,2558565,1203,1203,1232941,1120,1120
23727,335044452,149748,149748,332482980,146841,146841,317094016,140032,140032,0,0,0,2561472,2907,2907,1233626,685,685
23743,335196064,151612,151612,332632796,149816,149816,317240832,146816,146816,0,0,0,2563268,1796,1796,1234596,970,970
23749,335349428,153364,153364,332785797,153001,153001,317390592,149760,149760,0,0,0,2563631,363,363,1234786,190,190
23758,335503088,153660,153660,332939259,153462,153462,317543552,152960,152960,0,0,0,2563829,198,198,1234879,93,93
23769,335659270,156182,156182,333094252,154993,154993,317696896,153344,153344,0,0,0,2565018,1189,1189,1235506,627,627
23780,335816169,156899,156899,333250597,156345,156345,317851776,154880,154880,0,0,0,2565572,554,554,1235558,52,52
23792,335975155,158986,158986,333407725,157128,157128,318008064,156288,156288,0,0,0,2567430,1858,1858,1235966,408,408
23800,336135390,160235,160235,333567665,159940,159940,318165120,157056,157056,0,0,0,2567725,295,295,1236075,109,109
23810,336297077,161687,161687,333728324,160659,160659,318324992,159872,159872,0,0,0,2568753,1028,1028,1236890,815,815
23824,336462376,165299,165299,333891598,163274,163274,318485632,160640,160640,0,0,0,2570778,2025,2025,1238778,1888,1888
23831,336632478,170102,170102,334061185,169587,169587,318648832,163200,163200,0,0,0,2571293,515,515,1239107,329,329
23849,336809036,176558,176558,334235380,174195,174195,318818304,169472,169472,0,0,0,2573656,2363,2363,1241253,2146,2146
23862,336989052,180016,180016,334413719,178339,178339,318992384,174080,174080,0,0,0,2575333,1677,1677,1242328,1075,1075
23871,337172077,183025,183025,334593765,180046,180046,319170688,178304,178304,0,0,0,2578312,2979,2979,1243068,740,740
23880,337356555,184478,184478,334776850,183085,183085,319350656,179968,179968,0,0,0,2579705,1393,1393,1243584,516,516
23889,337542292,185737,185737,334961571,184721,184721,319533696,183040,183040,0,0,0,2580721,1016,1016,1244100,516,516
23902,337730119,187827,187827,335147839,186268,186268,319718272,184576,184576,0,0,0,2582280,1559,1559,1245578,1478,1478
23912,337919135,189016,189016,335336563,188724,188724,319904512,186240,186240,0,0,0,2582572,292,292,1245604,26,26
23925,338111470,192335,192335,335526911,190348,190348,320093184,188672,188672,0,0,0,2584559,1987,1987,1247456,1852,1852
23937,338306817,195347,195347,335719623,192712,192712,320283392,190208,190208,0,0,0,2587194,2635,2635,1248587,1131,1131
23953,338504246,197429,197429,335915030,195407,195407,320476032,192640,192640,0,0,0,2589216,2022,2022,1250363,1776,1776
23962,338703960,199714,199714,336114356,199326,199326,320671360,195328,195328,0,0,0,2589604,388,388,1250557,194,194
23973,338906155,202195,202195,336314963,200607,200607,320870656,199296,199296,0,0,0,2591192,1588,1588,1251791,1234,1234
23984,339108756,202601,202601,336517342,202379,202379,321071232,200576,200576,0,0,0,2591414,222,222,1251811,20,20
23991,339312477,203721,203721,336720618,203276,203276,321273472,202240,202240,0,0,0,2591859,445,445,1251961,150,150
23999,339516917,204440,204440,336924520,203902,203902,321476608,203136,203136,0,0,0,2592397,538,538,1252331,370,370
24009,339723407,206490,206490,337129387,204867,204867,321680384,203776,203776,0,0,0,2594020,1623,1623,1253365,1034,1034
24018,339931564,208157,208157,337335977,206590,206590,321885184,204800,204800,0,0,0,2595587,1567,1567,1253881,516,516
24029,340143136,211572,211572,337544330,208353,208353,322091648,206464,206464,0,0,0,2598806,3219,3219,1254697,816,816
24039,340355272,212136,212136,337756109,211779,211779,322299904,208256,208256,0,0,0,2599163,357,357,1254908,211,211
24047,340567921,212649,212649,337968466,212357,212357,322511616,211712,211712,0,0,0,2599455,292,292,1254921,13,13
24056,340781508,213587,213587,338181354,212888,212888,322723840,212224,212224,0,0,0,2600154,699,699,1255259,338,338
24067,340996224,214716,214716,338395365,214011,214011,322936704,212864,212864,0,0,0,2600859,705,705,1255296,37,37
24078,341211520,215296,215296,338610323,214958,214958,323150592,213888,213888,0,0,0,2601197,338,338,1255463,167,167
24091,341429751,218231,218231,338826749,216426,216426,323365504,214912,214912,0,0,0,2603002,1805,1805,1256615,1152,1152
24106,341649187,219436,219436,339045111,218362,218362,323581824,216320,216320,0,0,0,2604076,1074,1074,1256789,174,174
24117,341872630,223443,223443,339265579,220468,220468,323800064,218240,218240,0,0,0,2607051,2975,2975,1257940,1151,1151
24125,342097300,224670,224670,339489086,223507,223507,324020480,220416,220416,0,0,0,2608214,1163,1163,1258441,501,501
24139,342327161,229861,229861,339714591,225505,225505,324243968,223488,223488,0,0,0,2612570,4356,4356,1260418,1977,1977
24148,342557242,230081,230081,339944511,229920,229920,324469376,225408,225408,0,0,0,2612731,161,161,1260489,71,71
24156,342788838,231596,231596,340174796,230285,230285,324699264,229888,229888,0,0,0,2614042,1311,1311,1260858,369,369
24170,343021255,232417,232417,340406647,231851,231851,324929408,230144,230144,0,0,0,2614608,566,566,1260969,111,111
24188,343258286,237031,237031,340640013,233366,233366,325161216,231808,231808,0,0,0,2618273,3665,3665,1264075,3106,3106
24203,343498388,240102,240102,340878226,238213,238213,325394560,233344,233344,0,0,0,2620162,1889,1889,1265716,1641,1641
24212,343740897,242509,242509,341118772,240546,240546,325632640,238080,238080,0,0,0,2622125,1963,1963,1266463,747,747
24233,343987261,246364,246364,341361342,242570,242570,325873152,240512,240512,0,0,0,2625919,3794,3794,1270087,3624,3624
24240,343987261,14188,0,341361342,0,0,325873152,0,0,0,0,0,2625919,0,0,1270087,0,0
24251,344009709,22448,22448,341383540,22198,22198,325885056,11904,11904,0,0,0,2626169,250,250,1270116,29,29
24261,344033583,23874,23874,341407109,23569,23569,325907072,22016,22016,0,0,0,2626474,305,305,1270229,113,113
24270,344065545,31962,31962,341438651,31542,31542,325930496,23424,23424,0,0,0,2626894,420,420,1270463,234,234
24279,344103806,38261,38261,341474556,35905,35905,325961856,31360,31360,0,0,0,2629250,2356,2356,1270564,101,101
24286,344142702,38896,38896,341512843,38287,38287,325997568,35712,35712,0,0,0,2629859,609,609,1270621,57,57
24297,344181914,39212,39212,341551837,38994,38994,326035712,38144,38144,0,0,0,2630077,218,218,1270638,17,17
24306,344228328,46414,46414,341597196,45359,45359,326074496,38784,38784,0,0,0,2631132,1055,1055,1270860,222,222
24316,344275370,47042,47042,341644014,46818,46818,326119680,45184,45184,0,0,0,2631356,224,224,1270871,11,11
24322,344325941,50571,50571,341693489,49475,49475,326166272,46592,46592,0,0,0,2632452,1096,1096,1270976,105,105
24330,344377756,51815,51815,341744155,50666,50666,326215552,49280,49280,0,0,0,2633601,1149,1149,1270995,19,19
24344,344431881,54125,54125,341797339,53184,53184,326265984,50432,50432,0,0,0,2634542,941,941,1271035,40,40
24352,344488834,56953,56953,341853388,56049,56049,326318976,52992,52992,0,0,0,2635446,904,904,1271043,8,8
24362,344547136,58302,58302,341911152,57764,57764,326374784,55808,55808,0,0,0,2635984,538,538,1271083,40,40
24371,344606515,59379,59379,341969949,58797,58797,326432384,57600,57600,0,0,0,2636566,582,582,1271437,354,354
24379,344669995,63480,63480,342031828,61879,61879,326491008,58624,58624,0,0,0,2638167,1601,1601,1271702,265,265
24391,344737705,67710,67710,342095366,63538,63538,326552704,61696,61696,0,0,0,2642339,4172,4172,1272674,972,972
24399,344806250,68545,68545,342163530,68164,68164,326616064,63360,63360,0,0,0,2642720,381,381,1272866,192,192
24408,344876927,70677,70677,342232696,69166,69166,326684032,67968,67968,0,0,0,2644231,1511,1511,1273131,265,265
24415,344948197,71270,71270,342303666,70970,70970,326753024,68992,68992,0,0,0,2644531,300,300,1273166,35,35
24423,345020735,72538,72538,342375063,71397,71397,326823808,70784,70784,0,0,0,2645672,1141,1141,1273278,112,112
24434,345096201,75466,75466,342448086,73023,73023,326894976,71168,71168,0,0,0,2648115,2443,2443,1274107,829,829
24446,345174755,78554,78554,342525052,76966,76966,326967808,72832,72832,0,0,0,2649703,1588,1588,1274831,724,724
24460,345266323,91568,91568,342614698,89646,89646,327044608,76800,76800,0,0,0,2651625,1922,1922,1276480,1649,1649
24468,345363161,96838,96838,342711201,96503,96503,327134080,89472,89472,0,0,0,2651960,335,335,1276642,162,162
24482,345470384,107223,107223,342816519,105318,105318,327230464,96384,96384,0,0,0,2653865,1905,1905,1278356,1714,1714
24493,345580533,110149,110149,342925861,109342,109342,327335552,105088,105088,0,0,0,2654672,807,807,1278933,577,577
24513,345698995,118462,118462,343040533,114672,114672,327444736,109184,109184,0,0,0,2658462,3790,3790,1281964,3031,3031
24522,345820100,121105,121105,343159912,119379,119379,327559168,114432,114432,0,0,0,2660188,1726,1726,1282480,516,516
24532,345943483,123383,123383,343281233,121321,121321,327678336,119168,119168,0,0,0,2662250,2062,2062,1282996,516,516
24546,346070810,127327,127327,343405155,123922,123922,327799424,121088,121088,0,0,0,2665655,3405,3405,1285066,2070,2070
24554,346198665,127855,127855,343532708,127553,127553,327923200,123776,123776,0,0,0,2665957,302,302,1285081,15,15
24565,346327114,128449,128449,343660830,128122,128122,328050560,127360,127360,0,0,0,2666284,327,327,1285220,139,139
24574,346458993,131879,131879,343791357,130527,130527,328178560,128000,128000,0,0,0,2667636,1352,1352,1285558,338,338
24582,346591178,132185,132185,343923333,131976,131976,328308864,130304,130304,0,0,0,2667845,209,209,1285616,58,58
24593,346725798,134620,134620,344055854,132521,132521,328440704,131840,131840,0,0,0,2669944,2099,2099,1286221,605,605
24602,346861660,135862,135862,344190668,134814,134814,328573056,132352,132352,0,0,0,2670992,1048,1048,1286236,15,15
24615,346998287,136627,136627,344326887,136219,136219,328707712,134656,134656,0,0,0,2671400,408,408,1286262,26,26
24626,347136158,137871,137871,344464342,137455,137455,328843776,136064,136064,0,0,0,2671816,416,416,1286459,197,197
24634,347284790,148632,148632,344612682,148340,148340,328980992,137216,137216,0,0,0,2672108,292,292,1286481,22,22
24643,347435155,150365,150365,344762547,149865,149865,329129216,148224,148224,0,0,0,2672608,500,500,1286733,252,252
24651,347590531,155376,155376,344914908,152361,152361,329278848,149632,149632,0,0,0,2675623,3015,3015,1286750,17,17
24659,347746498,155967,155967,345070385,155477,155477,329431040,152192,152192,0,0,0,2676113,490,490,1287025,275,275
24670,347904417,157919,157919,345227609,157224,157224,329586304,155264,155264,0,0,0,2676808,695,695,1287393,368,368
24678,348067901,163484,163484,345390955,163346,163346,329743360,157056,157056,0,0,0,2676946,138,138,1287402,9,9
24691,348238516,170615,170615,345560441,169486,169486,329906560,163200,163200,0,0,0,2678075,1129,1129,1288120,718,718
24699,348409971,171455,171455,345731572,171131,171131,330075904,169344,169344,0,0,0,2678399,324,324,1288273,153,153
24707,348585870,175899,175899,345905575,174003,174003,330246912,171008,171008,0,0,0,2680295,1896,1896,1288420,147,147
24718,348764030,178160,178160,346081931,176356,176356,330420736,173824,173824,0,0,0,2682099,1804,1804,1289113,693,693
24730,348945604,181574,181574,346260389,178458,178458,330596864,176128,176128,0,0,0,2685215,3116,3116,1289948,835,835
24739,349127525,181921,181921,346442092,181703,181703,330775168,178304,178304,0,0,0,2685433,218,218,1290011,63,63
24748,349311568,184043,184043,346625394,183302,183302,330956672,181504,181504,0,0,0,2686174,741,741,1290278,267,267
24756,349497152,185584,185584,346809700,184306,184306,331139840,183168,183168,0,0,0,2687452,1278,1278,1290713,435,435
24765,349685836,188684,188684,346996787,187087,187087,331323904,184064,184064,0,0,0,2689049,1597,1597,1291743,1030,1030
24774,349875338,189502,189502,347185582,188795,188795,331510784,186880,186880,0,0,0,2689756,707,707,1291932,189,189
24794,350068651,193313,193313,347375856,190274,190274,331699328,188544,188544,0,0,0,2692795,3039,3039,1294675,2743,2743
24802,350265312,196661,196661,347570820,194964,194964,331889408,190080,190080,0,0,0,2694492,1697,1697,1295191,516,516
24818,350464833,199521,199521,347767635,196815,196815,332084224,194816,194816,0,0,0,2697198,2706,2706,1297654,2463,2463
24826,350664935,200102,200102,347967419,199784,199784,332280832,196608,196608,0,0,0,2697516,318,318,1297864,210,210
24833,350866289,201354,201354,348168475,201056,201056,332480384,199552,199552,0,0,0,2697814,298,298,1298091,227,227
24849,351077799,211510,211510,348377755,209280,209280,332681216,200832,200832,0,0,0,2700044,2230,2230,1300225,2134,2134
24856,351290110,212311,212311,348589500,211745,211745,332890368,209152,209152,0,0,0,2700610,566,566,1300249,24,24
24866,351503432,213322,213322,348801994,212494,212494,333101952,211584,211584,0,0,0,2701438,828,828,1300299,50,50
24879,351719956,216524,216524,349015935,213941,213941,333314304,212352,212352,0,0,0,2704021,2583,2583,1301823,1524,1524
24893,351937556,217600,217600,349232677,216742,216742,333528064,213760,213760,0,0,0,2704879,858,858,1302377,554,554
24894,351937556,217600,0,349232677,216742,0,333528064,213760,0,0,0,0,2704879,858,0,1302377,554,0
24911,352157708,220152,220152,349452538,219861,219861,333539968,11904,11904,0,0,0,2705170,291,291,1302464,87,87
24920,352379590,221882,221882,349674068,221530,221530,333759616,219648,219648,0,0,0,2705522,352,352,1302549,85,85
24932,352605099,225509,225509,349896801,222733,222733,333980928,221312,221312,0,0,0,2708298,2776,2776,1303054,505,505
24946,352833893,228794,228794,350123401,226600,226600,334203520,222592,222592,0,0,0,2710492,2194,2194,1305124,2070,2070
24954,353064192,230299,230299,350353099,229698,229698,334429952,226432,226432,0,0,0,2711093,601,601,1305518,394,394
24974,353298461,234269,234269,350584415,231316,231316,334659456,229504,229504,0,0,0,2714046,2953,2953,1308308,2790,2790
24980,353534073,235612,235612,350818904,234489,234489,334890624,231168,231168,0,0,0,2715169,1123,1123,1308531,223,223
24989,353772753,238680,238680,351054577,235673,235673,335124864,234240,234240,0,0,0,2718176,3007,3007,1308770,239,239
25005,354015890,243137,243137,351293855,239278,239278,335360384,235520,235520,0,0,0,2722035,3859,3859,1310668,1898,1898
25019,354263598,247708,247708,351537088,243233,243233,335599488,239104,239104,0,0,0,2726510,4475,4475,1312738,2070,2070
25027,354263598,15048,0,351537088,0,0,335599488,0,0,0,0,0,2726510,0,0,1312738,0,0
25034,354287067,23469,23469,351560410,23322,23322,335611392,11904,11904,0,0,0,2726657,147,147,1312738,0,0
25045,354311768,24701,24701,351584802,24392,24392,335634560,23168,23168,0,0,0,2726966,309,309,1312762,24,24
25053,354344956,33188,33188,351617030,32228,32228,335658752,24192,24192,0,0,0,2727926,960,960,1312819,57,57
25059,354379186,34230,34230,351650559,33529,33529,335690752,32000,32000,0,0,0,2728627,701,701,1312819,0,0
25067,354414169,34983,34983,351685258,34699,34699,335724160,33408,33408,0,0,0,2728911,284,284,1312840,21,21
25076,354454881,40712,40712,351724176,38918,38918,335758720,34560,34560,0,0,0,2730705,1794,1794,1313128,288,288
25084,354496396,41515,41515,351764979,40803,40803,335797504,38784,38784,0,0,0,2731417,712,712,1313644,516,516
25091,354539021,42625,42625,351806559,41580,41580,335838080,40576,40576,0,0,0,2732462,1045,1045,1313661,17,17
25099,354582919,43898,43898,351850270,43711,43711,335879424,41344,41344,0,0,0,2732649,187,187,1313731,70,70
25107,354634933,52014,52014,351899150,48880,48880,335922944,43520,43520,0,0,0,2735783,3134,3134,1314071,340,340
25117,354687354,52421,52421,351951262,52112,52112,335971584,48640,48640,0,0,0,2736092,309,309,1314144,73,73
25122,354740940,53586,53586,352004728,53466,53466,336023552,51968,51968,0,0,0,2736212,120,120,1314144,0,0
25129,354804338,63398,63398,352067478,62750,62750,336076800,53248,53248,0,0,0,2736860,648,648,1314660,516,516
25138,354872191,67853,67853,352135180,67702,67702,336139392,62592,62592,0,0,0,2737011,151,151,1314706,46,46
25146,354948011,75820,75820,352210672,75492,75492,336206976,67584,67584,0,0,0,2737339,328,328,1314836,130,130
25154,355033905,85894,85894,352295033,84361,84361,336282240,75264,75264,0,0,0,2738872,1533,1533,1314852,16,16
25165,355120561,86656,86656,352381204,86171,86171,336366464,84224,84224,0,0,0,2739357,485,485,1314972,120,120
25174,355216400,95839,95839,352476337,95133,95133,336452480,86016,86016,0,0,0,2740063,706,706,1315488,516,516
25184,355324477,108077,108077,352582828,106491,106491,336547456,94976,94976,0,0,0,2741649,1586,1586,1316413,925,925
25193,355432827,108350,108350,352691041,108213,108213,336653824,106368,106368,0,0,0,2741786,137,137,1316434,21,21
25207,355548822,115995,115995,352804260,113219,113219,336761856,108032,108032,0,0,0,2744562,2776,2776,1318402,1968,1968
25221,355667988,119166,119166,352920776,116516,116516,336874880,113024,113024,0,0,0,2747212,2650,2650,1319563,1161,1161
25229,355787694,119706,119706,353039967,119191,119191,336991232,116352,116352,0,0,0,2747727,515,515,1319733,170,170
25241,355910408,122714,122714,353160069,120102,120102,337110272,119040,119040,0,0,0,2750339,2612,2612,1320767,1034,1034
25250,356035166,124758,124758,353283007,122938,122938,337230208,119936,119936,0,0,0,2752159,1820,1820,1320817,50,50
25257,356160206,125040,125040,353407893,124886,124886,337352960,122752,122752,0,0,0,2752313,154,154,1320847,30,30
25267,356286595,126389,126389,353533643,125750,125750,337477632,124672,124672,0,0,0,2752952,639,639,1320879,32,32
25285,356415789,129194,129194,353660169,126526,126526,337603200,125568,125568,0,0,0,2755620,2668,2668,1323267,2388,2388
25294,356547498,131709,131709,353789533,129364,129364,337729536,126336,126336,0,0,0,2757965,2345,2345,1323783,516,516
25302,356679687,132189,132189,353921596,132063,132063,337858688,129152,129152,0,0,0,2758091,126,126,1323795,12,12
25311,356820413,140726,140726,354061940,140344,140344,337990528,131840,131840,0,0,0,2758473,382,382,1323851,56,56
25319,356969647,149234,149234,354210801,148861,148861,338130688,140160,140160,0,0,0,2758846,373,373,1324049,198,198
25328,357124002,154355,154355,354362923,152122,152122,338279296,148608,148608,0,0,0,2761079,2233,2233,1324565,516,516
25337,357279575,155573,155573,354518192,155269,155269,338431232,151936,151936,0,0,0,2761383,304,304,1324664,99,99
25348,357443271,163696,163696,354679905,161713,161713,338586368,155136,155136,0,0,0,2763366,1983,1983,1325698,1034,1034
25355,357607985,164714,164714,354844405,164500,164500,338747904,161536,161536,0,0,0,2763580,214,214,1325756,58,58
25364,357776670,168685,168685,355009634,165229,165229,338912256,164352,164352,0,0,0,2767036,3456,3456,1326272,516,516
25382,357949034,172364,172364,355178413,168779,168779,339077248,164992,164992,0,0,0,2770621,3585,3585,1329119,2847,2847
25393,358124230,175196,175196,355351734,173321,173321,339245824,168576,168576,0,0,0,2772496,1875,1875,1329635,516,516
25401,358307562,183332,183332,355534911,183177,183177,339419008,173184,173184,0,0,0,2772651,155,155,1329660,25,25
25411,358497245,189683,189683,355721708,186797,186797,339602048,183040,183040,0,0,0,2775537,2886,2886,1330528,868,868
25421,358689186,191941,191941,355913078,191370,191370,339788672,186624,186624,0,0,0,2776108,571,571,1330549,21,21
25428,358889782,200596,200596,356113270,200192,200192,339979904,191232,191232,0,0,0,2776512,404,404,1330594,45,45
25438,359092528,202746,202746,356314213,200943,200943,340179968,200064,200064,0,0,0,2778315,1803,1803,1331110,516,516
25445,359295666,203138,203138,356517194,202981,202981,340380672,200704,200704,0,0,0,2778472,157,157,1331155,45,45
25453,359504353,208687,208687,356725708,208514,208514,340583424,202752,202752,0,0,0,2778645,173,173,1331171,16,16
25476,359723888,219535,219535,356940849,215141,215141,340791808,208384,208384,0,0,0,2783039,4394,4394,1335221,4050,4050
25488,359948314,224426,224426,357163081,222232,222232,341006720,214912,214912,0,0,0,2785233,2194,2194,1335974,753,753
25505,360177609,229295,229295,357388026,224945,224945,341228416,221696,221696,0,0,0,2789583,4350,4350,1338332,2358,2358
25515,360410172,232563,232563,357617618,229592,229592,341453184,224768,224768,0,0,0,2792554,2971,2971,1339366,1034,1034
25526,360643823,233651,233651,357850277,232659,232659,341682560,229376,229376,0,0,0,2793546,992,992,1340161,795,795
25538,360885822,241999,241999,358086804,236527,236527,341915008,232448,232448,0,0,0,2799018,5472,5472,1341549,1388,1388
25551,361129048,243226,243226,358328898,242094,242094,342151424,236416,236416,0,0,0,2800150,1132,1132,1342359,810,810
25558,361129048,13953,0,358328898,0,0,342151424,0,0,0,0,0,2800150,0,0,1342359,0,0
25568,361151082,22034,22034,358350722,21824,21824,342163328,11904,11904,0,0,0,2800360,210,210,1342390,31,31
25574,361179284,28202,28202,358378686,27964,27964,342184960,21632,21632,0,0,0,2800598,238,238,1342390,0,0
25583,361217527,38243,38243,358416619,37933,37933,342212736,27776,27776,0,0,0,2800908,310,310,1342535,145,145
25589,361257830,40303,40303,358456746,40127,40127,342250496,37760,37760,0,0,0,2801084,176,176,1342589,54,54
25596,361298278,40448,40448,358497086,40340,40340,342290432,39936,39936,0,0,0,2801192,108,108,1342604,15,15
25603,361344983,46705,46705,358542547,45461,45461,342330624,40192,40192,0,0,0,2802436,1244,1244,1342670,66,66
25611,361392603,47620,47620,358589508,46961,46961,342375936,45312,45312,0,0,0,2803095,659,659,1343099,429,429
25619,361452162,59559,59559,358648903,59395,59395,342422656,46720,46720,0,0,0,2803259,164,164,1343115,16,16
25629,361524960,72798,72798,358721348,72445,72445,342481920,59264,59264,0,0,0,2803612,353,353,1343128,13,13
25639,361608415,83455,83455,358802682,81334,81334,342554240,72320,72320,0,0,0,2805733,2121,2121,1344050,922,922
25646,361692259,83844,83844,358886428,83746,83746,342635392,81152,81152,0,0,0,2805831,98,98,1344059,9,9
25653,361777244,84985,84985,358971016,84588,84588,342718976,83584,83584,0,0,0,2806228,397,397,1344073,14,14
25662,361863299,86055,86055,359056450,85434,85434,342803328,84352,84352,0,0,0,2806849,621,621,1344479,406,406
25671,361952417,89118,89118,359144697,88247,88247,342888576,85248,85248,0,0,0,2807720,871,871,1345053,574,574
25678,362042991,90574,90574,359234919,90222,90222,342976640,88064,88064,0,0,0,2808072,352,352,1345311,258,258
25686,362138675,95684,95684,359329093,94174,94174,343066624,89984,89984,0,0,0,2809582,1510,1510,1345568,257,257
25693,362235492,96817,96817,359424896,95803,95803,343160576,93952,93952,0,0,0,2810596,1014,1014,1346084,516,516
25701,362340127,104635,104635,359527139,102243,102243,343256192,95616,95616,0,0,0,2812988,2392,2392,1346600,516,516
25709,362447926,107799,107799,359633175,106036,106036,343358208,102016,102016,0,0,0,2814751,1763,1763,1347003,403,403
25719,362558702,110776,110776,359741096,107921,107921,343464064,105856,105856,0,0,0,2817606,2855,2855,1347519,516,516
25726,362672479,113777,113777,359851939,110843,110843,343571840,107776,107776,0,0,0,2820540,2934,2934,1348035,516,516
25734,362786953,114474,114474,359965782,113843,113843,343682560,110720,110720,0,0,0,2821171,631,631,1348551,516,516
25745,362904568,117615,117615,360081136,115354,115354,343796224,113664,113664,0,0,0,2823432,2261,2261,1349844,1293,1293
25765,363027166,122598,122598,360199518,118382,118382,343911424,115200,115200,0,0,0,2827648,4216,4216,1352658,2814,2814
25772,363150867,123701,123701,360322642,123124,123124,344029568,118144,118144,0,0,0,2828225,577,577,1352926,268,268
25780,363275850,124983,124983,360446447,123805,123805,344152576,123008,123008,0,0,0,2829403,1178,1178,1353115,189,189
25791,363403948,128098,128098,360571946,125499,125499,344276224,123648,123648,0,0,0,2832002,2599,2599,1354359,1244,1244
25799,363532709,128761,128761,360700184,128238,128238,344401536,125312,125312,0,0,0,2832525,523,523,1354772,413,413
25809,363663148,130439,130439,360830273,130089,130089,344529536,128000,128000,0,0,0,2832875,350,350,1354874,102,102
25816,363803037,139889,139889,360969895,139622,139622,344659456,129920,129920,0,0,0,2833142,267,267,1355067,193,193
25823,363945888,142851,142851,361110856,140961,140961,344798848,139392,139392,0,0,0,2835032,1890,1890,1355583,516,516
25832,364091367,145479,145479,361253768,142912,142912,344939648,140800,140800,0,0,0,2837599,2567,2567,1355674,91,91
25839,364237573,146206,146206,361399453,145685,145685,345082368,142720,142720,0,0,0,2838120,521,521,1356053,379,379
25846,364386790,149217,149217,361546698,147245,147245,345227904,145536,145536,0,0,0,2840092,1972,1972,1356306,253,253
25856,364537096,150306,150306,361695983,149285,149285,345374976,147072,147072,0,0,0,2841113,1021,1021,1357059,753,753
25865,364689495,152399,152399,361846659,150676,150676,345524096,149120,149120,0,0,0,2842836,1723,1723,1357081,22,22
25872,364843504,154009,154009,362000090,153431,153431,345674624,150528,150528,0,0,0,2843414,578,578,1357552,471,471
25880,364999402,155898,155898,362155438,155348,155348,345827840,153216,153216,0,0,0,2843964,550,550,1357966,414,414
25888,365165182,165780,165780,362319821,164383,164383,345982976,155136,155136,0,0,0,2845361,1397,1397,1358482,516,516
25894,365331340,166158,166158,362485714,165893,165893,346147200,164224,164224,0,0,0,2845626,265,265,1358668,186,186
25907,365499002,167662,167662,362653143,167429,167429,346312960,165760,165760,0,0,0,2845859,233,233,1358737,69,69
25915,365670294,171292,171292,362823990,170847,170847,346480256,167296,167296,0,0,0,2846304,445,445,1358764,27,27
25922,365850156,179862,179862,363003663,179673,179673,346650880,170624,170624,0,0,0,2846493,189,189,1358799,35,35
25929,366034636,184480,184480,363187950,184287,184287,346830336,179456,179456,0,0,0,2846686,193,193,1358894,95,95
25948,366231421,196785,196785,363381547,193597,193597,347014400,184064,184064,0,0,0,2849874,3188,3188,1361817,2923,2923
25953,366428309,196888,196888,363578390,196843,196843,347207808,193408,193408,0,0,0,2849919,45,45,1361817,0,0
25962,366629390,201081,201081,363776728,198338,198338,347404416,196608,196608,0,0,0,2852662,2743,2743,1362626,809,809
25980,366833749,204359,204359,363977870,201142,201142,347602304,197888,197888,0,0,0,2855879,3217,3217,1365701,3075,3075
25993,367043612,209863,209863,364184513,206643,206643,347803264,200960,200960,0,0,0,2859099,3220,3220,1367617,1916,1916
26000,367253666,210054,210054,364394459,209946,209946,348009728,206464,206464,0,0,0,2859207,108,108,1367643,26,26
26009,367468605,214939,214939,364608861,214402,214402,348219520,209792,209792,0,0,0,2859744,537,537,1368006,363,363
26016,367694497,225892,225892,364834295,225434,225434,348433792,214272,214272,0,0,0,2860202,458,458,1368342,336,336
26023,367921422,226925,226925,365060371,226076,226076,348659072,225280,225280,0,0,0,2861051,849,849,1368372,30,30
26030,368149359,227937,227937,365287970,227599,227599,348884992,225920,225920,0,0,0,2861389,338,338,1368531,159,159
26042,368384405,235046,235046,365521162,233192,233192,349112448,227456,227456,0,0,0,2863243,1854,1854,1370142,1611,1611
26052,368620043,235638,235638,365756277,235115,235115,349345536,233088,233088,0,0,0,2863766,523,523,1370463,321,321
26059,368856720,236677,236677,365992764,236487,236487,349580544,235008,235008,0,0,0,2863956,190,190,1370532,69,69
26076,369098375,241655,241655,366231450,238686,238686,349816832,236288,236288,0,0,0,2866925,2969,2969,1372528,1996,1996
26082,369098375,14016,0,366231450,0,0,349816832,0,0,0,0,0,2866925,0,0,1372528,0,0
26092,369120536,22161,22161,366253371,21921,21921,349828736,11904,11904,0,0,0,2867165,240,240,1372557,29,29
26100,369146461,25925,25925,366278577,25206,25206,349850496,21760,21760,0,0,0,2867884,719,719,1373073,516,516
26108,369181202,34741,34741,366313135,34558,34558,349875584,25088,25088,0,0,0,2868067,183,183,1373088,15,15
26115,369229453,48251,48251,366357104,43969,43969,349910016,34432,34432,0,0,0,2872349,4282,4282,1373488,400,400
26126,369278486,49033,49033,366405382,48278,48278,349953792,43776,43776,0,0,0,2873104,755,755,1373623,135,135
26134,369330275,51789,51789,366456935,51553,51553,350001920,48128,48128,0,0,0,2873340,236,236,1373645,22,22
26142,369393831,63556,63556,366519904,62969,62969,350053248,51328,51328,0,0,0,2873927,587,587,1373690,45,45
26151,369466213,72382,72382,366591688,71784,71784,350116096,62848,62848,0,0,0,2874525,598,598,1373815,125,125
26160,369547974,81761,81761,366673090,81402,81402,350187648,71552,71552,0,0,0,2874884,359,359,1373937,122,122
26172,369643261,95287,95287,366767083,93993,93993,350268928,81280,81280,0,0,0,2876178,1294,1294,1374971,1034,1034
26179,369748005,104744,104744,366871642,104559,104559,350362240,93312,93312,0,0,0,2876363,185,185,1374992,21,21
26187,369861330,113325,113325,366984506,112864,112864,350466688,104448,104448,0,0,0,2876824,461,461,1375195,203,203
26195,369985669,124339,124339,367105998,121492,121492,350579456,112768,112768,0,0,0,2879671,2847,2847,1375711,516,516
26202,370110224,124555,124555,367230361,124363,124363,350700800,121344,121344,0,0,0,2879863,192,192,1375738,27,27
26210,370235359,125135,125135,367355164,124803,124803,350824960,124160,124160,0,0,0,2880195,332,332,1375842,104,104
26218,370367581,132222,132222,367485080,129916,129916,350949632,124672,124672,0,0,0,2882501,2306,2306,1376235,393,393
26229,370501328,133747,133747,367618398,133318,133318,351079424,129792,129792,0,0,0,2882930,429,429,1376278,43,43
26236,370646203,144875,144875,367763081,144683,144683,351212544,133120,133120,0,0,0,2883122,192,192,1376295,17,17
26244,370795310,149107,149107,367911328,148247,148247,351357056,144512,144512,0,0,0,2883982,860,860,1376580,285,285
26253,370945367,150057,150057,368060922,149594,149594,351505152,148096,148096,0,0,0,2884445,463,463,1376851,271,271
26262,371106191,160824,160824,368217533,156611,156611,351654656,149504,149504,0,0,0,2888658,4213,4213,1377453,602,602
26269,371268310,162119,162119,368378386,160853,160853,351810688,156032,156032,0,0,0,2889924,1266,1266,1377834,381,381
26281,371430831,162521,162521,368540603,162217,162217,351971328,160640,160640,0,0,0,2890228,304,304,1377947,113,113
26290,371602695,171864,171864,368711103,170500,170500,352133376,162048,162048,0,0,0,2891592,1364,1364,1378062,115,115
26298,371775791,173096,173096,368883390,172287,172287,352303744,170368,170368,0,0,0,2892401,809,809,1378578,516,516
26307,371961400,185609,185609,369064693,181303,181303,352475904,172160,172160,0,0,0,2896707,4306,4306,1379612,1034,1034
26316,372147566,186166,186166,369250496,185803,185803,352657024,181120,181120,0,0,0,2897070,363,363,1379769,157,157
26324,372342498,194932,194932,369445195,194699,194699,352842624,185600,185600,0,0,0,2897303,233,233,1379800,31,31
26332,372545812,203314,203314,369648280,203085,203085,353037184,194560,194560,0,0,0,2897532,229,229,1379886,86,86
26340,372752905,207093,207093,369854831,206551,206551,353240064,202880,202880,0,0,0,2898074,542,542,1380116,230,230
26349,372968366,215461,215461,370069975,215144,215144,353446016,205952,205952,0,0,0,2898391,317,317,1380283,167,167
26356,373185992,217626,217626,370287506,217531,217531,353661056,215040,215040,0,0,0,2898486,95,95,1380324,41,41
26364,373406042,220050,220050,370507053,219547,219547,353878400,217344,217344,0,0,0,2898989,503,503,1380455,131,131
26373,373629292,223250,223250,370728557,221504,221504,354097792,219392,219392,0,0,0,2900735,1746,1746,1380971,516,516
26381,373859275,229983,229983,370954901,226344,226344,354319104,221312,221312,0,0,0,2904374,3639,3639,1381487,516,516
26390,374090052,230777,230777,371184985,230084,230084,354544896,225792,225792,0,0,0,2905067,693,693,1382003,516,516
26401,374322969,232917,232917,371416075,231090,231090,354774912,230016,230016,0,0,0,2906894,1827,1827,1382664,661,661
26409,374556821,233852,233852,371649682,233607,233607,355005952,231040,231040,0,0,0,2907139,245,245,1382697,33,33
26415,374791524,234703,234703,371884053,234371,234371,355239424,233472,233472,0,0,0,2907471,332,332,1382924,227,227
26429,375027950,236426,236426,372120029,235976,235976,355473664,234240,234240,0,0,0,2907921,450,450,1383104,180,180
26437,375270495,242545,242545,372362275,242246,242246,355709568,235904,235904,0,0,0,2908220,299,299,1383157,53,53
26443,375270495,13332,0,372362275,0,0,355709568,0,0,0,0,0,2908220,0,0,1383157,0,0
26453,375291979,21484,21484,372383579,21304,21304,355721472,11904,11904,0,0,0,2908400,180,180,1383209,52,52
26462,375315207,23228,23228,372406485,22906,22906,355742592,21120,21120,0,0,0,2908722,322,322,1383247,38,38
26470,375350536,35329,35329,372441291,34806,34806,355765376,22784,22784,0,0,0,2909245,523,523,1383261,14,14
26477,375389603,39067,39067,372480238,38947,38947,355800064,34688,34688,0,0,0,2909365,120,120,1383261,0,0
26488,375434596,44993,44993,372524455,44217,44217,355838848,38784,38784,0,0,0,2910141,776,776,1383609,348,348
26497,375491465,56869,56869,372580838,56383,56383,355882880,44032,44032,0,0,0,2910627,486,486,1384026,417,417
26505,375554427,62962,62962,372643484,62646,62646,355939072,56192,56192,0,0,0,2910943,316,316,1384120,94,94
26512,375630201,75774,75774,372716479,72995,72995,356001280,62208,62208,0,0,0,2913722,2779,2779,1384636,516,516
26520,375706662,76461,76461,372792493,76014,76014,356074112,72832,72832,0,0,0,2914169,447,447,1384853,217,217
26528,375794131,87469,87469,372879539,87046,87046,356150016,75904,75904,0,0,0,2914592,423,423,1385075,222,222
26537,375891794,97663,97663,372976324,96785,96785,356236928,86912,86912,0,0,0,2915470,878,878,1385442,367,367
26545,375991124,99330,99330,373075117,98793,98793,356333568,96640,96640,0,0,0,2916007,537,537,1385757,315,315
26552,376096807,105683,105683,373180525,105408,105408,356432256,98688,98688,0,0,0,2916282,275,275,1385804,47,47
26558,376203134,106327,106327,373286797,106272,106272,356537600,105344,105344,0,0,0,2916337,55,55,1385804,0,0
26565,376313831,110697,110697,373397215,110418,110418,356643712,106112,106112,0,0,0,2916616,279,279,1385888,84,84
26575,376425645,111814,111814,373508867,111652,111652,356753536,109824,109824,0,0,0,2916778,162,162,1385915,27,27
26584,376542072,116427,116427,373624896,116029,116029,356865024,111488,111488,0,0,0,2917176,398,398,1386126,211,211
26592,376660521,118449,118449,373742236,117340,117340,356980608,115584,115584,0,0,0,2918285,1109,1109,1386292,166,166
26600,376783971,123450,123450,373860964,118728,118728,357097856,117248,117248,0,0,0,2923007,4722,4722,1386808,516,516
26611,376908267,124296,124296,373984683,123719,123719,357216512,118656,118656,0,0,0,2923584,577,577,1387091,283,283
26620,377036935,128668,128668,374110433,125750,125750,357340160,123648,123648,0,0,0,2926502,2918,2918,1387575,484,484
26629,377167409,130474,130474,374239477,129044,129044,357465856,125696,125696,0,0,0,2927932,1430,1430,1388091,516,516
26636,377299659,132250,132250,374370232,130755,130755,357594880,129024,129024,0,0,0,2929427,1495,1495,1388451,360,360
26643,377433399,133740,133740,374503701,133469,133469,357725568,130688,130688,0,0,0,2929698,271,271,1388660,209,209
26650,377568590,135191,135191,374638475,134774,134774,357858944,133376,133376,0,0,0,2930115,417,417,1388911,251,251
26654,377704030,135440,135440,374773850,135375,135375,357993600,134656,134656,0,0,0,2930180,65,65,1388911,0,0
26668,377841468,137438,137438,374910561,136711,136711,358128896,135296,135296,0,0,0,2930907,727,727,1389384,473,473
26678,377991007,149539,149539,375058901,148340,148340,358265472,136576,136576,0,0,0,2932106,1199,1199,1390418,1034,1034
26686,378149778,158771,158771,375217421,158520,158520,358413696,148224,148224,0,0,0,2932357,251,251,1390450,32,32
26694,378317774,167996,167996,375385052,167631,167631,358572160,158464,158464,0,0,0,2932722,365,365,1390507,57,57
26718,378499556,181782,181782,375562422,177370,177370,358739712,167552,167552,0,0,0,2937134,4412,4412,1394649,4142,4142
26730,378692777,193221,193221,375754274,191852,191852,358916992,177280,177280,0,0,0,2938503,1369,1369,1395848,1199,1199
26741,378899471,206694,206694,375958152,203878,203878,359108736,191744,191744,0,0,0,2941319,2816,2816,1397400,1552,1552
26753,379107949,208478,208478,376164916,206764,206764,359312512,203776,203776,0,0,0,2943033,1714,1714,1398952,1552,1552
26760,379325221,217272,217272,376381894,216978,216978,359519232,206720,206720,0,0,0,2943327,294,294,1399028,76,76
26776,379550459,225238,225238,376605277,223383,223383,359736192,216960,216960,0,0,0,2945182,1855,1855,1400657,1629,1629
26783,379784876,234417,234417,376839277,234000,234000,359959552,223360,223360,0,0,0,2945599,417,417,1400674,17,17
26791,380024273,239397,239397,377076026,236749,236749,360193536,233984,233984,0,0,0,2948247,2648,2648,1401190,516,516
26799,380264069,239796,239796,377315640,239614,239614,360430208,236672,236672,0,0,0,2948429,182,182,1401209,19,19
26808,380506289,242220,242220,377557478,241838,241838,360669696,239488,239488,0,0,0,2948811,382,382,1401393,184,184
26814,380506289,13192,0,377557478,0,0,360669696,0,0,0,0,0,2948811,0,0,1401393,0,0
26825,380527476,21187,21187,377578394,20916,20916,360681600,11904,11904,0,0,0,2949082,271,271,1401450,57,57
26832,380550337,22861,22861,377600976,22582,22582,360702336,20736,20736,0,0,0,2949361,279,279,1401450,0,0
26840,380584818,34481,34481,377634834,33858,33858,360724736,22400,22400,0,0,0,2949984,623,623,1401871,421,421
26849,380635293,50475,50475,377681518,46684,46684,360758400,33664,33664,0,0,0,2953775,3791,3791,1401920,49,49
26857,380688547,53254,53254,377732017,50499,50499,360804864,46464,46464,0,0,0,2956530,2755,2755,1402435,515,515
26864,380743183,54636,54636,377785882,53865,53865,360855168,50304,50304,0,0,0,2957301,771,771,1402557,122,122
26876,380798433,55250,55250,377840578,54696,54696,360908800,53632,53632,0,0,0,2957855,554,554,1402584,27,27
26881,380858131,59698,59698,377898892,58314,58314,360963328,54528,54528,0,0,0,2959239,1384,1384,1402584,0,0
26892,380921375,63244,63244,377959077,60185,60185,361021568,58240,58240,0,0,0,2962298,3059,3059,1403487,903,903
26901,380987012,65637,65637,378023997,64920,64920,361081600,60032,60032,0,0,0,2963015,717,717,1403538,51,51
26911,381054017,67005,67005,378090801,66804,66804,361146368,64768,64768,0,0,0,2963216,201,201,1403565,27,27
26919,381123492,69475,69475,378159153,68352,68352,361213056,66688,66688,0,0,0,2964339,1123,1123,1403799,234,234
26926,381194122,70630,70630,378229676,70523,70523,361281280,68224,68224,0,0,0,2964446,107,107,1403851,52,52
26936,381266136,72014,72014,378301002,71326,71326,361351680,70400,70400,0,0,0,2965134,688,688,1404306,455,455
26944,381348822,82686,82686,378383487,82485,82485,361422848,71168,71168,0,0,0,2965335,201,201,1404326,20,20
26952,381442517,93695,93695,378476976,93489,93489,361505280,82432,82432,0,0,0,2965541,206,206,1404368,42,42
26960,381546155,103638,103638,378580423,103447,103447,361598720,93440,93440,0,0,0,2965732,191,191,1404417,49,49
26978,381654423,108268,108268,378685456,105033,105033,361702016,103296,103296,0,0,0,2968967,3235,3235,1407425,3008,3008
26988,381771535,117112,117112,378802193,116737,116737,361806976,104960,104960,0,0,0,2969342,375,375,1407542,117,117
26996,381898165,126630,126630,378928383,126190,126190,361923584,116608,116608,0,0,0,2969782,440,440,1407566,24,24
27004,382033479,135314,135314,379063557,135174,135174,362049664,126080,126080,0,0,0,2969922,140,140,1407607,41,41
27031,382188436,154957,154957,379212062,148505,148505,362184704,135040,135040,0,0,0,2976374,6452,6452,1413303,5696,5696
27042,382343811,155375,155375,379367101,155039,155039,362333056,148352,148352,0,0,0,2976710,336,336,1413359,56,56
27053,382511802,167991,167991,379534006,166905,166905,362487936,154880,154880,0,0,0,2977796,1086,1086,1414267,908,908
27061,382688703,176901,176901,379710686,176680,176680,362654720,166784,166784,0,0,0,2978017,221,221,1414295,28,28
27069,382870784,182081,182081,379892536,181850,181850,362830976,176256,176256,0,0,0,2978248,231,231,1414353,58,58
27076,383061277,190493,190493,380082815,190279,190279,363012352,181376,181376,0,0,0,2978462,214,214,1414470,117,117
27085,383257295,196018,196018,380275721,192906,192906,363202432,190080,190080,0,0,0,2981574,3112,3112,1415504,1034,1034
27095,383454809,197514,197514,380471767,196046,196046,363395200,192768,192768,0,0,0,2983042,1468,1468,1416058,554,554
27103,383653999,199190,199190,380670847,199080,199080,363591168,195968,195968,0,0,0,2983152,110,110,1416090,32,32
27113,383854642,200643,200643,380870683,199836,199836,363790080,198912,198912,0,0,0,2983959,807,807,1416164,74,74
27121,384058161,203519,203519,381071421,200738,200738,363989760,199680,199680,0,0,0,2986740,2781,2781,1416280,116,116
27133,384264519,206358,206358,381275408,203987,203987,364190336,200576,200576,0,0,0,2989111,2371,2371,1417399,1119,1119
27142,384474613,210094,210094,381482156,206748,206748,364394240,203904,203904,0,0,0,2992457,3346,3346,1418407,1008,1008
27150,384685791,211178,211178,381692284,210128,210128,364600832,206592,206592,0,0,0,2993507,1050,1050,1418681,274,274
27160,384897879,212088,212088,381904070,211786,211786,364810880,210048,210048,0,0,0,2993809,302,302,1418777,96,96
27171,385112353,214474,214474,382116582,212512,212512,365022464,211584,211584,0,0,0,2995771,1962,1962,1419811,1034,1034
27180,385329046,216693,216693,382332549,215967,215967,365234816,212352,212352,0,0,0,2996497,726,726,1420447,636,636
27192,385557333,228287,228287,382559386,226837,226837,365450624,215808,215808,0,0,0,2997947,1450,1450,1421717,1270,1270
27213,385798651,241318,241318,382796752,237366,237366,365677312,226688,226688,0,0,0,3001899,3952,3952,1425522,3805,3805
27222,386041719,243068,243068,383038576,241824,241824,365914496,237184,237184,0,0,0,3003143,1244,1244,1426556,1034,1034
27226,386284973,243254,243254,383281737,243161,243161,366156160,241664,241664,0,0,0,3003236,93,93,1426556,0,0
27238,386529719,244746,244746,383526262,244525,244525,366399232,243072,243072,0,0,0,3003457,221,221,1426556,0,0
27244,386529719,13401,0,383526262,0,0,366399232,0,0,0,0,0,3003457,0,0,1426556,0,0
27255,386551254,21535,21535,383547577,21315,21315,366411136,11904,11904,0,0,0,3003677,220,220,1426631,75,75
27264,386582666,31412,31412,383578765,31188,31188,366432256,21120,21120,0,0,0,3003901,224,224,1426670,39,39
27273,386617000,34334,34334,383612749,33984,33984,366463232,30976,30976,0,0,0,3004251,350,350,1426748,78,78
27285,386664069,47069,47069,383658548,45799,45799,366497024,33792,33792,0,0,0,3005521,1270,1270,1427782,1034,1034
27292,386719591,55522,55522,383713684,55136,55136,366542592,45568,45568,0,0,0,3005907,386,386,1428070,288,288
27301,386784896,65305,65305,383775636,61952,61952,366597504,54912,54912,0,0,0,3009260,3353,3353,1428980,910,910
27308,386850444,65548,65548,383840969,65333,65333,366659328,61824,61824,0,0,0,3009475,215,215,1429066,86,86
27320,386917221,66777,66777,383906576,65607,65607,366724480,65152,65152,0,0,0,3010645,1170,1170,1430100,1034,1034
27328,386985368,68147,68147,383974369,67793,67793,366789888,65408,65408,0,0,0,3010999,354,354,1430164,64,64
27335,387056401,71033,71033,384042607,68238,68238,366857472,67584,67584,0,0,0,3013794,2795,2795,1430164,0,0
27342,387129236,72835,72835,384114884,72277,72277,366925568,68096,68096,0,0,0,3014352,558,558,1430344,180,180
27349,387202738,73502,73502,384187780,72896,72896,366997632,72064,72064,0,0,0,3014958,606,606,1430860,516,516
27361,387278640,75902,75902,384262490,74710,74710,367070336,72704,72704,0,0,0,3016150,1192,1192,1431894,1034,1034
27368,387358844,80204,80204,384339811,77321,77321,367144832,74496,74496,0,0,0,3019033,2883,2883,1431953,59,59
27375,387440068,81224,81224,384420040,80229,80229,367222016,77184,77184,0,0,0,3020028,995,995,1432282,329,329
27383,387521991,81923,81923,384501358,81318,81318,367302016,80000,80000,0,0,0,3020633,605,605,1432743,461,461
27394,387604956,82965,82965,384583523,82165,82165,367383168,81152,81152,0,0,0,3021433,800,800,1432816,73,73
27402,387688340,83384,83384,384666602,83079,83079,367465216,82048,82048,0,0,0,3021738,305,305,1432826,10,10
27409,387773035,84695,84695,384751002,84400,84400,367548160,82944,82944,0,0,0,3022033,295,295,1432899,73,73
27413,387857906,84871,84871,384835802,84800,84800,367632384,84224,84224,0,0,0,3022104,71,71,1432899,0,0
27425,387944279,86373,86373,384921944,86142,86142,367716992,84608,84608,0,0,0,3022335,231,231,1432899,0,0
27437,388041377,97098,97098,385017396,95452,95452,367803008,86016,86016,0,0,0,3023981,1646,1646,1434356,1457,1457
27447,388152019,110642,110642,385127232,109836,109836,367898240,95232,95232,0,0,0,3024787,806,806,1435009,653,653
27455,388272758,120739,120739,385247638,120406,120406,368007936,109696,109696,0,0,0,3025120,333,333,1435044,35,35
27463,388401796,129038,129038,385376458,128820,128820,368128128,120192,120192,0,0,0,3025338,218,218,1435088,44,44
27475,388543147,141351,141351,385516538,140080,140080,368256768,128640,128640,0,0,0,3026609,1271,1271,1435991,903,903
27485,388689574,146427,146427,385662178,145640,145640,368396672,139904,139904,0,0,0,3027396,787,787,1436664,673,673
27492,388847155,157581,157581,385819660,157482,157482,368542080,145408,145408,0,0,0,3027495,99,99,1436684,20,20
27511,389014708,167553,167553,385983532,163872,163872,368699392,157312,157312,0,0,0,3031176,3681,3681,1440244,3560,3560
27519,389184687,169979,169979,386153333,169801,169801,368863104,163712,163712,0,0,0,3031354,178,178,1440275,31,31
27528,389364065,179378,179378,386331517,178184,178184,369032704,169600,169600,0,0,0,3032548,1194,1194,1441279,1004,1004
27540,389547337,183272,183272,386511668,180151,180151,369210752,178048,178048,0,0,0,3035669,3121,3121,1442074,795,795
27553,389732616,185279,185279,386695003,183335,183335,369390720,179968,179968,0,0,0,3037613,1944,1944,1443626,1552,1552
27561,389926917,194301,194301,386889118,194115,194115,369573888,183168,183168,0,0,0,3037799,186,186,1443645,19,19
27581,390128476,201559,201559,387085285,196167,196167,369767808,193920,193920,0,0,0,3043191,5392,5392,1447269,3624,3624
27594,390332488,204012,204012,387286942,201657,201657,369963776,195968,195968,0,0,0,3045546,2355,2355,1449183,1914,1914
27602,390540752,208264,208264,387494636,207694,207694,370165248,201472,201472,0,0,0,3046116,570,570,1449452,269,269
27612,390754206,213454,213454,387704233,209597,209597,370372736,207488,207488,0,0,0,3049973,3857,3857,1450426,974,974
27620,390968220,214014,214014,387917716,213483,213483,370582144,209408,209408,0,0,0,3050504,531,531,1450727,301,301
27633,391185408,217188,217188,388134447,216731,216731,370795392,213248,213248,0,0,0,3050961,457,457,1450795,68,68
27642,391403008,217600,217600,388351909,217462,217462,371011968,216576,216576,0,0,0,3051099,138,138,1450810,15,15
27651,391627932,224924,224924,388575402,223493,223493,371229312,217344,217344,0,0,0,3052530,1431,1431,1451275,465,465
27658,391856617,228685,228685,388803887,228485,228485,371452416,223104,223104,0,0,0,3052730,200,200,1451357,82,82
27665,392087718,231101,231101,389034798,230911,230911,371680768,228352,228352,0,0,0,3052920,190,190,1451370,13,13
27680,392323993,236275,236275,389266983,232185,232185,371911552,230784,230784,0,0,0,3057010,4090,4090,1453915,2545,2545
27691,392564474,240481,240481,389503326,236343,236343,372143616,232064,232064,0,0,0,3061148,4138,4138,1454949,1034,1034
27699,392806136,241662,241662,389744328,241002,241002,372379776,236160,236160,0,0,0,3061808,660,660,1455267,318,318
27705,393050114,243978,243978,389988127,243799,243799,372620672,240896,240896,0,0,0,3061987,179,179,1455288,21,21
27713,393295196,245082,245082,390233056,244929,244929,372864384,243712,243712,0,0,0,3062140,153,153,1455313,25,25
27719,393295196,13360,0,390233056,0,0,372864384,0,0,0,0,0,3062140,0,0,1455313,0,0
27725,393315986,20790,20790,390253786,20730,20730,372876288,11904,11904,0,0,0,3062200,60,60,1455313,0,0
27738,393337880,21894,21894,390275456,21670,21670,372896896,20608,20608,0,0,0,3062424,224,224,1455332,19,19
27742,393366772,28892,28892,390304206,28750,28750,372918400,21504,21504,0,0,0,3062566,142,142,1455332,0,0
27753,393396000,29228,29228,390333176,28970,28970,372946944,28544,28544,0,0,0,3062824,258,258,1455380,48,48
27760,393430619,34619,34619,390366335,33159,33159,372975744,28800,28800,0,0,0,3064284,1460,1460,1455522,142,142
27767,393465491,34872,34872,390400978,34643,34643,373008768,33024,33024,0,0,0,3064513,229,229,1455522,0,0
27782,393503311,37820,37820,390438277,37299,37299,373043200,34432,34432,0,0,0,3065034,521,521,1455724,202,202
27788,393552810,49499,49499,390487672,49395,49395,373080320,37120,37120,0,0,0,3065138,104,104,1455724,0,0
27800,393603923,51113,51113,390538232,50560,50560,373129600,49280,49280,0,0,0,3065691,553,553,1456075,351,351
27810,393658359,54436,54436,390592158,53926,53926,373180032,50432,50432,0,0,0,3066201,510,510,1456149,74,74
27819,393715079,56720,56720,390648052,55894,55894,373233792,53760,53760,0,0,0,3067027,826,826,1456626,477,477
27827,393774266,59187,59187,390705245,57193,57193,373289472,55680,55680,0,0,0,3069021,1994,1994,1456909,283,283
27834,393835721,61455,61455,390764492,59247,59247,373346432,56960,56960,0,0,0,3071229,2208,2208,1457275,366,366
27843,393897893,62172,62172,390826010,61518,61518,373405440,59008,59008,0,0,0,3071883,654,654,1457791,516,516
27849,393897893,62172,0,390826010,61518,0,373405440,59008,0,0,0,0,3071883,654,0,1457791,516,0
27854,393962354,64461,64461,390888904,62894,62894,373468032,62592,62592,0,0,0,3073450,1567,1567,1457791,0,0
27861,394027267,64913,64913,390953646,64742,64742,373530752,62720,62720,0,0,0,3073621,171,171,1457830,39,39
27869,394094739,67472,67472,391019069,65423,65423,373595264,64512,64512,0,0,0,3075670,2049,2049,1458346,516,516
27876,394162637,67898,67898,391086818,67749,67749,373660544,65280,65280,0,0,0,3075819,149,149,1458356,10,10
27886,394234211,71574,71574,391155115,68297,68297,373728128,67584,67584,0,0,0,3079096,3277,3277,1458638,282,282
27894,394306183,71972,71972,391226757,71642,71642,373796224,68096,68096,0,0,0,3079426,330,330,1458892,254,254
27901,394378682,72499,72499,391299207,72450,72450,373867648,71424,71424,0,0,0,3079475,49,49,1458904,12,12
27910,394452283,73601,73601,391371859,72652,72652,373939968,72320,72320,0,0,0,3080424,949,949,1459020,116,116
27917,394526103,73820,73820,391445557,73698,73698,374012416,72448,72448,0,0,0,3080546,122,122,1459070,50,50
27930,394601159,75056,75056,391519523,73966,73966,374085888,73472,73472,0,0,0,3081636,1090,1090,1459920,850,850
27937,394678492,77333,77333,391596220,76697,76697,374159616,73728,73728,0,0,0,3082272,636,636,1460436,516,516
27945,394756259,77767,77767,391673763,77543,77543,374236160,76544,76544,0,0,0,3082496,224,224,1460569,133,133
27953,394835461,79202,79202,391751849,78086,78086,374313472,77312,77312,0,0,0,3083612,1116,1116,1460617,48,48
27964,394915326,79865,79865,391831204,79355,79355,374391424,77952,77952,0,0,0,3084122,510,510,1460830,213,213
27971,394997527,82201,82201,391913314,82110,82110,374470656,79232,79232,0,0,0,3084213,91,91,1460866,36,36
27978,395082109,84582,84582,391997568,84254,84254,374552576,81920,81920,0,0,0,3084541,328,328,1460969,103,103
27985,395167006,84897,84897,392082261,84693,84693,374636672,84096,84096,0,0,0,3084745,204,204,1461131,162,162
27989,395252060,85054,85054,392167249,84988,84988,374721152,84480,84480,0,0,0,3084811,66,66,1461131,0,0
28003,395338602,86542,86542,392253574,86325,86325,374806016,84864,84864,0,0,0,3085028,217,217,1461131,0,0
28017,395430420,91818,91818,392343941,90367,90367,374892160,86144,86144,0,0,0,3086479,1451,1451,1462423,1292,1292
28029,395525477,95057,95057,392438725,94784,94784,374982400,90240,90240,0,0,0,3086752,273,273,1462468,45,45
28037,395630967,105490,105490,392544011,105286,105286,375076992,94592,94592,0,0,0,3086956,204,204,1462560,92,92
28049,395750781,119814,119814,392662133,118122,118122,375182080,105088,105088,0,0,0,3088648,1692,1692,1464112,1552,1552
28055,395879238,128457,128457,392789950,127817,127817,375299968,117888,117888,0,0,0,3089288,640,640,1464628,516,516
28068,396008811,129573,129573,392918599,128649,128649,375427584,127616,127616,0,0,0,3090212,924,924,1465345,717,717
28075,396139240,130429,130429,393048602,130003,130003,375556096,128512,128512,0,0,0,3090638,426,426,1465553,208,208
28083,396273407,134167,134167,393182428,133826,133826,375685888,129792,129792,0,0,0,3090979,341,341,1465757,204,204
28100,396412716,139309,139309,393316812,134384,134384,375819520,133632,133632,0,0,0,3095904,4925,4925,1468073,2316,2316
28112,396554699,141983,141983,393456157,139345,139345,375953664,134144,134144,0,0,0,3098542,2638,2638,1469625,1552,1552
28122,396697743,143044,143044,393598247,142090,142090,376092800,139136,139136,0,0,0,3099496,954,954,1470459,834,834
28132,396843972,146229,146229,393741872,143625,143625,376234752,141952,141952,0,0,0,3102100,2604,2604,1471419,960,960
28141,396992704,148732,148732,393888393,146521,146521,376378240,143488,143488,0,0,0,3104311,2211,2211,1471864,445,445
28149,397141591,148887,148887,394037189,148796,148796,376524544,146304,146304,0,0,0,3104402,91,91,1471877,13,13
28155,397291146,149555,149555,394186612,149423,149423,376673152,148608,148608,0,0,0,3104534,132,132,1471877,0,0
28167,397447635,156489,156489,394341743,155131,155131,376822400,149248,149248,0,0,0,3105892,1358,1358,1472911,1034,1034
28175,397604772,157137,157137,394498746,157003,157003,376977408,155008,155008,0,0,0,3106026,134,134,1472972,61,61
28193,397769667,164895,164895,394659886,161140,161140,377134208,156800,156800,0,0,0,3109781,3755,3755,1475071,2099,2099
28202,397937305,167638,167638,394825085,165199,165199,377294848,160640,160640,0,0,0,3112220,2439,2439,1475587,516,516
28210,398105772,168467,168467,394993024,167939,167939,377459968,165120,165120,0,0,0,3112748,528,528,1475884,297,297
28220,398276185,170413,170413,395162207,169183,169183,377627776,167808,167808,0,0,0,3113978,1230,1230,1475918,34,34
28230,398447575,171390,171390,395332781,170574,170574,377796864,169088,169088,0,0,0,3114794,816,816,1476601,683,683
28239,398621340,173765,173765,395504436,171655,171655,377967360,170496,170496,0,0,0,3116904,2110,2110,1477362,761,761
28255,398796836,175496,175496,395678264,173828,173828,378139008,171648,171648,0,0,0,3118572,1668,1668,1478773,1411,1411
28263,398977265,180429,180429,395855993,177729,177729,378312704,173696,173696,0,0,0,3121272,2700,2700,1479289,516,516
28270,399158204,180939,180939,396036485,180492,180492,378490368,177664,177664,0,0,0,3121719,447,447,1479611,322,322
28281,399339933,181729,181729,396217844,181359,181359,378670848,180480,180480,0,0,0,3122089,370,370,1479763,152,152
28287,399522777,182844,182844,396400630,182786,182786,378852096,181248,181248,0,0,0,3122147,58,58,1479779,16,16
28297,399709307,186530,186530,396583752,183122,183122,379034752,182656,182656,0,0,0,3125555,3408,3408,1480710,931,931
28303,399896384,187077,187077,396770356,186604,186604,379217792,183040,183040,0,0,0,3126028,473,473,1481055,345,345
28317,400084591,188207,188207,396957546,187190,187190,379404288,186496,186496,0,0,0,3127045,1017,1017,1481888,833,833
28325,400274730,190139,190139,397146219,188673,188673,379591424,187136,187136,0,0,0,3128511,1466,1466,1482236,348,348
28334,400465466,190736,190736,397336506,190287,190287,379779968,188544,188544,0,0,0,3128960,449,449,1482411,175,175
28343,400656650,191184,191184,397527371,190865,190865,379970176,190208,190208,0,0,0,3129279,319,319,1482625,214,214
28350,400850319,193669,193669,397720952,193581,193581,380161024,190848,190848,0,0,0,3129367,88,88,1482657,32,32
28357,401046281,195962,195962,397916467,195515,195515,380354560,193536,193536,0,0,0,3129814,447,447,1482905,248,248
28364,401242556,196275,196275,398112543,196076,196076,380550016,195456,195456,0,0,0,3130013,199,199,1483062,157,157
28368,401438967,196411,196411,398308885,196342,196342,380745984,195968,195968,0,0,0,3130082,69,69,1483062,0,0
28382,401636876,197909,197909,398506567,197682,197682,380942208,196224,196224,0,0,0,3130309,227,227,1483062,0,0
28395,401843045,206169,206169,398711312,204745,204745,381139840,197632,197632,0,0,0,3131733,1424,1424,1484287,1225,1225
28408,402059090,216045,216045,398927025,215713,215713,381344512,204672,204672,0,0,0,3132065,332,332,1484385,98,98
28421,402287246,228156,228156,399153641,226616,226616,381560192,215680,215680,0,0,0,3133605,1540,1540,1485801,1416,1416
28431,402526890,239644,239644,399392500,238859,238859,381786752,226560,226560,0,0,0,3134390,785,785,1486471,670,670
28437,402526890,13804,0,399392500,0,0,381786752,0,0,0,0,0,3134390,0,0,1486471,0,0
28443,402548305,21415,21415,399413830,21330,21330,381798656,11904,11904,0,0,0,3134475,85,85,1486471,0,0
28453,402571728,23423,23423,399436971,23141,23141,381819776,21120,21120,0,0,0,3134757,282,282,1486510,39,39
28462,402607098,35370,35370,399471875,34904,34904,381831680,11904,11904,0,0,0,3135223,466,466,1486523,13,13
28470,402652523,45425,45425,399517043,45168,45168,381866368,34688,34688,0,0,0,3135480,257,257,1486536,13,13
28478,402704944,52421,52421,399569221,52178,52178,381911296,44928,44928,0,0,0,3135723,243,243,1486599,63,63
28486,402768276,63332,63332,399631797,62576,62576,381963264,51968,51968,0,0,0,3136479,756,756,1487076,477,477
28496,402836282,68006,68006,399699464,67667,67667,382025600,62336,62336,0,0,0,3136818,339,339,1487205,129,129
28503,402909964,73682,73682,399772895,73431,73431,382093056,67456,67456,0,0,0,3137069,251,251,1487363,158,158
28509,402983792,73828,73828,399846634,73739,73739,382166400,73344,73344,0,0,0,3137158,89,89,1487363,0,0
28516,403064352,80560,80560,399924129,77495,77495,382240000,73600,73600,0,0,0,3140223,3065,3065,1487553,190,190
28522,403145043,80691,80691,400004714,80585,80585,382317056,77056,77056,0,0,0,3140329,106,106,1487588,35,35
28530,403227309,82266,82266,400085482,80768,80768,382397568,80512,80512,0,0,0,3141827,1498,1498,1488104,516,516
28537,403311550,84241,84241,400168718,83236,83236,382478208,80640,80640,0,0,0,3142832,1005,1005,1488494,390,390
28548,403396968,85418,85418,400253474,84756,84756,382561408,83200,83200,0,0,0,3143494,662,662,1488717,223,223
28553,403482870,85902,85902,400338972,85498,85498,382646016,84608,84608,0,0,0,3143898,404,404,1488717,0,0
28560,403569490,86620,86620,400425328,86356,86356,382731392,85376,85376,0,0,0,3144162,264,264,1488828,111,111
28565,403656231,86741,86741,400512017,86689,86689,382817664,86272,86272,0,0,0,3144214,52,52,1488828,0,0
28570,403743517,87286,87286,400599107,87090,87090,382904320,86656,86656,0,0,0,3144410,196,196,1488828,0,0
28576,403831278,87761,87761,400686466,87359,87359,382991360,87040,87040,0,0,0,3144812,402,402,1489135,307,307
28587,403920531,89253,89253,400775499,89033,89033,383078656,87296,87296,0,0,0,3145032,220,220,1489135,0,0
28595,404014242,93711,93711,400868949,93450,93450,383167616,88960,88960,0,0,0,3145293,261,261,1489196,61,61
28603,404117677,103435,103435,400971932,102983,102983,383260928,93312,93312,0,0,0,3145745,452,452,1489445,249,249
28611,404230841,113164,113164,401084521,112589,112589,383363840,102912,102912,0,0,0,3146320,575,575,1489779,334,334
28618,404354962,124121,124121,401208410,123889,123889,383476352,112512,112512,0,0,0,3146552,232,232,1489930,151,151
28627,404485208,130246,130246,401338455,130045,130045,383600128,123776,123776,0,0,0,3146753,201,201,1489965,35,35
28635,404623617,138409,138409,401476648,138193,138193,383730048,129920,129920,0,0,0,3146969,216,216,1490046,81,81
28643,404772084,148467,148467,401624726,148078,148078,383868160,138112,138112,0,0,0,3147358,389,389,1490163,117,117
28664,404932627,160543,160543,401781507,156781,156781,384016128,147968,147968,0,0,0,3151120,3762,3762,1493834,3671,3671
28673,405095939,163312,163312,401942774,161267,161267,384172800,156672,156672,0,0,0,3153165,2045,2045,1493861,27,27
28680,405259617,163678,163678,402106145,163371,163371,384333952,161152,161152,0,0,0,3153472,307,307,1494045,184,184
28692,405428086,168469,168469,402272767,166622,166622,384497280,163328,163328,0,0,0,3155319,1847,1847,1495562,1517,1517
28699,405603011,174925,174925,402447467,174700,174700,384663808,166528,166528,0,0,0,3155544,225,225,1495645,83,83
28711,405781180,178169,178169,402624163,176696,176696,384838400,174592,174592,0,0,0,3157017,1473,1473,1497006,1361,1361
28718,405960113,178933,178933,402802753,178590,178590,385015040,176640,176640,0,0,0,3157360,343,343,1497043,37,37
28725,406140765,180652,180652,402982757,180004,180004,385193600,178560,178560,0,0,0,3158008,648,648,1497220,177,177
28733,406321709,180944,180944,403163469,180712,180712,385373568,179968,179968,0,0,0,3158240,232,232,1497386,166,166
28740,406503162,181453,181453,403344761,181292,181292,385554176,180608,180608,0,0,0,3158401,161,161,1497395,9,9
28749,406685196,182034,182034,403526599,181838,181838,385735424,181248,181248,0,0,0,3158597,196,196,1497410,15,15
28758,406871005,185809,185809,403710316,183717,183717,385917184,181760,181760,0,0,0,3160689,2092,2092,1498444,1034,1034
28768,407057511,186506,186506,403896187,185871,185871,386100864,183680,183680,0,0,0,3161324,635,635,1499006,562,562
28780,407247323,189812,189812,404082908,186721,186721,386286592,185728,185728,0,0,0,3164415,3091,3091,1500251,1245,1245
28787,407437573,190250,190250,404273012,190104,190104,386473216,186624,186624,0,0,0,3164561,146,146,1500296,45,45
28797,407629639,192066,192066,404464147,191135,191135,386663296,190080,190080,0,0,0,3165492,931,931,1500403,107,107
28812,407823565,193926,193926,404656320,192173,192173,386854400,191104,191104,0,0,0,3167245,1753,1753,1502008,1605,1605
28823,408023879,200314,200314,404854759,198439,198439,387046528,192128,192128,0,0,0,3169120,1875,1875,1503475,1467,1467
28833,408227246,203367,203367,405055141,200382,200382,387244928,198400,198400,0,0,0,3172105,2985,2985,1504181,706,706
28840,408431005,203759,203759,405258535,203394,203394,387445248,200320,200320,0,0,0,3172470,365,365,1504316,135,135
28849,408636420,205415,205415,405463218,204683,204683,387648512,203264,203264,0,0,0,3173202,732,732,1504977,661,661
28859,408848158,211738,211738,405672008,208790,208790,387853056,204544,204544,0,0,0,3176150,2948,2948,1505931,954,954
28867,409060256,212098,212098,405883807,211799,211799,388061824,208768,208768,0,0,0,3176449,299,299,1506150,219,219
28874,409277954,217698,217698,406098405,214598,214598,388273536,211712,211712,0,0,0,3179549,3100,3100,1506555,405,405
28884,409496023,218069,218069,406316173,217768,217768,388487936,214400,214400,0,0,0,3179850,301,301,1506660,105,105
28891,409714745,218722,218722,406534737,218564,218564,388705536,217600,217600,0,0,0,3180008,158,158,1506697,37,37
28898,409937221,222476,222476,406756614,221877,221877,388923904,218368,218368,0,0,0,3180607,599,599,1507101,404,404
28907,410162617,225396,225396,406981585,224971,224971,389145600,221696,221696,0,0,0,3181032,425,425,1507370,269,269
28914,410391003,228386,228386,407209834,228249,228249,389370368,224768,224768,0,0,0,3181169,137,137,1507422,52,52
28922,410622582,231579,231579,407440300,230466,230466,389598464,228096,228096,0,0,0,3182282,1113,1113,1508124,702,702
28929,410856179,233597,233597,407671947,231647,231647,389828736,230272,230272,0,0,0,3184232,1950,1950,1508640,516,516
28938,411094872,238693,238693,407909609,237662,237662,390060160,231424,231424,0,0,0,3185263,1031,1031,1509345,705,705
28946,411334777,239905,239905,408149223,239614,239614,390297600,237440,237440,0,0,0,3185554,291,291,1509370,25,25
28953,411574893,240116,240116,408389231,240008,240008,390537088,239488,239488,0,0,0,3185662,108,108,1509383,13,13
28959,411816470,241577,241577,408630243,241012,241012,390776960,239872,239872,0,0,0,3186227,565,565,1509859,476,476
28970,412059514,243044,243044,408873100,242857,242857,391017856,240896,240896,0,0,0,3186414,187,187,1509859,0,0
28976,412059514,12813,0,408873100,0,0,391017856,0,0,0,0,0,3186414,0,0,1509859,0,0
28986,412079906,20392,20392,408893293,20193,20193,391029760,11904,11904,0,0,0,3186613,199,199,1509922,63,63
28993,412101826,21920,21920,408915012,21719,21719,391049728,19968,19968,0,0,0,3186814,201,201,1509922,0,0
29002,412133825,31999,31999,408946556,31544,31544,391071232,21504,21504,0,0,0,3187269,455,455,1510134,212,212
29012,412176855,43030,43030,408988997,42441,42441,391102592,31360,31360,0,0,0,3187858,589,589,1510319,185,185
29020,412223879,47024,47024,409035831,46834,46834,391144832,42240,42240,0,0,0,3188048,190,190,1510351,32,32
29027,412273479,49600,49600,409084805,48974,48974,391191424,46592,46592,0,0,0,3188674,626,626,1510867,516,516
29035,412327433,53954,53954,409137055,52250,52250,391240192,48768,48768,0,0,0,3190378,1704,1704,1510910,43,43
29042,412383590,56157,56157,409191066,54011,54011,391292288,52096,52096,0,0,0,3192524,2146,2146,1511377,467,467
29053,412441752,58162,58162,409247281,56215,56215,391346176,53888,53888,0,0,0,3194471,1947,1947,1511911,534,534
29061,412501204,59452,59452,409306429,59148,59148,391402240,56064,56064,0,0,0,3194775,304,304,1512038,127,127
29067,412562423,61219,61219,409367569,61140,61140,391461248,59008,59008,0,0,0,3194854,79,79,1512065,27,27
29076,412627095,64672,64672,409428864,61295,61295,391522176,60928,60928,0,0,0,3198231,3377,3377,1512581,516,516
29082,412692574,65479,65479,409494235,65371,65371,391583232,61056,61056,0,0,0,3198339,108,108,1512601,20,20
29092,412758847,66273,66273,409560031,65796,65796,391648384,65152,65152,0,0,0,3198816,477,477,1512894,293,293
29099,412829135,70288,70288,409626931,66900,66900,391714048,65664,65664,0,0,0,3202204,3388,3388,1513374,480,480
29105,412899581,70446,70446,409697244,70313,70313,391780736,66688,66688,0,0,0,3202337,133,133,1513407,33,33
29113,412972476,72895,72895,409768631,71387,71387,391850880,70144,70144,0,0,0,3203845,1508,1508,1513923,516,516
29120,413045927,73451,73451,409841620,72989,72989,391922048,71168,71168,0,0,0,3204307,462,462,1514002,79,79
29129,413120099,74172,74172,409915172,73552,73552,391994880,72832,72832,0,0,0,3204927,620,620,1514518,516,516
29135,413195733,75634,75634,409989688,74516,74516,392068224,73344,73344,0,0,0,3206045,1118,1118,1514876,358,358
29145,413272123,76390,76390,410065381,75693,75693,392142592,74368,74368,0,0,0,3206742,697,697,1515481,605,605
29151,413349376,77253,77253,410142409,77028,77028,392218112,75520,75520,0,0,0,3206967,225,225,1515512,31,31
29159,413427296,77920,77920,410219721,77312,77312,392294912,76800,76800,0,0,0,3207575,608,608,1516028,516,516
29166,413506332,79036,79036,410298245,78524,78524,392372096,77184,77184,0,0,0,3208087,512,512,1516346,318,318
29170,413585850,79518,79518,410377671,79426,79426,392450432,78336,78336,0,0,0,3208179,92,92,1516346,0,0
29182,413666807,80957,80957,410458460,80789,80789,392529664,79232,79232,0,0,0,3208347,168,168,1516346,0,0
29191,413756576,89769,89769,410547963,89503,89503,392610304,80640,80640,0,0,0,3208613,266,266,1516381,35,35
29198,413853420,96844,96844,410644658,96695,96695,392699648,89344,89344,0,0,0,3208762,149,149,1516441,60,60
29206,413955847,102427,102427,410746402,101744,101744,392796160,96512,96512,0,0,0,3209445,683,683,1516950,509,509
29214,414059286,103439,103439,410849659,103257,103257,392897664,101504,101504,0,0,0,3209627,182,182,1516975,25,25
29224,414172379,113093,113093,410962286,112627,112627,393000704,103040,103040,0,0,0,3210093,466,466,1517201,226,226
29232,414297590,125211,125211,411087257,124971,124971,393113216,112512,112512,0,0,0,3210333,240,240,1517241,40,40
29248,414434597,137007,137007,411222004,134747,134747,393238016,124800,124800,0,0,0,3212593,2260,2260,1519335,2094,2094
29255,414581756,147159,147159,411368716,146712,146712,393372544,134528,134528,0,0,0,3213040,447,447,1519605,270,270
29263,414732972,151216,151216,411519379,150663,150663,393519104,146560,146560,0,0,0,3213593,553,553,1519959,354,354
29278,414898361,165389,165389,411682020,162641,162641,393669632,150528,150528,0,0,0,3216341,2748,2748,1522547,2588,2588
29285,415067101,168740,168740,411849624,167604,167604,393832064,162432,162432,0,0,0,3217477,1136,1136,1522789,242,242
29292,415236028,168927,168927,412018423,168799,168799,393999488,167424,167424,0,0,0,3217605,128,128,1522804,15,15
29300,415409335,173307,173307,412191151,172728,172728,394168064,168576,168576,0,0,0,3218184,579,579,1523185,381,381
29309,415590188,180853,180853,412371241,180090,180090,394340608,172544,172544,0,0,0,3218947,763,763,1523824,639,639
29321,415775757,185569,185569,412556079,184838,184838,394520576,179968,179968,0,0,0,3219678,731,731,1524220,396,396
29328,415964904,189147,189147,412745013,188934,188934,394705280,184704,184704,0,0,0,3219891,213,213,1524314,94,94
29347,416162428,197524,197524,412940189,195176,195176,394894080,188800,188800,0,0,0,3222239,2348,2348,1526399,2085,2085
29360,416371668,209240,209240,413147550,207361,207361,395089024,194944,194944,0,0,0,3224118,1879,1879,1528175,1776,1776
29366,416581401,209733,209733,413357155,209605,209605,395296256,207232,207232,0,0,0,3224246,128,128,1528175,0,0
29377,416805501,224100,224100,413577431,220276,220276,395505664,209408,209408,0,0,0,3228070,3824,3824,1529727,1552,1552
29386,417033753,228252,228252,413801558,224127,224127,395725824,220160,220160,0,0,0,3232195,4125,4125,1530761,1034,1034
29397,417262965,229212,229212,414029875,228317,228317,395949824,224000,224000,0,0,0,3233090,895,895,1531448,687,687
29403,417503437,240472,240472,414269997,240122,240122,396178048,228224,228224,0,0,0,3233440,350,350,1531471,23,23
29418,417745536,242099,242099,414510526,240529,240529,396418048,240000,240000,0,0,0,3235010,1570,1570,1532569,1098,1098
29427,417993149,247613,247613,414754416,243890,243890,396658432,240384,240384,0,0,0,3238733,3723,3723,1533603,1034,1034
29433,417993149,12288,0,414754416,0,0,396658432,0,0,0,0,0,3238733,0,0,1533603,0,0
29443,418012886,19737,19737,414773968,19552,19552,396670336,11904,11904,0,0,0,3238918,185,185,1533635,32,32
29449,418034771,21885,21885,414795716,21748,21748,396689664,19328,19328,0,0,0,3239055,137,137,1533635,0,0
29457,418061337,26566,26566,414822098,26382,26382,396711296,21632,21632,0,0,0,3239239,184,184,1533652,17,17
29465,418098500,37163,37163,414858992,36894,36894,396737536,26240,26240,0,0,0,3239508,269,269,1533733,81,81
29475,418143230,44730,44730,414902010,43018,43018,396774272,36736,36736,0,0,0,3241220,1712,1712,1533792,59,59
29481,418189195,45965,45965,414947203,45193,45193,396817152,42880,42880,0,0,0,3241992,772,772,1533876,84,84
29489,418235369,46174,46174,414993229,46026,46026,396862208,45056,45056,0,0,0,3242140,148,148,1533926,50,50
29496,418284511,49142,49142,415041014,47785,47785,396908032,45824,45824,0,0,0,3243497,1357,1357,1534017,91,91
29503,418334472,49961,49961,415090759,49745,49745,396955648,47616,47616,0,0,0,3243713,216,216,1534056,39,39
29512,418385259,50787,50787,415141222,50463,50463,397005184,49536,49536,0,0,0,3244037,324,324,1534195,139,139
29519,418437959,52700,52700,415192665,51443,51443,397055488,50304,50304,0,0,0,3245294,1257,1257,1534313,118,118
29527,418492330,54371,54371,415245648,52983,52983,397106816,51328,51328,0,0,0,3246682,1388,1388,1534491,178,178
29534,418547766,55436,55436,415300192,54544,54544,397159680,52864,52864,0,0,0,3247574,892,892,1534636,145,145
29540,418603774,56008,56008,415355882,55690,55690,397214080,54400,54400,0,0,0,3247892,318,318,1534872,236,236
29551,418661198,57424,57424,415413159,57277,57277,397269632,55552,55552,0,0,0,3248039,147,147,1534872,0,0
29559,418720005,58807,58807,415471746,58587,58587,397326720,57088,57088,0,0,0,3248259,220,220,1534911,39,39
29567,418789189,69184,69184,415540745,68999,68999,397385088,58368,58368,0,0,0,3248444,185,185,1534936,25,25
29577,418868939,79750,79750,415619700,78955,78955,397453952,68864,68864,0,0,0,3249239,795,795,1535527,591,591
29595,418961469,92530,92530,415709398,89698,89698,397532672,78720,78720,0,0,0,3252071,2832,2832,1538048,2521,2521
29610,419065234,103765,103765,415810747,101349,101349,397622144,89472,89472,0,0,0,3254487,2416,2416,1540400,2352,2352
29620,419175073,109839,109839,415919473,108726,108726,397723264,101120,101120,0,0,0,3255600,1113,1113,1541397,997,997
29629,419294355,119282,119282,416037908,118435,118435,397831808,108544,108544,0,0,0,3256447,847,847,1542165,768,768
29647,419420809,126454,126454,416161512,123604,123604,397950080,118272,118272,0,0,0,3259297,2850,2850,1544890,2725,2725
29666,419562283,141474,141474,416298046,136534,136534,398073472,123392,123392,0,0,0,3264237,4940,4940,1547578,2688,2688
29673,419705321,143038,143038,416439570,141524,141524,398209792,136320,136320,0,0,0,3265751,1514,1514,1547627,49,49
29680,419848579,143258,143258,416582668,143098,143098,398351104,141312,141312,0,0,0,3265911,160,160,1547746,119,119
29688,419992915,144336,144336,416726262,143594,143594,398494080,142976,142976,0,0,0,3266653,742,742,1547810,64,64
29698,420140983,148068,148068,416870690,144428,144428,398637440,143360,143360,0,0,0,3270293,3640,3640,1548844,1034,1034
29706,420290190,149207,149207,417019092,148402,148402,398781696,144256,144256,0,0,0,3271098,805,805,1549076,232,232
29718,420440109,149919,149919,417168392,149300,149300,398929920,148224,148224,0,0,0,3271717,619,619,1549302,226,226
29726,420591740,151631,151631,417319188,150796,150796,399079040,149120,149120,0,0,0,3272552,835,835,1549461,159,159
29736,420744388,152648,152648,417470914,151726,151726,399229696,150656,150656,0,0,0,3273474,922,922,1550156,695,695
29744,420898565,154177,154177,417623915,153001,153001,399381248,151552,151552,0,0,0,3274650,1176,1176,1550619,463,463
29752,421053221,154656,154656,417778201,154286,154286,399534080,152832,152832,0,0,0,3275020,370,370,1550897,278,278
29760,421210328,157107,157107,417934991,156790,156790,399688192,154112,154112,0,0,0,3275337,317,317,1551037,140,140
29772,421372539,162211,162211,418094072,159081,159081,399844864,156672,156672,0,0,0,3278467,3130,3130,1551909,872,872
29779,421535259,162720,162720,418256619,162547,162547,400003456,158592,158592,0,0,0,3278640,173,173,1552003,94,94
29790,421699853,164594,164594,418420174,163555,163555,400165888,162432,162432,0,0,0,3279679,1039,1039,1552880,877,877
29797,421871140,171287,171287,418589834,169660,169660,400329344,163456,163456,0,0,0,3281306,1627,1627,1553143,263,263
29807,422044944,173804,173804,418761184,171350,171350,400498944,169600,169600,0,0,0,3283760,2454,2454,1553809,666,666
29813,422220274,175330,175330,418935263,174079,174079,400670208,171264,171264,0,0,0,3285011,1251,1251,1554010,201,201
29821,422397316,177042,177042,419110656,175393,175393,400844160,173952,173952,0,0,0,3286660,1649,1649,1554353,343,343
29828,422575478,178162,178162,419288120,177464,177464,401019520,175360,175360,0,0,0,3287358,698,698,1554714,361,361
29834,422756763,181285,181285,419469104,180984,180984,401196928,177408,177408,0,0,0,3287659,301,301,1554938,224,224
29847,422940011,183248,183248,419651662,182558,182558,401377792,180864,180864,0,0,0,3288349,690,690,1555350,412,412
29856,423135096,195085,195085,419845762,194100,194100,401560320,182528,182528,0,0,0,3289334,985,985,1556262,912,912
29866,423336318,201222,201222,420046154,200392,200392,401754368,194048,194048,0,0,0,3290164,830,830,1556949,687,687
29890,423552781,216463,216463,420258004,211850,211850,401954688,200320,200320,0,0,0,3294777,4613,4613,1561440,4491,4491
29902,423778185,225404,225404,420482376,224372,224372,402166400,211712,211712,0,0,0,3295809,1032,1032,1562246,806,806
29922,424016396,238211,238211,420716348,233972,233972,402390656,224256,224256,0,0,0,3300048,4239,4239,1565870,3624,3624
29931,424258406,242010,242010,420955223,238875,238875,402624512,233856,233856,0,0,0,3303183,3135,3135,1566739,869,869
29938,424500915,242509,242509,421197294,242071,242071,402863232,238720,238720,0,0,0,3303621,438,438,1567136,397,397
29951,424747668,246753,246753,421440705,243411,243411,403105152,241920,241920,0,0,0,3306963,3342,3342,1569206,2070,2070
29958,424747668,12828,0,421440705,0,0,403105152,0,0,0,0,0,3306963,0,0,1569206,0,0
29969,424767900,20232,20232,421460727,20022,20022,403117056,11904,11904,0,0,0,3307173,210,210,1569250,44,44
29975,424791510,23610,23610,421484092,23365,23365,403136896,19840,19840,0,0,0,3307418,245,245,1569250,0,0
29984,424819652,28142,28142,421511918,27826,27826,403160064,23168,23168,0,0,0,3307734,316,316,1569315,65,65
29995,424853914,34262,34262,421545250,33332,33332,403187712,27648,27648,0,0,0,3308664,930,930,1569479,164,164
30004,424891345,37431,37431,421582157,36907,36907,403220864,33152,33152,0,0,0,3309188,524,524,1569511,32,32
30012,424939656,48311,48311,421630199,48042,48042,403257600,36736,36736,0,0,0,3309457,269,269,1569534,23,23
30020,424998134,58478,58478,421688557,58358,58358,403305088,47488,47488,0,0,0,3309577,120,120,1569562,28,28
30028,425064206,66072,66072,421754019,65462,65462,403363328,58240,58240,0,0,0,3310187,610,610,1570078,516,516
30038,425139260,75054,75054,421828389,74370,74370,403428352,65024,65024,0,0,0,3310871,684,684,1570594,516,516
30045,425228822,89562,89562,421915075,86686,86686,403502592,74240,74240,0,0,0,3313747,2876,2876,1570638,44,44
30052,425319281,90459,90459,422004661,89586,89586,403589120,86528,86528,0,0,0,3314620,873,873,1570812,174,174
30061,425410234,90953,90953,422095321,90660,90660,403678592,89472,89472,0,0,0,3314913,293,293,1570885,73,73
30069,425506251,96017,96017,422190948,95627,95627,403769088,90496,90496,0,0,0,3315303,390,390,1570956,71,71
30076,425606063,99812,99812,422287173,96225,96225,403864576,95488,95488,0,0,0,3318890,3587,3587,1571472,516,516
30084,425706442,100379,100379,422387008,99835,99835,403960704,96128,96128,0,0,0,3319434,544,544,1571647,175,175
30093,425807879,101437,101437,422488224,101216,101216,404060416,99712,99712,0,0,0,3319655,221,221,1571717,70,70
30100,425921280,113401,113401,422597356,109132,109132,404161536,101120,101120,0,0,0,3323924,4269,4269,1572084,367,367
30108,426035577,114297,114297,422710785,113429,113429,404270592,109056,109056,0,0,0,3324792,868,868,1572277,193,193
30115,426150849,115272,115272,422825139,114354,114354,404383872,113280,113280,0,0,0,3325710,918,918,1572480,203,203
30124,426267308,116459,116459,422940514,115375,115375,404498176,114304,114304,0,0,0,3326794,1084,1084,1573514,1034,1034
30131,426384941,117633,117633,423057285,116771,116771,404613504,115328,115328,0,0,0,3327656,862,862,1573557,43,43
30141,426503788,118847,118847,423175033,117748,117748,404730112,116608,116608,0,0,0,3328755,1099,1099,1574591,1034,1034
30147,426625290,121502,121502,423295878,120845,120845,404847744,117632,117632,0,0,0,3329412,657,657,1574789,198,198
30156,426747926,122636,122636,423417439,121561,121561,404968448,120704,120704,0,0,0,3330487,1075,1075,1575823,1034,1034
30176,426876740,128814,128814,423542396,124957,124957,405089920,121472,121472,0,0,0,3334344,3857,3857,1578252,2429,2429
30196,427009254,132514,132514,423671668,129272,129272,405214720,124800,124800,0,0,0,3337586,3242,3242,1581261,3009,3009
30203,427146365,137111,137111,423808477,136809,136809,405343872,129152,129152,0,0,0,3337888,302,302,1581420,159,159
30216,427288518,142153,142153,423946591,138114,138114,405480576,136704,136704,0,0,0,3341927,4039,4039,1583490,2070,2070
30228,427434556,146038,146038,424088804,142213,142213,405618560,137984,137984,0,0,0,3345752,3825,3825,1584721,1231,1231
30234,427581346,146790,146790,424235149,146345,146345,405760640,142080,142080,0,0,0,3346197,445,445,1584871,150,150
30248,427732029,150683,150683,424382015,146866,146866,405906944,146304,146304,0,0,0,3350014,3817,3817,1585954,1083,1083
30256,427883930,151901,151901,424533614,151599,151599,406053760,146816,146816,0,0,0,3350316,302,302,1586124,170,170
30264,428048041,164111,164111,424693979,160365,160365,406205312,151552,151552,0,0,0,3354062,3746,3746,1586640,516,516
30275,428213525,165484,165484,424858150,164171,164171,406365568,160256,160256,0,0,0,3355375,1313,1313,1587218,578,578
30283,428380322,166797,166797,425023736,165586,165586,406529664,164096,164096,0,0,0,3356586,1211,1211,1587695,477,477
30289,428548201,167879,167879,425190903,167167,167167,406695168,165504,165504,0,0,0,3357298,712,712,1588012,317,317
30297,428716533,168332,168332,425358845,167942,167942,406862208,167040,167040,0,0,0,3357688,390,390,1588250,238,238
30301,428885109,168576,168576,425527335,168490,168490,407030016,167808,167808,0,0,0,3357774,86,86,1588250,0,0
30313,429055211,170102,170102,425697182,169847,169847,407198464,168448,168448,0,0,0,3358029,255,255,1588250,0,0
30328,429238393,183182,183182,425877752,180570,180570,407368192,169728,169728,0,0,0,3360641,2612,2612,1590722,2472,2472
30348,429431744,193351,193351,426067735,189983,189983,407548672,180480,180480,0,0,0,3364009,3368,3368,1593823,3101,3101
30382,429643816,212072,212072,426272376,204641,204641,407738496,189824,189824,0,0,0,3371440,7431,7431,1601073,7250,7250
30408,429866387,222571,222571,426489790,217414,217414,407943040,204544,204544,0,0,0,3376597,5157,5157,1606082,5009,5009
30417,430098036,231649,231649,426720378,230588,230588,408160384,217344,217344,0,0,0,3377658,1061,1061,1607062,980,980
30432,430339961,241925,241925,426959909,239531,239531,408390912,230528,230528,0,0,0,3380052,2394,2394,1609394,2332,2332
30438,430339961,12729,0,426959909,0,0,408390912,0,0,0,0,0,3380052,0,0,1609394,0,0
30448,430360371,20410,20410,426980180,20271,20271,408402816,11904,11904,0,0,0,3380191,139,139,1609422,28,28
30456,430387977,27606,27606,427007165,26985,26985,408422912,20096,20096,0,0,0,3380812,621,621,1609938,516,516
30468,430425314,37337,37337,427043407,36242,36242,408449664,26752,26752,0,0,0,3381907,1095,1095,1610823,885,885
30475,430473695,48381,48381,427091691,48284,48284,408485760,36096,36096,0,0,0,3382004,97,97,1610844,21,21
30490,430532444,58749,58749,427148207,56516,56516,408533888,48128,48128,0,0,0,3384237,2233,2233,1612914,2070,2070
30505,430595671,63227,63227,427209032,60825,60825,408590208,56320,56320,0,0,0,3386639,2402,2402,1615214,2300,2300
30514,430664482,68811,68811,427273243,64211,64211,408650880,60672,60672,0,0,0,3391239,4600,4600,1615997,783,783
30524,430734220,69738,69738,427342079,68836,68836,408714880,64000,64000,0,0,0,3392141,902,902,1616409,412,412
30533,430816474,82254,82254,427420300,78221,78221,408783488,68608,68608,0,0,0,3396174,4033,4033,1617405,996,996
30540,430898896,82422,82422,427502581,82281,82281,408861568,78080,78080,0,0,0,3396315,141,141,1617473,68,68
30546,430982584,83688,83688,427585803,83222,83222,408943616,82048,82048,0,0,0,3396781,466,466,1617576,103,103
30564,431069183,86599,86599,427669581,83778,83778,409026688,83072,83072,0,0,0,3399602,2821,2821,1620323,2747,2747
30571,431156548,87365,87365,427756272,86691,86691,409110272,83584,83584,0,0,0,3400276,674,674,1620347,24,24
30583,431245430,88882,88882,427844406,88134,88134,409196800,86528,86528,0,0,0,3401024,748,748,1620883,536,536
30592,431346991,101561,101561,427943808,99402,99402,409284736,87936,87936,0,0,0,3403183,2159,2159,1621917,1034,1034
30600,431449042,102051,102051,428045393,101585,101585,409383936,99200,99200,0,0,0,3403649,466,466,1622253,336,336
30607,431557814,108772,108772,428154052,108659,108659,409485312,101376,101376,0,0,0,3403762,113,113,1622321,68,68
30614,431675191,117377,117377,428270964,116912,116912,409593856,108544,108544,0,0,0,3404227,465,465,1622357,36,36
30623,431801637,126446,126446,428396573,125609,125609,409710592,116736,116736,0,0,0,3405064,837,837,1622873,516,516
30631,431929615,127978,127978,428524079,127506,127506,409836032,125440,125440,0,0,0,3405536,472,472,1623029,156,156
30640,432060119,130504,130504,428652114,128035,128035,409963392,127360,127360,0,0,0,3408005,2469,2469,1623054,25,25
30649,432192508,132389,132389,428782676,130562,130562,410091264,127872,127872,0,0,0,3409832,1827,1827,1623351,297,297
30657,432326186,133678,133678,428915973,133297,133297,410221696,130432,130432,0,0,0,3410213,381,381,1623566,215,215
30665,432460593,134407,134407,429050283,134310,134310,410354816,133120,133120,0,0,0,3410310,97,97,1623580,14,14
30672,432598765,138172,138172,429187359,137076,137076,410488960,134144,134144,0,0,0,3411406,1096,1096,1623929,349,349
30682,432737735,138970,138970,429325593,138234,138234,410625664,136704,136704,0,0,0,3412142,736,736,1624095,166,166
30689,432877725,139990,139990,429464917,139324,139324,410763776,138112,138112,0,0,0,3412808,666,666,1624465,370,370
30696,433018970,141245,141245,429605678,140761,140761,410903040,139264,139264,0,0,0,3413292,484,484,1624882,417,417
30702,433161490,142520,142520,429747910,142232,142232,411043712,140672,140672,0,0,0,3413580,288,288,1625090,208,208
30716,433305987,144497,144497,429891701,143791,143791,411185792,142080,142080,0,0,0,3414286,706,706,1625606,516,516
30724,433460939,154952,154952,430046160,154459,154459,411329536,143744,143744,0,0,0,3414779,493,493,1625962,356,356
30741,433623628,162689,162689,430205740,159580,159580,411483904,154368,154368,0,0,0,3417888,3109,3109,1628997,3035,3035
30748,433795118,171490,171490,430377098,171358,171358,411643392,159488,159488,0,0,0,3418020,132,132,1629046,49,49
30755,433973913,178795,178795,430555788,178690,178690,411814656,171264,171264,0,0,0,3418125,105,105,1629077,31,31
30768,434161938,188025,188025,430742515,186727,186727,411993216,178560,178560,0,0,0,3419423,1298,1298,1630227,1150,1150
30787,434361543,199605,199605,430938695,196180,196180,412179840,186624,186624,0,0,0,3422848,3425,3425,1633550,3323,3323
30795,434571348,209805,209805,431146405,207710,207710,412375936,196096,196096,0,0,0,3424943,2095,2095,1633753,203,203
30806,434785397,214049,214049,431356516,210111,210111,412583552,207616,207616,0,0,0,3428881,3938,3938,1635146,1393,1393
30815,434999801,214404,214404,431570591,214075,214075,412793600,210048,210048,0,0,0,3429210,329,329,1635276,130,130
30822,435217454,217653,217653,431788060,217469,217469,413007616,214016,214016,0,0,0,3429394,184,184,1635391,115,115
30829,435437209,219755,219755,432007103,219043,219043,413224960,217344,217344,0,0,0,3430106,712,712,1635624,233,233
30838,435657979,220770,220770,432226966,219863,219863,413443840,218880,218880,0,0,0,3431013,907,907,1636140,516,516
30845,435881046,223067,223067,432449887,222921,222921,413663616,219776,219776,0,0,0,3431159,146,146,1636178,38,38
30856,436109237,228191,228191,432674173,224286,224286,413886080,222464,222464,0,0,0,3435064,3905,3905,1637024,846,846
30863,436338510,229273,229273,432902390,228217,228217,414110336,224256,224256,0,0,0,3436120,1056,1056,1637314,290,290
30877,436570288,231778,231778,433131729,229339,229339,414338432,228096,228096,0,0,0,3438559,2439,2439,1639295,1981,1981
30886,436803000,232712,232712,433363869,232140,232140,414567680,229248,229248,0,0,0,3439131,572,572,1639455,160,160
30892,437037186,234186,234186,433597924,234055,234055,414799744,232064,232064,0,0,0,3439262,131,131,1639506,51,51
30905,437273343,236157,236157,433833381,235457,235457,415033728,233984,233984,0,0,0,3439962,700,700,1640022,516,516
30912,437517404,244061,244061,434076902,243521,243521,415269120,235392,235392,0,0,0,3440502,540,540,1640447,425,425
30919,437761942,244538,244538,434321229,244327,244327,415512576,243456,243456,0,0,0,3440713,211,211,1640553,106,106
30925,437761942,12609,0,434321229,0,0,415512576,0,0,0,0,0,3440713,0,0,1640553,0,0
30932,437782378,20436,20436,434341565,20336,20336,415524480,11904,11904,0,0,0,3440813,100,100,1640553,0,0
30943,437804543,22165,22165,434363517,21952,21952,415536384,11904,11904,0,0,0,3441026,213,213,1640576,23,23
30948,437827329,22786,22786,434386234,22717,22717,415558144,21760,21760,0,0,0,3441095,69,69,1640576,0,0
30954,437850544,23215,23215,434409291,23057,23057,415580672,22528,22528,0,0,0,3441253,158,158,1640576,0,0
30962,437885075,34531,34531,434443118,33827,33827,415600768,20096,20096,0,0,0,3441957,704,704,1641092,516,516
30970,437929408,44333,44333,434487287,44169,44169,415634432,33664,33664,0,0,0,3442121,164,164,1641116,24,24
30980,437975080,45672,45672,434532321,45034,45034,415678464,44032,44032,0,0,0,3442759,638,638,1641522,406,406
30988,438031747,56667,56667,434588708,56387,56387,415723264,44800,44800,0,0,0,3443039,280,280,1641641,119,119
31004,438100240,68493,68493,434655366,66658,66658,415779456,56192,56192,0,0,0,3444874,1835,1835,1643221,1580,1580
31017,438180990,80750,80750,434734238,78872,78872,415845888,66432,66432,0,0,0,3446752,1878,1878,1645028,1807,1807
31031,438271463,90473,90473,434822992,88754,88754,415924608,78720,78720,0,0,0,3448471,1719,1719,1646622,1594,1594
31038,438271463,90473,0,434822992,88754,0,415924608,78720,0,0,0,0,3448471,1719,0,1646622,1594,0
31048,438369414,97951,97951,434920083,97091,97091,416019968,95360,95360,0,0,0,3449331,860,860,1647372,750,750
31077,438484648,115234,115234,435029480,109397,109397,416116864,96896,96896,0,0,0,3455168,5837,5837,1653068,5696,5696
31088,438605499,120851,120851,435146205,116725,116725,416226048,109184,109184,0,0,0,3459294,4126,4126,1654620,1552,1552
31095,438729567,124068,124068,435267082,120877,120877,416342656,116608,116608,0,0,0,3462485,3191,3191,1655136,516,516
31102,438854219,124652,124652,435391175,124093,124093,416463360,120704,120704,0,0,0,3463044,559,559,1655246,110,110
31111,438979991,125772,125772,435516631,125456,125456,416587264,123904,123904,0,0,0,3463360,316,316,1655405,159,159
31118,439115493,135502,135502,435651756,135125,135125,416712576,125312,125312,0,0,0,3463737,377,377,1655490,85,85
31124,439251439,135946,135946,435787407,135651,135651,416847488,134912,134912,0,0,0,3464032,295,295,1655490,0,0
31133,439389979,138540,138540,435925331,137924,137924,416982912,135424,135424,0,0,0,3464648,616,616,1655642,152,152
31141,439529474,139495,139495,436064655,139324,139324,417120640,137728,137728,0,0,0,3464819,171,171,1655698,56,56
31151,439674759,145285,145285,436206924,142269,142269,417259776,139136,139136,0,0,0,3467835,3016,3016,1656682,984,984
31158,439820321,145562,145562,436352394,145470,145470,417401856,142080,142080,0,0,0,3467927,92,92,1656713,31,31
31167,439967454,147133,147133,436498720,146326,146326,417547136,145280,145280,0,0,0,3468734,807,807,1656852,139,139
31175,440116816,149362,149362,436646058,147338,147338,417693312,146176,146176,0,0,0,3470758,2024,2024,1657248,396,396
31181,440266859,150043,150043,436795590,149532,149532,417840512,147200,147200,0,0,0,3471269,511,511,1657416,168,168
31191,440417571,150712,150712,436945711,150121,150121,417989888,149376,149376,0,0,0,3471860,591,591,1657441,25,25
31198,440569220,151649,151649,437096903,151192,151192,418139776,149888,149888,0,0,0,3472317,457,457,1657595,154,154
31205,440721633,152413,152413,437249205,152302,152302,418290816,151040,151040,0,0,0,3472428,111,111,1657640,45,45
31211,440874893,153260,153260,437402224,153019,153019,418442880,152064,152064,0,0,0,3472669,241,241,1657816,176,176
31223,441029607,154714,154714,437556755,154531,154531,418595712,152832,152832,0,0,0,3472852,183,183,1657816,0,0
31231,441194027,164420,164420,437720717,163962,163962,418750080,154368,154368,0,0,0,3473310,458,458,1658085,269,269
31244,441369449,175422,175422,437894332,173615,173615,418913920,163840,163840,0,0,0,3475117,1807,1807,1659816,1731,1731
31256,441553848,184399,184399,438077702,183370,183370,419087360,173440,173440,0,0,0,3476146,1029,1029,1660604,788,788
31268,441749167,195319,195319,438271693,193991,193991,419270528,183168,183168,0,0,0,3477474,1328,1328,1661794,1190,1190
31275,441749167,195319,0,438271693,193991,0,419270528,183168,0,0,0,0,3477474,1328,0,1661794,1190,0
31294,441958053,208886,208886,438477261,205568,205568,419474304,203776,203776,0,0,0,3480792,3318,3318,1665035,3241,3241
31316,442178884,220831,220831,438694144,216883,216883,419679744,205440,205440,0,0,0,3484740,3948,3948,1668838,3803,3803
31324,442408640,229756,229756,438923537,229393,229393,419896448,216704,216704,0,0,0,3485103,363,363,1669085,247,247
31332,442647121,238481,238481,439161380,237843,237843,420125696,229248,229248,0,0,0,3485741,638,638,1669537,452,452
31338,442647121,12585,0,439161380,0,0,420125696,0,0,0,0,0,3485741,0,0,1669537,0,0
31348,442667278,20157,20157,439181330,19950,19950,420137600,11904,11904,0,0,0,3485948,207,207,1669587,50,50
31355,442688889,21611,21611,439202728,21398,21398,420157312,19712,19712,0,0,0,3486161,213,213,1669587,0,0
31364,442719129,30240,30240,439232267,29539,29539,420178560,21248,21248,0,0,0,3486862,701,701,1669932,345,345
31372,442761786,42657,42657,439274739,42472,42472,420207872,29312,29312,0,0,0,3487047,185,185,1669948,16,16
31381,442816430,54644,54644,439327082,52343,52343,420250112,42240,42240,0,0,0,3489348,2301,2301,1670464,516,516
31389,442872956,56526,56526,439381787,54705,54705,420302336,52224,52224,0,0,0,3491169,1821,1821,1670980,516,516
31398,442930865,57909,57909,439439454,57667,57667,420356864,54528,54528,0,0,0,3491411,242,242,1671026,46,46
31406,442998218,67353,67353,439505935,66481,66481,420414336,57472,57472,0,0,0,3492283,872,872,1671542,516,516
31414,443073235,75017,75017,439580469,74534,74534,420480640,66304,66304,0,0,0,3492766,483,483,1671599,57,57
31424,443151817,78582,78582,439655911,75442,75442,420555008,74368,74368,0,0,0,3495906,3140,3140,1672115,516,516
31432,443240981,89164,89164,439744130,88219,88219,420630272,75264,75264,0,0,0,3496851,945,945,1672631,516,516
31440,443336743,95762,95762,439839531,95401,95401,420718336,88064,88064,0,0,0,3497212,361,361,1672662,31,31
31449,443437332,100589,100589,439939630,100099,100099,420813568,95232,95232,0,0,0,3497702,490,490,1672994,332,332
31457,443545271,107939,107939,440043451,103821,103821,420913536,99968,99968,0,0,0,3501820,4118,4118,1673426,432,432
31464,443654385,109114,109114,440151518,108067,108067,421017216,103680,103680,0,0,0,3502867,1047,1047,1673768,342,342
31472,443763734,109349,109349,440260695,109177,109177,421125248,108032,108032,0,0,0,3503039,172,172,1673861,93,93
31483,443875034,111300,111300,440370939,110244,110244,421234304,109056,109056,0,0,0,3504095,1056,1056,1673949,88,88
31490,443987562,112528,112528,440483392,112453,112453,421344512,110208,110208,0,0,0,3504170,75,75,1673957,8,8
31496,444101131,113569,113569,440596765,113373,113373,421456896,112384,112384,0,0,0,3504366,196,196,1674080,123,123
31509,444216241,115110,115110,440711606,114841,114841,421570176,113280,113280,0,0,0,3504635,269,269,1674173,93,93
31517,444341274,125033,125033,440835921,124315,124315,421684864,114688,114688,0,0,0,3505353,718,718,1674689,516,516
31524,444478038,136764,136764,440971985,136064,136064,421809024,124160,124160,0,0,0,3506053,700,700,1675205,516,516
31536,444622831,144793,144793,441115310,143325,143325,421944960,135936,135936,0,0,0,3507521,1468,1468,1676465,1260,1260
31547,444773625,150794,150794,441264999,149689,149689,422088192,143232,143232,0,0,0,3508626,1105,1105,1677380,915,915
31559,444936334,162709,162709,441426322,161323,161323,422237824,149632,149632,0,0,0,3510012,1386,1386,1678577,1197,1197
31566,445110956,174622,174622,441600477,174155,174155,422399104,161280,161280,0,0,0,3510479,467,467,1678837,260,260
31586,445296589,185633,185633,441782573,182096,182096,422573184,174080,174080,0,0,0,3514016,3537,3537,1682189,3352,3352
31596,445486703,190114,190114,441972509,189936,189936,422755200,182016,182016,0,0,0,3514194,178,178,1682220,31,31
31609,445691614,204911,204911,442175444,202935,202935,422945024,189824,189824,0,0,0,3516170,1976,1976,1684085,1865,1865
31624,445906136,214522,214522,442387514,212070,212070,423147904,202880,202880,0,0,0,3518622,2452,2452,1686436,2351,2351
31629,446121802,215666,215666,442603130,215616,215616,423359872,211968,211968,0,0,0,3518672,50,50,1686436,0,0
31638,446343106,221304,221304,442823363,220233,220233,423575424,215552,215552,0,0,0,3519743,1071,1071,1687446,1010,1010
31643,446343106,221304,0,442823363,220233,0,423575424,215552,0,0,0,0,3519743,1071,0,1687446,1010,0
31665,446570636,227530,227530,443047543,224180,224180,423798528,223104,223104,0,0,0,3523093,3350,3350,1690571,3125,3125
31679,446809539,238903,238903,443284500,236957,236957,424022656,224128,224128,0,0,0,3525039,1946,1946,1692357,1786,1786
31685,446809539,13488,0,443284500,0,0,424022656,0,0,0,0,0,3525039,0,0,1692357,0,0
31695,446830842,21303,21303,443305603,21103,21103,424034560,11904,11904,0,0,0,3525239,200,200,1692418,61,61
31702,446853511,22669,22669,443328049,22446,22446,424055424,20864,20864,0,0,0,3525462,223,223,1692418,0,0
31711,446886546,33035,33035,443360602,32553,32553,424077696,22272,22272,0,0,0,3525944,482,482,1692616,198,198
31720,446931405,44859,44859,443404543,43941,43941,424110080,32384,32384,0,0,0,3526862,918,918,1693132,516,516
31727,446976570,45165,45165,443449560,45017,45017,424153856,43776,43776,0,0,0,3527010,148,148,1693178,46,46
31733,447030432,53862,53862,443502754,53194,53194,424198656,44800,44800,0,0,0,3527678,668,668,1693476,298,298
31739,447087495,57063,57063,443556678,53924,53924,424251648,52992,52992,0,0,0,3530817,3139,3139,1693476,0,0
31746,447144837,57342,57342,443613765,57087,57087,424305408,53760,53760,0,0,0,3531072,255,255,1693569,93,93
31753,447204488,59651,59651,443673021,59256,59256,424362368,56960,56960,0,0,0,3531467,395,395,1693800,231,231
31764,447268603,64115,64115,443735577,62556,62556,424421504,59136,59136,0,0,0,3533026,1559,1559,1695237,1437,1437
31775,447341374,72771,72771,443803025,67448,67448,424483840,62336,62336,0,0,0,3538349,5323,5323,1696189,952,952
31783,447414584,73210,73210,443875824,72799,72799,424551168,67328,67328,0,0,0,3538760,411,411,1696413,224,224
31792,447490035,75451,75451,443950518,74694,74694,424623744,72576,72576,0,0,0,3539517,757,757,1697129,716,716
31800,447566723,76688,76688,444026291,75773,75773,424698240,74496,74496,0,0,0,3540432,915,915,1697220,91,91
31808,447644700,77977,77977,444103986,77695,77695,424773888,75648,75648,0,0,0,3540714,282,282,1697319,99,99
31816,447732981,88281,88281,444191551,87565,87565,424851456,77568,77568,0,0,0,3541430,716,716,1697815,496,496
31825,447823605,90624,90624,444281515,89964,89964,424938880,87424,87424,0,0,0,3542090,660,660,1698396,581,581
31834,447919143,95538,95538,444373066,91551,91551,425028608,89728,89728,0,0,0,3546077,3987,3987,1698426,30,30
31841,448015710,96567,96567,444468631,95565,95565,425120000,91392,91392,0,0,0,3547079,1002,1002,1698942,516,516
31849,448112714,97004,97004,444565517,96886,96886,425215360,95360,95360,0,0,0,3547197,118,118,1698959,17,17
31856,448213638,100924,100924,444665605,100088,100088,425312128,96768,96768,0,0,0,3548033,836,836,1699111,152,152
31865,448315363,101725,101725,444767217,101612,101612,425412096,99968,99968,0,0,0,3548146,113,113,1699119,8,8
31871,448418311,102948,102948,444869829,102612,102612,425513472,101376,101376,0,0,0,3548482,336,336,1699368,249,249
31882,448522692,104381,104381,444974048,104219,104219,425615872,102400,102400,0,0,0,3548644,162,162,1699368,0,0
31909,448636632,113940,113940,445082243,108195,108195,425719936,104064,104064,0,0,0,3554389,5745,5745,1705004,5636,5636
31922,448755423,118791,118791,445199225,116982,116982,425827968,108032,108032,0,0,0,3556198,1809,1809,1706741,1737,1737
31933,448883185,127762,127762,445326022,126797,126797,425944832,116864,116864,0,0,0,3557163,965,965,1707540,799,799
31946,449014612,131427,131427,445455444,129422,129422,426071424,126592,126592,0,0,0,3559168,2005,2005,1709412,1872,1872
31953,449149798,135186,135186,445590051,134607,134607,426200704,129280,129280,0,0,0,3559747,579,579,1709899,487,487
31960,449285284,135486,135486,445725407,135356,135356,426335104,134400,134400,0,0,0,3559877,130,130,1709944,45,45
31968,449429144,143860,143860,445868899,143492,143492,426470272,135168,135168,0,0,0,3560245,368,368,1709981,37,37
31976,449576134,146990,146990,446015664,146765,146765,426613632,143360,143360,0,0,0,3560470,225,225,1710060,79,79
31989,449736988,160854,160854,446174699,159035,159035,426760192,146560,146560,0,0,0,3562289,1819,1819,1711791,1731,1731
32008,449909406,172418,172418,446343589,168890,168890,426919040,158848,158848,0,0,0,3565817,3528,3528,1715220,3429,3429
32039,450094243,184837,184837,446520410,176821,176821,427087744,168704,168704,0,0,0,3573833,8016,8016,1721298,6078,6078
32050,450282589,188346,188346,446705290,184880,184880,427264384,176640,176640,0,0,0,3577299,3466,3466,1722314,1016,1016
32062,450474056,191467,191467,446895355,190065,190065,427449088,184704,184704,0,0,0,3578701,1402,1402,1723625,1311,1311
32071,450669763,195707,195707,447089287,193932,193932,427638912,189824,189824,0,0,0,3580476,1775,1775,1724597,972,972
32078,450865715,195952,195952,447285116,195829,195829,427832704,193792,193792,0,0,0,3580599,123,123,1724649,52,52
32086,451063275,197560,197560,447481555,196439,196439,428028416,195712,195712,0,0,0,3581720,1121,1121,1724877,228,228
32094,451262778,199503,199503,447680781,199226,199226,428224640,196224,196224,0,0,0,3581997,277,277,1725040,163,163
32106,451476992,214214,214214,447889670,208889,208889,428423680,199040,199040,0,0,0,3587322,5325,5325,1725964,924,924
32115,451692542,215550,215550,448104167,214497,214497,428632448,208768,208768,0,0,0,3588375,1053,1053,1726578,614,614
32125,451909017,216475,216475,448319832,215665,215665,428846720,214272,214272,0,0,0,3589185,810,810,1727282,704,704
32138,452129531,220514,220514,448537704,217872,217872,429062144,215424,215424,0,0,0,3591827,2642,2642,1729239,1957,1957
32147,452350835,221304,221304,448758880,221176,221176,429279872,217728,217728,0,0,0,3591955,128,128,1729249,10,10
32151,452573080,222245,222245,448981038,222158,222158,429500928,221056,221056,0,0,0,3592042,87,87,1729249,0,0
32168,452798071,224991,224991,449204554,223516,223516,429722880,221952,221952,0,0,0,3593517,1475,1475,1730540,1291,1291
32175,453033841,235770,235770,449440187,235633,235633,429946240,223360,223360,0,0,0,3593654,137,137,1730562,22,22
32185,453274770,240929,240929,449680141,239954,239954,430181632,235392,235392,0,0,0,3594629,975,975,1731409,847,847
32191,453274770,13692,0,449680141,0,0,430181632,0,0,0,0,0,3594629,0,0,1731409,0,0
32201,453296483,21713,21713,449701678,21537,21537,430193536,11904,11904,0,0,0,3594805,176,176,1731475,66,66
32208,453319026,22543,22543,449724030,22352,22352,430214912,21376,21376,0,0,0,3594996,191,191,1731475,0,0
32219,453345138,26112,26112,449749530,25500,25500,430237056,22144,22144,0,0,0,3595608,612,612,1731844,369,369
32228,453382253,37115,37115,449785976,36446,36446,430262400,25344,25344,0,0,0,3596277,669,669,1732360,516,516
32243,453430756,48503,48503,449832559,46583,46583,430298624,36224,36224,0,0,0,3598197,1920,1920,1734090,1730,1730
32260,453492286,61530,61530,449892253,59694,59694,430345088,46464,46464,0,0,0,3600033,1836,1836,1735785,1695,1695
32267,453561745,69459,69459,449961605,69352,69352,430404608,59520,59520,0,0,0,3600140,107,107,1735827,42,42
32274,453631928,70183,70183,450031210,69605,69605,430473728,69120,69120,0,0,0,3600718,578,578,1736288,461,461
32283,453704763,72835,72835,450103369,72159,72159,430543104,69376,69376,0,0,0,3601394,676,676,1736880,592,592
32298,453782112,77349,77349,450178498,75129,75129,430615040,71936,71936,0,0,0,3603614,2220,2220,1738968,2088,2088
32310,453861672,79560,79560,450256417,77919,77919,430690048,75008,75008,0,0,0,3605255,1641,1641,1740474,1506,1506
32336,453950482,88810,88810,450340555,84138,84138,430767744,77696,77696,0,0,0,3609927,4672,4672,1744967,4493,4493
32343,454047402,96920,96920,450437381,96826,96826,430851712,83968,83968,0,0,0,3610021,94,94,1745020,53,53
32353,454145646,98244,98244,450534549,97168,97168,430948352,96640,96640,0,0,0,3611097,1076,1076,1745960,940,940
32368,454257173,111527,111527,450643496,108947,108947,431045376,97024,97024,0,0,0,3613677,2580,2580,1748447,2487,2487
32381,454373330,116157,116157,450755120,111624,111624,431154176,108800,108800,0,0,0,3618210,4533,4533,1749541,1094,1094
32389,454490060,116730,116730,450871307,116187,116187,431265664,111488,111488,0,0,0,3618753,543,543,1749845,304,304
32396,454609917,119857,119857,450991060,119753,119753,431381632,115968,115968,0,0,0,3618857,104,104,1749912,67,67
32403,454730675,120758,120758,451111016,119956,119956,431501184,119552,119552,0,0,0,3619659,802,802,1750103,191,191
32410,454851799,121124,121124,451231865,120849,120849,431620992,119808,119808,0,0,0,3619934,275,275,1750127,24,24
32419,454973397,121598,121598,451353211,121346,121346,431741696,120704,120704,0,0,0,3620186,252,252,1750253,126,126
32425,455095668,122271,122271,451475312,122101,122101,431862912,121216,121216,0,0,0,3620356,170,170,1750354,101,101
32439,455219923,124255,124255,451598856,123544,123544,431984896,121984,121984,0,0,0,3621067,711,711,1750870,516,516
32451,455355256,135333,135333,451732743,133887,133887,432108288,123392,123392,0,0,0,3622513,1446,1446,1752186,1316,1316
32478,455504044,148788,148788,451876131,143388,143388,432242048,133760,133760,0,0,0,3627913,5400,5400,1757502,5316,5316
32493,455657887,153843,153843,452028179,152048,152048,432385280,143232,143232,0,0,0,3629708,1795,1795,1759159,1657,1657
32502,455820684,162797,162797,452189991,161812,161812,432537088,151808,151808,0,0,0,3630693,985,985,1760089,930,930
32515,455988678,167994,167994,452356268,166277,166277,432698752,161664,161664,0,0,0,3632410,1717,1717,1761716,1627,1627
32524,456157761,169083,169083,452525088,168820,168820,432864896,166144,166144,0,0,0,3632673,263,263,1761869,153,153
32531,456328167,170406,170406,452695106,170018,170018,433033600,168704,168704,0,0,0,3633061,388,388,1761910,41,41
32538,456502613,174446,174446,452869469,174363,174363,433203456,169856,169856,0,0,0,3633144,83,83,1761936,26,26
32546,456682870,180257,180257,453049347,179878,179878,433377664,174208,174208,0,0,0,3633523,379,379,1762023,87,87
32553,456866302,183432,183432,453232470,183123,183123,433557376,179712,179712,0,0,0,3633832,309,309,1762040,17,17
32560,457051798,185496,185496,453417401,184931,184931,433740288,182912,182912,0,0,0,3634397,565,565,1762431,391,391
32567,457237966,186168,186168,453603281,185880,185880,433924992,184704,184704,0,0,0,3634685,288,288,1762541,110,110
32575,457426031,188065,188065,453790389,187108,187108,434110720,185728,185728,0,0,0,3635642,957,957,1763057,516,516
32584,457619099,193068,193068,453980104,189715,189715,434297600,186880,186880,0,0,0,3638995,3353,3353,1764025,968,968
32591,457812451,193352,193352,454173254,193150,193150,434487168,189568,189568,0,0,0,3639197,202,202,1764129,104,104
32598,458010608,198157,198157,454369172,195918,195918,434680192,193024,193024,0,0,0,3641436,2239,2239,1764222,93,93
32604,458209279,198671,198671,454567354,198182,198182,434875904,195712,195712,0,0,0,3641925,489,489,1764419,197,197
32612,458408374,199095,199095,454766084,198730,198730,435073920,198016,198016,0,0,0,3642290,365,365,1764676,257,257
32621,458611298,202924,202924,454968539,202455,202455,435272448,198528,198528,0,0,0,3642759,469,469,1764916,240,240
32627,458814659,203361,203361,455171538,202999,202999,435474688,202240,202240,0,0,0,3643121,362,362,1765002,86,86
32635,459018579,203920,203920,455374957,203419,203419,435677568,202880,202880,0,0,0,3643622,501,501,1765412,410,410
32644,459229675,211096,211096,455583559,208602,208602,435880832,203264,203264,0,0,0,3646116,2494,2494,1766446,1034,1034
32657,459444348,214673,214673,455794722,211163,211163,436089216,208384,208384,0,0,0,3649626,3510,3510,1767664,1218,1218
32666,459660066,215718,215718,456009420,214698,214698,436300160,210944,210944,0,0,0,3650646,1020,1020,1768455,791,791
32673,459876650,216584,216584,456225809,216389,216389,436514688,214528,214528,0,0,0,3650841,195,195,1768570,115,115
32682,460095362,218712,218712,456443044,217235,217235,436730880,216192,216192,0,0,0,3652318,1477,1477,1769357,787,787
32689,460314895,219533,219533,456661853,218809,218809,436947968,217088,217088,0,0,0,3653042,724,724,1769630,273,273
32698,460534845,219950,219950,456881472,219619,219619,437166592,218624,218624,0,0,0,3653373,331,331,1769709,79,79
32704,460755644,220799,220799,457102121,220649,220649,437385984,219392,219392,0,0,0,3653523,150,150,1769789,80,80
32717,460978121,222477,222477,457324191,222070,222070,437606400,220416,220416,0,0,0,3653930,407,407,1769993,204,204
32725,461211825,233704,233704,457557238,233047,233047,437828352,221952,221952,0,0,0,3654587,657,657,1770509,516,516
32741,461452263,240438,240438,457795052,237814,237814,438061184,232832,232832,0,0,0,3657211,2624,2624,1772996,2487,2487
32747,461452263,12681,0,457795052,0,0,438061184,0,0,0,0,0,3657211,0,0,1772996,0,0
32757,461472346,20083,20083,457814960,19908,19908,438073088,11904,11904,0,0,0,3657386,175,175,1773054,58,58
32765,461493885,21539,21539,457836350,21390,21390,438092800,19712,19712,0,0,0,3657535,149,149,1773106,52,52
32771,461516227,22342,22342,457858582,22232,22232,438104704,11904,11904,0,0,0,3657645,110,110,1773106,0,0
32778,461539851,23624,23624,457882101,23519,23519,438126720,22016,22016,0,0,0,3657750,105,105,1773119,13,13
32785,461569526,29675,29675,457911337,29236,29236,438147968,21248,21248,0,0,0,3658189,439,439,1773424,305,305
32795,461603675,34149,34149,457945151,33814,33814,438177024,29056,29056,0,0,0,3658524,335,335,1773554,130,130
32803,461646180,42505,42505,457986976,41825,41825,438210688,33664,33664,0,0,0,3659204,680,680,1774070,516,516
32810,461697770,51590,51590,458038311,51335,51335,438252288,41600,41600,0,0,0,3659459,255,255,1774223,153,153
32819,461750716,52946,52946,458090849,52538,52538,438303488,51200,51200,0,0,0,3659867,408,408,1774455,232,232
32827,461805355,54639,54639,458145304,54455,54455,438355840,52352,52352,0,0,0,3660051,184,184,1774495,40,40
32834,461863493,58138,58138,458203306,58002,58002,438410112,54272,54272,0,0,0,3660187,136,136,1774513,18,18
32841,461921846,58353,58353,458261503,58197,58197,438467968,57856,57856,0,0,0,3660343,156,156,1774572,59,59
32848,461984276,62430,62430,458322141,60638,60638,438525952,57984,57984,0,0,0,3662135,1792,1792,1774911,339,339
32855,462046873,62597,62597,458384595,62454,62454,438586368,60416,60416,0,0,0,3662278,143,143,1774924,13,13
32863,462109661,62788,62788,458447251,62656,62656,438648704,62336,62336,0,0,0,3662410,132,132,1774984,60,60
32871,462173025,63364,63364,458510313,63062,63062,438711168,62464,62464,0,0,0,3662712,302,302,1775014,30,30
32883,462236908,63883,63883,458574012,63699,63699,438774016,62848,62848,0,0,0,3662896,184,184,1775069,55,55
32894,462302418,65510,65510,458638782,64770,64770,438837504,63488,63488,0,0,0,3663636,740,740,1775356,287,287
32910,462372913,70495,70495,458709131,70349,70349,438902144,64640,64640,0,0,0,3663782,146,146,1775376,20,20
32923,462445652,72739,72739,458781512,72381,72381,438972288,70144,70144,0,0,0,3664140,358,358,1775556,180,180
32936,462524354,78702,78702,458859920,78408,78408,439044480,72192,72192,0,0,0,3664434,294,294,1775664,108,108
32948,462609047,84693,84693,458944515,84595,84595,439122688,78208,78208,0,0,0,3664532,98,98,1775685,21,21
32963,462695971,86924,86924,459031125,86610,86610,439207168,84480,84480,0,0,0,3664846,314,314,1775760,75,75
32979,462788509,92538,92538,459123548,92423,92423,439293568,86400,86400,0,0,0,3664961,115,115,1775782,22,22
32986,462883664,95155,95155,459218485,94937,94937,439385856,92288,92288,0,0,0,3665179,218,218,1775920,138,138
32993,462987377,103713,103713,459318022,99537,99537,439480576,94720,94720,0,0,0,3669355,4176,4176,1776436,516,516
33002,463091838,104461,104461,459421761,103739,103739,439580032,99456,99456,0,0,0,3670077,722,722,1776926,490,490
33012,463198964,107126,107126,459526398,104637,104637,439683712,103680,103680,0,0,0,3672566,2489,2489,1777719,793,793
33019,463306326,107362,107362,459633583,107185,107185,439788288,104576,104576,0,0,0,3672743,177,177,1777822,103,103
33027,463416544,110218,110218,459742040,108457,108457,439895424,107136,107136,0,0,0,3674504,1761,1761,1778338,516,516
33034,463528051,111507,111507,459852422,110382,110382,440003840,108416,108416,0,0,0,3675629,1125,1125,1778674,336,336
33042,463639736,111685,111685,459963990,111568,111568,440114176,110336,110336,0,0,0,3675746,117,117,1778706,32,32
33048,463753397,113661,113661,460077513,113523,113523,440225664,111488,111488,0,0,0,3675884,138,138,1778771,65,65
33062,463868783,115386,115386,460192445,114932,114932,440339072,113408,113408,0,0,0,3676338,454,454,1779023,252,252
33068,463984868,116085,116085,460308366,115921,115921,440453888,114816,114816,0,0,0,3676502,164,164,1779023,0,0
33075,464107693,122825,122825,460431000,122634,122634,440569728,115840,115840,0,0,0,3676693,191,191,1779138,115,115
33098,464241214,133521,133521,460560334,129334,129334,440692352,122624,122624,0,0,0,3680880,4187,4187,1783152,4014,4014
33112,464379230,138016,138016,460696600,136266,136266,440821632,129280,129280,0,0,0,3682630,1750,1750,1784772,1620,1620
33124,464526471,147241,147241,460842535,145935,145935,440957824,136192,136192,0,0,0,3683936,1306,1306,1785933,1161,1161
33142,464685821,159350,159350,460999414,156879,156879,441103744,145920,145920,0,0,0,3686407,2471,2471,1788171,2238,2238
33150,464853843,168022,168022,461167262,167848,167848,441260544,156800,156800,0,0,0,3686581,174,174,1788233,62,62
33158,465030958,177115,177115,461344246,176984,176984,441428352,167808,167808,0,0,0,3686712,131,131,1788264,31,31
33165,465208417,177459,177459,461521611,177365,177365,441605248,176896,176896,0,0,0,3686806,94,94,1788293,29,29
33184,465399921,191504,191504,461707675,186064,186064,441782528,177280,177280,0,0,0,3692246,5440,5440,1791535,3242,3242
33191,465595085,195164,195164,461899209,191534,191534,441968512,185984,185984,0,0,0,3695876,3630,3630,1791754,219,219
33199,465791118,196033,196033,462094399,195190,195190,442160000,191488,191488,0,0,0,3696719,843,843,1792168,414,414
33206,465988957,197839,197839,462292139,197740,197740,442355072,195072,195072,0,0,0,3696818,99,99,1792189,21,21
33213,466191140,202183,202183,462494134,201995,201995,442552704,197632,197632,0,0,0,3697006,188,188,1792259,70,70
33235,466401198,210058,210058,462700770,206636,206636,442754688,201984,201984,0,0,0,3700428,3422,3422,1795493,3234,3234
33251,466618784,217586,217586,462913809,213039,213039,442961280,206592,206592,0,0,0,3704975,4547,4547,1797728,2235,2235
33272,466843954,225170,225170,463131456,217647,217647,443174272,212992,212992,0,0,0,3712498,7523,7523,1801870,4142,4142
33280,467070084,226130,226130,463356670,225214,225214,443391872,217600,217600,0,0,0,3713414,916,916,1802371,501,501
33289,467297693,227609,227609,463584028,227358,227358,443617024,225152,225152,0,0,0,3713665,251,251,1802486,115,115
33296,467535982,238289,238289,463822074,238046,238046,443844352,227328,227328,0,0,0,3713908,243,243,1802632,146,146
33306,467779364,243382,243382,464061760,239686,239686,444082304,237952,237952,0,0,0,3717604,3696,3696,1803560,928,928
33316,468025792,246428,246428,464305627,243867,243867,444321920,239616,239616,0,0,0,3720165,2561,2561,1804076,516,516
33322,468025792,13425,0,464305627,0,0,444321920,0,0,0,0,0,3720165,0,0,1804076,0,0
33333,468047074,21282,21282,464326713,21086,21086,444333824,11904,11904,0,0,0,3720361,196,196,1804106,30,30
33339,468069884,22810,22810,464349437,22724,22724,444354688,20864,20864,0,0,0,3720447,86,86,1804106,0,0
33349,468101399,31515,31515,464380700,31263,31263,444377216,22528,22528,0,0,0,3720699,252,252,1804188,82,82
33358,468139417,38018,38018,464417602,36902,36902,444408320,31104,31104,0,0,0,3721815,1116,1116,1804310,122,122
33365,468179552,40135,40135,464457079,39477,39477,444445056,36736,36736,0,0,0,3722473,658,658,1804400,90,90
33372,468220881,41329,41329,464497769,40690,40690,444484352,39296,39296,0,0,0,3723112,639,639,1804429,29,29
33384,468263597,42716,42716,464539817,42048,42048,444524800,40448,40448,0,0,0,3723780,668,668,1804902,473,473
33400,468319007,55410,55410,464593513,53696,53696,444566656,41856,41856,0,0,0,3725494,1714,1714,1806355,1453,1453
33409,468390182,71175,71175,464660526,67013,67013,444620160,53504,53504,0,0,0,3729656,4162,4162,1807351,996,996
33416,468461464,71282,71282,464731727,71201,71201,444686976,66816,66816,0,0,0,3729737,81,81,1807382,31,31
33424,468534929,73465,73465,464803194,71467,71467,444758016,71040,71040,0,0,0,3731735,1998,1998,1807399,17,17
33432,468609934,75005,75005,464878083,74889,74889,444829312,71296,71296,0,0,0,3731851,116,116,1807422,23,23
33444,468686980,77046,77046,464954411,76328,76328,444904064,74752,74752,0,0,0,3732569,718,718,1808001,579,579
33452,468767484,80504,80504,465032801,78390,78390,444980224,76160,76160,0,0,0,3734683,2114,2114,1808141,140,140
33459,468849771,82287,82287,465113682,80881,80881,445058432,78208,78208,0,0,0,3736089,1406,1406,1808399,258,258
33471,468932908,83137,83137,465196416,82734,82734,445139072,80640,80640,0,0,0,3736492,403,403,1808624,225,225
33481,469027773,94865,94865,465290756,94340,94340,445221632,82560,82560,0,0,0,3737017,525,525,1808962,338,338
33491,469131365,103592,103592,465393650,102894,102894,445315840,94208,94208,0,0,0,3737715,698,698,1809468,506,506
33505,469245552,114187,114187,465506599,112949,112949,445418496,102656,102656,0,0,0,3738953,1238,1238,1810496,1028,1028
33512,469369505,123953,123953,465630451,123852,123852,445531264,112768,112768,0,0,0,3739054,101,101,1810536,40,40
33528,469498148,128643,128643,465756429,125978,125978,445654912,123648,123648,0,0,0,3741719,2665,2665,1812753,2217,2217
33538,469630197,132049,132049,465887534,131105,131105,445780736,125824,125824,0,0,0,3742663,944,944,1813592,839,839
33545,469770535,140338,140338,466027602,140068,140068,445911680,130944,130944,0,0,0,3742933,270,270,1813805,213,213
33553,469911139,140604,140604,466168071,140469,140469,446051584,139904,139904,0,0,0,3743068,135,135,1813825,20,20
33559,470060613,149474,149474,466316991,148920,148920,446191872,140288,140288,0,0,0,3743622,554,554,1814084,259,259
33567,470210401,149788,149788,466466524,149533,149533,446340608,148736,148736,0,0,0,3743877,255,255,1814260,176,176
33575,470363471,153070,153070,466619038,152514,152514,446489984,149376,149376,0,0,0,3744433,556,556,1814713,453,453
33583,470517842,154371,154371,466773282,154244,154244,446642304,152320,152320,0,0,0,3744560,127,127,1814750,37,37
33602,470679296,161454,161454,466931613,158331,158331,446796416,154112,154112,0,0,0,3747683,3123,3123,1817712,2962,2962
33615,470852622,173326,173326,467100975,169362,169362,446954624,158208,158208,0,0,0,3751647,3964,3964,1819396,1684,1684
33625,471028843,176221,176221,467274332,173357,173357,447123840,169216,169216,0,0,0,3754511,2864,2864,1820274,878,878
33632,471205888,177045,177045,467451260,176928,176928,447297024,173184,173184,0,0,0,3754628,117,117,1820338,64,64
33639,471384747,178859,178859,467628710,177450,177450,447473792,176768,176768,0,0,0,3756037,1409,1409,1820565,227,227
33651,471564282,179535,179535,467807825,179115,179115,447651072,177280,177280,0,0,0,3756457,420,420,1820803,238,238
33665,471757801,193519,193519,467995325,187500,187500,447830016,178944,178944,0,0,0,3762476,6019,6019,1822436,1633,1633
33672,471952347,194546,194546,468188928,193603,193603,448017280,187264,187264,0,0,0,3763419,943,943,1822939,503,503
33693,472151188,198841,198841,468383658,194730,194730,448210688,193408,193408,0,0,0,3767530,4111,4111,1827009,4070,4070
33705,472353448,202260,202260,468582882,199224,199224,448405248,194560,194560,0,0,0,3770566,3036,3036,1827865,856,856
33714,472565496,212048,212048,468793037,210155,210155,448604288,199040,199040,0,0,0,3772459,1893,1893,1828598,733,733
33724,472778586,213090,213090,469005264,212227,212227,448814208,209920,209920,0,0,0,3773322,863,863,1829390,792,792
33732,472995205,216619,216619,469221220,215956,215956,449026304,212096,212096,0,0,0,3773985,663,663,1829839,449,449
33745,473214390,219185,219185,469438708,217488,217488,449242112,215808,215808,0,0,0,3775682,1697,1697,1831470,1631,1631
33753,473437438,223048,223048,469658476,219768,219768,449459456,217344,217344,0,0,0,3778962,3280,3280,1831810,340,340
33762,473661570,224132,224132,469881617,223141,223141,449679104,219648,219648,0,0,0,3779953,991,991,1832751,941,941
33771,473887005,225435,225435,470106269,224652,224652,449902080,222976,222976,0,0,0,3780736,783,783,1833056,305,305
33780,474113340,226335,226335,470331803,225534,225534,450126592,224512,224512,0,0,0,3781537,801,801,1833807,751,751
33790,474343530,230190,230190,470558601,226798,226798,450352000,225408,225408,0,0,0,3784929,3392,3392,1834588,781,781
33796,474574715,231185,231185,470789190,230589,230589,450578560,226560,226560,0,0,0,3785525,596,596,1835104,516,516
33811,474807852,233137,233137,471021649,232459,232459,450808960,230400,230400,0,0,0,3786203,678,678,1835620,516,516
33822,475044196,236344,236344,471257707,236058,236058,451041280,232320,232320,0,0,0,3786489,286,286,1835769,149,149
33828,475044196,13893,0,471257707,0,0,451041280,0,0,0,0,0,3786489,0,0,1835769,0,0
33836,475065609,21413,21413,471278978,21271,21271,451053184,11904,11904,0,0,0,3786631,142,142,1835769,0,0
33848,475089763,24154,24154,471302873,23895,23895,451074304,21120,21120,0,0,0,3786890,259,259,1835813,44,44
33861,475123111,33348,33348,471335842,32969,32969,451097984,23680,23680,0,0,0,3787269,379,379,1835947,134,134
33870,475167175,44064,44064,471379746,43904,43904,451130752,32768,32768,0,0,0,3787429,160,160,1835976,29,29
33879,475220705,53530,53530,471431544,51798,51798,451174528,43776,43776,0,0,0,3789161,1732,1732,1836381,405,405
33886,475274881,54176,54176,471485100,53556,53556,451226112,51584,51584,0,0,0,3789781,620,620,1836474,93,93
33896,475329859,54978,54978,471539448,54348,54348,451279488,53376,53376,0,0,0,3790411,630,630,1836907,433,433
33905,475386515,56656,56656,471595951,56503,56503,451333632,54144,54144,0,0,0,3790564,153,153,1836932,25,25
33914,475449253,62738,62738,471658431,62480,62480,451389952,56320,56320,0,0,0,3790822,258,258,1837015,83,83
33923,475518147,68894,68894,471726981,68550,68550,451452288,62336,62336,0,0,0,3791166,344,344,1837246,231,231
33930,475590589,72442,72442,471798176,71195,71195,451520640,68352,68352,0,0,0,3792413,1247,1247,1837385,139,139
33938,475663686,73097,73097,471870645,72469,72469,451591680,71040,71040,0,0,0,3793041,628,628,1837435,50,50
33949,475738220,74534,74534,471943913,73268,73268,451664000,72320,72320,0,0,0,3794307,1266,1266,1838469,1034,1034
33958,475818455,80235,80235,472019049,75136,75136,451737088,73088,73088,0,0,0,3799406,5099,5099,1839464,995,995
33967,475899523,81068,81068,472099314,80265,80265,451812096,75008,75008,0,0,0,3800209,803,803,1839850,386,386
33980,475982066,82543,82543,472180519,81205,81205,451892224,80128,80128,0,0,0,3801547,1338,1338,1841049,1199,1199
33993,476068794,86728,86728,472265570,85051,85051,451973248,81024,81024,0,0,0,3803224,1677,1677,1842479,1430,1430
34000,476155753,86959,86959,472352438,86868,86868,452058112,84864,84864,0,0,0,3803315,91,91,1842549,70,70
34013,476243946,88193,88193,472439420,86982,86982,452144768,86656,86656,0,0,0,3804526,1211,1211,1843685,1136,1136
34019,476332192,88246,88246,472527637,88217,88217,452231552,86784,86784,0,0,0,3804555,29,29,1843693,8,8
34029,476421769,89577,89577,472615924,88287,88287,452319616,88064,88064,0,0,0,3805845,1290,1290,1844416,723,723
34038,476511576,89807,89807,472705632,89708,89708,452407680,88064,88064,0,0,0,3805944,99,99,1844441,25,25
34044,476601863,90287,90287,472795462,89830,89830,452497152,89472,89472,0,0,0,3806401,457,457,1844877,436,436
34053,476692296,90433,90433,472885793,90331,90331,452586752,89600,89600,0,0,0,3806503,102,102,1844896,19,19
34057,476782771,90475,90475,472976249,90456,90456,452676864,90112,90112,0,0,0,3806522,19,19,1844896,0,0
34062,476873306,90535,90535,473066765,90516,90516,452767104,90240,90240,0,0,0,3806541,19,19,1844896,0,0
34070,476963986,90680,90680,473157323,90558,90558,452857472,90368,90368,0,0,0,3806663,122,122,1844932,36,36
34077,477054788,90802,90802,473248060,90737,90737,452947840,90368,90368,0,0,0,3806728,65,65,1844956,24,24
34088,477146388,91600,91600,473339432,91372,91372,453038336,90496,90496,0,0,0,3806956,228,228,1844999,43,43
34096,477239823,93435,93435,473432751,93319,93319,453129472,91136,91136,0,0,0,3807072,116,116,1845027,28,28
34102,477334181,94358,94358,473526483,93732,93732,453222656,93184,93184,0,0,0,3807698,626,626,1845520,493,493
